{"credit":"Designed by Ramonaskye with BDcraft Cubik PRO 0.96 Beta - http://bdcraft.net","textures":{"texture":"pokemon_skins/regular/exeggutor/exeggutor","exeggutor_yellow":"pokemon_skins/regular/exeggutor/exeggutor_yellow","exeggutor_stripes":"pokemon_skins/regular/exeggutor/exeggutor_stripes","exeggutor_faces":"pokemon_skins/regular/exeggutor/exeggutor_faces"},"elements":[{"from":[3.6,0,7.6],"to":[6.4,1.6,12],"rotation":{"angle":-22.5,"axis":"y","origin":[3.6,0,7.6]},"faces":{"north":{"uv":[9.6,14.4,12.4,16],"texture":"#texture"},"east":{"uv":[4,14.4,8.4,16],"texture":"#texture"},"south":{"uv":[3.6,14.4,6.4,16],"texture":"#texture"},"west":{"uv":[7.6,14.4,12,16],"texture":"#texture"},"up":{"uv":[3.6,7.6,6.4,12],"texture":"#texture"},"down":{"uv":[12.4,12,9.6,7.6],"texture":"#texture"}}},{"from":[10,0,8.7],"to":[12.8,1.6,13.1],"rotation":{"angle":22.5,"axis":"y","origin":[10,0,8.7]},"faces":{"north":{"uv":[3.2,14.4,6,16],"texture":"#texture"},"east":{"uv":[2.9,14.4,7.3,16],"texture":"#texture"},"south":{"uv":[10,14.4,12.8,16],"texture":"#texture"},"west":{"uv":[8.7,14.4,13.1,16],"texture":"#texture"},"up":{"uv":[10,8.7,12.8,13.1],"texture":"#texture"},"down":{"uv":[6,13.1,3.2,8.7],"texture":"#texture"}}},{"from":[10,1.6,8.8],"to":[12.8,4,11.2],"rotation":{"angle":22.5,"axis":"y","origin":[10,1.6,8.8]},"faces":{"north":{"uv":[5.5,6,8.25,8.375],"texture":"#exeggutor_stripes"},"east":{"uv":[4.5,6,6.875,8.375],"texture":"#exeggutor_stripes"},"south":{"uv":[9.5,6,12.25,8.375],"texture":"#exeggutor_stripes"},"west":{"uv":[8,6,10.375,8.375],"texture":"#exeggutor_stripes"},"up":{"uv":[10,8.75,12.75,11.125],"texture":"#exeggutor_stripes"},"down":{"uv":[6,11.1875,3.25,8.8125],"texture":"#exeggutor_stripes"}}},{"from":[10,2.8,7.2],"to":[13.2,6,10],"rotation":{"angle":-22.5,"axis":"x","origin":[10,6,7.2]},"faces":{"north":{"uv":[2.8,10,6,13.2],"texture":"#texture"},"east":{"uv":[6,10,8.8,13.2],"texture":"#texture"},"south":{"uv":[10,10,13.2,13.2],"texture":"#texture"},"west":{"uv":[7.2,10,10,13.2],"texture":"#texture"},"up":{"uv":[10,7.2,13.2,10],"texture":"#texture"},"down":{"uv":[6,10,2.8,7.2],"texture":"#texture"}}},{"from":[3.6,1.6,7.6],"to":[6.4,4,10],"rotation":{"angle":-22.5,"axis":"y","origin":[3.6,1.6,7.6]},"faces":{"north":{"uv":[7,6,9.75,8.375],"texture":"#exeggutor_stripes"},"east":{"uv":[10,2,12.375,4.375],"texture":"#exeggutor_stripes"},"south":{"uv":[6.5,6,9.25,8.375],"texture":"#exeggutor_stripes"},"west":{"uv":[4,6,6.375,8.375],"texture":"#exeggutor_stripes"},"up":{"uv":[3.5625,7.5625,6.3125,9.9375],"texture":"#exeggutor_stripes"},"down":{"uv":[12.375,10,9.625,7.625],"texture":"#exeggutor_stripes"}}},{"from":[3.05,2.8,7.2],"to":[6.25,6,10],"rotation":{"angle":-22.5,"axis":"x","origin":[3.05,6,7.2]},"faces":{"north":{"uv":[9.75,10,12.95,13.2],"texture":"#texture"},"east":{"uv":[6,10,8.8,13.2],"texture":"#texture"},"south":{"uv":[3.05,10,6.25,13.2],"texture":"#texture"},"west":{"uv":[7.2,10,10,13.2],"texture":"#texture"},"up":{"uv":[3.05,7.2,6.25,10],"texture":"#texture"},"down":{"uv":[12.95,10,9.75,7.2],"texture":"#texture"}}},{"from":[4.4,4,5.6],"to":[11.6,6.4,11.6],"faces":{"north":{"uv":[4.4,9.6,11.6,12],"texture":"#texture"},"east":{"uv":[4.4,9.6,10.4,12],"texture":"#texture"},"south":{"uv":[4.4,9.6,11.6,12],"texture":"#texture"},"west":{"uv":[5.6,9.6,11.6,12],"texture":"#texture"},"up":{"uv":[4.4,5.6,11.6,11.6],"texture":"#texture"},"down":{"uv":[11.6,11.6,4.4,5.6],"texture":"#texture"}}},{"from":[3.5,6,4.75],"to":[12.25,10.75,12.5],"faces":{"north":{"uv":[3.5,2,12.5,8.5],"texture":"#exeggutor_stripes"},"east":{"uv":[4.5,2,12,8.5],"texture":"#exeggutor_stripes"},"south":{"uv":[3.5,2,12.5,8.5],"texture":"#exeggutor_stripes"},"west":{"uv":[4.5,2,12,8.5],"texture":"#exeggutor_stripes"},"up":{"uv":[5.5,8.4375,14.25,16],"texture":"#exeggutor_stripes"},"down":{"uv":[12.5,16,3.75,8.4375],"texture":"#exeggutor_stripes"}}},{"from":[4.375,10.25,5.75],"to":[11.575,12.75,11.75],"faces":{"north":{"uv":[4.425,3.25,11.625,5.75],"texture":"#texture"},"east":{"uv":[4.25,3.25,10.25,5.75],"texture":"#texture"},"south":{"uv":[4.375,3.25,11.575,5.75],"texture":"#texture"},"west":{"uv":[5.75,3.25,11.75,5.75],"texture":"#texture"},"up":{"uv":[4.375,5.75,11.575,11.75],"texture":"#texture"},"down":{"uv":[11.625,11.75,4.425,5.75],"texture":"#texture"}}},{"from":[6.25,12,11],"to":[9.75,16,14.75],"faces":{"north":{"uv":[6.25,0,9.75,4],"texture":"#exeggutor_yellow"},"east":{"uv":[1.25,0,5,4],"texture":"#exeggutor_yellow"},"south":{"uv":[6.25,0,9.75,4],"texture":"#exeggutor_yellow"},"west":{"uv":[11,0,14.75,4],"texture":"#exeggutor_yellow"},"up":{"uv":[6.25,11,9.75,14.75],"texture":"#exeggutor_yellow"},"down":{"uv":[9.75,14.75,6.25,11],"texture":"#exeggutor_yellow"}}},{"from":[1.60669,17.9375,5],"to":[7.20669,18,13.3125],"rotation":{"angle":-45,"axis":"z","origin":[1.60669,18,5]},"faces":{"up":{"uv":[7,2.5,10.5,5],"rotation":90,"texture":"#exeggutor_faces"},"down":{"uv":[10.5,2.5,7,5],"rotation":90,"texture":"#exeggutor_faces"}}},{"from":[10,14.0375,5],"to":[15.6,14.1,12.25],"rotation":{"angle":45,"axis":"z","origin":[10,14.1,5]},"faces":{"up":{"uv":[7,2.5,10.5,5],"rotation":90,"texture":"#exeggutor_faces"},"down":{"uv":[10.5,2.5,7,5],"rotation":90,"texture":"#exeggutor_faces"}}},{"from":[14,18,4.5],"to":[20.25,18.0625,12.5],"faces":{"up":{"uv":[7,0.5,10.5,3],"rotation":90,"texture":"#exeggutor_faces"},"down":{"uv":[10.5,0.5,7,3],"rotation":90,"texture":"#exeggutor_faces"}}},{"from":[-4,17.9375,6],"to":[1.5,18,13],"faces":{"up":{"uv":[7,3,10.5,0.5],"rotation":90,"texture":"#exeggutor_faces"},"down":{"uv":[10.5,3,7,0.5],"rotation":90,"texture":"#exeggutor_faces"}}},{"from":[3,18.8125,2.85669],"to":[13,18.875,7.65669],"rotation":{"angle":45,"axis":"x","origin":[3,18.875,2.85669]},"faces":{"up":{"uv":[7,2.5,10.5,5],"texture":"#exeggutor_faces"},"down":{"uv":[7,5,10.5,2.5],"texture":"#exeggutor_faces"}}},{"from":[3,18.8125,-3],"to":[13,18.875,3],"faces":{"up":{"uv":[7,0.5,10.5,2.5],"texture":"#exeggutor_faces"},"down":{"uv":[7,2.5,10.5,0.5],"texture":"#exeggutor_faces"}}},{"from":[3,15.4375,11],"to":[13,15.5,15.8],"rotation":{"angle":-45,"axis":"x","origin":[3,15.5,11]},"faces":{"up":{"uv":[7,2.5,10.5,5],"texture":"#exeggutor_faces"},"down":{"uv":[7,5,10.5,2.5],"texture":"#exeggutor_faces"}}},{"from":[3.75,18.875,14.375],"to":[13.5,18.9375,20.375],"faces":{"up":{"uv":[7,3,10.5,0.5],"texture":"#exeggutor_faces"},"down":{"uv":[7,0.5,10.5,3],"texture":"#exeggutor_faces"}}},{"from":[6.5,12.25,14.75],"to":[9.25,15.5,14.8125],"faces":{"south":{"uv":[0.5,0,4.5,4],"texture":"#exeggutor_faces"}}},{"from":[10.4375,12,14],"to":[13.4375,16,14.0625],"rotation":{"angle":22.5,"axis":"y","origin":[10.4375,12,14]},"faces":{"south":{"uv":[0.5,3.5,4.5,7.5],"texture":"#exeggutor_faces"}}},{"from":[2.75,12.25,12.88],"to":[5.75,15.5,12.9425],"rotation":{"angle":-22.5,"axis":"y","origin":[2.75,12.25,12.88]},"faces":{"south":{"uv":[0.5,7.5,4.5,11.5],"texture":"#exeggutor_faces"}}},{"from":[2,0,11.5],"to":[3,1,13],"rotation":{"angle":-22.5,"axis":"y","origin":[2,0,11.5]},"faces":{"north":{"uv":[5.75,6.25,6.75,7.375],"texture":"#exeggutor_faces"},"east":{"uv":[5.75,6.25,6.75,7.375],"texture":"#exeggutor_faces"},"south":{"uv":[5.75,6.25,6.75,7.375],"texture":"#exeggutor_faces"},"west":{"uv":[5.75,6.25,6.75,7.375],"texture":"#exeggutor_faces"},"up":{"uv":[5.75,6.25,6.75,7.375],"texture":"#exeggutor_faces"},"down":{"uv":[5.75,6.25,6.75,7.375],"texture":"#exeggutor_faces"}}},{"from":[3.5,0,12],"to":[4.5,1,13.5],"rotation":{"angle":-22.5,"axis":"y","origin":[3.5,0,12]},"faces":{"north":{"uv":[5.75,6.25,6.75,7.375],"texture":"#exeggutor_faces"},"east":{"uv":[5.75,6.25,6.75,7.375],"texture":"#exeggutor_faces"},"south":{"uv":[5.75,6.25,6.75,7.375],"texture":"#exeggutor_faces"},"west":{"uv":[5.75,6.25,6.75,7.375],"texture":"#exeggutor_faces"},"up":{"uv":[5.75,6.25,6.75,7.375],"texture":"#exeggutor_faces"},"down":{"uv":[5.75,6.25,6.75,7.375],"texture":"#exeggutor_faces"}}},{"from":[13.125,0,11.875],"to":[14.125,1,13.375],"rotation":{"angle":22.5,"axis":"y","origin":[13.125,0,11.875]},"faces":{"north":{"uv":[5.75,6.25,6.75,7.375],"texture":"#exeggutor_faces"},"east":{"uv":[5.75,6.25,6.75,7.375],"texture":"#exeggutor_faces"},"south":{"uv":[5.75,6.25,6.75,7.375],"texture":"#exeggutor_faces"},"west":{"uv":[5.75,6.25,6.75,7.375],"texture":"#exeggutor_faces"},"up":{"uv":[5.75,6.25,6.75,7.375],"texture":"#exeggutor_faces"},"down":{"uv":[5.75,6.25,6.75,7.375],"texture":"#exeggutor_faces"}}},{"from":[11.75,0,12.5],"to":[12.75,1,14],"rotation":{"angle":22.5,"axis":"y","origin":[11.75,0,12.5]},"faces":{"north":{"uv":[5.75,6.25,6.75,7.375],"texture":"#exeggutor_faces"},"east":{"uv":[5.75,6.25,6.75,7.375],"texture":"#exeggutor_faces"},"south":{"uv":[5.75,6.25,6.75,7.375],"texture":"#exeggutor_faces"},"west":{"uv":[5.75,6.25,6.75,7.375],"texture":"#exeggutor_faces"},"up":{"uv":[5.75,6.25,6.75,7.375],"texture":"#exeggutor_faces"},"down":{"uv":[5.75,6.25,6.75,7.375],"texture":"#exeggutor_faces"}}},{"from":[6.5,16,11.25],"to":[9.5,16.5,14.5],"faces":{"north":{"uv":[6,7,8,8],"texture":"#exeggutor_yellow"},"east":{"uv":[6,7,8,8],"texture":"#exeggutor_yellow"},"south":{"uv":[6,7,8,8],"texture":"#exeggutor_yellow"},"west":{"uv":[6,7,8,8],"texture":"#exeggutor_yellow"},"up":{"uv":[6.5,11.25,9.5,14.5],"texture":"#exeggutor_yellow"},"down":{"uv":[9.5,14.5,6.5,11.25],"texture":"#exeggutor_yellow"}}},{"from":[6.5,11.5,11.25],"to":[9.5,12,14.5],"faces":{"north":{"uv":[6,7,8,8],"texture":"#exeggutor_yellow"},"east":{"uv":[6,7,8,8],"texture":"#exeggutor_yellow"},"south":{"uv":[6,7,8,8],"texture":"#exeggutor_yellow"},"west":{"uv":[6,7,8,8],"texture":"#exeggutor_yellow"},"up":{"uv":[6.5,11.25,9.5,14.5],"texture":"#exeggutor_yellow"},"down":{"uv":[9.5,14.5,6.5,11.25],"texture":"#exeggutor_yellow"}}},{"from":[3.9375,12,9.375],"to":[7.4375,16,13.125],"rotation":{"angle":-22.5,"axis":"y","origin":[3.9375,12,9.375]},"faces":{"north":{"uv":[11.75,0,15.25,4],"texture":"#exeggutor_yellow"},"east":{"uv":[0,0,3.75,4],"texture":"#exeggutor_yellow"},"south":{"uv":[0.75,0,4.25,4],"texture":"#exeggutor_yellow"},"west":{"uv":[12.25,0,16,4],"texture":"#exeggutor_yellow"},"up":{"uv":[0.75,12.25,4.25,16],"texture":"#exeggutor_yellow"},"down":{"uv":[15.25,16,11.75,12.25],"texture":"#exeggutor_yellow"}}},{"from":[8.8125,12,10.625],"to":[12.3125,16,14.375],"rotation":{"angle":22.5,"axis":"y","origin":[8.8125,12,10.625]},"faces":{"north":{"uv":[11.75,0,15.25,4],"texture":"#exeggutor_yellow"},"east":{"uv":[0,0,3.75,4],"texture":"#exeggutor_yellow"},"south":{"uv":[0.75,0,4.25,4],"texture":"#exeggutor_yellow"},"west":{"uv":[12.25,0,16,4],"texture":"#exeggutor_yellow"},"up":{"uv":[0.75,12.25,4.25,16],"texture":"#exeggutor_yellow"},"down":{"uv":[15.25,16,11.75,12.25],"texture":"#exeggutor_yellow"}}},{"from":[9.125,16,10.75],"to":[12.125,16.5,14],"rotation":{"angle":22.5,"axis":"y","origin":[9.125,16,10.75]},"faces":{"north":{"uv":[6,4,8,5],"texture":"#exeggutor_yellow"},"east":{"uv":[6,4,8,5],"texture":"#exeggutor_yellow"},"south":{"uv":[6,4,8,5],"texture":"#exeggutor_yellow"},"west":{"uv":[6,4,8,5],"texture":"#exeggutor_yellow"},"up":{"uv":[6,4,8,5],"texture":"#exeggutor_yellow"},"down":{"uv":[6,4,8,5],"texture":"#exeggutor_yellow"}}},{"from":[4.0625,16,9.6875],"to":[7.0625,16.5,12.9375],"rotation":{"angle":-22.5,"axis":"y","origin":[4.0625,16,9.6875]},"faces":{"north":{"uv":[12,0,14,1],"texture":"#exeggutor_yellow"},"east":{"uv":[12,0,14,1],"texture":"#exeggutor_yellow"},"south":{"uv":[12,0,14,1],"texture":"#exeggutor_yellow"},"west":{"uv":[12,0,14,1],"texture":"#exeggutor_yellow"},"up":{"uv":[14.75,9.75,16,13],"texture":"#exeggutor_yellow"},"down":{"uv":[1.25,13,0,9.75],"texture":"#exeggutor_yellow"}}},{"from":[9.125,11.5,10.6875],"to":[12.125,12,13.9375],"rotation":{"angle":22.5,"axis":"y","origin":[9.125,11.5,10.6875]},"faces":{"north":{"uv":[6,4,8,5],"texture":"#exeggutor_yellow"},"east":{"uv":[6,4,8,5],"texture":"#exeggutor_yellow"},"south":{"uv":[6,4,8,5],"texture":"#exeggutor_yellow"},"west":{"uv":[6,4,8,5],"texture":"#exeggutor_yellow"},"up":{"uv":[14.75,9.75,16,13],"texture":"#exeggutor_yellow"},"down":{"uv":[1.25,13,0,9.75],"texture":"#exeggutor_yellow"}}},{"from":[4,11.5,9.6875],"to":[7,12,12.9375],"rotation":{"angle":-22.5,"axis":"y","origin":[4,11.5,9.6875]},"faces":{"north":{"uv":[12,0,14,1],"texture":"#exeggutor_yellow"},"east":{"uv":[12,0,14,1],"texture":"#exeggutor_yellow"},"south":{"uv":[12,0,14,1],"texture":"#exeggutor_yellow"},"west":{"uv":[12,0,14,1],"texture":"#exeggutor_yellow"},"up":{"uv":[14.75,9.75,16,13],"texture":"#exeggutor_yellow"},"down":{"uv":[1.25,13,0,9.75],"texture":"#exeggutor_yellow"}}},{"from":[9.5,15,6.25],"to":[11.25,21.5,6.3125],"rotation":{"angle":-45,"axis":"y","origin":[9.5,15,6.25]},"faces":{"north":{"uv":[7.25,0,8.25,5.25],"texture":"#exeggutor_faces"},"south":{"uv":[8.25,0,7.25,5.25],"texture":"#exeggutor_faces"}}},{"from":[4,15,7.42494],"to":[5.75,21.5,7.48744],"rotation":{"angle":45,"axis":"y","origin":[4,15,7.42494]},"faces":{"north":{"uv":[9.25,0,8.25,5.25],"texture":"#exeggutor_faces"},"south":{"uv":[8.25,0,9.25,5.25],"texture":"#exeggutor_faces"}}},{"from":[5.75,15,6.5],"to":[7.5,21.5,6.5625],"faces":{"north":{"uv":[8.25,0,7.25,5.25],"texture":"#exeggutor_faces"},"south":{"uv":[7.25,0,8.25,5.25],"texture":"#exeggutor_faces"}}},{"from":[8,15,6],"to":[9.75,21.5,6.0625],"faces":{"north":{"uv":[9.25,0,8.25,5.25],"texture":"#exeggutor_faces"},"south":{"uv":[8.25,0,9.25,5.25],"texture":"#exeggutor_faces"}}},{"from":[6,15,10.75],"to":[7.75,21.5,10.8125],"faces":{"north":{"uv":[8.25,0,7.25,5.25],"texture":"#exeggutor_faces"},"south":{"uv":[7.25,0,8.25,5.25],"texture":"#exeggutor_faces"}}},{"from":[8.25,15,10.5],"to":[10,21.5,10.5625],"rotation":{"angle":22.5,"axis":"y","origin":[8.25,15,10.5]},"faces":{"north":{"uv":[9.25,0,8.25,5.25],"texture":"#exeggutor_faces"},"south":{"uv":[8.25,0,9.25,5.25],"texture":"#exeggutor_faces"}}},{"from":[4,15,9.25],"to":[5.75,21.5,9.3125],"rotation":{"angle":-22.5,"axis":"y","origin":[4,15,9.25]},"faces":{"north":{"uv":[9.25,0,8.25,5.25],"texture":"#exeggutor_faces"},"south":{"uv":[8.25,0,9.25,5.25],"texture":"#exeggutor_faces"}}},{"from":[9.5,15,9],"to":[11.25,21.5,9.0625],"rotation":{"angle":22.5,"axis":"y","origin":[9.5,15,9]},"faces":{"north":{"uv":[8.25,0,7.25,5.25],"texture":"#exeggutor_faces"},"south":{"uv":[7.25,0,8.25,5.25],"texture":"#exeggutor_faces"}}},{"from":[5,12.6875,6.25],"to":[11.25,15.875,11],"faces":{"north":{"uv":[4.75,0.125,11,3.3125],"texture":"#texture"},"east":{"uv":[5,0.125,9.75,3.3125],"texture":"#texture"},"south":{"uv":[5,0.125,11.25,3.3125],"texture":"#texture"},"west":{"uv":[6.25,0.125,11,3.3125],"texture":"#texture"},"up":{"uv":[5,6.25,11.25,11],"texture":"#texture"},"down":{"uv":[11,11,4.75,6.25],"texture":"#texture"}}}],"display":{"thirdperson_righthand":{"scale":[0,0,0]},"thirdperson_lefthand":{"scale":[0,0,0]},"firstperson_righthand":{"scale":[0,0,0]},"firstperson_lefthand":{"scale":[0,0,0]},"gui":{"rotation":[30,-50,0],"translation":[0.5,-1,0],"scale":[0.6,0.6,0.6]},"head":{"rotation":[0,180,0],"translation":[0,-15,5],"scale":[3.3,3.5,3.3]}}}