{"__comment":"Designed by Samasaurus6 with BDcraft Cubik PRO 0.95 Beta - http://bdcraft.net","textures":{"koffing1":"pokemon_skins/regular/koffing/koffing1","koffing2":"pokemon_skins/regular/koffing/koffing_logo"},"elements":[{"from":[4,4,4],"to":[12,12,12],"faces":{"down":{"uv":[4,0,11.5,4],"texture":"#koffing1"},"up":{"uv":[4,0,11.5,4],"texture":"#koffing1"},"north":{"uv":[3,0,11,4],"texture":"#koffing1"},"south":{"uv":[3,0,11,4],"texture":"#koffing1"},"west":{"uv":[2.5,0,10,4.5],"texture":"#koffing1"},"east":{"uv":[2.5,0,10,4.5],"texture":"#koffing1"}}},{"from":[4.5,5,3.5],"to":[11.5,11.5,12.5],"faces":{"down":{"uv":[4,0,11.5,4],"texture":"#koffing1"},"up":{"uv":[4,0,11.5,4],"texture":"#koffing1"},"north":{"uv":[3,0,11,4],"texture":"#koffing1"},"south":{"uv":[3,0,11,4],"texture":"#koffing1"},"west":{"uv":[2.5,0,10,4.5],"texture":"#koffing1"},"east":{"uv":[2.5,0,10,4.5],"texture":"#koffing1"}}},{"from":[3.5,4.5,4.5],"to":[12.5,11.5,11.5],"faces":{"down":{"uv":[4,0,11.5,4],"texture":"#koffing1"},"up":{"uv":[4,0,11.5,4],"texture":"#koffing1"},"north":{"uv":[3,0,11,4],"texture":"#koffing1"},"south":{"uv":[3,0,11,4],"texture":"#koffing1"},"west":{"uv":[2.5,0,10,4.5],"texture":"#koffing1"},"east":{"uv":[2.5,0,10,4.5],"texture":"#koffing1"}}},{"from":[4.5,3.5,4.5],"to":[11.5,12.5,11.5],"faces":{"down":{"uv":[4,0,11.5,4],"texture":"#koffing1"},"up":{"uv":[4,0,11.5,4],"texture":"#koffing1"},"north":{"uv":[3,0,11,4],"texture":"#koffing1"},"south":{"uv":[3,0,11,4],"texture":"#koffing1"},"west":{"uv":[2.5,0,10,4.5],"texture":"#koffing1"},"east":{"uv":[2.5,0,10,4.5],"texture":"#koffing1"}}},{"from":[3.4375,7.6875,5],"to":[3.5,9.1875,11],"faces":{"west":{"uv":[0.5,11.5,15,15.5],"texture":"#koffing1"},"east":{"uv":[7,9,12.5,11],"texture":"#koffing1"}}},{"from":[3.4375,9.5,5.5],"to":[3.5,10.5,7.5],"faces":{"west":{"uv":[6.5,8.5,1,11],"texture":"#koffing1"},"east":{"uv":[9,9,12.5,11.5],"texture":"#koffing1"}}},{"from":[3.4375,9.5,8.5],"to":[3.5,10.5,10.5],"faces":{"west":{"uv":[1,8.5,6.5,11],"texture":"#koffing1"},"east":{"uv":[7.5,8.5,11,11],"texture":"#koffing1"}}},{"from":[3.4375,4.625,6.3125],"to":[3.5,7,9.9375],"faces":{"west":{"uv":[2.5,3,12.5,15],"texture":"#koffing2"},"east":{"uv":[11.5,4,15,6.5],"texture":"#koffing2"}}},{"from":[7,12.5,7],"to":[9,13.5,9],"faces":{"down":{"uv":[4,0,11.5,4],"texture":"#koffing1"},"up":{"uv":[14,0,16,2],"texture":"#koffing1"},"north":{"uv":[3,0,11,4],"texture":"#koffing1"},"south":{"uv":[3,0,11,4],"texture":"#koffing1"},"west":{"uv":[3.5,0,11,4.5],"texture":"#koffing1"},"east":{"uv":[2.5,0,10,4.5],"texture":"#koffing1"}}},{"from":[7,2.5,7],"to":[9,3.5,9],"faces":{"down":{"uv":[14,0,16,2],"texture":"#koffing1"},"up":{"uv":[2.5,0,9.5,4.5],"texture":"#koffing1"},"north":{"uv":[3,0,11,4],"texture":"#koffing1"},"south":{"uv":[3,0,11,4],"texture":"#koffing1"},"west":{"uv":[3.5,0,11,4.5],"texture":"#koffing1"},"east":{"uv":[2.5,0,10,4.5],"texture":"#koffing1"}}},{"from":[5,12,11.5],"to":[7,13,13.5],"rotation":{"origin":[5,13,11.5],"axis":"x","angle":45},"faces":{"down":{"uv":[4,0,11.5,4],"texture":"#koffing1"},"up":{"uv":[14,0,16,2],"texture":"#koffing1"},"north":{"uv":[3,0,11,4],"texture":"#koffing1"},"south":{"uv":[3,0,11,4],"texture":"#koffing1"},"west":{"uv":[3.5,0,11,4.5],"texture":"#koffing1"},"east":{"uv":[2.5,0,10,4.5],"texture":"#koffing1"}}},{"from":[9,4.3125,3.625],"to":[11,5.3125,5.625],"rotation":{"origin":[9,5.3125,3.625],"axis":"x","angle":45},"faces":{"down":{"uv":[14,0,16,2],"texture":"#koffing1"},"up":{"uv":[4.5,0,12.5,4.5],"texture":"#koffing1"},"north":{"uv":[3,0,11,4],"texture":"#koffing1"},"south":{"uv":[3,0,11,4],"texture":"#koffing1"},"west":{"uv":[3.5,0,11,4.5],"texture":"#koffing1"},"east":{"uv":[2.5,0,10,4.5],"texture":"#koffing1"}}},{"from":[8.5,8.5,12.5],"to":[10.5,10.5,13.5],"faces":{"down":{"uv":[4,0,11.5,4],"texture":"#koffing1"},"up":{"uv":[4,0,13.5,4.5],"texture":"#koffing1"},"north":{"uv":[3,0,11,4],"texture":"#koffing1"},"south":{"uv":[14,0,16,2],"texture":"#koffing1"},"west":{"uv":[3.5,0,11,4.5],"texture":"#koffing1"},"east":{"uv":[2.5,0,10,4.5],"texture":"#koffing1"}}},{"from":[6,5,12.5],"to":[8,7,13.5],"faces":{"down":{"uv":[4,0,11.5,4],"texture":"#koffing1"},"up":{"uv":[4,0,13.5,4.5],"texture":"#koffing1"},"north":{"uv":[3,0,11,4],"texture":"#koffing1"},"south":{"uv":[14,0,16,2],"texture":"#koffing1"},"west":{"uv":[3.5,0,11,4.5],"texture":"#koffing1"},"east":{"uv":[2.5,0,10,4.5],"texture":"#koffing1"}}},{"from":[6,8.5,2.5],"to":[8,10.5,3.5],"faces":{"down":{"uv":[4,0,11.5,4],"texture":"#koffing1"},"up":{"uv":[4,0,13.5,4.5],"texture":"#koffing1"},"north":{"uv":[14,0,16,2],"texture":"#koffing1"},"south":{"uv":[3,0,12.5,4],"texture":"#koffing1"},"west":{"uv":[3.5,0,11,4.5],"texture":"#koffing1"},"east":{"uv":[2.5,0,10,4.5],"texture":"#koffing1"}}},{"from":[2.75,5.9375,4.625],"to":[3.625,7.4375,6.125],"faces":{"down":{"uv":[4,0,11.5,4],"texture":"#koffing1"},"up":{"uv":[4,0,13.5,4.5],"texture":"#koffing1"},"north":{"uv":[3,0,11,4.5],"texture":"#koffing1"},"south":{"uv":[3,0,12.5,4],"texture":"#koffing1"},"west":{"uv":[14,0,16,2],"texture":"#koffing1"},"east":{"uv":[2.5,0,10.5,4.5],"texture":"#koffing1"}}},{"from":[12.5,7.5,7.5],"to":[13.375,9,9],"faces":{"down":{"uv":[4,0,11.5,4],"texture":"#koffing1"},"up":{"uv":[4,0,13.5,4.5],"texture":"#koffing1"},"north":{"uv":[3,0,11,4.5],"texture":"#koffing1"},"south":{"uv":[3,0,12.5,4],"texture":"#koffing1"},"west":{"uv":[3,0,10.5,4.5],"texture":"#koffing1"},"east":{"uv":[14,0,16,2],"texture":"#koffing1"}}},{"from":[5.75,11.25,13.8125],"to":[6.25,14.25,14.3125],"rotation":{"origin":[5.75,14.25,13.8125],"axis":"x","angle":45},"faces":{"down":{"uv":[6.5,5,12,7.5],"texture":"#koffing1"},"up":{"uv":[6.5,5,12,7.5],"texture":"#koffing1"},"north":{"uv":[2.5,4.5,8.5,8],"texture":"#koffing1"},"south":{"uv":[2.5,4.5,8.5,8],"texture":"#koffing1"},"west":{"uv":[2.5,4.5,6.5,8],"texture":"#koffing1"},"east":{"uv":[2.5,4.5,6.5,8],"texture":"#koffing1"}}},{"from":[5.625,13.0625,14.4375],"to":[6.625,15.5625,15.9375],"rotation":{"origin":[5.625,15.5625,14.4375],"axis":"x","angle":45},"faces":{"down":{"uv":[6.5,5,12,7.5],"texture":"#koffing1"},"up":{"uv":[6.5,5,12,7.5],"texture":"#koffing1"},"north":{"uv":[2.5,4.5,8.5,8],"texture":"#koffing1"},"south":{"uv":[2.5,4.5,8.5,8],"texture":"#koffing1"},"west":{"uv":[2.5,4.5,6.5,8],"texture":"#koffing1"},"east":{"uv":[2.5,4.5,6.5,8],"texture":"#koffing1"}}},{"from":[4.5,15.5625,14.3125],"to":[7,18.0625,18.5625],"rotation":{"origin":[4.5,18.0625,14.3125],"axis":"x","angle":45},"faces":{"down":{"uv":[6.5,5,12,7.5],"texture":"#koffing1"},"up":{"uv":[6.5,5,12,7.5],"texture":"#koffing1"},"north":{"uv":[2.5,4.5,8.5,8],"texture":"#koffing1"},"south":{"uv":[2.5,4.5,8.5,8],"texture":"#koffing1"},"west":{"uv":[2.5,4.5,6.5,8],"texture":"#koffing1"},"east":{"uv":[2.5,4.5,6.5,8],"texture":"#koffing1"}}},{"from":[4,14.5625,14.9375],"to":[8,18.0625,18.4375],"rotation":{"origin":[4,18.0625,14.9375],"axis":"x","angle":45},"faces":{"down":{"uv":[6.5,5,12,7.5],"texture":"#koffing1"},"up":{"uv":[6.5,5,12,7.5],"texture":"#koffing1"},"north":{"uv":[2.5,4.5,8.5,8],"texture":"#koffing1"},"south":{"uv":[2.5,4.5,8.5,8],"texture":"#koffing1"},"west":{"uv":[2.5,4.5,6.5,8],"texture":"#koffing1"},"east":{"uv":[2.5,4.5,6.5,8],"texture":"#koffing1"}}},{"from":[6.625,9.3125,0.6875],"to":[7.125,9.8125,3.1875],"faces":{"down":{"uv":[6.5,5,12,7.5],"texture":"#koffing1"},"up":{"uv":[6.5,5,12,7.5],"texture":"#koffing1"},"north":{"uv":[2.5,4.5,8.5,8],"texture":"#koffing1"},"south":{"uv":[2.5,4.5,8.5,8],"texture":"#koffing1"},"west":{"uv":[2.5,4.5,6.5,8],"texture":"#koffing1"},"east":{"uv":[2.5,4.5,6.5,8],"texture":"#koffing1"}}},{"from":[6.375,9,0],"to":[7.375,10.5,2],"faces":{"down":{"uv":[6.5,5,12,7.5],"texture":"#koffing1"},"up":{"uv":[6.5,5,12,7.5],"texture":"#koffing1"},"north":{"uv":[2.5,4.5,8.5,8],"texture":"#koffing1"},"south":{"uv":[2.5,4.5,8.5,8],"texture":"#koffing1"},"west":{"uv":[2.5,4.5,6.5,8],"texture":"#koffing1"},"east":{"uv":[2.5,4.5,6.5,8],"texture":"#koffing1"}}},{"from":[5.5,8.5625,-2.5],"to":[8,11.5,1],"faces":{"down":{"uv":[6.5,5,12,7.5],"texture":"#koffing1"},"up":{"uv":[6.5,5,12,7.5],"texture":"#koffing1"},"north":{"uv":[2.5,4.5,8.5,8],"texture":"#koffing1"},"south":{"uv":[2.5,4.5,8.5,8],"texture":"#koffing1"},"west":{"uv":[2.5,4.5,6.5,8],"texture":"#koffing1"},"east":{"uv":[2.5,4.5,6.5,8],"texture":"#koffing1"}}},{"from":[6,8,-2],"to":[7.5,12,0.5],"faces":{"down":{"uv":[6.5,5,12,7.5],"texture":"#koffing1"},"up":{"uv":[6.5,5,12,7.5],"texture":"#koffing1"},"north":{"uv":[2.5,4.5,8.5,8],"texture":"#koffing1"},"south":{"uv":[2.5,4.5,8.5,8],"texture":"#koffing1"},"west":{"uv":[2.5,4.5,6.5,8],"texture":"#koffing1"},"east":{"uv":[2.5,4.5,6.5,8],"texture":"#koffing1"}}},{"from":[6.625,5.75,12.375],"to":[7.125,6.25,14.875],"faces":{"down":{"uv":[6.5,5,12,7.5],"texture":"#koffing1"},"up":{"uv":[6.5,5,12,7.5],"texture":"#koffing1"},"north":{"uv":[2.5,4.5,8.5,8],"texture":"#koffing1"},"south":{"uv":[2.5,4.5,8.5,8],"texture":"#koffing1"},"west":{"uv":[2.5,4.5,6.5,8],"texture":"#koffing1"},"east":{"uv":[2.5,4.5,6.5,8],"texture":"#koffing1"}}},{"from":[5.5,5.375,14],"to":[7.8125,6.75,16.5],"faces":{"down":{"uv":[6.5,5,12,7.5],"texture":"#koffing1"},"up":{"uv":[6.5,5,12,7.5],"texture":"#koffing1"},"north":{"uv":[2.5,4.5,8.5,8],"texture":"#koffing1"},"south":{"uv":[2.5,4.5,8.5,8],"texture":"#koffing1"},"west":{"uv":[2.5,4.5,6.5,8],"texture":"#koffing1"},"east":{"uv":[2.5,4.5,6.5,8],"texture":"#koffing1"}}},{"from":[6,4.9375,14.25],"to":[7.5,7.1875,16.375],"faces":{"down":{"uv":[6.5,5,12,7.5],"texture":"#koffing1"},"up":{"uv":[6.5,5,12,7.5],"texture":"#koffing1"},"north":{"uv":[2.5,4.5,8.5,8],"texture":"#koffing1"},"south":{"uv":[2.5,4.5,8.5,8],"texture":"#koffing1"},"west":{"uv":[2.5,4.5,6.5,8],"texture":"#koffing1"},"east":{"uv":[2.5,4.5,6.5,8],"texture":"#koffing1"}}}],"display":{"head":{"rotation":[0,-90,0],"translation":[0,-12.09,0],"scale":[2,2,2]},"gui":{"rotation":[30,50,0],"translation":[1,-0.5,0],"scale":[0.9,0.9,0.9]},"thirdperson_righthand":{"scale":[0,0,0]},"thirdperson_lefthand":{"scale":[0,0,0]},"firstperson_righthand":{"scale":[0,0,0]},"firstperson_lefthand":{"scale":[0,0,0]}}}