{"__comment":"Designed by Samasaurus6 with BDcraft Cubik PRO 0.96 Beta - http://bdcraft.net","textures":{"seaking":"pokemon_skins/regular/seaking/seaking","seaking2":"pokemon_skins/regular/seaking/seaking2","seaking3":"pokemon_skins/regular/seaking/seaking3","seaking4":"pokemon_skins/regular/seaking/seaking4","seaking5":"pokemon_skins/regular/seaking/seaking5","seaking6":"pokemon_skins/regular/seaking/seaking6","seakingeye":"pokemon_skins/regular/seaking/seakingeye","seakingfin":"pokemon_skins/regular/seaking/seakingfin","seaking_mouth":"pokemon_skins/regular/seaking/seaking_mouth","seaking_tooth":"pokemon_skins/regular/seaking/seaking_tooth","seakingfin2":"pokemon_skins/regular/seaking/seakingfin2","seakingfin3":"pokemon_skins/regular/seaking/seakingfin3"},"elements":[{"from":[6.9375,2.75,6.9375],"to":[10.5625,7.4375,10.125],"faces":{"down":{"uv":[9.0625,10.125,5.4375,6.9375],"texture":"#seaking4"},"up":{"uv":[6.9375,6.9375,10.5625,10.125],"texture":"#seaking4"},"north":{"uv":[5.4375,8.5625,9.0625,13.25],"texture":"#seaking4"},"south":{"uv":[6.9375,8.5625,10.5625,13.25],"texture":"#seaking4"},"west":{"uv":[6.9375,8.5625,10.125,13.25],"texture":"#seaking4"},"east":{"uv":[5.875,8.5625,9.0625,13.25],"texture":"#seaking4"}}},{"from":[5,3.5,7],"to":[6.5,7.5,10.0625],"faces":{"down":{"uv":[10,10,9,7],"texture":"#seaking3"},"up":{"uv":[6,7,7,10],"texture":"#seaking3"},"north":{"uv":[9,10,10,13],"texture":"#seaking3"},"south":{"uv":[6,10,7,13],"texture":"#seaking3"},"west":{"uv":[7,10,10,13],"texture":"#seaking3"},"east":{"uv":[6,10,9,13],"texture":"#seaking3"}}},{"from":[6,3.5,6.90189],"to":[9.5,7.5,7.40189],"rotation":{"origin":[6,3.5,6.90189],"axis":"y","angle":22.5},"faces":{"down":{"uv":[10,10,9,7],"texture":"#seaking3"},"up":{"uv":[6,7,7,10],"texture":"#seaking2"},"north":{"uv":[9,10,10,13],"texture":"#seaking3"},"south":{"uv":[6,10,7,13],"texture":"#seaking3"},"west":{"uv":[7,10,10,13],"texture":"#seaking3"},"east":{"uv":[6,10,9,13],"texture":"#seaking3"}}},{"from":[6.06634,3.5,9.625],"to":[9.56634,7.5,10.125],"rotation":{"origin":[6.06634,3.5,9.625],"axis":"y","angle":-22.5},"faces":{"down":{"uv":[10,10,9,7],"texture":"#seaking3"},"up":{"uv":[6,7,7,10],"texture":"#seaking2"},"north":{"uv":[9,10,10,13],"texture":"#seaking3"},"south":{"uv":[0,0,16,15],"texture":"#seaking3"},"west":{"uv":[7,10,10,13],"texture":"#seaking3"},"east":{"uv":[6,10,9,13],"texture":"#seaking3"}}},{"from":[5,6.5,7.0625],"to":[6.5,7.5,10],"rotation":{"origin":[5,7.5,7.0625],"axis":"z","angle":45},"faces":{"down":{"uv":[11,3.5,9.5,2.5],"texture":"#seaking3"},"up":{"uv":[0.5,11,16,16],"rotation":90,"texture":"#seaking3"},"north":{"uv":[9.5,6,11,6.5],"texture":"#seaking3"},"south":{"uv":[5,6,6.5,6.5],"texture":"#seaking3"},"west":{"uv":[2.5,6,3.5,6.5],"texture":"#seaking3"},"east":{"uv":[12.5,6,13.5,6.5],"texture":"#seaking3"}}},{"from":[8.9375,3.4375,10.9375],"to":[11.9375,7.5625,11.4375],"rotation":{"origin":[8.9375,3.4375,10.9375],"axis":"y","angle":22.5},"faces":{"down":{"uv":[9.5,16,16,15.5],"texture":"#seaking"},"up":{"uv":[6,7,7,10],"texture":"#seaking2"},"north":{"uv":[9,10,10,13],"texture":"#seaking3"},"south":{"uv":[6,0,16,16],"texture":"#seaking"},"west":{"uv":[7,10,10,13],"texture":"#seaking2"},"east":{"uv":[6,10,9,13],"texture":"#seaking3"}}},{"from":[9.25,3.4375,5.625],"to":[12.25,7.4375,6.125],"rotation":{"origin":[9.25,3.4375,5.625],"axis":"y","angle":-22.5},"faces":{"down":{"uv":[10,10,9,7],"texture":"#seaking4"},"up":{"uv":[6,7,7,10],"texture":"#seaking2"},"north":{"uv":[16,0,6,16],"texture":"#seaking"},"south":{"uv":[6,10,7,13],"texture":"#seaking3"},"west":{"uv":[7,10,10,13],"texture":"#seaking3"},"east":{"uv":[6,10,9,13],"texture":"#seaking3"}}},{"from":[5.25,3.5,7.0625],"to":[7.25,4,10],"rotation":{"origin":[5.25,4,7.0625],"axis":"z","angle":-22.5},"faces":{"down":{"uv":[11,3.5,9.5,2.5],"texture":"#seaking3"},"up":{"uv":[5,2.5,6.5,3.5],"texture":"#seaking3"},"north":{"uv":[9.5,6,11,6.5],"texture":"#seaking3"},"south":{"uv":[5,6,6.5,6.5],"texture":"#seaking3"},"west":{"uv":[2.5,6,3.5,6.5],"texture":"#seaking3"},"east":{"uv":[12.5,6,13.5,6.5],"texture":"#seaking3"}}},{"from":[9.875,7.625,7],"to":[12.3125,8.5,10],"rotation":{"origin":[9.875,8.5,7],"axis":"z","angle":-22.5},"faces":{"down":{"uv":[11,3.5,9.5,2.5],"texture":"#seaking2"},"up":{"uv":[0.5,0,15.5,8],"rotation":90,"texture":"#seaking2"},"north":{"uv":[9.5,6,11,6.5],"texture":"#seaking2"},"south":{"uv":[5,6,6.5,6.5],"texture":"#seaking2"},"west":{"uv":[2.5,6,3.5,6.5],"texture":"#seaking2"},"east":{"uv":[12.5,6,13.5,6.5],"texture":"#seaking2"}}},{"from":[10.125,2.6875,7],"to":[12.125,3.6875,10],"rotation":{"origin":[10.125,3.6875,7],"axis":"z","angle":22.5},"faces":{"down":{"uv":[11,3.5,9.5,2.5],"texture":"#seaking4"},"up":{"uv":[5,2.5,6.5,3.5],"texture":"#seaking4"},"north":{"uv":[9.5,6,11,6.5],"texture":"#seaking4"},"south":{"uv":[5,6,6.5,6.5],"texture":"#seaking4"},"west":{"uv":[2.5,6,3.5,6.5],"texture":"#seaking4"},"east":{"uv":[12.5,6,13.5,6.5],"texture":"#seaking4"}}},{"from":[7.0625,7.0625,6.9375],"to":[10.0625,8.5625,10.125],"faces":{"down":{"uv":[8.9375,10,6.1875,7],"texture":"#seaking2"},"up":{"uv":[15.5,13,0.5,2.5],"rotation":270,"texture":"#seaking2"},"north":{"uv":[6.1875,8.9375,8.9375,10.125],"texture":"#seaking2"},"south":{"uv":[7.0625,8.9375,9.8125,10.125],"texture":"#seaking2"},"west":{"uv":[7,8.9375,10,10.125],"texture":"#seaking2"},"east":{"uv":[6,8.9375,9,10.125],"texture":"#seaking2"}}},{"from":[8.75,7.375,10.1875],"to":[11.3125,7.8125,11.125],"rotation":{"origin":[8.75,7.375,10.1875],"axis":"y","angle":22.5},"faces":{"down":{"uv":[7.5,10.9375,5.5,9.9375],"texture":"#seaking2"},"up":{"uv":[8.5,9.9375,10.5,10.9375],"texture":"#seaking2"},"north":{"uv":[5.5,9.5,7.5,10.5],"texture":"#seaking2"},"south":{"uv":[8.5,9.5,10.5,10.5],"texture":"#seaking2"},"west":{"uv":[9.9375,9.5,10.9375,10.5],"texture":"#seaking2"},"east":{"uv":[5.0625,9.5,6.0625,10.5],"texture":"#seaking2"}}},{"from":[6.6875,7.3125,9.1875],"to":[9.6875,7.9375,10.0625],"rotation":{"origin":[6.6875,7.3125,9.1875],"axis":"y","angle":-22.5},"faces":{"down":{"uv":[9,10.5,6.375,9.5],"texture":"#seaking2"},"up":{"uv":[7,9.5,9.625,10.5],"texture":"#seaking2"},"north":{"uv":[6.375,9.3125,9,9.9375],"texture":"#seaking2"},"south":{"uv":[7,9.3125,9.625,9.9375],"texture":"#seaking2"},"west":{"uv":[9.5,9.3125,10.5,9.9375],"texture":"#seaking2"},"east":{"uv":[5.5,9.3125,6.5,9.9375],"texture":"#seaking2"}}},{"from":[6.5625,3.3125,9.125],"to":[9.5625,3.8125,10.125],"rotation":{"origin":[6.5625,3.3125,9.125],"axis":"y","angle":-22.5},"faces":{"down":{"uv":[9,10.5,6.375,9.5],"texture":"#seaking4"},"up":{"uv":[7,9.5,9.625,10.5],"texture":"#seaking3"},"north":{"uv":[6.375,9.3125,9,9.9375],"texture":"#seaking3"},"south":{"uv":[0,15.375,16,16],"texture":"#seaking"},"west":{"uv":[9.5,9.3125,10.5,9.9375],"texture":"#seaking3"},"east":{"uv":[5.5,9.3125,6.5,9.9375],"texture":"#seaking4"}}},{"from":[8.5625,3.25,10.25],"to":[11.5625,3.6875,11.25],"rotation":{"origin":[8.5625,3.25,10.25],"axis":"y","angle":22.5},"faces":{"down":{"uv":[7.5,10.9375,5.5,9.9375],"texture":"#seaking4"},"up":{"uv":[8.5,9.9375,10.5,10.9375],"texture":"#seaking4"},"north":{"uv":[5.5,9.5,7.5,10.5],"texture":"#seaking4"},"south":{"uv":[8.5,9.5,10.5,10.5],"texture":"#seaking4"},"west":{"uv":[9.9375,9.5,10.9375,10.5],"texture":"#seaking4"},"east":{"uv":[5.0625,9.5,6.0625,10.5],"texture":"#seaking4"}}},{"from":[9.125,7.375,6],"to":[11.6875,7.8125,6.9375],"rotation":{"origin":[9.125,7.375,6],"axis":"y","angle":-22.5},"faces":{"down":{"uv":[7.5,10.9375,5.5,9.9375],"texture":"#seaking2"},"up":{"uv":[8.5,9.9375,10.5,10.9375],"texture":"#seaking2"},"north":{"uv":[5.5,9.5,7.5,10.5],"texture":"#seaking2"},"south":{"uv":[8.5,9.5,10.5,10.5],"texture":"#seaking2"},"west":{"uv":[9.9375,9.5,10.9375,10.5],"texture":"#seaking2"},"east":{"uv":[5.0625,9.5,6.0625,10.5],"texture":"#seaking2"}}},{"from":[4.125,3.3125,7.5],"to":[5.3125,5.5,9.625],"rotation":{"origin":[4.125,5.5,7.5],"axis":"z","angle":22.5},"faces":{"down":{"uv":[10,10,9,7],"texture":"#seaking4"},"up":{"uv":[6,7,7,10],"texture":"#seaking4"},"north":{"uv":[9,10,10,13],"texture":"#seaking4"},"south":{"uv":[6,10,7,13],"texture":"#seaking4"},"west":{"uv":[7,10,10,13],"texture":"#seaking4"},"east":{"uv":[6,10,9,13],"texture":"#seaking4"}}},{"from":[11.8454,4.75,6.9375],"to":[14.8454,7.625,10.0625],"rotation":{"origin":[11.8454,7.625,6.9375],"axis":"z","angle":-45},"faces":{"down":{"uv":[11,3.5,9.5,2.5],"texture":"#seaking3"},"up":{"uv":[0.5,0,15.5,8],"rotation":90,"texture":"#seaking3"},"north":{"uv":[0,13,12,0],"rotation":270,"texture":"#seaking5"},"south":{"uv":[0,0,12,13],"rotation":270,"texture":"#seaking5"},"west":{"uv":[2.5,6,3.5,6.5],"texture":"#seaking3"},"east":{"uv":[12.5,6,13.5,6.5],"texture":"#seaking3"}}},{"from":[8.9375,3.25,5.875],"to":[11.9375,3.6875,6.875],"rotation":{"origin":[8.9375,3.25,5.875],"axis":"y","angle":-22.5},"faces":{"down":{"uv":[7.5,10.9375,5.5,9.9375],"texture":"#seaking4"},"up":{"uv":[8.5,9.9375,10.5,10.9375],"texture":"#seaking4"},"north":{"uv":[5.5,9.5,7.5,10.5],"texture":"#seaking4"},"south":{"uv":[8.5,9.5,10.5,10.5],"texture":"#seaking4"},"west":{"uv":[9.9375,9.5,10.9375,10.5],"texture":"#seaking4"},"east":{"uv":[5.0625,9.5,6.0625,10.5],"texture":"#seaking4"}}},{"from":[6.1875,3.3125,6.9375],"to":[9.1875,3.8125,7.9375],"rotation":{"origin":[6.1875,3.3125,6.9375],"axis":"y","angle":22.5},"faces":{"down":{"uv":[9,10.5,6.375,9.5],"texture":"#seaking4"},"up":{"uv":[7,9.5,9.625,10.5],"texture":"#seaking4"},"north":{"uv":[6.375,9.3125,9,9.9375],"texture":"#seaking4"},"south":{"uv":[7,9.3125,9.625,9.9375],"texture":"#seaking4"},"west":{"uv":[9.5,9.3125,10.5,9.9375],"texture":"#seaking4"},"east":{"uv":[5.5,9.3125,6.5,9.9375],"texture":"#seaking4"}}},{"from":[6.3125,7.3125,7.0625],"to":[9.3125,7.9375,7.9375],"rotation":{"origin":[6.3125,7.3125,7.0625],"axis":"y","angle":22.5},"faces":{"down":{"uv":[9,10.5,6.375,9.5],"texture":"#seaking2"},"up":{"uv":[7,9.5,9.625,10.5],"texture":"#seaking2"},"north":{"uv":[6.375,9.3125,9,9.9375],"texture":"#seaking2"},"south":{"uv":[7,9.3125,9.625,9.9375],"texture":"#seaking2"},"west":{"uv":[9.5,9.3125,10.5,9.9375],"texture":"#seaking2"},"east":{"uv":[5.5,9.3125,6.5,9.9375],"texture":"#seaking2"}}},{"from":[7.625,3.5,10.75],"to":[9.25,7.5,10.8125],"rotation":{"origin":[7.625,3.5,10.75],"axis":"y","angle":-22.5},"faces":{"south":{"uv":[0,0,6,16],"texture":"#seaking"}}},{"from":[7.75,3.5,6.125],"to":[9.375,7.5,6.1875],"rotation":{"origin":[7.75,3.5,6.125],"axis":"y","angle":22.5},"faces":{"north":{"uv":[6,0,0,16],"texture":"#seaking"}}},{"from":[4.9375,5.375,7.4375],"to":[6.125,7.5625,9.6875],"rotation":{"origin":[4.9375,7.5625,7.4375],"axis":"z","angle":-22.5},"faces":{"down":{"uv":[10,10,9,7],"texture":"#seaking3"},"up":{"uv":[6,7,7,10],"texture":"#seaking3"},"north":{"uv":[9,10,10,13],"texture":"#seaking3"},"south":{"uv":[6,10,7,13],"texture":"#seaking3"},"west":{"uv":[7,10,10,13],"texture":"#seaking3"},"east":{"uv":[6,10,9,13],"texture":"#seaking3"}}},{"from":[5.75,5.5,10],"to":[7.25,7,10.0625],"rotation":{"origin":[5.75,5.5,10],"axis":"y","angle":-22.5},"faces":{"south":{"uv":[2,2,15,15],"texture":"#seakingeye"}}},{"from":[6.375,4.375,10.25],"to":[7.875,5.875,10.3125],"rotation":{"origin":[6.375,4.375,10.25],"axis":"y","angle":-22.5},"faces":{"south":{"uv":[2,2,15,15],"texture":"#seaking6"}}},{"from":[6.0625,7.0625,6.9375],"to":[7.0625,8.5625,10.125],"faces":{"down":{"uv":[8.9375,10,6.1875,7],"texture":"#seaking3"},"up":{"uv":[15.5,13,0.5,2.5],"rotation":270,"texture":"#seaking3"},"north":{"uv":[6.1875,8.9375,8.9375,10.125],"texture":"#seaking3"},"south":{"uv":[7.0625,8.9375,9.8125,10.125],"texture":"#seaking3"},"west":{"uv":[7,8.9375,10,10.125],"texture":"#seaking3"},"east":{"uv":[6,8.9375,9,10.125],"texture":"#seaking3"}}},{"from":[5.875,6.875,8.5],"to":[13,10.6875,8.5625],"faces":{"north":{"uv":[16,2,0,12],"texture":"#seakingfin"},"south":{"uv":[0,2,16,12],"texture":"#seakingfin"}}},{"from":[4,5.125,7.5625],"to":[4.5,5.625,9.5625],"faces":{"down":{"uv":[11,6,10.5,5],"texture":"#seaking_mouth"},"up":{"uv":[4.5,5.5,5,6.5],"texture":"#seaking_mouth"},"north":{"uv":[11.5,11,12,12],"texture":"#seaking_mouth"},"south":{"uv":[4.5,5,5,6],"texture":"#seaking_mouth"},"west":{"uv":[8,12.5,9,13.5],"texture":"#seaking_mouth"},"east":{"uv":[7.5,12.5,8.5,13.5],"texture":"#seaking_mouth"}}},{"from":[4.25,4.4375,7.5625],"to":[4.3125,5.1875,9.5625],"rotation":{"origin":[4.25,5.1875,7.5625],"axis":"z","angle":22.5},"faces":{"west":{"uv":[1,8,15,14.5],"texture":"#seaking_mouth"}}},{"from":[4.1875,4.875,8],"to":[4.25,5.25,8.3125],"faces":{"west":{"uv":[4,3,13,15],"texture":"#seaking_tooth"},"east":{"uv":[13,3,4,15],"texture":"#seaking_tooth"}}},{"from":[4.1875,4.875,8.875],"to":[4.25,5.25,9.1875],"faces":{"west":{"uv":[4,3,13,15],"texture":"#seaking_tooth"},"east":{"uv":[13,3,4,15],"texture":"#seaking_tooth"}}},{"from":[4.25,4.4375,8.0625],"to":[4.5625,4.8125,9.0625],"rotation":{"origin":[4.25,4.8125,8.0625],"axis":"z","angle":22.5},"faces":{"down":{"uv":[11,6,10.5,5],"texture":"#seaking_mouth"},"up":{"uv":[4.5,5.5,5,6.5],"texture":"#seaking_mouth"},"north":{"uv":[11.5,11,12,12],"texture":"#seaking_mouth"},"south":{"uv":[4.5,5,5,6],"texture":"#seaking_mouth"},"west":{"uv":[8,12.5,9,13.5],"texture":"#seaking_mouth"},"east":{"uv":[7.5,12.5,8.5,13.5],"texture":"#seaking_mouth"}}},{"from":[5.75,5.5,7],"to":[7.25,7,7.0625],"rotation":{"origin":[5.75,5.5,7],"axis":"y","angle":22.5},"faces":{"north":{"uv":[15,2,2,15],"texture":"#seakingeye"}}},{"from":[6.25,4.5,6.75],"to":[7.75,6,6.8125],"rotation":{"origin":[6.25,4.5,6.75],"axis":"y","angle":22.5},"faces":{"north":{"uv":[14,1,2,14],"texture":"#seaking6"}}},{"from":[4.9375,6.9375,8],"to":[5.9375,7.9375,9],"rotation":{"origin":[4.9375,7.9375,8],"axis":"z","angle":-45},"faces":{"down":{"uv":[13,9,12,8],"texture":"#seaking4"},"up":{"uv":[3,8,4,9],"texture":"#seaking4"},"north":{"uv":[12,0,13,1],"texture":"#seaking4"},"south":{"uv":[3,0,4,1],"texture":"#seaking4"},"west":{"uv":[8,0,9,1],"texture":"#seaking4"},"east":{"uv":[7,0,8,1],"texture":"#seaking4"}}},{"from":[3.6875,6.75,8.1875],"to":[4.3125,8,8.875],"rotation":{"origin":[3.6875,8,8.1875],"axis":"z","angle":45},"faces":{"down":{"uv":[13,9,12,8],"texture":"#seaking4"},"up":{"uv":[3,8,4,9],"texture":"#seaking4"},"north":{"uv":[12,0,13,1],"texture":"#seaking4"},"south":{"uv":[3,0,4,1],"texture":"#seaking4"},"west":{"uv":[8,0,9,1],"texture":"#seaking4"},"east":{"uv":[7,0,8,1],"texture":"#seaking4"}}},{"from":[7.6875,2.4375,10.75],"to":[7.75,6.0625,14.5],"rotation":{"origin":[7.6875,2.4375,10.75],"axis":"y","angle":45},"faces":{"west":{"uv":[0,1,14.5,15],"texture":"#seakingfin2"},"east":{"uv":[14.5,1,0,15],"texture":"#seakingfin2"}}},{"from":[10.4375,2.4375,3.5625],"to":[10.5,6.0625,7.3125],"rotation":{"origin":[10.4375,2.4375,3.5625],"axis":"y","angle":-45},"faces":{"west":{"uv":[14.5,1,0,15],"texture":"#seakingfin2"},"east":{"uv":[0,1,14.5,15],"texture":"#seakingfin2"}}},{"from":[12.375,1.6875,8.8125],"to":[17.5625,10.75,8.875],"rotation":{"origin":[12.375,1.6875,8.8125],"axis":"y","angle":-22.5},"faces":{"north":{"uv":[12,0.5,0,15],"texture":"#seakingfin3"},"south":{"uv":[0,0.5,12,15],"texture":"#seakingfin3"}}},{"from":[12.375,1.6875,8.1875],"to":[17.5625,10.75,8.25],"rotation":{"origin":[12.375,1.6875,8.1875],"axis":"y","angle":22.5},"faces":{"north":{"uv":[12,0.5,0,15],"texture":"#seakingfin3"},"south":{"uv":[0,0.5,12,15],"texture":"#seakingfin3"}}}],"display":{"head":{"rotation":[0,-90,0],"translation":[1.7,-10.2,-4.72],"scale":[3,3,3]},"gui":{"rotation":[30,50,0],"translation":[-3.5,0,0],"scale":[1.2,1.2,1.2]},"thirdperson_righthand":{"scale":[0,0,0]},"thirdperson_lefthand":{"scale":[0,0,0]},"firstperson_righthand":{"scale":[0,0,0]},"firstperson_lefthand":{"scale":[0,0,0]}}}