{"__comment":"Designed by Samasaurus6 with BDcraft Cubik PRO 0.96 Beta - http://bdcraft.net","textures":{"tauros":"pokemon_skins/regular/tauros/tauros"},"elements":[{"from":[5,5.5,1.5],"to":[10,10.5,12],"faces":{"down":{"uv":[0,0,3,4.5],"texture":"#tauros"},"up":{"uv":[0,0,3,4.5],"texture":"#tauros"},"north":{"uv":[0,0,4.5,4.5],"texture":"#tauros"},"south":{"uv":[0,0,4.5,4.5],"texture":"#tauros"},"west":{"uv":[0,0,6,3],"texture":"#tauros"},"east":{"uv":[0,0,6,3],"texture":"#tauros"}}},{"from":[4.25,4,8],"to":[10.75,12,13.5],"faces":{"down":{"uv":[0,0,3,4.5],"texture":"#tauros"},"up":{"uv":[0,0,3,4.5],"texture":"#tauros"},"north":{"uv":[0,0,4.5,4.5],"texture":"#tauros"},"south":{"uv":[0,0,4.5,4.5],"texture":"#tauros"},"west":{"uv":[0,0,6,3],"texture":"#tauros"},"east":{"uv":[0,0,6,3],"texture":"#tauros"}}},{"from":[5.5,4.3125,5.5],"to":[9.5,11.5,8],"faces":{"down":{"uv":[0,0,3,4.5],"texture":"#tauros"},"up":{"uv":[0,0,3,4.5],"texture":"#tauros"},"north":{"uv":[0,0,4.5,4.5],"texture":"#tauros"},"south":{"uv":[0,0,4.5,4.5],"texture":"#tauros"},"west":{"uv":[0,0,6,3],"texture":"#tauros"},"east":{"uv":[0,0,6,3],"texture":"#tauros"}}},{"from":[4.5,6,2],"to":[10.5,10,8],"faces":{"down":{"uv":[0,0,3,4.5],"texture":"#tauros"},"up":{"uv":[0,0,3,4.5],"texture":"#tauros"},"north":{"uv":[0,0,4.5,4.5],"texture":"#tauros"},"south":{"uv":[0,0,4.5,4.5],"texture":"#tauros"},"west":{"uv":[0,0,6,3],"texture":"#tauros"},"east":{"uv":[0,0,6,3],"texture":"#tauros"}}},{"from":[5.5,3.5,10],"to":[9.5,12.5,12.5],"faces":{"down":{"uv":[0,0,3,4.5],"texture":"#tauros"},"up":{"uv":[0,0,3,4.5],"texture":"#tauros"},"north":{"uv":[0,0,4.5,4.5],"texture":"#tauros"},"south":{"uv":[0,0,4.5,4.5],"texture":"#tauros"},"west":{"uv":[0,0,6,3],"texture":"#tauros"},"east":{"uv":[0,0,6,3],"texture":"#tauros"}}},{"from":[3.75,4.5,8],"to":[11.25,11.5,13.5],"faces":{"down":{"uv":[0,0,3,4.5],"texture":"#tauros"},"up":{"uv":[0,0,3,4.5],"texture":"#tauros"},"north":{"uv":[0,0,4.5,4.5],"texture":"#tauros"},"south":{"uv":[0,0,4.5,4.5],"texture":"#tauros"},"west":{"uv":[0,0,6,3],"texture":"#tauros"},"east":{"uv":[0,0,6,3],"texture":"#tauros"}}},{"from":[5.5,5,2],"to":[9.5,11,5.5],"faces":{"down":{"uv":[0,0,3,4.5],"texture":"#tauros"},"up":{"uv":[0,0,3,4.5],"texture":"#tauros"},"north":{"uv":[0,0,4.5,4.5],"texture":"#tauros"},"south":{"uv":[0,0,4.5,4.5],"texture":"#tauros"},"west":{"uv":[0,0,6,3],"texture":"#tauros"},"east":{"uv":[0,0,6,3],"texture":"#tauros"}}},{"from":[3.5,3.8125,12],"to":[12,13,15.5],"faces":{"down":{"uv":[0,4.5,6,7.5],"texture":"#tauros"},"up":{"uv":[0,4.5,6,7.5],"texture":"#tauros"},"north":{"uv":[0,4.5,6,9],"texture":"#tauros"},"south":{"uv":[0,4.5,6,9],"texture":"#tauros"},"west":{"uv":[0,4.5,2,9],"texture":"#tauros"},"east":{"uv":[0,4.5,2,9],"texture":"#tauros"}}},{"from":[2.5,4.5,11],"to":[13,11,14.5],"faces":{"down":{"uv":[0,4.5,6,7.5],"texture":"#tauros"},"up":{"uv":[0,4.5,6,7.5],"texture":"#tauros"},"north":{"uv":[0,4.5,6,9],"texture":"#tauros"},"south":{"uv":[0,4.5,6,9],"texture":"#tauros"},"west":{"uv":[0,4.5,2,9],"texture":"#tauros"},"east":{"uv":[0,4.5,2,9],"texture":"#tauros"}}},{"from":[4.6875,2.5,11],"to":[10.6875,5,15],"faces":{"down":{"uv":[0,4.5,6,7.5],"texture":"#tauros"},"up":{"uv":[0,4.5,6,7.5],"texture":"#tauros"},"north":{"uv":[0,4.5,6,9],"texture":"#tauros"},"south":{"uv":[0,4.5,6,9],"texture":"#tauros"},"west":{"uv":[0,4.5,2,9],"texture":"#tauros"},"east":{"uv":[0,4.5,2,9],"texture":"#tauros"}}},{"from":[5.5,8.625,16.0625],"to":[10,12.625,18.5625],"rotation":{"origin":[5.5,12.625,16.0625],"axis":"x","angle":22.5},"faces":{"down":{"uv":[0,0,3,4.5],"texture":"#tauros"},"up":{"uv":[0,0,3,4.5],"texture":"#tauros"},"north":{"uv":[0,0,4.5,4.5],"texture":"#tauros"},"south":{"uv":[0,0,4.5,4.5],"texture":"#tauros"},"west":{"uv":[0,0,6,3],"texture":"#tauros"},"east":{"uv":[0,0,6,3],"texture":"#tauros"}}},{"from":[4,4.5,15.5],"to":[11.5,12.5,16],"faces":{"down":{"uv":[0,4.5,6,7.5],"texture":"#tauros"},"up":{"uv":[0,4.5,6,7.5],"texture":"#tauros"},"north":{"uv":[0,4.5,6,9],"texture":"#tauros"},"south":{"uv":[0,4.5,6,9],"texture":"#tauros"},"west":{"uv":[0,4.5,2,9],"texture":"#tauros"},"east":{"uv":[0,4.5,2,9],"texture":"#tauros"}}},{"from":[6,8.125,17.6875],"to":[9.5,10.625,21.6875],"rotation":{"origin":[6,10.625,17.6875],"axis":"x","angle":22.5},"faces":{"down":{"uv":[0,0,3,4.5],"texture":"#tauros"},"up":{"uv":[0,0,3,4.5],"texture":"#tauros"},"north":{"uv":[1.5,0,5,4],"texture":"#tauros"},"south":{"uv":[4.5,13,6,16],"texture":"#tauros"},"west":{"uv":[8,13,4.5,16],"texture":"#tauros"},"east":{"uv":[4.5,13,8,16],"texture":"#tauros"}}},{"__comment":"Horn","from":[5,10.4,16.1],"to":[5.5,11.9,17.6],"faces":{"down":{"uv":[0,9,1,10],"texture":"#tauros"},"up":{"uv":[0,9,1,10],"texture":"#tauros"},"north":{"uv":[0,9,1,12],"texture":"#tauros"},"south":{"uv":[0,9,1,12],"texture":"#tauros"},"west":{"uv":[0,9,1,12],"texture":"#tauros"},"east":{"uv":[0,9,1,12],"texture":"#tauros"}}},{"__comment":"Horn","from":[4.4375,11.7125,16.35],"to":[6.4375,12.7125,17.35],"rotation":{"origin":[4.4375,12.7125,16.35],"axis":"z","angle":-45},"faces":{"down":{"uv":[0,9,1,10],"texture":"#tauros"},"up":{"uv":[0,9,1,10],"texture":"#tauros"},"north":{"uv":[0,9,1,12],"texture":"#tauros"},"south":{"uv":[0,9,1,12],"texture":"#tauros"},"west":{"uv":[0,9,1,12],"texture":"#tauros"},"east":{"uv":[0,9,1,12],"texture":"#tauros"}}},{"__comment":"Horn","from":[4.4375,11.9625,16.4125],"to":[5.125,13.65,17.2875],"rotation":{"origin":[4.4375,13.65,16.4125],"axis":"z","angle":-22.5},"faces":{"down":{"uv":[0,9,1,10],"texture":"#tauros"},"up":{"uv":[0,9,1,10],"texture":"#tauros"},"north":{"uv":[0,9,1,12],"texture":"#tauros"},"south":{"uv":[0,9,1,12],"texture":"#tauros"},"west":{"uv":[0,9,1,12],"texture":"#tauros"},"east":{"uv":[0,9,1,12],"texture":"#tauros"}}},{"__comment":"Horn","from":[10,10.4,16.1],"to":[10.5,11.9,17.6],"faces":{"down":{"uv":[0,9,1,10],"texture":"#tauros"},"up":{"uv":[0,9,1,10],"texture":"#tauros"},"north":{"uv":[0,9,1,12],"texture":"#tauros"},"south":{"uv":[0,9,1,12],"texture":"#tauros"},"west":{"uv":[0,9,1,12],"texture":"#tauros"},"east":{"uv":[0,9,1,12],"texture":"#tauros"}}},{"__comment":"Horn","from":[9.625,10.275,16.35],"to":[11.625,11.275,17.35],"rotation":{"origin":[9.625,11.275,16.35],"axis":"z","angle":45},"faces":{"down":{"uv":[0,9,1,10],"texture":"#tauros"},"up":{"uv":[0,9,1,10],"texture":"#tauros"},"north":{"uv":[0,9,1,12],"texture":"#tauros"},"south":{"uv":[0,9,1,12],"texture":"#tauros"},"west":{"uv":[0,9,1,12],"texture":"#tauros"},"east":{"uv":[0,9,1,12],"texture":"#tauros"}}},{"__comment":"Horn","from":[10.4375,11.65,16.4125],"to":[11.125,13.3375,17.2875],"rotation":{"origin":[10.4375,13.3375,16.4125],"axis":"z","angle":22.5},"faces":{"down":{"uv":[0,9,1,10],"texture":"#tauros"},"up":{"uv":[0,9,1,10],"texture":"#tauros"},"north":{"uv":[0,9,1,12],"texture":"#tauros"},"south":{"uv":[0,9,1,12],"texture":"#tauros"},"west":{"uv":[0,9,1,12],"texture":"#tauros"},"east":{"uv":[0,9,1,12],"texture":"#tauros"}}},{"from":[6.5,9.3125,18],"to":[9,10.8125,22],"rotation":{"origin":[6.5,10.8125,18],"axis":"x","angle":22.5},"faces":{"down":{"uv":[0,0,3,4.5],"texture":"#tauros"},"up":{"uv":[3.5,12,8,14.5],"rotation":270,"texture":"#tauros"},"north":{"uv":[3.5,12,8,14.5],"texture":"#tauros"},"south":{"uv":[0.5,14.5,3.5,16],"texture":"#tauros"},"west":{"uv":[3.5,12,8,14.5],"rotation":180,"texture":"#tauros"},"east":{"uv":[3.5,12,8,14.5],"texture":"#tauros"}}},{"from":[3.4375,1.5,10.5],"to":[4.4375,5,12],"faces":{"down":{"uv":[0,0,3,4.5],"texture":"#tauros"},"up":{"uv":[0,0,3,4.5],"texture":"#tauros"},"north":{"uv":[0,0,4.5,4.5],"texture":"#tauros"},"south":{"uv":[0,0,4.5,4.5],"texture":"#tauros"},"west":{"uv":[0,0,6,3],"texture":"#tauros"},"east":{"uv":[0,0,6,3],"texture":"#tauros"}}},{"from":[3.5,-1,10.8125],"to":[4.375,2.5,11.8125],"faces":{"down":{"uv":[0,0,3,4.5],"texture":"#tauros"},"up":{"uv":[0,0,3,4.5],"texture":"#tauros"},"north":{"uv":[0,0,4.5,4.5],"texture":"#tauros"},"south":{"uv":[0,0,4.5,4.5],"texture":"#tauros"},"west":{"uv":[0,0,6,3],"texture":"#tauros"},"east":{"uv":[0,0,6,3],"texture":"#tauros"}}},{"from":[10.9375,1.5,10.5],"to":[11.9375,5,12],"faces":{"down":{"uv":[0,0,3,4.5],"texture":"#tauros"},"up":{"uv":[0,0,3,4.5],"texture":"#tauros"},"north":{"uv":[0,0,4.5,4.5],"texture":"#tauros"},"south":{"uv":[0,0,4.5,4.5],"texture":"#tauros"},"west":{"uv":[0,0,6,3],"texture":"#tauros"},"east":{"uv":[0,0,6,3],"texture":"#tauros"}}},{"from":[11,-1,10.8125],"to":[11.875,2.5,11.8125],"faces":{"down":{"uv":[0,0,3,4.5],"texture":"#tauros"},"up":{"uv":[0,0,3,4.5],"texture":"#tauros"},"north":{"uv":[0,0,4.5,4.5],"texture":"#tauros"},"south":{"uv":[0,0,4.5,4.5],"texture":"#tauros"},"west":{"uv":[0,0,6,3],"texture":"#tauros"},"east":{"uv":[0,0,6,3],"texture":"#tauros"}}},{"from":[3.75,3.5,3],"to":[5.25,7,5.5],"rotation":{"origin":[3.75,7,3],"axis":"x","angle":22.5},"faces":{"down":{"uv":[0,0,3,4.5],"texture":"#tauros"},"up":{"uv":[0,0,3,4.5],"texture":"#tauros"},"north":{"uv":[0,0,4.5,4.5],"texture":"#tauros"},"south":{"uv":[0,0,4.5,4.5],"texture":"#tauros"},"west":{"uv":[0,0,6,3],"texture":"#tauros"},"east":{"uv":[0,0,6,3],"texture":"#tauros"}}},{"from":[4,2.5,2.5],"to":[5,4.5,4.5],"rotation":{"origin":[4,4.5,2.5],"axis":"x","angle":45},"faces":{"down":{"uv":[0,0,3,4.5],"texture":"#tauros"},"up":{"uv":[0,0,3,4.5],"texture":"#tauros"},"north":{"uv":[0,0,4.5,4.5],"texture":"#tauros"},"south":{"uv":[0,0,4.5,4.5],"texture":"#tauros"},"west":{"uv":[0,0,6,3],"texture":"#tauros"},"east":{"uv":[0,0,6,3],"texture":"#tauros"}}},{"from":[4.0625,-1,1.4375],"to":[4.9375,3,2.4375],"faces":{"down":{"uv":[0,0,3,4.5],"texture":"#tauros"},"up":{"uv":[0,0,3,4.5],"texture":"#tauros"},"north":{"uv":[0,0,4.5,4.5],"texture":"#tauros"},"south":{"uv":[0,0,4.5,4.5],"texture":"#tauros"},"west":{"uv":[0,0,6,3],"texture":"#tauros"},"east":{"uv":[0,0,6,3],"texture":"#tauros"}}},{"from":[9.75,3.5,3],"to":[11.25,7,5.5],"rotation":{"origin":[9.75,7,3],"axis":"x","angle":22.5},"faces":{"down":{"uv":[0,0,3,4.5],"texture":"#tauros"},"up":{"uv":[0,0,3,4.5],"texture":"#tauros"},"north":{"uv":[0,0,4.5,4.5],"texture":"#tauros"},"south":{"uv":[0,0,4.5,4.5],"texture":"#tauros"},"west":{"uv":[0,0,6,3],"texture":"#tauros"},"east":{"uv":[0,0,6,3],"texture":"#tauros"}}},{"from":[10,2.5,2.5],"to":[11,4.5,4.5],"rotation":{"origin":[10,4.5,2.5],"axis":"x","angle":45},"faces":{"down":{"uv":[0,0,3,4.5],"texture":"#tauros"},"up":{"uv":[0,0,3,4.5],"texture":"#tauros"},"north":{"uv":[0,0,4.5,4.5],"texture":"#tauros"},"south":{"uv":[0,0,4.5,4.5],"texture":"#tauros"},"west":{"uv":[0,0,6,3],"texture":"#tauros"},"east":{"uv":[0,0,6,3],"texture":"#tauros"}}},{"from":[10.0625,-1,1.4375],"to":[10.9375,3,2.4375],"faces":{"down":{"uv":[0,0,3,4.5],"texture":"#tauros"},"up":{"uv":[0,0,3,4.5],"texture":"#tauros"},"north":{"uv":[0,0,4.5,4.5],"texture":"#tauros"},"south":{"uv":[0,0,4.5,4.5],"texture":"#tauros"},"west":{"uv":[0,0,6,3],"texture":"#tauros"},"east":{"uv":[0,0,6,3],"texture":"#tauros"}}},{"from":[7.5,11.5,-9],"to":[7.5625,14,4],"rotation":{"origin":[7.5,14,-9],"axis":"x","angle":22.5},"faces":{"west":{"uv":[16,0,13,16],"rotation":270,"texture":"#tauros"},"east":{"uv":[13,0,16,16],"rotation":90,"texture":"#tauros"}}},{"from":[12.5,5.5,-9.5],"to":[12.5625,10.5,4],"rotation":{"origin":[12.5,5.5,-9.5],"axis":"y","angle":-22.5},"faces":{"west":{"uv":[13,0,8,16],"rotation":270,"texture":"#tauros"},"east":{"uv":[8,0,13,16],"rotation":90,"texture":"#tauros"}}},{"from":[2.5,6,-9.5],"to":[2.5625,10.5,4],"rotation":{"origin":[2.5,6,-9.5],"axis":"y","angle":22.5},"faces":{"west":{"uv":[8,0,13,16],"rotation":270,"texture":"#tauros"},"east":{"uv":[13,0,8,16],"rotation":90,"texture":"#tauros"}}},{"from":[3.4375,-1.0625,10.6875],"to":[4.4375,0.1875,11.9375],"faces":{"down":{"uv":[3,9,6,12],"texture":"#tauros"},"up":{"uv":[3,9,6,12],"texture":"#tauros"},"north":{"uv":[3,9,6,12],"texture":"#tauros"},"south":{"uv":[3,9,6,12],"texture":"#tauros"},"west":{"uv":[3,9,6,12],"texture":"#tauros"},"east":{"uv":[3,9,6,12],"texture":"#tauros"}}},{"from":[4,-1.0625,1.3125],"to":[5,0.1875,2.5625],"faces":{"down":{"uv":[3,9,6,12],"texture":"#tauros"},"up":{"uv":[3,9,6,12],"texture":"#tauros"},"north":{"uv":[3,9,6,12],"texture":"#tauros"},"south":{"uv":[3,9,6,12],"texture":"#tauros"},"west":{"uv":[3,9,6,12],"texture":"#tauros"},"east":{"uv":[3,9,6,12],"texture":"#tauros"}}},{"from":[10,-1.0625,1.3125],"to":[11,0.1875,2.5625],"faces":{"down":{"uv":[3,9,6,12],"texture":"#tauros"},"up":{"uv":[3,9,6,12],"texture":"#tauros"},"north":{"uv":[3,9,6,12],"texture":"#tauros"},"south":{"uv":[3,9,6,12],"texture":"#tauros"},"west":{"uv":[3,9,6,12],"texture":"#tauros"},"east":{"uv":[3,9,6,12],"texture":"#tauros"}}},{"from":[10.9375,-1.125,10.6875],"to":[11.9375,0.125,11.9375],"faces":{"down":{"uv":[3,9,6,12],"texture":"#tauros"},"up":{"uv":[3,9,6,12],"texture":"#tauros"},"north":{"uv":[3,9,6,12],"texture":"#tauros"},"south":{"uv":[3,9,6,12],"texture":"#tauros"},"west":{"uv":[3,9,6,12],"texture":"#tauros"},"east":{"uv":[3,9,6,12],"texture":"#tauros"}}},{"from":[5.75,9.375,16.0625],"to":[9.75,12.375,20.0625],"rotation":{"origin":[5.75,12.375,16.0625],"axis":"x","angle":22.5},"faces":{"down":{"uv":[0,0,3,4.5],"texture":"#tauros"},"up":{"uv":[0,0,3,4.5],"texture":"#tauros"},"north":{"uv":[0,0,4.5,4.5],"texture":"#tauros"},"south":{"uv":[0,0,4.5,4.5],"texture":"#tauros"},"west":{"uv":[0,0,6,3],"texture":"#tauros"},"east":{"uv":[0,0,6,3],"texture":"#tauros"}}},{"from":[5.5,6,1],"to":[9.5,10,3],"faces":{"down":{"uv":[0,0,3,4.5],"texture":"#tauros"},"up":{"uv":[0,0,3,4.5],"texture":"#tauros"},"north":{"uv":[0,0,4.5,4.5],"texture":"#tauros"},"south":{"uv":[0,0,4.5,4.5],"texture":"#tauros"},"west":{"uv":[0,0,6,3],"texture":"#tauros"},"east":{"uv":[0,0,6,3],"texture":"#tauros"}}},{"from":[7,12.5625,16.1875],"to":[8.5,12.625,19.1875],"rotation":{"origin":[7,12.625,16.1875],"axis":"x","angle":22.5},"faces":{"down":{"uv":[7,9,8.5,11],"texture":"#tauros"},"up":{"uv":[6,2,8,7.5],"texture":"#tauros"}}},{"from":[7.25,11.25,18.8125],"to":[8.25,11.3125,19.8125],"rotation":{"origin":[7.25,11.3125,18.8125],"axis":"x","angle":22.5},"faces":{"down":{"uv":[7,9,8.5,11],"texture":"#tauros"},"up":{"uv":[6,0,8,2],"texture":"#tauros"}}},{"from":[5.6875,9.4375,18],"to":[5.75,10.4375,19],"faces":{"west":{"uv":[3.5,12,0,14.5],"texture":"#tauros"},"east":{"uv":[6.5,8.5,8.5,10.5],"texture":"#tauros"}}},{"from":[9.75,9.5,18],"to":[9.8125,10.5,19],"faces":{"west":{"uv":[6.5,8.5,8.5,10.5],"texture":"#tauros"},"east":{"uv":[0,12,3.5,14.5],"texture":"#tauros"}}}],"display":{"head":{"rotation":[0,180,0],"translation":[-1.7,-12.47,0],"scale":[3.4,3.4,3.4]},"gui":{"rotation":[30,-50,0],"translation":[-1,0,0],"scale":[0.6,0.6,0.6]},"thirdperson_righthand":{"scale":[0,0,0]},"thirdperson_lefthand":{"scale":[0,0,0]},"firstperson_righthand":{"scale":[0,0,0]},"firstperson_lefthand":{"scale":[0,0,0]}}}