{"credit":"Designed by Samasaurus6 with BDcraft Cubik PRO, Edit By Icelio","textures":{"0":"pokemon_skins/regular/butterfree/butterfree","1":"pokemon_skins/regular/butterfree/antenna","2":"pokemon_skins/regular/butterfree/wings","3":"pokemon_skins/regular/butterfree/wings2","4":"pokemon_skins/regular/butterfree/wings3"},"elements":[{"from":[6,7.3,6],"to":[10,11,10],"faces":{"north":{"uv":[13,1,15,3],"texture":"#0"},"east":{"uv":[13,1,15,3],"texture":"#0"},"south":{"uv":[13,1,15,3],"texture":"#0"},"west":{"uv":[13,1,15,3],"texture":"#0"},"up":{"uv":[13,1,15,3],"texture":"#0"},"down":{"uv":[13,1,15,3],"texture":"#0"}}},{"from":[8.5,11.5,8.4],"to":[8.5,16.6,12.7],"rotation":{"angle":45,"axis":"y","origin":[8.5,14.05,8.4]},"faces":{"east":{"uv":[1,0,15,16],"texture":"#1"},"west":{"uv":[15,0,1,16],"texture":"#1"}}},{"from":[7.5,11.5,8.4],"to":[7.5,16.6,12.7],"rotation":{"angle":-45,"axis":"y","origin":[7.5,14.05,8.4]},"faces":{"east":{"uv":[1,0,15,16],"texture":"#1"},"west":{"uv":[15,0,1,16],"texture":"#1"}}},{"from":[6.5,11,6.5],"to":[9.5,11.5,9.5],"faces":{"north":{"uv":[13,1,15,3],"texture":"#0"},"east":{"uv":[13,1,15,3],"texture":"#0"},"south":{"uv":[13,1,15,3],"texture":"#0"},"west":{"uv":[13,1,15,3],"texture":"#0"},"up":{"uv":[13,1,15,3],"texture":"#0"},"down":{"uv":[13,1,15,3],"texture":"#0"}}},{"from":[5.5,7.8,6.5],"to":[10.5,10.5,9.5],"faces":{"north":{"uv":[13,1,15,3],"texture":"#0"},"east":{"uv":[13,1,15,3],"texture":"#0"},"south":{"uv":[13,1,15,3],"texture":"#0"},"west":{"uv":[13,1,15,3],"texture":"#0"},"up":{"uv":[13,1,15,3],"texture":"#0"},"down":{"uv":[13,1,15,3],"texture":"#0"}}},{"from":[6.5,7.8,5.5],"to":[9.5,10.5,6],"faces":{"north":{"uv":[13,1,15,3],"texture":"#0"},"east":{"uv":[13,1,15,3],"texture":"#0"},"south":{"uv":[13,1,15,3],"texture":"#0"},"west":{"uv":[13,1,15,3],"texture":"#0"},"up":{"uv":[13,1,15,3],"texture":"#0"},"down":{"uv":[13,1,15,3],"texture":"#0"}}},{"from":[6.1,2.6,6.1],"to":[9.9,6.7,9.9],"faces":{"north":{"uv":[13,1,15,3],"texture":"#0"},"east":{"uv":[13,1,15,3],"texture":"#0"},"south":{"uv":[13,1,15,3],"texture":"#0"},"west":{"uv":[13,1,15,3],"texture":"#0"},"up":{"uv":[13,1,15,3],"texture":"#0"},"down":{"uv":[13,1,15,3],"texture":"#0"}}},{"from":[5.6,3.1,6.6],"to":[10.4,6.1,9.4],"faces":{"north":{"uv":[13,1,15,3],"texture":"#0"},"east":{"uv":[13,1,15,3],"texture":"#0"},"south":{"uv":[13,1,15,3],"texture":"#0"},"west":{"uv":[13,1,15,3],"texture":"#0"},"up":{"uv":[13,1,15,3],"texture":"#0"},"down":{"uv":[13,1,15,3],"texture":"#0"}}},{"from":[6.6,2.1,6.6],"to":[9.4,7.3,9.4],"faces":{"north":{"uv":[13,1,15,3],"texture":"#0"},"east":{"uv":[13,1,15,3],"texture":"#0"},"south":{"uv":[13,1,15,3],"texture":"#0"},"west":{"uv":[13,1,15,3],"texture":"#0"},"up":{"uv":[13,1,15,3],"texture":"#0"},"down":{"uv":[13,1,15,3],"texture":"#0"}}},{"from":[6.6,3.1,5.6],"to":[9.4,6.1,10.4],"faces":{"north":{"uv":[13,1,15,3],"texture":"#0"},"east":{"uv":[13,1,15,3],"texture":"#0"},"south":{"uv":[13,1,15,3],"texture":"#0"},"west":{"uv":[13,1,15,3],"texture":"#0"},"up":{"uv":[13,1,15,3],"texture":"#0"},"down":{"uv":[13,1,15,3],"texture":"#0"}}},{"from":[-4.1,-0.2,5.45],"to":[8,16.7,5.5125],"rotation":{"angle":-45,"axis":"y","origin":[8,8,5.45]},"faces":{"north":{"uv":[3.5,3,12.25,13.5],"texture":"#4"},"south":{"uv":[12.25,3,3.5,13.5],"texture":"#4"}}},{"from":[-4.1,-0.2,5.45],"to":[8,16.7,5.5125],"rotation":{"angle":-22.5,"axis":"y","origin":[8,8,5.45]},"faces":{"north":{"uv":[3.5,3,12.25,13.5],"texture":"#3"},"south":{"uv":[12.25,3,3.5,13.5],"texture":"#3"}}},{"from":[-4.1,-0.2,5.45],"to":[8,16.7,5.5125],"faces":{"north":{"uv":[3.5,3,12.25,13.5],"texture":"#2"},"south":{"uv":[12.25,3,3.5,13.5],"texture":"#2"}}},{"from":[8,-0.2,5.45],"to":[20.1,16.7,5.5125],"faces":{"north":{"uv":[12.25,3,3.5,13.5],"texture":"#2"},"south":{"uv":[3.5,3,12.25,13.5],"texture":"#2"}}},{"from":[8,-0.2,5.45],"to":[20.1,16.7,5.5125],"rotation":{"angle":45,"axis":"y","origin":[8,8,5.45]},"faces":{"north":{"uv":[12.25,3,3.5,13.5],"texture":"#4"},"south":{"uv":[3.5,3,12.25,13.5],"texture":"#4"}}},{"from":[8,-0.2,5.45],"to":[20.1,16.7,5.5125],"rotation":{"angle":22.5,"axis":"y","origin":[8,8,5.45]},"faces":{"north":{"uv":[12.25,3,3.5,13.5],"texture":"#3"},"south":{"uv":[3.5,3,12.25,13.5],"texture":"#3"}}},{"from":[6,8.5,10],"to":[7.6,10.5,10.0625],"faces":{"south":{"uv":[0,0,9,11],"texture":"#0"}}},{"from":[8.4,8.5,10],"to":[10,10.5,10.0625],"faces":{"south":{"uv":[9,0,0,11],"texture":"#0"}}},{"from":[7.5,8,10],"to":[8.5,8.5,10.5],"faces":{"north":{"uv":[13,5,15,7],"texture":"#0"},"east":{"uv":[13,5,15,7],"texture":"#0"},"south":{"uv":[13,5,15,7],"texture":"#0"},"west":{"uv":[13,5,15,7],"texture":"#0"},"up":{"uv":[13,5,15,7],"texture":"#0"},"down":{"uv":[13,5,15,7],"texture":"#0"}}},{"from":[6.5,5.1,10.15],"to":[7.1,6.3,10.65],"faces":{"north":{"uv":[13,5,15,7],"texture":"#0"},"east":{"uv":[13,5,15,7],"texture":"#0"},"south":{"uv":[13,5,15,7],"texture":"#0"},"west":{"uv":[13,5,15,7],"texture":"#0"},"up":{"uv":[13,5,15,7],"texture":"#0"},"down":{"uv":[13,5,15,7],"texture":"#0"}}},{"from":[7.75,7.9375,10.1875],"to":[8.0625,8.25,10.25],"rotation":{"angle":-45,"axis":"z","origin":[7.75,8.25,10.1875]},"faces":{"north":{"uv":[13,9,15,11],"texture":"#0"},"south":{"uv":[13,9,15,11],"texture":"#0"}}},{"from":[8.25,7.9375,10.125],"to":[8.5625,8.25,10.1875],"rotation":{"angle":-45,"axis":"z","origin":[8.25,8.25,10.125]},"faces":{"north":{"uv":[13,9,15,11],"texture":"#0"},"south":{"uv":[13,9,15,11],"texture":"#0"}}},{"from":[8.9,5.1,10.15],"to":[9.5,6.3,10.65],"faces":{"north":{"uv":[13,5,15,7],"texture":"#0"},"east":{"uv":[13,5,15,7],"texture":"#0"},"south":{"uv":[13,5,15,7],"texture":"#0"},"west":{"uv":[13,5,15,7],"texture":"#0"},"up":{"uv":[13,5,15,7],"texture":"#0"},"down":{"uv":[13,5,15,7],"texture":"#0"}}},{"from":[6.85,5.45,10.4],"to":[7.35,5.95,10.9],"faces":{"north":{"uv":[13,5,15,7],"texture":"#0"},"east":{"uv":[13,5,15,7],"texture":"#0"},"south":{"uv":[13,5,15,7],"texture":"#0"},"west":{"uv":[13,5,15,7],"texture":"#0"},"up":{"uv":[13,5,15,7],"texture":"#0"},"down":{"uv":[13,5,15,7],"texture":"#0"}}},{"from":[8.65,5.45,10.4],"to":[9.15,5.95,10.9],"faces":{"north":{"uv":[13,5,15,7],"texture":"#0"},"east":{"uv":[13,5,15,7],"texture":"#0"},"south":{"uv":[13,5,15,7],"texture":"#0"},"west":{"uv":[13,5,15,7],"texture":"#0"},"up":{"uv":[13,5,15,7],"texture":"#0"},"down":{"uv":[13,5,15,7],"texture":"#0"}}},{"from":[6.3,-1,8.1],"to":[7.5,2.5,8.7],"rotation":{"angle":-45,"axis":"x","origin":[6.4,2.5,8.1]},"faces":{"north":{"uv":[13,5,15,7],"texture":"#0"},"east":{"uv":[13,5,15,7],"texture":"#0"},"south":{"uv":[13,5,15,7],"texture":"#0"},"west":{"uv":[13,5,15,7],"texture":"#0"},"up":{"uv":[13,5,15,7],"texture":"#0"},"down":{"uv":[13,5,15,7],"texture":"#0"}}},{"from":[8.4,-1,8.15],"to":[9.6,2.5,8.75],"rotation":{"angle":-45,"axis":"x","origin":[8.5,2.5,8.15]},"faces":{"north":{"uv":[13,5,15,7],"texture":"#0"},"east":{"uv":[13,5,15,7],"texture":"#0"},"south":{"uv":[13,5,15,7],"texture":"#0"},"west":{"uv":[13,5,15,7],"texture":"#0"},"up":{"uv":[13,5,15,7],"texture":"#0"},"down":{"uv":[13,5,15,7],"texture":"#0"}}},{"from":[6.6,-1.3,8.1],"to":[7.2,-1,8.7],"rotation":{"angle":-45,"axis":"x","origin":[6.4,2.5,8.1]},"faces":{"north":{"uv":[13,5,15,7],"texture":"#0"},"east":{"uv":[13,5,15,7],"texture":"#0"},"south":{"uv":[13,5,15,7],"texture":"#0"},"west":{"uv":[13,5,15,7],"texture":"#0"},"up":{"uv":[13,5,15,7],"texture":"#0"},"down":{"uv":[13,5,15,7],"texture":"#0"}}},{"from":[8.7,-1.3,8.15],"to":[9.3,-1,8.75],"rotation":{"angle":-45,"axis":"x","origin":[8.5,2.5,8.15]},"faces":{"north":{"uv":[13,5,15,7],"texture":"#0"},"east":{"uv":[13,5,15,7],"texture":"#0"},"south":{"uv":[13,5,15,7],"texture":"#0"},"west":{"uv":[13,5,15,7],"texture":"#0"},"up":{"uv":[13,5,15,7],"texture":"#0"},"down":{"uv":[13,5,15,7],"texture":"#0"}}}],"display":{"head":{"rotation":[-7,180,0],"translation":[0,-13,-2],"scale":[1.7,1.7,1.7]},"gui":{"rotation":[30,-50,0],"translation":[-2,-1,0],"scale":[0.7,0.7,0.7]},"thirdperson_righthand":{"scale":[0,0,0]},"thirdperson_lefthand":{"scale":[0,0,0]},"firstperson_righthand":{"scale":[0,0,0]},"firstperson_lefthand":{"scale":[0,0,0]}}}