{"credit":"Designed by Ramonaskye with BDcraft Cubik PRO 0.96 Beta - http://bdcraft.net","textures":{"aerodactyl_detailings":"pokemon_skins/regular/aerodactyl/aerodactyl_detailings","wing1":"pokemon_skins/regular/aerodactyl/wing1","wing2":"pokemon_skins/regular/aerodactyl/wing2","wing3":"pokemon_skins/regular/aerodactyl/wing3","wing4":"pokemon_skins/regular/aerodactyl/wing4"},"elements":[{"from":[7.1,6.75,6.95],"to":[8.3,8.2,8.25],"faces":{"north":{"uv":[13,5,15,7],"texture":"#aerodactyl_detailings"},"east":{"uv":[13,5,15,7],"texture":"#aerodactyl_detailings"},"south":{"uv":[13,5,15,7],"texture":"#aerodactyl_detailings"},"west":{"uv":[13,5,15,7],"texture":"#aerodactyl_detailings"},"up":{"uv":[13,5,15,7],"texture":"#aerodactyl_detailings"},"down":{"uv":[13,5,15,7],"texture":"#aerodactyl_detailings"}}},{"from":[6.5,4.75,8.75],"to":[9,7.5,10.75],"faces":{"north":{"uv":[13,5,15,7],"texture":"#aerodactyl_detailings"},"east":{"uv":[13,5,15,7],"texture":"#aerodactyl_detailings"},"south":{"uv":[13,5,15,7],"texture":"#aerodactyl_detailings"},"west":{"uv":[13,5,15,7],"texture":"#aerodactyl_detailings"},"up":{"uv":[13,5,15,7],"texture":"#aerodactyl_detailings"},"down":{"uv":[13,5,15,7],"texture":"#aerodactyl_detailings"}}},{"from":[6.75,5,9.5],"to":[8.75,7.25,11.75],"rotation":{"angle":-22.5,"axis":"x","origin":[6.75,7.25,9.5]},"faces":{"north":{"uv":[13,5,15,7],"texture":"#aerodactyl_detailings"},"east":{"uv":[13,5,15,7],"texture":"#aerodactyl_detailings"},"south":{"uv":[13,5,15,7],"texture":"#aerodactyl_detailings"},"west":{"uv":[13,5,15,7],"texture":"#aerodactyl_detailings"},"up":{"uv":[13,5,15,7],"texture":"#aerodactyl_detailings"},"down":{"uv":[13,5,15,7],"texture":"#aerodactyl_detailings"}}},{"from":[7,5.75,11.25],"to":[8.5,7.5,12.5],"faces":{"north":{"uv":[13,5,15,7],"texture":"#aerodactyl_detailings"},"east":{"uv":[13,5,15,7],"texture":"#aerodactyl_detailings"},"south":{"uv":[13,5,15,7],"texture":"#aerodactyl_detailings"},"west":{"uv":[13,5,15,7],"texture":"#aerodactyl_detailings"},"up":{"uv":[13,5,15,7],"texture":"#aerodactyl_detailings"},"down":{"uv":[13,5,15,7],"texture":"#aerodactyl_detailings"}}},{"from":[6.75,6.25,12.75],"to":[8.75,9,15],"faces":{"north":{"uv":[13,5,15,7],"texture":"#aerodactyl_detailings"},"east":{"uv":[13,5,15,7],"texture":"#aerodactyl_detailings"},"south":{"uv":[13,5,15,7],"texture":"#aerodactyl_detailings"},"west":{"uv":[13,5,15,7],"texture":"#aerodactyl_detailings"},"up":{"uv":[13,5,15,7],"texture":"#aerodactyl_detailings"},"down":{"uv":[0,10,2,12],"texture":"#aerodactyl_detailings"}}},{"from":[6.75,6.25,15],"to":[8.75,7.75,17],"faces":{"north":{"uv":[13,5,15,7],"texture":"#aerodactyl_detailings"},"east":{"uv":[13,5,15,7],"texture":"#aerodactyl_detailings"},"south":{"uv":[13,5,15,7],"texture":"#aerodactyl_detailings"},"west":{"uv":[13,5,15,7],"texture":"#aerodactyl_detailings"},"up":{"uv":[13,5,15,7],"texture":"#aerodactyl_detailings"},"down":{"uv":[0,10,2,12],"texture":"#aerodactyl_detailings"}}},{"from":[6.75,5.75,13.05],"to":[8.75,6.5,14.95],"rotation":{"angle":45,"axis":"x","origin":[6.75,6.5,13.25]},"faces":{"north":{"uv":[13,5,15,7],"texture":"#aerodactyl_detailings"},"east":{"uv":[13,5,15,7],"texture":"#aerodactyl_detailings"},"south":{"uv":[13,5,15,7],"texture":"#aerodactyl_detailings"},"west":{"uv":[13,5,15,7],"texture":"#aerodactyl_detailings"},"up":{"uv":[0,10,2,12],"texture":"#aerodactyl_detailings"},"down":{"uv":[13,5,15,7],"texture":"#aerodactyl_detailings"}}},{"from":[6.75,4.6875,14.2],"to":[8.75,5.4375,16.5],"rotation":{"angle":22.5,"axis":"x","origin":[6.75,5.4375,14.25]},"faces":{"north":{"uv":[13,5,15,7],"texture":"#aerodactyl_detailings"},"east":{"uv":[13,5,15,7],"texture":"#aerodactyl_detailings"},"south":{"uv":[13,5,15,7],"texture":"#aerodactyl_detailings"},"west":{"uv":[13,5,15,7],"texture":"#aerodactyl_detailings"},"up":{"uv":[0,10,2,12],"texture":"#aerodactyl_detailings"},"down":{"uv":[13,5,15,7],"texture":"#aerodactyl_detailings"}}},{"from":[7.25,6.75,16.25],"to":[8.25,7.75,17.25],"rotation":{"angle":-22.5,"axis":"x","origin":[7.25,7.75,16.25]},"faces":{"north":{"uv":[13,5,15,7],"texture":"#aerodactyl_detailings"},"east":{"uv":[13,5,15,7],"texture":"#aerodactyl_detailings"},"south":{"uv":[13,5,15,7],"texture":"#aerodactyl_detailings"},"west":{"uv":[13,5,15,7],"texture":"#aerodactyl_detailings"},"up":{"uv":[13,5,15,7],"texture":"#aerodactyl_detailings"},"down":{"uv":[13,5,15,7],"texture":"#aerodactyl_detailings"}}},{"from":[7.25,6.2375,16.8438],"to":[8.25,7.4875,17.5938],"rotation":{"angle":22.5,"axis":"x","origin":[7.25,7.4875,16.8438]},"faces":{"north":{"uv":[13,5,15,7],"texture":"#aerodactyl_detailings"},"east":{"uv":[13,5,15,7],"texture":"#aerodactyl_detailings"},"south":{"uv":[13,5,15,7],"texture":"#aerodactyl_detailings"},"west":{"uv":[13,5,15,7],"texture":"#aerodactyl_detailings"},"up":{"uv":[13,5,15,7],"texture":"#aerodactyl_detailings"},"down":{"uv":[13,5,15,7],"texture":"#aerodactyl_detailings"}}},{"from":[7,6,11.5],"to":[8.5,8.25,13],"faces":{"north":{"uv":[13,5,15,7],"texture":"#aerodactyl_detailings"},"east":{"uv":[13,5,15,7],"texture":"#aerodactyl_detailings"},"south":{"uv":[13,5,15,7],"texture":"#aerodactyl_detailings"},"west":{"uv":[13,5,15,7],"texture":"#aerodactyl_detailings"},"up":{"uv":[13,5,15,7],"texture":"#aerodactyl_detailings"},"down":{"uv":[13,5,15,7],"texture":"#aerodactyl_detailings"}}},{"from":[6,3.75,5.25],"to":[9.5,7.25,9.5],"faces":{"north":{"uv":[13,5,15,7],"texture":"#aerodactyl_detailings"},"east":{"uv":[13,5,15,7],"texture":"#aerodactyl_detailings"},"south":{"uv":[13,5,15,7],"texture":"#aerodactyl_detailings"},"west":{"uv":[13,5,15,7],"texture":"#aerodactyl_detailings"},"up":{"uv":[13,5,15,7],"texture":"#aerodactyl_detailings"},"down":{"uv":[13,5,15,7],"texture":"#aerodactyl_detailings"}}},{"from":[5.90625,6.28125,12.912],"to":[6.65625,9.03125,15.162],"rotation":{"angle":22.5,"axis":"y","origin":[5.90625,6.28125,12.912]},"faces":{"north":{"uv":[13,5,15,7],"texture":"#aerodactyl_detailings"},"east":{"uv":[13,5,15,7],"texture":"#aerodactyl_detailings"},"south":{"uv":[13,5,15,7],"texture":"#aerodactyl_detailings"},"west":{"uv":[13,5,15,7],"texture":"#aerodactyl_detailings"},"up":{"uv":[13,5,15,7],"texture":"#aerodactyl_detailings"},"down":{"uv":[13,5,15,7],"texture":"#aerodactyl_detailings"}}},{"from":[8.89229,6.28125,12.6563],"to":[9.64229,9.03125,14.9063],"rotation":{"angle":-22.5,"axis":"y","origin":[8.89229,6.28125,12.6563]},"faces":{"north":{"uv":[13,5,15,7],"texture":"#aerodactyl_detailings"},"east":{"uv":[13,5,15,7],"texture":"#aerodactyl_detailings"},"south":{"uv":[13,5,15,7],"texture":"#aerodactyl_detailings"},"west":{"uv":[13,5,15,7],"texture":"#aerodactyl_detailings"},"up":{"uv":[13,5,15,7],"texture":"#aerodactyl_detailings"},"down":{"uv":[13,5,15,7],"texture":"#aerodactyl_detailings"}}},{"from":[6.25,4,3.75],"to":[9.25,7,5.25],"faces":{"north":{"uv":[13,5,15,7],"texture":"#aerodactyl_detailings"},"east":{"uv":[13,5,15,7],"texture":"#aerodactyl_detailings"},"south":{"uv":[13,5,15,7],"texture":"#aerodactyl_detailings"},"west":{"uv":[13,5,15,7],"texture":"#aerodactyl_detailings"},"up":{"uv":[13,5,15,7],"texture":"#aerodactyl_detailings"},"down":{"uv":[13,5,15,7],"texture":"#aerodactyl_detailings"}}},{"from":[6.5,4,2.25],"to":[9,6.5,3.75],"faces":{"north":{"uv":[13,5,15,7],"texture":"#aerodactyl_detailings"},"east":{"uv":[13,5,15,7],"texture":"#aerodactyl_detailings"},"south":{"uv":[13,5,15,7],"texture":"#aerodactyl_detailings"},"west":{"uv":[13,5,15,7],"texture":"#aerodactyl_detailings"},"up":{"uv":[13,5,15,7],"texture":"#aerodactyl_detailings"},"down":{"uv":[13,5,15,7],"texture":"#aerodactyl_detailings"}}},{"from":[6.75,4.25,0.75],"to":[8.75,6.25,2.25],"faces":{"north":{"uv":[13,5,15,7],"texture":"#aerodactyl_detailings"},"east":{"uv":[13,5,15,7],"texture":"#aerodactyl_detailings"},"south":{"uv":[13,5,15,7],"texture":"#aerodactyl_detailings"},"west":{"uv":[13,5,15,7],"texture":"#aerodactyl_detailings"},"up":{"uv":[13,5,15,7],"texture":"#aerodactyl_detailings"},"down":{"uv":[13,5,15,7],"texture":"#aerodactyl_detailings"}}},{"from":[7,4.75,0],"to":[8.5,6.5,1.5],"rotation":{"angle":22.5,"axis":"x","origin":[7,6.5,0]},"faces":{"north":{"uv":[13,5,15,7],"texture":"#aerodactyl_detailings"},"east":{"uv":[13,5,15,7],"texture":"#aerodactyl_detailings"},"south":{"uv":[13,5,15,7],"texture":"#aerodactyl_detailings"},"west":{"uv":[13,5,15,7],"texture":"#aerodactyl_detailings"},"up":{"uv":[13,5,15,7],"texture":"#aerodactyl_detailings"},"down":{"uv":[13,5,15,7],"texture":"#aerodactyl_detailings"}}},{"from":[7.25,5.5,-1.25],"to":[8.25,7,0.25],"rotation":{"angle":22.5,"axis":"x","origin":[7.25,7,-1.25]},"faces":{"north":{"uv":[13,5,15,7],"texture":"#aerodactyl_detailings"},"east":{"uv":[13,5,15,7],"texture":"#aerodactyl_detailings"},"south":{"uv":[13,5,15,7],"texture":"#aerodactyl_detailings"},"west":{"uv":[13,5,15,7],"texture":"#aerodactyl_detailings"},"up":{"uv":[13,5,15,7],"texture":"#aerodactyl_detailings"},"down":{"uv":[13,5,15,7],"texture":"#aerodactyl_detailings"}}},{"from":[7.5,6.75,-2],"to":[8,7.75,-0.5],"rotation":{"angle":45,"axis":"x","origin":[7.5,7.75,-2]},"faces":{"north":{"uv":[13,5,15,7],"texture":"#aerodactyl_detailings"},"east":{"uv":[13,5,15,7],"texture":"#aerodactyl_detailings"},"south":{"uv":[13,5,15,7],"texture":"#aerodactyl_detailings"},"west":{"uv":[13,5,15,7],"texture":"#aerodactyl_detailings"},"up":{"uv":[13,5,15,7],"texture":"#aerodactyl_detailings"},"down":{"uv":[13,5,15,7],"texture":"#aerodactyl_detailings"}}},{"from":[6.25,3.75,8.25],"to":[9.25,6,9.5],"rotation":{"angle":-22.5,"axis":"x","origin":[6.25,6,8.25]},"faces":{"north":{"uv":[13,5,15,7],"texture":"#aerodactyl_detailings"},"east":{"uv":[13,5,15,7],"texture":"#aerodactyl_detailings"},"south":{"uv":[13,5,15,7],"texture":"#aerodactyl_detailings"},"west":{"uv":[13,5,15,7],"texture":"#aerodactyl_detailings"},"up":{"uv":[13,5,15,7],"texture":"#aerodactyl_detailings"},"down":{"uv":[13,5,15,7],"texture":"#aerodactyl_detailings"}}},{"from":[5,2,5.5],"to":[6,5.25,7.25],"rotation":{"angle":-22.5,"axis":"x","origin":[5,5.25,5.5]},"faces":{"north":{"uv":[13,5,15,7],"texture":"#aerodactyl_detailings"},"east":{"uv":[13,5,15,7],"texture":"#aerodactyl_detailings"},"south":{"uv":[13,5,15,7],"texture":"#aerodactyl_detailings"},"west":{"uv":[13,5,15,7],"texture":"#aerodactyl_detailings"},"up":{"uv":[13,5,15,7],"texture":"#aerodactyl_detailings"},"down":{"uv":[13,5,15,7],"texture":"#aerodactyl_detailings"}}},{"from":[5.25,1.25,4.25],"to":[6,2.25,6.75],"rotation":{"angle":-22.5,"axis":"x","origin":[5.25,2.25,4.25]},"faces":{"north":{"uv":[13,5,15,7],"texture":"#aerodactyl_detailings"},"east":{"uv":[13,5,15,7],"texture":"#aerodactyl_detailings"},"south":{"uv":[13,5,15,7],"texture":"#aerodactyl_detailings"},"west":{"uv":[13,5,15,7],"texture":"#aerodactyl_detailings"},"up":{"uv":[13,5,15,7],"texture":"#aerodactyl_detailings"},"down":{"uv":[13,5,15,7],"texture":"#aerodactyl_detailings"}}},{"from":[5.25,-0.25,4],"to":[6,2.25,4.75],"faces":{"north":{"uv":[13,5,15,7],"texture":"#aerodactyl_detailings"},"east":{"uv":[13,5,15,7],"texture":"#aerodactyl_detailings"},"south":{"uv":[13,5,15,7],"texture":"#aerodactyl_detailings"},"west":{"uv":[13,5,15,7],"texture":"#aerodactyl_detailings"},"up":{"uv":[13,5,15,7],"texture":"#aerodactyl_detailings"},"down":{"uv":[13,5,15,7],"texture":"#aerodactyl_detailings"}}},{"from":[5.25,0,4],"to":[6,2.5,4.75],"rotation":{"angle":-22.5,"axis":"z","origin":[5.25,2.5,4]},"faces":{"north":{"uv":[13,5,15,7],"texture":"#aerodactyl_detailings"},"east":{"uv":[13,5,15,7],"texture":"#aerodactyl_detailings"},"south":{"uv":[13,5,15,7],"texture":"#aerodactyl_detailings"},"west":{"uv":[13,5,15,7],"texture":"#aerodactyl_detailings"},"up":{"uv":[13,5,15,7],"texture":"#aerodactyl_detailings"},"down":{"uv":[13,5,15,7],"texture":"#aerodactyl_detailings"}}},{"from":[9.5,2,5.5],"to":[10.5,5.25,7.25],"rotation":{"angle":-22.5,"axis":"x","origin":[9.5,5.25,5.5]},"faces":{"north":{"uv":[13,5,15,7],"texture":"#aerodactyl_detailings"},"east":{"uv":[13,5,15,7],"texture":"#aerodactyl_detailings"},"south":{"uv":[13,5,15,7],"texture":"#aerodactyl_detailings"},"west":{"uv":[13,5,15,7],"texture":"#aerodactyl_detailings"},"up":{"uv":[13,5,15,7],"texture":"#aerodactyl_detailings"},"down":{"uv":[13,5,15,7],"texture":"#aerodactyl_detailings"}}},{"from":[9.5,1.25,4.25],"to":[10.25,2.25,6.75],"rotation":{"angle":-22.5,"axis":"x","origin":[9.5,2.25,4.25]},"faces":{"north":{"uv":[13,5,15,7],"texture":"#aerodactyl_detailings"},"east":{"uv":[13,5,15,7],"texture":"#aerodactyl_detailings"},"south":{"uv":[13,5,15,7],"texture":"#aerodactyl_detailings"},"west":{"uv":[13,5,15,7],"texture":"#aerodactyl_detailings"},"up":{"uv":[13,5,15,7],"texture":"#aerodactyl_detailings"},"down":{"uv":[13,5,15,7],"texture":"#aerodactyl_detailings"}}},{"from":[9.75,-0.5,4],"to":[10.5,2,4.75],"rotation":{"angle":22.5,"axis":"z","origin":[9.75,2,4]},"faces":{"north":{"uv":[13,5,15,7],"texture":"#aerodactyl_detailings"},"east":{"uv":[13,5,15,7],"texture":"#aerodactyl_detailings"},"south":{"uv":[13,5,15,7],"texture":"#aerodactyl_detailings"},"west":{"uv":[13,5,15,7],"texture":"#aerodactyl_detailings"},"up":{"uv":[13,5,15,7],"texture":"#aerodactyl_detailings"},"down":{"uv":[13,5,15,7],"texture":"#aerodactyl_detailings"}}},{"from":[5.15,2.05,3.8],"to":[5.9,3.45,4.55],"rotation":{"angle":-22.5,"axis":"x","origin":[5.525,2.6,4.175]},"faces":{"north":{"uv":[13,5,15,7],"texture":"#aerodactyl_detailings"},"east":{"uv":[13,5,15,7],"texture":"#aerodactyl_detailings"},"south":{"uv":[13,5,15,7],"texture":"#aerodactyl_detailings"},"west":{"uv":[13,5,15,7],"texture":"#aerodactyl_detailings"},"up":{"uv":[13,5,15,7],"texture":"#aerodactyl_detailings"},"down":{"uv":[13,5,15,7],"texture":"#aerodactyl_detailings"}}},{"from":[9.6,2.05,3.8],"to":[10.35,3.45,4.55],"rotation":{"angle":-22.5,"axis":"x","origin":[9.975,2.6,4.175]},"faces":{"north":{"uv":[13,5,15,7],"texture":"#aerodactyl_detailings"},"east":{"uv":[13,5,15,7],"texture":"#aerodactyl_detailings"},"south":{"uv":[13,5,15,7],"texture":"#aerodactyl_detailings"},"west":{"uv":[13,5,15,7],"texture":"#aerodactyl_detailings"},"up":{"uv":[13,5,15,7],"texture":"#aerodactyl_detailings"},"down":{"uv":[13,5,15,7],"texture":"#aerodactyl_detailings"}}},{"from":[9.5,-0.25,4],"to":[10.25,2.25,4.75],"faces":{"north":{"uv":[13,5,15,7],"texture":"#aerodactyl_detailings"},"east":{"uv":[13,5,15,7],"texture":"#aerodactyl_detailings"},"south":{"uv":[13,5,15,7],"texture":"#aerodactyl_detailings"},"west":{"uv":[13,5,15,7],"texture":"#aerodactyl_detailings"},"up":{"uv":[13,5,15,7],"texture":"#aerodactyl_detailings"},"down":{"uv":[13,5,15,7],"texture":"#aerodactyl_detailings"}}},{"from":[-5.4375,10.75,0.75],"to":[2.8125,10.8125,11.25],"faces":{"up":{"uv":[0.25,16,9,8],"texture":"#wing1"},"down":{"uv":[0.25,0,9,8],"texture":"#wing1"}}},{"from":[6,8,12.25],"to":[6.75,9.5,13],"rotation":{"angle":-22.5,"axis":"x","origin":[6,9.5,12.25]},"faces":{"north":{"uv":[13,5,15,7],"texture":"#aerodactyl_detailings"},"east":{"uv":[13,5,15,7],"texture":"#aerodactyl_detailings"},"south":{"uv":[13,5,15,7],"texture":"#aerodactyl_detailings"},"west":{"uv":[13,5,15,7],"texture":"#aerodactyl_detailings"},"up":{"uv":[13,5,15,7],"texture":"#aerodactyl_detailings"},"down":{"uv":[13,5,15,7],"texture":"#aerodactyl_detailings"}}},{"from":[8.75,8,12.25],"to":[9.5,9.5,13],"rotation":{"angle":-22.5,"axis":"x","origin":[8.75,9.5,12.25]},"faces":{"north":{"uv":[13,5,15,7],"texture":"#aerodactyl_detailings"},"east":{"uv":[13,5,15,7],"texture":"#aerodactyl_detailings"},"south":{"uv":[13,5,15,7],"texture":"#aerodactyl_detailings"},"west":{"uv":[13,5,15,7],"texture":"#aerodactyl_detailings"},"up":{"uv":[13,5,15,7],"texture":"#aerodactyl_detailings"},"down":{"uv":[13,5,15,7],"texture":"#aerodactyl_detailings"}}},{"from":[6.03125,7.5625,13.2932],"to":[6.09375,8.5625,14.7932],"rotation":{"angle":22.5,"axis":"y","origin":[6.03125,7.5625,13.2932]},"faces":{"west":{"uv":[0,0,11,6],"texture":"#aerodactyl_detailings"}}},{"from":[9.40625,7.5,13.375],"to":[9.46875,8.5,14.875],"rotation":{"angle":-22.5,"axis":"y","origin":[9.40625,7.5,13.375]},"faces":{"east":{"uv":[11,0,0,6],"texture":"#aerodactyl_detailings"}}},{"from":[7,5.375,14.125],"to":[8.5,5.625,16.375],"rotation":{"angle":22.5,"axis":"x","origin":[7,5.625,14.125]},"faces":{"north":{"uv":[4,10,6,12],"texture":"#aerodactyl_detailings"},"east":{"uv":[4,10,6,12],"texture":"#aerodactyl_detailings"},"south":{"uv":[4,10,6,12],"texture":"#aerodactyl_detailings"},"west":{"uv":[4,10,6,12],"texture":"#aerodactyl_detailings"},"up":{"uv":[4,10,6,12],"texture":"#aerodactyl_detailings"},"down":{"uv":[4,10,6,12],"texture":"#aerodactyl_detailings"}}},{"from":[7,6.375,13.375],"to":[8.5,6.625,15.625],"rotation":{"angle":45,"axis":"x","origin":[7,6.625,13.375]},"faces":{"north":{"uv":[4,10,6,12],"texture":"#aerodactyl_detailings"},"east":{"uv":[4,10,6,12],"texture":"#aerodactyl_detailings"},"south":{"uv":[4,10,6,12],"texture":"#aerodactyl_detailings"},"west":{"uv":[4,10,6,12],"texture":"#aerodactyl_detailings"},"up":{"uv":[4,10,6,12],"texture":"#aerodactyl_detailings"},"down":{"uv":[4,10,6,12],"texture":"#aerodactyl_detailings"}}},{"from":[7.21875,7.125,17],"to":[7.28125,7.5,17.375],"faces":{"west":{"uv":[12.5,1.5,14,3],"texture":"#aerodactyl_detailings"}}},{"from":[8.25,7.125,17],"to":[8.3125,7.5,17.375],"faces":{"east":{"uv":[14,1.5,12.5,3],"texture":"#aerodactyl_detailings"}}},{"from":[6.675,8.8125,-3.3],"to":[8.85,8.875,-1.075],"rotation":{"angle":45,"axis":"x","origin":[6.375,8.875,-3.6]},"faces":{"up":{"uv":[9,8,12.5,12],"texture":"#aerodactyl_detailings"},"down":{"uv":[9,12,12.5,8],"texture":"#aerodactyl_detailings"}}},{"from":[6.78125,5.25,14.625],"to":[6.84375,5.75,16.5],"rotation":{"angle":22.5,"axis":"x","origin":[6.78125,5.75,14.625]},"faces":{"east":{"uv":[0,13,14.5,16],"texture":"#aerodactyl_detailings"},"west":{"uv":[0,13,14.5,16],"texture":"#aerodactyl_detailings"}}},{"from":[8.625,5.25,14.625],"to":[8.6875,5.75,16.5],"rotation":{"angle":22.5,"axis":"x","origin":[8.625,5.75,14.625]},"faces":{"east":{"uv":[0,13,14.5,16],"texture":"#aerodactyl_detailings"},"west":{"uv":[0,13,14.5,16],"texture":"#aerodactyl_detailings"}}},{"from":[2.8125,10.75,0.75],"to":[8.3125,10.8125,11.25],"rotation":{"angle":-45,"axis":"z","origin":[2.8125,10.8125,0.75]},"faces":{"up":{"uv":[9,16,14.5,8],"texture":"#wing1"},"down":{"uv":[9,0,14.5,8],"texture":"#wing1"}}},{"from":[8.75,6.9375,0.75],"to":[14.25,7,11.25],"rotation":{"angle":45,"axis":"z","origin":[8.75,7,0.75]},"faces":{"up":{"uv":[14.5,16,9,8],"texture":"#wing1"},"down":{"uv":[14.5,0,9,8],"texture":"#wing1"}}},{"from":[14.25,6.9375,0.75],"to":[22.5,7,11.25],"rotation":{"angle":-22.5,"axis":"z","origin":[14.25,7,0.75]},"faces":{"up":{"uv":[9,16,0.25,8],"texture":"#wing4"},"down":{"uv":[9,0,0.25,8],"texture":"#wing4"}}},{"from":[8.75,6.9375,0.75],"to":[14.25,7,11.25],"faces":{"up":{"uv":[14.5,16,9,8],"texture":"#wing4"},"down":{"uv":[14.5,0,9,8],"texture":"#wing4"}}},{"from":[12.625,10.8125,0.75],"to":[20.875,10.875,11.25],"faces":{"up":{"uv":[9,16,0.25,8],"texture":"#wing1"},"down":{"uv":[9,0,0.25,8],"texture":"#wing1"}}},{"from":[8.75,6.9375,0.75],"to":[14.25,7,11.25],"faces":{"up":{"uv":[14.5,16,9,8],"texture":"#wing2"},"down":{"uv":[14.5,0,9,8],"texture":"#wing2"}}},{"from":[14.25,6.9375,0.75],"to":[22.5,7,11.25],"rotation":{"angle":22.5,"axis":"z","origin":[14.25,7,0.75]},"faces":{"up":{"uv":[9,16,0.25,8],"texture":"#wing2"},"down":{"uv":[9,0,0.25,8],"texture":"#wing2"}}},{"from":[8.75,6.9375,0.75],"to":[14.25,7,11.25],"rotation":{"angle":-45,"axis":"z","origin":[8.75,7,0.75]},"faces":{"up":{"uv":[14.5,16,9,8],"texture":"#wing3"},"down":{"uv":[14.5,0,9,8],"texture":"#wing3"}}},{"from":[12.5625,3.0625,0.75],"to":[20.8125,3.125,11.25],"faces":{"up":{"uv":[9,16,0.25,8],"texture":"#wing3"},"down":{"uv":[9,0,0.25,8],"texture":"#wing3"}}},{"from":[-6.5,10.125,0.75],"to":[1.75,10.1875,11.25],"rotation":{"angle":-22.5,"axis":"z","origin":[-6.5,10.1875,0.75]},"faces":{"up":{"uv":[0.25,16,9,8],"texture":"#wing2"},"down":{"uv":[0.25,0,9,8],"texture":"#wing2"}}},{"from":[1.125,6.9375,0.75],"to":[6.625,7,11.25],"faces":{"up":{"uv":[9,16,14.5,8],"texture":"#wing4"},"down":{"uv":[9,0,14.5,8],"texture":"#wing4"}}},{"from":[1.125,6.9375,0.75],"to":[6.625,7,11.25],"faces":{"up":{"uv":[9,16,14.5,8],"texture":"#wing2"},"down":{"uv":[9,0,14.5,8],"texture":"#wing2"}}},{"from":[-6.4375,3.75,0.75],"to":[1.8125,3.8125,11.25],"rotation":{"angle":22.5,"axis":"z","origin":[-6.4375,3.8125,0.75]},"faces":{"up":{"uv":[0.25,16,9,8],"texture":"#wing4"},"down":{"uv":[0.25,0,9,8],"texture":"#wing4"}}},{"from":[2.625,3.0625,0.75],"to":[8.125,3.125,11.25],"rotation":{"angle":45,"axis":"z","origin":[2.625,3.125,0.75]},"faces":{"up":{"uv":[9,16,14.5,8],"texture":"#wing3"},"down":{"uv":[9,0,14.5,8],"texture":"#wing3"}}},{"from":[-5.5625,3.0625,0.75],"to":[2.6875,3.125,11.25],"faces":{"up":{"uv":[0.25,16,9,8],"texture":"#wing3"},"down":{"uv":[0.25,0,9,8],"texture":"#wing3"}}}],"display":{"head":{"rotation":[0,180,0],"translation":[0,-2,-2],"scale":[4,4,4]},"gui":{"rotation":[30,-50,0],"translation":[-1.5,0.5,0],"scale":[0.8,0.8,0.8]},"thirdperson_righthand":{"scale":[0,0,0]},"thirdperson_lefthand":{"scale":[0,0,0]},"firstperson_righthand":{"scale":[0,0,0]},"firstperson_lefthand":{"scale":[0,0,0]}}}