{"__comment":"Designed by Samasaurus6 with BDcraft Cubik PRO 0.96 Beta - http://bdcraft.net","textures":{"snorlax":"pokemon_skins/regular/snorlax/snorlax"},"elements":[{"from":[1.5,3,0.5],"to":[15,12,15.5],"faces":{"down":{"uv":[0.5,5.5,4.5,7.5],"texture":"#snorlax"},"up":{"uv":[2.5,4.5,9.5,6.5],"rotation":270,"texture":"#snorlax"},"north":{"uv":[0,0,3.5,2.5],"texture":"#snorlax"},"south":{"uv":[0,0,4,2],"texture":"#snorlax"},"west":{"uv":[1.5,9.5,10.5,14.5],"texture":"#snorlax"},"east":{"uv":[0,6,3,8.5],"texture":"#snorlax"}}},{"__comment":"Head","from":[4.1875,15,3.5],"to":[12.1875,21,12.3],"faces":{"down":{"uv":[0.5,5.5,9,7.5],"texture":"#snorlax"},"up":{"uv":[1.5,5.5,10,7.5],"texture":"#snorlax"},"north":{"uv":[0,5.5,11,7.5],"texture":"#snorlax"},"south":{"uv":[0,5.5,11,7.5],"texture":"#snorlax"},"west":{"uv":[2.5,0.5,9.5,5.5],"texture":"#snorlax"},"east":{"uv":[0.5,5.5,3.5,8],"texture":"#snorlax"}}},{"__comment":"Head","from":[4.75,15,4.75],"to":[11.25,21.5,11.35],"faces":{"down":{"uv":[0.5,5.5,3.5,7.5],"texture":"#snorlax"},"up":{"uv":[0.5,5.5,4,7.5],"texture":"#snorlax"},"north":{"uv":[0,14,3.5,16],"texture":"#snorlax"},"south":{"uv":[0,14,3.5,16],"texture":"#snorlax"},"west":{"uv":[0,13.5,3,16],"texture":"#snorlax"},"east":{"uv":[0,13.5,3,16],"texture":"#snorlax"}}},{"__comment":"Head","from":[4.75,14.8125,2.875],"to":[11.25,20.3125,12.875],"faces":{"down":{"uv":[0,4,3,8.5],"texture":"#snorlax"},"up":{"uv":[0,4,3,8.5],"texture":"#snorlax"},"north":{"uv":[0,0,3.5,2.5],"texture":"#snorlax"},"south":{"uv":[0,0,3.5,2.5],"texture":"#snorlax"},"west":{"uv":[2.5,5.5,10,7.5],"texture":"#snorlax"},"east":{"uv":[2.5,5.5,10,7.5],"texture":"#snorlax"}}},{"from":[2.5,8.5,1.5],"to":[14,15,14.5],"faces":{"down":{"uv":[0,5.5,3.5,7.5],"texture":"#snorlax"},"up":{"uv":[2,5,10,7],"rotation":270,"texture":"#snorlax"},"north":{"uv":[0,5.5,3.5,7.5],"texture":"#snorlax"},"south":{"uv":[0,5.5,3.5,7.5],"texture":"#snorlax"},"west":{"uv":[2,5,10,6.5],"texture":"#snorlax"},"east":{"uv":[0,6,3,8.5],"texture":"#snorlax"}}},{"from":[3,9,1],"to":[13.5,14,15],"faces":{"down":{"uv":[0.5,5.5,9,7.5],"texture":"#snorlax"},"up":{"uv":[0.5,5.5,9,7.5],"texture":"#snorlax"},"north":{"uv":[0,5.5,11,7.5],"texture":"#snorlax"},"south":{"uv":[0,5.5,11,7.5],"texture":"#snorlax"},"west":{"uv":[0,6,3,8.5],"texture":"#snorlax"},"east":{"uv":[0,6,3,8.5],"texture":"#snorlax"}}},{"from":[2.5,4.5,0],"to":[14,11,16],"faces":{"down":{"uv":[0,3.5,3,8],"texture":"#snorlax"},"up":{"uv":[0,3.5,3,8],"texture":"#snorlax"},"north":{"uv":[0,4.5,3,8.5],"texture":"#snorlax"},"south":{"uv":[0,4.5,3,8.5],"texture":"#snorlax"},"west":{"uv":[0,0,7,1.5],"texture":"#snorlax"},"east":{"uv":[0,0,7,1.5],"texture":"#snorlax"}}},{"__comment":"ArmLeft","from":[6,12,14.5],"to":[10.5,15,22.5],"rotation":{"origin":[6,15,14.5],"axis":"x","angle":45},"faces":{"down":{"uv":[9,0,12.5,5.5],"texture":"#snorlax"},"up":{"uv":[9,0,12.5,5.5],"texture":"#snorlax"},"north":{"uv":[9,3,13,5.5],"texture":"#snorlax"},"south":{"uv":[9,3,13,5.5],"texture":"#snorlax"},"west":{"uv":[9,0.5,12,4.5],"texture":"#snorlax"},"east":{"uv":[9,0.5,12,4.5],"texture":"#snorlax"}}},{"__comment":"ArmRight","from":[5.5,6.3125,-4.25],"to":[10,9.3125,3.75],"rotation":{"origin":[5.5,9.3125,-4.25],"axis":"x","angle":-45},"faces":{"down":{"uv":[9,0,12.5,5.5],"texture":"#snorlax"},"up":{"uv":[9,0,12.5,5.5],"texture":"#snorlax"},"north":{"uv":[9,3,13,5.5],"texture":"#snorlax"},"south":{"uv":[9,3,13,5.5],"texture":"#snorlax"},"west":{"uv":[9,0.5,12,4.5],"texture":"#snorlax"},"east":{"uv":[9,0.5,12,4.5],"texture":"#snorlax"}}},{"__comment":"feet","from":[6,0,1.5],"to":[10.5,2,6],"faces":{"down":{"uv":[3,9,7,11.5],"texture":"#snorlax"},"up":{"uv":[3.5,9.5,6.5,12],"texture":"#snorlax"},"north":{"uv":[3,9.5,6,11.5],"texture":"#snorlax"},"south":{"uv":[3,9.5,6,11.5],"texture":"#snorlax"},"west":{"uv":[4,9,7,11.5],"texture":"#snorlax"},"east":{"uv":[4,9,7,11.5],"texture":"#snorlax"}}},{"__comment":"feet","from":[6,0,10],"to":[10.5,2,14.5],"faces":{"down":{"uv":[3,9,7,11.5],"texture":"#snorlax"},"up":{"uv":[3.5,9.5,6.5,12],"texture":"#snorlax"},"north":{"uv":[3,9.5,6,11.5],"texture":"#snorlax"},"south":{"uv":[3,9.5,6,11.5],"texture":"#snorlax"},"west":{"uv":[4,9,7,11.5],"texture":"#snorlax"},"east":{"uv":[4,9,7,11.5],"texture":"#snorlax"}}},{"__comment":"feet","from":[5,0,10.5],"to":[6,1.5,14],"faces":{"down":{"uv":[3,9,7,11.5],"texture":"#snorlax"},"up":{"uv":[3.5,9.5,6.5,12],"texture":"#snorlax"},"north":{"uv":[3,9.5,6,11.5],"texture":"#snorlax"},"south":{"uv":[3,9.5,6,11.5],"texture":"#snorlax"},"west":{"uv":[4,9,7,11.5],"texture":"#snorlax"},"east":{"uv":[4,9,7,11.5],"texture":"#snorlax"}}},{"__comment":"feet","from":[5,0,2],"to":[6,1.5,5.5],"faces":{"down":{"uv":[3,9,7,11.5],"texture":"#snorlax"},"up":{"uv":[3.5,9.5,6.5,12],"texture":"#snorlax"},"north":{"uv":[3,9.5,6,11.5],"texture":"#snorlax"},"south":{"uv":[3,9.5,6,11.5],"texture":"#snorlax"},"west":{"uv":[4,9,7,11.5],"texture":"#snorlax"},"east":{"uv":[4,9,7,11.5],"texture":"#snorlax"}}},{"from":[2,12,2],"to":[14.5,14,14],"faces":{"down":{"uv":[2.5,5,6.5,7],"texture":"#snorlax"},"up":{"uv":[3,5,9,7.5],"rotation":270,"texture":"#snorlax"},"north":{"uv":[2.5,5.5,7.5,7.5],"texture":"#snorlax"},"south":{"uv":[0,5.5,3,7.5],"texture":"#snorlax"},"west":{"uv":[2.5,8,9.5,9.5],"texture":"#snorlax"},"east":{"uv":[0,6,3,8.5],"texture":"#snorlax"}}},{"__comment":"Head","from":[4.125,17.4063,4.5625],"to":[4.19375,17.75,6.4875],"faces":{"west":{"uv":[13,6.5,13.5,10],"rotation":90,"texture":"#snorlax"},"east":{"uv":[5,0,6.5,1],"texture":"#snorlax"}}},{"__comment":"Head","from":[4.125,17.4063,9.4375],"to":[4.19375,17.75,11.3625],"faces":{"west":{"uv":[13,6.5,13.5,10],"rotation":90,"texture":"#snorlax"},"east":{"uv":[5,0,6.5,1],"texture":"#snorlax"}}},{"__comment":"Head","from":[4.125,15.8875,5.8125],"to":[4.19375,16.4375,10.2125],"faces":{"west":{"uv":[14.5,9.5,15.5,15.5],"rotation":90,"texture":"#snorlax"},"east":{"uv":[14,6,15.5,7],"texture":"#snorlax"}}},{"__comment":"feet","from":[6.5,0,9.5],"to":[11,1,15],"faces":{"down":{"uv":[3,9,7,11.5],"texture":"#snorlax"},"up":{"uv":[3.5,9.5,6.5,12],"texture":"#snorlax"},"north":{"uv":[3,9.5,6,11.5],"texture":"#snorlax"},"south":{"uv":[3,9.5,6,11.5],"texture":"#snorlax"},"west":{"uv":[4,9,7,11.5],"texture":"#snorlax"},"east":{"uv":[4,9,7,11.5],"texture":"#snorlax"}}},{"__comment":"feet","from":[6.5,0,1],"to":[11,1,6.5],"faces":{"down":{"uv":[3,9,7,11.5],"texture":"#snorlax"},"up":{"uv":[3.5,9.5,6.5,12],"texture":"#snorlax"},"north":{"uv":[3,9.5,6,11.5],"texture":"#snorlax"},"south":{"uv":[3,9.5,6,11.5],"texture":"#snorlax"},"west":{"uv":[4,9,7,11.5],"texture":"#snorlax"},"east":{"uv":[4,9,7,11.5],"texture":"#snorlax"}}},{"__comment":"feet","from":[4.5,0,11],"to":[5,1,11.5],"faces":{"down":{"uv":[14.5,3.5,16,5.5],"texture":"#snorlax"},"up":{"uv":[14.5,3.5,16,5.5],"texture":"#snorlax"},"north":{"uv":[14.5,3.5,16,5.5],"texture":"#snorlax"},"south":{"uv":[14.5,3.5,16,5.5],"texture":"#snorlax"},"west":{"uv":[14.5,3.5,16,5.5],"texture":"#snorlax"},"east":{"uv":[14.5,3.5,16,5.5],"texture":"#snorlax"}}},{"__comment":"feet","from":[4.5,0,12],"to":[5,1,12.5],"faces":{"down":{"uv":[14.5,3.5,16,5.5],"texture":"#snorlax"},"up":{"uv":[14.5,3.5,16,5.5],"texture":"#snorlax"},"north":{"uv":[14.5,3.5,16,5.5],"texture":"#snorlax"},"south":{"uv":[14.5,3.5,16,5.5],"texture":"#snorlax"},"west":{"uv":[14.5,3.5,16,5.5],"texture":"#snorlax"},"east":{"uv":[14.5,3.5,16,5.5],"texture":"#snorlax"}}},{"__comment":"feet","from":[4.5,0,13],"to":[5,1,13.5],"faces":{"down":{"uv":[14.5,3.5,16,5.5],"texture":"#snorlax"},"up":{"uv":[14.5,3.5,16,5.5],"texture":"#snorlax"},"north":{"uv":[14.5,3.5,16,5.5],"texture":"#snorlax"},"south":{"uv":[14.5,3.5,16,5.5],"texture":"#snorlax"},"west":{"uv":[14.5,3.5,16,5.5],"texture":"#snorlax"},"east":{"uv":[14.5,3.5,16,5.5],"texture":"#snorlax"}}},{"__comment":"feet","from":[4.5,0,4.5],"to":[5,1,5],"faces":{"down":{"uv":[14.5,3.5,16,5.5],"texture":"#snorlax"},"up":{"uv":[14.5,3.5,16,5.5],"texture":"#snorlax"},"north":{"uv":[14.5,3.5,16,5.5],"texture":"#snorlax"},"south":{"uv":[14.5,3.5,16,5.5],"texture":"#snorlax"},"west":{"uv":[14.5,3.5,16,5.5],"texture":"#snorlax"},"east":{"uv":[14.5,3.5,16,5.5],"texture":"#snorlax"}}},{"__comment":"feet","from":[4.5,0,3.5],"to":[5,1,4],"faces":{"down":{"uv":[14.5,3.5,16,5.5],"texture":"#snorlax"},"up":{"uv":[14.5,3.5,16,5.5],"texture":"#snorlax"},"north":{"uv":[14.5,3.5,16,5.5],"texture":"#snorlax"},"south":{"uv":[14.5,3.5,16,5.5],"texture":"#snorlax"},"west":{"uv":[14.5,3.5,16,5.5],"texture":"#snorlax"},"east":{"uv":[14.5,3.5,16,5.5],"texture":"#snorlax"}}},{"__comment":"feet","from":[4.5,0,2.5],"to":[5,1,3],"faces":{"down":{"uv":[14.5,3.5,16,5.5],"texture":"#snorlax"},"up":{"uv":[14.5,3.5,16,5.5],"texture":"#snorlax"},"north":{"uv":[14.5,3.5,16,5.5],"texture":"#snorlax"},"south":{"uv":[14.5,3.5,16,5.5],"texture":"#snorlax"},"west":{"uv":[14.5,3.5,16,5.5],"texture":"#snorlax"},"east":{"uv":[14.5,3.5,16,5.5],"texture":"#snorlax"}}},{"__comment":"ArmLeft","from":[6.5,7.5,19.25],"to":[7,8.5,19.75],"rotation":{"origin":[6.5,8.5,19.25],"axis":"x","angle":-45},"faces":{"down":{"uv":[14.5,3.5,16,5.5],"texture":"#snorlax"},"up":{"uv":[14.5,3.5,16,5.5],"texture":"#snorlax"},"north":{"uv":[14.5,3.5,16,5.5],"texture":"#snorlax"},"south":{"uv":[14.5,3.5,16,5.5],"texture":"#snorlax"},"west":{"uv":[14.5,3.5,16,5.5],"texture":"#snorlax"},"east":{"uv":[14.5,3.5,16,5.5],"texture":"#snorlax"}}},{"__comment":"ArmRight","from":[6,7.875,-3.5875],"to":[6.5,8.875,-3.0875],"rotation":{"origin":[6,8.875,-3.5875],"axis":"x","angle":45},"faces":{"down":{"uv":[14.5,3.5,16,5.5],"texture":"#snorlax"},"up":{"uv":[14.5,3.5,16,5.5],"texture":"#snorlax"},"north":{"uv":[14.5,3.5,16,5.5],"texture":"#snorlax"},"south":{"uv":[14.5,3.5,16,5.5],"texture":"#snorlax"},"west":{"uv":[14.5,3.5,16,5.5],"texture":"#snorlax"},"east":{"uv":[14.5,3.5,16,5.5],"texture":"#snorlax"}}},{"__comment":"ArmRight","from":[7,7.875,-3.5875],"to":[7.5,8.875,-3.0875],"rotation":{"origin":[7,8.875,-3.5875],"axis":"x","angle":45},"faces":{"down":{"uv":[14.5,3.5,16,5.5],"texture":"#snorlax"},"up":{"uv":[14.5,3.5,16,5.5],"texture":"#snorlax"},"north":{"uv":[14.5,3.5,16,5.5],"texture":"#snorlax"},"south":{"uv":[14.5,3.5,16,5.5],"texture":"#snorlax"},"west":{"uv":[14.5,3.5,16,5.5],"texture":"#snorlax"},"east":{"uv":[14.5,3.5,16,5.5],"texture":"#snorlax"}}},{"__comment":"ArmRight","from":[8,7.875,-3.5875],"to":[8.5,8.875,-3.0875],"rotation":{"origin":[8,8.875,-3.5875],"axis":"x","angle":45},"faces":{"down":{"uv":[14.5,3.5,16,5.5],"texture":"#snorlax"},"up":{"uv":[14.5,3.5,16,5.5],"texture":"#snorlax"},"north":{"uv":[14.5,3.5,16,5.5],"texture":"#snorlax"},"south":{"uv":[14.5,3.5,16,5.5],"texture":"#snorlax"},"west":{"uv":[14.5,3.5,16,5.5],"texture":"#snorlax"},"east":{"uv":[14.5,3.5,16,5.5],"texture":"#snorlax"}}},{"__comment":"ArmRight","from":[9,7.875,-3.5875],"to":[9.5,8.875,-3.0875],"rotation":{"origin":[9,8.875,-3.5875],"axis":"x","angle":45},"faces":{"down":{"uv":[14.5,3.5,16,5.5],"texture":"#snorlax"},"up":{"uv":[14.5,3.5,16,5.5],"texture":"#snorlax"},"north":{"uv":[14.5,3.5,16,5.5],"texture":"#snorlax"},"south":{"uv":[14.5,3.5,16,5.5],"texture":"#snorlax"},"west":{"uv":[14.5,3.5,16,5.5],"texture":"#snorlax"},"east":{"uv":[14.5,3.5,16,5.5],"texture":"#snorlax"}}},{"__comment":"Head","from":[7.5,20.7937,10.25],"to":[7.56875,23.75,14.1],"rotation":{"origin":[7.5,23.75,10.25],"axis":"x","angle":22.5},"faces":{"west":{"uv":[12.5,0.5,16,3],"texture":"#snorlax"},"east":{"uv":[16,0.5,12.5,3],"texture":"#snorlax"}}},{"__comment":"Head","from":[7.5,19.2937,2.125],"to":[7.56875,22.25,5.975],"rotation":{"origin":[7.5,22.25,2.125],"axis":"x","angle":-22.5},"faces":{"west":{"uv":[16,0.5,12.5,3],"texture":"#snorlax"},"east":{"uv":[12.5,0.5,16,3],"texture":"#snorlax"}}},{"from":[15,4.5,3],"to":[15.5,11,13.5],"faces":{"down":{"uv":[0.5,5.5,3.5,7.5],"texture":"#snorlax"},"up":{"uv":[0.5,5.5,4,7.5],"texture":"#snorlax"},"north":{"uv":[0,14,3.5,16],"texture":"#snorlax"},"south":{"uv":[0,14,3.5,16],"texture":"#snorlax"},"west":{"uv":[0,13.5,3,16],"texture":"#snorlax"},"east":{"uv":[0,13.5,3,16],"texture":"#snorlax"}}},{"__comment":"ArmLeft*","from":[6.5,9.1875,17],"to":[10,13,21.5],"rotation":{"origin":[6.5,13,17],"axis":"x","angle":45},"faces":{"down":{"uv":[9,0,12.5,5.5],"texture":"#snorlax"},"up":{"uv":[9,0,12.5,5.5],"texture":"#snorlax"},"north":{"uv":[9,3,13,5.5],"texture":"#snorlax"},"south":{"uv":[9,3,13,5.5],"texture":"#snorlax"},"west":{"uv":[9,0.5,12,4.5],"texture":"#snorlax"},"east":{"uv":[9,0.5,12,4.5],"texture":"#snorlax"}}},{"__comment":"ArmRight","from":[6,6.0625,-4.1875],"to":[9.5,9.875,0.3125],"rotation":{"origin":[6,9.875,-4.1875],"axis":"x","angle":-45},"faces":{"down":{"uv":[9,0,12.5,5.5],"texture":"#snorlax"},"up":{"uv":[9,0,12.5,5.5],"texture":"#snorlax"},"north":{"uv":[9,3,13,5.5],"texture":"#snorlax"},"south":{"uv":[9,3,13,5.5],"texture":"#snorlax"},"west":{"uv":[9,0.5,12,4.5],"texture":"#snorlax"},"east":{"uv":[9,0.5,12,4.5],"texture":"#snorlax"}}},{"__comment":"ArmLeft*","from":[7.5,7.5,19.25],"to":[8,8.5,19.75],"rotation":{"origin":[7.5,8.5,19.25],"axis":"x","angle":-45},"faces":{"down":{"uv":[14.5,3.5,16,5.5],"texture":"#snorlax"},"up":{"uv":[14.5,3.5,16,5.5],"texture":"#snorlax"},"north":{"uv":[14.5,3.5,16,5.5],"texture":"#snorlax"},"south":{"uv":[14.5,3.5,16,5.5],"texture":"#snorlax"},"west":{"uv":[14.5,3.5,16,5.5],"texture":"#snorlax"},"east":{"uv":[14.5,3.5,16,5.5],"texture":"#snorlax"}}},{"__comment":"ArmLeft*","from":[8.5,7.5,19.25],"to":[9,8.5,19.75],"rotation":{"origin":[8.5,8.5,19.25],"axis":"x","angle":-45},"faces":{"down":{"uv":[14.5,3.5,16,5.5],"texture":"#snorlax"},"up":{"uv":[14.5,3.5,16,5.5],"texture":"#snorlax"},"north":{"uv":[14.5,3.5,16,5.5],"texture":"#snorlax"},"south":{"uv":[14.5,3.5,16,5.5],"texture":"#snorlax"},"west":{"uv":[14.5,3.5,16,5.5],"texture":"#snorlax"},"east":{"uv":[14.5,3.5,16,5.5],"texture":"#snorlax"}}},{"__comment":"ArmLeft*","from":[9.5,7.5,19.25],"to":[10,8.5,19.75],"rotation":{"origin":[9.5,8.5,19.25],"axis":"x","angle":-45},"faces":{"down":{"uv":[14.5,3.5,16,5.5],"texture":"#snorlax"},"up":{"uv":[14.5,3.5,16,5.5],"texture":"#snorlax"},"north":{"uv":[14.5,3.5,16,5.5],"texture":"#snorlax"},"south":{"uv":[14.5,3.5,16,5.5],"texture":"#snorlax"},"west":{"uv":[14.5,3.5,16,5.5],"texture":"#snorlax"},"east":{"uv":[14.5,3.5,16,5.5],"texture":"#snorlax"}}},{"from":[2.5,2,1.5],"to":[14,3,14.5],"faces":{"down":{"uv":[0.5,5.5,3.5,7.5],"texture":"#snorlax"},"up":{"uv":[0.5,5.5,4,7.5],"texture":"#snorlax"},"north":{"uv":[0,14,3.5,16],"texture":"#snorlax"},"south":{"uv":[0,14,3.5,16],"texture":"#snorlax"},"west":{"uv":[0,13.5,3,16],"texture":"#snorlax"},"east":{"uv":[0,13.5,3,16],"texture":"#snorlax"}}},{"from":[11.8125,14.875,4.125],"to":[12.8125,19.875,11.625],"faces":{"down":{"uv":[0.5,5.5,3.5,7.5],"texture":"#snorlax"},"up":{"uv":[0.5,5.5,4,7.5],"texture":"#snorlax"},"north":{"uv":[0,14,3.5,16],"texture":"#snorlax"},"south":{"uv":[0,14,3.5,16],"texture":"#snorlax"},"west":{"uv":[0,13.5,3,16],"texture":"#snorlax"},"east":{"uv":[0,13.5,3,16],"texture":"#snorlax"}}},{"from":[1,4.5,3],"to":[1.5,11,13],"faces":{"down":{"uv":[5,8.5,8.5,10.5],"texture":"#snorlax"},"up":{"uv":[5,8.5,8.5,10.5],"texture":"#snorlax"},"north":{"uv":[4,10,7.5,12],"texture":"#snorlax"},"south":{"uv":[4,10,7.5,12],"texture":"#snorlax"},"west":{"uv":[4.5,9.5,7.5,12],"texture":"#snorlax"},"east":{"uv":[4.5,9.5,7.5,12],"texture":"#snorlax"}}}],"display":{"head":{"rotation":[0,-90,0],"translation":[0,-12.85,0],"scale":[4,4,4]},"gui":{"rotation":[30,50,0],"translation":[0,-1.5,0],"scale":[0.6,0.6,0.6]},"thirdperson_righthand":{"scale":[0,0,0]},"thirdperson_lefthand":{"scale":[0,0,0]},"firstperson_righthand":{"scale":[0,0,0]},"firstperson_lefthand":{"scale":[0,0,0]}}}