{"credit":"Designed by Samasaurus6 with BDcraft Cubik PRO 0.96 Beta/ Edit by Icelio","textures":{"mewear":"pokemon_skins/regular/mew/mewear","mewlefteye":"pokemon_skins/regular/mew/mewlefteye","mewhand":"pokemon_skins/regular/mew/mewhand"},"elements":[{"from":[7.7,5.5,6.8375],"to":[9.175,7.5,9.0375],"faces":{"north":{"uv":[6,11,8,13],"texture":"#mewear"},"east":{"uv":[6,11,8,13],"texture":"#mewear"},"south":{"uv":[6,11,8,13],"texture":"#mewear"},"west":{"uv":[6,11,8,13],"texture":"#mewear"},"up":{"uv":[6,11,8,13],"texture":"#mewear"},"down":{"uv":[6,11,8,13],"texture":"#mewear"}}},{"from":[7.5,3.5,6.9375],"to":[9.375,8.5,8.9375],"faces":{"north":{"uv":[6,11,8,13],"texture":"#mewear"},"east":{"uv":[6,11,8,13],"texture":"#mewear"},"south":{"uv":[6,11,8,13],"texture":"#mewear"},"west":{"uv":[6,11,8,13],"texture":"#mewear"},"up":{"uv":[6,11,8,13],"texture":"#mewear"},"down":{"uv":[6,11,8,13],"texture":"#mewear"}}},{"from":[6.9875,3.8,6.9875],"to":[7.2125,6.2,8.95],"faces":{"north":{"uv":[6,11,8,13],"texture":"#mewear"},"east":{"uv":[6,11,8,13],"texture":"#mewear"},"south":{"uv":[6,11,8,13],"texture":"#mewear"},"west":{"uv":[6,11,8,13],"texture":"#mewear"},"up":{"uv":[6,11,8,13],"texture":"#mewear"},"down":{"uv":[6,11,8,13],"texture":"#mewear"}}},{"from":[7.1875,3.5,6.6875],"to":[9.8125,6.5,9.25],"faces":{"north":{"uv":[6,11,8,13],"texture":"#mewear"},"east":{"uv":[6,11,8,13],"texture":"#mewear"},"south":{"uv":[6,11,8,13],"texture":"#mewear"},"west":{"uv":[6,11,8,13],"texture":"#mewear"},"up":{"uv":[6,11,8,13],"texture":"#mewear"},"down":{"uv":[6,11,8,13],"texture":"#mewear"}}},{"from":[7.3125,6.125,7.1],"to":[9.6125,7.625,8.775],"faces":{"north":{"uv":[6,11,8,13],"texture":"#mewear"},"east":{"uv":[6,11,8,13],"texture":"#mewear"},"south":{"uv":[6,11,8,13],"texture":"#mewear"},"west":{"uv":[6,11,8,13],"texture":"#mewear"},"up":{"uv":[6,11,8,13],"texture":"#mewear"},"down":{"uv":[6,11,8,13],"texture":"#mewear"}}},{"from":[7.3875,0.57,9.575],"to":[8.225,0.57,10.175],"rotation":{"angle":45,"axis":"z","origin":[7.0875,1.21037,9.375]},"faces":{"down":{"uv":[0,0,7,5],"texture":"#mewear"}}},{"from":[6.5875,0.58537,9.375],"to":[10.025,1.21037,10.375],"rotation":{"angle":45,"axis":"z","origin":[7.0875,1.21037,9.375]},"faces":{"north":{"uv":[6,11,8,13],"texture":"#mewear"},"east":{"uv":[6,11,8,13],"texture":"#mewear"},"south":{"uv":[6,11,8,13],"texture":"#mewear"},"west":{"uv":[6,11,8,13],"texture":"#mewear"},"up":{"uv":[6,11,8,13],"texture":"#mewear"},"down":{"uv":[6,11,8,13],"texture":"#mewear"}}},{"from":[7.3875,0.53,5.7625],"to":[8.225,1.155,6.3625],"rotation":{"angle":45,"axis":"z","origin":[7.0875,1.155,5.5625]},"faces":{"down":{"uv":[0,0,7,5],"texture":"#mewear"}}},{"from":[6.5875,0.54787,5.5625],"to":[10.025,1.17287,6.5625],"rotation":{"angle":45,"axis":"z","origin":[7.0875,1.17287,5.5625]},"faces":{"north":{"uv":[6,11,8,13],"texture":"#mewear"},"east":{"uv":[6,11,8,13],"texture":"#mewear"},"south":{"uv":[6,11,8,13],"texture":"#mewear"},"west":{"uv":[6,11,8,13],"texture":"#mewear"},"up":{"uv":[6,11,8,13],"texture":"#mewear"},"down":{"uv":[6,11,8,13],"texture":"#mewear"}}},{"from":[7,8.5,6],"to":[9.5,11,10],"faces":{"north":{"uv":[6,11,8,13],"texture":"#mewear"},"east":{"uv":[6,11,8,13],"texture":"#mewear"},"south":{"uv":[6,11,8,13],"texture":"#mewear"},"west":{"uv":[6,11,8,13],"texture":"#mewear"},"up":{"uv":[6,11,8,13],"texture":"#mewear"},"down":{"uv":[6,11,8,13],"texture":"#mewear"}}},{"from":[6.1125,8.75,7.94],"to":[7.6125,10.75,9.98],"rotation":{"angle":22.5,"axis":"y","origin":[6.1125,8.75,8]},"faces":{"north":{"uv":[6,11,8,13],"texture":"#mewear"},"east":{"uv":[6,11,8,13],"texture":"#mewear"},"south":{"uv":[6,11,8,13],"texture":"#mewear"},"west":{"uv":[6,11,8,13],"texture":"#mewear"},"up":{"uv":[6,11,8,13],"texture":"#mewear"},"down":{"uv":[6,11,8,13],"texture":"#mewear"}}},{"from":[6.84,8.75,6.125],"to":[8.34,10.75,8.095],"rotation":{"angle":-22.5,"axis":"y","origin":[6.84,8.75,6.125]},"faces":{"north":{"uv":[6,11,8,13],"texture":"#mewear"},"east":{"uv":[6,11,8,13],"texture":"#mewear"},"south":{"uv":[6,11,8,13],"texture":"#mewear"},"west":{"uv":[6,11,8,13],"texture":"#mewear"},"up":{"uv":[6,11,8,13],"texture":"#mewear"},"down":{"uv":[6,11,8,13],"texture":"#mewear"}}},{"from":[7,10,6],"to":[9.5,11,7.5],"rotation":{"angle":-22.5,"axis":"x","origin":[7,11,6]},"faces":{"north":{"uv":[6,11,8,13],"texture":"#mewear"},"east":{"uv":[6,11,8,13],"texture":"#mewear"},"south":{"uv":[6,11,8,13],"texture":"#mewear"},"west":{"uv":[6,11,8,13],"texture":"#mewear"},"up":{"uv":[6,11,8,13],"texture":"#mewear"},"down":{"uv":[6,11,8,13],"texture":"#mewear"}}},{"from":[7,10.5625,8.625],"to":[9.5,11.5625,10.125],"rotation":{"angle":22.5,"axis":"x","origin":[7,11.5625,8.625]},"faces":{"north":{"uv":[6,11,8,13],"texture":"#mewear"},"east":{"uv":[6,11,8,13],"texture":"#mewear"},"south":{"uv":[6,11,8,13],"texture":"#mewear"},"west":{"uv":[6,11,8,13],"texture":"#mewear"},"up":{"uv":[6,11,8,13],"texture":"#mewear"},"down":{"uv":[6,11,8,13],"texture":"#mewear"}}},{"from":[7,10.625,7.375],"to":[9.5,11.5625,8.625],"faces":{"north":{"uv":[6,11,8,13],"texture":"#mewear"},"east":{"uv":[6,11,8,13],"texture":"#mewear"},"south":{"uv":[6,11,8,13],"texture":"#mewear"},"west":{"uv":[6,11,8,13],"texture":"#mewear"},"up":{"uv":[6,11,8,13],"texture":"#mewear"},"down":{"uv":[6,11,8,13],"texture":"#mewear"}}},{"from":[7.125,8.25,6.5],"to":[9.3125,8.75,9.5],"faces":{"north":{"uv":[6,11,8,13],"texture":"#mewear"},"east":{"uv":[6,11,8,13],"texture":"#mewear"},"south":{"uv":[6,11,8,13],"texture":"#mewear"},"west":{"uv":[6,11,8,13],"texture":"#mewear"},"up":{"uv":[6,11,8,13],"texture":"#mewear"},"down":{"uv":[6,11,8,13],"texture":"#mewear"}}},{"from":[7.0125,2.60796,9.25],"to":[9.3375,5.05796,10.25],"rotation":{"angle":22.5,"axis":"z","origin":[6.8125,5.05796,9.25]},"faces":{"north":{"uv":[6,11,8,13],"texture":"#mewear"},"east":{"uv":[6,11,8,13],"texture":"#mewear"},"south":{"uv":[6,11,8,13],"texture":"#mewear"},"west":{"uv":[6,11,8,13],"texture":"#mewear"},"up":{"uv":[6,11,8,13],"texture":"#mewear"},"down":{"uv":[6,11,8,13],"texture":"#mewear"}}},{"from":[6.15,7.925,7.1875],"to":[7.65,8.925,8.6875],"rotation":{"angle":22.5,"axis":"z","origin":[6.15,8.925,7.1875]},"faces":{"north":{"uv":[6,11,8,13],"texture":"#mewear"},"east":{"uv":[6,11,8,13],"texture":"#mewear"},"south":{"uv":[6,11,8,13],"texture":"#mewear"},"west":{"uv":[6,11,8,13],"texture":"#mewear"},"up":{"uv":[6,11,8,13],"texture":"#mewear"},"down":{"uv":[6,11,8,13],"texture":"#mewear"}}},{"from":[5.75,7.625,7.1875],"to":[7.25,8.625,8.6875],"rotation":{"angle":45,"axis":"z","origin":[5.75,8.625,7.1875]},"faces":{"north":{"uv":[6,11,8,13],"texture":"#mewear"},"east":{"uv":[6,11,8,13],"texture":"#mewear"},"south":{"uv":[6,11,8,13],"texture":"#mewear"},"west":{"uv":[6,11,8,13],"texture":"#mewear"},"up":{"uv":[6,11,8,13],"texture":"#mewear"},"down":{"uv":[6,11,8,13],"texture":"#mewear"}}},{"from":[7.9125,1.90796,9.3375],"to":[8.5375,2.40796,10.1375],"rotation":{"angle":22.5,"axis":"z","origin":[6.3125,4.85796,9.2375]},"faces":{"north":{"uv":[6,11,8,13],"texture":"#mewear"},"east":{"uv":[6,11,8,13],"texture":"#mewear"},"south":{"uv":[6,11,8,13],"texture":"#mewear"},"west":{"uv":[6,11,8,13],"texture":"#mewear"},"up":{"uv":[6,11,8,13],"texture":"#mewear"},"down":{"uv":[6,11,8,13],"texture":"#mewear"}}},{"from":[7.9125,1.90796,5.7875],"to":[8.5375,2.40796,6.5875],"rotation":{"angle":22.5,"axis":"z","origin":[6.3125,4.85796,5.6875]},"faces":{"north":{"uv":[6,11,8,13],"texture":"#mewear"},"east":{"uv":[6,11,8,13],"texture":"#mewear"},"south":{"uv":[6,11,8,13],"texture":"#mewear"},"west":{"uv":[6,11,8,13],"texture":"#mewear"},"up":{"uv":[6,11,8,13],"texture":"#mewear"},"down":{"uv":[6,11,8,13],"texture":"#mewear"}}},{"from":[7.0125,2.60796,5.6875],"to":[9.3375,5.05796,6.6875],"rotation":{"angle":22.5,"axis":"z","origin":[6.8125,5.05796,5.6875]},"faces":{"north":{"uv":[6,11,8,13],"texture":"#mewear"},"east":{"uv":[6,11,8,13],"texture":"#mewear"},"south":{"uv":[6,11,8,13],"texture":"#mewear"},"west":{"uv":[6,11,8,13],"texture":"#mewear"},"up":{"uv":[6,11,8,13],"texture":"#mewear"},"down":{"uv":[6,11,8,13],"texture":"#mewear"}}},{"from":[7.5625,4.425,8.2],"to":[9.3125,6.025,9.2],"faces":{"north":{"uv":[6,11,8,13],"texture":"#mewear"},"east":{"uv":[6,11,8,13],"texture":"#mewear"},"south":{"uv":[6,11,8,13],"texture":"#mewear"},"west":{"uv":[6,11,8,13],"texture":"#mewear"},"up":{"uv":[6,11,8,13],"texture":"#mewear"},"down":{"uv":[6,11,8,13],"texture":"#mewear"}}},{"from":[7.5625,4.9625,6.3],"to":[9.3125,6.0625,9.6],"faces":{"north":{"uv":[6,11,8,13],"texture":"#mewear"},"east":{"uv":[6,11,8,13],"texture":"#mewear"},"south":{"uv":[6,11,8,13],"texture":"#mewear"},"west":{"uv":[6,11,8,13],"texture":"#mewear"},"up":{"uv":[6,11,8,13],"texture":"#mewear"},"down":{"uv":[6,11,8,13],"texture":"#mewear"}}},{"from":[8,7.3125,8.3125],"to":[8.6875,8.25,10.8125],"rotation":{"angle":22.5,"axis":"x","origin":[8,8.25,8.3125]},"faces":{"north":{"uv":[6,11,8,13],"texture":"#mewear"},"east":{"uv":[6,11,8,13],"texture":"#mewear"},"south":{"uv":[6,11,8,13],"texture":"#mewear"},"west":{"uv":[6,11,8,13],"texture":"#mewear"},"up":{"uv":[6,11,8,13],"texture":"#mewear"},"down":{"uv":[6,11,8,13],"texture":"#mewear"}}},{"from":[8.75,8.75,6.4375],"to":[9.75,10.875,9.4375],"faces":{"north":{"uv":[6,11,8,13],"texture":"#mewear"},"east":{"uv":[6,11,8,13],"texture":"#mewear"},"south":{"uv":[6,11,8,13],"texture":"#mewear"},"west":{"uv":[6,11,8,13],"texture":"#mewear"},"up":{"uv":[6,11,8,13],"texture":"#mewear"},"down":{"uv":[6,11,8,13],"texture":"#mewear"}}},{"from":[8,6.375,5.25],"to":[8.6875,7.3125,7.75],"rotation":{"angle":-22.5,"axis":"x","origin":[8,7.3125,5.25]},"faces":{"north":{"uv":[6,11,8,13],"texture":"#mewear"},"east":{"uv":[6,11,8,13],"texture":"#mewear"},"south":{"uv":[6,11,8,13],"texture":"#mewear"},"west":{"uv":[6,11,8,13],"texture":"#mewear"},"up":{"uv":[6,11,8,13],"texture":"#mewear"},"down":{"uv":[6,11,8,13],"texture":"#mewear"}}},{"from":[6.5,10.6875,7.0625],"to":[8.25,11.0625,8.875],"faces":{"north":{"uv":[6,11,8,13],"texture":"#mewear"},"east":{"uv":[6,11,8,13],"texture":"#mewear"},"south":{"uv":[6,11,8,13],"texture":"#mewear"},"west":{"uv":[6,11,8,13],"texture":"#mewear"},"up":{"uv":[6,11,8,13],"texture":"#mewear"},"down":{"uv":[6,11,8,13],"texture":"#mewear"}}},{"from":[9.625,3.6875,6.75],"to":[10.125,5.75,9.1875],"faces":{"north":{"uv":[6,11,8,13],"texture":"#mewear"},"east":{"uv":[6,11,8,13],"texture":"#mewear"},"south":{"uv":[6,11,8,13],"texture":"#mewear"},"west":{"uv":[6,11,8,13],"texture":"#mewear"},"up":{"uv":[6,11,8,13],"texture":"#mewear"},"down":{"uv":[6,11,8,13],"texture":"#mewear"}}},{"from":[10.0625,4,7.8125],"to":[11.0625,4.5,8.3125],"rotation":{"angle":-45,"axis":"y","origin":[10.0625,4,7.8125]},"faces":{"north":{"uv":[6,11,8,13],"texture":"#mewear"},"east":{"uv":[6,11,8,13],"texture":"#mewear"},"south":{"uv":[6,11,8,13],"texture":"#mewear"},"west":{"uv":[6,11,8,13],"texture":"#mewear"},"up":{"uv":[6,11,8,13],"texture":"#mewear"},"down":{"uv":[6,11,8,13],"texture":"#mewear"}}},{"from":[10.375,4,8.6875],"to":[10.875,4.5,10.6875],"rotation":{"angle":22.5,"axis":"y","origin":[10.375,4,8.6875]},"faces":{"north":{"uv":[6,11,8,13],"texture":"#mewear"},"east":{"uv":[6,11,8,13],"texture":"#mewear"},"south":{"uv":[6,11,8,13],"texture":"#mewear"},"west":{"uv":[6,11,8,13],"texture":"#mewear"},"up":{"uv":[6,11,8,13],"texture":"#mewear"},"down":{"uv":[6,11,8,13],"texture":"#mewear"}}},{"from":[11.0625,3.875,10.1875],"to":[11.5625,4.375,12.1875],"rotation":{"angle":-22.5,"axis":"x","origin":[11.0625,4.375,10.1875]},"faces":{"north":{"uv":[6,11,8,13],"texture":"#mewear"},"east":{"uv":[6,11,8,13],"texture":"#mewear"},"south":{"uv":[6,11,8,13],"texture":"#mewear"},"west":{"uv":[6,11,8,13],"texture":"#mewear"},"up":{"uv":[6,11,8,13],"texture":"#mewear"},"down":{"uv":[6,11,8,13],"texture":"#mewear"}}},{"from":[11.0625,4.8125,12.375],"to":[11.5625,6.3125,12.875],"rotation":{"angle":22.5,"axis":"x","origin":[11.0625,6.3125,12.375]},"faces":{"north":{"uv":[6,11,8,13],"texture":"#mewear"},"east":{"uv":[6,11,8,13],"texture":"#mewear"},"south":{"uv":[6,11,8,13],"texture":"#mewear"},"west":{"uv":[6,11,8,13],"texture":"#mewear"},"up":{"uv":[6,11,8,13],"texture":"#mewear"},"down":{"uv":[6,11,8,13],"texture":"#mewear"}}},{"from":[11.0625,5.875,11.75],"to":[11.5625,7.375,12.25],"rotation":{"angle":-22.5,"axis":"x","origin":[11.0625,7.375,11.75]},"faces":{"north":{"uv":[6,11,8,13],"texture":"#mewear"},"east":{"uv":[6,11,8,13],"texture":"#mewear"},"south":{"uv":[6,11,8,13],"texture":"#mewear"},"west":{"uv":[6,11,8,13],"texture":"#mewear"},"up":{"uv":[6,11,8,13],"texture":"#mewear"},"down":{"uv":[6,11,8,13],"texture":"#mewear"}}},{"from":[11.0625,7.6875,10.8125],"to":[11.5625,8.1875,12.3125],"rotation":{"angle":22.5,"axis":"x","origin":[11.0625,8.1875,10.8125]},"faces":{"north":{"uv":[6,11,8,13],"texture":"#mewear"},"east":{"uv":[6,11,8,13],"texture":"#mewear"},"south":{"uv":[6,11,8,13],"texture":"#mewear"},"west":{"uv":[6,11,8,13],"texture":"#mewear"},"up":{"uv":[6,11,8,13],"texture":"#mewear"},"down":{"uv":[6,11,8,13],"texture":"#mewear"}}},{"from":[11,7.6875,7.8125],"to":[11.5,8.1875,10.8125],"faces":{"north":{"uv":[6,11,8,13],"texture":"#mewear"},"east":{"uv":[6,11,8,13],"texture":"#mewear"},"south":{"uv":[6,11,8,13],"texture":"#mewear"},"west":{"uv":[6,11,8,13],"texture":"#mewear"},"up":{"uv":[6,11,8,13],"texture":"#mewear"},"down":{"uv":[6,11,8,13],"texture":"#mewear"}}},{"from":[11,6.75,5.5],"to":[11.5,7.25,8],"rotation":{"angle":-22.5,"axis":"x","origin":[11,7.25,5.5]},"faces":{"north":{"uv":[6,11,8,13],"texture":"#mewear"},"east":{"uv":[6,11,8,13],"texture":"#mewear"},"south":{"uv":[6,11,8,13],"texture":"#mewear"},"west":{"uv":[6,11,8,13],"texture":"#mewear"},"up":{"uv":[6,11,8,13],"texture":"#mewear"},"down":{"uv":[6,11,8,13],"texture":"#mewear"}}},{"from":[11,6.8125,4.1875],"to":[11.5,7.3125,5.6875],"faces":{"north":{"uv":[6,11,8,13],"texture":"#mewear"},"east":{"uv":[6,11,8,13],"texture":"#mewear"},"south":{"uv":[6,11,8,13],"texture":"#mewear"},"west":{"uv":[6,11,8,13],"texture":"#mewear"},"up":{"uv":[6,11,8,13],"texture":"#mewear"},"down":{"uv":[6,11,8,13],"texture":"#mewear"}}},{"from":[11,7.375,2.9375],"to":[11.5,7.875,4.4375],"rotation":{"angle":22.5,"axis":"x","origin":[11,7.875,2.9375]},"faces":{"north":{"uv":[6,11,8,13],"texture":"#mewear"},"east":{"uv":[6,11,8,13],"texture":"#mewear"},"south":{"uv":[6,11,8,13],"texture":"#mewear"},"west":{"uv":[6,11,8,13],"texture":"#mewear"},"up":{"uv":[6,11,8,13],"texture":"#mewear"},"down":{"uv":[6,11,8,13],"texture":"#mewear"}}},{"from":[11,7.3125,2.125],"to":[11.5,8.8125,2.625],"rotation":{"angle":-22.5,"axis":"x","origin":[11,8.8125,2.125]},"faces":{"north":{"uv":[6,11,8,13],"texture":"#mewear"},"east":{"uv":[6,11,8,13],"texture":"#mewear"},"south":{"uv":[6,11,8,13],"texture":"#mewear"},"west":{"uv":[6,11,8,13],"texture":"#mewear"},"up":{"uv":[6,11,8,13],"texture":"#mewear"},"down":{"uv":[6,11,8,13],"texture":"#mewear"}}},{"from":[11,8.6875,2.6875],"to":[11.5,10.1875,3.1875],"rotation":{"angle":22.5,"axis":"x","origin":[11,10.1875,2.6875]},"faces":{"north":{"uv":[6,11,8,13],"texture":"#mewear"},"east":{"uv":[6,11,8,13],"texture":"#mewear"},"south":{"uv":[6,11,8,13],"texture":"#mewear"},"west":{"uv":[6,11,8,13],"texture":"#mewear"},"up":{"uv":[6,11,8,13],"texture":"#mewear"},"down":{"uv":[6,11,8,13],"texture":"#mewear"}}},{"from":[10.875,9.4375,4.1875],"to":[11.625,11.9375,5.25],"rotation":{"angle":45,"axis":"x","origin":[10.875,11.9375,4.1875]},"faces":{"north":{"uv":[6,11,8,13],"texture":"#mewear"},"east":{"uv":[6,11,8,13],"texture":"#mewear"},"south":{"uv":[6,11,8,13],"texture":"#mewear"},"west":{"uv":[6,11,8,13],"texture":"#mewear"},"up":{"uv":[6,11,8,13],"texture":"#mewear"},"down":{"uv":[6,11,8,13],"texture":"#mewear"}}},{"from":[10.9375,11,4.125],"to":[11.5625,11.8125,5],"rotation":{"angle":-22.5,"axis":"x","origin":[10.9375,11.8125,4.125]},"faces":{"north":{"uv":[6,11,8,13],"texture":"#mewear"},"east":{"uv":[6,11,8,13],"texture":"#mewear"},"south":{"uv":[6,11,8,13],"texture":"#mewear"},"west":{"uv":[6,11,8,13],"texture":"#mewear"},"up":{"uv":[6,11,8,13],"texture":"#mewear"},"down":{"uv":[6,11,8,13],"texture":"#mewear"}}},{"from":[8.125,11.1375,9.5125],"to":[8.1875,12.2375,11.2],"rotation":{"angle":45,"axis":"x","origin":[8.125,12.1375,9.5125]},"faces":{"east":{"uv":[1,5,15,16],"texture":"#mewear"},"west":{"uv":[1,5,15,16],"texture":"#mewear"}}},{"from":[8.125,9.9125,5.2625],"to":[8.1875,11.0125,6.95],"rotation":{"angle":-45,"axis":"x","origin":[8.125,10.9125,5.2625]},"faces":{"east":{"uv":[1,5,15,16],"texture":"#mewear"},"west":{"uv":[1,5,15,16],"texture":"#mewear"}}},{"from":[6.78,9.1875,6.2],"to":[6.8425,10.25,7.3875],"rotation":{"angle":-22.5,"axis":"y","origin":[6.78,9.1875,6.25]},"faces":{"west":{"uv":[2,2,14,13],"texture":"#mewlefteye"}}},{"from":[6.3625,9.1875,8.65],"to":[6.425,10.25,9.8375],"rotation":{"angle":22.5,"axis":"y","origin":[6.3625,9.1875,8.75]},"faces":{"west":{"uv":[14,2,2,13],"texture":"#mewlefteye"}}},{"from":[8.25,6.525,10.275],"to":[8.3125,7.425,11.275],"rotation":{"angle":22.5,"axis":"x","origin":[8.25,7.475,10.275]},"faces":{"east":{"uv":[13,2,3,13],"texture":"#mewhand"},"west":{"uv":[3,2,13,13],"texture":"#mewhand"}}},{"from":[8.25,6.2,4.6125],"to":[8.3125,7.1,5.5125],"rotation":{"angle":-22.5,"axis":"x","origin":[8.25,7.15,4.8125]},"faces":{"east":{"uv":[3,2,13,13],"texture":"#mewhand"},"west":{"uv":[13,2,3,13],"texture":"#mewhand"}}}],"display":{"thirdperson_righthand":{"scale":[0,0,0]},"thirdperson_lefthand":{"scale":[0,0,0]},"firstperson_righthand":{"scale":[0,0,0]},"firstperson_lefthand":{"scale":[0,0,0]},"gui":{"rotation":[30,50,0],"translation":[-0.5,1,0],"scale":[1.2,1.2,1.2]},"head":{"rotation":[0,-90,0],"translation":[0,-9.5,-1],"scale":[1.9,1.9,1.9]}}}