{"credit":"Designed by Samasaurus6 with BDcraft Cubik PRO 0.96 Beta - http://bdcraft.net","textures":{"chikorita1":"pokemon_skins/regular/chikorita/chikorita1","chikorita_eye":"pokemon_skins/regular/chikorita/chikorita_eye","chikorita_leaf":"pokemon_skins/regular/chikorita/chikorita_leaf","chikorita_mouth":"pokemon_skins/regular/chikorita/chikorita_mouth","chikorita_nailfeetthing":"pokemon_skins/regular/chikorita/chikorita_nailfeetthing"},"elements":[{"from":[3.5,3.8125,6.312],"to":[8.125,6.1875,9.752],"faces":{"north":{"uv":[2.5,5,15.5,13],"texture":"#chikorita1"},"east":{"uv":[1,2.5,15,11],"texture":"#chikorita1"},"south":{"uv":[0.5,2.5,15,11],"texture":"#chikorita1"},"west":{"uv":[0.5,5,13.5,12.5],"texture":"#chikorita1"},"up":{"uv":[3.5,6.3125,12.5,12.8125],"texture":"#chikorita1"},"down":{"uv":[12.5,9.75,4,3.25],"texture":"#chikorita1"}}},{"from":[2.9375,4.0625,6.5],"to":[4.75,8.5625,9.4375],"faces":{"north":{"uv":[11,0,15,5.5],"texture":"#chikorita1"},"east":{"uv":[6,0,10,5.5],"texture":"#chikorita1"},"south":{"uv":[1,0,5,5.5],"texture":"#chikorita1"},"west":{"uv":[6,0,10,5.5],"texture":"#chikorita1"},"up":{"uv":[1,6,5,10],"texture":"#chikorita1"},"down":{"uv":[15,10,11,6],"texture":"#chikorita1"}}},{"from":[5.5,5.8125,6.8125],"to":[8,6.4375,9.25],"faces":{"north":{"uv":[7.5,0,12,1],"texture":"#chikorita1"},"east":{"uv":[6.5,0,9.5,1],"texture":"#chikorita1"},"south":{"uv":[4,0,8.5,1],"texture":"#chikorita1"},"west":{"uv":[6.5,0,9.5,1],"texture":"#chikorita1"},"up":{"uv":[4,6.5,8.5,9.5],"texture":"#chikorita1"},"down":{"uv":[12,9.5,7.5,6.5],"texture":"#chikorita1"}}},{"from":[2.9375,8.625,6.75],"to":[4.9375,9.125,9.25],"faces":{"north":{"uv":[11.5,0,14.5,1],"texture":"#chikorita1"},"east":{"uv":[6.5,0,9.5,1],"texture":"#chikorita1"},"south":{"uv":[1.5,0,4.5,1],"texture":"#chikorita1"},"west":{"uv":[6.5,0,9.5,1],"texture":"#chikorita1"},"up":{"uv":[1.5,6.5,4.5,9.5],"texture":"#chikorita1"},"down":{"uv":[14.5,9.5,11.5,6.5],"texture":"#chikorita1"}}},{"from":[4.0625,4.8125,6.5],"to":[5.4375,8.25,9.5625],"rotation":{"angle":22.5,"axis":"z","origin":[4.0625,8.25,6.5]},"faces":{"north":{"uv":[7.5,0,12,1],"texture":"#chikorita1"},"east":{"uv":[6.5,0,9.5,1],"texture":"#chikorita1"},"south":{"uv":[4,0,8.5,1],"texture":"#chikorita1"},"west":{"uv":[6.5,0,9.5,1],"texture":"#chikorita1"},"up":{"uv":[4,6.5,8.5,9.5],"texture":"#chikorita1"},"down":{"uv":[12,9.5,7.5,6.5],"texture":"#chikorita1"}}},{"from":[7.4375,4.125,6.5],"to":[8.4375,5.875,9.5],"faces":{"north":{"uv":[7.5625,10.125,8.5625,11.875],"texture":"#chikorita1"},"east":{"uv":[6.5,10.125,9.5,11.875],"texture":"#chikorita1"},"south":{"uv":[7.4375,10.125,8.4375,11.875],"texture":"#chikorita1"},"west":{"uv":[6.5,10.125,9.5,11.875],"texture":"#chikorita1"},"up":{"uv":[7.4375,6.5,8.4375,9.5],"texture":"#chikorita1"},"down":{"uv":[8.5625,9.5,7.5625,6.5],"texture":"#chikorita1"}}},{"from":[2.8125,2.6875,8.437],"to":[4.3125,4.1875,9.7495],"rotation":{"angle":22.5,"axis":"z","origin":[2.8125,4.1875,8.4375]},"faces":{"north":{"uv":[8,9.5,14.5,16],"texture":"#chikorita1"},"east":{"uv":[5.5,10,11.5,16],"texture":"#chikorita1"},"south":{"uv":[3.5,9.5,9,15],"texture":"#chikorita1"},"west":{"uv":[2.5,10,8,16],"texture":"#chikorita1"},"up":{"uv":[3.5,8.375,8,13.375],"texture":"#chikorita1"},"down":{"uv":[11,8.5,16,14],"texture":"#chikorita1"}}},{"from":[6.51516,2.8125,8.8125],"to":[6.89016,3.0625,9.1875],"rotation":{"angle":-45,"axis":"y","origin":[6.51516,2.8125,8.8125]},"faces":{"north":{"uv":[13.875,13.625,14.375,13.875],"texture":"#chikorita_nailfeetthing"},"east":{"uv":[6.625,13.625,7.125,13.875],"texture":"#chikorita_nailfeetthing"},"south":{"uv":[1.625,13.625,2.125,13.875],"texture":"#chikorita_nailfeetthing"},"west":{"uv":[8.875,13.625,9.375,13.875],"texture":"#chikorita_nailfeetthing"},"up":{"uv":[1.625,8.875,2.125,9.375],"texture":"#chikorita_nailfeetthing"},"down":{"uv":[14.375,9.375,13.875,8.875],"texture":"#chikorita_nailfeetthing"}}},{"from":[2.3125,4.125,7.5],"to":[3.3125,8.625,8.5],"faces":{"north":{"uv":[5,2,10,15],"texture":"#chikorita1"},"east":{"uv":[7.5,7.375,8.5,11.875],"texture":"#chikorita1"},"south":{"uv":[5,1,10.5,14],"texture":"#chikorita1"},"west":{"uv":[4.5,1,9.5,14.5],"texture":"#chikorita1"},"up":{"uv":[2.3125,7.5,3.3125,8.5],"texture":"#chikorita1"},"down":{"uv":[13.6875,8.5,12.6875,7.5],"texture":"#chikorita1"}}},{"from":[2.8125,4.125,6.3125],"to":[3.8125,8.625,7.625],"rotation":{"angle":-22.5,"axis":"y","origin":[2.8125,4.125,6.3125]},"faces":{"north":{"uv":[0,4,4,15],"texture":"#chikorita1"},"east":{"uv":[0.5,4,4,13.5],"texture":"#chikorita1"},"south":{"uv":[0.5,4,4,15],"texture":"#chikorita1"},"west":{"uv":[0,4,4,16],"texture":"#chikorita1"},"up":{"uv":[0,4,0.5,4.5],"texture":"#chikorita1"},"down":{"uv":[0,4.5,0.5,4],"texture":"#chikorita1"}}},{"from":[6,2.6875,6.3125],"to":[7.5,4.1875,7.625],"rotation":{"angle":22.5,"axis":"z","origin":[6,4.1875,6.3125]},"faces":{"north":{"uv":[11,12.75,12.5,14.25],"texture":"#chikorita1"},"east":{"uv":[6.125,12.75,7.625,14.25],"texture":"#chikorita1"},"south":{"uv":[3.5,12.75,5,14.25],"texture":"#chikorita1"},"west":{"uv":[8.375,12.75,9.875,14.25],"texture":"#chikorita1"},"up":{"uv":[3.5,8.375,5,9.875],"texture":"#chikorita1"},"down":{"uv":[12.5,9.875,11,8.375],"texture":"#chikorita1"}}},{"from":[5.9375,2.6875,8.4375],"to":[7.4375,4.1875,9.75],"rotation":{"angle":22.5,"axis":"z","origin":[5.9375,4.1875,8.4375]},"faces":{"north":{"uv":[11,12.75,12.5,14.25],"texture":"#chikorita1"},"east":{"uv":[6.125,12.75,7.625,14.25],"texture":"#chikorita1"},"south":{"uv":[3.5,12.75,5,14.25],"texture":"#chikorita1"},"west":{"uv":[8.375,12.75,9.875,14.25],"texture":"#chikorita1"},"up":{"uv":[3.5,8.375,5,9.875],"texture":"#chikorita1"},"down":{"uv":[12.5,9.875,11,8.375],"texture":"#chikorita1"}}},{"from":[2.5,7.8125,7],"to":[3.1875,8.625,9],"rotation":{"angle":45,"axis":"z","origin":[2.5,8.625,7]},"faces":{"north":{"uv":[13.5,0,14.5,1],"texture":"#chikorita1"},"east":{"uv":[6.75,0,9.25,1],"texture":"#chikorita1"},"south":{"uv":[1.5,0,2.5,1],"texture":"#chikorita1"},"west":{"uv":[6.75,0,9.25,1],"texture":"#chikorita1"},"up":{"uv":[1.5,6.75,2.5,9.25],"texture":"#chikorita1"},"down":{"uv":[14.5,9.25,13.5,6.75],"texture":"#chikorita1"}}},{"from":[2.3125,4.125,8.50768],"to":[3.3125,8.625,9.82018],"rotation":{"angle":22.5,"axis":"y","origin":[2.3125,4.125,8.50768]},"faces":{"north":{"uv":[3.5,1,7.5,12.5],"texture":"#chikorita1"},"east":{"uv":[0.5,4,0,4.5],"texture":"#chikorita1"},"south":{"uv":[4,3,8,14],"texture":"#chikorita1"},"west":{"uv":[2,1.5,6,14],"texture":"#chikorita1"},"up":{"uv":[0,4,0.5,4.5],"texture":"#chikorita1"},"down":{"uv":[0,4.5,0.5,4],"texture":"#chikorita1"}}},{"from":[2.41606,5.125,7.6875],"to":[2.91606,5.4375,8.1875],"rotation":{"angle":-45,"axis":"y","origin":[2.41606,5.125,7.6875]},"faces":{"north":{"uv":[7.5,10,8,10.5],"texture":"#chikorita_leaf"},"east":{"uv":[8,11.5,7.5,12],"texture":"#chikorita_leaf"},"south":{"uv":[8,11,7.5,11.5],"texture":"#chikorita_leaf"},"west":{"uv":[7.5,11.5,8,12],"texture":"#chikorita_leaf"},"up":{"uv":[7.5,11,8,11.5],"texture":"#chikorita_leaf"},"down":{"uv":[7.5,12,8,11.5],"texture":"#chikorita_leaf"}}},{"from":[2.4375,5.25,6.62884],"to":[2.9375,5.5625,7.12884],"rotation":{"angle":22.5,"axis":"y","origin":[2.4375,5.25,6.62884]},"faces":{"north":{"uv":[7.5,10,8,10.5],"texture":"#chikorita_leaf"},"east":{"uv":[8,11.5,7.5,12],"texture":"#chikorita_leaf"},"south":{"uv":[8,11,7.5,11.5],"texture":"#chikorita_leaf"},"west":{"uv":[7.5,11.5,8,12],"texture":"#chikorita_leaf"},"up":{"uv":[7.5,11,8,11.5],"texture":"#chikorita_leaf"},"down":{"uv":[7.5,12,8,11.5],"texture":"#chikorita_leaf"}}},{"from":[2.4375,5.25,9.3125],"to":[2.9375,5.5625,9.8125],"rotation":{"angle":45,"axis":"y","origin":[2.4375,5.25,9.3125]},"faces":{"north":{"uv":[7.5,10,8,10.5],"texture":"#chikorita_leaf"},"east":{"uv":[8,11.5,7.5,12],"texture":"#chikorita_leaf"},"south":{"uv":[8,11,7.5,11.5],"texture":"#chikorita_leaf"},"west":{"uv":[7.5,11.5,8,12],"texture":"#chikorita_leaf"},"up":{"uv":[7.5,11,8,11.5],"texture":"#chikorita_leaf"},"down":{"uv":[7.5,12,8,11.5],"texture":"#chikorita_leaf"}}},{"from":[3.5625,5.375,9.4375],"to":[4.0625,5.6875,9.9375],"rotation":{"angle":-45,"axis":"y","origin":[3.5625,5.375,9.4375]},"faces":{"north":{"uv":[7.5,10,8,10.5],"texture":"#chikorita_leaf"},"east":{"uv":[8,11.5,7.5,12],"texture":"#chikorita_leaf"},"south":{"uv":[8,11,7.5,11.5],"texture":"#chikorita_leaf"},"west":{"uv":[7.5,11.5,8,12],"texture":"#chikorita_leaf"},"up":{"uv":[7.5,11,8,11.5],"texture":"#chikorita_leaf"},"down":{"uv":[7.5,12,8,11.5],"texture":"#chikorita_leaf"}}},{"from":[4.72855,5.625,9.5],"to":[5.22855,5.9375,10],"rotation":{"angle":-45,"axis":"y","origin":[4.72855,5.625,9.5]},"faces":{"north":{"uv":[7.5,10,8,10.5],"texture":"#chikorita_leaf"},"east":{"uv":[8,11.5,7.5,12],"texture":"#chikorita_leaf"},"south":{"uv":[8,11,7.5,11.5],"texture":"#chikorita_leaf"},"west":{"uv":[7.5,11.5,8,12],"texture":"#chikorita_leaf"},"up":{"uv":[7.5,11,8,11.5],"texture":"#chikorita_leaf"},"down":{"uv":[7.5,12,8,11.5],"texture":"#chikorita_leaf"}}},{"from":[5.66605,6.0625,9.25],"to":[6.16605,6.375,9.75],"rotation":{"angle":-45,"axis":"y","origin":[5.66605,6.0625,9.25]},"faces":{"north":{"uv":[7.5,10,8,10.5],"texture":"#chikorita_leaf"},"east":{"uv":[8,11.5,7.5,12],"texture":"#chikorita_leaf"},"south":{"uv":[8,11,7.5,11.5],"texture":"#chikorita_leaf"},"west":{"uv":[7.5,11.5,8,12],"texture":"#chikorita_leaf"},"up":{"uv":[7.5,11,8,11.5],"texture":"#chikorita_leaf"},"down":{"uv":[7.5,12,8,11.5],"texture":"#chikorita_leaf"}}},{"from":[2.3125,3.3125,7.4375],"to":[2.875,4.125,8.5625],"rotation":{"angle":45,"axis":"z","origin":[2.3125,4.125,7.4375]},"faces":{"north":{"uv":[13.5,0,14.5,1],"texture":"#chikorita1"},"east":{"uv":[6.75,0,9.25,1],"texture":"#chikorita1"},"south":{"uv":[1.5,0,2.5,1],"texture":"#chikorita1"},"west":{"uv":[6.75,0,9.25,1],"texture":"#chikorita1"},"up":{"uv":[1.5,6.75,2.5,9.25],"texture":"#chikorita1"},"down":{"uv":[14.5,9.25,13.5,6.75],"texture":"#chikorita1"}}},{"from":[2.6875,6.5,6.5625],"to":[2.75,8,7.5625],"rotation":{"angle":-22.5,"axis":"y","origin":[2.6875,6.5,6.5625]},"faces":{"west":{"uv":[2,0,13,14],"texture":"#chikorita_eye"}}},{"from":[2.3125,6.5,8.5625],"to":[2.375,8,9.5625],"rotation":{"angle":22.5,"axis":"y","origin":[2.3125,6.5,8.5625]},"faces":{"west":{"uv":[13,0,2,14],"texture":"#chikorita_eye"}}},{"from":[2.8125,4.125,9.25],"to":[4.8125,8.625,9.75],"faces":{"north":{"uv":[7,2.5,12.5,14.5],"texture":"#chikorita1"},"east":{"uv":[6.25,7.375,8.75,15.375],"texture":"#chikorita1"},"south":{"uv":[3,1.5,8.5,14.5],"texture":"#chikorita1"},"west":{"uv":[9.25,7.375,10.75,16],"texture":"#chikorita1"},"up":{"uv":[2.8125,9.25,9.3125,11.25],"texture":"#chikorita1"},"down":{"uv":[8,7.5,15,10],"texture":"#chikorita1"}}},{"from":[4.94952,8.3125,6.8125],"to":[5.44952,9.125,9.25],"rotation":{"angle":-45,"axis":"z","origin":[4.94952,9.125,6.8125]},"faces":{"north":{"uv":[13.5,0,14.5,1],"texture":"#chikorita1"},"east":{"uv":[6.75,0,9.25,1],"texture":"#chikorita1"},"south":{"uv":[1.5,0,2.5,1],"texture":"#chikorita1"},"west":{"uv":[6.75,0,9.25,1],"texture":"#chikorita1"},"up":{"uv":[1.5,6.75,2.5,9.25],"texture":"#chikorita1"},"down":{"uv":[14.5,9.25,13.5,6.75],"texture":"#chikorita1"}}},{"from":[3.375,8.75,7.8125],"to":[3.5,9.75,8.1875],"rotation":{"angle":-22.5,"axis":"z","origin":[3.375,9.75,7.8125]},"faces":{"north":{"uv":[7.5,11.5,8,12.5],"texture":"#chikorita_leaf"},"east":{"uv":[7.5,11,8,12],"texture":"#chikorita_leaf"},"south":{"uv":[7.5,11,8,12],"texture":"#chikorita_leaf"},"west":{"uv":[7.5,11,8,12],"texture":"#chikorita_leaf"},"up":{"uv":[8,11,8.5,11.5],"texture":"#chikorita_leaf"},"down":{"uv":[8.5,9.5,8,9],"texture":"#chikorita_leaf"}}},{"from":[3.375,9.6875,6.5],"to":[5.875,9.75,9.5],"rotation":{"angle":45,"axis":"z","origin":[3.375,9.75,6.5]},"faces":{"up":{"uv":[4.5,14.5,12,10.5],"rotation":270,"texture":"#chikorita_leaf"},"down":{"uv":[12,10,4.5,14.5],"rotation":90,"texture":"#chikorita_leaf"}}},{"from":[5.125,11.4375,6.5],"to":[7.125,11.5,9.5],"faces":{"up":{"uv":[4.5,10,12,6],"rotation":270,"texture":"#chikorita_leaf"},"down":{"uv":[12,5.5,4.5,10],"rotation":90,"texture":"#chikorita_leaf"}}},{"from":[7.125,11.4375,6.5],"to":[9.625,11.5,9.5],"rotation":{"angle":-22.5,"axis":"z","origin":[7.125,11.5,6.5]},"faces":{"up":{"uv":[4.5,5.5,12,0],"rotation":270,"texture":"#chikorita_leaf"},"down":{"uv":[12,0,4.5,5.5],"rotation":90,"texture":"#chikorita_leaf"}}},{"from":[3.5625,4.625,9.249],"to":[4.9375,8.0625,9.749],"rotation":{"angle":22.5,"axis":"z","origin":[3.5625,8.0625,9.25]},"faces":{"north":{"uv":[7.5,0,12,1],"texture":"#chikorita1"},"east":{"uv":[6.5,0,9.5,1],"texture":"#chikorita1"},"south":{"uv":[4,0,8.5,1],"texture":"#chikorita1"},"west":{"uv":[6.5,0,9.5,1],"texture":"#chikorita1"},"up":{"uv":[4,6.5,8.5,9.5],"texture":"#chikorita1"},"down":{"uv":[12,9.5,7.5,6.5],"texture":"#chikorita1"}}},{"from":[3.25,8.5,7.8125],"to":[3.375,9.4375,8.1875],"faces":{"north":{"uv":[7.5,11.5,8,12.5],"texture":"#chikorita_leaf"},"east":{"uv":[7.5,11,8,12],"texture":"#chikorita_leaf"},"south":{"uv":[7.5,11,8,12],"texture":"#chikorita_leaf"},"west":{"uv":[7.5,11,8,12],"texture":"#chikorita_leaf"},"up":{"uv":[8,11,8.5,11.5],"texture":"#chikorita_leaf"},"down":{"uv":[8.5,9.5,8,9],"texture":"#chikorita_leaf"}}},{"from":[2.9375,8.0625,8.875],"to":[4.8125,8.6875,9.4375],"rotation":{"angle":-45,"axis":"x","origin":[2.9375,8.6875,8.875]},"faces":{"north":{"uv":[10,7.375,12,8.0625],"texture":"#chikorita1"},"east":{"uv":[2,7.375,2.5,8.0625],"texture":"#chikorita1"},"south":{"uv":[4,7.375,6,8.0625],"texture":"#chikorita1"},"west":{"uv":[13.5,7.375,14,8.0625],"texture":"#chikorita1"},"up":{"uv":[4,13.5,6,14],"texture":"#chikorita1"},"down":{"uv":[12,14,10,13.5],"texture":"#chikorita1"}}},{"from":[7.25,5,6.75],"to":[8.1875,5.75,9.25],"rotation":{"angle":45,"axis":"z","origin":[7.25,5.75,6.75]},"faces":{"north":{"uv":[3.5,5,4.5,6],"texture":"#chikorita1"},"east":{"uv":[8,5,9,6],"texture":"#chikorita1"},"south":{"uv":[11.5,5,12.5,6],"texture":"#chikorita1"},"west":{"uv":[7,5,8,6],"texture":"#chikorita1"},"up":{"uv":[11.5,7,12.5,8],"texture":"#chikorita1"},"down":{"uv":[4.5,8,3.5,7],"texture":"#chikorita1"}}},{"from":[2.25,6.125,7.625],"to":[2.3125,6.9375,8.375],"faces":{"west":{"uv":[0,0.5,16,16],"texture":"#chikorita_mouth"}}},{"from":[2.8125,2.73848,6.314],"to":[4.3125,4.23848,7.6265],"rotation":{"angle":22.5,"axis":"z","origin":[2.8125,4.23848,6.3125]},"faces":{"north":{"uv":[11,12.75,12.5,14.25],"texture":"#chikorita1"},"east":{"uv":[6.125,12.75,7.625,14.25],"texture":"#chikorita1"},"south":{"uv":[3.5,12.75,5,14.25],"texture":"#chikorita1"},"west":{"uv":[8.375,12.75,9.875,14.25],"texture":"#chikorita1"},"up":{"uv":[3.5,8.375,5,9.875],"texture":"#chikorita1"},"down":{"uv":[12.5,9.875,11,8.375],"texture":"#chikorita1"}}},{"from":[2.8125,4.125,6.3125],"to":[4.8125,8.625,6.75],"faces":{"north":{"uv":[7,2.5,12.5,14.5],"texture":"#chikorita1"},"east":{"uv":[6.25,7.375,8.75,15.375],"texture":"#chikorita1"},"south":{"uv":[3,1.5,8.5,14.5],"texture":"#chikorita1"},"west":{"uv":[9.25,7.375,10.75,16],"texture":"#chikorita1"},"up":{"uv":[2.8125,9.25,9.3125,11.25],"texture":"#chikorita1"},"down":{"uv":[8,7.5,15,10],"texture":"#chikorita1"}}},{"from":[2.9375,8.4375,6.75444],"to":[4.8125,9.0625,7.31694],"rotation":{"angle":45,"axis":"x","origin":[2.9375,9.0625,6.75444]},"faces":{"north":{"uv":[10,7.375,12,8.0625],"texture":"#chikorita1"},"east":{"uv":[2,7.375,2.5,8.0625],"texture":"#chikorita1"},"south":{"uv":[4,7.375,6,8.0625],"texture":"#chikorita1"},"west":{"uv":[13.5,7.375,14,8.0625],"texture":"#chikorita1"},"up":{"uv":[4,13.5,6,14],"texture":"#chikorita1"},"down":{"uv":[12,14,10,13.5],"texture":"#chikorita1"}}},{"from":[3.39016,2.8125,6.6875],"to":[3.76516,3.0625,7.0625],"rotation":{"angle":-45,"axis":"y","origin":[3.39016,2.8125,6.6875]},"faces":{"north":{"uv":[13.875,13.625,14.375,13.875],"texture":"#chikorita_nailfeetthing"},"east":{"uv":[6.625,13.625,7.125,13.875],"texture":"#chikorita_nailfeetthing"},"south":{"uv":[1.625,13.625,2.125,13.875],"texture":"#chikorita_nailfeetthing"},"west":{"uv":[8.875,13.625,9.375,13.875],"texture":"#chikorita_nailfeetthing"},"up":{"uv":[1.625,8.875,2.125,9.375],"texture":"#chikorita_nailfeetthing"},"down":{"uv":[14.375,9.375,13.875,8.875],"texture":"#chikorita_nailfeetthing"}}},{"from":[2.875,3.5,7.4375],"to":[7.5,4,8.5625],"faces":{"north":{"uv":[8.5,12,13.125,12.5],"texture":"#chikorita1"},"east":{"uv":[7.4375,12,8.5625,12.5],"texture":"#chikorita1"},"south":{"uv":[2.875,12,7.5,12.5],"texture":"#chikorita1"},"west":{"uv":[7.4375,12,8.5625,12.5],"texture":"#chikorita1"},"up":{"uv":[2.875,7.4375,7.5,8.5625],"texture":"#chikorita1"},"down":{"uv":[13.125,8.5625,8.5,7.4375],"texture":"#chikorita1"}}},{"from":[3.3125,3.5,8.3125],"to":[7.9375,4,9.5625],"rotation":{"angle":-22.5,"axis":"x","origin":[3.3125,4,8.3125]},"faces":{"north":{"uv":[8.5,11,13.125,11.5],"texture":"#chikorita1"},"east":{"uv":[3.875,11,5,11.5],"texture":"#chikorita1"},"south":{"uv":[2.875,11,7.5,11.5],"texture":"#chikorita1"},"west":{"uv":[11,11,12.125,11.5],"texture":"#chikorita1"},"up":{"uv":[2.875,11,7.5,12.125],"texture":"#chikorita1"},"down":{"uv":[13.125,12.125,8.5,11],"texture":"#chikorita1"}}},{"from":[3.3125,3.9375,6.5625],"to":[7.9375,4.4375,7.8125],"rotation":{"angle":22.5,"axis":"x","origin":[3.3125,4.4375,6.5625]},"faces":{"north":{"uv":[8.5,11,13.125,11.5],"texture":"#chikorita1"},"east":{"uv":[3.875,11,5,11.5],"texture":"#chikorita1"},"south":{"uv":[2.875,11,7.5,11.5],"texture":"#chikorita1"},"west":{"uv":[11,11,12.125,11.5],"texture":"#chikorita1"},"up":{"uv":[2.875,11,7.5,12.125],"texture":"#chikorita1"},"down":{"uv":[13.125,12.125,8.5,11],"texture":"#chikorita1"}}},{"from":[3.5625,4.625,6.313],"to":[4.9375,8.0625,6.813],"rotation":{"angle":22.5,"axis":"z","origin":[3.5625,8.0625,6.3125]},"faces":{"north":{"uv":[7.5,0,12,1],"texture":"#chikorita1"},"east":{"uv":[6.5,0,9.5,1],"texture":"#chikorita1"},"south":{"uv":[4,0,8.5,1],"texture":"#chikorita1"},"west":{"uv":[6.5,0,9.5,1],"texture":"#chikorita1"},"up":{"uv":[4,6.5,8.5,9.5],"texture":"#chikorita1"},"down":{"uv":[12,9.5,7.5,6.5],"texture":"#chikorita1"}}},{"from":[4.25,3.375,8.4375],"to":[4.75,4.875,9.75],"faces":{"north":{"uv":[8,9.5,14.5,16],"texture":"#chikorita1"},"east":{"uv":[5.5,10,11.5,16],"texture":"#chikorita1"},"south":{"uv":[3.5,9.5,9,15],"texture":"#chikorita1"},"west":{"uv":[2.5,10,8,16],"texture":"#chikorita1"},"up":{"uv":[3.5,8.375,8,13.375],"texture":"#chikorita1"},"down":{"uv":[11,8.5,16,14],"texture":"#chikorita1"}}},{"from":[5.5,5.9375,9.25],"to":[8,6.4375,9.8125],"rotation":{"angle":22.5,"axis":"x","origin":[5.5,6.4375,9.25]},"faces":{"north":{"uv":[7.5,0,12,1],"texture":"#chikorita1"},"east":{"uv":[6.5,0,9.5,1],"texture":"#chikorita1"},"south":{"uv":[4,0,8.5,1],"texture":"#chikorita1"},"west":{"uv":[6.5,0,9.5,1],"texture":"#chikorita1"},"up":{"uv":[4,6.5,8.5,9.5],"texture":"#chikorita1"},"down":{"uv":[12,9.5,7.5,6.5],"texture":"#chikorita1"}}},{"from":[5.5,5.6875,6.3125],"to":[8,6.1875,6.875],"rotation":{"angle":-22.5,"axis":"x","origin":[5.5,6.1875,6.3125]},"faces":{"north":{"uv":[7.5,0,12,1],"texture":"#chikorita1"},"east":{"uv":[6.5,0,9.5,1],"texture":"#chikorita1"},"south":{"uv":[4,0,8.5,1],"texture":"#chikorita1"},"west":{"uv":[6.5,0,9.5,1],"texture":"#chikorita1"},"up":{"uv":[4,6.5,8.5,9.5],"texture":"#chikorita1"},"down":{"uv":[12,9.5,7.5,6.5],"texture":"#chikorita1"}}},{"from":[7.125,5.4375,7.6875],"to":[8.125,6.4375,8.5],"rotation":{"angle":22.5,"axis":"z","origin":[7.125,6.4375,7.6875]},"faces":{"north":{"uv":[3.5,5,4.5,6],"texture":"#chikorita1"},"east":{"uv":[8,5,9,6],"texture":"#chikorita1"},"south":{"uv":[11.5,5,12.5,6],"texture":"#chikorita1"},"west":{"uv":[7,5,8,6],"texture":"#chikorita1"},"up":{"uv":[11.5,7,12.5,8],"texture":"#chikorita1"},"down":{"uv":[4.5,8,3.5,7],"texture":"#chikorita1"}}},{"from":[3.5625,5.375,5.9375],"to":[4.0625,5.6875,6.4375],"rotation":{"angle":-45,"axis":"y","origin":[3.5625,5.375,5.9375]},"faces":{"north":{"uv":[7.5,10,8,10.5],"texture":"#chikorita_leaf"},"east":{"uv":[8,11.5,7.5,12],"texture":"#chikorita_leaf"},"south":{"uv":[8,11,7.5,11.5],"texture":"#chikorita_leaf"},"west":{"uv":[7.5,11.5,8,12],"texture":"#chikorita_leaf"},"up":{"uv":[7.5,11,8,11.5],"texture":"#chikorita_leaf"},"down":{"uv":[7.5,12,8,11.5],"texture":"#chikorita_leaf"}}},{"from":[4.75,5.625,5.875],"to":[5.25,5.9375,6.375],"rotation":{"angle":-45,"axis":"y","origin":[4.75,5.625,5.875]},"faces":{"north":{"uv":[7.5,10,8,10.5],"texture":"#chikorita_leaf"},"east":{"uv":[8,11.5,7.5,12],"texture":"#chikorita_leaf"},"south":{"uv":[8,11,7.5,11.5],"texture":"#chikorita_leaf"},"west":{"uv":[7.5,11.5,8,12],"texture":"#chikorita_leaf"},"up":{"uv":[7.5,11,8,11.5],"texture":"#chikorita_leaf"},"down":{"uv":[7.5,12,8,11.5],"texture":"#chikorita_leaf"}}},{"from":[5.625,6.0625,6.0625],"to":[6.125,6.375,6.5625],"rotation":{"angle":-45,"axis":"y","origin":[5.625,6.0625,6.0625]},"faces":{"north":{"uv":[7.5,10,8,10.5],"texture":"#chikorita_leaf"},"east":{"uv":[8,11.5,7.5,12],"texture":"#chikorita_leaf"},"south":{"uv":[8,11,7.5,11.5],"texture":"#chikorita_leaf"},"west":{"uv":[7.5,11.5,8,12],"texture":"#chikorita_leaf"},"up":{"uv":[7.5,11,8,11.5],"texture":"#chikorita_leaf"},"down":{"uv":[7.5,12,8,11.5],"texture":"#chikorita_leaf"}}},{"from":[5.8125,6.375,8.9375],"to":[6.3125,6.6875,9.4375],"rotation":{"angle":22.5,"axis":"y","origin":[5.8125,6.375,8.9375]},"faces":{"north":{"uv":[7.5,10,8,10.5],"texture":"#chikorita_leaf"},"east":{"uv":[8,11.5,7.5,12],"texture":"#chikorita_leaf"},"south":{"uv":[8,11,7.5,11.5],"texture":"#chikorita_leaf"},"west":{"uv":[7.5,11.5,8,12],"texture":"#chikorita_leaf"},"up":{"uv":[7.5,11,8,11.5],"texture":"#chikorita_leaf"},"down":{"uv":[7.5,12,8,11.5],"texture":"#chikorita_leaf"}}},{"from":[6.25,6.375,7.5625],"to":[6.75,6.6875,8.0625],"rotation":{"angle":-45,"axis":"y","origin":[6.25,6.375,7.5625]},"faces":{"north":{"uv":[7.5,10,8,10.5],"texture":"#chikorita_leaf"},"east":{"uv":[8,11.5,7.5,12],"texture":"#chikorita_leaf"},"south":{"uv":[8,11,7.5,11.5],"texture":"#chikorita_leaf"},"west":{"uv":[7.5,11.5,8,12],"texture":"#chikorita_leaf"},"up":{"uv":[7.5,11,8,11.5],"texture":"#chikorita_leaf"},"down":{"uv":[7.5,12,8,11.5],"texture":"#chikorita_leaf"}}},{"from":[5.9375,6.375,6.5],"to":[6.4375,6.6875,7],"rotation":{"angle":-22.5,"axis":"y","origin":[5.9375,6.375,6.5]},"faces":{"north":{"uv":[7.5,10,8,10.5],"texture":"#chikorita_leaf"},"east":{"uv":[8,11.5,7.5,12],"texture":"#chikorita_leaf"},"south":{"uv":[8,11,7.5,11.5],"texture":"#chikorita_leaf"},"west":{"uv":[7.5,11.5,8,12],"texture":"#chikorita_leaf"},"up":{"uv":[7.5,11,8,11.5],"texture":"#chikorita_leaf"},"down":{"uv":[7.5,12,8,11.5],"texture":"#chikorita_leaf"}}},{"from":[7.4375,3.375,8.4375],"to":[7.9375,4.875,9.75],"faces":{"north":{"uv":[8,9.5,14.5,16],"texture":"#chikorita1"},"east":{"uv":[5.5,10,11.5,16],"texture":"#chikorita1"},"south":{"uv":[3.5,9.5,9,15],"texture":"#chikorita1"},"west":{"uv":[2.5,10,8,16],"texture":"#chikorita1"},"up":{"uv":[3.5,8.375,8,13.375],"texture":"#chikorita1"},"down":{"uv":[11,8.5,16,14],"texture":"#chikorita1"}}},{"from":[7.5,3.375,6.3125],"to":[8,4.875,7.625],"faces":{"north":{"uv":[8,9.5,14.5,16],"texture":"#chikorita1"},"east":{"uv":[5.5,10,11.5,16],"texture":"#chikorita1"},"south":{"uv":[3.5,9.5,9,15],"texture":"#chikorita1"},"west":{"uv":[2.5,10,8,16],"texture":"#chikorita1"},"up":{"uv":[3.5,8.375,8,13.375],"texture":"#chikorita1"},"down":{"uv":[11,8.5,16,14],"texture":"#chikorita1"}}},{"from":[3.3125,2.8125,8.8125],"to":[3.6875,3.0625,9.1875],"rotation":{"angle":-45,"axis":"y","origin":[3.3125,2.8125,8.8125]},"faces":{"north":{"uv":[13.875,13.625,14.375,13.875],"texture":"#chikorita_nailfeetthing"},"east":{"uv":[6.625,13.625,7.125,13.875],"texture":"#chikorita_nailfeetthing"},"south":{"uv":[1.625,13.625,2.125,13.875],"texture":"#chikorita_nailfeetthing"},"west":{"uv":[8.875,13.625,9.375,13.875],"texture":"#chikorita_nailfeetthing"},"up":{"uv":[1.625,8.875,2.125,9.375],"texture":"#chikorita_nailfeetthing"},"down":{"uv":[14.375,9.375,13.875,8.875],"texture":"#chikorita_nailfeetthing"}}},{"from":[6.57766,2.8125,6.6875],"to":[6.95266,3.0625,7.0625],"rotation":{"angle":-45,"axis":"y","origin":[6.57766,2.8125,6.6875]},"faces":{"north":{"uv":[13.875,13.625,14.375,13.875],"texture":"#chikorita_nailfeetthing"},"east":{"uv":[6.625,13.625,7.125,13.875],"texture":"#chikorita_nailfeetthing"},"south":{"uv":[1.625,13.625,2.125,13.875],"texture":"#chikorita_nailfeetthing"},"west":{"uv":[8.875,13.625,9.375,13.875],"texture":"#chikorita_nailfeetthing"},"up":{"uv":[1.625,8.875,2.125,9.375],"texture":"#chikorita_nailfeetthing"},"down":{"uv":[14.375,9.375,13.875,8.875],"texture":"#chikorita_nailfeetthing"}}},{"from":[7.75,4,6.75],"to":[8.6875,4.75,9.25],"rotation":{"angle":-45,"axis":"z","origin":[7.75,4.75,6.75]},"faces":{"north":{"uv":[3.5,5,4.5,6],"texture":"#chikorita1"},"east":{"uv":[8,5,9,6],"texture":"#chikorita1"},"south":{"uv":[11.5,5,12.5,6],"texture":"#chikorita1"},"west":{"uv":[7,5,8,6],"texture":"#chikorita1"},"up":{"uv":[11.5,7,12.5,8],"texture":"#chikorita1"},"down":{"uv":[4.5,8,3.5,7],"texture":"#chikorita1"}}}],"display":{"thirdperson_righthand":{"scale":[0,0,0]},"thirdperson_lefthand":{"scale":[0,0,0]},"firstperson_righthand":{"scale":[0,0,0]},"firstperson_lefthand":{"scale":[0,0,0]},"gui":{"rotation":[30,50,0],"translation":[2.5,2.5,0],"scale":[1.5,1.5,1.5]},"head":{"rotation":[0,-90,0],"translation":[0,-25,7.75],"scale":[3.5,3.5,3.5]}}}