{"__comment":"Designed by Samasaurus6 with BDcraft Cubik PRO 0.96 Beta - http://bdcraft.net","textures":{"croconaw1":"pokemon_skins/regular/croconaw/croconaw1","croconaw2":"pokemon_skins/regular/croconaw/croconaw2","croconaw3":"pokemon_skins/regular/croconaw/croconaw3","croconaw_chest":"pokemon_skins/regular/croconaw/croconaw_chest","croconaw_chest2":"pokemon_skins/regular/croconaw/croconaw_chest2","croconaw4":"pokemon_skins/regular/croconaw/croconaw4"},"elements":[{"from":[6.25,2.1875,4],"to":[11.75,8.875,9.5],"faces":{"down":{"uv":[3,5.5,0,3],"texture":"#croconaw_chest"},"up":{"uv":[5,0,10.5,5.5],"rotation":90,"texture":"#croconaw_chest"},"north":{"uv":[16,11,10.5,16],"texture":"#croconaw_chest"},"south":{"uv":[8.5,0.5,15,13.5],"texture":"#croconaw_chest2"},"west":{"uv":[0,1.5,13.5,13],"texture":"#croconaw_chest2"},"east":{"uv":[13.5,2,3,12.5],"texture":"#croconaw_chest2"}}},{"from":[7,2.5,3.5],"to":[11.5,7.5,5],"faces":{"down":{"uv":[5,7.5,0.5,6],"texture":"#croconaw_chest2"},"up":{"uv":[0,7,4.5,8.5],"texture":"#croconaw_chest2"},"north":{"uv":[0,8.5,4.5,13.5],"texture":"#croconaw_chest2"},"south":{"uv":[0,5,4.5,10],"texture":"#croconaw_chest2"},"west":{"uv":[0,0,1.5,5],"texture":"#croconaw_chest2"},"east":{"uv":[0,0,1.5,5],"texture":"#croconaw_chest2"}}},{"from":[7,2.5,8.5625],"to":[11.5,7.5,10.0625],"faces":{"down":{"uv":[4.5,1.5,0,0],"texture":"#croconaw_chest2"},"up":{"uv":[0,0,4.5,1.5],"texture":"#croconaw_chest2"},"north":{"uv":[0,0,4.5,5],"texture":"#croconaw_chest2"},"south":{"uv":[10,4,13.5,11],"texture":"#croconaw_chest2"},"west":{"uv":[10.5,4.5,12.5,9.5],"texture":"#croconaw_chest2"},"east":{"uv":[11,4.5,13,9.5],"texture":"#croconaw_chest2"}}},{"from":[7,6.9375,8.5625],"to":[11.5,8.4375,9.5625],"rotation":{"origin":[7,8.4375,8.5625],"axis":"x","angle":-22.5},"faces":{"down":{"uv":[12.5,2.5,8,1.5],"texture":"#croconaw_chest2"},"up":{"uv":[6.5,0,11,1],"texture":"#croconaw_chest2"},"north":{"uv":[8,0,12.5,2],"texture":"#croconaw_chest2"},"south":{"uv":[5,0,9.5,2],"texture":"#croconaw_chest2"},"west":{"uv":[6,0.5,7,2.5],"texture":"#croconaw_chest2"},"east":{"uv":[7.5,0,8.5,2],"texture":"#croconaw_chest2"}}},{"from":[7,7.375,4.0625],"to":[11.5,8.875,5.0625],"rotation":{"origin":[7,8.875,4.0625],"axis":"x","angle":22.5},"faces":{"down":{"uv":[4.5,6,0,5],"texture":"#croconaw_chest2"},"up":{"uv":[0,8,4.5,9],"texture":"#croconaw_chest2"},"north":{"uv":[0,7,4.5,9],"texture":"#croconaw_chest2"},"south":{"uv":[0,8.5,4.5,10.5],"texture":"#croconaw_chest2"},"west":{"uv":[0,5.5,1,7.5],"texture":"#croconaw_chest2"},"east":{"uv":[0,0,1,2],"texture":"#croconaw_chest2"}}},{"from":[5.625,3.875,4.5625],"to":[7.625,8.25,8.9375],"faces":{"down":{"uv":[1,4.5,0,0],"texture":"#croconaw_chest"},"up":{"uv":[0,0,1,4.5],"texture":"#croconaw_chest"},"north":{"uv":[0,2,2,12],"texture":"#croconaw_chest"},"south":{"uv":[12.5,2,15.5,12],"texture":"#croconaw_chest"},"west":{"uv":[1.5,2.5,13,12],"texture":"#croconaw_chest"},"east":{"uv":[0,0,4.5,4.5],"texture":"#croconaw_chest"}}},{"from":[7.1875,7.5625,4.5625],"to":[9.125,9.8125,8.9375],"rotation":{"origin":[7.1875,9.8125,4.5625],"axis":"z","angle":-45},"faces":{"down":{"uv":[3.5,7.5,2.5,3],"texture":"#croconaw_chest"},"up":{"uv":[0,0,1,4.5],"texture":"#croconaw_chest"},"north":{"uv":[3,4,4,5],"texture":"#croconaw_chest"},"south":{"uv":[9,2,10,3],"texture":"#croconaw_chest"},"west":{"uv":[2.5,0,14.5,3.5],"texture":"#croconaw_chest"},"east":{"uv":[0,0,4.5,1],"texture":"#croconaw_chest"}}},{"from":[8.9375,9.625,5.1875],"to":[11.375,13.5,8.3125],"rotation":{"origin":[8.9375,13.5,5.1875],"axis":"z","angle":22.5},"faces":{"down":{"uv":[5,4.5,1.5,0.5],"texture":"#croconaw1"},"up":{"uv":[2,1,5.5,5],"texture":"#croconaw1"},"north":{"uv":[0.5,2.5,4,5],"texture":"#croconaw1"},"south":{"uv":[1.5,0,5,2.5],"texture":"#croconaw1"},"west":{"uv":[0,0,4,2.5],"texture":"#croconaw1"},"east":{"uv":[0,0,4,2.5],"texture":"#croconaw1"}}},{"from":[10.5625,2.5625,5.0625],"to":[14.75,6,8.4375],"rotation":{"origin":[10.5625,6,5.0625],"axis":"z","angle":-22.5},"faces":{"down":{"uv":[5,5,1.5,1],"texture":"#croconaw1"},"up":{"uv":[1.5,1,5,5],"texture":"#croconaw1"},"north":{"uv":[1,2,4.5,4.5],"texture":"#croconaw1"},"south":{"uv":[2,2.5,5.5,5],"texture":"#croconaw1"},"west":{"uv":[0,0,4,2.5],"texture":"#croconaw1"},"east":{"uv":[0.5,0,4.5,2.5],"texture":"#croconaw1"}}},{"from":[14.5,1.6875,5.5],"to":[16.75,4.125,8],"faces":{"down":{"uv":[3.5,4,0,0],"texture":"#croconaw1"},"up":{"uv":[0,0,3.5,4],"texture":"#croconaw1"},"north":{"uv":[0,0,3.5,2.5],"texture":"#croconaw1"},"south":{"uv":[0,0,3.5,2.5],"texture":"#croconaw1"},"west":{"uv":[0,0,4,2.5],"texture":"#croconaw1"},"east":{"uv":[0,0,4,2.5],"texture":"#croconaw1"}}},{"from":[13,1.4375,5.25],"to":[15.375,4.25,8.25],"faces":{"down":{"uv":[3.5,4,0,0],"texture":"#croconaw1"},"up":{"uv":[0,0,3.5,4],"texture":"#croconaw1"},"north":{"uv":[0,0,3.5,2.5],"texture":"#croconaw1"},"south":{"uv":[0,0,3.5,2.5],"texture":"#croconaw1"},"west":{"uv":[0,0,4,2.5],"texture":"#croconaw1"},"east":{"uv":[0,0,4,2.5],"texture":"#croconaw1"}}},{"from":[15.5,1.6875,5.6875],"to":[17.4375,3.5625,7.8125],"rotation":{"origin":[15.5,3.5625,5.6875],"axis":"z","angle":22.5},"faces":{"down":{"uv":[3.5,4,0,0],"texture":"#croconaw1"},"up":{"uv":[0,0,3.5,4],"texture":"#croconaw1"},"north":{"uv":[0,0,3.5,2.5],"texture":"#croconaw1"},"south":{"uv":[0,0,3.5,2.5],"texture":"#croconaw1"},"west":{"uv":[0,0,4,2.5],"texture":"#croconaw1"},"east":{"uv":[0,0,4,2.5],"texture":"#croconaw1"}}},{"from":[16.375,2.3125,5.8125],"to":[17.875,3.8125,7.6875],"rotation":{"origin":[16.375,3.8125,5.8125],"axis":"z","angle":22.5},"faces":{"down":{"uv":[3.5,4,0,0],"texture":"#croconaw1"},"up":{"uv":[0,0,3.5,4],"texture":"#croconaw1"},"north":{"uv":[0,0,3.5,2.5],"texture":"#croconaw1"},"south":{"uv":[0,0,3.5,2.5],"texture":"#croconaw1"},"west":{"uv":[0,0,4,2.5],"texture":"#croconaw1"},"east":{"uv":[0,0,4,2.5],"texture":"#croconaw1"}}},{"from":[7.0625,3.375,8.9375],"to":[10.5625,6.375,11.125],"rotation":{"origin":[7.0625,6.375,8.9375],"axis":"x","angle":22.5},"faces":{"down":{"uv":[0,4.5,0.5,4],"texture":"#croconaw1"},"up":{"uv":[0,4,0.5,4.5],"texture":"#croconaw1"},"north":{"uv":[0,4,0.5,4.5],"texture":"#croconaw1"},"south":{"uv":[0.5,4,0,4.5],"texture":"#croconaw1"},"west":{"uv":[0,2,4.5,5],"texture":"#croconaw1"},"east":{"uv":[0,2.5,4,5.5],"texture":"#croconaw1"}}},{"from":[6.5,8.5,4.5],"to":[11.5,14.5,9],"faces":{"down":{"uv":[5,4.5,0,0],"texture":"#croconaw1"},"up":{"uv":[0,0,5,4.5],"texture":"#croconaw1"},"north":{"uv":[0,0,5,5],"texture":"#croconaw1"},"south":{"uv":[0,0,5,5],"texture":"#croconaw1"},"west":{"uv":[0,0,4.5,5],"texture":"#croconaw1"},"east":{"uv":[0,0,4.5,5],"texture":"#croconaw1"}}},{"from":[7.25,8.5,7.125],"to":[9.125,14.5,9],"rotation":{"origin":[7.25,8.5,7.125],"axis":"y","angle":-22.5},"faces":{"down":{"uv":[3.5,1,0,0],"texture":"#croconaw1"},"up":{"uv":[0,0,3.5,1],"texture":"#croconaw1"},"north":{"uv":[0,0,3.5,4.5],"texture":"#croconaw1"},"south":{"uv":[0,0,3.5,4.5],"texture":"#croconaw1"},"west":{"uv":[0,0,1,4.5],"texture":"#croconaw1"},"east":{"uv":[0,0,1,4.5],"texture":"#croconaw1"}}},{"from":[3.5,12,4.75],"to":[7,13.5,8.75],"faces":{"down":{"uv":[3.5,4,0,0],"texture":"#croconaw1"},"up":{"uv":[0,0,3.5,4],"texture":"#croconaw1"},"north":{"uv":[0,0,3.5,1.5],"texture":"#croconaw1"},"south":{"uv":[0,0,3.5,1.5],"texture":"#croconaw1"},"west":{"uv":[0,0,4,1.5],"texture":"#croconaw1"},"east":{"uv":[0,0,4,1.5],"texture":"#croconaw1"}}},{"from":[4.5625,11.9375,5.6875],"to":[6.5625,13.4375,7.8125],"rotation":{"origin":[4.5625,13.4375,5.6875],"axis":"z","angle":22.5},"faces":{"down":{"uv":[5,5,3,3],"texture":"#croconaw1"},"up":{"uv":[3.5,2,5.5,4],"texture":"#croconaw1"},"north":{"uv":[3,0,5,1.5],"texture":"#croconaw1"},"south":{"uv":[1.5,1.5,3.5,3],"texture":"#croconaw1"},"west":{"uv":[1,0,3,1.5],"texture":"#croconaw1"},"east":{"uv":[2.5,1.5,4.5,3],"texture":"#croconaw1"}}},{"from":[3.5,12.5,4.75],"to":[4.4375,13.4375,8.75],"rotation":{"origin":[3.5,13.4375,4.75],"axis":"z","angle":-22.5},"faces":{"down":{"uv":[5,3.5,4,1.5],"texture":"#croconaw1"},"up":{"uv":[3,2.5,4,4.5],"texture":"#croconaw1"},"north":{"uv":[4.5,0.5,5.5,2],"texture":"#croconaw1"},"south":{"uv":[3,0,4,1.5],"texture":"#croconaw1"},"west":{"uv":[2,1,4,2.5],"texture":"#croconaw1"},"east":{"uv":[3.5,1.5,5.5,3],"texture":"#croconaw1"}}},{"from":[4.5,9.9375,5],"to":[7.1875,11.8125,8.5],"faces":{"down":{"uv":[6.5,11,3.5,10],"texture":"#croconaw3"},"up":{"uv":[6,11,9,12],"rotation":90,"texture":"#croconaw3"},"north":{"uv":[2.5,12.5,5.5,13.5],"texture":"#croconaw3"},"south":{"uv":[2,10.5,5,11.5],"texture":"#croconaw3"},"west":{"uv":[2.5,10.5,3.5,11.5],"texture":"#croconaw3"},"east":{"uv":[4,10.5,5,11.5],"texture":"#croconaw3"}}},{"from":[3.125,11.4375,4.75],"to":[4.375,12.5625,8.75],"faces":{"down":{"uv":[2,2.5,1,0.5],"texture":"#croconaw1"},"up":{"uv":[2,2.5,3,4.5],"texture":"#croconaw1"},"north":{"uv":[2.5,1,3.5,2.5],"texture":"#croconaw1"},"south":{"uv":[3,0,4,1.5],"texture":"#croconaw1"},"west":{"uv":[2,3,4,4.5],"texture":"#croconaw1"},"east":{"uv":[2.5,2.5,4.5,4],"texture":"#croconaw1"}}},{"from":[6.4375,12,7.8125],"to":[7.75,14.5,8.6875],"rotation":{"origin":[6.4375,14.5,7.8125],"axis":"z","angle":-22.5},"faces":{"down":{"uv":[0,4.5,0.5,4],"texture":"#croconaw1"},"up":{"uv":[0,4,0.5,4.5],"texture":"#croconaw1"},"north":{"uv":[0,4,0.5,4.5],"texture":"#croconaw1"},"south":{"uv":[0.5,4,0,4.5],"texture":"#croconaw1"},"west":{"uv":[1,1,2,3.5],"texture":"#croconaw1"},"east":{"uv":[0.5,4,0,4.5],"texture":"#croconaw1"}}},{"from":[6.45287,12.5,5.6875],"to":[7.95287,14.5,7.8125],"rotation":{"origin":[6.45287,14.5,5.6875],"axis":"z","angle":-22.5},"faces":{"down":{"uv":[4,5,2,3],"texture":"#croconaw1"},"up":{"uv":[2.5,1.5,4.5,3.5],"texture":"#croconaw1"},"north":{"uv":[1.5,1.5,3.5,3],"texture":"#croconaw1"},"south":{"uv":[2,0.5,4,2],"texture":"#croconaw1"},"west":{"uv":[1.5,1,3.5,2.5],"texture":"#croconaw1"},"east":{"uv":[3,1.5,5,3],"texture":"#croconaw1"}}},{"from":[4.375,10,5],"to":[7.75,11.25,8.5],"rotation":{"origin":[4.375,11.25,5],"axis":"z","angle":-22.5},"faces":{"down":{"uv":[5,10.5,2,9.5],"texture":"#croconaw3"},"up":{"uv":[9.5,9.5,6.5,10.5],"rotation":90,"texture":"#croconaw3"},"north":{"uv":[3,9.5,6,10.5],"texture":"#croconaw3"},"south":{"uv":[1.5,9,4.5,10],"texture":"#croconaw3"},"west":{"uv":[4,8.5,5,9.5],"texture":"#croconaw3"},"east":{"uv":[5.5,10.5,6.5,11.5],"texture":"#croconaw3"}}},{"from":[7.5,7.4375,9.25],"to":[9.375,9.125,12.5],"rotation":{"origin":[7.5,9.125,9.25],"axis":"x","angle":22.5},"faces":{"down":{"uv":[0,4.5,0.5,4],"texture":"#croconaw1"},"up":{"uv":[0,4,0.5,4.5],"texture":"#croconaw1"},"north":{"uv":[0,4,1.5,5.5],"texture":"#croconaw1"},"south":{"uv":[0.5,4,2,5.5],"texture":"#croconaw1"},"west":{"uv":[0,2,3.5,3.5],"texture":"#croconaw1"},"east":{"uv":[0.5,4,4,5.5],"texture":"#croconaw1"}}},{"from":[7.0625,2.16288,8.875],"to":[10.5625,4.72538,11.0625],"rotation":{"origin":[7.0625,4.72538,8.875],"axis":"x","angle":-22.5},"faces":{"down":{"uv":[0,4.5,0.5,4],"texture":"#croconaw1"},"up":{"uv":[0,4,0.5,4.5],"texture":"#croconaw1"},"north":{"uv":[0,4,0.5,4.5],"texture":"#croconaw1"},"south":{"uv":[0.5,4,0,4.5],"texture":"#croconaw1"},"west":{"uv":[0,4,1.5,6.5],"texture":"#croconaw1"},"east":{"uv":[0.5,4,2,6.5],"texture":"#croconaw1"}}},{"from":[5.5,0.75,10.0625],"to":[9.5,1.75,12.0625],"rotation":{"origin":[5.5,0.75,10.0625],"axis":"y","angle":22.5},"faces":{"down":{"uv":[4,2,0,0],"texture":"#croconaw1"},"up":{"uv":[2.5,0,6.5,6],"rotation":90,"texture":"#croconaw1"},"north":{"uv":[0,0,4,1],"texture":"#croconaw1"},"south":{"uv":[0,0,4,1],"texture":"#croconaw1"},"west":{"uv":[2.5,5.5,6.5,7],"texture":"#croconaw1"},"east":{"uv":[0.5,0,2.5,1],"texture":"#croconaw1"}}},{"from":[7.3125,2.1875,10.125],"to":[10.3125,3.9375,11.9375],"rotation":{"origin":[7.3125,3.9375,10.125],"axis":"x","angle":22.5},"faces":{"down":{"uv":[0,4.5,0.5,4],"texture":"#croconaw1"},"up":{"uv":[0,4,0.5,4.5],"texture":"#croconaw1"},"north":{"uv":[0,4,0.5,4.5],"texture":"#croconaw1"},"south":{"uv":[0.5,4,0,4.5],"texture":"#croconaw1"},"west":{"uv":[0,4,2,7],"texture":"#croconaw1"},"east":{"uv":[0.5,4,2.5,7],"texture":"#croconaw1"}}},{"from":[6.4375,11.9375,4.8125],"to":[7.75,14.5,5.6875],"rotation":{"origin":[6.4375,14.5,4.8125],"axis":"z","angle":-22.5},"faces":{"down":{"uv":[0,4.5,0.5,4],"texture":"#croconaw1"},"up":{"uv":[0,4,0.5,4.5],"texture":"#croconaw1"},"north":{"uv":[0,4,0.5,4.5],"texture":"#croconaw1"},"south":{"uv":[0.5,4,0,4.5],"texture":"#croconaw1"},"west":{"uv":[0,4,1,6],"texture":"#croconaw1"},"east":{"uv":[0.5,4,1.5,6.5],"texture":"#croconaw1"}}},{"from":[6.4375,13.4375,4.5],"to":[8.4375,14.4375,9],"rotation":{"origin":[6.4375,14.4375,4.5],"axis":"z","angle":22.5},"faces":{"down":{"uv":[0,4.5,0.5,4],"texture":"#croconaw1"},"up":{"uv":[0,4,0.5,4.5],"texture":"#croconaw1"},"north":{"uv":[0,4,0.5,4.5],"texture":"#croconaw1"},"south":{"uv":[0.5,4,0,4.5],"texture":"#croconaw1"},"west":{"uv":[0,4,1,6.5],"texture":"#croconaw1"},"east":{"uv":[0.5,4,1.5,5.5],"texture":"#croconaw1"}}},{"from":[9.25768,14.1875,4.5],"to":[11.2577,15.1875,9],"rotation":{"origin":[9.25768,15.1875,4.5],"axis":"z","angle":-22.5},"faces":{"down":{"uv":[0,4.5,0.5,4],"texture":"#croconaw1"},"up":{"uv":[0,4,0.5,4.5],"texture":"#croconaw1"},"north":{"uv":[0,4,0.5,4.5],"texture":"#croconaw1"},"south":{"uv":[0.5,4,0,4.5],"texture":"#croconaw1"},"west":{"uv":[0,4,1,6],"texture":"#croconaw1"},"east":{"uv":[0.5,4,1.5,6],"texture":"#croconaw1"}}},{"from":[8.25,14.1875,4.5],"to":[9.25,15.1875,9],"faces":{"down":{"uv":[0,4.5,0.5,4],"texture":"#croconaw1"},"up":{"uv":[0,4,0.5,4.5],"texture":"#croconaw1"},"north":{"uv":[0,4,0.5,4.5],"texture":"#croconaw1"},"south":{"uv":[0.5,4,0,4.5],"texture":"#croconaw1"},"west":{"uv":[0,4,1,5.5],"texture":"#croconaw1"},"east":{"uv":[0.5,4,1.5,5.5],"texture":"#croconaw1"}}},{"from":[7.0625,2.60038,2.5],"to":[10.5625,5.60038,4.6875],"rotation":{"origin":[7.0625,5.60038,2.5],"axis":"x","angle":-22.5},"faces":{"down":{"uv":[0,4.5,0.5,4],"texture":"#croconaw1"},"up":{"uv":[0,4,0.5,4.5],"texture":"#croconaw1"},"north":{"uv":[0,4,0.5,4.5],"texture":"#croconaw1"},"south":{"uv":[0.5,4,0,4.5],"texture":"#croconaw1"},"west":{"uv":[0,4,2,7],"texture":"#croconaw1"},"east":{"uv":[0.5,4,2.5,7],"texture":"#croconaw1"}}},{"from":[7.0625,2.9375,2.5],"to":[10.5625,5.5,4.6875],"rotation":{"origin":[7.0625,5.5,2.5],"axis":"x","angle":22.5},"faces":{"down":{"uv":[0,4.5,2,6.5],"texture":"#croconaw1"},"up":{"uv":[0,4,2,6],"texture":"#croconaw1"},"north":{"uv":[0,4,1.5,5.5],"texture":"#croconaw1"},"south":{"uv":[0.5,4,2.5,6],"texture":"#croconaw1"},"west":{"uv":[0,4,2,7],"texture":"#croconaw1"},"east":{"uv":[0.5,4,2.5,7],"texture":"#croconaw1"}}},{"from":[7.3125,1.55639,1.625],"to":[10.3125,3.30639,3.4375],"rotation":{"origin":[7.3125,3.30639,1.625],"axis":"x","angle":-22.5},"faces":{"down":{"uv":[0,4.5,2,6.5],"texture":"#croconaw1"},"up":{"uv":[0,4,2,6],"texture":"#croconaw1"},"north":{"uv":[0,4,1.5,5.5],"texture":"#croconaw1"},"south":{"uv":[0.5,4,2,5.5],"texture":"#croconaw1"},"west":{"uv":[0,4,2,7],"texture":"#croconaw1"},"east":{"uv":[0.5,4,2.5,7],"texture":"#croconaw1"}}},{"from":[6.3125,0.75,1.5],"to":[10.3125,1.75,3.5],"rotation":{"origin":[6.3125,0.75,1.5],"axis":"y","angle":-22.5},"faces":{"down":{"uv":[4,2,0,0],"texture":"#croconaw1"},"up":{"uv":[2.5,0,6.5,6],"rotation":90,"texture":"#croconaw1"},"north":{"uv":[0,0,4,1],"texture":"#croconaw1"},"south":{"uv":[0,0,4,1],"texture":"#croconaw1"},"west":{"uv":[2.5,5.5,6.5,7],"texture":"#croconaw1"},"east":{"uv":[0.5,0,2.5,1],"texture":"#croconaw1"}}},{"from":[8.25,13,9.5625],"to":[9.5625,14.5,9.625],"faces":{"south":{"uv":[6,8,12,14.5],"texture":"#croconaw1"}}},{"from":[9,8.5,7.8125],"to":[10.875,14.5,9.6875],"rotation":{"origin":[9,8.5,7.8125],"axis":"y","angle":22.5},"faces":{"down":{"uv":[3.5,1,0,0],"texture":"#croconaw1"},"up":{"uv":[0,0,3.5,1],"texture":"#croconaw1"},"north":{"uv":[0,0,3.5,4.5],"texture":"#croconaw1"},"south":{"uv":[0,0,3.5,4.5],"texture":"#croconaw1"},"west":{"uv":[0,0,1,4.5],"texture":"#croconaw1"},"east":{"uv":[0,0,1,4.5],"texture":"#croconaw1"}}},{"from":[8.25,8.5,7.5625],"to":[9.75,14.5,9.5625],"faces":{"down":{"uv":[3.5,1,0,0],"texture":"#croconaw1"},"up":{"uv":[0,0,3.5,1],"texture":"#croconaw1"},"north":{"uv":[0,0,3.5,4.5],"texture":"#croconaw1"},"south":{"uv":[0,0,3.5,4.5],"texture":"#croconaw1"},"west":{"uv":[0,0,1,4.5],"texture":"#croconaw1"},"east":{"uv":[0,0,1,4.5],"texture":"#croconaw1"}}},{"from":[6.875,13,8.9375],"to":[8.4375,14.5,9],"rotation":{"origin":[6.875,13,8.9375],"axis":"y","angle":-22.5},"faces":{"south":{"uv":[1.5,8,6,14.5],"texture":"#croconaw1"}}},{"from":[7.3125,1.375,9.1875],"to":[10.3125,3.125,11],"faces":{"down":{"uv":[0,4.5,0.5,4],"texture":"#croconaw1"},"up":{"uv":[0,4,0.5,4.5],"texture":"#croconaw1"},"north":{"uv":[0,4,0.5,4.5],"texture":"#croconaw1"},"south":{"uv":[0.5,4,0,4.5],"texture":"#croconaw1"},"west":{"uv":[0,4,2,7],"texture":"#croconaw1"},"east":{"uv":[0.5,4,2.5,7],"texture":"#croconaw1"}}},{"from":[7,7.75,7.75],"to":[11.5,9.25,8.75],"rotation":{"origin":[7,9.25,7.75],"axis":"x","angle":-45},"faces":{"down":{"uv":[10.5,1,6,0],"texture":"#croconaw_chest2"},"up":{"uv":[6.5,0,11,1],"texture":"#croconaw_chest2"},"north":{"uv":[6.5,0,11,2],"texture":"#croconaw_chest2"},"south":{"uv":[7.5,0,12,2],"texture":"#croconaw_chest2"},"west":{"uv":[6,0.5,7,2.5],"texture":"#croconaw_chest2"},"east":{"uv":[5,0,6,2],"texture":"#croconaw_chest2"}}},{"from":[7,8.4375,5.0625],"to":[11.5,9.9375,6.0625],"rotation":{"origin":[7,9.9375,5.0625],"axis":"x","angle":45},"faces":{"down":{"uv":[4.5,1,0,0],"texture":"#croconaw1"},"up":{"uv":[0,0,4.5,1],"texture":"#croconaw1"},"north":{"uv":[0,0,4.5,2],"texture":"#croconaw1"},"south":{"uv":[0,0,4.5,2],"texture":"#croconaw1"},"west":{"uv":[0,0,1,2],"texture":"#croconaw1"},"east":{"uv":[0,0,1,2],"texture":"#croconaw1"}}},{"from":[8.25,8.5,4],"to":[9.75,14.5,6],"faces":{"down":{"uv":[3.5,1,0,0],"texture":"#croconaw1"},"up":{"uv":[0,0,3.5,1],"texture":"#croconaw1"},"north":{"uv":[0,0,3.5,4.5],"texture":"#croconaw1"},"south":{"uv":[0,0,3.5,4.5],"texture":"#croconaw1"},"west":{"uv":[0,0,1,4.5],"texture":"#croconaw1"},"east":{"uv":[0,0,1,4.5],"texture":"#croconaw1"}}},{"from":[9.6875,8,4],"to":[11.5625,14.5,5.875],"rotation":{"origin":[9.6875,8,4],"axis":"y","angle":-22.5},"faces":{"down":{"uv":[3.5,1,0,0],"texture":"#croconaw1"},"up":{"uv":[0,0,3.5,1],"texture":"#croconaw1"},"north":{"uv":[0,0,3.5,4.5],"texture":"#croconaw1"},"south":{"uv":[0,0,3.5,4.5],"texture":"#croconaw1"},"west":{"uv":[0,0,1,4.5],"texture":"#croconaw1"},"east":{"uv":[0,0,1,4.5],"texture":"#croconaw1"}}},{"from":[6.5625,8.5,4.6875],"to":[8.4375,14.5,6.5625],"rotation":{"origin":[6.5625,8.5,4.6875],"axis":"y","angle":22.5},"faces":{"down":{"uv":[3.5,1,0,0],"texture":"#croconaw1"},"up":{"uv":[0,0,3.5,1],"texture":"#croconaw1"},"north":{"uv":[0,0,3.5,4.5],"texture":"#croconaw1"},"south":{"uv":[0,0,3.5,4.5],"texture":"#croconaw1"},"west":{"uv":[0,0,1,4.5],"texture":"#croconaw1"},"east":{"uv":[0,0,1,4.5],"texture":"#croconaw1"}}},{"from":[7.3125,1.375,2.375],"to":[10.3125,3.125,4.1875],"faces":{"down":{"uv":[0,4.5,0.5,4],"texture":"#croconaw1"},"up":{"uv":[0,4,0.5,4.5],"texture":"#croconaw1"},"north":{"uv":[0,4,0.5,4.5],"texture":"#croconaw1"},"south":{"uv":[0.5,4,0,4.5],"texture":"#croconaw1"},"west":{"uv":[0,4,2,7],"texture":"#croconaw1"},"east":{"uv":[0.5,4,2.5,7],"texture":"#croconaw1"}}},{"from":[3.25,12.5625,7.5],"to":[3.3125,13.0625,7.9375],"rotation":{"origin":[3.25,13.0625,7.5],"axis":"z","angle":-22.5},"faces":{"west":{"uv":[8,1,11,3],"texture":"#croconaw1"}}},{"from":[3.25,12.5625,5.5625],"to":[3.3125,13.0625,6],"rotation":{"origin":[3.25,13.0625,5.5625],"axis":"z","angle":-22.5},"faces":{"west":{"uv":[11,1,8,3],"texture":"#croconaw1"}}},{"from":[3.5,12.1744,8.125],"to":[7,13.1744,8.8125],"rotation":{"origin":[3.5,13.1744,8.125],"axis":"x","angle":-22.5},"faces":{"down":{"uv":[5,3.5,4,1.5],"texture":"#croconaw1"},"up":{"uv":[3,2.5,4,4.5],"texture":"#croconaw1"},"north":{"uv":[4.5,0.5,5.5,2],"texture":"#croconaw1"},"south":{"uv":[1.5,0,6.5,2],"texture":"#croconaw1"},"west":{"uv":[2,1,4,2.5],"texture":"#croconaw1"},"east":{"uv":[3.5,1.5,5.5,3],"texture":"#croconaw1"}}},{"from":[3.5,11.4375,8.625],"to":[7,12.5,9.125],"faces":{"down":{"uv":[2,2.5,1,0.5],"texture":"#croconaw1"},"up":{"uv":[2,2.5,3,4.5],"texture":"#croconaw1"},"north":{"uv":[2.5,1,3.5,2.5],"texture":"#croconaw1"},"south":{"uv":[0,0,6,1],"texture":"#croconaw1"},"west":{"uv":[2,3,4,4.5],"texture":"#croconaw1"},"east":{"uv":[2.5,2.5,4.5,4],"texture":"#croconaw1"}}},{"from":[3.5,12.5,4.75],"to":[7,13.5,5.4375],"rotation":{"origin":[3.5,13.5,4.75],"axis":"x","angle":22.5},"faces":{"down":{"uv":[5,3.5,4,1.5],"texture":"#croconaw1"},"up":{"uv":[3,2.5,4,4.5],"texture":"#croconaw1"},"north":{"uv":[4.5,0.5,5.5,2],"texture":"#croconaw1"},"south":{"uv":[1.5,0,6.5,2],"texture":"#croconaw1"},"west":{"uv":[2,1,4,2.5],"texture":"#croconaw1"},"east":{"uv":[3.5,1.5,5.5,3],"texture":"#croconaw1"}}},{"from":[3.5,11.4375,4.375],"to":[7,12.5625,4.875],"faces":{"down":{"uv":[2,2.5,1,0.5],"texture":"#croconaw1"},"up":{"uv":[2,2.5,3,4.5],"texture":"#croconaw1"},"north":{"uv":[2.5,1,3.5,2.5],"texture":"#croconaw1"},"south":{"uv":[0,0,6,1],"texture":"#croconaw1"},"west":{"uv":[2,3,4,4.5],"texture":"#croconaw1"},"east":{"uv":[2.5,2.5,4.5,4],"texture":"#croconaw1"}}},{"from":[7.1875,3.25,4.5625],"to":[9.125,5.5,8.9375],"rotation":{"origin":[7.1875,5.5,4.5625],"axis":"z","angle":-45},"faces":{"down":{"uv":[3,15,14,12.5],"rotation":90,"texture":"#croconaw_chest"},"up":{"uv":[0,0,1,4.5],"texture":"#croconaw_chest2"},"north":{"uv":[0,0,1,1],"texture":"#croconaw_chest2"},"south":{"uv":[0,0,1,1],"texture":"#croconaw_chest2"},"west":{"uv":[0,8.5,4.5,9.5],"texture":"#croconaw_chest2"},"east":{"uv":[0.5,7,5,8],"texture":"#croconaw_chest2"}}},{"from":[7.5,6.25,1.3125],"to":[9.375,7.9375,4.5625],"rotation":{"origin":[7.5,7.9375,1.3125],"axis":"x","angle":-22.5},"faces":{"down":{"uv":[0,4.5,0.5,4],"texture":"#croconaw1"},"up":{"uv":[0,4,0.5,4.5],"texture":"#croconaw1"},"north":{"uv":[0,4,1.5,5.5],"texture":"#croconaw1"},"south":{"uv":[0.5,4,2,5.5],"texture":"#croconaw1"},"west":{"uv":[0,2,3.5,3.5],"texture":"#croconaw1"},"east":{"uv":[0.5,4,4,5.5],"texture":"#croconaw1"}}},{"from":[3.25,10,5.125],"to":[4.5625,11.6875,8.375],"rotation":{"origin":[3.25,11.6875,5.125],"axis":"z","angle":22.5},"faces":{"down":{"uv":[5,10,2,9],"texture":"#croconaw3"},"up":{"uv":[7,10.5,4,11.5],"rotation":90,"texture":"#croconaw3"},"north":{"uv":[2.5,9,5.5,10],"texture":"#croconaw3"},"south":{"uv":[2,10,5,11],"texture":"#croconaw3"},"west":{"uv":[4,9.5,5,10.5],"texture":"#croconaw3"},"east":{"uv":[5,8,6,9],"texture":"#croconaw3"}}},{"from":[5.1875,9.8125,7.25],"to":[7.8125,11.5,8.375],"rotation":{"origin":[5.1875,9.8125,7.25],"axis":"y","angle":-22.5},"faces":{"down":{"uv":[3.5,9.5,0.5,8.5],"texture":"#croconaw3"},"up":{"uv":[7,14.5,4,15.5],"rotation":90,"texture":"#croconaw3"},"north":{"uv":[2.5,8.5,5.5,9.5],"texture":"#croconaw3"},"south":{"uv":[2,8.5,5,9.5],"texture":"#croconaw3"},"west":{"uv":[3.5,10,4.5,11],"texture":"#croconaw3"},"east":{"uv":[4.5,9,5.5,10],"texture":"#croconaw3"}}},{"from":[7.05752,10.8125,8.5625],"to":[8.99502,12.75,9.6875],"rotation":{"origin":[7.05752,12.75,8.5625],"axis":"z","angle":-45},"faces":{"down":{"uv":[3.5,9.5,0.5,8.5],"texture":"#croconaw3"},"up":{"uv":[6,11,3,12],"rotation":90,"texture":"#croconaw3"},"north":{"uv":[3.5,9.5,6.5,10.5],"texture":"#croconaw3"},"south":{"uv":[1,8.5,4,9.5],"texture":"#croconaw3"},"west":{"uv":[3.5,9,4.5,10],"texture":"#croconaw3"},"east":{"uv":[4,10,5,11],"texture":"#croconaw3"}}},{"from":[4.75,9.8125,5.1875],"to":[7.375,11.5,6.3125],"rotation":{"origin":[4.75,9.8125,5.1875],"axis":"y","angle":22.5},"faces":{"down":{"uv":[5.5,8.5,2.5,7.5],"texture":"#croconaw3"},"up":{"uv":[4,7.5,1,8.5],"rotation":90,"texture":"#croconaw3"},"north":{"uv":[2,9,5,10],"texture":"#croconaw3"},"south":{"uv":[1.5,9,4.5,10],"texture":"#croconaw3"},"west":{"uv":[3,8.5,4,9.5],"texture":"#croconaw3"},"east":{"uv":[5,9,6,10],"texture":"#croconaw3"}}},{"from":[6.99502,10.8125,3.875],"to":[8.93252,12.75,5],"rotation":{"origin":[6.99502,12.75,3.875],"axis":"z","angle":-45},"faces":{"down":{"uv":[4,7.5,1,6.5],"texture":"#croconaw3"},"up":{"uv":[5,8,2,9],"rotation":90,"texture":"#croconaw3"},"north":{"uv":[1.5,10,4.5,11],"texture":"#croconaw3"},"south":{"uv":[1.5,8.5,4.5,9.5],"texture":"#croconaw3"},"west":{"uv":[3,10.5,4,11.5],"texture":"#croconaw3"},"east":{"uv":[4.5,9.5,5.5,10.5],"texture":"#croconaw3"}}},{"from":[6.8125,13,4.47294],"to":[8.375,14.5,4.53544],"rotation":{"origin":[6.8125,13,4.47294],"axis":"y","angle":22.5},"faces":{"north":{"uv":[6.5,8,1.5,14.5],"texture":"#croconaw1"}}},{"from":[8.25,13,3.875],"to":[9.5625,14.5,3.9375],"faces":{"north":{"uv":[12,8,6,14.5],"texture":"#croconaw1"}}},{"from":[11.125,2.6875,5.1875],"to":[12.625,10.9375,8.3125],"faces":{"down":{"uv":[5,5,1.5,1],"texture":"#croconaw_chest2"},"up":{"uv":[1.5,1,5,5],"texture":"#croconaw_chest2"},"north":{"uv":[9,0,6.5,13],"texture":"#croconaw_chest2"},"south":{"uv":[10,0,13,11],"texture":"#croconaw_chest2"},"west":{"uv":[0,0,4,2.5],"texture":"#croconaw_chest2"},"east":{"uv":[14,0,7,11.5],"texture":"#croconaw_chest2"}}},{"from":[6.0625,12.5,6.6875],"to":[12.375,18.5625,6.75],"faces":{"north":{"uv":[15.5,0,0,13.5],"texture":"#croconaw2"},"south":{"uv":[0,0,15.5,13.5],"texture":"#croconaw2"}}},{"from":[12,6.5,6.6875],"to":[14.875,12.3125,6.75],"faces":{"north":{"uv":[7,2,0,14.5],"texture":"#croconaw4"},"south":{"uv":[0,2,7,14.5],"texture":"#croconaw4"}}},{"from":[16.4375,3.8125,6.6875],"to":[18.5625,7.5,6.75],"rotation":{"origin":[16.4375,7.5,6.6875],"axis":"z","angle":-22.5},"faces":{"north":{"uv":[14,4,8.5,13.5],"texture":"#croconaw4"},"south":{"uv":[8.5,4,14,13.5],"texture":"#croconaw4"}}},{"from":[5.5,11.375,9.1875],"to":[6.4375,12.25,9.25],"rotation":{"origin":[5.5,12.25,9.1875],"axis":"z","angle":45},"faces":{"north":{"uv":[11.5,2.5,16,7],"texture":"#croconaw1"},"south":{"uv":[11.5,2.5,16,7],"texture":"#croconaw1"}}},{"from":[7.9375,11.9375,9.5625],"to":[8.875,12.6875,9.625],"rotation":{"origin":[7.9375,12.6875,9.5625],"axis":"z","angle":-45},"faces":{"north":{"uv":[11.5,2.5,16,7],"texture":"#croconaw1"},"south":{"uv":[11.5,2.5,16,7],"texture":"#croconaw1"}}},{"from":[5.5,11.375,4.25],"to":[6.4375,12.25,4.3125],"rotation":{"origin":[5.5,12.25,4.25],"axis":"z","angle":45},"faces":{"north":{"uv":[11.5,2.5,16,7],"texture":"#croconaw1"},"south":{"uv":[11.5,2.5,16,7],"texture":"#croconaw1"}}},{"from":[7.9375,11.9375,3.9375],"to":[8.875,12.6875,4],"rotation":{"origin":[7.9375,12.6875,3.9375],"axis":"z","angle":-45},"faces":{"north":{"uv":[11.5,2.5,16,7],"texture":"#croconaw1"},"south":{"uv":[11.5,2.5,16,7],"texture":"#croconaw1"}}}],"display":{"head":{"rotation":[0,-90,0],"translation":[-2.83,-24.5,-2.46],"scale":[2.7,2.7,2.7]},"gui":{"rotation":[30,50,0],"translation":[0,-1,0],"scale":[0.8,0.8,0.8]},"thirdperson_righthand":{"scale":[0,0,0]},"thirdperson_lefthand":{"scale":[0,0,0]},"firstperson_righthand":{"scale":[0,0,0]},"firstperson_lefthand":{"scale":[0,0,0]}}}