{"__comment":"Designed by Samasaurus6 with BDcraft Cubik PRO 0.96 Beta - http://bdcraft.net","textures":{"ledian":"pokemon_skins/regular/ledian/ledian","ledian_wing":"pokemon_skins/regular/ledian/ledian_wing","ledian_wing2":"pokemon_skins/regular/ledian/ledian_wing2","wing1":"pokemon_skins/regular/ledian/wing1","wing2":"pokemon_skins/regular/ledian/wing2"},"elements":[{"__comment":"body","from":[6.6,6.5,6.6],"to":[8.7,10,9.4],"faces":{"down":{"uv":[8,7,11,11.5],"rotation":180,"texture":"#ledian"},"up":{"uv":[8,7,11,11.5],"rotation":180,"texture":"#ledian"},"north":{"uv":[8,7,11,11.5],"texture":"#ledian"},"south":{"uv":[8,7,11,11.5],"rotation":180,"texture":"#ledian"},"west":{"uv":[10.5,7,16,12],"texture":"#ledian"},"east":{"uv":[1.5,3.5,7,8.5],"texture":"#ledian"}}},{"__comment":"body","from":[6.95,6.85,6.25],"to":[8.35,9.65,9.75],"faces":{"down":{"uv":[8,7,11,11.5],"rotation":180,"texture":"#ledian"},"up":{"uv":[8,7,11,11.5],"rotation":180,"texture":"#ledian"},"north":{"uv":[8,7,11,11.5],"texture":"#ledian"},"south":{"uv":[8,7,11,11.5],"rotation":180,"texture":"#ledian"},"west":{"uv":[10.5,7,16,12],"texture":"#ledian"},"east":{"uv":[1.5,3.5,7,8.5],"texture":"#ledian"}}},{"__comment":"body","from":[6.95,6.15,6.95],"to":[8.35,10.35,9.05],"faces":{"down":{"uv":[8,7,11,11.5],"rotation":180,"texture":"#ledian"},"up":{"uv":[8,7,11,11.5],"rotation":180,"texture":"#ledian"},"north":{"uv":[8,7,11,11.5],"texture":"#ledian"},"south":{"uv":[8,7,11,11.5],"rotation":180,"texture":"#ledian"},"west":{"uv":[10.5,7,16,12],"texture":"#ledian"},"east":{"uv":[1.5,3.5,7,8.5],"texture":"#ledian"}}},{"__comment":"body","from":[6.25,6.85,6.95],"to":[9.05,9.65,9.05],"faces":{"down":{"uv":[8,7,11,11.5],"rotation":180,"texture":"#ledian"},"up":{"uv":[8,7,11,11.5],"rotation":180,"texture":"#ledian"},"north":{"uv":[8,7,11,11.5],"texture":"#ledian"},"south":{"uv":[8,7,11,11.5],"rotation":180,"texture":"#ledian"},"west":{"uv":[10.5,7,16,12],"texture":"#ledian"},"east":{"uv":[1.5,3.5,7,8.5],"texture":"#ledian"}}},{"__comment":"Legs","from":[7.25625,4.43838,8.7],"to":[7.95625,6.53838,9.225],"rotation":{"origin":[7.25625,6.53838,8.7],"axis":"z","angle":22.5},"faces":{"down":{"uv":[3,11.5,7.5,14.5],"texture":"#ledian"},"up":{"uv":[3,11.5,7.5,14.5],"texture":"#ledian"},"north":{"uv":[2,12.5,7,16],"texture":"#ledian"},"south":{"uv":[2,11.5,6.5,16],"texture":"#ledian"},"west":{"uv":[1.5,13,6,16],"texture":"#ledian"},"east":{"uv":[2.5,13,7,16],"texture":"#ledian"}}},{"__comment":"LFoot","from":[7.895,3.53375,8.4725],"to":[8.77,5.10875,9.4175],"rotation":{"origin":[7.895,5.10875,8.4725],"axis":"z","angle":-22.5},"faces":{"down":{"uv":[8.5,7.5,4,3.5],"texture":"#ledian"},"up":{"uv":[3,4,7.5,8],"texture":"#ledian"},"north":{"uv":[3,4.5,7,8],"texture":"#ledian"},"south":{"uv":[1.5,4.5,6,8.5],"texture":"#ledian"},"west":{"uv":[2,4.5,6,9],"texture":"#ledian"},"east":{"uv":[2.5,3.5,6.5,8],"texture":"#ledian"}}},{"__comment":"RFoot","from":[7.895,3.53375,6.6525],"to":[8.84,5.10875,7.5975],"rotation":{"origin":[7.895,5.10875,6.6525],"axis":"z","angle":-22.5},"faces":{"down":{"uv":[8.5,7.5,4,3.5],"texture":"#ledian"},"up":{"uv":[3,4,7.5,8],"texture":"#ledian"},"north":{"uv":[3,4.5,7,8],"texture":"#ledian"},"south":{"uv":[1.5,4.5,6,8.5],"texture":"#ledian"},"west":{"uv":[2,4.5,6,9],"texture":"#ledian"},"east":{"uv":[2.5,3.5,6.5,8],"texture":"#ledian"}}},{"__comment":"LFoot","from":[7.895,3.65188,8.35437],"to":[8.595,4.8725,9.53562],"rotation":{"origin":[7.895,4.8725,8.35437],"axis":"z","angle":-22.5},"faces":{"down":{"uv":[8.5,7.5,4,3.5],"texture":"#ledian"},"up":{"uv":[3,4,7.5,8],"texture":"#ledian"},"north":{"uv":[3,4.5,7,8],"texture":"#ledian"},"south":{"uv":[1.5,4.5,6,8.5],"texture":"#ledian"},"west":{"uv":[2,4.5,6,9],"texture":"#ledian"},"east":{"uv":[2.5,3.5,6.5,8],"texture":"#ledian"}}},{"__comment":"RFoot","from":[7.895,3.65188,6.53437],"to":[8.6825,4.8725,7.71562],"rotation":{"origin":[7.895,4.8725,6.53437],"axis":"z","angle":-22.5},"faces":{"down":{"uv":[8.5,7.5,4,3.5],"texture":"#ledian"},"up":{"uv":[3,4,7.5,8],"texture":"#ledian"},"north":{"uv":[3,4.5,7,8],"texture":"#ledian"},"south":{"uv":[1.5,4.5,6,8.5],"texture":"#ledian"},"west":{"uv":[2,4.5,6,9],"texture":"#ledian"},"east":{"uv":[2.5,3.5,6.5,8],"texture":"#ledian"}}},{"__comment":"LFoot","from":[7.61937,3.49438,8.63],"to":[8.40687,4.715,9.29938],"rotation":{"origin":[7.61937,4.715,8.63],"axis":"z","angle":-22.5},"faces":{"down":{"uv":[8.5,7.5,4,3.5],"texture":"#ledian"},"up":{"uv":[3,4,7.5,8],"texture":"#ledian"},"north":{"uv":[3,4.5,7,8],"texture":"#ledian"},"south":{"uv":[1.5,4.5,6,8.5],"texture":"#ledian"},"west":{"uv":[2,4.5,6,9],"texture":"#ledian"},"east":{"uv":[2.5,3.5,6.5,8],"texture":"#ledian"}}},{"__comment":"RFoot","from":[7.61937,3.49438,6.81],"to":[8.40687,4.715,7.47938],"rotation":{"origin":[7.61937,4.715,6.81],"axis":"z","angle":-22.5},"faces":{"down":{"uv":[8.5,7.5,4,3.5],"texture":"#ledian"},"up":{"uv":[3,4,7.5,8],"texture":"#ledian"},"north":{"uv":[3,4.5,7,8],"texture":"#ledian"},"south":{"uv":[1.5,4.5,6,8.5],"texture":"#ledian"},"west":{"uv":[2,4.5,6,9],"texture":"#ledian"},"east":{"uv":[2.5,3.5,6.5,8],"texture":"#ledian"}}},{"__comment":"Legs*","from":[7.25625,4.4,6.8625],"to":[7.95625,6.5,7.3875],"rotation":{"origin":[7.25625,6.5,6.8625],"axis":"z","angle":22.5},"faces":{"down":{"uv":[3,11.5,7.5,14.5],"texture":"#ledian"},"up":{"uv":[3,11.5,7.5,14.5],"texture":"#ledian"},"north":{"uv":[2,12.5,7,16],"texture":"#ledian"},"south":{"uv":[2,11.5,6.5,16],"texture":"#ledian"},"west":{"uv":[1.5,13,6,16],"texture":"#ledian"},"east":{"uv":[2.5,13,7,16],"texture":"#ledian"}}},{"__comment":"LArm","from":[6.02346,9.64563,10.1525],"to":[7.20471,10.1969,10.7825],"rotation":{"origin":[6.02346,10.1969,10.1525],"axis":"z","angle":-22.5},"faces":{"down":{"uv":[3,11.5,7.5,14.5],"texture":"#ledian"},"up":{"uv":[3,11.5,7.5,14.5],"texture":"#ledian"},"north":{"uv":[2,12.5,7,16],"texture":"#ledian"},"south":{"uv":[2,11.5,6.5,16],"texture":"#ledian"},"west":{"uv":[1.5,13,6,16],"texture":"#ledian"},"east":{"uv":[2.5,13,7,16],"texture":"#ledian"}}},{"__comment":"LArm","from":[6.85813,9.2125,10.31],"to":[7.48813,9.76375,10.7431],"faces":{"down":{"uv":[3,11.5,7.5,14.5],"texture":"#ledian"},"up":{"uv":[3,11.5,7.5,14.5],"texture":"#ledian"},"north":{"uv":[2,12.5,7,16],"texture":"#ledian"},"south":{"uv":[2,11.5,6.5,16],"texture":"#ledian"},"west":{"uv":[1.5,13,6,16],"texture":"#ledian"},"east":{"uv":[2.5,13,7,16],"texture":"#ledian"}}},{"__comment":"RArm","from":[4.98125,7.45375,4.57],"to":[6.38125,8.85375,5.97],"rotation":{"origin":[4.98125,8.85375,4.57],"axis":"z","angle":-22.5},"faces":{"down":{"uv":[0,0,3,3],"texture":"#ledian"},"up":{"uv":[0,0,3,3],"texture":"#ledian"},"north":{"uv":[0,0,3,3],"texture":"#ledian"},"south":{"uv":[0,0,3,3],"texture":"#ledian"},"west":{"uv":[0,0,3,3],"texture":"#ledian"},"east":{"uv":[0,0,3,3],"texture":"#ledian"}}},{"__comment":"RArm","from":[5.2,7.19125,4.745],"to":[6.25,8.94125,5.795],"rotation":{"origin":[5.2,8.94125,4.745],"axis":"z","angle":-22.5},"faces":{"down":{"uv":[0,0,3,3],"texture":"#ledian"},"up":{"uv":[0,0,3,3],"texture":"#ledian"},"north":{"uv":[0,0,3,3],"texture":"#ledian"},"south":{"uv":[0,0,3,3],"texture":"#ledian"},"west":{"uv":[0,0,3,3],"texture":"#ledian"},"east":{"uv":[0,0,3,3],"texture":"#ledian"}}},{"__comment":"RArm","from":[5.06875,7.54125,4.395],"to":[6.11875,8.59125,6.145],"rotation":{"origin":[5.06875,8.59125,4.395],"axis":"z","angle":-22.5},"faces":{"down":{"uv":[0,0,3,3],"texture":"#ledian"},"up":{"uv":[0,0,3,3],"texture":"#ledian"},"north":{"uv":[0,0,3,3],"texture":"#ledian"},"south":{"uv":[0,0,3,3],"texture":"#ledian"},"west":{"uv":[0,0,3,3],"texture":"#ledian"},"east":{"uv":[0,0,3,3],"texture":"#ledian"}}},{"__comment":"RArm","from":[4.7625,7.71625,4.745],"to":[6.46875,8.76625,5.795],"rotation":{"origin":[4.7625,8.76625,4.745],"axis":"z","angle":-22.5},"faces":{"down":{"uv":[0,0,3,3],"texture":"#ledian"},"up":{"uv":[0,0,3,3],"texture":"#ledian"},"north":{"uv":[0,0,3,3],"texture":"#ledian"},"south":{"uv":[0,0,3,3],"texture":"#ledian"},"west":{"uv":[0,0,3,3],"texture":"#ledian"},"east":{"uv":[0,0,3,3],"texture":"#ledian"}}},{"__comment":"LArm*","from":[6.03125,7.40563,10.3625],"to":[7.2125,7.95688,10.9925],"rotation":{"origin":[6.03125,7.95688,10.3625],"axis":"z","angle":-22.5},"faces":{"down":{"uv":[3,11.5,7.5,14.5],"texture":"#ledian"},"up":{"uv":[3,11.5,7.5,14.5],"texture":"#ledian"},"north":{"uv":[2,12.5,7,16],"texture":"#ledian"},"south":{"uv":[2,11.5,6.5,16],"texture":"#ledian"},"west":{"uv":[1.5,13,6,16],"texture":"#ledian"},"east":{"uv":[2.5,13,7,16],"texture":"#ledian"}}},{"__comment":"LArm*","from":[6.85813,6.9725,10.52],"to":[7.48813,7.52375,10.9531],"faces":{"down":{"uv":[3,11.5,7.5,14.5],"texture":"#ledian"},"up":{"uv":[3,11.5,7.5,14.5],"texture":"#ledian"},"north":{"uv":[2,12.5,7,16],"texture":"#ledian"},"south":{"uv":[2,11.5,6.5,16],"texture":"#ledian"},"west":{"uv":[1.5,13,6,16],"texture":"#ledian"},"east":{"uv":[2.5,13,7,16],"texture":"#ledian"}}},{"__comment":"LArm*","from":[4.98125,7.45375,9.96],"to":[6.38125,8.85375,11.36],"rotation":{"origin":[4.98125,8.85375,9.96],"axis":"z","angle":-22.5},"faces":{"down":{"uv":[0,0,3,3],"texture":"#ledian"},"up":{"uv":[0,0,3,3],"texture":"#ledian"},"north":{"uv":[0,0,3,3],"texture":"#ledian"},"south":{"uv":[0,0,3,3],"texture":"#ledian"},"west":{"uv":[0,0,3,3],"texture":"#ledian"},"east":{"uv":[0,0,3,3],"texture":"#ledian"}}},{"__comment":"LArm*","from":[5.2,7.19125,10.135],"to":[6.25,8.94125,11.185],"rotation":{"origin":[5.2,8.94125,10.135],"axis":"z","angle":-22.5},"faces":{"down":{"uv":[0,0,3,3],"texture":"#ledian"},"up":{"uv":[0,0,3,3],"texture":"#ledian"},"north":{"uv":[0,0,3,3],"texture":"#ledian"},"south":{"uv":[0,0,3,3],"texture":"#ledian"},"west":{"uv":[0,0,3,3],"texture":"#ledian"},"east":{"uv":[0,0,3,3],"texture":"#ledian"}}},{"__comment":"LArm*","from":[5.06875,7.54125,9.785],"to":[6.11875,8.59125,11.535],"rotation":{"origin":[5.06875,8.59125,9.785],"axis":"z","angle":-22.5},"faces":{"down":{"uv":[0,0,3,3],"texture":"#ledian"},"up":{"uv":[0,0,3,3],"texture":"#ledian"},"north":{"uv":[0,0,3,3],"texture":"#ledian"},"south":{"uv":[0,0,3,3],"texture":"#ledian"},"west":{"uv":[0,0,3,3],"texture":"#ledian"},"east":{"uv":[0,0,3,3],"texture":"#ledian"}}},{"__comment":"LArm*","from":[4.7625,7.71625,10.135],"to":[6.46875,8.76625,11.185],"rotation":{"origin":[4.7625,8.76625,10.135],"axis":"z","angle":-22.5},"faces":{"down":{"uv":[0,0,3,3],"texture":"#ledian"},"up":{"uv":[0,0,3,3],"texture":"#ledian"},"north":{"uv":[0,0,3,3],"texture":"#ledian"},"south":{"uv":[0,0,3,3],"texture":"#ledian"},"west":{"uv":[0,0,3,3],"texture":"#ledian"},"east":{"uv":[0,0,3,3],"texture":"#ledian"}}},{"__comment":"LArm*","from":[4.98125,9.69375,9.75],"to":[6.38125,11.0938,11.15],"rotation":{"origin":[4.98125,11.0938,9.75],"axis":"z","angle":-22.5},"faces":{"down":{"uv":[0,0,3,3],"texture":"#ledian"},"up":{"uv":[0,0,3,3],"texture":"#ledian"},"north":{"uv":[0,0,3,3],"texture":"#ledian"},"south":{"uv":[0,0,3,3],"texture":"#ledian"},"west":{"uv":[0,0,3,3],"texture":"#ledian"},"east":{"uv":[0,0,3,3],"texture":"#ledian"}}},{"__comment":"LArm*","from":[5.2,9.43125,9.925],"to":[6.25,11.1813,10.975],"rotation":{"origin":[5.2,11.1813,9.925],"axis":"z","angle":-22.5},"faces":{"down":{"uv":[0,0,3,3],"texture":"#ledian"},"up":{"uv":[0,0,3,3],"texture":"#ledian"},"north":{"uv":[0,0,3,3],"texture":"#ledian"},"south":{"uv":[0,0,3,3],"texture":"#ledian"},"west":{"uv":[0,0,3,3],"texture":"#ledian"},"east":{"uv":[0,0,3,3],"texture":"#ledian"}}},{"__comment":"LArm*","from":[5.06875,9.78125,9.575],"to":[6.11875,10.8313,11.325],"rotation":{"origin":[5.06875,10.8313,9.575],"axis":"z","angle":-22.5},"faces":{"down":{"uv":[0,0,3,3],"texture":"#ledian"},"up":{"uv":[0,0,3,3],"texture":"#ledian"},"north":{"uv":[0,0,3,3],"texture":"#ledian"},"south":{"uv":[0,0,3,3],"texture":"#ledian"},"west":{"uv":[0,0,3,3],"texture":"#ledian"},"east":{"uv":[0,0,3,3],"texture":"#ledian"}}},{"__comment":"LArm*","from":[4.7625,9.95625,9.925],"to":[6.46875,11.0063,10.975],"rotation":{"origin":[4.7625,11.0063,9.925],"axis":"z","angle":-22.5},"faces":{"down":{"uv":[0,0,3,3],"texture":"#ledian"},"up":{"uv":[0,0,3,3],"texture":"#ledian"},"north":{"uv":[0,0,3,3],"texture":"#ledian"},"south":{"uv":[0,0,3,3],"texture":"#ledian"},"west":{"uv":[0,0,3,3],"texture":"#ledian"},"east":{"uv":[0,0,3,3],"texture":"#ledian"}}},{"__comment":"RArm","from":[7.08125,6.93313,5.2],"to":[7.51875,7.56313,6.6875],"rotation":{"origin":[7.08125,6.93313,5.2],"axis":"y","angle":22.5},"faces":{"down":{"uv":[3,11.5,7.5,14.5],"texture":"#ledian"},"up":{"uv":[3,11.5,7.5,14.5],"texture":"#ledian"},"north":{"uv":[2,12.5,7,16],"texture":"#ledian"},"south":{"uv":[2,11.5,6.5,16],"texture":"#ledian"},"west":{"uv":[1.5,13,6,16],"texture":"#ledian"},"east":{"uv":[2.5,13,7,16],"texture":"#ledian"}}},{"__comment":"LArm*","from":[7.65,6.92,9.4],"to":[8.0875,7.55,10.8875],"rotation":{"origin":[7.65,6.92,9.4],"axis":"y","angle":-22.5},"faces":{"down":{"uv":[3,11.5,7.5,14.5],"texture":"#ledian"},"up":{"uv":[3,11.5,7.5,14.5],"texture":"#ledian"},"north":{"uv":[2,12.5,7,16],"texture":"#ledian"},"south":{"uv":[2,11.5,6.5,16],"texture":"#ledian"},"west":{"uv":[1.5,13,6,16],"texture":"#ledian"},"east":{"uv":[2.5,13,7,16],"texture":"#ledian"}}},{"__comment":"LArm*","from":[7.65,9.17312,9.19],"to":[8.0875,9.80312,10.6775],"rotation":{"origin":[7.65,9.17312,9.19],"axis":"y","angle":-22.5},"faces":{"down":{"uv":[3,11.5,7.5,14.5],"texture":"#ledian"},"up":{"uv":[3,11.5,7.5,14.5],"texture":"#ledian"},"north":{"uv":[2,12.5,7,16],"texture":"#ledian"},"south":{"uv":[2,11.5,6.5,16],"texture":"#ledian"},"west":{"uv":[1.5,13,6,16],"texture":"#ledian"},"east":{"uv":[2.5,13,7,16],"texture":"#ledian"}}},{"__comment":"RArm","from":[6.8625,6.99,5.025],"to":[7.4925,7.54125,5.45813],"faces":{"down":{"uv":[3,11.5,7.5,14.5],"texture":"#ledian"},"up":{"uv":[3,11.5,7.5,14.5],"texture":"#ledian"},"north":{"uv":[2,12.5,7,16],"texture":"#ledian"},"south":{"uv":[2,11.5,6.5,16],"texture":"#ledian"},"west":{"uv":[1.5,13,6,16],"texture":"#ledian"},"east":{"uv":[2.5,13,7,16],"texture":"#ledian"}}},{"__comment":"RArm","from":[6.03125,7.4275,4.98125],"to":[7.2125,7.97875,5.61125],"rotation":{"origin":[6.03125,7.97875,4.98125],"axis":"z","angle":-22.5},"faces":{"down":{"uv":[3,11.5,7.5,14.5],"texture":"#ledian"},"up":{"uv":[3,11.5,7.5,14.5],"texture":"#ledian"},"north":{"uv":[2,12.5,7,16],"texture":"#ledian"},"south":{"uv":[2,11.5,6.5,16],"texture":"#ledian"},"west":{"uv":[1.5,13,6,16],"texture":"#ledian"},"east":{"uv":[2.5,13,7,16],"texture":"#ledian"}}},{"__comment":"RArm*","from":[4.98125,9.69375,4.78],"to":[6.38125,11.0938,6.18],"rotation":{"origin":[4.98125,11.0938,4.78],"axis":"z","angle":-22.5},"faces":{"down":{"uv":[0,0,3,3],"texture":"#ledian"},"up":{"uv":[0,0,3,3],"texture":"#ledian"},"north":{"uv":[0,0,3,3],"texture":"#ledian"},"south":{"uv":[0,0,3,3],"texture":"#ledian"},"west":{"uv":[0,0,3,3],"texture":"#ledian"},"east":{"uv":[0,0,3,3],"texture":"#ledian"}}},{"__comment":"RArm*","from":[5.2,9.43125,4.955],"to":[6.25,11.1813,6.005],"rotation":{"origin":[5.2,11.1813,4.955],"axis":"z","angle":-22.5},"faces":{"down":{"uv":[0,0,3,3],"texture":"#ledian"},"up":{"uv":[0,0,3,3],"texture":"#ledian"},"north":{"uv":[0,0,3,3],"texture":"#ledian"},"south":{"uv":[0,0,3,3],"texture":"#ledian"},"west":{"uv":[0,0,3,3],"texture":"#ledian"},"east":{"uv":[0,0,3,3],"texture":"#ledian"}}},{"__comment":"RArm*","from":[5.06875,9.78125,4.605],"to":[6.11875,10.8313,6.355],"rotation":{"origin":[5.06875,10.8313,4.605],"axis":"z","angle":-22.5},"faces":{"down":{"uv":[0,0,3,3],"texture":"#ledian"},"up":{"uv":[0,0,3,3],"texture":"#ledian"},"north":{"uv":[0,0,3,3],"texture":"#ledian"},"south":{"uv":[0,0,3,3],"texture":"#ledian"},"west":{"uv":[0,0,3,3],"texture":"#ledian"},"east":{"uv":[0,0,3,3],"texture":"#ledian"}}},{"__comment":"RArm*","from":[4.7625,9.95625,4.955],"to":[6.46875,11.0063,6.005],"rotation":{"origin":[4.7625,11.0063,4.955],"axis":"z","angle":-22.5},"faces":{"down":{"uv":[0,0,3,3],"texture":"#ledian"},"up":{"uv":[0,0,3,3],"texture":"#ledian"},"north":{"uv":[0,0,3,3],"texture":"#ledian"},"south":{"uv":[0,0,3,3],"texture":"#ledian"},"west":{"uv":[0,0,3,3],"texture":"#ledian"},"east":{"uv":[0,0,3,3],"texture":"#ledian"}}},{"__comment":"RArm*","from":[7.08125,9.17312,5.41],"to":[7.51875,9.80312,6.8975],"rotation":{"origin":[7.08125,9.17312,5.41],"axis":"y","angle":22.5},"faces":{"down":{"uv":[3,11.5,7.5,14.5],"texture":"#ledian"},"up":{"uv":[3,11.5,7.5,14.5],"texture":"#ledian"},"north":{"uv":[2,12.5,7,16],"texture":"#ledian"},"south":{"uv":[2,11.5,6.5,16],"texture":"#ledian"},"west":{"uv":[1.5,13,6,16],"texture":"#ledian"},"east":{"uv":[2.5,13,7,16],"texture":"#ledian"}}},{"__comment":"RArm*","from":[6.8625,9.23,5.235],"to":[7.4925,9.78125,5.66812],"faces":{"down":{"uv":[3,11.5,7.5,14.5],"texture":"#ledian"},"up":{"uv":[3,11.5,7.5,14.5],"texture":"#ledian"},"north":{"uv":[2,12.5,7,16],"texture":"#ledian"},"south":{"uv":[2,11.5,6.5,16],"texture":"#ledian"},"west":{"uv":[1.5,13,6,16],"texture":"#ledian"},"east":{"uv":[2.5,13,7,16],"texture":"#ledian"}}},{"__comment":"RArm*","from":[6.03125,9.6675,5.19125],"to":[7.2125,10.2188,5.82125],"rotation":{"origin":[6.03125,10.2188,5.19125],"axis":"z","angle":-22.5},"faces":{"down":{"uv":[3,11.5,7.5,14.5],"texture":"#ledian"},"up":{"uv":[3,11.5,7.5,14.5],"texture":"#ledian"},"north":{"uv":[2,12.5,7,16],"texture":"#ledian"},"south":{"uv":[2,11.5,6.5,16],"texture":"#ledian"},"west":{"uv":[1.5,13,6,16],"texture":"#ledian"},"east":{"uv":[2.5,13,7,16],"texture":"#ledian"}}},{"__comment":"Neck","from":[6.6,10,7.65],"to":[7.3,11.4,8.35],"rotation":{"origin":[6.6,11.4,7.65],"axis":"z","angle":22.5},"faces":{"down":{"uv":[3,11.5,7.5,14.5],"texture":"#ledian"},"up":{"uv":[3,11.5,7.5,14.5],"texture":"#ledian"},"north":{"uv":[2,12.5,7,16],"texture":"#ledian"},"south":{"uv":[2,11.5,6.5,16],"texture":"#ledian"},"west":{"uv":[1.5,13,6,16],"texture":"#ledian"},"east":{"uv":[2.5,13,7,16],"texture":"#ledian"}}},{"__comment":"Head","from":[4,10.5318,6.5],"to":[8,13.0318,9.5],"rotation":{"origin":[4,13.0318,6.5],"axis":"z","angle":22.5},"faces":{"down":{"uv":[0,6.5,1.5,9],"rotation":90,"texture":"#ledian"},"up":{"uv":[3.5,4,8,8],"texture":"#ledian"},"north":{"uv":[9.5,7,6,11],"texture":"#ledian"},"south":{"uv":[6,7,9.5,11],"texture":"#ledian"},"west":{"uv":[1.5,7.5,6.5,10.5],"texture":"#ledian"},"east":{"uv":[1.5,3.5,5.5,8.5],"texture":"#ledian"}}},{"__comment":"Head","from":[4.3125,10.875,6.25],"to":[7.8125,12.875,9.75],"rotation":{"origin":[4.3125,12.875,6.25],"axis":"z","angle":22.5},"faces":{"down":{"uv":[8,7,10,11],"rotation":180,"texture":"#ledian"},"up":{"uv":[3.5,4,8,8],"texture":"#ledian"},"north":{"uv":[9.5,7,6.5,10.5],"texture":"#ledian"},"south":{"uv":[6.5,7,9.5,10.5],"texture":"#ledian"},"west":{"uv":[1.5,7.5,6.5,11],"texture":"#ledian"},"east":{"uv":[1.5,3.5,5.5,8.5],"texture":"#ledian"}}},{"__comment":"Head","from":[3.875,10.6875,7],"to":[8.375,12.6875,9],"rotation":{"origin":[3.875,12.6875,7],"axis":"z","angle":22.5},"faces":{"down":{"uv":[8,7.5,11,11],"rotation":180,"texture":"#ledian"},"up":{"uv":[3.5,4,8,8],"texture":"#ledian"},"north":{"uv":[9,7,5,11],"texture":"#ledian"},"south":{"uv":[5,7,9,11],"texture":"#ledian"},"west":{"uv":[2,6.5,6,11],"texture":"#ledian"},"east":{"uv":[1.5,3.5,5.5,8.5],"texture":"#ledian"}}},{"__comment":"Head","from":[4.125,10.3125,7],"to":[7.625,13.3125,9],"rotation":{"origin":[4.125,13.3125,7],"axis":"z","angle":22.5},"faces":{"down":{"uv":[7.5,9.5,10,11.5],"rotation":180,"texture":"#ledian"},"up":{"uv":[4,4,8.5,8],"texture":"#ledian"},"north":{"uv":[6.5,4.5,10,7.5],"texture":"#ledian"},"south":{"uv":[6.5,4.5,10,7.5],"rotation":90,"texture":"#ledian"},"west":{"uv":[8,8,11,11],"rotation":90,"texture":"#ledian"},"east":{"uv":[1.5,3.5,5.5,8.5],"texture":"#ledian"}}},{"__comment":"Antinae","from":[5.5,13.5,6.5625],"to":[6,15.5,7.0625],"faces":{"down":{"uv":[4,11.5,8.5,14.5],"texture":"#ledian"},"up":{"uv":[4,11.5,8.5,14.5],"texture":"#ledian"},"north":{"uv":[2,11.5,6.5,14],"texture":"#ledian"},"south":{"uv":[2,11.5,6.5,14],"texture":"#ledian"},"west":{"uv":[0.5,13,6,16],"texture":"#ledian"},"east":{"uv":[0.5,13,6,16],"texture":"#ledian"}}},{"__comment":"Antinae","from":[5.5,13.5,8.9375],"to":[6,15.5,9.4375],"faces":{"down":{"uv":[4,11.5,8.5,14.5],"texture":"#ledian"},"up":{"uv":[4,11.5,8.5,14.5],"texture":"#ledian"},"north":{"uv":[2,11.5,6.5,14],"texture":"#ledian"},"south":{"uv":[2,11.5,6.5,14],"texture":"#ledian"},"west":{"uv":[0.5,13,6,16],"texture":"#ledian"},"east":{"uv":[0.5,13,6,16],"texture":"#ledian"}}},{"__comment":"Antinae","from":[5.5,14.8125,8.875],"to":[7.875,15.5625,9.5625],"rotation":{"origin":[5.5,15.5625,8.875],"axis":"z","angle":22.5},"faces":{"down":{"uv":[4,11.5,8.5,14.5],"texture":"#ledian"},"up":{"uv":[4,11.5,8.5,14.5],"texture":"#ledian"},"north":{"uv":[2,11.5,6.5,14],"texture":"#ledian"},"south":{"uv":[2,11.5,6.5,14],"texture":"#ledian"},"west":{"uv":[0.5,13,6,16],"texture":"#ledian"},"east":{"uv":[0.5,13,6,16],"texture":"#ledian"}}},{"__comment":"Antinae","from":[5.5,14.8125,6.4375],"to":[7.875,15.5625,7.125],"rotation":{"origin":[5.5,15.5625,6.4375],"axis":"z","angle":22.5},"faces":{"down":{"uv":[4,11.5,8.5,14.5],"texture":"#ledian"},"up":{"uv":[4,11.5,8.5,14.5],"texture":"#ledian"},"north":{"uv":[2,11.5,6.5,14],"texture":"#ledian"},"south":{"uv":[2,11.5,6.5,14],"texture":"#ledian"},"west":{"uv":[0.5,13,6,16],"texture":"#ledian"},"east":{"uv":[0.5,13,6,16],"texture":"#ledian"}}},{"__comment":"Head*","from":[4.125,11.3125,8.5],"to":[6.125,12.8125,10],"rotation":{"origin":[4.125,12.8125,8.5],"axis":"z","angle":22.5},"faces":{"down":{"uv":[11.5,5,16,7],"rotation":180,"texture":"#ledian"},"up":{"uv":[11.5,5,16,7],"texture":"#ledian"},"north":{"uv":[11.5,0,16,7],"texture":"#ledian"},"south":{"uv":[11.5,0,16,7],"texture":"#ledian"},"west":{"uv":[16,5,11.5,7],"texture":"#ledian"},"east":{"uv":[11.5,5,16,7],"texture":"#ledian"}}},{"__comment":"Head*","from":[4.125,11.3125,6],"to":[6.125,12.8125,7.5],"rotation":{"origin":[4.125,12.8125,6],"axis":"z","angle":22.5},"faces":{"down":{"uv":[11.5,5,16,7],"rotation":180,"texture":"#ledian"},"up":{"uv":[11.5,5,16,7],"texture":"#ledian"},"north":{"uv":[11.5,0,16,7],"texture":"#ledian"},"south":{"uv":[11.5,0,16,7],"texture":"#ledian"},"west":{"uv":[11.5,5,16,7],"texture":"#ledian"},"east":{"uv":[11.5,5,16,7],"texture":"#ledian"}}},{"__comment":"Head*","from":[4,11.5,9.1875],"to":[5.5,12.5,9.75],"rotation":{"origin":[4,12.5,9.1875],"axis":"z","angle":22.5},"faces":{"down":{"uv":[11.5,5,16,7],"rotation":180,"texture":"#ledian"},"up":{"uv":[11.5,5,16,7],"texture":"#ledian"},"north":{"uv":[11.5,0,16,7],"texture":"#ledian"},"south":{"uv":[11.5,0,16,7],"texture":"#ledian"},"west":{"uv":[16,5,11.5,7],"texture":"#ledian"},"east":{"uv":[11.5,5,16,7],"texture":"#ledian"}}},{"__comment":"Head*","from":[4,11.5625,6.25],"to":[5.5,12.5625,6.8125],"rotation":{"origin":[4,12.5625,6.25],"axis":"z","angle":22.5},"faces":{"down":{"uv":[11.5,5,16,7],"rotation":180,"texture":"#ledian"},"up":{"uv":[11.5,5,16,7],"texture":"#ledian"},"north":{"uv":[11.5,0,16,7],"texture":"#ledian"},"south":{"uv":[11.5,0,16,7],"texture":"#ledian"},"west":{"uv":[16,5,11.5,7],"texture":"#ledian"},"east":{"uv":[11.5,5,16,7],"texture":"#ledian"}}},{"from":[8.3125,7.375,8.5],"to":[8.375,10.375,11.5],"rotation":{"origin":[8.3125,10.375,8.5],"axis":"z","angle":45},"faces":{"west":{"uv":[0,1.5,15.5,15.5],"texture":"#wing1"},"east":{"uv":[15.5,1.5,0,15.5],"texture":"#wing1"}}},{"from":[8.3125,7.375,4.625],"to":[8.375,10.375,7.625],"rotation":{"origin":[8.3125,10.375,4.625],"axis":"z","angle":45},"faces":{"west":{"uv":[15.5,1.5,0,15.5],"texture":"#wing1"},"east":{"uv":[0,1.5,15.5,15.5],"texture":"#wing1"}}},{"from":[8.125,10.5,8.25],"to":[11.125,10.5625,11.25],"rotation":{"origin":[8.125,10.5625,8.25],"axis":"z","angle":-22.5},"faces":{"down":{"uv":[8.5,7.5,2,16],"rotation":90,"texture":"#ledian_wing2"},"up":{"uv":[9.5,7.5,16,16],"rotation":90,"texture":"#ledian_wing2"}}},{"from":[8.125,10.5,4.8125],"to":[11.125,10.5625,7.8125],"rotation":{"origin":[8.125,10.5625,4.8125],"axis":"z","angle":-22.5},"faces":{"down":{"uv":[2,7.5,8.5,16],"rotation":90,"texture":"#ledian_wing2"},"up":{"uv":[16,7.5,9.5,16],"rotation":90,"texture":"#ledian_wing2"}}},{"from":[10.875,9.375,8.25],"to":[13.375,9.4375,11.25],"rotation":{"origin":[10.875,9.4375,8.25],"axis":"z","angle":-45},"faces":{"down":{"uv":[8.5,0.5,2,7.5],"rotation":90,"texture":"#ledian_wing2"},"up":{"uv":[9.5,0.5,16,7.5],"rotation":90,"texture":"#ledian_wing2"}}},{"from":[10.875,9.375,4.75],"to":[13.375,9.4375,7.75],"rotation":{"origin":[10.875,9.4375,4.75],"axis":"z","angle":-45},"faces":{"down":{"uv":[2,0.5,8.5,7.5],"rotation":90,"texture":"#ledian_wing2"},"up":{"uv":[16,0.5,9.5,7.5],"rotation":90,"texture":"#ledian_wing2"}}},{"from":[8.5,7.25,8.5],"to":[8.5625,10.25,11.5],"rotation":{"origin":[8.5,10.25,8.5],"axis":"z","angle":22.5},"faces":{"west":{"uv":[0,1.5,15.5,15.5],"texture":"#wing2"},"east":{"uv":[15.5,1.5,0,15.5],"texture":"#wing2"}}},{"from":[8.5625,7.0625,4.4375],"to":[8.625,10.0625,7.4375],"rotation":{"origin":[8.5625,10.0625,4.4375],"axis":"z","angle":22.5},"faces":{"west":{"uv":[15.5,1.5,0,15.5],"texture":"#wing2"},"east":{"uv":[0,1.5,15.5,15.5],"texture":"#wing2"}}}],"display":{"head":{"rotation":[0,-90,0],"translation":[0,-14.93,0.76],"scale":[3,3,3]},"gui":{"rotation":[30,50,0],"translation":[0,-2,0],"scale":[1.3,1.3,1.3]},"thirdperson_righthand":{"scale":[0,0,0]},"thirdperson_lefthand":{"scale":[0,0,0]},"firstperson_righthand":{"scale":[0,0,0]},"firstperson_lefthand":{"scale":[0,0,0]}}}