{"__comment":"Designed by Samasaurus6 with BDcraft Cubik PRO 0.96 Beta - http://bdcraft.net","textures":{"pichu":"pokemon_skins/regular/pichu/pichu","pichu_ear":"pokemon_skins/regular/pichu/pichu_ear","pichu_tail":"pokemon_skins/regular/pichu/pichu_tail"},"elements":[{"from":[5,7,4],"to":[11,12.5,12],"faces":{"down":{"uv":[0,0,5.5,7.5],"texture":"#pichu"},"up":{"uv":[0,0,5.5,7],"texture":"#pichu"},"north":{"uv":[0,0,5.5,5.5],"texture":"#pichu"},"south":{"uv":[0,0,5.5,5],"texture":"#pichu"},"west":{"uv":[0,0,5,3.5],"texture":"#pichu"},"east":{"uv":[0,0,5,4.5],"texture":"#pichu"}}},{"from":[5.5,6.5,4.5],"to":[10.5,13,11.5],"faces":{"down":{"uv":[0,1,5,8],"texture":"#pichu"},"up":{"uv":[0,0,5,7],"texture":"#pichu"},"north":{"uv":[0,0,5,7],"texture":"#pichu"},"south":{"uv":[0,0,5,7],"texture":"#pichu"},"west":{"uv":[0,0,5,5],"texture":"#pichu"},"east":{"uv":[0,0,5,5],"texture":"#pichu"}}},{"from":[5.5,7.5,3.5],"to":[10.5,12,12.5],"faces":{"down":{"uv":[0,0,5,9],"texture":"#pichu"},"up":{"uv":[0,0,5,9],"texture":"#pichu"},"north":{"uv":[0,0,5,5],"texture":"#pichu"},"south":{"uv":[0,0,5,5],"texture":"#pichu"},"west":{"uv":[0,0,5.5,3.5],"texture":"#pichu"},"east":{"uv":[0,0,5.5,3.5],"texture":"#pichu"}}},{"from":[4.5,7.5,5],"to":[11.5,12,11],"faces":{"down":{"uv":[0,0,5,5],"texture":"#pichu"},"up":{"uv":[0,0,5,5],"texture":"#pichu"},"north":{"uv":[0,0,5.5,4],"texture":"#pichu"},"south":{"uv":[0,0,5.5,4],"texture":"#pichu"},"west":{"uv":[0,0,5,4],"texture":"#pichu"},"east":{"uv":[0,0,5,4],"texture":"#pichu"}}},{"from":[6,0.5,6],"to":[10,6.5,10],"faces":{"down":{"uv":[0,5,4,9],"texture":"#pichu"},"up":{"uv":[0,5,4,9],"texture":"#pichu"},"north":{"uv":[0,0,4,6],"texture":"#pichu"},"south":{"uv":[0,0.5,4,6.5],"texture":"#pichu"},"west":{"uv":[0,4,4,10],"texture":"#pichu"},"east":{"uv":[0,2.5,4,8.5],"texture":"#pichu"}}},{"from":[5.5,1,5.5],"to":[10.5,6,10.5],"faces":{"down":{"uv":[0,5.5,5,10.5],"texture":"#pichu"},"up":{"uv":[0,3,5,8],"texture":"#pichu"},"north":{"uv":[0,3.5,5,8.5],"texture":"#pichu"},"south":{"uv":[0.5,4.5,5.5,9.5],"texture":"#pichu"},"west":{"uv":[0,1.5,5,6.5],"texture":"#pichu"},"east":{"uv":[0,4,5,9],"texture":"#pichu"}}},{"from":[6,1.5,5],"to":[10,4.5,11],"faces":{"down":{"uv":[0,2,4,8],"texture":"#pichu"},"up":{"uv":[0,4,4,10],"texture":"#pichu"},"north":{"uv":[0,6,4,9],"texture":"#pichu"},"south":{"uv":[0,4,4,7],"texture":"#pichu"},"west":{"uv":[0,5.5,5.5,8],"texture":"#pichu"},"east":{"uv":[0,5.5,5.5,8],"texture":"#pichu"}}},{"from":[5,1.5,6],"to":[11,5,10],"faces":{"down":{"uv":[0,2.5,5.5,6],"texture":"#pichu"},"up":{"uv":[0,2.5,5.5,6],"texture":"#pichu"},"north":{"uv":[0,2.5,5.5,6],"texture":"#pichu"},"south":{"uv":[0,2.5,5.5,6],"texture":"#pichu"},"west":{"uv":[0,3.5,4,7.5],"texture":"#pichu"},"east":{"uv":[1,3.5,5,7.5],"texture":"#pichu"}}},{"from":[6.5,8,3],"to":[9.5,11,13],"faces":{"down":{"uv":[0,0,3,10],"texture":"#pichu"},"up":{"uv":[1,0,4,10],"texture":"#pichu"},"north":{"uv":[0,0,3,3],"texture":"#pichu"},"south":{"uv":[0,0.5,3,3.5],"texture":"#pichu"},"west":{"uv":[0,0,5,2.5],"texture":"#pichu"},"east":{"uv":[0,0,5,2.5],"texture":"#pichu"}}},{"from":[6.5,11.25,6],"to":[9.5,13.25,10],"faces":{"down":{"uv":[1.5,3.5,4.5,7.5],"texture":"#pichu"},"up":{"uv":[0,3.5,3,7.5],"texture":"#pichu"},"north":{"uv":[2.5,0.5,5.5,2.5],"texture":"#pichu"},"south":{"uv":[0,2,3,4],"texture":"#pichu"},"west":{"uv":[0,0,4,2],"texture":"#pichu"},"east":{"uv":[1,3,5,5],"texture":"#pichu"}}},{"from":[7,5,10],"to":[9,6.5,13.5],"rotation":{"origin":[7,6.5,10],"axis":"x","angle":22.5},"faces":{"down":{"uv":[4,6,2.5,4.5],"texture":"#pichu"},"up":{"uv":[1.5,7,3,8.5],"texture":"#pichu"},"north":{"uv":[0,5,1.5,8],"texture":"#pichu"},"south":{"uv":[2,7,3.5,10],"texture":"#pichu"},"west":{"uv":[3.5,2.5,5,5.5],"texture":"#pichu"},"east":{"uv":[1,9,2.5,12],"texture":"#pichu"}}},{"from":[7,3.625,2.9375],"to":[9,5.125,6.4375],"rotation":{"origin":[7,5.125,2.9375],"axis":"x","angle":-22.5},"faces":{"down":{"uv":[2,2.5,4,6],"texture":"#pichu"},"up":{"uv":[1.5,3.5,3.5,7],"texture":"#pichu"},"north":{"uv":[2,7.5,4,9],"texture":"#pichu"},"south":{"uv":[0,6,2,7.5],"texture":"#pichu"},"west":{"uv":[0,7.5,3.5,9],"texture":"#pichu"},"east":{"uv":[2.5,9.5,6,11],"texture":"#pichu"}}},{"from":[5.9375,-0.5,5],"to":[8.9375,0.5,6.5],"rotation":{"origin":[5.9375,-0.5,5],"axis":"y","angle":-22.5},"faces":{"down":{"uv":[7,10,5.5,8.5],"texture":"#pichu"},"up":{"uv":[5.5,8,8,12],"rotation":90,"texture":"#pichu"},"north":{"uv":[3.5,8.5,5,11.5],"texture":"#pichu"},"south":{"uv":[3.5,7.5,5,10.5],"texture":"#pichu"},"west":{"uv":[5.5,11,8,9],"texture":"#pichu"},"east":{"uv":[0.5,5,2,8],"texture":"#pichu"}}},{"from":[5.375,-0.5,9.5],"to":[8.375,0.5,11],"rotation":{"origin":[5.375,-0.5,9.5],"axis":"y","angle":22.5},"faces":{"down":{"uv":[7,10,5.5,8.5],"texture":"#pichu"},"up":{"uv":[5.5,8,8,12],"rotation":90,"texture":"#pichu"},"north":{"uv":[3.5,8.5,5,11.5],"texture":"#pichu"},"south":{"uv":[3.5,7.5,5,10.5],"texture":"#pichu"},"west":{"uv":[5.5,11,8,9],"texture":"#pichu"},"east":{"uv":[0.5,5,2,8],"texture":"#pichu"}}},{"from":[8,6.75,-4],"to":[8.0625,14.75,2.5],"rotation":{"origin":[8,14.75,-4],"axis":"x","angle":-45},"faces":{"west":{"uv":[3,2,12.5,16],"texture":"#pichu_ear"},"east":{"uv":[3,2,12.5,16],"texture":"#pichu_ear"}}},{"from":[8,11.3125,15.4375],"to":[8.0625,19.3125,21.9375],"rotation":{"origin":[8,19.3125,15.4375],"axis":"x","angle":45},"faces":{"west":{"uv":[3,2,12.5,16],"texture":"#pichu_ear"},"east":{"uv":[3,2,12.5,16],"texture":"#pichu_ear"}}},{"from":[4.4375,9.4375,9.5],"to":[4.5,11,11.125],"faces":{"west":{"uv":[11.5,0,16,4.5],"texture":"#pichu"},"east":{"uv":[10.5,5,11.5,6],"texture":"#pichu"}}},{"from":[4.4375,8,7],"to":[4.5,9,9],"faces":{"west":{"uv":[10,8,15.5,10],"texture":"#pichu"},"east":{"uv":[10.5,5,11.5,6],"texture":"#pichu"}}},{"from":[4.9375,7.625,3.9375],"to":[5,9,5.375],"rotation":{"origin":[4.9375,7.625,3.9375],"axis":"y","angle":-22.5},"faces":{"west":{"uv":[8,0,11.5,3.5],"texture":"#pichu"},"east":{"uv":[10.5,5,11.5,6],"texture":"#pichu"}}},{"from":[4.5625,7.5,10.7615],"to":[6.0625,12,11.7615],"rotation":{"origin":[4.5625,7.5,10.7615],"axis":"y","angle":22.5},"faces":{"down":{"uv":[0,0,5,5],"texture":"#pichu"},"up":{"uv":[0,0,5,5],"texture":"#pichu"},"north":{"uv":[0,0,5.5,4],"texture":"#pichu"},"south":{"uv":[0,0,5.5,4],"texture":"#pichu"},"west":{"uv":[0,0,5,4],"texture":"#pichu"},"east":{"uv":[0,0,5,4],"texture":"#pichu"}}},{"from":[4.9375,7.5,4.0625],"to":[6.4375,12,5.0625],"rotation":{"origin":[4.9375,7.5,4.0625],"axis":"y","angle":-22.5},"faces":{"down":{"uv":[0,0,5,5],"texture":"#pichu"},"up":{"uv":[0,0,5,5],"texture":"#pichu"},"north":{"uv":[0,0,5.5,4],"texture":"#pichu"},"south":{"uv":[0,0,5.5,4],"texture":"#pichu"},"west":{"uv":[0,0,5,4],"texture":"#pichu"},"east":{"uv":[0,0,5,4],"texture":"#pichu"}}},{"from":[4.9375,7.625,3.9375],"to":[5,9,5.375],"rotation":{"origin":[4.9375,7.625,3.9375],"axis":"y","angle":-22.5},"faces":{"west":{"uv":[8,0,11.5,3.5],"texture":"#pichu"},"east":{"uv":[10.5,5,11.5,6],"texture":"#pichu"}}},{"from":[4.4375,7.625,10.875],"to":[4.5,9,12.3125],"rotation":{"origin":[4.4375,7.625,10.875],"axis":"y","angle":22.5},"faces":{"west":{"uv":[8,0,11.5,3.5],"texture":"#pichu"},"east":{"uv":[10.5,5,11.5,6],"texture":"#pichu"}}},{"from":[4.4375,9.4375,5],"to":[4.5,11,6.625],"faces":{"west":{"uv":[16,0,11.5,4.5],"texture":"#pichu"},"east":{"uv":[10.5,5,11.5,6],"texture":"#pichu"}}},{"from":[7.25,4.8125,9.8125],"to":[8.75,6.8125,13.3125],"rotation":{"origin":[7.25,6.8125,9.8125],"axis":"x","angle":22.5},"faces":{"down":{"uv":[4,6,2.5,4.5],"texture":"#pichu"},"up":{"uv":[1.5,7,3,8.5],"texture":"#pichu"},"north":{"uv":[0,5,1.5,8],"texture":"#pichu"},"south":{"uv":[2,7,3.5,10],"texture":"#pichu"},"west":{"uv":[3.5,2.5,5,5.5],"texture":"#pichu"},"east":{"uv":[1,9,2.5,12],"texture":"#pichu"}}},{"from":[7.25,3.5,3.0625],"to":[8.75,5.5,6.5625],"rotation":{"origin":[7.25,5.5,3.0625],"axis":"x","angle":-22.5},"faces":{"down":{"uv":[4,6,2.5,4.5],"texture":"#pichu"},"up":{"uv":[1.5,7,3,8.5],"texture":"#pichu"},"north":{"uv":[0,5,1.5,8],"texture":"#pichu"},"south":{"uv":[2,7,3.5,10],"texture":"#pichu"},"west":{"uv":[3.5,2.5,5,5.5],"texture":"#pichu"},"east":{"uv":[1,9,2.5,12],"texture":"#pichu"}}},{"from":[5.9375,3.375,5.9375],"to":[10.1875,6.5,10.0625],"faces":{"down":{"uv":[0,0,3,3],"texture":"#pichu"},"up":{"uv":[0,12,3,14.5],"texture":"#pichu"},"north":{"uv":[1.5,12,7,16],"texture":"#pichu"},"south":{"uv":[8,12,13.5,16],"texture":"#pichu"},"west":{"uv":[6,12,11,16],"texture":"#pichu"},"east":{"uv":[3.5,12,8.5,16],"texture":"#pichu"}}},{"from":[11.9375,1.9375,8],"to":[17.9375,4.9375,8.0625],"rotation":{"origin":[11.9375,4.9375,8],"axis":"z","angle":-22.5},"faces":{"north":{"uv":[15.5,8,2,15],"texture":"#pichu_tail"},"south":{"uv":[2,8,15.5,15],"texture":"#pichu_tail"}}},{"from":[5.4375,5.3125,5.4375],"to":[10.5625,6.0625,10.5625],"faces":{"down":{"uv":[0,5.5,5,10.5],"texture":"#pichu"},"up":{"uv":[0,12,3,14],"texture":"#pichu"},"north":{"uv":[0,13.5,16,16],"texture":"#pichu"},"south":{"uv":[0,13.5,16,16],"texture":"#pichu"},"west":{"uv":[0,13.5,16,16],"texture":"#pichu"},"east":{"uv":[0,13.5,16,16],"texture":"#pichu"}}}],"display":{"head":{"rotation":[0,-90,0],"translation":[0,-33,0],"scale":[1.2,1.2,1.2]},"gui":{"rotation":[30,50,0],"translation":[0,-1,0],"scale":[0.7,0.7,0.7]},"thirdperson_righthand":{"scale":[0,0,0]},"thirdperson_lefthand":{"scale":[0,0,0]},"firstperson_righthand":{"scale":[0,0,0]},"firstperson_lefthand":{"scale":[0,0,0]}}}