{"__comment":"Designed by Ramonaskye with BDcraft Cubik PRO 0.96 Beta - http://bdcraft.net","textures":{"togepi_texture":"pokemon_skins/regular/togepi/togepi_texture"},"elements":[{"from":[4,3,1.5],"to":[12,15,14.5],"faces":{"down":{"uv":[5.375,10.0625,5.875,10.875],"texture":"#togepi_texture"},"up":{"uv":[7.375,15.1875,7.875,16],"texture":"#togepi_texture"},"north":{"uv":[4.875,13,5.375,13.75],"texture":"#togepi_texture"},"south":{"uv":[4.375,13,4.875,13.75],"texture":"#togepi_texture"},"west":{"uv":[0,13,0.8125,13.75],"texture":"#togepi_texture"},"east":{"uv":[0.8125,13,1.625,13.75],"texture":"#togepi_texture"}}},{"from":[2.699,0.5,13.0625],"to":[6.699,8.5,14.5625],"rotation":{"origin":[2.69902,0.5,13.0625],"axis":"y","angle":-22.5},"faces":{"down":{"uv":[5.75,15.125,6.25,15.3125],"texture":"#togepi_texture"},"up":{"uv":[6.25,15.125,6.75,15.3125],"texture":"#togepi_texture"},"north":{"uv":[3.6875,11.9375,4.1875,13],"texture":"#togepi_texture"},"south":{"uv":[4.1875,11.9375,4.6875,13],"texture":"#togepi_texture"},"west":{"uv":[1.875,8.28125,2.0625,9.34375],"texture":"#togepi_texture"},"east":{"uv":[1.6875,8.28125,1.875,9.34375],"texture":"#togepi_texture"}}},{"from":[0.5,0.5,10.75],"to":[2,9,14.75],"rotation":{"origin":[0.5,0.5,10.75],"axis":"y","angle":22.5},"faces":{"down":{"uv":[6.75,15.125,7.25,15.3125],"texture":"#togepi_texture"},"up":{"uv":[1.625,13.75,2.125,13.9375],"texture":"#togepi_texture"},"north":{"uv":[5.6875,11.9375,6.1875,13],"texture":"#togepi_texture"},"south":{"uv":[1.6875,11.9375,2.1875,13],"texture":"#togepi_texture"},"west":{"uv":[4.9375,9.8125,5.375,10.875],"texture":"#togepi_texture"},"east":{"uv":[1.3125,8.28125,1.5,9.34375],"texture":"#togepi_texture"}}},{"from":[12.5,0.5,2.625],"to":[14.375,2.875,13.75],"faces":{"down":{"uv":[3.8125,8.09375,4,8.28125],"texture":"#togepi_texture"},"up":{"uv":[5.3125,8.09375,5.5,8.28125],"texture":"#togepi_texture"},"north":{"uv":[6.6875,11.9375,7.1875,13],"texture":"#togepi_texture"},"south":{"uv":[7.1875,11.9375,7.6875,13],"texture":"#togepi_texture"},"west":{"uv":[5.5,8.09375,5.6875,8.28125],"texture":"#togepi_texture"},"east":{"uv":[5.6875,8.09375,5.875,8.28125],"texture":"#togepi_texture"}}},{"from":[9.8125,0.5,14.5],"to":[13.8125,8.5,16],"rotation":{"origin":[9.8125,0.5,14.5],"axis":"y","angle":22.5},"faces":{"down":{"uv":[3.28125,9.4375,3.78125,9.625],"texture":"#togepi_texture"},"up":{"uv":[3.78125,9.625,4.28125,9.8125],"texture":"#togepi_texture"},"north":{"uv":[0,10.875,0.5,11.9375],"texture":"#togepi_texture"},"south":{"uv":[3,10.875,3.5,11.9375],"texture":"#togepi_texture"},"west":{"uv":[1.5,8.28125,1.6875,9.34375],"texture":"#togepi_texture"},"east":{"uv":[0.75,8.28125,0.9375,9.34375],"texture":"#togepi_texture"}}},{"from":[14.3125,0.5,10.125],"to":[15.8125,9,14.125],"rotation":{"origin":[14.3125,0.5,10.125],"axis":"y","angle":-22.5},"faces":{"down":{"uv":[3.78125,9.4375,4.28125,9.625],"texture":"#togepi_texture"},"up":{"uv":[4.28125,9.625,4.78125,9.8125],"texture":"#togepi_texture"},"north":{"uv":[1.5,10.875,2,11.9375],"texture":"#togepi_texture"},"south":{"uv":[2,10.875,2.5,11.9375],"texture":"#togepi_texture"},"west":{"uv":[0.5625,8.28125,0.75,9.34375],"texture":"#togepi_texture"},"east":{"uv":[4.5,10.875,5,11.9375],"texture":"#togepi_texture"}}},{"from":[0.5,0.5,5.6875],"to":[2,9,10.6875],"faces":{"down":{"uv":[4.28125,9.4375,4.78125,9.625],"texture":"#togepi_texture"},"up":{"uv":[4.78125,9.625,5.28125,9.8125],"texture":"#togepi_texture"},"north":{"uv":[3.5,10.875,4,11.9375],"texture":"#togepi_texture"},"south":{"uv":[4,10.875,4.5,11.9375],"texture":"#togepi_texture"},"west":{"uv":[4.5,9.8125,4.9375,10.875],"texture":"#togepi_texture"},"east":{"uv":[0.375,8.28125,0.5625,9.34375],"texture":"#togepi_texture"}}},{"from":[14.3125,0.5,5.625],"to":[15.8125,9,10.625],"faces":{"down":{"uv":[4.78125,9.4375,5.28125,9.625],"texture":"#togepi_texture"},"up":{"uv":[5.28125,9.625,5.78125,9.8125],"texture":"#togepi_texture"},"north":{"uv":[5,10.875,5.5,11.9375],"texture":"#togepi_texture"},"south":{"uv":[5.5,10.875,6,11.9375],"texture":"#togepi_texture"},"west":{"uv":[0.1875,8.28125,0.375,9.34375],"texture":"#togepi_texture"},"east":{"uv":[1.125,11.9375,1.6875,13],"texture":"#togepi_texture"}}},{"from":[2.125,0.5,2],"to":[3.625,9,6],"rotation":{"origin":[2.125,0.5,2],"axis":"y","angle":-22.5},"faces":{"down":{"uv":[5.28125,9.4375,5.78125,9.625],"texture":"#togepi_texture"},"up":{"uv":[5.78125,9.625,6.28125,9.8125],"texture":"#togepi_texture"},"north":{"uv":[6,10.875,6.5,11.9375],"texture":"#togepi_texture"},"south":{"uv":[6.5,10.875,7,11.9375],"texture":"#togepi_texture"},"west":{"uv":[2.8125,8.28125,3,9.34375],"texture":"#togepi_texture"},"east":{"uv":[2.4375,8.28125,2.625,9.34375],"texture":"#togepi_texture"}}},{"from":[12.8125,0.5,2.4375],"to":[14.3125,9,6.4375],"rotation":{"origin":[12.8125,0.5,2.4375],"axis":"y","angle":22.5},"faces":{"down":{"uv":[5.78125,9.4375,6.28125,9.625],"texture":"#togepi_texture"},"up":{"uv":[6.28125,9.625,6.78125,9.8125],"texture":"#togepi_texture"},"north":{"uv":[7.5,10.875,8,11.9375],"texture":"#togepi_texture"},"south":{"uv":[0,9.8125,0.5,10.875],"texture":"#togepi_texture"},"west":{"uv":[2.0625,8.28125,2.25,9.34375],"texture":"#togepi_texture"},"east":{"uv":[0.5625,11.9375,1.125,13],"texture":"#togepi_texture"}}},{"from":[10.4375,0.5,0.1875],"to":[14.4375,8.5,1.6875],"rotation":{"origin":[10.4375,0.5,0.1875],"axis":"y","angle":-22.5},"faces":{"down":{"uv":[7.6875,9.90625,7.875,10.15625],"texture":"#togepi_texture"},"up":{"uv":[7.75,9.375,7.9375,9.625],"texture":"#togepi_texture"},"north":{"uv":[0,11.9375,0.5625,13],"texture":"#togepi_texture"},"south":{"uv":[6.84375,8.65625,7.03125,8.90625],"texture":"#togepi_texture"},"west":{"uv":[6.0625,8.09375,6.25,8.28125],"texture":"#togepi_texture"},"east":{"uv":[6.25,8.09375,6.4375,8.28125],"texture":"#togepi_texture"}}},{"from":[2.1875,0.5,1.8125],"to":[6.1875,8.5,3.3125],"rotation":{"origin":[2.1875,0.5,1.8125],"axis":"y","angle":22.5},"faces":{"down":{"uv":[7.25,13.09375,7.75,13.28125],"texture":"#togepi_texture"},"up":{"uv":[5.375,9.875,5.875,10.0625],"texture":"#togepi_texture"},"north":{"uv":[2.1875,11.9375,2.6875,13],"texture":"#togepi_texture"},"south":{"uv":[0.5,9.8125,1,10.875],"texture":"#togepi_texture"},"west":{"uv":[3.1875,8.28125,3.375,9.34375],"texture":"#togepi_texture"},"east":{"uv":[3.375,8.28125,3.5625,9.34375],"texture":"#togepi_texture"}}},{"from":[5.875,0.5,14.4375],"to":[10.375,9,15.9375],"faces":{"down":{"uv":[3.28125,9.625,3.78125,9.8125],"texture":"#togepi_texture"},"up":{"uv":[6.28125,9.4375,6.78125,9.625],"texture":"#togepi_texture"},"north":{"uv":[1,9.8125,1.5,10.875],"texture":"#togepi_texture"},"south":{"uv":[7,10.875,7.5,11.9375],"texture":"#togepi_texture"},"west":{"uv":[3,8.28125,3.1875,9.34375],"texture":"#togepi_texture"},"east":{"uv":[7.6875,11.9375,7.875,13],"texture":"#togepi_texture"}}},{"from":[2.25,3,2.5],"to":[13.75,15,13],"faces":{"down":{"uv":[6.5,14.46875,7.21875,15.125],"texture":"#togepi_texture"},"up":{"uv":[7.21875,14.46875,7.9375,15.125],"texture":"#togepi_texture"},"north":{"uv":[1.625,13,2.34375,13.75],"texture":"#togepi_texture"},"south":{"uv":[2.34375,13,3.0625,13.75],"texture":"#togepi_texture"},"west":{"uv":[3.71875,13,4.375,13.75],"texture":"#togepi_texture"},"east":{"uv":[3.0625,13,3.71875,13.75],"texture":"#togepi_texture"}}},{"from":[10.25,3,12.75],"to":[12.75,15,15.25],"rotation":{"origin":[10.25,3,12.75],"axis":"y","angle":45},"faces":{"down":{"uv":[7.9375,14.8125,8,14.96875],"texture":"#togepi_texture"},"up":{"uv":[7.9375,14.96875,8,15.125],"texture":"#togepi_texture"},"north":{"uv":[7.875,12.25,7.9375,13],"texture":"#togepi_texture"},"south":{"uv":[7.9375,12.25,8,13],"texture":"#togepi_texture"},"west":{"uv":[3.875,8.59375,4.03125,9.34375],"texture":"#togepi_texture"},"east":{"uv":[3.71875,8.59375,3.875,9.34375],"texture":"#togepi_texture"}}},{"from":[2.3125,3,2.5],"to":[3.8125,15,4],"rotation":{"origin":[2.3125,3,2.5],"axis":"y","angle":45},"faces":{"down":{"uv":[7.3125,15.15625,7.375,15.3125],"texture":"#togepi_texture"},"up":{"uv":[7.25,15.15625,7.3125,15.3125],"texture":"#togepi_texture"},"north":{"uv":[0,7.53125,0.0625,8.28125],"texture":"#togepi_texture"},"south":{"uv":[0,6.78125,0.0625,7.53125],"texture":"#togepi_texture"},"west":{"uv":[4.96875,8.59375,5.125,9.34375],"texture":"#togepi_texture"},"east":{"uv":[5.28125,8.59375,5.4375,9.34375],"texture":"#togepi_texture"}}},{"from":[4,3,11],"to":[6.5,15,13.5],"rotation":{"origin":[4,3,11],"axis":"y","angle":-45},"faces":{"down":{"uv":[7.90625,14.03125,7.96875,14.1875],"texture":"#togepi_texture"},"up":{"uv":[7.90625,14.28125,7.96875,14.4375],"texture":"#togepi_texture"},"north":{"uv":[0,6.03125,0.0625,6.78125],"texture":"#togepi_texture"},"south":{"uv":[0,5.28125,0.0625,6.03125],"texture":"#togepi_texture"},"west":{"uv":[4.65625,8.59375,4.8125,9.34375],"texture":"#togepi_texture"},"east":{"uv":[4.8125,8.59375,4.96875,9.34375],"texture":"#togepi_texture"}}},{"from":[4,14.5,10.8125],"to":[12,16.5,14.8125],"rotation":{"origin":[4,16.5,10.8125],"axis":"x","angle":22.5},"faces":{"down":{"uv":[6.78125,13.96875,7.25,14.4375],"texture":"#togepi_texture"},"up":{"uv":[5.84375,13.28125,6.3125,13.75],"texture":"#togepi_texture"},"north":{"uv":[5.84375,13.125,6.3125,13.28125],"texture":"#togepi_texture"},"south":{"uv":[7.3125,9.03125,7.78125,9.1875],"texture":"#togepi_texture"},"west":{"uv":[6.84375,9.03125,7.3125,9.1875],"texture":"#togepi_texture"},"east":{"uv":[7.3125,9.1875,7.78125,9.34375],"texture":"#togepi_texture"}}},{"from":[4,13,1.375],"to":[12,15,5.375],"rotation":{"origin":[4,15,1.375],"axis":"x","angle":-22.5},"faces":{"down":{"uv":[5.84375,13.96875,6.3125,14.4375],"texture":"#togepi_texture"},"up":{"uv":[7.25,13.28125,7.71875,13.75],"texture":"#togepi_texture"},"north":{"uv":[6.78125,13.8125,7.25,13.96875],"texture":"#togepi_texture"},"south":{"uv":[6.375,8.875,6.84375,9.03125],"texture":"#togepi_texture"},"west":{"uv":[6.375,9.03125,6.84375,9.1875],"texture":"#togepi_texture"},"east":{"uv":[6.375,9.1875,6.84375,9.34375],"texture":"#togepi_texture"}}},{"from":[10.3125,14.5,4.5],"to":[14.3125,16.5,11.5],"rotation":{"origin":[10.3125,16.5,4.5],"axis":"z","angle":-22.5},"faces":{"down":{"uv":[6.78125,13.28125,7.25,13.75],"texture":"#togepi_texture"},"up":{"uv":[7.21875,10.40625,7.6875,10.875],"texture":"#togepi_texture"},"north":{"uv":[5.90625,8.40625,6.375,8.5625],"texture":"#togepi_texture"},"south":{"uv":[5.90625,8.5625,6.375,8.71875],"texture":"#togepi_texture"},"west":{"uv":[5.90625,8.71875,6.375,8.875],"texture":"#togepi_texture"},"east":{"uv":[5.90625,8.875,6.375,9.03125],"texture":"#togepi_texture"}}},{"from":[2,13,4.5],"to":[6,15,11.5],"rotation":{"origin":[2,15,4.5],"axis":"z","angle":22.5},"faces":{"down":{"uv":[0.46875,9.34375,0.9375,9.8125],"texture":"#togepi_texture"},"up":{"uv":[0.9375,9.34375,1.40625,9.8125],"texture":"#togepi_texture"},"north":{"uv":[5.90625,9.03125,6.375,9.1875],"texture":"#togepi_texture"},"south":{"uv":[5.90625,9.1875,6.375,9.34375],"texture":"#togepi_texture"},"west":{"uv":[5.4375,8.5625,5.90625,8.71875],"texture":"#togepi_texture"},"east":{"uv":[5.4375,8.71875,5.90625,8.875],"texture":"#togepi_texture"}}},{"from":[3,6.5,12.5],"to":[5,8.5,17],"rotation":{"origin":[3,6.5,12.5],"axis":"y","angle":-45},"faces":{"down":{"uv":[6.75,9.9375,7.21875,10.40625],"texture":"#togepi_texture"},"up":{"uv":[7.25,13.96875,7.71875,14.4375],"texture":"#togepi_texture"},"north":{"uv":[5.4375,8.875,5.90625,9.03125],"texture":"#togepi_texture"},"south":{"uv":[5.4375,9.03125,5.90625,9.1875],"texture":"#togepi_texture"},"west":{"uv":[5.4375,9.1875,5.90625,9.34375],"texture":"#togepi_texture"},"east":{"uv":[7.28125,9.46875,7.75,9.625],"texture":"#togepi_texture"}}},{"from":[3.125,-1.25,10.75],"to":[5.125,0.25,15.25],"rotation":{"origin":[3.125,-1.25,10.75],"axis":"y","angle":-22.5},"faces":{"down":{"uv":[6.3125,13.96875,6.78125,14.4375],"texture":"#togepi_texture"},"up":{"uv":[5.5625,13,5.75,13.125],"texture":"#togepi_texture"},"north":{"uv":[6.3125,13.125,6.78125,13.28125],"texture":"#togepi_texture"},"south":{"uv":[5.375,13,5.5625,13.125],"texture":"#togepi_texture"},"west":{"uv":[1.40625,9.34375,1.875,9.5],"texture":"#togepi_texture"},"east":{"uv":[6.78125,13.125,7.25,13.28125],"texture":"#togepi_texture"}}},{"from":[1.5,9,4],"to":[14.5,14,12],"faces":{"down":{"uv":[2.4375,13.9375,3.25,14.4375],"texture":"#togepi_texture"},"up":{"uv":[1.625,13.9375,2.4375,14.4375],"texture":"#togepi_texture"},"north":{"uv":[5.03125,13.8125,5.84375,14.125],"texture":"#togepi_texture"},"south":{"uv":[5.03125,14.125,5.84375,14.4375],"texture":"#togepi_texture"},"west":{"uv":[1.40625,9.5,1.90625,9.8125],"texture":"#togepi_texture"},"east":{"uv":[1.90625,9.5,2.40625,9.8125],"texture":"#togepi_texture"}}},{"from":[4.5,8.5,0.9375],"to":[11.5,14,14.9375],"faces":{"down":{"uv":[6.3125,9.96875,6.75,10.875],"texture":"#togepi_texture"},"up":{"uv":[5.875,9.96875,6.3125,10.875],"texture":"#togepi_texture"},"north":{"uv":[2.84375,9.5,3.28125,9.8125],"texture":"#togepi_texture"},"south":{"uv":[2.40625,9.5,2.84375,9.8125],"texture":"#togepi_texture"},"west":{"uv":[4.125,13.8125,5.03125,14.125],"texture":"#togepi_texture"},"east":{"uv":[4.125,14.125,5.03125,14.4375],"texture":"#togepi_texture"}}},{"from":[5.5,14.5,5],"to":[10.5,16.5,11],"faces":{"down":{"uv":[7.21875,9.9375,7.6875,10.40625],"texture":"#togepi_texture"},"up":{"uv":[0,9.34375,0.46875,9.8125],"texture":"#togepi_texture"},"north":{"uv":[5.375,13.125,5.84375,13.28125],"texture":"#togepi_texture"},"south":{"uv":[5.84375,13.8125,6.3125,13.96875],"texture":"#togepi_texture"},"west":{"uv":[6.3125,13.8125,6.78125,13.96875],"texture":"#togepi_texture"},"east":{"uv":[7.25,13.8125,7.71875,13.96875],"texture":"#togepi_texture"}}},{"from":[3.5,3,1.5],"to":[5,15,3],"faces":{"down":{"uv":[7.9375,14.65625,8,14.8125],"texture":"#togepi_texture"},"up":{"uv":[7.9375,14.5,8,14.65625],"texture":"#togepi_texture"},"north":{"uv":[0,3.03125,0.0625,3.78125],"texture":"#togepi_texture"},"south":{"uv":[0,3.78125,0.0625,4.53125],"texture":"#togepi_texture"},"west":{"uv":[3.5625,8.59375,3.71875,9.34375],"texture":"#togepi_texture"},"east":{"uv":[5.125,8.59375,5.28125,9.34375],"texture":"#togepi_texture"}}},{"from":[11.6875,3,2.625],"to":[13.1875,15,4.125],"rotation":{"origin":[11.6875,3,2.625],"axis":"y","angle":45},"faces":{"down":{"uv":[2.3125,13.78125,2.375,13.9375],"texture":"#togepi_texture"},"up":{"uv":[2.375,13.78125,2.4375,13.9375],"texture":"#togepi_texture"},"north":{"uv":[7.875,15.25,7.9375,16],"texture":"#togepi_texture"},"south":{"uv":[0,4.53125,0.0625,5.28125],"texture":"#togepi_texture"},"west":{"uv":[4.5,8.59375,4.65625,9.34375],"texture":"#togepi_texture"},"east":{"uv":[4.34375,8.59375,4.5,9.34375],"texture":"#togepi_texture"}}},{"from":[11.1875,3,1.5625],"to":[12.6875,15,3.0625],"faces":{"down":{"uv":[3.1875,13.78125,3.25,13.9375],"texture":"#togepi_texture"},"up":{"uv":[3.125,13.78125,3.1875,13.9375],"texture":"#togepi_texture"},"north":{"uv":[7.9375,15.25,8,16],"texture":"#togepi_texture"},"south":{"uv":[0,2.28125,0.0625,3.03125],"texture":"#togepi_texture"},"west":{"uv":[4.03125,8.59375,4.1875,9.34375],"texture":"#togepi_texture"},"east":{"uv":[4.1875,8.59375,4.34375,9.34375],"texture":"#togepi_texture"}}},{"from":[8,8.5,14.9375],"to":[9.5,10,15.9375],"rotation":{"origin":[8,10,14.9375],"axis":"z","angle":-45},"faces":{"down":{"uv":[6.4375,8.09375,6.625,8.28125],"texture":"#togepi_texture"},"up":{"uv":[1,7.90625,1.1875,8.09375],"texture":"#togepi_texture"},"north":{"uv":[1.1875,7.90625,1.375,8.09375],"texture":"#togepi_texture"},"south":{"uv":[1.375,7.90625,1.5625,8.09375],"texture":"#togepi_texture"},"west":{"uv":[1.5625,7.90625,1.75,8.09375],"texture":"#togepi_texture"},"east":{"uv":[1.75,7.90625,1.9375,8.09375],"texture":"#togepi_texture"}}},{"from":[2.5,8,13.5],"to":[4.5,10,14.5],"rotation":{"origin":[2.5,8,13.5],"axis":"y","angle":-22.5},"faces":{"down":{"uv":[1.9375,7.90625,2.125,8.09375],"texture":"#togepi_texture"},"up":{"uv":[2.125,7.90625,2.3125,8.09375],"texture":"#togepi_texture"},"north":{"uv":[2.3125,7.90625,2.5,8.09375],"texture":"#togepi_texture"},"south":{"uv":[2.5,7.90625,2.6875,8.09375],"texture":"#togepi_texture"},"west":{"uv":[2.6875,7.90625,2.875,8.09375],"texture":"#togepi_texture"},"east":{"uv":[2.875,7.90625,3.0625,8.09375],"texture":"#togepi_texture"}}},{"from":[11.9375,8,14.1875],"to":[13.9375,10,15.1875],"rotation":{"origin":[11.9375,8,14.1875],"axis":"y","angle":22.5},"faces":{"down":{"uv":[3.4375,7.90625,3.625,8.09375],"texture":"#togepi_texture"},"up":{"uv":[3.625,7.90625,3.8125,8.09375],"texture":"#togepi_texture"},"north":{"uv":[4.5625,7.90625,4.75,8.09375],"texture":"#togepi_texture"},"south":{"uv":[4.75,7.90625,4.9375,8.09375],"texture":"#togepi_texture"},"west":{"uv":[5.6875,7.90625,5.875,8.09375],"texture":"#togepi_texture"},"east":{"uv":[5.875,7.90625,6.0625,8.09375],"texture":"#togepi_texture"}}},{"from":[4.0625,8.5,14.1875],"to":[5.5625,10,15.1875],"rotation":{"origin":[4.0625,10,14.1875],"axis":"z","angle":-45},"faces":{"down":{"uv":[6.8125,7.90625,7,8.09375],"texture":"#togepi_texture"},"up":{"uv":[7,7.90625,7.1875,8.09375],"texture":"#togepi_texture"},"north":{"uv":[7.5625,7.90625,7.75,8.09375],"texture":"#togepi_texture"},"south":{"uv":[7.75,7.90625,7.9375,8.09375],"texture":"#togepi_texture"},"west":{"uv":[0.0625,7.71875,0.25,7.90625],"texture":"#togepi_texture"},"east":{"uv":[0.0625,7.53125,0.25,7.71875],"texture":"#togepi_texture"}}},{"from":[12.1875,8.5,14.125],"to":[13.6875,10,15.125],"rotation":{"origin":[12.1875,10,14.125],"axis":"z","angle":-45},"faces":{"down":{"uv":[0.0625,7.34375,0.25,7.53125],"texture":"#togepi_texture"},"up":{"uv":[0.0625,7.15625,0.25,7.34375],"texture":"#togepi_texture"},"north":{"uv":[0.0625,6.59375,0.25,6.78125],"texture":"#togepi_texture"},"south":{"uv":[0.0625,6.40625,0.25,6.59375],"texture":"#togepi_texture"},"west":{"uv":[0.0625,5.84375,0.25,6.03125],"texture":"#togepi_texture"},"east":{"uv":[0.0625,5.65625,0.25,5.84375],"texture":"#togepi_texture"}}},{"from":[1.9375,7,11.3125],"to":[2.9375,9,13.8125],"rotation":{"origin":[1.9375,9,11.3125],"axis":"x","angle":-22.5},"faces":{"down":{"uv":[2.125,13.75,2.3125,13.9375],"texture":"#togepi_texture"},"up":{"uv":[2.9375,13.75,3.125,13.9375],"texture":"#togepi_texture"},"north":{"uv":[7.71875,13.75,7.90625,13.9375],"texture":"#togepi_texture"},"south":{"uv":[7.71875,13.3125,7.90625,13.5],"texture":"#togepi_texture"},"west":{"uv":[7.6875,10.4375,7.875,10.625],"texture":"#togepi_texture"},"east":{"uv":[7.78125,9.625,7.96875,9.8125],"texture":"#togepi_texture"}}},{"from":[13.1875,7,11.5],"to":[14.1875,9,14],"rotation":{"origin":[13.1875,9,11.5],"axis":"x","angle":-22.5},"faces":{"down":{"uv":[6.78125,9.4375,7.28125,9.625],"texture":"#togepi_texture"},"up":{"uv":[7.28125,9.625,7.78125,9.8125],"texture":"#togepi_texture"},"north":{"uv":[6.1875,11.9375,6.6875,13],"texture":"#togepi_texture"},"south":{"uv":[0.5,10.875,1,11.9375],"texture":"#togepi_texture"},"west":{"uv":[1.125,8.28125,1.3125,9.34375],"texture":"#togepi_texture"},"east":{"uv":[0.9375,8.28125,1.125,9.34375],"texture":"#togepi_texture"}}},{"from":[8.1875,8.25,0.1875],"to":[10.6875,10.75,1.1875],"rotation":{"origin":[8.1875,10.75,0.1875],"axis":"z","angle":-45},"faces":{"down":{"uv":[0.0625,8.09375,0.25,8.28125],"texture":"#togepi_texture"},"up":{"uv":[0.25,8.09375,0.4375,8.28125],"texture":"#togepi_texture"},"north":{"uv":[0.4375,8.09375,0.625,8.28125],"texture":"#togepi_texture"},"south":{"uv":[0.625,8.09375,0.8125,8.28125],"texture":"#togepi_texture"},"west":{"uv":[6.4375,7.90625,6.625,8.09375],"texture":"#togepi_texture"},"east":{"uv":[0.8125,8.09375,1,8.28125],"texture":"#togepi_texture"}}},{"from":[3.5,8.25,1.4375],"to":[5,9.75,2.4375],"rotation":{"origin":[3.5,9.75,1.4375],"axis":"z","angle":-45},"faces":{"down":{"uv":[1,8.09375,1.1875,8.28125],"texture":"#togepi_texture"},"up":{"uv":[1.1875,8.09375,1.375,8.28125],"texture":"#togepi_texture"},"north":{"uv":[1.375,8.09375,1.5625,8.28125],"texture":"#togepi_texture"},"south":{"uv":[1.5625,8.09375,1.75,8.28125],"texture":"#togepi_texture"},"west":{"uv":[1.75,8.09375,1.9375,8.28125],"texture":"#togepi_texture"},"east":{"uv":[1.9375,8.09375,2.125,8.28125],"texture":"#togepi_texture"}}},{"from":[1.875,7.9375,2.1875],"to":[3.875,9.9375,3.1875],"rotation":{"origin":[1.875,7.9375,2.1875],"axis":"y","angle":22.5},"faces":{"down":{"uv":[2.125,8.09375,2.3125,8.28125],"texture":"#togepi_texture"},"up":{"uv":[2.3125,8.09375,2.5,8.28125],"texture":"#togepi_texture"},"north":{"uv":[2.5,8.09375,2.6875,8.28125],"texture":"#togepi_texture"},"south":{"uv":[2.6875,8.09375,2.875,8.28125],"texture":"#togepi_texture"},"west":{"uv":[2.875,8.09375,3.0625,8.28125],"texture":"#togepi_texture"},"east":{"uv":[3.0625,8.09375,3.25,8.28125],"texture":"#togepi_texture"}}},{"from":[2.125,7.625,2.8125],"to":[3.125,9.625,5.3125],"rotation":{"origin":[2.125,9.625,2.8125],"axis":"x","angle":22.5},"faces":{"down":{"uv":[2.4375,13.75,2.9375,13.9375],"texture":"#togepi_texture"},"up":{"uv":[6.78125,9.625,7.28125,9.8125],"texture":"#togepi_texture"},"north":{"uv":[1,10.875,1.5,11.9375],"texture":"#togepi_texture"},"south":{"uv":[2.5,10.875,3,11.9375],"texture":"#togepi_texture"},"west":{"uv":[0,8.28125,0.1875,9.34375],"texture":"#togepi_texture"},"east":{"uv":[2.25,8.28125,2.4375,9.34375],"texture":"#togepi_texture"}}},{"from":[12.4375,8.25,1.4375],"to":[13.9375,9.75,2.4375],"rotation":{"origin":[12.4375,9.75,1.4375],"axis":"z","angle":-45},"faces":{"down":{"uv":[3.25,8.09375,3.4375,8.28125],"texture":"#togepi_texture"},"up":{"uv":[3.4375,8.09375,3.625,8.28125],"texture":"#togepi_texture"},"north":{"uv":[3.625,8.09375,3.8125,8.28125],"texture":"#togepi_texture"},"south":{"uv":[5.875,8.09375,6.0625,8.28125],"texture":"#togepi_texture"},"west":{"uv":[4,8.09375,4.1875,8.28125],"texture":"#togepi_texture"},"east":{"uv":[4.1875,8.09375,4.375,8.28125],"texture":"#togepi_texture"}}},{"from":[12.5,7.9375,1.5],"to":[14.5,9.9375,2.5],"rotation":{"origin":[12.5,7.9375,1.5],"axis":"y","angle":-22.5},"faces":{"down":{"uv":[7.53125,8.28125,7.71875,8.53125],"texture":"#togepi_texture"},"up":{"uv":[7.53125,8.53125,7.71875,8.78125],"texture":"#togepi_texture"},"north":{"uv":[7.34375,8.28125,7.53125,8.53125],"texture":"#togepi_texture"},"south":{"uv":[7.71875,8.28125,7.90625,8.53125],"texture":"#togepi_texture"},"west":{"uv":[7.03125,8.65625,7.21875,8.90625],"texture":"#togepi_texture"},"east":{"uv":[7.6875,10.625,7.875,10.875],"texture":"#togepi_texture"}}},{"from":[13.5,7.625,3],"to":[14.5,9.625,5.5],"rotation":{"origin":[13.5,9.625,3],"axis":"x","angle":22.5},"faces":{"down":{"uv":[7.34375,8.53125,7.53125,8.78125],"texture":"#togepi_texture"},"up":{"uv":[7.71875,8.78125,7.90625,9.03125],"texture":"#togepi_texture"},"north":{"uv":[7.53125,8.78125,7.71875,9.03125],"texture":"#togepi_texture"},"south":{"uv":[7.34375,8.78125,7.53125,9.03125],"texture":"#togepi_texture"},"west":{"uv":[7.03125,8.40625,7.21875,8.65625],"texture":"#togepi_texture"},"east":{"uv":[6.84375,8.40625,7.03125,8.65625],"texture":"#togepi_texture"}}},{"from":[0.625,4.5,5.4375],"to":[1.625,8.5,9.4375],"rotation":{"origin":[0.625,8.5,5.4375],"axis":"x","angle":-45},"faces":{"down":{"uv":[4.375,8.09375,4.5625,8.28125],"texture":"#togepi_texture"},"up":{"uv":[4.5625,8.09375,4.75,8.28125],"texture":"#togepi_texture"},"north":{"uv":[4.75,8.09375,4.9375,8.28125],"texture":"#togepi_texture"},"south":{"uv":[4.9375,8.09375,5.125,8.28125],"texture":"#togepi_texture"},"west":{"uv":[5.125,8.09375,5.3125,8.28125],"texture":"#togepi_texture"},"east":{"uv":[2.625,8.28125,2.8125,9.34375],"texture":"#togepi_texture"}}},{"from":[14.625,4.5,5.1875],"to":[15.625,8.5,9.1875],"rotation":{"origin":[14.625,8.5,5.1875],"axis":"x","angle":-45},"faces":{"down":{"uv":[7.6875,10.15625,7.875,10.40625],"texture":"#togepi_texture"},"up":{"uv":[7.71875,14.1875,7.90625,14.4375],"texture":"#togepi_texture"},"north":{"uv":[7.71875,8.53125,7.90625,8.78125],"texture":"#togepi_texture"},"south":{"uv":[7.71875,13.9375,7.90625,14.1875],"texture":"#togepi_texture"},"west":{"uv":[7.71875,13.5,7.90625,13.75],"texture":"#togepi_texture"},"east":{"uv":[7.75,13.03125,7.9375,13.28125],"texture":"#togepi_texture"}}},{"from":[5.3125,7.5,14.9375],"to":[6.3125,8.5,15.9375],"rotation":{"origin":[5.3125,8.5,14.9375],"axis":"z","angle":45},"faces":{"down":{"uv":[6.625,8.09375,6.8125,8.28125],"texture":"#togepi_texture"},"up":{"uv":[6.8125,8.09375,7,8.28125],"texture":"#togepi_texture"},"north":{"uv":[7,8.09375,7.1875,8.28125],"texture":"#togepi_texture"},"south":{"uv":[7.1875,8.09375,7.375,8.28125],"texture":"#togepi_texture"},"west":{"uv":[7.375,8.09375,7.5625,8.28125],"texture":"#togepi_texture"},"east":{"uv":[7.5625,8.09375,7.75,8.28125],"texture":"#togepi_texture"}}},{"from":[9.5625,7.5625,14.9375],"to":[10.5625,8.5625,15.9375],"rotation":{"origin":[9.5625,8.5625,14.9375],"axis":"z","angle":45},"faces":{"down":{"uv":[7.75,8.09375,7.9375,8.28125],"texture":"#togepi_texture"},"up":{"uv":[0.0625,7.90625,0.25,8.09375],"texture":"#togepi_texture"},"north":{"uv":[0.25,7.90625,0.4375,8.09375],"texture":"#togepi_texture"},"south":{"uv":[0.4375,7.90625,0.625,8.09375],"texture":"#togepi_texture"},"west":{"uv":[0.625,7.90625,0.8125,8.09375],"texture":"#togepi_texture"},"east":{"uv":[0.8125,7.90625,1,8.09375],"texture":"#togepi_texture"}}},{"from":[5,11,14.9375],"to":[7,13.5,15],"faces":{"south":{"uv":[3.25,13.75,3.6875,14.4375],"texture":"#togepi_texture"}}},{"from":[9,11,14.9375],"to":[11,13.5,15],"faces":{"south":{"uv":[3.6875,13.75,4.125,14.4375],"texture":"#togepi_texture"}}},{"from":[7,10.5,14.9375],"to":[9,11,15],"faces":{"south":{"uv":[6.84375,8.90625,7.34375,9.03125],"texture":"#togepi_texture"}}},{"from":[4.5,15,14.4375],"to":[11.5,17.5,14.5],"faces":{"north":{"uv":[0,13.75,1.625,14.4375],"texture":"#togepi_texture"},"south":{"uv":[3.25,14.4375,4.875,15.125],"texture":"#togepi_texture"}}},{"from":[2.5,13,1.5],"to":[6.5,17,1.5625],"rotation":{"origin":[2.5,17,1.5],"axis":"z","angle":22.5},"faces":{"north":{"uv":[1.625,14.4375,3.25,15.125],"texture":"#togepi_texture"},"south":{"uv":[0,14.4375,1.625,15.125],"texture":"#togepi_texture"}}},{"from":[9.375,14.5,1.5],"to":[13.375,18.5,1.5625],"rotation":{"origin":[9.375,18.5,1.5],"axis":"z","angle":-22.5},"faces":{"north":{"uv":[5.75,15.3125,7.375,16],"texture":"#togepi_texture"},"south":{"uv":[4.875,14.4375,6.5,15.125],"texture":"#togepi_texture"}}},{"from":[1.5625,14,5],"to":[1.625,18,11.5],"faces":{"west":{"uv":[1.4375,15.125,2.875,16],"texture":"#togepi_texture"},"east":{"uv":[0,15.125,1.4375,16],"texture":"#togepi_texture"}}},{"from":[14.4375,14,5],"to":[14.5,18,11.5],"faces":{"west":{"uv":[4.3125,15.125,5.75,16],"texture":"#togepi_texture"},"east":{"uv":[2.875,15.125,4.3125,16],"texture":"#togepi_texture"}}},{"from":[5.875,0.5,0.1875],"to":[10.375,9,1.6875],"faces":{"down":{"uv":[3.0625,7.90625,3.25,8.09375],"texture":"#togepi_texture"},"up":{"uv":[3.25,7.90625,3.4375,8.09375],"texture":"#togepi_texture"},"north":{"uv":[4,9.8125,4.5,10.875],"texture":"#togepi_texture"},"south":{"uv":[3.5,9.8125,4,10.875],"texture":"#togepi_texture"},"west":{"uv":[3.8125,7.90625,4,8.09375],"texture":"#togepi_texture"},"east":{"uv":[4,7.90625,4.1875,8.09375],"texture":"#togepi_texture"}}},{"from":[2.875,-0.375,2.875],"to":[13.625,1.625,13.625],"faces":{"down":{"uv":[4.1875,7.90625,4.375,8.09375],"texture":"#togepi_texture"},"up":{"uv":[4.375,7.90625,4.5625,8.09375],"texture":"#togepi_texture"},"north":{"uv":[3,9.8125,3.5,10.875],"texture":"#togepi_texture"},"south":{"uv":[2.5,9.8125,3,10.875],"texture":"#togepi_texture"},"west":{"uv":[4.9375,7.90625,5.125,8.09375],"texture":"#togepi_texture"},"east":{"uv":[5.125,7.90625,5.3125,8.09375],"texture":"#togepi_texture"}}},{"from":[1.625,0.5,3.25],"to":[3.5,2.875,12.875],"faces":{"down":{"uv":[5.3125,7.90625,5.5,8.09375],"texture":"#togepi_texture"},"up":{"uv":[5.5,7.90625,5.6875,8.09375],"texture":"#togepi_texture"},"north":{"uv":[2,9.8125,2.5,10.875],"texture":"#togepi_texture"},"south":{"uv":[1.5,9.8125,2,10.875],"texture":"#togepi_texture"},"west":{"uv":[6.0625,7.90625,6.25,8.09375],"texture":"#togepi_texture"},"east":{"uv":[6.25,7.90625,6.4375,8.09375],"texture":"#togepi_texture"}}},{"from":[3.125,0.5,1.625],"to":[12.5,2.875,14.5],"faces":{"down":{"uv":[0.0625,5.46875,0.25,5.65625],"texture":"#togepi_texture"},"up":{"uv":[6.625,7.90625,6.8125,8.09375],"texture":"#togepi_texture"},"north":{"uv":[2.6875,11.9375,3.1875,13],"texture":"#togepi_texture"},"south":{"uv":[3.1875,11.9375,3.6875,13],"texture":"#togepi_texture"},"west":{"uv":[7.1875,7.90625,7.375,8.09375],"texture":"#togepi_texture"},"east":{"uv":[7.375,7.90625,7.5625,8.09375],"texture":"#togepi_texture"}}},{"from":[11.5,6.5,14],"to":[13.5,8.5,18.5],"rotation":{"origin":[11.5,6.5,14],"axis":"y","angle":45},"faces":{"down":{"uv":[5.375,13.28125,5.84375,13.75],"texture":"#togepi_texture"},"up":{"uv":[6.3125,13.28125,6.78125,13.75],"texture":"#togepi_texture"},"north":{"uv":[6.375,8.71875,6.84375,8.875],"texture":"#togepi_texture"},"south":{"uv":[6.375,8.5625,6.84375,8.71875],"texture":"#togepi_texture"},"west":{"uv":[6.375,8.40625,6.84375,8.5625],"texture":"#togepi_texture"},"east":{"uv":[6.84375,9.1875,7.3125,9.34375],"texture":"#togepi_texture"}}},{"from":[2.875,-0.375,2.875],"to":[13.375,1.625,13.625],"faces":{"down":{"uv":[0.0625,6.96875,0.25,7.15625],"texture":"#togepi_texture"},"up":{"uv":[0.0625,6.78125,0.25,6.96875],"texture":"#togepi_texture"},"north":{"uv":[4.6875,11.9375,5.1875,13],"texture":"#togepi_texture"},"south":{"uv":[5.1875,11.9375,5.6875,13],"texture":"#togepi_texture"},"west":{"uv":[0.0625,6.21875,0.25,6.40625],"texture":"#togepi_texture"},"east":{"uv":[0.0625,6.03125,0.25,6.21875],"texture":"#togepi_texture"}}},{"from":[11.125,-1.25,11.875],"to":[13.125,0.25,16.375],"rotation":{"origin":[11.125,-1.25,11.875],"axis":"y","angle":45},"faces":{"down":{"uv":[6.75,10.40625,7.21875,10.875],"texture":"#togepi_texture"},"up":{"uv":[5.84375,13,6.03125,13.125],"texture":"#togepi_texture"},"north":{"uv":[6.3125,13,6.46875,13.125],"texture":"#togepi_texture"},"south":{"uv":[6.03125,13,6.21875,13.125],"texture":"#togepi_texture"},"west":{"uv":[1.90625,9.34375,2.375,9.5],"texture":"#togepi_texture"},"east":{"uv":[5.4375,8.40625,5.90625,8.5625],"texture":"#togepi_texture"}}}],"display":{"head":{"rotation":[0,180,0],"translation":[0,-34,0]},"gui":{"rotation":[30,-50,0],"translation":[0.5,0.5,0],"scale":[0.65,0.65,0.65]},"thirdperson_righthand":{"scale":[0,0,0]},"thirdperson_lefthand":{"scale":[0,0,0]},"firstperson_righthand":{"scale":[0,0,0]},"firstperson_lefthand":{"scale":[0,0,0]}}}