{"credit":"Made by Demons using Blockbench","textures":{"0":"pokemon_skins/regular/mareep/mareep","1":"pokemon_skins/regular/mareep/mareep_floof"},"elements":[{"from":[4.3,6,4.3],"to":[12,13,11.7],"faces":{"north":{"uv":[7,4.5,15,12],"texture":"#0"},"east":{"uv":[7,4.5,15,12],"texture":"#0"},"south":{"uv":[7,4.5,15,12],"texture":"#0"},"west":{"uv":[7,4.5,15,12],"texture":"#0"},"up":{"uv":[7,4.5,15,12],"texture":"#0"},"down":{"uv":[7,4.5,15,12],"texture":"#0"}}},{"from":[4.8,6.5,3.8],"to":[11.5,12.5,12.2],"faces":{"north":{"uv":[7.5,5,14.5,11.5],"texture":"#0"},"east":{"uv":[6,5,16,11.5],"texture":"#0"},"south":{"uv":[7.5,5,14.5,11.5],"texture":"#0"},"west":{"uv":[6,5,16,11.5],"texture":"#0"},"up":{"uv":[7.5,3.5,14.5,13],"texture":"#0"},"down":{"uv":[7.5,3.5,14.5,13],"texture":"#0"}}},{"from":[4.8,5.5,4.8],"to":[11.5,13.5,11.2],"faces":{"north":{"uv":[7.5,3.5,14.5,13],"texture":"#0"},"east":{"uv":[7.5,3.5,14.5,13],"texture":"#0"},"south":{"uv":[7.5,3.5,14.5,13],"texture":"#0"},"west":{"uv":[7.5,3.5,14.5,13],"texture":"#0"},"up":{"uv":[7.5,5,14.5,11.5],"texture":"#0"},"down":{"uv":[7.5,5,14.5,11.5],"texture":"#0"}}},{"from":[3.8,6.5,5],"to":[12.5,12.5,11],"faces":{"north":{"uv":[6,5,16,11.5],"texture":"#0"},"east":{"uv":[7.5,5,14.5,11.5],"texture":"#0"},"south":{"uv":[6,5,16,11.5],"texture":"#0"},"west":{"uv":[7.5,5,14.5,11.5],"texture":"#0"},"up":{"uv":[6,5,16,11.5],"texture":"#0"},"down":{"uv":[6,5,16,11.5],"texture":"#0"}}},{"from":[2.5,7.5,7],"to":[4.4,8.1,8.9],"rotation":{"angle":22.5,"axis":"z","origin":[2.5,7.5,7.95]},"faces":{"north":{"uv":[1,12,2,13],"texture":"#0"},"south":{"uv":[1,12,2,13],"texture":"#0"},"down":{"uv":[1,12,2,13],"texture":"#0"}}},{"from":[1.559,9.408,7.3],"to":[2.559,9.908,8.6],"rotation":{"angle":45,"axis":"z","origin":[1.559,9.908,8]},"faces":{"north":{"uv":[1,12,2,13],"texture":"#0"},"south":{"uv":[1,12,2,13],"texture":"#0"},"up":{"uv":[1,12,2,13],"texture":"#0"}}},{"from":[1.9,9.8,6.8],"to":[4.1,10.1,9.1],"faces":{"north":{"uv":[1,12,2,13],"texture":"#0"},"south":{"uv":[1,12,2,13],"texture":"#0"},"west":{"uv":[1,12,2,13],"texture":"#0"},"up":{"uv":[1,12,2,13],"texture":"#0"},"down":{"uv":[1,12,2,13],"texture":"#0"}}},{"from":[1.3,7.5,7.4],"to":[1.9,8.1,8.6],"faces":{"north":{"uv":[1,12,2,13],"texture":"#0"},"south":{"uv":[1,12,2,13],"texture":"#0"},"west":{"uv":[1,12,2,13],"texture":"#0"},"down":{"uv":[1,12,2,13],"texture":"#0"}}},{"from":[1.7,7.5,7],"to":[2.5,8.1,8.9],"faces":{"north":{"uv":[1,12,2,13],"texture":"#0"},"south":{"uv":[1,12,2,13],"texture":"#0"},"west":{"uv":[1,12,2,13],"texture":"#0"},"down":{"uv":[1,12,2,13],"texture":"#0"}}},{"from":[2,8.1,6.6],"to":[4,9.8,9.3],"faces":{"north":{"uv":[1,12,2,13],"texture":"#0"},"south":{"uv":[1,12,2,13],"texture":"#0"},"west":{"uv":[1,12,2,13],"texture":"#0"},"up":{"uv":[1,12,2,13],"texture":"#0"},"down":{"uv":[1,12,2,13],"texture":"#0"}}},{"from":[1.6,8.1,8.3],"to":[2.165,9.8,8.9],"rotation":{"angle":-45,"axis":"y","origin":[1.6,9,8.9]},"faces":{"east":{"uv":[1,12,2,13],"texture":"#0"},"south":{"uv":[1,12,2,13],"texture":"#0"},"up":{"uv":[1,12,2,13],"texture":"#0"},"down":{"uv":[1,12,2,13],"texture":"#0"}}},{"from":[1.6,8.1,7],"to":[2.165,9.8,7.6],"rotation":{"angle":45,"axis":"y","origin":[1.6,9,7]},"faces":{"north":{"uv":[1,12,2,13],"texture":"#0"},"east":{"uv":[1,12,2,13],"texture":"#0"},"up":{"uv":[1,12,2,13],"texture":"#0"},"down":{"uv":[1,12,2,13],"texture":"#0"}}},{"from":[1.1,8.8,7.3],"to":[1.9,10,8.6],"rotation":{"angle":-22.5,"axis":"z","origin":[1.1,8.8,8]},"faces":{"north":{"uv":[1,12,2,13],"texture":"#0"},"south":{"uv":[1,12,2,13],"texture":"#0"},"west":{"uv":[1,12,2,13],"texture":"#0"},"up":{"uv":[1,12,2,13],"texture":"#0"}}},{"from":[1.1,8.1,7.3],"to":[3.9,8.8,8.6],"faces":{"north":{"uv":[1,12,2,13],"texture":"#0"},"south":{"uv":[1,12,2,13],"texture":"#0"},"west":{"uv":[1,12,2,13],"texture":"#0"},"down":{"uv":[1,12,2,13],"texture":"#0"}}},{"from":[1.6,8.1,7],"to":[4,9.8,8.9],"faces":{"west":{"uv":[1,12,2,13],"texture":"#0"},"up":{"uv":[1,12,2,13],"texture":"#0"},"down":{"uv":[1,12,2,13],"texture":"#0"}}},{"from":[2.2,10.1,6.7],"to":[4.6,11.3,9.2],"faces":{"north":{"uv":[11.5,6,14,7.5],"texture":"#0"},"south":{"uv":[10,5.5,12.5,7],"texture":"#0"},"west":{"uv":[6.5,5,9.5,6.5],"texture":"#0"},"up":{"uv":[6.5,6.5,9,9],"texture":"#0"},"down":{"uv":[11,7.5,13.5,10],"texture":"#0"}}},{"from":[1.9,10.5,6.8],"to":[4.3,12.2,8.3],"rotation":{"angle":-22.5,"axis":"y","origin":[1.9,11,6.8]},"faces":{"north":{"uv":[0,15,15,0],"texture":"#1"},"east":{"uv":[10,1,11,2],"texture":"#0"},"south":{"uv":[15,15,0,0],"texture":"#1"},"west":{"uv":[10,1,11,2],"texture":"#0"},"up":{"uv":[10,1,11,2],"texture":"#0"},"down":{"uv":[10,1,11,2],"texture":"#0"}}},{"from":[2.3,9.1,9.1],"to":[4.2,11.2,10.5],"faces":{"south":{"uv":[8,13,9,16],"texture":"#0"},"west":{"uv":[7,13,9,16],"texture":"#0"},"up":{"uv":[7,13,9,16],"rotation":90,"texture":"#0"},"down":{"uv":[7,13,9,16],"rotation":270,"texture":"#0"}}},{"from":[2.3,9.1,5.5],"to":[4.2,11.2,6.8],"faces":{"north":{"uv":[8,13,9,16],"texture":"#0"},"west":{"uv":[9,13,7,16],"texture":"#0"},"up":{"uv":[9,13,7,16],"rotation":90,"texture":"#0"},"down":{"uv":[9,13,7,16],"rotation":270,"texture":"#0"}}},{"from":[2.7,9.5,10.1],"to":[4,10.8,11.1],"faces":{"east":{"uv":[1,6,2,7],"texture":"#0"},"south":{"uv":[1,6,2,7],"texture":"#0"},"west":{"uv":[1,6,2,7],"texture":"#0"},"up":{"uv":[1,6,2,7],"texture":"#0"},"down":{"uv":[1,6,2,7],"texture":"#0"}}},{"from":[2.7,9.5,4.9],"to":[4,10.8,5.8],"faces":{"north":{"uv":[1,6,2,7],"texture":"#0"},"east":{"uv":[1,6,2,7],"texture":"#0"},"west":{"uv":[1,6,2,7],"texture":"#0"},"up":{"uv":[1,6,2,7],"texture":"#0"},"down":{"uv":[1,6,2,7],"texture":"#0"}}},{"from":[5.2,4.15,8.9],"to":[5.9,6.25,9.9],"faces":{"north":{"uv":[1,12,2,13],"texture":"#0"},"east":{"uv":[1,12,2,13],"texture":"#0"},"south":{"uv":[1,12,2,13],"texture":"#0"},"west":{"uv":[0,12,1.5,16],"texture":"#0"},"down":{"uv":[1,12,2,13],"texture":"#0"}}},{"from":[5.2,4.15,6],"to":[5.9,6.25,7],"faces":{"north":{"uv":[1,12,2,13],"texture":"#0"},"east":{"uv":[1,12,2,13],"texture":"#0"},"south":{"uv":[1,12,2,13],"texture":"#0"},"west":{"uv":[0,12,1.5,16],"texture":"#0"},"down":{"uv":[1,12,2,13],"texture":"#0"}}},{"from":[5.05,4.5,8.8],"to":[6.15,6,10],"faces":{"north":{"uv":[1,12,2,13],"texture":"#0"},"east":{"uv":[1,12,2,13],"texture":"#0"},"south":{"uv":[1,12,2,13],"texture":"#0"},"west":{"uv":[0,11,1.5,15],"texture":"#0"},"down":{"uv":[1,12,2,13],"texture":"#0"}}},{"from":[5.05,4.5,5.9],"to":[6.15,6,7.1],"faces":{"north":{"uv":[1,12,2,13],"texture":"#0"},"east":{"uv":[1,12,2,13],"texture":"#0"},"south":{"uv":[1,12,2,13],"texture":"#0"},"west":{"uv":[0,11,1.5,15],"texture":"#0"},"down":{"uv":[1,12,2,13],"texture":"#0"}}},{"from":[9.7,4.15,8.9],"to":[10.4,6.25,9.9],"faces":{"north":{"uv":[1,12,2,13],"texture":"#0"},"east":{"uv":[1,12,2,13],"texture":"#0"},"south":{"uv":[1,12,2,13],"texture":"#0"},"west":{"uv":[0,12,1.5,16],"texture":"#0"},"down":{"uv":[1,12,2,13],"texture":"#0"}}},{"from":[9.7,4.15,6],"to":[10.4,6.25,7],"faces":{"north":{"uv":[1,12,2,13],"texture":"#0"},"east":{"uv":[1,12,2,13],"texture":"#0"},"south":{"uv":[1,12,2,13],"texture":"#0"},"west":{"uv":[0,12,1.5,16],"texture":"#0"},"down":{"uv":[1,12,2,13],"texture":"#0"}}},{"from":[9.55,4.5,8.8],"to":[10.65,6,10],"faces":{"north":{"uv":[1,12,2,13],"texture":"#0"},"east":{"uv":[1,12,2,13],"texture":"#0"},"south":{"uv":[1,12,2,13],"texture":"#0"},"west":{"uv":[0,11,1.5,15],"texture":"#0"},"down":{"uv":[1,12,2,13],"texture":"#0"}}},{"from":[9.55,4.5,5.9],"to":[10.65,6,7.1],"faces":{"north":{"uv":[1,12,2,13],"texture":"#0"},"east":{"uv":[1,12,2,13],"texture":"#0"},"south":{"uv":[1,12,2,13],"texture":"#0"},"west":{"uv":[0,11,1.5,15],"texture":"#0"},"down":{"uv":[1,12,2,13],"texture":"#0"}}},{"from":[11.8,7.7,7.2],"to":[14.1,9.2,8.7],"rotation":{"angle":22.5,"axis":"z","origin":[11.8,9.5,7]},"faces":{"north":{"uv":[0.5,10.5,2.5,7.5],"rotation":90,"texture":"#0"},"east":{"uv":[1,6,2,7],"texture":"#0"},"south":{"uv":[0.5,10.5,2.5,7.5],"rotation":270,"texture":"#0"},"up":{"uv":[0.5,10.5,2.5,7.5],"rotation":270,"texture":"#0"},"down":{"uv":[0.5,10.5,2.5,7.5],"rotation":270,"texture":"#0"}}},{"from":[15.75,9.05,7.45],"to":[16.75,11.15,8.45],"rotation":{"angle":-45,"axis":"z","origin":[15.45,11.65,7.25]},"faces":{"north":{"uv":[11,13,9,16],"rotation":90,"texture":"#0"},"east":{"uv":[7,13,9,16],"rotation":270,"texture":"#0"},"south":{"uv":[7,13,9,16],"rotation":270,"texture":"#0"},"west":{"uv":[7,13,9,16],"rotation":270,"texture":"#0"},"up":{"uv":[1,9,2,10],"texture":"#0"}}},{"from":[15.3,10.5,7.65],"to":[15.9,12.4,8.25],"faces":{"north":{"uv":[0.5,9,2.5,6],"rotation":180,"texture":"#0"},"east":{"uv":[0.5,9,2.5,6],"rotation":180,"texture":"#0"},"south":{"uv":[0.5,9,2.5,6],"rotation":180,"texture":"#0"},"west":{"uv":[0.5,9,2.5,6],"rotation":180,"texture":"#0"},"down":{"uv":[1,9,2,10],"texture":"#0"}}},{"from":[14.95,12.6,7.3],"to":[16.25,13.9,8.6],"faces":{"north":{"uv":[13,0,15,2],"texture":"#0"},"east":{"uv":[12.5,1,14.5,3],"texture":"#0"},"south":{"uv":[14,0,16,2],"texture":"#0"},"west":{"uv":[13,0,15,2],"texture":"#0"},"up":{"uv":[13.5,0,15.5,2],"texture":"#0"},"down":{"uv":[13,0.5,15,2.5],"texture":"#0"}}},{"from":[15.2,12.35,7.55],"to":[16,14.15,8.35],"faces":{"north":{"uv":[13,0,15,2],"texture":"#0"},"east":{"uv":[12.5,1,14.5,3],"texture":"#0"},"south":{"uv":[14,0,16,2],"texture":"#0"},"west":{"uv":[13,0,15,2],"texture":"#0"},"up":{"uv":[13.5,0,15.5,2],"texture":"#0"},"down":{"uv":[13,0.5,15,2.5],"texture":"#0"}}},{"from":[14.7,12.85,7.55],"to":[16.5,13.65,8.35],"faces":{"north":{"uv":[13,0,15,2],"texture":"#0"},"east":{"uv":[12.5,1,14.5,3],"texture":"#0"},"south":{"uv":[14,0,16,2],"texture":"#0"},"west":{"uv":[13,0,15,2],"texture":"#0"},"up":{"uv":[13.5,0,15.5,2],"texture":"#0"},"down":{"uv":[13,0.5,15,2.5],"texture":"#0"}}},{"from":[15.2,12.85,7.05],"to":[16,13.65,8.85],"faces":{"north":{"uv":[13,0,15,2],"texture":"#0"},"east":{"uv":[12.5,1,14.5,3],"texture":"#0"},"south":{"uv":[14,0,16,2],"texture":"#0"},"west":{"uv":[13,0,15,2],"texture":"#0"},"up":{"uv":[13.5,0,15.5,2],"texture":"#0"},"down":{"uv":[13,0.5,15,2.5],"texture":"#0"}}},{"from":[2.2,10.3,7],"to":[4,12.5,8.1],"rotation":{"angle":-22.5,"axis":"y","origin":[1.9,11,6.8]},"faces":{"north":{"uv":[10,1,11,2],"texture":"#0"},"east":{"uv":[10,1,11,2],"texture":"#0"},"south":{"uv":[10,1,11,2],"texture":"#0"},"west":{"uv":[10,1,11,2],"texture":"#0"},"up":{"uv":[10,1,11,2],"texture":"#0"},"down":{"uv":[10,1,11,2],"texture":"#0"}}},{"from":[1.7,10.8,7],"to":[4.4,11.9,8.1],"rotation":{"angle":-22.5,"axis":"y","origin":[1.9,11,6.8]},"faces":{"north":{"uv":[10,1,11,2],"texture":"#0"},"east":{"uv":[10,1,11,2],"texture":"#0"},"south":{"uv":[10,1,11,2],"texture":"#0"},"west":{"uv":[10,1,11,2],"texture":"#0"},"up":{"uv":[10,1,11,2],"texture":"#0"},"down":{"uv":[10,1,11,2],"texture":"#0"}}},{"from":[1.72,9.05,6.5],"to":[1.77,9.6,7.05],"rotation":{"angle":-45,"axis":"y","origin":[1.745,9.35,6.85]},"faces":{"west":{"uv":[3.5,0,0,3.5],"texture":"#0"}}},{"from":[1.72,9.05,8.85],"to":[1.77,9.6,9.4],"rotation":{"angle":45,"axis":"y","origin":[1.745,9.35,9.05]},"faces":{"west":{"uv":[0,0,3.5,3.5],"texture":"#0"}}},{"from":[1.28,7.75,7.7],"to":[1.33,7.85,8.3],"faces":{"west":{"uv":[2,3.5,6,4.5],"texture":"#0"}}}],"display":{"thirdperson_righthand":{"scale":[0,0,0]},"thirdperson_lefthand":{"scale":[0,0,0]},"firstperson_righthand":{"scale":[0,0,0]},"firstperson_lefthand":{"scale":[0,0,0]},"gui":{"rotation":[30,50,0],"translation":[0,-2,0],"scale":[1.1,1.1,1.1]},"head":{"rotation":[0,-90,0],"translation":[0,-33.5,0],"scale":[2.5,2.5,2.5]}}}