{"__comment":"Designed by Ramonaskye with BDcraft Cubik PRO 0.96 Beta - http://bdcraft.net","textures":{"texture":"pokemon_skins/regular/murkrow/murkrow_dark","murkrow_beak":"pokemon_skins/regular/murkrow/murkrow_beak","murkrow_details":"pokemon_skins/regular/murkrow/murkrow_details"},"elements":[{"from":[5,2,5],"to":[11,8.25,10.75],"faces":{"down":{"uv":[11,10.75,5,5],"texture":"#texture"},"up":{"uv":[5,5,11,10.75],"texture":"#texture"},"north":{"uv":[5,7.75,11,14],"texture":"#texture"},"south":{"uv":[5,7.75,11,14],"texture":"#texture"},"west":{"uv":[5,7.75,10.75,14],"texture":"#texture"},"east":{"uv":[5.25,7.75,11,14],"texture":"#texture"}}},{"from":[5,4,11],"to":[11,7.75,13.75],"rotation":{"origin":[5,7.75,11],"axis":"x","angle":22.5},"faces":{"down":{"uv":[11,13.5,5,10.5],"texture":"#texture"},"up":{"uv":[5,10.5,11,13.5],"texture":"#texture"},"north":{"uv":[5,7.5,11,13.5],"texture":"#texture"},"south":{"uv":[5,7.5,11,13.5],"texture":"#texture"},"west":{"uv":[10.5,7.5,13.5,13.5],"texture":"#texture"},"east":{"uv":[2.5,7.5,5.5,13.5],"texture":"#texture"}}},{"from":[5,3.75,3.5],"to":[11,6.75,6.5],"rotation":{"origin":[5,6.75,3.5],"axis":"x","angle":-45},"faces":{"down":{"uv":[11,13.5,5,10.5],"texture":"#texture"},"up":{"uv":[5,10.5,11,13.5],"texture":"#texture"},"north":{"uv":[5,7.5,11,13.5],"texture":"#texture"},"south":{"uv":[5,7.5,11,13.5],"texture":"#texture"},"west":{"uv":[10.5,7.5,13.5,13.5],"texture":"#texture"},"east":{"uv":[2.5,7.5,5.5,13.5],"texture":"#texture"}}},{"from":[5,3,1],"to":[11,6,4.25],"rotation":{"origin":[5,6,1],"axis":"x","angle":-22.5},"faces":{"down":{"uv":[11,13.5,5,10.5],"texture":"#texture"},"up":{"uv":[5,10.5,11,13.5],"texture":"#texture"},"north":{"uv":[5,7.5,11,13.5],"texture":"#texture"},"south":{"uv":[5,7.5,11,13.5],"texture":"#texture"},"west":{"uv":[10.5,7.5,13.5,13.5],"texture":"#texture"},"east":{"uv":[2.5,7.5,5.5,13.5],"texture":"#texture"}}},{"from":[5,3,3],"to":[11,5.25,6],"rotation":{"origin":[5,5.25,3],"axis":"x","angle":22.5},"faces":{"down":{"uv":[11,13.5,5,10.5],"texture":"#texture"},"up":{"uv":[5,10.5,11,13.5],"texture":"#texture"},"north":{"uv":[5,7.5,11,13.5],"texture":"#texture"},"south":{"uv":[5,7.5,11,13.5],"texture":"#texture"},"west":{"uv":[10.5,7.5,13.5,13.5],"texture":"#texture"},"east":{"uv":[2.5,7.5,5.5,13.5],"texture":"#texture"}}},{"from":[5,7.25,6.25],"to":[11,10.25,9.25],"rotation":{"origin":[5,10.25,6.25],"axis":"x","angle":22.5},"faces":{"down":{"uv":[11,13.5,5,10.5],"texture":"#texture"},"up":{"uv":[5,10.5,11,13.5],"texture":"#texture"},"north":{"uv":[5,7.5,11,13.5],"texture":"#texture"},"south":{"uv":[5,7.5,11,13.5],"texture":"#texture"},"west":{"uv":[10.5,7.5,13.5,13.5],"texture":"#texture"},"east":{"uv":[2.5,7.5,5.5,13.5],"texture":"#texture"}}},{"from":[5,7.25,6.5],"to":[11,10.25,12],"faces":{"down":{"uv":[11,13.5,5,10.5],"texture":"#texture"},"up":{"uv":[5,10.5,11,13.5],"texture":"#texture"},"north":{"uv":[5,7.5,11,13.5],"texture":"#texture"},"south":{"uv":[5,7.5,11,13.5],"texture":"#texture"},"west":{"uv":[10.5,7.5,13.5,13.5],"texture":"#texture"},"east":{"uv":[2.5,7.5,5.5,13.5],"texture":"#texture"}}},{"from":[5,4.75,8.25],"to":[11,8.75,12.25],"rotation":{"origin":[5,8.75,8.25],"axis":"x","angle":-22.5},"faces":{"down":{"uv":[11,13.5,5,10.5],"texture":"#texture"},"up":{"uv":[5,10.5,11,13.5],"texture":"#texture"},"north":{"uv":[5,7.5,11,13.5],"texture":"#texture"},"south":{"uv":[5,7.5,11,13.5],"texture":"#texture"},"west":{"uv":[10.5,7.5,13.5,13.5],"texture":"#texture"},"east":{"uv":[2.5,7.5,5.5,13.5],"texture":"#texture"}}},{"from":[7.5,6,0],"to":[8.5,7,2.5],"rotation":{"origin":[7.5,7,0],"axis":"x","angle":22.5},"faces":{"down":{"uv":[2,2.25,2.5,2.75],"texture":"#murkrow_details"},"up":{"uv":[2,2.25,2.5,2.75],"texture":"#murkrow_details"},"north":{"uv":[2,2,2.5,2.75],"texture":"#murkrow_details"},"south":{"uv":[2,2,2.5,2.75],"texture":"#murkrow_details"},"west":{"uv":[2,2,2.5,2.75],"texture":"#murkrow_details"},"east":{"uv":[2,2,2.5,2.75],"texture":"#murkrow_details"}}},{"from":[5,3.5,10.5],"to":[11,6,13.5],"rotation":{"origin":[5,6,10.5],"axis":"x","angle":45},"faces":{"down":{"uv":[11,13.5,5,10.5],"texture":"#texture"},"up":{"uv":[5,10.5,11,13.5],"texture":"#texture"},"north":{"uv":[5,7.5,11,13.5],"texture":"#texture"},"south":{"uv":[5,7.5,11,13.5],"texture":"#texture"},"west":{"uv":[10.5,7.5,13.5,13.5],"texture":"#texture"},"east":{"uv":[2.5,7.5,5.5,13.5],"texture":"#texture"}}},{"from":[4,4.5,6.5],"to":[5,9.5,12.5],"rotation":{"origin":[4,9.5,6.5],"axis":"x","angle":22.5},"faces":{"down":{"uv":[12.5,11,11,5],"texture":"#texture"},"up":{"uv":[3.5,5,5,11],"texture":"#texture"},"north":{"uv":[11,7.5,12.5,12.5],"texture":"#texture"},"south":{"uv":[3.5,7.5,5,12.5],"texture":"#texture"},"west":{"uv":[5,7.5,11,12.5],"texture":"#texture"},"east":{"uv":[5,7.5,11,12.5],"texture":"#texture"}}},{"from":[11,4.5,6.5],"to":[12,9.5,12.5],"rotation":{"origin":[11,9.5,6.5],"axis":"x","angle":22.5},"faces":{"down":{"uv":[12.5,11,11,5],"texture":"#texture"},"up":{"uv":[3.5,5,5,11],"texture":"#texture"},"north":{"uv":[11,7.5,12.5,12.5],"texture":"#texture"},"south":{"uv":[3.5,7.5,5,12.5],"texture":"#texture"},"west":{"uv":[5,7.5,11,12.5],"texture":"#texture"},"east":{"uv":[5,7.5,11,12.5],"texture":"#texture"}}},{"from":[6.25,-1,7.5],"to":[7.25,2,8.5],"faces":{"down":{"uv":[11,13.5,5,10.5],"texture":"#murkrow_beak"},"up":{"uv":[5,10.5,11,13.5],"texture":"#murkrow_beak"},"north":{"uv":[5,7.5,11,13.5],"texture":"#murkrow_beak"},"south":{"uv":[5,7.5,11,13.5],"texture":"#murkrow_beak"},"west":{"uv":[10.5,7.5,13.5,13.5],"texture":"#murkrow_beak"},"east":{"uv":[2.5,7.5,5.5,13.5],"texture":"#murkrow_beak"}}},{"from":[8.75,-1,7.5],"to":[9.75,2,8.5],"faces":{"down":{"uv":[11,13.5,5,10.5],"texture":"#murkrow_beak"},"up":{"uv":[5,10.5,11,13.5],"texture":"#murkrow_beak"},"north":{"uv":[5,7.5,11,13.5],"texture":"#murkrow_beak"},"south":{"uv":[5,7.5,11,13.5],"texture":"#murkrow_beak"},"west":{"uv":[10.5,7.5,13.5,13.5],"texture":"#murkrow_beak"},"east":{"uv":[2.5,7.5,5.5,13.5],"texture":"#murkrow_beak"}}},{"from":[6.5,-1,8.5],"to":[7,-0.5,11.5],"faces":{"down":{"uv":[11,13.5,5,10.5],"texture":"#murkrow_beak"},"up":{"uv":[5,10.5,11,13.5],"texture":"#murkrow_beak"},"north":{"uv":[5,7.5,11,13.5],"texture":"#murkrow_beak"},"south":{"uv":[5,7.5,11,13.5],"texture":"#murkrow_beak"},"west":{"uv":[10.5,7.5,13.5,13.5],"texture":"#murkrow_beak"},"east":{"uv":[2.5,7.5,5.5,13.5],"texture":"#murkrow_beak"}}},{"from":[6.75,-1,8.25],"to":[7.25,-0.5,11],"rotation":{"origin":[6.75,-1,8.25],"axis":"y","angle":22.5},"faces":{"down":{"uv":[11,13.5,5,10.5],"texture":"#murkrow_beak"},"up":{"uv":[5,10.5,11,13.5],"texture":"#murkrow_beak"},"north":{"uv":[5,7.5,11,13.5],"texture":"#murkrow_beak"},"south":{"uv":[5,7.5,11,13.5],"texture":"#murkrow_beak"},"west":{"uv":[10.5,7.5,13.5,13.5],"texture":"#murkrow_beak"},"east":{"uv":[2.5,7.5,5.5,13.5],"texture":"#murkrow_beak"}}},{"from":[6.23988,-1,8],"to":[6.73988,-0.5,10.75],"rotation":{"origin":[6.23988,-1,8],"axis":"y","angle":-22.5},"faces":{"down":{"uv":[11,13.5,5,10.5],"texture":"#murkrow_beak"},"up":{"uv":[5,10.5,11,13.5],"texture":"#murkrow_beak"},"north":{"uv":[5,7.5,11,13.5],"texture":"#murkrow_beak"},"south":{"uv":[5,7.5,11,13.5],"texture":"#murkrow_beak"},"west":{"uv":[10.5,7.5,13.5,13.5],"texture":"#murkrow_beak"},"east":{"uv":[2.5,7.5,5.5,13.5],"texture":"#murkrow_beak"}}},{"from":[9,-1,8.5],"to":[9.5,-0.5,11.5],"faces":{"down":{"uv":[11,13.5,5,10.5],"texture":"#murkrow_beak"},"up":{"uv":[5,10.5,11,13.5],"texture":"#murkrow_beak"},"north":{"uv":[5,7.5,11,13.5],"texture":"#murkrow_beak"},"south":{"uv":[5,7.5,11,13.5],"texture":"#murkrow_beak"},"west":{"uv":[10.5,7.5,13.5,13.5],"texture":"#murkrow_beak"},"east":{"uv":[2.5,7.5,5.5,13.5],"texture":"#murkrow_beak"}}},{"from":[9.25,-1,8.25],"to":[9.75,-0.5,11],"rotation":{"origin":[9.25,-1,8.25],"axis":"y","angle":22.5},"faces":{"down":{"uv":[11,13.5,5,10.5],"texture":"#murkrow_beak"},"up":{"uv":[5,10.5,11,13.5],"texture":"#murkrow_beak"},"north":{"uv":[5,7.5,11,13.5],"texture":"#murkrow_beak"},"south":{"uv":[5,7.5,11,13.5],"texture":"#murkrow_beak"},"west":{"uv":[10.5,7.5,13.5,13.5],"texture":"#murkrow_beak"},"east":{"uv":[2.5,7.5,5.5,13.5],"texture":"#murkrow_beak"}}},{"from":[8.73988,-1,8.25],"to":[9.23988,-0.5,11],"rotation":{"origin":[8.73988,-1,8.25],"axis":"y","angle":-22.5},"faces":{"down":{"uv":[11,13.5,5,10.5],"texture":"#murkrow_beak"},"up":{"uv":[5,10.5,11,13.5],"texture":"#murkrow_beak"},"north":{"uv":[5,7.5,11,13.5],"texture":"#murkrow_beak"},"south":{"uv":[5,7.5,11,13.5],"texture":"#murkrow_beak"},"west":{"uv":[10.5,7.5,13.5,13.5],"texture":"#murkrow_beak"},"east":{"uv":[2.5,7.5,5.5,13.5],"texture":"#murkrow_beak"}}},{"from":[6.5,-1,6.25],"to":[7,-0.5,7.75],"faces":{"down":{"uv":[11,13.5,5,10.5],"texture":"#murkrow_beak"},"up":{"uv":[5,10.5,11,13.5],"texture":"#murkrow_beak"},"north":{"uv":[5,7.5,11,13.5],"texture":"#murkrow_beak"},"south":{"uv":[5,7.5,11,13.5],"texture":"#murkrow_beak"},"west":{"uv":[10.5,7.5,13.5,13.5],"texture":"#murkrow_beak"},"east":{"uv":[2.5,7.5,5.5,13.5],"texture":"#murkrow_beak"}}},{"from":[9,-1,6.25],"to":[9.5,-0.5,7.75],"faces":{"down":{"uv":[11,13.5,5,10.5],"texture":"#murkrow_beak"},"up":{"uv":[5,10.5,11,13.5],"texture":"#murkrow_beak"},"north":{"uv":[5,7.5,11,13.5],"texture":"#murkrow_beak"},"south":{"uv":[5,7.5,11,13.5],"texture":"#murkrow_beak"},"west":{"uv":[10.5,7.5,13.5,13.5],"texture":"#murkrow_beak"},"east":{"uv":[2.5,7.5,5.5,13.5],"texture":"#murkrow_beak"}}},{"from":[6.75,10,8],"to":[9.25,13,11.5],"faces":{"down":{"uv":[11,13.5,5,10.5],"texture":"#texture"},"up":{"uv":[5,10.5,11,13.5],"texture":"#texture"},"north":{"uv":[5,7.5,11,13.5],"texture":"#texture"},"south":{"uv":[5,7.5,11,13.5],"texture":"#texture"},"west":{"uv":[10.5,7.5,13.5,13.5],"texture":"#texture"},"east":{"uv":[2.5,7.5,5.5,13.5],"texture":"#texture"}}},{"from":[5,10.25,9.25],"to":[11,12.5,9.3125],"faces":{"north":{"uv":[7,0,15.75,3],"texture":"#murkrow_details"},"south":{"uv":[7,0,15.75,3],"texture":"#murkrow_details"}}},{"from":[5.5,10.25,11.7426],"to":[11.5,12.5,11.8051],"rotation":{"origin":[5.5,10.25,11.7426],"axis":"y","angle":45},"faces":{"north":{"uv":[7,0,15.75,3],"texture":"#murkrow_details"},"south":{"uv":[7,0,15.75,3],"texture":"#murkrow_details"}}},{"from":[6.25,10.25,7.5],"to":[12.25,12.5,7.5625],"rotation":{"origin":[6.25,10.25,7.5],"axis":"y","angle":-45},"faces":{"north":{"uv":[7,0,15.75,3],"texture":"#murkrow_details"},"south":{"uv":[7,0,15.75,3],"texture":"#murkrow_details"}}},{"from":[8,10.25,6],"to":[8.0625,12.5,12.5],"faces":{"west":{"uv":[7.25,0.25,15.75,3.25],"texture":"#murkrow_details"},"east":{"uv":[7.25,0.25,15.75,3.25],"texture":"#murkrow_details"}}},{"from":[7,12.25,8.25],"to":[9,14.75,10.25],"faces":{"down":{"uv":[11,13.5,5,10.5],"texture":"#texture"},"up":{"uv":[5,10.5,11,13.5],"texture":"#texture"},"north":{"uv":[5,7.5,11,13.5],"texture":"#texture"},"south":{"uv":[5,7.5,11,13.5],"texture":"#texture"},"west":{"uv":[10.5,7.5,13.5,13.5],"texture":"#texture"},"east":{"uv":[2.5,7.5,5.5,13.5],"texture":"#texture"}}},{"from":[4.5,12.75,7.25],"to":[11.5,17.75,14],"faces":{"down":{"uv":[11,13.5,5,10.5],"texture":"#texture"},"up":{"uv":[5,10.5,11,13.5],"texture":"#texture"},"north":{"uv":[5,7.5,11,13.5],"texture":"#texture"},"south":{"uv":[5,7.5,11,13.5],"texture":"#texture"},"west":{"uv":[10.5,7.5,13.5,13.5],"texture":"#texture"},"east":{"uv":[2.5,7.5,5.5,13.5],"texture":"#texture"}}},{"from":[3.75,14,5],"to":[12.25,15,16.25],"rotation":{"origin":[3.75,15,5],"axis":"x","angle":-22.5},"faces":{"down":{"uv":[11,13.5,5,10.5],"texture":"#texture"},"up":{"uv":[5,10.5,11,13.5],"texture":"#texture"},"north":{"uv":[5,7.5,11,13.5],"texture":"#texture"},"south":{"uv":[5,7.5,11,13.5],"texture":"#texture"},"west":{"uv":[10.5,7.5,13.5,13.5],"texture":"#texture"},"east":{"uv":[2.5,7.5,5.5,13.5],"texture":"#texture"}}},{"from":[2.5,14.7549,7],"to":[13.25,15.7549,14.5],"rotation":{"origin":[2.5,15.7549,7],"axis":"x","angle":-22.5},"faces":{"down":{"uv":[11,13.5,5,10.5],"texture":"#texture"},"up":{"uv":[5,10.5,11,13.5],"texture":"#texture"},"north":{"uv":[5,7.5,11,13.5],"texture":"#texture"},"south":{"uv":[5,7.5,11,13.5],"texture":"#texture"},"west":{"uv":[10.5,7.5,13.5,13.5],"texture":"#texture"},"east":{"uv":[2.5,7.5,5.5,13.5],"texture":"#texture"}}},{"from":[6.5,13.75,13.75],"to":[9.5,15.75,17.75],"faces":{"down":{"uv":[11,13.5,5,10.5],"texture":"#murkrow_beak"},"up":{"uv":[5,10.5,11,13.5],"texture":"#murkrow_beak"},"north":{"uv":[5,7.5,11,13.5],"texture":"#murkrow_beak"},"south":{"uv":[5,7.5,11,13.5],"texture":"#murkrow_beak"},"west":{"uv":[10.5,7.5,13.5,13.5],"texture":"#murkrow_beak"},"east":{"uv":[2.5,7.5,5.5,13.5],"texture":"#murkrow_beak"}}},{"from":[7,12.6875,13.5],"to":[9,13.6875,16.75],"faces":{"down":{"uv":[11,13.5,5,10.5],"texture":"#murkrow_beak"},"up":{"uv":[5,10.5,11,13.5],"texture":"#murkrow_beak"},"north":{"uv":[5,7.5,11,13.5],"texture":"#murkrow_beak"},"south":{"uv":[5,7.5,11,13.5],"texture":"#murkrow_beak"},"west":{"uv":[10.5,7.5,13.5,13.5],"texture":"#murkrow_beak"},"east":{"uv":[2.5,7.5,5.5,13.5],"texture":"#murkrow_beak"}}},{"from":[6.75,14,17.75],"to":[9.25,15.75,19.5],"rotation":{"origin":[6.75,15.75,17.75],"axis":"x","angle":22.5},"faces":{"down":{"uv":[11,13.5,5,10.5],"texture":"#murkrow_beak"},"up":{"uv":[5,10.5,11,13.5],"texture":"#murkrow_beak"},"north":{"uv":[5,7.5,11,13.5],"texture":"#murkrow_beak"},"south":{"uv":[5,7.5,11,13.5],"texture":"#murkrow_beak"},"west":{"uv":[10.5,7.5,13.5,13.5],"texture":"#murkrow_beak"},"east":{"uv":[2.5,7.5,5.5,13.5],"texture":"#murkrow_beak"}}},{"from":[7.5,15,12.75],"to":[8.5,16.75,14.25],"rotation":{"origin":[7.5,16.75,12.75],"axis":"x","angle":-22.5},"faces":{"down":{"uv":[11,13.5,5,10.5],"texture":"#murkrow_beak"},"up":{"uv":[5,10.5,11,13.5],"texture":"#murkrow_beak"},"north":{"uv":[5,7.5,11,13.5],"texture":"#murkrow_beak"},"south":{"uv":[5,7.5,11,13.5],"texture":"#murkrow_beak"},"west":{"uv":[10.5,7.5,13.5,13.5],"texture":"#murkrow_beak"},"east":{"uv":[2.5,7.5,5.5,13.5],"texture":"#murkrow_beak"}}},{"from":[5.25,13.5,13.75],"to":[6.25,14.5,16],"rotation":{"origin":[5.25,13.5,13.75],"axis":"y","angle":45},"faces":{"down":{"uv":[11,13.5,5,10.5],"texture":"#murkrow_beak"},"up":{"uv":[5,10.5,11,13.5],"texture":"#murkrow_beak"},"north":{"uv":[5,7.5,11,13.5],"texture":"#murkrow_beak"},"south":{"uv":[5,7.5,11,13.5],"texture":"#murkrow_beak"},"west":{"uv":[10.5,7.5,13.5,13.5],"texture":"#murkrow_beak"},"east":{"uv":[2.5,7.5,5.5,13.5],"texture":"#murkrow_beak"}}},{"from":[10.25,13.5,13],"to":[11.25,14.5,15.25],"rotation":{"origin":[10.25,13.5,13],"axis":"y","angle":-45},"faces":{"down":{"uv":[11,13.5,5,10.5],"texture":"#murkrow_beak"},"up":{"uv":[5,10.5,11,13.5],"texture":"#murkrow_beak"},"north":{"uv":[5,7.5,11,13.5],"texture":"#murkrow_beak"},"south":{"uv":[5,7.5,11,13.5],"texture":"#murkrow_beak"},"west":{"uv":[10.5,7.5,13.5,13.5],"texture":"#murkrow_beak"},"east":{"uv":[2.5,7.5,5.5,13.5],"texture":"#murkrow_beak"}}},{"from":[4.75,15.5,14],"to":[7.25,17.25,14.0625],"faces":{"south":{"uv":[0.75,0.75,4.75,3.75],"texture":"#murkrow_details"}}},{"from":[8.75,15.5,14],"to":[11.25,17.25,14.0625],"faces":{"south":{"uv":[4.75,0.75,0.75,3.75],"texture":"#murkrow_details"}}},{"from":[4.25,15.5,7],"to":[11.75,18,11.5],"rotation":{"origin":[4.25,18,7],"axis":"x","angle":-22.5},"faces":{"down":{"uv":[11,13.5,5,10.5],"texture":"#texture"},"up":{"uv":[5,10.5,11,13.5],"texture":"#texture"},"north":{"uv":[5,7.5,11,13.5],"texture":"#texture"},"south":{"uv":[5,7.5,11,13.5],"texture":"#texture"},"west":{"uv":[10.5,7.5,13.5,13.5],"texture":"#texture"},"east":{"uv":[2.5,7.5,5.5,13.5],"texture":"#texture"}}},{"from":[7.75,18.75,8],"to":[11.25,22,10.25],"rotation":{"origin":[7.75,22,8],"axis":"z","angle":-45},"faces":{"down":{"uv":[11,13.5,5,10.5],"texture":"#texture"},"up":{"uv":[5,10.5,11,13.5],"texture":"#texture"},"north":{"uv":[5,7.5,11,13.5],"texture":"#texture"},"south":{"uv":[5,7.5,11,13.5],"texture":"#texture"},"west":{"uv":[10.5,7.5,13.5,13.5],"texture":"#texture"},"east":{"uv":[2.5,7.5,5.5,13.5],"texture":"#texture"}}},{"from":[4,16.5,8],"to":[5.5,19.75,10.25],"rotation":{"origin":[4,19.75,8],"axis":"z","angle":45},"faces":{"down":{"uv":[11,13.5,5,10.5],"texture":"#texture"},"up":{"uv":[5,10.5,11,13.5],"texture":"#texture"},"north":{"uv":[5,7.5,11,13.5],"texture":"#texture"},"south":{"uv":[5,7.5,11,13.5],"texture":"#texture"},"west":{"uv":[10.5,7.5,13.5,13.5],"texture":"#texture"},"east":{"uv":[2.5,7.5,5.5,13.5],"texture":"#texture"}}},{"from":[10.75,17.5,8],"to":[12.25,20.75,10.25],"rotation":{"origin":[10.75,20.75,8],"axis":"z","angle":-45},"faces":{"down":{"uv":[11,13.5,5,10.5],"texture":"#texture"},"up":{"uv":[5,10.5,11,13.5],"texture":"#texture"},"north":{"uv":[5,7.5,11,13.5],"texture":"#texture"},"south":{"uv":[5,7.5,11,13.5],"texture":"#texture"},"west":{"uv":[10.5,7.5,13.5,13.5],"texture":"#texture"},"east":{"uv":[2.5,7.5,5.5,13.5],"texture":"#texture"}}},{"from":[8,3.25,-8.5],"to":[8.0625,12,1.5],"faces":{"west":{"uv":[8.25,5.75,14.5,10.75],"texture":"#murkrow_details"},"east":{"uv":[14.5,5.75,8.25,10.75],"texture":"#murkrow_details"}}},{"from":[4.25,6.4375,-9.75],"to":[11.75,6.5,0.75],"faces":{"down":{"uv":[8,10.75,14.5,5.75],"texture":"#murkrow_details"},"up":{"uv":[8,5.75,14.5,10.75],"texture":"#murkrow_details"}}},{"from":[4.5,10.6875,-9.3125],"to":[12,10.75,2.1875],"rotation":{"origin":[4.5,10.75,-9.3125],"axis":"x","angle":22.5},"faces":{"down":{"uv":[8,10.75,14.5,5.75],"texture":"#murkrow_details"},"up":{"uv":[8,5.75,14.5,10.75],"texture":"#murkrow_details"}}},{"from":[4.75,2.4375,-8.75],"to":[12.25,2.5,1.5],"rotation":{"origin":[4.75,2.5,-8.75],"axis":"x","angle":-22.5},"faces":{"down":{"uv":[14.5,10.75,8,5.75],"texture":"#murkrow_details"},"up":{"uv":[14.5,5.75,8,10.75],"texture":"#murkrow_details"}}},{"from":[5,2.75,-7.72606],"to":[5.0625,12.25,0.273938],"rotation":{"origin":[5,2.75,-7.72606],"axis":"y","angle":22.5},"faces":{"west":{"uv":[8.25,5.75,14.5,10.75],"texture":"#murkrow_details"},"east":{"uv":[14.5,5.75,8.25,10.75],"texture":"#murkrow_details"}}},{"from":[11,2.75,-6.75],"to":[11.0625,12,1.25],"rotation":{"origin":[11,2.75,-6.75],"axis":"y","angle":-22.5},"faces":{"west":{"uv":[8.25,5.75,14.5,10.75],"texture":"#murkrow_details"},"east":{"uv":[14.5,5.75,8.25,10.75],"texture":"#murkrow_details"}}}],"display":{"head":{"rotation":[0,180,0],"translation":[0,-32,-0.57],"scale":[1.3,1.3,1.3]},"gui":{"rotation":[30,-50,0],"translation":[-1.5,-1,0],"scale":[0.7,0.7,0.7]},"thirdperson_righthand":{"scale":[0,0,0]},"thirdperson_lefthand":{"scale":[0,0,0]},"firstperson_righthand":{"scale":[0,0,0]},"firstperson_lefthand":{"scale":[0,0,0]}}}