{"__comment":"Designed by Samasaurus6 with BDcraft Cubik PRO 0.96 Beta - http://bdcraft.net","textures":{"Rattata1":"pokemon_skins/regular/rattata/rattata1","Rattata2":"pokemon_skins/regular/rattata/rattata2"},"elements":[{"from":[5.5,5.5,5],"to":[10,8.5,10.5],"faces":{"down":{"uv":[0,4,4,8],"texture":"#Rattata1"},"up":{"uv":[0.5,0,4.5,4],"texture":"#Rattata1"},"north":{"uv":[0,1,6,5],"texture":"#Rattata1"},"south":{"uv":[0,1,6,5],"texture":"#Rattata1"},"west":{"uv":[0,1,6.5,5],"texture":"#Rattata1"},"east":{"uv":[0,1,6.5,5],"texture":"#Rattata1"}}},{"from":[6,5.6875,9.4375],"to":[9.5,8.1875,11.9375],"rotation":{"origin":[6,8.1875,9.4375],"axis":"x","angle":-45},"faces":{"down":{"uv":[0.5,4,4.5,8],"texture":"#Rattata1"},"up":{"uv":[0,0,4,4],"texture":"#Rattata1"},"north":{"uv":[0,1.5,6,5.5],"texture":"#Rattata1"},"south":{"uv":[0,1.5,6,5.5],"texture":"#Rattata1"},"west":{"uv":[0,1.5,6.5,5.5],"texture":"#Rattata1"},"east":{"uv":[0,1.5,6.5,5.5],"texture":"#Rattata1"}}},{"from":[5.9375,5.125,5.125],"to":[9.5625,8.8125,11.25],"faces":{"down":{"uv":[0,4,4,8],"texture":"#Rattata1"},"up":{"uv":[0,0,4,4],"texture":"#Rattata1"},"north":{"uv":[0,2.5,6,6.5],"texture":"#Rattata1"},"south":{"uv":[0,2.5,6,6.5],"texture":"#Rattata1"},"west":{"uv":[0,3,6.5,6],"texture":"#Rattata1"},"east":{"uv":[0,3,6.5,6],"texture":"#Rattata1"}}},{"from":[6,5.5,4.5],"to":[9.5,9,7.5],"faces":{"down":{"uv":[0,4,4,8],"texture":"#Rattata1"},"up":{"uv":[0,0,4,4],"texture":"#Rattata1"},"north":{"uv":[0,1,6,5],"texture":"#Rattata1"},"south":{"uv":[0,1,6,5],"texture":"#Rattata1"},"west":{"uv":[0,1,6,5],"texture":"#Rattata1"},"east":{"uv":[0,1,6,5],"texture":"#Rattata1"}}},{"from":[7.5,6,3],"to":[8,10,3.5],"rotation":{"origin":[7.5,10,3],"axis":"x","angle":-22.5},"faces":{"down":{"uv":[2.5,0.5,3,1],"texture":"#Rattata1"},"up":{"uv":[2.5,0.5,3,1],"texture":"#Rattata1"},"north":{"uv":[4.5,0,5,4],"texture":"#Rattata1"},"south":{"uv":[4.5,0,5,4],"texture":"#Rattata1"},"west":{"uv":[2.5,0,3,4],"texture":"#Rattata1"},"east":{"uv":[2.5,0,3,4],"texture":"#Rattata1"}}},{"from":[7.375,9.625,4.46823],"to":[8.125,13.625,5.09323],"rotation":{"origin":[7.375,13.625,4.46823],"axis":"x","angle":22.5},"faces":{"down":{"uv":[2.5,1,3.25,1.625],"texture":"#Rattata1"},"up":{"uv":[2.5,1,3.25,1.625],"texture":"#Rattata1"},"north":{"uv":[2.5,0,3.25,4],"texture":"#Rattata1"},"south":{"uv":[2.5,0,3.25,4],"texture":"#Rattata1"},"west":{"uv":[3.5,0,4.125,4],"texture":"#Rattata1"},"east":{"uv":[3.5,0,4.125,4],"texture":"#Rattata1"}}},{"from":[7.1875,12.125,4.4375],"to":[8.3125,13.625,5.9375],"rotation":{"origin":[7.1875,13.625,4.4375],"axis":"x","angle":-22.5},"faces":{"down":{"uv":[0,0,2,2],"texture":"#Rattata1"},"up":{"uv":[0,0,2.5,1.5],"texture":"#Rattata1"},"north":{"uv":[0,0,3,2],"texture":"#Rattata1"},"south":{"uv":[0,0,2.5,1.5],"texture":"#Rattata1"},"west":{"uv":[12,5,8.5,8.5],"rotation":90,"texture":"#Rattata1"},"east":{"uv":[8.5,5,12,8.5],"rotation":270,"texture":"#Rattata1"}}},{"__comment":"legs","from":[5,5,5.5],"to":[6,7.5,7.5],"rotation":{"origin":[5,7.5,5.5],"axis":"x","angle":22.5},"faces":{"down":{"uv":[3,0.5,4,2.5],"texture":"#Rattata1"},"up":{"uv":[3,2,4,4],"texture":"#Rattata1"},"north":{"uv":[4,1,5,3.5],"texture":"#Rattata1"},"south":{"uv":[4,1,5,3.5],"texture":"#Rattata1"},"west":{"uv":[3,1.5,5,4],"texture":"#Rattata1"},"east":{"uv":[3,1.5,5,4],"texture":"#Rattata1"}}},{"__comment":"legs","from":[5,2.5,9],"to":[6,6.5,10.5],"rotation":{"origin":[5,6.5,9],"axis":"x","angle":-22.5},"faces":{"down":{"uv":[3,0.5,4,2.5],"texture":"#Rattata1"},"up":{"uv":[3,2,4,4],"texture":"#Rattata1"},"north":{"uv":[4,1,5,3.5],"texture":"#Rattata1"},"south":{"uv":[4,1,5,3.5],"texture":"#Rattata1"},"west":{"uv":[3,1.5,5,4],"texture":"#Rattata1"},"east":{"uv":[3,1.5,5,4],"texture":"#Rattata1"}}},{"__comment":"legs","from":[5.1875,3.5625,4],"to":[6.0625,5.0625,6],"rotation":{"origin":[5.1875,5.0625,4],"axis":"x","angle":-22.5},"faces":{"down":{"uv":[3,0.5,4,2.5],"texture":"#Rattata1"},"up":{"uv":[3,2,4,4],"texture":"#Rattata1"},"north":{"uv":[4,1,5,3.5],"texture":"#Rattata1"},"south":{"uv":[4,1,5,3.5],"texture":"#Rattata1"},"west":{"uv":[3,1.5,5,4],"texture":"#Rattata1"},"east":{"uv":[3,1.5,5,4],"texture":"#Rattata1"}}},{"__comment":"legs","from":[5.25,2.625,4],"to":[5.9375,5,5.0625],"faces":{"down":{"uv":[3,0.5,4,2.5],"texture":"#Rattata1"},"up":{"uv":[3,2,4,4],"texture":"#Rattata1"},"north":{"uv":[4,1,5,3.5],"texture":"#Rattata1"},"south":{"uv":[4,1,5,3.5],"texture":"#Rattata1"},"west":{"uv":[3,1.5,5,4],"texture":"#Rattata1"},"east":{"uv":[3,1.5,5,4],"texture":"#Rattata1"}}},{"__comment":"legs","from":[5.1875,2.5,4.5],"to":[6.0625,3.125,6],"faces":{"down":{"uv":[3,5.5,4.1875,7.5],"texture":"#Rattata1"},"up":{"uv":[3,5.5,4.1875,7.5],"texture":"#Rattata1"},"north":{"uv":[3,6,4.1875,6.625],"texture":"#Rattata1"},"south":{"uv":[2.5,5.5,3.6875,6.125],"texture":"#Rattata1"},"west":{"uv":[2,6.5,4,7.125],"texture":"#Rattata1"},"east":{"uv":[3,6.5,5,7.125],"texture":"#Rattata1"}}},{"from":[6,4.8125,5],"to":[9.5,7.8125,7.875],"faces":{"down":{"uv":[1,4,5,8],"texture":"#Rattata1"},"up":{"uv":[1,4,5,8],"texture":"#Rattata1"},"north":{"uv":[0,4,6,8],"texture":"#Rattata1"},"south":{"uv":[0,4,6,8],"texture":"#Rattata1"},"west":{"uv":[0,4.5,6.5,7.5],"texture":"#Rattata1"},"east":{"uv":[0,4.5,6.5,7.5],"texture":"#Rattata1"}}},{"__comment":"legs","from":[4.9375,2.5,10.375],"to":[6.125,3.125,12.375],"faces":{"down":{"uv":[3,5.5,4.1875,7.5],"texture":"#Rattata1"},"up":{"uv":[3,5.5,4.1875,7.5],"texture":"#Rattata1"},"north":{"uv":[3,6,4.1875,6.625],"texture":"#Rattata1"},"south":{"uv":[2.5,5.5,3.6875,6.125],"texture":"#Rattata1"},"west":{"uv":[2,6.5,4,7.125],"texture":"#Rattata1"},"east":{"uv":[3,6.5,5,7.125],"texture":"#Rattata1"}}},{"__comment":"legs","from":[4.9375,3.125,10.8125],"to":[6.125,3.625,11.875],"faces":{"down":{"uv":[3,0.5,4,2.5],"texture":"#Rattata1"},"up":{"uv":[3,2,4,4],"texture":"#Rattata1"},"north":{"uv":[4,1,5,3.5],"texture":"#Rattata1"},"south":{"uv":[4,1,5,3.5],"texture":"#Rattata1"},"west":{"uv":[3,1.5,5,4],"texture":"#Rattata1"},"east":{"uv":[3,1.5,5,4],"texture":"#Rattata1"}}},{"from":[5.2625,7,11.25],"to":[10.2625,10,13.125],"faces":{"down":{"uv":[0,4,4,8],"texture":"#Rattata1"},"up":{"uv":[0,0,4,4],"texture":"#Rattata1"},"north":{"uv":[0,1.5,6,6],"texture":"#Rattata1"},"south":{"uv":[0,1.5,6,6],"texture":"#Rattata1"},"west":{"uv":[0,1.5,6,6],"texture":"#Rattata1"},"east":{"uv":[0,1.5,6,6],"texture":"#Rattata1"}}},{"from":[6.325,7.9375,12.0625],"to":[8.325,9.9375,13.5625],"rotation":{"origin":[6.325,7.9375,12.0625],"axis":"y","angle":-45},"faces":{"down":{"uv":[0,4,4,8],"texture":"#Rattata1"},"up":{"uv":[0,0,4,4],"texture":"#Rattata1"},"north":{"uv":[0,1,6,5],"texture":"#Rattata1"},"south":{"uv":[0,1,6,5],"texture":"#Rattata1"},"west":{"uv":[0,1,6,5],"texture":"#Rattata1"},"east":{"uv":[0,1,6,5],"texture":"#Rattata1"}}},{"from":[6.2,6.625,12.8125],"to":[9.2,7.625,15.3125],"rotation":{"origin":[6.2,7.625,12.8125],"axis":"x","angle":45},"faces":{"down":{"uv":[0.5,4,4.5,8],"texture":"#Rattata1"},"up":{"uv":[0,11,5.5,16],"texture":"#Rattata2"},"north":{"uv":[0,4,6,8],"texture":"#Rattata1"},"south":{"uv":[0,4,6,8],"texture":"#Rattata1"},"west":{"uv":[0,4,6.5,7],"texture":"#Rattata1"},"east":{"uv":[0,4.5,6.5,7.5],"texture":"#Rattata1"}}},{"from":[3.2,8.5,12],"to":[7.2,12.5,12.0625],"faces":{"north":{"uv":[7,9.5,14,16],"texture":"#Rattata1"},"south":{"uv":[7,9.5,0,16],"texture":"#Rattata1"}}},{"from":[8.2,8.5,12],"to":[12.2,12.5,12.0625],"faces":{"north":{"uv":[14,9.5,7,16],"texture":"#Rattata1"},"south":{"uv":[0,9.5,7,16],"texture":"#Rattata1"}}},{"from":[6.7,8,13],"to":[8.7625,10,14.5625],"faces":{"down":{"uv":[0,0,4,4],"texture":"#Rattata1"},"up":{"uv":[0,0,4,4],"texture":"#Rattata1"},"north":{"uv":[0,0,6,4],"texture":"#Rattata1"},"south":{"uv":[0,0,6,4],"texture":"#Rattata1"},"west":{"uv":[1,0,7,4],"texture":"#Rattata1"},"east":{"uv":[0,0,6,4],"texture":"#Rattata1"}}},{"from":[7.7,7.9375,13.5],"to":[9.7,9.9375,15],"rotation":{"origin":[7.7,7.9375,13.5],"axis":"y","angle":45},"faces":{"down":{"uv":[0,4,4,8],"texture":"#Rattata1"},"up":{"uv":[0,0,4,4],"texture":"#Rattata1"},"north":{"uv":[0,1,6,5],"texture":"#Rattata1"},"south":{"uv":[0,1,6,5],"texture":"#Rattata1"},"west":{"uv":[0,1,6,5],"texture":"#Rattata1"},"east":{"uv":[0,1,6,5],"texture":"#Rattata1"}}},{"from":[6.7,8,14.5625],"to":[8.7625,9,16.0625],"faces":{"down":{"uv":[0,4,4,8],"texture":"#Rattata1"},"up":{"uv":[0,0,4,4],"texture":"#Rattata1"},"north":{"uv":[0,2,6,6],"texture":"#Rattata1"},"south":{"uv":[0,2,6,6],"texture":"#Rattata1"},"west":{"uv":[0,2,6,6],"texture":"#Rattata1"},"east":{"uv":[0,2,6,6],"texture":"#Rattata1"}}},{"from":[6.2,7.5,12.875],"to":[9.2,8.5,15.875],"faces":{"down":{"uv":[11,8.5,15,12.5],"texture":"#Rattata2"},"up":{"uv":[0,4,4,8],"texture":"#Rattata1"},"north":{"uv":[0,4,6.5,8],"texture":"#Rattata1"},"south":{"uv":[0,4,6.5,8],"texture":"#Rattata1"},"west":{"uv":[0,4,6.5,7],"texture":"#Rattata1"},"east":{"uv":[0,4,6.5,7],"texture":"#Rattata1"}}},{"from":[8.825,8.5,14.4375],"to":[10.2625,9.6875,14.5],"rotation":{"origin":[8.825,8.5,14.4375],"axis":"y","angle":45},"faces":{"north":{"uv":[6.5,0,7.5,1],"texture":"#Rattata1"},"south":{"uv":[6.5,0,12.5,4.5],"texture":"#Rattata1"}}},{"from":[5.6375,8.5,13.4375],"to":[7.075,9.6875,13.5],"rotation":{"origin":[5.6375,8.5,13.4375],"axis":"y","angle":-45},"faces":{"north":{"uv":[6.5,0,7.5,1],"texture":"#Rattata1"},"south":{"uv":[12.5,0,6.5,4.5],"texture":"#Rattata1"}}},{"from":[6.075,5.9375,12.8125],"to":[6.1375,8.0625,15.0625],"faces":{"west":{"uv":[16,0,6.5,8],"texture":"#Rattata2"},"east":{"uv":[6.5,8,16,16],"texture":"#Rattata2"}}},{"from":[9.2,5.9375,12.8125],"to":[9.2625,8.0625,15.0625],"faces":{"west":{"uv":[16,8,6.5,16],"texture":"#Rattata2"},"east":{"uv":[6.5,0,16,8],"texture":"#Rattata2"}}},{"from":[7.2,6.5,15.3125],"to":[8.2,7.5,15.75],"faces":{"down":{"uv":[13.5,3.5,16,4.5],"texture":"#Rattata1"},"up":{"uv":[13.5,0,16,2.5],"texture":"#Rattata1"},"north":{"uv":[13.5,0,16,4.5],"texture":"#Rattata1"},"south":{"uv":[13.5,0,16,4.5],"texture":"#Rattata1"},"west":{"uv":[13.5,0,16,3],"texture":"#Rattata1"},"east":{"uv":[13.5,0,16,3],"texture":"#Rattata1"}}},{"__comment":"legs*","from":[9.5,5,5.5],"to":[10.5,7.5,7.5],"rotation":{"origin":[9.5,7.5,5.5],"axis":"x","angle":22.5},"faces":{"down":{"uv":[3,0.5,4,2.5],"texture":"#Rattata1"},"up":{"uv":[3,2,4,4],"texture":"#Rattata1"},"north":{"uv":[4,1,5,3.5],"texture":"#Rattata1"},"south":{"uv":[4,1,5,3.5],"texture":"#Rattata1"},"west":{"uv":[3,1.5,5,4],"texture":"#Rattata1"},"east":{"uv":[3,1.5,5,4],"texture":"#Rattata1"}}},{"__comment":"legs*","from":[9.5,2.5,9],"to":[10.5,6.5,10.5],"rotation":{"origin":[9.5,6.5,9],"axis":"x","angle":-22.5},"faces":{"down":{"uv":[3,0.5,4,2.5],"texture":"#Rattata1"},"up":{"uv":[3,2,4,4],"texture":"#Rattata1"},"north":{"uv":[4,1,5,3.5],"texture":"#Rattata1"},"south":{"uv":[4,1,5,3.5],"texture":"#Rattata1"},"west":{"uv":[3,1.5,5,4],"texture":"#Rattata1"},"east":{"uv":[3,1.5,5,4],"texture":"#Rattata1"}}},{"__comment":"legs*","from":[9.6875,3.5625,4],"to":[10.5625,5.0625,6],"rotation":{"origin":[9.6875,5.0625,4],"axis":"x","angle":-22.5},"faces":{"down":{"uv":[3,0.5,4,2.5],"texture":"#Rattata1"},"up":{"uv":[3,2,4,4],"texture":"#Rattata1"},"north":{"uv":[4,1,5,3.5],"texture":"#Rattata1"},"south":{"uv":[4,1,5,3.5],"texture":"#Rattata1"},"west":{"uv":[3,1.5,5,4],"texture":"#Rattata1"},"east":{"uv":[3,1.5,5,4],"texture":"#Rattata1"}}},{"__comment":"legs*","from":[9.75,2.625,4],"to":[10.4375,5,5.0625],"faces":{"down":{"uv":[3,0.5,4,2.5],"texture":"#Rattata1"},"up":{"uv":[3,2,4,4],"texture":"#Rattata1"},"north":{"uv":[4,1,5,3.5],"texture":"#Rattata1"},"south":{"uv":[4,1,5,3.5],"texture":"#Rattata1"},"west":{"uv":[3,1.5,5,4],"texture":"#Rattata1"},"east":{"uv":[3,1.5,5,4],"texture":"#Rattata1"}}},{"__comment":"legs*","from":[9.6875,2.5,4.5],"to":[10.5625,3.125,6],"faces":{"down":{"uv":[3,5.5,4.1875,7.5],"texture":"#Rattata1"},"up":{"uv":[3,5.5,4.1875,7.5],"texture":"#Rattata1"},"north":{"uv":[3,6,4.1875,6.625],"texture":"#Rattata1"},"south":{"uv":[2.5,5.5,3.6875,6.125],"texture":"#Rattata1"},"west":{"uv":[2,6.5,4,7.125],"texture":"#Rattata1"},"east":{"uv":[3,6.5,5,7.125],"texture":"#Rattata1"}}},{"__comment":"legs*","from":[9.4375,2.5,10.375],"to":[10.625,3.125,12.375],"faces":{"down":{"uv":[3,5.5,4.1875,7.5],"texture":"#Rattata1"},"up":{"uv":[3,5.5,4.1875,7.5],"texture":"#Rattata1"},"north":{"uv":[3,6,4.1875,6.625],"texture":"#Rattata1"},"south":{"uv":[2.5,5.5,3.6875,6.125],"texture":"#Rattata1"},"west":{"uv":[2,6.5,4,7.125],"texture":"#Rattata1"},"east":{"uv":[3,6.5,5,7.125],"texture":"#Rattata1"}}},{"__comment":"legs*","from":[9.4375,3.125,10.8125],"to":[10.625,3.625,11.875],"faces":{"down":{"uv":[3,0.5,4,2.5],"texture":"#Rattata1"},"up":{"uv":[3,2,4,4],"texture":"#Rattata1"},"north":{"uv":[4,1,5,3.5],"texture":"#Rattata1"},"south":{"uv":[4,1,5,3.5],"texture":"#Rattata1"},"west":{"uv":[3,1.5,5,4],"texture":"#Rattata1"},"east":{"uv":[3,1.5,5,4],"texture":"#Rattata1"}}},{"from":[6.2,9.5,11.5],"to":[9.2,10.5,13.5],"faces":{"down":{"uv":[0,0,4,4],"texture":"#Rattata1"},"up":{"uv":[0,0,4,4],"texture":"#Rattata1"},"north":{"uv":[0,0,6,4],"texture":"#Rattata1"},"south":{"uv":[0,0,6,4],"texture":"#Rattata1"},"west":{"uv":[1,0,7,4],"texture":"#Rattata1"},"east":{"uv":[0,0,6,4],"texture":"#Rattata1"}}},{"from":[8.7,7.375,14.5],"to":[13.7,8.5,14.5625],"rotation":{"origin":[8.7,7.375,14.5],"axis":"y","angle":22.5},"faces":{"north":{"uv":[3,0,0.5,10.5],"rotation":270,"texture":"#Rattata2"},"south":{"uv":[3,10.5,0.5,0],"rotation":270,"texture":"#Rattata2"}}},{"from":[1.95,7.3125,12.4375],"to":[6.95,8.5,12.5],"rotation":{"origin":[1.95,7.3125,12.4375],"axis":"y","angle":-22.5},"faces":{"north":{"uv":[0.5,0,3,10.5],"rotation":90,"texture":"#Rattata2"},"south":{"uv":[0.5,10.5,3,0],"rotation":90,"texture":"#Rattata2"}}},{"from":[6,6,4],"to":[9.5,8.5,4.5],"faces":{"down":{"uv":[0,0,4,4],"texture":"#Rattata1"},"up":{"uv":[0,0,4,4],"texture":"#Rattata1"},"north":{"uv":[0,0,1.5,4],"texture":"#Rattata1"},"south":{"uv":[0,0,1.5,4],"texture":"#Rattata1"},"west":{"uv":[0,0,1.5,4],"texture":"#Rattata1"},"east":{"uv":[0,0,1.5,4],"texture":"#Rattata1"}}},{"__comment":"claws","from":[5,2.6,11.8125],"to":[5.3125,3.0375,12.6875],"rotation":{"origin":[5,2.6,11.8125],"axis":"y","angle":-22.5},"faces":{"down":{"uv":[3,5.5,4.1875,7.5],"texture":"#Rattata1"},"up":{"uv":[3,5.5,4.1875,7.5],"texture":"#Rattata1"},"north":{"uv":[3,6,4.1875,6.625],"texture":"#Rattata1"},"south":{"uv":[2.5,5.5,3.6875,6.125],"texture":"#Rattata1"},"west":{"uv":[2,6.5,4,7.125],"texture":"#Rattata1"},"east":{"uv":[3,6.5,5,7.125],"texture":"#Rattata1"}}},{"__comment":"claws","from":[5.375,2.6,12],"to":[5.6875,3.0375,12.875],"faces":{"down":{"uv":[3,5.5,4.1875,7.5],"texture":"#Rattata1"},"up":{"uv":[3,5.5,4.1875,7.5],"texture":"#Rattata1"},"north":{"uv":[3,6,4.1875,6.625],"texture":"#Rattata1"},"south":{"uv":[2.5,5.5,3.6875,6.125],"texture":"#Rattata1"},"west":{"uv":[2,6.5,4,7.125],"texture":"#Rattata1"},"east":{"uv":[3,6.5,5,7.125],"texture":"#Rattata1"}}},{"__comment":"claws","from":[5.75,2.6,11.9375],"to":[6.0625,3.0375,12.8125],"rotation":{"origin":[5.75,2.6,11.9375],"axis":"y","angle":22.5},"faces":{"down":{"uv":[3,5.5,4.1875,7.5],"texture":"#Rattata1"},"up":{"uv":[3,5.5,4.1875,7.5],"texture":"#Rattata1"},"north":{"uv":[3,6,4.1875,6.625],"texture":"#Rattata1"},"south":{"uv":[2.5,5.5,3.6875,6.125],"texture":"#Rattata1"},"west":{"uv":[2,6.5,4,7.125],"texture":"#Rattata1"},"east":{"uv":[3,6.5,5,7.125],"texture":"#Rattata1"}}},{"__comment":"claws*","from":[9.5,2.6,11.8125],"to":[9.8125,3.0375,12.6875],"rotation":{"origin":[9.5,2.6,11.8125],"axis":"y","angle":-22.5},"faces":{"down":{"uv":[3,5.5,4.1875,7.5],"texture":"#Rattata1"},"up":{"uv":[3,5.5,4.1875,7.5],"texture":"#Rattata1"},"north":{"uv":[3,6,4.1875,6.625],"texture":"#Rattata1"},"south":{"uv":[2.5,5.5,3.6875,6.125],"texture":"#Rattata1"},"west":{"uv":[2,6.5,4,7.125],"texture":"#Rattata1"},"east":{"uv":[3,6.5,5,7.125],"texture":"#Rattata1"}}},{"__comment":"claws*","from":[9.875,2.6,12],"to":[10.1875,3.0375,12.875],"faces":{"down":{"uv":[3,5.5,4.1875,7.5],"texture":"#Rattata1"},"up":{"uv":[3,5.5,4.1875,7.5],"texture":"#Rattata1"},"north":{"uv":[3,6,4.1875,6.625],"texture":"#Rattata1"},"south":{"uv":[2.5,5.5,3.6875,6.125],"texture":"#Rattata1"},"west":{"uv":[2,6.5,4,7.125],"texture":"#Rattata1"},"east":{"uv":[3,6.5,5,7.125],"texture":"#Rattata1"}}},{"__comment":"claws*","from":[10.25,2.6,11.875],"to":[10.5625,3.0375,12.75],"rotation":{"origin":[10.25,2.6,11.875],"axis":"y","angle":22.5},"faces":{"down":{"uv":[3,5.5,4.1875,7.5],"texture":"#Rattata1"},"up":{"uv":[3,5.5,4.1875,7.5],"texture":"#Rattata1"},"north":{"uv":[3,6,4.1875,6.625],"texture":"#Rattata1"},"south":{"uv":[2.5,5.5,3.6875,6.125],"texture":"#Rattata1"},"west":{"uv":[2,6.5,4,7.125],"texture":"#Rattata1"},"east":{"uv":[3,6.5,5,7.125],"texture":"#Rattata1"}}},{"__comment":"claws*","from":[9.5625,2.6,5.6125],"to":[9.875,3.0375,6.4875],"rotation":{"origin":[9.5625,2.6,5.6125],"axis":"y","angle":-22.5},"faces":{"down":{"uv":[3,5.5,4.1875,7.5],"texture":"#Rattata1"},"up":{"uv":[3,5.5,4.1875,7.5],"texture":"#Rattata1"},"north":{"uv":[3,6,4.1875,6.625],"texture":"#Rattata1"},"south":{"uv":[2.5,5.5,3.6875,6.125],"texture":"#Rattata1"},"west":{"uv":[2,6.5,4,7.125],"texture":"#Rattata1"},"east":{"uv":[3,6.5,5,7.125],"texture":"#Rattata1"}}},{"__comment":"claws*","from":[9.9375,2.6,5.75],"to":[10.25,3.0375,6.625],"faces":{"down":{"uv":[3,5.5,4.1875,7.5],"texture":"#Rattata1"},"up":{"uv":[3,5.5,4.1875,7.5],"texture":"#Rattata1"},"north":{"uv":[3,6,4.1875,6.625],"texture":"#Rattata1"},"south":{"uv":[2.5,5.5,3.6875,6.125],"texture":"#Rattata1"},"west":{"uv":[2,6.5,4,7.125],"texture":"#Rattata1"},"east":{"uv":[3,6.5,5,7.125],"texture":"#Rattata1"}}},{"__comment":"claws*","from":[10.3125,2.6,5.7375],"to":[10.625,3.0375,6.6125],"rotation":{"origin":[10.3125,2.6,5.7375],"axis":"y","angle":22.5},"faces":{"down":{"uv":[3,5.5,4.1875,7.5],"texture":"#Rattata1"},"up":{"uv":[3,5.5,4.1875,7.5],"texture":"#Rattata1"},"north":{"uv":[3,6,4.1875,6.625],"texture":"#Rattata1"},"south":{"uv":[2.5,5.5,3.6875,6.125],"texture":"#Rattata1"},"west":{"uv":[2,6.5,4,7.125],"texture":"#Rattata1"},"east":{"uv":[3,6.5,5,7.125],"texture":"#Rattata1"}}},{"__comment":"claws*","from":[5.0625,2.6,5.6125],"to":[5.375,3.0375,6.4875],"rotation":{"origin":[5.0625,2.6,5.6125],"axis":"y","angle":-22.5},"faces":{"down":{"uv":[3,5.5,4.1875,7.5],"texture":"#Rattata1"},"up":{"uv":[3,5.5,4.1875,7.5],"texture":"#Rattata1"},"north":{"uv":[3,6,4.1875,6.625],"texture":"#Rattata1"},"south":{"uv":[2.5,5.5,3.6875,6.125],"texture":"#Rattata1"},"west":{"uv":[2,6.5,4,7.125],"texture":"#Rattata1"},"east":{"uv":[3,6.5,5,7.125],"texture":"#Rattata1"}}},{"__comment":"claws*","from":[5.4375,2.6,5.75],"to":[5.75,3.0375,6.625],"faces":{"down":{"uv":[3,5.5,4.1875,7.5],"texture":"#Rattata1"},"up":{"uv":[3,5.5,4.1875,7.5],"texture":"#Rattata1"},"north":{"uv":[3,6,4.1875,6.625],"texture":"#Rattata1"},"south":{"uv":[2.5,5.5,3.6875,6.125],"texture":"#Rattata1"},"west":{"uv":[2,6.5,4,7.125],"texture":"#Rattata1"},"east":{"uv":[3,6.5,5,7.125],"texture":"#Rattata1"}}},{"__comment":"claws*","from":[5.8125,2.6,5.7375],"to":[6.125,3.0375,6.6125],"rotation":{"origin":[5.8125,2.6,5.7375],"axis":"y","angle":22.5},"faces":{"down":{"uv":[3,5.5,4.1875,7.5],"texture":"#Rattata1"},"up":{"uv":[3,5.5,4.1875,7.5],"texture":"#Rattata1"},"north":{"uv":[3,6,4.1875,6.625],"texture":"#Rattata1"},"south":{"uv":[2.5,5.5,3.6875,6.125],"texture":"#Rattata1"},"west":{"uv":[2,6.5,4,7.125],"texture":"#Rattata1"},"east":{"uv":[3,6.5,5,7.125],"texture":"#Rattata1"}}}],"display":{"head":{"rotation":[0,180,0],"translation":[0,-34,0],"scale":[1.7,1.7,1.7]},"gui":{"rotation":[30,-50,0],"translation":[1.5,0.5,0],"scale":[1.1,1.1,1.1]},"thirdperson_righthand":{"scale":[0,0,0]},"thirdperson_lefthand":{"scale":[0,0,0]},"firstperson_righthand":{"scale":[0,0,0]},"firstperson_lefthand":{"scale":[0,0,0]}}}