{"__comment":"Designed by Samasaurus6 with BDcraft Cubik PRO 0.96 Beta - http://bdcraft.net","textures":{"midreavus1":"pokemon_skins/regular/misdreavus/misdreavus1","misdreavus2":"pokemon_skins/regular/misdreavus/misdreavus2","misdreavus3":"pokemon_skins/regular/misdreavus/misdreavus3"},"elements":[{"from":[4,11.125,4.5],"to":[9.4375,15.5,10],"faces":{"down":{"uv":[5.5,4.5,0,0],"texture":"#midreavus1"},"up":{"uv":[0,0,5.5,4.5],"texture":"#midreavus1"},"north":{"uv":[0,0,5.5,5],"texture":"#midreavus1"},"south":{"uv":[0,0,5.5,5],"texture":"#midreavus1"},"west":{"uv":[0,0,4.5,5],"texture":"#midreavus1"},"east":{"uv":[0,0,4.5,5],"texture":"#midreavus1"}}},{"from":[4.0625,11.125,4.5],"to":[5.0625,14.625,7.5],"rotation":{"origin":[4.0625,11.125,4.5],"axis":"y","angle":-22.5},"faces":{"down":{"uv":[0,4.5,0.5,4],"texture":"#midreavus1"},"up":{"uv":[0,4,0.5,4.5],"texture":"#midreavus1"},"north":{"uv":[0,4,0.5,4.5],"texture":"#midreavus1"},"south":{"uv":[0.5,4,0,4.5],"texture":"#midreavus1"},"west":{"uv":[0,4,4,7.5],"texture":"#midreavus1"},"east":{"uv":[0.5,4,4.5,7.5],"texture":"#midreavus1"}}},{"from":[2.9375,11.125,7.19518],"to":[3.9375,14.625,10.1952],"rotation":{"origin":[2.9375,11.125,7.19518],"axis":"y","angle":22.5},"faces":{"down":{"uv":[0,4.5,0.5,4],"texture":"#midreavus1"},"up":{"uv":[0,4,0.5,4.5],"texture":"#midreavus1"},"north":{"uv":[0,4,0.5,4.5],"texture":"#midreavus1"},"south":{"uv":[0.5,4,0,4.5],"texture":"#midreavus1"},"west":{"uv":[0,2,3,7.5],"texture":"#midreavus1"},"east":{"uv":[0,1.5,3.5,7.5],"texture":"#midreavus1"}}},{"from":[4,14,5.625],"to":[7.5,15.5,8.8125],"rotation":{"origin":[4,15.5,5.625],"axis":"z","angle":22.5},"faces":{"down":{"uv":[4,5,1.5,2],"texture":"#midreavus1"},"up":{"uv":[3,3,5.5,6],"texture":"#midreavus1"},"north":{"uv":[3.5,1,6,1.5],"texture":"#midreavus1"},"south":{"uv":[3.5,0,6,0.5],"texture":"#midreavus1"},"west":{"uv":[3.5,1,6.5,1.5],"texture":"#midreavus1"},"east":{"uv":[2,1,5,1.5],"texture":"#midreavus1"}}},{"from":[4,12.9375,8.5],"to":[6.8125,15.4375,10.5],"rotation":{"origin":[4,15.4375,8.5],"axis":"z","angle":45},"faces":{"down":{"uv":[3.5,4,2.5,2],"texture":"#midreavus1"},"up":{"uv":[0,4,1,6],"texture":"#midreavus1"},"north":{"uv":[7,0,8,2.5],"texture":"#midreavus1"},"south":{"uv":[0,0,1,2.5],"texture":"#midreavus1"},"west":{"uv":[4,0,6,2.5],"texture":"#midreavus1"},"east":{"uv":[3,0,5,2.5],"texture":"#midreavus1"}}},{"from":[6.0625,15.5625,4.1875],"to":[8.6875,17.375,5.875],"faces":{"down":{"uv":[4,2,3,0],"texture":"#midreavus1"},"up":{"uv":[0,4,1,6],"texture":"#midreavus1"},"north":{"uv":[5.5,2,6.5,4.5],"texture":"#midreavus1"},"south":{"uv":[0,0,1,2.5],"texture":"#midreavus1"},"west":{"uv":[4,0,6,2.5],"texture":"#midreavus1"},"east":{"uv":[1.5,0.5,3.5,3],"texture":"#midreavus1"}}},{"from":[8.21369,15.875,4.375],"to":[10.3387,17.25,5.75],"rotation":{"origin":[8.21369,17.25,4.375],"axis":"z","angle":-22.5},"faces":{"down":{"uv":[10,0,16,7.5],"rotation":90,"texture":"#misdreavus3"},"up":{"uv":[3.5,0,11.5,7.5],"rotation":90,"texture":"#misdreavus3"},"north":{"uv":[0,7.5,8.5,0],"rotation":90,"texture":"#misdreavus3"},"south":{"uv":[4,0,10,7.5],"rotation":90,"texture":"#misdreavus3"},"west":{"uv":[3.5,4.5,5.5,5.5],"texture":"#midreavus1"},"east":{"uv":[11,10.5,13,11.5],"texture":"#misdreavus3"}}},{"from":[6.0625,15.5625,8.6875],"to":[8.6875,17.375,10.375],"faces":{"down":{"uv":[5.5,4.5,4.5,2.5],"texture":"#midreavus1"},"up":{"uv":[0,4,1,6],"texture":"#midreavus1"},"north":{"uv":[4,0,5,2.5],"texture":"#midreavus1"},"south":{"uv":[0,0,1,2.5],"texture":"#midreavus1"},"west":{"uv":[4,0,6,2.5],"texture":"#midreavus1"},"east":{"uv":[0.5,2,2.5,4.5],"texture":"#midreavus1"}}},{"from":[7.71369,15.875,8.875],"to":[9.83869,17.25,10.25],"rotation":{"origin":[7.71369,17.25,8.875],"axis":"z","angle":-22.5},"faces":{"down":{"uv":[10,0,16,7.5],"rotation":90,"texture":"#misdreavus3"},"up":{"uv":[3.5,0,11.5,7.5],"rotation":90,"texture":"#misdreavus3"},"north":{"uv":[0,7.5,8.5,0],"rotation":90,"texture":"#misdreavus3"},"south":{"uv":[4,0,10,7.5],"rotation":90,"texture":"#misdreavus3"},"west":{"uv":[3.5,4.5,5.5,5.5],"texture":"#midreavus1"},"east":{"uv":[11,10.5,13,11.5],"texture":"#misdreavus3"}}},{"from":[5.75,12.0625,7.75],"to":[9.4375,14.5625,10.125],"rotation":{"origin":[5.75,12.0625,7.75],"axis":"y","angle":-45},"faces":{"down":{"uv":[0,4.5,0.5,4],"texture":"#midreavus1"},"up":{"uv":[0,4,0.5,4.5],"texture":"#midreavus1"},"north":{"uv":[0,4,0.5,4.5],"texture":"#midreavus1"},"south":{"uv":[0.5,4,0,4.5],"texture":"#midreavus1"},"west":{"uv":[0,4,2,5.5],"texture":"#midreavus1"},"east":{"uv":[0.5,4,2.5,5.5],"texture":"#midreavus1"}}},{"from":[6.6875,12.3125,10.0625],"to":[8.625,14.375,12.0625],"faces":{"down":{"uv":[0,4.5,0.5,4],"texture":"#midreavus1"},"up":{"uv":[0,4,0.5,4.5],"texture":"#midreavus1"},"north":{"uv":[0,4,0.5,4.5],"texture":"#midreavus1"},"south":{"uv":[0.5,4,0,4.5],"texture":"#midreavus1"},"west":{"uv":[0,4,2,5],"texture":"#midreavus1"},"east":{"uv":[0.5,4,2.5,5],"texture":"#midreavus1"}}},{"from":[8.625,12.5,10.1875],"to":[10.625,14.1875,12],"rotation":{"origin":[8.625,12.5,10.1875],"axis":"y","angle":-22.5},"faces":{"down":{"uv":[10,0,16,7.5],"rotation":90,"texture":"#misdreavus3"},"up":{"uv":[3.5,0,11.5,7.5],"rotation":90,"texture":"#misdreavus3"},"north":{"uv":[0,7.5,8.5,0],"rotation":90,"texture":"#misdreavus3"},"south":{"uv":[4,0,10,7.5],"rotation":90,"texture":"#misdreavus3"},"west":{"uv":[3.5,4.5,5.5,5.5],"texture":"#midreavus1"},"east":{"uv":[11,10.5,13,11.5],"texture":"#misdreavus3"}}},{"from":[10.3125,12.625,11.0625],"to":[12.0625,14,12.375],"rotation":{"origin":[10.3125,12.625,11.0625],"axis":"y","angle":-45},"faces":{"down":{"uv":[10.5,8,11,7.5],"texture":"#misdreavus3"},"up":{"uv":[10.5,10,11,10.5],"texture":"#misdreavus3"},"north":{"uv":[12,9.5,12.5,10],"texture":"#misdreavus3"},"south":{"uv":[12,9.5,11.5,10],"texture":"#misdreavus3"},"west":{"uv":[10.5,9,12.5,10],"texture":"#misdreavus3"},"east":{"uv":[11,8,13,9],"texture":"#misdreavus3"}}},{"from":[7.25,13.75,5.75],"to":[10.5625,16.8125,8.6875],"rotation":{"origin":[7.25,16.8125,5.75],"axis":"z","angle":-22.5},"faces":{"down":{"uv":[5.5,5.5,2.3125,2.9375],"texture":"#midreavus1"},"up":{"uv":[2,0.5,5.1875,3.0625],"texture":"#midreavus1"},"north":{"uv":[1.8125,0,5,2.25],"texture":"#midreavus1"},"south":{"uv":[3.5,0.5,6.6875,2.75],"texture":"#midreavus1"},"west":{"uv":[2,0.5,4.5625,2.75],"texture":"#midreavus1"},"east":{"uv":[3,1,5.5625,3.25],"texture":"#midreavus1"}}},{"from":[10,13.375,6],"to":[12.8125,15.6875,8.5625],"rotation":{"origin":[10,15.6875,6],"axis":"z","angle":-45},"faces":{"down":{"uv":[7,3,3.8125,0.4375],"texture":"#midreavus1"},"up":{"uv":[0,0.5,3.1875,3.0625],"texture":"#midreavus1"},"north":{"uv":[1.8125,0,5,2.25],"texture":"#midreavus1"},"south":{"uv":[2.5,0,5.6875,2.25],"texture":"#midreavus1"},"west":{"uv":[4,0.5,6.5625,2.75],"texture":"#midreavus1"},"east":{"uv":[1,1,3.5625,3.25],"texture":"#midreavus1"}}},{"from":[10.4375,12.1875,6.1875],"to":[12.75,14.375,8.375],"faces":{"down":{"uv":[5,5.5,1.8125,2.9375],"texture":"#midreavus1"},"up":{"uv":[2,2.5,5.1875,5.0625],"texture":"#midreavus1"},"north":{"uv":[1.8125,0,5,2.25],"texture":"#midreavus1"},"south":{"uv":[2.5,0,5.6875,2.25],"texture":"#midreavus1"},"west":{"uv":[4,0,6.5625,2.25],"texture":"#midreavus1"},"east":{"uv":[1,0,3.5625,2.25],"texture":"#midreavus1"}}},{"from":[11.75,12.125,6.125],"to":[13.875,14,8.4375],"rotation":{"origin":[11.75,14,6.125],"axis":"z","angle":22.5},"faces":{"down":{"uv":[16,0,9,7.5],"rotation":90,"texture":"#misdreavus3"},"up":{"uv":[0,0,8,7.5],"rotation":90,"texture":"#misdreavus3"},"north":{"uv":[3.5,7.5,11,0],"rotation":90,"texture":"#misdreavus3"},"south":{"uv":[0,0,8.5,7.5],"rotation":90,"texture":"#misdreavus3"},"west":{"uv":[1.5,0.5,4.0625,2.75],"texture":"#midreavus1"},"east":{"uv":[10,10.5,12.5625,12.75],"texture":"#misdreavus3"}}},{"from":[13.8125,13.625,6.1875],"to":[15.125,15.3125,8.375],"rotation":{"origin":[13.8125,15.3125,6.1875],"axis":"z","angle":-22.5},"faces":{"down":{"uv":[15,11,11.8125,8.4375],"texture":"#misdreavus3"},"up":{"uv":[10.5,10,13.6875,12.5625],"texture":"#misdreavus3"},"north":{"uv":[11,8,14.1875,10.25],"texture":"#misdreavus3"},"south":{"uv":[10.5,10.5,13.6875,12.75],"texture":"#misdreavus3"},"west":{"uv":[12,7.5,14.5625,9.75],"texture":"#misdreavus3"},"east":{"uv":[11,8.5,13.5625,10.75],"texture":"#misdreavus3"}}},{"from":[9,13.6875,7.9375],"to":[11.9375,15.6875,10.0625],"rotation":{"origin":[9,13.6875,7.9375],"axis":"y","angle":-22.5},"faces":{"down":{"uv":[6.5,3,4,1],"texture":"#midreavus1"},"up":{"uv":[3.5,2,6,4],"texture":"#midreavus1"},"north":{"uv":[3,0,5.5,2],"texture":"#midreavus1"},"south":{"uv":[5,0,7.5,2],"texture":"#midreavus1"},"west":{"uv":[3,0,5,2],"texture":"#midreavus1"},"east":{"uv":[4.5,0,6.5,2],"texture":"#midreavus1"}}},{"from":[10.875,13.875,9.0625],"to":[12.3125,15.5,11],"faces":{"down":{"uv":[0,0,8.5,7.5],"rotation":90,"texture":"#misdreavus3"},"up":{"uv":[8,0,15.5,7.5],"rotation":90,"texture":"#misdreavus3"},"north":{"uv":[3,7.5,11.5,0],"rotation":90,"texture":"#misdreavus3"},"south":{"uv":[0,0,8,7.5],"rotation":90,"texture":"#misdreavus3"},"west":{"uv":[2.5,0.5,4.5,2.5],"texture":"#misdreavus3"},"east":{"uv":[4.5,0,6.5,2],"texture":"#misdreavus3"}}},{"from":[11.5625,13.875,9.1875],"to":[13.1875,15.3125,10.875],"rotation":{"origin":[11.5625,15.3125,9.1875],"axis":"z","angle":22.5},"faces":{"down":{"uv":[12,11.5,9.5,9.5],"texture":"#misdreavus3"},"up":{"uv":[11.5,9,14,11],"texture":"#misdreavus3"},"north":{"uv":[11,10,13.5,12],"texture":"#misdreavus3"},"south":{"uv":[10.5,9,13,11],"texture":"#misdreavus3"},"west":{"uv":[11,9.5,13,11.5],"texture":"#misdreavus3"},"east":{"uv":[11,9.5,13,11.5],"texture":"#misdreavus3"}}},{"from":[4.5625,6.5,5.5],"to":[6.0625,11.5,9],"faces":{"down":{"uv":[5.5,4,4,0.5],"texture":"#midreavus1"},"up":{"uv":[3.5,0,5,3.5],"texture":"#midreavus1"},"north":{"uv":[3,0,4.5,5],"texture":"#midreavus1"},"south":{"uv":[2,0,3.5,5],"texture":"#midreavus1"},"west":{"uv":[1.5,0.5,5,5.5],"texture":"#midreavus1"},"east":{"uv":[0,0,3.5,5],"texture":"#midreavus1"}}},{"from":[6.625,6,5.5],"to":[9,11.125,9],"rotation":{"origin":[6.625,11.125,5.5],"axis":"z","angle":22.5},"faces":{"down":{"uv":[5.5,3.5,4,0],"texture":"#midreavus1"},"up":{"uv":[4.5,0.5,6,4],"texture":"#midreavus1"},"north":{"uv":[3,0,4.5,5],"texture":"#midreavus1"},"south":{"uv":[0.5,0,2,5],"texture":"#midreavus1"},"west":{"uv":[0,0,3.5,5],"texture":"#midreavus1"},"east":{"uv":[0,0,3.5,5],"texture":"#midreavus1"}}},{"from":[5,6.125,5.5625],"to":[8.5,11.125,8.9375],"rotation":{"origin":[5,11.125,5.5625],"axis":"z","angle":22.5},"faces":{"down":{"uv":[5.5,7,2,3.5],"texture":"#midreavus1"},"up":{"uv":[1,1.5,4.5,5],"texture":"#midreavus1"},"north":{"uv":[2,1.5,5.5,6.5],"texture":"#midreavus1"},"south":{"uv":[2,0,5.5,5],"texture":"#midreavus1"},"west":{"uv":[12,5.5,16,14],"texture":"#midreavus1"},"east":{"uv":[0,0,3.5,5],"texture":"#midreavus1"}}},{"from":[5.4375,6.04712,6.8125],"to":[8.9375,11.5471,8.8125],"rotation":{"origin":[5.4375,11.5471,6.8125],"axis":"x","angle":-22.5},"faces":{"down":{"uv":[6.5,3.5,3,2],"texture":"#midreavus1"},"up":{"uv":[2.5,3.5,6,5],"texture":"#midreavus1"},"north":{"uv":[1,0.5,4.5,6],"texture":"#midreavus1"},"south":{"uv":[1,0,4.5,5.5],"texture":"#midreavus1"},"west":{"uv":[1.5,0,3,5.5],"texture":"#midreavus1"},"east":{"uv":[2,0,3.5,5.5],"texture":"#midreavus1"}}},{"from":[5.4375,6.75,5.875],"to":[8.9375,12.25,7.875],"rotation":{"origin":[5.4375,12.25,5.875],"axis":"x","angle":22.5},"faces":{"down":{"uv":[5.5,2.5,2,1],"texture":"#midreavus1"},"up":{"uv":[2,2,5.5,3.5],"texture":"#midreavus1"},"north":{"uv":[2.5,0,6,5.5],"texture":"#midreavus1"},"south":{"uv":[1,0,4.5,5.5],"texture":"#midreavus1"},"west":{"uv":[2.5,0,4,5.5],"texture":"#midreavus1"},"east":{"uv":[4,0,5.5,5.5],"texture":"#midreavus1"}}},{"from":[3.5625,9.0625,6.5],"to":[5.0625,10.5625,8],"faces":{"down":{"uv":[8,0,13.5,5.5],"texture":"#midreavus1"},"up":{"uv":[8,0,13.5,5.5],"texture":"#midreavus1"},"north":{"uv":[8,0,13.5,5.5],"texture":"#midreavus1"},"south":{"uv":[8,0,13.5,5.5],"texture":"#midreavus1"},"west":{"uv":[8,0,13.5,5.5],"texture":"#midreavus1"},"east":{"uv":[8,0,13.5,5.5],"texture":"#midreavus1"}}},{"from":[4.0625,9.5625,8.125],"to":[5.1875,10.625,9.125],"faces":{"down":{"uv":[8,0,13.5,5.5],"texture":"#midreavus1"},"up":{"uv":[8,0,13.5,5.5],"texture":"#midreavus1"},"north":{"uv":[8,0,13.5,5.5],"texture":"#midreavus1"},"south":{"uv":[8,0,13.5,5.5],"texture":"#midreavus1"},"west":{"uv":[8,0,13.5,5.5],"texture":"#midreavus1"},"east":{"uv":[8,0,13.5,5.5],"texture":"#midreavus1"}}},{"from":[4.875,9.875,8.875],"to":[5.625,10.6875,9.6875],"faces":{"down":{"uv":[8,0,13.5,5.5],"texture":"#midreavus1"},"up":{"uv":[8,0,13.5,5.5],"texture":"#midreavus1"},"north":{"uv":[8,0,13.5,5.5],"texture":"#midreavus1"},"south":{"uv":[8,0,13.5,5.5],"texture":"#midreavus1"},"west":{"uv":[8,0,13.5,5.5],"texture":"#midreavus1"},"east":{"uv":[8,0,13.5,5.5],"texture":"#midreavus1"}}},{"from":[5.75,10.3125,9],"to":[6.375,10.9375,9.625],"faces":{"down":{"uv":[8,0,13.5,5.5],"texture":"#midreavus1"},"up":{"uv":[8,0,13.5,5.5],"texture":"#midreavus1"},"north":{"uv":[8,0,13.5,5.5],"texture":"#midreavus1"},"south":{"uv":[8,0,13.5,5.5],"texture":"#midreavus1"},"west":{"uv":[8,0,13.5,5.5],"texture":"#midreavus1"},"east":{"uv":[8,0,13.5,5.5],"texture":"#midreavus1"}}},{"from":[4.0625,12.0625,5],"to":[7.75,14.5625,7.375],"rotation":{"origin":[4.0625,12.0625,5],"axis":"y","angle":45},"faces":{"down":{"uv":[0,4.5,0.5,4],"texture":"#midreavus1"},"up":{"uv":[0,4,0.5,4.5],"texture":"#midreavus1"},"north":{"uv":[0,4,0.5,4.5],"texture":"#midreavus1"},"south":{"uv":[0.5,4,0,4.5],"texture":"#midreavus1"},"west":{"uv":[0,4,2,5.5],"texture":"#midreavus1"},"east":{"uv":[0.5,4,3,5.5],"texture":"#midreavus1"}}},{"from":[7.875,12.5,2.5],"to":[9.875,14.1875,4.3125],"rotation":{"origin":[7.875,12.5,2.5],"axis":"y","angle":22.5},"faces":{"down":{"uv":[10,0,16,7.5],"rotation":90,"texture":"#misdreavus3"},"up":{"uv":[3.5,0,11.5,7.5],"rotation":90,"texture":"#misdreavus3"},"north":{"uv":[0,7.5,8.5,0],"rotation":90,"texture":"#misdreavus3"},"south":{"uv":[4,0,10,7.5],"rotation":90,"texture":"#misdreavus3"},"west":{"uv":[3.5,4.5,5.5,5.5],"texture":"#misdreavus3"},"east":{"uv":[11,10.5,13,11.5],"texture":"#misdreavus3"}}},{"from":[6.6875,12.3125,2.375],"to":[8.625,14.375,4.375],"faces":{"down":{"uv":[0,5,0.5,4.5],"texture":"#midreavus1"},"up":{"uv":[0,4,0.5,4.5],"texture":"#midreavus1"},"north":{"uv":[0,4,0.5,5],"texture":"#midreavus1"},"south":{"uv":[2,4,1.5,5],"texture":"#midreavus1"},"west":{"uv":[0,4,2,5],"texture":"#midreavus1"},"east":{"uv":[2,4,0,5],"texture":"#midreavus1"}}},{"from":[9.375,12.625,2.3125],"to":[11.125,14,3.625],"rotation":{"origin":[9.375,12.625,2.3125],"axis":"y","angle":45},"faces":{"down":{"uv":[11.5,10,12,9.5],"texture":"#misdreavus3"},"up":{"uv":[11,9.5,11.5,10],"texture":"#misdreavus3"},"north":{"uv":[11.5,11,12,12],"texture":"#misdreavus3"},"south":{"uv":[12,10.5,11.5,11.5],"texture":"#misdreavus3"},"west":{"uv":[9.5,9.5,11.5,10.5],"texture":"#misdreavus3"},"east":{"uv":[11.5,10,9.5,11],"texture":"#misdreavus3"}}},{"from":[8.1875,13.6875,4.6875],"to":[11.125,15.6875,6.8125],"rotation":{"origin":[8.1875,13.6875,4.6875],"axis":"y","angle":22.5},"faces":{"down":{"uv":[5,2.5,2.5,0.5],"texture":"#midreavus1"},"up":{"uv":[1,0,3.5,2],"texture":"#midreavus1"},"north":{"uv":[3,0,5.5,2],"texture":"#midreavus1"},"south":{"uv":[4.5,0,7,2],"texture":"#midreavus1"},"west":{"uv":[2,0,4,2],"texture":"#midreavus1"},"east":{"uv":[4.5,0,6.5,2],"texture":"#midreavus1"}}},{"from":[10.875,13.875,3.5625],"to":[12.3125,15.5,5.5],"faces":{"down":{"uv":[0,0,8.5,7.5],"rotation":90,"texture":"#misdreavus3"},"up":{"uv":[8,0,15.5,7.5],"rotation":90,"texture":"#misdreavus3"},"north":{"uv":[3,7.5,11.5,0],"rotation":90,"texture":"#misdreavus3"},"south":{"uv":[0,0,8,7.5],"rotation":90,"texture":"#misdreavus3"},"west":{"uv":[2.5,0.5,4.5,2.5],"texture":"#misdreavus3"},"east":{"uv":[4.5,0,6.5,2],"texture":"#misdreavus3"}}},{"from":[11.5625,13.875,3.6875],"to":[13.1875,15.3125,5.375],"rotation":{"origin":[11.5625,15.3125,3.6875],"axis":"z","angle":22.5},"faces":{"down":{"uv":[14,12,11.5,10],"texture":"#misdreavus3"},"up":{"uv":[10.5,9.5,13,11.5],"texture":"#misdreavus3"},"north":{"uv":[9.5,9,12,11],"texture":"#misdreavus3"},"south":{"uv":[12,9,14.5,11],"texture":"#misdreavus3"},"west":{"uv":[10,10,12,12],"texture":"#misdreavus3"},"east":{"uv":[9,8,11,10],"texture":"#misdreavus3"}}},{"from":[4.0625,9.5625,5.375],"to":[5.1875,10.625,6.375],"faces":{"down":{"uv":[8,0,13.5,5.5],"texture":"#midreavus1"},"up":{"uv":[8,0,13.5,5.5],"texture":"#midreavus1"},"north":{"uv":[8,0,13.5,5.5],"texture":"#midreavus1"},"south":{"uv":[8,0,13.5,5.5],"texture":"#midreavus1"},"west":{"uv":[8,0,13.5,5.5],"texture":"#midreavus1"},"east":{"uv":[8,0,13.5,5.5],"texture":"#midreavus1"}}},{"from":[4.875,9.875,4.875],"to":[5.625,10.6875,5.6875],"faces":{"down":{"uv":[8,0,13.5,5.5],"texture":"#midreavus1"},"up":{"uv":[8,0,13.5,5.5],"texture":"#midreavus1"},"north":{"uv":[8,0,13.5,5.5],"texture":"#midreavus1"},"south":{"uv":[8,0,13.5,5.5],"texture":"#midreavus1"},"west":{"uv":[8,0,13.5,5.5],"texture":"#midreavus1"},"east":{"uv":[8,0,13.5,5.5],"texture":"#midreavus1"}}},{"from":[5.75,10.3125,4.9375],"to":[6.375,10.9375,5.5625],"faces":{"down":{"uv":[8,0,13.5,5.5],"texture":"#midreavus1"},"up":{"uv":[8,0,13.5,5.5],"texture":"#midreavus1"},"north":{"uv":[8,0,13.5,5.5],"texture":"#midreavus1"},"south":{"uv":[8,0,13.5,5.5],"texture":"#midreavus1"},"west":{"uv":[8,0,13.5,5.5],"texture":"#midreavus1"},"east":{"uv":[8,0,13.5,5.5],"texture":"#midreavus1"}}},{"from":[3.0625,12.0625,7.6875],"to":[3.125,13.8125,10.1875],"rotation":{"origin":[3.0625,12.0625,7.6875],"axis":"y","angle":22.5},"faces":{"west":{"uv":[0.5,8,11,15.5],"texture":"#midreavus1"}}},{"from":[3.9375,12.0625,4.5625],"to":[4,13.8125,7.0625],"rotation":{"origin":[3.9375,12.0625,4.5625],"axis":"y","angle":-22.5},"faces":{"west":{"uv":[11,8,0.5,15.5],"texture":"#midreavus1"}}},{"from":[2.8125,11.5625,7.21142],"to":[2.875,12.0625,8.33642],"rotation":{"origin":[2.8125,11.5625,7.21142],"axis":"y","angle":22.5},"faces":{"west":{"uv":[7.5,2.5,1.5,7],"texture":"#misdreavus2"}}},{"from":[3.25,11.5625,6.25],"to":[3.3125,12.0625,7.375],"rotation":{"origin":[3.25,11.5625,6.25],"axis":"y","angle":-22.5},"faces":{"west":{"uv":[1.5,2.5,7.5,7],"texture":"#misdreavus2"}}},{"from":[4.8125,5.5,6],"to":[4.875,7,8.5625],"rotation":{"origin":[4.8125,7,6],"axis":"z","angle":-22.5},"faces":{"west":{"uv":[4,9,12,15],"texture":"#misdreavus2"},"east":{"uv":[4,9,12,15],"texture":"#misdreavus2"}}},{"from":[4.8125,5.625,8.625],"to":[4.875,7.125,10.625],"rotation":{"origin":[4.8125,5.625,8.625],"axis":"y","angle":45},"faces":{"west":{"uv":[4,9,12,15],"texture":"#misdreavus2"},"east":{"uv":[4,9,12,15],"texture":"#misdreavus2"}}},{"from":[6.22671,5.625,4.5625],"to":[6.28921,7.125,6.5625],"rotation":{"origin":[6.22671,5.625,4.5625],"axis":"y","angle":-45},"faces":{"west":{"uv":[4,9,12,15],"texture":"#misdreavus2"},"east":{"uv":[4,9,12,15],"texture":"#misdreavus2"}}},{"from":[10.625,5.9375,6.0625],"to":[10.6875,7.4375,8.4375],"rotation":{"origin":[10.625,7.4375,6.0625],"axis":"z","angle":45},"faces":{"west":{"uv":[4,9,12,15],"texture":"#misdreavus2"},"east":{"uv":[4,9,12,15],"texture":"#misdreavus2"}}},{"from":[9.25,5.8125,8.4375],"to":[9.3125,7.3125,10.4375],"rotation":{"origin":[9.25,5.8125,8.4375],"axis":"y","angle":-22.5},"faces":{"west":{"uv":[4,9,12,15],"texture":"#misdreavus2"},"east":{"uv":[4,9,12,15],"texture":"#misdreavus2"}}},{"from":[6.25,6,10.625],"to":[8.25,7.3125,10.6875],"rotation":{"origin":[6.25,7.3125,10.625],"axis":"x","angle":-45},"faces":{"north":{"uv":[4,9,12,15],"texture":"#misdreavus2"},"south":{"uv":[4,9,12,15],"texture":"#misdreavus2"}}},{"from":[6.25,6.0625,4],"to":[8.25,7.375,4.0625],"rotation":{"origin":[6.25,7.375,4],"axis":"x","angle":45},"faces":{"north":{"uv":[4,9,12,15],"texture":"#misdreavus2"},"south":{"uv":[4,9,12,15],"texture":"#misdreavus2"}}},{"from":[8.4375,5.8125,4.3125],"to":[8.5,7.3125,6.3125],"rotation":{"origin":[8.4375,5.8125,4.3125],"axis":"y","angle":22.5},"faces":{"west":{"uv":[4,9,12,15],"texture":"#misdreavus2"},"east":{"uv":[4,9,12,15],"texture":"#misdreavus2"}}},{"from":[5.9375,6.4375,5.625],"to":[8.5625,8.9375,8.9375],"faces":{"down":{"uv":[5.5,4.5,0,0],"texture":"#midreavus1"},"up":{"uv":[0,0,5.5,4.5],"texture":"#midreavus1"},"north":{"uv":[0,0,5.5,5],"texture":"#midreavus1"},"south":{"uv":[0,0,5.5,5],"texture":"#midreavus1"},"west":{"uv":[0,0,4.5,5],"texture":"#midreavus1"},"east":{"uv":[0,0,4.5,5],"texture":"#midreavus1"}}},{"from":[3.9375,13.8125,8.4375],"to":[6.5,15.5,10.3125],"faces":{"down":{"uv":[3.5,4,2.5,2],"texture":"#midreavus1"},"up":{"uv":[0,4,1,6],"texture":"#midreavus1"},"north":{"uv":[7,0,8,2.5],"texture":"#midreavus1"},"south":{"uv":[0,0,1,2.5],"texture":"#midreavus1"},"west":{"uv":[4,0,6,2.5],"texture":"#midreavus1"},"east":{"uv":[3,0,5,2.5],"texture":"#midreavus1"}}},{"from":[4,12.9375,4],"to":[6.8125,15.4375,6],"rotation":{"origin":[4,15.4375,4],"axis":"z","angle":45},"faces":{"down":{"uv":[3.5,4,2.5,2],"texture":"#midreavus1"},"up":{"uv":[0,4,1,6],"texture":"#midreavus1"},"north":{"uv":[7,0,8,2.5],"texture":"#midreavus1"},"south":{"uv":[0,0,1,2.5],"texture":"#midreavus1"},"west":{"uv":[4,0,6,2.5],"texture":"#midreavus1"},"east":{"uv":[3,0,5,2.5],"texture":"#midreavus1"}}},{"from":[3.875,13.8125,4.1875],"to":[6.4375,15.5,6.0625],"faces":{"down":{"uv":[3.5,4,2.5,2],"texture":"#midreavus1"},"up":{"uv":[0,4,1,6],"texture":"#midreavus1"},"north":{"uv":[7,0,8,2.5],"texture":"#midreavus1"},"south":{"uv":[0,0,1,2.5],"texture":"#midreavus1"},"west":{"uv":[4,0,6,2.5],"texture":"#midreavus1"},"east":{"uv":[3,0,5,2.5],"texture":"#midreavus1"}}},{"from":[4,14.1875,5.6875],"to":[5.9375,15.5,8.75],"rotation":{"origin":[4,15.5,5.6875],"axis":"z","angle":-22.5},"faces":{"down":{"uv":[4,5,1.5,2],"texture":"#midreavus1"},"up":{"uv":[3,3,5.5,6],"texture":"#midreavus1"},"north":{"uv":[3.5,1,6,1.5],"texture":"#midreavus1"},"south":{"uv":[3.5,0,6,0.5],"texture":"#midreavus1"},"west":{"uv":[3.5,1,6.5,1.5],"texture":"#midreavus1"},"east":{"uv":[2,1,5,1.5],"texture":"#midreavus1"}}}],"display":{"head":{"rotation":[0,-90,0],"translation":[-1.7,-20,1.7],"scale":[2,2,2]},"gui":{"rotation":[30,50,0],"translation":[0,-3.5,0],"scale":[1.1,1.1,1.1]},"thirdperson_righthand":{"scale":[0,0,0]},"thirdperson_lefthand":{"scale":[0,0,0]},"firstperson_righthand":{"scale":[0,0,0]},"firstperson_lefthand":{"scale":[0,0,0]}}}