{"__comment":"Designed by Ramonaskye with BDcraft Cubik PRO 0.96 Beta - http://bdcraft.net","textures":{"texture":"pokemon_skins/regular/girafarig/girafarig_yellow","ponyata_detailings":"pokemon_skins/regular/girafarig/girafarig_details","girafaring_brown":"pokemon_skins/regular/girafarig/girafaring_brown"},"elements":[{"from":[5.75,-1,10],"to":[6.75,0,11.25],"faces":{"down":{"uv":[4.25,4.75,5.25,5.5],"texture":"#ponyata_detailings"},"up":{"uv":[4.25,4.75,5.25,5.5],"texture":"#ponyata_detailings"},"north":{"uv":[4.5,4.25,5.25,5.25],"texture":"#ponyata_detailings"},"south":{"uv":[4.5,4.25,5.25,5.25],"texture":"#ponyata_detailings"},"west":{"uv":[4.75,4,5.25,5.25],"texture":"#ponyata_detailings"},"east":{"uv":[4.75,4,5.25,5.25],"texture":"#ponyata_detailings"}}},{"from":[9,-1,10],"to":[10,0,11.25],"faces":{"down":{"uv":[4.25,4.75,5.25,5.5],"texture":"#ponyata_detailings"},"up":{"uv":[4.25,4.75,5.25,5.5],"texture":"#ponyata_detailings"},"north":{"uv":[4.5,4.25,5.25,5.25],"texture":"#ponyata_detailings"},"south":{"uv":[4.5,4.25,5.25,5.25],"texture":"#ponyata_detailings"},"west":{"uv":[4.75,4,5.25,5.25],"texture":"#ponyata_detailings"},"east":{"uv":[4.75,4,5.25,5.25],"texture":"#ponyata_detailings"}}},{"from":[5.5,-1,3.5],"to":[6.5,0,4.75],"faces":{"down":{"uv":[4.25,4.75,5.25,5.5],"texture":"#ponyata_detailings"},"up":{"uv":[4.25,4.75,5.25,5.5],"texture":"#ponyata_detailings"},"north":{"uv":[4.5,4.25,5.25,5.25],"texture":"#ponyata_detailings"},"south":{"uv":[4.5,4.25,5.25,5.25],"texture":"#ponyata_detailings"},"west":{"uv":[4.75,4,5.25,5.25],"texture":"#ponyata_detailings"},"east":{"uv":[4.75,4,5.25,5.25],"texture":"#ponyata_detailings"}}},{"from":[5.75,0,10],"to":[6.75,3.75,11],"faces":{"down":{"uv":[10.25,11,9.25,10],"texture":"#texture"},"up":{"uv":[5.75,10,6.75,11],"texture":"#texture"},"north":{"uv":[9.25,12.25,10.25,16],"texture":"#texture"},"south":{"uv":[5.75,12.25,6.75,16],"texture":"#texture"},"west":{"uv":[10,12.25,11,16],"texture":"#texture"},"east":{"uv":[5,12.25,6,16],"texture":"#texture"}}},{"from":[5.75,3.25,9.75],"to":[7.25,6.5,11.5],"faces":{"down":{"uv":[10.25,11.5,8.75,9.75],"texture":"#texture"},"up":{"uv":[5.75,9.75,7.25,11.5],"texture":"#texture"},"north":{"uv":[8.75,9.5,10.25,12.75],"texture":"#texture"},"south":{"uv":[5.75,9.5,7.25,12.75],"texture":"#texture"},"west":{"uv":[9.75,9.5,11.5,12.75],"texture":"#texture"},"east":{"uv":[4.5,9.5,6.25,12.75],"texture":"#texture"}}},{"from":[6.125,4.125,8.75],"to":[9.625,8,11.75],"faces":{"down":{"uv":[9.875,11.75,6.375,8.75],"texture":"#texture"},"up":{"uv":[6.125,8.75,9.625,11.75],"texture":"#texture"},"north":{"uv":[6.375,8,9.875,11.875],"texture":"#texture"},"south":{"uv":[6.125,8,9.625,11.875],"texture":"#texture"},"west":{"uv":[8.75,8,11.75,11.875],"texture":"#texture"},"east":{"uv":[4.25,8,7.25,11.875],"texture":"#texture"}}},{"from":[8.5,3.25,9.75],"to":[10,6.5,11.5],"faces":{"down":{"uv":[7.5,11.5,6,9.75],"texture":"#texture"},"up":{"uv":[8.5,9.75,10,11.5],"texture":"#texture"},"north":{"uv":[6,9.5,7.5,12.75],"texture":"#texture"},"south":{"uv":[8.5,9.5,10,12.75],"texture":"#texture"},"west":{"uv":[9.75,9.5,11.5,12.75],"texture":"#texture"},"east":{"uv":[4.5,9.5,6.25,12.75],"texture":"#texture"}}},{"from":[9,0,10],"to":[10,3.75,11],"faces":{"down":{"uv":[7,11,6,10],"texture":"#texture"},"up":{"uv":[9,10,10,11],"texture":"#texture"},"north":{"uv":[6,12.25,7,16],"texture":"#texture"},"south":{"uv":[9,12.25,10,16],"texture":"#texture"},"west":{"uv":[10,12.25,11,16],"texture":"#texture"},"east":{"uv":[5,12.25,6,16],"texture":"#texture"}}},{"from":[6.25,4,4.75],"to":[9.5,7.75,8.75],"faces":{"down":{"uv":[12.75,1.5,16,5.5],"texture":"#girafaring_brown"},"up":{"uv":[12.75,5.5,16,1.5],"texture":"#girafaring_brown"},"north":{"uv":[11.5,13.5,8.25,9.75],"rotation":90,"texture":"#girafaring_brown"},"south":{"uv":[8,1.75,4.5,0],"rotation":90,"texture":"#girafaring_brown"},"west":{"uv":[4.25,1.5,8.25,5.25],"rotation":90,"texture":"#girafaring_brown"},"east":{"uv":[4.25,5.25,8.25,1.5],"rotation":90,"texture":"#girafaring_brown"}}},{"from":[5.5,2.75,2.75],"to":[6.75,6,4.75],"rotation":{"origin":[5.5,6,2.75],"axis":"x","angle":-22.5},"faces":{"down":{"uv":[10.5,6,9.25,3.25],"texture":"#girafaring_brown"},"up":{"uv":[5.5,3.25,6.75,6],"texture":"#girafaring_brown"},"north":{"uv":[9.25,10,10.5,13.25],"texture":"#girafaring_brown"},"south":{"uv":[5.5,10,6.75,13.25],"texture":"#girafaring_brown"},"west":{"uv":[3.25,10,6,13.25],"texture":"#girafaring_brown"},"east":{"uv":[10,10,12.75,13.25],"texture":"#girafaring_brown"}}},{"from":[5.5,0,3.5],"to":[6.5,4,4.5],"faces":{"down":{"uv":[10.5,4.5,9.5,3.5],"texture":"#girafaring_brown"},"up":{"uv":[5.5,3.5,6.5,4.5],"texture":"#girafaring_brown"},"north":{"uv":[9.5,12,10.5,16],"texture":"#girafaring_brown"},"south":{"uv":[5.5,12,6.5,16],"texture":"#girafaring_brown"},"west":{"uv":[3.5,12,4.5,16],"texture":"#girafaring_brown"},"east":{"uv":[11.5,12,12.5,16],"texture":"#girafaring_brown"}}},{"from":[7,6.5,11.75],"to":[8.75,11.25,14],"rotation":{"origin":[7,11.25,11.75],"axis":"x","angle":22.5},"faces":{"down":{"uv":[9,12.75,7.25,10.5],"texture":"#texture"},"up":{"uv":[7,10.5,8.75,12.75],"texture":"#texture"},"north":{"uv":[7.25,5.25,9,10],"texture":"#texture"},"south":{"uv":[7,5.25,8.75,10],"texture":"#texture"},"west":{"uv":[10.5,5.25,12.75,10],"texture":"#texture"},"east":{"uv":[3.25,5.25,5.5,10],"texture":"#texture"}}},{"from":[6.5,10.25,14],"to":[9.25,12.75,15.5],"faces":{"down":{"uv":[1,5,2.75,6],"texture":"#ponyata_detailings"},"up":{"uv":[0.75,4,2.5,5],"texture":"#ponyata_detailings"},"north":{"uv":[0.5,4.75,2.5,6],"texture":"#ponyata_detailings"},"south":{"uv":[0.5,4.75,2.5,6],"texture":"#ponyata_detailings"},"west":{"uv":[0.75,4.75,2.25,6],"texture":"#ponyata_detailings"},"east":{"uv":[0.75,4.75,2.25,6],"texture":"#ponyata_detailings"}}},{"from":[9.25,-1,3.5],"to":[10.25,0,4.75],"faces":{"down":{"uv":[4.25,4.75,5.25,5.5],"texture":"#ponyata_detailings"},"up":{"uv":[4.25,4.75,5.25,5.5],"texture":"#ponyata_detailings"},"north":{"uv":[4.5,4.25,5.25,5.25],"texture":"#ponyata_detailings"},"south":{"uv":[4.5,4.25,5.25,5.25],"texture":"#ponyata_detailings"},"west":{"uv":[4.75,4,5.25,5.25],"texture":"#ponyata_detailings"},"east":{"uv":[4.75,4,5.25,5.25],"texture":"#ponyata_detailings"}}},{"from":[9.25,0,3.5],"to":[10.25,4,4.5],"faces":{"down":{"uv":[6.75,4.5,5.75,3.5],"texture":"#girafaring_brown"},"up":{"uv":[9.25,3.5,10.25,4.5],"texture":"#girafaring_brown"},"north":{"uv":[5.75,12,6.75,16],"texture":"#girafaring_brown"},"south":{"uv":[9.25,12,10.25,16],"texture":"#girafaring_brown"},"west":{"uv":[3.5,12,4.5,16],"texture":"#girafaring_brown"},"east":{"uv":[11.5,12,12.5,16],"texture":"#girafaring_brown"}}},{"from":[6.5,4.5,10.8438],"to":[9.25,7.5,12.8438],"rotation":{"origin":[6.5,7.5,10.8438],"axis":"x","angle":22.5},"faces":{"down":{"uv":[9.5,12.8438,6.75,10.8438],"texture":"#texture"},"up":{"uv":[6.5,10.8438,9.25,12.8438],"texture":"#texture"},"north":{"uv":[6.75,8.5,9.5,11.5],"texture":"#texture"},"south":{"uv":[6.5,8.5,9.25,11.5],"texture":"#texture"},"west":{"uv":[10.8438,8.5,12.8438,11.5],"texture":"#texture"},"east":{"uv":[3.15625,8.5,5.15625,11.5],"texture":"#texture"}}},{"from":[6.75,10.25,15.25],"to":[9,11.5,17],"faces":{"down":{"uv":[9.25,16,7,15.25],"texture":"#texture"},"up":{"uv":[6.75,15.25,9,16],"texture":"#texture"},"north":{"uv":[7,4.5,9.25,5.75],"texture":"#texture"},"south":{"uv":[6.75,4.5,9,5.75],"texture":"#texture"},"west":{"uv":[15.25,4.5,16,5.75],"texture":"#texture"},"east":{"uv":[0,4.5,0.75,5.75],"texture":"#texture"}}},{"from":[6.75,11.5,15],"to":[9,12.25,17],"rotation":{"origin":[6.75,12.25,15],"axis":"x","angle":22.5},"faces":{"down":{"uv":[9.25,16,7,15],"texture":"#texture"},"up":{"uv":[6.75,15,9,16],"texture":"#texture"},"north":{"uv":[7,3.75,9.25,4.5],"texture":"#texture"},"south":{"uv":[6.75,3.75,9,4.5],"texture":"#texture"},"west":{"uv":[15,3.75,16,4.5],"texture":"#texture"},"east":{"uv":[0,3.75,1,4.5],"texture":"#texture"}}},{"from":[6.25,4.125,3.5],"to":[9.5,7.625,4.75],"faces":{"down":{"uv":[9.75,4.75,6.5,3.5],"texture":"#girafaring_brown"},"up":{"uv":[6.25,3.5,9.5,4.75],"texture":"#girafaring_brown"},"north":{"uv":[6.5,8.375,9.75,11.875],"texture":"#girafaring_brown"},"south":{"uv":[6.25,8.375,9.5,11.875],"texture":"#girafaring_brown"},"west":{"uv":[3.5,8.375,4.75,11.875],"texture":"#girafaring_brown"},"east":{"uv":[11.25,8.375,12.5,11.875],"texture":"#girafaring_brown"}}},{"from":[6.5,10.25,12.75],"to":[9.25,12.75,14],"faces":{"down":{"uv":[1,5,2.75,6],"texture":"#ponyata_detailings"},"up":{"uv":[0.75,4,2.5,5],"texture":"#ponyata_detailings"},"north":{"uv":[0.5,4.75,2.25,6],"texture":"#ponyata_detailings"},"south":{"uv":[0.5,4.75,2.25,6],"texture":"#ponyata_detailings"},"west":{"uv":[0.75,4.75,2.25,6],"texture":"#ponyata_detailings"},"east":{"uv":[0.75,4.75,2,6],"texture":"#ponyata_detailings"}}},{"from":[6.5,10.25,12.5],"to":[9.25,12.5,12.75],"faces":{"down":{"uv":[9.5,12.75,6.75,12.5],"texture":"#texture"},"up":{"uv":[6.5,12.5,9.25,12.75],"texture":"#texture"},"north":{"uv":[6.75,3.5,9.5,5.75],"texture":"#texture"},"south":{"uv":[6.5,3.5,9.25,5.75],"texture":"#texture"},"west":{"uv":[12.5,3.5,12.75,5.75],"texture":"#texture"},"east":{"uv":[3.25,3.5,3.5,5.75],"texture":"#texture"}}},{"from":[5.125,11,12.1875],"to":[7.125,13,12.25],"rotation":{"origin":[5.125,11,12.1875],"axis":"y","angle":-45},"faces":{"north":{"uv":[16,0,11.75,3.5],"rotation":90,"texture":"#ponyata_detailings"},"south":{"uv":[7.75,0,12,3.5],"rotation":270,"texture":"#ponyata_detailings"}}},{"from":[6.4375,11.25,14],"to":[6.5,12.375,15.25],"faces":{"west":{"uv":[11.5,4,8.5,7],"texture":"#ponyata_detailings"}}},{"from":[9.25,11.25,14],"to":[9.3125,12.375,15.25],"faces":{"east":{"uv":[8.5,4,11.5,7],"texture":"#ponyata_detailings"}}},{"from":[8.25,10.625,17],"to":[8.75,11.125,17.0625],"faces":{"north":{"uv":[14.25,3.75,13.5,4.5],"texture":"#ponyata_detailings"},"south":{"uv":[13.5,3.75,14.25,4.5],"texture":"#ponyata_detailings"}}},{"from":[7,10.625,17],"to":[7.5,11.125,17.0625],"faces":{"north":{"uv":[13.5,3.75,14.25,4.5],"texture":"#ponyata_detailings"},"south":{"uv":[14.25,3.75,13.5,4.5],"texture":"#ponyata_detailings"}}},{"from":[9.125,10.75,13.4375],"to":[11.125,12.75,13.5],"rotation":{"origin":[9.125,10.75,13.4375],"axis":"y","angle":45},"faces":{"north":{"uv":[16,3.5,11.75,0],"rotation":90,"texture":"#ponyata_detailings"},"south":{"uv":[12,0,7.75,3.5],"rotation":90,"texture":"#ponyata_detailings"}}},{"from":[6.75,7.75,10.625],"to":[9,8.625,11.25],"rotation":{"origin":[6.75,8.625,10.625],"axis":"x","angle":45},"faces":{"down":{"uv":[9.25,11.25,7,10.625],"texture":"#texture"},"up":{"uv":[6.75,10.625,9,11.25],"texture":"#texture"},"north":{"uv":[7,7.375,9.25,8.25],"texture":"#texture"},"south":{"uv":[6.75,7.375,9,8.25],"texture":"#texture"},"west":{"uv":[10.625,7.375,11.25,8.25],"texture":"#texture"},"east":{"uv":[4.75,7.375,5.375,8.25],"texture":"#texture"}}},{"from":[7.875,11.25,11.5],"to":[7.9375,12.75,13],"rotation":{"origin":[7.875,12.75,11.5],"axis":"x","angle":45},"faces":{"west":{"uv":[12.5,7,15.25,4.25],"rotation":90,"texture":"#ponyata_detailings"},"east":{"uv":[12.5,4.25,15.25,7],"rotation":90,"texture":"#ponyata_detailings"}}},{"from":[6.75,4.5,3],"to":[9,7.25,3.5],"faces":{"down":{"uv":[9.25,3.5,7,3],"texture":"#girafaring_brown"},"up":{"uv":[6.75,3,9,3.5],"texture":"#girafaring_brown"},"north":{"uv":[7,8.75,9.25,11.5],"texture":"#girafaring_brown"},"south":{"uv":[6.75,8.75,9,11.5],"texture":"#girafaring_brown"},"west":{"uv":[3,8.75,3.5,11.5],"texture":"#girafaring_brown"},"east":{"uv":[12.5,8.75,13,11.5],"texture":"#girafaring_brown"}}},{"from":[7,10.5,13],"to":[8.75,13,14.75],"faces":{"down":{"uv":[0.75,0.5,2.5,2.75],"texture":"#ponyata_detailings"},"up":{"uv":[0.75,0.5,2.5,2.75],"texture":"#ponyata_detailings"},"north":{"uv":[1,0.5,2.75,3],"texture":"#ponyata_detailings"},"south":{"uv":[1,0.5,2.75,3],"texture":"#ponyata_detailings"},"west":{"uv":[0.75,0.75,2.75,3],"texture":"#ponyata_detailings"},"east":{"uv":[0.75,0.75,2.75,3],"texture":"#ponyata_detailings"}}},{"from":[5.5,1.5,9.75],"to":[7,2.75,11.25],"faces":{"down":{"uv":[10.5,11.25,9,9.75],"texture":"#texture"},"up":{"uv":[5.5,9.75,7,11.25],"texture":"#texture"},"north":{"uv":[9,13.25,10.5,14.5],"texture":"#texture"},"south":{"uv":[5.5,13.25,7,14.5],"texture":"#texture"},"west":{"uv":[9.75,13.25,11.25,14.5],"texture":"#texture"},"east":{"uv":[4.75,13.25,6.25,14.5],"texture":"#texture"}}},{"from":[8.75,1.5,9.75],"to":[10.25,2.75,11.25],"faces":{"down":{"uv":[7.25,11.25,5.75,9.75],"texture":"#texture"},"up":{"uv":[8.75,9.75,10.25,11.25],"texture":"#texture"},"north":{"uv":[5.75,13.25,7.25,14.5],"texture":"#texture"},"south":{"uv":[8.75,13.25,10.25,14.5],"texture":"#texture"},"west":{"uv":[9.75,13.25,11.25,14.5],"texture":"#texture"},"east":{"uv":[4.75,13.25,6.25,14.5],"texture":"#texture"}}},{"from":[5.5,1.5,3.25],"to":[7,2.75,4.75],"faces":{"down":{"uv":[10.5,4.75,9,3.25],"texture":"#girafaring_brown"},"up":{"uv":[5.5,3.25,7,4.75],"texture":"#girafaring_brown"},"north":{"uv":[9,13.25,10.5,14.5],"texture":"#girafaring_brown"},"south":{"uv":[5.5,13.25,7,14.5],"texture":"#girafaring_brown"},"west":{"uv":[3.25,13.25,4.75,14.5],"texture":"#girafaring_brown"},"east":{"uv":[11.25,13.25,12.75,14.5],"texture":"#girafaring_brown"}}},{"from":[8.75,1.5,3.25],"to":[10.25,2.75,4.75],"faces":{"down":{"uv":[7.25,4.75,5.75,3.25],"texture":"#girafaring_brown"},"up":{"uv":[8.75,3.25,10.25,4.75],"texture":"#girafaring_brown"},"north":{"uv":[5.75,13.25,7.25,14.5],"texture":"#girafaring_brown"},"south":{"uv":[8.75,13.25,10.25,14.5],"texture":"#girafaring_brown"},"west":{"uv":[3.25,13.25,4.75,14.5],"texture":"#girafaring_brown"},"east":{"uv":[11.25,13.25,12.75,14.5],"texture":"#girafaring_brown"}}},{"from":[9,2.75,2.75],"to":[10.25,6,4.75],"rotation":{"origin":[9,6,2.75],"axis":"x","angle":-22.5},"faces":{"down":{"uv":[10.5,6,9.25,3.25],"texture":"#girafaring_brown"},"up":{"uv":[5.5,3.25,6.75,6],"texture":"#girafaring_brown"},"north":{"uv":[9.25,10,10.5,13.25],"texture":"#girafaring_brown"},"south":{"uv":[5.5,10,6.75,13.25],"texture":"#girafaring_brown"},"west":{"uv":[3.25,10,6,13.25],"texture":"#girafaring_brown"},"east":{"uv":[10,10,12.75,13.25],"texture":"#girafaring_brown"}}},{"from":[7,10.75,15.5],"to":[8.75,12.25,17],"rotation":{"origin":[7,12.25,15.5],"axis":"x","angle":22.5},"faces":{"down":{"uv":[0.75,0.5,2.5,2.75],"texture":"#ponyata_detailings"},"up":{"uv":[0.75,0.5,2.5,2.75],"texture":"#ponyata_detailings"},"north":{"uv":[1,0.5,2.75,3],"texture":"#ponyata_detailings"},"south":{"uv":[1,0.5,2.75,3],"texture":"#ponyata_detailings"},"west":{"uv":[0.75,0.75,2.75,3],"texture":"#ponyata_detailings"},"east":{"uv":[0.75,0.75,2.75,3],"texture":"#ponyata_detailings"}}},{"from":[6.9375,10.3125,16],"to":[8.8125,12,17.0625],"faces":{"down":{"uv":[3.75,0.5,5.5,2.75],"texture":"#ponyata_detailings"},"up":{"uv":[3.75,0.5,5.5,2.75],"texture":"#ponyata_detailings"},"north":{"uv":[4,0.5,5.75,3],"texture":"#ponyata_detailings"},"south":{"uv":[4,0.5,5.75,3],"texture":"#ponyata_detailings"},"west":{"uv":[3.75,0.5,5.75,2.75],"texture":"#ponyata_detailings"},"east":{"uv":[3.75,0.5,5.75,2.75],"texture":"#ponyata_detailings"}}},{"from":[6,12.25,13.75],"to":[6.5,13.75,14.25],"rotation":{"origin":[6,13.75,13.75],"axis":"z","angle":22.5},"faces":{"down":{"uv":[0.75,0.5,2.5,2.75],"texture":"#ponyata_detailings"},"up":{"uv":[0.75,0.5,2.5,2.75],"texture":"#ponyata_detailings"},"north":{"uv":[1,0.5,2.75,3],"texture":"#ponyata_detailings"},"south":{"uv":[1,0.5,2.75,3],"texture":"#ponyata_detailings"},"west":{"uv":[0.75,0.75,2.75,3],"texture":"#ponyata_detailings"},"east":{"uv":[0.75,0.75,2.75,3],"texture":"#ponyata_detailings"}}},{"from":[9.25,12.5,13.75],"to":[9.75,14,14.25],"rotation":{"origin":[9.25,14,13.75],"axis":"z","angle":-22.5},"faces":{"down":{"uv":[0.75,0.5,2.5,2.75],"texture":"#ponyata_detailings"},"up":{"uv":[0.75,0.5,2.5,2.75],"texture":"#ponyata_detailings"},"north":{"uv":[1,0.5,2.75,3],"texture":"#ponyata_detailings"},"south":{"uv":[1,0.5,2.75,3],"texture":"#ponyata_detailings"},"west":{"uv":[0.75,0.75,2.75,3],"texture":"#ponyata_detailings"},"east":{"uv":[0.75,0.75,2.75,3],"texture":"#ponyata_detailings"}}},{"from":[9.3125,13.75,13.5625],"to":[10.0625,14.5,14.3125],"rotation":{"origin":[9.3125,14.5,13.5625],"axis":"z","angle":-22.5},"faces":{"down":{"uv":[0.75,0.5,2.5,2.75],"texture":"#ponyata_detailings"},"up":{"uv":[0.75,0.5,2.5,2.75],"texture":"#ponyata_detailings"},"north":{"uv":[1,0.5,2.75,3],"texture":"#ponyata_detailings"},"south":{"uv":[1,0.5,2.75,3],"texture":"#ponyata_detailings"},"west":{"uv":[0.75,0.75,2.75,3],"texture":"#ponyata_detailings"},"east":{"uv":[0.75,0.75,2.75,3],"texture":"#ponyata_detailings"}}},{"from":[5.6875,13.375,13.5625],"to":[6.4375,14.125,14.3125],"rotation":{"origin":[5.6875,14.125,13.5625],"axis":"z","angle":22.5},"faces":{"down":{"uv":[0.75,0.5,2.5,2.75],"texture":"#ponyata_detailings"},"up":{"uv":[0.75,0.5,2.5,2.75],"texture":"#ponyata_detailings"},"north":{"uv":[1,0.5,2.75,3],"texture":"#ponyata_detailings"},"south":{"uv":[1,0.5,2.75,3],"texture":"#ponyata_detailings"},"west":{"uv":[0.75,0.75,2.75,3],"texture":"#ponyata_detailings"},"east":{"uv":[0.75,0.75,2.75,3],"texture":"#ponyata_detailings"}}},{"from":[7,10.25,12],"to":[8.75,12.25,13.75],"faces":{"down":{"uv":[9,12.75,7.25,10.5],"texture":"#texture"},"up":{"uv":[7,10.5,8.75,12.75],"texture":"#texture"},"north":{"uv":[7.25,5.25,9,10],"texture":"#texture"},"south":{"uv":[7,5.25,8.75,10],"texture":"#texture"},"west":{"uv":[10.5,5.25,12.75,10],"texture":"#texture"},"east":{"uv":[3.25,5.25,5.5,10],"texture":"#texture"}}},{"from":[7.875,9.75,10.25],"to":[7.9375,11.25,11.75],"rotation":{"origin":[7.875,11.25,10.25],"axis":"x","angle":22.5},"faces":{"west":{"uv":[12.5,7,15.25,4.25],"rotation":90,"texture":"#ponyata_detailings"},"east":{"uv":[12.5,4.25,15.25,7],"rotation":90,"texture":"#ponyata_detailings"}}},{"from":[7.875,8.75,10],"to":[7.9375,10.25,11.5],"rotation":{"origin":[7.875,10.25,10],"axis":"x","angle":45},"faces":{"west":{"uv":[12.5,7,15.25,4.25],"rotation":90,"texture":"#ponyata_detailings"},"east":{"uv":[12.5,4.25,15.25,7],"rotation":90,"texture":"#ponyata_detailings"}}},{"from":[7.875,7.5,7],"to":[7.9375,9,8.5],"faces":{"west":{"uv":[12.5,4.25,15.25,7],"texture":"#ponyata_detailings"},"east":{"uv":[12.5,4.25,15.25,7],"texture":"#ponyata_detailings"}}},{"from":[7.875,7.5,5.5],"to":[7.9375,9,7],"faces":{"west":{"uv":[12.5,4.25,15.25,7],"texture":"#ponyata_detailings"},"east":{"uv":[12.5,4.25,15.25,7],"texture":"#ponyata_detailings"}}},{"from":[7.875,7.5,8],"to":[7.9375,9,9.5],"rotation":{"origin":[7.875,9,8],"axis":"x","angle":-22.5},"faces":{"west":{"uv":[12.5,4.25,15.25,7],"texture":"#ponyata_detailings"},"east":{"uv":[12.5,4.25,15.25,7],"texture":"#ponyata_detailings"}}},{"from":[7.75,6.5,2.25],"to":[8.25,9,2.75],"rotation":{"origin":[7.75,9,2.25],"axis":"x","angle":-22.5},"faces":{"down":{"uv":[9.25,2.75,7,2],"texture":"#girafaring_brown"},"up":{"uv":[7.75,5.75,10,6.5],"texture":"#girafaring_brown"},"north":{"uv":[7,6.25,9.25,8],"texture":"#girafaring_brown"},"south":{"uv":[6.75,6.25,9,8],"texture":"#girafaring_brown"},"west":{"uv":[2,6.25,2.75,8],"texture":"#girafaring_brown"},"east":{"uv":[13.25,6.25,14,8],"texture":"#girafaring_brown"}}},{"from":[7,8.5,1.25],"to":[9,10.25,3],"faces":{"down":{"uv":[9.25,5.5,7,4.75],"texture":"#girafaring_brown"},"up":{"uv":[7.75,5.75,10,6.5],"texture":"#girafaring_brown"},"north":{"uv":[7,6.25,9.25,8],"texture":"#girafaring_brown"},"south":{"uv":[6.75,6.25,9,8],"texture":"#girafaring_brown"},"west":{"uv":[2,6.25,2.75,8],"texture":"#girafaring_brown"},"east":{"uv":[13.25,6.25,14,8],"texture":"#girafaring_brown"}}},{"from":[6.9375,8.75,1.1875],"to":[9.0625,9.5,1.25],"faces":{"north":{"uv":[7.5,11.5,9.75,14.25],"texture":"#ponyata_detailings"}}},{"from":[6.9375,8.75,1.25],"to":[7,9.5,2.25],"faces":{"west":{"uv":[7.75,11.5,5.5,14.25],"texture":"#ponyata_detailings"}}},{"from":[9,8.75,1.25],"to":[9.0625,9.5,2.25],"faces":{"east":{"uv":[5.5,11.5,7.75,14.25],"texture":"#ponyata_detailings"}}},{"from":[6.9375,9.625,1.5],"to":[7,10.125,2],"faces":{"west":{"uv":[12,8.75,9.75,10.75],"texture":"#ponyata_detailings"}}},{"from":[9,9.625,1.5],"to":[9.0625,10.125,2],"faces":{"east":{"uv":[9.75,8.75,12,10.75],"texture":"#ponyata_detailings"}}},{"from":[6.9375,9,12],"to":[7,10.5,13.25],"rotation":{"origin":[6.9375,10.5,12],"axis":"x","angle":22.5},"faces":{"west":{"uv":[1.75,7,4,9.25],"texture":"#ponyata_detailings"}}},{"from":[6.9375,7.5,11],"to":[7,9,12.25],"rotation":{"origin":[6.9375,9,11],"axis":"x","angle":22.5},"faces":{"west":{"uv":[1.75,7,4,9.25],"texture":"#ponyata_detailings"}}},{"from":[6.0625,6.5625,9.4375],"to":[6.125,7.8125,10.9375],"faces":{"west":{"uv":[1.75,7,4,9.25],"texture":"#ponyata_detailings"}}},{"from":[6.1875,6.5,8.4375],"to":[6.25,7.75,9.6875],"rotation":{"origin":[6.1875,7.75,8.4375],"axis":"x","angle":45},"faces":{"west":{"uv":[1.75,7,4,9.25],"texture":"#ponyata_detailings"}}},{"from":[6.1875,6.5,6.75],"to":[6.25,7.75,8],"rotation":{"origin":[6.1875,7.75,6.75],"axis":"x","angle":45},"faces":{"west":{"uv":[4.75,7,7,9.25],"texture":"#ponyata_detailings"}}},{"from":[6.1875,6.5,5],"to":[6.25,7.5,6],"rotation":{"origin":[6.1875,7.5,5],"axis":"x","angle":22.5},"faces":{"west":{"uv":[4.75,7,7,9.25],"texture":"#ponyata_detailings"}}},{"from":[9.5,6.5,5],"to":[9.5625,7.5,6],"rotation":{"origin":[9.5,7.5,5],"axis":"x","angle":22.5},"faces":{"east":{"uv":[4.75,7,7,9.25],"texture":"#ponyata_detailings"}}},{"from":[9.5,6.5,6.69638],"to":[9.5625,7.75,7.94638],"rotation":{"origin":[9.5,7.75,6.69638],"axis":"x","angle":45},"faces":{"east":{"uv":[4.75,7,7,9.25],"texture":"#ponyata_detailings"}}},{"from":[9.5,6.5625,8.44638],"to":[9.5625,7.8125,9.69638],"rotation":{"origin":[9.5,7.8125,8.44638],"axis":"x","angle":45},"faces":{"east":{"uv":[1.75,7,4,9.25],"texture":"#ponyata_detailings"}}},{"from":[9.625,6.5625,9.4375],"to":[9.6875,7.8125,10.9375],"faces":{"east":{"uv":[1.75,7,4,9.25],"texture":"#ponyata_detailings"}}},{"from":[8.75,7.5,10.949],"to":[8.8125,9,12.199],"rotation":{"origin":[8.75,9,10.949],"axis":"x","angle":22.5},"faces":{"east":{"uv":[1.75,7,4,9.25],"texture":"#ponyata_detailings"}}},{"from":[8.75,9,11.8865],"to":[8.8125,10.5,13.1365],"rotation":{"origin":[8.75,10.5,11.8865],"axis":"x","angle":22.5},"faces":{"east":{"uv":[1.75,7,4,9.25],"texture":"#ponyata_detailings"}}}],"display":{"head":{"rotation":[0,180,0],"translation":[0,-9.7,0],"scale":[3.7,3.8,3.7]},"gui":{"rotation":[30,-50,0],"translation":[1,2.5,0],"scale":[1.1,1.1,1.1]},"thirdperson_righthand":{"scale":[0,0,0]},"thirdperson_lefthand":{"scale":[0,0,0]},"firstperson_righthand":{"scale":[0,0,0]},"firstperson_lefthand":{"scale":[0,0,0]}}}