{"__comment":"Designed by Samasaurus6 with BDcraft Cubik PRO 0.96 Beta - http://bdcraft.net","textures":{"pinecotest":"pokemon_skins/regular/pineco/pinecotest","pinecotest2":"pokemon_skins/regular/pineco/pinecotest2"},"elements":[{"__comment":"Body","from":[5,2,2.75],"to":[11,11,13.25],"faces":{"down":{"uv":[5,1,7,4.5],"texture":"#pinecotest2"},"up":{"uv":[6,2.5,8,6],"texture":"#pinecotest2"},"north":{"uv":[6,1.5,8,5.5],"texture":"#pinecotest2"},"south":{"uv":[6.5,0.5,8.5,4.5],"texture":"#pinecotest2"},"west":{"uv":[5,1.5,8.5,5.5],"texture":"#pinecotest2"},"east":{"uv":[5,2,8.5,6],"texture":"#pinecotest2"}}},{"__comment":"Body","from":[3.5,2,3.5],"to":[12.5,11,12.5],"faces":{"down":{"uv":[5.5,2.5,8.5,5.5],"texture":"#pinecotest2"},"up":{"uv":[4.5,1,7.5,4],"texture":"#pinecotest2"},"north":{"uv":[5.5,1,8.5,5],"texture":"#pinecotest2"},"south":{"uv":[5,1.5,8,5.5],"texture":"#pinecotest2"},"west":{"uv":[5.5,2,8.5,6],"texture":"#pinecotest2"},"east":{"uv":[5,3,8,7],"texture":"#pinecotest2"}}},{"__comment":"Body","from":[5,8,5],"to":[11,14,11],"faces":{"down":{"uv":[6,3.5,8,5.5],"texture":"#pinecotest"},"up":{"uv":[6,3.5,8,5.5],"texture":"#pinecotest"},"north":{"uv":[5,4,7,6],"texture":"#pinecotest"},"south":{"uv":[5,4,7,6],"texture":"#pinecotest"},"west":{"uv":[6,3,8,5],"texture":"#pinecotest"},"east":{"uv":[6,3,8,5],"texture":"#pinecotest"}}},{"__comment":"Body","from":[6.5,14,6.5],"to":[9.5,15.5,9.5],"faces":{"down":{"uv":[7,4,8,5],"texture":"#pinecotest"},"up":{"uv":[6.5,4.5,7.5,5.5],"texture":"#pinecotest"},"north":{"uv":[6.5,2,7.5,4],"texture":"#pinecotest"},"south":{"uv":[6.5,2,7.5,4],"texture":"#pinecotest"},"west":{"uv":[5,1,6,3],"texture":"#pinecotest"},"east":{"uv":[5,1,6,3],"texture":"#pinecotest"}}},{"__comment":"Body","from":[3.5,6.875,5.75],"to":[12.5,11.375,10.25],"faces":{"down":{"uv":[5,2,8.5,6],"texture":"#pinecotest"},"up":{"uv":[5,3,8.5,7],"texture":"#pinecotest"},"north":{"uv":[4.5,1.5,8,3],"texture":"#pinecotest"},"south":{"uv":[4.5,1.5,8,3],"texture":"#pinecotest"},"west":{"uv":[5,4.5,9,6],"texture":"#pinecotest"},"east":{"uv":[5,4.5,9,6],"texture":"#pinecotest"}}},{"__comment":"Body","from":[4.25,0.5,4.25],"to":[11.75,2,11.75],"faces":{"down":{"uv":[8,5,5.5,2],"texture":"#pinecotest2"},"up":{"uv":[5.5,3.5,8,6.5],"texture":"#pinecotest2"},"north":{"uv":[6,3.5,8.5,4],"texture":"#pinecotest2"},"south":{"uv":[6.5,3.5,9,4],"texture":"#pinecotest2"},"west":{"uv":[5.5,3,8.5,3.5],"texture":"#pinecotest2"},"east":{"uv":[5,2,8,2.5],"texture":"#pinecotest2"}}},{"__comment":"Body","from":[6.5,-2.5,6.5],"to":[9.5,3.5,9.5],"faces":{"down":{"uv":[7,5,8,6],"texture":"#pinecotest2"},"up":{"uv":[7,4.5,8,5.5],"texture":"#pinecotest2"},"north":{"uv":[7.5,3,8.5,5],"texture":"#pinecotest2"},"south":{"uv":[7.5,3,8.5,5],"texture":"#pinecotest2"},"west":{"uv":[7.5,3,8.5,5],"texture":"#pinecotest2"},"east":{"uv":[7.5,3,8.5,5],"texture":"#pinecotest2"}}},{"__comment":"Pricklybits","from":[0.5,9.8,1.8125],"to":[0.6875,15.8,13.8125],"rotation":{"origin":[0.5,15.8,1.8125],"axis":"z","angle":45},"faces":{"west":{"uv":[0,15.5,14,8],"texture":"#pinecotest2"},"east":{"uv":[14,15.5,0,8],"texture":"#pinecotest"}}},{"__comment":"Body*","from":[2.75,2,5],"to":[13.25,11,11],"faces":{"down":{"uv":[5,1,7,4.5],"texture":"#pinecotest2"},"up":{"uv":[6,2.5,8,6],"texture":"#pinecotest2"},"north":{"uv":[6,1.5,8,5.5],"texture":"#pinecotest2"},"south":{"uv":[6.5,0.5,8.5,4.5],"texture":"#pinecotest2"},"west":{"uv":[5,1.5,8.5,5.5],"texture":"#pinecotest2"},"east":{"uv":[5,2,8.5,6],"texture":"#pinecotest2"}}},{"__comment":"Body*","from":[5.75,8.1875,3.5],"to":[10.25,12.6875,12.5],"faces":{"down":{"uv":[5,2,8.5,6],"texture":"#pinecotest"},"up":{"uv":[5,3,8.5,7],"texture":"#pinecotest"},"north":{"uv":[4.5,1.5,8,3],"texture":"#pinecotest"},"south":{"uv":[4.5,1.5,8,3],"texture":"#pinecotest"},"west":{"uv":[5,4.5,9,6],"texture":"#pinecotest"},"east":{"uv":[5,4.5,9,6],"texture":"#pinecotest"}}},{"__comment":"Pricklybits*","from":[15.5,9.8,1.8125],"to":[15.6875,15.8,13.8125],"rotation":{"origin":[15.5,15.8,1.8125],"axis":"z","angle":-45},"faces":{"west":{"uv":[0,15.5,14,8],"texture":"#pinecotest"},"east":{"uv":[14,15.5,0,8],"texture":"#pinecotest2"}}},{"__comment":"Pricklybits*","from":[2,9.8,15.5],"to":[14,15.8,15.6875],"rotation":{"origin":[2,15.8,15.5],"axis":"x","angle":45},"faces":{"north":{"uv":[0,7.5,13.5,0],"texture":"#pinecotest"},"south":{"uv":[13.5,7.5,0,0],"texture":"#pinecotest2"}}},{"__comment":"Pricklybits*","from":[2,9.8,0.125],"to":[14,15.8,0.3125],"rotation":{"origin":[2,15.8,0.125],"axis":"x","angle":-45},"faces":{"north":{"uv":[0,7.5,13.5,0],"texture":"#pinecotest2"},"south":{"uv":[13.5,7.5,0,0],"texture":"#pinecotest"}}},{"from":[3.125,11.6174,8.75],"to":[3.3125,13.1174,10.8125],"rotation":{"origin":[3.125,13.1174,8.75],"axis":"z","angle":45},"faces":{"west":{"uv":[16,11,14,6],"rotation":270,"texture":"#pinecotest"},"east":{"uv":[14,1,15,2],"texture":"#pinecotest"}}},{"__comment":"Pricklybits*","from":[2.9375,5.7875,0.5],"to":[3.125,11.7875,15.5],"rotation":{"origin":[2.9375,11.7875,0.5],"axis":"z","angle":-22.5},"faces":{"west":{"uv":[0,0,14,7.5],"texture":"#pinecotest"},"east":{"uv":[14,0,0,7.5],"texture":"#pinecotest2"}}},{"__comment":"Pricklybits*","from":[3.5,0.8,0.5],"to":[3.6875,8.3,15.5],"rotation":{"origin":[3.5,8.3,0.5],"axis":"z","angle":-22.5},"faces":{"west":{"uv":[0,8,14,15.5],"texture":"#pinecotest"},"east":{"uv":[14,8,0,15.5],"texture":"#pinecotest2"}}},{"__comment":"Pricklybits*","from":[12.875,5.7875,0.5],"to":[13.0625,11.7875,15.5],"rotation":{"origin":[12.875,11.7875,0.5],"axis":"z","angle":22.5},"faces":{"west":{"uv":[0,0,14,7.5],"texture":"#pinecotest2"},"east":{"uv":[14,0,0,7.5],"texture":"#pinecotest"}}},{"__comment":"Pricklybits*","from":[12.5,0.8,0.5],"to":[12.6875,8.3,15.5],"rotation":{"origin":[12.5,8.3,0.5],"axis":"z","angle":22.5},"faces":{"west":{"uv":[0,8,14,15.5],"texture":"#pinecotest2"},"east":{"uv":[14,8,0,15.5],"texture":"#pinecotest"}}},{"__comment":"Pricklybits*","from":[0.6875,5.7875,12.875],"to":[15.3125,11.7875,13.0625],"rotation":{"origin":[0.6875,11.7875,12.875],"axis":"x","angle":-22.5},"faces":{"north":{"uv":[0,8,14,15.5],"texture":"#pinecotest2"},"south":{"uv":[14,8,0,15.5],"texture":"#pinecotest"}}},{"__comment":"Pricklybits*","from":[0.6875,5.7875,2.75],"to":[15.3125,11.7875,2.9375],"rotation":{"origin":[0.6875,11.7875,2.75],"axis":"x","angle":22.5},"faces":{"north":{"uv":[0,8,14,15.5],"texture":"#pinecotest"},"south":{"uv":[14,8,0,15.5],"texture":"#pinecotest2"}}},{"__comment":"Pricklybits*","from":[1.4375,2.1125,12.6875],"to":[14.375,8.3,12.875],"rotation":{"origin":[1.4375,8.3,12.6875],"axis":"x","angle":-22.5},"faces":{"north":{"uv":[0,0,13.5,7.5],"texture":"#pinecotest2"},"south":{"uv":[13.5,0,0,7.5],"texture":"#pinecotest"}}},{"__comment":"Pricklybits*","from":[1.4375,2.3,3.125],"to":[14.375,8.4875,3.3125],"rotation":{"origin":[1.4375,8.4875,3.125],"axis":"x","angle":22.5},"faces":{"north":{"uv":[0,0,13.5,7.5],"texture":"#pinecotest"},"south":{"uv":[13.5,0,0,7.5],"texture":"#pinecotest2"}}},{"from":[3.125,11.6174,4.8125],"to":[3.3125,13.1174,6.875],"rotation":{"origin":[3.125,13.1174,4.8125],"axis":"z","angle":45},"faces":{"west":{"uv":[14,11,16,6],"rotation":90,"texture":"#pinecotest"},"east":{"uv":[14,1,15,2],"texture":"#pinecotest"}}},{"__comment":"Body*","from":[6.875,14.5625,6.875],"to":[9.125,17.5625,9.125],"faces":{"down":{"uv":[7,4,8,5],"texture":"#pinecotest"},"up":{"uv":[6.5,4.5,7.5,5.5],"texture":"#pinecotest"},"north":{"uv":[6.5,2,7.5,4],"texture":"#pinecotest"},"south":{"uv":[6.5,2,7.5,4],"texture":"#pinecotest"},"west":{"uv":[5,1,6,3],"texture":"#pinecotest"},"east":{"uv":[5,1,6,3],"texture":"#pinecotest"}}},{"__comment":"Body*","from":[7.25,17,7.25],"to":[8.75,20,8.75],"faces":{"down":{"uv":[7,4,8,5],"texture":"#pinecotest"},"up":{"uv":[6.5,4.5,7.5,5.5],"texture":"#pinecotest"},"north":{"uv":[6.5,2,7.5,4],"texture":"#pinecotest"},"south":{"uv":[6.5,2,7.5,4],"texture":"#pinecotest"},"west":{"uv":[5,1,6,3],"texture":"#pinecotest"},"east":{"uv":[5,1,6,3],"texture":"#pinecotest"}}}],"display":{"head":{"rotation":[0,-90,0],"translation":[0,-19,0],"scale":[1.8,1.8,1.8]},"gui":{"rotation":[30,50,0],"translation":[0,-0.5,0],"scale":[0.7,0.7,0.7]},"thirdperson_righthand":{"scale":[0,0,0]},"thirdperson_lefthand":{"scale":[0,0,0]},"firstperson_righthand":{"scale":[0,0,0]},"firstperson_lefthand":{"scale":[0,0,0]}}}