{"credit":"Made using Blockbench","textures":{"0":"pokemon_skins/regular/forretress/forretress","particle":"pokemon_skins/regular/forretress/forretress"},"elements":[{"from":[4.68614,5.5,6.49964],"to":[11.68614,10.5,9.49964],"rotation":{"angle":0,"axis":"x","origin":[8.06326,8,7.99995]},"faces":{"north":{"uv":[14.75,0.5,15.5,1.25],"texture":"#0"},"east":{"uv":[14.75,0.5,15.5,1.25],"texture":"#0"},"south":{"uv":[14.75,0.5,15.5,1.25],"texture":"#0"},"west":{"uv":[14.75,0.5,15.5,1.25],"texture":"#0"},"up":{"uv":[14.75,0.5,15.5,1.25],"rotation":270,"texture":"#0"},"down":{"uv":[14.75,0.5,15.5,1.25],"rotation":90,"texture":"#0"}}},{"from":[5.68609,11.24242,7.29184],"to":[10.68609,12.24242,8.70684],"rotation":{"angle":45,"axis":"x","origin":[8.06326,8,7.99995]},"faces":{"east":{"uv":[14.75,0.5,15.5,1.25],"texture":"#0"},"west":{"uv":[14.75,0.5,15.5,1.25],"texture":"#0"}}},{"from":[5.68609,11.24287,7.29184],"to":[10.68609,12.24287,8.70684],"rotation":{"angle":-45,"axis":"x","origin":[8.06326,8,7.99995]},"faces":{"east":{"uv":[14.75,0.5,15.5,1.25],"texture":"#0"},"west":{"uv":[14.75,0.5,15.5,1.25],"texture":"#0"}}},{"from":[5.68609,3.75758,7.29262],"to":[10.68609,4.75758,8.70762],"rotation":{"angle":-45,"axis":"x","origin":[8.06326,8,7.99995]},"faces":{"east":{"uv":[14.75,0.5,15.5,1.25],"texture":"#0"},"west":{"uv":[14.75,0.5,15.5,1.25],"texture":"#0"}}},{"from":[5.68609,3.75713,7.29262],"to":[10.68609,4.75713,8.70762],"rotation":{"angle":45,"axis":"x","origin":[8.06326,8,7.99995]},"faces":{"east":{"uv":[14.75,0.5,15.5,1.25],"texture":"#0"},"west":{"uv":[14.75,0.5,15.5,1.25],"texture":"#0"}}},{"from":[7.443,11.3295,5.49964],"to":[8.858,12.3295,10.49964],"rotation":{"angle":-45,"axis":"z","origin":[8.06326,8,7.99995]},"faces":{"north":{"uv":[14.75,0.5,15.5,1.25],"texture":"#0"},"south":{"uv":[14.75,0.5,15.5,1.25],"texture":"#0"}}},{"from":[7.443,3.84422,5.49964],"to":[8.858,4.84422,10.49964],"rotation":{"angle":-45,"axis":"z","origin":[8.06326,8,7.99995]},"faces":{"north":{"uv":[14.75,0.5,15.5,1.25],"texture":"#0"},"south":{"uv":[14.75,0.5,15.5,1.25],"texture":"#0"}}},{"from":[7.44305,11.15579,5.49964],"to":[8.85805,12.15579,10.49964],"rotation":{"angle":45,"axis":"z","origin":[8.06326,8,7.99995]},"faces":{"north":{"uv":[14.75,0.5,15.5,1.25],"texture":"#0"},"south":{"uv":[14.75,0.5,15.5,1.25],"texture":"#0"}}},{"from":[7.44223,3.67051,5.49964],"to":[8.85723,4.67051,10.49964],"rotation":{"angle":45,"axis":"z","origin":[8.06326,8,7.99995]},"faces":{"north":{"uv":[14.75,0.5,15.5,1.25],"texture":"#0"},"south":{"uv":[14.75,0.5,15.5,1.25],"texture":"#0"}}},{"from":[6.68614,5.5,4.49964],"to":[9.68614,10.5,11.49964],"rotation":{"angle":0,"axis":"y","origin":[8.06326,8,7.99995]},"faces":{"north":{"uv":[14.75,0.5,15.5,1.25],"texture":"#0"},"east":{"uv":[14.75,0.5,15.5,1.25],"texture":"#0"},"south":{"uv":[14.75,0.5,15.5,1.25],"texture":"#0"},"west":{"uv":[14.75,0.5,15.5,1.25],"texture":"#0"},"up":{"uv":[14.75,0.5,15.5,1.25],"rotation":270,"texture":"#0"},"down":{"uv":[14.75,0.5,15.5,1.25],"rotation":90,"texture":"#0"}}},{"from":[6.74267,5.5,4.36712],"to":[9.55767,10.5,11.44712],"rotation":{"angle":-45,"axis":"y","origin":[8.06326,8,7.99995]},"faces":{"north":{"uv":[14.75,0.5,15.5,1.25],"texture":"#0"},"east":{"uv":[14.75,0.5,15.5,1.25],"texture":"#0"},"south":{"uv":[14.75,0.5,15.5,1.25],"texture":"#0"},"west":{"uv":[14.75,0.5,15.5,1.25],"texture":"#0"},"up":{"uv":[14.75,0.5,15.5,1.25],"rotation":270,"texture":"#0"},"down":{"uv":[14.75,0.5,15.5,1.25],"rotation":90,"texture":"#0"}}},{"from":[6.7401,5.5,4.54652],"to":[9.5701,10.5,11.63152],"rotation":{"angle":45,"axis":"y","origin":[8.06326,8,7.99995]},"faces":{"north":{"uv":[14.75,0.5,15.5,1.25],"texture":"#0"},"east":{"uv":[14.75,0.5,15.5,1.25],"texture":"#0"},"south":{"uv":[14.75,0.5,15.5,1.25],"texture":"#0"},"west":{"uv":[14.75,0.5,15.5,1.25],"texture":"#0"},"up":{"uv":[14.75,0.5,15.5,1.25],"rotation":270,"texture":"#0"},"down":{"uv":[14.75,0.5,15.5,1.25],"rotation":90,"texture":"#0"}}},{"from":[4.60614,7.1,8.39964],"to":[4.61614,8.9,9.49964],"rotation":{"angle":0,"axis":"y","origin":[8.06326,8,7.99995]},"faces":{"west":{"uv":[0,0,5.25,8.5],"texture":"#0"}}},{"from":[4.60614,7.1,6.49964],"to":[4.61614,8.9,7.59964],"rotation":{"angle":0,"axis":"y","origin":[8.06326,8,7.99995]},"faces":{"west":{"uv":[5.25,0,0,8.5],"texture":"#0"}}},{"from":[4.55827,7.1,6.61584],"to":[4.56827,8.9,7.31584],"rotation":{"angle":45,"axis":"y","origin":[8.06326,8,7.99995]},"faces":{"west":{"uv":[5.25,0,8.5,8.5],"texture":"#0"}}},{"from":[4.55782,7.1,8.68362],"to":[4.56782,8.9,9.38362],"rotation":{"angle":-45,"axis":"y","origin":[8.06326,8,7.99995]},"faces":{"west":{"uv":[8.5,0,5.25,8.5],"texture":"#0"}}},{"from":[4.67609,7.775,6.47464],"to":[11.70609,8.225,9.52464],"rotation":{"angle":0,"axis":"y","origin":[8.06326,8,7.99995]},"faces":{"north":{"uv":[2.5,1.75,2.5,1.75],"texture":"#0"},"east":{"uv":[2.5,1.75,2.5,1.75],"texture":"#0"},"south":{"uv":[2.5,1.75,2.5,1.75],"texture":"#0"},"west":{"uv":[2.5,1.75,2.5,1.75],"texture":"#0"},"up":{"uv":[2.5,1.75,2.5,1.75],"rotation":270,"texture":"#0"},"down":{"uv":[2.5,1.75,2.5,1.75],"rotation":90,"texture":"#0"}}},{"from":[6.66609,7.775,4.48464],"to":[9.71609,8.225,11.51464],"rotation":{"angle":0,"axis":"y","origin":[8.06326,8,7.99995]},"faces":{"north":{"uv":[2.5,1.75,2.5,1.75],"texture":"#0"},"east":{"uv":[2.5,1.75,2.5,1.75],"texture":"#0"},"south":{"uv":[2.5,1.75,2.5,1.75],"texture":"#0"},"up":{"uv":[2.5,1.75,2.5,1.75],"rotation":180,"texture":"#0"},"down":{"uv":[2.5,1.75,2.5,1.75],"rotation":180,"texture":"#0"}}},{"from":[4.58961,7.775,6.50219],"to":[11.70661,8.225,9.33219],"rotation":{"angle":-45,"axis":"y","origin":[8.06326,8,7.99995]},"faces":{"east":{"uv":[2.5,1.75,2.5,1.75],"texture":"#0"},"south":{"uv":[2.5,1.75,2.5,1.75],"texture":"#0"},"west":{"uv":[2.5,1.75,2.5,1.75],"texture":"#0"},"up":{"uv":[2.5,1.75,2.5,1.75],"rotation":270,"texture":"#0"},"down":{"uv":[2.5,1.75,2.5,1.75],"rotation":90,"texture":"#0"}}},{"from":[4.59006,7.775,6.66727],"to":[11.70706,8.225,9.49727],"rotation":{"angle":45,"axis":"y","origin":[8.06326,8,7.99995]},"faces":{"north":{"uv":[2.5,1.75,2.5,1.75],"texture":"#0"},"east":{"uv":[2.5,1.75,2.5,1.75],"texture":"#0"},"west":{"uv":[2.5,1.75,2.5,1.75],"texture":"#0"},"up":{"uv":[2.5,1.75,2.5,1.75],"rotation":270,"texture":"#0"},"down":{"uv":[2.5,1.75,2.5,1.75],"rotation":90,"texture":"#0"}}},{"from":[5.48529,5.47016,4.21853],"to":[10.88688,6.50893,5.29884],"rotation":{"angle":0,"axis":"y","origin":[8.06326,8,7.99995]},"faces":{"north":{"uv":[13.25,0.5,14,1.25],"texture":"#0"},"up":{"uv":[13.25,0.5,14,1.25],"rotation":270,"texture":"#0"}}},{"from":[4.40497,5.47016,5.29884],"to":[5.48529,6.50893,10.70044],"rotation":{"angle":0,"axis":"x","origin":[8.06326,8,7.99995]},"faces":{"west":{"uv":[13.25,0.5,14,1.25],"texture":"#0"},"up":{"uv":[13.25,0.5,14,1.25],"rotation":270,"texture":"#0"},"down":{"uv":[13.25,0.5,14,1.25],"rotation":90,"texture":"#0"}}},{"from":[10.88688,5.47016,5.29884],"to":[11.9672,6.50893,10.70044],"rotation":{"angle":0,"axis":"x","origin":[8.06326,8,7.99995]},"faces":{"east":{"uv":[13.25,0.5,14,1.25],"texture":"#0"},"up":{"uv":[13.25,0.5,14,1.25],"rotation":270,"texture":"#0"}}},{"from":[5.48529,4.38985,5.29884],"to":[10.88688,5.47016,10.70044],"rotation":{"angle":0,"axis":"z","origin":[8.06326,8,7.99995]},"faces":{"down":{"uv":[13.25,0.5,14,1.25],"rotation":90,"texture":"#0"}}},{"from":[5.48529,3.53769,7.35588],"to":[10.88688,4.61801,8.88453],"rotation":{"angle":-45,"axis":"x","origin":[8.06326,8,7.99995]},"faces":{"north":{"uv":[13.25,0.5,14,1.25],"texture":"#0"},"east":{"uv":[13.25,0.5,14,1.25],"texture":"#0"},"south":{"uv":[13.25,0.5,14,1.25],"texture":"#0"},"west":{"uv":[13.25,0.5,14,1.25],"texture":"#0"},"up":{"uv":[13.25,0.5,14,1.25],"rotation":270,"texture":"#0"},"down":{"uv":[13.25,0.5,14,1.25],"rotation":90,"texture":"#0"}}},{"from":[5.48529,3.53725,7.1141],"to":[10.88688,4.61757,8.64275],"rotation":{"angle":45,"axis":"x","origin":[8.06326,8,7.99995]},"faces":{"north":{"uv":[13.25,0.5,14,1.25],"texture":"#0"},"east":{"uv":[13.25,0.5,14,1.25],"texture":"#0"},"south":{"uv":[13.25,0.5,14,1.25],"texture":"#0"},"west":{"uv":[13.25,0.5,14,1.25],"texture":"#0"},"up":{"uv":[13.25,0.5,14,1.25],"rotation":270,"texture":"#0"},"down":{"uv":[13.25,0.5,14,1.25],"rotation":90,"texture":"#0"}}},{"from":[7.5071,3.45063,5.29884],"to":[9.03576,4.53094,10.70044],"rotation":{"angle":45,"axis":"z","origin":[8.06326,8,7.99995]},"faces":{"north":{"uv":[13.25,0.5,14,1.25],"texture":"#0"},"east":{"uv":[13.25,0.5,14,1.25],"texture":"#0"},"south":{"uv":[13.25,0.5,14,1.25],"texture":"#0"},"up":{"uv":[13.25,0.5,14,1.25],"rotation":270,"texture":"#0"},"down":{"uv":[13.25,0.5,14,1.25],"rotation":90,"texture":"#0"}}},{"from":[7.26536,3.62433,5.29884],"to":[8.79402,4.70465,10.70044],"rotation":{"angle":-45,"axis":"z","origin":[8.06326,8,7.99995]},"faces":{"north":{"uv":[13.25,0.5,14,1.25],"texture":"#0"},"east":{"uv":[13.25,0.5,14,1.25],"texture":"#0"},"south":{"uv":[13.25,0.5,14,1.25],"texture":"#0"},"west":{"uv":[13.25,0.5,14,1.25],"texture":"#0"},"up":{"uv":[13.25,0.5,14,1.25],"rotation":270,"texture":"#0"},"down":{"uv":[13.25,0.5,14,1.25],"rotation":90,"texture":"#0"}}},{"from":[5.48529,5.47016,10.70044],"to":[10.88688,6.50893,11.78076],"rotation":{"angle":0,"axis":"y","origin":[8.06326,8,7.99995]},"faces":{"south":{"uv":[13.25,0.5,14,1.25],"texture":"#0"},"up":{"uv":[13.25,0.5,14,1.25],"rotation":270,"texture":"#0"}}},{"from":[7.38515,5.47016,11.41596],"to":[8.9138,6.50893,12.49628],"rotation":{"angle":-45,"axis":"y","origin":[8.06326,8,7.99995]},"faces":{"north":{"uv":[13.25,0.5,14,1.25],"texture":"#0"},"south":{"uv":[13.25,0.5,14,1.25],"texture":"#0"},"west":{"uv":[13.25,0.5,14,1.25],"texture":"#0"},"up":{"uv":[13.25,0.5,14,1.25],"rotation":270,"texture":"#0"},"down":{"uv":[13.25,0.5,14,1.25],"rotation":90,"texture":"#0"}}},{"from":[7.38642,5.47016,11.58967],"to":[8.91508,6.50893,12.66999],"rotation":{"angle":45,"axis":"y","origin":[8.06326,8,7.99995]},"faces":{"north":{"uv":[13.25,0.5,14,1.25],"texture":"#0"},"east":{"uv":[13.25,0.5,14,1.25],"texture":"#0"},"south":{"uv":[13.25,0.5,14,1.25],"texture":"#0"},"up":{"uv":[13.25,0.5,14,1.25],"rotation":270,"texture":"#0"},"down":{"uv":[13.25,0.5,14,1.25],"rotation":90,"texture":"#0"}}},{"from":[7.38599,5.47016,3.32947],"to":[8.91464,6.50893,4.40979],"rotation":{"angle":-45,"axis":"y","origin":[8.06326,8,7.99995]},"faces":{"north":{"uv":[13.25,0.5,14,1.25],"texture":"#0"},"east":{"uv":[13.25,0.5,14,1.25],"texture":"#0"},"south":{"uv":[13.25,0.5,14,1.25],"texture":"#0"},"up":{"uv":[13.25,0.5,14,1.25],"rotation":270,"texture":"#0"},"down":{"uv":[13.25,0.5,14,1.25],"rotation":90,"texture":"#0"}}},{"from":[7.38558,5.47016,3.50318],"to":[8.91423,6.50893,4.5835],"rotation":{"angle":45,"axis":"y","origin":[8.06326,8,7.99995]},"faces":{"north":{"uv":[13.25,0.5,14,1.25],"texture":"#0"},"south":{"uv":[13.25,0.5,14,1.25],"texture":"#0"},"west":{"uv":[13.25,0.5,14,1.25],"texture":"#0"},"up":{"uv":[13.25,0.5,14,1.25],"rotation":270,"texture":"#0"},"down":{"uv":[13.25,0.5,14,1.25],"rotation":90,"texture":"#0"}}},{"from":[5.48529,9.49107,4.21853],"to":[10.88688,10.52984,5.29884],"rotation":{"angle":0,"axis":"y","origin":[8.06326,8,7.99995]},"faces":{"north":{"uv":[13.25,1.25,14,0.5],"texture":"#0"},"down":{"uv":[13.25,1.25,14,0.5],"rotation":90,"texture":"#0"}}},{"from":[4.40497,9.49107,5.29884],"to":[5.48529,10.52984,10.70044],"rotation":{"angle":0,"axis":"x","origin":[8.06326,8,7.99995]},"faces":{"west":{"uv":[13.25,1.25,14,0.5],"texture":"#0"},"up":{"uv":[13.25,1.25,14,0.5],"rotation":270,"texture":"#0"},"down":{"uv":[13.25,1.25,14,0.5],"rotation":90,"texture":"#0"}}},{"from":[4.40497,8.8,7.37044],"to":[11.95497,9.83877,8.63044],"rotation":{"angle":0,"axis":"x","origin":[8.06326,8,7.99995]},"faces":{"east":{"uv":[13.25,1.25,14,0.5],"texture":"#0"},"west":{"uv":[13.25,1.25,14,0.5],"texture":"#0"},"down":{"uv":[13.25,1.25,14,0.5],"rotation":90,"texture":"#0"}}},{"from":[4.40497,8.98001,7.7245],"to":[11.95497,10.01878,8.9845],"rotation":{"angle":-22.5,"axis":"x","origin":[8.06326,8,7.99995]},"faces":{"north":{"uv":[13.25,1.25,14,0.5],"texture":"#0"},"east":{"uv":[13.25,1.25,14,0.5],"texture":"#0"},"west":{"uv":[13.25,1.25,14,0.5],"texture":"#0"}}},{"from":[4.40497,5.98122,7.7245],"to":[11.95497,7.01999,8.9845],"rotation":{"angle":22.5,"axis":"x","origin":[8.06326,8,7.99995]},"faces":{"north":{"uv":[13.25,0.5,14,1.25],"texture":"#0"},"east":{"uv":[13.25,0.5,14,1.25],"texture":"#0"},"west":{"uv":[13.25,0.5,14,1.25],"texture":"#0"}}},{"from":[4.40497,8.98038,7.0163],"to":[11.95497,10.01915,8.2763],"rotation":{"angle":22.5,"axis":"x","origin":[8.06326,8,7.99995]},"faces":{"east":{"uv":[13.25,1.25,14,0.5],"texture":"#0"},"south":{"uv":[13.25,1.25,14,0.5],"texture":"#0"},"west":{"uv":[13.25,1.25,14,0.5],"texture":"#0"}}},{"from":[4.40497,5.98085,7.0163],"to":[11.95497,7.01962,8.2763],"rotation":{"angle":-22.5,"axis":"x","origin":[8.06326,8,7.99995]},"faces":{"east":{"uv":[13.25,0.5,14,1.25],"texture":"#0"},"south":{"uv":[13.25,0.5,14,1.25],"texture":"#0"},"west":{"uv":[13.25,0.5,14,1.25],"texture":"#0"}}},{"from":[7.55614,8.8,4.23076],"to":[8.81614,9.83877,11.78076],"rotation":{"angle":0,"axis":"y","origin":[8.06326,8,7.99995]},"faces":{"north":{"uv":[14,1.25,13.25,0.5],"texture":"#0"},"south":{"uv":[14,1.25,13.25,0.5],"texture":"#0"},"down":{"uv":[13.25,0.5,14,1.25],"texture":"#0"}}},{"from":[7.19268,9.02722,4.23076],"to":[8.45268,10.06599,11.78076],"rotation":{"angle":-22.5,"axis":"z","origin":[8.06326,8,7.99995]},"faces":{"north":{"uv":[14,1.25,13.25,0.5],"texture":"#0"},"east":{"uv":[14,1.25,13.25,0.5],"texture":"#0"},"south":{"uv":[14,1.25,13.25,0.5],"texture":"#0"}}},{"from":[7.90089,8.93317,4.23076],"to":[9.16089,9.97194,11.78076],"rotation":{"angle":22.5,"axis":"z","origin":[8.06326,8,7.99995]},"faces":{"north":{"uv":[13.25,1.25,14,0.5],"texture":"#0"},"south":{"uv":[13.25,1.25,14,0.5],"texture":"#0"},"west":{"uv":[13.25,1.25,14,0.5],"texture":"#0"}}},{"from":[7.90089,6.02806,4.23076],"to":[9.16089,7.06683,11.78076],"rotation":{"angle":-22.5,"axis":"z","origin":[8.06326,8,7.99995]},"faces":{"north":{"uv":[13.25,0.5,14,1.25],"texture":"#0"},"south":{"uv":[13.25,0.5,14,1.25],"texture":"#0"},"west":{"uv":[13.25,0.5,14,1.25],"texture":"#0"}}},{"from":[7.19269,5.93401,4.23076],"to":[8.45269,6.97278,11.78076],"rotation":{"angle":22.5,"axis":"z","origin":[8.06326,8,7.99995]},"faces":{"north":{"uv":[14,0.5,13.25,1.25],"texture":"#0"},"east":{"uv":[14,0.5,13.25,1.25],"texture":"#0"},"south":{"uv":[14,0.5,13.25,1.25],"texture":"#0"}}},{"from":[7.55614,6.16123,4.23076],"to":[8.81614,7.2,11.78076],"rotation":{"angle":0,"axis":"y","origin":[8.06326,8,7.99995]},"faces":{"north":{"uv":[14,0.5,13.25,1.25],"texture":"#0"},"south":{"uv":[14,0.5,13.25,1.25],"texture":"#0"},"up":{"uv":[14,0.5,13.25,1.25],"rotation":180,"texture":"#0"}}},{"from":[4.40497,6.16123,7.37044],"to":[11.95497,7.2,8.63044],"rotation":{"angle":0,"axis":"x","origin":[8.06326,8,7.99995]},"faces":{"east":{"uv":[13.25,0.5,14,1.25],"texture":"#0"},"west":{"uv":[13.25,0.5,14,1.25],"texture":"#0"},"up":{"uv":[13.25,0.5,14,1.25],"rotation":270,"texture":"#0"}}},{"from":[10.88688,9.49107,5.29884],"to":[11.9672,10.52984,10.70044],"rotation":{"angle":0,"axis":"x","origin":[8.06326,8,7.99995]},"faces":{"east":{"uv":[13.25,1.25,14,0.5],"texture":"#0"},"up":{"uv":[13.25,1.25,14,0.5],"rotation":270,"texture":"#0"},"down":{"uv":[13.25,1.25,14,0.5],"rotation":90,"texture":"#0"}}},{"from":[5.48529,10.52984,5.29884],"to":[10.88688,11.61015,10.70044],"rotation":{"angle":0,"axis":"z","origin":[8.06326,8,7.99995]},"faces":{"up":{"uv":[13.25,1.25,14,0.5],"rotation":270,"texture":"#0"}}},{"from":[5.48529,11.38198,7.35587],"to":[10.88688,12.4623,8.88452],"rotation":{"angle":45,"axis":"x","origin":[8.06326,8,7.99995]},"faces":{"north":{"uv":[13.25,1.25,14,0.5],"texture":"#0"},"east":{"uv":[13.25,1.25,14,0.5],"texture":"#0"},"west":{"uv":[13.25,1.25,14,0.5],"texture":"#0"},"up":{"uv":[13.25,1.25,14,0.5],"rotation":270,"texture":"#0"},"down":{"uv":[13.25,1.25,14,0.5],"rotation":90,"texture":"#0"}}},{"from":[5.48529,11.38243,7.1141],"to":[10.88688,12.46275,8.64275],"rotation":{"angle":-45,"axis":"x","origin":[8.06326,8,7.99995]},"faces":{"north":{"uv":[13.25,1.25,14,0.5],"texture":"#0"},"east":{"uv":[13.25,1.25,14,0.5],"texture":"#0"},"south":{"uv":[13.25,1.25,14,0.5],"texture":"#0"},"west":{"uv":[13.25,1.25,14,0.5],"texture":"#0"},"up":{"uv":[13.25,1.25,14,0.5],"rotation":270,"texture":"#0"},"down":{"uv":[13.25,1.25,14,0.5],"rotation":90,"texture":"#0"}}},{"from":[7.50709,11.46905,5.29884],"to":[9.03575,12.54936,10.70044],"rotation":{"angle":-45,"axis":"z","origin":[8.06326,8,7.99995]},"faces":{"north":{"uv":[13.25,1.25,14,0.5],"texture":"#0"},"east":{"uv":[13.25,1.25,14,0.5],"texture":"#0"},"south":{"uv":[13.25,1.25,14,0.5],"texture":"#0"},"up":{"uv":[13.25,1.25,14,0.5],"rotation":270,"texture":"#0"},"down":{"uv":[13.25,1.25,14,0.5],"rotation":90,"texture":"#0"}}},{"from":[7.26536,11.29535,5.29884],"to":[8.79402,12.37567,10.70044],"rotation":{"angle":45,"axis":"z","origin":[8.06326,8,7.99995]},"faces":{"north":{"uv":[13.25,1.25,14,0.5],"texture":"#0"},"east":{"uv":[13.25,1.25,14,0.5],"texture":"#0"},"south":{"uv":[13.25,1.25,14,0.5],"texture":"#0"},"west":{"uv":[13.25,1.25,14,0.5],"texture":"#0"},"up":{"uv":[13.25,1.25,14,0.5],"rotation":270,"texture":"#0"},"down":{"uv":[13.25,1.25,14,0.5],"rotation":90,"texture":"#0"}}},{"from":[5.48529,9.49107,10.70044],"to":[10.88688,10.52984,11.78076],"rotation":{"angle":0,"axis":"y","origin":[8.06326,8,7.99995]},"faces":{"south":{"uv":[13.25,1.25,14,0.5],"texture":"#0"},"down":{"uv":[13.25,1.25,14,0.5],"rotation":90,"texture":"#0"}}},{"from":[7.38515,9.49107,11.41596],"to":[8.9138,10.52984,12.49628],"rotation":{"angle":-45,"axis":"y","origin":[8.06326,8,7.99995]},"faces":{"north":{"uv":[13.25,1.25,14,0.5],"texture":"#0"},"south":{"uv":[13.25,1.25,14,0.5],"texture":"#0"},"west":{"uv":[13.25,1.25,14,0.5],"texture":"#0"},"up":{"uv":[13.25,1.25,14,0.5],"rotation":270,"texture":"#0"},"down":{"uv":[13.25,1.25,14,0.5],"rotation":90,"texture":"#0"}}},{"from":[7.38642,9.49107,11.58967],"to":[8.91508,10.52984,12.66999],"rotation":{"angle":45,"axis":"y","origin":[8.06326,8,7.99995]},"faces":{"north":{"uv":[13.25,1.25,14,0.5],"texture":"#0"},"east":{"uv":[13.25,1.25,14,0.5],"texture":"#0"},"south":{"uv":[13.25,1.25,14,0.5],"texture":"#0"},"up":{"uv":[13.25,1.25,14,0.5],"rotation":270,"texture":"#0"},"down":{"uv":[13.25,1.25,14,0.5],"rotation":90,"texture":"#0"}}},{"from":[7.38599,9.49107,3.32947],"to":[8.91464,10.52984,4.40979],"rotation":{"angle":-45,"axis":"y","origin":[8.06326,8,7.99995]},"faces":{"north":{"uv":[13.25,1.25,14,0.5],"texture":"#0"},"east":{"uv":[13.25,1.25,14,0.5],"texture":"#0"},"south":{"uv":[13.25,1.25,14,0.5],"texture":"#0"},"up":{"uv":[13.25,1.25,14,0.5],"rotation":270,"texture":"#0"},"down":{"uv":[13.25,1.25,14,0.5],"rotation":90,"texture":"#0"}}},{"from":[7.38558,9.49107,3.50318],"to":[8.91423,10.52984,4.5835],"rotation":{"angle":45,"axis":"y","origin":[8.06326,8,7.99995]},"faces":{"north":{"uv":[13.25,1.25,14,0.5],"texture":"#0"},"south":{"uv":[13.25,1.25,14,0.5],"texture":"#0"},"west":{"uv":[13.25,1.25,14,0.5],"texture":"#0"},"up":{"uv":[13.25,1.25,14,0.5],"rotation":270,"texture":"#0"},"down":{"uv":[13.25,1.25,14,0.5],"rotation":90,"texture":"#0"}}},{"from":[10.7877,4.80909,8.96063],"to":[11.86802,5.33775,10.36223],"rotation":{"angle":0,"axis":"x","origin":[8.12505,8,7.96174]},"faces":{"north":{"uv":[14,0.5,13.25,1.25],"rotation":90,"texture":"#0"},"east":{"uv":[14,0.5,13.25,1.25],"rotation":180,"texture":"#0"},"south":{"uv":[14,0.5,13.25,1.25],"rotation":270,"texture":"#0"}}},{"from":[4.53198,10.66225,8.96063],"to":[5.6123,11.19091,10.36223],"rotation":{"angle":0,"axis":"x","origin":[8.27495,8,7.96174]},"faces":{"north":{"uv":[14,1.25,13.25,0.5],"rotation":90,"texture":"#0"},"south":{"uv":[14,1.25,13.25,0.5],"rotation":90,"texture":"#0"},"west":{"uv":[14,1.25,13.25,0.5],"rotation":90,"texture":"#0"},"down":{"uv":[14,1.25,13.25,0.5],"rotation":90,"texture":"#0"}}},{"from":[10.7877,4.80909,5.63777],"to":[11.86802,5.33775,7.03937],"rotation":{"angle":0,"axis":"x","origin":[8.12505,8,8.03826]},"faces":{"north":{"uv":[14,1.25,13.25,0.5],"rotation":270,"texture":"#0"},"east":{"uv":[13.25,0.5,14,1.25],"rotation":180,"texture":"#0"},"south":{"uv":[14,1.25,13.25,0.5],"rotation":90,"texture":"#0"}}},{"from":[4.53198,10.66225,5.63777],"to":[5.6123,11.19091,7.03937],"rotation":{"angle":0,"axis":"x","origin":[8.27495,8,8.03826]},"faces":{"north":{"uv":[14,1.25,13.25,0.5],"rotation":90,"texture":"#0"},"south":{"uv":[14,1.25,13.25,0.5],"rotation":90,"texture":"#0"},"west":{"uv":[14,1.25,13.25,0.5],"rotation":90,"texture":"#0"},"down":{"uv":[14,1.25,13.25,0.5],"rotation":90,"texture":"#0"}}},{"from":[4.75854,4.61658,7.29884],"to":[5.83886,5.14524,8.70044],"rotation":{"angle":0,"axis":"x","origin":[8.41681,7.64645,7.99995]},"faces":{"north":{"uv":[14,0.5,13.25,1.25],"rotation":90,"texture":"#0"},"south":{"uv":[14,0.5,13.25,1.25],"rotation":270,"texture":"#0"},"west":{"uv":[14,0.5,13.25,1.25],"texture":"#0"}}},{"from":[10.56114,10.85476,7.29884],"to":[11.64146,11.38342,8.70044],"rotation":{"angle":0,"axis":"x","origin":[7.98319,8.35355,7.99995]},"faces":{"north":{"uv":[14,1.25,13.25,0.5],"rotation":90,"texture":"#0"},"east":{"uv":[14,1.25,13.25,0.5],"rotation":90,"texture":"#0"},"south":{"uv":[14,1.25,13.25,0.5],"rotation":90,"texture":"#0"}}},{"from":[5.4854,3.88985,7.29884],"to":[8.88699,4.97016,8.70044],"rotation":{"angle":0,"axis":"z","origin":[8.06326,8,7.99995]},"faces":{"north":{"uv":[14,0.5,13.25,1.25],"texture":"#0"},"south":{"uv":[14,0.5,13.25,1.25],"texture":"#0"},"down":{"uv":[13.25,1.25,14,0.5],"rotation":90,"texture":"#0"}}},{"from":[7.51301,11.02984,7.29884],"to":[10.9146,12.11015,8.70044],"rotation":{"angle":0,"axis":"z","origin":[8.33674,8,7.99995]},"faces":{"north":{"uv":[14,1.25,13.25,0.5],"rotation":90,"texture":"#0"},"south":{"uv":[14,1.25,13.25,0.5],"rotation":90,"texture":"#0"},"up":{"uv":[14,1.25,13.25,0.5],"rotation":90,"texture":"#0"}}},{"from":[5.52923,3.88985,9.19462],"to":[7.03083,4.97016,10.39621],"rotation":{"angle":-45,"axis":"y","origin":[6.83003,4.43,9.79542]},"faces":{"north":{"uv":[13.25,1.25,14,0.5],"rotation":180,"texture":"#0"},"south":{"uv":[13.25,1.25,14,0.5],"rotation":180,"texture":"#0"},"up":{"uv":[13.25,1.25,14,0.5],"rotation":180,"texture":"#0"},"down":{"uv":[13.25,1.25,14,0.5],"rotation":180,"texture":"#0"}}},{"from":[9.36917,11.02984,9.19462],"to":[10.87077,12.11015,10.39621],"rotation":{"angle":45,"axis":"y","origin":[9.56997,11.57,9.79542]},"faces":{"north":{"uv":[14,1.25,13.25,0.5],"rotation":90,"texture":"#0"},"south":{"uv":[14,1.25,13.25,0.5],"rotation":90,"texture":"#0"},"up":{"uv":[14,1.25,13.25,0.5],"rotation":90,"texture":"#0"},"down":{"uv":[14,1.25,13.25,0.5],"rotation":90,"texture":"#0"}}},{"from":[5.52923,3.88985,5.60379],"to":[7.03083,4.97016,6.80538],"rotation":{"angle":45,"axis":"y","origin":[6.83003,4.43,6.20458]},"faces":{"north":{"uv":[14,1.25,13.25,0.5],"rotation":180,"texture":"#0"},"south":{"uv":[14,1.25,13.25,0.5],"rotation":180,"texture":"#0"},"up":{"uv":[13.25,0.5,14,1.25],"rotation":180,"texture":"#0"},"down":{"uv":[13.25,0.5,14,1.25],"rotation":180,"texture":"#0"}}},{"from":[9.36917,11.02984,5.60379],"to":[10.87077,12.11015,6.80538],"rotation":{"angle":-45,"axis":"y","origin":[9.56997,11.57,6.20458]},"faces":{"north":{"uv":[14,1.25,13.25,0.5],"rotation":90,"texture":"#0"},"south":{"uv":[14,1.25,13.25,0.5],"rotation":90,"texture":"#0"},"up":{"uv":[14,1.25,13.25,0.5],"rotation":90,"texture":"#0"},"down":{"uv":[14,1.25,13.25,0.5],"rotation":90,"texture":"#0"}}},{"from":[5.4854,3.88985,6.69884],"to":[6.68699,4.97016,9.30044],"rotation":{"angle":0,"axis":"z","origin":[6.0862,4.43,7.99964]},"faces":{"north":{"uv":[14,0.5,13.25,1.25],"texture":"#0"},"east":{"uv":[13.25,1.25,14,0.5],"rotation":180,"texture":"#0"},"west":{"uv":[13.25,1.25,14,0.5],"rotation":180,"texture":"#0"},"down":{"uv":[13.25,1.25,14,0.5],"rotation":90,"texture":"#0"}}},{"from":[9.71301,11.02984,6.69884],"to":[10.9146,12.11015,9.30044],"rotation":{"angle":0,"axis":"z","origin":[10.3138,11.57,7.99964]},"faces":{"north":{"uv":[14,1.25,13.25,0.5],"rotation":90,"texture":"#0"},"east":{"uv":[14,1.25,13.25,0.5],"rotation":90,"texture":"#0"},"west":{"uv":[14,1.25,13.25,0.5],"rotation":90,"texture":"#0"},"up":{"uv":[14,1.25,13.25,0.5],"rotation":90,"texture":"#0"}}},{"from":[5.73941,4.51121,7.29884],"to":[7.26807,5.59153,8.70044],"rotation":{"angle":45,"axis":"z","origin":[8.06326,8,7.99995]},"faces":{"north":{"uv":[14,0.5,13.25,1.25],"texture":"#0"},"south":{"uv":[14,0.5,13.25,1.25],"texture":"#0"},"down":{"uv":[13.25,1.25,14,0.5],"rotation":90,"texture":"#0"}}},{"from":[9.13193,10.40847,7.29884],"to":[10.66059,11.48879,8.70044],"rotation":{"angle":45,"axis":"z","origin":[8.33674,8,7.99995]},"faces":{"north":{"uv":[14,1.25,13.25,0.5],"rotation":90,"texture":"#0"},"east":{"uv":[14,1.25,13.25,0.5],"rotation":90,"texture":"#0"},"south":{"uv":[14,1.25,13.25,0.5],"rotation":90,"texture":"#0"},"west":{"uv":[14,1.25,13.25,0.5],"rotation":90,"texture":"#0"},"up":{"uv":[14,1.25,13.25,0.5],"rotation":90,"texture":"#0"},"down":{"uv":[14,1.25,13.25,0.5],"rotation":90,"texture":"#0"}}},{"from":[8.11891,3.27077,7.09884],"to":[9.14757,4.35109,8.90044],"rotation":{"angle":-45,"axis":"z","origin":[8.06326,8,7.99995]},"faces":{"north":{"uv":[13.25,0.5,14,1.25],"texture":"#0"},"east":{"uv":[13.25,1.25,14,0.5],"rotation":180,"texture":"#0"},"south":{"uv":[13.25,0.5,14,1.25],"texture":"#0"},"west":{"uv":[13.25,1.25,14,0.5],"rotation":180,"texture":"#0"},"down":{"uv":[13.25,0.5,14,1.25],"rotation":90,"texture":"#0"}}},{"from":[7.25243,11.64891,7.09884],"to":[8.28109,12.72923,8.90044],"rotation":{"angle":-45,"axis":"z","origin":[8.33674,8,7.99995]},"faces":{"north":{"uv":[14,1.25,13.25,0.5],"rotation":90,"texture":"#0"},"east":{"uv":[14,1.25,13.25,0.5],"rotation":90,"texture":"#0"},"south":{"uv":[14,1.25,13.25,0.5],"rotation":90,"texture":"#0"},"west":{"uv":[14,1.25,13.25,0.5],"rotation":90,"texture":"#0"},"up":{"uv":[14,1.25,13.25,0.5],"rotation":90,"texture":"#0"}}},{"from":[6.54719,3.88985,8.96063],"to":[10.94878,4.97016,10.36223],"rotation":{"angle":0,"axis":"z","origin":[8.12505,8,7.96174]},"faces":{"north":{"uv":[13.25,0.5,14,1.25],"texture":"#0"},"south":{"uv":[13.25,0.5,14,1.25],"texture":"#0"},"down":{"uv":[14,1.25,13.25,0.5],"rotation":90,"texture":"#0"}}},{"from":[5.45122,11.02984,8.96063],"to":[9.85281,12.11015,10.36223],"rotation":{"angle":0,"axis":"z","origin":[8.27495,8,7.96174]},"faces":{"north":{"uv":[14,1.25,13.25,0.5],"rotation":90,"texture":"#0"},"south":{"uv":[14,1.25,13.25,0.5],"rotation":90,"texture":"#0"},"up":{"uv":[14,1.25,13.25,0.5],"rotation":90,"texture":"#0"}}},{"from":[6.54719,3.88985,5.63777],"to":[10.94878,4.97016,7.03937],"rotation":{"angle":0,"axis":"z","origin":[8.12505,8,8.03826]},"faces":{"north":{"uv":[14,0.5,13.25,1.25],"texture":"#0"},"south":{"uv":[14,0.5,13.25,1.25],"texture":"#0"},"down":{"uv":[13.25,1.25,14,0.5],"rotation":90,"texture":"#0"}}},{"from":[5.45122,11.02984,5.63777],"to":[9.85281,12.11015,7.03937],"rotation":{"angle":0,"axis":"z","origin":[8.27495,8,8.03826]},"faces":{"north":{"uv":[14,1.25,13.25,0.5],"rotation":90,"texture":"#0"},"south":{"uv":[14,1.25,13.25,0.5],"rotation":90,"texture":"#0"},"up":{"uv":[14,1.25,13.25,0.5],"rotation":90,"texture":"#0"}}},{"from":[7.21541,3.097,8.96063],"to":[8.51541,4.17732,10.36223],"rotation":{"angle":45,"axis":"z","origin":[8.12504,8.00001,7.96174]},"faces":{"north":{"uv":[13.25,0.5,14,1.25],"texture":"#0"},"south":{"uv":[13.25,0.5,14,1.25],"texture":"#0"},"down":{"uv":[14,1.25,13.25,0.5],"rotation":90,"texture":"#0"}}},{"from":[7.88459,11.82268,8.96063],"to":[9.18459,12.903,10.36223],"rotation":{"angle":45,"axis":"z","origin":[8.27496,7.99999,7.96174]},"faces":{"north":{"uv":[14,1.25,13.25,0.5],"rotation":90,"texture":"#0"},"south":{"uv":[14,1.25,13.25,0.5],"rotation":90,"texture":"#0"},"up":{"uv":[14,1.25,13.25,0.5],"rotation":90,"texture":"#0"}}},{"from":[7.21541,3.097,5.63777],"to":[8.51541,4.17732,7.03937],"rotation":{"angle":45,"axis":"z","origin":[8.12504,8.00001,8.03826]},"faces":{"north":{"uv":[14,0.5,13.25,1.25],"texture":"#0"},"south":{"uv":[14,0.5,13.25,1.25],"texture":"#0"},"down":{"uv":[13.25,1.25,14,0.5],"rotation":90,"texture":"#0"}}},{"from":[7.88459,11.82268,5.63777],"to":[9.18459,12.903,7.03937],"rotation":{"angle":45,"axis":"z","origin":[8.27496,7.99999,8.03826]},"faces":{"north":{"uv":[14,1.25,13.25,0.5],"rotation":90,"texture":"#0"},"south":{"uv":[14,1.25,13.25,0.5],"rotation":90,"texture":"#0"},"up":{"uv":[14,1.25,13.25,0.5],"rotation":90,"texture":"#0"}}},{"from":[7.09463,6.1612,4.00392],"to":[8.10463,7.19997,4.67392],"rotation":{"angle":22.5,"axis":"y","origin":[8.06326,8,7.99995]},"faces":{"north":{"uv":[13.25,0.5,14,1.25],"texture":"#0"},"east":{"uv":[13.25,0.5,14,1.25],"texture":"#0"},"west":{"uv":[13.25,0.5,14,1.25],"texture":"#0"},"up":{"uv":[13.25,0.5,14,1.25],"rotation":270,"texture":"#0"},"down":{"uv":[13.25,0.5,14,1.25],"rotation":90,"texture":"#0"}}},{"from":[7.09463,8.80003,4.00392],"to":[8.10463,9.8388,4.67392],"rotation":{"angle":22.5,"axis":"y","origin":[8.06326,8,7.99995]},"faces":{"north":{"uv":[13.25,1.25,14,0.5],"texture":"#0"},"east":{"uv":[13.25,1.25,14,0.5],"texture":"#0"},"west":{"uv":[13.25,1.25,14,0.5],"texture":"#0"},"up":{"uv":[13.25,1.25,14,0.5],"rotation":270,"texture":"#0"},"down":{"uv":[13.25,1.25,14,0.5],"rotation":90,"texture":"#0"}}},{"from":[8.24895,6.1612,3.90986],"to":[9.25895,7.19997,4.57986],"rotation":{"angle":-22.5,"axis":"y","origin":[8.06326,8,7.99995]},"faces":{"north":{"uv":[14,0.5,13.25,1.25],"texture":"#0"},"east":{"uv":[14,0.5,13.25,1.25],"texture":"#0"},"west":{"uv":[14,0.5,13.25,1.25],"texture":"#0"},"up":{"uv":[13.25,1.25,14,0.5],"rotation":270,"texture":"#0"},"down":{"uv":[13.25,1.25,14,0.5],"rotation":90,"texture":"#0"}}},{"from":[8.24895,8.80003,3.90986],"to":[9.25895,9.8388,4.57986],"rotation":{"angle":-22.5,"axis":"y","origin":[8.06326,8,7.99995]},"faces":{"north":{"uv":[14,1.25,13.25,0.5],"texture":"#0"},"east":{"uv":[14,1.25,13.25,0.5],"texture":"#0"},"west":{"uv":[14,1.25,13.25,0.5],"texture":"#0"},"up":{"uv":[13.25,0.5,14,1.25],"rotation":270,"texture":"#0"},"down":{"uv":[13.25,0.5,14,1.25],"rotation":90,"texture":"#0"}}},{"from":[8.24919,6.1612,11.41946],"to":[9.25919,7.19997,12.08946],"rotation":{"angle":22.5,"axis":"y","origin":[8.06326,8,7.99995]},"faces":{"east":{"uv":[13.25,0.5,14,1.25],"texture":"#0"},"south":{"uv":[13.25,0.5,14,1.25],"texture":"#0"},"west":{"uv":[13.25,0.5,14,1.25],"texture":"#0"},"up":{"uv":[14,1.25,13.25,0.5],"rotation":270,"texture":"#0"},"down":{"uv":[14,1.25,13.25,0.5],"rotation":90,"texture":"#0"}}},{"from":[8.24919,8.80003,11.41946],"to":[9.25919,9.8388,12.08946],"rotation":{"angle":22.5,"axis":"y","origin":[8.06326,8,7.99995]},"faces":{"east":{"uv":[13.25,1.25,14,0.5],"texture":"#0"},"south":{"uv":[13.25,1.25,14,0.5],"texture":"#0"},"west":{"uv":[13.25,1.25,14,0.5],"texture":"#0"},"up":{"uv":[14,0.5,13.25,1.25],"rotation":270,"texture":"#0"},"down":{"uv":[14,0.5,13.25,1.25],"rotation":90,"texture":"#0"}}},{"from":[7.09439,6.1612,11.3254],"to":[8.10439,7.19997,11.9954],"rotation":{"angle":-22.5,"axis":"y","origin":[8.06326,8,7.99995]},"faces":{"east":{"uv":[14,0.5,13.25,1.25],"texture":"#0"},"south":{"uv":[14,0.5,13.25,1.25],"texture":"#0"},"west":{"uv":[14,0.5,13.25,1.25],"texture":"#0"},"up":{"uv":[14,0.5,13.25,1.25],"rotation":270,"texture":"#0"},"down":{"uv":[14,0.5,13.25,1.25],"rotation":90,"texture":"#0"}}},{"from":[7.09439,8.80003,11.3254],"to":[8.10439,9.8388,11.9954],"rotation":{"angle":-22.5,"axis":"y","origin":[8.06326,8,7.99995]},"faces":{"east":{"uv":[14,1.25,13.25,0.5],"texture":"#0"},"south":{"uv":[14,1.25,13.25,0.5],"texture":"#0"},"west":{"uv":[14,1.25,13.25,0.5],"texture":"#0"},"up":{"uv":[14,1.25,13.25,0.5],"rotation":270,"texture":"#0"},"down":{"uv":[14,1.25,13.25,0.5],"rotation":90,"texture":"#0"}}},{"from":[4.1339,6.1612,6.87035],"to":[4.8039,7.19997,7.88035],"rotation":{"angle":-22.5,"axis":"y","origin":[8.06326,8,7.99995]},"faces":{"north":{"uv":[13.25,0.5,14,1.25],"texture":"#0"},"south":{"uv":[13.25,0.5,14,1.25],"texture":"#0"},"west":{"uv":[13.25,0.5,14,1.25],"texture":"#0"},"up":{"uv":[13.25,0.5,14,1.25],"rotation":270,"texture":"#0"},"down":{"uv":[13.25,0.5,14,1.25],"rotation":90,"texture":"#0"}}},{"from":[4.1339,8.80003,6.87035],"to":[4.8039,9.8388,7.88035],"rotation":{"angle":-22.5,"axis":"y","origin":[8.06326,8,7.99995]},"faces":{"north":{"uv":[13.25,1.25,14,0.5],"texture":"#0"},"south":{"uv":[13.25,1.25,14,0.5],"texture":"#0"},"west":{"uv":[13.25,1.25,14,0.5],"texture":"#0"},"up":{"uv":[13.25,1.25,14,0.5],"rotation":270,"texture":"#0"},"down":{"uv":[13.25,1.25,14,0.5],"rotation":90,"texture":"#0"}}},{"from":[4.13414,6.1612,8.11897],"to":[4.80414,7.19997,9.12897],"rotation":{"angle":22.5,"axis":"y","origin":[8.06326,8,7.99995]},"faces":{"north":{"uv":[14,0.5,13.25,1.25],"texture":"#0"},"south":{"uv":[14,0.5,13.25,1.25],"texture":"#0"},"west":{"uv":[14,0.5,13.25,1.25],"texture":"#0"},"up":{"uv":[14,0.5,13.25,1.25],"rotation":270,"texture":"#0"},"down":{"uv":[14,0.5,13.25,1.25],"rotation":90,"texture":"#0"}}},{"from":[4.13414,8.80003,8.11897],"to":[4.80414,9.8388,9.12897],"rotation":{"angle":22.5,"axis":"y","origin":[8.06326,8,7.99995]},"faces":{"north":{"uv":[14,1.25,13.25,0.5],"texture":"#0"},"south":{"uv":[14,1.25,13.25,0.5],"texture":"#0"},"west":{"uv":[14,1.25,13.25,0.5],"texture":"#0"},"up":{"uv":[14,1.25,13.25,0.5],"rotation":270,"texture":"#0"},"down":{"uv":[14,1.25,13.25,0.5],"rotation":90,"texture":"#0"}}},{"from":[11.54944,6.1612,8.02491],"to":[12.21944,7.19997,9.03491],"rotation":{"angle":-22.5,"axis":"y","origin":[8.06326,8,7.99995]},"faces":{"north":{"uv":[13.25,0.5,14,1.25],"texture":"#0"},"east":{"uv":[13.25,0.5,14,1.25],"texture":"#0"},"south":{"uv":[13.25,0.5,14,1.25],"texture":"#0"},"up":{"uv":[14,1.25,13.25,0.5],"rotation":270,"texture":"#0"},"down":{"uv":[14,1.25,13.25,0.5],"rotation":90,"texture":"#0"}}},{"from":[11.54944,8.80003,8.02491],"to":[12.21944,9.8388,9.03491],"rotation":{"angle":-22.5,"axis":"y","origin":[8.06326,8,7.99995]},"faces":{"north":{"uv":[13.25,1.25,14,0.5],"texture":"#0"},"east":{"uv":[13.25,1.25,14,0.5],"texture":"#0"},"south":{"uv":[13.25,1.25,14,0.5],"texture":"#0"},"up":{"uv":[14,0.5,13.25,1.25],"rotation":270,"texture":"#0"},"down":{"uv":[14,0.5,13.25,1.25],"rotation":90,"texture":"#0"}}},{"from":[11.54968,6.1612,6.96441],"to":[12.21968,7.19997,7.97441],"rotation":{"angle":22.5,"axis":"y","origin":[8.06326,8,7.99995]},"faces":{"north":{"uv":[14,0.5,13.25,1.25],"texture":"#0"},"east":{"uv":[14,0.5,13.25,1.25],"texture":"#0"},"south":{"uv":[14,0.5,13.25,1.25],"texture":"#0"},"up":{"uv":[13.25,1.25,14,0.5],"rotation":270,"texture":"#0"},"down":{"uv":[13.25,1.25,14,0.5],"rotation":90,"texture":"#0"}}},{"from":[11.54968,8.80003,6.96441],"to":[12.21968,9.8388,7.97441],"rotation":{"angle":22.5,"axis":"y","origin":[8.06326,8,7.99995]},"faces":{"north":{"uv":[14,1.25,13.25,0.5],"texture":"#0"},"east":{"uv":[14,1.25,13.25,0.5],"texture":"#0"},"south":{"uv":[14,1.25,13.25,0.5],"texture":"#0"},"up":{"uv":[13.25,0.5,14,1.25],"rotation":270,"texture":"#0"},"down":{"uv":[13.25,0.5,14,1.25],"rotation":90,"texture":"#0"}}},{"from":[2.75352,7.46,7.54662],"to":[4.03352,8.54,8.62662],"rotation":{"angle":45,"axis":"y","origin":[8.06326,8,7.99995]},"faces":{"north":{"uv":[15,0.5,15.25,1],"rotation":90,"texture":"#0"},"south":{"uv":[15,0.5,15.25,1],"rotation":270,"texture":"#0"},"west":{"uv":[15,0.5,15.25,1],"rotation":180,"texture":"#0"},"up":{"uv":[15,0.5,15.25,1],"rotation":270,"texture":"#0"},"down":{"uv":[15,0.5,15.25,1],"rotation":270,"texture":"#0"}}},{"from":[3.55352,7.36,7.44662],"to":[4.83352,8.64,8.72662],"rotation":{"angle":45,"axis":"y","origin":[8.06326,8,7.99995]},"faces":{"north":{"uv":[15,0.5,15.25,1],"rotation":90,"texture":"#0"},"south":{"uv":[15,0.5,15.25,1],"rotation":270,"texture":"#0"},"west":{"uv":[15,0.5,15.25,1],"rotation":180,"texture":"#0"},"up":{"uv":[15,0.5,15.25,1],"rotation":270,"texture":"#0"},"down":{"uv":[15,0.5,15.25,1],"rotation":270,"texture":"#0"}}},{"from":[1.95352,7.56,7.64662],"to":[4.03352,8.44,8.52662],"rotation":{"angle":45,"axis":"y","origin":[8.06326,8,7.99995]},"faces":{"north":{"uv":[15,0.5,15.25,1],"rotation":90,"texture":"#0"},"south":{"uv":[15,0.5,15.25,1],"rotation":270,"texture":"#0"},"west":{"uv":[15.75,8.75,8.75,15.75],"rotation":180,"texture":"#0"},"up":{"uv":[15,0.5,15.25,1],"rotation":270,"texture":"#0"},"down":{"uv":[15,0.5,15.25,1],"rotation":270,"texture":"#0"}}},{"from":[1.95307,7.56,7.47284],"to":[4.03307,8.44,8.35284],"rotation":{"angle":-45,"axis":"y","origin":[8.06326,8,7.99995]},"faces":{"north":{"uv":[15,1,15.25,0.5],"rotation":270,"texture":"#0"},"south":{"uv":[15,1,15.25,0.5],"rotation":90,"texture":"#0"},"west":{"uv":[15.75,8.75,8.75,15.75],"rotation":180,"texture":"#0"},"up":{"uv":[15.25,0.5,15,1],"rotation":270,"texture":"#0"},"down":{"uv":[15.25,0.5,15,1],"rotation":270,"texture":"#0"}}},{"from":[2.75307,7.46,7.37284],"to":[4.03307,8.54,8.45284],"rotation":{"angle":-45,"axis":"y","origin":[8.06326,8,7.99995]},"faces":{"north":{"uv":[15,1,15.25,0.5],"rotation":270,"texture":"#0"},"south":{"uv":[15,1,15.25,0.5],"rotation":90,"texture":"#0"},"west":{"uv":[15.25,0.5,15,1],"rotation":180,"texture":"#0"},"up":{"uv":[15.25,0.5,15,1],"rotation":270,"texture":"#0"},"down":{"uv":[15.25,0.5,15,1],"rotation":270,"texture":"#0"}}},{"from":[3.55307,7.36,7.27284],"to":[4.83307,8.64,8.55284],"rotation":{"angle":-45,"axis":"y","origin":[8.06326,8,7.99995]},"faces":{"north":{"uv":[15,1,15.25,0.5],"rotation":270,"texture":"#0"},"south":{"uv":[15,1,15.25,0.5],"rotation":90,"texture":"#0"},"west":{"uv":[15.25,0.5,15,1],"rotation":180,"texture":"#0"},"up":{"uv":[15.25,0.5,15,1],"rotation":270,"texture":"#0"},"down":{"uv":[15.25,0.5,15,1],"rotation":270,"texture":"#0"}}},{"from":[12.26723,7.46,7.54662],"to":[13.54723,8.54,8.62662],"rotation":{"angle":45,"axis":"y","origin":[8.06326,8,7.99995]},"faces":{"north":{"uv":[15,0.5,15.25,1],"rotation":270,"texture":"#0"},"east":{"uv":[15,0.5,15.25,1],"rotation":180,"texture":"#0"},"south":{"uv":[15,0.5,15.25,1],"rotation":90,"texture":"#0"},"up":{"uv":[15.25,1,15,0.5],"rotation":270,"texture":"#0"},"down":{"uv":[15.25,1,15,0.5],"rotation":270,"texture":"#0"}}},{"from":[12.26723,7.56,7.64662],"to":[14.34723,8.44,8.52662],"rotation":{"angle":45,"axis":"y","origin":[8.06326,8,7.99995]},"faces":{"north":{"uv":[15,0.5,15.25,1],"rotation":270,"texture":"#0"},"east":{"uv":[15.75,8.75,8.75,15.75],"rotation":180,"texture":"#0"},"south":{"uv":[15,0.5,15.25,1],"rotation":90,"texture":"#0"},"up":{"uv":[15.25,1,15,0.5],"rotation":270,"texture":"#0"},"down":{"uv":[15.25,1,15,0.5],"rotation":270,"texture":"#0"}}},{"from":[11.46723,7.36,7.44662],"to":[12.74723,8.64,8.72662],"rotation":{"angle":45,"axis":"y","origin":[8.06326,8,7.99995]},"faces":{"north":{"uv":[15,0.5,15.25,1],"rotation":270,"texture":"#0"},"east":{"uv":[15,0.5,15.25,1],"rotation":180,"texture":"#0"},"south":{"uv":[15,0.5,15.25,1],"rotation":90,"texture":"#0"},"up":{"uv":[15.25,1,15,0.5],"rotation":270,"texture":"#0"},"down":{"uv":[15.25,1,15,0.5],"rotation":270,"texture":"#0"}}},{"from":[12.26678,7.56,7.47284],"to":[14.34678,8.44,8.35284],"rotation":{"angle":-45,"axis":"y","origin":[8.06326,8,7.99995]},"faces":{"north":{"uv":[15,1,15.25,0.5],"rotation":90,"texture":"#0"},"east":{"uv":[15.75,8.75,8.75,15.75],"rotation":180,"texture":"#0"},"south":{"uv":[15,1,15.25,0.5],"rotation":270,"texture":"#0"},"up":{"uv":[15,1,15.25,0.5],"rotation":270,"texture":"#0"},"down":{"uv":[15,1,15.25,0.5],"rotation":270,"texture":"#0"}}},{"from":[12.26678,7.46,7.37284],"to":[13.54678,8.54,8.45284],"rotation":{"angle":-45,"axis":"y","origin":[8.06326,8,7.99995]},"faces":{"north":{"uv":[15,1,15.25,0.5],"rotation":90,"texture":"#0"},"east":{"uv":[15.25,0.5,15,1],"rotation":180,"texture":"#0"},"south":{"uv":[15,1,15.25,0.5],"rotation":270,"texture":"#0"},"up":{"uv":[15,1,15.25,0.5],"rotation":270,"texture":"#0"},"down":{"uv":[15,1,15.25,0.5],"rotation":270,"texture":"#0"}}},{"from":[11.46678,7.36,7.27284],"to":[12.74678,8.64,8.55284],"rotation":{"angle":-45,"axis":"y","origin":[8.06326,8,7.99995]},"faces":{"north":{"uv":[15,1,15.25,0.5],"rotation":90,"texture":"#0"},"east":{"uv":[15.25,0.5,15,1],"rotation":180,"texture":"#0"},"south":{"uv":[15,1,15.25,0.5],"rotation":270,"texture":"#0"},"up":{"uv":[15,1,15.25,0.5],"rotation":270,"texture":"#0"},"down":{"uv":[15,1,15.25,0.5],"rotation":270,"texture":"#0"}}}],"display":{"thirdperson_righthand":{"scale":[0,0,0]},"thirdperson_lefthand":{"scale":[0,0,0]},"firstperson_righthand":{"scale":[0,0,0]},"firstperson_lefthand":{"scale":[0,0,0]},"gui":{"rotation":[30,50,0],"translation":[-0.25,0,0],"scale":[1.2,1.2,1.2]},"head":{"rotation":[0,-90,0],"translation":[0.01,-19,-0.32],"scale":[3.6,3.6,3.6]}}}