{"credit":"Designed by Ramonaskye with BDcraft Cubik PRO 0.96 Beta - http://bdcraft.net","textures":{"texture":"pokemon_skins/regular/snubbull/snubbull","snubbull_details":"pokemon_skins/regular/snubbull/snubbull_details"},"elements":[{"from":[4.22208,0,5.25],"to":[7.72208,1.5,9.75],"rotation":{"angle":-22.5,"axis":"y","origin":[4.22208,0,5.25]},"faces":{"north":{"uv":[12.5,1,15.25,2],"texture":"#snubbull_details"},"east":{"uv":[12.5,0.5,14.75,2],"texture":"#snubbull_details"},"south":{"uv":[12.5,2.25,15.25,3.25],"texture":"#snubbull_details"},"west":{"uv":[12.5,0.5,14.75,2],"texture":"#snubbull_details"},"up":{"uv":[12.5,0.25,15.25,3.25],"texture":"#snubbull_details"},"down":{"uv":[12.5,0.25,15.25,3.25],"texture":"#snubbull_details"}}},{"from":[8.5,0,6.5],"to":[12,1.5,11],"rotation":{"angle":22.5,"axis":"y","origin":[8.5,0,6.5]},"faces":{"north":{"uv":[12.5,1,15.25,2],"texture":"#snubbull_details"},"east":{"uv":[12.5,0.5,14.75,2],"texture":"#snubbull_details"},"south":{"uv":[12.5,2.25,15.25,3.25],"texture":"#snubbull_details"},"west":{"uv":[12.5,0.5,14.75,2],"texture":"#snubbull_details"},"up":{"uv":[12.5,0.25,15.25,3.25],"texture":"#snubbull_details"},"down":{"uv":[12.5,0.25,15.25,3.25],"texture":"#snubbull_details"}}},{"from":[4.75,1.5,6],"to":[7,4.25,8],"faces":{"north":{"uv":[12.5,1,15.25,2],"texture":"#snubbull_details"},"east":{"uv":[12.5,0.5,14.75,2],"texture":"#snubbull_details"},"south":{"uv":[12.5,1,15.25,2],"texture":"#snubbull_details"},"west":{"uv":[12.5,0.5,14.75,2],"texture":"#snubbull_details"},"up":{"uv":[12.5,0.25,15,1.75],"texture":"#snubbull_details"},"down":{"uv":[12.5,0.25,15,1.75],"texture":"#snubbull_details"}}},{"from":[9.25,1.5,6],"to":[11.25,4,8],"faces":{"north":{"uv":[12.5,1,15.25,2],"texture":"#snubbull_details"},"east":{"uv":[12.5,0.5,14.75,2],"texture":"#snubbull_details"},"south":{"uv":[12.5,1,15.25,2],"texture":"#snubbull_details"},"west":{"uv":[12.5,0.5,14.75,2],"texture":"#snubbull_details"},"up":{"uv":[12.5,0.25,15,1.75],"texture":"#snubbull_details"},"down":{"uv":[12.5,0.25,15,1.75],"texture":"#snubbull_details"}}},{"from":[3.75,4,4],"to":[12.25,10.25,10.5],"faces":{"north":{"uv":[3.75,5.75,12.25,12],"texture":"#texture"},"east":{"uv":[5.5,5.75,12,12],"texture":"#texture"},"south":{"uv":[3.75,5.75,12.25,12],"texture":"#texture"},"west":{"uv":[4,5.75,10.5,12],"texture":"#texture"},"up":{"uv":[3.75,4,12.25,10.5],"texture":"#texture"},"down":{"uv":[12.25,10.5,3.75,4],"texture":"#texture"}}},{"from":[1,9.875,1],"to":[15,9.9375,14],"faces":{"up":{"uv":[6.75,9.5,10.75,13.5],"texture":"#snubbull_details"},"down":{"uv":[6.75,9.5,10.75,13.5],"texture":"#snubbull_details"}}},{"from":[3.75,2.5,4],"to":[12.25,6.25,4.0625],"faces":{"north":{"uv":[13,12.25,15,13],"texture":"#snubbull_details"}}},{"from":[3.75,2.5,10.5],"to":[12.25,6.25,10.5625],"faces":{"south":{"uv":[13,12.25,15,13],"texture":"#snubbull_details"}}},{"from":[3.75,2.5,4],"to":[3.8125,6.25,10.5],"faces":{"west":{"uv":[13,12.25,15,13],"texture":"#snubbull_details"}}},{"from":[12.25,2.5,4],"to":[12.3125,6.25,10.5],"faces":{"east":{"uv":[13,12.25,15,13],"texture":"#snubbull_details"}}},{"from":[3.25,10.25,3.75],"to":[12.5,16.75,11],"faces":{"north":{"uv":[3.5,0,12.75,5.75],"texture":"#texture"},"east":{"uv":[5,0,12.25,5.75],"texture":"#texture"},"south":{"uv":[3.25,0,12.5,5.75],"texture":"#texture"},"west":{"uv":[3.75,0,11,5.75],"texture":"#texture"},"up":{"uv":[3.25,3.75,12.5,11],"texture":"#texture"},"down":{"uv":[12.75,11,3.5,3.75],"texture":"#texture"}}},{"from":[3.75,11.75,7.75],"to":[12,15.5,11.25],"rotation":{"angle":-22.5,"axis":"x","origin":[3.75,15.5,7.75]},"faces":{"north":{"uv":[4,0,12.25,4.25],"texture":"#texture"},"east":{"uv":[4.75,0,8,4.25],"texture":"#texture"},"south":{"uv":[3.75,0,12,4.25],"texture":"#texture"},"west":{"uv":[8,0,11.25,4.25],"texture":"#texture"},"up":{"uv":[3.75,8,12,11.25],"texture":"#texture"},"down":{"uv":[12.25,11.25,4,8],"texture":"#texture"}}},{"from":[3.75,10.25,9],"to":[12,13.5,12.5],"faces":{"north":{"uv":[4,0,12.25,4.25],"texture":"#texture"},"east":{"uv":[4.75,0,8,4.25],"texture":"#texture"},"south":{"uv":[3.75,0,12,4.25],"texture":"#texture"},"west":{"uv":[8,0,11.25,4.25],"texture":"#texture"},"up":{"uv":[3.75,8,12,11.25],"texture":"#texture"},"down":{"uv":[12.25,11.25,4,8],"texture":"#texture"}}},{"from":[6.25,10,9.5],"to":[9.5,13,13],"faces":{"north":{"uv":[4,0,12.25,4.25],"texture":"#texture"},"east":{"uv":[4.75,0,8,4.25],"texture":"#texture"},"south":{"uv":[3.75,0,12,4.25],"texture":"#texture"},"west":{"uv":[8,0,11.25,4.25],"texture":"#texture"},"up":{"uv":[3.75,8,12,11.25],"texture":"#texture"},"down":{"uv":[12.25,11.25,4,8],"texture":"#texture"}}},{"from":[-0.75,14.25,4],"to":[4.75,20.25,4.0625],"rotation":{"angle":-45,"axis":"x","origin":[-0.75,20.25,4]},"faces":{"north":{"uv":[15.75,4.5,11,8.5],"texture":"#snubbull_details"},"south":{"uv":[11,4.5,15.75,8.5],"texture":"#snubbull_details"}}},{"from":[2.75,10,3.25],"to":[13,13.75,11],"faces":{"north":{"uv":[3,2.25,13.25,6],"texture":"#texture"},"east":{"uv":[5,2.25,12.75,6],"texture":"#texture"},"south":{"uv":[2.75,2.25,13,6],"texture":"#texture"},"west":{"uv":[3.25,2.25,11,6],"texture":"#texture"},"up":{"uv":[2.75,3.25,13,11],"texture":"#texture"},"down":{"uv":[13.25,11,3,3.25],"texture":"#texture"}}},{"from":[-0.25,6.5,6],"to":[4.75,8.25,7.75],"rotation":{"angle":22.5,"axis":"z","origin":[-0.25,8.25,6]},"faces":{"north":{"uv":[0,6.75,1,8],"texture":"#texture"},"east":{"uv":[0,6.75,1,8],"texture":"#texture"},"south":{"uv":[0,6.75,1,8],"texture":"#texture"},"west":{"uv":[0,6.75,1,8],"texture":"#texture"},"up":{"uv":[0,6.75,1,8],"texture":"#texture"},"down":{"uv":[0,6.75,1,8],"texture":"#texture"}}},{"from":[11.75,8.25,6],"to":[16.75,10,7.75],"rotation":{"angle":-22.5,"axis":"z","origin":[11.75,10,6]},"faces":{"north":{"uv":[0,6.75,1,8],"texture":"#texture"},"east":{"uv":[0,6.75,1,8],"texture":"#texture"},"south":{"uv":[0,6.75,1,8],"texture":"#texture"},"west":{"uv":[0,6.75,1,8],"texture":"#texture"},"up":{"uv":[0,6.75,1,8],"texture":"#texture"},"down":{"uv":[0,6.75,1,8],"texture":"#texture"}}},{"from":[4.75,16.75,4.25],"to":[11,17.5,10.5],"faces":{"north":{"uv":[4.75,0,9.75,1],"texture":"#texture"},"east":{"uv":[4.75,0,9.75,1],"texture":"#texture"},"south":{"uv":[4.75,0,9.75,1],"texture":"#texture"},"west":{"uv":[4.75,0,9.75,1],"texture":"#texture"},"up":{"uv":[4.75,0,9.75,4],"texture":"#texture"},"down":{"uv":[4.75,0,9.75,4],"texture":"#texture"}}},{"from":[5.5,12,12.75],"to":[6.5,13,12.8125],"rotation":{"angle":45,"axis":"z","origin":[5.5,13,12.75]},"faces":{"north":{"uv":[7.75,5.25,8.5,6],"texture":"#snubbull_details"},"south":{"uv":[7.75,5.25,8.5,6],"texture":"#snubbull_details"}}},{"from":[9.5,12.6875,12.75],"to":[10.5,13.6875,12.8125],"rotation":{"angle":-45,"axis":"z","origin":[9.5,13.6875,12.75]},"faces":{"north":{"uv":[7.75,5.25,8.5,6],"texture":"#snubbull_details"},"south":{"uv":[7.75,5.25,8.5,6],"texture":"#snubbull_details"}}},{"from":[4.75,13.75,11.3125],"to":[7.25,16,11.375],"rotation":{"angle":-22.5,"axis":"x","origin":[4.75,16,11.3125]},"faces":{"south":{"uv":[1,0.75,5,4.5],"texture":"#snubbull_details"}}},{"from":[8.1875,13.75,11.3125],"to":[10.6875,16,11.375],"rotation":{"angle":-22.5,"axis":"x","origin":[8.1875,16,11.3125]},"faces":{"south":{"uv":[5,0.75,1,4.5],"texture":"#snubbull_details"}}},{"from":[7.25,13.25,9.5],"to":[8.25,13.75,13],"faces":{"north":{"uv":[7.25,3.25,8.25,3.75],"texture":"#snubbull_details"},"east":{"uv":[7.5,3.25,8,4],"texture":"#snubbull_details"},"south":{"uv":[7.25,3.25,8.25,3.75],"texture":"#snubbull_details"},"west":{"uv":[7.5,3.25,8,4],"texture":"#snubbull_details"},"up":{"uv":[7.25,3.25,8,3.75],"texture":"#snubbull_details"},"down":{"uv":[7.25,3.25,8,3.75],"texture":"#snubbull_details"}}},{"from":[4.75,4.5,10.5625],"to":[7,7.5,10.625],"faces":{"south":{"uv":[1,11.75,3.75,15.5],"texture":"#snubbull_details"}}},{"from":[9,4.5,10.5625],"to":[11.25,7.5,10.625],"faces":{"south":{"uv":[1,11.75,3.75,15.5],"texture":"#snubbull_details"}}},{"from":[4.75,4.5,3.9375],"to":[7,7.5,4],"faces":{"north":{"uv":[1,11.75,3.75,15.5],"texture":"#snubbull_details"}}},{"from":[9,4.5,3.9375],"to":[11.25,7.5,4],"faces":{"north":{"uv":[1,11.75,3.75,15.5],"texture":"#snubbull_details"}}},{"from":[3.6875,4.5,7.75],"to":[3.75,7.5,10],"faces":{"west":{"uv":[1,11.75,3.75,15.5],"texture":"#snubbull_details"}}},{"from":[3.6875,4.5,4.75],"to":[3.75,7.5,7],"faces":{"west":{"uv":[1,11.75,3.75,15.5],"texture":"#snubbull_details"}}},{"from":[12.3125,4.5,4.75],"to":[12.375,7.5,7],"faces":{"east":{"uv":[1,11.75,3.75,15.5],"texture":"#snubbull_details"}}},{"from":[12.3125,4.5,7.75],"to":[12.375,7.5,10],"faces":{"east":{"uv":[1,11.75,3.75,15.5],"texture":"#snubbull_details"}}},{"from":[0,20.9375,1.5],"to":[7.5,21,9.5],"rotation":{"angle":45,"axis":"x","origin":[0,21,1.5]},"faces":{"up":{"uv":[11.25,4.5,15.75,8.5],"texture":"#snubbull_details"},"down":{"uv":[11.25,8.5,15.75,4.5],"texture":"#snubbull_details"}}},{"from":[8.5,21.1875,1.5],"to":[16,21.25,9.5],"rotation":{"angle":45,"axis":"x","origin":[8.5,21.25,1.5]},"faces":{"up":{"uv":[15.75,4.5,11.25,8.5],"texture":"#snubbull_details"},"down":{"uv":[15.75,8.5,11.25,4.5],"texture":"#snubbull_details"}}},{"from":[11.25,14.5183,4],"to":[16.75,20.5183,4.0625],"rotation":{"angle":-45,"axis":"x","origin":[11.25,20.5183,4]},"faces":{"north":{"uv":[11,4.5,15.75,8.5],"texture":"#snubbull_details"},"south":{"uv":[15.75,4.5,11,8.5],"texture":"#snubbull_details"}}}],"display":{"thirdperson_righthand":{"scale":[0,0,0]},"thirdperson_lefthand":{"scale":[0,0,0]},"firstperson_righthand":{"scale":[0,0,0]},"firstperson_lefthand":{"scale":[0,0,0]},"gui":{"rotation":[30,-50,0],"translation":[0,-2,0],"scale":[0.6,0.6,0.6]},"head":{"rotation":[0,180,0],"translation":[0,-32,0],"scale":[1.5,1.5,1.5]}}}