{"credit":"Designed by Ramonaskye with BDcraft Cubik PRO 0.96 Beta - http://bdcraft.net","textures":{"texture":"pokemon_skins/regular/granbull/granbull","granbull_details":"pokemon_skins/regular/granbull/granbull_details"},"elements":[{"from":[4,0,5.5],"to":[7,1,10.5],"rotation":{"angle":-22.5,"axis":"y","origin":[4,0,5.5]},"faces":{"north":{"uv":[12.5,0.75,15.25,1.75],"texture":"#granbull_details"},"east":{"uv":[12.5,0.5,15,1.75],"texture":"#granbull_details"},"south":{"uv":[12.5,2.25,15.25,3.25],"texture":"#granbull_details"},"west":{"uv":[12.5,0.5,15,1.75],"texture":"#granbull_details"},"up":{"uv":[12.5,0.25,15.25,2.75],"texture":"#granbull_details"},"down":{"uv":[12.5,2.75,15.25,0.25],"texture":"#granbull_details"}}},{"from":[9.375,0,6.625],"to":[12.375,1,11.625],"rotation":{"angle":22.5,"axis":"y","origin":[9.375,0,6.625]},"faces":{"north":{"uv":[12.5,0.75,15.25,1.75],"texture":"#granbull_details"},"east":{"uv":[12.5,0.5,15,1.75],"texture":"#granbull_details"},"south":{"uv":[12.5,2.25,15.25,3.25],"texture":"#granbull_details"},"west":{"uv":[12.5,0.5,15,1.75],"texture":"#granbull_details"},"up":{"uv":[12.5,0.25,15.25,2.75],"texture":"#granbull_details"},"down":{"uv":[12.5,2.75,15.25,0.25],"texture":"#granbull_details"}}},{"from":[5,1.5,5.5],"to":[8,5,9],"rotation":{"angle":-22.5,"axis":"z","origin":[5,5,5.5]},"faces":{"north":{"uv":[9.5,11,12.5,14.5],"texture":"#texture"},"east":{"uv":[7,11,10.5,14.5],"texture":"#texture"},"south":{"uv":[3.5,11,6.5,14.5],"texture":"#texture"},"west":{"uv":[5.5,11,9,14.5],"texture":"#texture"},"up":{"uv":[3.5,5.5,6.5,9],"texture":"#texture"},"down":{"uv":[12.5,9,9.5,5.5],"texture":"#texture"}}},{"from":[8.375,0.5,5.5],"to":[11.375,4,9],"rotation":{"angle":22.5,"axis":"z","origin":[8.375,4,5.5]},"faces":{"north":{"uv":[9.5,11,12.5,14.5],"texture":"#texture"},"east":{"uv":[7,11,10.5,14.5],"texture":"#texture"},"south":{"uv":[3.5,11,6.5,14.5],"texture":"#texture"},"west":{"uv":[5.5,11,9,14.5],"texture":"#texture"},"up":{"uv":[3.5,5.5,6.5,9],"texture":"#texture"},"down":{"uv":[12.5,9,9.5,5.5],"texture":"#texture"}}},{"from":[3.5,1,5.5],"to":[6,5,9],"faces":{"north":{"uv":[9.5,11,12.5,14.5],"texture":"#texture"},"east":{"uv":[7,11,10.5,14.5],"texture":"#texture"},"south":{"uv":[3.5,11,6.5,14.5],"texture":"#texture"},"west":{"uv":[5.5,11,9,14.5],"texture":"#texture"},"up":{"uv":[3.5,5.5,6.5,9],"texture":"#texture"},"down":{"uv":[12.5,9,9.5,5.5],"texture":"#texture"}}},{"from":[10,1,5.5],"to":[12.5,5,9],"faces":{"north":{"uv":[9.5,11,12.5,14.5],"texture":"#texture"},"east":{"uv":[7,11,10.5,14.5],"texture":"#texture"},"south":{"uv":[3.5,11,6.5,14.5],"texture":"#texture"},"west":{"uv":[5.5,11,9,14.5],"texture":"#texture"},"up":{"uv":[3.5,5.5,6.5,9],"texture":"#texture"},"down":{"uv":[12.5,9,9.5,5.5],"texture":"#texture"}}},{"from":[6,3.5,5.5],"to":[10,5,9],"faces":{"north":{"uv":[9.5,11,12.5,14.5],"texture":"#texture"},"east":{"uv":[7,11,10.5,14.5],"texture":"#texture"},"south":{"uv":[3.5,11,6.5,14.5],"texture":"#texture"},"west":{"uv":[5.5,11,9,14.5],"texture":"#texture"},"up":{"uv":[3.5,5.5,6.5,9],"texture":"#texture"},"down":{"uv":[12.5,9,9.5,5.5],"texture":"#texture"}}},{"from":[4,4,4.5],"to":[12,5,10],"faces":{"north":{"uv":[9.5,11,12.5,14.5],"texture":"#texture"},"east":{"uv":[7,11,10.5,14.5],"texture":"#texture"},"south":{"uv":[3.5,11,6.5,14.5],"texture":"#texture"},"west":{"uv":[5.5,11,9,14.5],"texture":"#texture"},"up":{"uv":[3.5,5.5,6.5,9],"texture":"#texture"},"down":{"uv":[12.5,9,9.5,5.5],"texture":"#texture"}}},{"from":[3.5,5,4],"to":[12.5,12.5,10.5],"faces":{"north":{"uv":[9.5,11,12.5,14.5],"texture":"#texture"},"east":{"uv":[7,11,10.5,14.5],"texture":"#texture"},"south":{"uv":[3.5,11,6.5,14.5],"texture":"#texture"},"west":{"uv":[5.5,11,9,14.5],"texture":"#texture"},"up":{"uv":[3.5,5.5,6.5,9],"texture":"#texture"},"down":{"uv":[12.5,9,9.5,5.5],"texture":"#texture"}}},{"from":[4,12.5,4.5],"to":[12,14.5,10],"faces":{"north":{"uv":[9.5,11,12.5,14.5],"texture":"#texture"},"east":{"uv":[7,11,10.5,14.5],"texture":"#texture"},"south":{"uv":[3.5,11,6.5,14.5],"texture":"#texture"},"west":{"uv":[5.5,11,9,14.5],"texture":"#texture"},"up":{"uv":[3.5,5.5,6.5,9],"texture":"#texture"},"down":{"uv":[12.5,9,9.5,5.5],"texture":"#texture"}}},{"from":[-3.5,8.5,6],"to":[5,10.5,8.5],"rotation":{"angle":22.5,"axis":"z","origin":[-3.5,10.5,6]},"faces":{"north":{"uv":[13.5,8,14.75,4.5],"rotation":90,"texture":"#granbull_details"},"east":{"uv":[13.5,4.5,14.75,7],"texture":"#granbull_details"},"south":{"uv":[13.5,4.5,14.75,8],"rotation":90,"texture":"#granbull_details"},"west":{"uv":[13.5,4.5,14.75,7],"texture":"#granbull_details"},"up":{"uv":[13.5,4.5,14.75,8],"rotation":90,"texture":"#granbull_details"},"down":{"uv":[13.5,4.5,14.75,8],"rotation":90,"texture":"#granbull_details"}}},{"from":[11.5,12,6],"to":[20,14,8.5],"rotation":{"angle":-22.5,"axis":"z","origin":[11.5,14,6]},"faces":{"north":{"uv":[13.5,4.5,14.75,8],"rotation":90,"texture":"#granbull_details"},"east":{"uv":[13.5,4.5,14.75,7],"texture":"#granbull_details"},"south":{"uv":[13.5,8,14.75,4.5],"rotation":90,"texture":"#granbull_details"},"west":{"uv":[13.5,4.5,14.75,7],"texture":"#granbull_details"},"up":{"uv":[13.5,8,14.75,4.5],"rotation":90,"texture":"#granbull_details"},"down":{"uv":[13.5,8,14.75,4.5],"rotation":90,"texture":"#granbull_details"}}},{"from":[3,13.5,3.5],"to":[13,18,11.5],"faces":{"north":{"uv":[9.5,11,12.5,14.5],"texture":"#texture"},"east":{"uv":[7,11,10.5,14.5],"texture":"#texture"},"south":{"uv":[3.5,11,6.5,14.5],"texture":"#texture"},"west":{"uv":[5.5,11,9,14.5],"texture":"#texture"},"up":{"uv":[3.5,5.5,6.5,9],"texture":"#texture"},"down":{"uv":[12.5,9,9.5,5.5],"texture":"#texture"}}},{"from":[4.5,13.5,10.5],"to":[11.5,15.5,14],"faces":{"north":{"uv":[9.5,11,12.5,14.5],"texture":"#texture"},"east":{"uv":[7,11,10.5,14.5],"texture":"#texture"},"south":{"uv":[3.5,11,6.5,14.5],"texture":"#texture"},"west":{"uv":[5.5,11,9,14.5],"texture":"#texture"},"up":{"uv":[3.5,5.5,6.5,9],"texture":"#texture"},"down":{"uv":[12.5,9,9.5,5.5],"texture":"#texture"}}},{"from":[3.0625,13.5,10.8125],"to":[4.0625,16,14.3125],"rotation":{"angle":22.5,"axis":"y","origin":[3.0625,13.5,10.8125]},"faces":{"north":{"uv":[9.5,11,12.5,14.5],"texture":"#texture"},"east":{"uv":[7,11,10.5,14.5],"texture":"#texture"},"south":{"uv":[3.5,11,6.5,14.5],"texture":"#texture"},"west":{"uv":[5.5,11,9,14.5],"texture":"#texture"},"up":{"uv":[3.5,5.5,6.5,9],"texture":"#texture"},"down":{"uv":[12.5,9,9.5,5.5],"texture":"#texture"}}},{"from":[12,13.5,10.5],"to":[13,16,14],"rotation":{"angle":-22.5,"axis":"y","origin":[12,13.5,10.5]},"faces":{"north":{"uv":[9.5,11,12.5,14.5],"texture":"#texture"},"east":{"uv":[7,11,10.5,14.5],"texture":"#texture"},"south":{"uv":[3.5,11,6.5,14.5],"texture":"#texture"},"west":{"uv":[5.5,11,9,14.5],"texture":"#texture"},"up":{"uv":[3.5,5.5,6.5,9],"texture":"#texture"},"down":{"uv":[12.5,9,9.5,5.5],"texture":"#texture"}}},{"from":[3.5,14.5,13],"to":[5,18.5,14],"rotation":{"angle":22.5,"axis":"z","origin":[3.5,18.5,13]},"faces":{"north":{"uv":[9.5,11,12.5,14.5],"texture":"#texture"},"east":{"uv":[7,11,10.5,14.5],"texture":"#texture"},"south":{"uv":[3.5,11,6.5,14.5],"texture":"#texture"},"west":{"uv":[5.5,11,9,14.5],"texture":"#texture"},"up":{"uv":[3.5,5.5,6.5,9],"texture":"#texture"},"down":{"uv":[12.5,9,9.5,5.5],"texture":"#texture"}}},{"from":[11.5,15,13],"to":[13,19,14],"rotation":{"angle":-22.5,"axis":"z","origin":[11.5,19,13]},"faces":{"north":{"uv":[9.5,11,12.5,14.5],"texture":"#texture"},"east":{"uv":[7,11,10.5,14.5],"texture":"#texture"},"south":{"uv":[3.5,11,6.5,14.5],"texture":"#texture"},"west":{"uv":[5.5,11,9,14.5],"texture":"#texture"},"up":{"uv":[3.5,5.5,6.5,9],"texture":"#texture"},"down":{"uv":[12.5,9,9.5,5.5],"texture":"#texture"}}},{"from":[5.5,14.4375,13],"to":[8.5,15.4375,14],"rotation":{"angle":22.5,"axis":"z","origin":[5.5,15.4375,13]},"faces":{"north":{"uv":[9.5,11,12.5,14.5],"texture":"#texture"},"east":{"uv":[7,11,10.5,14.5],"texture":"#texture"},"south":{"uv":[3.5,11,6.5,14.5],"texture":"#texture"},"west":{"uv":[5.5,11,9,14.5],"texture":"#texture"},"up":{"uv":[3.5,5.5,6.5,9],"texture":"#texture"},"down":{"uv":[12.5,9,9.5,5.5],"texture":"#texture"}}},{"from":[8.25,15.5625,13],"to":[11.25,16.5625,14],"rotation":{"angle":-22.5,"axis":"z","origin":[8.25,16.5625,13]},"faces":{"north":{"uv":[9.5,11,12.5,14.5],"texture":"#texture"},"east":{"uv":[7,11,10.5,14.5],"texture":"#texture"},"south":{"uv":[3.5,11,6.5,14.5],"texture":"#texture"},"west":{"uv":[5.5,11,9,14.5],"texture":"#texture"},"up":{"uv":[3.5,5.5,6.5,9],"texture":"#texture"},"down":{"uv":[12.5,9,9.5,5.5],"texture":"#texture"}}},{"from":[3,16.25,6.5625],"to":[13,20.75,10.0625],"rotation":{"angle":-22.5,"axis":"x","origin":[3,20.75,6.5625]},"faces":{"north":{"uv":[9.5,11,12.5,14.5],"texture":"#texture"},"east":{"uv":[7,11,10.5,14.5],"texture":"#texture"},"south":{"uv":[3.5,11,6.5,14.5],"texture":"#texture"},"west":{"uv":[5.5,11,9,14.5],"texture":"#texture"},"up":{"uv":[3.5,5.5,6.5,9],"texture":"#texture"},"down":{"uv":[12.5,9,9.5,5.5],"texture":"#texture"}}},{"from":[3,17.5,3.5],"to":[13,22,9.5],"faces":{"north":{"uv":[9.5,11,12.5,14.5],"texture":"#texture"},"east":{"uv":[7,11,10.5,14.5],"texture":"#texture"},"south":{"uv":[3.5,11,6.5,14.5],"texture":"#texture"},"west":{"uv":[5.5,11,9,14.5],"texture":"#texture"},"up":{"uv":[3.5,5.5,6.5,9],"texture":"#texture"},"down":{"uv":[12.5,9,9.5,5.5],"texture":"#texture"}}},{"from":[7.5,17.5,11],"to":[9,18.5,12],"faces":{"north":{"uv":[7,8.5,9,9],"texture":"#granbull_details"},"east":{"uv":[6.5,8.5,8,9.5],"texture":"#granbull_details"},"south":{"uv":[7,8.5,9,9],"texture":"#granbull_details"},"west":{"uv":[6.5,8.5,8,9.5],"texture":"#granbull_details"},"up":{"uv":[7.5,8,9,9.5],"texture":"#granbull_details"},"down":{"uv":[7.5,8,9,9.5],"texture":"#granbull_details"}}},{"from":[3.5,14.5,2.5],"to":[12.5,21,3.5],"faces":{"north":{"uv":[9.5,11,12.5,14.5],"texture":"#texture"},"east":{"uv":[7,11,10.5,14.5],"texture":"#texture"},"south":{"uv":[3.5,11,6.5,14.5],"texture":"#texture"},"west":{"uv":[5.5,11,9,14.5],"texture":"#texture"},"up":{"uv":[3.5,5.5,6.5,9],"texture":"#texture"},"down":{"uv":[12.5,9,9.5,5.5],"texture":"#texture"}}},{"from":[3.125,10.875,6],"to":[5.125,12.375,8.5],"rotation":{"angle":-22.5,"axis":"z","origin":[3.125,12.375,6]},"faces":{"north":{"uv":[9.5,11,12.5,14.5],"texture":"#texture"},"east":{"uv":[7,11,10.5,14.5],"texture":"#texture"},"south":{"uv":[3.5,11,6.5,14.5],"texture":"#texture"},"west":{"uv":[5.5,11,9,14.5],"texture":"#texture"},"up":{"uv":[3.5,5.5,6.5,9],"texture":"#texture"},"down":{"uv":[12.5,9,9.5,5.5],"texture":"#texture"}}},{"from":[11.3125,10.1875,6],"to":[13.3125,11.6875,8.5],"rotation":{"angle":22.5,"axis":"z","origin":[11.3125,11.6875,6]},"faces":{"north":{"uv":[9.5,11,12.5,14.5],"texture":"#texture"},"east":{"uv":[7,11,10.5,14.5],"texture":"#texture"},"south":{"uv":[3.5,11,6.5,14.5],"texture":"#texture"},"west":{"uv":[5.5,11,9,14.5],"texture":"#texture"},"up":{"uv":[3.5,5.5,6.5,9],"texture":"#texture"},"down":{"uv":[12.5,9,9.5,5.5],"texture":"#texture"}}},{"from":[4.5,18,10.4375],"to":[7.5,20.5,10.5],"rotation":{"angle":-22.5,"axis":"x","origin":[4.5,20.5,10.4375]},"faces":{"south":{"uv":[0.5,0.5,5,4.5],"texture":"#granbull_details"}}},{"from":[9,18,10.4375],"to":[12,20.5,10.5],"rotation":{"angle":-22.5,"axis":"x","origin":[9,20.5,10.4375]},"faces":{"south":{"uv":[5,0.5,0.5,4.5],"texture":"#granbull_details"}}},{"from":[3.75,13,4.25],"to":[12.25,13.75,10.5],"faces":{"north":{"uv":[6.75,8.25,7.75,9.25],"texture":"#granbull_details"},"east":{"uv":[7,8.25,7.75,8.75],"texture":"#granbull_details"},"south":{"uv":[6.75,8.25,7.75,9.25],"texture":"#granbull_details"},"west":{"uv":[7,8.25,7.75,8.75],"texture":"#granbull_details"},"up":{"uv":[6.25,8,7.5,9],"texture":"#granbull_details"},"down":{"uv":[6.25,8,7.5,9],"texture":"#granbull_details"}}},{"from":[4.5,12.5,4],"to":[11.25,13,10.5],"faces":{"north":{"uv":[6.75,8.25,7.75,9.25],"texture":"#granbull_details"},"east":{"uv":[7,8.25,7.75,8.75],"texture":"#granbull_details"},"south":{"uv":[6.75,8.25,7.75,9.25],"texture":"#granbull_details"},"west":{"uv":[7,8.25,7.75,8.75],"texture":"#granbull_details"},"up":{"uv":[6.25,8,7.5,9],"texture":"#granbull_details"},"down":{"uv":[6.25,8,7.5,9],"texture":"#granbull_details"}}},{"from":[4.5,10.0625,10.5],"to":[11.25,12.5625,10.5625],"faces":{"south":{"uv":[4.5,7.5,11,10.25],"texture":"#granbull_details"}}},{"from":[4.5,10.0625,3.875],"to":[11.25,12.5625,3.9375],"faces":{"south":{"uv":[4.5,7.5,11,10.25],"texture":"#granbull_details"}}},{"from":[-4.5,8.75,5.5],"to":[-3,10,7],"rotation":{"angle":22.5,"axis":"z","origin":[-4.5,10,5.5]},"faces":{"north":{"uv":[9.5,11,12.5,14.5],"texture":"#texture"},"east":{"uv":[7,11,10.5,14.5],"texture":"#texture"},"south":{"uv":[3.5,11,6.5,14.5],"texture":"#texture"},"west":{"uv":[5.5,11,9,14.5],"texture":"#texture"},"up":{"uv":[3.5,5.5,6.5,9],"texture":"#texture"},"down":{"uv":[12.5,9,9.5,5.5],"texture":"#texture"}}},{"from":[-4.5,8.75,7.5],"to":[-3,10,9],"rotation":{"angle":22.5,"axis":"z","origin":[-4.5,10,7.5]},"faces":{"north":{"uv":[9.5,11,12.5,14.5],"texture":"#texture"},"east":{"uv":[7,11,10.5,14.5],"texture":"#texture"},"south":{"uv":[3.5,11,6.5,14.5],"texture":"#texture"},"west":{"uv":[5.5,11,9,14.5],"texture":"#texture"},"up":{"uv":[3.5,5.5,6.5,9],"texture":"#texture"},"down":{"uv":[12.5,9,9.5,5.5],"texture":"#texture"}}},{"from":[-4.5,9.25,6.5],"to":[-3,10.5,8],"rotation":{"angle":22.5,"axis":"z","origin":[-4.5,10.5,6.5]},"faces":{"north":{"uv":[9.5,11,12.5,14.5],"texture":"#texture"},"east":{"uv":[7,11,10.5,14.5],"texture":"#texture"},"south":{"uv":[3.5,11,6.5,14.5],"texture":"#texture"},"west":{"uv":[5.5,11,9,14.5],"texture":"#texture"},"up":{"uv":[3.5,5.5,6.5,9],"texture":"#texture"},"down":{"uv":[12.5,9,9.5,5.5],"texture":"#texture"}}},{"from":[19,9.5,7.5],"to":[20.5,10.75,9],"rotation":{"angle":-22.5,"axis":"z","origin":[19,10.75,7.5]},"faces":{"north":{"uv":[9.5,11,12.5,14.5],"texture":"#texture"},"east":{"uv":[7,11,10.5,14.5],"texture":"#texture"},"south":{"uv":[3.5,11,6.5,14.5],"texture":"#texture"},"west":{"uv":[5.5,11,9,14.5],"texture":"#texture"},"up":{"uv":[3.5,5.5,6.5,9],"texture":"#texture"},"down":{"uv":[12.5,9,9.5,5.5],"texture":"#texture"}}},{"from":[19,9.5,5.5],"to":[20.5,10.75,7],"rotation":{"angle":-22.5,"axis":"z","origin":[19,10.75,5.5]},"faces":{"north":{"uv":[9.5,11,12.5,14.5],"texture":"#texture"},"east":{"uv":[7,11,10.5,14.5],"texture":"#texture"},"south":{"uv":[3.5,11,6.5,14.5],"texture":"#texture"},"west":{"uv":[5.5,11,9,14.5],"texture":"#texture"},"up":{"uv":[3.5,5.5,6.5,9],"texture":"#texture"},"down":{"uv":[12.5,9,9.5,5.5],"texture":"#texture"}}},{"from":[19,10,6.5],"to":[20.5,11.25,8],"rotation":{"angle":-22.5,"axis":"z","origin":[19,11.25,6.5]},"faces":{"north":{"uv":[9.5,11,12.5,14.5],"texture":"#texture"},"east":{"uv":[7,11,10.5,14.5],"texture":"#texture"},"south":{"uv":[3.5,11,6.5,14.5],"texture":"#texture"},"west":{"uv":[5.5,11,9,14.5],"texture":"#texture"},"up":{"uv":[3.5,5.5,6.5,9],"texture":"#texture"},"down":{"uv":[12.5,9,9.5,5.5],"texture":"#texture"}}},{"from":[-2.5,20.4375,4.25],"to":[18,20.5,7],"rotation":{"angle":-22.5,"axis":"x","origin":[-2.5,20.5,4.25]},"faces":{"up":{"uv":[0,2.5,16,3.75],"texture":"#texture"},"down":{"uv":[0,2.5,16,3.75],"texture":"#texture"}}},{"from":[-2.5,21.5,6.75],"to":[18,21.5625,9.5],"rotation":{"angle":22.5,"axis":"x","origin":[-2.5,21.5625,6.75]},"faces":{"up":{"uv":[0,5,16,6.25],"texture":"#texture"},"down":{"uv":[0,4,16,5.25],"texture":"#texture"}}},{"from":[-2.5,17.75,4.25],"to":[18,20.5,4.3125],"rotation":{"angle":22.5,"axis":"x","origin":[-2.5,20.5,4.25]},"faces":{"north":{"uv":[0,9.5,16,10.75],"texture":"#texture"},"south":{"uv":[0,2.5,16,3.75],"texture":"#texture"}}},{"from":[-2.5,17.75,9.25],"to":[18,20.5,9.3125],"rotation":{"angle":-22.5,"axis":"x","origin":[-2.5,20.5,9.25]},"faces":{"north":{"uv":[0,4,16,5.25],"texture":"#texture"},"south":{"uv":[0,4,16,5.25],"texture":"#texture"}}}],"display":{"thirdperson_righthand":{"scale":[0,0,0]},"thirdperson_lefthand":{"scale":[0,0,0]},"firstperson_righthand":{"scale":[0,0,0]},"firstperson_lefthand":{"scale":[0,0,0]},"gui":{"rotation":[30,-50,0],"translation":[0,-2,0],"scale":[0.6,0.6,0.6]},"head":{"rotation":[0,180,0],"translation":[0,-29.5,-0.57],"scale":[1.8,1.8,1.8]}}}