{"__comment":"Designed by Samasaurus6 with BDcraft Cubik PRO 0.96 Beta - http://bdcraft.net","textures":{"teddiursabody":"pokemon_skins/regular/teddiursa/teddiursabody","teddiursadetail":"pokemon_skins/regular/teddiursa/teddiursadetail"},"elements":[{"__comment":"Head","from":[5,8.5,5],"to":[11,14.5,11],"faces":{"down":{"uv":[2.5,0,8.5,6],"rotation":90,"texture":"#teddiursabody"},"up":{"uv":[2.5,0,8.5,6],"texture":"#teddiursabody"},"north":{"uv":[5,1.5,11,7.5],"texture":"#teddiursabody"},"south":{"uv":[5,1.5,11,7.5],"texture":"#teddiursabody"},"west":{"uv":[0.5,3,12.5,15.5],"texture":"#teddiursabody"},"east":{"uv":[5,1.5,11,7.5],"texture":"#teddiursabody"}}},{"__comment":"Head","from":[5.5,9.5,5.5],"to":[10.5,15,10.5],"faces":{"down":{"uv":[9.5,7.5,4.5,2.5],"texture":"#teddiursabody"},"up":{"uv":[5,3,10,8],"texture":"#teddiursabody"},"north":{"uv":[5.5,1,10.5,8],"texture":"#teddiursabody"},"south":{"uv":[5.5,1,10.5,8],"texture":"#teddiursabody"},"west":{"uv":[5.5,1,10.5,8],"texture":"#teddiursabody"},"east":{"uv":[5.5,1,10.5,8],"texture":"#teddiursabody"}}},{"__comment":"Head","from":[5.5,9,4.5],"to":[10.5,14,11.5],"faces":{"down":{"uv":[10,7.5,5,0.5],"texture":"#teddiursabody"},"up":{"uv":[4,1.5,9,8.5],"texture":"#teddiursabody"},"north":{"uv":[5.5,2,10.5,7],"texture":"#teddiursabody"},"south":{"uv":[5.5,2,10.5,7],"texture":"#teddiursabody"},"west":{"uv":[4.5,2,11.5,7],"texture":"#teddiursabody"},"east":{"uv":[4.5,2,11.5,7],"texture":"#teddiursabody"}}},{"__comment":"Head","from":[4.5,9,5.5],"to":[11.5,14,10.5],"faces":{"down":{"uv":[10,11.5,3,6.5],"rotation":270,"texture":"#teddiursabody"},"up":{"uv":[3.5,2,10.5,7],"texture":"#teddiursabody"},"north":{"uv":[13,3,9,14.5],"texture":"#teddiursabody"},"south":{"uv":[9,3,13,14.5],"texture":"#teddiursabody"},"west":{"uv":[1.5,3,11.5,14.5],"texture":"#teddiursabody"},"east":{"uv":[5.5,2,10.5,7],"texture":"#teddiursabody"}}},{"__comment":"Body","from":[6,1.5,6],"to":[10,8.5,10],"faces":{"down":{"uv":[4.5,2,8.5,6],"texture":"#teddiursabody"},"up":{"uv":[4.5,2,8.5,6],"texture":"#teddiursabody"},"north":{"uv":[2.5,0,6.5,8],"texture":"#teddiursabody"},"south":{"uv":[2.5,0,6.5,8],"texture":"#teddiursabody"},"west":{"uv":[8.5,0,12.5,8],"texture":"#teddiursabody"},"east":{"uv":[8.5,0,12.5,8],"texture":"#teddiursabody"}}},{"__comment":"Body","from":[5.5,2,5],"to":[10.5,6.5,11],"faces":{"down":{"uv":[7.5,0,12.5,6],"texture":"#teddiursabody"},"up":{"uv":[3.5,0,8.5,6],"texture":"#teddiursabody"},"north":{"uv":[6,4,11,9],"texture":"#teddiursabody"},"south":{"uv":[1.5,1,6.5,6],"texture":"#teddiursabody"},"west":{"uv":[6.5,3,12.5,8],"texture":"#teddiursabody"},"east":{"uv":[0,1,6,6],"texture":"#teddiursabody"}}},{"__comment":"Body","from":[5.5,6.5,5.5],"to":[10.5,8,10.5],"faces":{"down":{"uv":[5,2.5,10,7.5],"texture":"#teddiursabody"},"up":{"uv":[5,2.5,10,7.5],"texture":"#teddiursabody"},"north":{"uv":[3,3.5,8,5.5],"texture":"#teddiursabody"},"south":{"uv":[3,3.5,8,5.5],"texture":"#teddiursabody"},"west":{"uv":[6,3,11,5],"texture":"#teddiursabody"},"east":{"uv":[6,3,11,5],"texture":"#teddiursabody"}}},{"__comment":"Body","from":[5,2.5,5.5],"to":[11,6,10.5],"faces":{"down":{"uv":[4.5,3.5,5,7.5],"texture":"#teddiursabody"},"up":{"uv":[4.5,3.5,5,7.5],"texture":"#teddiursabody"},"north":{"uv":[5.5,4.5,6,9.5],"texture":"#teddiursabody"},"south":{"uv":[5.5,4.5,6,9.5],"texture":"#teddiursabody"},"west":{"uv":[4,2,8,7],"texture":"#teddiursabody"},"east":{"uv":[4,2,8,7],"texture":"#teddiursabody"}}},{"__comment":"Body","from":[5,6,6],"to":[11,7.5,10],"faces":{"down":{"uv":[10,4.5,4,0.5],"texture":"#teddiursabody"},"up":{"uv":[4,3,10,7],"texture":"#teddiursabody"},"north":{"uv":[3.5,5,9.5,7],"texture":"#teddiursabody"},"south":{"uv":[3.5,5,9.5,7],"texture":"#teddiursabody"},"west":{"uv":[4.5,5.5,8.5,7.5],"texture":"#teddiursabody"},"east":{"uv":[4.5,5.5,8.5,7.5],"texture":"#teddiursabody"}}},{"__comment":"Eyes","from":[4.375,10.625,5.6875],"to":[4.4375,12.125,6.8125],"faces":{"west":{"uv":[13,0,16,4],"texture":"#teddiursabody"},"east":{"uv":[14.875,7.5,16,9],"texture":"#teddiursabody"}}},{"__comment":"Eyes","from":[4.375,10.625,9.1875],"to":[4.4375,12.125,10.3125],"faces":{"west":{"uv":[13,0,16,4],"texture":"#teddiursabody"},"east":{"uv":[14.875,7.5,16,9],"texture":"#teddiursabody"}}},{"__comment":"Nose","from":[4.4375,10.5,7.5],"to":[4.5,11,8.5],"faces":{"west":{"uv":[13.5,4,15.5,7],"rotation":90,"texture":"#teddiursabody"},"east":{"uv":[14.875,7.5,16,9],"texture":"#teddiursabody"}}},{"__comment":"Mouth","from":[4.4375,9.6875,7],"to":[4.5,10.1875,9],"faces":{"west":{"uv":[13.5,7.5,15,12],"rotation":90,"texture":"#teddiursabody"},"east":{"uv":[14.875,7.5,16,9],"texture":"#teddiursabody"}}},{"__comment":"Moon","from":[4.4375,10.9375,6.5],"to":[4.5,13.9375,9.5],"faces":{"west":{"uv":[0.5,2.5,12.5,16],"texture":"#teddiursadetail"},"east":{"uv":[14.875,7.5,16,9],"texture":"#teddiursadetail"}}},{"__comment":"Ear","from":[7,13,2.5],"to":[9,16.5,6],"faces":{"down":{"uv":[8.5,2,10.5,5.5],"texture":"#teddiursabody"},"up":{"uv":[5.5,3,7.5,6.5],"texture":"#teddiursabody"},"north":{"uv":[7,0,9,3.5],"texture":"#teddiursabody"},"south":{"uv":[7,0,9,3.5],"texture":"#teddiursabody"},"west":{"uv":[6,1.5,9.5,5],"texture":"#teddiursabody"},"east":{"uv":[6,1.5,9.5,5],"texture":"#teddiursabody"}}},{"__comment":"Ear","from":[7.5,12.5,3],"to":[8.5,17,5.5],"faces":{"down":{"uv":[8.5,2,10.5,5.5],"texture":"#teddiursabody"},"up":{"uv":[5.5,3,7.5,6.5],"texture":"#teddiursabody"},"north":{"uv":[7,0,9,3.5],"texture":"#teddiursabody"},"south":{"uv":[7,0,9,3.5],"texture":"#teddiursabody"},"west":{"uv":[6,1.5,9.5,5],"texture":"#teddiursabody"},"east":{"uv":[6,1.5,9.5,5],"texture":"#teddiursabody"}}},{"__comment":"Ear","from":[7.5,13.5,2],"to":[8.5,16,6.5],"faces":{"down":{"uv":[8.5,2,10.5,5.5],"texture":"#teddiursabody"},"up":{"uv":[5.5,3,7.5,6.5],"texture":"#teddiursabody"},"north":{"uv":[7,0,9,3.5],"texture":"#teddiursabody"},"south":{"uv":[7,0,9,3.5],"texture":"#teddiursabody"},"west":{"uv":[6,1.5,9.5,5],"texture":"#teddiursabody"},"east":{"uv":[6,1.5,9.5,5],"texture":"#teddiursabody"}}},{"__comment":"Ear*","from":[7,13,10],"to":[9,16.5,13.5],"faces":{"down":{"uv":[8.5,2,10.5,5.5],"texture":"#teddiursabody"},"up":{"uv":[5.5,3,7.5,6.5],"texture":"#teddiursabody"},"north":{"uv":[7,0,9,3.5],"texture":"#teddiursabody"},"south":{"uv":[7,0,9,3.5],"texture":"#teddiursabody"},"west":{"uv":[6,1.5,9.5,5],"texture":"#teddiursabody"},"east":{"uv":[6,1.5,9.5,5],"texture":"#teddiursabody"}}},{"__comment":"Ear*","from":[7.5,12.5,10.5],"to":[8.5,17,13],"faces":{"down":{"uv":[8.5,2,10.5,5.5],"texture":"#teddiursabody"},"up":{"uv":[5.5,3,7.5,6.5],"texture":"#teddiursabody"},"north":{"uv":[7,0,9,3.5],"texture":"#teddiursabody"},"south":{"uv":[7,0,9,3.5],"texture":"#teddiursabody"},"west":{"uv":[6,1.5,9.5,5],"texture":"#teddiursabody"},"east":{"uv":[6,1.5,9.5,5],"texture":"#teddiursabody"}}},{"__comment":"Ear*","from":[7.5,13.5,9.5],"to":[8.5,16,14],"faces":{"down":{"uv":[8.5,2,10.5,5.5],"texture":"#teddiursabody"},"up":{"uv":[5.5,3,7.5,6.5],"texture":"#teddiursabody"},"north":{"uv":[7,0,9,3.5],"texture":"#teddiursabody"},"south":{"uv":[7,0,9,3.5],"texture":"#teddiursabody"},"west":{"uv":[6,1.5,9.5,5],"texture":"#teddiursabody"},"east":{"uv":[6,1.5,9.5,5],"texture":"#teddiursabody"}}},{"__comment":"Ears","from":[6.9375,13.6875,11.25],"to":[7,15.1875,12.75],"faces":{"west":{"uv":[12.5,0,15.5,3.5],"texture":"#teddiursadetail"},"east":{"uv":[14.875,7.5,16,9],"texture":"#teddiursadetail"}}},{"__comment":"Ears","from":[6.9375,13.6875,3.1875],"to":[7,15.1875,4.6875],"faces":{"west":{"uv":[15.5,0,12.5,3.5],"texture":"#teddiursadetail"},"east":{"uv":[14.875,7.5,16,9],"texture":"#teddiursadetail"}}},{"__comment":"Ear*","from":[8.5,13.5,10.5],"to":[9.5,16,13],"faces":{"down":{"uv":[8.5,2,10.5,5.5],"texture":"#teddiursabody"},"up":{"uv":[5.5,3,7.5,6.5],"texture":"#teddiursabody"},"north":{"uv":[7,0,9,3.5],"texture":"#teddiursabody"},"south":{"uv":[7,0,9,3.5],"texture":"#teddiursabody"},"west":{"uv":[6,1.5,9.5,5],"texture":"#teddiursabody"},"east":{"uv":[6,1.5,9.5,5],"texture":"#teddiursabody"}}},{"__comment":"Ear*","from":[8.5,13.5,3],"to":[9.5,16,5.5],"faces":{"down":{"uv":[8.5,2,10.5,5.5],"texture":"#teddiursabody"},"up":{"uv":[5.5,3,7.5,6.5],"texture":"#teddiursabody"},"north":{"uv":[7,0,9,3.5],"texture":"#teddiursabody"},"south":{"uv":[7,0,9,3.5],"texture":"#teddiursabody"},"west":{"uv":[6,1.5,9.5,5],"texture":"#teddiursabody"},"east":{"uv":[6,1.5,9.5,5],"texture":"#teddiursabody"}}},{"__comment":"Feet","from":[5.5,0.625,10],"to":[8.5,1.75,11.9375],"rotation":{"origin":[5.5,0.625,10],"axis":"y","angle":22.5},"faces":{"down":{"uv":[4.5,2,8.5,6],"texture":"#teddiursabody"},"up":{"uv":[4.5,2,8.5,6],"texture":"#teddiursabody"},"north":{"uv":[2.5,0,6.5,8],"texture":"#teddiursabody"},"south":{"uv":[2.5,0,6.5,8],"texture":"#teddiursabody"},"west":{"uv":[8.5,0,12.5,8],"texture":"#teddiursabody"},"east":{"uv":[8.5,0,12.5,8],"texture":"#teddiursabody"}}},{"__comment":"Feet","from":[6.25,0.625,4.3125],"to":[9.25,1.75,6.25],"rotation":{"origin":[6.25,0.625,4.3125],"axis":"y","angle":-22.5},"faces":{"down":{"uv":[4.5,2,8.5,6],"texture":"#teddiursabody"},"up":{"uv":[4.5,2,8.5,6],"texture":"#teddiursabody"},"north":{"uv":[2.5,0,6.5,8],"texture":"#teddiursabody"},"south":{"uv":[2.5,0,6.5,8],"texture":"#teddiursabody"},"west":{"uv":[8.5,0,12.5,8],"texture":"#teddiursabody"},"east":{"uv":[8.5,0,12.5,8],"texture":"#teddiursabody"}}},{"__comment":"Tail","from":[11,3,7],"to":[13,5,9],"faces":{"down":{"uv":[11,7,13,9],"texture":"#teddiursabody"},"up":{"uv":[11,7,13,9],"texture":"#teddiursabody"},"north":{"uv":[9.5,5.5,11.5,7.5],"texture":"#teddiursabody"},"south":{"uv":[9.5,5.5,11.5,7.5],"texture":"#teddiursabody"},"west":{"uv":[5.5,5.5,7.5,7.5],"texture":"#teddiursabody"},"east":{"uv":[5.5,5.5,7.5,7.5],"texture":"#teddiursabody"}}},{"__comment":"Tail*","from":[11,3.0625,6.75],"to":[12.5,4.8125,9.25],"faces":{"down":{"uv":[11,7,13,9],"texture":"#teddiursabody"},"up":{"uv":[11,7,13,9],"texture":"#teddiursabody"},"north":{"uv":[9.5,5.5,11.5,7.5],"texture":"#teddiursabody"},"south":{"uv":[9.5,5.5,11.5,7.5],"texture":"#teddiursabody"},"west":{"uv":[5.5,5.5,7.5,7.5],"texture":"#teddiursabody"},"east":{"uv":[5.5,5.5,7.5,7.5],"texture":"#teddiursabody"}}},{"__comment":"Tail*","from":[11,2.6875,7.25],"to":[12.5,5.1875,8.75],"faces":{"down":{"uv":[11,7,13,9],"texture":"#teddiursabody"},"up":{"uv":[11,7,13,9],"texture":"#teddiursabody"},"north":{"uv":[9.5,5.5,11.5,7.5],"texture":"#teddiursabody"},"south":{"uv":[9.5,5.5,11.5,7.5],"texture":"#teddiursabody"},"west":{"uv":[5.5,5.5,7.5,7.5],"texture":"#teddiursabody"},"east":{"uv":[5.5,5.5,7.5,7.5],"texture":"#teddiursabody"}}},{"__comment":"Claw","from":[5.5,0.6875,4.25],"to":[6.5,1.625,4.75],"rotation":{"origin":[5.5,0.6875,4.25],"axis":"y","angle":-22.5},"faces":{"down":{"uv":[13.5,14.5,14.5,15],"texture":"#teddiursabody"},"up":{"uv":[13.5,14.5,14.5,15],"texture":"#teddiursabody"},"north":{"uv":[14,13.5,15,14.4375],"texture":"#teddiursabody"},"south":{"uv":[14,13.5,15,14.4375],"texture":"#teddiursabody"},"west":{"uv":[15,13,15.5,13.9375],"texture":"#teddiursabody"},"east":{"uv":[15,13,15.5,13.9375],"texture":"#teddiursabody"}}},{"__comment":"Claw*","from":[5.0625,0.6875,5.125],"to":[6.0625,1.625,5.625],"rotation":{"origin":[5.0625,0.6875,5.125],"axis":"y","angle":-22.5},"faces":{"down":{"uv":[13.5,14.5,14.5,15],"texture":"#teddiursabody"},"up":{"uv":[13.5,14.5,14.5,15],"texture":"#teddiursabody"},"north":{"uv":[14,13.5,15,14.4375],"texture":"#teddiursabody"},"south":{"uv":[14,13.5,15,14.4375],"texture":"#teddiursabody"},"west":{"uv":[15,13,15.5,13.9375],"texture":"#teddiursabody"},"east":{"uv":[15,13,15.5,13.9375],"texture":"#teddiursabody"}}},{"__comment":"Claw*","from":[5.375,0.6875,11.4375],"to":[6.375,1.625,11.9375],"rotation":{"origin":[5.375,0.6875,11.4375],"axis":"y","angle":22.5},"faces":{"down":{"uv":[13.5,14.5,14.5,15],"texture":"#teddiursabody"},"up":{"uv":[13.5,14.5,14.5,15],"texture":"#teddiursabody"},"north":{"uv":[14,13.5,15,14.4375],"texture":"#teddiursabody"},"south":{"uv":[14,13.5,15,14.4375],"texture":"#teddiursabody"},"west":{"uv":[15,13,15.5,13.9375],"texture":"#teddiursabody"},"east":{"uv":[15,13,15.5,13.9375],"texture":"#teddiursabody"}}},{"__comment":"Claw*","from":[4.9375,0.6875,10.5],"to":[5.9375,1.625,11],"rotation":{"origin":[4.9375,0.6875,10.5],"axis":"y","angle":22.5},"faces":{"down":{"uv":[13.5,14.5,14.5,15],"texture":"#teddiursabody"},"up":{"uv":[13.5,14.5,14.5,15],"texture":"#teddiursabody"},"north":{"uv":[14,13.5,15,14.4375],"texture":"#teddiursabody"},"south":{"uv":[14,13.5,15,14.4375],"texture":"#teddiursabody"},"west":{"uv":[15,13,15.5,13.9375],"texture":"#teddiursabody"},"east":{"uv":[15,13,15.5,13.9375],"texture":"#teddiursabody"}}},{"__comment":"Arm","from":[7,4.4375,9.5],"to":[9.5,6.9375,11],"rotation":{"origin":[7,6.9375,9.5],"axis":"x","angle":-45},"faces":{"down":{"uv":[6,2.5,8.5,4],"texture":"#teddiursabody"},"up":{"uv":[6,2.5,8.5,4],"texture":"#teddiursabody"},"north":{"uv":[5,1.5,7.5,4],"texture":"#teddiursabody"},"south":{"uv":[5,1.5,7.5,4],"texture":"#teddiursabody"},"west":{"uv":[7.5,2.5,9,5],"texture":"#teddiursabody"},"east":{"uv":[7.5,2.5,9,5],"texture":"#teddiursabody"}}},{"__comment":"Arm*","from":[7,5.5,5.5],"to":[9.5,8,7],"rotation":{"origin":[7,8,5.5],"axis":"x","angle":45},"faces":{"down":{"uv":[6,2.5,8.5,4],"texture":"#teddiursabody"},"up":{"uv":[6,2.5,8.5,4],"texture":"#teddiursabody"},"north":{"uv":[5,1.5,7.5,4],"texture":"#teddiursabody"},"south":{"uv":[5,1.5,7.5,4],"texture":"#teddiursabody"},"west":{"uv":[7.5,2.5,9,5],"texture":"#teddiursabody"},"east":{"uv":[7.5,2.5,9,5],"texture":"#teddiursabody"}}},{"__comment":"Arm*","from":[6.9375,2,10.625],"to":[9.5625,5.5,12.5],"rotation":{"origin":[6.9375,5.5,10.625],"axis":"x","angle":-22.5},"faces":{"down":{"uv":[6,2.5,8.5,4],"texture":"#teddiursabody"},"up":{"uv":[6,2.5,8.5,4],"texture":"#teddiursabody"},"north":{"uv":[5,1.5,7.5,4],"texture":"#teddiursabody"},"south":{"uv":[5,1.5,7.5,4],"texture":"#teddiursabody"},"west":{"uv":[7.5,2.5,9,5],"texture":"#teddiursabody"},"east":{"uv":[7.5,2.5,9,5],"texture":"#teddiursabody"}}},{"__comment":"Arm*","from":[6.9375,2.75,3.75],"to":[9.5625,6.25,5.625],"rotation":{"origin":[6.9375,6.25,3.75],"axis":"x","angle":22.5},"faces":{"down":{"uv":[6,2.5,8.5,4],"texture":"#teddiursabody"},"up":{"uv":[6,2.5,8.5,4],"texture":"#teddiursabody"},"north":{"uv":[5,1.5,7.5,4],"texture":"#teddiursabody"},"south":{"uv":[5,1.5,7.5,4],"texture":"#teddiursabody"},"west":{"uv":[7.5,2.5,9,5],"texture":"#teddiursabody"},"east":{"uv":[7.5,2.5,9,5],"texture":"#teddiursabody"}}},{"__comment":"Arm*","from":[7.25,2,11.9375],"to":[9.25,3,13.4375],"rotation":{"origin":[7.25,3,11.9375],"axis":"x","angle":-22.5},"faces":{"down":{"uv":[6,2.5,8.5,4],"texture":"#teddiursabody"},"up":{"uv":[6,2.5,8.5,4],"texture":"#teddiursabody"},"north":{"uv":[5,1.5,7.5,4],"texture":"#teddiursabody"},"south":{"uv":[5,1.5,7.5,4],"texture":"#teddiursabody"},"west":{"uv":[7.5,2.5,9,5],"texture":"#teddiursabody"},"east":{"uv":[7.5,2.5,9,5],"texture":"#teddiursabody"}}},{"__comment":"Arm*","from":[7.25,2.5625,2.8125],"to":[9.25,3.5625,4.3125],"rotation":{"origin":[7.25,3.5625,2.8125],"axis":"x","angle":22.5},"faces":{"down":{"uv":[6,2.5,8.5,4],"texture":"#teddiursabody"},"up":{"uv":[6,2.5,8.5,4],"texture":"#teddiursabody"},"north":{"uv":[5,1.5,7.5,4],"texture":"#teddiursabody"},"south":{"uv":[5,1.5,7.5,4],"texture":"#teddiursabody"},"west":{"uv":[7.5,2.5,9,5],"texture":"#teddiursabody"},"east":{"uv":[7.5,2.5,9,5],"texture":"#teddiursabody"}}},{"__comment":"Arm*","from":[7.25,2.25,10.75],"to":[9.25,4.8125,13],"rotation":{"origin":[7.25,4.8125,10.75],"axis":"x","angle":-22.5},"faces":{"down":{"uv":[6,2.5,8.5,4],"texture":"#teddiursabody"},"up":{"uv":[6,2.5,8.5,4],"texture":"#teddiursabody"},"north":{"uv":[5,1.5,7.5,4],"texture":"#teddiursabody"},"south":{"uv":[5,1.5,7.5,4],"texture":"#teddiursabody"},"west":{"uv":[7.5,2.5,9,5],"texture":"#teddiursabody"},"east":{"uv":[7.5,2.5,9,5],"texture":"#teddiursabody"}}},{"__comment":"Arm*","from":[7.25,3.125,3.3125],"to":[9.25,5.6875,5.5625],"rotation":{"origin":[7.25,5.6875,3.3125],"axis":"x","angle":22.5},"faces":{"down":{"uv":[6,2.5,8.5,4],"texture":"#teddiursabody"},"up":{"uv":[6,2.5,8.5,4],"texture":"#teddiursabody"},"north":{"uv":[5,1.5,7.5,4],"texture":"#teddiursabody"},"south":{"uv":[5,1.5,7.5,4],"texture":"#teddiursabody"},"west":{"uv":[7.5,2.5,9,5],"texture":"#teddiursabody"},"east":{"uv":[7.5,2.5,9,5],"texture":"#teddiursabody"}}},{"__comment":"ClawH","from":[7.1875,2,3],"to":[7.6875,3,3.5],"rotation":{"origin":[7.1875,3,3],"axis":"x","angle":22.5},"faces":{"down":{"uv":[14,15,14.5,15.5],"texture":"#teddiursabody"},"up":{"uv":[14,15,14.5,15.5],"texture":"#teddiursabody"},"north":{"uv":[13,13,13.5,14],"texture":"#teddiursabody"},"south":{"uv":[13,13,13.5,14],"texture":"#teddiursabody"},"west":{"uv":[13.5,13,14,14],"texture":"#teddiursabody"},"east":{"uv":[13.5,13,14,14],"texture":"#teddiursabody"}}},{"__comment":"ClawH*","from":[8,2,3],"to":[8.5,3,3.5],"rotation":{"origin":[8,3,3],"axis":"x","angle":22.5},"faces":{"down":{"uv":[14,15,14.5,15.5],"texture":"#teddiursabody"},"up":{"uv":[14,15,14.5,15.5],"texture":"#teddiursabody"},"north":{"uv":[13,13,13.5,14],"texture":"#teddiursabody"},"south":{"uv":[13,13,13.5,14],"texture":"#teddiursabody"},"west":{"uv":[13.5,13,14,14],"texture":"#teddiursabody"},"east":{"uv":[13.5,13,14,14],"texture":"#teddiursabody"}}},{"__comment":"ClawH*","from":[8.8125,2,3],"to":[9.3125,3,3.5],"rotation":{"origin":[8.8125,3,3],"axis":"x","angle":22.5},"faces":{"down":{"uv":[14,15,14.5,15.5],"texture":"#teddiursabody"},"up":{"uv":[14,15,14.5,15.5],"texture":"#teddiursabody"},"north":{"uv":[13,13,13.5,14],"texture":"#teddiursabody"},"south":{"uv":[13,13,13.5,14],"texture":"#teddiursabody"},"west":{"uv":[13.5,13,14,14],"texture":"#teddiursabody"},"east":{"uv":[13.5,13,14,14],"texture":"#teddiursabody"}}},{"__comment":"ClawH*","from":[8.8125,1.8125,12.625],"to":[9.3125,2.8125,13.125],"rotation":{"origin":[8.8125,2.8125,12.625],"axis":"x","angle":-22.5},"faces":{"down":{"uv":[14,15,14.5,15.5],"texture":"#teddiursabody"},"up":{"uv":[14,15,14.5,15.5],"texture":"#teddiursabody"},"north":{"uv":[13,13,13.5,14],"texture":"#teddiursabody"},"south":{"uv":[13,13,13.5,14],"texture":"#teddiursabody"},"west":{"uv":[13.5,13,14,14],"texture":"#teddiursabody"},"east":{"uv":[13.5,13,14,14],"texture":"#teddiursabody"}}},{"__comment":"ClawH*","from":[7.1875,1.8125,12.625],"to":[7.6875,2.8125,13.125],"rotation":{"origin":[7.1875,2.8125,12.625],"axis":"x","angle":-22.5},"faces":{"down":{"uv":[14,15,14.5,15.5],"texture":"#teddiursabody"},"up":{"uv":[14,15,14.5,15.5],"texture":"#teddiursabody"},"north":{"uv":[13,13,13.5,14],"texture":"#teddiursabody"},"south":{"uv":[13,13,13.5,14],"texture":"#teddiursabody"},"west":{"uv":[13.5,13,14,14],"texture":"#teddiursabody"},"east":{"uv":[13.5,13,14,14],"texture":"#teddiursabody"}}},{"__comment":"ClawH*","from":[8,1.8125,12.625],"to":[8.5,2.8125,13.125],"rotation":{"origin":[8,2.8125,12.625],"axis":"x","angle":-22.5},"faces":{"down":{"uv":[14,15,14.5,15.5],"texture":"#teddiursabody"},"up":{"uv":[14,15,14.5,15.5],"texture":"#teddiursabody"},"north":{"uv":[13,13,13.5,14],"texture":"#teddiursabody"},"south":{"uv":[13,13,13.5,14],"texture":"#teddiursabody"},"west":{"uv":[13.5,13,14,14],"texture":"#teddiursabody"},"east":{"uv":[13.5,13,14,14],"texture":"#teddiursabody"}}}],"display":{"head":{"rotation":[0,-90,0],"translation":[0,-33,0],"scale":[1.5,1.5,1.5]},"gui":{"rotation":[30,50,0],"translation":[0.5,-0.5,0],"scale":[0.9,0.9,0.9]},"thirdperson_righthand":{"scale":[0,0,0]},"thirdperson_lefthand":{"scale":[0,0,0]},"firstperson_righthand":{"scale":[0,0,0]},"firstperson_lefthand":{"scale":[0,0,0]}}}