{"__comment":"Designed by Samasaurus6 with BDcraft Cubik PRO 0.96 Beta - http://bdcraft.net","textures":{"slugmabody":"pokemon_skins/regular/magcargo/slugmabody","slugma_flame":"pokemon_skins/regular/magcargo/slugma_flame","slugma_eye":"pokemon_skins/regular/magcargo/magcargo_eye","magcargoshell":"pokemon_skins/regular/magcargo/magcargoshell"},"elements":[{"__comment":"Head","from":[3.5,6.1875,6.5],"to":[7.5,8.5,9.5],"faces":{"down":{"uv":[12.5,9.5,8.5,6.5],"texture":"#slugmabody"},"up":{"uv":[3.5,6.5,7.5,9.5],"texture":"#slugmabody"},"north":{"uv":[8.5,7.5,12.5,9.8125],"texture":"#slugmabody"},"south":{"uv":[3.5,7.5,7.5,9.8125],"texture":"#slugmabody"},"west":{"uv":[6.5,7.5,9.5,9.8125],"texture":"#slugmabody"},"east":{"uv":[6.5,7.5,9.5,9.8125],"texture":"#slugmabody"}}},{"__comment":"Body","from":[5.99816,8.5,7.0625],"to":[8.99816,10,8.8125],"rotation":{"origin":[5.99816,10,7.0625],"axis":"z","angle":-45},"faces":{"down":{"uv":[9.5,9.25,6.5,6.75],"texture":"#slugmabody"},"up":{"uv":[6.5,6.75,9.5,9.25],"texture":"#slugmabody"},"north":{"uv":[6.5,7,9.5,8.5],"texture":"#slugmabody"},"south":{"uv":[6.5,7,9.5,8.5],"texture":"#slugmabody"},"west":{"uv":[6.75,7,9.25,8.5],"texture":"#slugmabody"},"east":{"uv":[6.75,7,9.25,8.5],"texture":"#slugmabody"}}},{"__comment":"Head","from":[1.875,10,7.0625],"to":[3.875,12,9.0625],"faces":{"down":{"uv":[14.5,9.125,12.5,6.625],"texture":"#slugmabody"},"up":{"uv":[1.5,6.625,3.5,9.125],"texture":"#slugmabody"},"north":{"uv":[12.5,4.4375,14.5,6.4375],"texture":"#slugmabody"},"south":{"uv":[1.5,4.4375,3.5,6.4375],"texture":"#slugmabody"},"west":{"uv":[6.625,4.4375,9.125,6.4375],"texture":"#slugmabody"},"east":{"uv":[6.875,4.4375,9.375,6.4375],"texture":"#slugmabody"}}},{"__comment":"Head","from":[2.25,8.5,8.6875],"to":[3.05,9.1875,9.3125],"faces":{"down":{"uv":[13.75,9.3125,12.95,8.6875],"texture":"#slugmabody"},"up":{"uv":[2.25,8.6875,3.05,9.3125],"texture":"#slugmabody"},"north":{"uv":[12.95,6.8125,13.75,7.5],"texture":"#slugmabody"},"south":{"uv":[2.25,6.8125,3.05,7.5],"texture":"#slugmabody"},"west":{"uv":[8.6875,6.8125,9.3125,7.5],"texture":"#slugmabody"},"east":{"uv":[6.6875,6.8125,7.3125,7.5],"texture":"#slugmabody"}}},{"__comment":"head","from":[2.4375,8.8,6.8125],"to":[2.8375,10,7.2125],"faces":{"down":{"uv":[13.5625,7.2125,13.1625,6.8125],"texture":"#slugmabody"},"up":{"uv":[2.4375,6.8125,2.8375,7.2125],"texture":"#slugmabody"},"north":{"uv":[13.1625,6,13.5625,7.2],"texture":"#slugmabody"},"south":{"uv":[2.4375,6,2.8375,7.2],"texture":"#slugmabody"},"west":{"uv":[6.8125,6,7.2125,7.2],"texture":"#slugmabody"},"east":{"uv":[8.7875,6,9.1875,7.2],"texture":"#slugmabody"}}},{"__comment":"head","from":[2.4375,8.8,8.8125],"to":[2.8375,10,9.2125],"faces":{"down":{"uv":[13,9.2125,12.6,8.8125],"texture":"#slugmabody"},"up":{"uv":[3,8.8125,3.4,9.2125],"texture":"#slugmabody"},"north":{"uv":[12.6,6,13,7.2],"texture":"#slugmabody"},"south":{"uv":[3,6,3.4,7.2],"texture":"#slugmabody"},"west":{"uv":[8.8125,6,9.2125,7.2],"texture":"#slugmabody"},"east":{"uv":[6.7875,6,7.1875,7.2],"texture":"#slugmabody"}}},{"__comment":"head","from":[3.6875,9.95,7],"to":[4.8875,10.75,9.15],"rotation":{"origin":[3.6875,10.75,7],"axis":"z","angle":-45},"faces":{"down":{"uv":[13,9.5,11.5,6.5],"texture":"#slugmabody"},"up":{"uv":[3,6.5,4.5,9.5],"texture":"#slugmabody"},"north":{"uv":[11.5,6.5,13,7.5],"texture":"#slugmabody"},"south":{"uv":[3,6.5,4.5,7.5],"texture":"#slugmabody"},"west":{"uv":[6.5,6.5,9.5,7.5],"texture":"#slugmabody"},"east":{"uv":[6.5,6.5,9.5,7.5],"texture":"#slugmabody"}}},{"__comment":"head","from":[3.4375,10.65,6.3125],"to":[5.8375,12.25,9.7125],"faces":{"down":{"uv":[13,9.5,11.5,6.5],"texture":"#slugmabody"},"up":{"uv":[3,6.5,4.5,9.5],"texture":"#slugmabody"},"north":{"uv":[11.5,6.5,13,7.5],"texture":"#slugmabody"},"south":{"uv":[3,6.5,4.5,7.5],"texture":"#slugmabody"},"west":{"uv":[6.5,6.5,9.5,7.5],"texture":"#slugmabody"},"east":{"uv":[6.5,6.5,9.5,7.5],"texture":"#slugmabody"}}},{"__comment":"Body","from":[5.4375,7.0625,6.5],"to":[8.6875,9.3125,9.5],"rotation":{"origin":[5.4375,9.3125,6.5],"axis":"z","angle":-22.5},"faces":{"down":{"uv":[9.5625,9.5,6.125,6.5],"texture":"#slugmabody"},"up":{"uv":[6.4375,6.5,9.875,9.5],"texture":"#slugmabody"},"north":{"uv":[6.125,7.5,9.5625,9.75],"texture":"#slugmabody"},"south":{"uv":[6.4375,7.5,9.875,9.75],"texture":"#slugmabody"},"west":{"uv":[6.5,7.5,9.5,9.75],"texture":"#slugmabody"},"east":{"uv":[6.5,7.5,9.5,9.75],"texture":"#slugmabody"}}},{"__comment":"head","from":[3.4375,10.65,7.0625],"to":[5.0375,12.25,9.125],"rotation":{"origin":[3.4375,12.25,7.0625],"axis":"z","angle":-22.5},"faces":{"down":{"uv":[13,9.5,11.5,6.5],"texture":"#slugmabody"},"up":{"uv":[3,6.5,4.5,9.5],"texture":"#slugmabody"},"north":{"uv":[11.5,6.5,13,7.5],"texture":"#slugmabody"},"south":{"uv":[3,6.5,4.5,7.5],"texture":"#slugmabody"},"west":{"uv":[6.5,6.5,9.5,7.5],"texture":"#slugmabody"},"east":{"uv":[6.5,6.5,9.5,7.5],"texture":"#slugmabody"}}},{"__comment":"head","from":[4.25,10.225,6.5],"to":[5.95,11.625,9.6],"rotation":{"origin":[4.25,11.625,6.5],"axis":"z","angle":22.5},"faces":{"down":{"uv":[13,9.5,11.5,6.5],"texture":"#slugmabody"},"up":{"uv":[3,6.5,4.5,9.5],"texture":"#slugmabody"},"north":{"uv":[11.5,6.5,13,7.5],"texture":"#slugmabody"},"south":{"uv":[3,6.5,4.5,7.5],"texture":"#slugmabody"},"west":{"uv":[6.5,6.5,9.5,7.5],"texture":"#slugmabody"},"east":{"uv":[6.5,6.5,9.5,7.5],"texture":"#slugmabody"}}},{"__comment":"head","from":[3.8125,11.4875,6.8125],"to":[5.4125,12.6875,9.2125],"faces":{"down":{"uv":[12.1875,9.2125,10.5875,6.8125],"texture":"#slugmabody"},"up":{"uv":[3.8125,6.8125,5.4125,9.2125],"texture":"#slugmabody"},"north":{"uv":[10.5875,3.3125,12.1875,4.5125],"texture":"#slugmabody"},"south":{"uv":[3.8125,3.3125,5.4125,4.5125],"texture":"#slugmabody"},"west":{"uv":[6.8125,3.3125,9.2125,4.5125],"texture":"#slugmabody"},"east":{"uv":[6.7875,3.3125,9.1875,4.5125],"texture":"#slugmabody"}}},{"__comment":"Head*","from":[3.75,8,7],"to":[6.25,10.5,9],"faces":{"down":{"uv":[12.25,9,9.75,7],"texture":"#slugmabody"},"up":{"uv":[3.75,7,6.25,9],"texture":"#slugmabody"},"north":{"uv":[9.75,5.5,12.25,8],"texture":"#slugmabody"},"south":{"uv":[3.75,5.5,6.25,8],"texture":"#slugmabody"},"west":{"uv":[7,5.5,9,8],"texture":"#slugmabody"},"east":{"uv":[7,5.5,9,8],"texture":"#slugmabody"}}},{"__comment":"Body*","from":[7.5,6.0625,6.5],"to":[10.4375,8,9.5],"faces":{"down":{"uv":[9.5625,9.5,6.125,6.5],"texture":"#slugmabody"},"up":{"uv":[6.4375,6.5,9.875,9.5],"texture":"#slugmabody"},"north":{"uv":[6.125,7.5,9.5625,9.75],"texture":"#slugmabody"},"south":{"uv":[6.4375,7.5,9.875,9.75],"texture":"#slugmabody"},"west":{"uv":[6.5,7.5,9.5,9.75],"texture":"#slugmabody"},"east":{"uv":[6.5,7.5,9.5,9.75],"texture":"#slugmabody"}}},{"__comment":"Body*","from":[2.9375,6,6],"to":[12.4375,6.8125,9.875],"faces":{"down":{"uv":[9.5625,9.5,6.125,6.5],"texture":"#slugmabody"},"up":{"uv":[6.4375,6.5,9.875,9.5],"texture":"#slugmabody"},"north":{"uv":[6.125,7.5,9.5625,9.75],"texture":"#slugmabody"},"south":{"uv":[6.4375,7.5,9.875,9.75],"texture":"#slugmabody"},"west":{"uv":[6.5,7.5,9.5,9.75],"texture":"#slugmabody"},"east":{"uv":[6.5,7.5,9.5,9.75],"texture":"#slugmabody"}}},{"__comment":"Body*","from":[10.4375,6.75,6.5],"to":[12.4375,8,9.5],"rotation":{"origin":[10.4375,8,6.5],"axis":"z","angle":-22.5},"faces":{"down":{"uv":[9.5625,9.5,6.125,6.5],"texture":"#slugmabody"},"up":{"uv":[6.4375,6.5,9.875,9.5],"texture":"#slugmabody"},"north":{"uv":[6.125,7.5,9.5625,9.75],"texture":"#slugmabody"},"south":{"uv":[6.4375,7.5,9.875,9.75],"texture":"#slugmabody"},"west":{"uv":[6.5,7.5,9.5,9.75],"texture":"#slugmabody"},"east":{"uv":[6.5,7.5,9.5,9.75],"texture":"#slugmabody"}}},{"__comment":"Head*","from":[2.25,8.5,6.6875],"to":[3.05,9.1875,7.3125],"faces":{"down":{"uv":[13.75,7.3125,12.95,6.6875],"texture":"#slugmabody"},"up":{"uv":[2.25,6.6875,3.05,7.3125],"texture":"#slugmabody"},"north":{"uv":[12.95,6.8125,13.75,7.5],"texture":"#slugmabody"},"south":{"uv":[2.25,6.8125,3.05,7.5],"texture":"#slugmabody"},"west":{"uv":[6.6875,6.8125,7.3125,7.5],"texture":"#slugmabody"},"east":{"uv":[8.6875,6.8125,9.3125,7.5],"texture":"#slugmabody"}}},{"__comment":"Head*","from":[4.125,10.125,6.5],"to":[6.3125,11,9.5],"faces":{"down":{"uv":[11.875,9.5,9.6875,6.5],"texture":"#slugmabody"},"up":{"uv":[4.125,6.5,6.3125,9.5],"texture":"#slugmabody"},"north":{"uv":[9.6875,5,11.875,5.875],"texture":"#slugmabody"},"south":{"uv":[4.125,5,6.3125,5.875],"texture":"#slugmabody"},"west":{"uv":[6.5,5,9.5,5.875],"texture":"#slugmabody"},"east":{"uv":[6.5,5,9.5,5.875],"texture":"#slugmabody"}}},{"__comment":"head*","from":[3.9375,6.25,6.3125],"to":[5.5,11.5,9.7125],"faces":{"down":{"uv":[13,9.5,11.5,6.5],"texture":"#slugmabody"},"up":{"uv":[3,6.5,4.5,9.5],"texture":"#slugmabody"},"north":{"uv":[11.5,6.5,13,7.5],"texture":"#slugmabody"},"south":{"uv":[3,6.5,4.5,7.5],"texture":"#slugmabody"},"west":{"uv":[6.5,6.5,9.5,7.5],"texture":"#slugmabody"},"east":{"uv":[6.5,6.5,9.5,7.5],"texture":"#slugmabody"}}},{"from":[1.375,6.0625,7.9375],"to":[7.6875,6.125,12.375],"faces":{"up":{"uv":[9,8.5,14,15.5],"rotation":90,"texture":"#slugma_flame"}}},{"from":[6.625,6.125,8.125],"to":[11.9375,6.1875,11.1875],"faces":{"up":{"uv":[9,16,14,8.5],"rotation":90,"texture":"#slugma_flame"}}},{"__comment":"Body*","from":[10.75,6,6.75],"to":[13.0625,7.0625,9.25],"faces":{"down":{"uv":[9.5625,9.5,6.125,6.5],"texture":"#slugmabody"},"up":{"uv":[6.4375,6.5,9.875,9.5],"texture":"#slugmabody"},"north":{"uv":[6.125,7.5,9.5625,9.75],"texture":"#slugmabody"},"south":{"uv":[6.4375,7.5,9.875,9.75],"texture":"#slugmabody"},"west":{"uv":[6.5,7.5,9.5,9.75],"texture":"#slugmabody"},"east":{"uv":[6.5,7.5,9.5,9.75],"texture":"#slugmabody"}}},{"__comment":"Body*","from":[4.8125,6,7.8125],"to":[7.375,6.75,10.25],"rotation":{"origin":[4.8125,6,7.8125],"axis":"y","angle":-45},"faces":{"down":{"uv":[9.5625,9.5,6.125,6.5],"texture":"#slugmabody"},"up":{"uv":[6.4375,6.5,9.875,9.5],"texture":"#slugmabody"},"north":{"uv":[6.125,7.5,9.5625,9.75],"texture":"#slugmabody"},"south":{"uv":[6.4375,7.5,9.875,9.75],"texture":"#slugmabody"},"west":{"uv":[6.5,7.5,9.5,9.75],"texture":"#slugmabody"},"east":{"uv":[6.5,7.5,9.5,9.75],"texture":"#slugmabody"}}},{"from":[1.375,6.0625,3.5],"to":[7.6875,6.125,7.9375],"faces":{"up":{"uv":[14,8.5,9,15.5],"rotation":90,"texture":"#slugma_flame"}}},{"__comment":"Body*","from":[3.0625,6,6.375],"to":[5.625,6.75,8.8125],"rotation":{"origin":[3.0625,6,6.375],"axis":"y","angle":45},"faces":{"down":{"uv":[9.5625,9.5,6.125,6.5],"texture":"#slugmabody"},"up":{"uv":[6.4375,6.5,9.875,9.5],"texture":"#slugmabody"},"north":{"uv":[6.125,7.5,9.5625,9.75],"texture":"#slugmabody"},"south":{"uv":[6.4375,7.5,9.875,9.75],"texture":"#slugmabody"},"west":{"uv":[6.5,7.5,9.5,9.75],"texture":"#slugmabody"},"east":{"uv":[6.5,7.5,9.5,9.75],"texture":"#slugmabody"}}},{"__comment":"head*","from":[3.9375,6.0625,8.3125],"to":[5.5,8.375,9.5625],"rotation":{"origin":[3.9375,8.375,8.3125],"axis":"x","angle":-22.5},"faces":{"down":{"uv":[13,9.5,11.5,6.5],"texture":"#slugmabody"},"up":{"uv":[3,6.5,4.5,9.5],"texture":"#slugmabody"},"north":{"uv":[11.5,6.5,13,7.5],"texture":"#slugmabody"},"south":{"uv":[3,6.5,4.5,7.5],"texture":"#slugmabody"},"west":{"uv":[6.5,6.5,9.5,7.5],"texture":"#slugmabody"},"east":{"uv":[6.5,6.5,9.5,7.5],"texture":"#slugmabody"}}},{"__comment":"head*","from":[3.9375,6.5,6.4375],"to":[5.5,8.8125,7.6875],"rotation":{"origin":[3.9375,8.8125,6.4375],"axis":"x","angle":22.5},"faces":{"down":{"uv":[13,9.5,11.5,6.5],"texture":"#slugmabody"},"up":{"uv":[3,6.5,4.5,9.5],"texture":"#slugmabody"},"north":{"uv":[11.5,6.5,13,7.5],"texture":"#slugmabody"},"south":{"uv":[3,6.5,4.5,7.5],"texture":"#slugmabody"},"west":{"uv":[6.5,6.5,9.5,7.5],"texture":"#slugmabody"},"east":{"uv":[6.5,6.5,9.5,7.5],"texture":"#slugmabody"}}},{"from":[6.625,6.125,4.75],"to":[11.9375,6.1875,7.8125],"faces":{"up":{"uv":[14,16,9,8.5],"rotation":90,"texture":"#slugma_flame"}}},{"__comment":"Body*","from":[12.0625,6,7.0625],"to":[14.4375,6.5625,8.875],"faces":{"down":{"uv":[9.5625,9.5,6.125,6.5],"texture":"#slugmabody"},"up":{"uv":[6.4375,6.5,9.875,9.5],"texture":"#slugmabody"},"north":{"uv":[6.125,7.5,9.5625,9.75],"texture":"#slugmabody"},"south":{"uv":[6.4375,7.5,9.875,9.75],"texture":"#slugmabody"},"west":{"uv":[6.5,7.5,9.5,9.75],"texture":"#slugmabody"},"east":{"uv":[6.5,7.5,9.5,9.75],"texture":"#slugmabody"}}},{"from":[11.8125,6.0625,7.8125],"to":[14.4375,6.125,9.875],"faces":{"up":{"uv":[9,14.5,13,11.5],"rotation":90,"texture":"#slugma_flame"}}},{"from":[11.8125,6.0625,6],"to":[14.4375,6.125,8.0625],"faces":{"up":{"uv":[13,14.5,9,11.5],"rotation":90,"texture":"#slugma_flame"}}},{"from":[13.8125,6.0625,6.9375],"to":[15.375,6.125,8.8125],"faces":{"up":{"uv":[8.5,0.5,11.5,3],"rotation":90,"texture":"#slugma_flame"}}},{"__comment":"Shell","from":[7.9375,9,6],"to":[10.9375,11,10],"rotation":{"origin":[7.9375,11,6],"axis":"z","angle":-45},"faces":{"down":{"uv":[7.9375,6,10.9375,10],"texture":"#magcargoshell"},"up":{"uv":[7.9375,6,10.9375,10],"texture":"#magcargoshell"},"north":{"uv":[7.9375,5,10.9375,7],"texture":"#magcargoshell"},"south":{"uv":[7.9375,5,10.9375,7],"texture":"#magcargoshell"},"west":{"uv":[6,5,10,7],"texture":"#magcargoshell"},"east":{"uv":[6,5,10,7],"texture":"#magcargoshell"}}},{"__comment":"Shell","from":[6.5,10.625,6],"to":[9.5,12.625,10],"rotation":{"origin":[6.5,12.625,6],"axis":"z","angle":45},"faces":{"down":{"uv":[8.5,4.5,11.5,8.5],"texture":"#magcargoshell"},"up":{"uv":[5.5,5.5,8.5,9.5],"texture":"#magcargoshell"},"north":{"uv":[4.5,8.5,7.5,10.5],"texture":"#magcargoshell"},"south":{"uv":[5.5,6.5,8.5,8.5],"texture":"#magcargoshell"},"west":{"uv":[8,10,12,12],"texture":"#magcargoshell"},"east":{"uv":[5,6,9,8],"texture":"#magcargoshell"}}},{"__comment":"Shell","from":[6.5,9.5625,6.0625],"to":[13.5,12.625,9.9375],"faces":{"down":{"uv":[6.5,6.0625,13.5,9.9375],"texture":"#magcargoshell"},"up":{"uv":[6.5,6.0625,13.5,9.9375],"texture":"#magcargoshell"},"north":{"uv":[6.5,3.375,13.5,6.4375],"texture":"#magcargoshell"},"south":{"uv":[6.5,3.375,13.5,6.4375],"texture":"#magcargoshell"},"west":{"uv":[6.0625,3.375,9.9375,6.4375],"texture":"#magcargoshell"},"east":{"uv":[6.0625,3.375,9.9375,6.4375],"texture":"#magcargoshell"}}},{"__comment":"Shell","from":[11.375,12.6875,6],"to":[14.375,14.6875,10],"rotation":{"origin":[11.375,14.6875,6],"axis":"z","angle":-45},"faces":{"down":{"uv":[11.375,6,14.375,10],"texture":"#magcargoshell"},"up":{"uv":[11.375,6,14.375,10],"texture":"#magcargoshell"},"north":{"uv":[11.375,1.3125,14.375,3.3125],"texture":"#magcargoshell"},"south":{"uv":[11.375,1.3125,14.375,3.3125],"texture":"#magcargoshell"},"west":{"uv":[6,1.3125,10,3.3125],"texture":"#magcargoshell"},"east":{"uv":[6,1.3125,10,3.3125],"texture":"#magcargoshell"}}},{"__comment":"Shell","from":[8.625,7.4375,6.0625],"to":[11.3125,14.75,9.9375],"faces":{"down":{"uv":[8.625,6.0625,11.3125,9.9375],"texture":"#magcargoshell"},"up":{"uv":[8.625,6.0625,11.3125,9.9375],"texture":"#magcargoshell"},"north":{"uv":[8.625,1.25,11.3125,8.5625],"texture":"#magcargoshell"},"south":{"uv":[8.625,1.25,11.3125,8.5625],"texture":"#magcargoshell"},"west":{"uv":[6.0625,1.25,9.9375,8.5625],"texture":"#magcargoshell"},"east":{"uv":[6.0625,1.25,9.9375,8.5625],"texture":"#magcargoshell"}}},{"__comment":"Shell","from":[11.75,8.3125,6],"to":[14.25,11.3125,10],"rotation":{"origin":[11.75,11.3125,6],"axis":"z","angle":-45},"faces":{"down":{"uv":[11.75,6,14.25,10],"texture":"#magcargoshell"},"up":{"uv":[11.75,6,14.25,10],"texture":"#magcargoshell"},"north":{"uv":[11.75,4.6875,14.25,7.6875],"texture":"#magcargoshell"},"south":{"uv":[11.75,4.6875,14.25,7.6875],"texture":"#magcargoshell"},"west":{"uv":[6,4.6875,10,7.6875],"texture":"#magcargoshell"},"east":{"uv":[6,4.6875,10,7.6875],"texture":"#magcargoshell"}}},{"__comment":"Shell*","from":[8.45,9.4,5.4],"to":[10.85,11,8.6],"rotation":{"origin":[8.45,11,5.4],"axis":"z","angle":-45},"faces":{"down":{"uv":[8.4375,5.375,10.8125,8.5625],"texture":"#magcargoshell"},"up":{"uv":[8.4375,5.375,10.8125,8.5625],"texture":"#magcargoshell"},"north":{"uv":[8.4375,5,10.8125,6.5625],"texture":"#magcargoshell"},"south":{"uv":[8.4375,5,10.8125,6.5625],"texture":"#magcargoshell"},"west":{"uv":[5.375,5,8.5625,6.5625],"texture":"#magcargoshell"},"east":{"uv":[5.375,5,8.5625,6.5625],"texture":"#magcargoshell"}}},{"__comment":"Shell*","from":[7.3,10.7,5.4],"to":[9.7,12.3,8.6],"rotation":{"origin":[7.3,12.3,5.4],"axis":"z","angle":45},"faces":{"down":{"uv":[7.25,5.375,9.625,8.5625],"texture":"#magcargoshell"},"up":{"uv":[7.25,5.375,9.625,8.5625],"texture":"#magcargoshell"},"north":{"uv":[7.25,3.6875,9.625,5.25],"texture":"#magcargoshell"},"south":{"uv":[7.25,3.6875,9.625,5.25],"texture":"#magcargoshell"},"west":{"uv":[5.375,3.6875,8.5625,5.25],"texture":"#magcargoshell"},"east":{"uv":[5.375,3.6875,8.5625,5.25],"texture":"#magcargoshell"}}},{"__comment":"Shell*","from":[7.3125,9.8,5.5625],"to":[12.9125,12.25,8.6625],"faces":{"down":{"uv":[4,9.5,9.5625,12.5625],"texture":"#magcargoshell"},"up":{"uv":[4.5,7.5,10.0625,10.5625],"texture":"#magcargoshell"},"north":{"uv":[4.5,8.5,10.0625,10.9375],"texture":"#magcargoshell"},"south":{"uv":[7.3125,3.75,12.875,6.1875],"texture":"#magcargoshell"},"west":{"uv":[5.5625,3.75,8.625,6.1875],"texture":"#magcargoshell"},"east":{"uv":[5.5625,3.75,8.625,6.1875],"texture":"#magcargoshell"}}},{"__comment":"Shell*","from":[11.2,12.35,5.4],"to":[13.6,13.95,8.6],"rotation":{"origin":[11.2,13.95,5.4],"axis":"z","angle":-45},"faces":{"down":{"uv":[11.1875,5.375,13.5625,8.5625],"texture":"#magcargoshell"},"up":{"uv":[11.1875,5.375,13.5625,8.5625],"texture":"#magcargoshell"},"north":{"uv":[11.1875,2,13.5625,3.5625],"texture":"#magcargoshell"},"south":{"uv":[11.1875,2,13.5625,3.5625],"texture":"#magcargoshell"},"west":{"uv":[5.375,2,8.5625,3.5625],"texture":"#magcargoshell"},"east":{"uv":[5.375,2,8.5625,3.5625],"texture":"#magcargoshell"}}},{"__comment":"Shell*","from":[9,8.15,5.45],"to":[11.15,14,8.55],"faces":{"down":{"uv":[9,5.4375,11.125,8.5],"texture":"#magcargoshell"},"up":{"uv":[9,5.4375,11.125,8.5],"texture":"#magcargoshell"},"north":{"uv":[9,2,11.125,7.8125],"texture":"#magcargoshell"},"south":{"uv":[9,2,11.125,7.8125],"texture":"#magcargoshell"},"west":{"uv":[5.4375,2,8.5,7.8125],"texture":"#magcargoshell"},"east":{"uv":[5.4375,2,8.5,7.8125],"texture":"#magcargoshell"}}},{"__comment":"Shell*","from":[11.5,8.85,5.4],"to":[13.5,11.25,8.6],"rotation":{"origin":[11.5,11.25,5.4],"axis":"z","angle":-45},"faces":{"down":{"uv":[11.5,5.375,13.5,8.5625],"texture":"#magcargoshell"},"up":{"uv":[11.5,5.375,13.5,8.5625],"texture":"#magcargoshell"},"north":{"uv":[11.5,4.75,13.5,7.125],"texture":"#magcargoshell"},"south":{"uv":[11.5,4.75,13.5,7.125],"texture":"#magcargoshell"},"west":{"uv":[5.375,4.75,8.5625,7.125],"texture":"#magcargoshell"},"east":{"uv":[5.375,4.75,8.5625,7.125],"texture":"#magcargoshell"}}},{"__comment":"Shell*","from":[8.45,9.4,7.4],"to":[10.85,11,10.6],"rotation":{"origin":[8.45,11,7.4],"axis":"z","angle":-45},"faces":{"down":{"uv":[8.4375,7.375,10.8125,10.5625],"texture":"#magcargoshell"},"up":{"uv":[8.4375,7.375,10.8125,10.5625],"texture":"#magcargoshell"},"north":{"uv":[5,6,7.375,7.5625],"texture":"#magcargoshell"},"south":{"uv":[8.4375,5,10.8125,6.5625],"texture":"#magcargoshell"},"west":{"uv":[7.375,5,10.5625,6.5625],"texture":"#magcargoshell"},"east":{"uv":[7.375,5,10.5625,6.5625],"texture":"#magcargoshell"}}},{"__comment":"Shell*","from":[7.3,10.7,7.4],"to":[9.7,12.3,10.6],"rotation":{"origin":[7.3,12.3,7.4],"axis":"z","angle":45},"faces":{"down":{"uv":[7.25,7.375,9.625,10.5625],"texture":"#magcargoshell"},"up":{"uv":[7.25,7.375,9.625,10.5625],"texture":"#magcargoshell"},"north":{"uv":[7.25,3.6875,9.625,5.25],"texture":"#magcargoshell"},"south":{"uv":[7.25,3.6875,9.625,5.25],"texture":"#magcargoshell"},"west":{"uv":[7.375,3.6875,10.5625,5.25],"texture":"#magcargoshell"},"east":{"uv":[7.375,3.6875,10.5625,5.25],"texture":"#magcargoshell"}}},{"__comment":"Shell*","from":[7.3125,9.8,7.4375],"to":[12.9125,12.25,10.5375],"faces":{"down":{"uv":[7.3125,7.4375,12.875,10.5],"texture":"#magcargoshell"},"up":{"uv":[6,12,11.5625,15.0625],"texture":"#magcargoshell"},"north":{"uv":[6.5,10.5,12.0625,12.9375],"texture":"#magcargoshell"},"south":{"uv":[7.3125,3.75,12.875,6.1875],"texture":"#magcargoshell"},"west":{"uv":[3,6,6.0625,8.4375],"texture":"#magcargoshell"},"east":{"uv":[5.5,6.5,8.5625,8.9375],"texture":"#magcargoshell"}}},{"__comment":"Shell*","from":[11.2,12.35,7.4],"to":[13.6,13.95,10.6],"rotation":{"origin":[11.2,13.95,7.4],"axis":"z","angle":-45},"faces":{"down":{"uv":[11.1875,7.375,13.5625,10.5625],"texture":"#magcargoshell"},"up":{"uv":[11.1875,7.375,13.5625,10.5625],"texture":"#magcargoshell"},"north":{"uv":[11.1875,2,13.5625,3.5625],"texture":"#magcargoshell"},"south":{"uv":[11.1875,2,13.5625,3.5625],"texture":"#magcargoshell"},"west":{"uv":[7.375,2,10.5625,3.5625],"texture":"#magcargoshell"},"east":{"uv":[7.375,2,10.5625,3.5625],"texture":"#magcargoshell"}}},{"__comment":"Shell*","from":[9,8.15,7.45],"to":[11.15,14,10.55],"faces":{"down":{"uv":[9,7.4375,11.125,10.5],"texture":"#magcargoshell"},"up":{"uv":[9,7.4375,11.125,10.5],"texture":"#magcargoshell"},"north":{"uv":[4,5,6.125,10.8125],"texture":"#magcargoshell"},"south":{"uv":[9,2,11.125,7.8125],"texture":"#magcargoshell"},"west":{"uv":[4,5.5,7.0625,11.3125],"texture":"#magcargoshell"},"east":{"uv":[7.4375,2,10.5,7.8125],"texture":"#magcargoshell"}}},{"__comment":"Shell*","from":[11.5,8.85,7.4],"to":[13.5,11.25,10.6],"rotation":{"origin":[11.5,11.25,7.4],"axis":"z","angle":-45},"faces":{"down":{"uv":[11.5,7.375,13.5,10.5625],"texture":"#magcargoshell"},"up":{"uv":[11.5,7.375,13.5,10.5625],"texture":"#magcargoshell"},"north":{"uv":[11.5,4.75,13.5,7.125],"texture":"#magcargoshell"},"south":{"uv":[11.5,4.75,13.5,7.125],"texture":"#magcargoshell"},"west":{"uv":[7.375,4.75,10.5625,7.125],"texture":"#magcargoshell"},"east":{"uv":[7.375,4.75,10.5625,7.125],"texture":"#magcargoshell"}}},{"__comment":"Head*","from":[2.5,10,6.5],"to":[5,11.5,9.5],"faces":{"down":{"uv":[14.5,9.125,12.5,6.625],"texture":"#slugmabody"},"up":{"uv":[1.5,6.625,3.5,9.125],"texture":"#slugmabody"},"north":{"uv":[12.5,4.4375,14.5,6.4375],"texture":"#slugmabody"},"south":{"uv":[1.5,4.4375,3.5,6.4375],"texture":"#slugmabody"},"west":{"uv":[6.625,4.4375,9.125,6.4375],"texture":"#slugmabody"},"east":{"uv":[6.875,4.4375,9.375,6.4375],"texture":"#slugmabody"}}},{"__comment":"Head*","from":[3.3125,10,6],"to":[5.3125,11.5,10],"faces":{"down":{"uv":[14.5,9.125,12.5,6.625],"texture":"#slugmabody"},"up":{"uv":[1.5,6.625,3.5,9.125],"texture":"#slugmabody"},"north":{"uv":[12.5,4.4375,14.5,6.4375],"texture":"#slugmabody"},"south":{"uv":[1.5,4.4375,3.5,6.4375],"texture":"#slugmabody"},"west":{"uv":[6.625,4.4375,9.125,6.4375],"texture":"#slugmabody"},"east":{"uv":[6.875,4.4375,9.375,6.4375],"texture":"#slugmabody"}}},{"__comment":"head*","from":[3.4375,12.25,8.3125],"to":[4.4375,13.25,9.625],"faces":{"down":{"uv":[12.5625,9.625,11.5625,8.3125],"texture":"#slugmabody"},"up":{"uv":[3.4375,8.3125,4.4375,9.625],"texture":"#slugmabody"},"north":{"uv":[11.5625,2.75,12.5625,3.75],"texture":"#slugmabody"},"south":{"uv":[3.4375,2.75,4.4375,3.75],"texture":"#slugmabody"},"west":{"uv":[8.3125,2.75,9.625,3.75],"texture":"#slugmabody"},"east":{"uv":[6.375,2.75,7.6875,3.75],"texture":"#slugmabody"}}},{"__comment":"Head*","from":[1.5625,10.1875,7.3125],"to":[2.0625,11.8125,8.8125],"faces":{"down":{"uv":[14.5,9.125,12.5,6.625],"texture":"#slugmabody"},"up":{"uv":[1.5,6.625,3.5,9.125],"texture":"#slugmabody"},"north":{"uv":[12.5,4.4375,14.5,6.4375],"texture":"#slugmabody"},"south":{"uv":[1.5,4.4375,3.5,6.4375],"texture":"#slugmabody"},"west":{"uv":[6.625,4.4375,9.125,6.4375],"texture":"#slugmabody"},"east":{"uv":[6.875,4.4375,9.375,6.4375],"texture":"#slugmabody"}}},{"__comment":"head*","from":[3.4375,12.25,6.375],"to":[4.4375,13.25,7.6875],"faces":{"down":{"uv":[12.5625,7.6875,11.5625,6.375],"texture":"#slugmabody"},"up":{"uv":[3.4375,6.375,4.4375,7.6875],"texture":"#slugmabody"},"north":{"uv":[11.5625,2.75,12.5625,3.75],"texture":"#slugmabody"},"south":{"uv":[3.4375,2.75,4.4375,3.75],"texture":"#slugmabody"},"west":{"uv":[6.375,2.75,7.6875,3.75],"texture":"#slugmabody"},"east":{"uv":[8.3125,2.75,9.625,3.75],"texture":"#slugmabody"}}},{"__comment":"Head*","from":[2.8125,9.875,7.3125],"to":[4.8125,10.875,8.8125],"rotation":{"origin":[2.8125,10.875,7.3125],"axis":"z","angle":-22.5},"faces":{"down":{"uv":[14.5,9.125,12.5,6.625],"texture":"#slugmabody"},"up":{"uv":[1.5,6.625,3.5,9.125],"texture":"#slugmabody"},"north":{"uv":[12.5,4.4375,14.5,6.4375],"texture":"#slugmabody"},"south":{"uv":[1.5,4.4375,3.5,6.4375],"texture":"#slugmabody"},"west":{"uv":[6.625,4.4375,9.125,6.4375],"texture":"#slugmabody"},"east":{"uv":[6.875,4.4375,9.375,6.4375],"texture":"#slugmabody"}}},{"__comment":"head*","from":[3,9.1875,9.1875],"to":[3.5,10.1875,9.5875],"faces":{"down":{"uv":[13,9.2125,12.6,8.8125],"texture":"#slugmabody"},"up":{"uv":[3,8.8125,3.4,9.2125],"texture":"#slugmabody"},"north":{"uv":[12.6,6,13,7.2],"texture":"#slugmabody"},"south":{"uv":[3,6,3.4,7.2],"texture":"#slugmabody"},"west":{"uv":[8.8125,6,9.2125,7.2],"texture":"#slugmabody"},"east":{"uv":[6.7875,6,7.1875,7.2],"texture":"#slugmabody"}}},{"__comment":"head*","from":[3,9.1875,6.4375],"to":[3.375,10.1875,6.8375],"faces":{"down":{"uv":[13,9.2125,12.6,8.8125],"texture":"#slugmabody"},"up":{"uv":[3,8.8125,3.4,9.2125],"texture":"#slugmabody"},"north":{"uv":[12.6,6,13,7.2],"texture":"#slugmabody"},"south":{"uv":[3,6,3.4,7.2],"texture":"#slugmabody"},"west":{"uv":[8.8125,6,9.2125,7.2],"texture":"#slugmabody"},"east":{"uv":[6.7875,6,7.1875,7.2],"texture":"#slugmabody"}}},{"from":[3.375,11.8125,8.4375],"to":[3.4375,13.3125,9.4375],"faces":{"west":{"uv":[4.5,3,12,15.5],"texture":"#slugma_eye"},"east":{"uv":[15,2.5,16,4],"texture":"#slugma_eye"}}},{"__comment":"Head*","from":[2.5,10.75,7.3125],"to":[3.5,12.25,8.8125],"faces":{"down":{"uv":[14.5,9.125,12.5,6.625],"texture":"#slugmabody"},"up":{"uv":[1.5,6.625,3.5,9.125],"texture":"#slugmabody"},"north":{"uv":[12.5,4.4375,14.5,6.4375],"texture":"#slugmabody"},"south":{"uv":[1.5,4.4375,3.5,6.4375],"texture":"#slugmabody"},"west":{"uv":[6.625,4.4375,9.125,6.4375],"texture":"#slugmabody"},"east":{"uv":[6.875,4.4375,9.375,6.4375],"texture":"#slugmabody"}}},{"from":[3.375,11.8125,6.5625],"to":[3.4375,13.3125,7.5625],"faces":{"west":{"uv":[4.5,3,12,15.5],"texture":"#slugma_eye"},"east":{"uv":[15,2.5,16,4],"texture":"#slugma_eye"}}},{"__comment":"head*","from":[3.375,13.25,8.4375],"to":[4.25,13.5625,9.4375],"faces":{"down":{"uv":[12.625,9.4375,11.75,8.4375],"texture":"#slugmabody"},"up":{"uv":[3.375,8.4375,4.25,9.4375],"texture":"#slugmabody"},"north":{"uv":[11.75,2.4375,12.625,2.75],"texture":"#slugmabody"},"south":{"uv":[3.375,2.4375,4.25,2.75],"texture":"#slugmabody"},"west":{"uv":[8.4375,2.4375,9.4375,2.75],"texture":"#slugmabody"},"east":{"uv":[6.5625,2.4375,7.5625,2.75],"texture":"#slugmabody"}}},{"__comment":"head*","from":[3.375,13.25,6.5625],"to":[4.25,13.5625,7.5625],"faces":{"down":{"uv":[12.625,7.5625,11.75,6.5625],"texture":"#slugmabody"},"up":{"uv":[3.375,6.5625,4.25,7.5625],"texture":"#slugmabody"},"north":{"uv":[11.75,2.4375,12.625,2.75],"texture":"#slugmabody"},"south":{"uv":[3.375,2.4375,4.25,2.75],"texture":"#slugmabody"},"west":{"uv":[6.5625,2.4375,7.5625,2.75],"texture":"#slugmabody"},"east":{"uv":[8.4375,2.4375,9.4375,2.75],"texture":"#slugmabody"}}}],"display":{"head":{"rotation":[0,-90,0],"translation":[0,-36,0],"scale":[3.8,3.8,3.8]},"gui":{"rotation":[30,50,0],"translation":[1,-1.5,0],"scale":[1.2,1.2,1.2]},"thirdperson_righthand":{"scale":[0,0,0]},"thirdperson_lefthand":{"scale":[0,0,0]},"firstperson_righthand":{"scale":[0,0,0]},"firstperson_lefthand":{"scale":[0,0,0]}}}