{"credit":"Designed by Ramonaskye with BDcraft Cubik PRO 0.96 Beta - http://bdcraft.net","textures":{"0":"pokemon_skins/regular/delibird/delibirb"},"elements":[{"from":[3.5,1,3.5],"to":[13,5,10],"faces":{"north":{"uv":[13,1,15,3],"texture":"#0"},"east":{"uv":[13,1,15,3],"texture":"#0"},"south":{"uv":[13,1,15,3],"texture":"#0"},"west":{"uv":[13,1,15,3],"texture":"#0"},"up":{"uv":[13,1,15,3],"texture":"#0"},"down":{"uv":[13,1,15,3],"texture":"#0"}}},{"from":[4,5,4],"to":[12.5,11,9.5],"faces":{"north":{"uv":[13,1,15,3],"texture":"#0"},"east":{"uv":[13,1,15,3],"texture":"#0"},"south":{"uv":[13,1,15,3],"texture":"#0"},"west":{"uv":[13,1,15,3],"texture":"#0"},"up":{"uv":[13,1,15,3],"texture":"#0"},"down":{"uv":[13,1,15,3],"texture":"#0"}}},{"from":[1.5,6,5],"to":[6,7.5,8.5],"rotation":{"angle":45,"axis":"z","origin":[1.5,7.5,5]},"faces":{"north":{"uv":[13,1,15,3],"texture":"#0"},"east":{"uv":[13,1,15,3],"texture":"#0"},"south":{"uv":[13,1,15,3],"texture":"#0"},"west":{"uv":[13,1,15,3],"texture":"#0"},"up":{"uv":[13,1,15,3],"texture":"#0"},"down":{"uv":[13,1,15,3],"texture":"#0"}}},{"from":[-0.5,3.998,5.5],"to":[2.4,5.498,8],"rotation":{"angle":45,"axis":"z","origin":[-0.5,5.5,5.5]},"faces":{"north":{"uv":[13,1,15,3],"texture":"#0"},"east":{"uv":[13,1,15,3],"texture":"#0"},"south":{"uv":[13,1,15,3],"texture":"#0"},"west":{"uv":[13,1,15,3],"texture":"#0"},"up":{"uv":[13,1,15,3],"texture":"#0"},"down":{"uv":[13,1,15,3],"texture":"#0"}}},{"from":[15.2,6.5,5.5],"to":[18.5,8,8],"rotation":{"angle":-45,"axis":"z","origin":[15,8,5.5]},"faces":{"north":{"uv":[13,1,14,3],"texture":"#0"},"east":{"uv":[13,1,14,3],"texture":"#0"},"south":{"uv":[13,1,14,3],"texture":"#0"},"west":{"uv":[13,1,14,3],"texture":"#0"},"up":{"uv":[13,1,14,3],"texture":"#0"},"down":{"uv":[13,1,14,3],"texture":"#0"}}},{"from":[5.0625,11,4.5625],"to":[11.5625,16,10.0625],"faces":{"north":{"uv":[13,1,15,3],"texture":"#0"},"east":{"uv":[13,1,15,3],"texture":"#0"},"south":{"uv":[13,1,15,3],"texture":"#0"},"west":{"uv":[13,1,15,3],"texture":"#0"},"up":{"uv":[13,1,15,3],"texture":"#0"},"down":{"uv":[13,1,15,3],"texture":"#0"}}},{"from":[6,11,7.8125],"to":[9.5,16,10.3125],"rotation":{"angle":-22.5,"axis":"y","origin":[6,11,7.8125]},"faces":{"north":{"uv":[13,1,15,3],"texture":"#0"},"east":{"uv":[13,1,15,3],"texture":"#0"},"south":{"uv":[13,1,15,3],"texture":"#0"},"west":{"uv":[13,1,15,3],"texture":"#0"},"up":{"uv":[13,1,15,3],"texture":"#0"},"down":{"uv":[13,1,15,3],"texture":"#0"}}},{"from":[7.375,11,9.125],"to":[10.875,16,11.625],"rotation":{"angle":22.5,"axis":"y","origin":[7.375,11,9.125]},"faces":{"north":{"uv":[13,1,15,3],"texture":"#0"},"east":{"uv":[13,1,15,3],"texture":"#0"},"south":{"uv":[13,1,15,3],"texture":"#0"},"west":{"uv":[13,1,15,3],"texture":"#0"},"up":{"uv":[13,1,15,3],"texture":"#0"},"down":{"uv":[13,1,15,3],"texture":"#0"}}},{"from":[12,9.5,5],"to":[16.5,11,8.5],"rotation":{"angle":-45,"axis":"z","origin":[12,11,5]},"faces":{"north":{"uv":[13,1,15,3],"texture":"#0"},"east":{"uv":[13,1,15,3],"texture":"#0"},"south":{"uv":[13,1,15,3],"texture":"#0"},"west":{"uv":[13,1,15,3],"texture":"#0"},"up":{"uv":[13,1,15,3],"texture":"#0"},"down":{"uv":[13,1,15,3],"texture":"#0"}}},{"from":[3.5,0.4375,8.5],"to":[7,0.5,13.5],"faces":{"up":{"uv":[13.5,13,16,16],"texture":"#0"},"down":{"uv":[13.5,16,16,13],"texture":"#0"}}},{"from":[3.3125,0.5,3.5],"to":[7.3125,4.5,10],"faces":{"north":{"uv":[13,1,15,3],"texture":"#0"},"east":{"uv":[13,1,15,3],"texture":"#0"},"south":{"uv":[13,1,15,3],"texture":"#0"},"west":{"uv":[13,1,15,3],"texture":"#0"},"up":{"uv":[13,1,15,3],"texture":"#0"},"down":{"uv":[13,1,15,3],"texture":"#0"}}},{"from":[9.1875,0.5,3.5],"to":[13.1875,4.5,10],"faces":{"north":{"uv":[13,1,15,3],"texture":"#0"},"east":{"uv":[13,1,15,3],"texture":"#0"},"south":{"uv":[13,1,15,3],"texture":"#0"},"west":{"uv":[13,1,15,3],"texture":"#0"},"up":{"uv":[13,1,15,3],"texture":"#0"},"down":{"uv":[13,1,15,3],"texture":"#0"}}},{"from":[9.5,0.4375,8.5],"to":[13,0.5,13.5],"faces":{"up":{"uv":[13.5,13,16,16],"texture":"#0"},"down":{"uv":[13.5,16,16,13],"texture":"#0"}}},{"from":[7.8125,2.5625,9.5],"to":[8.8125,3.5625,10.5],"faces":{"north":{"uv":[4,7,6,9],"texture":"#0"},"east":{"uv":[4,7,6,9],"texture":"#0"},"south":{"uv":[4,7,6,9],"texture":"#0"},"west":{"uv":[4,7,6,9],"texture":"#0"},"up":{"uv":[4,7,6,9],"texture":"#0"},"down":{"uv":[4,7,6,9],"texture":"#0"}}},{"from":[7.5,12.1875,10.75],"to":[9,12.6875,12.75],"faces":{"north":{"uv":[10.5,14.5,12.5,15.5],"texture":"#0"},"east":{"uv":[10.5,14.5,12.5,15.5],"texture":"#0"},"south":{"uv":[10.5,14.5,12.5,15.5],"texture":"#0"},"west":{"uv":[10.5,14.5,12.5,15.5],"texture":"#0"},"up":{"uv":[10.5,14.5,12.5,15.5],"texture":"#0"},"down":{"uv":[10.5,14.5,12.5,15.5],"texture":"#0"}}},{"from":[6,0.5,-3.5],"to":[13,7,3],"faces":{"north":{"uv":[4,7,6,9],"texture":"#0"},"east":{"uv":[4,7,6,9],"texture":"#0"},"south":{"uv":[4,7,6,9],"texture":"#0"},"west":{"uv":[4,7,6,9],"texture":"#0"},"up":{"uv":[4,7,6,9],"texture":"#0"},"down":{"uv":[4,7,6,9],"texture":"#0"}}},{"from":[12.5,3.5,1.5],"to":[14.5,6,8],"rotation":{"angle":-22.5,"axis":"x","origin":[12.5,6,1.5]},"faces":{"north":{"uv":[4,7,6,9],"texture":"#0"},"east":{"uv":[4,7,6,9],"texture":"#0"},"south":{"uv":[4,7,6,9],"texture":"#0"},"west":{"uv":[4,7,6,9],"texture":"#0"},"up":{"uv":[4,7,6,9],"texture":"#0"},"down":{"uv":[4,7,6,9],"texture":"#0"}}},{"from":[12.5,6.4375,4],"to":[14.5,6.5,9.5],"rotation":{"angle":-22.5,"axis":"x","origin":[12.5,6.5,4]},"faces":{"up":{"uv":[4,7,6,9],"texture":"#0"},"down":{"uv":[4,7,6,9],"texture":"#0"}}},{"from":[12.5,8.125,8],"to":[15,9.625,8.0625],"rotation":{"angle":-45,"axis":"x","origin":[12.5,9.625,8]},"faces":{"north":{"uv":[4,7,6,9],"texture":"#0"},"south":{"uv":[4,7,6,9],"texture":"#0"}}},{"from":[2.3125,11,8.9375],"to":[8.8125,19.5,9],"rotation":{"angle":-22.5,"axis":"y","origin":[2.3125,11,8.9375]},"faces":{"north":{"uv":[5,0,0,9],"texture":"#0"},"south":{"uv":[0,0,5,9],"texture":"#0"}}},{"from":[8.25,11,11.4375],"to":[14.75,19.5,11.5],"rotation":{"angle":22.5,"axis":"y","origin":[8.25,11,11.4375]},"faces":{"north":{"uv":[0,0,5,9],"texture":"#0"},"south":{"uv":[5,0,0,9],"texture":"#0"}}},{"from":[5.96142,12.5,10.5],"to":[7.96142,14.5,10.5625],"rotation":{"angle":-22.5,"axis":"y","origin":[5.96142,12.5,10.5]},"faces":{"south":{"uv":[12,6.5,16,11],"texture":"#0"}}},{"from":[8.625,12.5,11.3125],"to":[10.625,14.5,11.375],"rotation":{"angle":22.5,"axis":"y","origin":[8.625,12.5,11.3125]},"faces":{"south":{"uv":[16,6.5,12,11],"texture":"#0"}}},{"from":[4,3.5,10],"to":[12.5,11,10.0625],"faces":{"north":{"uv":[10,9,0.5,16],"texture":"#0"},"south":{"uv":[0.5,9,10,16],"texture":"#0"}}},{"from":[12.6875,7.5,9.0625],"to":[14.1875,9,9.125],"rotation":{"angle":-22.5,"axis":"z","origin":[12.6875,9,9.0625]},"faces":{"north":{"uv":[4,7,6,9],"texture":"#0"},"south":{"uv":[4,7,6,9],"texture":"#0"}}},{"from":[12.875,8.375,8.4375],"to":[12.9375,9.875,9.4375],"rotation":{"angle":-22.5,"axis":"y","origin":[12.875,8.375,8.4375]},"faces":{"east":{"uv":[4,7,6,9],"texture":"#0"},"west":{"uv":[4,7,6,9],"texture":"#0"}}},{"from":[7.625,11.625,10.75],"to":[8.75,12.625,12.4375],"faces":{"north":{"uv":[10.5,14.5,12.5,15.5],"texture":"#0"},"east":{"uv":[10.5,14.5,12.5,15.5],"texture":"#0"},"south":{"uv":[10.5,14.5,12.5,15.5],"texture":"#0"},"west":{"uv":[10.5,14.5,12.5,15.5],"texture":"#0"},"up":{"uv":[10.5,14.5,12.5,15.5],"texture":"#0"},"down":{"uv":[10.5,14.5,12.5,15.5],"texture":"#0"}}},{"from":[12,2,-3],"to":[17.5,7.5,2.5],"rotation":{"angle":-45,"axis":"y","origin":[12,2,-3]},"faces":{"north":{"uv":[4,7,6,9],"texture":"#0"},"east":{"uv":[4,7,6,9],"texture":"#0"},"south":{"uv":[4,7,6,9],"texture":"#0"},"west":{"uv":[4,7,6,9],"texture":"#0"},"up":{"uv":[4,7,6,9],"texture":"#0"},"down":{"uv":[4,7,6,9],"texture":"#0"}}},{"from":[12.5,5,5.5],"to":[13.5,6.5,9],"rotation":{"angle":-45,"axis":"x","origin":[12.5,6.5,5.5]},"faces":{"north":{"uv":[4,7,6,9],"texture":"#0"},"east":{"uv":[4,7,6,9],"texture":"#0"},"south":{"uv":[4,7,6,9],"texture":"#0"},"west":{"uv":[4,7,6,9],"texture":"#0"},"up":{"uv":[4,7,6,9],"texture":"#0"},"down":{"uv":[4,7,6,9],"texture":"#0"}}}],"display":{"thirdperson_righthand":{"scale":[0,0,0]},"thirdperson_lefthand":{"scale":[0,0,0]},"firstperson_righthand":{"scale":[0,0,0]},"firstperson_lefthand":{"scale":[0,0,0]},"gui":{"rotation":[30,-50,0],"translation":[-1.5,-0.5,0],"scale":[0.7,0.7,0.7]},"head":{"rotation":[0,180,0],"translation":[0,-28,-5.67],"scale":[2,2,2]}}}