{"__comment":"Designed by Samasaurus6 with BDcraft Cubik PRO 0.96 Beta - http://bdcraft.net","textures":{"kingdra1":"pokemon_skins/regular/kingdra/kingdra1","kingdra2":"pokemon_skins/regular/kingdra/kingdra2","kingdra3":"pokemon_skins/regular/kingdra/kingdra3","kingdra4":"pokemon_skins/regular/kingdra/kingdra4","kingdra_nose":"pokemon_skins/regular/kingdra/kingdra_nose"},"elements":[{"from":[6.9375,6.0625,9.375],"to":[9.0625,9,9.875],"faces":{"down":{"uv":[1,12,11,13.5],"rotation":180,"texture":"#kingdra2"},"up":{"uv":[1,3,11,4],"rotation":180,"texture":"#kingdra2"},"north":{"uv":[1,2.5,3,5.375],"texture":"#kingdra1"},"south":{"uv":[11,3,1,13.5],"texture":"#kingdra2"},"west":{"uv":[4.5,1.5,5,4.375],"texture":"#kingdra1"},"east":{"uv":[3.5,2,4,4.875],"texture":"#kingdra1"}}},{"from":[6.75,5.75,7.5],"to":[9.25,9.6875,9.5625],"faces":{"down":{"uv":[4,5.5,1,3.4375],"rotation":180,"texture":"#kingdra1"},"up":{"uv":[2,2.5,5,4.5625],"rotation":180,"texture":"#kingdra1"},"north":{"uv":[3,2,6,5.9375],"texture":"#kingdra1"},"south":{"uv":[0,2,12,16],"texture":"#kingdra2"},"west":{"uv":[0,0.5,2.0625,4.4375],"texture":"#kingdra1"},"east":{"uv":[3,3.5,5.0625,7.4375],"texture":"#kingdra1"}}},{"from":[9.625,6.125,7.5],"to":[9.9375,8,9],"faces":{"down":{"uv":[2.5,3.5,2.1875,2],"rotation":180,"texture":"#kingdra1"},"up":{"uv":[5.5,4.5,5.8125,6],"rotation":180,"texture":"#kingdra1"},"north":{"uv":[5,5,5.3125,6.875],"texture":"#kingdra1"},"south":{"uv":[4.5,2.5,4.8125,4.375],"texture":"#kingdra1"},"west":{"uv":[1,3,2.5,4.875],"texture":"#kingdra1"},"east":{"uv":[1,4,2.5,5.875],"texture":"#kingdra1"}}},{"from":[6.0625,6.125,7.5],"to":[6.375,8,9],"faces":{"down":{"uv":[6,7,5.6875,5.5],"rotation":180,"texture":"#kingdra1"},"up":{"uv":[6,4.5,6.3125,6],"rotation":180,"texture":"#kingdra1"},"north":{"uv":[6,3.5,6.3125,5.375],"texture":"#kingdra1"},"south":{"uv":[3.5,1.5,3.8125,3.375],"texture":"#kingdra1"},"west":{"uv":[4.5,3.5,6,5.375],"texture":"#kingdra1"},"east":{"uv":[4.5,3.5,6,5.375],"texture":"#kingdra1"}}},{"from":[7,9.375,7.5],"to":[9,10.5,9.3125],"faces":{"down":{"uv":[3.5,4.5,1.5,2.6875],"rotation":180,"texture":"#kingdra1"},"up":{"uv":[3.5,4,5.5,5.8125],"rotation":180,"texture":"#kingdra1"},"north":{"uv":[4,3.5,6,4.625],"texture":"#kingdra1"},"south":{"uv":[4,3.5,6,4.625],"texture":"#kingdra1"},"west":{"uv":[4.5,3,6.3125,4.125],"texture":"#kingdra1"},"east":{"uv":[1.5,3.5,3.3125,4.625],"texture":"#kingdra1"}}},{"from":[6.875,10.375,7],"to":[9.125,13.375,9.875],"faces":{"down":{"uv":[7.5,8,4.5,5],"rotation":180,"texture":"#kingdra1"},"up":{"uv":[5,3.5,8,6.5],"rotation":180,"texture":"#kingdra1"},"north":{"uv":[4,1.5,7,4.5],"texture":"#kingdra1"},"south":{"uv":[3,2.5,6,5.5],"texture":"#kingdra1"},"west":{"uv":[2.5,1.5,5.5,4.5],"texture":"#kingdra1"},"east":{"uv":[0,2.5,3,5.5],"texture":"#kingdra1"}}},{"from":[7.25,10.5,9.8125],"to":[8.75,13,10.4375],"faces":{"down":{"uv":[6,6,3.5,5.375],"rotation":180,"texture":"#kingdra1"},"up":{"uv":[4,5,6.5,5.625],"rotation":180,"texture":"#kingdra1"},"north":{"uv":[4.5,3,7,5.3125],"texture":"#kingdra1"},"south":{"uv":[5.5,3,8,5.3125],"texture":"#kingdra1"},"west":{"uv":[6,2.5,6.625,4.8125],"texture":"#kingdra1"},"east":{"uv":[5.625,3,6.25,5.3125],"texture":"#kingdra1"}}},{"from":[6.75,10.6875,6.5625],"to":[9.25,13,7.1875],"faces":{"down":{"uv":[6,4,3.5,3.375],"rotation":180,"texture":"#kingdra1"},"up":{"uv":[4.5,4.5,7,5.125],"rotation":180,"texture":"#kingdra1"},"north":{"uv":[4,2,6.5,4.3125],"texture":"#kingdra1"},"south":{"uv":[3.5,3,6,5.3125],"texture":"#kingdra1"},"west":{"uv":[6.5625,3,7.1875,5.3125],"texture":"#kingdra1"},"east":{"uv":[4,3,4.625,5.3125],"texture":"#kingdra1"}}},{"from":[6.8125,12.9375,7.3125],"to":[9.1875,13.6875,9.625],"faces":{"down":{"uv":[7.5,6.5,5.125,4.1875],"rotation":180,"texture":"#kingdra1"},"up":{"uv":[5,4.5,7.375,6.8125],"rotation":180,"texture":"#kingdra1"},"north":{"uv":[3.5,2,5.875,2.75],"texture":"#kingdra1"},"south":{"uv":[3.5,3.5,5.875,4.25],"texture":"#kingdra1"},"west":{"uv":[4,2,6.3125,2.75],"texture":"#kingdra1"},"east":{"uv":[5.5,2,7.8125,2.75],"texture":"#kingdra1"}}},{"from":[6.75,4.3125,7.6875],"to":[9.25,5.8125,9.1875],"faces":{"down":{"uv":[7,6,5,4.5],"rotation":180,"texture":"#kingdra1"},"up":{"uv":[5.5,5.5,7.5,7],"rotation":180,"texture":"#kingdra1"},"north":{"uv":[3.5,3,5.5,5],"texture":"#kingdra1"},"south":{"uv":[4,4.5,6,6.5],"texture":"#kingdra1"},"west":{"uv":[3.5,3.5,5,5.5],"texture":"#kingdra1"},"east":{"uv":[5,5.5,6.5,7.5],"texture":"#kingdra1"}}},{"from":[7.4375,11,10],"to":[8.5,11.875,13.375],"faces":{"down":{"uv":[5.5,5,4.0625,2.8125],"texture":"#kingdra1"},"up":{"uv":[5,4,6.4375,6.1875],"texture":"#kingdra1"},"north":{"uv":[3,2,4.4375,3.375],"texture":"#kingdra1"},"south":{"uv":[4,1.5,5.4375,2.875],"texture":"#kingdra1"},"west":{"uv":[1.5,2,3.6875,3.375],"texture":"#kingdra1"},"east":{"uv":[3.3125,4,5.5,5.375],"texture":"#kingdra1"}}},{"from":[7,2.875,6.8125],"to":[9.0625,5.5625,8.1875],"rotation":{"origin":[7,5.5625,6.8125],"axis":"x","angle":-22.5},"faces":{"down":{"uv":[6.5,5,4.5,3.5],"rotation":180,"texture":"#kingdra1"},"up":{"uv":[4.5,4,6.5,5.5],"rotation":180,"texture":"#kingdra1"},"north":{"uv":[3,1.5,5,3.5],"texture":"#kingdra1"},"south":{"uv":[4,4.5,6,6.5],"texture":"#kingdra1"},"west":{"uv":[4,3,5.5,5],"texture":"#kingdra1"},"east":{"uv":[4,4.5,5.5,6.5],"texture":"#kingdra1"}}},{"from":[7.125,1.75,7.625],"to":[8.9375,4.5625,10.5625],"rotation":{"origin":[7.125,4.5625,7.625],"axis":"x","angle":-22.5},"faces":{"down":{"uv":[6,5,4,3.5],"rotation":180,"texture":"#kingdra1"},"up":{"uv":[4.5,3.5,6.5,5],"rotation":180,"texture":"#kingdra1"},"north":{"uv":[3,3.5,5,5.5],"texture":"#kingdra1"},"south":{"uv":[3.5,4.5,5.5,6.5],"texture":"#kingdra1"},"west":{"uv":[3.5,4,5,6],"texture":"#kingdra1"},"east":{"uv":[3,2.5,4.5,4.5],"texture":"#kingdra1"}}},{"from":[6.75,4.75,7.1875],"to":[9.25,9.9375,7.6875],"faces":{"down":{"uv":[6,5.5,4,5],"rotation":180,"texture":"#kingdra1"},"up":{"uv":[4.5,5.5,6.5,6],"rotation":180,"texture":"#kingdra1"},"north":{"uv":[4,2.5,6,5.375],"texture":"#kingdra1"},"south":{"uv":[3.5,2.5,5.5,5.375],"texture":"#kingdra1"},"west":{"uv":[4,2.5,4.5,5.375],"texture":"#kingdra1"},"east":{"uv":[5.5,3.5,6,6.375],"texture":"#kingdra1"}}},{"from":[6.375,4.75,7.5],"to":[6.875,9.5,9],"faces":{"down":{"uv":[6.5,4.5,6.125,3],"rotation":180,"texture":"#kingdra1"},"up":{"uv":[5.5,5,5.875,6.5],"rotation":180,"texture":"#kingdra1"},"north":{"uv":[5,2.5,5.375,5.375],"texture":"#kingdra1"},"south":{"uv":[3.5,2,3.875,4.875],"texture":"#kingdra1"},"west":{"uv":[4,2,5.5,4.875],"texture":"#kingdra1"},"east":{"uv":[4,0,5.5,2.875],"texture":"#kingdra1"}}},{"from":[7,5.625,6.8125],"to":[9,9,7.4375],"faces":{"down":{"uv":[6.5,6.5,4.5,6],"rotation":180,"texture":"#kingdra1"},"up":{"uv":[5.5,6,7.5,6.5],"rotation":180,"texture":"#kingdra1"},"north":{"uv":[3.5,3.5,5.5,6.375],"texture":"#kingdra1"},"south":{"uv":[3,1.5,5,4.375],"texture":"#kingdra1"},"west":{"uv":[5,4,5.5,6.875],"texture":"#kingdra1"},"east":{"uv":[5.5,4.5,6,7.375],"texture":"#kingdra1"}}},{"from":[9.125,4.8125,7.5],"to":[9.625,9.5625,9],"faces":{"down":{"uv":[6.5,5.5,6.125,4],"rotation":180,"texture":"#kingdra1"},"up":{"uv":[6,6,6.375,7.5],"rotation":180,"texture":"#kingdra1"},"north":{"uv":[6,4.5,6.375,7.375],"texture":"#kingdra1"},"south":{"uv":[5,3.5,5.375,6.375],"texture":"#kingdra1"},"west":{"uv":[4.5,3.5,6,6.375],"texture":"#kingdra1"},"east":{"uv":[4.5,3.5,6,6.375],"texture":"#kingdra1"}}},{"from":[7.125,3.1875,10.375],"to":[8.9375,5.3125,10.6875],"rotation":{"origin":[7.125,5.3125,10.375],"axis":"x","angle":-22.5},"faces":{"down":{"uv":[7,5,5,3.5],"rotation":180,"texture":"#kingdra1"},"up":{"uv":[5,4,7,5.5],"rotation":180,"texture":"#kingdra1"},"north":{"uv":[3,5,5,7],"texture":"#kingdra1"},"south":{"uv":[3.5,2,5.5,4],"texture":"#kingdra1"},"west":{"uv":[4.5,4,6,6],"texture":"#kingdra1"},"east":{"uv":[4.5,5,6,7],"texture":"#kingdra1"}}},{"from":[7.125,1.875,9.0625],"to":[8.9375,2.125,11.1875],"rotation":{"origin":[7.125,2.125,9.0625],"axis":"x","angle":-22.5},"faces":{"down":{"uv":[7,5.5,5,4],"rotation":180,"texture":"#kingdra1"},"up":{"uv":[5,4.5,7,6],"rotation":180,"texture":"#kingdra1"},"north":{"uv":[4,4,6,6],"texture":"#kingdra1"},"south":{"uv":[4.5,5.5,6.5,7.5],"texture":"#kingdra1"},"west":{"uv":[4,5,5.5,7],"texture":"#kingdra1"},"east":{"uv":[4.5,6,6,8],"texture":"#kingdra1"}}},{"from":[7,6.3125,9.625],"to":[9,8.3125,10.0625],"faces":{"down":{"uv":[7,7.5,5,7],"rotation":180,"texture":"#kingdra2"},"up":{"uv":[5,3,7,3.5],"rotation":180,"texture":"#kingdra2"},"north":{"uv":[3.5,3.5,5.5,6.375],"texture":"#kingdra1"},"south":{"uv":[2,3.5,10,10.5],"texture":"#kingdra2"},"west":{"uv":[2,3.5,3,10.5],"texture":"#kingdra2"},"east":{"uv":[2,3.5,3,10.5],"texture":"#kingdra2"}}},{"from":[8.75,10.8125,8.375],"to":[9.6875,12.8125,10.25],"rotation":{"origin":[8.75,10.8125,8.375],"axis":"y","angle":-22.5},"faces":{"down":{"uv":[5,6.5,4,6],"texture":"#kingdra1"},"up":{"uv":[2.5,5.5,3.5,6],"texture":"#kingdra1"},"north":{"uv":[5,0,6,2],"texture":"#kingdra1"},"south":{"uv":[2.5,0,3.5,2],"texture":"#kingdra1"},"west":{"uv":[5,0,5.5,2],"texture":"#kingdra1"},"east":{"uv":[4.5,0,5,2],"texture":"#kingdra1"}}},{"from":[8.9375,2,8.1875],"to":[9,4.375,10.5],"rotation":{"origin":[8.9375,4.375,8.1875],"axis":"x","angle":-22.5},"faces":{"east":{"uv":[9.5,0,15.5,6],"texture":"#kingdra1"}}},{"from":[7.5,10.5625,9.0625],"to":[8.4375,11.4375,11.6875],"faces":{"down":{"uv":[6,6,4.5625,3.8125],"texture":"#kingdra1"},"up":{"uv":[4,3,5.4375,5.1875],"texture":"#kingdra1"},"north":{"uv":[5,3.5,6.4375,4.875],"texture":"#kingdra1"},"south":{"uv":[1.5,2,2.9375,3.375],"texture":"#kingdra1"},"west":{"uv":[5,1,7.1875,2.375],"texture":"#kingdra1"},"east":{"uv":[3.3125,4,5.5,5.375],"texture":"#kingdra1"}}},{"from":[7.625,10.9375,10.75],"to":[8.3125,11.75,12.25],"rotation":{"origin":[7.625,11.75,10.75],"axis":"x","angle":22.5},"faces":{"down":{"uv":[5,5,3.5625,2.8125],"texture":"#kingdra1"},"up":{"uv":[4.5,4,5.9375,6.1875],"texture":"#kingdra1"},"north":{"uv":[4.5,3.5,5.9375,4.875],"texture":"#kingdra1"},"south":{"uv":[4,2,5.4375,3.375],"texture":"#kingdra1"},"west":{"uv":[4.5,3.5,6.6875,4.875],"texture":"#kingdra1"},"east":{"uv":[3.3125,4,5.5,5.375],"texture":"#kingdra1"}}},{"from":[7.625,10.375,11.5625],"to":[8.3125,11.1875,13.0625],"rotation":{"origin":[7.625,11.1875,11.5625],"axis":"x","angle":-22.5},"faces":{"down":{"uv":[5.5,4.5,4.0625,2.3125],"texture":"#kingdra1"},"up":{"uv":[4,4.5,5.4375,6.6875],"texture":"#kingdra1"},"north":{"uv":[5,3,6.4375,4.375],"texture":"#kingdra1"},"south":{"uv":[4.5,3,5.9375,4.375],"texture":"#kingdra1"},"west":{"uv":[2.5,3.5,4.6875,4.875],"texture":"#kingdra1"},"east":{"uv":[3.3125,4,5.5,5.375],"texture":"#kingdra1"}}},{"from":[9.1875,10.8125,8.8125],"to":[10.1875,11.8125,10.8125],"rotation":{"origin":[9.1875,10.8125,8.8125],"axis":"y","angle":-45},"faces":{"down":{"uv":[5,3.5,4,3],"texture":"#kingdra1"},"up":{"uv":[2.5,4.5,3.5,5],"texture":"#kingdra1"},"north":{"uv":[4.5,0.5,5.5,2.5],"texture":"#kingdra1"},"south":{"uv":[2.5,0,3.5,2],"texture":"#kingdra1"},"west":{"uv":[7,1,7.5,3],"texture":"#kingdra1"},"east":{"uv":[4.5,0,5,2],"texture":"#kingdra1"}}},{"from":[6.125,12.75,8],"to":[6.75,15.5625,8.625],"rotation":{"origin":[6.125,15.5625,8],"axis":"z","angle":22.5},"faces":{"down":{"uv":[0,4.5,0.5,4],"texture":"#kingdra1"},"up":{"uv":[0,4,0.5,4.5],"texture":"#kingdra1"},"north":{"uv":[0,4,0.5,4.5],"texture":"#kingdra1"},"south":{"uv":[0.5,4,0,4.5],"texture":"#kingdra1"},"west":{"uv":[0,1,0.5,6],"texture":"#kingdra1"},"east":{"uv":[0.5,1.5,0,6.5],"texture":"#kingdra1"}}},{"from":[6.6875,14.6875,7.39351],"to":[7.0625,15.0625,8.45601],"rotation":{"origin":[6.6875,15.0625,7.39351],"axis":"x","angle":22.5},"faces":{"down":{"uv":[0,4.4375,0.5,3.9375],"texture":"#kingdra1"},"up":{"uv":[0,3.9375,0.5,4.4375],"texture":"#kingdra1"},"north":{"uv":[0,3.9375,0.5,4.4375],"texture":"#kingdra1"},"south":{"uv":[0.5,3.9375,0,4.4375],"texture":"#kingdra1"},"west":{"uv":[0,3.9375,1,4.4375],"texture":"#kingdra1"},"east":{"uv":[0.5,3.9375,1.5,4.4375],"texture":"#kingdra1"}}},{"from":[6.6875,14.6875,6.75],"to":[7.0625,15.0625,7.4375],"faces":{"down":{"uv":[0,4.4375,0.5,3.9375],"texture":"#kingdra1"},"up":{"uv":[0,3.9375,0.5,4.4375],"texture":"#kingdra1"},"north":{"uv":[0,3.9375,0.5,4.4375],"texture":"#kingdra1"},"south":{"uv":[0.5,3.9375,0,4.4375],"texture":"#kingdra1"},"west":{"uv":[0,3.9375,1,4.4375],"texture":"#kingdra1"},"east":{"uv":[0.5,3.9375,1.5,4.4375],"texture":"#kingdra1"}}},{"from":[6.6875,14.375,5.9375],"to":[7.0625,14.75,6.8125],"rotation":{"origin":[6.6875,14.75,5.9375],"axis":"x","angle":-22.5},"faces":{"down":{"uv":[0,4.4375,0.5,3.9375],"texture":"#kingdra1"},"up":{"uv":[0,3.9375,0.5,4.4375],"texture":"#kingdra1"},"north":{"uv":[0,3.9375,0.5,4.4375],"texture":"#kingdra1"},"south":{"uv":[0.5,3.9375,0,4.4375],"texture":"#kingdra1"},"west":{"uv":[0,3.9375,1,4.4375],"texture":"#kingdra1"},"east":{"uv":[0.5,3.9375,2,4.4375],"texture":"#kingdra1"}}},{"from":[6.6875,14.8125,5.20601],"to":[7.0625,15.1875,6.26851],"rotation":{"origin":[6.6875,15.1875,5.20601],"axis":"x","angle":22.5},"faces":{"down":{"uv":[0,4.4375,0.5,3.9375],"texture":"#kingdra1"},"up":{"uv":[0,3.9375,0.5,4.4375],"texture":"#kingdra1"},"north":{"uv":[0,3.9375,0.5,4.4375],"texture":"#kingdra1"},"south":{"uv":[0.5,3.9375,0,4.4375],"texture":"#kingdra1"},"west":{"uv":[0,3.9375,1,4.4375],"texture":"#kingdra1"},"east":{"uv":[0.5,3.9375,1.5,4.4375],"texture":"#kingdra1"}}},{"from":[6.6875,14.75,4.5],"to":[7.0625,15.1875,5.25],"faces":{"down":{"uv":[0,4.4375,0.5,3.9375],"texture":"#kingdra1"},"up":{"uv":[0,3.9375,0.5,4.4375],"texture":"#kingdra1"},"north":{"uv":[0,3.9375,0.5,4.4375],"texture":"#kingdra1"},"south":{"uv":[0.5,3.9375,0,4.4375],"texture":"#kingdra1"},"west":{"uv":[0,3.9375,1,4.4375],"texture":"#kingdra1"},"east":{"uv":[0.5,3.9375,1.5,4.4375],"texture":"#kingdra1"}}},{"from":[7.5,9.75,8.6875],"to":[8.4375,10.75,10.1875],"rotation":{"origin":[7.5,10.75,8.6875],"axis":"x","angle":-22.5},"faces":{"down":{"uv":[4,3.5,2.5625,1.3125],"texture":"#kingdra1"},"up":{"uv":[5,4.5,6.4375,6.6875],"texture":"#kingdra1"},"north":{"uv":[2,3,3.4375,4.375],"texture":"#kingdra1"},"south":{"uv":[4.5,3,5.9375,4.375],"texture":"#kingdra1"},"west":{"uv":[5,2.5,7.1875,3.875],"texture":"#kingdra1"},"east":{"uv":[3.3125,4,5.5,5.375],"texture":"#kingdra1"}}},{"from":[9.3125,13,8],"to":[9.9375,15.8125,8.625],"rotation":{"origin":[9.3125,15.8125,8],"axis":"z","angle":-22.5},"faces":{"down":{"uv":[0,4.5,0.5,4],"texture":"#kingdra1"},"up":{"uv":[0,4,0.5,4.5],"texture":"#kingdra1"},"north":{"uv":[0,4,0.5,4.5],"texture":"#kingdra1"},"south":{"uv":[0.5,4,0,4.5],"texture":"#kingdra1"},"west":{"uv":[0,3.5,0.5,7.5],"texture":"#kingdra1"},"east":{"uv":[0.5,4,0,8],"texture":"#kingdra1"}}},{"from":[8.9375,14.6875,7.39351],"to":[9.3125,15.0625,8.45601],"rotation":{"origin":[8.9375,15.0625,7.39351],"axis":"x","angle":22.5},"faces":{"down":{"uv":[0,4.4375,0.5,3.9375],"texture":"#kingdra1"},"up":{"uv":[0,3.9375,0.5,4.4375],"texture":"#kingdra1"},"north":{"uv":[0,3.9375,0.5,4.4375],"texture":"#kingdra1"},"south":{"uv":[0.5,3.9375,0,4.4375],"texture":"#kingdra1"},"west":{"uv":[0,3.9375,1,4.4375],"texture":"#kingdra1"},"east":{"uv":[0.5,3.9375,1.5,4.4375],"texture":"#kingdra1"}}},{"from":[8.9375,14.6875,6.75],"to":[9.3125,15.0625,7.4375],"faces":{"down":{"uv":[0,4.4375,0.5,3.9375],"texture":"#kingdra1"},"up":{"uv":[0,3.9375,0.5,4.4375],"texture":"#kingdra1"},"north":{"uv":[0,3.9375,0.5,4.4375],"texture":"#kingdra1"},"south":{"uv":[0.5,3.9375,0,4.4375],"texture":"#kingdra1"},"west":{"uv":[0,3.9375,1,4.4375],"texture":"#kingdra1"},"east":{"uv":[0.5,3.9375,1.5,4.4375],"texture":"#kingdra1"}}},{"from":[8.9375,14.375,5.9375],"to":[9.3125,14.75,6.8125],"rotation":{"origin":[8.9375,14.75,5.9375],"axis":"x","angle":-22.5},"faces":{"down":{"uv":[0,4.4375,0.5,3.9375],"texture":"#kingdra1"},"up":{"uv":[0,3.9375,0.5,4.4375],"texture":"#kingdra1"},"north":{"uv":[0,3.9375,0.5,4.4375],"texture":"#kingdra1"},"south":{"uv":[0.5,3.9375,0,4.4375],"texture":"#kingdra1"},"west":{"uv":[0,3.9375,1,4.4375],"texture":"#kingdra1"},"east":{"uv":[0.5,3.9375,1.5,4.4375],"texture":"#kingdra1"}}},{"from":[8.9375,14.8125,5.20601],"to":[9.3125,15.1875,6.26851],"rotation":{"origin":[8.9375,15.1875,5.20601],"axis":"x","angle":22.5},"faces":{"down":{"uv":[0,4.4375,0.5,3.9375],"texture":"#kingdra1"},"up":{"uv":[0,3.9375,0.5,4.4375],"texture":"#kingdra1"},"north":{"uv":[0,3.9375,0.5,4.4375],"texture":"#kingdra1"},"south":{"uv":[0.5,3.9375,0,4.4375],"texture":"#kingdra1"},"west":{"uv":[0,3.9375,1,4.4375],"texture":"#kingdra1"},"east":{"uv":[0.5,3.9375,1.5,4.4375],"texture":"#kingdra1"}}},{"from":[8.9375,14.75,4.5],"to":[9.3125,15.1875,5.25],"faces":{"down":{"uv":[0,4.4375,0.5,3.9375],"texture":"#kingdra1"},"up":{"uv":[0,3.9375,0.5,4.4375],"texture":"#kingdra1"},"north":{"uv":[0,3.9375,0.5,4.4375],"texture":"#kingdra1"},"south":{"uv":[0.5,3.9375,0,4.4375],"texture":"#kingdra1"},"west":{"uv":[0,3.9375,1,4.4375],"texture":"#kingdra1"},"east":{"uv":[0.5,3.9375,1.5,4.4375],"texture":"#kingdra1"}}},{"from":[9.0625,10.8125,7.5],"to":[9.625,12.8125,8.75],"faces":{"down":{"uv":[5,6.5,4,6],"texture":"#kingdra1"},"up":{"uv":[2.5,5.5,3.5,6],"texture":"#kingdra1"},"north":{"uv":[5,0,6,2],"texture":"#kingdra1"},"south":{"uv":[2.5,0,3.5,2],"texture":"#kingdra1"},"west":{"uv":[5,0,5.5,2],"texture":"#kingdra1"},"east":{"uv":[4.5,0,5,2],"texture":"#kingdra1"}}},{"from":[8.75,10.8125,6.9375],"to":[9.3125,12.8125,7.8125],"rotation":{"origin":[8.75,10.8125,6.9375],"axis":"y","angle":22.5},"faces":{"down":{"uv":[5,6.5,4,6],"texture":"#kingdra1"},"up":{"uv":[2.5,5.5,3.5,6],"texture":"#kingdra1"},"north":{"uv":[5,0,6,2],"texture":"#kingdra1"},"south":{"uv":[2.5,0,3.5,2],"texture":"#kingdra1"},"west":{"uv":[5,0,5.5,2],"texture":"#kingdra1"},"east":{"uv":[4.5,0,5,2],"texture":"#kingdra1"}}},{"from":[9.5,11.4375,8.875],"to":[9.5625,12.625,10.3125],"rotation":{"origin":[9.5,11.4375,8.875],"axis":"y","angle":-22.5},"faces":{"east":{"uv":[0.5,8,9.5,14],"texture":"#kingdra1"}}},{"from":[9.125,10.8125,7.625],"to":[9.875,11.8125,9.5],"faces":{"down":{"uv":[5,3.5,4,3],"texture":"#kingdra1"},"up":{"uv":[2.5,4.5,3.5,5],"texture":"#kingdra1"},"north":{"uv":[4.5,0.5,5.5,2.5],"texture":"#kingdra1"},"south":{"uv":[2.5,0,3.5,2],"texture":"#kingdra1"},"west":{"uv":[7,1,7.5,3],"texture":"#kingdra1"},"east":{"uv":[4.5,0,5,2],"texture":"#kingdra1"}}},{"from":[6.375,10.8125,8.6875],"to":[7.3125,12.8125,10.5625],"rotation":{"origin":[6.375,10.8125,8.6875],"axis":"y","angle":22.5},"faces":{"down":{"uv":[5,6.5,4,6],"texture":"#kingdra1"},"up":{"uv":[2.5,5.5,3.5,6],"texture":"#kingdra1"},"north":{"uv":[5,0,6,2],"texture":"#kingdra1"},"south":{"uv":[2.5,0,3.5,2],"texture":"#kingdra1"},"west":{"uv":[5,0,5.5,2],"texture":"#kingdra1"},"east":{"uv":[4.5,0,5,2],"texture":"#kingdra1"}}},{"from":[6.375,10.8125,7.5],"to":[6.9375,12.8125,8.75],"faces":{"down":{"uv":[5,6.5,4,6],"texture":"#kingdra1"},"up":{"uv":[2.5,5.5,3.5,6],"texture":"#kingdra1"},"north":{"uv":[5,0,6,2],"texture":"#kingdra1"},"south":{"uv":[2.5,0,3.5,2],"texture":"#kingdra1"},"west":{"uv":[5,0,5.5,2],"texture":"#kingdra1"},"east":{"uv":[4.5,0,5,2],"texture":"#kingdra1"}}},{"from":[6.6875,10.8125,6.75],"to":[7.25,12.8125,7.625],"rotation":{"origin":[6.6875,10.8125,6.75],"axis":"y","angle":-22.5},"faces":{"down":{"uv":[5,6.5,4,6],"texture":"#kingdra1"},"up":{"uv":[2.5,5.5,3.5,6],"texture":"#kingdra1"},"north":{"uv":[5,0,6,2],"texture":"#kingdra1"},"south":{"uv":[2.5,0,3.5,2],"texture":"#kingdra1"},"west":{"uv":[5,0,5.5,2],"texture":"#kingdra1"},"east":{"uv":[4.5,0,5,2],"texture":"#kingdra1"}}},{"from":[6.0625,10.8125,9.5],"to":[7.0625,11.8125,11.5],"rotation":{"origin":[6.0625,10.8125,9.5],"axis":"y","angle":45},"faces":{"down":{"uv":[5,3.5,4,3],"texture":"#kingdra1"},"up":{"uv":[2.5,4.5,3.5,5],"texture":"#kingdra1"},"north":{"uv":[4.5,0.5,5.5,2.5],"texture":"#kingdra1"},"south":{"uv":[2.5,0,3.5,2],"texture":"#kingdra1"},"west":{"uv":[7,1,7.5,3],"texture":"#kingdra1"},"east":{"uv":[4.5,0,5,2],"texture":"#kingdra1"}}},{"from":[7.0625,1.99004,8.1875],"to":[7.125,4.36504,10.5],"rotation":{"origin":[7.0625,4.36504,8.1875],"axis":"x","angle":-22.5},"faces":{"west":{"uv":[15.5,0,9.5,6],"texture":"#kingdra1"}}},{"from":[6.0625,10.8125,7.625],"to":[6.8125,11.8125,9.5],"faces":{"down":{"uv":[5,3.5,4,3],"texture":"#kingdra1"},"up":{"uv":[2.5,4.5,3.5,5],"texture":"#kingdra1"},"north":{"uv":[4.5,0.5,5.5,2.5],"texture":"#kingdra1"},"south":{"uv":[2.5,0,3.5,2],"texture":"#kingdra1"},"west":{"uv":[7,1,7.5,3],"texture":"#kingdra1"},"east":{"uv":[4.5,0,5,2],"texture":"#kingdra1"}}},{"from":[8.875,10.8125,6.875],"to":[9.5,11.8125,7.9375],"rotation":{"origin":[8.875,10.8125,6.875],"axis":"y","angle":22.5},"faces":{"down":{"uv":[5,3.5,4,3],"texture":"#kingdra1"},"up":{"uv":[2.5,4.5,3.5,5],"texture":"#kingdra1"},"north":{"uv":[4.5,0.5,5.5,2.5],"texture":"#kingdra1"},"south":{"uv":[2.5,0,3.5,2],"texture":"#kingdra1"},"west":{"uv":[7,1,7.5,3],"texture":"#kingdra1"},"east":{"uv":[4.5,0,5,2],"texture":"#kingdra1"}}},{"from":[6.5,10.8125,6.625],"to":[7.125,11.8125,7.6875],"rotation":{"origin":[6.5,10.8125,6.625],"axis":"y","angle":-22.5},"faces":{"down":{"uv":[5,3.5,4,3],"texture":"#kingdra1"},"up":{"uv":[2.5,4.5,3.5,5],"texture":"#kingdra1"},"north":{"uv":[4.5,0.5,5.5,2.5],"texture":"#kingdra1"},"south":{"uv":[2.5,0,3.5,2],"texture":"#kingdra1"},"west":{"uv":[7,1,7.5,3],"texture":"#kingdra1"},"east":{"uv":[4.5,0,5,2],"texture":"#kingdra1"}}},{"from":[8.875,10.875,5.39892],"to":[8.9375,11.875,6.83642],"rotation":{"origin":[8.875,10.875,5.39892],"axis":"y","angle":22.5},"faces":{"west":{"uv":[8,1,0,6.5],"texture":"#kingdra3"},"east":{"uv":[0,1,8,6.5],"texture":"#kingdra3"}}},{"from":[7.0625,10.875,5.375],"to":[7.125,11.875,6.8125],"rotation":{"origin":[7.0625,10.875,5.375],"axis":"y","angle":-22.5},"faces":{"west":{"uv":[8,1,0,6.5],"texture":"#kingdra3"},"east":{"uv":[0,1,8,6.5],"texture":"#kingdra3"}}},{"from":[8,6,2.6875],"to":[8.0625,10.4375,7.5625],"faces":{"west":{"uv":[16,0.5,0,15.5],"texture":"#kingdra4"},"east":{"uv":[0,0.5,16,15.5],"texture":"#kingdra4"}}},{"from":[7.875,8.125,6.375],"to":[8.25,8.5625,7.125],"rotation":{"origin":[7.875,8.5625,6.375],"axis":"x","angle":22.5},"faces":{"down":{"uv":[0,4.4375,0.5,3.9375],"texture":"#kingdra1"},"up":{"uv":[0,3.9375,0.5,4.4375],"texture":"#kingdra1"},"north":{"uv":[0,3.9375,0.5,4.4375],"texture":"#kingdra1"},"south":{"uv":[0.5,3.9375,0,4.4375],"texture":"#kingdra1"},"west":{"uv":[0,3.9375,1,4.4375],"texture":"#kingdra1"},"east":{"uv":[0.5,3.9375,1.5,4.4375],"texture":"#kingdra1"}}},{"from":[7.875,8.0625,5.6875],"to":[8.25,9.3125,6.1875],"rotation":{"origin":[7.875,9.3125,5.6875],"axis":"x","angle":-22.5},"faces":{"down":{"uv":[0,4.4375,0.5,3.9375],"texture":"#kingdra1"},"up":{"uv":[0,3.9375,0.5,4.4375],"texture":"#kingdra1"},"north":{"uv":[0,3.9375,0.5,4.4375],"texture":"#kingdra1"},"south":{"uv":[0.5,3.9375,0,4.4375],"texture":"#kingdra1"},"west":{"uv":[0,3.9375,1,4.4375],"texture":"#kingdra1"},"east":{"uv":[0.5,3.9375,1.5,4.4375],"texture":"#kingdra1"}}},{"from":[7.875,8.8125,4.875],"to":[8.25,10.0625,5.375],"rotation":{"origin":[7.875,10.0625,4.875],"axis":"x","angle":-45},"faces":{"down":{"uv":[0,4.4375,0.5,3.9375],"texture":"#kingdra1"},"up":{"uv":[0,3.9375,0.5,4.4375],"texture":"#kingdra1"},"north":{"uv":[0,3.9375,0.5,4.4375],"texture":"#kingdra1"},"south":{"uv":[0.5,3.9375,0,4.4375],"texture":"#kingdra1"},"west":{"uv":[0,3.9375,1,4.4375],"texture":"#kingdra1"},"east":{"uv":[0.5,3.9375,1.5,4.4375],"texture":"#kingdra1"}}},{"from":[7.875,10.375,4.0625],"to":[8.25,10.875,5.375],"rotation":{"origin":[7.875,10.875,4.0625],"axis":"x","angle":22.5},"faces":{"down":{"uv":[0,4.4375,0.5,3.9375],"texture":"#kingdra1"},"up":{"uv":[0,3.9375,0.5,4.4375],"texture":"#kingdra1"},"north":{"uv":[0,3.9375,0.5,4.4375],"texture":"#kingdra1"},"south":{"uv":[0.5,3.9375,0,4.4375],"texture":"#kingdra1"},"west":{"uv":[0,3.9375,1,4.4375],"texture":"#kingdra1"},"east":{"uv":[0.5,3.9375,1.5,4.4375],"texture":"#kingdra1"}}},{"from":[7.875,10.3125,3.125],"to":[8.25,10.75,4.125],"faces":{"down":{"uv":[0,4.4375,0.5,3.9375],"texture":"#kingdra1"},"up":{"uv":[0,3.9375,0.5,4.4375],"texture":"#kingdra1"},"north":{"uv":[0,3.9375,0.5,4.4375],"texture":"#kingdra1"},"south":{"uv":[0.5,3.9375,0,4.4375],"texture":"#kingdra1"},"west":{"uv":[0,3.9375,1,4.4375],"texture":"#kingdra1"},"east":{"uv":[0.5,3.9375,1.5,4.4375],"texture":"#kingdra1"}}},{"from":[7.875,11.125,3.6875],"to":[8.25,11.5,4.8125],"rotation":{"origin":[7.875,11.5,3.6875],"axis":"x","angle":45},"faces":{"down":{"uv":[0,4.4375,0.5,3.9375],"texture":"#kingdra1"},"up":{"uv":[0,3.9375,0.5,4.4375],"texture":"#kingdra1"},"north":{"uv":[0,3.9375,0.5,4.4375],"texture":"#kingdra1"},"south":{"uv":[0.5,3.9375,0,4.4375],"texture":"#kingdra1"},"west":{"uv":[0,3.9375,1,4.4375],"texture":"#kingdra1"},"east":{"uv":[0.5,3.9375,1.5,4.4375],"texture":"#kingdra1"}}},{"from":[7.875,11.5,2.6875],"to":[8.25,11.9375,3.8125],"rotation":{"origin":[7.875,11.9375,2.6875],"axis":"x","angle":22.5},"faces":{"down":{"uv":[0,4.4375,0.5,3.9375],"texture":"#kingdra1"},"up":{"uv":[0,3.9375,0.5,4.4375],"texture":"#kingdra1"},"north":{"uv":[0,3.9375,0.5,4.4375],"texture":"#kingdra1"},"south":{"uv":[0.5,3.9375,0,4.4375],"texture":"#kingdra1"},"west":{"uv":[0,3.9375,1,4.4375],"texture":"#kingdra1"},"east":{"uv":[0.5,3.9375,1.5,4.4375],"texture":"#kingdra1"}}},{"from":[7.875,9.9375,2.25],"to":[8.25,10.375,3.25],"rotation":{"origin":[7.875,10.375,2.25],"axis":"x","angle":-22.5},"faces":{"down":{"uv":[0,4.4375,0.5,3.9375],"texture":"#kingdra1"},"up":{"uv":[0,3.9375,0.5,4.4375],"texture":"#kingdra1"},"north":{"uv":[0,3.9375,0.5,4.4375],"texture":"#kingdra1"},"south":{"uv":[0.5,3.9375,0,4.4375],"texture":"#kingdra1"},"west":{"uv":[0,3.9375,1,4.4375],"texture":"#kingdra1"},"east":{"uv":[0.5,3.9375,1.5,4.4375],"texture":"#kingdra1"}}},{"from":[7.875,5.875,5.875],"to":[8.25,6.375,6.9375],"rotation":{"origin":[7.875,6.375,5.875],"axis":"x","angle":-22.5},"faces":{"down":{"uv":[0,4.4375,0.5,3.9375],"texture":"#kingdra1"},"up":{"uv":[0,3.9375,0.5,4.4375],"texture":"#kingdra1"},"north":{"uv":[0,3.9375,0.5,4.4375],"texture":"#kingdra1"},"south":{"uv":[0.5,3.9375,0,4.4375],"texture":"#kingdra1"},"west":{"uv":[0,3.9375,1,4.4375],"texture":"#kingdra1"},"east":{"uv":[0.5,3.9375,1.5,4.4375],"texture":"#kingdra1"}}},{"from":[7.875,5.875,4.1875],"to":[8.25,6.375,6.0625],"faces":{"down":{"uv":[0,4.4375,0.5,3.9375],"texture":"#kingdra1"},"up":{"uv":[0,3.9375,0.5,4.4375],"texture":"#kingdra1"},"north":{"uv":[0,3.9375,0.5,4.4375],"texture":"#kingdra1"},"south":{"uv":[0.5,3.9375,0,4.4375],"texture":"#kingdra1"},"west":{"uv":[0,3.9375,1,4.4375],"texture":"#kingdra1"},"east":{"uv":[0.5,3.9375,1.5,4.4375],"texture":"#kingdra1"}}},{"from":[7.875,6.375,3.125],"to":[8.25,6.875,4.5],"rotation":{"origin":[7.875,6.875,3.125],"axis":"x","angle":22.5},"faces":{"down":{"uv":[0,4.4375,0.5,3.9375],"texture":"#kingdra1"},"up":{"uv":[0,3.9375,0.5,4.4375],"texture":"#kingdra1"},"north":{"uv":[0,3.9375,0.5,4.4375],"texture":"#kingdra1"},"south":{"uv":[0.5,3.9375,0,4.4375],"texture":"#kingdra1"},"west":{"uv":[0,3.9375,1,4.4375],"texture":"#kingdra1"},"east":{"uv":[0.5,3.9375,1.5,4.4375],"texture":"#kingdra1"}}},{"from":[7.875,6.375,2.625],"to":[8.25,6.875,3.1875],"faces":{"down":{"uv":[0,4.4375,0.5,3.9375],"texture":"#kingdra1"},"up":{"uv":[0,3.9375,0.5,4.4375],"texture":"#kingdra1"},"north":{"uv":[0,3.9375,0.5,4.4375],"texture":"#kingdra1"},"south":{"uv":[0.5,3.9375,0,4.4375],"texture":"#kingdra1"},"west":{"uv":[0,3.9375,1,4.4375],"texture":"#kingdra1"},"east":{"uv":[0.5,3.9375,1.5,4.4375],"texture":"#kingdra1"}}},{"from":[7.875,6.0625,1.875],"to":[8.25,6.5625,2.6875],"rotation":{"origin":[7.875,6.5625,1.875],"axis":"x","angle":-22.5},"faces":{"down":{"uv":[0,4.4375,0.5,3.9375],"texture":"#kingdra1"},"up":{"uv":[0,3.9375,0.5,4.4375],"texture":"#kingdra1"},"north":{"uv":[0,3.9375,0.5,4.4375],"texture":"#kingdra1"},"south":{"uv":[0.5,3.9375,0,4.4375],"texture":"#kingdra1"},"west":{"uv":[0,3.9375,1,4.4375],"texture":"#kingdra1"},"east":{"uv":[0.5,3.9375,1.5,4.4375],"texture":"#kingdra1"}}},{"from":[6.375,9.4375,5.5],"to":[6.4375,10.6875,7.4375],"rotation":{"origin":[6.375,10.6875,5.5],"axis":"x","angle":-22.5},"faces":{"west":{"uv":[13.5,8,1.5,14.5],"texture":"#kingdra3"},"east":{"uv":[1.5,8,13.5,14.5],"texture":"#kingdra3"}}},{"from":[6.4375,11.4375,8.9375],"to":[6.5,12.625,10.375],"rotation":{"origin":[6.4375,11.4375,8.9375],"axis":"y","angle":22.5},"faces":{"west":{"uv":[9.5,8,0.5,14],"texture":"#kingdra1"}}},{"from":[9.5,9.4375,5.5],"to":[9.5625,10.6875,7.4375],"rotation":{"origin":[9.5,10.6875,5.5],"axis":"x","angle":-22.5},"faces":{"west":{"uv":[13.5,8,1.5,14.5],"texture":"#kingdra3"},"east":{"uv":[1.5,8,13.5,14.5],"texture":"#kingdra3"}}},{"from":[7.625,11.0625,13.375],"to":[8.3125,11.75,13.4375],"faces":{"south":{"uv":[2,1,15,14],"texture":"#kingdra_nose"}}}],"display":{"head":{"rotation":[0,180,0],"translation":[0,-15,0],"scale":[3.4,3.4,3.4]},"gui":{"rotation":[30,-50,0],"translation":[0,-1,0]},"thirdperson_righthand":{"scale":[0,0,0]},"thirdperson_lefthand":{"scale":[0,0,0]},"firstperson_righthand":{"scale":[0,0,0]},"firstperson_lefthand":{"scale":[0,0,0]}}}