{"__comment":"Designed by Ramonaskye with BDcraft Cubik PRO 0.96 Beta - http://bdcraft.net","textures":{"texture":"pokemon_skins/regular/phanpy/phanpy_blue","phanpy_orange":"pokemon_skins/regular/phanpy/phanpy_orange","phanpy_cuteface":"pokemon_skins/regular/phanpy/phanpy_cuteface"},"elements":[{"from":[11.25,0,9.25],"to":[13.25,4,11.75],"faces":{"down":{"uv":[4.75,11.75,2.75,9.25],"texture":"#texture"},"up":{"uv":[11.25,9.25,13.25,11.75],"texture":"#texture"},"north":{"uv":[2.75,12,4.75,16],"texture":"#texture"},"south":{"uv":[11.25,12,13.25,16],"texture":"#texture"},"west":{"uv":[9.25,12,11.75,16],"texture":"#texture"},"east":{"uv":[4.25,12,6.75,16],"texture":"#texture"}}},{"from":[11.25,0,4.75],"to":[13.25,4,7.25],"faces":{"down":{"uv":[4.75,7.25,2.75,4.75],"texture":"#texture"},"up":{"uv":[11.25,4.75,13.25,7.25],"texture":"#texture"},"north":{"uv":[2.75,12,4.75,16],"texture":"#texture"},"south":{"uv":[11.25,12,13.25,16],"texture":"#texture"},"west":{"uv":[4.75,12,7.25,16],"texture":"#texture"},"east":{"uv":[8.75,12,11.25,16],"texture":"#texture"}}},{"from":[2.75,0,4.75],"to":[5.25,4,7.25],"faces":{"down":{"uv":[13.25,7.25,10.75,4.75],"texture":"#texture"},"up":{"uv":[2.75,4.75,5.25,7.25],"texture":"#texture"},"north":{"uv":[10.75,12,13.25,16],"texture":"#texture"},"south":{"uv":[2.75,12,5.25,16],"texture":"#texture"},"west":{"uv":[4.75,12,7.25,16],"texture":"#texture"},"east":{"uv":[8.75,12,11.25,16],"texture":"#texture"}}},{"from":[3.75,3.25,4.75],"to":[13.25,7,11.75],"faces":{"down":{"uv":[12.25,11.75,2.75,4.75],"texture":"#texture"},"up":{"uv":[3.75,4.75,13.25,11.75],"texture":"#texture"},"north":{"uv":[2.75,9,12.25,12.75],"texture":"#texture"},"south":{"uv":[3.75,9,13.25,12.75],"texture":"#texture"},"west":{"uv":[4.75,9,11.75,12.75],"texture":"#texture"},"east":{"uv":[4.25,9,11.25,12.75],"texture":"#texture"}}},{"from":[4,4,4.8125],"to":[11.5,7,11.6875],"rotation":{"origin":[4,7,4.8125],"axis":"z","angle":22.5},"faces":{"down":{"uv":[12,11.6875,4.5,4.8125],"texture":"#texture"},"up":{"uv":[4,4.8125,11.5,11.6875],"texture":"#texture"},"north":{"uv":[4.5,9,12,12],"texture":"#texture"},"south":{"uv":[4,9,11.5,12],"texture":"#texture"},"west":{"uv":[4.8125,9,11.6875,12],"texture":"#texture"},"east":{"uv":[4.3125,9,11.1875,12],"texture":"#texture"}}},{"from":[10,8.5,4.75],"to":[12.5,13.25,11.75],"rotation":{"origin":[10,13.25,4.75],"axis":"z","angle":-22.5},"faces":{"down":{"uv":[6,11.75,3.5,4.75],"texture":"#texture"},"up":{"uv":[10,4.75,12.5,11.75],"texture":"#texture"},"north":{"uv":[3.5,2.75,6,7.5],"texture":"#texture"},"south":{"uv":[10,2.75,12.5,7.5],"texture":"#texture"},"west":{"uv":[4.75,2.75,11.75,7.5],"texture":"#texture"},"east":{"uv":[4.25,2.75,11.25,7.5],"texture":"#texture"}}},{"from":[10.25,7,4.75],"to":[13.5,13.25,11.75],"faces":{"down":{"uv":[13,12,2.5,4.5],"texture":"#texture"},"up":{"uv":[3,4.5,13.5,12],"texture":"#texture"},"north":{"uv":[2.5,7.5,13,13.5],"texture":"#texture"},"south":{"uv":[3,7.5,13.5,13.5],"texture":"#texture"},"west":{"uv":[4.5,7.5,12,13.5],"texture":"#texture"},"east":{"uv":[4,7.5,11.5,13.5],"texture":"#texture"}}},{"from":[13.25,6.75,4.75],"to":[16,13.25,11.75],"rotation":{"origin":[13.25,13.25,4.75],"axis":"z","angle":-22.5},"faces":{"down":{"uv":[2.75,11.75,0,4.75],"texture":"#texture"},"up":{"uv":[13.25,4.75,16,11.75],"texture":"#texture"},"north":{"uv":[0,2.75,2.75,9.25],"texture":"#texture"},"south":{"uv":[13.25,2.75,16,9.25],"texture":"#texture"},"west":{"uv":[4.75,2.75,11.75,9.25],"texture":"#texture"},"east":{"uv":[4.25,2.75,11.25,9.25],"texture":"#texture"}}},{"from":[16,9.75,6.75],"to":[21.25,12.25,9.75],"rotation":{"origin":[16,12.25,6.75],"axis":"z","angle":-45},"faces":{"down":{"uv":[5,3,11.25,7.5],"texture":"#texture"},"up":{"uv":[5,3,11.25,7.5],"texture":"#texture"},"north":{"uv":[0.75,3.25,8.5,7.5],"texture":"#texture"},"south":{"uv":[0.75,3.25,8.5,7.5],"texture":"#texture"},"west":{"uv":[3,3.25,7,7],"texture":"#texture"},"east":{"uv":[3,3.25,7,7],"texture":"#texture"}}},{"from":[18.5,6.75,7],"to":[21.5,9,9.5],"rotation":{"origin":[18.5,9,7],"axis":"z","angle":-22.5},"faces":{"down":{"uv":[13,12,2.5,4.5],"texture":"#texture"},"up":{"uv":[3,4.5,13.5,12],"texture":"#texture"},"north":{"uv":[2.5,7.5,13,13.5],"texture":"#texture"},"south":{"uv":[3,7.5,13.5,13.5],"texture":"#texture"},"west":{"uv":[4.5,7.5,12,13.5],"texture":"#texture"},"east":{"uv":[4,7.5,11.5,13.5],"texture":"#texture"}}},{"from":[17.4375,9.4375,6.5],"to":[19.6875,10.9375,10],"rotation":{"origin":[17.4375,10.9375,6.5],"axis":"z","angle":-45},"faces":{"down":{"uv":[13,12,2.5,4.5],"texture":"#phanpy_orange"},"up":{"uv":[3,4.5,13.5,12],"texture":"#phanpy_orange"},"north":{"uv":[2.5,7.5,13,13.5],"texture":"#phanpy_orange"},"south":{"uv":[3,7.5,13.5,13.5],"texture":"#phanpy_orange"},"west":{"uv":[4.5,7.5,12,13.5],"texture":"#phanpy_orange"},"east":{"uv":[4,7.5,11.5,13.5],"texture":"#phanpy_orange"}}},{"from":[11.5,5.75,5.5],"to":[17,9,11],"rotation":{"origin":[11.5,9,5.5],"axis":"z","angle":22.5},"faces":{"down":{"uv":[4.5,11,0,5.5],"texture":"#texture"},"up":{"uv":[11.5,5.5,16,11],"texture":"#texture"},"north":{"uv":[0,7,4.5,10.25],"texture":"#texture"},"south":{"uv":[11.5,7,16,10.25],"texture":"#texture"},"west":{"uv":[5.5,7,11,10.25],"texture":"#texture"},"east":{"uv":[5,7,10.5,10.25],"texture":"#texture"}}},{"from":[9.5,6.051,10.25],"to":[13.75,12.801,11.75],"rotation":{"origin":[9.5,12.801,10.25],"axis":"x","angle":-22.5},"faces":{"down":{"uv":[6.5,11.75,2.25,10.25],"texture":"#texture"},"up":{"uv":[9.5,10.25,13.75,11.75],"texture":"#texture"},"north":{"uv":[2.25,3.19903,6.5,9.94903],"texture":"#texture"},"south":{"uv":[9.5,3.19903,13.75,9.94903],"texture":"#texture"},"west":{"uv":[10.25,3.19903,11.75,9.94903],"texture":"#texture"},"east":{"uv":[4.25,3.19903,5.75,9.94903],"texture":"#texture"}}},{"from":[4.25,2.5,5.75],"to":[13.25,3.25,10.75],"faces":{"down":{"uv":[11.75,10.75,2.75,5.75],"texture":"#texture"},"up":{"uv":[4.25,5.75,13.25,10.75],"texture":"#texture"},"north":{"uv":[2.75,12.75,11.75,13.5],"texture":"#texture"},"south":{"uv":[4.25,12.75,13.25,13.5],"texture":"#texture"},"west":{"uv":[5.75,12.75,10.75,13.5],"texture":"#texture"},"east":{"uv":[5.25,12.75,10.25,13.5],"texture":"#texture"}}},{"from":[3.74372,3.75,4.8125],"to":[7.24372,7,11.6875],"rotation":{"origin":[3.74372,7,4.8125],"axis":"z","angle":-22.5},"faces":{"down":{"uv":[12.2563,11.6875,8.75628,4.8125],"texture":"#texture"},"up":{"uv":[3.74372,4.8125,7.24372,11.6875],"texture":"#texture"},"north":{"uv":[8.75628,9,12.2563,12.25],"texture":"#texture"},"south":{"uv":[3.74372,9,7.24372,12.25],"texture":"#texture"},"west":{"uv":[4.8125,9,11.6875,12.25],"texture":"#texture"},"east":{"uv":[4.3125,9,11.1875,12.25],"texture":"#texture"}}},{"from":[13.25,3.25,5.5],"to":[15.75,9.25,11],"rotation":{"origin":[13.25,9.25,5.5],"axis":"z","angle":-22.5},"faces":{"down":{"uv":[2.75,11,0.25,5.5],"texture":"#texture"},"up":{"uv":[13.25,5.5,15.75,11],"texture":"#texture"},"north":{"uv":[0.25,6.75,2.75,12.75],"texture":"#texture"},"south":{"uv":[13.25,6.75,15.75,12.75],"texture":"#texture"},"west":{"uv":[5.5,6.75,11,12.75],"texture":"#texture"},"east":{"uv":[5,6.75,10.5,12.75],"texture":"#texture"}}},{"from":[2.75,0,9.25],"to":[5.25,4,11.75],"faces":{"down":{"uv":[13.25,11.75,10.75,9.25],"texture":"#texture"},"up":{"uv":[2.75,9.25,5.25,11.75],"texture":"#texture"},"north":{"uv":[10.75,12,13.25,16],"texture":"#texture"},"south":{"uv":[2.75,12,5.25,16],"texture":"#texture"},"west":{"uv":[9.25,12,11.75,16],"texture":"#texture"},"east":{"uv":[4.25,12,6.75,16],"texture":"#texture"}}},{"from":[4,1.25,9.25],"to":[6.25,2.75,11.75],"rotation":{"origin":[4,2.75,9.25],"axis":"z","angle":45},"faces":{"down":{"uv":[12,11.75,9.75,9.25],"texture":"#texture"},"up":{"uv":[4,9.25,6.25,11.75],"texture":"#texture"},"north":{"uv":[9.75,13.25,12,14.75],"texture":"#texture"},"south":{"uv":[4,13.25,6.25,14.75],"texture":"#texture"},"west":{"uv":[9.25,13.25,11.75,14.75],"texture":"#texture"},"east":{"uv":[4.25,13.25,6.75,14.75],"texture":"#texture"}}},{"from":[4,1.25,4.75],"to":[6.25,2.75,7.25],"rotation":{"origin":[4,2.75,4.75],"axis":"z","angle":45},"faces":{"down":{"uv":[12,7.25,9.75,4.75],"texture":"#texture"},"up":{"uv":[4,4.75,6.25,7.25],"texture":"#texture"},"north":{"uv":[9.75,13.25,12,14.75],"texture":"#texture"},"south":{"uv":[4,13.25,6.25,14.75],"texture":"#texture"},"west":{"uv":[4.75,13.25,7.25,14.75],"texture":"#texture"},"east":{"uv":[8.75,13.25,11.25,14.75],"texture":"#texture"}}},{"from":[5.5,2.75,4.75],"to":[11.5,3.25,11.75],"faces":{"down":{"uv":[10.5,11.75,4.5,4.75],"texture":"#texture"},"up":{"uv":[5.5,4.75,11.5,11.75],"texture":"#texture"},"north":{"uv":[4.5,12.75,10.5,13.25],"texture":"#texture"},"south":{"uv":[5.5,12.75,11.5,13.25],"texture":"#texture"},"west":{"uv":[4.75,12.75,11.75,13.25],"texture":"#texture"},"east":{"uv":[4.25,12.75,11.25,13.25],"texture":"#texture"}}},{"from":[15.25,7.75,5.5],"to":[18.75,12.25,11.25],"rotation":{"origin":[15.25,12.25,5.5],"axis":"z","angle":-45},"faces":{"down":{"uv":[0.75,11.25,0,5.5],"texture":"#texture"},"up":{"uv":[15.25,5.5,16,11.25],"texture":"#texture"},"north":{"uv":[0,3.75,0.75,8.25],"texture":"#texture"},"south":{"uv":[15.25,3.75,16,8.25],"texture":"#texture"},"west":{"uv":[5.5,3.75,11.25,8.25],"texture":"#texture"},"east":{"uv":[4.75,3.75,10.5,8.25],"texture":"#texture"}}},{"from":[2.25,6,7.5],"to":[4.25,7.5,9],"rotation":{"origin":[2.25,7.5,7.5],"axis":"z","angle":-22.5},"faces":{"down":{"uv":[13.75,9,11.75,7.5],"texture":"#texture"},"up":{"uv":[2.25,7.5,4.25,9],"texture":"#texture"},"north":{"uv":[11.75,8.5,13.75,10],"texture":"#texture"},"south":{"uv":[2.25,8.5,4.25,10],"texture":"#texture"},"west":{"uv":[7.5,8.5,9,10],"texture":"#texture"},"east":{"uv":[7,8.5,8.5,10],"texture":"#texture"}}},{"from":[1,7,7.8125],"to":[2.5,7.75,8.5625],"rotation":{"origin":[1,7.75,7.8125],"axis":"z","angle":-22.5},"faces":{"down":{"uv":[15,8.5625,13.5,7.8125],"texture":"#texture"},"up":{"uv":[1,7.8125,2.5,8.5625],"texture":"#texture"},"north":{"uv":[13.5,8.25,15,9],"texture":"#texture"},"south":{"uv":[1,8.25,2.5,9],"texture":"#texture"},"west":{"uv":[7.8125,8.25,8.5625,9],"texture":"#texture"},"east":{"uv":[7.4375,8.25,8.1875,9],"texture":"#texture"}}},{"from":[9.75,6.5,4.75],"to":[14,13.25,6.25],"rotation":{"origin":[9.75,13.25,4.75],"axis":"x","angle":22.5},"faces":{"down":{"uv":[6.25,6.25,2,4.75],"texture":"#texture"},"up":{"uv":[9.75,4.75,14,6.25],"texture":"#texture"},"north":{"uv":[2,2.75,6.25,9.5],"texture":"#texture"},"south":{"uv":[9.75,2.75,14,9.5],"texture":"#texture"},"west":{"uv":[4.75,2.75,6.25,9.5],"texture":"#texture"},"east":{"uv":[9.75,2.75,11.25,9.5],"texture":"#texture"}}},{"from":[9,6,11.25],"to":[14.25,10.25,12.75],"rotation":{"origin":[9,10.25,11.25],"axis":"x","angle":-22.5},"faces":{"down":{"uv":[7,12.75,1.75,11.25],"texture":"#texture"},"up":{"uv":[9,11.25,14.25,12.75],"texture":"#texture"},"north":{"uv":[1.75,5.75,7,10],"texture":"#texture"},"south":{"uv":[9,5.75,14.25,10],"texture":"#texture"},"west":{"uv":[11.25,5.75,12.75,10],"texture":"#texture"},"east":{"uv":[3.25,5.75,4.75,10],"texture":"#texture"}}},{"from":[9.25,6.5,3.75],"to":[14.5,10.75,5.25],"rotation":{"origin":[9.25,10.75,3.75],"axis":"x","angle":22.5},"faces":{"down":{"uv":[6.75,5.25,1.5,3.75],"texture":"#texture"},"up":{"uv":[9.25,3.75,14.5,5.25],"texture":"#texture"},"north":{"uv":[1.5,5.25,6.75,9.5],"texture":"#texture"},"south":{"uv":[9.25,5.25,14.5,9.5],"texture":"#texture"},"west":{"uv":[3.75,5.25,5.25,9.5],"texture":"#texture"},"east":{"uv":[10.75,5.25,12.25,9.5],"texture":"#texture"}}},{"from":[8.75,6.0625,11.9375],"to":[10.75,8.3125,13.6875],"rotation":{"origin":[8.75,8.3125,11.9375],"axis":"x","angle":-22.5},"faces":{"down":{"uv":[13,12,2.5,4.5],"texture":"#phanpy_orange"},"up":{"uv":[3,4.5,13.5,12],"texture":"#phanpy_orange"},"north":{"uv":[2.5,7.5,13,13.5],"texture":"#phanpy_orange"},"south":{"uv":[3,7.5,13.5,13.5],"texture":"#phanpy_orange"},"west":{"uv":[4.5,7.5,12,13.5],"texture":"#phanpy_orange"},"east":{"uv":[4,7.5,11.5,13.5],"texture":"#phanpy_orange"}}},{"from":[12.3125,6.0625,11.9375],"to":[14.3125,8.3125,13.6875],"rotation":{"origin":[12.3125,8.3125,11.9375],"axis":"x","angle":-22.5},"faces":{"down":{"uv":[13,12,2.5,4.5],"texture":"#phanpy_orange"},"up":{"uv":[3,4.5,13.5,12],"texture":"#phanpy_orange"},"north":{"uv":[2.5,7.5,13,13.5],"texture":"#phanpy_orange"},"south":{"uv":[3,7.5,13.5,13.5],"texture":"#phanpy_orange"},"west":{"uv":[4.5,7.5,12,13.5],"texture":"#phanpy_orange"},"east":{"uv":[4,7.5,11.5,13.5],"texture":"#phanpy_orange"}}},{"from":[9.1875,6.6875,2.8125],"to":[11.1875,8.9375,4.5625],"rotation":{"origin":[9.1875,8.9375,2.8125],"axis":"x","angle":22.5},"faces":{"down":{"uv":[13,12,2.5,4.5],"texture":"#phanpy_orange"},"up":{"uv":[3,4.5,13.5,12],"texture":"#phanpy_orange"},"north":{"uv":[2.5,7.5,13,13.5],"texture":"#phanpy_orange"},"south":{"uv":[3,7.5,13.5,13.5],"texture":"#phanpy_orange"},"west":{"uv":[4.5,7.5,12,13.5],"texture":"#phanpy_orange"},"east":{"uv":[4,7.5,11.5,13.5],"texture":"#phanpy_orange"}}},{"from":[12.5625,6.6875,2.875],"to":[14.5625,8.9375,4.625],"rotation":{"origin":[12.5625,8.9375,2.875],"axis":"x","angle":22.5},"faces":{"down":{"uv":[13,12,2.5,4.5],"texture":"#phanpy_orange"},"up":{"uv":[3,4.5,13.5,12],"texture":"#phanpy_orange"},"north":{"uv":[2.5,7.5,13,13.5],"texture":"#phanpy_orange"},"south":{"uv":[3,7.5,13.5,13.5],"texture":"#phanpy_orange"},"west":{"uv":[4.5,7.5,12,13.5],"texture":"#phanpy_orange"},"east":{"uv":[4,7.5,11.5,13.5],"texture":"#phanpy_orange"}}},{"from":[15.5,9.25,5.4375],"to":[16.25,10.75,5.5],"faces":{"north":{"uv":[2,0.75,4,5.5],"texture":"#phanpy_cuteface"}}},{"from":[15.5,9.25,11.3125],"to":[16.25,10.75,11.375],"faces":{"south":{"uv":[2,0.75,4,5.5],"texture":"#phanpy_cuteface"}}},{"from":[11.75,0,10.5],"to":[13.25,0.5,12],"rotation":{"origin":[11.75,0,10.5],"axis":"y","angle":45},"faces":{"down":{"uv":[2.5,2.5,3,3.25],"texture":"#phanpy_cuteface"},"up":{"uv":[2.5,2.5,3,3.25],"texture":"#phanpy_cuteface"},"north":{"uv":[2.5,2.5,3,3],"texture":"#phanpy_cuteface"},"south":{"uv":[2.5,2.5,3,3],"texture":"#phanpy_cuteface"},"west":{"uv":[2.5,2.5,2.75,3],"texture":"#phanpy_cuteface"},"east":{"uv":[2.5,2.5,2.75,3],"texture":"#phanpy_cuteface"}}},{"from":[11.75,0,6],"to":[13.25,0.5,7.5],"rotation":{"origin":[11.75,0,6],"axis":"y","angle":45},"faces":{"down":{"uv":[2.5,2.5,3,3.25],"texture":"#phanpy_cuteface"},"up":{"uv":[2.5,2.5,3,3.25],"texture":"#phanpy_cuteface"},"north":{"uv":[2.5,2.5,3,3],"texture":"#phanpy_cuteface"},"south":{"uv":[2.5,2.5,3,3],"texture":"#phanpy_cuteface"},"west":{"uv":[2.5,2.5,2.75,3],"texture":"#phanpy_cuteface"},"east":{"uv":[2.5,2.5,2.75,3],"texture":"#phanpy_cuteface"}}},{"from":[3.75,0,10.5],"to":[5.25,0.5,12],"rotation":{"origin":[3.75,0,10.5],"axis":"y","angle":45},"faces":{"down":{"uv":[2.5,2.5,3,3.25],"texture":"#phanpy_cuteface"},"up":{"uv":[2.5,2.5,3,3.25],"texture":"#phanpy_cuteface"},"north":{"uv":[2.5,2.5,3,3],"texture":"#phanpy_cuteface"},"south":{"uv":[2.5,2.5,3,3],"texture":"#phanpy_cuteface"},"west":{"uv":[2.5,2.5,2.75,3],"texture":"#phanpy_cuteface"},"east":{"uv":[2.5,2.5,2.75,3],"texture":"#phanpy_cuteface"}}},{"from":[3.75,0,6],"to":[5.25,0.5,7.5],"rotation":{"origin":[3.75,0,6],"axis":"y","angle":45},"faces":{"down":{"uv":[2.5,2.5,3,3.25],"texture":"#phanpy_cuteface"},"up":{"uv":[2.5,2.5,3,3.25],"texture":"#phanpy_cuteface"},"north":{"uv":[2.5,2.5,3,3],"texture":"#phanpy_cuteface"},"south":{"uv":[2.5,2.5,3,3],"texture":"#phanpy_cuteface"},"west":{"uv":[2.5,2.5,2.75,3],"texture":"#phanpy_cuteface"},"east":{"uv":[2.5,2.5,2.75,3],"texture":"#phanpy_cuteface"}}},{"from":[21.0625,6.1875,7.125],"to":[21.125,7.4375,9.375],"rotation":{"origin":[21.0625,7.4375,7.125],"axis":"z","angle":-22.5},"faces":{"east":{"uv":[7.25,4.25,9.25,5.75],"texture":"#phanpy_cuteface"}}}],"display":{"head":{"rotation":[0,90,0],"translation":[0,-31.5,0],"scale":[1.5,1.5,1.5]},"gui":{"rotation":[30,-130,0],"translation":[1.5,2.5,0]},"thirdperson_righthand":{"scale":[0,0,0]},"thirdperson_lefthand":{"scale":[0,0,0]},"firstperson_righthand":{"scale":[0,0,0]},"firstperson_lefthand":{"scale":[0,0,0]}}}