{"credit":"Designed by Ramonaskye with BDcraft Cubik PRO 0.96 Beta","textures":{"0":"pokemon_skins/regular/donphan/donphan"},"elements":[{"from":[1.5,2,9.5],"to":[5,5,12.5],"rotation":{"angle":-22.5,"axis":"x","origin":[1.5,5,9.5]},"faces":{"north":{"uv":[5,13,7,15],"texture":"#0"},"east":{"uv":[5,13,7,15],"texture":"#0"},"south":{"uv":[5,13,7,15],"texture":"#0"},"west":{"uv":[5,13,7,15],"texture":"#0"},"up":{"uv":[5,13,7,15],"texture":"#0"},"down":{"uv":[5,13,7,15],"texture":"#0"}}},{"from":[11.5,0,10],"to":[15,4,13.5],"faces":{"north":{"uv":[5,13,7,15],"texture":"#0"},"east":{"uv":[5,13,7,15],"texture":"#0"},"south":{"uv":[5,13,7,15],"texture":"#0"},"west":{"uv":[5,13,7,15],"texture":"#0"},"up":{"uv":[5,13,7,15],"texture":"#0"},"down":{"uv":[5,13,7,15],"texture":"#0"}}},{"from":[1.5,0,2],"to":[5,4,5.5],"faces":{"north":{"uv":[5,13,7,15],"texture":"#0"},"east":{"uv":[5,13,7,15],"texture":"#0"},"south":{"uv":[5,13,7,15],"texture":"#0"},"west":{"uv":[5,13,7,15],"texture":"#0"},"up":{"uv":[5,13,7,15],"texture":"#0"},"down":{"uv":[5,13,7,15],"texture":"#0"}}},{"from":[11.5,0,2],"to":[15,4,5.5],"faces":{"north":{"uv":[5,13,7,15],"texture":"#0"},"east":{"uv":[5,13,7,15],"texture":"#0"},"south":{"uv":[5,13,7,15],"texture":"#0"},"west":{"uv":[5,13,7,15],"texture":"#0"},"up":{"uv":[5,13,7,15],"texture":"#0"},"down":{"uv":[5,13,7,15],"texture":"#0"}}},{"from":[2,3.5,3],"to":[14,10.5,12.5],"faces":{"north":{"uv":[5,13,7,15],"texture":"#0"},"east":{"uv":[5,13,7,15],"texture":"#0"},"south":{"uv":[5,13,7,15],"texture":"#0"},"west":{"uv":[5,13,7,15],"texture":"#0"},"up":{"uv":[5,13,7,15],"texture":"#0"},"down":{"uv":[5,13,7,15],"texture":"#0"}}},{"from":[0.47975,5,4.5],"to":[5.47975,10.5,11],"rotation":{"angle":-22.5,"axis":"z","origin":[0.47975,10.5,4.5]},"faces":{"north":{"uv":[5,13,7,15],"texture":"#0"},"east":{"uv":[5,13,7,15],"texture":"#0"},"south":{"uv":[5,13,7,15],"texture":"#0"},"west":{"uv":[5,13,7,15],"texture":"#0"},"up":{"uv":[5,13,7,15],"texture":"#0"},"down":{"uv":[5,13,7,15],"texture":"#0"}}},{"from":[-1.5,6,4],"to":[2,10,11.5],"faces":{"north":{"uv":[5,13,7,15],"texture":"#0"},"east":{"uv":[5,13,7,15],"texture":"#0"},"south":{"uv":[5,13,7,15],"texture":"#0"},"west":{"uv":[5,13,7,15],"texture":"#0"},"up":{"uv":[5,13,7,15],"texture":"#0"},"down":{"uv":[5,13,7,15],"texture":"#0"}}},{"from":[1.5,0,10],"to":[5,4,13.5],"faces":{"north":{"uv":[5,13,7,15],"texture":"#0"},"east":{"uv":[5,13,7,15],"texture":"#0"},"south":{"uv":[5,13,7,15],"texture":"#0"},"west":{"uv":[5,13,7,15],"texture":"#0"},"up":{"uv":[5,13,7,15],"texture":"#0"},"down":{"uv":[5,13,7,15],"texture":"#0"}}},{"from":[1.5,3.5,3.5],"to":[5,6.5,6.5],"rotation":{"angle":22.5,"axis":"x","origin":[1.5,6.5,3.5]},"faces":{"north":{"uv":[5,13,7,15],"texture":"#0"},"east":{"uv":[5,13,7,15],"texture":"#0"},"south":{"uv":[5,13,7,15],"texture":"#0"},"west":{"uv":[5,13,7,15],"texture":"#0"},"up":{"uv":[5,13,7,15],"texture":"#0"},"down":{"uv":[5,13,7,15],"texture":"#0"}}},{"from":[11.5,3.5,3.5],"to":[15,6.5,6.5],"rotation":{"angle":22.5,"axis":"x","origin":[11.5,6.5,3.5]},"faces":{"north":{"uv":[5,13,7,15],"texture":"#0"},"east":{"uv":[5,13,7,15],"texture":"#0"},"south":{"uv":[5,13,7,15],"texture":"#0"},"west":{"uv":[5,13,7,15],"texture":"#0"},"up":{"uv":[5,13,7,15],"texture":"#0"},"down":{"uv":[5,13,7,15],"texture":"#0"}}},{"from":[11.5,2,9.5],"to":[15,5,12.5],"rotation":{"angle":-22.5,"axis":"x","origin":[11.5,5,9.5]},"faces":{"north":{"uv":[5,13,7,15],"texture":"#0"},"east":{"uv":[5,13,7,15],"texture":"#0"},"south":{"uv":[5,13,7,15],"texture":"#0"},"west":{"uv":[5,13,7,15],"texture":"#0"},"up":{"uv":[5,13,7,15],"texture":"#0"},"down":{"uv":[5,13,7,15],"texture":"#0"}}},{"from":[8,10.5,4.5],"to":[12,12.5,11],"faces":{"north":{"uv":[1,13,3,15],"texture":"#0"},"east":{"uv":[1,13,3,15],"texture":"#0"},"south":{"uv":[1,13,3,15],"texture":"#0"},"west":{"uv":[1,13,3,15],"texture":"#0"},"up":{"uv":[1,13,3,15],"texture":"#0"},"down":{"uv":[1,13,3,15],"texture":"#0"}}},{"from":[-1.5,9.5,3.875],"to":[8,12,11.6875],"faces":{"north":{"uv":[1,13,3,15],"texture":"#0"},"east":{"uv":[1,13,3,15],"texture":"#0"},"south":{"uv":[1,13,3,15],"texture":"#0"},"west":{"uv":[1,13,3,15],"texture":"#0"},"up":{"uv":[1,13,3,15],"texture":"#0"},"down":{"uv":[1,13,3,15],"texture":"#0"}}},{"from":[-1.5,8.5,4.5],"to":[1,12,11],"rotation":{"angle":-45,"axis":"z","origin":[-1.5,12,4.5]},"faces":{"north":{"uv":[1,13,3,15],"texture":"#0"},"east":{"uv":[1,13,3,15],"texture":"#0"},"south":{"uv":[1,13,3,15],"texture":"#0"},"west":{"uv":[1,13,3,15],"texture":"#0"},"up":{"uv":[1,13,3,15],"texture":"#0"},"down":{"uv":[1,13,3,15],"texture":"#0"}}},{"from":[-4,6,5],"to":[-1.5,9.5,10.5],"rotation":{"angle":-22.5,"axis":"z","origin":[-4,9.5,5]},"faces":{"north":{"uv":[1,13,3,15],"texture":"#0"},"east":{"uv":[1,13,3,15],"texture":"#0"},"south":{"uv":[1,13,3,15],"texture":"#0"},"west":{"uv":[1,13,3,15],"texture":"#0"},"up":{"uv":[1,13,3,15],"texture":"#0"},"down":{"uv":[1,13,3,15],"texture":"#0"}}},{"from":[-5.3125,3,6],"to":[-3.3125,6.5,9.5],"rotation":{"angle":-22.5,"axis":"z","origin":[-5.3125,6.5,6]},"faces":{"north":{"uv":[1,13,3,15],"texture":"#0"},"east":{"uv":[1,13,3,15],"texture":"#0"},"south":{"uv":[1,13,3,15],"texture":"#0"},"west":{"uv":[1,13,3,15],"texture":"#0"},"up":{"uv":[1,13,3,15],"texture":"#0"},"down":{"uv":[1,13,3,15],"texture":"#0"}}},{"from":[-6.5625,1.25,6.5],"to":[-5.0625,3.5,9],"faces":{"north":{"uv":[1,13,3,15],"texture":"#0"},"east":{"uv":[1,13,3,15],"texture":"#0"},"south":{"uv":[1,13,3,15],"texture":"#0"},"west":{"uv":[1,13,3,15],"texture":"#0"},"up":{"uv":[1,13,3,15],"texture":"#0"},"down":{"uv":[1,13,3,15],"texture":"#0"}}},{"from":[11,10,5],"to":[15.5,12,10.5],"rotation":{"angle":-22.5,"axis":"z","origin":[11,12,5]},"faces":{"north":{"uv":[1,13,3,15],"texture":"#0"},"east":{"uv":[1,13,3,15],"texture":"#0"},"south":{"uv":[1,13,3,15],"texture":"#0"},"west":{"uv":[1,13,3,15],"texture":"#0"},"up":{"uv":[1,13,3,15],"texture":"#0"},"down":{"uv":[1,13,3,15],"texture":"#0"}}},{"from":[15,8.5,6],"to":[19.5,10.5,9.5],"rotation":{"angle":-45,"axis":"z","origin":[15,10.5,6]},"faces":{"north":{"uv":[1,13,3,15],"texture":"#0"},"east":{"uv":[1,13,3,15],"texture":"#0"},"south":{"uv":[1,13,3,15],"texture":"#0"},"west":{"uv":[1,13,3,15],"texture":"#0"},"up":{"uv":[1,13,3,15],"texture":"#0"},"down":{"uv":[1,13,3,15],"texture":"#0"}}},{"from":[17.5,6,7],"to":[19.5,7.5,8.5],"rotation":{"angle":-22.5,"axis":"z","origin":[17.5,7.5,7]},"faces":{"north":{"uv":[1,13,3,15],"texture":"#0"},"east":{"uv":[1,13,3,15],"texture":"#0"},"south":{"uv":[1,13,3,15],"texture":"#0"},"west":{"uv":[1,13,3,15],"texture":"#0"},"up":{"uv":[1,13,3,15],"texture":"#0"},"down":{"uv":[1,13,3,15],"texture":"#0"}}},{"from":[14,4,3],"to":[15.5,9.5,12.5],"faces":{"north":{"uv":[5,13,7,15],"texture":"#0"},"east":{"uv":[5,13,7,15],"texture":"#0"},"south":{"uv":[5,13,7,15],"texture":"#0"},"west":{"uv":[5,13,7,15],"texture":"#0"},"up":{"uv":[5,13,7,15],"texture":"#0"},"down":{"uv":[5,13,7,15],"texture":"#0"}}},{"from":[0.5,4,3],"to":[2,9.5,12.5],"faces":{"north":{"uv":[5,13,7,15],"texture":"#0"},"east":{"uv":[5,13,7,15],"texture":"#0"},"south":{"uv":[5,13,7,15],"texture":"#0"},"west":{"uv":[5,13,7,15],"texture":"#0"},"up":{"uv":[5,13,7,15],"texture":"#0"},"down":{"uv":[5,13,7,15],"texture":"#0"}}},{"from":[15,8.5,5.5],"to":[17.5,11,10],"rotation":{"angle":-45,"axis":"z","origin":[15,11,5.5]},"faces":{"north":{"uv":[1,13,3,15],"texture":"#0"},"east":{"uv":[1,13,3,15],"texture":"#0"},"south":{"uv":[1,13,3,15],"texture":"#0"},"west":{"uv":[1,13,3,15],"texture":"#0"},"up":{"uv":[1,13,3,15],"texture":"#0"},"down":{"uv":[1,13,3,15],"texture":"#0"}}},{"from":[1.5,10.5,3.5],"to":[5.5,12.5,12],"faces":{"north":{"uv":[1,13,3,15],"texture":"#0"},"east":{"uv":[1,13,3,15],"texture":"#0"},"south":{"uv":[1,13,3,15],"texture":"#0"},"west":{"uv":[1,13,3,15],"texture":"#0"},"up":{"uv":[1,13,3,15],"texture":"#0"},"down":{"uv":[1,13,3,15],"texture":"#0"}}},{"from":[2.5,11.5,12],"to":[5,12.5,20],"rotation":{"angle":-22.5,"axis":"z","origin":[2.5,12.5,12]},"faces":{"north":{"uv":[1,13,3,15],"texture":"#0"},"east":{"uv":[1,13,3,15],"texture":"#0"},"south":{"uv":[1,13,3,15],"texture":"#0"},"west":{"uv":[1,13,3,15],"texture":"#0"},"up":{"uv":[1,13,3,15],"texture":"#0"},"down":{"uv":[1,9,3,11],"texture":"#0"}}},{"from":[2.5,11.5,-4.5],"to":[5,12.5,3.5],"rotation":{"angle":-22.5,"axis":"z","origin":[2.5,12.5,-4.5]},"faces":{"north":{"uv":[1,13,3,15],"texture":"#0"},"east":{"uv":[1,13,3,15],"texture":"#0"},"south":{"uv":[1,13,3,15],"texture":"#0"},"west":{"uv":[1,13,3,15],"texture":"#0"},"up":{"uv":[1,13,3,15],"texture":"#0"},"down":{"uv":[1,9,3,11],"texture":"#0"}}},{"from":[-3.5,5.5,12.5],"to":[1.5,7,14],"rotation":{"angle":22.5,"axis":"y","origin":[-3.5,5.5,12.5]},"faces":{"north":{"uv":[5,9,7,11],"texture":"#0"},"east":{"uv":[5,9,7,11],"texture":"#0"},"south":{"uv":[5,9,7,11],"texture":"#0"},"west":{"uv":[5,9,7,11],"texture":"#0"},"up":{"uv":[5,9,7,11],"texture":"#0"},"down":{"uv":[5,9,7,11],"texture":"#0"}}},{"from":[-3,5.5,1.5],"to":[2,7,3],"rotation":{"angle":-22.5,"axis":"y","origin":[-3,5.5,1.5]},"faces":{"north":{"uv":[5,9,7,11],"texture":"#0"},"east":{"uv":[5,9,7,11],"texture":"#0"},"south":{"uv":[5,9,7,11],"texture":"#0"},"west":{"uv":[5,9,7,11],"texture":"#0"},"up":{"uv":[5,9,7,11],"texture":"#0"},"down":{"uv":[5,9,7,11],"texture":"#0"}}},{"from":[-5,7,12.5],"to":[-2.5,8,14],"rotation":{"angle":-22.5,"axis":"z","origin":[-5,8,12.5]},"faces":{"north":{"uv":[5,9,7,11],"texture":"#0"},"east":{"uv":[5,9,7,11],"texture":"#0"},"south":{"uv":[5,9,7,11],"texture":"#0"},"west":{"uv":[5,9,7,11],"texture":"#0"},"up":{"uv":[5,9,7,11],"texture":"#0"},"down":{"uv":[5,9,7,11],"texture":"#0"}}},{"from":[-5,7,1.5],"to":[-2.5,8,3],"rotation":{"angle":-22.5,"axis":"z","origin":[-5,8,1.5]},"faces":{"north":{"uv":[5,9,7,11],"texture":"#0"},"east":{"uv":[5,9,7,11],"texture":"#0"},"south":{"uv":[5,9,7,11],"texture":"#0"},"west":{"uv":[5,9,7,11],"texture":"#0"},"up":{"uv":[5,9,7,11],"texture":"#0"},"down":{"uv":[5,9,7,11],"texture":"#0"}}},{"from":[-4,8,4],"to":[-1.5,10,11.5],"rotation":{"angle":45,"axis":"z","origin":[-4,10,4]},"faces":{"north":{"uv":[1,13,3,15],"texture":"#0"},"east":{"uv":[1,13,3,15],"texture":"#0"},"south":{"uv":[1,13,3,15],"texture":"#0"},"west":{"uv":[1,13,3,15],"texture":"#0"},"up":{"uv":[1,13,3,15],"texture":"#0"},"down":{"uv":[1,13,3,15],"texture":"#0"}}},{"from":[-4.8125,7,4.5],"to":[-3.3125,8.5,11],"rotation":{"angle":-22.5,"axis":"z","origin":[-4.8125,8.5,4.5]},"faces":{"north":{"uv":[1,13,3,15],"texture":"#0"},"east":{"uv":[1,13,3,15],"texture":"#0"},"south":{"uv":[1,13,3,15],"texture":"#0"},"west":{"uv":[1,13,3,15],"texture":"#0"},"up":{"uv":[1,13,3,15],"texture":"#0"},"down":{"uv":[1,13,3,15],"texture":"#0"}}},{"from":[-5.9375,4.25,5.5],"to":[-4.4375,5.75,10],"rotation":{"angle":-22.5,"axis":"z","origin":[-5.9375,5.75,5.5]},"faces":{"north":{"uv":[1,13,3,15],"texture":"#0"},"east":{"uv":[1,13,3,15],"texture":"#0"},"south":{"uv":[1,13,3,15],"texture":"#0"},"west":{"uv":[1,13,3,15],"texture":"#0"},"up":{"uv":[1,13,3,15],"texture":"#0"},"down":{"uv":[1,13,3,15],"texture":"#0"}}},{"from":[-7,1.5,6],"to":[-5.5,3,9.5],"faces":{"north":{"uv":[1,13,3,15],"texture":"#0"},"east":{"uv":[1,13,3,15],"texture":"#0"},"south":{"uv":[1,13,3,15],"texture":"#0"},"west":{"uv":[1,13,3,15],"texture":"#0"},"up":{"uv":[1,13,3,15],"texture":"#0"},"down":{"uv":[1,13,3,15],"texture":"#0"}}},{"from":[2.5,1,9.5],"to":[5.5,2.5,14],"faces":{"north":{"uv":[1,13,3,15],"texture":"#0"},"east":{"uv":[1,13,3,15],"texture":"#0"},"south":{"uv":[1,13,3,15],"texture":"#0"},"west":{"uv":[1,13,3,15],"texture":"#0"},"up":{"uv":[1,13,3,15],"texture":"#0"},"down":{"uv":[1,13,3,15],"texture":"#0"}}},{"from":[12.5,1,9.5],"to":[15.5,2.5,14],"faces":{"north":{"uv":[1,13,3,15],"texture":"#0"},"east":{"uv":[1,13,3,15],"texture":"#0"},"south":{"uv":[1,13,3,15],"texture":"#0"},"west":{"uv":[1,13,3,15],"texture":"#0"},"up":{"uv":[1,13,3,15],"texture":"#0"},"down":{"uv":[1,13,3,15],"texture":"#0"}}},{"from":[12.5,1,1.5],"to":[15.5,2.5,6],"faces":{"north":{"uv":[1,13,3,15],"texture":"#0"},"east":{"uv":[1,13,3,15],"texture":"#0"},"south":{"uv":[1,13,3,15],"texture":"#0"},"west":{"uv":[1,13,3,15],"texture":"#0"},"up":{"uv":[1,13,3,15],"texture":"#0"},"down":{"uv":[1,13,3,15],"texture":"#0"}}},{"from":[2.5,1,1.5],"to":[5.5,2.5,6],"faces":{"north":{"uv":[1,13,3,15],"texture":"#0"},"east":{"uv":[1,13,3,15],"texture":"#0"},"south":{"uv":[1,13,3,15],"texture":"#0"},"west":{"uv":[1,13,3,15],"texture":"#0"},"up":{"uv":[1,13,3,15],"texture":"#0"},"down":{"uv":[1,13,3,15],"texture":"#0"}}},{"from":[-1.625,8,3.9375],"to":[0.875,10,4],"faces":{"north":{"uv":[15,1,2,8],"texture":"#0"}}},{"from":[-1.5,8,11.5],"to":[1,10,11.5625],"faces":{"south":{"uv":[1.5,1,15,8],"texture":"#0"}}},{"from":[1.5,0,13.25],"to":[2.5,0.75,14.25],"rotation":{"angle":45,"axis":"y","origin":[1.5,0,13.25]},"faces":{"north":{"uv":[5,9,7,11],"texture":"#0"},"east":{"uv":[5,9,7,11],"texture":"#0"},"south":{"uv":[5,9,7,11],"texture":"#0"},"west":{"uv":[5,9,7,11],"texture":"#0"},"up":{"uv":[5,9,7,11],"texture":"#0"},"down":{"uv":[5,9,7,11],"texture":"#0"}}},{"from":[0.75,0,11.75],"to":[1.75,0.75,12.75],"rotation":{"angle":45,"axis":"y","origin":[0.75,0,11.75]},"faces":{"north":{"uv":[5,9,7,11],"texture":"#0"},"east":{"uv":[5,9,7,11],"texture":"#0"},"south":{"uv":[5,9,7,11],"texture":"#0"},"west":{"uv":[5,9,7,11],"texture":"#0"},"up":{"uv":[5,9,7,11],"texture":"#0"},"down":{"uv":[5,9,7,11],"texture":"#0"}}},{"from":[1.5,0,10.25],"to":[2.5,0.75,11.25],"rotation":{"angle":45,"axis":"y","origin":[1.5,0,10.25]},"faces":{"north":{"uv":[5,9,7,11],"texture":"#0"},"east":{"uv":[5,9,7,11],"texture":"#0"},"south":{"uv":[5,9,7,11],"texture":"#0"},"west":{"uv":[5,9,7,11],"texture":"#0"},"up":{"uv":[5,9,7,11],"texture":"#0"},"down":{"uv":[5,9,7,11],"texture":"#0"}}},{"from":[10.75,0,11.75],"to":[11.75,0.75,12.75],"rotation":{"angle":45,"axis":"y","origin":[10.75,0,11.75]},"faces":{"north":{"uv":[5,9,7,11],"texture":"#0"},"east":{"uv":[5,9,7,11],"texture":"#0"},"south":{"uv":[5,9,7,11],"texture":"#0"},"west":{"uv":[5,9,7,11],"texture":"#0"},"up":{"uv":[5,9,7,11],"texture":"#0"},"down":{"uv":[5,9,7,11],"texture":"#0"}}},{"from":[11.5,0,13.25],"to":[12.5,0.75,14.25],"rotation":{"angle":45,"axis":"y","origin":[11.5,0,13.25]},"faces":{"north":{"uv":[5,9,7,11],"texture":"#0"},"east":{"uv":[5,9,7,11],"texture":"#0"},"south":{"uv":[5,9,7,11],"texture":"#0"},"west":{"uv":[5,9,7,11],"texture":"#0"},"up":{"uv":[5,9,7,11],"texture":"#0"},"down":{"uv":[5,9,7,11],"texture":"#0"}}},{"from":[11.5,0,10.25],"to":[12.5,0.75,11.25],"rotation":{"angle":45,"axis":"y","origin":[11.5,0,10.25]},"faces":{"north":{"uv":[5,9,7,11],"texture":"#0"},"east":{"uv":[5,9,7,11],"texture":"#0"},"south":{"uv":[5,9,7,11],"texture":"#0"},"west":{"uv":[5,9,7,11],"texture":"#0"},"up":{"uv":[5,9,7,11],"texture":"#0"},"down":{"uv":[5,9,7,11],"texture":"#0"}}},{"from":[11.5,0,2.25],"to":[12.5,0.75,3.25],"rotation":{"angle":45,"axis":"y","origin":[11.5,0,2.25]},"faces":{"north":{"uv":[5,9,7,11],"texture":"#0"},"east":{"uv":[5,9,7,11],"texture":"#0"},"south":{"uv":[5,9,7,11],"texture":"#0"},"west":{"uv":[5,9,7,11],"texture":"#0"},"up":{"uv":[5,9,7,11],"texture":"#0"},"down":{"uv":[5,9,7,11],"texture":"#0"}}},{"from":[10.75,0,3.75],"to":[11.75,0.75,4.75],"rotation":{"angle":45,"axis":"y","origin":[10.75,0,3.75]},"faces":{"north":{"uv":[5,9,7,11],"texture":"#0"},"east":{"uv":[5,9,7,11],"texture":"#0"},"south":{"uv":[5,9,7,11],"texture":"#0"},"west":{"uv":[5,9,7,11],"texture":"#0"},"up":{"uv":[5,9,7,11],"texture":"#0"},"down":{"uv":[5,9,7,11],"texture":"#0"}}},{"from":[11.5,0,5.25],"to":[12.5,0.75,6.25],"rotation":{"angle":45,"axis":"y","origin":[11.5,0,5.25]},"faces":{"north":{"uv":[5,9,7,11],"texture":"#0"},"east":{"uv":[5,9,7,11],"texture":"#0"},"south":{"uv":[5,9,7,11],"texture":"#0"},"west":{"uv":[5,9,7,11],"texture":"#0"},"up":{"uv":[5,9,7,11],"texture":"#0"},"down":{"uv":[5,9,7,11],"texture":"#0"}}},{"from":[0.75,0,3.75],"to":[1.75,0.75,4.75],"rotation":{"angle":45,"axis":"y","origin":[0.75,0,3.75]},"faces":{"north":{"uv":[5,9,7,11],"texture":"#0"},"east":{"uv":[5,9,7,11],"texture":"#0"},"south":{"uv":[5,9,7,11],"texture":"#0"},"west":{"uv":[5,9,7,11],"texture":"#0"},"up":{"uv":[5,9,7,11],"texture":"#0"},"down":{"uv":[5,9,7,11],"texture":"#0"}}},{"from":[1.5,0,5.25],"to":[2.5,0.75,6.25],"rotation":{"angle":45,"axis":"y","origin":[1.5,0,5.25]},"faces":{"north":{"uv":[5,9,7,11],"texture":"#0"},"east":{"uv":[5,9,7,11],"texture":"#0"},"south":{"uv":[5,9,7,11],"texture":"#0"},"west":{"uv":[5,9,7,11],"texture":"#0"},"up":{"uv":[5,9,7,11],"texture":"#0"},"down":{"uv":[5,9,7,11],"texture":"#0"}}},{"from":[1.5,0,2.25],"to":[2.5,0.75,3.25],"rotation":{"angle":45,"axis":"y","origin":[1.5,0,2.25]},"faces":{"north":{"uv":[5,9,7,11],"texture":"#0"},"east":{"uv":[5,9,7,11],"texture":"#0"},"south":{"uv":[5,9,7,11],"texture":"#0"},"west":{"uv":[5,9,7,11],"texture":"#0"},"up":{"uv":[5,9,7,11],"texture":"#0"},"down":{"uv":[5,9,7,11],"texture":"#0"}}},{"from":[1.25,1,9.5],"to":[4.25,2.5,11.5],"faces":{"north":{"uv":[1,13,3,15],"texture":"#0"},"east":{"uv":[1,13,3,15],"texture":"#0"},"south":{"uv":[1,13,3,15],"texture":"#0"},"west":{"uv":[1,13,3,15],"texture":"#0"},"up":{"uv":[1,13,3,15],"texture":"#0"},"down":{"uv":[1,13,3,15],"texture":"#0"}}},{"from":[1.25,1,4],"to":[4.25,2.5,6],"faces":{"north":{"uv":[1,13,3,15],"texture":"#0"},"east":{"uv":[1,13,3,15],"texture":"#0"},"south":{"uv":[1,13,3,15],"texture":"#0"},"west":{"uv":[1,13,3,15],"texture":"#0"},"up":{"uv":[1,13,3,15],"texture":"#0"},"down":{"uv":[1,13,3,15],"texture":"#0"}}},{"from":[11.25,1,4],"to":[14.25,2.5,6],"faces":{"north":{"uv":[1,13,3,15],"texture":"#0"},"east":{"uv":[1,13,3,15],"texture":"#0"},"south":{"uv":[1,13,3,15],"texture":"#0"},"west":{"uv":[1,13,3,15],"texture":"#0"},"up":{"uv":[1,13,3,15],"texture":"#0"},"down":{"uv":[1,13,3,15],"texture":"#0"}}},{"from":[11.25,1,9.5],"to":[14.25,2.5,11.5],"faces":{"north":{"uv":[1,13,3,15],"texture":"#0"},"east":{"uv":[1,13,3,15],"texture":"#0"},"south":{"uv":[1,13,3,15],"texture":"#0"},"west":{"uv":[1,13,3,15],"texture":"#0"},"up":{"uv":[1,13,3,15],"texture":"#0"},"down":{"uv":[1,13,3,15],"texture":"#0"}}},{"from":[-6.5,-0.5,6.5],"to":[-5.25,1.5,9],"rotation":{"angle":22.5,"axis":"z","origin":[-6.5,1.5,6.5]},"faces":{"north":{"uv":[1,13,3,15],"texture":"#0"},"east":{"uv":[1,13,3,15],"texture":"#0"},"south":{"uv":[1,13,3,15],"texture":"#0"},"west":{"uv":[1,13,3,15],"texture":"#0"},"up":{"uv":[1,13,3,15],"texture":"#0"},"down":{"uv":[1,13,3,15],"texture":"#0"}}}],"display":{"thirdperson_righthand":{"scale":[0,0,0]},"thirdperson_lefthand":{"scale":[0,0,0]},"firstperson_righthand":{"scale":[0,0,0]},"firstperson_lefthand":{"scale":[0,0,0]},"gui":{"rotation":[30,50,0],"translation":[1.5,1.5,0],"scale":[0.7,0.7,0.7]},"head":{"rotation":[0,-90,0],"translation":[0,-19.4,2.08],"scale":[3,3,3]}}}