{"credit":"Designed by Ramonaskye with BDcraft Cubik PRO 0.96 Beta - http://bdcraft.net","textures":{"texture":"pokemon_skins/regular/tyrogue/tyrogue_purple","hitmontop_detailings":"pokemon_skins/regular/tyrogue/tyrogue_detailings","hitmontop_blue":"pokemon_skins/regular/tyrogue/tyrogue_brown"},"elements":[{"from":[3.8125,0,4.3125],"to":[7.0625,1.5,9.0625],"rotation":{"angle":-22.5,"axis":"y","origin":[3.8125,0,4.3125]},"faces":{"north":{"uv":[11,14.5,13.5,16],"texture":"#hitmontop_blue"},"east":{"uv":[8,14.5,11,16],"texture":"#hitmontop_blue"},"south":{"uv":[2.5,14.5,5,16],"texture":"#hitmontop_blue"},"west":{"uv":[5,14.5,8,16],"texture":"#hitmontop_blue"},"up":{"uv":[13,10.75,15.5,13.75],"texture":"#hitmontop_blue"},"down":{"uv":[13.5,8,11,5],"texture":"#hitmontop_blue"}}},{"from":[9,1.5,5],"to":[10.5,6,6.5],"faces":{"north":{"uv":[14.5,2.5,15.25,5.75],"texture":"#hitmontop_detailings"},"east":{"uv":[12.75,2.75,13.5,6.25],"texture":"#hitmontop_detailings"},"south":{"uv":[14.5,2.5,15.25,5.75],"texture":"#hitmontop_detailings"},"west":{"uv":[12.75,2.75,13.5,6.25],"texture":"#hitmontop_detailings"},"up":{"uv":[14.5,2.75,15.25,3.25],"texture":"#hitmontop_detailings"},"down":{"uv":[14.5,2.75,15.25,3.25],"texture":"#hitmontop_detailings"}}},{"from":[4.5,1.5,5],"to":[6,6,6.5],"faces":{"north":{"uv":[14.5,2.5,15.25,5.75],"texture":"#hitmontop_detailings"},"east":{"uv":[12.75,2.75,13.5,6.25],"texture":"#hitmontop_detailings"},"south":{"uv":[14.5,2.5,15.25,5.75],"texture":"#hitmontop_detailings"},"west":{"uv":[12.75,2.75,13.5,6.25],"texture":"#hitmontop_detailings"},"up":{"uv":[14.5,2.75,15.25,3.25],"texture":"#hitmontop_detailings"},"down":{"uv":[14.5,2.75,15.25,3.25],"texture":"#hitmontop_detailings"}}},{"from":[5,6.25,4.5],"to":[10,12.75,7],"faces":{"north":{"uv":[2,2.5,8.5,9.5],"texture":"#hitmontop_blue"},"east":{"uv":[2,2.5,8.5,9.5],"texture":"#hitmontop_blue"},"south":{"uv":[2,2.5,8.5,9.5],"texture":"#hitmontop_blue"},"west":{"uv":[2,2.5,8.5,9.5],"texture":"#hitmontop_blue"},"up":{"uv":[2.25,0.25,8,4.25],"rotation":90,"texture":"#hitmontop_blue"},"down":{"uv":[15.25,16,7.25,9.5],"texture":"#hitmontop_blue"}}},{"from":[3,2.75,4],"to":[6.25,6,7.5],"rotation":{"angle":45,"axis":"z","origin":[3,6,4]},"faces":{"north":{"uv":[8.75,8.5,11.25,11.25],"texture":"#hitmontop_blue"},"east":{"uv":[8.5,5,12,9.5],"texture":"#hitmontop_blue"},"south":{"uv":[8.75,8.5,11.25,11.25],"texture":"#hitmontop_blue"},"west":{"uv":[12.5,10.5,16,15],"texture":"#hitmontop_blue"},"up":{"uv":[12.75,5.5,15.25,7.75],"texture":"#hitmontop_blue"},"down":{"uv":[12.75,5.5,15.25,7.75],"texture":"#hitmontop_blue"}}},{"from":[4,14,2.5],"to":[10.75,18.5,9],"faces":{"north":{"uv":[0,0,9,9],"texture":"#texture"},"east":{"uv":[0,0,9,9],"texture":"#texture"},"south":{"uv":[0,0,9,9],"texture":"#texture"},"west":{"uv":[0,0,9,9],"texture":"#texture"},"up":{"uv":[0,0,9,9],"texture":"#texture"},"down":{"uv":[0,0,9,9],"texture":"#texture"}}},{"from":[10,11.25,5],"to":[13.5,12.75,6.5],"rotation":{"angle":-22.5,"axis":"z","origin":[10,12.75,5]},"faces":{"north":{"uv":[0.5,3.5,2,8],"texture":"#texture"},"east":{"uv":[9.5,3.5,11,8],"texture":"#texture"},"south":{"uv":[14,3.5,15.5,8],"texture":"#texture"},"west":{"uv":[5,3.5,6.5,8],"texture":"#texture"},"up":{"uv":[14,5,15.5,6.5],"texture":"#texture"},"down":{"uv":[2,6.5,0.5,5],"texture":"#texture"}}},{"from":[12.125,7.375,5],"to":[13.625,10.375,6.5],"rotation":{"angle":45,"axis":"z","origin":[12.125,10.375,5]},"faces":{"north":{"uv":[12.5,5.75,13.5,7.5],"texture":"#hitmontop_detailings"},"east":{"uv":[12.5,5.75,13.5,7.5],"texture":"#hitmontop_detailings"},"south":{"uv":[12.5,5.75,13.5,7.5],"texture":"#hitmontop_detailings"},"west":{"uv":[12.5,5.75,13.5,7.5],"texture":"#hitmontop_detailings"},"up":{"uv":[14.5,4,15.25,5],"texture":"#hitmontop_detailings"},"down":{"uv":[14.5,4,15.25,5],"texture":"#hitmontop_detailings"}}},{"from":[13.5,7.5,4.75],"to":[15.5,8.75,6.75],"rotation":{"angle":22.5,"axis":"z","origin":[13.5,8.75,4.75]},"faces":{"north":{"uv":[0.5,3.5,2,8],"texture":"#texture"},"east":{"uv":[9.5,3.5,11,8],"texture":"#texture"},"south":{"uv":[14,3.5,15.5,8],"texture":"#texture"},"west":{"uv":[5,3.5,6.5,8],"texture":"#texture"},"up":{"uv":[14,5,15.5,6.5],"texture":"#texture"},"down":{"uv":[2,6.5,0.5,5],"texture":"#texture"}}},{"from":[1.75,10,5],"to":[5.25,11.5,6.5],"rotation":{"angle":22.5,"axis":"z","origin":[1.75,11.5,5]},"faces":{"north":{"uv":[0.5,3.5,2,8],"texture":"#texture"},"east":{"uv":[9.5,3.5,11,8],"texture":"#texture"},"south":{"uv":[14,3.5,15.5,8],"texture":"#texture"},"west":{"uv":[5,3.5,6.5,8],"texture":"#texture"},"up":{"uv":[14,5,15.5,6.5],"texture":"#texture"},"down":{"uv":[2,6.5,0.5,5],"texture":"#texture"}}},{"from":[1.75,8.5,5],"to":[3.25,11.5,6.5],"rotation":{"angle":-45,"axis":"z","origin":[1.75,11.5,5]},"faces":{"north":{"uv":[12.5,5.75,13.5,7.5],"texture":"#hitmontop_detailings"},"east":{"uv":[12.5,5.75,13.5,7.5],"texture":"#hitmontop_detailings"},"south":{"uv":[12.5,5.75,13.5,7.5],"texture":"#hitmontop_detailings"},"west":{"uv":[12.5,5.75,13.5,7.5],"texture":"#hitmontop_detailings"},"up":{"uv":[14.5,4,15.25,5],"texture":"#hitmontop_detailings"},"down":{"uv":[14.5,4,15.25,5],"texture":"#hitmontop_detailings"}}},{"from":[6.75,12.25,4.75],"to":[8.5,13.5,6.75],"faces":{"north":{"uv":[2.5,0.5,4.5,2.5],"texture":"#texture"},"east":{"uv":[2.5,0.5,4.5,2.5],"texture":"#texture"},"south":{"uv":[2.5,0.5,4.5,2.5],"texture":"#texture"},"west":{"uv":[2.5,0.5,4.5,2.5],"texture":"#texture"},"up":{"uv":[2.5,0.5,4.5,2.5],"texture":"#texture"},"down":{"uv":[2.5,0.5,4.5,2.5],"texture":"#texture"}}},{"from":[7,16,8.75],"to":[7.75,20,11],"rotation":{"angle":22.5,"axis":"x","origin":[7,20,8.75]},"faces":{"north":{"uv":[0.5,3.5,2,8],"texture":"#texture"},"east":{"uv":[9.5,3.5,11,8],"texture":"#texture"},"south":{"uv":[14,3.5,15.5,8],"texture":"#texture"},"west":{"uv":[5,3.5,6.5,8],"texture":"#texture"},"up":{"uv":[14,5,15.5,6.5],"texture":"#texture"},"down":{"uv":[2,6.5,0.5,5],"texture":"#texture"}}},{"from":[4.5,13.25,2.5],"to":[10.25,14,9],"faces":{"north":{"uv":[2.5,0.5,12,1.5],"texture":"#texture"},"east":{"uv":[2.5,0.5,12,1.5],"texture":"#texture"},"south":{"uv":[2.5,2.5,12,3.5],"texture":"#texture"},"west":{"uv":[2.5,0.5,12,1.5],"texture":"#texture"},"up":{"uv":[0,0,9,9],"texture":"#texture"},"down":{"uv":[0,0,9,9],"texture":"#texture"}}},{"from":[4.25,15.25,9.5625],"to":[7.75,18.5,9.625],"faces":{"south":{"uv":[0,1.5,4.5,5.5],"texture":"#hitmontop_detailings"}}},{"from":[5,13.5,9.5625],"to":[9.5,15.5,9.625],"faces":{"south":{"uv":[3.5,6,8.75,8],"texture":"#hitmontop_detailings"}}},{"from":[7.25,2.75,4],"to":[10.5,6,7.5],"rotation":{"angle":45,"axis":"z","origin":[7.25,6,4]},"faces":{"north":{"uv":[8.75,8.5,11.25,11.25],"texture":"#hitmontop_blue"},"east":{"uv":[8.5,5,12,9.5],"texture":"#hitmontop_blue"},"south":{"uv":[8.75,8.5,11.25,11.25],"texture":"#hitmontop_blue"},"west":{"uv":[12.5,10.5,16,15],"texture":"#hitmontop_blue"},"up":{"uv":[12.75,5.5,15.25,7.75],"texture":"#hitmontop_blue"},"down":{"uv":[12.75,5.5,15.25,7.75],"texture":"#hitmontop_blue"}}},{"from":[4.5,18.5,2.5],"to":[10.25,19.25,9],"faces":{"north":{"uv":[0,0,2,1],"texture":"#texture"},"east":{"uv":[0,0,2,1],"texture":"#texture"},"south":{"uv":[0,0,2,1],"texture":"#texture"},"west":{"uv":[0,0,2,1],"texture":"#texture"},"up":{"uv":[0,0,2,1],"texture":"#texture"},"down":{"uv":[0,0,2,1],"texture":"#texture"}}},{"from":[4.5,14,2],"to":[10.25,18.75,9.5],"faces":{"north":{"uv":[0,0,9,9],"texture":"#texture"},"east":{"uv":[0,0,9,9],"texture":"#texture"},"south":{"uv":[0,0,9,9],"texture":"#texture"},"west":{"uv":[0,0,9,9],"texture":"#texture"},"up":{"uv":[0,0,9,9],"texture":"#texture"},"down":{"uv":[0,0,9,9],"texture":"#texture"}}},{"from":[7,15.25,9.5625],"to":[10.5,18.5,9.625],"faces":{"south":{"uv":[4.5,1.5,0,5.5],"texture":"#hitmontop_detailings"}}},{"from":[15,8,4.5],"to":[16.75,9.25,5.5],"rotation":{"angle":-22.5,"axis":"z","origin":[15,9.25,4.5]},"faces":{"north":{"uv":[0.5,3.5,2,8],"texture":"#texture"},"east":{"uv":[9.5,3.5,11,8],"texture":"#texture"},"south":{"uv":[14,3.5,15.5,8],"texture":"#texture"},"west":{"uv":[5,3.5,6.5,8],"texture":"#texture"},"up":{"uv":[14,5,15.5,6.5],"texture":"#texture"},"down":{"uv":[2,6.5,0.5,5],"texture":"#texture"}}},{"from":[15,8,6],"to":[16.75,9.25,7],"rotation":{"angle":-22.5,"axis":"z","origin":[15,9.25,6]},"faces":{"north":{"uv":[0.5,3.5,2,8],"texture":"#texture"},"east":{"uv":[9.5,3.5,11,8],"texture":"#texture"},"south":{"uv":[14,3.5,15.5,8],"texture":"#texture"},"west":{"uv":[5,3.5,6.5,8],"texture":"#texture"},"up":{"uv":[14,5,15.5,6.5],"texture":"#texture"},"down":{"uv":[2,6.5,0.5,5],"texture":"#texture"}}},{"from":[12.75,6.25,5.5],"to":[14.5,7.5,6.5],"rotation":{"angle":45,"axis":"z","origin":[12.75,7.5,5.5]},"faces":{"north":{"uv":[0.5,3.5,2,8],"texture":"#texture"},"east":{"uv":[9.5,3.5,11,8],"texture":"#texture"},"south":{"uv":[14,3.5,15.5,8],"texture":"#texture"},"west":{"uv":[5,3.5,6.5,8],"texture":"#texture"},"up":{"uv":[14,5,15.5,6.5],"texture":"#texture"},"down":{"uv":[2,6.5,0.5,5],"texture":"#texture"}}},{"from":[-0.5,8.25,4.75],"to":[1.5,9.5,6.75],"rotation":{"angle":-22.5,"axis":"z","origin":[-0.5,9.5,4.75]},"faces":{"north":{"uv":[0.5,3.5,2,8],"texture":"#texture"},"east":{"uv":[9.5,3.5,11,8],"texture":"#texture"},"south":{"uv":[14,3.5,15.5,8],"texture":"#texture"},"west":{"uv":[5,3.5,6.5,8],"texture":"#texture"},"up":{"uv":[14,5,15.5,6.5],"texture":"#texture"},"down":{"uv":[2,6.5,0.5,5],"texture":"#texture"}}},{"from":[-2.25,7.25,6],"to":[-0.5,8.5,7],"rotation":{"angle":22.5,"axis":"z","origin":[-2.25,8.5,6]},"faces":{"north":{"uv":[0.5,3.5,2,8],"texture":"#texture"},"east":{"uv":[9.5,3.5,11,8],"texture":"#texture"},"south":{"uv":[14,3.5,15.5,8],"texture":"#texture"},"west":{"uv":[5,3.5,6.5,8],"texture":"#texture"},"up":{"uv":[14,5,15.5,6.5],"texture":"#texture"},"down":{"uv":[2,6.5,0.5,5],"texture":"#texture"}}},{"from":[-2,7.25,4.5],"to":[-0.25,8.5,5.5],"rotation":{"angle":22.5,"axis":"z","origin":[-2,8.5,4.5]},"faces":{"north":{"uv":[0.5,3.5,2,8],"texture":"#texture"},"east":{"uv":[9.5,3.5,11,8],"texture":"#texture"},"south":{"uv":[14,3.5,15.5,8],"texture":"#texture"},"west":{"uv":[5,3.5,6.5,8],"texture":"#texture"},"up":{"uv":[14,5,15.5,6.5],"texture":"#texture"},"down":{"uv":[2,6.5,0.5,5],"texture":"#texture"}}},{"from":[0.5,7.75,5.5],"to":[2.25,9,6.5],"rotation":{"angle":-45,"axis":"z","origin":[0.5,9,5.5]},"faces":{"north":{"uv":[0.5,3.5,2,8],"texture":"#texture"},"east":{"uv":[9.5,3.5,11,8],"texture":"#texture"},"south":{"uv":[14,3.5,15.5,8],"texture":"#texture"},"west":{"uv":[5,3.5,6.5,8],"texture":"#texture"},"up":{"uv":[14,5,15.5,6.5],"texture":"#texture"},"down":{"uv":[2,6.5,0.5,5],"texture":"#texture"}}},{"from":[7,17.5,5],"to":[7.75,21.5,7.25],"faces":{"north":{"uv":[0.5,3.5,2,8],"texture":"#texture"},"east":{"uv":[9.5,3.5,11,8],"texture":"#texture"},"south":{"uv":[14,3.5,15.5,8],"texture":"#texture"},"west":{"uv":[5,3.5,6.5,8],"texture":"#texture"},"up":{"uv":[14,5,15.5,6.5],"texture":"#texture"},"down":{"uv":[2,6.5,0.5,5],"texture":"#texture"}}},{"from":[7,16.5,1.25],"to":[7.75,19.5,3],"rotation":{"angle":-22.5,"axis":"x","origin":[7,19.5,1.25]},"faces":{"north":{"uv":[0.5,3.5,2,8],"texture":"#texture"},"east":{"uv":[9.5,3.5,11,8],"texture":"#texture"},"south":{"uv":[14,3.5,15.5,8],"texture":"#texture"},"west":{"uv":[5,3.5,6.5,8],"texture":"#texture"},"up":{"uv":[14,5,15.5,6.5],"texture":"#texture"},"down":{"uv":[2,6.5,0.5,5],"texture":"#texture"}}},{"from":[8.25,0,5.5],"to":[11.5,1.5,10.25],"rotation":{"angle":22.5,"axis":"y","origin":[8.25,0,5.5]},"faces":{"north":{"uv":[11,14.5,13.5,16],"texture":"#hitmontop_blue"},"east":{"uv":[8,14.5,11,16],"texture":"#hitmontop_blue"},"south":{"uv":[2.5,14.5,5,16],"texture":"#hitmontop_blue"},"west":{"uv":[5,14.5,8,16],"texture":"#hitmontop_blue"},"up":{"uv":[13,10.75,15.5,13.75],"texture":"#hitmontop_blue"},"down":{"uv":[13.5,8,11,5],"texture":"#hitmontop_blue"}}}],"display":{"thirdperson_righthand":{"scale":[0,0,0]},"thirdperson_lefthand":{"scale":[0,0,0]},"firstperson_righthand":{"scale":[0,0,0]},"firstperson_lefthand":{"scale":[0,0,0]},"gui":{"rotation":[30,-50,0],"translation":[-0.5,-2,0],"scale":[0.6,0.6,0.6]},"head":{"rotation":[0,180,0],"translation":[-1.13,-29.5,-3.59],"scale":[1.8,1.8,1.8]}}}