{"credit":"Designed by Samasaurus6 with BDcraft Cubik PRO 0.96 Beta - http://bdcraft.net","textures":{"smoochum1":"pokemon_skins/regular/smoochum/smoochum1","smoochum_face":"pokemon_skins/regular/smoochum/smoochum_face","smoochum_hair1":"pokemon_skins/regular/smoochum/smoochum_hair1","smoochum_hair2":"pokemon_skins/regular/smoochum/smoochum_hair2"},"elements":[{"from":[6,4.1875,4.75],"to":[10.75,8.375,10.25],"faces":{"north":{"uv":[3.5,11,8.5,16],"texture":"#smoochum1"},"east":{"uv":[5,11,11,16],"texture":"#smoochum1"},"south":{"uv":[6,11,11,16],"texture":"#smoochum1"},"west":{"uv":[4.5,11,10.5,16],"texture":"#smoochum1"},"up":{"uv":[5.5,11,10.5,16],"texture":"#smoochum1"},"down":{"uv":[10,16,5,11],"texture":"#smoochum1"}}},{"from":[6.5625,0.75,5.5],"to":[10.5,4.75,9.5],"faces":{"north":{"uv":[0,2,15,14],"texture":"#smoochum1"},"east":{"uv":[0,2,15,14],"texture":"#smoochum1"},"south":{"uv":[0,2,15,14],"texture":"#smoochum1"},"west":{"uv":[0,2,15,14],"texture":"#smoochum1"},"up":{"uv":[5.5,2.5,9.4375,6.5],"texture":"#smoochum1"},"down":{"uv":[10,16,6.0625,12],"texture":"#smoochum1"}}},{"from":[8,3.25,8.8125],"to":[9.125,4.375,11.25],"rotation":{"angle":22.5,"axis":"x","origin":[8,4.375,8.8125]},"faces":{"north":{"uv":[0,3,1.5,4.5],"texture":"#smoochum1"},"east":{"uv":[0,3,1.5,4.5],"texture":"#smoochum1"},"south":{"uv":[0,3,1.5,4.5],"texture":"#smoochum1"},"west":{"uv":[0,3,1.5,4.5],"texture":"#smoochum1"},"up":{"uv":[0,3,1.5,4.5],"texture":"#smoochum1"},"down":{"uv":[0,3,1.5,4.5],"texture":"#smoochum1"}}},{"from":[8,2.375,4],"to":[9.125,3.5,6.4375],"rotation":{"angle":-22.5,"axis":"x","origin":[8,3.5,4]},"faces":{"north":{"uv":[0,3,1.5,4.5],"texture":"#smoochum1"},"east":{"uv":[0,3,1.5,4.5],"texture":"#smoochum1"},"south":{"uv":[0,3,1.5,4.5],"texture":"#smoochum1"},"west":{"uv":[0,3,1.5,4.5],"texture":"#smoochum1"},"up":{"uv":[0,3,1.5,4.5],"texture":"#smoochum1"},"down":{"uv":[0,3,1.5,4.5],"texture":"#smoochum1"}}},{"from":[6.25,1.0625,5.8125],"to":[6.75,3.75,9.125],"faces":{"north":{"uv":[15,5.5,16,12.5],"texture":"#smoochum1"},"east":{"uv":[0,5.5,7.5,12.5],"texture":"#smoochum1"},"south":{"uv":[15,5.5,16,12.5],"texture":"#smoochum1"},"west":{"uv":[0,5.5,7.5,12.5],"texture":"#smoochum1"},"up":{"uv":[6.5,2,7,5.3125],"texture":"#smoochum1"},"down":{"uv":[8.5,16,8,12.6875],"texture":"#smoochum1"}}},{"from":[10.3125,1.0625,5.8125],"to":[10.8125,3.75,9.125],"faces":{"north":{"uv":[15,5.5,16,12.5],"texture":"#smoochum1"},"east":{"uv":[0,5.5,7.5,12.5],"texture":"#smoochum1"},"south":{"uv":[15,5.5,16,12.5],"texture":"#smoochum1"},"west":{"uv":[0,5.5,7.5,12.5],"texture":"#smoochum1"},"up":{"uv":[6.5,2,7,5.3125],"texture":"#smoochum1"},"down":{"uv":[8.5,16,8,12.6875],"texture":"#smoochum1"}}},{"from":[9.0625,4,4.5],"to":[11.1875,9,10.5],"rotation":{"angle":22.5,"axis":"z","origin":[9.0625,9,4.5]},"faces":{"north":{"uv":[2.5,0,5.5,5.5],"texture":"#smoochum_hair1"},"east":{"uv":[6,0,11,5.5],"texture":"#smoochum_hair1"},"south":{"uv":[10.5,0,13.5,5.5],"texture":"#smoochum_hair1"},"west":{"uv":[5,0,10,5.5],"texture":"#smoochum_hair1"},"up":{"uv":[10.5,5,13.5,10],"texture":"#smoochum_hair1"},"down":{"uv":[5.5,10,2.5,5],"texture":"#smoochum_hair1"}}},{"from":[6.5,4,8.625],"to":[11,9,10.625],"rotation":{"angle":-22.5,"axis":"x","origin":[6.5,9,8.625]},"faces":{"north":{"uv":[5,7,10,12.5],"texture":"#smoochum_hair1"},"east":{"uv":[4,7,6,12.5],"texture":"#smoochum_hair1"},"south":{"uv":[6,7,11,12.5],"texture":"#smoochum_hair1"},"west":{"uv":[10,7,12,12.5],"texture":"#smoochum_hair1"},"up":{"uv":[6,10,11,12],"texture":"#smoochum_hair1"},"down":{"uv":[10,12,5,10],"texture":"#smoochum_hair1"}}},{"from":[6.5,4.8125,4.5625],"to":[11,9.8125,6.5625],"rotation":{"angle":22.5,"axis":"x","origin":[6.5,9.8125,4.5625]},"faces":{"north":{"uv":[5,7,10,12.5],"texture":"#smoochum_hair1"},"east":{"uv":[4,7,6,12.5],"texture":"#smoochum_hair1"},"south":{"uv":[6,7,11,12.5],"texture":"#smoochum_hair1"},"west":{"uv":[10,7,12,12.5],"texture":"#smoochum_hair1"},"up":{"uv":[6,10,11,12],"texture":"#smoochum_hair1"},"down":{"uv":[10,12,5,10],"texture":"#smoochum_hair1"}}},{"from":[6.5,8.3125,4.5625],"to":[11,9.8125,10.4375],"faces":{"north":{"uv":[5,6.1875,9.5,7.6875],"texture":"#smoochum_hair1"},"east":{"uv":[5.5625,6.1875,11.4375,7.6875],"texture":"#smoochum_hair1"},"south":{"uv":[6.5,6.1875,11,7.6875],"texture":"#smoochum_hair1"},"west":{"uv":[4.5625,6.1875,10.4375,7.6875],"texture":"#smoochum_hair1"},"up":{"uv":[6.5,4.5625,11,10.4375],"texture":"#smoochum_hair1"},"down":{"uv":[9.5,10.4375,5,4.5625],"texture":"#smoochum_hair1"}}},{"from":[6.125,4.4375,9.5625],"to":[10.4375,7.9375,10.5625],"faces":{"north":{"uv":[4.5,12.5,9,16],"texture":"#smoochum1"},"east":{"uv":[5.5,12.5,6.5,16],"texture":"#smoochum1"},"south":{"uv":[7,12.5,11.5,16],"texture":"#smoochum1"},"west":{"uv":[9.5,12.5,10.5,16],"texture":"#smoochum1"},"up":{"uv":[5.5,15,10,16],"texture":"#smoochum1"},"down":{"uv":[13.5,16,9,15],"texture":"#smoochum1"}}},{"from":[6.125,4.4375,4.5],"to":[10.625,7.9375,5.5],"faces":{"north":{"uv":[5,12.5,9.5,16],"texture":"#smoochum1"},"east":{"uv":[9,12.5,10,16],"texture":"#smoochum1"},"south":{"uv":[7,12.5,11.5,16],"texture":"#smoochum1"},"west":{"uv":[3.5,12.5,4.5,16],"texture":"#smoochum1"},"up":{"uv":[6,15,10.5,16],"texture":"#smoochum1"},"down":{"uv":[9,16,4.5,15],"texture":"#smoochum1"}}},{"from":[5.75,4.5,4.875],"to":[6.25,8,10.125],"faces":{"north":{"uv":[10.5,12.5,11,16],"texture":"#smoochum1"},"east":{"uv":[4,12.5,9.25,16],"texture":"#smoochum1"},"south":{"uv":[6.5,12.5,7,16],"texture":"#smoochum1"},"west":{"uv":[5.5,12.5,10.75,16],"texture":"#smoochum1"},"up":{"uv":[5.5,11,6,16],"texture":"#smoochum1"},"down":{"uv":[10.5,16,10,11],"texture":"#smoochum1"}}},{"from":[5.125,4.875,7.0625],"to":[5.9375,5.25,7.9375],"faces":{"north":{"uv":[2,0,2.8125,0.5],"texture":"#smoochum_face"},"east":{"uv":[1.5,0.5,2.6875,1],"texture":"#smoochum_face"},"south":{"uv":[1,0,1.8125,0.5],"texture":"#smoochum_face"},"west":{"uv":[2,0.5,3.1875,1],"texture":"#smoochum_face"},"up":{"uv":[0,0,0.8125,1.1875],"texture":"#smoochum_face"},"down":{"uv":[0.8125,1.1875,0,0],"texture":"#smoochum_face"}}},{"from":[5.125,5.0625,7.6875],"to":[5.9375,5.8125,8.125],"faces":{"north":{"uv":[2,0,2.8125,0.5],"texture":"#smoochum_face"},"east":{"uv":[1.5,0.5,2.6875,1],"texture":"#smoochum_face"},"south":{"uv":[1,0,1.8125,0.5],"texture":"#smoochum_face"},"west":{"uv":[2,0.5,3.1875,1],"texture":"#smoochum_face"},"up":{"uv":[0,0,0.8125,1.1875],"texture":"#smoochum_face"},"down":{"uv":[0.8125,1.1875,0,0],"texture":"#smoochum_face"}}},{"from":[5.6875,5.5,5],"to":[5.75,7.0625,6.625],"faces":{"west":{"uv":[14,4,3,15],"texture":"#smoochum_face"}}},{"from":[5.6875,5.5,8.375],"to":[5.75,7.0625,10],"faces":{"west":{"uv":[3,4,14,15],"texture":"#smoochum_face"}}},{"from":[5.6875,5.125,7.0625],"to":[5.75,5.8125,7.875],"faces":{"west":{"uv":[5.5,0,8,2],"texture":"#smoochum_face"}}},{"from":[5.125,5.5625,7.0625],"to":[5.9375,5.9375,7.9375],"faces":{"north":{"uv":[2,0,2.8125,0.5],"texture":"#smoochum_face"},"east":{"uv":[1.5,0.5,2.6875,1],"texture":"#smoochum_face"},"south":{"uv":[1,0,1.8125,0.5],"texture":"#smoochum_face"},"west":{"uv":[2,0.5,3.1875,1],"texture":"#smoochum_face"},"up":{"uv":[0,0,0.8125,1.1875],"texture":"#smoochum_face"},"down":{"uv":[0.8125,1.1875,0,0],"texture":"#smoochum_face"}}},{"from":[5.125,5.0625,6.875],"to":[5.9375,5.8125,7.3125],"faces":{"north":{"uv":[2,0,2.8125,0.5],"texture":"#smoochum_face"},"east":{"uv":[1.5,0.5,2.6875,1],"texture":"#smoochum_face"},"south":{"uv":[1,0,1.8125,0.5],"texture":"#smoochum_face"},"west":{"uv":[2,0.5,3.1875,1],"texture":"#smoochum_face"},"up":{"uv":[0,0,0.8125,1.1875],"texture":"#smoochum_face"},"down":{"uv":[0.8125,1.1875,0,0],"texture":"#smoochum_face"}}},{"from":[6.5,7.1875,5.3125],"to":[6.5625,9.9375,9.6875],"rotation":{"angle":-22.5,"axis":"z","origin":[6.5,9.9375,5.3125]},"faces":{"east":{"uv":[1.5,0,15,8],"texture":"#smoochum_hair2"},"west":{"uv":[1.5,0,15,8],"texture":"#smoochum_hair2"}}},{"from":[9.3125,9.625,4.3125],"to":[9.375,12.25,11.125],"rotation":{"angle":-22.5,"axis":"z","origin":[9.3125,12.25,4.3125]},"faces":{"east":{"uv":[0,9,16,16],"texture":"#smoochum_hair2"},"west":{"uv":[16,9,0,16],"texture":"#smoochum_hair2"}}},{"from":[6.5,7.5,9.4375],"to":[6.5625,9.8125,10.8125],"rotation":{"angle":-22.5,"axis":"z","origin":[6.5,9.8125,9.4375]},"faces":{"east":{"uv":[1.5,0,8.5,8],"texture":"#smoochum_hair2"},"west":{"uv":[8.5,0,1.5,8],"texture":"#smoochum_hair2"}}},{"from":[6.5,7.5,4.1875],"to":[6.5625,9.8125,5.5625],"rotation":{"angle":-22.5,"axis":"z","origin":[6.5,9.8125,4.1875]},"faces":{"east":{"uv":[8.5,0,1.5,8],"texture":"#smoochum_hair2"},"west":{"uv":[1.5,0,8.5,8],"texture":"#smoochum_hair2"}}},{"from":[6.4375,7.875,6.1875],"to":[7.4375,9.5,8.6875],"rotation":{"angle":-22.5,"axis":"z","origin":[6.4375,9.5,6.1875]},"faces":{"north":{"uv":[10.5,13.5,11.3125,14.75],"texture":"#smoochum1"},"east":{"uv":[6,14.75,11.4375,16],"texture":"#smoochum1"},"south":{"uv":[4,14.75,4.8125,16],"texture":"#smoochum1"},"west":{"uv":[4.5,14.75,9.9375,16],"texture":"#smoochum1"},"up":{"uv":[4,11,5,16],"texture":"#smoochum1"},"down":{"uv":[10,16,9,11],"texture":"#smoochum1"}}},{"from":[6.5625,0,8.9375],"to":[8.6875,1,10.25],"rotation":{"angle":22.5,"axis":"y","origin":[6.5625,0,8.9375]},"faces":{"north":{"uv":[0,3,1.5,4.5],"texture":"#smoochum1"},"east":{"uv":[0,3,1.5,4.5],"texture":"#smoochum1"},"south":{"uv":[0,3,1.5,4.5],"texture":"#smoochum1"},"west":{"uv":[0,3,1.5,4.5],"texture":"#smoochum1"},"up":{"uv":[0,3,1.5,4.5],"texture":"#smoochum1"},"down":{"uv":[0,3,1.5,4.5],"texture":"#smoochum1"}}},{"from":[7.06478,0,4.8125],"to":[9.18978,1,6.125],"rotation":{"angle":-22.5,"axis":"y","origin":[7.06478,0,4.8125]},"faces":{"north":{"uv":[0,3,1.5,4.5],"texture":"#smoochum1"},"east":{"uv":[0,3,1.5,4.5],"texture":"#smoochum1"},"south":{"uv":[0,3,1.5,4.5],"texture":"#smoochum1"},"west":{"uv":[0,3,1.5,4.5],"texture":"#smoochum1"},"up":{"uv":[0,3,1.5,4.5],"texture":"#smoochum1"},"down":{"uv":[0,3,1.5,4.5],"texture":"#smoochum1"}}},{"from":[10.4375,4.5,4.875],"to":[10.9375,8,10.125],"faces":{"north":{"uv":[10.5,12.5,11,16],"texture":"#smoochum1"},"east":{"uv":[4,12.5,9.25,16],"texture":"#smoochum1"},"south":{"uv":[6.5,12.5,7,16],"texture":"#smoochum1"},"west":{"uv":[5.5,12.5,10.75,16],"texture":"#smoochum1"},"up":{"uv":[5.5,11,6,16],"texture":"#smoochum1"},"down":{"uv":[10.5,16,10,11],"texture":"#smoochum1"}}},{"from":[6.4375,7.875,8.6875],"to":[7.4375,9.5,10.3125],"rotation":{"angle":-22.5,"axis":"z","origin":[6.4375,9.5,8.6875]},"faces":{"north":{"uv":[10.5,13.5,11.3125,14.75],"texture":"#smoochum_hair1"},"east":{"uv":[6,14.75,11.4375,16],"texture":"#smoochum_hair1"},"south":{"uv":[4,14.75,4.8125,16],"texture":"#smoochum_hair1"},"west":{"uv":[4.5,14.75,9.9375,16],"texture":"#smoochum_hair1"},"up":{"uv":[4,11,5,16],"texture":"#smoochum_hair1"},"down":{"uv":[10,16,9,11],"texture":"#smoochum_hair1"}}},{"from":[6.4375,7.875,4.6875],"to":[7.4375,9.5,6.1875],"rotation":{"angle":-22.5,"axis":"z","origin":[6.4375,9.5,4.6875]},"faces":{"north":{"uv":[10.5,13.5,11.3125,14.75],"texture":"#smoochum_hair1"},"east":{"uv":[6,14.75,11.4375,16],"texture":"#smoochum_hair1"},"south":{"uv":[4,14.75,4.8125,16],"texture":"#smoochum_hair1"},"west":{"uv":[4.5,14.75,9.9375,16],"texture":"#smoochum_hair1"},"up":{"uv":[4,11,5,16],"texture":"#smoochum_hair1"},"down":{"uv":[10,16,9,11],"texture":"#smoochum_hair1"}}},{"from":[8.125,2.5625,10.8125],"to":[8.9375,3.375,11.1875],"rotation":{"angle":22.5,"axis":"x","origin":[8.125,3.375,10.8125]},"faces":{"north":{"uv":[0,3,1.5,4.5],"texture":"#smoochum1"},"east":{"uv":[0,3,1.5,4.5],"texture":"#smoochum1"},"south":{"uv":[0,3,1.5,4.5],"texture":"#smoochum1"},"west":{"uv":[0,3,1.5,4.5],"texture":"#smoochum1"},"up":{"uv":[0,3,1.5,4.5],"texture":"#smoochum1"},"down":{"uv":[0,3,1.5,4.5],"texture":"#smoochum1"}}},{"from":[8.125,2.5,3.9375],"to":[8.9375,3.3125,4.3125],"rotation":{"angle":-22.5,"axis":"x","origin":[8.125,3.3125,3.9375]},"faces":{"north":{"uv":[0,3,1.5,4.5],"texture":"#smoochum1"},"east":{"uv":[0,3,1.5,4.5],"texture":"#smoochum1"},"south":{"uv":[0,3,1.5,4.5],"texture":"#smoochum1"},"west":{"uv":[0,3,1.5,4.5],"texture":"#smoochum1"},"up":{"uv":[0,3,1.5,4.5],"texture":"#smoochum1"},"down":{"uv":[0,3,1.5,4.5],"texture":"#smoochum1"}}},{"from":[6.5,9.4375,7.6875],"to":[11,10.9375,10.6875],"rotation":{"angle":22.5,"axis":"x","origin":[6.5,10.9375,7.6875]},"faces":{"north":{"uv":[5,7,10,12.5],"texture":"#smoochum_hair1"},"east":{"uv":[4,7,6,12.5],"texture":"#smoochum_hair1"},"south":{"uv":[6,7,11,12.5],"texture":"#smoochum_hair1"},"west":{"uv":[10,7,12,12.5],"texture":"#smoochum_hair1"},"up":{"uv":[6,10,11,12],"texture":"#smoochum_hair1"},"down":{"uv":[10,12,5,10],"texture":"#smoochum_hair1"}}},{"from":[6.5,8.3125,4.5625],"to":[11,9.8125,7.5625],"rotation":{"angle":-22.5,"axis":"x","origin":[6.5,9.8125,4.5625]},"faces":{"north":{"uv":[5,7,10,12.5],"texture":"#smoochum_hair1"},"east":{"uv":[4,7,6,12.5],"texture":"#smoochum_hair1"},"south":{"uv":[6,7,11,12.5],"texture":"#smoochum_hair1"},"west":{"uv":[10,7,12,12.5],"texture":"#smoochum_hair1"},"up":{"uv":[6,10,11,12],"texture":"#smoochum_hair1"},"down":{"uv":[10,12,5,10],"texture":"#smoochum_hair1"}}}],"display":{"thirdperson_righthand":{"scale":[0,0,0]},"thirdperson_lefthand":{"scale":[0,0,0]},"firstperson_righthand":{"scale":[0,0,0]},"firstperson_lefthand":{"scale":[0,0,0]},"gui":{"rotation":[30,50,0],"translation":[0,1.5,0],"scale":[1.1,1.1,1.1]},"head":{"rotation":[0,-90,0],"translation":[-0.94,-28,-1.7],"scale":[2,2,2]}}}