{"__comment":"Designed by Ramonaskye with BDcraft Cubik PRO 0.96 Beta - http://bdcraft.net","textures":{"0":"pokemon_skins/regular/blissey/blissey","1":"pokemon_skins/regular/blissey/blissey_face"},"elements":[{"from":[4,0,6.5],"to":[7,1,14.5],"rotation":{"origin":[4,0,6.5],"axis":"y","angle":-22.5},"faces":{"north":{"texture":"#0","uv":[0,0,3,3]},"east":{"texture":"#0","uv":[0,0,3,3]},"south":{"texture":"#0","uv":[0,0,3,3]},"west":{"texture":"#0","uv":[0,0,3,3]},"up":{"texture":"#0","uv":[0,0,3,3]},"down":{"texture":"#0","uv":[0,0,3,3]}}},{"from":[1,2,2],"to":[15,7.5,12],"faces":{"north":{"texture":"#0","uv":[8,8,11,11]},"east":{"texture":"#0","uv":[8,8,11,11]},"south":{"texture":"#0","uv":[8,8,11,11]},"west":{"texture":"#0","uv":[8,8,11,11]},"up":{"texture":"#0","uv":[8,8,11,11]},"down":{"texture":"#0","uv":[8,8,11,11]}}},{"from":[5,3,10],"to":[11,7.5,10.5],"faces":{"north":{"texture":"#0","uv":[8,8,11,11]},"east":{"texture":"#0","uv":[8,8,11,11]},"south":{"texture":"#0","uv":[8,8,11,11]},"west":{"texture":"#0","uv":[8,8,11,11]},"up":{"texture":"#0","uv":[8,8,11,11]},"down":{"texture":"#0","uv":[8,8,11,11]}}},{"from":[3.5,3.5,0],"to":[12.5,7.5,1],"faces":{"north":{"texture":"#0","uv":[8,8,11,11]},"east":{"texture":"#0","uv":[8,8,11,11]},"south":{"texture":"#0","uv":[8,8,11,11]},"west":{"texture":"#0","uv":[8,8,11,11]},"up":{"texture":"#0","uv":[8,8,11,11]},"down":{"texture":"#0","uv":[8,8,11,11]}}},{"from":[0,3,3.5],"to":[1,7.5,10.5],"faces":{"north":{"texture":"#0","uv":[8,8,11,11]},"east":{"texture":"#0","uv":[8,8,11,11]},"south":{"texture":"#0","uv":[8,8,11,11]},"west":{"texture":"#0","uv":[8,8,11,11]},"up":{"texture":"#0","uv":[8,8,11,11]},"down":{"texture":"#0","uv":[8,8,11,11]}}},{"from":[2,1,3],"to":[13.5,2,11],"faces":{"north":{"texture":"#0","uv":[8,8,11,11]},"east":{"texture":"#0","uv":[8,8,11,11]},"south":{"texture":"#0","uv":[8,8,11,11]},"west":{"texture":"#0","uv":[8,8,11,11]},"up":{"texture":"#0","uv":[8,8,11,11]},"down":{"texture":"#0","uv":[8,8,11,11]}}},{"from":[5.75,4.75,13],"to":[10.25,8,16.5],"faces":{"north":{"texture":"#0","uv":[0,0,3,3]},"east":{"texture":"#0","uv":[0,0,3,3]},"south":{"texture":"#0","uv":[0,0,3,3]},"west":{"texture":"#0","uv":[0,0,3,3]},"up":{"texture":"#0","uv":[0,0,3,3]},"down":{"texture":"#0","uv":[0,0,3,3]}}},{"from":[6,8,13],"to":[10,10,16.25],"faces":{"north":{"texture":"#0","uv":[0,8,3,11]},"east":{"texture":"#0","uv":[0,8,3,11]},"south":{"texture":"#0","uv":[0,8,3,11]},"west":{"texture":"#0","uv":[0,8,3,11]},"up":{"texture":"#0","uv":[0,8,3,11]},"down":{"texture":"#0","uv":[0,8,3,11]}}},{"from":[2.8125,10.0625,10.25],"to":[6.8125,11.0625,11.75],"rotation":{"origin":[2.8125,10.0625,10.25],"axis":"y","angle":-45},"faces":{"north":{"texture":"#0","uv":[0,0,3,3]},"east":{"texture":"#0","uv":[0,0,3,3]},"south":{"texture":"#0","uv":[0,0,3,3]},"west":{"texture":"#0","uv":[0,0,3,3]},"up":{"texture":"#0","uv":[0,0,3,3]},"down":{"texture":"#0","uv":[0,0,3,3]}}},{"from":[10.5,10.0625,13.0625],"to":[14.5,11.0625,14.5625],"rotation":{"origin":[10.5,10.0625,13.0625],"axis":"y","angle":45},"faces":{"north":{"texture":"#0","uv":[0,0,3,3]},"east":{"texture":"#0","uv":[0,0,3,3]},"south":{"texture":"#0","uv":[0,0,3,3]},"west":{"texture":"#0","uv":[0,0,3,3]},"up":{"texture":"#0","uv":[0,0,3,3]},"down":{"texture":"#0","uv":[0,0,3,3]}}},{"from":[2,2.5,1],"to":[14,7.5,2],"faces":{"north":{"texture":"#0","uv":[8,8,11,11]},"east":{"texture":"#0","uv":[8,8,11,11]},"south":{"texture":"#0","uv":[8,8,11,11]},"west":{"texture":"#0","uv":[8,8,11,11]},"up":{"texture":"#0","uv":[8,8,11,11]},"down":{"texture":"#0","uv":[8,8,11,11]}}},{"from":[2,2.5,12],"to":[14,7.5,13],"faces":{"north":{"texture":"#0","uv":[8,8,11,11]},"east":{"texture":"#0","uv":[8,8,11,11]},"south":{"texture":"#0","uv":[8,8,11,11]},"west":{"texture":"#0","uv":[8,8,11,11]},"up":{"texture":"#0","uv":[8,8,11,11]},"down":{"texture":"#0","uv":[8,8,11,11]}}},{"from":[15,3,3.5],"to":[16,7.5,10.5],"faces":{"north":{"texture":"#0","uv":[8,8,11,11]},"east":{"texture":"#0","uv":[8,8,11,11]},"south":{"texture":"#0","uv":[8,8,11,11]},"west":{"texture":"#0","uv":[8,8,11,11]},"up":{"texture":"#0","uv":[8,8,11,11]},"down":{"texture":"#0","uv":[8,8,11,11]}}},{"from":[3.5,3.5,13],"to":[12.5,7.5,14],"faces":{"north":{"texture":"#0","uv":[8,8,11,11]},"east":{"texture":"#0","uv":[8,8,11,11]},"south":{"texture":"#0","uv":[8,8,11,11]},"west":{"texture":"#0","uv":[8,8,11,11]},"up":{"texture":"#0","uv":[8,8,11,11]},"down":{"texture":"#0","uv":[8,8,11,11]}}},{"from":[2.5,7.5,2.5],"to":[13.5,13,11.5],"faces":{"north":{"texture":"#0","uv":[0,0,3,3]},"east":{"texture":"#0","uv":[0,0,3,3]},"south":{"texture":"#0","uv":[0,0,3,3]},"west":{"texture":"#0","uv":[0,0,3,3]},"up":{"texture":"#0","uv":[0,0,3,3]},"down":{"texture":"#0","uv":[0,0,3,3]}}},{"from":[1,7.5,3.5],"to":[2,12,10.5],"faces":{"north":{"texture":"#0","uv":[0,0,3,3]},"east":{"texture":"#0","uv":[0,0,3,3]},"south":{"texture":"#0","uv":[0,0,3,3]},"west":{"texture":"#0","uv":[0,0,3,3]},"up":{"texture":"#0","uv":[0,0,3,3]},"down":{"texture":"#0","uv":[0,0,3,3]}}},{"from":[14,7.5,3.5],"to":[15,12,10.5],"faces":{"north":{"texture":"#0","uv":[0,0,3,3]},"east":{"texture":"#0","uv":[0,0,3,3]},"south":{"texture":"#0","uv":[0,0,3,3]},"west":{"texture":"#0","uv":[0,0,3,3]},"up":{"texture":"#0","uv":[0,0,3,3]},"down":{"texture":"#0","uv":[0,0,3,3]}}},{"from":[3.5,7.5,12],"to":[12.5,12,13],"faces":{"north":{"texture":"#0","uv":[0,0,3,3]},"east":{"texture":"#0","uv":[0,0,3,3]},"south":{"texture":"#0","uv":[0,0,3,3]},"west":{"texture":"#0","uv":[0,0,3,3]},"up":{"texture":"#0","uv":[0,0,3,3]},"down":{"texture":"#0","uv":[0,0,3,3]}}},{"from":[3.5,7.5,1],"to":[12.5,12,2],"faces":{"north":{"texture":"#0","uv":[0,0,3,3]},"east":{"texture":"#0","uv":[0,0,3,3]},"south":{"texture":"#0","uv":[0,0,3,3]},"west":{"texture":"#0","uv":[0,0,3,3]},"up":{"texture":"#0","uv":[0,0,3,3]},"down":{"texture":"#0","uv":[0,0,3,3]}}},{"from":[3.5,13,3.5],"to":[12.5,18.5,10.5],"faces":{"north":{"texture":"#0","uv":[0,0,3,3]},"east":{"texture":"#0","uv":[0,0,3,3]},"south":{"texture":"#0","uv":[0,0,3,3]},"west":{"texture":"#0","uv":[0,0,3,3]},"up":{"texture":"#0","uv":[0,0,3,3]},"down":{"texture":"#0","uv":[0,0,3,3]}}},{"from":[9.25,0,7.75],"to":[12.25,1,15.75],"rotation":{"origin":[9.25,0.0,7.75],"axis":"y","angle":22.5},"faces":{"north":{"texture":"#0","uv":[0,0,3,3]},"east":{"texture":"#0","uv":[0,0,3,3]},"south":{"texture":"#0","uv":[0,0,3,3]},"west":{"texture":"#0","uv":[0,0,3,3]},"up":{"texture":"#0","uv":[0,0,3,3]},"down":{"texture":"#0","uv":[0,0,3,3]}}},{"from":[4.5,13,10.5],"to":[11.5,18,11.5],"faces":{"north":{"texture":"#0","uv":[0,0,3,3]},"east":{"texture":"#0","uv":[0,0,3,3]},"south":{"texture":"#0","uv":[0,0,3,3]},"west":{"texture":"#0","uv":[0,0,3,3]},"up":{"texture":"#0","uv":[0,0,3,3]},"down":{"texture":"#0","uv":[0,0,3,3]}}},{"from":[4.5,13,2.5],"to":[11.5,18,3.5],"faces":{"north":{"texture":"#0","uv":[0,0,3,3]},"east":{"texture":"#0","uv":[0,0,3,3]},"south":{"texture":"#0","uv":[0,0,3,3]},"west":{"texture":"#0","uv":[0,0,3,3]},"up":{"texture":"#0","uv":[0,0,3,3]},"down":{"texture":"#0","uv":[0,0,3,3]}}},{"from":[2.5,13,4.5],"to":[3.5,18,9.5],"faces":{"north":{"texture":"#0","uv":[0,0,3,3]},"east":{"texture":"#0","uv":[0,0,3,3]},"south":{"texture":"#0","uv":[0,0,3,3]},"west":{"texture":"#0","uv":[0,0,3,3]},"up":{"texture":"#0","uv":[0,0,3,3]},"down":{"texture":"#0","uv":[0,0,3,3]}}},{"from":[12.5,13,4.5],"to":[13.5,18,9.5],"faces":{"north":{"texture":"#0","uv":[0,0,3,3]},"east":{"texture":"#0","uv":[0,0,3,3]},"south":{"texture":"#0","uv":[0,0,3,3]},"west":{"texture":"#0","uv":[0,0,3,3]},"up":{"texture":"#0","uv":[0,0,3,3]},"down":{"texture":"#0","uv":[0,0,3,3]}}},{"from":[3.5,7.5,11.5],"to":[13,13,12.5],"faces":{"north":{"texture":"#0","uv":[0,0,3,3]},"east":{"texture":"#0","uv":[0,0,3,3]},"south":{"texture":"#0","uv":[0,0,3,3]},"west":{"texture":"#0","uv":[0,0,3,3]},"up":{"texture":"#0","uv":[0,0,3,3]},"down":{"texture":"#0","uv":[0,0,3,3]}}},{"from":[3.5,7.5,1.5],"to":[13,13,2.5],"faces":{"north":{"texture":"#0","uv":[0,0,3,3]},"east":{"texture":"#0","uv":[0,0,3,3]},"south":{"texture":"#0","uv":[0,0,3,3]},"west":{"texture":"#0","uv":[0,0,3,3]},"up":{"texture":"#0","uv":[0,0,3,3]},"down":{"texture":"#0","uv":[0,0,3,3]}}},{"from":[1.5,7.5,3.5],"to":[2.5,13,10.5],"faces":{"north":{"texture":"#0","uv":[0,0,3,3]},"east":{"texture":"#0","uv":[0,0,3,3]},"south":{"texture":"#0","uv":[0,0,3,3]},"west":{"texture":"#0","uv":[0,0,3,3]},"up":{"texture":"#0","uv":[0,0,3,3]},"down":{"texture":"#0","uv":[0,0,3,3]}}},{"from":[13.5,7.5,3.5],"to":[14.5,13,10.5],"faces":{"north":{"texture":"#0","uv":[0,0,3,3]},"east":{"texture":"#0","uv":[0,0,3,3]},"south":{"texture":"#0","uv":[0,0,3,3]},"west":{"texture":"#0","uv":[0,0,3,3]},"up":{"texture":"#0","uv":[0,0,3,3]},"down":{"texture":"#0","uv":[0,0,3,3]}}},{"from":[6.5,10,13.25],"to":[9.5,10.5,15.75],"faces":{"north":{"texture":"#0","uv":[0,8,3,11]},"east":{"texture":"#0","uv":[0,8,3,11]},"south":{"texture":"#0","uv":[0,8,3,11]},"west":{"texture":"#0","uv":[0,8,3,11]},"up":{"texture":"#0","uv":[0,8,3,11]},"down":{"texture":"#0","uv":[0,8,3,11]}}},{"from":[2.5,15.5,5.9375],"to":[6.5,19.5,8.1875],"rotation":{"origin":[2.5,19.5,5.9375],"axis":"z","angle":-45.0},"faces":{"north":{"texture":"#0","uv":[0,0,3,3]},"east":{"texture":"#0","uv":[0,0,3,3]},"south":{"texture":"#0","uv":[0,0,3,3]},"west":{"texture":"#0","uv":[0,0,3,3]},"up":{"texture":"#0","uv":[0,0,3,3]},"down":{"texture":"#0","uv":[0,0,3,3]}}},{"from":[0,13.5,8.1875],"to":[3.75,16.5,10.4375],"rotation":{"origin":[0,16.5,8.1875],"axis":"z","angle":22.5},"faces":{"north":{"texture":"#0","uv":[15,0.25,12,3]},"east":{"texture":"#0","uv":[8,0,11,3]},"south":{"texture":"#0","uv":[12,0.25,15,3]},"west":{"texture":"#0","uv":[8,0,11,3]},"up":{"texture":"#0","uv":[8,0,11,3]},"down":{"texture":"#0","uv":[8,0,11,3]}}},{"from":[6,15.5,11.5],"to":[6.75,17,11.5625],"faces":{"north":{"texture":"#1","uv":[11,2,15,8]},"south":{"texture":"#1","uv":[11,2,15,8]}}},{"from":[9.25,15.5,11.5],"to":[10,17,11.5625],"faces":{"north":{"texture":"#1","uv":[11,2,15,8]},"south":{"texture":"#1","uv":[11,2,15,8]}}},{"from":[7,14.5,11.5],"to":[9.25,15.5,11.5625],"faces":{"north":{"texture":"#1","uv":[0,9.5,16,16]},"south":{"texture":"#1","uv":[0,9.5,16,16]}}},{"from":[0,13.5,3.8125],"to":[3.75,16.5,6.0625],"rotation":{"origin":[0,16.5,3.8125],"axis":"z","angle":22.5},"faces":{"north":{"texture":"#0","uv":[15,0.25,12,3]},"east":{"texture":"#0","uv":[8,0,11,3]},"south":{"texture":"#0","uv":[12,0.25,15,3]},"west":{"texture":"#0","uv":[8,0,11,3]},"up":{"texture":"#0","uv":[8,0,11,3]},"down":{"texture":"#0","uv":[8,0,11,3]}}},{"from":[13.25,15.5,5.9375],"to":[17.25,19.5,8.1875],"rotation":{"origin":[13.25,19.5,5.9375],"axis":"z","angle":-45},"faces":{"north":{"texture":"#0","uv":[0,0,3,3]},"east":{"texture":"#0","uv":[0,0,3,3]},"south":{"texture":"#0","uv":[0,0,3,3]},"west":{"texture":"#0","uv":[0,0,3,3]},"up":{"texture":"#0","uv":[0,0,3,3]},"down":{"texture":"#0","uv":[0,0,3,3]}}},{"from":[12.5,14.75,8.1875],"to":[16.25,17.75,10.4375],"rotation":{"origin":[12.5,17.75,8.1875],"axis":"z","angle":-22.5},"faces":{"north":{"texture":"#0","uv":[12,0.25,15,3]},"east":{"texture":"#0","uv":[8,0,11,3]},"south":{"texture":"#0","uv":[15,0.25,12,3]},"west":{"texture":"#0","uv":[8,0,11,3]},"up":{"texture":"#0","uv":[8,0,11,3]},"down":{"texture":"#0","uv":[8,0,11,3]}}},{"from":[12.5,14.75,3.75],"to":[16.25,17.75,6],"rotation":{"origin":[12.5,17.75,3.75],"axis":"z","angle":-22.5},"faces":{"north":{"texture":"#0","uv":[12,0.25,15,3]},"east":{"texture":"#0","uv":[8,0,11,3]},"south":{"texture":"#0","uv":[15,0.25,12,3]},"west":{"texture":"#0","uv":[8,0,11,3]},"up":{"texture":"#0","uv":[8,0,11,3]},"down":{"texture":"#0","uv":[8,0,11,3]}}},{"from":[-2,4.5,11.75],"to":[2.5,6.25,14],"rotation":{"origin":[-2,4.5,10.75],"axis":"y","angle":22.5},"faces":{"north":{"texture":"#0","uv":[8,8,11,11]},"east":{"texture":"#0","uv":[8,8,11,11]},"south":{"texture":"#0","uv":[8,8,11,11]},"west":{"texture":"#0","uv":[8,8,11,11]},"up":{"texture":"#0","uv":[8,8,11,11]},"down":{"texture":"#0","uv":[8,8,11,11]}}},{"from":[-2.25,4.75,8.25],"to":[2.25,6.5,10.5],"faces":{"north":{"texture":"#0","uv":[8,8,11,11]},"east":{"texture":"#0","uv":[8,8,11,11]},"south":{"texture":"#0","uv":[8,8,11,11]},"west":{"texture":"#0","uv":[8,8,11,11]},"up":{"texture":"#0","uv":[8,8,11,11]},"down":{"texture":"#0","uv":[8,8,11,11]}}},{"from":[-1.75,4.5,5],"to":[2.75,6.25,7.25],"faces":{"north":{"texture":"#0","uv":[8,8,11,11]},"east":{"texture":"#0","uv":[8,8,11,11]},"south":{"texture":"#0","uv":[8,8,11,11]},"west":{"texture":"#0","uv":[8,8,11,11]},"up":{"texture":"#0","uv":[8,8,11,11]},"down":{"texture":"#0","uv":[8,8,11,11]}}},{"from":[-0.25,4.25,1.75],"to":[4.25,6,4],"rotation":{"origin":[-0.25,4.25,1.75],"axis":"y","angle":-22.5},"faces":{"north":{"texture":"#0","uv":[8,8,11,11]},"east":{"texture":"#0","uv":[8,8,11,11]},"south":{"texture":"#0","uv":[8,8,11,11]},"west":{"texture":"#0","uv":[8,8,11,11]},"up":{"texture":"#0","uv":[8,8,11,11]},"down":{"texture":"#0","uv":[8,8,11,11]}}},{"from":[13.5,4.5,10],"to":[18,6.25,12.25],"rotation":{"origin":[13.5,8,9],"axis":"y","angle":-22.5},"faces":{"north":{"texture":"#0","uv":[8,8,11,11]},"east":{"texture":"#0","uv":[8,8,11,11]},"south":{"texture":"#0","uv":[8,8,11,11]},"west":{"texture":"#0","uv":[8,8,11,11]},"up":{"texture":"#0","uv":[8,8,11,11]},"down":{"texture":"#0","uv":[8,8,11,11]}}},{"from":[13.5,4.75,8.25],"to":[18,6.5,10.5],"faces":{"north":{"texture":"#0","uv":[8,8,11,11]},"east":{"texture":"#0","uv":[8,8,11,11]},"south":{"texture":"#0","uv":[8,8,11,11]},"west":{"texture":"#0","uv":[8,8,11,11]},"up":{"texture":"#0","uv":[8,8,11,11]},"down":{"texture":"#0","uv":[8,8,11,11]}}},{"from":[13.25,4.5,5],"to":[17.75,6.25,7.25],"faces":{"north":{"texture":"#0","uv":[8,8,11,11]},"east":{"texture":"#0","uv":[8,8,11,11]},"south":{"texture":"#0","uv":[8,8,11,11]},"west":{"texture":"#0","uv":[8,8,11,11]},"up":{"texture":"#0","uv":[8,8,11,11]},"down":{"texture":"#0","uv":[8,8,11,11]}}},{"from":[12.25,4.25,3.5],"to":[16.75,6,5.75],"rotation":{"origin":[12.25,4.25,3.5],"axis":"y","angle":22.5},"faces":{"north":{"texture":"#0","uv":[8,8,11,11]},"east":{"texture":"#0","uv":[8,8,11,11]},"south":{"texture":"#0","uv":[8,8,11,11]},"west":{"texture":"#0","uv":[8,8,11,11]},"up":{"texture":"#0","uv":[8,8,11,11]},"down":{"texture":"#0","uv":[8,8,11,11]}}},{"from":[0.75,9.5,11],"to":[3,12,13],"rotation":{"origin":[0.75,9.5,11],"axis":"y","angle":45},"faces":{"north":{"texture":"#0","uv":[8,8,11,11]},"east":{"texture":"#0","uv":[8,8,11,11]},"south":{"texture":"#0","uv":[8,8,11,11]},"west":{"texture":"#0","uv":[8,8,11,11]},"up":{"texture":"#0","uv":[8,8,11,11]},"down":{"texture":"#0","uv":[8,8,11,11]}}},{"from":[13.5,9.5,9.5],"to":[15.75,12,11.5],"rotation":{"origin":[13.5,9.5,9.5],"axis":"y","angle":-45},"faces":{"north":{"texture":"#0","uv":[8,8,11,11]},"east":{"texture":"#0","uv":[8,8,11,11]},"south":{"texture":"#0","uv":[8,8,11,11]},"west":{"texture":"#0","uv":[8,8,11,11]},"up":{"texture":"#0","uv":[8,8,11,11]},"down":{"texture":"#0","uv":[8,8,11,11]}}},{"from":[14.25,11,7.75],"to":[16.25,13.5,11.25],"rotation":{"origin":[14.25,11,7.75],"axis":"y","angle":-22.5},"faces":{"north":{"texture":"#0","uv":[8,8,11,11]},"east":{"texture":"#0","uv":[8,8,11,11]},"south":{"texture":"#0","uv":[8,8,11,11]},"west":{"texture":"#0","uv":[8,8,11,11]},"up":{"texture":"#0","uv":[8,8,11,11]},"down":{"texture":"#0","uv":[8,8,11,11]}}},{"from":[0,11,8.5],"to":[2,13.5,12.0],"rotation":{"origin":[0,11,8.5],"axis":"y","angle":22.5},"faces":{"north":{"texture":"#0","uv":[8,8,11,11]},"east":{"texture":"#0","uv":[8,8,11,11]},"south":{"texture":"#0","uv":[8,8,11,11]},"west":{"texture":"#0","uv":[8,8,11,11]},"up":{"texture":"#0","uv":[8,8,11,11]},"down":{"texture":"#0","uv":[8,8,11,11]}}},{"from":[0,10,9.5],"to":[1.5,11.5,12.5],"rotation":{"origin":[0,10,9.5],"axis":"y","angle":22.5},"faces":{"north":{"texture":"#0","uv":[8,8,11,11]},"east":{"texture":"#0","uv":[8,8,11,11]},"south":{"texture":"#0","uv":[8,8,11,11]},"west":{"texture":"#0","uv":[8,8,11,11]},"up":{"texture":"#0","uv":[8,8,11,11]},"down":{"texture":"#0","uv":[8,8,11,11]}}},{"from":[14.5,10,9],"to":[16,11.5,12],"rotation":{"origin":[14.5,10,9],"axis":"y","angle":-22.5},"faces":{"north":{"texture":"#0","uv":[8,8,11,11]},"east":{"texture":"#0","uv":[8,8,11,11]},"south":{"texture":"#0","uv":[8,8,11,11]},"west":{"texture":"#0","uv":[8,8,11,11]},"up":{"texture":"#0","uv":[8,8,11,11]},"down":{"texture":"#0","uv":[8,8,11,11]}}},{"from":[14.5,9,10.25],"to":[15.75,10.5,12.25],"rotation":{"origin":[14.5,9,10.25],"axis":"y","angle":-45},"faces":{"north":{"texture":"#0","uv":[8,8,11,11]},"east":{"texture":"#0","uv":[8,8,11,11]},"south":{"texture":"#0","uv":[8,8,11,11]},"west":{"texture":"#0","uv":[8,8,11,11]},"up":{"texture":"#0","uv":[8,8,11,11]},"down":{"texture":"#0","uv":[8,8,11,11]}}},{"from":[0.5,8.75,11],"to":[1.75,10.25,13],"rotation":{"origin":[0.5,8.75,11],"axis":"y","angle":45},"faces":{"north":{"texture":"#0","uv":[8,8,11,11]},"east":{"texture":"#0","uv":[8,8,11,11]},"south":{"texture":"#0","uv":[8,8,11,11]},"west":{"texture":"#0","uv":[8,8,11,11]},"up":{"texture":"#0","uv":[8,8,11,11]},"down":{"texture":"#0","uv":[8,8,11,11]}}}],"display":{"head":{"rotation":[0,180,0],"translation":[0,-20,-2.08],"scale":[2.9,2.9,2.9]},"gui":{"rotation":[30,-50,0],"translation":[0,-0.5,0],"scale":[0.6,0.6,0.6]},"thirdperson_righthand":{"scale":[0,0,0]},"thirdperson_lefthand":{"scale":[0,0,0]},"firstperson_righthand":{"scale":[0,0,0]},"firstperson_lefthand":{"scale":[0,0,0]}}}