{"credit":"Designed by Ramonaskye with BDcraft Cubik PRO 0.96 Beta - http://bdcraft.net","textures":{"0":"pokemon_skins/regular/pupitar/pupitar"},"elements":[{"from":[4,8,9.9375],"to":[12,14.5,17.6875],"rotation":{"angle":22.5,"axis":"x","origin":[4,14.5,9.9375]},"faces":{"north":{"uv":[13.5,0.5,15.5,2.5],"texture":"#0"},"east":{"uv":[13.5,0.5,15.5,2.5],"texture":"#0"},"south":{"uv":[13.5,0.5,15.5,2.5],"texture":"#0"},"west":{"uv":[13.5,0.5,15.5,2.5],"texture":"#0"},"up":{"uv":[13.5,0.5,15.5,2.5],"texture":"#0"},"down":{"uv":[13.5,0.5,15.5,2.5],"texture":"#0"}}},{"from":[4.25,5,8],"to":[11.75,9,15.5],"rotation":{"angle":22.5,"axis":"x","origin":[4.25,9,8]},"faces":{"north":{"uv":[13.5,0.5,15.5,2.5],"texture":"#0"},"east":{"uv":[13.5,0.5,15.5,2.5],"texture":"#0"},"south":{"uv":[13.5,0.5,15.5,2.5],"texture":"#0"},"west":{"uv":[13.5,0.5,15.5,2.5],"texture":"#0"},"up":{"uv":[13.5,0.5,15.5,2.5],"texture":"#0"},"down":{"uv":[13.5,0.5,15.5,2.5],"texture":"#0"}}},{"from":[4.75,2.25,7.5],"to":[11.25,5.75,13.5],"rotation":{"angle":22.5,"axis":"x","origin":[4.75,5.75,7.5]},"faces":{"north":{"uv":[13.5,0.5,15.5,2.5],"texture":"#0"},"east":{"uv":[13.5,0.5,15.5,2.5],"texture":"#0"},"south":{"uv":[13.5,0.5,15.5,2.5],"texture":"#0"},"west":{"uv":[13.5,0.5,15.5,2.5],"texture":"#0"},"up":{"uv":[13.5,0.5,15.5,2.5],"texture":"#0"},"down":{"uv":[13.5,0.5,15.5,2.5],"texture":"#0"}}},{"from":[5.5,-1.25,6.5],"to":[10.5,2.75,10.25],"rotation":{"angle":-22.5,"axis":"x","origin":[5.5,2.75,6.5]},"faces":{"north":{"uv":[13.5,0.5,15.5,2.5],"texture":"#0"},"east":{"uv":[13.5,0.5,15.5,2.5],"texture":"#0"},"south":{"uv":[13.5,0.5,15.5,2.5],"texture":"#0"},"west":{"uv":[13.5,0.5,15.5,2.5],"texture":"#0"},"up":{"uv":[13.5,0.5,15.5,2.5],"texture":"#0"},"down":{"uv":[13.5,0.5,15.5,2.5],"texture":"#0"}}},{"from":[2.75,1.5,9.75],"to":[5,3,11.25],"rotation":{"angle":22.5,"axis":"z","origin":[2.75,3,9.75]},"faces":{"north":{"uv":[13.5,0.5,15.5,2.5],"texture":"#0"},"east":{"uv":[13.5,0.5,15.5,2.5],"texture":"#0"},"south":{"uv":[13.5,0.5,15.5,2.5],"texture":"#0"},"west":{"uv":[13.5,0.5,15.5,2.5],"texture":"#0"},"up":{"uv":[13.5,0.5,15.5,2.5],"texture":"#0"},"down":{"uv":[13.5,0.5,15.5,2.5],"texture":"#0"}}},{"from":[11,2.25,9.75],"to":[13.25,3.75,11.25],"rotation":{"angle":-22.5,"axis":"z","origin":[11,3.75,9.75]},"faces":{"north":{"uv":[13.5,0.5,15.5,2.5],"texture":"#0"},"east":{"uv":[13.5,0.5,15.5,2.5],"texture":"#0"},"south":{"uv":[13.5,0.5,15.5,2.5],"texture":"#0"},"west":{"uv":[13.5,0.5,15.5,2.5],"texture":"#0"},"up":{"uv":[13.5,0.5,15.5,2.5],"texture":"#0"},"down":{"uv":[13.5,0.5,15.5,2.5],"texture":"#0"}}},{"from":[4.25,4.5,17.25],"to":[11.75,15.25,17.3125],"faces":{"north":{"uv":[3.75,0,9.25,10.5],"texture":"#0"},"south":{"uv":[3.75,0,9.25,10.5],"texture":"#0"}}},{"from":[-1.01831,4.5,12],"to":[6.48169,15.25,12.0625],"rotation":{"angle":-45,"axis":"y","origin":[-1.01831,4.5,12]},"faces":{"north":{"uv":[4.25,0,0,10.5],"texture":"#0"},"south":{"uv":[0,0,4.25,10.5],"texture":"#0"}}},{"from":[11.6875,4.5,17.3125],"to":[19.1875,15.25,17.375],"rotation":{"angle":45,"axis":"y","origin":[11.6875,4.5,17.3125]},"faces":{"north":{"uv":[0,0,4.25,10.5],"texture":"#0"},"south":{"uv":[4.25,0,0,10.5],"texture":"#0"}}},{"from":[7.25,17.0625,13.675],"to":[8.75,17.125,16.875],"rotation":{"angle":45,"axis":"x","origin":[7.25,17.125,13.375]},"faces":{"up":{"uv":[7.25,11.5,5.75,12.75],"texture":"#0"},"down":{"uv":[7.25,12.75,5.75,11.5],"texture":"#0"}}},{"from":[4.25,10.7886,15.6875],"to":[11.75,14.7886,15.75],"rotation":{"angle":-22.5,"axis":"x","origin":[4.25,14.7886,15.6875]},"faces":{"north":{"uv":[4,12.25,9,16],"texture":"#0"},"south":{"uv":[4,12.25,9,16],"texture":"#0"}}},{"from":[3.9375,8.5625,7.5],"to":[12.0625,8.9375,15.5],"rotation":{"angle":22.5,"axis":"x","origin":[3.9375,8.9375,7.5]},"faces":{"north":{"uv":[4.5,4,5,4.25],"texture":"#0"},"east":{"uv":[4.5,3.75,5,4.25],"texture":"#0"},"south":{"uv":[4.5,4,5,4.25],"texture":"#0"},"west":{"uv":[4.5,3.75,5,4.25],"texture":"#0"},"up":{"uv":[4.5,3.75,5,4.25],"texture":"#0"},"down":{"uv":[4.5,3.75,5,4.25],"texture":"#0"}}},{"from":[4.1875,5.375,6.625],"to":[11.8125,5.6875,14.1875],"rotation":{"angle":22.5,"axis":"x","origin":[4.1875,5.6875,6.625]},"faces":{"north":{"uv":[4.5,4,5,4.25],"texture":"#0"},"east":{"uv":[4.5,3.75,5,4.25],"texture":"#0"},"south":{"uv":[4.5,4,5,4.25],"texture":"#0"},"west":{"uv":[4.5,3.75,5,4.25],"texture":"#0"},"up":{"uv":[4.5,3.75,5,4.25],"texture":"#0"},"down":{"uv":[4.5,3.75,5,4.25],"texture":"#0"}}}],"display":{"head":{"rotation":[0,180,0],"translation":[0,-26,4.35],"scale":[2,2,2]},"gui":{"rotation":[30,-50,0],"translation":[3,1.5,0]},"thirdperson_righthand":{"scale":[0,0,0]},"thirdperson_lefthand":{"scale":[0,0,0]},"firstperson_righthand":{"scale":[0,0,0]},"firstperson_lefthand":{"scale":[0,0,0]}}}