{"credit":"Made by MadstonMagic, using Cubik Pro & Blockbench","textures":{"texture":"pokemon_skins/regular/ho_oh/ho_oh","tail":"pokemon_skins/regular/ho_oh/tail","wing1":"pokemon_skins/regular/ho_oh/wing1","wing2":"pokemon_skins/regular/ho_oh/wing2","wing3":"pokemon_skins/regular/ho_oh/wing3","wing4":"pokemon_skins/regular/ho_oh/wing4","particle":"pokemon_skins/regular/ho_oh/details"},"elements":[{"from":[5.5,6.5,6.5],"to":[10.5,8.5,10.5],"faces":{"north":{"uv":[1.5,1,5.5,5],"texture":"#texture"},"east":{"uv":[1.5,1.5,5.5,5.5],"texture":"#texture"},"south":{"uv":[1.5,2,5.5,6],"texture":"#texture"},"west":{"uv":[2,1.5,6,5.5],"texture":"#texture"},"up":{"uv":[2.5,2,6.5,6],"texture":"#texture"},"down":{"uv":[2.5,1,6.5,5],"texture":"#texture"}}},{"from":[5.5,6.5,5.5],"to":[10.5,7.5,11.5],"faces":{"north":{"uv":[1.5,1,5.5,5],"texture":"#texture"},"east":{"uv":[1.5,1.5,5.5,5.5],"texture":"#texture"},"south":{"uv":[1.5,2,5.5,6],"texture":"#texture"},"west":{"uv":[2,1.5,6,5.5],"texture":"#texture"},"up":{"uv":[2.5,2,6.5,6],"texture":"#texture"},"down":{"uv":[2.5,1,6.5,5],"texture":"#texture"}}},{"from":[4.5,6.5,6.5],"to":[11.5,7.5,10.5],"faces":{"north":{"uv":[1.5,1,5.5,5],"texture":"#texture"},"east":{"uv":[1.5,1.5,5.5,5.5],"texture":"#texture"},"south":{"uv":[1.5,2,5.5,6],"texture":"#texture"},"west":{"uv":[2,1.5,6,5.5],"texture":"#texture"},"up":{"uv":[2.5,2,6.5,6],"texture":"#texture"},"down":{"uv":[2.5,1,6.5,5],"texture":"#texture"}}},{"from":[5.5,4.5,5.5],"to":[10.5,6.5,11.5],"faces":{"north":{"uv":[6.5,13.5,8.5,15.5],"texture":"#texture"},"east":{"uv":[7,13.5,9,15.5],"texture":"#texture"},"south":{"uv":[7,13.5,9,15.5],"texture":"#texture"},"west":{"uv":[7,13.5,9,15.5],"texture":"#texture"},"up":{"uv":[7,13.5,9,15.5],"texture":"#texture"},"down":{"uv":[7,13.5,9,15.5],"texture":"#texture"}}},{"from":[4.5,4.5,6.5],"to":[5,6.5,7],"faces":{"north":{"uv":[6.5,13.5,8.5,15.5],"texture":"#texture"},"east":{"uv":[7,13.5,9,15.5],"texture":"#texture"},"south":{"uv":[7,13.5,9,15.5],"texture":"#texture"},"west":{"uv":[7,13.5,9,15.5],"texture":"#texture"},"up":{"uv":[7,13.5,9,15.5],"texture":"#texture"},"down":{"uv":[7,13.5,9,15.5],"texture":"#texture"}}},{"from":[5.5,3.5,6.5],"to":[10.5,5.5,10.5],"faces":{"north":{"uv":[6.5,13.5,8.5,15.5],"texture":"#texture"},"east":{"uv":[7,13.5,9,15.5],"texture":"#texture"},"south":{"uv":[7,13.5,9,15.5],"texture":"#texture"},"west":{"uv":[7,13.5,9,15.5],"texture":"#texture"},"up":{"uv":[7,13.5,9,15.5],"texture":"#texture"},"down":{"uv":[7,13.5,9,15.5],"texture":"#texture"}}},{"from":[11,4.5,6.5],"to":[11.5,6.5,10.5],"faces":{"north":{"uv":[6.5,13.5,8.5,15.5],"texture":"#texture"},"east":{"uv":[7,13.5,9,15.5],"texture":"#texture"},"south":{"uv":[7,13.5,9,15.5],"texture":"#texture"},"west":{"uv":[7,13.5,9,15.5],"texture":"#texture"},"up":{"uv":[7,13.5,9,15.5],"texture":"#texture"},"down":{"uv":[7,13.5,9,15.5],"texture":"#texture"}}},{"from":[4.5,4.5,10],"to":[5,6.5,10.5],"faces":{"north":{"uv":[6.5,13.5,8.5,15.5],"texture":"#texture"},"east":{"uv":[7,13.5,9,15.5],"texture":"#texture"},"south":{"uv":[7,13.5,9,15.5],"texture":"#texture"},"west":{"uv":[7,13.5,9,15.5],"texture":"#texture"},"up":{"uv":[7,13.5,9,15.5],"texture":"#texture"},"down":{"uv":[7,13.5,9,15.5],"texture":"#texture"}}},{"from":[4.5,4.5,7],"to":[5,6,7.5],"faces":{"north":{"uv":[6.5,13.5,8.5,15.5],"texture":"#texture"},"east":{"uv":[7,13.5,9,15.5],"texture":"#texture"},"south":{"uv":[7,13.5,9,15.5],"texture":"#texture"},"west":{"uv":[7,13.5,9,15.5],"texture":"#texture"},"up":{"uv":[7,13.5,9,15.5],"texture":"#texture"},"down":{"uv":[7,13.5,9,15.5],"texture":"#texture"}}},{"from":[4.5,4.5,9.5],"to":[5,6,10],"faces":{"north":{"uv":[6.5,13.5,8.5,15.5],"texture":"#texture"},"east":{"uv":[7,13.5,9,15.5],"texture":"#texture"},"south":{"uv":[7,13.5,9,15.5],"texture":"#texture"},"west":{"uv":[7,13.5,9,15.5],"texture":"#texture"},"up":{"uv":[7,13.5,9,15.5],"texture":"#texture"},"down":{"uv":[7,13.5,9,15.5],"texture":"#texture"}}},{"from":[4.5,4.5,7.5],"to":[5,5.5,9.5],"faces":{"north":{"uv":[6.5,13.5,8.5,15.5],"texture":"#texture"},"east":{"uv":[7,13.5,9,15.5],"texture":"#texture"},"south":{"uv":[7,13.5,9,15.5],"texture":"#texture"},"west":{"uv":[7,13.5,9,15.5],"texture":"#texture"},"up":{"uv":[7,13.5,9,15.5],"texture":"#texture"},"down":{"uv":[7,13.5,9,15.5],"texture":"#texture"}}},{"from":[4.5,6,7],"to":[9.5,6.5,10],"faces":{"north":{"uv":[1.5,1,5.5,5],"texture":"#texture"},"east":{"uv":[1.5,1.5,5.5,5.5],"texture":"#texture"},"south":{"uv":[1.5,2,5.5,6],"texture":"#texture"},"west":{"uv":[2,1.5,6,5.5],"texture":"#texture"},"up":{"uv":[2.5,2,6.5,6],"texture":"#texture"},"down":{"uv":[2.5,1,6.5,5],"texture":"#texture"}}},{"from":[4.5,5.5,7.5],"to":[9.5,6,9.5],"faces":{"north":{"uv":[1.5,1,5.5,5],"texture":"#texture"},"east":{"uv":[1.5,1.5,5.5,5.5],"texture":"#texture"},"south":{"uv":[1.5,2,5.5,6],"texture":"#texture"},"west":{"uv":[2,1.5,6,5.5],"texture":"#texture"},"up":{"uv":[2.5,2,6.5,6],"texture":"#texture"},"down":{"uv":[2.5,1,6.5,5],"texture":"#texture"}}},{"from":[5.5,6,5.5],"to":[10.5,7.5,6.9375],"rotation":{"angle":-45,"axis":"x","origin":[5.5,7.5,5.5]},"faces":{"north":{"uv":[1.5,1,5.5,5],"texture":"#texture"},"east":{"uv":[1.5,1.5,5.5,5.5],"texture":"#texture"},"south":{"uv":[1.5,2,5.5,6],"texture":"#texture"},"west":{"uv":[2,1.5,6,5.5],"texture":"#texture"},"up":{"uv":[2.5,2,6.5,6],"texture":"#texture"},"down":{"uv":[2.5,1,6.5,5],"texture":"#texture"}}},{"from":[4.5,6,6.5],"to":[5.9375,7.5,10.5],"rotation":{"angle":45,"axis":"z","origin":[4.5,7.5,6.5]},"faces":{"north":{"uv":[1.5,1,5.5,5],"texture":"#texture"},"east":{"uv":[1.5,1.5,5.5,5.5],"texture":"#texture"},"south":{"uv":[1.5,2,5.5,6],"texture":"#texture"},"west":{"uv":[2,1.5,6,5.5],"texture":"#texture"},"up":{"uv":[2.5,2,6.5,6],"texture":"#texture"},"down":{"uv":[2.5,1,6.5,5],"texture":"#texture"}}},{"from":[10.5,7,6.5],"to":[11.9375,8.5,10.5],"rotation":{"angle":-45,"axis":"z","origin":[10.5,8.5,6.5]},"faces":{"north":{"uv":[1.5,1,5.5,5],"texture":"#texture"},"east":{"uv":[1.5,1.5,5.5,5.5],"texture":"#texture"},"south":{"uv":[1.5,2,5.5,6],"texture":"#texture"},"west":{"uv":[2,1.5,6,5.5],"texture":"#texture"},"up":{"uv":[2.5,2,6.5,6],"texture":"#texture"},"down":{"uv":[2.5,1,6.5,5],"texture":"#texture"}}},{"from":[9.425,3.0425,6.5],"to":[10.8625,4.5425,10.5],"rotation":{"angle":45,"axis":"z","origin":[9.425,4.5425,6.5]},"faces":{"north":{"uv":[6.5,13.5,8.5,15.5],"texture":"#texture"},"east":{"uv":[7,13.5,9,15.5],"texture":"#texture"},"south":{"uv":[7,13.5,9,15.5],"texture":"#texture"},"west":{"uv":[7,13.5,9,15.5],"texture":"#texture"},"up":{"uv":[7,13.5,9,15.5],"texture":"#texture"},"down":{"uv":[7,13.5,9,15.5],"texture":"#texture"}}},{"from":[5.545,4.065,6.5],"to":[6.9825,5.565,10.5],"rotation":{"angle":-45,"axis":"z","origin":[5.545,5.565,6.5]},"faces":{"north":{"uv":[6.5,13.5,8.5,15.5],"texture":"#texture"},"east":{"uv":[7,13.5,9,15.5],"texture":"#texture"},"south":{"uv":[7,13.5,9,15.5],"texture":"#texture"},"west":{"uv":[7,13.5,9,15.5],"texture":"#texture"},"up":{"uv":[7,13.5,9,15.5],"texture":"#texture"},"down":{"uv":[7,13.5,9,15.5],"texture":"#texture"}}},{"from":[5.5,7,10.5],"to":[10.5,8.5,11.9375],"rotation":{"angle":45,"axis":"x","origin":[5.5,8.5,10.5]},"faces":{"north":{"uv":[1.5,1,5.5,5],"texture":"#texture"},"east":{"uv":[1.5,1.5,5.5,5.5],"texture":"#texture"},"south":{"uv":[1.5,2,5.5,6],"texture":"#texture"},"west":{"uv":[2,1.5,6,5.5],"texture":"#texture"},"up":{"uv":[2.5,2,6.5,6],"texture":"#texture"},"down":{"uv":[2.5,1,6.5,5],"texture":"#texture"}}},{"from":[5.5,3.0625,9.4575],"to":[10.5,4.5625,10.8325],"rotation":{"angle":-45,"axis":"x","origin":[5.5,4.5625,9.4575]},"faces":{"north":{"uv":[6.5,13.5,8.5,15.5],"texture":"#texture"},"east":{"uv":[7,13.5,9,15.5],"texture":"#texture"},"south":{"uv":[7,13.5,9,15.5],"texture":"#texture"},"west":{"uv":[7,13.5,9,15.5],"texture":"#texture"},"up":{"uv":[7,13.5,9,15.5],"texture":"#texture"},"down":{"uv":[7,13.5,9,15.5],"texture":"#texture"}}},{"from":[5.5,4.0575,6.565],"to":[10.5,5.5575,7.94],"rotation":{"angle":45,"axis":"x","origin":[5.5,5.5575,6.565]},"faces":{"north":{"uv":[6.5,13.5,8.5,15.5],"texture":"#texture"},"east":{"uv":[7,13.5,9,15.5],"texture":"#texture"},"south":{"uv":[7,13.5,9,15.5],"texture":"#texture"},"west":{"uv":[7,13.5,9,15.5],"texture":"#texture"},"up":{"uv":[7,13.5,9,15.5],"texture":"#texture"},"down":{"uv":[7,13.5,9,15.5],"texture":"#texture"}}},{"from":[4.5,6.5,6.5],"to":[5.9375,7.5,7.5],"rotation":{"angle":45,"axis":"y","origin":[4.5,6.5,6.5]},"faces":{"north":{"uv":[1.5,1,5.5,5],"texture":"#texture"},"east":{"uv":[1.5,1.5,5.5,5.5],"texture":"#texture"},"south":{"uv":[1.5,2,5.5,6],"texture":"#texture"},"west":{"uv":[2,1.5,6,5.5],"texture":"#texture"},"up":{"uv":[2.5,2,6.5,6],"texture":"#texture"},"down":{"uv":[2.5,1,6.5,5],"texture":"#texture"}}},{"from":[10.5,6.5,5.5],"to":[11.9375,7.5,6.5],"rotation":{"angle":-45,"axis":"y","origin":[10.5,6.5,5.5]},"faces":{"north":{"uv":[1.5,1,5.5,5],"texture":"#texture"},"east":{"uv":[1.5,1.5,5.5,5.5],"texture":"#texture"},"south":{"uv":[1.5,2,5.5,6],"texture":"#texture"},"west":{"uv":[2,1.5,6,5.5],"texture":"#texture"},"up":{"uv":[2.5,2,6.5,6],"texture":"#texture"},"down":{"uv":[2.5,1,6.5,5],"texture":"#texture"}}},{"from":[9.7925,6.5,10.8],"to":[11.23,7.5,11.8],"rotation":{"angle":45,"axis":"y","origin":[9.7925,6.5,10.8]},"faces":{"north":{"uv":[1.5,1,5.5,5],"texture":"#texture"},"east":{"uv":[1.5,1.5,5.5,5.5],"texture":"#texture"},"south":{"uv":[1.5,2,5.5,6],"texture":"#texture"},"west":{"uv":[2,1.5,6,5.5],"texture":"#texture"},"up":{"uv":[2.5,2,6.5,6],"texture":"#texture"},"down":{"uv":[2.5,1,6.5,5],"texture":"#texture"}}},{"from":[5.2075,6.5,9.7925],"to":[6.645,7.5,10.7925],"rotation":{"angle":-45,"axis":"y","origin":[5.2075,6.5,9.7925]},"faces":{"north":{"uv":[1.5,1,5.5,5],"texture":"#texture"},"east":{"uv":[1.5,1.5,5.5,5.5],"texture":"#texture"},"south":{"uv":[1.5,2,5.5,6],"texture":"#texture"},"west":{"uv":[2,1.5,6,5.5],"texture":"#texture"},"up":{"uv":[2.5,2,6.5,6],"texture":"#texture"},"down":{"uv":[2.5,1,6.5,5],"texture":"#texture"}}},{"from":[4.5,4.5,6.5],"to":[5.9375,6.5,7.5],"rotation":{"angle":45,"axis":"y","origin":[4.5,4.5,6.5]},"faces":{"north":{"uv":[6.5,13.5,8.5,15.5],"texture":"#texture"},"east":{"uv":[7,13.5,9,15.5],"texture":"#texture"},"south":{"uv":[7,13.5,9,15.5],"texture":"#texture"},"west":{"uv":[7,13.5,9,15.5],"texture":"#texture"},"up":{"uv":[7,13.5,9,15.5],"texture":"#texture"},"down":{"uv":[7,13.5,9,15.5],"texture":"#texture"}}},{"from":[10.5,4.5,5.5],"to":[11.9375,6.5,6.5],"rotation":{"angle":-45,"axis":"y","origin":[10.5,4.5,5.5]},"faces":{"north":{"uv":[6.5,13.5,8.5,15.5],"texture":"#texture"},"east":{"uv":[7,13.5,9,15.5],"texture":"#texture"},"south":{"uv":[7,13.5,9,15.5],"texture":"#texture"},"west":{"uv":[7,13.5,9,15.5],"texture":"#texture"},"up":{"uv":[7,13.5,9,15.5],"texture":"#texture"},"down":{"uv":[7,13.5,9,15.5],"texture":"#texture"}}},{"from":[9.7925,4.5,10.8],"to":[11.23,6.5,11.8],"rotation":{"angle":45,"axis":"y","origin":[9.7925,4.5,10.8]},"faces":{"north":{"uv":[6.5,13.5,8.5,15.5],"texture":"#texture"},"east":{"uv":[7,13.5,9,15.5],"texture":"#texture"},"south":{"uv":[7,13.5,9,15.5],"texture":"#texture"},"west":{"uv":[7,13.5,9,15.5],"texture":"#texture"},"up":{"uv":[7,13.5,9,15.5],"texture":"#texture"},"down":{"uv":[7,13.5,9,15.5],"texture":"#texture"}}},{"from":[5.2075,4.5,9.7925],"to":[6.645,6.5,10.7925],"rotation":{"angle":-45,"axis":"y","origin":[5.2075,4.5,9.7925]},"faces":{"north":{"uv":[6.5,13.5,8.5,15.5],"texture":"#texture"},"east":{"uv":[7,13.5,9,15.5],"texture":"#texture"},"south":{"uv":[7,13.5,9,15.5],"texture":"#texture"},"west":{"uv":[7,13.5,9,15.5],"texture":"#texture"},"up":{"uv":[7,13.5,9,15.5],"texture":"#texture"},"down":{"uv":[7,13.5,9,15.5],"texture":"#texture"}}},{"from":[3,7.5,7.5],"to":[5.5,9,9.5],"rotation":{"angle":-22.5,"axis":"z","origin":[3,9,7.5]},"faces":{"north":{"uv":[1.5,1,5.5,5],"texture":"#texture"},"east":{"uv":[1.5,1.5,5.5,5.5],"texture":"#texture"},"south":{"uv":[1.5,2,5.5,6],"texture":"#texture"},"west":{"uv":[2,1.5,6,5.5],"texture":"#texture"},"up":{"uv":[2.5,2,6.5,6],"texture":"#texture"},"down":{"uv":[2.5,1,6.5,5],"texture":"#texture"}}},{"from":[2,7.5,7.5],"to":[3,9,9.5],"faces":{"north":{"uv":[1.5,1,5.5,5],"texture":"#texture"},"east":{"uv":[1.5,1.5,5.5,5.5],"texture":"#texture"},"south":{"uv":[1.5,2,5.5,6],"texture":"#texture"},"west":{"uv":[2,1.5,6,5.5],"texture":"#texture"},"up":{"uv":[2.5,2,6.5,6],"texture":"#texture"},"down":{"uv":[2.5,1,6.5,5],"texture":"#texture"}}},{"from":[0,7.5,7.5],"to":[1.5,9,9.5],"faces":{"north":{"uv":[1.5,1,5.5,5],"texture":"#texture"},"east":{"uv":[1.5,1.5,5.5,5.5],"texture":"#texture"},"south":{"uv":[1.5,2,5.5,6],"texture":"#texture"},"west":{"uv":[2,1.5,6,5.5],"texture":"#texture"},"up":{"uv":[2.5,2,6.5,6],"texture":"#texture"},"down":{"uv":[2.5,1,6.5,5],"texture":"#texture"}}},{"from":[1.5,7.495,7.5],"to":[2,9.005,8],"faces":{"north":{"uv":[1,9,3.5,11.5],"texture":"#texture"},"east":{"uv":[1,9,3.5,11.5],"texture":"#texture"},"south":{"uv":[1,9,3.5,11.5],"texture":"#texture"},"west":{"uv":[1,9,3.5,11.5],"texture":"#texture"},"up":{"uv":[1,9,3.5,11.5],"texture":"#texture"},"down":{"uv":[1,9,3.5,11.5],"texture":"#texture"}}},{"from":[2,7.495,7.5],"to":[3,9.005,8],"rotation":{"angle":-45,"axis":"y","origin":[2,7.495,7.5]},"faces":{"north":{"uv":[1,9,3.5,11.5],"texture":"#texture"},"east":{"uv":[1,9,3.5,11.5],"texture":"#texture"},"south":{"uv":[1,9,3.5,11.5],"texture":"#texture"},"west":{"uv":[1,9,3.5,11.5],"texture":"#texture"},"up":{"uv":[1,9,3.5,11.5],"texture":"#texture"},"down":{"uv":[1,9,3.5,11.5],"texture":"#texture"}}},{"from":[1.625,7.495,9.125],"to":[2.625,9.005,9.625],"rotation":{"angle":45,"axis":"y","origin":[1.625,7.495,9.125]},"faces":{"north":{"uv":[1,9,3.5,11.5],"texture":"#texture"},"east":{"uv":[1,9,3.5,11.5],"texture":"#texture"},"south":{"uv":[1,9,3.5,11.5],"texture":"#texture"},"west":{"uv":[1,9,3.5,11.5],"texture":"#texture"},"up":{"uv":[1,9,3.5,11.5],"texture":"#texture"},"down":{"uv":[1,9,3.5,11.5],"texture":"#texture"}}},{"from":[2.625,7.495,8.125],"to":[3.125,9.005,8.625],"rotation":{"angle":-45,"axis":"y","origin":[2.625,7.495,8.125]},"faces":{"north":{"uv":[1,9,3.5,11.5],"texture":"#texture"},"east":{"uv":[1,9,3.5,11.5],"texture":"#texture"},"south":{"uv":[1,9,3.5,11.5],"texture":"#texture"},"west":{"uv":[1,9,3.5,11.5],"texture":"#texture"},"up":{"uv":[1,9,3.5,11.5],"texture":"#texture"},"down":{"uv":[1,9,3.5,11.5],"texture":"#texture"}}},{"from":[2,7.495,8],"to":[2.4375,9.005,8.9375],"faces":{"north":{"uv":[1,9,3.5,11.5],"texture":"#texture"},"east":{"uv":[1,9,3.5,11.5],"texture":"#texture"},"south":{"uv":[1,9,3.5,11.5],"texture":"#texture"},"west":{"uv":[1,9,3.5,11.5],"texture":"#texture"},"up":{"uv":[1,9,3.5,11.5],"texture":"#texture"},"down":{"uv":[1,9,3.5,11.5],"texture":"#texture"}}},{"from":[1.5,7.495,9],"to":[2,9.005,9.5],"faces":{"north":{"uv":[1,9,3.5,11.5],"texture":"#texture"},"east":{"uv":[1,9,3.5,11.5],"texture":"#texture"},"south":{"uv":[1,9,3.5,11.5],"texture":"#texture"},"west":{"uv":[1,9,3.5,11.5],"texture":"#texture"},"up":{"uv":[1,9,3.5,11.5],"texture":"#texture"},"down":{"uv":[1,9,3.5,11.5],"texture":"#texture"}}},{"from":[1.5,7.5,8],"to":[2,9,9],"faces":{"north":{"uv":[1.5,1,5.5,5],"texture":"#texture"},"east":{"uv":[1.5,1.5,5.5,5.5],"texture":"#texture"},"south":{"uv":[1.5,2,5.5,6],"texture":"#texture"},"west":{"uv":[2,1.5,6,5.5],"texture":"#texture"},"up":{"uv":[2.5,2,6.5,6],"texture":"#texture"},"down":{"uv":[2.5,1,6.5,5],"texture":"#texture"}}},{"from":[1.855,7.495,7.635],"to":[2.855,9.005,8.135],"rotation":{"angle":-45,"axis":"y","origin":[1.855,7.495,7.635]},"faces":{"north":{"uv":[1,9,3.5,11.5],"texture":"#texture"},"east":{"uv":[1,9,3.5,11.5],"texture":"#texture"},"south":{"uv":[1,9,3.5,11.5],"texture":"#texture"},"west":{"uv":[1,9,3.5,11.5],"texture":"#texture"},"up":{"uv":[1,9,3.5,11.5],"texture":"#texture"},"down":{"uv":[1,9,3.5,11.5],"texture":"#texture"}}},{"from":[1.5,7.495,9],"to":[2.5,9.005,9.5],"rotation":{"angle":45,"axis":"y","origin":[1.5,7.495,9]},"faces":{"north":{"uv":[1,9,3.5,11.5],"texture":"#texture"},"east":{"uv":[1,9,3.5,11.5],"texture":"#texture"},"south":{"uv":[1,9,3.5,11.5],"texture":"#texture"},"west":{"uv":[1,9,3.5,11.5],"texture":"#texture"},"up":{"uv":[1,9,3.5,11.5],"texture":"#texture"},"down":{"uv":[1,9,3.5,11.5],"texture":"#texture"}}},{"from":[-2.5,7.25,7.5],"to":[0.75,9.25,9.5],"faces":{"north":{"uv":[1.5,1,5.5,5],"texture":"#texture"},"east":{"uv":[1.5,1.5,5.5,5.5],"texture":"#texture"},"south":{"uv":[1.5,2,5.5,6],"texture":"#texture"},"west":{"uv":[2,1.5,6,5.5],"texture":"#texture"},"up":{"uv":[2.5,2,6.5,6],"texture":"#texture"},"down":{"uv":[2.5,1,6.5,5],"texture":"#texture"}}},{"from":[-3.4375,7.15,7.2875],"to":[-2.4875,8.1,9.6625],"rotation":{"angle":45,"axis":"z","origin":[-3.4375,8.1,7.2875]},"faces":{"north":{"uv":[6,9,8.75,11.75],"texture":"#texture"},"east":{"uv":[6.25,9,8.25,10.75],"texture":"#texture"},"south":{"uv":[6,9,8.75,11.25],"texture":"#texture"},"west":{"uv":[5.75,9.25,8.5,12],"texture":"#texture"},"up":{"uv":[5.5,8.75,8.5,11],"texture":"#texture"},"down":{"uv":[6,9,8.5,11.5],"texture":"#texture"}}},{"from":[-2.25,7,7.75],"to":[0.5,9.5,9.25],"faces":{"north":{"uv":[1.5,1,5.5,5],"texture":"#texture"},"east":{"uv":[1.5,1.5,5.5,5.5],"texture":"#texture"},"south":{"uv":[1.5,2,5.5,6],"texture":"#texture"},"west":{"uv":[2,1.5,6,5.5],"texture":"#texture"},"up":{"uv":[2.5,2,6.5,6],"texture":"#texture"},"down":{"uv":[2.5,1,6.5,5],"texture":"#texture"}}},{"from":[-2.375,7.375,9.4425],"to":[-0.375,8.625,9.505],"rotation":{"angle":22.5,"axis":"z","origin":[-2.375,8.625,9.4425]},"faces":{"south":{"uv":[14.25,0.25,0,8],"texture":"#particle"}}},{"from":[0.5,9,7.75],"to":[1.4375,9.5,9.25],"rotation":{"angle":-45,"axis":"z","origin":[0.5,9.5,7.75]},"faces":{"north":{"uv":[1.5,1,5.5,5],"texture":"#texture"},"east":{"uv":[1.5,1.5,5.5,5.5],"texture":"#texture"},"south":{"uv":[1.5,2,5.5,6],"texture":"#texture"},"west":{"uv":[2,1.5,6,5.5],"texture":"#texture"},"up":{"uv":[2.5,2,6.5,6],"texture":"#texture"},"down":{"uv":[2.5,1,6.5,5],"texture":"#texture"}}},{"from":[0.165,6.865,7.75],"to":[1.1025,7.365,9.25],"rotation":{"angle":45,"axis":"z","origin":[0.165,7.365,7.75]},"faces":{"north":{"uv":[1.5,1,5.5,5],"texture":"#texture"},"east":{"uv":[1.5,1.5,5.5,5.5],"texture":"#texture"},"south":{"uv":[1.5,2,5.5,6],"texture":"#texture"},"west":{"uv":[2,1.5,6,5.5],"texture":"#texture"},"up":{"uv":[2.5,2,6.5,6],"texture":"#texture"},"down":{"uv":[2.5,1,6.5,5],"texture":"#texture"}}},{"from":[-2.25,9.5,7.75],"to":[-1.75,11.5,9.25],"faces":{"north":{"uv":[6,9,8.75,11.75],"texture":"#texture"},"east":{"uv":[6.25,9,8.25,10.75],"texture":"#texture"},"south":{"uv":[6,9,8.75,11.25],"texture":"#texture"},"west":{"uv":[5.75,9.25,8.5,12],"texture":"#texture"},"up":{"uv":[5.5,8.75,8.5,11],"texture":"#texture"},"down":{"uv":[6,9,8.5,11.5],"texture":"#texture"}}},{"from":[-2.25,11.25,7.75],"to":[-1.5,12,9.25],"rotation":{"angle":-45,"axis":"z","origin":[-2.25,12,7.75]},"faces":{"north":{"uv":[6,9,8.75,11.75],"texture":"#texture"},"east":{"uv":[6.25,9,8.25,10.75],"texture":"#texture"},"south":{"uv":[6,9,8.75,11.25],"texture":"#texture"},"west":{"uv":[5.75,9.25,8.5,12],"texture":"#texture"},"up":{"uv":[5.5,8.75,8.5,11],"texture":"#texture"},"down":{"uv":[6,9,8.5,11.5],"texture":"#texture"}}},{"from":[-1.6875,9.5,7.75],"to":[-1.1875,11.5,9.25],"faces":{"north":{"uv":[6,9,8.75,11.75],"texture":"#texture"},"east":{"uv":[6.25,9,8.25,10.75],"texture":"#texture"},"south":{"uv":[6,9,8.75,11.25],"texture":"#texture"},"west":{"uv":[5.75,9.25,8.5,12],"texture":"#texture"},"up":{"uv":[5.5,8.75,8.5,11],"texture":"#texture"},"down":{"uv":[6,9,8.5,11.5],"texture":"#texture"}}},{"from":[-1.125,9.5,7.75],"to":[-0.625,11.5,9.25],"faces":{"north":{"uv":[6,9,8.75,11.75],"texture":"#texture"},"east":{"uv":[6.25,9,8.25,10.75],"texture":"#texture"},"south":{"uv":[6,9,8.75,11.25],"texture":"#texture"},"west":{"uv":[5.75,9.25,8.5,12],"texture":"#texture"},"up":{"uv":[5.5,8.75,8.5,11],"texture":"#texture"},"down":{"uv":[6,9,8.5,11.5],"texture":"#texture"}}},{"from":[-0.5625,9.5,7.75],"to":[-0.0625,11.5,9.25],"faces":{"north":{"uv":[6,9,8.75,11.75],"texture":"#texture"},"east":{"uv":[6.25,9,8.25,10.75],"texture":"#texture"},"south":{"uv":[6,9,8.75,11.25],"texture":"#texture"},"west":{"uv":[5.75,9.25,8.5,12],"texture":"#texture"},"up":{"uv":[5.5,8.75,8.5,11],"texture":"#texture"},"down":{"uv":[6,9,8.5,11.5],"texture":"#texture"}}},{"from":[-1.75,11.3125,7.75],"to":[-1,12.0625,9.25],"rotation":{"angle":-45,"axis":"z","origin":[-1.75,12.0625,7.75]},"faces":{"north":{"uv":[6,9,8.75,11.75],"texture":"#texture"},"east":{"uv":[6.25,9,8.25,10.75],"texture":"#texture"},"south":{"uv":[6,9,8.75,11.25],"texture":"#texture"},"west":{"uv":[5.75,9.25,8.5,12],"texture":"#texture"},"up":{"uv":[5.5,8.75,8.5,11],"texture":"#texture"},"down":{"uv":[6,9,8.5,11.5],"texture":"#texture"}}},{"from":[-1.1875,11.25,7.75],"to":[-0.4375,12,9.25],"rotation":{"angle":-45,"axis":"z","origin":[-1.1875,12,7.75]},"faces":{"north":{"uv":[6,9,8.75,11.75],"texture":"#texture"},"east":{"uv":[6.25,9,8.25,10.75],"texture":"#texture"},"south":{"uv":[6,9,8.75,11.25],"texture":"#texture"},"west":{"uv":[5.75,9.25,8.5,12],"texture":"#texture"},"up":{"uv":[5.5,8.75,8.5,11],"texture":"#texture"},"down":{"uv":[6,9,8.5,11.5],"texture":"#texture"}}},{"from":[-0.625,11.3125,7.75],"to":[0.125,12.0625,9.25],"rotation":{"angle":-45,"axis":"z","origin":[-0.625,12.0625,7.75]},"faces":{"north":{"uv":[6,9,8.75,11.75],"texture":"#texture"},"east":{"uv":[6.25,9,8.25,10.75],"texture":"#texture"},"south":{"uv":[6,9,8.75,11.25],"texture":"#texture"},"west":{"uv":[5.75,9.25,8.5,12],"texture":"#texture"},"up":{"uv":[5.5,8.75,8.5,11],"texture":"#texture"},"down":{"uv":[6,9,8.5,11.5],"texture":"#texture"}}},{"from":[-2,9.5,7.75],"to":[-0.25,10.25,9.25],"faces":{"north":{"uv":[6,9,8.75,11.75],"texture":"#texture"},"east":{"uv":[6.25,9,8.25,10.75],"texture":"#texture"},"south":{"uv":[6,9,8.75,11.25],"texture":"#texture"},"west":{"uv":[5.75,9.25,8.5,12],"texture":"#texture"},"up":{"uv":[5.5,8.75,8.5,11],"texture":"#texture"},"down":{"uv":[6,9,8.5,11.5],"texture":"#texture"}}},{"from":[-2.375,7.375,7.495],"to":[-0.375,8.625,7.5575],"rotation":{"angle":22.5,"axis":"z","origin":[-2.375,8.625,7.495]},"faces":{"north":{"uv":[0,0.25,14.25,8],"texture":"#particle"}}},{"from":[11,5.9375,5.5],"to":[17,6,11.5],"rotation":{"angle":45,"axis":"z","origin":[11,6,5.5]},"faces":{"up":{"uv":[1.625,8,10.75,13.125],"rotation":90,"texture":"#tail"},"down":{"uv":[10.75,8,1.625,13.125],"rotation":90,"texture":"#tail"}}},{"from":[11.5,3,7.75],"to":[17.5,9,7.8125],"rotation":{"angle":45,"axis":"y","origin":[11.5,3,7.75]},"faces":{"north":{"uv":[10.75,8,1.75,13.125],"rotation":270,"texture":"#tail"},"south":{"uv":[1.75,8,10.75,13.125],"rotation":90,"texture":"#tail"}}},{"from":[11.4817,3,8.75],"to":[17.4817,9,8.8125],"rotation":{"angle":-45,"axis":"y","origin":[11.4817,3,8.75]},"faces":{"north":{"uv":[10.75,8,1.75,13.125],"rotation":270,"texture":"#tail"},"south":{"uv":[1.75,8,10.75,13.125],"rotation":90,"texture":"#tail"}}},{"from":[11.1875,5.6875,5.5],"to":[17.1875,5.75,11.5],"rotation":{"angle":-45,"axis":"z","origin":[11.1875,5.75,5.5]},"faces":{"up":{"uv":[1.625,8,10.75,13.125],"rotation":90,"texture":"#tail"},"down":{"uv":[10.75,8,1.625,13.125],"rotation":90,"texture":"#tail"}}},{"from":[12.5,7.1875,4.125],"to":[18.5,7.25,12.5],"rotation":{"angle":22.5,"axis":"z","origin":[12.5,7.25,4.125]},"faces":{"up":{"uv":[0.125,0.125,11.875,6.375],"rotation":90,"texture":"#tail"},"down":{"uv":[11.875,0.125,0.125,6.375],"rotation":90,"texture":"#tail"}}},{"from":[12.5,2,6.875],"to":[18.5,10,6.9375],"rotation":{"angle":22.5,"axis":"y","origin":[12.5,2,6.875]},"faces":{"north":{"uv":[11.75,0.125,0.125,6.375],"rotation":270,"texture":"#tail"},"south":{"uv":[0.125,0.125,11.875,6.5],"rotation":90,"texture":"#tail"}}},{"from":[12.75,2,9.875],"to":[18.75,10,9.9375],"rotation":{"angle":-22.5,"axis":"y","origin":[12.75,2,9.875]},"faces":{"north":{"uv":[11.75,0.125,0.125,6.375],"rotation":270,"texture":"#tail"},"south":{"uv":[0.125,0.125,11.875,6.5],"rotation":90,"texture":"#tail"}}},{"from":[12.5,4.9375,4.125],"to":[18.5,5,12.5],"rotation":{"angle":-22.5,"axis":"z","origin":[12.5,5,4.125]},"faces":{"up":{"uv":[0.125,0.125,11.875,6.375],"rotation":90,"texture":"#tail"},"down":{"uv":[11.875,0.125,0.125,6.375],"rotation":90,"texture":"#tail"}}},{"from":[3.5,6.4375,11],"to":[12.5,6.5,21],"faces":{"up":{"uv":[8.75,3.25,0.625,11.125],"rotation":270,"texture":"#wing4"},"down":{"uv":[0.625,3.25,8.75,11.125],"rotation":270,"texture":"#wing4"}}},{"from":[3.5,6.4375,-4],"to":[12.5,6.5,6],"faces":{"up":{"uv":[0.625,3.25,8.75,11.125],"rotation":270,"texture":"#wing4"},"down":{"uv":[8.75,3.25,0.625,11.125],"rotation":270,"texture":"#wing4"}}},{"from":[3.5,6.4375,21],"to":[12.5,6.5,31],"rotation":{"angle":22.5,"axis":"x","origin":[3.5,6.5,21]},"faces":{"north":{"uv":[5.5,13.1875,10.5,13.6875],"texture":"#wing4"},"east":{"uv":[8.375,13.5,12.875,14],"texture":"#wing4"},"south":{"uv":[5.75,13.0625,10.75,13.5625],"texture":"#wing4"},"west":{"uv":[8.6875,13.875,13.1875,14.375],"texture":"#wing4"},"up":{"uv":[14.0625,3.3125,8.6875,11.0625],"rotation":270,"texture":"#wing4"},"down":{"uv":[8.6875,3.25,14.125,11.0625],"rotation":270,"texture":"#wing4"}}},{"from":[3.5,2.625,-13.1875],"to":[12.5,2.6875,-3.1875],"rotation":{"angle":-22.5,"axis":"x","origin":[3.5,2.6875,-13.1875]},"faces":{"up":{"uv":[8.6875,3.3125,14.0625,11.0625],"rotation":270,"texture":"#wing4"},"down":{"uv":[14.125,3.25,8.6875,11.0625],"rotation":270,"texture":"#wing4"}}},{"from":[3.5,6.4375,11],"to":[12.5,6.5,21],"faces":{"up":{"uv":[8.75,3.25,0.625,11.125],"rotation":270,"texture":"#wing2"},"down":{"uv":[0.625,3.25,8.75,11.125],"rotation":270,"texture":"#wing2"}}},{"from":[3.5,6.4375,21],"to":[12.5,6.5,31],"rotation":{"angle":-22.5,"axis":"x","origin":[3.5,6.5,21]},"faces":{"up":{"uv":[14.0625,3.3125,8.6875,11.0625],"rotation":270,"texture":"#wing2"},"down":{"uv":[8.6875,3.25,14.125,11.0625],"rotation":270,"texture":"#wing2"}}},{"from":[3.5,6.4375,-4],"to":[12.5,6.5,6],"faces":{"up":{"uv":[0.625,3.25,8.75,11.125],"rotation":270,"texture":"#wing2"},"down":{"uv":[8.75,3.25,0.625,11.125],"rotation":270,"texture":"#wing2"}}},{"from":[3.5,10.25,-13.125],"to":[12.5,10.3125,-3.125],"rotation":{"angle":22.5,"axis":"x","origin":[3.5,10.3125,-13.125]},"faces":{"up":{"uv":[8.6875,3.3125,14.0625,11.0625],"rotation":270,"texture":"#wing2"},"down":{"uv":[14.125,3.25,8.6875,11.0625],"rotation":270,"texture":"#wing2"}}},{"from":[3.5,6.4375,11],"to":[12.5,6.5,21],"rotation":{"angle":22.5,"axis":"x","origin":[3.5,6.5,11]},"faces":{"up":{"uv":[8.75,3.25,0.625,11.125],"rotation":270,"texture":"#wing3"},"down":{"uv":[0.625,3.25,8.75,11.125],"rotation":270,"texture":"#wing3"}}},{"from":[3.5,2.625,-3.25],"to":[12.5,2.6875,6.75],"rotation":{"angle":-22.5,"axis":"x","origin":[3.5,2.6875,-3.25]},"faces":{"up":{"uv":[0.625,3.25,8.75,11.125],"rotation":270,"texture":"#wing3"},"down":{"uv":[8.75,3.25,0.625,11.125],"rotation":270,"texture":"#wing3"}}},{"from":[3.5,10.25,-3.25],"to":[12.5,10.3125,6.75],"rotation":{"angle":22.5,"axis":"x","origin":[3.5,10.3125,-3.25]},"faces":{"up":{"uv":[0.625,3.25,8.75,11.125],"rotation":270,"texture":"#wing1"},"down":{"uv":[8.75,3.25,0.625,11.125],"rotation":270,"texture":"#wing1"}}},{"from":[3.5,6.4375,11],"to":[12.5,6.5,21],"rotation":{"angle":-22.5,"axis":"x","origin":[3.5,6.5,11]},"faces":{"up":{"uv":[8.75,3.25,0.625,11.125],"rotation":270,"texture":"#wing1"},"down":{"uv":[0.625,3.25,8.75,11.125],"rotation":270,"texture":"#wing1"}}},{"from":[3.5,10.25,20.25],"to":[12.5,10.3125,30.25],"faces":{"up":{"uv":[14.0625,3.3125,8.6875,11.0625],"rotation":270,"texture":"#wing1"},"down":{"uv":[8.6875,3.25,14.125,11.0625],"rotation":270,"texture":"#wing1"}}},{"from":[3.5,2.625,20.1875],"to":[12.5,2.6875,30.1875],"faces":{"up":{"uv":[14.0625,3.3125,8.6875,11.0625],"rotation":270,"texture":"#wing3"},"down":{"uv":[8.6875,3.25,14.125,11.0625],"rotation":270,"texture":"#wing3"}}},{"from":[3.5,10.25,-13.25],"to":[12.5,10.3125,-3.25],"faces":{"up":{"uv":[8.6875,3.3125,14.0625,11.0625],"rotation":270,"texture":"#wing1"},"down":{"uv":[14.125,3.25,8.6875,11.0625],"rotation":270,"texture":"#wing1"}}},{"from":[3.5,2.625,-13.25],"to":[12.5,2.6875,-3.25],"faces":{"up":{"uv":[8.6875,3.3125,14.0625,11.0625],"rotation":270,"texture":"#wing3"},"down":{"uv":[14.125,3.25,8.6875,11.0625],"rotation":270,"texture":"#wing3"}}},{"from":[-4.0625,6.6,7.3125],"to":[-2.625,7.3125,9.6875],"rotation":{"angle":22.5,"axis":"z","origin":[-4.0625,7.3125,7.3125]},"faces":{"north":{"uv":[6,9,8.75,11.75],"texture":"#texture"},"east":{"uv":[6.25,9,8.25,10.75],"texture":"#texture"},"south":{"uv":[6,9,8.75,11.25],"texture":"#texture"},"west":{"uv":[5.75,9.25,8.5,12],"texture":"#texture"},"up":{"uv":[5.5,8.75,8.5,11],"texture":"#texture"},"down":{"uv":[6,9,8.5,11.5],"texture":"#texture"}}},{"from":[-5.8375,6.65937,7.2875],"to":[-3.7,7.37188,9.6625],"faces":{"north":{"uv":[6,9,8.75,11.75],"texture":"#texture"},"east":{"uv":[6.25,9,8.25,10.75],"texture":"#texture"},"south":{"uv":[6,9,8.75,11.25],"texture":"#texture"},"west":{"uv":[5.75,9.25,8.5,12],"texture":"#texture"},"up":{"uv":[5.5,8.75,8.5,11],"texture":"#texture"},"down":{"uv":[6,9,8.5,11.5],"texture":"#texture"}}},{"from":[-4.77,8.695,7.2875],"to":[-2.57313,9.645,9.6625],"rotation":{"angle":-22.5,"axis":"z","origin":[-4.77,9.645,7.2875]},"faces":{"north":{"uv":[6,9,8.75,11.75],"texture":"#texture"},"east":{"uv":[6.25,9,8.25,10.75],"texture":"#texture"},"south":{"uv":[6,9,8.75,11.25],"texture":"#texture"},"west":{"uv":[5.75,9.25,8.5,12],"texture":"#texture"},"up":{"uv":[5.5,8.75,8.5,11],"texture":"#texture"},"down":{"uv":[6,9,8.5,11.5],"texture":"#texture"}}},{"from":[-6.2875,8.75313,7.2875],"to":[-4.80312,9.64375,9.6625],"faces":{"north":{"uv":[6,9,8.75,11.75],"texture":"#texture"},"east":{"uv":[6.25,9,8.25,10.75],"texture":"#texture"},"south":{"uv":[6,9,8.75,11.25],"texture":"#texture"},"west":{"uv":[5.75,9.25,8.5,12],"texture":"#texture"},"up":{"uv":[5.5,8.75,8.5,11],"texture":"#texture"},"down":{"uv":[6,9,8.5,11.5],"texture":"#texture"}}},{"from":[-3.08125,7.15,7.2875],"to":[-2.13125,8.1,9.6625],"faces":{"north":{"uv":[6,9,8.75,11.75],"texture":"#texture"},"east":{"uv":[6.25,9,8.25,10.75],"texture":"#texture"},"south":{"uv":[6,9,8.75,11.25],"texture":"#texture"},"west":{"uv":[5.75,9.25,8.5,12],"texture":"#texture"},"up":{"uv":[5.5,8.75,8.5,11],"texture":"#texture"},"down":{"uv":[6,9,8.5,11.5],"texture":"#texture"}}},{"from":[-7.475,8.75313,8.46307],"to":[-5.8125,9.64375,9.47244],"rotation":{"angle":45,"axis":"y","origin":[-7.475,8.75313,8.46307]},"faces":{"north":{"uv":[6,9,8.75,11.75],"texture":"#texture"},"east":{"uv":[6.25,9,8.25,10.75],"texture":"#texture"},"south":{"uv":[6,9,8.75,11.25],"texture":"#texture"},"west":{"uv":[5.75,9.25,8.5,12],"texture":"#texture"},"up":{"uv":[5.5,8.75,8.5,11],"texture":"#texture"},"down":{"uv":[6,9,8.5,11.5],"texture":"#texture"}}},{"from":[-6.82188,8.75313,7.82188],"to":[-5.15938,9.64375,8.77187],"rotation":{"angle":-45,"axis":"y","origin":[-6.82188,8.75313,7.82188]},"faces":{"north":{"uv":[6,9,8.75,11.75],"texture":"#texture"},"east":{"uv":[6.25,9,8.25,10.75],"texture":"#texture"},"south":{"uv":[6,9,8.75,11.25],"texture":"#texture"},"west":{"uv":[5.75,9.25,8.5,12],"texture":"#texture"},"up":{"uv":[5.5,8.75,8.5,11],"texture":"#texture"},"down":{"uv":[6,9,8.5,11.5],"texture":"#texture"}}},{"from":[-7.025,6.65937,8.475],"to":[-5.3625,7.37188,9.6625],"rotation":{"angle":45,"axis":"y","origin":[-7.025,6.65937,8.475]},"faces":{"north":{"uv":[6,9,8.75,11.75],"texture":"#texture"},"east":{"uv":[6.25,9,8.25,10.75],"texture":"#texture"},"south":{"uv":[6,9,8.75,11.25],"texture":"#texture"},"west":{"uv":[5.75,9.25,8.5,12],"texture":"#texture"},"up":{"uv":[5.5,8.75,8.5,11],"texture":"#texture"},"down":{"uv":[6,9,8.5,11.5],"texture":"#texture"}}},{"from":[-6.55,6.65937,8],"to":[-4.8875,7.37188,8.65312],"rotation":{"angle":-45,"axis":"y","origin":[-6.55,6.65937,8]},"faces":{"north":{"uv":[6,9,8.75,11.75],"texture":"#texture"},"east":{"uv":[6.25,9,8.25,10.75],"texture":"#texture"},"south":{"uv":[6,9,8.75,11.25],"texture":"#texture"},"west":{"uv":[5.75,9.25,8.5,12],"texture":"#texture"},"up":{"uv":[5.5,8.75,8.5,11],"texture":"#texture"},"down":{"uv":[6,9,8.5,11.5],"texture":"#texture"}}},{"from":[-3.375,7.625,7.5],"to":[-2.125,8.375,9.5],"rotation":{"angle":45,"axis":"z","origin":[-3.375,8.375,7.5]},"faces":{"north":{"uv":[3.5,3.5,6.25,6.25],"texture":"#texture"},"east":{"uv":[3.75,3.25,5.75,5],"texture":"#texture"},"south":{"uv":[2,1.5,5,4.5],"texture":"#texture"},"west":{"uv":[3,1.75,5.75,4.5],"texture":"#texture"},"up":{"uv":[2.5,2.25,5.5,4.5],"texture":"#texture"},"down":{"uv":[3.5,1.25,6,3.75],"texture":"#texture"}}},{"from":[-4.1875,6.875,7.5],"to":[-2.6875,7.375,9.5],"rotation":{"angle":22.5,"axis":"z","origin":[-4.1875,7.375,7.5]},"faces":{"north":{"uv":[11.5,1.75,14.25,4.5],"texture":"#texture"},"east":{"uv":[12.75,1,14.75,2.75],"texture":"#texture"},"south":{"uv":[12,2,14.75,4.25],"texture":"#texture"},"west":{"uv":[11.25,1,14,3.75],"texture":"#texture"},"up":{"uv":[11.25,1.25,14.25,3.5],"texture":"#texture"},"down":{"uv":[11,2.25,13.5,4.75],"texture":"#texture"}}},{"from":[-5.75,6.875,7.5],"to":[-3.75,7.375,9.5],"faces":{"north":{"uv":[11.5,1.75,14.25,4.5],"texture":"#texture"},"east":{"uv":[12.75,1,14.75,2.75],"texture":"#texture"},"south":{"uv":[12,2,14.75,4.25],"texture":"#texture"},"west":{"uv":[11.25,1,14,3.75],"texture":"#texture"},"up":{"uv":[11.25,1.25,14.25,3.5],"texture":"#texture"},"down":{"uv":[11,2.25,13.5,4.75],"texture":"#texture"}}},{"from":[-3.125,7.3125,7.5],"to":[-2.375,8.0625,9.5],"faces":{"north":{"uv":[11.5,1.75,14.25,4.5],"texture":"#texture"},"east":{"uv":[12.75,1,14.75,2.75],"texture":"#texture"},"south":{"uv":[12,2,14.75,4.25],"texture":"#texture"},"west":{"uv":[11.25,1,14,3.75],"texture":"#texture"},"up":{"uv":[11.25,1.25,14.25,3.5],"texture":"#texture"},"down":{"uv":[11,2.25,13.5,4.75],"texture":"#texture"}}},{"from":[-2.75,7.6875,7.5],"to":[-1.75,8.6875,9.5],"rotation":{"angle":-45,"axis":"z","origin":[-2.75,8.6875,7.5]},"faces":{"north":{"uv":[11.5,1.75,14.25,4.5],"texture":"#texture"},"east":{"uv":[12.75,1,14.75,2.75],"texture":"#texture"},"south":{"uv":[12,2,14.75,4.25],"texture":"#texture"},"west":{"uv":[11.25,1,14,3.75],"texture":"#texture"},"up":{"uv":[11.25,1.25,14.25,3.5],"texture":"#texture"},"down":{"uv":[11,2.25,13.5,4.75],"texture":"#texture"}}},{"from":[-5.375,8.75,7.5],"to":[-2.875,9.25,9.5],"rotation":{"angle":-22.5,"axis":"z","origin":[-5.375,9.25,7.5]},"faces":{"north":{"uv":[11.5,1.75,14.25,4.5],"texture":"#texture"},"east":{"uv":[12.75,1,14.75,2.75],"texture":"#texture"},"south":{"uv":[12,2,14.75,4.25],"texture":"#texture"},"west":{"uv":[11.25,1,14,3.75],"texture":"#texture"},"up":{"uv":[11.25,1.25,14.25,3.5],"texture":"#texture"},"down":{"uv":[11,2.25,13.5,4.75],"texture":"#texture"}}},{"from":[-6.25,8.75,7.5],"to":[-4.75,9.25,9.5],"faces":{"north":{"uv":[11.5,1.75,14.25,4.5],"texture":"#texture"},"east":{"uv":[12.75,1,14.75,2.75],"texture":"#texture"},"south":{"uv":[12,2,14.75,4.25],"texture":"#texture"},"west":{"uv":[11.25,1,14,3.75],"texture":"#texture"},"up":{"uv":[11.25,1.25,14.25,3.5],"texture":"#texture"},"down":{"uv":[11,2.25,13.5,4.75],"texture":"#texture"}}},{"from":[-5,7.75,8],"to":[-2.75,8.25,9],"rotation":{"angle":-22.5,"axis":"z","origin":[-5,8.25,8]},"faces":{"north":{"uv":[11.75,8,14.5,10.75],"texture":"#texture"},"east":{"uv":[11.25,8.25,13.25,10],"texture":"#texture"},"south":{"uv":[12,8,14.75,10.25],"texture":"#texture"},"west":{"uv":[11.25,8.5,14,11.25],"texture":"#texture"},"up":{"uv":[10.5,7,13.5,9.25],"texture":"#texture"},"down":{"uv":[11.5,8,14,10.5],"texture":"#texture"}}},{"from":[-6,7.75,8],"to":[-5,8.25,9],"faces":{"north":{"uv":[11.75,8,14.5,10.75],"texture":"#texture"},"east":{"uv":[11.25,8.25,13.25,10],"texture":"#texture"},"south":{"uv":[12,8,14.75,10.25],"texture":"#texture"},"west":{"uv":[11.25,8.5,14,11.25],"texture":"#texture"},"up":{"uv":[10.5,7,13.5,9.25],"texture":"#texture"},"down":{"uv":[11.5,8,14,10.5],"texture":"#texture"}}},{"from":[7.75,2.5,5.5],"to":[9.75,4.75,7.25],"rotation":{"angle":22.5,"axis":"x","origin":[7.75,4.75,5.5]},"faces":{"north":{"uv":[6.5,13.5,8.5,15.5],"texture":"#texture"},"east":{"uv":[7,13.5,9,15.5],"texture":"#texture"},"south":{"uv":[7,13.5,9,15.5],"texture":"#texture"},"west":{"uv":[7,13.5,9,15.5],"texture":"#texture"},"up":{"uv":[7,13.5,9,15.5],"texture":"#texture"},"down":{"uv":[7,13.5,9,15.5],"texture":"#texture"}}},{"from":[7.75,1.8125,9.75],"to":[9.75,4.0625,11.5],"rotation":{"angle":-22.5,"axis":"x","origin":[7.75,4.0625,9.75]},"faces":{"north":{"uv":[6.5,13.5,8.5,15.5],"texture":"#texture"},"east":{"uv":[7,13.5,9,15.5],"texture":"#texture"},"south":{"uv":[7,13.5,9,15.5],"texture":"#texture"},"west":{"uv":[7,13.5,9,15.5],"texture":"#texture"},"up":{"uv":[7,13.5,9,15.5],"texture":"#texture"},"down":{"uv":[7,13.5,9,15.5],"texture":"#texture"}}},{"from":[8.75,0.75,11],"to":[9.5,3,11.75],"rotation":{"angle":-45,"axis":"z","origin":[8.75,3,11]},"faces":{"north":{"uv":[1.75,13,3.75,15],"texture":"#particle"},"east":{"uv":[1.75,12.25,3.75,14.25],"texture":"#particle"},"south":{"uv":[1.25,12,3.25,14],"texture":"#particle"},"west":{"uv":[2,12.5,4,14.5],"texture":"#particle"},"up":{"uv":[1.75,12.5,3.75,14.5],"texture":"#particle"},"down":{"uv":[1.25,12.5,3.25,14.5],"texture":"#particle"}}},{"from":[5.75,0.75,11],"to":[8.5,1.5,11.75],"faces":{"north":{"uv":[1.75,13,3.75,15],"texture":"#particle"},"east":{"uv":[1.75,12.25,3.75,14.25],"texture":"#particle"},"south":{"uv":[1.25,12,3.25,14],"texture":"#particle"},"west":{"uv":[2,12.5,4,14.5],"texture":"#particle"},"up":{"uv":[1.75,12.5,3.75,14.5],"texture":"#particle"},"down":{"uv":[1.25,12.5,3.25,14.5],"texture":"#particle"}}},{"from":[5,1,12.25],"to":[6.5,1.5,12.75],"rotation":{"angle":45,"axis":"y","origin":[5,1,12.25]},"faces":{"north":{"uv":[1.75,13,3.75,15],"texture":"#particle"},"east":{"uv":[1.75,12.25,3.75,14.25],"texture":"#particle"},"south":{"uv":[1.25,12,3.25,14],"texture":"#particle"},"west":{"uv":[2,12.5,4,14.5],"texture":"#particle"},"up":{"uv":[1.75,12.5,3.75,14.5],"texture":"#particle"},"down":{"uv":[1.25,12.5,3.25,14.5],"texture":"#particle"}}},{"from":[5.25,1,10],"to":[6.75,1.5,10.5],"rotation":{"angle":-45,"axis":"y","origin":[5.25,1,10]},"faces":{"north":{"uv":[1.75,13,3.75,15],"texture":"#particle"},"east":{"uv":[1.75,12.25,3.75,14.25],"texture":"#particle"},"south":{"uv":[1.25,12,3.25,14],"texture":"#particle"},"west":{"uv":[2,12.5,4,14.5],"texture":"#particle"},"up":{"uv":[1.75,12.5,3.75,14.5],"texture":"#particle"},"down":{"uv":[1.25,12.5,3.25,14.5],"texture":"#particle"}}},{"from":[4.5,1,11.125],"to":[6,1.5,11.625],"faces":{"north":{"uv":[1.75,13,3.75,15],"texture":"#particle"},"east":{"uv":[1.75,12.25,3.75,14.25],"texture":"#particle"},"south":{"uv":[1.25,12,3.25,14],"texture":"#particle"},"west":{"uv":[2,12.5,4,14.5],"texture":"#particle"},"up":{"uv":[1.75,12.5,3.75,14.5],"texture":"#particle"},"down":{"uv":[1.25,12.5,3.25,14.5],"texture":"#particle"}}},{"from":[8.5,0.875,11.125],"to":[9.125,1.375,11.625],"rotation":{"angle":-22.5,"axis":"z","origin":[8.5,1.375,11.125]},"faces":{"north":{"uv":[1.75,13,3.75,15],"texture":"#particle"},"east":{"uv":[1.75,12.25,3.75,14.25],"texture":"#particle"},"south":{"uv":[1.25,12,3.25,14],"texture":"#particle"},"west":{"uv":[2,12.5,4,14.5],"texture":"#particle"},"up":{"uv":[1.75,12.5,3.75,14.5],"texture":"#particle"},"down":{"uv":[1.25,12.5,3.25,14.5],"texture":"#particle"}}},{"from":[9.0625,0.625,11.1875],"to":[9.5625,1.125,11.5625],"rotation":{"angle":-45,"axis":"z","origin":[9.0625,1.125,11.1875]},"faces":{"north":{"uv":[5.5,12.5,7.5,14.5],"texture":"#particle"},"east":{"uv":[5.75,12.75,7.75,14.75],"texture":"#particle"},"south":{"uv":[6,12.5,8,14.5],"texture":"#particle"},"west":{"uv":[5.75,12.5,7.75,14.5],"texture":"#particle"},"up":{"uv":[5.25,12.25,7.25,14.25],"texture":"#particle"},"down":{"uv":[6.25,12.5,8.25,14.5],"texture":"#particle"}}},{"from":[4.125,0.625,11.1875],"to":[4.625,1.125,11.5625],"rotation":{"angle":45,"axis":"z","origin":[4.125,1.125,11.1875]},"faces":{"north":{"uv":[5.5,12.5,7.5,14.5],"texture":"#particle"},"east":{"uv":[5.75,12.75,7.75,14.75],"texture":"#particle"},"south":{"uv":[6,12.5,8,14.5],"texture":"#particle"},"west":{"uv":[5.75,12.5,7.75,14.5],"texture":"#particle"},"up":{"uv":[5.25,12.25,7.25,14.25],"texture":"#particle"},"down":{"uv":[6.25,12.5,8.25,14.5],"texture":"#particle"}}},{"from":[4.6875,0.625,10.0625],"to":[5.1875,1.125,10.4375],"rotation":{"angle":45,"axis":"z","origin":[4.6875,1.125,10.0625]},"faces":{"north":{"uv":[5.5,12.5,7.5,14.5],"texture":"#particle"},"east":{"uv":[5.75,12.75,7.75,14.75],"texture":"#particle"},"south":{"uv":[6,12.5,8,14.5],"texture":"#particle"},"west":{"uv":[5.75,12.5,7.75,14.5],"texture":"#particle"},"up":{"uv":[5.25,12.25,7.25,14.25],"texture":"#particle"},"down":{"uv":[6.25,12.5,8.25,14.5],"texture":"#particle"}}},{"from":[4.75,0.625,12.125],"to":[5.25,1.125,12.5],"rotation":{"angle":45,"axis":"z","origin":[4.75,1.125,12.125]},"faces":{"north":{"uv":[5.5,12.5,7.5,14.5],"texture":"#particle"},"east":{"uv":[5.75,12.75,7.75,14.75],"texture":"#particle"},"south":{"uv":[6,12.5,8,14.5],"texture":"#particle"},"west":{"uv":[5.75,12.5,7.75,14.5],"texture":"#particle"},"up":{"uv":[5.25,12.25,7.25,14.25],"texture":"#particle"},"down":{"uv":[6.25,12.5,8.25,14.5],"texture":"#particle"}}},{"from":[8.75,0.75,5],"to":[9.5,3,5.75],"rotation":{"angle":-45,"axis":"z","origin":[8.75,3,5]},"faces":{"north":{"uv":[1.75,13,3.75,15],"texture":"#particle"},"east":{"uv":[1.75,12.25,3.75,14.25],"texture":"#particle"},"south":{"uv":[1.25,12,3.25,14],"texture":"#particle"},"west":{"uv":[2,12.5,4,14.5],"texture":"#particle"},"up":{"uv":[1.75,12.5,3.75,14.5],"texture":"#particle"},"down":{"uv":[1.25,12.5,3.25,14.5],"texture":"#particle"}}},{"from":[5.75,0.75,5],"to":[8.5,1.5,5.75],"faces":{"north":{"uv":[1.75,13,3.75,15],"texture":"#particle"},"east":{"uv":[1.75,12.25,3.75,14.25],"texture":"#particle"},"south":{"uv":[1.25,12,3.25,14],"texture":"#particle"},"west":{"uv":[2,12.5,4,14.5],"texture":"#particle"},"up":{"uv":[1.75,12.5,3.75,14.5],"texture":"#particle"},"down":{"uv":[1.25,12.5,3.25,14.5],"texture":"#particle"}}},{"from":[5,1,6.25],"to":[6.5,1.5,6.75],"rotation":{"angle":45,"axis":"y","origin":[5,1,6.25]},"faces":{"north":{"uv":[1.75,13,3.75,15],"texture":"#particle"},"east":{"uv":[1.75,12.25,3.75,14.25],"texture":"#particle"},"south":{"uv":[1.25,12,3.25,14],"texture":"#particle"},"west":{"uv":[2,12.5,4,14.5],"texture":"#particle"},"up":{"uv":[1.75,12.5,3.75,14.5],"texture":"#particle"},"down":{"uv":[1.25,12.5,3.25,14.5],"texture":"#particle"}}},{"from":[5.25,1,4],"to":[6.75,1.5,4.5],"rotation":{"angle":-45,"axis":"y","origin":[5.25,1,4]},"faces":{"north":{"uv":[1.75,13,3.75,15],"texture":"#particle"},"east":{"uv":[1.75,12.25,3.75,14.25],"texture":"#particle"},"south":{"uv":[1.25,12,3.25,14],"texture":"#particle"},"west":{"uv":[2,12.5,4,14.5],"texture":"#particle"},"up":{"uv":[1.75,12.5,3.75,14.5],"texture":"#particle"},"down":{"uv":[1.25,12.5,3.25,14.5],"texture":"#particle"}}},{"from":[4.5,1,5.125],"to":[6,1.5,5.625],"faces":{"north":{"uv":[1.75,13,3.75,15],"texture":"#particle"},"east":{"uv":[1.75,12.25,3.75,14.25],"texture":"#particle"},"south":{"uv":[1.25,12,3.25,14],"texture":"#particle"},"west":{"uv":[2,12.5,4,14.5],"texture":"#particle"},"up":{"uv":[1.75,12.5,3.75,14.5],"texture":"#particle"},"down":{"uv":[1.25,12.5,3.25,14.5],"texture":"#particle"}}},{"from":[8.5,0.875,5.125],"to":[9.125,1.375,5.625],"rotation":{"angle":-22.5,"axis":"z","origin":[8.5,1.375,5.125]},"faces":{"north":{"uv":[1.75,13,3.75,15],"texture":"#particle"},"east":{"uv":[1.75,12.25,3.75,14.25],"texture":"#particle"},"south":{"uv":[1.25,12,3.25,14],"texture":"#particle"},"west":{"uv":[2,12.5,4,14.5],"texture":"#particle"},"up":{"uv":[1.75,12.5,3.75,14.5],"texture":"#particle"},"down":{"uv":[1.25,12.5,3.25,14.5],"texture":"#particle"}}},{"from":[9.0625,0.625,5.1875],"to":[9.5625,1.125,5.5625],"rotation":{"angle":-45,"axis":"z","origin":[9.0625,1.125,5.1875]},"faces":{"north":{"uv":[5.5,12.5,7.5,14.5],"texture":"#particle"},"east":{"uv":[5.75,12.75,7.75,14.75],"texture":"#particle"},"south":{"uv":[6,12.5,8,14.5],"texture":"#particle"},"west":{"uv":[5.75,12.5,7.75,14.5],"texture":"#particle"},"up":{"uv":[5.25,12.25,7.25,14.25],"texture":"#particle"},"down":{"uv":[6.25,12.5,8.25,14.5],"texture":"#particle"}}},{"from":[4.125,0.625,5.1875],"to":[4.625,1.125,5.5625],"rotation":{"angle":45,"axis":"z","origin":[4.125,1.125,5.1875]},"faces":{"north":{"uv":[5.5,12.5,7.5,14.5],"texture":"#particle"},"east":{"uv":[5.75,12.75,7.75,14.75],"texture":"#particle"},"south":{"uv":[6,12.5,8,14.5],"texture":"#particle"},"west":{"uv":[5.75,12.5,7.75,14.5],"texture":"#particle"},"up":{"uv":[5.25,12.25,7.25,14.25],"texture":"#particle"},"down":{"uv":[6.25,12.5,8.25,14.5],"texture":"#particle"}}},{"from":[4.6875,0.625,4.0625],"to":[5.1875,1.125,4.4375],"rotation":{"angle":45,"axis":"z","origin":[4.6875,1.125,4.0625]},"faces":{"north":{"uv":[5.5,12.5,7.5,14.5],"texture":"#particle"},"east":{"uv":[5.75,12.75,7.75,14.75],"texture":"#particle"},"south":{"uv":[6,12.5,8,14.5],"texture":"#particle"},"west":{"uv":[5.75,12.5,7.75,14.5],"texture":"#particle"},"up":{"uv":[5.25,12.25,7.25,14.25],"texture":"#particle"},"down":{"uv":[6.25,12.5,8.25,14.5],"texture":"#particle"}}},{"from":[4.75,0.625,6.125],"to":[5.25,1.125,6.5],"rotation":{"angle":45,"axis":"z","origin":[4.75,1.125,6.125]},"faces":{"north":{"uv":[5.5,12.5,7.5,14.5],"texture":"#particle"},"east":{"uv":[5.75,12.75,7.75,14.75],"texture":"#particle"},"south":{"uv":[6,12.5,8,14.5],"texture":"#particle"},"west":{"uv":[5.75,12.5,7.75,14.5],"texture":"#particle"},"up":{"uv":[5.25,12.25,7.25,14.25],"texture":"#particle"},"down":{"uv":[6.25,12.5,8.25,14.5],"texture":"#particle"}}},{"from":[11.5,4.75,6.75],"to":[12.25,6.5,10],"faces":{"north":{"uv":[6.5,13.5,8.5,15.5],"texture":"#texture"},"east":{"uv":[7,13.5,9,15.5],"texture":"#texture"},"south":{"uv":[7,13.5,9,15.5],"texture":"#texture"},"west":{"uv":[7,13.5,9,15.5],"texture":"#texture"},"up":{"uv":[7,13.5,9,15.5],"texture":"#texture"},"down":{"uv":[7,13.5,9,15.5],"texture":"#texture"}}},{"from":[12.2286,6,6.75],"to":[12.7286,6.5,10],"rotation":{"angle":-45,"axis":"z","origin":[12.2286,6.5,6.75]},"faces":{"north":{"uv":[6.5,13.5,8.5,15.5],"texture":"#texture"},"east":{"uv":[7,13.5,9,15.5],"texture":"#texture"},"south":{"uv":[7,13.5,9,15.5],"texture":"#texture"},"west":{"uv":[7,13.5,9,15.5],"texture":"#texture"},"up":{"uv":[7,13.5,9,15.5],"texture":"#texture"},"down":{"uv":[7,13.5,9,15.5],"texture":"#texture"}}},{"from":[12.2286,5.5,6.75],"to":[12.7286,6,10],"rotation":{"angle":-45,"axis":"z","origin":[12.2286,6,6.75]},"faces":{"north":{"uv":[6.5,13.5,8.5,15.5],"texture":"#texture"},"east":{"uv":[7,13.5,9,15.5],"texture":"#texture"},"south":{"uv":[7,13.5,9,15.5],"texture":"#texture"},"west":{"uv":[7,13.5,9,15.5],"texture":"#texture"},"up":{"uv":[7,13.5,9,15.5],"texture":"#texture"},"down":{"uv":[7,13.5,9,15.5],"texture":"#texture"}}},{"from":[12.2286,5,6.75],"to":[12.7286,5.5,10],"rotation":{"angle":-45,"axis":"z","origin":[12.2286,5.5,6.75]},"faces":{"north":{"uv":[6.5,13.5,8.5,15.5],"texture":"#texture"},"east":{"uv":[7,13.5,9,15.5],"texture":"#texture"},"south":{"uv":[7,13.5,9,15.5],"texture":"#texture"},"west":{"uv":[7,13.5,9,15.5],"texture":"#texture"},"up":{"uv":[7,13.5,9,15.5],"texture":"#texture"},"down":{"uv":[7,13.5,9,15.5],"texture":"#texture"}}},{"from":[12.25,4.75,6.75],"to":[12.75,6.5,7.25],"rotation":{"angle":-45,"axis":"y","origin":[12.25,4.75,6.75]},"faces":{"north":{"uv":[6.5,13.5,8.5,15.5],"texture":"#texture"},"east":{"uv":[7,13.5,9,15.5],"texture":"#texture"},"south":{"uv":[7,13.5,9,15.5],"texture":"#texture"},"west":{"uv":[7,13.5,9,15.5],"texture":"#texture"},"up":{"uv":[7,13.5,9,15.5],"texture":"#texture"},"down":{"uv":[7,13.5,9,15.5],"texture":"#texture"}}},{"from":[12.25,4.75,7.25],"to":[12.75,6.5,7.75],"rotation":{"angle":-45,"axis":"y","origin":[12.25,4.75,7.25]},"faces":{"north":{"uv":[6.5,13.5,8.5,15.5],"texture":"#texture"},"east":{"uv":[7,13.5,9,15.5],"texture":"#texture"},"south":{"uv":[7,13.5,9,15.5],"texture":"#texture"},"west":{"uv":[7,13.5,9,15.5],"texture":"#texture"},"up":{"uv":[7,13.5,9,15.5],"texture":"#texture"},"down":{"uv":[7,13.5,9,15.5],"texture":"#texture"}}},{"from":[12.25,4.75,9.25],"to":[12.75,6.5,9.75],"rotation":{"angle":-45,"axis":"y","origin":[12.25,4.75,9.25]},"faces":{"north":{"uv":[6.5,13.5,8.5,15.5],"texture":"#texture"},"east":{"uv":[7,13.5,9,15.5],"texture":"#texture"},"south":{"uv":[7,13.5,9,15.5],"texture":"#texture"},"west":{"uv":[7,13.5,9,15.5],"texture":"#texture"},"up":{"uv":[7,13.5,9,15.5],"texture":"#texture"},"down":{"uv":[7,13.5,9,15.5],"texture":"#texture"}}},{"from":[12.25,4.75,8.5],"to":[12.75,6.5,9],"rotation":{"angle":-45,"axis":"y","origin":[12.25,4.75,8.5]},"faces":{"north":{"uv":[6.5,13.5,8.5,15.5],"texture":"#texture"},"east":{"uv":[7,13.5,9,15.5],"texture":"#texture"},"south":{"uv":[7,13.5,9,15.5],"texture":"#texture"},"west":{"uv":[7,13.5,9,15.5],"texture":"#texture"},"up":{"uv":[7,13.5,9,15.5],"texture":"#texture"},"down":{"uv":[7,13.5,9,15.5],"texture":"#texture"}}},{"from":[12.25,4.75,7.75],"to":[12.75,6.5,8.25],"rotation":{"angle":-45,"axis":"y","origin":[12.25,4.75,7.75]},"faces":{"north":{"uv":[6.5,13.5,8.5,15.5],"texture":"#texture"},"east":{"uv":[7,13.5,9,15.5],"texture":"#texture"},"south":{"uv":[7,13.5,9,15.5],"texture":"#texture"},"west":{"uv":[7,13.5,9,15.5],"texture":"#texture"},"up":{"uv":[7,13.5,9,15.5],"texture":"#texture"},"down":{"uv":[7,13.5,9,15.5],"texture":"#texture"}}},{"from":[12.5,4.5,6.25],"to":[14,7.5,10.25],"faces":{"north":{"uv":[6,9,8.75,11.75],"texture":"#texture"},"east":{"uv":[6.25,9,8.25,10.75],"texture":"#texture"},"south":{"uv":[6,9,8.75,11.25],"texture":"#texture"},"west":{"uv":[5.75,9.25,8.5,12],"texture":"#texture"},"up":{"uv":[5.5,8.75,8.5,11],"texture":"#texture"},"down":{"uv":[6,9,8.5,11.5],"texture":"#texture"}}},{"from":[14,3,8.25],"to":[18,9,8.3125],"rotation":{"angle":-45,"axis":"y","origin":[14,3,8.25]},"faces":{"north":{"uv":[10.75,8,1.75,13.125],"rotation":270,"texture":"#tail"},"south":{"uv":[1.75,8,10.75,13.125],"rotation":90,"texture":"#tail"}}},{"from":[14,3,8.75],"to":[18,9,8.8125],"rotation":{"angle":45,"axis":"y","origin":[14,3,8.75]},"faces":{"north":{"uv":[10.75,8,1.75,13.125],"rotation":270,"texture":"#tail"},"south":{"uv":[1.75,8,10.75,13.125],"rotation":90,"texture":"#tail"}}},{"from":[14,5.9375,5.5],"to":[18.5,6,11.5],"rotation":{"angle":-45,"axis":"z","origin":[14,6,5.5]},"faces":{"up":{"uv":[1.625,8,10.75,13.125],"rotation":90,"texture":"#tail"},"down":{"uv":[10.75,8,1.625,13.125],"rotation":90,"texture":"#tail"}}},{"from":[14,5.9375,5.5],"to":[18.5,6,11.5],"rotation":{"angle":45,"axis":"z","origin":[14,6,5.5]},"faces":{"up":{"uv":[1.625,8,10.75,13.125],"rotation":90,"texture":"#tail"},"down":{"uv":[10.75,8,1.625,13.125],"rotation":90,"texture":"#tail"}}}],"display":{"thirdperson_righthand":{"rotation":[90,-90,0],"translation":[-7,-1.5,26.5],"scale":[3.5,3.3,3.5]},"thirdperson_lefthand":{"rotation":[90,90,0],"translation":[-7,-1.5,26.5],"scale":[3.5,3.3,3.5]},"firstperson_righthand":{"scale":[0,0,0]},"firstperson_lefthand":{"scale":[0,0,0]},"gui":{"rotation":[30,50,0],"translation":[0.5,1,0],"scale":[0.6,0.6,0.6]},"head":{"rotation":[0,-90,0],"scale":[4,4,4]}}}