{"__comment":"Made by MadstonMagic using Cubik Pro, Copyright © MadstonMagic Modeling 2015-2017. All rights reserved","textures":{"0":"pokemon_skins/regular/combusken/combusken","1":"pokemon_skins/regular/combusken/eye","2":"pokemon_skins/regular/combusken/hair","3":"pokemon_skins/regular/combusken/fur","4":"pokemon_skins/regular/combusken/belly"},"elements":[{"from":[6,11.5,7.5],"to":[9,16.5,10.5],"faces":{"north":{"texture":"#0","uv":[7.5,1,10.5,4.5]},"east":{"texture":"#0","uv":[8,1.5,11.5,5]},"south":{"texture":"#0","uv":[7.5,1,11,4.5]},"west":{"texture":"#0","uv":[7.5,1.5,11,5.5]},"up":{"texture":"#0","uv":[8.5,2,12,5.5]},"down":{"texture":"#0","uv":[7.5,1.5,11.5,5.5]}}},{"from":[5,12.5,7.5],"to":[10,15.5,10.5],"faces":{"north":{"texture":"#0","uv":[7.5,1,10.5,4.5]},"east":{"texture":"#0","uv":[8,1.5,11.5,5]},"south":{"texture":"#0","uv":[7.5,1,11,4.5]},"west":{"texture":"#0","uv":[7.5,1.5,11,5.5]},"up":{"texture":"#0","uv":[8.5,2,12,5.5]},"down":{"texture":"#0","uv":[7.5,1.5,11.5,5.5]}}},{"from":[6,12.5,6.5],"to":[9,15.5,11.5],"faces":{"north":{"texture":"#0","uv":[7.5,1,10.5,4.5]},"east":{"texture":"#0","uv":[8,1.5,11.5,5]},"south":{"texture":"#0","uv":[7.5,1,11,4.5]},"west":{"texture":"#0","uv":[7.5,1.5,11,5.5]},"up":{"texture":"#0","uv":[8.5,2,12,5.5]},"down":{"texture":"#0","uv":[7.5,1.5,11.5,5.5]}}},{"from":[5,9.84,7.5],"to":[6.41,15.5,10.5],"rotation":{"origin":[5,15.5,7.5],"axis":"z","angle":45},"faces":{"north":{"texture":"#0","uv":[7.5,1,10.5,4.5]},"east":{"texture":"#0","uv":[8,1.5,11.5,5]},"south":{"texture":"#0","uv":[7.5,1,11,4.5]},"west":{"texture":"#0","uv":[7.5,1.5,11,5.5]},"up":{"texture":"#0","uv":[8.5,2,12,5.5]},"down":{"texture":"#0","uv":[7.5,1.5,11.5,5.5]}}},{"from":[9,10.84,7.5],"to":[10.41,16.5,10.5],"rotation":{"origin":[9,16.5,7.5],"axis":"z","angle":-45},"faces":{"north":{"texture":"#0","uv":[7.5,1,10.5,4.5]},"east":{"texture":"#0","uv":[8,1.5,11.5,5]},"south":{"texture":"#0","uv":[7.5,1,11,4.5]},"west":{"texture":"#0","uv":[7.5,1.5,11,5.5]},"up":{"texture":"#0","uv":[8.5,2,12,5.5]},"down":{"texture":"#0","uv":[7.5,1.5,11.5,5.5]}}},{"from":[6,9.84,6.5],"to":[9,15.5,7.91],"rotation":{"origin":[6,15.5,6.5],"axis":"x","angle":-45},"faces":{"north":{"texture":"#0","uv":[7.5,1,10.5,4.5]},"east":{"texture":"#0","uv":[8,1.5,11.5,5]},"south":{"texture":"#0","uv":[7.5,1,11,4.5]},"west":{"texture":"#0","uv":[7.5,1.5,11,5.5]},"up":{"texture":"#0","uv":[8.5,2,12,5.5]},"down":{"texture":"#0","uv":[7.5,1.5,11.5,5.5]}}},{"from":[6,10.84,10.5],"to":[9,16.5,11.91],"rotation":{"origin":[6,16.5,10.5],"axis":"x","angle":45},"faces":{"north":{"texture":"#0","uv":[7.5,1,10.5,4.5]},"east":{"texture":"#0","uv":[8,1.5,11.5,5]},"south":{"texture":"#0","uv":[7.5,1,11,4.5]},"west":{"texture":"#0","uv":[7.5,1.5,11,5.5]},"up":{"texture":"#0","uv":[8.5,2,12,5.5]},"down":{"texture":"#0","uv":[7.5,1.5,11.5,5.5]}}},{"from":[5,12.5,7.5],"to":[6.41,15.5,13.16],"rotation":{"origin":[5,12.5,7.5],"axis":"y","angle":45},"faces":{"north":{"texture":"#0","uv":[7.5,1,10.5,4.5]},"east":{"texture":"#0","uv":[8,1.5,11.5,5]},"south":{"texture":"#0","uv":[7.5,1,11,4.5]},"west":{"texture":"#0","uv":[7.5,1.5,11,5.5]},"up":{"texture":"#0","uv":[8.5,2,12,5.5]},"down":{"texture":"#0","uv":[7.5,1.5,11.5,5.5]}}},{"from":[9,12.5,6.5],"to":[10.41,15.5,12.16],"rotation":{"origin":[9,12.5,6.5],"axis":"y","angle":-45},"faces":{"north":{"texture":"#0","uv":[7.5,1,10.5,4.5]},"east":{"texture":"#0","uv":[8,1.5,11.5,5]},"south":{"texture":"#0","uv":[7.5,1,11,4.5]},"west":{"texture":"#0","uv":[7.5,1.5,11,5.5]},"up":{"texture":"#0","uv":[8.5,2,12,5.5]},"down":{"texture":"#0","uv":[7.5,1.5,11.5,5.5]}}},{"from":[7,5.05,7],"to":[9,12.5,11],"faces":{"north":{"texture":"#0","uv":[7.5,1,10.5,4.5]},"east":{"texture":"#0","uv":[8,1.5,11.5,5]},"south":{"texture":"#0","uv":[7.5,1,11,4.5]},"west":{"texture":"#0","uv":[7.5,1.5,11,5.5]},"up":{"texture":"#0","uv":[8.5,2,12,5.5]},"down":{"texture":"#0","uv":[7.5,1.5,11.5,5.5]}}},{"from":[6,5.05,8],"to":[10,12.5,10],"faces":{"north":{"texture":"#0","uv":[7.5,1,10.5,4.5]},"east":{"texture":"#0","uv":[8,1.5,11.5,5]},"south":{"texture":"#0","uv":[7.5,1,11,4.5]},"west":{"texture":"#0","uv":[7.5,1.5,11,5.5]},"up":{"texture":"#0","uv":[8.5,2,12,5.5]},"down":{"texture":"#0","uv":[7.5,1.5,11.5,5.5]}}},{"from":[6,5.05,8],"to":[7.41,12.5,12.24],"rotation":{"origin":[6,5.05,8],"axis":"y","angle":45},"faces":{"north":{"texture":"#0","uv":[7.5,1,10.5,4.5]},"east":{"texture":"#0","uv":[8,1.5,11.5,5]},"south":{"texture":"#0","uv":[7.5,1,11,4.5]},"west":{"texture":"#0","uv":[7.5,1.5,11,5.5]},"up":{"texture":"#0","uv":[8.5,2,12,5.5]},"down":{"texture":"#0","uv":[7.5,1.5,11.5,5.5]}}},{"from":[9,5.05,7],"to":[10.41,12.5,11.24],"rotation":{"origin":[9,5.05,7],"axis":"y","angle":-45},"faces":{"north":{"texture":"#0","uv":[7.5,1,10.5,4.5]},"east":{"texture":"#0","uv":[8,1.5,11.5,5]},"south":{"texture":"#0","uv":[7.5,1,11,4.5]},"west":{"texture":"#0","uv":[7.5,1.5,11,5.5]},"up":{"texture":"#0","uv":[8.5,2,12,5.5]},"down":{"texture":"#0","uv":[7.5,1.5,11.5,5.5]}}},{"from":[4.5,13.2,8],"to":[5,13.7,10],"faces":{"north":{"texture":"#0","uv":[2.5,2,5.5,5]},"east":{"texture":"#0","uv":[1.5,1.5,4.5,4.5]},"south":{"texture":"#0","uv":[2,1.5,5.5,5]},"west":{"texture":"#0","uv":[1.5,1.5,4,4]},"up":{"texture":"#0","uv":[1,1,4.5,4.5]},"down":{"texture":"#0","uv":[1.5,2,4.5,5]}}},{"from":[4.5,13.2,8],"to":[5.21,13.7,8.5],"rotation":{"origin":[4.5,13.5,8],"axis":"y","angle":45},"faces":{"north":{"texture":"#0","uv":[2.5,2,5.5,5]},"east":{"texture":"#0","uv":[1.5,1.5,4.5,4.5]},"south":{"texture":"#0","uv":[2,1.5,5.5,5]},"west":{"texture":"#0","uv":[1.5,1.5,4,4]},"up":{"texture":"#0","uv":[1,1,4.5,4.5]},"down":{"texture":"#0","uv":[1.5,2,4.5,5]}}},{"from":[4.855,13.2,9.645],"to":[5.565,13.7,10.145],"rotation":{"origin":[4.855,13.5,9.645],"axis":"y","angle":-45},"faces":{"north":{"texture":"#0","uv":[2.5,2,5.5,5]},"east":{"texture":"#0","uv":[1.5,1.5,4.5,4.5]},"south":{"texture":"#0","uv":[2,1.5,5.5,5]},"west":{"texture":"#0","uv":[1.5,1.5,4,4]},"up":{"texture":"#0","uv":[1,1,4.5,4.5]},"down":{"texture":"#0","uv":[1.5,2,4.5,5]}}},{"from":[4.5,13.2,8],"to":[5.5,13.7,10],"rotation":{"origin":[4.5,13.7,8],"axis":"z","angle":45},"faces":{"north":{"texture":"#0","uv":[2.5,2,5.5,5]},"east":{"texture":"#0","uv":[1.5,1.5,4.5,4.5]},"south":{"texture":"#0","uv":[2,1.5,5.5,5]},"west":{"texture":"#0","uv":[1.5,1.5,4,4]},"up":{"texture":"#0","uv":[1,1,4.5,4.5]},"down":{"texture":"#0","uv":[1.5,2,4.5,5]}}},{"from":[4.995,13.45,10.5],"to":[5.995,14.95,11.5],"rotation":{"origin":[4.995,13.75,10.5],"axis":"y","angle":45},"faces":{"west":{"texture":"#1","uv":[0.5,1,9.5,15.5]}}},{"from":[5.745,13.45,6.75],"to":[6.745,14.95,7.75],"rotation":{"origin":[5.745,13.75,6.75],"axis":"y","angle":-45},"faces":{"west":{"texture":"#1","uv":[9.5,1,0.5,15.5]}}},{"from":[5.5,5.05,8.125],"to":[6.875,9,9.875],"faces":{"north":{"texture":"#0","uv":[7.5,1,10.5,4.5]},"east":{"texture":"#0","uv":[8,1.5,11.5,5]},"south":{"texture":"#0","uv":[7.5,1,11,4.5]},"west":{"texture":"#0","uv":[7.5,1.5,11,5.5]},"up":{"texture":"#0","uv":[8.5,2,12,5.5]},"down":{"texture":"#0","uv":[7.5,1.5,11.5,5.5]}}},{"from":[6.9475,8.7175,8.125],"to":[7.9475,12.4675,9.875],"rotation":{"origin":[6.9475,12.4675,8.125],"axis":"z","angle":-22.5},"faces":{"north":{"texture":"#0","uv":[7.5,1,10.5,4.5]},"east":{"texture":"#0","uv":[8,1.5,11.5,5]},"south":{"texture":"#0","uv":[7.5,1,11,4.5]},"west":{"texture":"#0","uv":[7.5,1.5,11,5.5]},"up":{"texture":"#0","uv":[8.5,2,12,5.5]},"down":{"texture":"#0","uv":[7.5,1.5,11.5,5.5]}}},{"from":[6,5.05,7],"to":[7,9,11],"faces":{"north":{"texture":"#0","uv":[7.5,1,10.5,4.5]},"east":{"texture":"#0","uv":[8,1.5,11.5,5]},"south":{"texture":"#0","uv":[7.5,1,11,4.5]},"west":{"texture":"#0","uv":[7.5,1.5,11,5.5]},"up":{"texture":"#0","uv":[8.5,2,12,5.5]},"down":{"texture":"#0","uv":[7.5,1.5,11.5,5.5]}}},{"from":[6,5.05,7],"to":[6.75,9,8.25],"rotation":{"origin":[6,5.05,7],"axis":"y","angle":-22.5},"faces":{"north":{"texture":"#0","uv":[7.5,1,10.5,4.5]},"east":{"texture":"#0","uv":[8,1.5,11.5,5]},"south":{"texture":"#0","uv":[7.5,1,11,4.5]},"west":{"texture":"#0","uv":[7.5,1.5,11,5.5]},"up":{"texture":"#0","uv":[8.5,2,12,5.5]},"down":{"texture":"#0","uv":[7.5,1.5,11.5,5.5]}}},{"from":[5.52,5.05,9.8425],"to":[6.27,9,11.0925],"rotation":{"origin":[5.52,5.05,9.8425],"axis":"y","angle":22.5},"faces":{"north":{"texture":"#0","uv":[7.5,1,10.5,4.5]},"east":{"texture":"#0","uv":[8,1.5,11.5,5]},"south":{"texture":"#0","uv":[7.5,1,11,4.5]},"west":{"texture":"#0","uv":[7.5,1.5,11,5.5]},"up":{"texture":"#0","uv":[8.5,2,12,5.5]},"down":{"texture":"#0","uv":[7.5,1.5,11.5,5.5]}}},{"from":[6.8,7.875,14],"to":[9.2,9.375,18],"rotation":{"origin":[7,10.375,13],"axis":"x","angle":22.5},"faces":{"north":{"texture":"#0","uv":[7.5,1,10.5,4.5]},"east":{"texture":"#0","uv":[8,1.5,11.5,5]},"south":{"texture":"#0","uv":[7.5,1,11,4.5]},"west":{"texture":"#0","uv":[7.5,1.5,11,5.5]},"up":{"texture":"#0","uv":[8.5,2,12,5.5]},"down":{"texture":"#0","uv":[7.5,1.5,11.5,5.5]}}},{"from":[6.9,9,1.5],"to":[9.1,10,7],"faces":{"north":{"texture":"#0","uv":[7.5,1,10.5,4.5]},"east":{"texture":"#0","uv":[8,1.5,11.5,5]},"south":{"texture":"#0","uv":[7.5,1,11,4.5]},"west":{"texture":"#0","uv":[7.5,1.5,11,5.5]},"up":{"texture":"#0","uv":[8.5,2,12,5.5]},"down":{"texture":"#0","uv":[7.5,1.5,11.5,5.5]}}},{"from":[6.5,8.75,-0.75],"to":[9.5,10.25,-0.25],"faces":{"north":{"texture":"#0","uv":[7.5,1,10.5,4.5]},"east":{"texture":"#0","uv":[8,1.5,11.5,5]},"south":{"texture":"#0","uv":[7.5,1,11,4.5]},"west":{"texture":"#0","uv":[7.5,1.5,11,5.5]},"up":{"texture":"#0","uv":[8.5,2,12,5.5]},"down":{"texture":"#0","uv":[7.5,1.5,11.5,5.5]}}},{"from":[8.6,9,-2],"to":[9.15,9.5,-0.75],"faces":{"north":{"texture":"#0","uv":[8.25,8,11.25,11.5]},"east":{"texture":"#0","uv":[8.25,7.75,11.75,11.25]},"south":{"texture":"#0","uv":[8.25,7.75,11.75,11.25]},"west":{"texture":"#0","uv":[7.75,8.25,11.25,12.25]},"up":{"texture":"#0","uv":[8.25,7.25,11.75,10.75]},"down":{"texture":"#0","uv":[8,7.5,12,11.5]}}},{"from":[6.85,9,-2],"to":[7.4,9.5,-0.75],"faces":{"north":{"texture":"#0","uv":[8.25,8,11.25,11.5]},"east":{"texture":"#0","uv":[8.25,7.75,11.75,11.25]},"south":{"texture":"#0","uv":[8.25,7.75,11.75,11.25]},"west":{"texture":"#0","uv":[7.75,8.25,11.25,12.25]},"up":{"texture":"#0","uv":[8.25,7.25,11.75,10.75]},"down":{"texture":"#0","uv":[8,7.5,12,11.5]}}},{"from":[7.7,9.5,-2.5],"to":[8.3,10,-0.75],"faces":{"north":{"texture":"#0","uv":[8.25,8,11.25,11.5]},"east":{"texture":"#0","uv":[8.25,7.75,11.75,11.25]},"south":{"texture":"#0","uv":[8.25,7.75,11.75,11.25]},"west":{"texture":"#0","uv":[7.75,8.25,11.25,12.25]},"up":{"texture":"#0","uv":[8.25,7.25,11.75,10.75]},"down":{"texture":"#0","uv":[8,7.5,12,11.5]}}},{"from":[7.85,9.6,-3.75],"to":[8.15,9.9,-2.5],"faces":{"north":{"texture":"#0","uv":[8.25,8,11.25,11.5]},"east":{"texture":"#0","uv":[8.25,7.75,11.75,11.25]},"south":{"texture":"#0","uv":[8.25,7.75,11.75,11.25]},"west":{"texture":"#0","uv":[7.75,8.25,11.25,12.25]},"up":{"texture":"#0","uv":[8.25,7.25,11.75,10.75]},"down":{"texture":"#0","uv":[8,7.5,12,11.5]}}},{"from":[7,9.1,-3],"to":[7.25,9.4,-2],"faces":{"north":{"texture":"#0","uv":[8.25,8,11.25,11.5]},"east":{"texture":"#0","uv":[8.25,7.75,11.75,11.25]},"south":{"texture":"#0","uv":[8.25,7.75,11.75,11.25]},"west":{"texture":"#0","uv":[7.75,8.25,11.25,12.25]},"up":{"texture":"#0","uv":[8.25,7.25,11.75,10.75]},"down":{"texture":"#0","uv":[8,7.5,12,11.5]}}},{"from":[8.75,9.1,-3],"to":[9,9.4,-2],"faces":{"north":{"texture":"#0","uv":[8.25,8,11.25,11.5]},"east":{"texture":"#0","uv":[8.25,7.75,11.75,11.25]},"south":{"texture":"#0","uv":[8.25,7.75,11.75,11.25]},"west":{"texture":"#0","uv":[7.75,8.25,11.25,12.25]},"up":{"texture":"#0","uv":[8.25,7.25,11.75,10.75]},"down":{"texture":"#0","uv":[8,7.5,12,11.5]}}},{"from":[6.5,6.75,17.75],"to":[9.5,8.25,18.25],"rotation":{"origin":[6.5,9.25,15.75],"axis":"x","angle":22.5},"faces":{"north":{"texture":"#0","uv":[7.5,1,10.5,4.5]},"east":{"texture":"#0","uv":[8,1.5,11.5,5]},"south":{"texture":"#0","uv":[7.5,1,11,4.5]},"west":{"texture":"#0","uv":[7.5,1.5,11,5.5]},"up":{"texture":"#0","uv":[8.5,2,12,5.5]},"down":{"texture":"#0","uv":[7.5,1.5,11.5,5.5]}}},{"from":[7.7,7.5,17.75],"to":[8.3,8,19.75],"rotation":{"origin":[7.5,9,15.75],"axis":"x","angle":22.5},"faces":{"north":{"texture":"#0","uv":[8.25,8,11.25,11.5]},"east":{"texture":"#0","uv":[8.25,7.75,11.75,11.25]},"south":{"texture":"#0","uv":[8.25,7.75,11.75,11.25]},"west":{"texture":"#0","uv":[7.75,8.25,11.25,12.25]},"up":{"texture":"#0","uv":[8.25,7.25,11.75,10.75]},"down":{"texture":"#0","uv":[8,7.5,12,11.5]}}},{"from":[8.6,7,17.75],"to":[9.15,7.5,19.25],"rotation":{"origin":[8.5,8.5,15.75],"axis":"x","angle":22.5},"faces":{"north":{"texture":"#0","uv":[8.25,8,11.25,11.5]},"east":{"texture":"#0","uv":[8.25,7.75,11.75,11.25]},"south":{"texture":"#0","uv":[8.25,7.75,11.75,11.25]},"west":{"texture":"#0","uv":[7.75,8.25,11.25,12.25]},"up":{"texture":"#0","uv":[8.25,7.25,11.75,10.75]},"down":{"texture":"#0","uv":[8,7.5,12,11.5]}}},{"from":[6.85,7,17.75],"to":[7.4,7.5,19.25],"rotation":{"origin":[6.75,8.5,15.75],"axis":"x","angle":22.5},"faces":{"north":{"texture":"#0","uv":[8.25,8,11.25,11.5]},"east":{"texture":"#0","uv":[8.25,7.75,11.75,11.25]},"south":{"texture":"#0","uv":[8.25,7.75,11.75,11.25]},"west":{"texture":"#0","uv":[7.75,8.25,11.25,12.25]},"up":{"texture":"#0","uv":[8.25,7.25,11.75,10.75]},"down":{"texture":"#0","uv":[8,7.5,12,11.5]}}},{"from":[8.75,6.5375,19.1875],"to":[9,6.8375,20.1875],"rotation":{"origin":[8.75,7.9375,17.1875],"axis":"x","angle":22.5},"faces":{"north":{"texture":"#0","uv":[8.25,8,11.25,11.5]},"east":{"texture":"#0","uv":[8.25,7.75,11.75,11.25]},"south":{"texture":"#0","uv":[8.25,7.75,11.75,11.25]},"west":{"texture":"#0","uv":[7.75,8.25,11.25,12.25]},"up":{"texture":"#0","uv":[8.25,7.25,11.75,10.75]},"down":{"texture":"#0","uv":[8,7.5,12,11.5]}}},{"from":[7,6.5375,19.125],"to":[7.25,6.8375,20.125],"rotation":{"origin":[7,7.9375,17.125],"axis":"x","angle":22.5},"faces":{"north":{"texture":"#0","uv":[8.25,8,11.25,11.5]},"east":{"texture":"#0","uv":[8.25,7.75,11.75,11.25]},"south":{"texture":"#0","uv":[8.25,7.75,11.75,11.25]},"west":{"texture":"#0","uv":[7.75,8.25,11.25,12.25]},"up":{"texture":"#0","uv":[8.25,7.25,11.75,10.75]},"down":{"texture":"#0","uv":[8,7.5,12,11.5]}}},{"from":[7.85,6.85,19.5625],"to":[8.15,7.15,20.8125],"rotation":{"origin":[7.75,8.25,17.5625],"axis":"x","angle":22.5},"faces":{"north":{"texture":"#0","uv":[8.25,8,11.25,11.5]},"east":{"texture":"#0","uv":[8.25,7.75,11.75,11.25]},"south":{"texture":"#0","uv":[8.25,7.75,11.75,11.25]},"west":{"texture":"#0","uv":[7.75,8.25,11.25,12.25]},"up":{"texture":"#0","uv":[8.25,7.25,11.75,10.75]},"down":{"texture":"#0","uv":[8,7.5,12,11.5]}}},{"from":[7,16.5,8.75],"to":[7.75,17.75,9.5],"faces":{"north":{"texture":"#0","uv":[7.5,1,10.5,4.5]},"east":{"texture":"#0","uv":[8,1.5,11.5,5]},"south":{"texture":"#0","uv":[7.5,1,11,4.5]},"west":{"texture":"#0","uv":[7.5,1.5,11,5.5]},"up":{"texture":"#0","uv":[8.5,2,12,5.5]},"down":{"texture":"#0","uv":[7.5,1.5,11.5,5.5]}}},{"from":[7,16,8],"to":[7.75,17.25,8.5],"rotation":{"origin":[7,17.25,8],"axis":"x","angle":-22.5},"faces":{"north":{"texture":"#0","uv":[7.5,1,10.5,4.5]},"east":{"texture":"#0","uv":[8,1.5,11.5,5]},"south":{"texture":"#0","uv":[7.5,1,11,4.5]},"west":{"texture":"#0","uv":[7.5,1.5,11,5.5]},"up":{"texture":"#0","uv":[8.5,2,12,5.5]},"down":{"texture":"#0","uv":[7.5,1.5,11.5,5.5]}}},{"from":[7,16.1875,9.8125],"to":[7.75,17.4375,10.3125],"rotation":{"origin":[7,17.4375,9.8125],"axis":"x","angle":22.5},"faces":{"north":{"texture":"#0","uv":[7.5,1,10.5,4.5]},"east":{"texture":"#0","uv":[8,1.5,11.5,5]},"south":{"texture":"#0","uv":[7.5,1,11,4.5]},"west":{"texture":"#0","uv":[7.5,1.5,11,5.5]},"up":{"texture":"#0","uv":[8.5,2,12,5.5]},"down":{"texture":"#0","uv":[7.5,1.5,11.5,5.5]}}},{"from":[9,16.25,6.15],"to":[9.0625,21.25,11.95],"rotation":{"origin":[9,21.25,6.25],"axis":"z","angle":-22.5},"faces":{"east":{"texture":"#2","uv":[0.25,0.25,15.5,13]},"west":{"texture":"#2","uv":[0.25,0.25,15.5,13]}}},{"from":[6.25,0.5,10.5],"to":[9.25,5.5,13.5],"faces":{"north":{"texture":"#0","uv":[2.5,2,5.5,5]},"east":{"texture":"#0","uv":[1.5,1.5,4.5,4.5]},"south":{"texture":"#0","uv":[2,1.5,5.5,5]},"west":{"texture":"#0","uv":[1.5,1.5,4,4]},"up":{"texture":"#0","uv":[1,1,4.5,4.5]},"down":{"texture":"#0","uv":[1.5,2,4.5,5]}}},{"from":[6.25,1.5,9.5],"to":[9.25,4.5,14.5],"faces":{"north":{"texture":"#0","uv":[2.5,2,5.5,5]},"east":{"texture":"#0","uv":[1.5,1.5,4.5,4.5]},"south":{"texture":"#0","uv":[2,1.5,5.5,5]},"west":{"texture":"#0","uv":[1.5,1.5,4,4]},"up":{"texture":"#0","uv":[1,1,4.5,4.5]},"down":{"texture":"#0","uv":[1.5,2,4.5,5]}}},{"from":[5.25,1.5,10.5],"to":[10.25,4.5,13.5],"faces":{"north":{"texture":"#0","uv":[2.5,2,5.5,5]},"east":{"texture":"#0","uv":[1.5,1.5,4.5,4.5]},"south":{"texture":"#0","uv":[2,1.5,5.5,5]},"west":{"texture":"#0","uv":[1.5,1.5,4,4]},"up":{"texture":"#0","uv":[1,1,4.5,4.5]},"down":{"texture":"#0","uv":[1.5,2,4.5,5]}}},{"from":[6.25,-1.16,9.5],"to":[9.25,4.5,10.91],"rotation":{"origin":[6.25,4.5,9.5],"axis":"x","angle":-45},"faces":{"north":{"texture":"#0","uv":[2.5,2,5.5,5]},"east":{"texture":"#0","uv":[1.5,1.5,4.5,4.5]},"south":{"texture":"#0","uv":[2,1.5,5.5,5]},"west":{"texture":"#0","uv":[1.5,1.5,4,4]},"up":{"texture":"#0","uv":[1,1,4.5,4.5]},"down":{"texture":"#0","uv":[1.5,2,4.5,5]}}},{"from":[6.25,-0.16,13.5],"to":[9.25,5.5,14.91],"rotation":{"origin":[6.25,5.5,13.5],"axis":"x","angle":45},"faces":{"north":{"texture":"#0","uv":[2.5,2,5.5,5]},"east":{"texture":"#0","uv":[1.5,1.5,4.5,4.5]},"south":{"texture":"#0","uv":[2,1.5,5.5,5]},"west":{"texture":"#0","uv":[1.5,1.5,4,4]},"up":{"texture":"#0","uv":[1,1,4.5,4.5]},"down":{"texture":"#0","uv":[1.5,2,4.5,5]}}},{"from":[5.25,-1.16,10.5],"to":[6.66,4.5,13.5],"rotation":{"origin":[5.25,4.5,10.5],"axis":"z","angle":45},"faces":{"north":{"texture":"#0","uv":[2.5,2,5.5,5]},"east":{"texture":"#0","uv":[1.5,1.5,4.5,4.5]},"south":{"texture":"#0","uv":[2,1.5,5.5,5]},"west":{"texture":"#0","uv":[1.5,1.5,4,4]},"up":{"texture":"#0","uv":[1,1,4.5,4.5]},"down":{"texture":"#0","uv":[1.5,2,4.5,5]}}},{"from":[9.25,-0.16,10.5],"to":[10.66,5.5,13.5],"rotation":{"origin":[9.25,5.5,10.5],"axis":"z","angle":-45},"faces":{"north":{"texture":"#0","uv":[2.5,2,5.5,5]},"east":{"texture":"#0","uv":[1.5,1.5,4.5,4.5]},"south":{"texture":"#0","uv":[2,1.5,5.5,5]},"west":{"texture":"#0","uv":[1.5,1.5,4,4]},"up":{"texture":"#0","uv":[1,1,4.5,4.5]},"down":{"texture":"#0","uv":[1.5,2,4.5,5]}}},{"from":[5.25,1.5,10.5],"to":[6.66,4.5,16.16],"rotation":{"origin":[5.25,1.5,10.5],"axis":"y","angle":45},"faces":{"north":{"texture":"#0","uv":[2.5,2,5.5,5]},"east":{"texture":"#0","uv":[1.5,1.5,4.5,4.5]},"south":{"texture":"#0","uv":[2,1.5,5.5,5]},"west":{"texture":"#0","uv":[1.5,1.5,4,4]},"up":{"texture":"#0","uv":[1,1,4.5,4.5]},"down":{"texture":"#0","uv":[1.5,2,4.5,5]}}},{"from":[9.25,1.5,9.5],"to":[10.66,4.5,15.16],"rotation":{"origin":[9.25,1.5,9.5],"axis":"y","angle":-45},"faces":{"north":{"texture":"#0","uv":[2.5,2,5.5,5]},"east":{"texture":"#0","uv":[1.5,1.5,4.5,4.5]},"south":{"texture":"#0","uv":[2,1.5,5.5,5]},"west":{"texture":"#0","uv":[1.5,1.5,4,4]},"up":{"texture":"#0","uv":[1,1,4.5,4.5]},"down":{"texture":"#0","uv":[1.5,2,4.5,5]}}},{"from":[6.25,0.5,4.5],"to":[9.25,5.5,7.5],"faces":{"north":{"texture":"#0","uv":[2.5,2,5.5,5]},"east":{"texture":"#0","uv":[1.5,1.5,4.5,4.5]},"south":{"texture":"#0","uv":[2,1.5,5.5,5]},"west":{"texture":"#0","uv":[1.5,1.5,4,4]},"up":{"texture":"#0","uv":[1,1,4.5,4.5]},"down":{"texture":"#0","uv":[1.5,2,4.5,5]}}},{"from":[6.25,1.5,3.5],"to":[9.25,4.5,8.5],"faces":{"north":{"texture":"#0","uv":[2.5,2,5.5,5]},"east":{"texture":"#0","uv":[1.5,1.5,4.5,4.5]},"south":{"texture":"#0","uv":[2,1.5,5.5,5]},"west":{"texture":"#0","uv":[1.5,1.5,4,4]},"up":{"texture":"#0","uv":[1,1,4.5,4.5]},"down":{"texture":"#0","uv":[1.5,2,4.5,5]}}},{"from":[5.25,1.5,4.5],"to":[10.25,4.5,7.5],"faces":{"north":{"texture":"#0","uv":[2.5,2,5.5,5]},"east":{"texture":"#0","uv":[1.5,1.5,4.5,4.5]},"south":{"texture":"#0","uv":[2,1.5,5.5,5]},"west":{"texture":"#0","uv":[1.5,1.5,4,4]},"up":{"texture":"#0","uv":[1,1,4.5,4.5]},"down":{"texture":"#0","uv":[1.5,2,4.5,5]}}},{"from":[6.25,-1.16,3.5],"to":[9.25,4.5,4.91],"rotation":{"origin":[6.25,4.5,3.5],"axis":"x","angle":-45},"faces":{"north":{"texture":"#0","uv":[2.5,2,5.5,5]},"east":{"texture":"#0","uv":[1.5,1.5,4.5,4.5]},"south":{"texture":"#0","uv":[2,1.5,5.5,5]},"west":{"texture":"#0","uv":[1.5,1.5,4,4]},"up":{"texture":"#0","uv":[1,1,4.5,4.5]},"down":{"texture":"#0","uv":[1.5,2,4.5,5]}}},{"from":[6.25,-0.16,7.5],"to":[9.25,5.5,8.91],"rotation":{"origin":[6.25,5.5,7.5],"axis":"x","angle":45},"faces":{"north":{"texture":"#0","uv":[2.5,2,5.5,5]},"east":{"texture":"#0","uv":[1.5,1.5,4.5,4.5]},"south":{"texture":"#0","uv":[2,1.5,5.5,5]},"west":{"texture":"#0","uv":[1.5,1.5,4,4]},"up":{"texture":"#0","uv":[1,1,4.5,4.5]},"down":{"texture":"#0","uv":[1.5,2,4.5,5]}}},{"from":[5.25,-1.16,4.5],"to":[6.66,4.5,7.5],"rotation":{"origin":[5.25,4.5,4.5],"axis":"z","angle":45},"faces":{"north":{"texture":"#0","uv":[2.5,2,5.5,5]},"east":{"texture":"#0","uv":[1.5,1.5,4.5,4.5]},"south":{"texture":"#0","uv":[2,1.5,5.5,5]},"west":{"texture":"#0","uv":[1.5,1.5,4,4]},"up":{"texture":"#0","uv":[1,1,4.5,4.5]},"down":{"texture":"#0","uv":[1.5,2,4.5,5]}}},{"from":[9.25,-0.16,4.5],"to":[10.66,5.5,7.5],"rotation":{"origin":[9.25,5.5,4.5],"axis":"z","angle":-45},"faces":{"north":{"texture":"#0","uv":[2.5,2,5.5,5]},"east":{"texture":"#0","uv":[1.5,1.5,4.5,4.5]},"south":{"texture":"#0","uv":[2,1.5,5.5,5]},"west":{"texture":"#0","uv":[1.5,1.5,4,4]},"up":{"texture":"#0","uv":[1,1,4.5,4.5]},"down":{"texture":"#0","uv":[1.5,2,4.5,5]}}},{"from":[5.25,1.5,4.5],"to":[6.66,4.5,10.16],"rotation":{"origin":[5.25,1.5,4.5],"axis":"y","angle":45},"faces":{"north":{"texture":"#0","uv":[2.5,2,5.5,5]},"east":{"texture":"#0","uv":[1.5,1.5,4.5,4.5]},"south":{"texture":"#0","uv":[2,1.5,5.5,5]},"west":{"texture":"#0","uv":[1.5,1.5,4,4]},"up":{"texture":"#0","uv":[1,1,4.5,4.5]},"down":{"texture":"#0","uv":[1.5,2,4.5,5]}}},{"from":[9.25,1.5,3.5],"to":[10.66,4.5,9.16],"rotation":{"origin":[9.25,1.5,3.5],"axis":"y","angle":-45},"faces":{"north":{"texture":"#0","uv":[2.5,2,5.5,5]},"east":{"texture":"#0","uv":[1.5,1.5,4.5,4.5]},"south":{"texture":"#0","uv":[2,1.5,5.5,5]},"west":{"texture":"#0","uv":[1.5,1.5,4,4]},"up":{"texture":"#0","uv":[1,1,4.5,4.5]},"down":{"texture":"#0","uv":[1.5,2,4.5,5]}}},{"from":[6.25,3.5,4.5],"to":[9.25,5.5,8.5],"rotation":{"origin":[6.25,5.5,4.5],"axis":"x","angle":-22.5},"faces":{"north":{"texture":"#0","uv":[2.5,2,5.5,5]},"east":{"texture":"#0","uv":[1.5,1.5,4.5,4.5]},"south":{"texture":"#0","uv":[2,1.5,5.5,5]},"west":{"texture":"#0","uv":[1.5,1.5,4,4]},"up":{"texture":"#0","uv":[1,1,4.5,4.5]},"down":{"texture":"#0","uv":[1.5,2,4.5,5]}}},{"from":[6,6.5125,10.4375],"to":[9.5,6.575,13.1875],"faces":{"up":{"texture":"#3","uv":[0.25,0.25,12.5,8],"rotation":180},"down":{"texture":"#3","uv":[12.5,0.25,0.25,8]}}},{"from":[6.25,5.0625,9.8125],"to":[9.25,7.0625,13.8125],"rotation":{"origin":[6.25,7.0625,9.8125],"axis":"x","angle":22.5},"faces":{"north":{"texture":"#0","uv":[2.5,2,5.5,5]},"east":{"texture":"#0","uv":[1.5,1.5,4.5,4.5]},"south":{"texture":"#0","uv":[2,1.5,5.5,5]},"west":{"texture":"#0","uv":[1.5,1.5,4,4]},"up":{"texture":"#0","uv":[1,1,4.5,4.5]},"down":{"texture":"#0","uv":[1.5,2,4.5,5]}}},{"from":[5.95,6,18.25],"to":[6.5,8.5,18.3125],"rotation":{"origin":[5.25,9.5,16.25],"axis":"x","angle":22.5},"faces":{"north":{"texture":"#3","uv":[0.25,0.25,12.5,8],"rotation":90},"south":{"texture":"#3","uv":[12.5,0.25,0.25,8],"rotation":270}}},{"from":[6,6.475,4.875],"to":[9.5,6.5375,7.625],"faces":{"up":{"texture":"#3","uv":[0.25,0.25,12.5,8]},"down":{"texture":"#3","uv":[12.5,0.25,0.25,8],"rotation":180}}},{"from":[6.25,7.1875,19.1875],"to":[9.75,8.3875,19.25],"rotation":{"origin":[6.25,9.5875,17.9875],"axis":"x","angle":45},"faces":{"north":{"texture":"#3","uv":[0.25,8.75,12.25,15.25]},"south":{"texture":"#3","uv":[12.25,8.75,0.25,15.25]}}},{"from":[6.25,5.3875,16.9375],"to":[9.75,6.5875,17],"faces":{"north":{"texture":"#3","uv":[0.25,8.75,12.25,15.25],"rotation":180},"south":{"texture":"#3","uv":[12.25,8.75,0.25,15.25],"rotation":180}}},{"from":[9.5,6,18.25],"to":[10.05,8.5,18.3125],"rotation":{"origin":[9.5,9.5,16.25],"axis":"x","angle":22.5},"faces":{"north":{"texture":"#3","uv":[0.25,0.25,12.5,8],"rotation":270},"south":{"texture":"#3","uv":[12.5,0.25,0.25,8],"rotation":90}}},{"from":[6.9,9.0625,10.8875],"to":[9.1,10.0625,14.1375],"rotation":{"origin":[7,11.0625,10.6875],"axis":"x","angle":22.5},"faces":{"north":{"texture":"#0","uv":[7.5,1,10.5,4.5]},"east":{"texture":"#0","uv":[8,1.5,11.5,5]},"south":{"texture":"#0","uv":[7.5,1,11,4.5]},"west":{"texture":"#0","uv":[7.5,1.5,11,5.5]},"up":{"texture":"#0","uv":[8.5,2,12,5.5]},"down":{"texture":"#0","uv":[7.5,1.5,11.5,5.5]}}},{"from":[6.8,8.75,-0.25],"to":[9.2,10.25,3.75],"faces":{"north":{"texture":"#0","uv":[7.5,1,10.5,4.5]},"east":{"texture":"#0","uv":[8,1.5,11.5,5]},"south":{"texture":"#0","uv":[7.5,1,11,4.5]},"west":{"texture":"#0","uv":[7.5,1.5,11,5.5]},"up":{"texture":"#0","uv":[8.5,2,12,5.5]},"down":{"texture":"#0","uv":[7.5,1.5,11.5,5.5]}}},{"from":[6.25,9.5,-1],"to":[9.75,10.7,-0.9375],"rotation":{"origin":[6.25,11.5,-1],"axis":"x","angle":-22.5},"faces":{"north":{"texture":"#3","uv":[0.25,8.75,12.25,15.25]},"south":{"texture":"#3","uv":[12.25,8.75,0.25,15.25]}}},{"from":[6.25,8.05,-0.25],"to":[9.75,9.25,-0.1875],"rotation":{"origin":[6.25,9.25,-0.25],"axis":"x","angle":22.5},"faces":{"north":{"texture":"#3","uv":[0.25,8.75,12.25,15.25],"rotation":180},"south":{"texture":"#3","uv":[12.25,8.75,0.25,15.25],"rotation":180}}},{"from":[6.075,8.25,-1],"to":[6.625,10.75,-0.9375],"rotation":{"origin":[5.375,9.25,-1],"axis":"y","angle":-22.5},"faces":{"north":{"texture":"#3","uv":[0.25,0.25,12.5,8],"rotation":90},"south":{"texture":"#3","uv":[12.5,0.25,0.25,8],"rotation":270}}},{"from":[9.5,8.25,-0.5625],"to":[10.05,10.75,-0.5],"rotation":{"origin":[9.5,9.25,-0.5625],"axis":"y","angle":22.5},"faces":{"north":{"texture":"#3","uv":[0.25,0.25,12.5,8],"rotation":270},"south":{"texture":"#3","uv":[12.5,0.25,0.25,8],"rotation":90}}},{"from":[5.45,5,8.125],"to":[6.45,8.5,9.875],"faces":{"west":{"texture":"#4","uv":[2.5,0.25,8.25,14.5]}}},{"from":[7,3.05,7],"to":[9,5.05,11],"faces":{"north":{"texture":"#0","uv":[2,1.5,5,5]},"east":{"texture":"#0","uv":[0.75,1,4.25,4.5]},"south":{"texture":"#0","uv":[0.5,1.5,4,5]},"west":{"texture":"#0","uv":[2,1.25,5.5,5.25]},"up":{"texture":"#0","uv":[1.5,1.75,5,5.25]},"down":{"texture":"#0","uv":[1.25,1.25,5.25,5.25]}}},{"from":[6,3.05,8],"to":[10,5.05,10],"faces":{"north":{"texture":"#0","uv":[2,1.5,5,5]},"east":{"texture":"#0","uv":[0.75,1,4.25,4.5]},"south":{"texture":"#0","uv":[0.5,1.5,4,5]},"west":{"texture":"#0","uv":[2,1.25,5.5,5.25]},"up":{"texture":"#0","uv":[1.5,1.75,5,5.25]},"down":{"texture":"#0","uv":[1.25,1.25,5.25,5.25]}}},{"from":[6,3.05,8],"to":[7.41,5.05,12.24],"rotation":{"origin":[6,3.05,8],"axis":"y","angle":45},"faces":{"north":{"texture":"#0","uv":[2,1.5,5,5]},"east":{"texture":"#0","uv":[0.75,1,4.25,4.5]},"south":{"texture":"#0","uv":[0.5,1.5,4,5]},"west":{"texture":"#0","uv":[2,1.25,5.5,5.25]},"up":{"texture":"#0","uv":[1.5,1.75,5,5.25]},"down":{"texture":"#0","uv":[1.25,1.25,5.25,5.25]}}},{"from":[9,3.05,7],"to":[10.41,5.05,11.24],"rotation":{"origin":[9,3.05,7],"axis":"y","angle":-45},"faces":{"north":{"texture":"#0","uv":[2,1.5,5,5]},"east":{"texture":"#0","uv":[0.75,1,4.25,4.5]},"south":{"texture":"#0","uv":[0.5,1.5,4,5]},"west":{"texture":"#0","uv":[2,1.25,5.5,5.25]},"up":{"texture":"#0","uv":[1.5,1.75,5,5.25]},"down":{"texture":"#0","uv":[1.25,1.25,5.25,5.25]}}},{"from":[5.5,3.05,8.125],"to":[6.875,5.05,9.875],"faces":{"north":{"texture":"#0","uv":[2,1.5,5,5]},"east":{"texture":"#0","uv":[0.75,1,4.25,4.5]},"south":{"texture":"#0","uv":[0.5,1.5,4,5]},"west":{"texture":"#0","uv":[2,1.25,5.5,5.25]},"up":{"texture":"#0","uv":[1.5,1.75,5,5.25]},"down":{"texture":"#0","uv":[1.25,1.25,5.25,5.25]}}},{"from":[6,3.05,7],"to":[7,5.05,11],"faces":{"north":{"texture":"#0","uv":[2,1.5,5,5]},"east":{"texture":"#0","uv":[0.75,1,4.25,4.5]},"south":{"texture":"#0","uv":[0.5,1.5,4,5]},"west":{"texture":"#0","uv":[2,1.25,5.5,5.25]},"up":{"texture":"#0","uv":[1.5,1.75,5,5.25]},"down":{"texture":"#0","uv":[1.25,1.25,5.25,5.25]}}},{"from":[6,3.05,7],"to":[6.75,5.05,8.25],"rotation":{"origin":[6,3.05,7],"axis":"y","angle":-22.5},"faces":{"north":{"texture":"#0","uv":[2,1.5,5,5]},"east":{"texture":"#0","uv":[0.75,1,4.25,4.5]},"south":{"texture":"#0","uv":[0.5,1.5,4,5]},"west":{"texture":"#0","uv":[2,1.25,5.5,5.25]},"up":{"texture":"#0","uv":[1.5,1.75,5,5.25]},"down":{"texture":"#0","uv":[1.25,1.25,5.25,5.25]}}},{"from":[5.52,3.05,9.8425],"to":[6.27,5.05,11.0925],"rotation":{"origin":[5.52,3.05,9.8425],"axis":"y","angle":22.5},"faces":{"north":{"texture":"#0","uv":[2,1.5,5,5]},"east":{"texture":"#0","uv":[0.75,1,4.25,4.5]},"south":{"texture":"#0","uv":[0.5,1.5,4,5]},"west":{"texture":"#0","uv":[2,1.25,5.5,5.25]},"up":{"texture":"#0","uv":[1.5,1.75,5,5.25]},"down":{"texture":"#0","uv":[1.25,1.25,5.25,5.25]}}},{"from":[6.25,5,5.5],"to":[6.3125,6.5,8.25],"rotation":{"origin":[6.25,6.5,5.5],"axis":"z","angle":-22.5},"faces":{"east":{"texture":"#3","uv":[12.25,8.75,0.25,15.25],"rotation":180},"west":{"texture":"#3","uv":[0.25,8.75,12.25,15.25],"rotation":180}}},{"from":[6.25,5,9.75],"to":[6.3125,6.5,12.5],"rotation":{"origin":[6.25,6.5,9.75],"axis":"z","angle":-22.5},"faces":{"east":{"texture":"#3","uv":[0.25,8.75,12.25,15.25],"rotation":180},"west":{"texture":"#3","uv":[12.25,8.75,0.25,15.25],"rotation":180}}},{"from":[5.6375,5,7.6775],"to":[6.6375,8.5,8.1775],"rotation":{"origin":[5.6375,5,7.6775],"axis":"y","angle":-22.5},"faces":{"west":{"texture":"#4","uv":[0.25,0.25,2.5,14.5]}}},{"from":[5.4375,5,9.855],"to":[6.4375,8.5,10.355],"rotation":{"origin":[5.4375,5,9.855],"axis":"y","angle":22.5},"faces":{"west":{"texture":"#4","uv":[8.25,0.25,10.5,14.5]}}},{"from":[9.2,5.05,9.75],"to":[9.2625,6.55,12.5],"rotation":{"origin":[9.2,6.55,9.75],"axis":"z","angle":22.5},"faces":{"east":{"texture":"#3","uv":[0.25,8.75,12.25,15.25],"rotation":180},"west":{"texture":"#3","uv":[12.25,8.75,0.25,15.25],"rotation":180}}},{"from":[9.2,5.05,5.5],"to":[9.2625,6.55,8.25],"rotation":{"origin":[9.2,6.55,5.5],"axis":"z","angle":22.5},"faces":{"east":{"texture":"#3","uv":[12.25,8.75,0.25,15.25],"rotation":180},"west":{"texture":"#3","uv":[0.25,8.75,12.25,15.25],"rotation":180}}},{"from":[9.25,3.25,7.5],"to":[13.5,5.75,10.5],"rotation":{"origin":[9.25,5.75,7.5],"axis":"z","angle":-22.5},"faces":{"north":{"texture":"#0","uv":[2.5,2,5.5,5]},"east":{"texture":"#0","uv":[1.5,1.5,4.5,4.5]},"south":{"texture":"#0","uv":[2,1.5,5.5,5]},"west":{"texture":"#0","uv":[1.5,1.5,4,4]},"up":{"texture":"#0","uv":[1,1,4.5,4.5]},"down":{"texture":"#0","uv":[1.5,2,4.5,5]}}},{"from":[12.25,2.25,8],"to":[14.25,4,10],"faces":{"north":{"texture":"#0","uv":[2.5,2,5.5,5]},"east":{"texture":"#0","uv":[1.5,1.5,4.5,4.5]},"south":{"texture":"#0","uv":[2,1.5,5.5,5]},"west":{"texture":"#0","uv":[1.5,1.5,4,4]},"up":{"texture":"#0","uv":[1,1,4.5,4.5]},"down":{"texture":"#0","uv":[1.5,2,4.5,5]}}},{"from":[13.5,2.5,8],"to":[14.75,3.5,9],"rotation":{"origin":[13.5,3.5,8],"axis":"z","angle":45},"faces":{"north":{"texture":"#0","uv":[2.5,2,5.5,5]},"east":{"texture":"#0","uv":[1.5,1.5,4.5,4.5]},"south":{"texture":"#0","uv":[2,1.5,5.5,5]},"west":{"texture":"#0","uv":[1.5,1.5,4,4]},"up":{"texture":"#0","uv":[1,1,4.5,4.5]},"down":{"texture":"#0","uv":[1.5,2,4.5,5]}}},{"from":[13.5,2.25,9],"to":[15,3.25,10],"rotation":{"origin":[13.5,3.25,9],"axis":"z","angle":45},"faces":{"north":{"texture":"#0","uv":[2.5,2,5.5,5]},"east":{"texture":"#0","uv":[1.5,1.5,4.5,4.5]},"south":{"texture":"#0","uv":[2,1.5,5.5,5]},"west":{"texture":"#0","uv":[1.5,1.5,4,4]},"up":{"texture":"#0","uv":[1,1,4.5,4.5]},"down":{"texture":"#0","uv":[1.5,2,4.5,5]}}},{"from":[11.875,4.4375,6.5],"to":[13.575,4.5375,11.7],"rotation":{"origin":[13.675,10.8375,8.3],"axis":"z","angle":-22.5},"faces":{"up":{"texture":"#3","uv":[12.5,0.2,0.2,8],"rotation":90},"down":{"texture":"#3","uv":[0.2,0.2,12.5,8],"rotation":90}}},{"from":[6.75,-0.25,5],"to":[9,0.5,7],"faces":{"north":{"texture":"#0","uv":[2,7.75,5.5,10]},"east":{"texture":"#0","uv":[1.5,8.5,5,11.5]},"south":{"texture":"#0","uv":[1,8,4,10.5]},"west":{"texture":"#0","uv":[0.75,8,4,10.5]},"up":{"texture":"#0","uv":[2,7.75,5.25,11.5]},"down":{"texture":"#0","uv":[1,7.5,4.75,11]}}},{"from":[6.5,-3.5,5.5],"to":[7.5,-1,6.5],"rotation":{"origin":[6.5,-1,5.5],"axis":"z","angle":22.5},"faces":{"north":{"texture":"#0","uv":[2,7.75,5.5,10]},"east":{"texture":"#0","uv":[1.5,8.5,5,11.5]},"south":{"texture":"#0","uv":[1,8,4,10.5]},"west":{"texture":"#0","uv":[0.75,8,4,10.5]},"up":{"texture":"#0","uv":[2,7.75,5.25,11.5]},"down":{"texture":"#0","uv":[1,7.5,4.75,11]}}},{"from":[5.5,-3.5,5.5],"to":[10,-2.75,6.5],"faces":{"north":{"texture":"#0","uv":[2,7.75,5.5,10]},"east":{"texture":"#0","uv":[1.5,8.5,5,11.5]},"south":{"texture":"#0","uv":[1,8,4,10.5]},"west":{"texture":"#0","uv":[0.75,8,4,10.5]},"up":{"texture":"#0","uv":[2,7.75,5.25,11.5]},"down":{"texture":"#0","uv":[1,7.5,4.75,11]}}},{"from":[10,-3.5,5.5],"to":[10.75,-2.75,6.5],"rotation":{"origin":[10,-2.75,5.5],"axis":"z","angle":-22.5},"faces":{"north":{"texture":"#0","uv":[2,7.75,5.5,10]},"east":{"texture":"#0","uv":[1.5,8.5,5,11.5]},"south":{"texture":"#0","uv":[1,8,4,10.5]},"west":{"texture":"#0","uv":[0.75,8,4,10.5]},"up":{"texture":"#0","uv":[2,7.75,5.25,11.5]},"down":{"texture":"#0","uv":[1,7.5,4.75,11]}}},{"from":[6.0625,-3.5,4],"to":[8.3125,-2.75,4.75],"rotation":{"origin":[6.0625,-3.5,4],"axis":"y","angle":-45},"faces":{"north":{"texture":"#0","uv":[2,7.75,5.5,10]},"east":{"texture":"#0","uv":[1.5,8.5,5,11.5]},"south":{"texture":"#0","uv":[1,8,4,10.5]},"west":{"texture":"#0","uv":[0.75,8,4,10.5]},"up":{"texture":"#0","uv":[2,7.75,5.25,11.5]},"down":{"texture":"#0","uv":[1,7.5,4.75,11]}}},{"from":[5.5,-3.5,7.5],"to":[7.75,-2.75,8.25],"rotation":{"origin":[5.5,-3.5,7.5],"axis":"y","angle":45},"faces":{"north":{"texture":"#0","uv":[2,7.75,5.5,10]},"east":{"texture":"#0","uv":[1.5,8.5,5,11.5]},"south":{"texture":"#0","uv":[1,8,4,10.5]},"west":{"texture":"#0","uv":[0.75,8,4,10.5]},"up":{"texture":"#0","uv":[2,7.75,5.25,11.5]},"down":{"texture":"#0","uv":[1,7.5,4.75,11]}}},{"from":[5.1875,-3.5,4],"to":[6.0625,-2.75,4.75],"faces":{"north":{"texture":"#0","uv":[2,7.75,5.5,10]},"east":{"texture":"#0","uv":[1.5,8.5,5,11.5]},"south":{"texture":"#0","uv":[1,8,4,10.5]},"west":{"texture":"#0","uv":[0.75,8,4,10.5]},"up":{"texture":"#0","uv":[2,7.75,5.25,11.5]},"down":{"texture":"#0","uv":[1,7.5,4.75,11]}}},{"from":[5.1875,-3.5,7.3125],"to":[6,-2.75,8.0625],"faces":{"north":{"texture":"#0","uv":[2,7.75,5.5,10]},"east":{"texture":"#0","uv":[1.5,8.5,5,11.5]},"south":{"texture":"#0","uv":[1,8,4,10.5]},"west":{"texture":"#0","uv":[0.75,8,4,10.5]},"up":{"texture":"#0","uv":[2,7.75,5.25,11.5]},"down":{"texture":"#0","uv":[1,7.5,4.75,11]}}},{"from":[4.52,-3.78,7.3125],"to":[5.27,-3.03,8.0625],"rotation":{"origin":[4.52,-3.03,7.3125],"axis":"z","angle":22.5},"faces":{"north":{"texture":"#0","uv":[2,7.75,5.5,10]},"east":{"texture":"#0","uv":[1.5,8.5,5,11.5]},"south":{"texture":"#0","uv":[1,8,4,10.5]},"west":{"texture":"#0","uv":[0.75,8,4,10.5]},"up":{"texture":"#0","uv":[2,7.75,5.25,11.5]},"down":{"texture":"#0","uv":[1,7.5,4.75,11]}}},{"from":[4.52,-3.78,4],"to":[5.27,-3.03,4.75],"rotation":{"origin":[4.52,-3.03,4],"axis":"z","angle":22.5},"faces":{"north":{"texture":"#0","uv":[2,7.75,5.5,10]},"east":{"texture":"#0","uv":[1.5,8.5,5,11.5]},"south":{"texture":"#0","uv":[1,8,4,10.5]},"west":{"texture":"#0","uv":[0.75,8,4,10.5]},"up":{"texture":"#0","uv":[2,7.75,5.25,11.5]},"down":{"texture":"#0","uv":[1,7.5,4.75,11]}}},{"from":[4.8,-3.78,5.5],"to":[5.55,-3.03,6.5],"rotation":{"origin":[4.8,-3.03,5.5],"axis":"z","angle":22.5},"faces":{"north":{"texture":"#0","uv":[2,7.75,5.5,10]},"east":{"texture":"#0","uv":[1.5,8.5,5,11.5]},"south":{"texture":"#0","uv":[1,8,4,10.5]},"west":{"texture":"#0","uv":[0.75,8,4,10.5]},"up":{"texture":"#0","uv":[2,7.75,5.25,11.5]},"down":{"texture":"#0","uv":[1,7.5,4.75,11]}}},{"from":[6.5,-2,5.5],"to":[9,-1,6.5],"rotation":{"origin":[6.5,-1,5.5],"axis":"z","angle":45},"faces":{"north":{"texture":"#0","uv":[2,7.75,5.5,10]},"east":{"texture":"#0","uv":[1.5,8.5,5,11.5]},"south":{"texture":"#0","uv":[1,8,4,10.5]},"west":{"texture":"#0","uv":[0.75,8,4,10.5]},"up":{"texture":"#0","uv":[2,7.75,5.25,11.5]},"down":{"texture":"#0","uv":[1,7.5,4.75,11]}}},{"from":[4.0625,-4.0625,4.125],"to":[4.8125,-3.5625,4.625],"rotation":{"origin":[4.0625,-3.5625,4.125],"axis":"z","angle":45},"faces":{"north":{"texture":"#0","uv":[7.75,8.5,11.25,11.5]},"east":{"texture":"#0","uv":[8.25,8.25,11.75,11.5]},"south":{"texture":"#0","uv":[8.25,8.5,12,11.75]},"west":{"texture":"#0","uv":[7.5,8.25,10.75,11.75]},"up":{"texture":"#0","uv":[8.25,8.75,11.75,11.75]},"down":{"texture":"#0","uv":[7.25,8.5,11.25,11]}}},{"from":[4.0625,-4.0625,7.4375],"to":[4.8125,-3.5625,7.9375],"rotation":{"origin":[4.0625,-3.5625,7.4375],"axis":"z","angle":45},"faces":{"north":{"texture":"#0","uv":[7.75,8.5,11.25,11.5]},"east":{"texture":"#0","uv":[8.25,8.25,11.75,11.5]},"south":{"texture":"#0","uv":[8.25,8.5,12,11.75]},"west":{"texture":"#0","uv":[7.5,8.25,10.75,11.75]},"up":{"texture":"#0","uv":[8.25,8.75,11.75,11.75]},"down":{"texture":"#0","uv":[7.25,8.5,11.25,11]}}},{"from":[4.25,-4.0625,5.75],"to":[5,-3.5625,6.25],"rotation":{"origin":[4.25,-3.5625,5.75],"axis":"z","angle":45},"faces":{"north":{"texture":"#0","uv":[7.75,8.5,11.25,11.5]},"east":{"texture":"#0","uv":[8.25,8.25,11.75,11.5]},"south":{"texture":"#0","uv":[8.25,8.5,12,11.75]},"west":{"texture":"#0","uv":[7.5,8.25,10.75,11.75]},"up":{"texture":"#0","uv":[8.25,8.75,11.75,11.75]},"down":{"texture":"#0","uv":[7.25,8.5,11.25,11]}}},{"from":[10.5625,-3.5,5.75],"to":[11.3125,-3,6.25],"rotation":{"origin":[10.5625,-3,5.75],"axis":"z","angle":-45},"faces":{"north":{"texture":"#0","uv":[7.75,8.5,11.25,11.5]},"east":{"texture":"#0","uv":[8.25,8.25,11.75,11.5]},"south":{"texture":"#0","uv":[8.25,8.5,12,11.75]},"west":{"texture":"#0","uv":[7.5,8.25,10.75,11.75]},"up":{"texture":"#0","uv":[8.25,8.75,11.75,11.75]},"down":{"texture":"#0","uv":[7.25,8.5,11.25,11]}}},{"from":[6.75,-0.25,11],"to":[9,0.5,13],"faces":{"north":{"texture":"#0","uv":[2,7.75,5.5,10]},"east":{"texture":"#0","uv":[1.5,8.5,5,11.5]},"south":{"texture":"#0","uv":[1,8,4,10.5]},"west":{"texture":"#0","uv":[0.75,8,4,10.5]},"up":{"texture":"#0","uv":[2,7.75,5.25,11.5]},"down":{"texture":"#0","uv":[1,7.5,4.75,11]}}},{"from":[6.5,-3.5,11.5],"to":[7.5,-1,12.5],"rotation":{"origin":[6.5,-1,11.5],"axis":"z","angle":22.5},"faces":{"north":{"texture":"#0","uv":[2,7.75,5.5,10]},"east":{"texture":"#0","uv":[1.5,8.5,5,11.5]},"south":{"texture":"#0","uv":[1,8,4,10.5]},"west":{"texture":"#0","uv":[0.75,8,4,10.5]},"up":{"texture":"#0","uv":[2,7.75,5.25,11.5]},"down":{"texture":"#0","uv":[1,7.5,4.75,11]}}},{"from":[5.5,-3.5,11.5],"to":[10,-2.75,12.5],"faces":{"north":{"texture":"#0","uv":[2,7.75,5.5,10]},"east":{"texture":"#0","uv":[1.5,8.5,5,11.5]},"south":{"texture":"#0","uv":[1,8,4,10.5]},"west":{"texture":"#0","uv":[0.75,8,4,10.5]},"up":{"texture":"#0","uv":[2,7.75,5.25,11.5]},"down":{"texture":"#0","uv":[1,7.5,4.75,11]}}},{"from":[10,-3.5,11.5],"to":[10.75,-2.75,12.5],"rotation":{"origin":[10,-2.75,11.5],"axis":"z","angle":-22.5},"faces":{"north":{"texture":"#0","uv":[2,7.75,5.5,10]},"east":{"texture":"#0","uv":[1.5,8.5,5,11.5]},"south":{"texture":"#0","uv":[1,8,4,10.5]},"west":{"texture":"#0","uv":[0.75,8,4,10.5]},"up":{"texture":"#0","uv":[2,7.75,5.25,11.5]},"down":{"texture":"#0","uv":[1,7.5,4.75,11]}}},{"from":[6.0625,-3.5,10],"to":[8.3125,-2.75,10.75],"rotation":{"origin":[6.0625,-3.5,10],"axis":"y","angle":-45},"faces":{"north":{"texture":"#0","uv":[2,7.75,5.5,10]},"east":{"texture":"#0","uv":[1.5,8.5,5,11.5]},"south":{"texture":"#0","uv":[1,8,4,10.5]},"west":{"texture":"#0","uv":[0.75,8,4,10.5]},"up":{"texture":"#0","uv":[2,7.75,5.25,11.5]},"down":{"texture":"#0","uv":[1,7.5,4.75,11]}}},{"from":[5.5,-3.5,13.5],"to":[7.75,-2.75,14.25],"rotation":{"origin":[5.5,-3.5,13.5],"axis":"y","angle":45},"faces":{"north":{"texture":"#0","uv":[2,7.75,5.5,10]},"east":{"texture":"#0","uv":[1.5,8.5,5,11.5]},"south":{"texture":"#0","uv":[1,8,4,10.5]},"west":{"texture":"#0","uv":[0.75,8,4,10.5]},"up":{"texture":"#0","uv":[2,7.75,5.25,11.5]},"down":{"texture":"#0","uv":[1,7.5,4.75,11]}}},{"from":[5.1875,-3.5,10],"to":[6.0625,-2.75,10.75],"faces":{"north":{"texture":"#0","uv":[2,7.75,5.5,10]},"east":{"texture":"#0","uv":[1.5,8.5,5,11.5]},"south":{"texture":"#0","uv":[1,8,4,10.5]},"west":{"texture":"#0","uv":[0.75,8,4,10.5]},"up":{"texture":"#0","uv":[2,7.75,5.25,11.5]},"down":{"texture":"#0","uv":[1,7.5,4.75,11]}}},{"from":[5.1875,-3.5,13.3125],"to":[6,-2.75,14.0625],"faces":{"north":{"texture":"#0","uv":[2,7.75,5.5,10]},"east":{"texture":"#0","uv":[1.5,8.5,5,11.5]},"south":{"texture":"#0","uv":[1,8,4,10.5]},"west":{"texture":"#0","uv":[0.75,8,4,10.5]},"up":{"texture":"#0","uv":[2,7.75,5.25,11.5]},"down":{"texture":"#0","uv":[1,7.5,4.75,11]}}},{"from":[4.52,-3.78,13.3125],"to":[5.27,-3.03,14.0625],"rotation":{"origin":[4.52,-3.03,13.3125],"axis":"z","angle":22.5},"faces":{"north":{"texture":"#0","uv":[2,7.75,5.5,10]},"east":{"texture":"#0","uv":[1.5,8.5,5,11.5]},"south":{"texture":"#0","uv":[1,8,4,10.5]},"west":{"texture":"#0","uv":[0.75,8,4,10.5]},"up":{"texture":"#0","uv":[2,7.75,5.25,11.5]},"down":{"texture":"#0","uv":[1,7.5,4.75,11]}}},{"from":[4.52,-3.78,10],"to":[5.27,-3.03,10.75],"rotation":{"origin":[4.52,-3.03,10],"axis":"z","angle":22.5},"faces":{"north":{"texture":"#0","uv":[2,7.75,5.5,10]},"east":{"texture":"#0","uv":[1.5,8.5,5,11.5]},"south":{"texture":"#0","uv":[1,8,4,10.5]},"west":{"texture":"#0","uv":[0.75,8,4,10.5]},"up":{"texture":"#0","uv":[2,7.75,5.25,11.5]},"down":{"texture":"#0","uv":[1,7.5,4.75,11]}}},{"from":[4.8,-3.78,11.5],"to":[5.55,-3.03,12.5],"rotation":{"origin":[4.8,-3.03,11.5],"axis":"z","angle":22.5},"faces":{"north":{"texture":"#0","uv":[2,7.75,5.5,10]},"east":{"texture":"#0","uv":[1.5,8.5,5,11.5]},"south":{"texture":"#0","uv":[1,8,4,10.5]},"west":{"texture":"#0","uv":[0.75,8,4,10.5]},"up":{"texture":"#0","uv":[2,7.75,5.25,11.5]},"down":{"texture":"#0","uv":[1,7.5,4.75,11]}}},{"from":[6.5,-2,11.5],"to":[9,-1,12.5],"rotation":{"origin":[6.5,-1,11.5],"axis":"z","angle":45},"faces":{"north":{"texture":"#0","uv":[2,7.75,5.5,10]},"east":{"texture":"#0","uv":[1.5,8.5,5,11.5]},"south":{"texture":"#0","uv":[1,8,4,10.5]},"west":{"texture":"#0","uv":[0.75,8,4,10.5]},"up":{"texture":"#0","uv":[2,7.75,5.25,11.5]},"down":{"texture":"#0","uv":[1,7.5,4.75,11]}}},{"from":[4.0625,-4.0625,10.125],"to":[4.8125,-3.5625,10.625],"rotation":{"origin":[4.0625,-3.5625,10.125],"axis":"z","angle":45},"faces":{"north":{"texture":"#0","uv":[7.75,8.5,11.25,11.5]},"east":{"texture":"#0","uv":[8.25,8.25,11.75,11.5]},"south":{"texture":"#0","uv":[8.25,8.5,12,11.75]},"west":{"texture":"#0","uv":[7.5,8.25,10.75,11.75]},"up":{"texture":"#0","uv":[8.25,8.75,11.75,11.75]},"down":{"texture":"#0","uv":[7.25,8.5,11.25,11]}}},{"from":[4.0625,-4.0625,13.4375],"to":[4.8125,-3.5625,13.9375],"rotation":{"origin":[4.0625,-3.5625,13.4375],"axis":"z","angle":45},"faces":{"north":{"texture":"#0","uv":[7.75,8.5,11.25,11.5]},"east":{"texture":"#0","uv":[8.25,8.25,11.75,11.5]},"south":{"texture":"#0","uv":[8.25,8.5,12,11.75]},"west":{"texture":"#0","uv":[7.5,8.25,10.75,11.75]},"up":{"texture":"#0","uv":[8.25,8.75,11.75,11.75]},"down":{"texture":"#0","uv":[7.25,8.5,11.25,11]}}},{"from":[4.25,-4.0625,11.75],"to":[5,-3.5625,12.25],"rotation":{"origin":[4.25,-3.5625,11.75],"axis":"z","angle":45},"faces":{"north":{"texture":"#0","uv":[7.75,8.5,11.25,11.5]},"east":{"texture":"#0","uv":[8.25,8.25,11.75,11.5]},"south":{"texture":"#0","uv":[8.25,8.5,12,11.75]},"west":{"texture":"#0","uv":[7.5,8.25,10.75,11.75]},"up":{"texture":"#0","uv":[8.25,8.75,11.75,11.75]},"down":{"texture":"#0","uv":[7.25,8.5,11.25,11]}}},{"from":[10.5625,-3.5,11.75],"to":[11.3125,-3,12.25],"rotation":{"origin":[10.5625,-3,11.75],"axis":"z","angle":-45},"faces":{"north":{"texture":"#0","uv":[7.75,8.5,11.25,11.5]},"east":{"texture":"#0","uv":[8.25,8.25,11.75,11.5]},"south":{"texture":"#0","uv":[8.25,8.5,12,11.75]},"west":{"texture":"#0","uv":[7.5,8.25,10.75,11.75]},"up":{"texture":"#0","uv":[8.25,8.75,11.75,11.75]},"down":{"texture":"#0","uv":[7.25,8.5,11.25,11]}}}],"display":{"head":{"rotation":[0,-90,0],"translation":[2,-20,0],"scale":[2,2,2]},"gui":{"rotation":[30,50,0],"translation":[0,0.5,0],"scale":[0.6,0.6,0.6]},"thirdperson_righthand":{"scale":[0,0,0]},"thirdperson_lefthand":{"scale":[0,0,0]},"firstperson_righthand":{"scale":[0,0,0]},"firstperson_lefthand":{"scale":[0,0,0]}}}