{"credit":"Made by MadstonMagic using Cubik Pro, Copyright © MadstonMagic Modeling 2015-2017. All rights reserved","textures":{"texture":"pokemon_skins/regular/poochyena/poochyena","details_paw_2":"pokemon_skins/regular/poochyena/details_paw_2","details_paw_1":"pokemon_skins/regular/poochyena/details_paw_1","details_head":"pokemon_skins/regular/poochyena/details_head","details_fur_2":"pokemon_skins/regular/poochyena/details_fur_2","details_fur_1":"pokemon_skins/regular/poochyena/details_fur_1","particle":"pokemon_skins/regular/poochyena/ear"},"elements":[{"name":"cube","from":[3.5,3.5,5.5],"to":[6.5,6.5,10.5],"faces":{"north":{"uv":[5,13.5,6.5,15],"texture":"#texture"},"east":{"uv":[1.5,13.75,3,15.25],"texture":"#texture"},"south":{"uv":[4.5,13,6,14.5],"texture":"#texture"},"west":{"uv":[5,13.75,6.5,15.25],"texture":"#texture"},"up":{"uv":[4.5,13,6,14.5],"texture":"#texture"},"down":{"uv":[4.5,13.5,6.5,15.5],"texture":"#texture"}}},{"name":"cube","from":[2.5,3.5,6.5],"to":[5,6.5,9.5],"faces":{"north":{"uv":[0.75,13.75,2.25,15.25],"texture":"#texture"},"east":{"uv":[1.25,13,2.75,14.5],"texture":"#texture"},"south":{"uv":[1.25,13.75,2.75,15.25],"texture":"#texture"},"west":{"uv":[1,13.25,2.5,14.75],"texture":"#texture"},"up":{"uv":[1.5,13.25,3,14.75],"texture":"#texture"},"down":{"uv":[1,13.75,2.75,15.5],"texture":"#texture"}}},{"name":"cube","from":[3.5,2.5,6.5],"to":[6.5,7.5,9.5],"faces":{"north":{"uv":[5,13.5,6.5,15],"texture":"#texture"},"east":{"uv":[4.5,13.25,6,14.75],"texture":"#texture"},"south":{"uv":[4.5,13,6,14.5],"texture":"#texture"},"west":{"uv":[1,13.5,2.5,15],"texture":"#texture"},"up":{"uv":[4.5,13,6,14.5],"texture":"#texture"},"down":{"uv":[4.5,13.5,6.5,15.5],"texture":"#texture"}}},{"name":"cube","from":[3.5,0.85,5.5],"to":[6.5,6.5,6.91],"rotation":{"angle":-45,"axis":"x","origin":[3.5,6.5,5.5]},"faces":{"north":{"uv":[5,13.5,6.5,15],"texture":"#texture"},"east":{"uv":[4.5,14,6,15.5],"texture":"#texture"},"south":{"uv":[4.5,13,6,14.5],"texture":"#texture"},"west":{"uv":[4,13.5,5.5,15],"texture":"#texture"},"up":{"uv":[4.5,13,6,14.5],"texture":"#texture"},"down":{"uv":[4.5,13.5,6.5,15.5],"texture":"#texture"}}},{"name":"cube","from":[3.5,1.85,9.5],"to":[6.5,7.5,10.91],"rotation":{"angle":45,"axis":"x","origin":[3.5,7.5,9.5]},"faces":{"north":{"uv":[5,13.5,6.5,15],"texture":"#texture"},"east":{"uv":[4.5,14,6,15.5],"texture":"#texture"},"south":{"uv":[4.5,13,6,14.5],"texture":"#texture"},"west":{"uv":[4,13.5,5.5,15],"texture":"#texture"},"up":{"uv":[4.5,13,6,14.5],"texture":"#texture"},"down":{"uv":[4.5,13.5,6.5,15.5],"texture":"#texture"}}},{"name":"cube","from":[2.5,0.85,6.5],"to":[3.91,6.5,9.5],"rotation":{"angle":45,"axis":"z","origin":[2.5,6.5,6.5]},"faces":{"north":{"uv":[5,13.5,6.5,15],"texture":"#texture"},"east":{"uv":[4.5,14,6,15.5],"texture":"#texture"},"south":{"uv":[4.5,13,6,14.5],"texture":"#texture"},"west":{"uv":[4,13.5,5.5,15],"texture":"#texture"},"up":{"uv":[4.5,13,6,14.5],"texture":"#texture"},"down":{"uv":[4.5,13.5,6.5,15.5],"texture":"#texture"}}},{"name":"cube","from":[6.5,6.25,6.5],"to":[7.91,7.5,9.5],"rotation":{"angle":-45,"axis":"z","origin":[6.5,7.5,6.5]},"faces":{"north":{"uv":[5,13.5,6.5,15],"texture":"#texture"},"east":{"uv":[4.5,14,6,15.5],"texture":"#texture"},"south":{"uv":[4.5,13,6,14.5],"texture":"#texture"},"west":{"uv":[4,13.5,5.5,15],"texture":"#texture"},"up":{"uv":[4.5,13,6,14.5],"texture":"#texture"},"down":{"uv":[4.5,13.5,6.5,15.5],"texture":"#texture"}}},{"name":"cube","from":[6.5,3.5,5.5],"to":[7.91,6.5,6.75],"rotation":{"angle":-45,"axis":"y","origin":[6.5,3.5,5.5]},"faces":{"north":{"uv":[5,13.5,6.5,15],"texture":"#texture"},"east":{"uv":[4.5,14,6,15.5],"texture":"#texture"},"south":{"uv":[4.5,13,6,14.5],"texture":"#texture"},"west":{"uv":[4,13.5,5.5,15],"texture":"#texture"},"up":{"uv":[4.5,13,6,14.5],"texture":"#texture"},"down":{"uv":[4.5,13.5,6.5,15.5],"texture":"#texture"}}},{"name":"cube","from":[5,3.5,6.5],"to":[7.5,6.5,9.5],"faces":{"north":{"uv":[4,13.5,5.5,15],"texture":"#texture"},"east":{"uv":[4.5,14,6,15.5],"texture":"#texture"},"south":{"uv":[5,13.25,6.5,14.75],"texture":"#texture"},"west":{"uv":[5,13.75,6.5,15.25],"texture":"#texture"},"up":{"uv":[4.75,13.5,6.25,15],"texture":"#texture"},"down":{"uv":[4.5,13.25,6,14.75],"texture":"#texture"}}},{"name":"cube","from":[3.3875,3.145,6.5],"to":[4.7975,4.395,9.5],"rotation":{"angle":-45,"axis":"z","origin":[3.3875,4.395,6.5]},"faces":{"north":{"uv":[1.75,13.25,3.25,14.75],"texture":"#texture"},"east":{"uv":[1.75,13.25,3.25,14.75],"texture":"#texture"},"south":{"uv":[2,14,3.5,15.5],"texture":"#texture"},"west":{"uv":[0.75,13.25,2.25,14.75],"texture":"#texture"},"up":{"uv":[1.5,13.75,3,15.25],"texture":"#texture"},"down":{"uv":[2,13,3.5,14.5],"texture":"#texture"}}},{"name":"cube","from":[5.615,3.5,9.615],"to":[7.025,6.5,10.865],"rotation":{"angle":45,"axis":"y","origin":[5.615,3.5,9.615]},"faces":{"north":{"uv":[5,13.5,6.5,15],"texture":"#texture"},"east":{"uv":[4.5,14,6,15.5],"texture":"#texture"},"south":{"uv":[4.5,13,6,14.5],"texture":"#texture"},"west":{"uv":[4,13.5,5.5,15],"texture":"#texture"},"up":{"uv":[4.5,13,6,14.5],"texture":"#texture"},"down":{"uv":[4.5,13.5,6.5,15.5],"texture":"#texture"}}},{"name":"cube","from":[2.5,3.5,6.5],"to":[3.91,5.75,7.75],"rotation":{"angle":45,"axis":"y","origin":[2.5,3.5,6.5]},"faces":{"north":{"uv":[1.75,13.5,3.25,15],"texture":"#texture"},"east":{"uv":[1.5,13.5,3,15],"texture":"#texture"},"south":{"uv":[1,13.25,2.5,14.75],"texture":"#texture"},"west":{"uv":[0.75,13.5,2.25,15],"texture":"#texture"},"up":{"uv":[1.5,13.25,3,14.75],"texture":"#texture"},"down":{"uv":[1,12.75,3,14.75],"texture":"#texture"}}},{"name":"cube","from":[3.385,3.5,8.615],"to":[4.795,5.75,9.865],"rotation":{"angle":-45,"axis":"y","origin":[3.385,3.5,8.615]},"faces":{"north":{"uv":[1.75,13.5,3.25,15],"texture":"#texture"},"east":{"uv":[1.5,13.5,3,15],"texture":"#texture"},"south":{"uv":[1,13.25,2.5,14.75],"texture":"#texture"},"west":{"uv":[0.75,13.5,2.25,15],"texture":"#texture"},"up":{"uv":[1.5,13.25,3,14.75],"texture":"#texture"},"down":{"uv":[1,12.75,3,14.75],"texture":"#texture"}}},{"name":"cube","from":[1,4,7.25],"to":[3.5,5,8.75],"faces":{"north":{"uv":[0.75,13.75,2.25,15.25],"texture":"#texture"},"east":{"uv":[1.25,13,2.75,14.5],"texture":"#texture"},"south":{"uv":[1.25,13.75,2.75,15.25],"texture":"#texture"},"west":{"uv":[1,13.25,2.5,14.75],"texture":"#texture"},"up":{"uv":[1.5,13.25,3,14.75],"texture":"#texture"},"down":{"uv":[1,13.75,2.75,15.5],"texture":"#texture"}}},{"name":"cube","from":[1.0225,3.5,7.25],"to":[4.0225,5,8.75],"rotation":{"angle":22.5,"axis":"z","origin":[1.0225,5,7.25]},"faces":{"north":{"uv":[0.75,13.75,2.25,15.25],"texture":"#texture"},"east":{"uv":[1.25,13,2.75,14.5],"texture":"#texture"},"south":{"uv":[1.25,13.75,2.75,15.25],"texture":"#texture"},"west":{"uv":[1,13.25,2.5,14.75],"texture":"#texture"},"up":{"uv":[1.5,13.25,3,14.75],"texture":"#texture"},"down":{"uv":[1,13.75,2.75,15.5],"texture":"#texture"}}},{"name":"cube","from":[1,4,7.25],"to":[4.5,5,8.75],"rotation":{"angle":22.5,"axis":"y","origin":[1,4,7.25]},"faces":{"north":{"uv":[0.75,13.75,2.25,15.25],"texture":"#texture"},"east":{"uv":[1.25,13,2.75,14.5],"texture":"#texture"},"south":{"uv":[1.25,13.75,2.75,15.25],"texture":"#texture"},"west":{"uv":[1,13.25,2.5,14.75],"texture":"#texture"},"up":{"uv":[1.5,13.25,3,14.75],"texture":"#texture"},"down":{"uv":[1,13.75,2.75,15.5],"texture":"#texture"}}},{"name":"cube","from":[1.5625,4,7.375],"to":[5.0625,5,8.875],"rotation":{"angle":-22.5,"axis":"y","origin":[1.5625,4,7.375]},"faces":{"north":{"uv":[0.75,13.75,2.25,15.25],"texture":"#texture"},"east":{"uv":[1.25,13,2.75,14.5],"texture":"#texture"},"south":{"uv":[1.25,13.75,2.75,15.25],"texture":"#texture"},"west":{"uv":[1,13.25,2.5,14.75],"texture":"#texture"},"up":{"uv":[1.5,13.25,3,14.75],"texture":"#texture"},"down":{"uv":[1,13.75,2.75,15.5],"texture":"#texture"}}},{"name":"cube","from":[2.5,-0.25,7.25],"to":[3.75,3.5,8.75],"rotation":{"angle":22.5,"axis":"z","origin":[2.5,3.5,7.25]},"faces":{"north":{"uv":[0.75,13.75,2.25,15.25],"texture":"#texture"},"east":{"uv":[1.25,13,2.75,14.5],"texture":"#texture"},"south":{"uv":[1.25,13.75,2.75,15.25],"texture":"#texture"},"west":{"uv":[1,13.25,2.5,14.75],"texture":"#texture"},"up":{"uv":[1.5,13.25,3,14.75],"texture":"#texture"},"down":{"uv":[1,13.75,2.75,15.5],"texture":"#texture"}}},{"name":"cube","from":[2.0625,3.625,7.25],"to":[5.3125,5.125,8.75],"rotation":{"angle":-45,"axis":"z","origin":[2.0625,5.125,7.25]},"faces":{"north":{"uv":[0.75,13.75,2.25,15.25],"texture":"#texture"},"east":{"uv":[1.25,13,2.75,14.5],"texture":"#texture"},"south":{"uv":[1.25,13.75,2.75,15.25],"texture":"#texture"},"west":{"uv":[1,13.25,2.5,14.75],"texture":"#texture"},"up":{"uv":[1.5,13.25,3,14.75],"texture":"#texture"},"down":{"uv":[1,13.75,2.75,15.5],"texture":"#texture"}}},{"name":"cube","from":[2.48,5.735,6.75],"to":[3.9175,6.485,9.25],"rotation":{"angle":45,"axis":"z","origin":[2.48,6.485,6.75]},"faces":{"up":{"uv":[10.5,0.25,0.25,9.5],"texture":"#details_head","rotation":180}}},{"name":"cube","from":[2.5,5.75,6.5],"to":[3.91,6.5,7.75],"rotation":{"angle":45,"axis":"y","origin":[2.5,5.75,6.5]},"faces":{"north":{"uv":[4.25,13,5.75,14.5],"texture":"#texture"},"east":{"uv":[5.25,13.75,6.75,15.25],"texture":"#texture"},"south":{"uv":[5,13.25,6.5,14.75],"texture":"#texture"},"west":{"uv":[4.25,13.5,5.75,15],"texture":"#texture"},"up":{"uv":[4.5,13,6,14.5],"texture":"#texture"},"down":{"uv":[4.5,13.75,6,15.25],"texture":"#texture"}}},{"name":"cube","from":[3.385,5.75,8.615],"to":[4.795,6.5,9.865],"rotation":{"angle":-45,"axis":"y","origin":[3.385,5.75,8.615]},"faces":{"north":{"uv":[4.75,13.75,6.25,15.25],"texture":"#texture"},"east":{"uv":[5.25,13.5,6.75,15],"texture":"#texture"},"south":{"uv":[5,13.5,6.5,15],"texture":"#texture"},"west":{"uv":[4.75,13.25,6.25,14.75],"texture":"#texture"},"up":{"uv":[4.75,13.75,6.25,15.25],"texture":"#texture"},"down":{"uv":[5.25,13,6.75,14.5],"texture":"#texture"}}},{"name":"cube","from":[2.475,5.5,6.52],"to":[3.925,6.5,7.5825],"rotation":{"angle":45,"axis":"y","origin":[2.475,5.5,6.52]},"faces":{"north":{"uv":[8,1.25,0.25,5.25],"texture":"#details_head"}}},{"name":"cube","from":[3.48,4.8375,9.505],"to":[5.48,6.0875,10.505],"faces":{"south":{"uv":[0.25,10.75,10.5,15.75],"texture":"#details_head"}}},{"name":"cube","from":[3.2275,5.5,8.73],"to":[4.6775,6.5,9.7925],"rotation":{"angle":-45,"axis":"y","origin":[3.2275,5.5,8.73]},"faces":{"south":{"uv":[0.25,1.25,8,5],"texture":"#details_head"}}},{"name":"cube","from":[3.48,4.8375,5.495],"to":[5.48,6.0875,6.495],"faces":{"north":{"uv":[10.5,10.75,0.25,15.75],"texture":"#details_head"}}},{"name":"cube","from":[3.995,-0.25,6.5],"to":[5.245,3.25,9.5],"faces":{"north":{"uv":[0.75,13.75,2.25,15.25],"texture":"#texture"},"east":{"uv":[1.25,13,2.75,14.5],"texture":"#texture"},"south":{"uv":[1.25,13.75,2.75,15.25],"texture":"#texture"},"west":{"uv":[1,13.25,2.5,14.75],"texture":"#texture"},"up":{"uv":[1.5,13.25,3,14.75],"texture":"#texture"},"down":{"uv":[1,13.75,2.75,15.5],"texture":"#texture"}}},{"name":"cube","from":[3.49,3.8125,9.505],"to":[3.99,5,10.505],"faces":{"north":{"uv":[1,11.25,2.75,13],"texture":"#details_head"},"east":{"uv":[10.5,8,11.5,9.5],"texture":"#details_head"},"south":{"uv":[1,11,3.25,12.5],"texture":"#details_head"},"west":{"uv":[11,6.75,12,8.25],"texture":"#details_head"},"up":{"uv":[11.75,8.5,13.25,9.5],"texture":"#details_head"},"down":{"uv":[11.5,10.5,14.25,12],"texture":"#details_head"}}},{"name":"cube","from":[3.99,3.75,9.505],"to":[5.99,5,10.505],"rotation":{"angle":-22.5,"axis":"z","origin":[3.99,5,9.505]},"faces":{"south":{"uv":[0.25,10.75,10.5,15.75],"texture":"#details_head"}}},{"name":"cube","from":[3.48,3.8125,5.495],"to":[3.98,5,6.495],"faces":{"north":{"uv":[1,11.25,2.75,13],"texture":"#details_head"},"east":{"uv":[10.5,8,11.5,9.5],"texture":"#details_head"},"south":{"uv":[1,11,3.25,12.5],"texture":"#details_head"},"west":{"uv":[11,6.75,12,8.25],"texture":"#details_head"},"up":{"uv":[11.75,8.5,13.25,9.5],"texture":"#details_head"},"down":{"uv":[11.5,10.5,14.25,12],"texture":"#details_head"}}},{"name":"cube","from":[3.98,3.75,5.495],"to":[5.98,5,6.495],"rotation":{"angle":-22.5,"axis":"z","origin":[3.98,5,5.495]},"faces":{"north":{"uv":[10.5,10.75,0.25,15.75],"texture":"#details_head"}}},{"name":"cube","from":[4.75,6.75,9.75],"to":[4.8125,9.75,11.75],"rotation":{"angle":22.5,"axis":"x","origin":[4.75,9.75,9.75]},"faces":{"east":{"uv":[15.5,0.5,8.5,13],"texture":"#particle"},"west":{"uv":[0.5,0.5,7.5,13],"texture":"#particle"}}},{"name":"cube","from":[4.75,6,4.5],"to":[4.8125,9,6.5],"rotation":{"angle":-22.5,"axis":"x","origin":[4.75,9,4.5]},"faces":{"east":{"uv":[8.5,0.5,15.5,13],"texture":"#particle"},"west":{"uv":[7.5,0.5,0.5,13],"texture":"#particle"}}},{"name":"cube","from":[2.495,5.25,6.5],"to":[3.495,6.25,7],"faces":{"west":{"uv":[5.25,0.75,0.5,9.25],"texture":"#texture"}}},{"name":"cube","from":[2.495,5.25,9],"to":[3.495,6.25,9.5],"faces":{"west":{"uv":[0.5,0.75,5.25,9.25],"texture":"#texture"}}},{"name":"cube","from":[2.47,5.25,9.48],"to":[3.47,6.25,10.23],"rotation":{"angle":45,"axis":"y","origin":[2.47,5.25,9.48]},"faces":{"west":{"uv":[5.25,0.75,11.75,9.25],"texture":"#texture"}}},{"name":"cube","from":[2.99,5.25,6],"to":[3.99,6.25,6.75],"rotation":{"angle":-45,"axis":"y","origin":[2.99,5.25,6]},"faces":{"west":{"uv":[11.75,0.75,5.25,9.25],"texture":"#texture"}}},{"name":"cube","from":[0.875,4.5625,7.5],"to":[1.625,5.0625,8.5],"faces":{"north":{"uv":[5.75,4.5,7.25,5.75],"texture":"#texture"},"east":{"uv":[5.75,4,7,5.5],"texture":"#texture"},"south":{"uv":[5.75,4.75,7.25,6.25],"texture":"#texture"},"west":{"uv":[6,3.25,7,4.75],"texture":"#texture"},"up":{"uv":[6.5,4.75,7.5,5.75],"texture":"#texture"},"down":{"uv":[6.25,4.75,7.5,5.75],"texture":"#texture"}}},{"name":"cube","from":[6.5,2.5,6.5],"to":[10.25,4,9.5],"rotation":{"angle":-22.5,"axis":"z","origin":[6.5,4,6.5]},"faces":{"north":{"uv":[5,13.5,6.5,15],"texture":"#texture"},"east":{"uv":[4.5,14,6,15.5],"texture":"#texture"},"south":{"uv":[4.5,13,6,14.5],"texture":"#texture"},"west":{"uv":[4,13.5,5.5,15],"texture":"#texture"},"up":{"uv":[4.5,13,6,14.5],"texture":"#texture"},"down":{"uv":[4.5,13.5,6.5,15.5],"texture":"#texture"}}},{"name":"cube","from":[9.75,-1.5,6.5],"to":[13.25,2.75,9.5],"faces":{"north":{"uv":[5,13.5,6.5,15],"texture":"#texture"},"east":{"uv":[4.5,14,6,15.5],"texture":"#texture"},"south":{"uv":[4.5,13,6,14.5],"texture":"#texture"},"west":{"uv":[4,13.5,5.5,15],"texture":"#texture"},"up":{"uv":[4.5,13,6,14.5],"texture":"#texture"},"down":{"uv":[4.5,13.5,6.5,15.5],"texture":"#texture"}}},{"name":"cube","from":[4,-1.5,6.5],"to":[9.75,2.5,9.5],"faces":{"north":{"uv":[5,13.5,6.5,15],"texture":"#texture"},"east":{"uv":[4.5,14,6,15.5],"texture":"#texture"},"south":{"uv":[4.5,13,6,14.5],"texture":"#texture"},"west":{"uv":[4,13.5,5.5,15],"texture":"#texture"},"up":{"uv":[4.5,13,6,14.5],"texture":"#texture"},"down":{"uv":[4.5,13.5,6.5,15.5],"texture":"#texture"}}},{"name":"cube","from":[4,-1.5,5.5],"to":[13.25,1.75,10.5],"faces":{"north":{"uv":[5,13.5,6.5,15],"texture":"#texture"},"east":{"uv":[4.5,14,6,15.5],"texture":"#texture"},"south":{"uv":[4.5,13,6,14.5],"texture":"#texture"},"west":{"uv":[4,13.5,5.5,15],"texture":"#texture"},"up":{"uv":[4.5,13,6,14.5],"texture":"#texture"},"down":{"uv":[4.5,13.5,6.5,15.5],"texture":"#texture"}}},{"name":"cube","from":[11.25,-0.25,6.5],"to":[14,2.5,9.5],"rotation":{"angle":45,"axis":"z","origin":[11.25,2.5,6.5]},"faces":{"north":{"uv":[5,13.5,6.5,15],"texture":"#texture"},"east":{"uv":[4.5,14,6,15.5],"texture":"#texture"},"south":{"uv":[4.5,13,6,14.5],"texture":"#texture"},"west":{"uv":[4,13.5,5.5,15],"texture":"#texture"},"up":{"uv":[4.5,13,6,14.5],"texture":"#texture"},"down":{"uv":[4.5,13.5,6.5,15.5],"texture":"#texture"}}},{"name":"cube","from":[13.25,1.75,6.5],"to":[17,4.5,9.5],"rotation":{"angle":-22.5,"axis":"z","origin":[13.25,4.5,6.5]},"faces":{"north":{"uv":[5,13.5,6.5,15],"texture":"#texture"},"east":{"uv":[4.5,14,6,15.5],"texture":"#texture"},"south":{"uv":[4.5,13,6,14.5],"texture":"#texture"},"west":{"uv":[4,13.5,5.5,15],"texture":"#texture"},"up":{"uv":[4.5,13,6,14.5],"texture":"#texture"},"down":{"uv":[4.5,13.5,6.5,15.5],"texture":"#texture"}}},{"name":"cube","from":[14.125,-1.6875,6.5],"to":[16.875,2.0625,9.5],"rotation":{"angle":22.5,"axis":"z","origin":[14.125,2.0625,6.5]},"faces":{"north":{"uv":[5,13.5,6.5,15],"texture":"#texture"},"east":{"uv":[4.5,14,6,15.5],"texture":"#texture"},"south":{"uv":[4.5,13,6,14.5],"texture":"#texture"},"west":{"uv":[4,13.5,5.5,15],"texture":"#texture"},"up":{"uv":[4.5,13,6,14.5],"texture":"#texture"},"down":{"uv":[4.5,13.5,6.5,15.5],"texture":"#texture"}}},{"name":"cube","from":[4,0.5,5.5],"to":[13.25,1.75,6.91],"rotation":{"angle":-45,"axis":"x","origin":[4,1.75,5.5]},"faces":{"north":{"uv":[5,13.5,6.5,15],"texture":"#texture"},"east":{"uv":[4.5,14,6,15.5],"texture":"#texture"},"south":{"uv":[4.5,13,6,14.5],"texture":"#texture"},"west":{"uv":[4,13.5,5.5,15],"texture":"#texture"},"up":{"uv":[4.5,13,6,14.5],"texture":"#texture"},"down":{"uv":[4.5,13.5,6.5,15.5],"texture":"#texture"}}},{"name":"cube","from":[4,1.5,9.5],"to":[13.25,2.75,10.91],"rotation":{"angle":45,"axis":"x","origin":[4,2.75,9.5]},"faces":{"north":{"uv":[5,13.5,6.5,15],"texture":"#texture"},"east":{"uv":[4.5,14,6,15.5],"texture":"#texture"},"south":{"uv":[4.5,13,6,14.5],"texture":"#texture"},"west":{"uv":[4,13.5,5.5,15],"texture":"#texture"},"up":{"uv":[4.5,13,6,14.5],"texture":"#texture"},"down":{"uv":[4.5,13.5,6.5,15.5],"texture":"#texture"}}},{"name":"cube","from":[4.75,-1.5625,9.4375],"to":[6.75,0.1875,10.9375],"rotation":{"angle":-45,"axis":"x","origin":[4.75,0.1875,9.4375]},"faces":{"north":{"uv":[5,13.5,6.5,15],"texture":"#texture"},"east":{"uv":[4.5,14,6,15.5],"texture":"#texture"},"south":{"uv":[4.5,13,6,14.5],"texture":"#texture"},"west":{"uv":[4,13.5,5.5,15],"texture":"#texture"},"up":{"uv":[4.5,13,6,14.5],"texture":"#texture"},"down":{"uv":[4.5,13.5,6.5,15.5],"texture":"#texture"}}},{"name":"cube","from":[4.75,-0.5,5.5],"to":[6.75,1.25,7],"rotation":{"angle":45,"axis":"x","origin":[4.75,1.25,5.5]},"faces":{"north":{"uv":[5,13.5,6.5,15],"texture":"#texture"},"east":{"uv":[4.5,14,6,15.5],"texture":"#texture"},"south":{"uv":[4.5,13,6,14.5],"texture":"#texture"},"west":{"uv":[4,13.5,5.5,15],"texture":"#texture"},"up":{"uv":[4.5,13,6,14.5],"texture":"#texture"},"down":{"uv":[4.5,13.5,6.5,15.5],"texture":"#texture"}}},{"name":"cube","from":[4.75,-1,10.25],"to":[6.75,0,11.75],"faces":{"north":{"uv":[5,13.5,6.5,15],"texture":"#texture"},"east":{"uv":[4.5,14,6,15.5],"texture":"#texture"},"south":{"uv":[4.5,13,6,14.5],"texture":"#texture"},"west":{"uv":[4,13.5,5.5,15],"texture":"#texture"},"up":{"uv":[4.5,13,6,14.5],"texture":"#texture"},"down":{"uv":[4.5,13.5,6.5,15.5],"texture":"#texture"}}},{"name":"cube","from":[4.75,-1,4.25],"to":[6.75,0,5.75],"faces":{"north":{"uv":[5,13.5,6.5,15],"texture":"#texture"},"east":{"uv":[4.5,14,6,15.5],"texture":"#texture"},"south":{"uv":[4.5,13,6,14.5],"texture":"#texture"},"west":{"uv":[4,13.5,5.5,15],"texture":"#texture"},"up":{"uv":[4.5,13,6,14.5],"texture":"#texture"},"down":{"uv":[4.5,13.5,6.5,15.5],"texture":"#texture"}}},{"name":"cube","from":[4.75,-2,10.25],"to":[6.75,-1,11.75],"rotation":{"angle":22.5,"axis":"z","origin":[4.75,-1,10.25]},"faces":{"north":{"uv":[5,13.5,6.5,15],"texture":"#texture"},"east":{"uv":[4.5,14,6,15.5],"texture":"#texture"},"south":{"uv":[4.5,13,6,14.5],"texture":"#texture"},"west":{"uv":[4,13.5,5.5,15],"texture":"#texture"},"up":{"uv":[4.5,13,6,14.5],"texture":"#texture"},"down":{"uv":[4.5,13.5,6.5,15.5],"texture":"#texture"}}},{"name":"cube","from":[5.125,-2.875,10.25],"to":[7.125,-0.375,11.75],"rotation":{"angle":-22.5,"axis":"z","origin":[5.125,-0.375,10.25]},"faces":{"north":{"uv":[5,13.5,6.5,15],"texture":"#texture"},"east":{"uv":[4.5,14,6,15.5],"texture":"#texture"},"south":{"uv":[4.5,13,6,14.5],"texture":"#texture"},"west":{"uv":[4,13.5,5.5,15],"texture":"#texture"},"up":{"uv":[4.5,13,6,14.5],"texture":"#texture"},"down":{"uv":[4.5,13.5,6.5,15.5],"texture":"#texture"}}},{"name":"cube","from":[3.75,-4.25,10.125],"to":[6,-3.25,11.875],"faces":{"north":{"uv":[0.75,13.75,2.25,15.25],"texture":"#texture"},"east":{"uv":[1.25,13,2.75,14.5],"texture":"#texture"},"south":{"uv":[1.25,13.75,2.75,15.25],"texture":"#texture"},"west":{"uv":[1,13.25,2.5,14.75],"texture":"#texture"},"up":{"uv":[1.5,13.25,3,14.75],"texture":"#texture"},"down":{"uv":[1,13.75,2.75,15.5],"texture":"#texture"}}},{"name":"cube","from":[4.1875,-3.6875,10.125],"to":[5.6875,-2.6875,11.875],"rotation":{"angle":-22.5,"axis":"z","origin":[4.1875,-2.6875,10.125]},"faces":{"north":{"uv":[0.75,13.75,2.25,15.25],"texture":"#texture"},"east":{"uv":[1.25,13,2.75,14.5],"texture":"#texture"},"south":{"uv":[1.25,13.75,2.75,15.25],"texture":"#texture"},"west":{"uv":[1,13.25,2.5,14.75],"texture":"#texture"},"up":{"uv":[1.5,13.25,3,14.75],"texture":"#texture"},"down":{"uv":[1,13.75,2.75,15.5],"texture":"#texture"}}},{"name":"cube","from":[3.25,-4.25,10.1875],"to":[4,-3.25,10.6875],"faces":{"north":{"uv":[0.75,13.75,2.25,15.25],"texture":"#texture"},"east":{"uv":[1.25,13,2.75,14.5],"texture":"#texture"},"south":{"uv":[1.25,13.75,2.75,15.25],"texture":"#texture"},"west":{"uv":[1,13.25,2.5,14.75],"texture":"#texture"},"up":{"uv":[1.5,13.25,3,14.75],"texture":"#texture"},"down":{"uv":[1,13.75,2.75,15.5],"texture":"#texture"}}},{"name":"cube","from":[3.25,-4.25,11.3125],"to":[4,-3.25,11.8125],"faces":{"north":{"uv":[0.75,13.75,2.25,15.25],"texture":"#texture"},"east":{"uv":[1.25,13,2.75,14.5],"texture":"#texture"},"south":{"uv":[1.25,13.75,2.75,15.25],"texture":"#texture"},"west":{"uv":[1,13.25,2.5,14.75],"texture":"#texture"},"up":{"uv":[1.5,13.25,3,14.75],"texture":"#texture"},"down":{"uv":[1,13.75,2.75,15.5],"texture":"#texture"}}},{"name":"cube","from":[3.25,-4.25,10.75],"to":[4,-3.25,11.25],"faces":{"north":{"uv":[0.75,13.75,2.25,15.25],"texture":"#texture"},"east":{"uv":[1.25,13,2.75,14.5],"texture":"#texture"},"south":{"uv":[1.25,13.75,2.75,15.25],"texture":"#texture"},"west":{"uv":[1,13.25,2.5,14.75],"texture":"#texture"},"up":{"uv":[1.5,13.25,3,14.75],"texture":"#texture"},"down":{"uv":[1,13.75,2.75,15.5],"texture":"#texture"}}},{"name":"cube","from":[4.625,-3.0625,11.255],"to":[6.625,-1.5625,11.755],"rotation":{"angle":-22.5,"axis":"z","origin":[4.625,-1.5625,11.255]},"faces":{"south":{"uv":[0.25,2.75,11.25,15.75],"texture":"#details_paw_2","rotation":270}}},{"name":"cube","from":[4.625,-3.0625,10.245],"to":[6.625,-1.5625,10.745],"rotation":{"angle":-22.5,"axis":"z","origin":[4.625,-1.5625,10.245]},"faces":{"north":{"uv":[11.25,15.75,0.25,2.75],"texture":"#details_paw_2","rotation":90}}},{"name":"cube","from":[4.625,-3.0625,10.25],"to":[5.375,-1.5625,11.75],"rotation":{"angle":-22.5,"axis":"z","origin":[4.625,-1.5625,10.25]},"faces":{"west":{"uv":[0.25,15.75,12.25,2.75],"texture":"#details_paw_1","rotation":270}}},{"name":"cube","from":[5.875,-3.375,10.25],"to":[6.625,-1.875,11.75],"rotation":{"angle":-22.5,"axis":"z","origin":[5.875,-1.875,10.25]},"faces":{"east":{"uv":[0.25,15.75,12.25,2.75],"texture":"#details_paw_1","rotation":270}}},{"name":"cube","from":[4.75,-2,4.25],"to":[6.75,-1,5.75],"rotation":{"angle":22.5,"axis":"z","origin":[4.75,-1,4.25]},"faces":{"north":{"uv":[5,13.5,6.5,15],"texture":"#texture"},"east":{"uv":[4.5,14,6,15.5],"texture":"#texture"},"south":{"uv":[4.5,13,6,14.5],"texture":"#texture"},"west":{"uv":[4,13.5,5.5,15],"texture":"#texture"},"up":{"uv":[4.5,13,6,14.5],"texture":"#texture"},"down":{"uv":[4.5,13.5,6.5,15.5],"texture":"#texture"}}},{"name":"cube","from":[5.125,-2.875,4.25],"to":[7.125,-0.375,5.75],"rotation":{"angle":-22.5,"axis":"z","origin":[5.125,-0.375,4.25]},"faces":{"north":{"uv":[5,13.5,6.5,15],"texture":"#texture"},"east":{"uv":[4.5,14,6,15.5],"texture":"#texture"},"south":{"uv":[4.5,13,6,14.5],"texture":"#texture"},"west":{"uv":[4,13.5,5.5,15],"texture":"#texture"},"up":{"uv":[4.5,13,6,14.5],"texture":"#texture"},"down":{"uv":[4.5,13.5,6.5,15.5],"texture":"#texture"}}},{"name":"cube","from":[3.75,-4.25,4.125],"to":[6,-3.25,5.875],"faces":{"north":{"uv":[0.75,13.75,2.25,15.25],"texture":"#texture"},"east":{"uv":[1.25,13,2.75,14.5],"texture":"#texture"},"south":{"uv":[1.25,13.75,2.75,15.25],"texture":"#texture"},"west":{"uv":[1,13.25,2.5,14.75],"texture":"#texture"},"up":{"uv":[1.5,13.25,3,14.75],"texture":"#texture"},"down":{"uv":[1,13.75,2.75,15.5],"texture":"#texture"}}},{"name":"cube","from":[4.1875,-3.6875,4.125],"to":[5.6875,-2.6875,5.875],"rotation":{"angle":-22.5,"axis":"z","origin":[4.1875,-2.6875,4.125]},"faces":{"north":{"uv":[0.75,13.75,2.25,15.25],"texture":"#texture"},"east":{"uv":[1.25,13,2.75,14.5],"texture":"#texture"},"south":{"uv":[1.25,13.75,2.75,15.25],"texture":"#texture"},"west":{"uv":[1,13.25,2.5,14.75],"texture":"#texture"},"up":{"uv":[1.5,13.25,3,14.75],"texture":"#texture"},"down":{"uv":[1,13.75,2.75,15.5],"texture":"#texture"}}},{"name":"cube","from":[3.25,-4.25,4.1875],"to":[4,-3.25,4.6875],"faces":{"north":{"uv":[0.75,13.75,2.25,15.25],"texture":"#texture"},"east":{"uv":[1.25,13,2.75,14.5],"texture":"#texture"},"south":{"uv":[1.25,13.75,2.75,15.25],"texture":"#texture"},"west":{"uv":[1,13.25,2.5,14.75],"texture":"#texture"},"up":{"uv":[1.5,13.25,3,14.75],"texture":"#texture"},"down":{"uv":[1,13.75,2.75,15.5],"texture":"#texture"}}},{"name":"cube","from":[3.25,-4.25,5.3125],"to":[4,-3.25,5.8125],"faces":{"north":{"uv":[0.75,13.75,2.25,15.25],"texture":"#texture"},"east":{"uv":[1.25,13,2.75,14.5],"texture":"#texture"},"south":{"uv":[1.25,13.75,2.75,15.25],"texture":"#texture"},"west":{"uv":[1,13.25,2.5,14.75],"texture":"#texture"},"up":{"uv":[1.5,13.25,3,14.75],"texture":"#texture"},"down":{"uv":[1,13.75,2.75,15.5],"texture":"#texture"}}},{"name":"cube","from":[3.25,-4.25,4.75],"to":[4,-3.25,5.25],"faces":{"north":{"uv":[0.75,13.75,2.25,15.25],"texture":"#texture"},"east":{"uv":[1.25,13,2.75,14.5],"texture":"#texture"},"south":{"uv":[1.25,13.75,2.75,15.25],"texture":"#texture"},"west":{"uv":[1,13.25,2.5,14.75],"texture":"#texture"},"up":{"uv":[1.5,13.25,3,14.75],"texture":"#texture"},"down":{"uv":[1,13.75,2.75,15.5],"texture":"#texture"}}},{"name":"cube","from":[4.625,-3.0625,5.255],"to":[6.625,-1.5625,5.755],"rotation":{"angle":-22.5,"axis":"z","origin":[4.625,-1.5625,5.255]},"faces":{"south":{"uv":[0.25,2.75,11.25,15.75],"texture":"#details_paw_2","rotation":270}}},{"name":"cube","from":[4.625,-3.0625,4.245],"to":[6.625,-1.5625,4.745],"rotation":{"angle":-22.5,"axis":"z","origin":[4.625,-1.5625,4.245]},"faces":{"north":{"uv":[11.25,15.75,0.25,2.75],"texture":"#details_paw_2","rotation":90}}},{"name":"cube","from":[4.625,-3.0625,4.25],"to":[5.375,-1.5625,5.75],"rotation":{"angle":-22.5,"axis":"z","origin":[4.625,-1.5625,4.25]},"faces":{"west":{"uv":[0.25,15.75,12.25,2.75],"texture":"#details_paw_1","rotation":270}}},{"name":"cube","from":[5.875,-3.375,4.25],"to":[6.625,-1.875,5.75],"rotation":{"angle":-22.5,"axis":"z","origin":[5.875,-1.875,4.25]},"faces":{"east":{"uv":[0.25,15.75,12.25,2.75],"texture":"#details_paw_1","rotation":270}}},{"name":"cube","from":[10.75,-1.5625,9.4375],"to":[12.75,0.1875,10.9375],"rotation":{"angle":-45,"axis":"x","origin":[10.75,0.1875,9.4375]},"faces":{"north":{"uv":[5,13.5,6.5,15],"texture":"#texture"},"east":{"uv":[4.5,14,6,15.5],"texture":"#texture"},"south":{"uv":[4.5,13,6,14.5],"texture":"#texture"},"west":{"uv":[4,13.5,5.5,15],"texture":"#texture"},"up":{"uv":[4.5,13,6,14.5],"texture":"#texture"},"down":{"uv":[4.5,13.5,6.5,15.5],"texture":"#texture"}}},{"name":"cube","from":[10.75,-0.5,5.5],"to":[12.75,1.25,7],"rotation":{"angle":45,"axis":"x","origin":[10.75,1.25,5.5]},"faces":{"north":{"uv":[5,13.5,6.5,15],"texture":"#texture"},"east":{"uv":[4.5,14,6,15.5],"texture":"#texture"},"south":{"uv":[4.5,13,6,14.5],"texture":"#texture"},"west":{"uv":[4,13.5,5.5,15],"texture":"#texture"},"up":{"uv":[4.5,13,6,14.5],"texture":"#texture"},"down":{"uv":[4.5,13.5,6.5,15.5],"texture":"#texture"}}},{"name":"cube","from":[10.75,-1,10.25],"to":[12.75,0,11.75],"faces":{"north":{"uv":[5,13.5,6.5,15],"texture":"#texture"},"east":{"uv":[4.5,14,6,15.5],"texture":"#texture"},"south":{"uv":[4.5,13,6,14.5],"texture":"#texture"},"west":{"uv":[4,13.5,5.5,15],"texture":"#texture"},"up":{"uv":[4.5,13,6,14.5],"texture":"#texture"},"down":{"uv":[4.5,13.5,6.5,15.5],"texture":"#texture"}}},{"name":"cube","from":[10.75,-1,4.25],"to":[12.75,0,5.75],"faces":{"north":{"uv":[5,13.5,6.5,15],"texture":"#texture"},"east":{"uv":[4.5,14,6,15.5],"texture":"#texture"},"south":{"uv":[4.5,13,6,14.5],"texture":"#texture"},"west":{"uv":[4,13.5,5.5,15],"texture":"#texture"},"up":{"uv":[4.5,13,6,14.5],"texture":"#texture"},"down":{"uv":[4.5,13.5,6.5,15.5],"texture":"#texture"}}},{"name":"cube","from":[10.75,-2,10.25],"to":[12.75,-1,11.75],"rotation":{"angle":22.5,"axis":"z","origin":[10.75,-1,10.25]},"faces":{"north":{"uv":[5,13.5,6.5,15],"texture":"#texture"},"east":{"uv":[4.5,14,6,15.5],"texture":"#texture"},"south":{"uv":[4.5,13,6,14.5],"texture":"#texture"},"west":{"uv":[4,13.5,5.5,15],"texture":"#texture"},"up":{"uv":[4.5,13,6,14.5],"texture":"#texture"},"down":{"uv":[4.5,13.5,6.5,15.5],"texture":"#texture"}}},{"name":"cube","from":[11.125,-2.875,10.25],"to":[13.125,-0.375,11.75],"rotation":{"angle":-22.5,"axis":"z","origin":[11.125,-0.375,10.25]},"faces":{"north":{"uv":[5,13.5,6.5,15],"texture":"#texture"},"east":{"uv":[4.5,14,6,15.5],"texture":"#texture"},"south":{"uv":[4.5,13,6,14.5],"texture":"#texture"},"west":{"uv":[4,13.5,5.5,15],"texture":"#texture"},"up":{"uv":[4.5,13,6,14.5],"texture":"#texture"},"down":{"uv":[4.5,13.5,6.5,15.5],"texture":"#texture"}}},{"name":"cube","from":[9.75,-4.25,10.125],"to":[12,-3.25,11.875],"faces":{"north":{"uv":[0.75,13.75,2.25,15.25],"texture":"#texture"},"east":{"uv":[1.25,13,2.75,14.5],"texture":"#texture"},"south":{"uv":[1.25,13.75,2.75,15.25],"texture":"#texture"},"west":{"uv":[1,13.25,2.5,14.75],"texture":"#texture"},"up":{"uv":[1.5,13.25,3,14.75],"texture":"#texture"},"down":{"uv":[1,13.75,2.75,15.5],"texture":"#texture"}}},{"name":"cube","from":[10.1875,-3.6875,10.125],"to":[11.6875,-2.6875,11.875],"rotation":{"angle":-22.5,"axis":"z","origin":[10.1875,-2.6875,10.125]},"faces":{"north":{"uv":[0.75,13.75,2.25,15.25],"texture":"#texture"},"east":{"uv":[1.25,13,2.75,14.5],"texture":"#texture"},"south":{"uv":[1.25,13.75,2.75,15.25],"texture":"#texture"},"west":{"uv":[1,13.25,2.5,14.75],"texture":"#texture"},"up":{"uv":[1.5,13.25,3,14.75],"texture":"#texture"},"down":{"uv":[1,13.75,2.75,15.5],"texture":"#texture"}}},{"name":"cube","from":[9.25,-4.25,10.1875],"to":[10,-3.25,10.6875],"faces":{"north":{"uv":[0.75,13.75,2.25,15.25],"texture":"#texture"},"east":{"uv":[1.25,13,2.75,14.5],"texture":"#texture"},"south":{"uv":[1.25,13.75,2.75,15.25],"texture":"#texture"},"west":{"uv":[1,13.25,2.5,14.75],"texture":"#texture"},"up":{"uv":[1.5,13.25,3,14.75],"texture":"#texture"},"down":{"uv":[1,13.75,2.75,15.5],"texture":"#texture"}}},{"name":"cube","from":[9.25,-4.25,11.3125],"to":[10,-3.25,11.8125],"faces":{"north":{"uv":[0.75,13.75,2.25,15.25],"texture":"#texture"},"east":{"uv":[1.25,13,2.75,14.5],"texture":"#texture"},"south":{"uv":[1.25,13.75,2.75,15.25],"texture":"#texture"},"west":{"uv":[1,13.25,2.5,14.75],"texture":"#texture"},"up":{"uv":[1.5,13.25,3,14.75],"texture":"#texture"},"down":{"uv":[1,13.75,2.75,15.5],"texture":"#texture"}}},{"name":"cube","from":[9.25,-4.25,10.75],"to":[10,-3.25,11.25],"faces":{"north":{"uv":[0.75,13.75,2.25,15.25],"texture":"#texture"},"east":{"uv":[1.25,13,2.75,14.5],"texture":"#texture"},"south":{"uv":[1.25,13.75,2.75,15.25],"texture":"#texture"},"west":{"uv":[1,13.25,2.5,14.75],"texture":"#texture"},"up":{"uv":[1.5,13.25,3,14.75],"texture":"#texture"},"down":{"uv":[1,13.75,2.75,15.5],"texture":"#texture"}}},{"name":"cube","from":[10.625,-3.0625,11.255],"to":[12.625,-1.5625,11.755],"rotation":{"angle":-22.5,"axis":"z","origin":[10.625,-1.5625,11.255]},"faces":{"south":{"uv":[0.25,2.75,11.25,15.75],"texture":"#details_paw_2","rotation":270}}},{"name":"cube","from":[10.625,-3.0625,10.245],"to":[12.625,-1.5625,10.745],"rotation":{"angle":-22.5,"axis":"z","origin":[10.625,-1.5625,10.245]},"faces":{"north":{"uv":[11.25,15.75,0.25,2.75],"texture":"#details_paw_2","rotation":90}}},{"name":"cube","from":[10.625,-3.0625,10.25],"to":[11.375,-1.5625,11.75],"rotation":{"angle":-22.5,"axis":"z","origin":[10.625,-1.5625,10.25]},"faces":{"west":{"uv":[0.25,15.75,12.25,2.75],"texture":"#details_paw_1","rotation":270}}},{"name":"cube","from":[11.875,-3.375,10.25],"to":[12.625,-1.875,11.75],"rotation":{"angle":-22.5,"axis":"z","origin":[11.875,-1.875,10.25]},"faces":{"east":{"uv":[0.25,15.75,12.25,2.75],"texture":"#details_paw_1","rotation":270}}},{"name":"cube","from":[10.75,-2,4.25],"to":[12.75,-1,5.75],"rotation":{"angle":22.5,"axis":"z","origin":[10.75,-1,4.25]},"faces":{"north":{"uv":[5,13.5,6.5,15],"texture":"#texture"},"east":{"uv":[4.5,14,6,15.5],"texture":"#texture"},"south":{"uv":[4.5,13,6,14.5],"texture":"#texture"},"west":{"uv":[4,13.5,5.5,15],"texture":"#texture"},"up":{"uv":[4.5,13,6,14.5],"texture":"#texture"},"down":{"uv":[4.5,13.5,6.5,15.5],"texture":"#texture"}}},{"name":"cube","from":[11.125,-2.875,4.25],"to":[13.125,-0.375,5.75],"rotation":{"angle":-22.5,"axis":"z","origin":[11.125,-0.375,4.25]},"faces":{"north":{"uv":[5,13.5,6.5,15],"texture":"#texture"},"east":{"uv":[4.5,14,6,15.5],"texture":"#texture"},"south":{"uv":[4.5,13,6,14.5],"texture":"#texture"},"west":{"uv":[4,13.5,5.5,15],"texture":"#texture"},"up":{"uv":[4.5,13,6,14.5],"texture":"#texture"},"down":{"uv":[4.5,13.5,6.5,15.5],"texture":"#texture"}}},{"name":"cube","from":[9.75,-4.25,4.125],"to":[12,-3.25,5.875],"faces":{"north":{"uv":[0.75,13.75,2.25,15.25],"texture":"#texture"},"east":{"uv":[1.25,13,2.75,14.5],"texture":"#texture"},"south":{"uv":[1.25,13.75,2.75,15.25],"texture":"#texture"},"west":{"uv":[1,13.25,2.5,14.75],"texture":"#texture"},"up":{"uv":[1.5,13.25,3,14.75],"texture":"#texture"},"down":{"uv":[1,13.75,2.75,15.5],"texture":"#texture"}}},{"name":"cube","from":[10.1875,-3.6875,4.125],"to":[11.6875,-2.6875,5.875],"rotation":{"angle":-22.5,"axis":"z","origin":[10.1875,-2.6875,4.125]},"faces":{"north":{"uv":[0.75,13.75,2.25,15.25],"texture":"#texture"},"east":{"uv":[1.25,13,2.75,14.5],"texture":"#texture"},"south":{"uv":[1.25,13.75,2.75,15.25],"texture":"#texture"},"west":{"uv":[1,13.25,2.5,14.75],"texture":"#texture"},"up":{"uv":[1.5,13.25,3,14.75],"texture":"#texture"},"down":{"uv":[1,13.75,2.75,15.5],"texture":"#texture"}}},{"name":"cube","from":[9.25,-4.25,4.1875],"to":[10,-3.25,4.6875],"faces":{"north":{"uv":[0.75,13.75,2.25,15.25],"texture":"#texture"},"east":{"uv":[1.25,13,2.75,14.5],"texture":"#texture"},"south":{"uv":[1.25,13.75,2.75,15.25],"texture":"#texture"},"west":{"uv":[1,13.25,2.5,14.75],"texture":"#texture"},"up":{"uv":[1.5,13.25,3,14.75],"texture":"#texture"},"down":{"uv":[1,13.75,2.75,15.5],"texture":"#texture"}}},{"name":"cube","from":[9.25,-4.25,5.3125],"to":[10,-3.25,5.8125],"faces":{"north":{"uv":[0.75,13.75,2.25,15.25],"texture":"#texture"},"east":{"uv":[1.25,13,2.75,14.5],"texture":"#texture"},"south":{"uv":[1.25,13.75,2.75,15.25],"texture":"#texture"},"west":{"uv":[1,13.25,2.5,14.75],"texture":"#texture"},"up":{"uv":[1.5,13.25,3,14.75],"texture":"#texture"},"down":{"uv":[1,13.75,2.75,15.5],"texture":"#texture"}}},{"name":"cube","from":[9.25,-4.25,4.75],"to":[10,-3.25,5.25],"faces":{"north":{"uv":[0.75,13.75,2.25,15.25],"texture":"#texture"},"east":{"uv":[1.25,13,2.75,14.5],"texture":"#texture"},"south":{"uv":[1.25,13.75,2.75,15.25],"texture":"#texture"},"west":{"uv":[1,13.25,2.5,14.75],"texture":"#texture"},"up":{"uv":[1.5,13.25,3,14.75],"texture":"#texture"},"down":{"uv":[1,13.75,2.75,15.5],"texture":"#texture"}}},{"name":"cube","from":[10.625,-3.0625,5.255],"to":[12.625,-1.5625,5.755],"rotation":{"angle":-22.5,"axis":"z","origin":[10.625,-1.5625,5.255]},"faces":{"south":{"uv":[0.25,2.75,11.25,15.75],"texture":"#details_paw_2","rotation":270}}},{"name":"cube","from":[10.625,-3.0625,4.245],"to":[12.625,-1.5625,4.745],"rotation":{"angle":-22.5,"axis":"z","origin":[10.625,-1.5625,4.245]},"faces":{"north":{"uv":[11.25,15.75,0.25,2.75],"texture":"#details_paw_2","rotation":90}}},{"name":"cube","from":[10.625,-3.0625,4.25],"to":[11.375,-1.5625,5.75],"rotation":{"angle":-22.5,"axis":"z","origin":[10.625,-1.5625,4.25]},"faces":{"west":{"uv":[0.25,15.75,12.25,2.75],"texture":"#details_paw_1","rotation":270}}},{"name":"cube","from":[11.875,-3.375,4.25],"to":[12.625,-1.875,5.75],"rotation":{"angle":-22.5,"axis":"z","origin":[11.875,-1.875,4.25]},"faces":{"east":{"uv":[0.25,15.75,12.25,2.75],"texture":"#details_paw_1","rotation":270}}},{"name":"cube","from":[3.995,1.505,9.5],"to":[5.245,2.755,10.9375],"rotation":{"angle":45,"axis":"x","origin":[3.995,2.755,9.5]},"faces":{"north":{"uv":[0.75,13.75,2.25,15.25],"texture":"#texture"},"east":{"uv":[1.25,13,2.75,14.5],"texture":"#texture"},"south":{"uv":[1.25,13.75,2.75,15.25],"texture":"#texture"},"west":{"uv":[1,13.25,2.5,14.75],"texture":"#texture"},"up":{"uv":[1.5,13.25,3,14.75],"texture":"#texture"},"down":{"uv":[1,13.75,2.75,15.5],"texture":"#texture"}}},{"name":"cube","from":[3.995,0.505,5.5],"to":[5.245,1.755,6.9375],"rotation":{"angle":-45,"axis":"x","origin":[3.995,1.755,5.5]},"faces":{"north":{"uv":[0.75,13.75,2.25,15.25],"texture":"#texture"},"east":{"uv":[1.25,13,2.75,14.5],"texture":"#texture"},"south":{"uv":[1.25,13.75,2.75,15.25],"texture":"#texture"},"west":{"uv":[1,13.25,2.5,14.75],"texture":"#texture"},"up":{"uv":[1.5,13.25,3,14.75],"texture":"#texture"},"down":{"uv":[1,13.75,2.75,15.5],"texture":"#texture"}}},{"name":"cube","from":[3.995,0.75,5.499],"to":[5.245,1.75,8.249],"faces":{"north":{"uv":[0.75,13.75,2.25,15.25],"texture":"#texture"},"east":{"uv":[1.25,13,2.75,14.5],"texture":"#texture"},"south":{"uv":[1.25,13.75,2.75,15.25],"texture":"#texture"},"west":{"uv":[1,13.25,2.5,14.75],"texture":"#texture"},"up":{"uv":[1.5,13.25,3,14.75],"texture":"#texture"},"down":{"uv":[1,13.75,2.75,15.5],"texture":"#texture"}}},{"name":"cube","from":[3.995,0.4575,6.2075],"to":[5.245,1.4575,7.6175],"rotation":{"angle":45,"axis":"x","origin":[3.995,1.4575,6.2075]},"faces":{"north":{"uv":[0.75,13.75,2.25,15.25],"texture":"#texture"},"east":{"uv":[1.25,13,2.75,14.5],"texture":"#texture"},"south":{"uv":[1.25,13.75,2.75,15.25],"texture":"#texture"},"west":{"uv":[1,13.25,2.5,14.75],"texture":"#texture"},"up":{"uv":[1.5,13.25,3,14.75],"texture":"#texture"},"down":{"uv":[1,13.75,2.75,15.5],"texture":"#texture"}}},{"name":"cube","from":[3.995,-0.54,8.79],"to":[5.245,0.46,10.2],"rotation":{"angle":-45,"axis":"x","origin":[3.995,0.46,8.79]},"faces":{"north":{"uv":[0.75,13.75,2.25,15.25],"texture":"#texture"},"east":{"uv":[1.25,13,2.75,14.5],"texture":"#texture"},"south":{"uv":[1.25,13.75,2.75,15.25],"texture":"#texture"},"west":{"uv":[1,13.25,2.5,14.75],"texture":"#texture"},"up":{"uv":[1.5,13.25,3,14.75],"texture":"#texture"},"down":{"uv":[1,13.75,2.75,15.5],"texture":"#texture"}}},{"name":"cube","from":[3.995,0.75,7.751],"to":[5.245,1.75,10.501],"faces":{"north":{"uv":[0.75,13.75,2.25,15.25],"texture":"#texture"},"east":{"uv":[1.25,13,2.75,14.5],"texture":"#texture"},"south":{"uv":[1.25,13.75,2.75,15.25],"texture":"#texture"},"west":{"uv":[1,13.25,2.5,14.75],"texture":"#texture"},"up":{"uv":[1.5,13.25,3,14.75],"texture":"#texture"},"down":{"uv":[1,13.75,2.75,15.5],"texture":"#texture"}}},{"name":"cube","from":[3.995,-1.5,6.5],"to":[4.995,0,9.5],"faces":{"west":{"uv":[0.25,0.25,10.5,9.5],"texture":"#details_head","rotation":90}}},{"name":"cube","from":[3.995,-0.75,9],"to":[4.995,1,10.5],"faces":{"west":{"uv":[0.25,15.75,10.5,10],"texture":"#details_head","rotation":180}}},{"name":"cube","from":[3.995,-0.75,5.5],"to":[4.995,1,7],"faces":{"west":{"uv":[10.5,15.75,0.25,10],"texture":"#details_head","rotation":180}}},{"name":"cube","from":[4.5,0.6875,8.9375],"to":[6.5,1.9375,9.9375],"rotation":{"angle":-45,"axis":"x","origin":[4.5,1.9375,8.9375]},"faces":{"south":{"uv":[0.25,10.75,10.5,15.75],"texture":"#details_head"}}},{"name":"cube","from":[4.5,1.375,6.37],"to":[6.5,2.625,7.37],"rotation":{"angle":45,"axis":"x","origin":[4.5,2.625,6.37]},"faces":{"north":{"uv":[10.5,10.75,0.25,15.75],"texture":"#details_head"}}},{"name":"cube","from":[2,3.3125,8.255],"to":[2.5,4.0625,8.755],"faces":{"south":{"uv":[12,8.25,15.75,14.5],"texture":"#texture"}}},{"name":"cube","from":[1.875,3.4375,8.255],"to":[2.125,3.9375,8.755],"rotation":{"angle":-22.5,"axis":"z","origin":[1.875,3.9375,8.255]},"faces":{"south":{"uv":[12,8.25,15.75,14.5],"texture":"#texture"}}},{"name":"cube","from":[2,3.3125,7.245],"to":[2.5,4.0625,7.745],"faces":{"north":{"uv":[12,8.25,15.75,14.5],"texture":"#texture"}}},{"name":"cube","from":[1.875,3.4375,7.245],"to":[2.125,3.9375,7.745],"rotation":{"angle":-22.5,"axis":"z","origin":[1.875,3.9375,7.245]},"faces":{"north":{"uv":[12,8.25,15.75,14.5],"texture":"#texture"}}},{"name":"cube","from":[5.23,1,9.505],"to":[7.23,1.75,10.505],"faces":{"south":{"uv":[0.25,10.75,10.5,15.75],"texture":"#details_head"}}},{"name":"cube","from":[5.23,1,5.495],"to":[7.23,1.75,6.495],"faces":{"north":{"uv":[10.5,10.75,0.25,15.75],"texture":"#details_head"}}},{"name":"cube","from":[16.25,-1.5,6.5],"to":[18.25,0.5,9.5],"rotation":{"angle":-22.5,"axis":"z","origin":[16.25,0.5,6.5]},"faces":{"north":{"uv":[5,13.5,6.5,15],"texture":"#texture"},"east":{"uv":[4.5,14,6,15.5],"texture":"#texture"},"south":{"uv":[4.5,13,6,14.5],"texture":"#texture"},"west":{"uv":[4,13.5,5.5,15],"texture":"#texture"},"up":{"uv":[4.5,13,6,14.5],"texture":"#texture"},"down":{"uv":[4.5,13.5,6.5,15.5],"texture":"#texture"}}},{"name":"cube","from":[9,2.5,8],"to":[13,5.25,8.0625],"rotation":{"angle":22.5,"axis":"z","origin":[9,5.25,8]},"faces":{"north":{"uv":[13,0.25,0.25,15.75],"texture":"#details_fur_2","rotation":90},"south":{"uv":[0.25,0.25,13,15.75],"texture":"#details_fur_2","rotation":270}}},{"name":"cube","from":[17.5,-2.25,8],"to":[21.5,0.5,8.0625],"rotation":{"angle":-45,"axis":"z","origin":[17.5,0.5,8]},"faces":{"north":{"uv":[13,0.25,0.25,15.75],"texture":"#details_fur_2"},"south":{"uv":[0.25,0.25,13,15.75],"texture":"#details_fur_2"}}},{"name":"cube","from":[11.75,0.75,3.75],"to":[11.8125,3.25,6.5],"rotation":{"angle":-45,"axis":"x","origin":[11.75,3.25,3.75]},"faces":{"east":{"uv":[0.25,16,10.5,0.25],"texture":"#details_fur_1","rotation":270},"west":{"uv":[10.5,15.75,0.25,0.25],"texture":"#details_fur_1","rotation":90}}},{"name":"cube","from":[9.3125,1.375,6.5],"to":[13.5625,2.875,9.5],"rotation":{"angle":22.5,"axis":"z","origin":[9.3125,2.875,6.5]},"faces":{"north":{"uv":[5,13.5,6.5,15],"texture":"#texture"},"east":{"uv":[4.5,14,6,15.5],"texture":"#texture"},"south":{"uv":[4.5,13,6,14.5],"texture":"#texture"},"west":{"uv":[4,13.5,5.5,15],"texture":"#texture"},"up":{"uv":[4.5,13,6,14.5],"texture":"#texture"},"down":{"uv":[4.5,13.5,6.5,15.5],"texture":"#texture"}}},{"name":"cube","from":[11.75,2.75,10.25],"to":[11.8125,5.25,13],"rotation":{"angle":45,"axis":"x","origin":[11.75,5.25,10.25]},"faces":{"east":{"uv":[0.25,0.25,10.5,16],"texture":"#details_fur_1","rotation":270},"west":{"uv":[10.5,0.25,0.25,15.75],"texture":"#details_fur_1","rotation":90}}},{"name":"cube","from":[9,2.6875,9.4375],"to":[13,2.75,11.9375],"rotation":{"angle":22.5,"axis":"x","origin":[9,2.75,9.4375]},"faces":{"up":{"uv":[13,0.25,0.25,15.75],"texture":"#details_fur_2","rotation":270},"down":{"uv":[0.25,0.25,13,15.75],"texture":"#details_fur_2","rotation":270}}},{"name":"cube","from":[9,1.8125,4.1875],"to":[13,1.875,6.6875],"rotation":{"angle":-22.5,"axis":"x","origin":[9,1.875,4.1875]},"faces":{"up":{"uv":[0.25,0.25,13,15.75],"texture":"#details_fur_2","rotation":270},"down":{"uv":[13,0.25,0.25,15.75],"texture":"#details_fur_2","rotation":270}}}],"display":{"head":{"rotation":[0,-90,0],"translation":[0,-17,0],"scale":[2,2,2]},"gui":{"rotation":[30,50,0],"translation":[0,6,0]},"thirdperson_righthand":{"scale":[0,0,0]},"thirdperson_lefthand":{"scale":[0,0,0]},"firstperson_righthand":{"scale":[0,0,0]},"firstperson_lefthand":{"scale":[0,0,0]}}}