{"credit":"Made by MadstonMagic using Cubik Pro, Edit By Icelio","textures":{"0":"pokemon_skins/regular/zigzagoon/zigzagoon","1":"pokemon_skins/regular/zigzagoon/zigzagoon_ear","2":"pokemon_skins/regular/zigzagoon/zigzagoon_fur"},"elements":[{"from":[-3,1.5,7.3],"to":[-0.75,2.55,9.7],"rotation":{"angle":22.5,"axis":"z","origin":[-3,2.55,6.5]},"faces":{"north":{"uv":[4,13,6,15],"texture":"#0"},"east":{"uv":[4,13,6,15],"texture":"#0"},"south":{"uv":[4,13,6,15],"texture":"#0"},"west":{"uv":[4,13,6,15],"texture":"#0"},"up":{"uv":[4,13,6,15],"texture":"#0"},"down":{"uv":[4,13,6,15],"texture":"#0"}}},{"from":[-3,0.9,6.2],"to":[-2.95,1.5,7.3],"rotation":{"angle":-45,"axis":"y","origin":[-3,1.075,7.3]},"faces":{"east":{"uv":[7.5,13,11.75,15.25],"texture":"#0"},"west":{"uv":[7.5,13,11.75,15.25],"texture":"#0"}}},{"from":[-3,1.5,5.6],"to":[-2.25,2.55,7.3],"rotation":{"angle":-45,"axis":"y","origin":[-3,1.675,7.3]},"faces":{"north":{"uv":[4,13,6,15],"texture":"#0"},"east":{"uv":[4,13,6,15],"texture":"#0"},"south":{"uv":[4,13,6,15],"texture":"#0"},"west":{"uv":[4,13,6,15],"texture":"#0"},"up":{"uv":[4,13,6,15],"texture":"#0"},"down":{"uv":[4,13,6,15],"texture":"#0"}}},{"from":[-3,0.9,9.7],"to":[-2.95,1.5,10.8],"rotation":{"angle":45,"axis":"y","origin":[-3,1.075,9.7]},"faces":{"east":{"uv":[7.5,13,11.75,15.25],"texture":"#0"},"west":{"uv":[7.5,13,11.75,15.25],"texture":"#0"}}},{"from":[-3,1.5,9.7],"to":[-2.25,2.55,11.4],"rotation":{"angle":45,"axis":"y","origin":[-3,1.675,9.7]},"faces":{"north":{"uv":[4,13,6,15],"texture":"#0"},"east":{"uv":[4,13,6,15],"texture":"#0"},"south":{"uv":[4,13,6,15],"texture":"#0"},"west":{"uv":[4,13,6,15],"texture":"#0"},"up":{"uv":[4,13,6,15],"texture":"#0"},"down":{"uv":[4,13,6,15],"texture":"#0"}}},{"from":[-3,1,7.3],"to":[-2.95,1.5,8.1],"faces":{"east":{"uv":[7.5,13,11.75,15.25],"texture":"#0"},"west":{"uv":[7.5,13,11.75,15.25],"texture":"#0"}}},{"from":[-3,1,8.9],"to":[-2.95,1.5,9.7],"faces":{"east":{"uv":[7.5,13,11.75,15.25],"texture":"#0"},"west":{"uv":[7.5,13,11.75,15.25],"texture":"#0"}}},{"from":[-3,1.1,8.1],"to":[-2.95,1.5,8.9],"faces":{"east":{"uv":[7.5,13,11.75,15.25],"texture":"#0"},"west":{"uv":[7.5,13,11.75,15.25],"texture":"#0"}}},{"from":[-3,1.5,7.3],"to":[-0.75,2.55,9.7],"faces":{"north":{"uv":[4,13,6,15],"texture":"#0"},"east":{"uv":[4,13,6,15],"texture":"#0"},"south":{"uv":[4,13,6,15],"texture":"#0"},"west":{"uv":[4,13,6,15],"texture":"#0"},"up":{"uv":[4,13,6,15],"texture":"#0"},"down":{"uv":[4,13,6,15],"texture":"#0"}}},{"from":[-2.5,0.9375,7.4],"to":[-0.85,1.9375,9.6],"rotation":{"angle":-22.5,"axis":"z","origin":[-2.6,1.9375,7]},"faces":{"north":{"uv":[4,13,6,15],"texture":"#0"},"east":{"uv":[4,13,6,15],"texture":"#0"},"south":{"uv":[4,13,6,15],"texture":"#0"},"west":{"uv":[4,13,6,15],"texture":"#0"},"up":{"uv":[4,13,6,15],"texture":"#0"},"down":{"uv":[4,13,6,15],"texture":"#0"}}},{"from":[-1.05,1,5.25],"to":[2.55,5,11.75],"faces":{"north":{"uv":[4,13,6,15],"texture":"#0"},"east":{"uv":[4,13,6,15],"texture":"#0"},"south":{"uv":[4,13,6,15],"texture":"#0"},"west":{"uv":[4,13,6,15],"texture":"#0"},"up":{"uv":[4,13,6,15],"texture":"#0"},"down":{"uv":[4,13,6,15],"texture":"#0"}}},{"from":[-2.05,1,6.25],"to":[1.65,5,10.75],"faces":{"north":{"uv":[4,13,6,15],"texture":"#0"},"east":{"uv":[4,13,6,15],"texture":"#0"},"south":{"uv":[4,13,6,15],"texture":"#0"},"west":{"uv":[4,13,6,15],"texture":"#0"},"up":{"uv":[4,13,6,15],"texture":"#0"},"down":{"uv":[4,13,6,15],"texture":"#0"}}},{"from":[-1.05,0,6.25],"to":[2.55,6,10.75],"faces":{"north":{"uv":[4,13,6,15],"texture":"#0"},"east":{"uv":[4,13,6,15],"texture":"#0"},"south":{"uv":[4,13,6,15],"texture":"#0"},"west":{"uv":[4,13,6,15],"texture":"#0"},"up":{"uv":[4,13,6,15],"texture":"#0"},"down":{"uv":[4,13,6,15],"texture":"#0"}}},{"from":[-2.05,4.25,6.25],"to":[-0.636,5,10.75],"rotation":{"angle":45,"axis":"z","origin":[-2.05,5,5.25]},"faces":{"north":{"uv":[4,13,6,15],"texture":"#0"},"east":{"uv":[4,13,6,15],"texture":"#0"},"south":{"uv":[4,13,6,15],"texture":"#0"},"west":{"uv":[4,13,6,15],"texture":"#0"},"up":{"uv":[4,13,6,15],"texture":"#0"},"down":{"uv":[4,13,6,15],"texture":"#0"}}},{"from":[-3.005,1.8,7.65],"to":[-2.005,2.5,9.3],"faces":{"west":{"uv":[4.5,8.75,7,10],"texture":"#0"}}},{"from":[-1.05,0,6.25],"to":[-0.15,1.414,10.75],"rotation":{"angle":45,"axis":"z","origin":[-1.05,0,5.25]},"faces":{"north":{"uv":[4,13,6,15],"texture":"#0"},"east":{"uv":[4,13,6,15],"texture":"#0"},"south":{"uv":[4,13,6,15],"texture":"#0"},"west":{"uv":[4,13,6,15],"texture":"#0"},"up":{"uv":[4,13,6,15],"texture":"#0"},"down":{"uv":[4,13,6,15],"texture":"#0"}}},{"from":[-1.05,4.25,5.25],"to":[2.55,5,6.664],"rotation":{"angle":-45,"axis":"x","origin":[0.25,5,5.25]},"faces":{"north":{"uv":[4,13,6,15],"texture":"#0"},"east":{"uv":[4,13,6,15],"texture":"#0"},"south":{"uv":[4,13,6,15],"texture":"#0"},"west":{"uv":[4,13,6,15],"texture":"#0"},"up":{"uv":[4,13,6,15],"texture":"#0"},"down":{"uv":[4,13,6,15],"texture":"#0"}}},{"from":[-1.05,5.25,10.75],"to":[2.55,6,12.164],"rotation":{"angle":45,"axis":"x","origin":[0.25,6,10.75]},"faces":{"north":{"uv":[4,13,6,15],"texture":"#0"},"east":{"uv":[4,13,6,15],"texture":"#0"},"south":{"uv":[4,13,6,15],"texture":"#0"},"west":{"uv":[4,13,6,15],"texture":"#0"},"up":{"uv":[4,13,6,15],"texture":"#0"},"down":{"uv":[4,13,6,15],"texture":"#0"}}},{"from":[-1.05,0,9.95],"to":[2.55,1.414,10.75],"rotation":{"angle":45,"axis":"x","origin":[0.25,0,10.75]},"faces":{"north":{"uv":[4,13,6,15],"texture":"#0"},"east":{"uv":[4,13,6,15],"texture":"#0"},"south":{"uv":[4,13,6,15],"texture":"#0"},"west":{"uv":[4,13,6,15],"texture":"#0"},"up":{"uv":[4,13,6,15],"texture":"#0"},"down":{"uv":[4,13,6,15],"texture":"#0"}}},{"from":[-1.05,0,6.25],"to":[2.55,1.414,7.05],"rotation":{"angle":-45,"axis":"x","origin":[0.25,0,6.25]},"faces":{"north":{"uv":[4,13,6,15],"texture":"#0"},"east":{"uv":[4,13,6,15],"texture":"#0"},"south":{"uv":[4,13,6,15],"texture":"#0"},"west":{"uv":[4,13,6,15],"texture":"#0"},"up":{"uv":[4,13,6,15],"texture":"#0"},"down":{"uv":[4,13,6,15],"texture":"#0"}}},{"from":[-2.05,1,6.25],"to":[-0.636,5,7],"rotation":{"angle":45,"axis":"y","origin":[-2.05,0.5,6.25]},"faces":{"north":{"uv":[4,13,6,15],"texture":"#0"},"east":{"uv":[4,13,6,15],"texture":"#0"},"south":{"uv":[4,13,6,15],"texture":"#0"},"west":{"uv":[4,13,6,15],"texture":"#0"},"up":{"uv":[4,13,6,15],"texture":"#0"},"down":{"uv":[4,13,6,15],"texture":"#0"}}},{"from":[-1.52,1,10.22],"to":[-0.106,5,10.97],"rotation":{"angle":-45,"axis":"y","origin":[-1.52,0.5,10.22]},"faces":{"north":{"uv":[4,13,6,15],"texture":"#0"},"east":{"uv":[4,13,6,15],"texture":"#0"},"south":{"uv":[4,13,6,15],"texture":"#0"},"west":{"uv":[4,13,6,15],"texture":"#0"},"up":{"uv":[4,13,6,15],"texture":"#0"},"down":{"uv":[4,13,6,15],"texture":"#0"}}},{"from":[-2.105,2.9,5.95],"to":[-2.105,4.3,6.25],"rotation":{"angle":-45,"axis":"y","origin":[-2.105,3.6,6.25]},"faces":{"west":{"uv":[10.5,7.75,11.5,12.25],"texture":"#0"}}},{"from":[-2.105,2.9,6.25],"to":[-2.105,4.3,7.35],"faces":{"west":{"uv":[11.5,7.75,15,12.25],"texture":"#0"}}},{"from":[-2.105,2.9,10.75],"to":[-2.105,4.3,11.05],"rotation":{"angle":45,"axis":"y","origin":[-2.105,3.6,10.75]},"faces":{"west":{"uv":[14,7.75,15,12.25],"texture":"#0"}}},{"from":[-2.105,2.9,9.65],"to":[-2.105,4.3,10.75],"faces":{"west":{"uv":[10.5,7.75,14,12.25],"texture":"#0"}}},{"from":[-2.055,2.5,10.75],"to":[-2.055,5,11.55],"rotation":{"angle":45,"axis":"y","origin":[-2.055,3.75,10.75]},"faces":{"west":{"uv":[13.75,0.25,15.75,7],"texture":"#0"}}},{"from":[-2.055,2.5,5.45],"to":[-2.055,5,6.25],"rotation":{"angle":-45,"axis":"y","origin":[-2.055,3.75,6.25]},"faces":{"west":{"uv":[0.25,0.25,2,7],"texture":"#0"}}},{"from":[-2.055,2.5,6.25],"to":[-2.055,5,10.75],"faces":{"west":{"uv":[2.25,0.25,13.75,7],"texture":"#0"}}},{"from":[4.3,4.55,5.8],"to":[4.3625,7.15,11.2],"rotation":{"angle":-45,"axis":"z","origin":[4.3,7.8,5]},"faces":{"east":{"uv":[0,15.75,8,0.25],"texture":"#2","rotation":270},"west":{"uv":[0,0.25,8,15.75],"texture":"#2","rotation":270}}},{"from":[1.55,0.25,5.9],"to":[4.15,0.3125,11.1],"rotation":{"angle":-22.5,"axis":"z","origin":[1.55,0.25,5]},"faces":{"up":{"uv":[8,15.75,0,0.25],"texture":"#2","rotation":180},"down":{"uv":[8,0.25,0,15.75],"texture":"#2","rotation":180}}},{"from":[1.85,0.55,11.2],"to":[1.9125,5.45,13.8],"rotation":{"angle":45,"axis":"y","origin":[1.85,0.25,11.2]},"faces":{"east":{"uv":[0,15.75,8,0.25],"texture":"#2","rotation":180},"west":{"uv":[0,0.25,8,15.75],"texture":"#2"}}},{"from":[3.7,0.35,4.35],"to":[3.7625,5.55,6.95],"rotation":{"angle":-45,"axis":"y","origin":[3.7,0.25,3.95]},"faces":{"east":{"uv":[8,15.75,0,0.25],"texture":"#2","rotation":180},"west":{"uv":[8,0.25,0,15.75],"texture":"#2"}}},{"from":[0.05,4.05,1.45],"to":[0.1125,7.85,6.15],"rotation":{"angle":-22.5,"axis":"y","origin":[0.05,3.85,6.15]},"faces":{"east":{"uv":[1.25,1,14.5,13.75],"texture":"#1"},"west":{"uv":[14.5,1,1.25,13.5],"texture":"#1"}}},{"from":[0.05,4.05,10.75],"to":[0.1125,7.85,15.45],"rotation":{"angle":22.5,"axis":"y","origin":[0.05,3.85,10.75]},"faces":{"east":{"uv":[14.5,1,1.25,13.75],"texture":"#1"},"west":{"uv":[1.25,1,14.5,13.5],"texture":"#1"}}},{"from":[2.8,0,5.25],"to":[5.3,5.8,11.75],"faces":{"north":{"uv":[1,13,3,15],"texture":"#0"},"east":{"uv":[1,13,3,15],"texture":"#0"},"south":{"uv":[1,13,3,15],"texture":"#0"},"west":{"uv":[1,13,3,15],"texture":"#0"},"up":{"uv":[1,13,3,15],"texture":"#0"},"down":{"uv":[1,13,3,15],"texture":"#0"}}},{"from":[4.55,0,11.5],"to":[4.6125,5.8,14.1],"rotation":{"angle":45,"axis":"y","origin":[4.55,0,11.5]},"faces":{"east":{"uv":[8,15.75,16,0.25],"texture":"#2","rotation":180},"west":{"uv":[8,0.25,16,15.75],"texture":"#2"}}},{"from":[7.55,0,4.1],"to":[7.6125,5.8,6.7],"rotation":{"angle":-45,"axis":"y","origin":[7.55,0,2.45]},"faces":{"east":{"uv":[16,15.75,8,0.25],"texture":"#2","rotation":180},"west":{"uv":[16,0.25,8,15.75],"texture":"#2"}}},{"from":[6.75,4.55,5.25],"to":[6.8125,7.15,11.75],"rotation":{"angle":-45,"axis":"z","origin":[6.75,7.8,5.25]},"faces":{"east":{"uv":[8,15.75,16,0.25],"texture":"#2","rotation":270},"west":{"uv":[8,0.25,16,15.75],"texture":"#2","rotation":270}}},{"from":[4.1,0.1,5.25],"to":[6.7,0.1625,11.75],"rotation":{"angle":-22.5,"axis":"z","origin":[4.1,0.1,5.25]},"faces":{"up":{"uv":[16,15.75,8,0.25],"texture":"#2","rotation":180},"down":{"uv":[16,0.25,8,15.75],"texture":"#2","rotation":180}}},{"from":[3.05,-0.25,5.5],"to":[5.05,6.05,11.5],"faces":{"north":{"uv":[1,13,3,15],"texture":"#0"},"east":{"uv":[1,13,3,15],"texture":"#0"},"south":{"uv":[1,13,3,15],"texture":"#0"},"west":{"uv":[1,13,3,15],"texture":"#0"},"up":{"uv":[1,13,3,15],"texture":"#0"},"down":{"uv":[1,13,3,15],"texture":"#0"}}},{"from":[2.55,0.25,5.5],"to":[4.25,5.55,11.5],"faces":{"north":{"uv":[1,13,3,15],"texture":"#0"},"east":{"uv":[1,13,3,15],"texture":"#0"},"south":{"uv":[1,13,3,15],"texture":"#0"},"west":{"uv":[1,13,3,15],"texture":"#0"},"up":{"uv":[1,13,3,15],"texture":"#0"},"down":{"uv":[1,13,3,15],"texture":"#0"}}},{"from":[3.05,0.25,5],"to":[5.05,5.55,12],"faces":{"north":{"uv":[1,13,3,15],"texture":"#0"},"east":{"uv":[1,13,3,15],"texture":"#0"},"south":{"uv":[1,13,3,15],"texture":"#0"},"west":{"uv":[1,13,3,15],"texture":"#0"},"up":{"uv":[1,13,3,15],"texture":"#0"},"down":{"uv":[1,13,3,15],"texture":"#0"}}},{"from":[5.6,0,5.05],"to":[8.1,6,11.95],"faces":{"north":{"uv":[4,13,6,15],"texture":"#0"},"east":{"uv":[4,13,6,15],"texture":"#0"},"south":{"uv":[4,13,6,15],"texture":"#0"},"west":{"uv":[4,13,6,15],"texture":"#0"},"up":{"uv":[4,13,6,15],"texture":"#0"},"down":{"uv":[4,13,6,15],"texture":"#0"}}},{"from":[5.85,-0.25,5.3],"to":[7.85,6.25,11.7],"faces":{"north":{"uv":[4,13,6,15],"texture":"#0"},"east":{"uv":[4,13,6,15],"texture":"#0"},"south":{"uv":[4,13,6,15],"texture":"#0"},"west":{"uv":[4,13,6,15],"texture":"#0"},"up":{"uv":[4,13,6,15],"texture":"#0"},"down":{"uv":[4,13,6,15],"texture":"#0"}}},{"from":[5.25,0.25,5.3],"to":[7.25,5.75,11.7],"faces":{"north":{"uv":[4,13,6,15],"texture":"#0"},"east":{"uv":[4,13,6,15],"texture":"#0"},"south":{"uv":[4,13,6,15],"texture":"#0"},"west":{"uv":[4,13,6,15],"texture":"#0"},"up":{"uv":[4,13,6,15],"texture":"#0"},"down":{"uv":[4,13,6,15],"texture":"#0"}}},{"from":[5.85,0.25,4.8],"to":[7.85,5.75,12.2],"faces":{"north":{"uv":[4,13,6,15],"texture":"#0"},"east":{"uv":[4,13,6,15],"texture":"#0"},"south":{"uv":[4,13,6,15],"texture":"#0"},"west":{"uv":[4,13,6,15],"texture":"#0"},"up":{"uv":[4,13,6,15],"texture":"#0"},"down":{"uv":[4,13,6,15],"texture":"#0"}}},{"from":[7.35,0,11.7],"to":[7.4125,6,14.3],"rotation":{"angle":45,"axis":"y","origin":[7.35,0,11.7]},"faces":{"east":{"uv":[0,0.25,8,15.75],"texture":"#2","rotation":180},"west":{"uv":[0,15.75,8,0.25],"texture":"#2"}}},{"from":[10.25,0,3.95],"to":[10.3125,6,6.55],"rotation":{"angle":-45,"axis":"y","origin":[10.25,0,2.3]},"faces":{"east":{"uv":[8,0.25,0,15.75],"texture":"#2","rotation":180},"west":{"uv":[8,15.75,0,0.25],"texture":"#2"}}},{"from":[9.55,4.8,5.05],"to":[9.6125,7.4,11.95],"rotation":{"angle":-45,"axis":"z","origin":[9.55,8.05,5.25]},"faces":{"east":{"uv":[0,0.25,8,15.75],"texture":"#2","rotation":270},"west":{"uv":[0,15.75,8,0.25],"texture":"#2","rotation":270}}},{"from":[6.9,0.1,5.25],"to":[9.5,0.1625,11.75],"rotation":{"angle":-22.5,"axis":"z","origin":[6.9,0.1,5.25]},"faces":{"up":{"uv":[8,0.25,0,15.75],"texture":"#2","rotation":180},"down":{"uv":[8,15.75,0,0.25],"texture":"#2","rotation":180}}},{"from":[3,-1.55,9.85],"to":[3.7,-0.75,11.95],"faces":{"north":{"uv":[1,13,3,15],"texture":"#0"},"east":{"uv":[1,13,3,15],"texture":"#0"},"south":{"uv":[1,13,3,15],"texture":"#0"},"west":{"uv":[1,13,3,15],"texture":"#0"},"up":{"uv":[1,13,3,15],"texture":"#0"},"down":{"uv":[1,13,3,15],"texture":"#0"}}},{"from":[3,-1.55,5.05],"to":[3.6,-0.75,7.15],"faces":{"north":{"uv":[1,13,3,15],"texture":"#0"},"east":{"uv":[1,13,3,15],"texture":"#0"},"south":{"uv":[1,13,3,15],"texture":"#0"},"west":{"uv":[1,13,3,15],"texture":"#0"},"up":{"uv":[1,13,3,15],"texture":"#0"},"down":{"uv":[1,13,3,15],"texture":"#0"}}},{"from":[2.5,-1.55,5.1],"to":[3,-1,5.6],"faces":{"north":{"uv":[1,10,3,12],"texture":"#0"},"east":{"uv":[1,10,3,12],"texture":"#0"},"south":{"uv":[1,10,3,12],"texture":"#0"},"west":{"uv":[1,10,3,12],"texture":"#0"},"up":{"uv":[1,10,3,12],"texture":"#0"},"down":{"uv":[1,10,3,12],"texture":"#0"}}},{"from":[2.5,-1.55,6.6],"to":[3,-1,7.1],"faces":{"north":{"uv":[1,10,3,12],"texture":"#0"},"east":{"uv":[1,10,3,12],"texture":"#0"},"south":{"uv":[1,10,3,12],"texture":"#0"},"west":{"uv":[1,10,3,12],"texture":"#0"},"up":{"uv":[1,10,3,12],"texture":"#0"},"down":{"uv":[1,10,3,12],"texture":"#0"}}},{"from":[2.5,-1.55,5.85],"to":[3,-1,6.35],"faces":{"north":{"uv":[1,10,3,12],"texture":"#0"},"east":{"uv":[1,10,3,12],"texture":"#0"},"south":{"uv":[1,10,3,12],"texture":"#0"},"west":{"uv":[1,10,3,12],"texture":"#0"},"up":{"uv":[1,10,3,12],"texture":"#0"},"down":{"uv":[1,10,3,12],"texture":"#0"}}},{"from":[2.5,-1.55,9.9],"to":[3,-1,10.4],"faces":{"north":{"uv":[1,10,3,12],"texture":"#0"},"east":{"uv":[1,10,3,12],"texture":"#0"},"south":{"uv":[1,10,3,12],"texture":"#0"},"west":{"uv":[1,10,3,12],"texture":"#0"},"up":{"uv":[1,10,3,12],"texture":"#0"},"down":{"uv":[1,10,3,12],"texture":"#0"}}},{"from":[2.5,-1.55,11.4],"to":[3,-1,11.9],"faces":{"north":{"uv":[1,10,3,12],"texture":"#0"},"east":{"uv":[1,10,3,12],"texture":"#0"},"south":{"uv":[1,10,3,12],"texture":"#0"},"west":{"uv":[1,10,3,12],"texture":"#0"},"up":{"uv":[1,10,3,12],"texture":"#0"},"down":{"uv":[1,10,3,12],"texture":"#0"}}},{"from":[2.5,-1.55,10.65],"to":[3,-1,11.15],"faces":{"north":{"uv":[1,10,3,12],"texture":"#0"},"east":{"uv":[1,10,3,12],"texture":"#0"},"south":{"uv":[1,10,3,12],"texture":"#0"},"west":{"uv":[1,10,3,12],"texture":"#0"},"up":{"uv":[1,10,3,12],"texture":"#0"},"down":{"uv":[1,10,3,12],"texture":"#0"}}},{"from":[8.4,0,4.95],"to":[10.9,6.1,12.05],"faces":{"north":{"uv":[1,13,3,15],"texture":"#0"},"east":{"uv":[1,13,3,15],"texture":"#0"},"south":{"uv":[1,13,3,15],"texture":"#0"},"west":{"uv":[1,13,3,15],"texture":"#0"},"up":{"uv":[1,13,3,15],"texture":"#0"},"down":{"uv":[1,13,3,15],"texture":"#0"}}},{"from":[10.25,0,11.9],"to":[10.3125,6.1,14.5],"rotation":{"angle":45,"axis":"y","origin":[10.25,0,11.9]},"faces":{"east":{"uv":[8,15.75,16,0.25],"texture":"#2","rotation":180},"west":{"uv":[8,0.25,16,15.75],"texture":"#2"}}},{"from":[13.05,0,3.9],"to":[13.1125,6.1,6.5],"rotation":{"angle":-45,"axis":"y","origin":[13.05,0,2.25]},"faces":{"east":{"uv":[16,15.75,8,0.25],"texture":"#2","rotation":180},"west":{"uv":[16,0.25,8,15.75],"texture":"#2"}}},{"from":[12.35,4.85,4.95],"to":[12.4125,7.45,12.05],"rotation":{"angle":-45,"axis":"z","origin":[12.35,8.1,5.25]},"faces":{"east":{"uv":[8,15.75,16,0.25],"texture":"#2","rotation":270},"west":{"uv":[8,0.25,16,15.75],"texture":"#2","rotation":270}}},{"from":[10,-1.73169,7.05],"to":[10.0625,0.26831,9.85],"rotation":{"angle":45,"axis":"z","origin":[10,0.26831,5.25]},"faces":{"east":{"uv":[16,15.75,8,7],"texture":"#2","rotation":270},"west":{"uv":[16,7,8,15.75],"texture":"#2","rotation":270}}},{"from":[8.65,-0.25,5.2],"to":[10.65,6.35,11.8],"faces":{"north":{"uv":[1,13,3,15],"texture":"#0"},"east":{"uv":[1,13,3,15],"texture":"#0"},"south":{"uv":[1,13,3,15],"texture":"#0"},"west":{"uv":[1,13,3,15],"texture":"#0"},"up":{"uv":[1,13,3,15],"texture":"#0"},"down":{"uv":[1,13,3,15],"texture":"#0"}}},{"from":[8.05,0.25,5.2],"to":[10.35,5.85,11.8],"faces":{"north":{"uv":[1,13,3,15],"texture":"#0"},"east":{"uv":[1,13,3,15],"texture":"#0"},"south":{"uv":[1,13,3,15],"texture":"#0"},"west":{"uv":[1,13,3,15],"texture":"#0"},"up":{"uv":[1,13,3,15],"texture":"#0"},"down":{"uv":[1,13,3,15],"texture":"#0"}}},{"from":[8.65,0.25,4.7],"to":[10.65,5.85,12.3],"faces":{"north":{"uv":[1,13,3,15],"texture":"#0"},"east":{"uv":[1,13,3,15],"texture":"#0"},"south":{"uv":[1,13,3,15],"texture":"#0"},"west":{"uv":[1,13,3,15],"texture":"#0"},"up":{"uv":[1,13,3,15],"texture":"#0"},"down":{"uv":[1,13,3,15],"texture":"#0"}}},{"from":[18.25,2.1,6.35],"to":[19.7,7.9,10.75],"rotation":{"angle":22.5,"axis":"z","origin":[15.4,6.3,6.55]},"faces":{"north":{"uv":[16,0.25,10.75,15.75],"texture":"#2"},"south":{"uv":[10.75,0.25,16,15.75],"texture":"#2"},"up":{"uv":[10.75,0.25,16,15.75],"texture":"#2"},"down":{"uv":[10.75,0.25,16,15.75],"texture":"#2"}}},{"from":[15.45,2.1,6.35],"to":[18.3,7.9,10.75],"rotation":{"angle":22.5,"axis":"z","origin":[15.4,6.3,6.55]},"faces":{"north":{"uv":[1,13,3,15],"texture":"#0"},"east":{"uv":[1,13,3,15],"texture":"#0"},"south":{"uv":[1,13,3,15],"texture":"#0"},"west":{"uv":[1,13,3,15],"texture":"#0"},"up":{"uv":[1,13,3,15],"texture":"#0"},"down":{"uv":[1,13,3,15],"texture":"#0"}}},{"from":[18.25,4.9,7.4],"to":[20,4.9,9.7],"rotation":{"angle":22.5,"axis":"z","origin":[15.4,6.3,6.55]},"faces":{"up":{"uv":[10.75,0.25,16,11.75],"texture":"#2"}}},{"from":[18.25,3.55,8.55],"to":[19.6,6.2,8.55],"rotation":{"angle":22.5,"axis":"z","origin":[15.4,6.3,6.55]},"faces":{"north":{"uv":[16,0.25,10.75,11.75],"texture":"#2"}}},{"from":[18.25,3.3,7.15],"to":[20,6.45,9.95],"rotation":{"angle":22.5,"axis":"z","origin":[15.4,6.3,6.55]},"faces":{"north":{"uv":[16,0.25,10.75,15.75],"texture":"#2"},"south":{"uv":[10.75,0.25,16,15.75],"texture":"#2"},"up":{"uv":[10.75,0.25,16,15.75],"texture":"#2"},"down":{"uv":[10.75,0.25,16,15.75],"texture":"#2"}}},{"from":[18.25,2.8,5.65],"to":[20.3,7.2,11.45],"rotation":{"angle":22.5,"axis":"z","origin":[15.4,6.3,6.55]},"faces":{"north":{"uv":[16,0.25,10.75,15.75],"texture":"#2"},"south":{"uv":[10.75,0.25,16,15.75],"texture":"#2"},"up":{"uv":[10.75,0.25,16,15.75],"texture":"#2"},"down":{"uv":[10.75,0.25,16,15.75],"texture":"#2"}}},{"from":[15.45,2.8,5.65],"to":[18.3,7.2,11.45],"rotation":{"angle":22.5,"axis":"z","origin":[15.4,6.3,6.55]},"faces":{"north":{"uv":[1,13,3,15],"texture":"#0"},"east":{"uv":[1,13,3,15],"texture":"#0"},"south":{"uv":[1,13,3,15],"texture":"#0"},"west":{"uv":[1,13,3,15],"texture":"#0"},"up":{"uv":[1,13,3,15],"texture":"#0"},"down":{"uv":[1,13,3,15],"texture":"#0"}}},{"from":[12.55,3.27,6.22],"to":[15.1,6.83,10.78],"rotation":{"angle":22.5,"axis":"z","origin":[15.4,6.3,6.52]},"faces":{"north":{"uv":[8,0.25,0,15.75],"texture":"#2"},"south":{"uv":[0,0.25,8,15.75],"texture":"#2"},"west":{"uv":[4,13,6,15],"texture":"#0"},"up":{"uv":[0,0.25,8,15.75],"texture":"#2"},"down":{"uv":[0,0.25,8,15.75],"texture":"#2"}}},{"from":[12.55,2.77,6.72],"to":[15.1,7.33,10.28],"rotation":{"angle":22.5,"axis":"z","origin":[15.4,6.3,6.55]},"faces":{"north":{"uv":[8,0.25,0,15.75],"texture":"#2"},"south":{"uv":[0,0.25,8,15.75],"texture":"#2"},"west":{"uv":[4,13,6,15],"texture":"#0"},"up":{"uv":[0,0.25,8,15.75],"texture":"#2"},"down":{"uv":[0,0.25,8,15.75],"texture":"#2"}}},{"from":[10.15,3.5,7.45],"to":[13.2,6.6,9.45],"rotation":{"angle":22.5,"axis":"z","origin":[15.4,6.3,6.55]},"faces":{"north":{"uv":[4,13,6,15],"texture":"#0"},"east":{"uv":[4,13,6,15],"texture":"#0"},"south":{"uv":[4,13,6,15],"texture":"#0"},"west":{"uv":[4,13,6,15],"texture":"#0"},"up":{"uv":[4,13,6,15],"texture":"#0"},"down":{"uv":[4,13,6,15],"texture":"#0"}}},{"from":[10.15,4,6.95],"to":[13.2,6.1,9.95],"rotation":{"angle":22.5,"axis":"z","origin":[15.4,6.3,6.55]},"faces":{"north":{"uv":[4,13,6,15],"texture":"#0"},"east":{"uv":[4,13,6,15],"texture":"#0"},"south":{"uv":[4,13,6,15],"texture":"#0"},"west":{"uv":[4,13,6,15],"texture":"#0"},"up":{"uv":[4,13,6,15],"texture":"#0"},"down":{"uv":[4,13,6,15],"texture":"#0"}}},{"from":[3.4,-1.55,5.05],"to":[4.6,-0.45,7.15],"faces":{"north":{"uv":[1,13,3,15],"texture":"#0"},"east":{"uv":[1,13,3,15],"texture":"#0"},"south":{"uv":[1,13,3,15],"texture":"#0"},"west":{"uv":[1,13,3,15],"texture":"#0"},"up":{"uv":[1,13,3,15],"texture":"#0"},"down":{"uv":[1,13,3,15],"texture":"#0"}}},{"from":[3.4,-1.55,9.85],"to":[4.6,-0.45,11.95],"faces":{"north":{"uv":[1,13,3,15],"texture":"#0"},"east":{"uv":[1,13,3,15],"texture":"#0"},"south":{"uv":[1,13,3,15],"texture":"#0"},"west":{"uv":[1,13,3,15],"texture":"#0"},"up":{"uv":[1,13,3,15],"texture":"#0"},"down":{"uv":[1,13,3,15],"texture":"#0"}}},{"from":[4.6,-1.55,9.85],"to":[6.2,-0.45,11.95],"rotation":{"angle":45,"axis":"z","origin":[4.6,-1.55,8]},"faces":{"north":{"uv":[1,13,3,15],"texture":"#0"},"east":{"uv":[1,13,3,15],"texture":"#0"},"south":{"uv":[1,13,3,15],"texture":"#0"},"west":{"uv":[1,13,3,15],"texture":"#0"},"up":{"uv":[1,13,3,15],"texture":"#0"},"down":{"uv":[1,13,3,15],"texture":"#0"}}},{"from":[4.6,-1.55,5.05],"to":[6.2,-0.45,7.15],"rotation":{"angle":45,"axis":"z","origin":[4.6,-1.55,8]},"faces":{"north":{"uv":[1,13,3,15],"texture":"#0"},"east":{"uv":[1,13,3,15],"texture":"#0"},"south":{"uv":[1,13,3,15],"texture":"#0"},"west":{"uv":[1,13,3,15],"texture":"#0"},"up":{"uv":[1,13,3,15],"texture":"#0"},"down":{"uv":[1,13,3,15],"texture":"#0"}}},{"from":[9.1,-1.55,5.05],"to":[10.3,-0.45,7.15],"faces":{"north":{"uv":[4,13,6,15],"texture":"#0"},"east":{"uv":[4,13,6,15],"texture":"#0"},"south":{"uv":[4,13,6,15],"texture":"#0"},"west":{"uv":[4,13,6,15],"texture":"#0"},"up":{"uv":[4,13,6,15],"texture":"#0"},"down":{"uv":[4,13,6,15],"texture":"#0"}}},{"from":[10.3,-1.55,5.05],"to":[12,-0.25,7.15],"rotation":{"angle":45,"axis":"z","origin":[10.3,-1.55,8]},"faces":{"north":{"uv":[4,13,6,15],"texture":"#0"},"east":{"uv":[4,13,6,15],"texture":"#0"},"south":{"uv":[4,13,6,15],"texture":"#0"},"west":{"uv":[4,13,6,15],"texture":"#0"},"up":{"uv":[4,13,6,15],"texture":"#0"},"down":{"uv":[4,13,6,15],"texture":"#0"}}},{"from":[8.2,-1.55,5.1],"to":[8.7,-1,5.6],"faces":{"north":{"uv":[1,10,3,12],"texture":"#0"},"east":{"uv":[1,10,3,12],"texture":"#0"},"south":{"uv":[1,10,3,12],"texture":"#0"},"west":{"uv":[1,10,3,12],"texture":"#0"},"up":{"uv":[1,10,3,12],"texture":"#0"},"down":{"uv":[1,10,3,12],"texture":"#0"}}},{"from":[8.7,-1.55,5.05],"to":[9.3,-0.75,7.15],"faces":{"north":{"uv":[4,13,6,15],"texture":"#0"},"east":{"uv":[4,13,6,15],"texture":"#0"},"south":{"uv":[4,13,6,15],"texture":"#0"},"west":{"uv":[4,13,6,15],"texture":"#0"},"up":{"uv":[4,13,6,15],"texture":"#0"},"down":{"uv":[4,13,6,15],"texture":"#0"}}},{"from":[8.2,-1.55,5.85],"to":[8.7,-1,6.35],"faces":{"north":{"uv":[1,10,3,12],"texture":"#0"},"east":{"uv":[1,10,3,12],"texture":"#0"},"south":{"uv":[1,10,3,12],"texture":"#0"},"west":{"uv":[1,10,3,12],"texture":"#0"},"up":{"uv":[1,10,3,12],"texture":"#0"},"down":{"uv":[1,10,3,12],"texture":"#0"}}},{"from":[8.2,-1.55,6.6],"to":[8.7,-1,7.1],"faces":{"north":{"uv":[1,10,3,12],"texture":"#0"},"east":{"uv":[1,10,3,12],"texture":"#0"},"south":{"uv":[1,10,3,12],"texture":"#0"},"west":{"uv":[1,10,3,12],"texture":"#0"},"up":{"uv":[1,10,3,12],"texture":"#0"},"down":{"uv":[1,10,3,12],"texture":"#0"}}},{"from":[8.2,-1.55,9.9],"to":[8.7,-1,10.4],"faces":{"north":{"uv":[1,10,3,12],"texture":"#0"},"east":{"uv":[1,10,3,12],"texture":"#0"},"south":{"uv":[1,10,3,12],"texture":"#0"},"west":{"uv":[1,10,3,12],"texture":"#0"},"up":{"uv":[1,10,3,12],"texture":"#0"},"down":{"uv":[1,10,3,12],"texture":"#0"}}},{"from":[8.2,-1.55,10.65],"to":[8.7,-1,11.15],"faces":{"north":{"uv":[1,10,3,12],"texture":"#0"},"east":{"uv":[1,10,3,12],"texture":"#0"},"south":{"uv":[1,10,3,12],"texture":"#0"},"west":{"uv":[1,10,3,12],"texture":"#0"},"up":{"uv":[1,10,3,12],"texture":"#0"},"down":{"uv":[1,10,3,12],"texture":"#0"}}},{"from":[8.2,-1.55,11.4],"to":[8.7,-1,11.9],"faces":{"north":{"uv":[1,10,3,12],"texture":"#0"},"east":{"uv":[1,10,3,12],"texture":"#0"},"south":{"uv":[1,10,3,12],"texture":"#0"},"west":{"uv":[1,10,3,12],"texture":"#0"},"up":{"uv":[1,10,3,12],"texture":"#0"},"down":{"uv":[1,10,3,12],"texture":"#0"}}},{"from":[9.1,-1.55,9.85],"to":[10.3,-0.45,11.95],"faces":{"north":{"uv":[4,13,6,15],"texture":"#0"},"east":{"uv":[4,13,6,15],"texture":"#0"},"south":{"uv":[4,13,6,15],"texture":"#0"},"west":{"uv":[4,13,6,15],"texture":"#0"},"up":{"uv":[4,13,6,15],"texture":"#0"},"down":{"uv":[4,13,6,15],"texture":"#0"}}},{"from":[8.7,-1.55,9.85],"to":[9.3,-0.75,11.95],"faces":{"north":{"uv":[4,13,6,15],"texture":"#0"},"east":{"uv":[4,13,6,15],"texture":"#0"},"south":{"uv":[4,13,6,15],"texture":"#0"},"west":{"uv":[4,13,6,15],"texture":"#0"},"up":{"uv":[4,13,6,15],"texture":"#0"},"down":{"uv":[4,13,6,15],"texture":"#0"}}},{"from":[10.3,-1.55,9.85],"to":[12,-0.25,11.95],"rotation":{"angle":45,"axis":"z","origin":[10.3,-1.55,12.8]},"faces":{"north":{"uv":[4,13,6,15],"texture":"#0"},"east":{"uv":[4,13,6,15],"texture":"#0"},"south":{"uv":[4,13,6,15],"texture":"#0"},"west":{"uv":[4,13,6,15],"texture":"#0"},"up":{"uv":[4,13,6,15],"texture":"#0"},"down":{"uv":[4,13,6,15],"texture":"#0"}}},{"from":[7.75,1.1,5.75],"to":[11.35,4.1,11.25],"faces":{"north":{"uv":[6,13,4,15],"texture":"#0"},"east":{"uv":[6,13,4,15],"texture":"#0"},"south":{"uv":[6,13,4,15],"texture":"#0"},"west":{"uv":[6,13,4,15],"texture":"#0"},"up":{"uv":[6,13,4,15],"texture":"#0"},"down":{"uv":[6,13,4,15],"texture":"#0"}}},{"from":[7.75,3.35,5.75],"to":[11.35,4.1,7.164],"rotation":{"angle":-45,"axis":"x","origin":[10.05,4.1,5.75]},"faces":{"north":{"uv":[6,13,4,15],"texture":"#0"},"east":{"uv":[6,13,4,15],"texture":"#0"},"south":{"uv":[6,13,4,15],"texture":"#0"},"west":{"uv":[6,13,4,15],"texture":"#0"},"up":{"uv":[6,13,4,15],"texture":"#0"},"down":{"uv":[6,13,4,15],"texture":"#0"}}},{"from":[7.75,0.1,6.75],"to":[11.35,5.1,10.25],"faces":{"north":{"uv":[6,13,4,15],"texture":"#0"},"east":{"uv":[6,13,4,15],"texture":"#0"},"south":{"uv":[6,13,4,15],"texture":"#0"},"west":{"uv":[6,13,4,15],"texture":"#0"},"up":{"uv":[6,13,4,15],"texture":"#0"},"down":{"uv":[6,13,4,15],"texture":"#0"}}},{"from":[10.936,3.35,6.75],"to":[12.35,4.1,10.25],"rotation":{"angle":-45,"axis":"z","origin":[12.35,4.1,5.25]},"faces":{"north":{"uv":[6,13,4,15],"texture":"#0"},"east":{"uv":[6,13,4,15],"texture":"#0"},"south":{"uv":[6,13,4,15],"texture":"#0"},"west":{"uv":[6,13,4,15],"texture":"#0"},"up":{"uv":[6,13,4,15],"texture":"#0"},"down":{"uv":[6,13,4,15],"texture":"#0"}}},{"from":[10.936,1.1,6.75],"to":[12.35,4.1,7.5],"rotation":{"angle":-45,"axis":"y","origin":[12.35,0.1,6.75]},"faces":{"north":{"uv":[6,13,4,15],"texture":"#0"},"east":{"uv":[6,13,4,15],"texture":"#0"},"south":{"uv":[6,13,4,15],"texture":"#0"},"west":{"uv":[6,13,4,15],"texture":"#0"},"up":{"uv":[6,13,4,15],"texture":"#0"},"down":{"uv":[6,13,4,15],"texture":"#0"}}},{"from":[7.75,4.35,10.25],"to":[11.35,5.1,11.664],"rotation":{"angle":45,"axis":"x","origin":[10.05,5.1,10.25]},"faces":{"north":{"uv":[6,13,4,15],"texture":"#0"},"east":{"uv":[6,13,4,15],"texture":"#0"},"south":{"uv":[6,13,4,15],"texture":"#0"},"west":{"uv":[6,13,4,15],"texture":"#0"},"up":{"uv":[6,13,4,15],"texture":"#0"},"down":{"uv":[6,13,4,15],"texture":"#0"}}},{"from":[10.406,1.1,9.72],"to":[11.82,4.1,10.47],"rotation":{"angle":45,"axis":"y","origin":[11.82,0.1,9.72]},"faces":{"north":{"uv":[6,13,4,15],"texture":"#0"},"east":{"uv":[6,13,4,15],"texture":"#0"},"south":{"uv":[6,13,4,15],"texture":"#0"},"west":{"uv":[6,13,4,15],"texture":"#0"},"up":{"uv":[6,13,4,15],"texture":"#0"},"down":{"uv":[6,13,4,15],"texture":"#0"}}},{"from":[8.65,1.1,6.75],"to":[12.35,4.1,10.25],"faces":{"north":{"uv":[6,13,4,15],"texture":"#0"},"east":{"uv":[6,13,4,15],"texture":"#0"},"south":{"uv":[6,13,4,15],"texture":"#0"},"west":{"uv":[6,13,4,15],"texture":"#0"},"up":{"uv":[6,13,4,15],"texture":"#0"},"down":{"uv":[6,13,4,15],"texture":"#0"}}},{"from":[10.45,0.1,6.75],"to":[11.35,1.514,10.25],"rotation":{"angle":-45,"axis":"z","origin":[11.35,0.1,5.25]},"faces":{"north":{"uv":[6,13,4,15],"texture":"#0"},"east":{"uv":[6,13,4,15],"texture":"#0"},"south":{"uv":[6,13,4,15],"texture":"#0"},"west":{"uv":[6,13,4,15],"texture":"#0"},"up":{"uv":[6,13,4,15],"texture":"#0"},"down":{"uv":[6,13,4,15],"texture":"#0"}}},{"from":[7.75,0.1,9.45],"to":[11.35,1.514,10.25],"rotation":{"angle":45,"axis":"x","origin":[10.05,0.1,10.25]},"faces":{"north":{"uv":[6,13,4,15],"texture":"#0"},"east":{"uv":[6,13,4,15],"texture":"#0"},"south":{"uv":[6,13,4,15],"texture":"#0"},"west":{"uv":[6,13,4,15],"texture":"#0"},"up":{"uv":[6,13,4,15],"texture":"#0"},"down":{"uv":[6,13,4,15],"texture":"#0"}}},{"from":[7.75,0.1,6.75],"to":[11.35,1.514,7.55],"rotation":{"angle":-45,"axis":"x","origin":[10.05,0.1,6.75]},"faces":{"north":{"uv":[6,13,4,15],"texture":"#0"},"east":{"uv":[6,13,4,15],"texture":"#0"},"south":{"uv":[6,13,4,15],"texture":"#0"},"west":{"uv":[6,13,4,15],"texture":"#0"},"up":{"uv":[6,13,4,15],"texture":"#0"},"down":{"uv":[6,13,4,15],"texture":"#0"}}},{"from":[13.05,3.3,6.25],"to":[16,6.8,10.75],"rotation":{"angle":22.5,"axis":"z","origin":[15.4,6.3,6.55]},"faces":{"north":{"uv":[1,13,3,15],"texture":"#0"},"east":{"uv":[1,13,3,15],"texture":"#0"},"south":{"uv":[1,13,3,15],"texture":"#0"},"west":{"uv":[1,13,3,15],"texture":"#0"},"up":{"uv":[1,13,3,15],"texture":"#0"},"down":{"uv":[1,13,3,15],"texture":"#0"}}},{"from":[13.05,2.8,6.75],"to":[16,7.3,10.25],"rotation":{"angle":22.5,"axis":"z","origin":[15.4,6.3,6.55]},"faces":{"north":{"uv":[1,13,3,15],"texture":"#0"},"east":{"uv":[1,13,3,15],"texture":"#0"},"south":{"uv":[1,13,3,15],"texture":"#0"},"west":{"uv":[1,13,3,15],"texture":"#0"},"up":{"uv":[1,13,3,15],"texture":"#0"},"down":{"uv":[1,13,3,15],"texture":"#0"}}}],"display":{"thirdperson_righthand":{"scale":[0,0,0]},"thirdperson_lefthand":{"scale":[0,0,0]},"firstperson_righthand":{"scale":[0,0,0]},"firstperson_lefthand":{"scale":[0,0,0]},"gui":{"rotation":[30,50,0],"translation":[-0.5,2.5,0],"scale":[0.85,0.85,0.85]},"head":{"rotation":[0,-90,0],"translation":[1,-24,4.5],"scale":[2,2,2]}}}