{"credit":"Made by MadstonMagic using Cubik Pro, Copyright © MadstonMagic Modeling 2015-2017. All rights reserved","textures":{"texture":"pokemon_skins/regular/linoone/linoone","details2":"pokemon_skins/regular/linoone/linoone_details2","particle":"pokemon_skins/regular/linoone/linoone_details"},"elements":[{"name":"cube","from":[1,3.9375,6],"to":[4,4.5,9],"faces":{"north":{"uv":[0.75,13.25,2.5,15],"texture":"#texture"},"east":{"uv":[1,13.5,2.75,15.25],"texture":"#texture"},"south":{"uv":[0.75,13.5,2.5,15.25],"texture":"#texture"},"west":{"uv":[1,13.5,2.75,15.25],"texture":"#texture"},"up":{"uv":[0.75,13.25,2.5,15],"texture":"#texture"},"down":{"uv":[1,13.5,2.75,15.25],"texture":"#texture"}}},{"name":"cube","from":[-0.875,3.1875,6],"to":[1.1875,3.6875,9],"rotation":{"angle":22.5,"axis":"z","origin":[-0.875,3.6875,6]},"faces":{"north":{"uv":[0.75,13.25,2.5,15],"texture":"#texture"},"east":{"uv":[1,13.5,2.75,15.25],"texture":"#texture"},"south":{"uv":[0.75,13.5,2.5,15.25],"texture":"#texture"},"west":{"uv":[1,13.5,2.75,15.25],"texture":"#texture"},"up":{"uv":[0.75,13.25,2.5,15],"texture":"#texture"},"down":{"uv":[1,13.5,2.75,15.25],"texture":"#texture"}}},{"name":"cube","from":[-0.875,2.5,6],"to":[0.5,3.6875,9],"faces":{"north":{"uv":[0.75,13.25,2.5,15],"texture":"#texture"},"east":{"uv":[1,13.5,2.75,15.25],"texture":"#texture"},"south":{"uv":[0.75,13.5,2.5,15.25],"texture":"#texture"},"west":{"uv":[1,13.5,2.75,15.25],"texture":"#texture"},"up":{"uv":[0.75,13.25,2.5,15],"texture":"#texture"},"down":{"uv":[1,13.5,2.75,15.25],"texture":"#texture"}}},{"name":"cube","from":[1.875,1.5,8.75],"to":[4.125,2.5,8.8125],"rotation":{"angle":-22.5,"axis":"y","origin":[1.875,1.5,8.75]},"faces":{"north":{"uv":[3,10.75,4.75,12],"texture":"#details2"},"east":{"uv":[7.5,6.5,8,7.5],"texture":"#details2"},"south":{"uv":[3,10.5,4.5,12.25],"texture":"#details2"},"west":{"uv":[7.25,6.75,7.75,7.75],"texture":"#details2"},"up":{"uv":[7.5,6.75,8.25,8],"texture":"#details2"},"down":{"uv":[8.75,6.5,10,7.5],"texture":"#details2"}}},{"name":"cube","from":[0.5,1.8125,6],"to":[1.1875,2.5,9],"faces":{"north":{"uv":[0.75,13.25,2.5,15],"texture":"#texture"},"east":{"uv":[1,13.5,2.75,15.25],"texture":"#texture"},"south":{"uv":[0.75,13.5,2.5,15.25],"texture":"#texture"},"west":{"uv":[1,13.5,2.75,15.25],"texture":"#texture"},"up":{"uv":[0.75,13.25,2.5,15],"texture":"#texture"},"down":{"uv":[1,13.5,2.75,15.25],"texture":"#texture"}}},{"name":"cube","from":[-0.6875,2.4375,6.25],"to":[1.0625,3.1875,8.75],"rotation":{"angle":-22.5,"axis":"z","origin":[-0.6875,3.1875,6.25]},"faces":{"north":{"uv":[0.75,13.25,2.5,15],"texture":"#texture"},"east":{"uv":[1,13.5,2.75,15.25],"texture":"#texture"},"south":{"uv":[0.75,13.5,2.5,15.25],"texture":"#texture"},"west":{"uv":[1,13.5,2.75,15.25],"texture":"#texture"},"up":{"uv":[0.75,13.25,2.5,15],"texture":"#texture"},"down":{"uv":[1,13.5,2.75,15.25],"texture":"#texture"}}},{"name":"cube","from":[4.125,0.75,9.625],"to":[6.625,2.5,9.6875],"faces":{"north":{"uv":[12.5,9.5,1,15],"texture":"#details2"},"south":{"uv":[1,9.5,12.5,15],"texture":"#details2"}}},{"name":"cube","from":[3.875,1.5,9.625],"to":[4.375,2.5,9.6875],"faces":{"north":{"uv":[3,10.75,4.75,12],"texture":"#details2"},"east":{"uv":[7.5,6.5,8,7.5],"texture":"#details2"},"south":{"uv":[3,10.5,4.5,12.25],"texture":"#details2"},"west":{"uv":[7.25,6.75,7.75,7.75],"texture":"#details2"},"up":{"uv":[7.5,6.75,8.25,8],"texture":"#details2"},"down":{"uv":[8.75,6.5,10,7.5],"texture":"#details2"}}},{"name":"cube","from":[3.9375,1.5,5.25],"to":[4.4375,2.5,5.3125],"faces":{"north":{"uv":[3,10.75,4.75,12],"texture":"#details2"},"east":{"uv":[7.5,6.5,8,7.5],"texture":"#details2"},"south":{"uv":[3,10.5,4.5,12.25],"texture":"#details2"},"west":{"uv":[7.25,6.75,7.75,7.75],"texture":"#details2"},"up":{"uv":[7.5,6.75,8.25,8],"texture":"#details2"},"down":{"uv":[8.75,6.5,10,7.5],"texture":"#details2"}}},{"name":"cube","from":[4.1875,0.75,5.25],"to":[6.6875,2.5,5.3125],"faces":{"north":{"uv":[12.5,9.5,1,15],"texture":"#details2"},"south":{"uv":[1,9.5,12.5,15],"texture":"#details2"}}},{"name":"cube","from":[-1.5625,2.5,6.75],"to":[-0.6875,3.6875,8.25],"faces":{"north":{"uv":[0.75,13.25,2.5,15],"texture":"#texture"},"east":{"uv":[1,13.5,2.75,15.25],"texture":"#texture"},"south":{"uv":[0.75,13.5,2.5,15.25],"texture":"#texture"},"west":{"uv":[1,13.5,2.75,15.25],"texture":"#texture"},"up":{"uv":[0.75,13.25,2.5,15],"texture":"#texture"},"down":{"uv":[1,13.5,2.75,15.25],"texture":"#texture"}}},{"name":"cube","from":[-1.5625,2.5,6.75],"to":[-0.5625,3.6875,7.8125],"rotation":{"angle":45,"axis":"y","origin":[-1.5625,2.5,6.75]},"faces":{"north":{"uv":[0.75,13.25,2.5,15],"texture":"#texture"},"east":{"uv":[1,13.5,2.75,15.25],"texture":"#texture"},"south":{"uv":[0.75,13.5,2.5,15.25],"texture":"#texture"},"west":{"uv":[1,13.5,2.75,15.25],"texture":"#texture"},"up":{"uv":[0.75,13.25,2.5,15],"texture":"#texture"},"down":{"uv":[1,13.5,2.75,15.25],"texture":"#texture"}}},{"name":"cube","from":[-0.8125,2.5,7.5],"to":[0.1875,3.6875,8.5625],"rotation":{"angle":-45,"axis":"y","origin":[-0.8125,2.5,7.5]},"faces":{"north":{"uv":[0.75,13.25,2.5,15],"texture":"#texture"},"east":{"uv":[1,13.5,2.75,15.25],"texture":"#texture"},"south":{"uv":[0.75,13.5,2.5,15.25],"texture":"#texture"},"west":{"uv":[1,13.5,2.75,15.25],"texture":"#texture"},"up":{"uv":[0.75,13.25,2.5,15],"texture":"#texture"},"down":{"uv":[1,13.5,2.75,15.25],"texture":"#texture"}}},{"name":"cube","from":[1,2.5,6],"to":[5.75,2.75,9],"faces":{"north":{"uv":[0.75,13.25,2.5,15],"texture":"#texture"},"east":{"uv":[1,13.5,2.75,15.25],"texture":"#texture"},"south":{"uv":[0.75,13.5,2.5,15.25],"texture":"#texture"},"west":{"uv":[1,13.5,2.75,15.25],"texture":"#texture"},"up":{"uv":[0.75,13.25,2.5,15],"texture":"#texture"},"down":{"uv":[1,13.5,2.75,15.25],"texture":"#texture"}}},{"name":"cube","from":[1.125,2.75,6],"to":[5.75,3.9375,9],"faces":{"north":{"uv":[4.5,13.25,6.25,15],"texture":"#texture"},"east":{"uv":[4.5,13.25,6.25,15],"texture":"#texture"},"south":{"uv":[4.5,13,6.25,14.75],"texture":"#texture"},"west":{"uv":[4.5,13,6.25,14.75],"texture":"#texture"},"up":{"uv":[4.5,13.5,6.25,15.25],"texture":"#texture"},"down":{"uv":[4.25,13.25,6,15],"texture":"#texture"}}},{"name":"cube","from":[0.55,2.52,6],"to":[1.37,3.34,9],"rotation":{"angle":45,"axis":"z","origin":[0.55,3.34,6]},"faces":{"north":{"uv":[4.5,13.25,6.25,15],"texture":"#texture"},"east":{"uv":[4.5,13.25,6.25,15],"texture":"#texture"},"south":{"uv":[4.5,13,6.25,14.75],"texture":"#texture"},"west":{"uv":[4.5,13,6.25,14.75],"texture":"#texture"},"up":{"uv":[4.5,13.5,6.25,15.25],"texture":"#texture"},"down":{"uv":[4.25,13.25,6,15],"texture":"#texture"}}},{"name":"cube","from":[0.5,2.75,8.9425],"to":[2,3.5,9.005],"faces":{"south":{"uv":[13.75,0.5,1,6],"texture":"#texture"}}},{"name":"cube","from":[0.125,3.125,6],"to":[1.125,3.625,9],"rotation":{"angle":45,"axis":"z","origin":[0.125,3.625,6]},"faces":{"north":{"uv":[0.75,13.25,2.5,15],"texture":"#texture"},"east":{"uv":[1,13.5,2.75,15.25],"texture":"#texture"},"south":{"uv":[0.75,13.5,2.5,15.25],"texture":"#texture"},"west":{"uv":[1,13.5,2.75,15.25],"texture":"#texture"},"up":{"uv":[0.75,13.25,2.5,15],"texture":"#texture"},"down":{"uv":[1,13.5,2.75,15.25],"texture":"#texture"}}},{"name":"cube","from":[0.5,2.625,6],"to":[1.5,3.375,9],"rotation":{"angle":-45,"axis":"z","origin":[0.5,3.375,6]},"faces":{"north":{"uv":[0.75,13.25,2.5,15],"texture":"#texture"},"east":{"uv":[1,13.5,2.75,15.25],"texture":"#texture"},"south":{"uv":[0.75,13.5,2.5,15.25],"texture":"#texture"},"west":{"uv":[1,13.5,2.75,15.25],"texture":"#texture"},"up":{"uv":[0.75,13.25,2.5,15],"texture":"#texture"},"down":{"uv":[1,13.5,2.75,15.25],"texture":"#texture"}}},{"name":"cube","from":[-1.5675,3.0625,6.75],"to":[-0.5675,3.5625,8.25],"faces":{"west":{"uv":[4.5,8.75,7,10],"texture":"#texture"}}},{"name":"cube","from":[-1.5875,3.0625,8.235],"to":[-0.5875,3.5625,8.735],"rotation":{"angle":45,"axis":"y","origin":[-1.5875,3.0625,8.235]},"faces":{"west":{"uv":[4.5,8.75,4.75,10],"texture":"#texture"}}},{"name":"cube","from":[-1.2225,3.0625,6.405],"to":[-0.2225,3.5625,6.905],"rotation":{"angle":-45,"axis":"y","origin":[-1.2225,3.0625,6.405]},"faces":{"west":{"uv":[4.5,8.75,4.75,10],"texture":"#texture"}}},{"name":"cube","from":[4,3.9375,6],"to":[5.75,4.5,9],"faces":{"north":{"uv":[0.75,13.25,2.5,15],"texture":"#texture"},"east":{"uv":[1,13.5,2.75,15.25],"texture":"#texture"},"south":{"uv":[0.75,13.5,2.5,15.25],"texture":"#texture"},"west":{"uv":[1,13.5,2.75,15.25],"texture":"#texture"},"up":{"uv":[0.75,13.25,2.5,15],"texture":"#texture"},"down":{"uv":[1,13.5,2.75,15.25],"texture":"#texture"}}},{"name":"cube","from":[1.75,4,9.25],"to":[3,5.75,9.3125],"rotation":{"angle":22.5,"axis":"x","origin":[1.75,5.75,9.25]},"faces":{"north":{"uv":[6.25,0.25,0.25,7.75],"texture":"#details2"},"south":{"uv":[0.25,0.25,6.25,7.75],"texture":"#details2"}}},{"name":"cube","from":[1.75,4,5.5],"to":[3,5.75,5.5625],"rotation":{"angle":-22.5,"axis":"x","origin":[1.75,5.75,5.5]},"faces":{"north":{"uv":[6.25,0.25,0.25,7.75],"texture":"#details2"},"south":{"uv":[0.25,0.25,6.25,7.75],"texture":"#details2"}}},{"name":"cube","from":[1.1875,1.5,6],"to":[5.75,2.5,9],"faces":{"north":{"uv":[0.75,13.25,2.5,15],"texture":"#texture"},"east":{"uv":[1,13.5,2.75,15.25],"texture":"#texture"},"south":{"uv":[0.75,13.5,2.5,15.25],"texture":"#texture"},"west":{"uv":[1,13.5,2.75,15.25],"texture":"#texture"},"up":{"uv":[0.75,13.25,2.5,15],"texture":"#texture"},"down":{"uv":[1,13.5,2.75,15.25],"texture":"#texture"}}},{"name":"cube","from":[0.6875,1.75,6],"to":[1.4375,2.25,9],"rotation":{"angle":-22.5,"axis":"z","origin":[0.6875,2.25,6]},"faces":{"north":{"uv":[0.75,13.25,2.5,15],"texture":"#texture"},"east":{"uv":[1,13.5,2.75,15.25],"texture":"#texture"},"south":{"uv":[0.75,13.5,2.5,15.25],"texture":"#texture"},"west":{"uv":[1,13.5,2.75,15.25],"texture":"#texture"},"up":{"uv":[0.75,13.25,2.5,15],"texture":"#texture"},"down":{"uv":[1,13.5,2.75,15.25],"texture":"#texture"}}},{"name":"cube","from":[0.5,2.75,5.995],"to":[2,3.5,6.0575],"faces":{"north":{"uv":[1,0.5,13.75,6],"texture":"#texture"}}},{"name":"cube","from":[5.75,2,6],"to":[13,4.5,9],"faces":{"north":{"uv":[0.75,13.25,2.5,15],"texture":"#texture"},"east":{"uv":[1,13.5,2.75,15.25],"texture":"#texture"},"south":{"uv":[0.75,13.5,2.5,15.25],"texture":"#texture"},"west":{"uv":[1,13.5,2.75,15.25],"texture":"#texture"},"up":{"uv":[0.75,13.25,2.5,15],"texture":"#texture"},"down":{"uv":[1,13.5,2.75,15.25],"texture":"#texture"}}},{"name":"cube","from":[3.625,4.4375,6],"to":[12.125,4.875,9],"faces":{"north":{"uv":[0.75,13.25,2.5,15],"texture":"#texture"},"east":{"uv":[1,13.5,2.75,15.25],"texture":"#texture"},"south":{"uv":[0.75,13.5,2.5,15.25],"texture":"#texture"},"west":{"uv":[1,13.5,2.75,15.25],"texture":"#texture"},"up":{"uv":[0.75,13.25,2.5,15],"texture":"#texture"},"down":{"uv":[1,13.5,2.75,15.25],"texture":"#texture"}}},{"name":"cube","from":[2.75,4,6],"to":[3.75,4.5,9],"rotation":{"angle":22.5,"axis":"z","origin":[2.75,4.5,6]},"faces":{"north":{"uv":[0.75,13.25,2.5,15],"texture":"#texture"},"east":{"uv":[1,13.5,2.75,15.25],"texture":"#texture"},"south":{"uv":[0.75,13.5,2.5,15.25],"texture":"#texture"},"west":{"uv":[1,13.5,2.75,15.25],"texture":"#texture"},"up":{"uv":[0.75,13.25,2.5,15],"texture":"#texture"},"down":{"uv":[1,13.5,2.75,15.25],"texture":"#texture"}}},{"name":"cube","from":[12.125,4.375,6],"to":[13.125,4.875,9],"rotation":{"angle":-22.5,"axis":"z","origin":[12.125,4.875,6]},"faces":{"north":{"uv":[0.75,13.25,2.5,15],"texture":"#texture"},"east":{"uv":[1,13.5,2.75,15.25],"texture":"#texture"},"south":{"uv":[0.75,13.5,2.5,15.25],"texture":"#texture"},"west":{"uv":[1,13.5,2.75,15.25],"texture":"#texture"},"up":{"uv":[0.75,13.25,2.5,15],"texture":"#texture"},"down":{"uv":[1,13.5,2.75,15.25],"texture":"#texture"}}},{"name":"cube","from":[3.625,4.8175,6.75],"to":[9.8125,4.88,8.25],"faces":{"north":{"uv":[4.5,13,6,14.5],"texture":"#texture"},"east":{"uv":[4.75,13.25,6.25,15],"texture":"#texture"},"south":{"uv":[4.5,13.25,6,14.75],"texture":"#texture"},"west":{"uv":[5.25,13.75,6.75,15.25],"texture":"#texture"},"up":{"uv":[5,13.75,6,15.25],"texture":"#texture"},"down":{"uv":[4.75,13.5,5.75,15],"texture":"#texture"}}},{"name":"cube","from":[9.75,4.8175,6.75],"to":[12.25,4.88,8.375],"faces":{"up":{"uv":[2.25,7.75,4.75,14.25],"texture":"#particle","rotation":90}}},{"name":"cube","from":[1.5625,3.95,6.75],"to":[3.8125,4.0125,8.25],"rotation":{"angle":22.5,"axis":"z","origin":[1.5625,4.0125,6.75]},"faces":{"north":{"uv":[4.5,13,6,14.5],"texture":"#texture"},"east":{"uv":[4.75,13.25,6.25,15],"texture":"#texture"},"south":{"uv":[4.5,13.25,6,14.75],"texture":"#texture"},"west":{"uv":[5.25,13.75,6.75,15.25],"texture":"#texture"},"up":{"uv":[5,13.75,6,15.25],"texture":"#texture"},"down":{"uv":[4.75,13.5,5.75,15],"texture":"#texture"}}},{"name":"cube","from":[1,4.4425,6.75],"to":[3.75,4.505,8.25],"faces":{"north":{"uv":[4.5,13,6,14.5],"texture":"#texture"},"east":{"uv":[4.75,13.25,6.25,15],"texture":"#texture"},"south":{"uv":[4.5,13.25,6,14.75],"texture":"#texture"},"west":{"uv":[5.25,13.75,6.75,15.25],"texture":"#texture"},"up":{"uv":[5,13.75,6,15.25],"texture":"#texture"},"down":{"uv":[4.75,13.5,5.75,15],"texture":"#texture"}}},{"name":"cube","from":[-1.105,3.5825,6.4375],"to":[1.145,3.645,8.5625],"rotation":{"angle":22.5,"axis":"z","origin":[-1.105,3.645,6.4375]},"faces":{"up":{"uv":[0.25,3,7,7.5],"texture":"#particle","rotation":90}}},{"name":"cube","from":[1.875,1.5,6.125],"to":[4.125,2.5,6.1875],"rotation":{"angle":22.5,"axis":"y","origin":[1.875,1.5,6.125]},"faces":{"north":{"uv":[3,10.75,4.75,12],"texture":"#details2"},"east":{"uv":[7.5,6.5,8,7.5],"texture":"#details2"},"south":{"uv":[3,10.5,4.5,12.25],"texture":"#details2"},"west":{"uv":[7.25,6.75,7.75,7.75],"texture":"#details2"},"up":{"uv":[7.5,6.75,8.25,8],"texture":"#details2"},"down":{"uv":[8.75,6.5,10,7.5],"texture":"#details2"}}},{"name":"cube","from":[5.5625,1.46,6],"to":[7.0625,1.96,9],"rotation":{"angle":22.5,"axis":"z","origin":[5.5625,1.96,6]},"faces":{"north":{"uv":[0.75,13.25,2.5,15],"texture":"#texture"},"east":{"uv":[1,13.5,2.75,15.25],"texture":"#texture"},"south":{"uv":[0.75,13.5,2.5,15.25],"texture":"#texture"},"west":{"uv":[1,13.5,2.75,15.25],"texture":"#texture"},"up":{"uv":[0.75,13.25,2.5,15],"texture":"#texture"},"down":{"uv":[1,13.5,2.75,15.25],"texture":"#texture"}}},{"name":"cube","from":[5.25,0.75,5.5],"to":[6.25,2.25,6.5],"rotation":{"angle":-45,"axis":"z","origin":[5.25,2.25,5.5]},"faces":{"north":{"uv":[0.75,13.25,2.5,15],"texture":"#texture"},"east":{"uv":[1,13.5,2.75,15.25],"texture":"#texture"},"south":{"uv":[0.75,13.5,2.5,15.25],"texture":"#texture"},"west":{"uv":[1,13.5,2.75,15.25],"texture":"#texture"},"up":{"uv":[0.75,13.25,2.5,15],"texture":"#texture"},"down":{"uv":[1,13.5,2.75,15.25],"texture":"#texture"}}},{"name":"cube","from":[2.6875,-0.3125,5.5],"to":[4.6875,0.6875,6.5],"rotation":{"angle":22.5,"axis":"z","origin":[2.6875,0.6875,5.5]},"faces":{"north":{"uv":[0.75,13.25,2.5,15],"texture":"#texture"},"east":{"uv":[1,13.5,2.75,15.25],"texture":"#texture"},"south":{"uv":[0.75,13.5,2.5,15.25],"texture":"#texture"},"west":{"uv":[1,13.5,2.75,15.25],"texture":"#texture"},"up":{"uv":[0.75,13.25,2.5,15],"texture":"#texture"},"down":{"uv":[1,13.5,2.75,15.25],"texture":"#texture"}}},{"name":"cube","from":[0.875,-0.1875,5.5],"to":[3.125,0.8125,6.5],"faces":{"north":{"uv":[0.75,13.25,2.5,15],"texture":"#texture"},"east":{"uv":[1,13.5,2.75,15.25],"texture":"#texture"},"south":{"uv":[0.75,13.5,2.5,15.25],"texture":"#texture"},"west":{"uv":[1,13.5,2.75,15.25],"texture":"#texture"},"up":{"uv":[0.75,13.25,2.5,15],"texture":"#texture"},"down":{"uv":[1,13.5,2.75,15.25],"texture":"#texture"}}},{"name":"cube","from":[0.125,0,5.5625],"to":[0.875,0.5,5.8125],"faces":{"north":{"uv":[0.75,9.75,2.5,11.5],"texture":"#texture"},"east":{"uv":[0.75,9.75,2.5,11.5],"texture":"#texture"},"south":{"uv":[0.75,9.5,2.5,11.25],"texture":"#texture"},"west":{"uv":[0.75,9.25,2.5,11],"texture":"#texture"},"up":{"uv":[0.75,9.5,2.5,11.25],"texture":"#texture"},"down":{"uv":[0.75,9.75,2.5,11.5],"texture":"#texture"}}},{"name":"cube","from":[-0.5,-0.125,5.5625],"to":[0.25,0.125,5.8125],"rotation":{"angle":22.5,"axis":"z","origin":[-0.5,0.125,5.5625]},"faces":{"north":{"uv":[0.75,9.75,2.5,11.5],"texture":"#texture"},"east":{"uv":[0.75,9.75,2.5,11.5],"texture":"#texture"},"south":{"uv":[0.75,9.5,2.5,11.25],"texture":"#texture"},"west":{"uv":[0.75,9.25,2.5,11],"texture":"#texture"},"up":{"uv":[0.75,9.5,2.5,11.25],"texture":"#texture"},"down":{"uv":[0.75,9.75,2.5,11.5],"texture":"#texture"}}},{"name":"cube","from":[0.125,0,6.1625],"to":[0.875,0.5,6.4125],"faces":{"north":{"uv":[0.75,9.75,2.5,11.5],"texture":"#texture"},"east":{"uv":[0.75,9.75,2.5,11.5],"texture":"#texture"},"south":{"uv":[0.75,9.5,2.5,11.25],"texture":"#texture"},"west":{"uv":[0.75,9.25,2.5,11],"texture":"#texture"},"up":{"uv":[0.75,9.5,2.5,11.25],"texture":"#texture"},"down":{"uv":[0.75,9.75,2.5,11.5],"texture":"#texture"}}},{"name":"cube","from":[-0.5,-0.125,6.1625],"to":[0.25,0.125,6.4125],"rotation":{"angle":22.5,"axis":"z","origin":[-0.5,0.125,6.1625]},"faces":{"north":{"uv":[0.75,9.75,2.5,11.5],"texture":"#texture"},"east":{"uv":[0.75,9.75,2.5,11.5],"texture":"#texture"},"south":{"uv":[0.75,9.5,2.5,11.25],"texture":"#texture"},"west":{"uv":[0.75,9.25,2.5,11],"texture":"#texture"},"up":{"uv":[0.75,9.5,2.5,11.25],"texture":"#texture"},"down":{"uv":[0.75,9.75,2.5,11.5],"texture":"#texture"}}},{"name":"cube","from":[5.25,0.75,8.5],"to":[6.25,2.25,9.5],"rotation":{"angle":-45,"axis":"z","origin":[5.25,2.25,8.5]},"faces":{"north":{"uv":[0.75,13.25,2.5,15],"texture":"#texture"},"east":{"uv":[1,13.5,2.75,15.25],"texture":"#texture"},"south":{"uv":[0.75,13.5,2.5,15.25],"texture":"#texture"},"west":{"uv":[1,13.5,2.75,15.25],"texture":"#texture"},"up":{"uv":[0.75,13.25,2.5,15],"texture":"#texture"},"down":{"uv":[1,13.5,2.75,15.25],"texture":"#texture"}}},{"name":"cube","from":[2.6875,-0.3125,8.5],"to":[4.6875,0.6875,9.5],"rotation":{"angle":22.5,"axis":"z","origin":[2.6875,0.6875,8.5]},"faces":{"north":{"uv":[0.75,13.25,2.5,15],"texture":"#texture"},"east":{"uv":[1,13.5,2.75,15.25],"texture":"#texture"},"south":{"uv":[0.75,13.5,2.5,15.25],"texture":"#texture"},"west":{"uv":[1,13.5,2.75,15.25],"texture":"#texture"},"up":{"uv":[0.75,13.25,2.5,15],"texture":"#texture"},"down":{"uv":[1,13.5,2.75,15.25],"texture":"#texture"}}},{"name":"cube","from":[0.875,-0.1875,8.5],"to":[3.125,0.8125,9.5],"faces":{"north":{"uv":[0.75,13.25,2.5,15],"texture":"#texture"},"east":{"uv":[1,13.5,2.75,15.25],"texture":"#texture"},"south":{"uv":[0.75,13.5,2.5,15.25],"texture":"#texture"},"west":{"uv":[1,13.5,2.75,15.25],"texture":"#texture"},"up":{"uv":[0.75,13.25,2.5,15],"texture":"#texture"},"down":{"uv":[1,13.5,2.75,15.25],"texture":"#texture"}}},{"name":"cube","from":[0.125,0,8.5625],"to":[0.875,0.5,8.8125],"faces":{"north":{"uv":[0.75,9.75,2.5,11.5],"texture":"#texture"},"east":{"uv":[0.75,9.75,2.5,11.5],"texture":"#texture"},"south":{"uv":[0.75,9.5,2.5,11.25],"texture":"#texture"},"west":{"uv":[0.75,9.25,2.5,11],"texture":"#texture"},"up":{"uv":[0.75,9.5,2.5,11.25],"texture":"#texture"},"down":{"uv":[0.75,9.75,2.5,11.5],"texture":"#texture"}}},{"name":"cube","from":[-0.5,-0.125,8.5625],"to":[0.25,0.125,8.8125],"rotation":{"angle":22.5,"axis":"z","origin":[-0.5,0.125,8.5625]},"faces":{"north":{"uv":[0.75,9.75,2.5,11.5],"texture":"#texture"},"east":{"uv":[0.75,9.75,2.5,11.5],"texture":"#texture"},"south":{"uv":[0.75,9.5,2.5,11.25],"texture":"#texture"},"west":{"uv":[0.75,9.25,2.5,11],"texture":"#texture"},"up":{"uv":[0.75,9.5,2.5,11.25],"texture":"#texture"},"down":{"uv":[0.75,9.75,2.5,11.5],"texture":"#texture"}}},{"name":"cube","from":[0.125,0,9.1625],"to":[0.875,0.5,9.4125],"faces":{"north":{"uv":[0.75,9.75,2.5,11.5],"texture":"#texture"},"east":{"uv":[0.75,9.75,2.5,11.5],"texture":"#texture"},"south":{"uv":[0.75,9.5,2.5,11.25],"texture":"#texture"},"west":{"uv":[0.75,9.25,2.5,11],"texture":"#texture"},"up":{"uv":[0.75,9.5,2.5,11.25],"texture":"#texture"},"down":{"uv":[0.75,9.75,2.5,11.5],"texture":"#texture"}}},{"name":"cube","from":[-0.5,-0.125,9.1625],"to":[0.25,0.125,9.4125],"rotation":{"angle":22.5,"axis":"z","origin":[-0.5,0.125,9.1625]},"faces":{"north":{"uv":[0.75,9.75,2.5,11.5],"texture":"#texture"},"east":{"uv":[0.75,9.75,2.5,11.5],"texture":"#texture"},"south":{"uv":[0.75,9.5,2.5,11.25],"texture":"#texture"},"west":{"uv":[0.75,9.25,2.5,11],"texture":"#texture"},"up":{"uv":[0.75,9.5,2.5,11.25],"texture":"#texture"},"down":{"uv":[0.75,9.75,2.5,11.5],"texture":"#texture"}}},{"name":"cube","from":[10.75,1.5,8],"to":[13,3.75,9.5],"rotation":{"angle":-22.5,"axis":"z","origin":[10.75,3.75,8]},"faces":{"north":{"uv":[0.75,13.25,2.5,15],"texture":"#texture"},"east":{"uv":[1,13.5,2.75,15.25],"texture":"#texture"},"south":{"uv":[0.75,13.5,2.5,15.25],"texture":"#texture"},"west":{"uv":[1,13.5,2.75,15.25],"texture":"#texture"},"up":{"uv":[0.75,13.25,2.5,15],"texture":"#texture"},"down":{"uv":[1,13.5,2.75,15.25],"texture":"#texture"}}},{"name":"cube","from":[11,-0.125,8.25],"to":[12,1.875,9.25],"rotation":{"angle":-45,"axis":"z","origin":[11,1.875,8.25]},"faces":{"north":{"uv":[0.75,13.25,2.5,15],"texture":"#texture"},"east":{"uv":[1,13.5,2.75,15.25],"texture":"#texture"},"south":{"uv":[0.75,13.5,2.5,15.25],"texture":"#texture"},"west":{"uv":[1,13.5,2.75,15.25],"texture":"#texture"},"up":{"uv":[0.75,13.25,2.5,15],"texture":"#texture"},"down":{"uv":[1,13.5,2.75,15.25],"texture":"#texture"}}},{"name":"cube","from":[8.25,-0.25,8.25],"to":[10.25,0.75,9.25],"faces":{"north":{"uv":[0.75,13.25,2.5,15],"texture":"#texture"},"east":{"uv":[1,13.5,2.75,15.25],"texture":"#texture"},"south":{"uv":[0.75,13.5,2.5,15.25],"texture":"#texture"},"west":{"uv":[1,13.5,2.75,15.25],"texture":"#texture"},"up":{"uv":[0.75,13.25,2.5,15],"texture":"#texture"},"down":{"uv":[1,13.5,2.75,15.25],"texture":"#texture"}}},{"name":"cube","from":[7.5,-0.0625,8.925],"to":[8.25,0.4375,9.175],"faces":{"north":{"uv":[0.75,9.75,2.5,11.5],"texture":"#texture"},"east":{"uv":[0.75,9.75,2.5,11.5],"texture":"#texture"},"south":{"uv":[0.75,9.5,2.5,11.25],"texture":"#texture"},"west":{"uv":[0.75,9.25,2.5,11],"texture":"#texture"},"up":{"uv":[0.75,9.5,2.5,11.25],"texture":"#texture"},"down":{"uv":[0.75,9.75,2.5,11.5],"texture":"#texture"}}},{"name":"cube","from":[6.875,-0.1875,8.925],"to":[7.625,0.0625,9.175],"rotation":{"angle":22.5,"axis":"z","origin":[6.875,0.0625,8.925]},"faces":{"north":{"uv":[0.75,9.75,2.5,11.5],"texture":"#texture"},"east":{"uv":[0.75,9.75,2.5,11.5],"texture":"#texture"},"south":{"uv":[0.75,9.5,2.5,11.25],"texture":"#texture"},"west":{"uv":[0.75,9.25,2.5,11],"texture":"#texture"},"up":{"uv":[0.75,9.5,2.5,11.25],"texture":"#texture"},"down":{"uv":[0.75,9.75,2.5,11.5],"texture":"#texture"}}},{"name":"cube","from":[7.5,-0.0625,8.325],"to":[8.25,0.4375,8.575],"faces":{"north":{"uv":[0.75,9.75,2.5,11.5],"texture":"#texture"},"east":{"uv":[0.75,9.75,2.5,11.5],"texture":"#texture"},"south":{"uv":[0.75,9.5,2.5,11.25],"texture":"#texture"},"west":{"uv":[0.75,9.25,2.5,11],"texture":"#texture"},"up":{"uv":[0.75,9.5,2.5,11.25],"texture":"#texture"},"down":{"uv":[0.75,9.75,2.5,11.5],"texture":"#texture"}}},{"name":"cube","from":[6.875,-0.1875,8.325],"to":[7.625,0.0625,8.575],"rotation":{"angle":22.5,"axis":"z","origin":[6.875,0.0625,8.325]},"faces":{"north":{"uv":[0.75,9.75,2.5,11.5],"texture":"#texture"},"east":{"uv":[0.75,9.75,2.5,11.5],"texture":"#texture"},"south":{"uv":[0.75,9.5,2.5,11.25],"texture":"#texture"},"west":{"uv":[0.75,9.25,2.5,11],"texture":"#texture"},"up":{"uv":[0.75,9.5,2.5,11.25],"texture":"#texture"},"down":{"uv":[0.75,9.75,2.5,11.5],"texture":"#texture"}}},{"name":"cube","from":[10.75,1.5,5.5],"to":[13,3.75,7],"rotation":{"angle":-22.5,"axis":"z","origin":[10.75,3.75,5.5]},"faces":{"north":{"uv":[0.75,13.25,2.5,15],"texture":"#texture"},"east":{"uv":[1,13.5,2.75,15.25],"texture":"#texture"},"south":{"uv":[0.75,13.5,2.5,15.25],"texture":"#texture"},"west":{"uv":[1,13.5,2.75,15.25],"texture":"#texture"},"up":{"uv":[0.75,13.25,2.5,15],"texture":"#texture"},"down":{"uv":[1,13.5,2.75,15.25],"texture":"#texture"}}},{"name":"cube","from":[11,-0.125,5.75],"to":[12,1.875,6.75],"rotation":{"angle":-45,"axis":"z","origin":[11,1.875,5.75]},"faces":{"north":{"uv":[0.75,13.25,2.5,15],"texture":"#texture"},"east":{"uv":[1,13.5,2.75,15.25],"texture":"#texture"},"south":{"uv":[0.75,13.5,2.5,15.25],"texture":"#texture"},"west":{"uv":[1,13.5,2.75,15.25],"texture":"#texture"},"up":{"uv":[0.75,13.25,2.5,15],"texture":"#texture"},"down":{"uv":[1,13.5,2.75,15.25],"texture":"#texture"}}},{"name":"cube","from":[8.25,-0.25,5.75],"to":[10.25,0.75,6.75],"faces":{"north":{"uv":[0.75,13.25,2.5,15],"texture":"#texture"},"east":{"uv":[1,13.5,2.75,15.25],"texture":"#texture"},"south":{"uv":[0.75,13.5,2.5,15.25],"texture":"#texture"},"west":{"uv":[1,13.5,2.75,15.25],"texture":"#texture"},"up":{"uv":[0.75,13.25,2.5,15],"texture":"#texture"},"down":{"uv":[1,13.5,2.75,15.25],"texture":"#texture"}}},{"name":"cube","from":[7.5,-0.0625,6.425],"to":[8.25,0.4375,6.675],"faces":{"north":{"uv":[0.75,9.75,2.5,11.5],"texture":"#texture"},"east":{"uv":[0.75,9.75,2.5,11.5],"texture":"#texture"},"south":{"uv":[0.75,9.5,2.5,11.25],"texture":"#texture"},"west":{"uv":[0.75,9.25,2.5,11],"texture":"#texture"},"up":{"uv":[0.75,9.5,2.5,11.25],"texture":"#texture"},"down":{"uv":[0.75,9.75,2.5,11.5],"texture":"#texture"}}},{"name":"cube","from":[6.875,-0.1875,6.425],"to":[7.625,0.0625,6.675],"rotation":{"angle":22.5,"axis":"z","origin":[6.875,0.0625,6.425]},"faces":{"north":{"uv":[0.75,9.75,2.5,11.5],"texture":"#texture"},"east":{"uv":[0.75,9.75,2.5,11.5],"texture":"#texture"},"south":{"uv":[0.75,9.5,2.5,11.25],"texture":"#texture"},"west":{"uv":[0.75,9.25,2.5,11],"texture":"#texture"},"up":{"uv":[0.75,9.5,2.5,11.25],"texture":"#texture"},"down":{"uv":[0.75,9.75,2.5,11.5],"texture":"#texture"}}},{"name":"cube","from":[7.5,-0.0625,5.825],"to":[8.25,0.4375,6.075],"faces":{"north":{"uv":[0.75,9.75,2.5,11.5],"texture":"#texture"},"east":{"uv":[0.75,9.75,2.5,11.5],"texture":"#texture"},"south":{"uv":[0.75,9.5,2.5,11.25],"texture":"#texture"},"west":{"uv":[0.75,9.25,2.5,11],"texture":"#texture"},"up":{"uv":[0.75,9.5,2.5,11.25],"texture":"#texture"},"down":{"uv":[0.75,9.75,2.5,11.5],"texture":"#texture"}}},{"name":"cube","from":[6.875,-0.1875,5.825],"to":[7.625,0.0625,6.075],"rotation":{"angle":22.5,"axis":"z","origin":[6.875,0.0625,5.825]},"faces":{"north":{"uv":[0.75,9.75,2.5,11.5],"texture":"#texture"},"east":{"uv":[0.75,9.75,2.5,11.5],"texture":"#texture"},"south":{"uv":[0.75,9.5,2.5,11.25],"texture":"#texture"},"west":{"uv":[0.75,9.25,2.5,11],"texture":"#texture"},"up":{"uv":[0.75,9.5,2.5,11.25],"texture":"#texture"},"down":{"uv":[0.75,9.75,2.5,11.5],"texture":"#texture"}}},{"name":"cube","from":[12.5,3,6.25],"to":[15.5,4,8.75],"rotation":{"angle":-22.5,"axis":"z","origin":[12.5,4,6.25]},"faces":{"north":{"uv":[0.75,13.25,2.5,15],"texture":"#texture"},"east":{"uv":[1,13.5,2.75,15.25],"texture":"#texture"},"south":{"uv":[0.75,13.5,2.5,15.25],"texture":"#texture"},"west":{"uv":[1,13.5,2.75,15.25],"texture":"#texture"},"up":{"uv":[0.75,13.25,2.5,15],"texture":"#texture"},"down":{"uv":[1,13.5,2.75,15.25],"texture":"#texture"}}},{"name":"cube","from":[14.5625,1.875,6.25],"to":[17.5625,2.875,8.75],"rotation":{"angle":22.5,"axis":"z","origin":[14.5625,2.875,6.25]},"faces":{"north":{"uv":[0.75,13.25,2.5,15],"texture":"#texture"},"east":{"uv":[1,13.5,2.75,15.25],"texture":"#texture"},"south":{"uv":[0.75,13.5,2.5,15.25],"texture":"#texture"},"west":{"uv":[1,13.5,2.75,15.25],"texture":"#texture"},"up":{"uv":[0.75,13.25,2.5,15],"texture":"#texture"},"down":{"uv":[1,13.5,2.75,15.25],"texture":"#texture"}}},{"name":"cube","from":[12.75,3.75,6.5],"to":[15.5,4.5,8.5],"rotation":{"angle":-22.5,"axis":"z","origin":[12.75,4.5,6.5]},"faces":{"north":{"uv":[4.25,13.25,6,15],"texture":"#texture"},"east":{"uv":[4.5,13.25,6.25,15],"texture":"#texture"},"south":{"uv":[4.5,13.5,6.25,15.25],"texture":"#texture"},"west":{"uv":[4.75,13.5,6.5,15.25],"texture":"#texture"},"up":{"uv":[4.75,13.5,6.5,15.25],"texture":"#texture"},"down":{"uv":[4.5,13.5,6.25,15.25],"texture":"#texture"}}},{"name":"cube","from":[14.5,2.75,6.5],"to":[17.375,3.25,8.5],"rotation":{"angle":22.5,"axis":"z","origin":[14.5,3.25,6.5]},"faces":{"north":{"uv":[4.25,13.25,6,15],"texture":"#texture"},"east":{"uv":[4.5,13.25,6.25,15],"texture":"#texture"},"south":{"uv":[4.5,13.5,6.25,15.25],"texture":"#texture"},"west":{"uv":[4.75,13.5,6.5,15.25],"texture":"#texture"},"up":{"uv":[4.75,13.5,6.5,15.25],"texture":"#texture"},"down":{"uv":[4.5,13.5,6.25,15.25],"texture":"#texture"}}},{"name":"cube","from":[16.75,2.25,8.6875],"to":[20.25,3.5,8.75],"rotation":{"angle":45,"axis":"z","origin":[16.75,3.5,8.6875]},"faces":{"north":{"uv":[12.5,9.5,1,15],"texture":"#details2"},"south":{"uv":[1,9.5,12.5,15],"texture":"#details2"}}},{"name":"cube","from":[16.75,2.25,6.25],"to":[20.25,3.5,6.3125],"rotation":{"angle":45,"axis":"z","origin":[16.75,3.5,6.25]},"faces":{"north":{"uv":[12.5,9.5,1,15],"texture":"#details2"},"south":{"uv":[1,9.5,12.5,15],"texture":"#details2"}}},{"name":"cube","from":[18,3.5,6.5],"to":[19.25,6,6.5625],"rotation":{"angle":-45,"axis":"z","origin":[18,6,6.5]},"faces":{"north":{"uv":[15.25,0.25,9,12.25],"texture":"#particle"},"south":{"uv":[9,0.25,15.25,12.25],"texture":"#particle"}}},{"name":"cube","from":[18,3.5,8.4375],"to":[19.25,6,8.5],"rotation":{"angle":-45,"axis":"z","origin":[18,6,8.4375]},"faces":{"north":{"uv":[15.25,0.25,9,12.25],"texture":"#particle"},"south":{"uv":[9,0.25,15.25,12.25],"texture":"#particle"}}},{"name":"cube","from":[16,3.4375,6.5],"to":[19.75,3.5,8.5],"rotation":{"angle":45,"axis":"z","origin":[16,3.5,6.5]},"faces":{"up":{"uv":[9,0.25,15.25,12.25],"texture":"#particle","rotation":90},"down":{"uv":[9,12.25,15.25,0.25],"texture":"#particle","rotation":270}}},{"name":"cube","from":[17.625,3.125,6.5],"to":[21.375,3.1875,8.5],"rotation":{"angle":45,"axis":"z","origin":[17.625,3.1875,6.5]},"faces":{"up":{"uv":[1,15,12.5,9.5],"texture":"#details2"},"down":{"uv":[1,9.5,12.5,15],"texture":"#details2"}}},{"name":"cube","from":[5.6875,2.4375,8.9425],"to":[8.25,4.25,9.005],"faces":{"south":{"uv":[9,0.25,15.25,12.25],"texture":"#particle","rotation":90}}},{"name":"cube","from":[5.6875,2.4375,5.995],"to":[8.25,4.25,6.0575],"faces":{"north":{"uv":[9,0.25,15.25,12.25],"texture":"#particle","rotation":270}}}],"display":{"head":{"rotation":[0,-90,0],"translation":[0,-12.35,4.8],"scale":[3.5,3.5,3.5]},"gui":{"rotation":[30,50,0],"translation":[-0.45,4,0],"scale":[1.025,1.025,1.025]},"thirdperson_righthand":{"scale":[0,0,0]},"thirdperson_lefthand":{"scale":[0,0,0]},"firstperson_righthand":{"scale":[0,0,0]},"firstperson_lefthand":{"scale":[0,0,0]}}}