{"credit":"Made by MadstonMagic using Cubik Pro, Copyright © MadstonMagic Modeling 2015-2017. All rights reserved","textures":{"texture":"pokemon_skins/regular/wurmple/wurmple"},"elements":[{"name":"cube","from":[1,-4,5],"to":[3,-2,7],"faces":{"north":{"uv":[1,6.5,3,8.5],"texture":"#texture"},"east":{"uv":[1.5,6,3.5,8],"texture":"#texture"},"south":{"uv":[1.5,6,3.5,8],"texture":"#texture"},"west":{"uv":[2,6,4,8],"texture":"#texture"},"up":{"uv":[1,6,3,8],"texture":"#texture"},"down":{"uv":[1,5.5,3,7.5],"texture":"#texture"}}},{"name":"cube","from":[1.25,-4.25,5.25],"to":[2.75,-1.75,6.75],"faces":{"north":{"uv":[1,6.5,3,8.5],"texture":"#texture"},"east":{"uv":[1.5,6,3.5,8],"texture":"#texture"},"south":{"uv":[1.5,6,3.5,8],"texture":"#texture"},"west":{"uv":[2,6,4,8],"texture":"#texture"},"up":{"uv":[1,6,3,8],"texture":"#texture"},"down":{"uv":[1,5.5,3,7.5],"texture":"#texture"}}},{"name":"cube","from":[0.75,-3.75,5.25],"to":[3.25,-2.25,6.75],"faces":{"north":{"uv":[1,6.5,3,8.5],"texture":"#texture"},"east":{"uv":[1.5,6,3.5,8],"texture":"#texture"},"south":{"uv":[1.5,6,3.5,8],"texture":"#texture"},"west":{"uv":[2,6,4,8],"texture":"#texture"},"up":{"uv":[1,6,3,8],"texture":"#texture"},"down":{"uv":[1,5.5,3,7.5],"texture":"#texture"}}},{"name":"cube","from":[1.25,-3.75,4.75],"to":[2.75,-2.25,9.5],"faces":{"north":{"uv":[1,6.5,3,8.5],"texture":"#texture"},"east":{"uv":[1.5,6,3.5,8],"texture":"#texture"},"south":{"uv":[1.5,6,3.5,8],"texture":"#texture"},"west":{"uv":[2,6,4,8],"texture":"#texture"},"up":{"uv":[1,6,3,8],"texture":"#texture"},"down":{"uv":[1,5.5,3,7.5],"texture":"#texture"}}},{"name":"cube","from":[1,-4,7.25],"to":[3,-2,9.25],"faces":{"north":{"uv":[1,6.5,3,8.5],"texture":"#texture"},"east":{"uv":[1.5,6,3.5,8],"texture":"#texture"},"south":{"uv":[1.5,6,3.5,8],"texture":"#texture"},"west":{"uv":[2,6,4,8],"texture":"#texture"},"up":{"uv":[1,6,3,8],"texture":"#texture"},"down":{"uv":[1,5.5,3,7.5],"texture":"#texture"}}},{"name":"cube","from":[1.25,-4.25,7.5],"to":[2.75,-1.75,9],"faces":{"north":{"uv":[1,6.5,3,8.5],"texture":"#texture"},"east":{"uv":[1.5,6,3.5,8],"texture":"#texture"},"south":{"uv":[1.5,6,3.5,8],"texture":"#texture"},"west":{"uv":[2,6,4,8],"texture":"#texture"},"up":{"uv":[1,6,3,8],"texture":"#texture"},"down":{"uv":[1,5.5,3,7.5],"texture":"#texture"}}},{"name":"cube","from":[0.75,-3.75,7.75],"to":[3.25,-2.25,9.25],"faces":{"north":{"uv":[1,6.5,3,8.5],"texture":"#texture"},"east":{"uv":[1.5,6,3.5,8],"texture":"#texture"},"south":{"uv":[1.5,6,3.5,8],"texture":"#texture"},"west":{"uv":[2,6,4,8],"texture":"#texture"},"up":{"uv":[1,6,3,8],"texture":"#texture"},"down":{"uv":[1,5.5,3,7.5],"texture":"#texture"}}},{"name":"cube","from":[2.75,-4.25,5.75],"to":[4.5,-2.75,8.75],"faces":{"north":{"uv":[1,6.5,3,8.5],"texture":"#texture"},"east":{"uv":[1.5,6,3.5,8],"texture":"#texture"},"south":{"uv":[1.5,6,3.5,8],"texture":"#texture"},"west":{"uv":[2,6,4,8],"texture":"#texture"},"up":{"uv":[1,6,3,8],"texture":"#texture"},"down":{"uv":[1,5.5,3,7.5],"texture":"#texture"}}},{"name":"cube","from":[4.5,-6.5,5.75],"to":[6.125,-2.75,8.75],"rotation":{"angle":-22.5,"axis":"z","origin":[4.5,-2.75,5.75]},"faces":{"north":{"uv":[1,6.5,3,8.5],"texture":"#texture"},"east":{"uv":[1.5,6,3.5,8],"texture":"#texture"},"south":{"uv":[1.5,6,3.5,8],"texture":"#texture"},"west":{"uv":[2,6,4,8],"texture":"#texture"},"up":{"uv":[1,6,3,8],"texture":"#texture"},"down":{"uv":[1,5.5,3,7.5],"texture":"#texture"}}},{"name":"cube","from":[3.0625,-10.4375,5.75],"to":[4.5625,-6.1875,8.75],"faces":{"north":{"uv":[1,6.5,3,8.5],"texture":"#texture"},"east":{"uv":[1.5,6,3.5,8],"texture":"#texture"},"south":{"uv":[1.5,6,3.5,8],"texture":"#texture"},"west":{"uv":[2,6,4,8],"texture":"#texture"},"up":{"uv":[1,6,3,8],"texture":"#texture"},"down":{"uv":[1,5.5,3,7.5],"texture":"#texture"}}},{"name":"cube","from":[3.0625,-14.1875,5.75],"to":[4.8125,-10.4375,8.75],"rotation":{"angle":45,"axis":"z","origin":[3.0625,-10.4375,5.75]},"faces":{"north":{"uv":[1,6.5,3,8.5],"texture":"#texture"},"east":{"uv":[1.5,6,3.5,8],"texture":"#texture"},"south":{"uv":[1.5,6,3.5,8],"texture":"#texture"},"west":{"uv":[2,6,4,8],"texture":"#texture"},"up":{"uv":[1,6,3,8],"texture":"#texture"},"down":{"uv":[1,5.5,3,7.5],"texture":"#texture"}}},{"name":"cube","from":[5.6875,-13.0625,5.75],"to":[14.4375,-10.8125,8.75],"faces":{"north":{"uv":[1,6.5,3,8.5],"texture":"#texture"},"east":{"uv":[1.5,6,3.5,8],"texture":"#texture"},"south":{"uv":[1.5,6,3.5,8],"texture":"#texture"},"west":{"uv":[2,6,4,8],"texture":"#texture"},"up":{"uv":[1,6,3,8],"texture":"#texture"},"down":{"uv":[1,5.5,3,7.5],"texture":"#texture"}}},{"name":"cube","from":[4.5,-10.25,5],"to":[6.5,-5.75,9.25],"faces":{"north":{"uv":[2,11.75,4,13.75],"texture":"#texture"},"east":{"uv":[1.75,12,3.75,14],"texture":"#texture"},"south":{"uv":[1.25,12.5,3.25,14.5],"texture":"#texture"},"west":{"uv":[1.75,12.75,3.75,14.75],"texture":"#texture"},"up":{"uv":[1.5,11.75,3.5,13.75],"texture":"#texture"},"down":{"uv":[2.25,12.75,4.25,14.75],"texture":"#texture"}}},{"name":"cube","from":[5.875,-6,5],"to":[7.875,-2.5,9.25],"rotation":{"angle":-22.5,"axis":"z","origin":[5.875,-2.5,5]},"faces":{"north":{"uv":[2,11.75,4,13.75],"texture":"#texture"},"east":{"uv":[1.75,12,3.75,14],"texture":"#texture"},"south":{"uv":[1.25,12.5,3.25,14.5],"texture":"#texture"},"west":{"uv":[1.75,12.75,3.75,14.75],"texture":"#texture"},"up":{"uv":[1.5,11.75,3.5,13.75],"texture":"#texture"},"down":{"uv":[2.25,12.75,4.25,14.75],"texture":"#texture"}}},{"name":"cube","from":[5.6875,-3.3125,5],"to":[7.6875,-0.8125,9.25],"faces":{"north":{"uv":[2,11.75,4,13.75],"texture":"#texture"},"east":{"uv":[1.75,12,3.75,14],"texture":"#texture"},"south":{"uv":[1.25,12.5,3.25,14.5],"texture":"#texture"},"west":{"uv":[1.75,12.75,3.75,14.75],"texture":"#texture"},"up":{"uv":[1.5,11.75,3.5,13.75],"texture":"#texture"},"down":{"uv":[2.25,12.75,4.25,14.75],"texture":"#texture"}}},{"name":"cube","from":[4.4375,-2.9375,5],"to":[6.4375,-0.4375,9.25],"rotation":{"angle":45,"axis":"z","origin":[4.4375,-0.4375,5]},"faces":{"north":{"uv":[2,11.75,4,13.75],"texture":"#texture"},"east":{"uv":[1.75,12,3.75,14],"texture":"#texture"},"south":{"uv":[1.25,12.5,3.25,14.5],"texture":"#texture"},"west":{"uv":[1.75,12.75,3.75,14.75],"texture":"#texture"},"up":{"uv":[1.5,11.75,3.5,13.75],"texture":"#texture"},"down":{"uv":[2.25,12.75,4.25,14.75],"texture":"#texture"}}},{"name":"cube","from":[3.8125,-1,5],"to":[5.8125,1,9.25],"faces":{"north":{"uv":[2,11.75,4,13.75],"texture":"#texture"},"east":{"uv":[1.75,12,3.75,14],"texture":"#texture"},"south":{"uv":[1.25,12.5,3.25,14.5],"texture":"#texture"},"west":{"uv":[1.75,12.75,3.75,14.75],"texture":"#texture"},"up":{"uv":[1.5,11.75,3.5,13.75],"texture":"#texture"},"down":{"uv":[2.25,12.75,4.25,14.75],"texture":"#texture"}}},{"name":"cube","from":[2,-3.0625,5],"to":[4.5,-0.8125,9.25],"rotation":{"angle":45,"axis":"z","origin":[2,-0.8125,5]},"faces":{"north":{"uv":[2,11.75,4,13.75],"texture":"#texture"},"east":{"uv":[1.75,12,3.75,14],"texture":"#texture"},"south":{"uv":[1.25,12.5,3.25,14.5],"texture":"#texture"},"west":{"uv":[1.75,12.75,3.75,14.75],"texture":"#texture"},"up":{"uv":[1.5,11.75,3.5,13.75],"texture":"#texture"},"down":{"uv":[2.25,12.75,4.25,14.75],"texture":"#texture"}}},{"name":"cube","from":[2,-1.75,5],"to":[3,-0.8125,9.25],"faces":{"north":{"uv":[2,11.75,4,13.75],"texture":"#texture"},"east":{"uv":[1.75,12,3.75,14],"texture":"#texture"},"south":{"uv":[1.25,12.5,3.25,14.5],"texture":"#texture"},"west":{"uv":[1.75,12.75,3.75,14.75],"texture":"#texture"},"up":{"uv":[1.5,11.75,3.5,13.75],"texture":"#texture"},"down":{"uv":[2.25,12.75,4.25,14.75],"texture":"#texture"}}},{"name":"cube","from":[2.75,-2,5],"to":[3.25,-1.5,9.25],"faces":{"north":{"uv":[2,11.75,4,13.75],"texture":"#texture"},"east":{"uv":[1.75,12,3.75,14],"texture":"#texture"},"south":{"uv":[1.25,12.5,3.25,14.5],"texture":"#texture"},"west":{"uv":[1.75,12.75,3.75,14.75],"texture":"#texture"},"up":{"uv":[1.5,11.75,3.5,13.75],"texture":"#texture"},"down":{"uv":[2.25,12.75,4.25,14.75],"texture":"#texture"}}},{"name":"cube","from":[3,-2.25,5],"to":[3.5,-1.75,9.25],"faces":{"north":{"uv":[2,11.75,4,13.75],"texture":"#texture"},"east":{"uv":[1.75,12,3.75,14],"texture":"#texture"},"south":{"uv":[1.25,12.5,3.25,14.5],"texture":"#texture"},"west":{"uv":[1.75,12.75,3.75,14.75],"texture":"#texture"},"up":{"uv":[1.5,11.75,3.5,13.75],"texture":"#texture"},"down":{"uv":[2.25,12.75,4.25,14.75],"texture":"#texture"}}},{"name":"cube","from":[3.25,-2.75,5],"to":[6,-2.25,9.25],"faces":{"north":{"uv":[2,11.75,4,13.75],"texture":"#texture"},"east":{"uv":[1.75,12,3.75,14],"texture":"#texture"},"south":{"uv":[1.25,12.5,3.25,14.5],"texture":"#texture"},"west":{"uv":[1.75,12.75,3.75,14.75],"texture":"#texture"},"up":{"uv":[1.5,11.75,3.5,13.75],"texture":"#texture"},"down":{"uv":[2.25,12.75,4.25,14.75],"texture":"#texture"}}},{"name":"cube","from":[3.75,-2.25,5],"to":[5.75,-1,9.25],"faces":{"north":{"uv":[2,11.75,4,13.75],"texture":"#texture"},"east":{"uv":[1.75,12,3.75,14],"texture":"#texture"},"south":{"uv":[1.25,12.5,3.25,14.5],"texture":"#texture"},"west":{"uv":[1.75,12.75,3.75,14.75],"texture":"#texture"},"up":{"uv":[1.5,11.75,3.5,13.75],"texture":"#texture"},"down":{"uv":[2.25,12.75,4.25,14.75],"texture":"#texture"}}},{"name":"cube","from":[4.8125,-3.0625,5],"to":[6.8125,-1.8125,9.25],"rotation":{"angle":-45,"axis":"z","origin":[4.8125,-1.8125,5]},"faces":{"north":{"uv":[2,11.75,4,13.75],"texture":"#texture"},"east":{"uv":[1.75,12,3.75,14],"texture":"#texture"},"south":{"uv":[1.25,12.5,3.25,14.5],"texture":"#texture"},"west":{"uv":[1.75,12.75,3.75,14.75],"texture":"#texture"},"up":{"uv":[1.5,11.75,3.5,13.75],"texture":"#texture"},"down":{"uv":[2.25,12.75,4.25,14.75],"texture":"#texture"}}},{"name":"cube","from":[5.5625,-10.4375,5],"to":[8.5,-7.6875,9.25],"rotation":{"angle":-22.5,"axis":"z","origin":[5.5625,-7.6875,5]},"faces":{"north":{"uv":[2,11.75,4,13.75],"texture":"#texture"},"east":{"uv":[1.75,12,3.75,14],"texture":"#texture"},"south":{"uv":[1.25,12.5,3.25,14.5],"texture":"#texture"},"west":{"uv":[1.75,12.75,3.75,14.75],"texture":"#texture"},"up":{"uv":[1.5,11.75,3.5,13.75],"texture":"#texture"},"down":{"uv":[2.25,12.75,4.25,14.75],"texture":"#texture"}}},{"name":"cube","from":[7.1875,-11.4375,5],"to":[14,-8.875,9.25],"faces":{"north":{"uv":[2,11.75,4,13.75],"texture":"#texture"},"east":{"uv":[1.75,12,3.75,14],"texture":"#texture"},"south":{"uv":[1.25,12.5,3.25,14.5],"texture":"#texture"},"west":{"uv":[1.75,12.75,3.75,14.75],"texture":"#texture"},"up":{"uv":[1.5,11.75,3.5,13.75],"texture":"#texture"},"down":{"uv":[2.25,12.75,4.25,14.75],"texture":"#texture"}}},{"name":"cube","from":[14,-11.125,5],"to":[16.75,-8.875,9.25],"rotation":{"angle":-45,"axis":"z","origin":[14,-8.875,5]},"faces":{"north":{"uv":[2,11.75,4,13.75],"texture":"#texture"},"east":{"uv":[1.75,12,3.75,14],"texture":"#texture"},"south":{"uv":[1.25,12.5,3.25,14.5],"texture":"#texture"},"west":{"uv":[1.75,12.75,3.75,14.75],"texture":"#texture"},"up":{"uv":[1.5,11.75,3.5,13.75],"texture":"#texture"},"down":{"uv":[2.25,12.75,4.25,14.75],"texture":"#texture"}}},{"name":"cube","from":[14.375,-12.4375,5],"to":[15.9375,-10.8125,9.25],"faces":{"north":{"uv":[2,11.75,4,13.75],"texture":"#texture"},"east":{"uv":[1.75,12,3.75,14],"texture":"#texture"},"south":{"uv":[1.25,12.5,3.25,14.5],"texture":"#texture"},"west":{"uv":[1.75,12.75,3.75,14.75],"texture":"#texture"},"up":{"uv":[1.5,11.75,3.5,13.75],"texture":"#texture"},"down":{"uv":[2.25,12.75,4.25,14.75],"texture":"#texture"}}},{"name":"cube","from":[8.75,-9.3125,6.25],"to":[10.25,-7.8125,8.25],"rotation":{"angle":-45,"axis":"z","origin":[8.75,-7.8125,6.25]},"faces":{"north":{"uv":[2,11.75,4,13.75],"texture":"#texture"},"east":{"uv":[1.75,12,3.75,14],"texture":"#texture"},"south":{"uv":[1.25,12.5,3.25,14.5],"texture":"#texture"},"west":{"uv":[1.75,12.75,3.75,14.75],"texture":"#texture"},"up":{"uv":[1.5,11.75,3.5,13.75],"texture":"#texture"},"down":{"uv":[2.25,12.75,4.25,14.75],"texture":"#texture"}}},{"name":"cube","from":[10.875,-9.375,6.25],"to":[12.375,-7.875,8.25],"rotation":{"angle":-45,"axis":"z","origin":[10.875,-7.875,6.25]},"faces":{"north":{"uv":[2,11.75,4,13.75],"texture":"#texture"},"east":{"uv":[1.75,12,3.75,14],"texture":"#texture"},"south":{"uv":[1.25,12.5,3.25,14.5],"texture":"#texture"},"west":{"uv":[1.75,12.75,3.75,14.75],"texture":"#texture"},"up":{"uv":[1.5,11.75,3.5,13.75],"texture":"#texture"},"down":{"uv":[2.25,12.75,4.25,14.75],"texture":"#texture"}}},{"name":"cube","from":[12.875,-9.3125,6.25],"to":[14.375,-7.8125,8.25],"rotation":{"angle":-45,"axis":"z","origin":[12.875,-7.8125,6.25]},"faces":{"north":{"uv":[2,11.75,4,13.75],"texture":"#texture"},"east":{"uv":[1.75,12,3.75,14],"texture":"#texture"},"south":{"uv":[1.25,12.5,3.25,14.5],"texture":"#texture"},"west":{"uv":[1.75,12.75,3.75,14.75],"texture":"#texture"},"up":{"uv":[1.5,11.75,3.5,13.75],"texture":"#texture"},"down":{"uv":[2.25,12.75,4.25,14.75],"texture":"#texture"}}},{"name":"cube","from":[5.4375,-8.8125,6.25],"to":[6.9375,-7.3125,8.25],"rotation":{"angle":45,"axis":"z","origin":[5.4375,-7.3125,6.25]},"faces":{"north":{"uv":[2,11.75,4,13.75],"texture":"#texture"},"east":{"uv":[1.75,12,3.75,14],"texture":"#texture"},"south":{"uv":[1.25,12.5,3.25,14.5],"texture":"#texture"},"west":{"uv":[1.75,12.75,3.75,14.75],"texture":"#texture"},"up":{"uv":[1.5,11.75,3.5,13.75],"texture":"#texture"},"down":{"uv":[2.25,12.75,4.25,14.75],"texture":"#texture"}}},{"name":"cube","from":[6.0625,-6,6.25],"to":[7.5625,-4.5,8.25],"rotation":{"angle":22.5,"axis":"z","origin":[6.0625,-4.5,6.25]},"faces":{"north":{"uv":[2,11.75,4,13.75],"texture":"#texture"},"east":{"uv":[1.75,12,3.75,14],"texture":"#texture"},"south":{"uv":[1.25,12.5,3.25,14.5],"texture":"#texture"},"west":{"uv":[1.75,12.75,3.75,14.75],"texture":"#texture"},"up":{"uv":[1.5,11.75,3.5,13.75],"texture":"#texture"},"down":{"uv":[2.25,12.75,4.25,14.75],"texture":"#texture"}}},{"name":"cube","from":[6.5,-3.4375,6.25],"to":[8,-1.9375,8.25],"rotation":{"angle":45,"axis":"z","origin":[6.5,-1.9375,6.25]},"faces":{"north":{"uv":[2,11.75,4,13.75],"texture":"#texture"},"east":{"uv":[1.75,12,3.75,14],"texture":"#texture"},"south":{"uv":[1.25,12.5,3.25,14.5],"texture":"#texture"},"west":{"uv":[1.75,12.75,3.75,14.75],"texture":"#texture"},"up":{"uv":[1.5,11.75,3.5,13.75],"texture":"#texture"},"down":{"uv":[2.25,12.75,4.25,14.75],"texture":"#texture"}}},{"name":"cube","from":[6,-0.3125,6.25],"to":[8.1875,0.6875,8.25],"rotation":{"angle":22.5,"axis":"z","origin":[6,0.6875,6.25]},"faces":{"north":{"uv":[2,11.75,4,13.75],"texture":"#texture"},"east":{"uv":[1.75,12,3.75,14],"texture":"#texture"},"south":{"uv":[1.25,12.5,3.25,14.5],"texture":"#texture"},"west":{"uv":[1.75,12.75,3.75,14.75],"texture":"#texture"},"up":{"uv":[1.5,11.75,3.5,13.75],"texture":"#texture"},"down":{"uv":[2.25,12.75,4.25,14.75],"texture":"#texture"}}},{"name":"cube","from":[7.5,-1.25,6.25],"to":[8.5,1,8.25],"rotation":{"angle":-22.5,"axis":"z","origin":[7.5,1,6.25]},"faces":{"north":{"uv":[2,11.75,4,13.75],"texture":"#texture"},"east":{"uv":[1.75,12,3.75,14],"texture":"#texture"},"south":{"uv":[1.25,12.5,3.25,14.5],"texture":"#texture"},"west":{"uv":[1.75,12.75,3.75,14.75],"texture":"#texture"},"up":{"uv":[1.5,11.75,3.5,13.75],"texture":"#texture"},"down":{"uv":[2.25,12.75,4.25,14.75],"texture":"#texture"}}},{"name":"cube","from":[6.75,-0.3125,6.25],"to":[7.5,0.4375,8.25],"faces":{"north":{"uv":[2,11.75,4,13.75],"texture":"#texture"},"east":{"uv":[1.75,12,3.75,14],"texture":"#texture"},"south":{"uv":[1.25,12.5,3.25,14.5],"texture":"#texture"},"west":{"uv":[1.75,12.75,3.75,14.75],"texture":"#texture"},"up":{"uv":[1.5,11.75,3.5,13.75],"texture":"#texture"},"down":{"uv":[2.25,12.75,4.25,14.75],"texture":"#texture"}}},{"name":"cube","from":[5.5,0.75,6.5],"to":[7,4.5,8],"rotation":{"angle":-22.5,"axis":"z","origin":[5.5,4.5,6.5]},"faces":{"north":{"uv":[2,11.75,4,13.75],"texture":"#texture"},"east":{"uv":[1.75,12,3.75,14],"texture":"#texture"},"south":{"uv":[1.25,12.5,3.25,14.5],"texture":"#texture"},"west":{"uv":[1.75,12.75,3.75,14.75],"texture":"#texture"},"up":{"uv":[1.5,11.75,3.5,13.75],"texture":"#texture"},"down":{"uv":[2.25,12.75,4.25,14.75],"texture":"#texture"}}},{"name":"cube","from":[5.25,-0.0625,6.5],"to":[6.25,2.6875,8],"faces":{"north":{"uv":[2,11.75,4,13.75],"texture":"#texture"},"east":{"uv":[1.75,12,3.75,14],"texture":"#texture"},"south":{"uv":[1.25,12.5,3.25,14.5],"texture":"#texture"},"west":{"uv":[1.75,12.75,3.75,14.75],"texture":"#texture"},"up":{"uv":[1.5,11.75,3.5,13.75],"texture":"#texture"},"down":{"uv":[2.25,12.75,4.25,14.75],"texture":"#texture"}}},{"name":"cube","from":[5.5,3.4375,6.5],"to":[6.5625,4.5,8],"rotation":{"angle":22.5,"axis":"z","origin":[5.5,4.5,6.5]},"faces":{"north":{"uv":[2,11.75,4,13.75],"texture":"#texture"},"east":{"uv":[1.75,12,3.75,14],"texture":"#texture"},"south":{"uv":[1.25,12.5,3.25,14.5],"texture":"#texture"},"west":{"uv":[1.75,12.75,3.75,14.75],"texture":"#texture"},"up":{"uv":[1.5,11.75,3.5,13.75],"texture":"#texture"},"down":{"uv":[2.25,12.75,4.25,14.75],"texture":"#texture"}}},{"name":"cube","from":[2,1,6.25],"to":[4.1875,2,8.25],"rotation":{"angle":-45,"axis":"z","origin":[2,2,6.25]},"faces":{"north":{"uv":[6.75,14.25,9.5,15.75],"texture":"#texture"},"east":{"uv":[6.75,14.25,9.25,15.25],"texture":"#texture"},"south":{"uv":[6.75,14.5,8.75,15.25],"texture":"#texture"},"west":{"uv":[6.75,14.25,9,15.5],"texture":"#texture"},"up":{"uv":[6.75,14,8.75,15.5],"texture":"#texture"},"down":{"uv":[6.75,14.25,8.75,15.25],"texture":"#texture"}}},{"name":"cube","from":[1.875,-0.75,6.25],"to":[2.625,0.75,8.25],"rotation":{"angle":22.5,"axis":"z","origin":[1.875,0.75,6.25]},"faces":{"north":{"uv":[6.75,14.25,9.5,15.75],"texture":"#texture"},"east":{"uv":[6.75,14.25,9.25,15.25],"texture":"#texture"},"south":{"uv":[6.75,14.5,8.75,15.25],"texture":"#texture"},"west":{"uv":[6.75,14.25,9,15.5],"texture":"#texture"},"up":{"uv":[6.75,14,8.75,15.5],"texture":"#texture"},"down":{"uv":[6.75,14.25,8.75,15.25],"texture":"#texture"}}},{"name":"cube","from":[1.3125,1.3125,6.25],"to":[2,2,8.25],"faces":{"north":{"uv":[6.75,14.25,9.5,15.75],"texture":"#texture"},"east":{"uv":[6.75,14.25,9.25,15.25],"texture":"#texture"},"south":{"uv":[6.75,14.5,8.75,15.25],"texture":"#texture"},"west":{"uv":[6.75,14.25,9,15.5],"texture":"#texture"},"up":{"uv":[6.75,14,8.75,15.5],"texture":"#texture"},"down":{"uv":[6.75,14.25,8.75,15.25],"texture":"#texture"}}},{"name":"cube","from":[15.25,-9.75,5.5],"to":[16.5,-6.25,6.75],"rotation":{"angle":-22.5,"axis":"z","origin":[15.25,-6.25,5.5]},"faces":{"north":{"uv":[6.75,14.25,9.5,15.75],"texture":"#texture"},"east":{"uv":[6.75,14.25,9.25,15.25],"texture":"#texture"},"south":{"uv":[6.75,14.5,8.75,15.25],"texture":"#texture"},"west":{"uv":[6.75,14.25,9,15.5],"texture":"#texture"},"up":{"uv":[6.75,14,8.75,15.5],"texture":"#texture"},"down":{"uv":[6.75,14.25,8.75,15.25],"texture":"#texture"}}},{"name":"cube","from":[15.0625,-10.8125,5.5],"to":[15.6875,-8.0625,6.75],"faces":{"north":{"uv":[6.75,14.25,9.5,15.75],"texture":"#texture"},"east":{"uv":[6.75,14.25,9.25,15.25],"texture":"#texture"},"south":{"uv":[6.75,14.5,8.75,15.25],"texture":"#texture"},"west":{"uv":[6.75,14.25,9,15.5],"texture":"#texture"},"up":{"uv":[6.75,14,8.75,15.5],"texture":"#texture"},"down":{"uv":[6.75,14.25,8.75,15.25],"texture":"#texture"}}},{"name":"cube","from":[14.5625,-10.1875,5.5],"to":[15.0625,-7.9375,6.75],"rotation":{"angle":-45,"axis":"z","origin":[14.5625,-7.9375,5.5]},"faces":{"north":{"uv":[6.75,14.25,9.5,15.75],"texture":"#texture"},"east":{"uv":[6.75,14.25,9.25,15.25],"texture":"#texture"},"south":{"uv":[6.75,14.5,8.75,15.25],"texture":"#texture"},"west":{"uv":[6.75,14.25,9,15.5],"texture":"#texture"},"up":{"uv":[6.75,14,8.75,15.5],"texture":"#texture"},"down":{"uv":[6.75,14.25,8.75,15.25],"texture":"#texture"}}},{"name":"cube","from":[15.25,-7.125,5.5],"to":[16.125,-6.25,6.75],"rotation":{"angle":22.5,"axis":"z","origin":[15.25,-6.25,5.5]},"faces":{"north":{"uv":[6.75,14.25,9.5,15.75],"texture":"#texture"},"east":{"uv":[6.75,14.25,9.25,15.25],"texture":"#texture"},"south":{"uv":[6.75,14.5,8.75,15.25],"texture":"#texture"},"west":{"uv":[6.75,14.25,9,15.5],"texture":"#texture"},"up":{"uv":[6.75,14,8.75,15.5],"texture":"#texture"},"down":{"uv":[6.75,14.25,8.75,15.25],"texture":"#texture"}}},{"name":"cube","from":[15.25,-9.75,7.5],"to":[16.5,-6.25,8.75],"rotation":{"angle":-22.5,"axis":"z","origin":[15.25,-6.25,7.5]},"faces":{"north":{"uv":[6.75,14.25,9.5,15.75],"texture":"#texture"},"east":{"uv":[6.75,14.25,9.25,15.25],"texture":"#texture"},"south":{"uv":[6.75,14.5,8.75,15.25],"texture":"#texture"},"west":{"uv":[6.75,14.25,9,15.5],"texture":"#texture"},"up":{"uv":[6.75,14,8.75,15.5],"texture":"#texture"},"down":{"uv":[6.75,14.25,8.75,15.25],"texture":"#texture"}}},{"name":"cube","from":[15.0625,-10.8125,7.5],"to":[15.6875,-8.0625,8.75],"faces":{"north":{"uv":[6.75,14.25,9.5,15.75],"texture":"#texture"},"east":{"uv":[6.75,14.25,9.25,15.25],"texture":"#texture"},"south":{"uv":[6.75,14.5,8.75,15.25],"texture":"#texture"},"west":{"uv":[6.75,14.25,9,15.5],"texture":"#texture"},"up":{"uv":[6.75,14,8.75,15.5],"texture":"#texture"},"down":{"uv":[6.75,14.25,8.75,15.25],"texture":"#texture"}}},{"name":"cube","from":[14.5625,-10.1875,7.5],"to":[15.0625,-7.9375,8.75],"rotation":{"angle":-45,"axis":"z","origin":[14.5625,-7.9375,7.5]},"faces":{"north":{"uv":[6.75,14.25,9.5,15.75],"texture":"#texture"},"east":{"uv":[6.75,14.25,9.25,15.25],"texture":"#texture"},"south":{"uv":[6.75,14.5,8.75,15.25],"texture":"#texture"},"west":{"uv":[6.75,14.25,9,15.5],"texture":"#texture"},"up":{"uv":[6.75,14,8.75,15.5],"texture":"#texture"},"down":{"uv":[6.75,14.25,8.75,15.25],"texture":"#texture"}}},{"name":"cube","from":[15.25,-7.125,7.5],"to":[16.125,-6.25,8.75],"rotation":{"angle":22.5,"axis":"z","origin":[15.25,-6.25,7.5]},"faces":{"north":{"uv":[6.75,14.25,9.5,15.75],"texture":"#texture"},"east":{"uv":[6.75,14.25,9.25,15.25],"texture":"#texture"},"south":{"uv":[6.75,14.5,8.75,15.25],"texture":"#texture"},"west":{"uv":[6.75,14.25,9,15.5],"texture":"#texture"},"up":{"uv":[6.75,14,8.75,15.5],"texture":"#texture"},"down":{"uv":[6.75,14.25,8.75,15.25],"texture":"#texture"}}},{"name":"cube","from":[6.25,-12.3125,8.75],"to":[7.75,-12.25,10.25],"rotation":{"angle":45,"axis":"x","origin":[6.25,-12.25,8.75]},"faces":{"up":{"uv":[6,6,15,0.5],"texture":"#texture","rotation":90},"down":{"uv":[6,0.5,15,6],"texture":"#texture","rotation":270}}},{"name":"cube","from":[9,-12.3125,8.75],"to":[10.5,-12.25,10.25],"rotation":{"angle":45,"axis":"x","origin":[9,-12.25,8.75]},"faces":{"up":{"uv":[6,6,15,0.5],"texture":"#texture","rotation":90},"down":{"uv":[6,0.5,15,6],"texture":"#texture","rotation":270}}},{"name":"cube","from":[11.75,-12.3125,8.75],"to":[13.25,-12.25,10.25],"rotation":{"angle":45,"axis":"x","origin":[11.75,-12.25,8.75]},"faces":{"up":{"uv":[6,6,15,0.5],"texture":"#texture","rotation":90},"down":{"uv":[6,0.5,15,6],"texture":"#texture","rotation":270}}},{"name":"cube","from":[4.5,-6.75,5],"to":[5.5,-5.75,9.25],"rotation":{"angle":-45,"axis":"z","origin":[4.5,-5.75,5]},"faces":{"north":{"uv":[2,11.75,4,13.75],"texture":"#texture"},"east":{"uv":[1.75,12,3.75,14],"texture":"#texture"},"south":{"uv":[1.25,12.5,3.25,14.5],"texture":"#texture"},"west":{"uv":[1.75,12.75,3.75,14.75],"texture":"#texture"},"up":{"uv":[1.5,11.75,3.5,13.75],"texture":"#texture"},"down":{"uv":[2.25,12.75,4.25,14.75],"texture":"#texture"}}},{"name":"cube","from":[4.4375,-7.9375,5],"to":[5.4375,-6.9375,9.25],"rotation":{"angle":-45,"axis":"z","origin":[4.4375,-6.9375,5]},"faces":{"north":{"uv":[2,11.75,4,13.75],"texture":"#texture"},"east":{"uv":[1.75,12,3.75,14],"texture":"#texture"},"south":{"uv":[1.25,12.5,3.25,14.5],"texture":"#texture"},"west":{"uv":[1.75,12.75,3.75,14.75],"texture":"#texture"},"up":{"uv":[1.5,11.75,3.5,13.75],"texture":"#texture"},"down":{"uv":[2.25,12.75,4.25,14.75],"texture":"#texture"}}},{"name":"cube","from":[4.5,-9.125,5],"to":[5.5,-8.125,9.25],"rotation":{"angle":-45,"axis":"z","origin":[4.5,-8.125,5]},"faces":{"north":{"uv":[2,11.75,4,13.75],"texture":"#texture"},"east":{"uv":[1.75,12,3.75,14],"texture":"#texture"},"south":{"uv":[1.25,12.5,3.25,14.5],"texture":"#texture"},"west":{"uv":[1.75,12.75,3.75,14.75],"texture":"#texture"},"up":{"uv":[1.5,11.75,3.5,13.75],"texture":"#texture"},"down":{"uv":[2.25,12.75,4.25,14.75],"texture":"#texture"}}},{"name":"cube","from":[4,-6,5],"to":[5,-5,9.25],"rotation":{"angle":22.5,"axis":"z","origin":[4,-5,5]},"faces":{"north":{"uv":[2,11.75,4,13.75],"texture":"#texture"},"east":{"uv":[1.75,12,3.75,14],"texture":"#texture"},"south":{"uv":[1.25,12.5,3.25,14.5],"texture":"#texture"},"west":{"uv":[1.75,12.75,3.75,14.75],"texture":"#texture"},"up":{"uv":[1.5,11.75,3.5,13.75],"texture":"#texture"},"down":{"uv":[2.25,12.75,4.25,14.75],"texture":"#texture"}}},{"name":"cube","from":[4.3125,-5.125,5],"to":[5.3125,-4.125,9.25],"rotation":{"angle":45,"axis":"z","origin":[4.3125,-4.125,5]},"faces":{"north":{"uv":[2,11.75,4,13.75],"texture":"#texture"},"east":{"uv":[1.75,12,3.75,14],"texture":"#texture"},"south":{"uv":[1.25,12.5,3.25,14.5],"texture":"#texture"},"west":{"uv":[1.75,12.75,3.75,14.75],"texture":"#texture"},"up":{"uv":[1.5,11.75,3.5,13.75],"texture":"#texture"},"down":{"uv":[2.25,12.75,4.25,14.75],"texture":"#texture"}}},{"name":"cube","from":[4.0625,-3.5,5],"to":[5.0625,-2.5,9.25],"faces":{"north":{"uv":[2,11.75,4,13.75],"texture":"#texture"},"east":{"uv":[1.75,12,3.75,14],"texture":"#texture"},"south":{"uv":[1.25,12.5,3.25,14.5],"texture":"#texture"},"west":{"uv":[1.75,12.75,3.75,14.75],"texture":"#texture"},"up":{"uv":[1.5,11.75,3.5,13.75],"texture":"#texture"},"down":{"uv":[2.25,12.75,4.25,14.75],"texture":"#texture"}}},{"name":"cube","from":[4.5,-9.9375,5],"to":[5.25,-9.1875,9.25],"rotation":{"angle":-45,"axis":"z","origin":[4.5,-9.1875,5]},"faces":{"north":{"uv":[2,11.75,4,13.75],"texture":"#texture"},"east":{"uv":[1.75,12,3.75,14],"texture":"#texture"},"south":{"uv":[1.25,12.5,3.25,14.5],"texture":"#texture"},"west":{"uv":[1.75,12.75,3.75,14.75],"texture":"#texture"},"up":{"uv":[1.5,11.75,3.5,13.75],"texture":"#texture"},"down":{"uv":[2.25,12.75,4.25,14.75],"texture":"#texture"}}},{"name":"cube","from":[4.75,-11.3125,5],"to":[5.75,-10.3125,9.25],"rotation":{"angle":22.5,"axis":"z","origin":[4.75,-10.3125,5]},"faces":{"north":{"uv":[2,11.75,4,13.75],"texture":"#texture"},"east":{"uv":[1.75,12,3.75,14],"texture":"#texture"},"south":{"uv":[1.25,12.5,3.25,14.5],"texture":"#texture"},"west":{"uv":[1.75,12.75,3.75,14.75],"texture":"#texture"},"up":{"uv":[1.5,11.75,3.5,13.75],"texture":"#texture"},"down":{"uv":[2.25,12.75,4.25,14.75],"texture":"#texture"}}},{"name":"cube","from":[6.125,-11.75,5],"to":[7.125,-10.75,9.25],"rotation":{"angle":22.5,"axis":"z","origin":[6.125,-10.75,5]},"faces":{"north":{"uv":[2,11.75,4,13.75],"texture":"#texture"},"east":{"uv":[1.75,12,3.75,14],"texture":"#texture"},"south":{"uv":[1.25,12.5,3.25,14.5],"texture":"#texture"},"west":{"uv":[1.75,12.75,3.75,14.75],"texture":"#texture"},"up":{"uv":[1.5,11.75,3.5,13.75],"texture":"#texture"},"down":{"uv":[2.25,12.75,4.25,14.75],"texture":"#texture"}}},{"name":"cube","from":[7.75,-11.6875,5],"to":[8.625,-10.8125,9.25],"rotation":{"angle":-45,"axis":"z","origin":[7.75,-10.8125,5]},"faces":{"north":{"uv":[2,11.75,4,13.75],"texture":"#texture"},"east":{"uv":[1.75,12,3.75,14],"texture":"#texture"},"south":{"uv":[1.25,12.5,3.25,14.5],"texture":"#texture"},"west":{"uv":[1.75,12.75,3.75,14.75],"texture":"#texture"},"up":{"uv":[1.5,11.75,3.5,13.75],"texture":"#texture"},"down":{"uv":[2.25,12.75,4.25,14.75],"texture":"#texture"}}},{"name":"cube","from":[9,-11.75,5],"to":[10,-10.75,9.25],"rotation":{"angle":-45,"axis":"z","origin":[9,-10.75,5]},"faces":{"north":{"uv":[2,11.75,4,13.75],"texture":"#texture"},"east":{"uv":[1.75,12,3.75,14],"texture":"#texture"},"south":{"uv":[1.25,12.5,3.25,14.5],"texture":"#texture"},"west":{"uv":[1.75,12.75,3.75,14.75],"texture":"#texture"},"up":{"uv":[1.5,11.75,3.5,13.75],"texture":"#texture"},"down":{"uv":[2.25,12.75,4.25,14.75],"texture":"#texture"}}},{"name":"cube","from":[10.375,-11.6875,5],"to":[11.25,-10.8125,9.25],"rotation":{"angle":-45,"axis":"z","origin":[10.375,-10.8125,5]},"faces":{"north":{"uv":[2,11.75,4,13.75],"texture":"#texture"},"east":{"uv":[1.75,12,3.75,14],"texture":"#texture"},"south":{"uv":[1.25,12.5,3.25,14.5],"texture":"#texture"},"west":{"uv":[1.75,12.75,3.75,14.75],"texture":"#texture"},"up":{"uv":[1.5,11.75,3.5,13.75],"texture":"#texture"},"down":{"uv":[2.25,12.75,4.25,14.75],"texture":"#texture"}}},{"name":"cube","from":[11.625,-11.4375,5],"to":[12.5,-10.5625,9.25],"rotation":{"angle":-45,"axis":"z","origin":[11.625,-10.5625,5]},"faces":{"north":{"uv":[2,11.75,4,13.75],"texture":"#texture"},"east":{"uv":[1.75,12,3.75,14],"texture":"#texture"},"south":{"uv":[1.25,12.5,3.25,14.5],"texture":"#texture"},"west":{"uv":[1.75,12.75,3.75,14.75],"texture":"#texture"},"up":{"uv":[1.5,11.75,3.5,13.75],"texture":"#texture"},"down":{"uv":[2.25,12.75,4.25,14.75],"texture":"#texture"}}},{"name":"cube","from":[12.75,-11.6875,5],"to":[13.625,-10.8125,9.25],"rotation":{"angle":-45,"axis":"z","origin":[12.75,-10.8125,5]},"faces":{"north":{"uv":[2,11.75,4,13.75],"texture":"#texture"},"east":{"uv":[1.75,12,3.75,14],"texture":"#texture"},"south":{"uv":[1.25,12.5,3.25,14.5],"texture":"#texture"},"west":{"uv":[1.75,12.75,3.75,14.75],"texture":"#texture"},"up":{"uv":[1.5,11.75,3.5,13.75],"texture":"#texture"},"down":{"uv":[2.25,12.75,4.25,14.75],"texture":"#texture"}}},{"name":"cube","from":[10.75,-10.75,9.25],"to":[12.25,-9.25,10.75],"rotation":{"angle":45,"axis":"x","origin":[10.75,-9.25,9.25]},"faces":{"north":{"uv":[2,11.75,4,13.75],"texture":"#texture"},"east":{"uv":[1.75,12,3.75,14],"texture":"#texture"},"south":{"uv":[1.25,12.5,3.25,14.5],"texture":"#texture"},"west":{"uv":[1.75,12.75,3.75,14.75],"texture":"#texture"},"up":{"uv":[1.5,11.75,3.5,13.75],"texture":"#texture"},"down":{"uv":[2.25,12.75,4.25,14.75],"texture":"#texture"}}},{"name":"cube","from":[7.75,-10.75,9.25],"to":[9.25,-9.25,10.75],"rotation":{"angle":45,"axis":"x","origin":[7.75,-9.25,9.25]},"faces":{"north":{"uv":[2,11.75,4,13.75],"texture":"#texture"},"east":{"uv":[1.75,12,3.75,14],"texture":"#texture"},"south":{"uv":[1.25,12.5,3.25,14.5],"texture":"#texture"},"west":{"uv":[1.75,12.75,3.75,14.75],"texture":"#texture"},"up":{"uv":[1.5,11.75,3.5,13.75],"texture":"#texture"},"down":{"uv":[2.25,12.75,4.25,14.75],"texture":"#texture"}}},{"name":"cube","from":[10.75,-10.75,5],"to":[12.25,-9.25,6.5],"rotation":{"angle":45,"axis":"x","origin":[10.75,-9.25,5]},"faces":{"north":{"uv":[2,11.75,4,13.75],"texture":"#texture"},"east":{"uv":[1.75,12,3.75,14],"texture":"#texture"},"south":{"uv":[1.25,12.5,3.25,14.5],"texture":"#texture"},"west":{"uv":[1.75,12.75,3.75,14.75],"texture":"#texture"},"up":{"uv":[1.5,11.75,3.5,13.75],"texture":"#texture"},"down":{"uv":[2.25,12.75,4.25,14.75],"texture":"#texture"}}},{"name":"cube","from":[7.75,-10.75,5],"to":[9.25,-9.25,6.5],"rotation":{"angle":45,"axis":"x","origin":[7.75,-9.25,5]},"faces":{"north":{"uv":[2,11.75,4,13.75],"texture":"#texture"},"east":{"uv":[1.75,12,3.75,14],"texture":"#texture"},"south":{"uv":[1.25,12.5,3.25,14.5],"texture":"#texture"},"west":{"uv":[1.75,12.75,3.75,14.75],"texture":"#texture"},"up":{"uv":[1.5,11.75,3.5,13.75],"texture":"#texture"},"down":{"uv":[2.25,12.75,4.25,14.75],"texture":"#texture"}}},{"name":"cube","from":[11.75,-13.3125,4.75],"to":[13.25,-13.25,6.25],"rotation":{"angle":-45,"axis":"x","origin":[11.75,-13.25,4.75]},"faces":{"up":{"uv":[6,0.5,15,6],"texture":"#texture","rotation":270},"down":{"uv":[6,6,15,0.5],"texture":"#texture","rotation":90}}},{"name":"cube","from":[9,-13.3125,4.75],"to":[10.5,-13.25,6.25],"rotation":{"angle":-45,"axis":"x","origin":[9,-13.25,4.75]},"faces":{"up":{"uv":[6,0.5,15,6],"texture":"#texture","rotation":270},"down":{"uv":[6,6,15,0.5],"texture":"#texture","rotation":90}}},{"name":"cube","from":[6.25,-13.3125,4.75],"to":[7.75,-13.25,6.25],"rotation":{"angle":-45,"axis":"x","origin":[6.25,-13.25,4.75]},"faces":{"up":{"uv":[6,0.5,15,6],"texture":"#texture","rotation":270},"down":{"uv":[6,6,15,0.5],"texture":"#texture","rotation":90}}},{"name":"cube","from":[4,-11.3125,8.1875],"to":[5.5,-11.25,9.6875],"rotation":{"angle":-45,"axis":"y","origin":[4,-11.3125,8.1875]},"faces":{"up":{"uv":[6,6,15,0.5],"texture":"#texture","rotation":90},"down":{"uv":[6,0.5,15,6],"texture":"#texture","rotation":270}}},{"name":"cube","from":[3,-11.3125,5],"to":[4.5,-11.25,6.5],"rotation":{"angle":45,"axis":"y","origin":[3,-11.3125,5]},"faces":{"up":{"uv":[6,0.5,15,6],"texture":"#texture","rotation":270},"down":{"uv":[6,6,15,0.5],"texture":"#texture","rotation":90}}},{"name":"cube","from":[4.5,-11.3125,7.375],"to":[5.75,-11.25,8.875],"rotation":{"angle":-22.5,"axis":"y","origin":[4.5,-11.3125,7.375]},"faces":{"north":{"uv":[6.25,9.75,7.5,10.75],"texture":"#texture"},"east":{"uv":[7.25,9.75,8.5,10.75],"texture":"#texture"},"south":{"uv":[6.25,8.75,7.25,9.75],"texture":"#texture"},"west":{"uv":[6.5,9,7.75,10],"texture":"#texture"},"up":{"uv":[6,6,8,0.5],"texture":"#texture","rotation":90},"down":{"uv":[6,0.5,8,6],"texture":"#texture","rotation":270}}},{"name":"cube","from":[3.9375,-11.3125,5.4375],"to":[5.1875,-11.25,6.9375],"rotation":{"angle":22.5,"axis":"y","origin":[3.9375,-11.3125,5.4375]},"faces":{"north":{"uv":[6.25,9.75,7.5,10.75],"texture":"#texture"},"east":{"uv":[7.25,9.75,8.5,10.75],"texture":"#texture"},"south":{"uv":[6.25,8.75,7.25,9.75],"texture":"#texture"},"west":{"uv":[6.5,9,7.75,10],"texture":"#texture"},"up":{"uv":[6,0.5,8,6],"texture":"#texture","rotation":270},"down":{"uv":[6,6,8,0.5],"texture":"#texture","rotation":90}}},{"name":"cube","from":[2.0625,-9.375,4.5625],"to":[2.125,-7.875,6.5625],"rotation":{"angle":45,"axis":"y","origin":[2.0625,-9.375,4.5625]},"faces":{"east":{"uv":[6,0.5,15,6],"texture":"#texture"},"west":{"uv":[15,0.5,6,6.25],"texture":"#texture"}}},{"name":"cube","from":[3.4375,-9.375,8.5],"to":[3.5,-7.875,10.5],"rotation":{"angle":-45,"axis":"y","origin":[3.4375,-9.375,8.5]},"faces":{"east":{"uv":[15,0.5,6,6],"texture":"#texture"},"west":{"uv":[6,0.5,15,6.25],"texture":"#texture"}}},{"name":"cube","from":[3.5,-3,9.1925],"to":[6.25,-0.25,9.255],"faces":{"south":{"uv":[9,6.5,15.5,13],"texture":"#texture"}}},{"name":"cube","from":[3.5,-3,4.995],"to":[6.25,-0.25,5.0575],"faces":{"north":{"uv":[9,6.5,15.5,13],"texture":"#texture"}}}],"display":{"head":{"rotation":[0,-90,0],"translation":[0,-20,-1]},"gui":{"rotation":[30,50,0],"translation":[0,10,0],"scale":[0.9,0.9,0.9]},"thirdperson_righthand":{"scale":[0,0,0]},"thirdperson_lefthand":{"scale":[0,0,0]},"firstperson_righthand":{"scale":[0,0,0]},"firstperson_lefthand":{"scale":[0,0,0]}}}