{"credit":"Made by MadstonMagic using Cubik Pro, Copyright © MadstonMagic Modeling 2015-2017. All rights reserved","textures":{"texture":"pokemon_skins/regular/cascoon/cascoon","spike":"pokemon_skins/regular/cascoon/cascoon_spike","particle":"pokemon_skins/regular/cascoon/cascoon_eye"},"elements":[{"name":"cube","from":[3.5,-7.5,4.5],"to":[11,-1.5,9.25],"faces":{"north":{"uv":[1,11.5,4.5,15],"texture":"#texture"},"east":{"uv":[1,11.5,4.5,15],"texture":"#texture"},"south":{"uv":[1,11.5,4.5,15],"texture":"#texture"},"west":{"uv":[1,11.5,4.5,15],"texture":"#texture"},"up":{"uv":[1,11.5,4.5,15],"texture":"#texture"},"down":{"uv":[1,11.5,4.5,15],"texture":"#texture"}}},{"name":"cube","from":[3.5,-6.5,3.5],"to":[11,-2.5,10.25],"faces":{"north":{"uv":[1,11.5,4.5,15],"texture":"#texture"},"east":{"uv":[1,11.5,4.5,15],"texture":"#texture"},"south":{"uv":[1,11.5,4.5,15],"texture":"#texture"},"west":{"uv":[1,11.5,4.5,15],"texture":"#texture"},"up":{"uv":[1,11.5,4.5,15],"texture":"#texture"},"down":{"uv":[1,11.5,4.5,15],"texture":"#texture"}}},{"name":"cube","from":[2.5,-6.5,4.5],"to":[12,-2.5,9.25],"faces":{"north":{"uv":[1,11.5,4.5,15],"texture":"#texture"},"east":{"uv":[1,11.5,4.5,15],"texture":"#texture"},"south":{"uv":[1,11.5,4.5,15],"texture":"#texture"},"west":{"uv":[1,11.5,4.5,15],"texture":"#texture"},"up":{"uv":[1,11.5,4.5,15],"texture":"#texture"},"down":{"uv":[1,11.5,4.5,15],"texture":"#texture"}}},{"name":"cube","from":[2.5,-3.5,4.5],"to":[3.9375,-2.5,9.25],"rotation":{"angle":45,"axis":"z","origin":[2.5,-2.5,4.5]},"faces":{"north":{"uv":[1,11.5,4.5,15],"texture":"#texture"},"east":{"uv":[1,11.5,4.5,15],"texture":"#texture"},"south":{"uv":[1,11.5,4.5,15],"texture":"#texture"},"west":{"uv":[1,11.5,4.5,15],"texture":"#texture"},"up":{"uv":[1,11.5,4.5,15],"texture":"#texture"},"down":{"uv":[1,11.5,4.5,15],"texture":"#texture"}}},{"name":"cube","from":[10.9571,-2.5,4.5],"to":[12.3946,-1.5,9.25],"rotation":{"angle":-45,"axis":"z","origin":[10.9571,-1.5,4.5]},"faces":{"north":{"uv":[1,11.5,4.5,15],"texture":"#texture"},"east":{"uv":[1,11.5,4.5,15],"texture":"#texture"},"south":{"uv":[1,11.5,4.5,15],"texture":"#texture"},"west":{"uv":[1,11.5,4.5,15],"texture":"#texture"},"up":{"uv":[1,11.5,4.5,15],"texture":"#texture"},"down":{"uv":[1,11.5,4.5,15],"texture":"#texture"}}},{"name":"cube","from":[10.29,-7.7725,4.5],"to":[11.665,-6.7725,9.25],"rotation":{"angle":45,"axis":"z","origin":[10.29,-6.7725,4.5]},"faces":{"north":{"uv":[1,11.5,4.5,15],"texture":"#texture"},"east":{"uv":[1,11.5,4.5,15],"texture":"#texture"},"south":{"uv":[1,11.5,4.5,15],"texture":"#texture"},"west":{"uv":[1,11.5,4.5,15],"texture":"#texture"},"up":{"uv":[1,11.5,4.5,15],"texture":"#texture"},"down":{"uv":[1,11.5,4.5,15],"texture":"#texture"}}},{"name":"cube","from":[3.25,-6.8125,4.5],"to":[4.625,-5.8125,9.25],"rotation":{"angle":-45,"axis":"z","origin":[3.25,-5.8125,4.5]},"faces":{"north":{"uv":[1,11.5,4.5,15],"texture":"#texture"},"east":{"uv":[1,11.5,4.5,15],"texture":"#texture"},"south":{"uv":[1,11.5,4.5,15],"texture":"#texture"},"west":{"uv":[1,11.5,4.5,15],"texture":"#texture"},"up":{"uv":[1,11.5,4.5,15],"texture":"#texture"},"down":{"uv":[1,11.5,4.5,15],"texture":"#texture"}}},{"name":"cube","from":[3.5,-3.5,3.5],"to":[11,-2.5,4.875],"rotation":{"angle":-45,"axis":"x","origin":[3.5,-2.5,3.5]},"faces":{"north":{"uv":[1,11.5,4.5,15],"texture":"#texture"},"east":{"uv":[1,11.5,4.5,15],"texture":"#texture"},"south":{"uv":[1,11.5,4.5,15],"texture":"#texture"},"west":{"uv":[1,11.5,4.5,15],"texture":"#texture"},"up":{"uv":[1,11.5,4.5,15],"texture":"#texture"},"down":{"uv":[1,11.5,4.5,15],"texture":"#texture"}}},{"name":"cube","from":[3.5,-2.5,9.25],"to":[11,-1.5,10.6875],"rotation":{"angle":45,"axis":"x","origin":[3.5,-1.5,9.25]},"faces":{"north":{"uv":[1,11.5,4.5,15],"texture":"#texture"},"east":{"uv":[1,11.5,4.5,15],"texture":"#texture"},"south":{"uv":[1,11.5,4.5,15],"texture":"#texture"},"west":{"uv":[1,11.5,4.5,15],"texture":"#texture"},"up":{"uv":[1,11.5,4.5,15],"texture":"#texture"},"down":{"uv":[1,11.5,4.5,15],"texture":"#texture"}}},{"name":"cube","from":[3.5,-7.72225,8.5625],"to":[11,-6.72225,9.9375],"rotation":{"angle":-45,"axis":"x","origin":[3.5,-6.72225,8.5625]},"faces":{"north":{"uv":[1,11.5,4.5,15],"texture":"#texture"},"east":{"uv":[1,11.5,4.5,15],"texture":"#texture"},"south":{"uv":[1,11.5,4.5,15],"texture":"#texture"},"west":{"uv":[1,11.5,4.5,15],"texture":"#texture"},"up":{"uv":[1,11.5,4.5,15],"texture":"#texture"},"down":{"uv":[1,11.5,4.5,15],"texture":"#texture"}}},{"name":"cube","from":[3.5,-6.7925,4.2075],"to":[11,-5.7925,5.5825],"rotation":{"angle":45,"axis":"x","origin":[3.5,-5.7925,4.2075]},"faces":{"north":{"uv":[1,11.5,4.5,15],"texture":"#texture"},"east":{"uv":[1,11.5,4.5,15],"texture":"#texture"},"south":{"uv":[1,11.5,4.5,15],"texture":"#texture"},"west":{"uv":[1,11.5,4.5,15],"texture":"#texture"},"up":{"uv":[1,11.5,4.5,15],"texture":"#texture"},"down":{"uv":[1,11.5,4.5,15],"texture":"#texture"}}},{"name":"cube","from":[2.5,-6.5,4.5],"to":[3.9375,-2.5,5.5625],"rotation":{"angle":45,"axis":"y","origin":[2.5,-6.5,4.5]},"faces":{"north":{"uv":[1,11.5,4.5,15],"texture":"#texture"},"east":{"uv":[1,11.5,4.5,15],"texture":"#texture"},"south":{"uv":[1,11.5,4.5,15],"texture":"#texture"},"west":{"uv":[1,11.5,4.5,15],"texture":"#texture"},"up":{"uv":[1,11.5,4.5,15],"texture":"#texture"},"down":{"uv":[1,11.5,4.5,15],"texture":"#texture"}}},{"name":"cube","from":[2.495,-6.5,5.5],"to":[2.5575,-2.5,6.75],"faces":{"west":{"uv":[8.75,0.25,13.25,9.75],"texture":"#texture"}}},{"name":"cube","from":[10.9388,-6.5,3.5],"to":[12.3763,-2.5,4.5625],"rotation":{"angle":-45,"axis":"y","origin":[10.9388,-6.5,3.5]},"faces":{"north":{"uv":[1,11.5,4.5,15],"texture":"#texture"},"east":{"uv":[1,11.5,4.5,15],"texture":"#texture"},"south":{"uv":[1,11.5,4.5,15],"texture":"#texture"},"west":{"uv":[1,11.5,4.5,15],"texture":"#texture"},"up":{"uv":[1,11.5,4.5,15],"texture":"#texture"},"down":{"uv":[1,11.5,4.5,15],"texture":"#texture"}}},{"name":"cube","from":[10.25,-6.5,9.4375],"to":[11.6875,-2.5,10.5],"rotation":{"angle":45,"axis":"y","origin":[10.25,-6.5,9.4375]},"faces":{"north":{"uv":[1,11.5,4.5,15],"texture":"#texture"},"east":{"uv":[1,11.5,4.5,15],"texture":"#texture"},"south":{"uv":[1,11.5,4.5,15],"texture":"#texture"},"west":{"uv":[1,11.5,4.5,15],"texture":"#texture"},"up":{"uv":[1,11.5,4.5,15],"texture":"#texture"},"down":{"uv":[1,11.5,4.5,15],"texture":"#texture"}}},{"name":"cube","from":[3.25,-6.5,8.5],"to":[4.6875,-2.5,9.5625],"rotation":{"angle":-45,"axis":"y","origin":[3.25,-6.5,8.5]},"faces":{"north":{"uv":[1,11.5,4.5,15],"texture":"#texture"},"east":{"uv":[1,11.5,4.5,15],"texture":"#texture"},"south":{"uv":[1,11.5,4.5,15],"texture":"#texture"},"west":{"uv":[1,11.5,4.5,15],"texture":"#texture"},"up":{"uv":[1,11.5,4.5,15],"texture":"#texture"},"down":{"uv":[1,11.5,4.5,15],"texture":"#texture"}}},{"name":"cube","from":[2.495,-6.5,7],"to":[2.5575,-2.5,8.25],"faces":{"west":{"uv":[10.75,0.25,15.25,9.75],"texture":"#texture"}}},{"name":"cube","from":[5.75,-6.5,10.1925],"to":[8.5,-2.5,10.255],"faces":{"south":{"uv":[7.75,0.25,0.25,9.75],"texture":"#texture","rotation":180}}},{"name":"cube","from":[3.5625,-5.4375,3.49],"to":[5.5625,-3.9375,10.29],"rotation":{"angle":22.5,"axis":"z","origin":[3.5625,-3.9375,3.49]},"faces":{"north":{"uv":[2,1,15,10],"texture":"#particle"},"south":{"uv":[15,1,2,10],"texture":"#particle"}}},{"name":"cube","from":[5.75,-6.5,3.495],"to":[8.5,-2.5,3.5575],"faces":{"north":{"uv":[0.25,0.25,7.75,9.75],"texture":"#texture","rotation":180}}},{"name":"cube","from":[4.5,-8.3125,-1.0625],"to":[5.75,-8.25,3.9375],"rotation":{"angle":-22.5,"axis":"x","origin":[4.5,-8.25,-1.0625]},"faces":{"up":{"uv":[2.5,1,8,15.5],"texture":"#spike"},"down":{"uv":[2.5,1,8,15.5],"texture":"#spike","rotation":180}}},{"name":"cube","from":[4.5,-6.3125,10.25],"to":[5.75,-6.25,15.25],"rotation":{"angle":22.5,"axis":"x","origin":[4.5,-6.25,10.25]},"faces":{"up":{"uv":[2.5,1,8,15.5],"texture":"#spike","rotation":180},"down":{"uv":[2.5,1,8,15.5],"texture":"#spike"}}},{"name":"cube","from":[10.9375,-6.5625,3.5],"to":[16.1875,-6.5,5],"rotation":{"angle":45,"axis":"y","origin":[10.9375,-6.5625,3.5]},"faces":{"up":{"uv":[2.5,1,8,15.5],"texture":"#spike","rotation":90},"down":{"uv":[2.5,1,8,15.5],"texture":"#spike","rotation":90}}},{"name":"cube","from":[11.9375,-6.5625,9.1875],"to":[17.1875,-6.5,10.6875],"rotation":{"angle":-45,"axis":"y","origin":[11.9375,-6.5625,9.1875]},"faces":{"up":{"uv":[2.5,1,8,15.5],"texture":"#spike","rotation":90},"down":{"uv":[2.5,1,8,15.5],"texture":"#spike","rotation":90}}},{"name":"cube","from":[8,-1.8125,9.25],"to":[9.25,-1.75,14.25],"rotation":{"angle":-45,"axis":"x","origin":[8,-1.75,9.25]},"faces":{"up":{"uv":[2.5,1,8,15.5],"texture":"#spike","rotation":180},"down":{"uv":[2.5,1,8,15.5],"texture":"#spike"}}},{"name":"cube","from":[8,1.6875,1],"to":[9.25,1.75,6],"rotation":{"angle":45,"axis":"x","origin":[8,1.75,1]},"faces":{"up":{"uv":[2.5,1,8,15.5],"texture":"#spike"},"down":{"uv":[2.5,1,8,15.5],"texture":"#spike","rotation":180}}},{"name":"cube","from":[-0.0625,-4.5625,6.75],"to":[1.4375,1.1875,6.8125],"rotation":{"angle":45,"axis":"z","origin":[-0.0625,1.1875,6.75]},"faces":{"north":{"uv":[2.5,1,8,15.5],"texture":"#spike"},"south":{"uv":[2.5,1,8,15.5],"texture":"#spike"}}},{"name":"cube","from":[11.0625,-7.25,4.375],"to":[16.8125,-5.75,4.4375],"rotation":{"angle":45,"axis":"y","origin":[11.0625,-7.25,4.375]},"faces":{"north":{"uv":[2.5,1,8,15.5],"texture":"#spike","rotation":270},"south":{"uv":[2.5,1,8,15.5],"texture":"#spike","rotation":90}}},{"name":"cube","from":[11.125,-7.25,9.3125],"to":[16.875,-5.75,9.375],"rotation":{"angle":-45,"axis":"y","origin":[11.125,-7.25,9.3125]},"faces":{"north":{"uv":[2.5,1,8,15.5],"texture":"#spike","rotation":270},"south":{"uv":[2.5,1,8,15.5],"texture":"#spike","rotation":90}}},{"name":"cube","from":[5.1875,-7.25,10.75],"to":[5.25,-5.75,15.75],"rotation":{"angle":22.5,"axis":"x","origin":[5.1875,-5.75,10.75]},"faces":{"east":{"uv":[2.5,1,8,15.5],"texture":"#spike","rotation":270},"west":{"uv":[2.5,1,8,15.5],"texture":"#spike","rotation":90}}},{"name":"cube","from":[5.1875,-9.0625,-1.5625],"to":[5.25,-7.5625,3.4375],"rotation":{"angle":-22.5,"axis":"x","origin":[5.1875,-7.5625,-1.5625]},"faces":{"east":{"uv":[2.5,1,8,15.5],"texture":"#spike","rotation":90},"west":{"uv":[2.5,1,8,15.5],"texture":"#spike","rotation":270}}},{"name":"cube","from":[5.1875,-7.1875,3],"to":[5.25,-5.6875,4],"rotation":{"angle":-22.5,"axis":"x","origin":[5.1875,-5.6875,3]},"faces":{"east":{"uv":[2.5,11.75,8,15.25],"texture":"#spike","rotation":90},"west":{"uv":[2.5,11.75,8,15.25],"texture":"#spike","rotation":270}}},{"name":"cube","from":[11.9425,-6.5,5.5],"to":[12.005,-2.5,6.75],"faces":{"east":{"uv":[10.75,3,15.25,9.75],"texture":"#texture"}}},{"name":"cube","from":[11.9425,-6.5,7],"to":[12.005,-2.5,8.25],"faces":{"east":{"uv":[8.75,3,13.25,9.75],"texture":"#texture"}}},{"name":"cube","from":[11.1025,-2.92169,7],"to":[11.165,-1.67169,8.25],"rotation":{"angle":45,"axis":"z","origin":[11.1025,-1.67169,7]},"faces":{"east":{"uv":[8.75,0.25,13.25,3.5],"texture":"#texture"}}},{"name":"cube","from":[11.0825,-2.915,5.5],"to":[11.145,-1.665,6.75],"rotation":{"angle":45,"axis":"z","origin":[11.0825,-1.665,5.5]},"faces":{"east":{"uv":[10.75,0.25,15.25,3.5],"texture":"#texture"}}},{"name":"cube","from":[8.5,-6.5,10.1925],"to":[10.5,-2.5,10.255],"faces":{"south":{"uv":[10.75,0.25,15.25,9.75],"texture":"#texture"}}},{"name":"cube","from":[8.5,-6.5,3.495],"to":[10.5,-2.5,3.5575],"faces":{"north":{"uv":[8.75,0.25,13.25,9.75],"texture":"#texture"}}},{"name":"cube","from":[8.625,0.75,1.5625],"to":[8.6875,2.25,6.8125],"rotation":{"angle":45,"axis":"x","origin":[8.625,2.25,1.5625]},"faces":{"east":{"uv":[2.5,1,8,15.5],"texture":"#spike","rotation":90},"west":{"uv":[2.5,1,8,15.5],"texture":"#spike","rotation":270}}},{"name":"cube","from":[8.625,-2.9375,8.5625],"to":[8.6875,-1.4375,13.8125],"rotation":{"angle":-45,"axis":"x","origin":[8.625,-1.4375,8.5625]},"faces":{"east":{"uv":[2.5,1,8,15.5],"texture":"#spike","rotation":270},"west":{"uv":[2.5,1,8,15.5],"texture":"#spike","rotation":90}}},{"name":"cube","from":[0.5,1.6875,6.125],"to":[6.75,1.75,7.625],"rotation":{"angle":-45,"axis":"z","origin":[0.5,1.75,6.125]},"faces":{"up":{"uv":[2.5,1,8,15.5],"texture":"#spike","rotation":270},"down":{"uv":[2.5,1,8,15.5],"texture":"#spike","rotation":270}}},{"name":"cube","from":[5.1875,-6.875,9.875],"to":[5.25,-5.375,10.875],"rotation":{"angle":22.5,"axis":"x","origin":[5.1875,-5.375,9.875]},"faces":{"east":{"uv":[2.5,11.75,8,15.25],"texture":"#spike","rotation":90},"west":{"uv":[2.5,11.75,8,15.25],"texture":"#spike","rotation":270}}}],"display":{"head":{"rotation":[0,-90,-5],"translation":[-1.5,-21,0.19],"scale":[1.3,1.3,1.3]},"gui":{"rotation":[30,50,0],"translation":[0.1,9,0],"scale":[0.92,0.92,0.92]},"thirdperson_righthand":{"scale":[0,0,0]},"thirdperson_lefthand":{"scale":[0,0,0]},"firstperson_righthand":{"scale":[0,0,0]},"firstperson_lefthand":{"scale":[0,0,0]}}}