{"credit":"Made by MadstonMagic using Cubik Pro, Copyright © MadstonMagic Modeling 2015-2017. All rights reserved","textures":{"texture":"pokemon_skins/regular/ludicolo/ludicolo","particles":"pokemon_skins/regular/ludicolo/ludicolo_particles","particle":"pokemon_skins/regular/ludicolo/ludicolo_eye"},"elements":[{"from":[3.68,2.86,10.53],"to":[5.58,4.16,11.74],"rotation":{"angle":45,"axis":"y","origin":[4.87,4.36,8.58]},"faces":{"north":{"uv":[0.5,13.5,2,15],"texture":"#texture"},"east":{"uv":[1,13.5,2.5,15],"texture":"#texture"},"south":{"uv":[1,13.5,2.5,15],"texture":"#texture"},"west":{"uv":[0.5,13.5,2,15],"texture":"#texture"},"up":{"uv":[0.5,13.5,2,15],"texture":"#texture"},"down":{"uv":[0.5,13.5,2,15],"texture":"#texture"}}},{"from":[7.3,2.86,6.76],"to":[9.2,4.16,7.97],"rotation":{"angle":-45,"axis":"y","origin":[8.49,4.36,4.81]},"faces":{"north":{"uv":[0.5,13.5,2,15],"texture":"#texture"},"east":{"uv":[1,13.5,2.5,15],"texture":"#texture"},"south":{"uv":[1,13.5,2.5,15],"texture":"#texture"},"west":{"uv":[0.5,13.5,2,15],"texture":"#texture"},"up":{"uv":[0.5,13.5,2,15],"texture":"#texture"},"down":{"uv":[0.5,13.5,2,15],"texture":"#texture"}}},{"from":[6.27,2.86,5.35],"to":[10.17,4.16,11.65],"faces":{"north":{"uv":[0.5,13.5,2,15],"texture":"#texture"},"east":{"uv":[1,13.5,2.5,15],"texture":"#texture"},"south":{"uv":[1,13.5,2.5,15],"texture":"#texture"},"west":{"uv":[0.5,13.5,2,15],"texture":"#texture"},"up":{"uv":[0.5,13.5,2,15],"texture":"#texture"},"down":{"uv":[0.5,13.5,2,15],"texture":"#texture"}}},{"from":[5.41,2.86,6.2],"to":[7.21,4.16,10.8],"faces":{"north":{"uv":[0.5,13.5,2,15],"texture":"#texture"},"east":{"uv":[1,13.5,2.5,15],"texture":"#texture"},"south":{"uv":[1,13.5,2.5,15],"texture":"#texture"},"west":{"uv":[0.5,13.5,2,15],"texture":"#texture"},"up":{"uv":[0.5,13.5,2,15],"texture":"#texture"},"down":{"uv":[0.5,13.5,2,15],"texture":"#texture"}}},{"from":[6.27,3.08,10.52],"to":[10.17,4.28,12.32],"rotation":{"angle":45,"axis":"x","origin":[9.2,4.38,10.27]},"faces":{"north":{"uv":[1,13.5,2.5,15],"texture":"#texture"},"east":{"uv":[1,13.5,2.5,15],"texture":"#texture"},"south":{"uv":[0.5,13.5,2,15],"texture":"#texture"},"west":{"uv":[0.5,13.5,2,15],"texture":"#texture"},"up":{"uv":[0.5,13.5,2,15],"texture":"#texture"},"down":{"uv":[0.5,13.5,2,15],"texture":"#texture"}}},{"from":[6.27,1.46,5.35],"to":[10.17,2.66,7.15],"rotation":{"angle":-45,"axis":"x","origin":[9.2,2.76,5.1]},"faces":{"north":{"uv":[1,13.5,2.5,15],"texture":"#texture"},"east":{"uv":[1,13.5,2.5,15],"texture":"#texture"},"south":{"uv":[0.5,13.5,2,15],"texture":"#texture"},"west":{"uv":[0.5,13.5,2,15],"texture":"#texture"},"up":{"uv":[0.5,13.5,2,15],"texture":"#texture"},"down":{"uv":[0.5,13.5,2,15],"texture":"#texture"}}},{"from":[4.75,3.08,6.2],"to":[6.55,4.28,10.8],"rotation":{"angle":45,"axis":"z","origin":[6.8,4.38,8.5]},"faces":{"north":{"uv":[0.5,13.5,2,15],"texture":"#texture"},"east":{"uv":[1,13.5,2.5,15],"texture":"#texture"},"south":{"uv":[1,13.5,2.5,15],"texture":"#texture"},"west":{"uv":[0.5,13.5,2,15],"texture":"#texture"},"up":{"uv":[0.5,13.5,2,15],"texture":"#texture"},"down":{"uv":[0.5,13.5,2,15],"texture":"#texture"}}},{"from":[6.27,2.01,6.2],"to":[10.17,3.41,10.8],"faces":{"north":{"uv":[0.5,13.5,2,15],"texture":"#texture"},"east":{"uv":[1,13.5,2.5,15],"texture":"#texture"},"south":{"uv":[1,13.5,2.5,15],"texture":"#texture"},"west":{"uv":[0.5,13.5,2,15],"texture":"#texture"},"up":{"uv":[0.5,13.5,2,15],"texture":"#texture"},"down":{"uv":[0.5,13.5,2,15],"texture":"#texture"}}},{"from":[5,3.5,5.5],"to":[5.8,9.5,11.5],"faces":{"north":{"uv":[0,0.5,1.5,11.5],"texture":"#texture"},"east":{"uv":[0,0.25,16,12.25],"texture":"#texture"},"south":{"uv":[14.5,0.5,16.25,11.5],"texture":"#texture"},"west":{"uv":[1.5,0.5,14.5,11.5],"texture":"#texture"},"up":{"uv":[4,13.75,5.5,15.25],"texture":"#texture"},"down":{"uv":[4.25,13.75,5.75,15.25],"texture":"#texture"}}},{"from":[5.5,3.5,5],"to":[11.5,9.5,5.8],"faces":{"north":{"uv":[1.5,0.5,14.5,11.5],"texture":"#texture"},"east":{"uv":[0,0.5,1.5,11.5],"texture":"#texture"},"south":{"uv":[0,0.25,16,12.25],"texture":"#texture"},"west":{"uv":[14.5,0.5,16,11.5],"texture":"#texture"},"up":{"uv":[4.25,14,6,15.5],"texture":"#texture"},"down":{"uv":[4.5,13.75,6,15],"texture":"#texture"}}},{"from":[5.5,3.5,11.2],"to":[11.5,9.5,12],"faces":{"north":{"uv":[0,0.25,16,12.25],"texture":"#texture"},"east":{"uv":[14.5,0.5,16,11.5],"texture":"#texture"},"south":{"uv":[1.5,0.5,14.5,11.5],"texture":"#texture"},"west":{"uv":[0,0.5,1.5,11.5],"texture":"#texture"},"up":{"uv":[4.25,14,6,15.5],"texture":"#texture"},"down":{"uv":[4.5,13.75,6,15],"texture":"#texture"}}},{"from":[11.2,3.5,5.5],"to":[12,9.5,11.5],"faces":{"north":{"uv":[14.5,0.5,16.25,11.5],"texture":"#texture"},"east":{"uv":[1.5,0.5,14.5,11.5],"texture":"#texture"},"south":{"uv":[0,0.5,1.5,11.5],"texture":"#texture"},"west":{"uv":[0,0.25,16,12.25],"texture":"#texture"},"up":{"uv":[4,13.75,5.5,15.25],"texture":"#texture"},"down":{"uv":[4.25,13.75,5.75,15.25],"texture":"#texture"}}},{"from":[4.75,8.1,7.05],"to":[5,9.3,7.35],"faces":{"north":{"uv":[13.75,1.5,15.75,3.5],"texture":"#particle"},"east":{"uv":[12.5,1,14.75,3],"texture":"#particle"},"south":{"uv":[11.75,1.25,14,3.25],"texture":"#particle"},"west":{"uv":[12,2.25,13.75,3.75],"texture":"#particle"},"up":{"uv":[13,2,14.75,3.75],"texture":"#particle"},"down":{"uv":[12.5,1.25,14.75,3],"texture":"#particle"}}},{"from":[4.75,8.1,9.65],"to":[5,9.3,9.95],"faces":{"north":{"uv":[13.75,1.5,15.75,3.5],"texture":"#particle"},"east":{"uv":[12.5,1,14.75,3],"texture":"#particle"},"south":{"uv":[11.75,1.25,14,3.25],"texture":"#particle"},"west":{"uv":[12,2.25,13.75,3.75],"texture":"#particle"},"up":{"uv":[13,2,14.75,3.75],"texture":"#particle"},"down":{"uv":[12.5,1.25,14.75,3],"texture":"#particle"}}},{"from":[4.75,7.49,6.91],"to":[5,8.04,7.21],"rotation":{"angle":-45,"axis":"x","origin":[4.75,8.24,6.91]},"faces":{"north":{"uv":[13.75,1.5,15.75,3.5],"texture":"#particle"},"east":{"uv":[12.5,1,14.75,3],"texture":"#particle"},"south":{"uv":[11.75,1.25,14,3.25],"texture":"#particle"},"west":{"uv":[12,2.25,13.75,3.75],"texture":"#particle"},"up":{"uv":[13,2,14.75,3.75],"texture":"#particle"},"down":{"uv":[12.5,1.25,14.75,3],"texture":"#particle"}}},{"from":[4.75,7.85,9.94],"to":[5,8.4,10.24],"rotation":{"angle":45,"axis":"x","origin":[4.75,8.6,9.74]},"faces":{"north":{"uv":[13.75,1.5,15.75,3.5],"texture":"#particle"},"east":{"uv":[12.5,1,14.75,3],"texture":"#particle"},"south":{"uv":[11.75,1.25,14,3.25],"texture":"#particle"},"west":{"uv":[12,2.25,13.75,3.75],"texture":"#particle"},"up":{"uv":[13,2,14.75,3.75],"texture":"#particle"},"down":{"uv":[12.5,1.25,14.75,3],"texture":"#particle"}}},{"from":[4.05,7.7,7.85],"to":[4.5,8,9.1875],"faces":{"north":{"uv":[13.75,1.5,15.75,3.5],"texture":"#particle"},"east":{"uv":[12.5,1,14.75,3],"texture":"#particle"},"south":{"uv":[11.75,1.25,14,3.25],"texture":"#particle"},"west":{"uv":[12,2.25,13.75,3.75],"texture":"#particle"},"up":{"uv":[13,2,14.75,3.75],"texture":"#particle"},"down":{"uv":[12.5,1.25,14.75,3],"texture":"#particle"}}},{"from":[4.45,7.7,7.45],"to":[5,8,9.5875],"faces":{"north":{"uv":[13.75,1.5,15.75,3.5],"texture":"#particle"},"east":{"uv":[12.5,1,14.75,3],"texture":"#particle"},"south":{"uv":[11.75,1.25,14,3.25],"texture":"#particle"},"west":{"uv":[12,2.25,13.75,3.75],"texture":"#particle"},"up":{"uv":[13,2,14.75,3.75],"texture":"#particle"},"down":{"uv":[12.5,1.25,14.75,3],"texture":"#particle"}}},{"from":[4.3,9.25,7.05],"to":[4.9,9.5,9.95],"faces":{"north":{"uv":[13.75,1.5,15.75,3.5],"texture":"#particle"},"east":{"uv":[12.5,1,14.75,3],"texture":"#particle"},"south":{"uv":[11.75,1.25,14,3.25],"texture":"#particle"},"west":{"uv":[12,2.25,13.75,3.75],"texture":"#particle"},"up":{"uv":[13,2,14.75,3.75],"texture":"#particle"},"down":{"uv":[12.5,1.25,14.75,3],"texture":"#particle"}}},{"from":[3.65,9.25,7.7],"to":[4.3,9.5,9.3],"faces":{"north":{"uv":[13.75,1.5,15.75,3.5],"texture":"#particle"},"east":{"uv":[12.5,1,14.75,3],"texture":"#particle"},"south":{"uv":[11.75,1.25,14,3.25],"texture":"#particle"},"west":{"uv":[12,2.25,13.75,3.75],"texture":"#particle"},"up":{"uv":[13,2,14.75,3.75],"texture":"#particle"},"down":{"uv":[12.5,1.25,14.75,3],"texture":"#particle"}}},{"from":[4.31,7.7,7.39],"to":[4.81,8,7.96],"rotation":{"angle":-45,"axis":"y","origin":[4.31,7.7,7.59]},"faces":{"north":{"uv":[13.75,1.5,15.75,3.5],"texture":"#particle"},"east":{"uv":[12.5,1,14.75,3],"texture":"#particle"},"south":{"uv":[11.75,1.25,14,3.25],"texture":"#particle"},"west":{"uv":[12,2.25,13.75,3.75],"texture":"#particle"},"up":{"uv":[13,2,14.75,3.75],"texture":"#particle"},"down":{"uv":[12.5,1.25,14.75,3],"texture":"#particle"}}},{"from":[4.19,7.7,9.13],"to":[4.69,8,9.7],"rotation":{"angle":45,"axis":"y","origin":[4.19,7.7,9.33]},"faces":{"north":{"uv":[13.75,1.5,15.75,3.5],"texture":"#particle"},"east":{"uv":[12.5,1,14.75,3],"texture":"#particle"},"south":{"uv":[11.75,1.25,14,3.25],"texture":"#particle"},"west":{"uv":[12,2.25,13.75,3.75],"texture":"#particle"},"up":{"uv":[13,2,14.75,3.75],"texture":"#particle"},"down":{"uv":[12.5,1.25,14.75,3],"texture":"#particle"}}},{"from":[4.075,9.25,9.13],"to":[4.5875,9.5,10.045],"rotation":{"angle":45,"axis":"y","origin":[4.075,9.25,9.73]},"faces":{"north":{"uv":[13.75,1.5,15.75,3.5],"texture":"#particle"},"east":{"uv":[12.5,1,14.75,3],"texture":"#particle"},"south":{"uv":[11.75,1.25,14,3.25],"texture":"#particle"},"west":{"uv":[12,2.25,13.75,3.75],"texture":"#particle"},"up":{"uv":[13,2,14.75,3.75],"texture":"#particle"},"down":{"uv":[12.5,1.25,14.75,3],"texture":"#particle"}}},{"from":[4.3,9.25,7.05],"to":[4.8125,9.5,7.97],"rotation":{"angle":-45,"axis":"y","origin":[4.3,9.25,7.05]},"faces":{"north":{"uv":[13.75,1.5,15.75,3.5],"texture":"#particle"},"east":{"uv":[12.5,1,14.75,3],"texture":"#particle"},"south":{"uv":[11.75,1.25,14,3.25],"texture":"#particle"},"west":{"uv":[12,2.25,13.75,3.75],"texture":"#particle"},"up":{"uv":[13,2,14.75,3.75],"texture":"#particle"},"down":{"uv":[12.5,1.25,14.75,3],"texture":"#particle"}}},{"from":[4.98,8,7.15],"to":[5.0425,9.3,9.75],"faces":{"north":{"uv":[13.5,6,15.5,8],"texture":"#particle"},"east":{"uv":[13.75,6,15.75,8],"texture":"#particle"},"south":{"uv":[13.25,6,15.5,8],"texture":"#particle"},"west":{"uv":[13.5,6,15.25,7.5],"texture":"#particle"},"up":{"uv":[13.75,6,15.5,7.75],"texture":"#particle"},"down":{"uv":[13.5,6,15.75,7.75],"texture":"#particle"}}},{"from":[4.95,7.99,7.34],"to":[5.0125,8.59,8.14],"rotation":{"angle":-22.5,"axis":"x","origin":[4.98125,8.24,8.04]},"faces":{"north":{"uv":[13.75,9.5,13.78125,9.8],"texture":"#particle"},"east":{"uv":[13.5,9.5,13.9,9.8],"texture":"#particle"},"south":{"uv":[13.75,9.5,13.78125,9.8],"texture":"#particle"},"west":{"uv":[14,9.5,14.4,9.8],"texture":"#particle"},"up":{"uv":[13.5,9.75,13.53125,10.15],"texture":"#particle"},"down":{"uv":[13.75,9.75,13.78125,10.15],"texture":"#particle"}}},{"from":[4.95,7.76,8.81],"to":[5.0125,8.36,9.61],"rotation":{"angle":22.5,"axis":"x","origin":[4.98125,8.01,9.51]},"faces":{"north":{"uv":[13.75,9.5,13.78125,9.8],"texture":"#particle"},"east":{"uv":[13.5,9.5,13.9,9.8],"texture":"#particle"},"south":{"uv":[13.75,9.5,13.78125,9.8],"texture":"#particle"},"west":{"uv":[14,9.5,14.4,9.8],"texture":"#particle"},"up":{"uv":[13.5,9.75,13.53125,10.15],"texture":"#particle"},"down":{"uv":[13.75,9.75,13.78125,10.15],"texture":"#particle"}}},{"from":[4.95,7.9,8],"to":[5.0125,8.6,9],"faces":{"north":{"uv":[13.75,9.5,15.75,11.5],"texture":"#particle"},"east":{"uv":[13.5,9.5,15.25,11.25],"texture":"#particle"},"south":{"uv":[13.75,9.5,15.5,11.25],"texture":"#particle"},"west":{"uv":[14,9.5,15.75,11],"texture":"#particle"},"up":{"uv":[13.5,9.75,15.25,11.5],"texture":"#particle"},"down":{"uv":[13.75,9.75,15.5,11.25],"texture":"#particle"}}},{"from":[4.75,9.2375,6.9625],"to":[5.2,9.5375,10.0125],"faces":{"north":{"uv":[13.75,1.5,15.75,3.5],"texture":"#particle"},"east":{"uv":[12.5,1,14.75,3],"texture":"#particle"},"south":{"uv":[11.75,1.25,14,3.25],"texture":"#particle"},"west":{"uv":[12,2.25,13.75,3.75],"texture":"#particle"},"up":{"uv":[13,2,14.75,3.75],"texture":"#particle"},"down":{"uv":[12.5,1.25,14.75,3],"texture":"#particle"}}},{"from":[5.8,9.5,5.3],"to":[11.2,10.75,11.7],"faces":{"north":{"uv":[4.25,13.75,5.75,15.25],"texture":"#texture"},"east":{"uv":[4.25,13.5,5.75,15],"texture":"#texture"},"south":{"uv":[4.25,13.75,5.75,15.25],"texture":"#texture"},"west":{"uv":[4.25,13.5,5.75,15],"texture":"#texture"},"up":{"uv":[3.75,13.5,5.25,15],"texture":"#texture"},"down":{"uv":[4.5,13.75,6,15.25],"texture":"#texture"}}},{"from":[5.3,9.5,5.8],"to":[11.7,10.75,11.2],"faces":{"north":{"uv":[4.25,13.75,5.75,15.25],"texture":"#texture"},"east":{"uv":[4.25,13.5,5.75,15],"texture":"#texture"},"south":{"uv":[4.25,13.75,5.75,15.25],"texture":"#texture"},"west":{"uv":[4.25,13.5,5.75,15],"texture":"#texture"},"up":{"uv":[3.75,13.5,5.25,15],"texture":"#texture"},"down":{"uv":[4.5,13.75,6,15.25],"texture":"#texture"}}},{"from":[5.285,9.5,7.25],"to":[7.985,10.75,9.75],"faces":{"north":{"uv":[1,14,2.5,15.5],"texture":"#texture"},"east":{"uv":[1,14.25,2.5,15.75],"texture":"#texture"},"south":{"uv":[0.75,13.5,2.25,15],"texture":"#texture"},"west":{"uv":[0.5,13.5,2,15],"texture":"#texture"},"up":{"uv":[0.75,13.75,2.25,15.25],"texture":"#texture"},"down":{"uv":[1,14,2.5,15.5],"texture":"#texture"}}},{"from":[5.285,9.25,6.625],"to":[7.985,10.125,7.5],"rotation":{"angle":-45,"axis":"x","origin":[4.985,10.125,6.625]},"faces":{"north":{"uv":[1,14,2.5,15.5],"texture":"#texture"},"east":{"uv":[1,14.25,2.5,15.75],"texture":"#texture"},"south":{"uv":[0.75,13.5,2.25,15],"texture":"#texture"},"west":{"uv":[0.5,13.5,2,15],"texture":"#texture"},"up":{"uv":[0.75,13.75,2.25,15.25],"texture":"#texture"},"down":{"uv":[1,14,2.5,15.5],"texture":"#texture"}}},{"from":[5.285,9.25,9.125],"to":[7.985,10.125,10],"rotation":{"angle":-45,"axis":"x","origin":[4.985,10.125,9.125]},"faces":{"north":{"uv":[1,14,2.5,15.5],"texture":"#texture"},"east":{"uv":[1,14.25,2.5,15.75],"texture":"#texture"},"south":{"uv":[0.75,13.5,2.25,15],"texture":"#texture"},"west":{"uv":[0.5,13.5,2,15],"texture":"#texture"},"up":{"uv":[0.75,13.75,2.25,15.25],"texture":"#texture"},"down":{"uv":[1,14,2.5,15.5],"texture":"#texture"}}},{"from":[5.28,9.6375,7.5125],"to":[5.3425,10.675,8.1375],"faces":{"west":{"uv":[0.5,0.5,8,11],"texture":"#particle"}}},{"from":[5.28,9.6375,8.875],"to":[5.3425,10.675,9.5],"faces":{"west":{"uv":[0.5,0.5,8,11],"texture":"#particle"}}},{"from":[4.95,8.45,8.125],"to":[5.65,9.2,8.875],"rotation":{"angle":45,"axis":"z","origin":[4.55,9.2,8.125]},"faces":{"north":{"uv":[13.75,1.5,15.75,3.5],"texture":"#particle"},"east":{"uv":[12.5,1,14.75,3],"texture":"#particle"},"south":{"uv":[11.75,1.25,14,3.25],"texture":"#particle"},"west":{"uv":[12,2.25,13.75,3.75],"texture":"#particle"},"up":{"uv":[13,2,14.75,3.75],"texture":"#particle"},"down":{"uv":[12.5,1.25,14.75,3],"texture":"#particle"}}},{"from":[7,2.3875,5.6625],"to":[9,4.3875,7.6625],"rotation":{"angle":22.5,"axis":"x","origin":[7,4.3875,5.6625]},"faces":{"north":{"uv":[0.5,13.5,2,15],"texture":"#texture"},"east":{"uv":[1,13.5,2.5,15],"texture":"#texture"},"south":{"uv":[1,13.5,2.5,15],"texture":"#texture"},"west":{"uv":[0.5,13.5,2,15],"texture":"#texture"},"up":{"uv":[0.5,13.5,2,15],"texture":"#texture"},"down":{"uv":[0.5,13.5,2,15],"texture":"#texture"}}},{"from":[4,6.4,3.15],"to":[7.15,7.4,4.35],"faces":{"north":{"uv":[0.5,13.5,2,15],"texture":"#texture"},"east":{"uv":[1,13.5,2.5,15],"texture":"#texture"},"south":{"uv":[1,13.5,2.5,15],"texture":"#texture"},"west":{"uv":[0.5,13.5,2,15],"texture":"#texture"},"up":{"uv":[0.5,13.5,2,15],"texture":"#texture"},"down":{"uv":[0.5,13.5,2,15],"texture":"#texture"}}},{"from":[8.15,6.4,10.5],"to":[9.35,7.4,13.3],"rotation":{"angle":-45,"axis":"y","origin":[7.75,6.4,10.5]},"faces":{"north":{"uv":[0.5,13.5,2,15],"texture":"#texture"},"east":{"uv":[1,13.5,2.5,15],"texture":"#texture"},"south":{"uv":[1,13.5,2.5,15],"texture":"#texture"},"west":{"uv":[0.5,13.5,2,15],"texture":"#texture"},"up":{"uv":[0.5,13.5,2,15],"texture":"#texture"},"down":{"uv":[0.5,13.5,2,15],"texture":"#texture"}}},{"from":[6.2125,6.4,4.3875],"to":[7.475,7.4,7.5],"rotation":{"angle":45,"axis":"y","origin":[5.8125,6.4,4.1875]},"faces":{"north":{"uv":[0.5,13.5,2,15],"texture":"#texture"},"east":{"uv":[1,13.5,2.5,15],"texture":"#texture"},"south":{"uv":[1,13.5,2.5,15],"texture":"#texture"},"west":{"uv":[0.5,13.5,2,15],"texture":"#texture"},"up":{"uv":[0.5,13.5,2,15],"texture":"#texture"},"down":{"uv":[0.5,13.5,2,15],"texture":"#texture"}}},{"from":[4,6.4,12.4],"to":[6.9,7.4,13.6],"faces":{"north":{"uv":[0.5,13.5,2,15],"texture":"#texture"},"east":{"uv":[1,13.5,2.5,15],"texture":"#texture"},"south":{"uv":[1,13.5,2.5,15],"texture":"#texture"},"west":{"uv":[0.5,13.5,2,15],"texture":"#texture"},"up":{"uv":[0.5,13.5,2,15],"texture":"#texture"},"down":{"uv":[0.5,13.5,2,15],"texture":"#texture"}}},{"from":[3.5,6.6,12],"to":[4,8.65,14],"faces":{"north":{"uv":[0.5,13.5,2,15],"texture":"#texture"},"east":{"uv":[1,13.5,2.5,15],"texture":"#texture"},"south":{"uv":[1,13.5,2.5,15],"texture":"#texture"},"west":{"uv":[0.5,13.5,2,15],"texture":"#texture"},"up":{"uv":[0.5,13.5,2,15],"texture":"#texture"},"down":{"uv":[0.5,13.5,2,15],"texture":"#texture"}}},{"from":[3.5,6.35,12.25],"to":[4,6.6,13.75],"faces":{"north":{"uv":[0.5,13.5,2,15],"texture":"#texture"},"east":{"uv":[1,13.5,2.5,15],"texture":"#texture"},"south":{"uv":[1,13.5,2.5,15],"texture":"#texture"},"west":{"uv":[0.5,13.5,2,15],"texture":"#texture"},"up":{"uv":[0.5,13.5,2,15],"texture":"#texture"},"down":{"uv":[0.5,13.5,2,15],"texture":"#texture"}}},{"from":[3.5,6.6,2.75],"to":[4,8.65,4.75],"faces":{"north":{"uv":[0.5,13.5,2,15],"texture":"#texture"},"east":{"uv":[1,13.5,2.5,15],"texture":"#texture"},"south":{"uv":[1,13.5,2.5,15],"texture":"#texture"},"west":{"uv":[0.5,13.5,2,15],"texture":"#texture"},"up":{"uv":[0.5,13.5,2,15],"texture":"#texture"},"down":{"uv":[0.5,13.5,2,15],"texture":"#texture"}}},{"from":[3.5,6.35,3],"to":[4,6.6,4.5],"faces":{"north":{"uv":[0.5,13.5,2,15],"texture":"#texture"},"east":{"uv":[1,13.5,2.5,15],"texture":"#texture"},"south":{"uv":[1,13.5,2.5,15],"texture":"#texture"},"west":{"uv":[0.5,13.5,2,15],"texture":"#texture"},"up":{"uv":[0.5,13.5,2,15],"texture":"#texture"},"down":{"uv":[0.5,13.5,2,15],"texture":"#texture"}}},{"from":[3.5,6.95,3.95],"to":[4,7.7,5.2],"rotation":{"angle":-22.5,"axis":"x","origin":[3.5,7.7,5.2]},"faces":{"north":{"uv":[0.5,13.5,2,15],"texture":"#texture","rotation":180},"east":{"uv":[1,13.5,2.5,15],"texture":"#texture","rotation":270},"south":{"uv":[0.5,13.5,2,15],"texture":"#texture"},"west":{"uv":[0.5,13.5,2,15],"texture":"#texture","rotation":90},"up":{"uv":[0.5,13.5,2,15],"texture":"#texture","rotation":180},"down":{"uv":[1,13.5,2.5,15],"texture":"#texture"}}},{"from":[3.5,7,11.25],"to":[4,7.75,12.5],"rotation":{"angle":22.5,"axis":"x","origin":[3.5,7,11.25]},"faces":{"north":{"uv":[0.5,13.5,2,15],"texture":"#texture","rotation":180},"east":{"uv":[1,13.5,2.5,15],"texture":"#texture","rotation":90},"south":{"uv":[0.5,13.5,2,15],"texture":"#texture"},"west":{"uv":[0.5,13.5,2,15],"texture":"#texture","rotation":270},"up":{"uv":[1,13.5,2.5,15],"texture":"#texture"},"down":{"uv":[0.5,13.5,2,15],"texture":"#texture","rotation":180}}},{"from":[3.5,8.65,12.25],"to":[4,8.9,13.75],"faces":{"north":{"uv":[0.5,13.5,2,15],"texture":"#texture"},"east":{"uv":[1,13.5,2.5,15],"texture":"#texture"},"south":{"uv":[1,13.5,2.5,15],"texture":"#texture"},"west":{"uv":[0.5,13.5,2,15],"texture":"#texture"},"up":{"uv":[0.5,13.5,2,15],"texture":"#texture"},"down":{"uv":[0.5,13.5,2,15],"texture":"#texture"}}},{"from":[3.5,8.65,3],"to":[4,8.9,4.5],"faces":{"north":{"uv":[0.5,13.5,2,15],"texture":"#texture"},"east":{"uv":[1,13.5,2.5,15],"texture":"#texture"},"south":{"uv":[1,13.5,2.5,15],"texture":"#texture"},"west":{"uv":[0.5,13.5,2,15],"texture":"#texture"},"up":{"uv":[0.5,13.5,2,15],"texture":"#texture"},"down":{"uv":[0.5,13.5,2,15],"texture":"#texture"}}},{"from":[3.5,8.4,2.75],"to":[4,8.65,3.1],"rotation":{"angle":-45,"axis":"x","origin":[3.5,8.65,2.75]},"faces":{"north":{"uv":[0.5,13.5,2,15],"texture":"#texture"},"east":{"uv":[1,13.5,2.5,15],"texture":"#texture"},"south":{"uv":[1,13.5,2.5,15],"texture":"#texture"},"west":{"uv":[0.5,13.5,2,15],"texture":"#texture"},"up":{"uv":[0.5,13.5,2,15],"texture":"#texture"},"down":{"uv":[0.5,13.5,2,15],"texture":"#texture"}}},{"from":[3.5,8.855,13.835],"to":[4,9.105,14.185],"rotation":{"angle":45,"axis":"x","origin":[3.5,9.105,13.5425]},"faces":{"north":{"uv":[0.5,13.5,2,15],"texture":"#texture"},"east":{"uv":[1,13.5,2.5,15],"texture":"#texture"},"south":{"uv":[1,13.5,2.5,15],"texture":"#texture"},"west":{"uv":[0.5,13.5,2,15],"texture":"#texture"},"up":{"uv":[0.5,13.5,2,15],"texture":"#texture"},"down":{"uv":[0.5,13.5,2,15],"texture":"#texture"}}},{"from":[3.5,8.65,4.5],"to":[4,8.9,4.85],"rotation":{"angle":45,"axis":"x","origin":[3.5,8.9,4.5]},"faces":{"north":{"uv":[0.5,13.5,2,15],"texture":"#texture"},"east":{"uv":[1,13.5,2.5,15],"texture":"#texture"},"south":{"uv":[1,13.5,2.5,15],"texture":"#texture"},"west":{"uv":[0.5,13.5,2,15],"texture":"#texture"},"up":{"uv":[0.5,13.5,2,15],"texture":"#texture"},"down":{"uv":[0.5,13.5,2,15],"texture":"#texture"}}},{"from":[3.5,8.4,12],"to":[4,8.65,12.35],"rotation":{"angle":-45,"axis":"x","origin":[3.5,8.65,12]},"faces":{"north":{"uv":[0.5,13.5,2,15],"texture":"#texture"},"east":{"uv":[1,13.5,2.5,15],"texture":"#texture"},"south":{"uv":[1,13.5,2.5,15],"texture":"#texture"},"west":{"uv":[0.5,13.5,2,15],"texture":"#texture"},"up":{"uv":[0.5,13.5,2,15],"texture":"#texture"},"down":{"uv":[0.5,13.5,2,15],"texture":"#texture"}}},{"from":[3.5,6.28,13.575],"to":[4,6.53,13.925],"rotation":{"angle":-45,"axis":"x","origin":[3.5,6.53,13.575]},"faces":{"north":{"uv":[0.5,13.5,2,15],"texture":"#texture"},"east":{"uv":[1,13.5,2.5,15],"texture":"#texture"},"south":{"uv":[1,13.5,2.5,15],"texture":"#texture"},"west":{"uv":[0.5,13.5,2,15],"texture":"#texture"},"up":{"uv":[0.5,13.5,2,15],"texture":"#texture"},"down":{"uv":[0.5,13.5,2,15],"texture":"#texture"}}},{"from":[3.5,6.2875,4.3125],"to":[4,6.5375,4.625],"rotation":{"angle":-45,"axis":"x","origin":[3.5,6.5375,4.3125]},"faces":{"north":{"uv":[0.5,13.5,2,15],"texture":"#texture"},"east":{"uv":[1,13.5,2.5,15],"texture":"#texture"},"south":{"uv":[1,13.5,2.5,15],"texture":"#texture"},"west":{"uv":[0.5,13.5,2,15],"texture":"#texture"},"up":{"uv":[0.5,13.5,2,15],"texture":"#texture"},"down":{"uv":[0.5,13.5,2,15],"texture":"#texture"}}},{"from":[3.5,6.53,2.925],"to":[4,6.78,3.275],"rotation":{"angle":45,"axis":"x","origin":[3.5,6.78,2.925]},"faces":{"north":{"uv":[0.5,13.5,2,15],"texture":"#texture"},"east":{"uv":[1,13.5,2.5,15],"texture":"#texture"},"south":{"uv":[1,13.5,2.5,15],"texture":"#texture"},"west":{"uv":[0.5,13.5,2,15],"texture":"#texture"},"up":{"uv":[0.5,13.5,2,15],"texture":"#texture"},"down":{"uv":[0.5,13.5,2,15],"texture":"#texture"}}},{"from":[3.5,6.525,12.18],"to":[4,6.775,12.53],"rotation":{"angle":45,"axis":"x","origin":[3.5,6.775,12.18]},"faces":{"north":{"uv":[0.5,13.5,2,15],"texture":"#texture"},"east":{"uv":[1,13.5,2.5,15],"texture":"#texture"},"south":{"uv":[1,13.5,2.5,15],"texture":"#texture"},"west":{"uv":[0.5,13.5,2,15],"texture":"#texture"},"up":{"uv":[0.5,13.5,2,15],"texture":"#texture"},"down":{"uv":[0.5,13.5,2,15],"texture":"#texture"}}},{"from":[5.5,1.25,5.1],"to":[5.5625,4,11.9],"rotation":{"angle":-22.5,"axis":"z","origin":[5.5,4,5]},"faces":{"east":{"uv":[0.5,2,13,8.5],"texture":"#particles"},"west":{"uv":[0.5,2,13,8.5],"texture":"#particles"}}},{"from":[7.2,13.75,7.6],"to":[9,14.3,9.4],"faces":{"north":{"uv":[4.25,13.75,5.75,15.25],"texture":"#texture"},"east":{"uv":[4.25,13.5,5.75,15],"texture":"#texture"},"south":{"uv":[4.25,13.75,5.75,15.25],"texture":"#texture"},"west":{"uv":[4.25,13.5,5.75,15],"texture":"#texture"},"up":{"uv":[3.75,13.5,5.25,15],"texture":"#texture"},"down":{"uv":[4.5,13.75,6,15.25],"texture":"#texture"}}},{"from":[10.15,1.95,6],"to":[11.45,3.3,10.9],"faces":{"north":{"uv":[4.25,13.75,5.75,15.25],"texture":"#texture"},"east":{"uv":[4.25,13.5,5.75,15],"texture":"#texture"},"south":{"uv":[4.25,13.75,5.75,15.25],"texture":"#texture"},"west":{"uv":[4.25,13.5,5.75,15],"texture":"#texture"},"up":{"uv":[3.75,13.5,5.25,15],"texture":"#texture"},"down":{"uv":[4.5,13.75,6,15.25],"texture":"#texture"}}},{"from":[10.15,2.55,5.4],"to":[11.45,4.1,11.5],"faces":{"north":{"uv":[4.25,13.75,5.75,15.25],"texture":"#texture"},"east":{"uv":[4.25,13.5,5.75,15],"texture":"#texture"},"south":{"uv":[4.25,13.75,5.75,15.25],"texture":"#texture"},"west":{"uv":[4.25,13.5,5.75,15],"texture":"#texture"},"up":{"uv":[3.75,13.5,5.25,15],"texture":"#texture"},"down":{"uv":[4.5,13.75,6,15.25],"texture":"#texture"}}},{"from":[11.15,2.25,10.7],"to":[12.45,3.2,11.6],"rotation":{"angle":-45,"axis":"z","origin":[11.15,3.4,7.6]},"faces":{"north":{"uv":[4.25,13.75,5.75,15.25],"texture":"#texture"},"east":{"uv":[4.25,13.5,5.75,15],"texture":"#texture"},"south":{"uv":[4.25,13.75,5.75,15.25],"texture":"#texture"},"west":{"uv":[4.25,13.5,5.75,15],"texture":"#texture"},"up":{"uv":[3.75,13.5,5.25,15],"texture":"#texture"},"down":{"uv":[4.5,13.75,6,15.25],"texture":"#texture"}}},{"from":[11.15,2.25,5.3],"to":[12.45,3.2,6.2],"rotation":{"angle":-45,"axis":"z","origin":[11.15,3.4,2.2]},"faces":{"north":{"uv":[4.25,13.75,5.75,15.25],"texture":"#texture"},"east":{"uv":[4.25,13.5,5.75,15],"texture":"#texture"},"south":{"uv":[4.25,13.75,5.75,15.25],"texture":"#texture"},"west":{"uv":[4.25,13.5,5.75,15],"texture":"#texture"},"up":{"uv":[3.75,13.5,5.25,15],"texture":"#texture"},"down":{"uv":[4.5,13.75,6,15.25],"texture":"#texture"}}},{"from":[11.25,2.85,6.5],"to":[13.25,4.1,10.5],"rotation":{"angle":-45,"axis":"z","origin":[11.25,4.1,6.5]},"faces":{"north":{"uv":[4.25,13.75,5.75,15.25],"texture":"#texture"},"east":{"uv":[4.25,13.5,5.75,15],"texture":"#texture"},"south":{"uv":[4.25,13.75,5.75,15.25],"texture":"#texture"},"west":{"uv":[4.25,13.5,5.75,15],"texture":"#texture"},"up":{"uv":[3.75,13.5,5.25,15],"texture":"#texture"},"down":{"uv":[4.5,13.75,6,15.25],"texture":"#texture"}}},{"from":[5.5,1.85,5.2],"to":[7.7,4,5.2625],"rotation":{"angle":22.5,"axis":"x","origin":[5,4,5.2]},"faces":{"north":{"uv":[9.5,2,4.5,8.5],"texture":"#particles"},"south":{"uv":[4.5,2,9.5,8.5],"texture":"#particles"}}},{"from":[5.5,1.85,11.7],"to":[7.7,4,11.7625],"rotation":{"angle":-22.5,"axis":"x","origin":[5,4,11.7]},"faces":{"north":{"uv":[9.5,2,4.5,8.5],"texture":"#particles"},"south":{"uv":[4.5,2,9.5,8.5],"texture":"#particles"}}},{"from":[8.8,1.75,5.5],"to":[11.6,3.8,5.5625],"rotation":{"angle":22.5,"axis":"x","origin":[5.1,4.4,5.5]},"faces":{"north":{"uv":[9,2,4,8.5],"texture":"#particles"},"south":{"uv":[4,2,9,8.5],"texture":"#particles"}}},{"from":[8.8,1.75,11.3],"to":[11.6,3.8,11.3625],"rotation":{"angle":-22.5,"axis":"x","origin":[5.1,4.4,11.3]},"faces":{"north":{"uv":[9,2,4,8.5],"texture":"#particles"},"south":{"uv":[4,2,9,8.5],"texture":"#particles"}}},{"from":[7.9,8.6,5.3],"to":[10.2,10.35,5.3625],"rotation":{"angle":22.5,"axis":"x","origin":[5.2,10.35,5.3]},"faces":{"north":{"uv":[4.5,3.5,9,8.5],"texture":"#particles"},"south":{"uv":[4.5,3.5,9,8.5],"texture":"#particles"}}},{"from":[7.9,8.6,11.6],"to":[10.2,10.35,11.6625],"rotation":{"angle":-22.5,"axis":"x","origin":[5.2,10.35,11.6]},"faces":{"north":{"uv":[4.5,3.5,9,8.5],"texture":"#particles"},"south":{"uv":[4.5,3.5,9,8.5],"texture":"#particles"}}},{"from":[11.64,8.9,9.2],"to":[11.7025,10.25,11],"rotation":{"angle":22.5,"axis":"z","origin":[11.64,10.25,9]},"faces":{"east":{"uv":[4.5,3.5,9,8.5],"texture":"#particles"},"west":{"uv":[4.5,3.5,9,8.5],"texture":"#particles"}}},{"from":[11.64,8.9,5.9],"to":[11.7025,10.25,7.7],"rotation":{"angle":22.5,"axis":"z","origin":[11.64,10.25,5.7]},"faces":{"east":{"uv":[4.5,3.5,9,8.5],"texture":"#particles"},"west":{"uv":[4.5,3.5,9,8.5],"texture":"#particles"}}},{"from":[3.49,7.65,3.125],"to":[4.01,8.4,3.375],"faces":{"north":{"uv":[10.5,13.5,11,14],"texture":"#particle"},"east":{"uv":[10.5,13.5,11,14],"texture":"#particle"},"south":{"uv":[10.5,13.5,11,14],"texture":"#particle"},"west":{"uv":[10.5,13.5,11,14],"texture":"#particle"},"up":{"uv":[10.5,13.5,11,14],"texture":"#particle"},"down":{"uv":[10.5,13.5,11,14],"texture":"#particle"}}},{"from":[3.49,7.65,4.125],"to":[4.01,8.4,4.375],"faces":{"north":{"uv":[10.5,13.5,11,14],"texture":"#particle"},"east":{"uv":[10.5,13.5,11,14],"texture":"#particle"},"south":{"uv":[10.5,13.5,11,14],"texture":"#particle"},"west":{"uv":[10.5,13.5,11,14],"texture":"#particle"},"up":{"uv":[10.5,13.5,11,14],"texture":"#particle"},"down":{"uv":[10.5,13.5,11,14],"texture":"#particle"}}},{"from":[3.49,7.65,12.375],"to":[4.01,8.4,12.625],"faces":{"north":{"uv":[10.5,13.5,11,14],"texture":"#particle"},"east":{"uv":[10.5,13.5,11,14],"texture":"#particle"},"south":{"uv":[10.5,13.5,11,14],"texture":"#particle"},"west":{"uv":[10.5,13.5,11,14],"texture":"#particle"},"up":{"uv":[10.5,13.5,11,14],"texture":"#particle"},"down":{"uv":[10.5,13.5,11,14],"texture":"#particle"}}},{"from":[3.49,7.65,13.375],"to":[4.01,8.4,13.625],"faces":{"north":{"uv":[10.5,13.5,11,14],"texture":"#particle"},"east":{"uv":[10.5,13.5,11,14],"texture":"#particle"},"south":{"uv":[10.5,13.5,11,14],"texture":"#particle"},"west":{"uv":[10.5,13.5,11,14],"texture":"#particle"},"up":{"uv":[10.5,13.5,11,14],"texture":"#particle"},"down":{"uv":[10.5,13.5,11,14],"texture":"#particle"}}},{"from":[7,0.575,4.9125],"to":[9,2.575,6.9125],"faces":{"north":{"uv":[0.5,13.5,2,15],"texture":"#texture"},"east":{"uv":[1,13.5,2.5,15],"texture":"#texture"},"south":{"uv":[1,13.5,2.5,15],"texture":"#texture"},"west":{"uv":[0.5,13.5,2,15],"texture":"#texture"},"up":{"uv":[0.5,13.5,2,15],"texture":"#texture"},"down":{"uv":[0.5,13.5,2,15],"texture":"#texture"}}},{"from":[6.75,0.575,5.1625],"to":[9.25,2.575,6.6625],"faces":{"north":{"uv":[0.5,13.5,2,15],"texture":"#texture"},"east":{"uv":[1,13.5,2.5,15],"texture":"#texture"},"south":{"uv":[1,13.5,2.5,15],"texture":"#texture"},"west":{"uv":[0.5,13.5,2,15],"texture":"#texture"},"up":{"uv":[0.5,13.5,2,15],"texture":"#texture"},"down":{"uv":[0.5,13.5,2,15],"texture":"#texture"}}},{"from":[7.25,0.575,4.6625],"to":[8.75,2.575,7.1625],"faces":{"north":{"uv":[0.5,13.5,2,15],"texture":"#texture"},"east":{"uv":[1,13.5,2.5,15],"texture":"#texture"},"south":{"uv":[1,13.5,2.5,15],"texture":"#texture"},"west":{"uv":[0.5,13.5,2,15],"texture":"#texture"},"up":{"uv":[0.5,13.5,2,15],"texture":"#texture"},"down":{"uv":[0.5,13.5,2,15],"texture":"#texture"}}},{"from":[6.75,2.3875,5.9125],"to":[9.25,4.3875,7.4125],"rotation":{"angle":22.5,"axis":"x","origin":[6.75,4.3875,5.9125]},"faces":{"north":{"uv":[0.5,13.5,2,15],"texture":"#texture"},"east":{"uv":[1,13.5,2.5,15],"texture":"#texture"},"south":{"uv":[1,13.5,2.5,15],"texture":"#texture"},"west":{"uv":[0.5,13.5,2,15],"texture":"#texture"},"up":{"uv":[0.5,13.5,2,15],"texture":"#texture"},"down":{"uv":[0.5,13.5,2,15],"texture":"#texture"}}},{"from":[7.25,2.325,5.6],"to":[8.75,4.825,8.1],"rotation":{"angle":22.5,"axis":"x","origin":[7.25,4.825,5.6]},"faces":{"north":{"uv":[0.5,13.5,2,15],"texture":"#texture"},"east":{"uv":[1,13.5,2.5,15],"texture":"#texture"},"south":{"uv":[1,13.5,2.5,15],"texture":"#texture"},"west":{"uv":[0.5,13.5,2,15],"texture":"#texture"},"up":{"uv":[0.5,13.5,2,15],"texture":"#texture"},"down":{"uv":[0.5,13.5,2,15],"texture":"#texture"}}},{"from":[7.5,0.574,5.35],"to":[8.5,0.6365,6.35],"faces":{"north":{"uv":[10.5,13.5,11,14],"texture":"#particle"},"east":{"uv":[10.5,13.5,11,14],"texture":"#particle"},"south":{"uv":[10.5,13.5,11,14],"texture":"#particle"},"west":{"uv":[10.5,13.5,11,14],"texture":"#particle"},"up":{"uv":[10.5,13.5,11,14],"texture":"#particle"},"down":{"uv":[10.5,13.5,11,14],"texture":"#particle"}}},{"from":[5.55,1.1,9.675],"to":[7.55,3.2,11.675],"rotation":{"angle":-22.5,"axis":"z","origin":[6.55,2.15,10.675]},"faces":{"north":{"uv":[0.5,13.5,2,15],"texture":"#texture"},"east":{"uv":[1,13.5,2.5,15],"texture":"#texture"},"south":{"uv":[1,13.5,2.5,15],"texture":"#texture"},"west":{"uv":[0.5,13.5,2,15],"texture":"#texture"},"up":{"uv":[0.5,13.5,2,15],"texture":"#texture"},"down":{"uv":[0.5,13.5,2,15],"texture":"#texture"}}},{"from":[5.8875,2.74,9.675],"to":[7.8875,4.84,11.675],"faces":{"north":{"uv":[0.5,13.5,2,15],"texture":"#texture"},"east":{"uv":[1,13.5,2.5,15],"texture":"#texture"},"south":{"uv":[1,13.5,2.5,15],"texture":"#texture"},"west":{"uv":[0.5,13.5,2,15],"texture":"#texture"},"up":{"uv":[0.5,13.5,2,15],"texture":"#texture"},"down":{"uv":[0.5,13.5,2,15],"texture":"#texture"}}},{"from":[5.775,1.1,9.425],"to":[7.275,3.1,11.925],"rotation":{"angle":-22.5,"axis":"z","origin":[6.525,2.1,10.675]},"faces":{"north":{"uv":[0.5,13.5,2,15],"texture":"#texture"},"east":{"uv":[1,13.5,2.5,15],"texture":"#texture"},"south":{"uv":[1,13.5,2.5,15],"texture":"#texture"},"west":{"uv":[0.5,13.5,2,15],"texture":"#texture"},"up":{"uv":[0.5,13.5,2,15],"texture":"#texture"},"down":{"uv":[0.5,13.5,2,15],"texture":"#texture"}}},{"from":[6.2,2.74,9.425],"to":[7.6,4.14,11.925],"faces":{"north":{"uv":[0.5,13.5,2,15],"texture":"#texture"},"east":{"uv":[1,13.5,2.5,15],"texture":"#texture"},"south":{"uv":[1,13.5,2.5,15],"texture":"#texture"},"west":{"uv":[0.5,13.5,2,15],"texture":"#texture"},"up":{"uv":[0.5,13.5,2,15],"texture":"#texture"},"down":{"uv":[0.5,13.5,2,15],"texture":"#texture"}}},{"from":[5.3875,1.1,9.925],"to":[7.7625,3.4625,11.425],"rotation":{"angle":-22.5,"axis":"z","origin":[6.575,2.28125,10.675]},"faces":{"north":{"uv":[0.5,13.5,2,15],"texture":"#texture"},"east":{"uv":[1,13.5,2.5,15],"texture":"#texture"},"south":{"uv":[1,13.5,2.5,15],"texture":"#texture"},"west":{"uv":[0.5,13.5,2,15],"texture":"#texture"},"up":{"uv":[0.5,13.5,2,15],"texture":"#texture"},"down":{"uv":[0.5,13.5,2,15],"texture":"#texture"}}},{"from":[5.6,1.18,10.175],"to":[6.6,1.2425,11.175],"rotation":{"angle":-22.5,"axis":"z","origin":[6.1,1.21125,10.675]},"faces":{"north":{"uv":[10.5,13.5,11,14],"texture":"#particle"},"east":{"uv":[10.5,13.5,11,14],"texture":"#particle"},"south":{"uv":[10.5,13.5,11,14],"texture":"#particle"},"west":{"uv":[10.5,13.5,11,14],"texture":"#particle"},"up":{"uv":[10.5,13.5,11,14],"texture":"#particle"},"down":{"uv":[10.5,13.5,11,14],"texture":"#particle"}}},{"from":[11.5,3.9375,5],"to":[15.25,4,12],"rotation":{"angle":-45,"axis":"z","origin":[11.5,4,5]},"faces":{"up":{"uv":[0,0,13.5,8.625],"texture":"#particles","rotation":270},"down":{"uv":[0,0,13.5,8.5],"texture":"#particles","rotation":270}}},{"from":[12.125,2.0625,6.375],"to":[15.75,2.125,10.5],"rotation":{"angle":-22.5,"axis":"z","origin":[12.125,2.125,6.375]},"faces":{"up":{"uv":[0,0,13.5,8.625],"texture":"#particles","rotation":270},"down":{"uv":[0,0,13.5,8.5],"texture":"#particles","rotation":270}}},{"from":[6.95,11.25,7.35],"to":[9.25,13,9.65],"faces":{"north":{"uv":[0.75,11.75,4.25,15.75],"texture":"#particle"},"east":{"uv":[0.75,11.75,4.25,15.75],"texture":"#particle"},"south":{"uv":[0.75,11.75,4.25,15.75],"texture":"#particle"},"west":{"uv":[0.75,11.75,4.25,15.75],"texture":"#particle"},"up":{"uv":[1.5,11.75,3,13],"texture":"#particle"},"down":{"uv":[1.5,12,2.75,13.25],"texture":"#particle"}}},{"from":[7.1,13,7.5],"to":[9.1,13.75,9.5],"faces":{"north":{"uv":[0.75,12,4.25,14],"texture":"#particle"},"east":{"uv":[0.75,12,4.25,14],"texture":"#particle"},"south":{"uv":[0.75,12,4.25,14],"texture":"#particle"},"west":{"uv":[0.75,12,4.25,14],"texture":"#particle"},"up":{"uv":[1.5,11.75,3,13],"texture":"#particle"},"down":{"uv":[1.5,12,2.75,13.25],"texture":"#particle"}}},{"from":[7.35,13,7.25],"to":[8.85,13.75,9.75],"faces":{"north":{"uv":[0.75,12,4.25,14],"texture":"#particle"},"east":{"uv":[0.75,12,4.25,14],"texture":"#particle"},"south":{"uv":[0.75,12,4.25,14],"texture":"#particle"},"west":{"uv":[0.75,12,4.25,14],"texture":"#particle"},"up":{"uv":[1.5,11.75,3,13],"texture":"#particle"},"down":{"uv":[1.5,12,2.75,13.25],"texture":"#particle"}}},{"from":[7.2,11.25,7.1],"to":[9,13,9.9],"faces":{"north":{"uv":[0.75,11.75,4.25,15.75],"texture":"#particle"},"east":{"uv":[0.75,11.75,4.25,15.75],"texture":"#particle"},"south":{"uv":[0.75,11.75,4.25,15.75],"texture":"#particle"},"west":{"uv":[0.75,11.75,4.25,15.75],"texture":"#particle"},"up":{"uv":[1.5,11.75,3,13],"texture":"#particle"},"down":{"uv":[1.5,12,2.75,13.25],"texture":"#particle"}}},{"from":[6.85,13,7.75],"to":[9.35,13.75,9.25],"faces":{"north":{"uv":[0.75,12,4.25,14],"texture":"#particle"},"east":{"uv":[0.75,12,4.25,14],"texture":"#particle"},"south":{"uv":[0.75,12,4.25,14],"texture":"#particle"},"west":{"uv":[0.75,12,4.25,14],"texture":"#particle"},"up":{"uv":[1.5,11.75,3,13],"texture":"#particle"},"down":{"uv":[1.5,12,2.75,13.25],"texture":"#particle"}}},{"from":[6.7,11.25,7.6],"to":[9.5,13,9.4],"faces":{"north":{"uv":[0.75,11.75,4.25,15.75],"texture":"#particle"},"east":{"uv":[0.75,11.75,4.25,15.75],"texture":"#particle"},"south":{"uv":[0.75,11.75,4.25,15.75],"texture":"#particle"},"west":{"uv":[0.75,11.75,4.25,15.75],"texture":"#particle"},"up":{"uv":[1.5,11.75,3,13],"texture":"#particle"},"down":{"uv":[1.5,12,2.75,13.25],"texture":"#particle"}}},{"from":[9.45,12.9024,7.4],"to":[9.5125,15.4524,10.7],"rotation":{"angle":-45,"axis":"y","origin":[9.45,12.2024,7.1]},"faces":{"east":{"uv":[0.5,11,8,15.5],"texture":"#particles","rotation":180},"west":{"uv":[0.5,11,8,15.5],"texture":"#particles","rotation":180}}},{"from":[6.75,12.9024,7.4],"to":[6.8125,15.4524,10.7],"rotation":{"angle":45,"axis":"y","origin":[6.75,12.2024,7.1]},"faces":{"east":{"uv":[0.5,11,8,15.5],"texture":"#particles","rotation":180},"west":{"uv":[0.5,11,8,15.5],"texture":"#particles","rotation":180}}},{"from":[8.35,13.3399,7.5],"to":[10.5,13.4024,9.6],"rotation":{"angle":45,"axis":"z","origin":[8.35,13.4024,6.5]},"faces":{"up":{"uv":[0.5,11,8,15.5],"texture":"#particles","rotation":270},"down":{"uv":[0.5,11,8,15.5],"texture":"#particles","rotation":270}}},{"from":[7.85,13.3399,6.9],"to":[10.6,13.4024,10.2],"rotation":{"angle":22.5,"axis":"z","origin":[7.85,13.4024,6.5]},"faces":{"up":{"uv":[0.5,11,8,15.5],"texture":"#particles","rotation":270},"down":{"uv":[0.5,11,8,15.5],"texture":"#particles","rotation":270}}},{"from":[6.7,16.3375,7.4],"to":[8.75,16.4,9.5],"rotation":{"angle":-45,"axis":"z","origin":[4.9,16.4,6.5]},"faces":{"up":{"uv":[0.5,11,8,15.5],"texture":"#particles","rotation":90},"down":{"uv":[0.5,11,8,15.5],"texture":"#particles","rotation":90}}},{"from":[5.6,14.8375,6.9],"to":[8.35,14.9,10.1],"rotation":{"angle":-22.5,"axis":"z","origin":[4.6,14.9,6.5]},"faces":{"up":{"uv":[0.5,11,8,15.5],"texture":"#particles","rotation":90},"down":{"uv":[0.5,11,8,15.5],"texture":"#particles","rotation":90}}},{"from":[7.05,15.9375,6.95],"to":[9.15,16,9.3],"rotation":{"angle":45,"axis":"x","origin":[6.15,16,5.55]},"faces":{"up":{"uv":[0.5,11,8,15.5],"texture":"#particles","rotation":180},"down":{"uv":[0.5,11,8,15.5],"texture":"#particles"}}},{"from":[6.5,14.7375,6.25],"to":[9.7,14.8,9],"rotation":{"angle":22.5,"axis":"x","origin":[6.1,14.8,5.25]},"faces":{"up":{"uv":[0.5,11,8,15.5],"texture":"#particles","rotation":180},"down":{"uv":[0.5,11,8,15.5],"texture":"#particles"}}},{"from":[7.05,13.4375,8.9],"to":[9.15,13.5,10.95],"rotation":{"angle":-45,"axis":"x","origin":[6.05,13.5,8.9]},"faces":{"up":{"uv":[0.5,11,8,15.5],"texture":"#particles"},"down":{"uv":[0.5,11,8,15.5],"texture":"#particles","rotation":180}}},{"from":[6.5,13.3375,8.5],"to":[9.7,13.4,11.25],"rotation":{"angle":-22.5,"axis":"x","origin":[6.1,13.4,8.5]},"faces":{"up":{"uv":[0.5,11,8,15.5],"texture":"#particles"},"down":{"uv":[0.5,11,8,15.5],"texture":"#particles","rotation":180}}},{"from":[3.5,10.75,3.5],"to":[13,11.25,13.5],"faces":{"north":{"uv":[1,14,2.5,15.5],"texture":"#texture"},"east":{"uv":[1,14.25,2.5,15.75],"texture":"#texture"},"south":{"uv":[0.75,13.5,2.25,15],"texture":"#texture"},"west":{"uv":[0.5,13.5,2,15],"texture":"#texture"},"up":{"uv":[0.75,13.75,2.25,15.25],"texture":"#texture"},"down":{"uv":[1,14,2.5,15.5],"texture":"#texture"}}},{"from":[3.6,10.75,3],"to":[12.6,11.25,14],"faces":{"north":{"uv":[1,14,2.5,15.5],"texture":"#texture"},"east":{"uv":[1,14.25,2.5,15.75],"texture":"#texture"},"south":{"uv":[0.75,13.5,2.25,15],"texture":"#texture"},"west":{"uv":[0.5,13.5,2,15],"texture":"#texture"},"up":{"uv":[0.75,13.75,2.25,15.25],"texture":"#texture"},"down":{"uv":[1,14,2.5,15.5],"texture":"#texture"}}},{"from":[2.6,10.75,4],"to":[13.6,11.25,13],"faces":{"north":{"uv":[1,14,2.5,15.5],"texture":"#texture"},"east":{"uv":[1,14.25,2.5,15.75],"texture":"#texture"},"south":{"uv":[0.75,13.5,2.25,15],"texture":"#texture"},"west":{"uv":[0.5,13.5,2,15],"texture":"#texture"},"up":{"uv":[0.75,13.75,2.25,15.25],"texture":"#texture"},"down":{"uv":[1,14,2.5,15.5],"texture":"#texture"}}},{"from":[2.6,10.75,4],"to":[3.975,11.25,18.15],"rotation":{"angle":45,"axis":"y","origin":[2.6,10.75,4]},"faces":{"north":{"uv":[1,14,2.5,15.5],"texture":"#texture"},"east":{"uv":[1,14.25,2.5,15.75],"texture":"#texture"},"south":{"uv":[0.75,13.5,2.25,15],"texture":"#texture"},"west":{"uv":[0.5,13.5,2,15],"texture":"#texture"},"up":{"uv":[0.75,13.75,2.25,15.25],"texture":"#texture"},"down":{"uv":[1,14,2.5,15.5],"texture":"#texture"}}},{"from":[12.6,10.75,3],"to":[13.975,11.25,17.15],"rotation":{"angle":-45,"axis":"y","origin":[12.6,10.75,3]},"faces":{"north":{"uv":[1,14,2.5,15.5],"texture":"#texture"},"east":{"uv":[1,14.25,2.5,15.75],"texture":"#texture"},"south":{"uv":[0.75,13.5,2.25,15],"texture":"#texture"},"west":{"uv":[0.5,13.5,2,15],"texture":"#texture"},"up":{"uv":[0.75,13.75,2.25,15.25],"texture":"#texture"},"down":{"uv":[1,14,2.5,15.5],"texture":"#texture"}}},{"from":[3.85,10.5,3],"to":[5.1,11.75,3.5],"rotation":{"angle":45,"axis":"z","origin":[3.85,11.75,3]},"faces":{"north":{"uv":[1,14,2.5,15.5],"texture":"#texture"},"east":{"uv":[1,14.25,2.5,15.75],"texture":"#texture"},"south":{"uv":[0.75,13.5,2.25,15],"texture":"#texture"},"west":{"uv":[0.5,13.5,2,15],"texture":"#texture"},"up":{"uv":[0.75,13.75,2.25,15.25],"texture":"#texture"},"down":{"uv":[1,14,2.5,15.5],"texture":"#texture"}}},{"from":[5.6,10.5,3],"to":[6.85,11.75,3.5],"rotation":{"angle":45,"axis":"z","origin":[5.6,11.75,3]},"faces":{"north":{"uv":[1,14,2.5,15.5],"texture":"#texture"},"east":{"uv":[1,14.25,2.5,15.75],"texture":"#texture"},"south":{"uv":[0.75,13.5,2.25,15],"texture":"#texture"},"west":{"uv":[0.5,13.5,2,15],"texture":"#texture"},"up":{"uv":[0.75,13.75,2.25,15.25],"texture":"#texture"},"down":{"uv":[1,14,2.5,15.5],"texture":"#texture"}}},{"from":[7.35,10.5,3],"to":[8.6,11.75,3.5],"rotation":{"angle":45,"axis":"z","origin":[7.35,11.75,3]},"faces":{"north":{"uv":[1,14,2.5,15.5],"texture":"#texture"},"east":{"uv":[1,14.25,2.5,15.75],"texture":"#texture"},"south":{"uv":[0.75,13.5,2.25,15],"texture":"#texture"},"west":{"uv":[0.5,13.5,2,15],"texture":"#texture"},"up":{"uv":[0.75,13.75,2.25,15.25],"texture":"#texture"},"down":{"uv":[1,14,2.5,15.5],"texture":"#texture"}}},{"from":[9.1,10.5,3],"to":[10.35,11.75,3.5],"rotation":{"angle":45,"axis":"z","origin":[9.1,11.75,3]},"faces":{"north":{"uv":[1,14,2.5,15.5],"texture":"#texture"},"east":{"uv":[1,14.25,2.5,15.75],"texture":"#texture"},"south":{"uv":[0.75,13.5,2.25,15],"texture":"#texture"},"west":{"uv":[0.5,13.5,2,15],"texture":"#texture"},"up":{"uv":[0.75,13.75,2.25,15.25],"texture":"#texture"},"down":{"uv":[1,14,2.5,15.5],"texture":"#texture"}}},{"from":[10.85,10.5,3],"to":[12.1,11.75,3.5],"rotation":{"angle":45,"axis":"z","origin":[10.85,11.75,3]},"faces":{"north":{"uv":[1,14,2.5,15.5],"texture":"#texture"},"east":{"uv":[1,14.25,2.5,15.75],"texture":"#texture"},"south":{"uv":[0.75,13.5,2.25,15],"texture":"#texture"},"west":{"uv":[0.5,13.5,2,15],"texture":"#texture"},"up":{"uv":[0.75,13.75,2.25,15.25],"texture":"#texture"},"down":{"uv":[1,14,2.5,15.5],"texture":"#texture"}}},{"from":[3.6,11.25,3],"to":[12.6,11.75,3.5],"faces":{"north":{"uv":[1,14,2.5,15.5],"texture":"#texture"},"east":{"uv":[1,14.25,2.5,15.75],"texture":"#texture"},"south":{"uv":[0.75,13.5,2.25,15],"texture":"#texture"},"west":{"uv":[0.5,13.5,2,15],"texture":"#texture"},"up":{"uv":[0.75,13.75,2.25,15.25],"texture":"#texture"},"down":{"uv":[1,14,2.5,15.5],"texture":"#texture"}}},{"from":[4.25,10.5,13.5],"to":[5.5,11.75,14],"rotation":{"angle":45,"axis":"z","origin":[4.25,11.75,13.5]},"faces":{"north":{"uv":[1,14,2.5,15.5],"texture":"#texture"},"east":{"uv":[1,14.25,2.5,15.75],"texture":"#texture"},"south":{"uv":[0.75,13.5,2.25,15],"texture":"#texture"},"west":{"uv":[0.5,13.5,2,15],"texture":"#texture"},"up":{"uv":[0.75,13.75,2.25,15.25],"texture":"#texture"},"down":{"uv":[1,14,2.5,15.5],"texture":"#texture"}}},{"from":[5.6,10.5,13.5],"to":[6.85,11.75,14],"rotation":{"angle":45,"axis":"z","origin":[5.6,11.75,13.5]},"faces":{"north":{"uv":[1,14,2.5,15.5],"texture":"#texture"},"east":{"uv":[1,14.25,2.5,15.75],"texture":"#texture"},"south":{"uv":[0.75,13.5,2.25,15],"texture":"#texture"},"west":{"uv":[0.5,13.5,2,15],"texture":"#texture"},"up":{"uv":[0.75,13.75,2.25,15.25],"texture":"#texture"},"down":{"uv":[1,14,2.5,15.5],"texture":"#texture"}}},{"from":[7.35,10.5,13.5],"to":[8.6,11.75,14],"rotation":{"angle":45,"axis":"z","origin":[7.35,11.75,13.5]},"faces":{"north":{"uv":[1,14,2.5,15.5],"texture":"#texture"},"east":{"uv":[1,14.25,2.5,15.75],"texture":"#texture"},"south":{"uv":[0.75,13.5,2.25,15],"texture":"#texture"},"west":{"uv":[0.5,13.5,2,15],"texture":"#texture"},"up":{"uv":[0.75,13.75,2.25,15.25],"texture":"#texture"},"down":{"uv":[1,14,2.5,15.5],"texture":"#texture"}}},{"from":[9.1,10.5,13.5],"to":[10.35,11.75,14],"rotation":{"angle":45,"axis":"z","origin":[9.1,11.75,13.5]},"faces":{"north":{"uv":[1,14,2.5,15.5],"texture":"#texture"},"east":{"uv":[1,14.25,2.5,15.75],"texture":"#texture"},"south":{"uv":[0.75,13.5,2.25,15],"texture":"#texture"},"west":{"uv":[0.5,13.5,2,15],"texture":"#texture"},"up":{"uv":[0.75,13.75,2.25,15.25],"texture":"#texture"},"down":{"uv":[1,14,2.5,15.5],"texture":"#texture"}}},{"from":[10.85,10.5,13.5],"to":[12.1,11.75,14],"rotation":{"angle":45,"axis":"z","origin":[10.85,11.75,13.5]},"faces":{"north":{"uv":[1,14,2.5,15.5],"texture":"#texture"},"east":{"uv":[1,14.25,2.5,15.75],"texture":"#texture"},"south":{"uv":[0.75,13.5,2.25,15],"texture":"#texture"},"west":{"uv":[0.5,13.5,2,15],"texture":"#texture"},"up":{"uv":[0.75,13.75,2.25,15.25],"texture":"#texture"},"down":{"uv":[1,14,2.5,15.5],"texture":"#texture"}}},{"from":[3.6,11.25,13.5],"to":[12.6625,11.75,14],"faces":{"north":{"uv":[1,14,2.5,15.5],"texture":"#texture"},"east":{"uv":[1,14.25,2.5,15.75],"texture":"#texture"},"south":{"uv":[0.75,13.5,2.25,15],"texture":"#texture"},"west":{"uv":[0.5,13.5,2,15],"texture":"#texture"},"up":{"uv":[0.75,13.75,2.25,15.25],"texture":"#texture"},"down":{"uv":[1,14,2.5,15.5],"texture":"#texture"}}},{"from":[2.6,11.375,5],"to":[3.1,12.625,6.25],"rotation":{"angle":45,"axis":"x","origin":[2.6,12.625,5]},"faces":{"north":{"uv":[1,14,2.5,15.5],"texture":"#texture"},"east":{"uv":[1,14.25,2.5,15.75],"texture":"#texture"},"south":{"uv":[0.75,13.5,2.25,15],"texture":"#texture"},"west":{"uv":[0.5,13.5,2,15],"texture":"#texture"},"up":{"uv":[0.75,13.75,2.25,15.25],"texture":"#texture"},"down":{"uv":[1,14,2.5,15.5],"texture":"#texture"}}},{"from":[2.6,11.375,6.75],"to":[3.1,12.625,8],"rotation":{"angle":45,"axis":"x","origin":[2.6,12.625,6.75]},"faces":{"north":{"uv":[1,14,2.5,15.5],"texture":"#texture"},"east":{"uv":[1,14.25,2.5,15.75],"texture":"#texture"},"south":{"uv":[0.75,13.5,2.25,15],"texture":"#texture"},"west":{"uv":[0.5,13.5,2,15],"texture":"#texture"},"up":{"uv":[0.75,13.75,2.25,15.25],"texture":"#texture"},"down":{"uv":[1,14,2.5,15.5],"texture":"#texture"}}},{"from":[2.6,11.375,8.5],"to":[3.1,12.625,9.75],"rotation":{"angle":45,"axis":"x","origin":[2.6,12.625,8.5]},"faces":{"north":{"uv":[1,14,2.5,15.5],"texture":"#texture"},"east":{"uv":[1,14.25,2.5,15.75],"texture":"#texture"},"south":{"uv":[0.75,13.5,2.25,15],"texture":"#texture"},"west":{"uv":[0.5,13.5,2,15],"texture":"#texture"},"up":{"uv":[0.75,13.75,2.25,15.25],"texture":"#texture"},"down":{"uv":[1,14,2.5,15.5],"texture":"#texture"}}},{"from":[2.6,11.375,10.25],"to":[3.1,12.625,11.5],"rotation":{"angle":45,"axis":"x","origin":[2.6,12.625,10.25]},"faces":{"north":{"uv":[1,14,2.5,15.5],"texture":"#texture"},"east":{"uv":[1,14.25,2.5,15.75],"texture":"#texture"},"south":{"uv":[0.75,13.5,2.25,15],"texture":"#texture"},"west":{"uv":[0.5,13.5,2,15],"texture":"#texture"},"up":{"uv":[0.75,13.75,2.25,15.25],"texture":"#texture"},"down":{"uv":[1,14,2.5,15.5],"texture":"#texture"}}},{"from":[2.6,11.375,12],"to":[3.1,12.625,13.25],"rotation":{"angle":45,"axis":"x","origin":[2.6,12.625,12]},"faces":{"north":{"uv":[1,14,2.5,15.5],"texture":"#texture"},"east":{"uv":[1,14.25,2.5,15.75],"texture":"#texture"},"south":{"uv":[0.75,13.5,2.25,15],"texture":"#texture"},"west":{"uv":[0.5,13.5,2,15],"texture":"#texture"},"up":{"uv":[0.75,13.75,2.25,15.25],"texture":"#texture"},"down":{"uv":[1,14,2.5,15.5],"texture":"#texture"}}},{"from":[2.6,11.1875,4],"to":[3.1,11.75,13],"faces":{"north":{"uv":[1,14,2.5,15.5],"texture":"#texture"},"east":{"uv":[1,14.25,2.5,15.75],"texture":"#texture"},"south":{"uv":[0.75,13.5,2.25,15],"texture":"#texture"},"west":{"uv":[0.5,13.5,2,15],"texture":"#texture"},"up":{"uv":[0.75,13.75,2.25,15.25],"texture":"#texture"},"down":{"uv":[1,14,2.5,15.5],"texture":"#texture"}}},{"from":[2.90936,11.25,12.6875],"to":[4.28436,12.25,13.125],"rotation":{"angle":-45,"axis":"y","origin":[2.90936,11.25,12.6875]},"faces":{"north":{"uv":[1,14,2.5,15.5],"texture":"#texture"},"east":{"uv":[1,14.25,2.5,15.75],"texture":"#texture"},"south":{"uv":[0.75,13.5,2.25,15],"texture":"#texture"},"west":{"uv":[0.5,13.5,2,15],"texture":"#texture"},"up":{"uv":[0.75,13.75,2.25,15.25],"texture":"#texture"},"down":{"uv":[1,14,2.5,15.5],"texture":"#texture"}}},{"from":[2.6,11.25,4],"to":[3.975,12.25,4.4375],"rotation":{"angle":45,"axis":"y","origin":[2.6,11.25,4]},"faces":{"north":{"uv":[1,14,2.5,15.5],"texture":"#texture"},"east":{"uv":[1,14.25,2.5,15.75],"texture":"#texture"},"south":{"uv":[0.75,13.5,2.25,15],"texture":"#texture"},"west":{"uv":[0.5,13.5,2,15],"texture":"#texture"},"up":{"uv":[0.75,13.75,2.25,15.25],"texture":"#texture"},"down":{"uv":[1,14,2.5,15.5],"texture":"#texture"}}},{"from":[13.1,11.375,5],"to":[13.6,12.625,6.25],"rotation":{"angle":45,"axis":"x","origin":[13.1,12.625,5]},"faces":{"north":{"uv":[1,14,2.5,15.5],"texture":"#texture"},"east":{"uv":[1,14.25,2.5,15.75],"texture":"#texture"},"south":{"uv":[0.75,13.5,2.25,15],"texture":"#texture"},"west":{"uv":[0.5,13.5,2,15],"texture":"#texture"},"up":{"uv":[0.75,13.75,2.25,15.25],"texture":"#texture"},"down":{"uv":[1,14,2.5,15.5],"texture":"#texture"}}},{"from":[13.1,11.375,6.75],"to":[13.6,12.625,8],"rotation":{"angle":45,"axis":"x","origin":[13.1,12.625,6.75]},"faces":{"north":{"uv":[1,14,2.5,15.5],"texture":"#texture"},"east":{"uv":[1,14.25,2.5,15.75],"texture":"#texture"},"south":{"uv":[0.75,13.5,2.25,15],"texture":"#texture"},"west":{"uv":[0.5,13.5,2,15],"texture":"#texture"},"up":{"uv":[0.75,13.75,2.25,15.25],"texture":"#texture"},"down":{"uv":[1,14,2.5,15.5],"texture":"#texture"}}},{"from":[13.1,11.375,8.5],"to":[13.6,12.625,9.75],"rotation":{"angle":45,"axis":"x","origin":[13.1,12.625,8.5]},"faces":{"north":{"uv":[1,14,2.5,15.5],"texture":"#texture"},"east":{"uv":[1,14.25,2.5,15.75],"texture":"#texture"},"south":{"uv":[0.75,13.5,2.25,15],"texture":"#texture"},"west":{"uv":[0.5,13.5,2,15],"texture":"#texture"},"up":{"uv":[0.75,13.75,2.25,15.25],"texture":"#texture"},"down":{"uv":[1,14,2.5,15.5],"texture":"#texture"}}},{"from":[13.1,11.375,10.25],"to":[13.6,12.625,11.5],"rotation":{"angle":45,"axis":"x","origin":[13.1,12.625,10.25]},"faces":{"north":{"uv":[1,14,2.5,15.5],"texture":"#texture"},"east":{"uv":[1,14.25,2.5,15.75],"texture":"#texture"},"south":{"uv":[0.75,13.5,2.25,15],"texture":"#texture"},"west":{"uv":[0.5,13.5,2,15],"texture":"#texture"},"up":{"uv":[0.75,13.75,2.25,15.25],"texture":"#texture"},"down":{"uv":[1,14,2.5,15.5],"texture":"#texture"}}},{"from":[13.1,11.375,12],"to":[13.6,12.625,13.25],"rotation":{"angle":45,"axis":"x","origin":[13.1,12.625,12]},"faces":{"north":{"uv":[1,14,2.5,15.5],"texture":"#texture"},"east":{"uv":[1,14.25,2.5,15.75],"texture":"#texture"},"south":{"uv":[0.75,13.5,2.25,15],"texture":"#texture"},"west":{"uv":[0.5,13.5,2,15],"texture":"#texture"},"up":{"uv":[0.75,13.75,2.25,15.25],"texture":"#texture"},"down":{"uv":[1,14,2.5,15.5],"texture":"#texture"}}},{"from":[13.1,11.1875,4],"to":[13.6,11.75,13],"faces":{"north":{"uv":[1,14,2.5,15.5],"texture":"#texture"},"east":{"uv":[1,14.25,2.5,15.75],"texture":"#texture"},"south":{"uv":[0.75,13.5,2.25,15],"texture":"#texture"},"west":{"uv":[0.5,13.5,2,15],"texture":"#texture"},"up":{"uv":[0.75,13.75,2.25,15.25],"texture":"#texture"},"down":{"uv":[1,14,2.5,15.5],"texture":"#texture"}}},{"from":[12.6,11.25,3],"to":[13.975,12.25,3.4375],"rotation":{"angle":-45,"axis":"y","origin":[12.6,11.25,3]},"faces":{"north":{"uv":[1,14,2.5,15.5],"texture":"#texture"},"east":{"uv":[1,14.25,2.5,15.75],"texture":"#texture"},"south":{"uv":[0.75,13.5,2.25,15],"texture":"#texture"},"west":{"uv":[0.5,13.5,2,15],"texture":"#texture"},"up":{"uv":[0.75,13.75,2.25,15.25],"texture":"#texture"},"down":{"uv":[1,14,2.5,15.5],"texture":"#texture"}}},{"from":[12.35,11.25,13.6875],"to":[13.6625,12.25,14.125],"rotation":{"angle":45,"axis":"y","origin":[12.35,11.25,13.6875]},"faces":{"north":{"uv":[1,14,2.5,15.5],"texture":"#texture"},"east":{"uv":[1,14.25,2.5,15.75],"texture":"#texture"},"south":{"uv":[0.75,13.5,2.25,15],"texture":"#texture"},"west":{"uv":[0.5,13.5,2,15],"texture":"#texture"},"up":{"uv":[0.75,13.75,2.25,15.25],"texture":"#texture"},"down":{"uv":[1,14,2.5,15.5],"texture":"#texture"}}}],"display":{"head":{"rotation":[0,-90,0],"translation":[2,-17,-2],"scale":[3.5,3.5,3.5]},"gui":{"rotation":[26,51,0],"translation":[0,0.5,0]},"thirdperson_righthand":{"scale":[0,0,0]},"thirdperson_lefthand":{"scale":[0,0,0]},"firstperson_righthand":{"scale":[0,0,0]},"firstperson_lefthand":{"scale":[0,0,0]}}}