{"credit":"Made by MadstonMagic using Cubik Pro/ Edit by Icelio","textures":{"0":"pokemon_skins/regular/shiftry/shiftry","1":"pokemon_skins/regular/shiftry/details","2":"pokemon_skins/regular/shiftry/ear","3":"pokemon_skins/regular/shiftry/eye"},"elements":[{"from":[6.9,3.8,4.2],"to":[11.3,12.1,11.8],"faces":{"north":{"uv":[1,1,3,3],"texture":"#0"},"east":{"uv":[1,1,3,3],"texture":"#0"},"south":{"uv":[1,1,3,3],"texture":"#0"},"west":{"uv":[1,1,3,3],"texture":"#0"},"up":{"uv":[1,1,3,3],"texture":"#0"},"down":{"uv":[1,1,3,3],"texture":"#0"}}},{"from":[4.4,4.1,5.8],"to":[5.4,5.4,10.2],"rotation":{"angle":22.5,"axis":"z","origin":[4.4,5.4,8]},"faces":{"north":{"uv":[1,1,3,3],"texture":"#0"},"east":{"uv":[1,1,3,3],"texture":"#0"},"south":{"uv":[1,1,3,3],"texture":"#0"},"west":{"uv":[1,1,3,3],"texture":"#0"},"up":{"uv":[1,1,3,3],"texture":"#0"},"down":{"uv":[1,1,3,3],"texture":"#0"}}},{"from":[5,10.3,10.2],"to":[6.6,11.9,12.762],"rotation":{"angle":45,"axis":"y","origin":[5,11.65,10.2]},"faces":{"north":{"uv":[1,1,3,3],"texture":"#0"},"east":{"uv":[1,1,3,3],"texture":"#0"},"south":{"uv":[1,1,3,3],"texture":"#0"},"west":{"uv":[1,1,3,3],"texture":"#0"},"up":{"uv":[1,1,3,3],"texture":"#0"},"down":{"uv":[1,1,3,3],"texture":"#0"}}},{"from":[5.3,9.1,11.5],"to":[6.5,10.4,12.462],"rotation":{"angle":45,"axis":"y","origin":[5.3,7.15,10.2]},"faces":{"north":{"uv":[1,1,3,3],"texture":"#0"},"east":{"uv":[1,1,3,3],"texture":"#0"},"south":{"uv":[1,1,3,3],"texture":"#0"},"west":{"uv":[1,1,3,3],"texture":"#0"},"up":{"uv":[1,1,3,3],"texture":"#0"},"down":{"uv":[1,1,3,3],"texture":"#0"}}},{"from":[5.1,8.5,4.238],"to":[6.7,9.1,5.8],"rotation":{"angle":-45,"axis":"y","origin":[5.1,7.15,5.8]},"faces":{"north":{"uv":[1,1,3,3],"texture":"#0"},"east":{"uv":[1,1,3,3],"texture":"#0"},"south":{"uv":[1,1,3,3],"texture":"#0"},"west":{"uv":[1,1,3,3],"texture":"#0"},"up":{"uv":[1,1,3,3],"texture":"#0"},"down":{"uv":[1,1,3,3],"texture":"#0"}}},{"from":[5.1,8.5,10.2],"to":[6.7,9.1,11.762],"rotation":{"angle":45,"axis":"y","origin":[5.1,7.15,10.2]},"faces":{"north":{"uv":[1,1,3,3],"texture":"#0"},"east":{"uv":[1,1,3,3],"texture":"#0"},"south":{"uv":[1,1,3,3],"texture":"#0"},"west":{"uv":[1,1,3,3],"texture":"#0"},"up":{"uv":[1,1,3,3],"texture":"#0"},"down":{"uv":[1,1,3,3],"texture":"#0"}}},{"from":[5.3,3.8,10.2],"to":[6.9,9.1,12.462],"rotation":{"angle":45,"axis":"y","origin":[5.3,7.15,10.2]},"faces":{"north":{"uv":[1,1,3,3],"texture":"#0"},"east":{"uv":[1,1,3,3],"texture":"#0"},"south":{"uv":[1,1,3,3],"texture":"#0"},"west":{"uv":[1,1,3,3],"texture":"#0"},"up":{"uv":[1,1,3,3],"texture":"#0"},"down":{"uv":[1,1,3,3],"texture":"#0"}}},{"from":[5.3,6.2,5.8],"to":[6.3,8.1,10.2],"faces":{"north":{"uv":[1,1,3,3],"texture":"#0"},"east":{"uv":[1,1,3,3],"texture":"#0"},"south":{"uv":[1,1,3,3],"texture":"#0"},"west":{"uv":[1,1,3,3],"texture":"#0"},"up":{"uv":[1,1,3,3],"texture":"#0"},"down":{"uv":[1,1,3,3],"texture":"#0"}}},{"from":[4.8,5.7,5.8],"to":[5.8,7.1,10.2],"rotation":{"angle":-22.5,"axis":"z","origin":[4.8,5.7,5]},"faces":{"north":{"uv":[1,1,3,3],"texture":"#0"},"east":{"uv":[1,1,3,3],"texture":"#0"},"south":{"uv":[1,1,3,3],"texture":"#0"},"west":{"uv":[1,1,3,3],"texture":"#0"},"up":{"uv":[1,1,3,3],"texture":"#0"},"down":{"uv":[1,1,3,3],"texture":"#0"}}},{"from":[4.4,5.4,5.8],"to":[5.4,6.8,10.2],"rotation":{"angle":-45,"axis":"z","origin":[4.4,5.4,5]},"faces":{"north":{"uv":[1,1,3,3],"texture":"#0"},"east":{"uv":[1,1,3,3],"texture":"#0"},"south":{"uv":[1,1,3,3],"texture":"#0"},"west":{"uv":[1,1,3,3],"texture":"#0"},"up":{"uv":[1,1,3,3],"texture":"#0"},"down":{"uv":[1,1,3,3],"texture":"#0"}}},{"from":[7.9,3,11.3],"to":[11.4,8.5,14.2],"faces":{"north":{"uv":[1,1,3,3],"texture":"#0"},"east":{"uv":[1,1,3,3],"texture":"#0"},"south":{"uv":[1,1,3,3],"texture":"#0"},"west":{"uv":[1,1,3,3],"texture":"#0"},"up":{"uv":[1,1,3,3],"texture":"#0"},"down":{"uv":[1,1,3,3],"texture":"#0"}}},{"from":[6.9,4,1.8],"to":[12.4,7.5,14.2],"faces":{"north":{"uv":[1,1,3,3],"texture":"#0"},"east":{"uv":[1,1,3,3],"texture":"#0"},"south":{"uv":[1,1,3,3],"texture":"#0"},"west":{"uv":[1,1,3,3],"texture":"#0"},"up":{"uv":[1,1,3,3],"texture":"#0"},"down":{"uv":[1,1,3,3],"texture":"#0"}}},{"from":[7.9,4,0.8],"to":[11.4,7.5,15.2],"faces":{"north":{"uv":[1,1,3,3],"texture":"#0"},"east":{"uv":[1,1,3,3],"texture":"#0"},"south":{"uv":[1,1,3,3],"texture":"#0"},"west":{"uv":[1,1,3,3],"texture":"#0"},"up":{"uv":[1,1,3,3],"texture":"#0"},"down":{"uv":[1,1,3,3],"texture":"#0"}}},{"from":[6.9,1.13,11.3],"to":[8.31,7.5,14.2],"rotation":{"angle":45,"axis":"z","origin":[6.9,7.5,11.2]},"faces":{"north":{"uv":[1,1,3,3],"texture":"#0"},"east":{"uv":[1,1,3,3],"texture":"#0"},"south":{"uv":[1,1,3,3],"texture":"#0"},"west":{"uv":[1,1,3,3],"texture":"#0"},"up":{"uv":[1,1,3,3],"texture":"#0"},"down":{"uv":[1,1,3,3],"texture":"#0"}}},{"from":[11.4,2.13,11.3],"to":[12.81,8.5,14.2],"rotation":{"angle":-45,"axis":"z","origin":[11.4,8.5,11.2]},"faces":{"north":{"uv":[1,1,3,3],"texture":"#0"},"east":{"uv":[1,1,3,3],"texture":"#0"},"south":{"uv":[1,1,3,3],"texture":"#0"},"west":{"uv":[1,1,3,3],"texture":"#0"},"up":{"uv":[1,1,3,3],"texture":"#0"},"down":{"uv":[1,1,3,3],"texture":"#0"}}},{"from":[7.6075,4,13.4925],"to":[9.0175,7.5,14.4925],"rotation":{"angle":-45,"axis":"y","origin":[7.6075,4,13.4925]},"faces":{"north":{"uv":[1,1,3,3],"texture":"#0"},"east":{"uv":[1,1,3,3],"texture":"#0"},"south":{"uv":[1,1,3,3],"texture":"#0"},"west":{"uv":[1,1,3,3],"texture":"#0"},"up":{"uv":[1,1,3,3],"texture":"#0"},"down":{"uv":[1,1,3,3],"texture":"#0"}}},{"from":[10.6925,4,14.4925],"to":[12.1025,7.5,15.4925],"rotation":{"angle":45,"axis":"y","origin":[10.6925,4,14.4925]},"faces":{"north":{"uv":[1,1,3,3],"texture":"#0"},"east":{"uv":[1,1,3,3],"texture":"#0"},"south":{"uv":[1,1,3,3],"texture":"#0"},"west":{"uv":[1,1,3,3],"texture":"#0"},"up":{"uv":[1,1,3,3],"texture":"#0"},"down":{"uv":[1,1,3,3],"texture":"#0"}}},{"from":[7.9,7.5,14.2],"to":[11.4,8.5,15.61],"rotation":{"angle":45,"axis":"x","origin":[7.9,8.5,14.2]},"faces":{"north":{"uv":[1,1,3,3],"texture":"#0"},"east":{"uv":[1,1,3,3],"texture":"#0"},"south":{"uv":[1,1,3,3],"texture":"#0"},"west":{"uv":[1,1,3,3],"texture":"#0"},"up":{"uv":[1,1,3,3],"texture":"#0"},"down":{"uv":[1,1,3,3],"texture":"#0"}}},{"from":[7.9,3.7175,11.01],"to":[11.4,4.7175,12.42],"rotation":{"angle":45,"axis":"x","origin":[7.9,4.7175,11.01]},"faces":{"north":{"uv":[1,1,3,3],"texture":"#0"},"east":{"uv":[1,1,3,3],"texture":"#0"},"south":{"uv":[1,1,3,3],"texture":"#0"},"west":{"uv":[1,1,3,3],"texture":"#0"},"up":{"uv":[1,1,3,3],"texture":"#0"},"down":{"uv":[1,1,3,3],"texture":"#0"}}},{"from":[7.9,2.7075,13.4925],"to":[11.4,3.7075,14.9025],"rotation":{"angle":-45,"axis":"x","origin":[7.9,3.7075,13.4925]},"faces":{"north":{"uv":[3,2,7,6],"texture":"#0"},"east":{"uv":[2.5,2,7,7],"texture":"#0"},"south":{"uv":[1.5,2,6,6.5],"texture":"#0"},"west":{"uv":[1.5,1.5,6,6],"texture":"#0"},"up":{"uv":[2.5,2,6.5,6],"texture":"#0"},"down":{"uv":[2,2,6,6.5],"texture":"#0"}}},{"from":[5.5,2.8,5.8],"to":[7.3,3.8,10.2],"rotation":{"angle":-22.5,"axis":"z","origin":[7.3,2.8,8]},"faces":{"north":{"uv":[1,1,3,3],"texture":"#0"},"east":{"uv":[1,1,3,3],"texture":"#0"},"south":{"uv":[1,1,3,3],"texture":"#0"},"west":{"uv":[1,1,3,3],"texture":"#0"},"up":{"uv":[1,1,3,3],"texture":"#0"},"down":{"uv":[1,1,3,3],"texture":"#0"}}},{"from":[7.3,2.8,5],"to":[12,3.8,11],"faces":{"north":{"uv":[1,1,3,3],"texture":"#0"},"east":{"uv":[1,1,3,3],"texture":"#0"},"south":{"uv":[1,1,3,3],"texture":"#0"},"west":{"uv":[1,1,3,3],"texture":"#0"},"up":{"uv":[1,1,3,3],"texture":"#0"},"down":{"uv":[1,1,3,3],"texture":"#0"}}},{"from":[4.9,3.19,5.8],"to":[5.9,4.2,10.2],"rotation":{"angle":45,"axis":"z","origin":[4.9,4.2,5]},"faces":{"north":{"uv":[1,1,3,3],"texture":"#0"},"east":{"uv":[1,1,3,3],"texture":"#0"},"south":{"uv":[1,1,3,3],"texture":"#0"},"west":{"uv":[1,1,3,3],"texture":"#0"},"up":{"uv":[1,1,3,3],"texture":"#0"},"down":{"uv":[1,1,3,3],"texture":"#0"}}},{"from":[9.05,1.55,10.8],"to":[10.95,3,12.3],"rotation":{"angle":-45,"axis":"x","origin":[10,3,10.8]},"faces":{"north":{"uv":[1,1,3,3],"texture":"#0"},"east":{"uv":[1,1,3,3],"texture":"#0"},"south":{"uv":[1,1,3,3],"texture":"#0"},"west":{"uv":[1,1,3,3],"texture":"#0"},"up":{"uv":[1,1,3,3],"texture":"#0"},"down":{"uv":[1,1,3,3],"texture":"#0"}}},{"from":[9.05,1.7,12.7],"to":[10.95,3,14.2],"rotation":{"angle":45,"axis":"x","origin":[10,3,14.2]},"faces":{"north":{"uv":[1,1,3,3],"texture":"#0"},"east":{"uv":[1,1,3,3],"texture":"#0"},"south":{"uv":[1,1,3,3],"texture":"#0"},"west":{"uv":[1,1,3,3],"texture":"#0"},"up":{"uv":[1,1,3,3],"texture":"#0"},"down":{"uv":[1,1,3,3],"texture":"#0"}}},{"from":[9.25,-0.3,12.5],"to":[10.85,1,13.8],"rotation":{"angle":45,"axis":"x","origin":[10.05,0.35,13.25]},"faces":{"north":{"uv":[1,1,3,3],"texture":"#0"},"east":{"uv":[1,1,3,3],"texture":"#0"},"south":{"uv":[1,1,3,3],"texture":"#0"},"west":{"uv":[1,1,3,3],"texture":"#0"},"up":{"uv":[1,1,3,3],"texture":"#0"},"down":{"uv":[1,1,3,3],"texture":"#0"}}},{"from":[9.25,-0.3,11.2],"to":[10.85,1,12.4],"rotation":{"angle":45,"axis":"x","origin":[10.05,0.35,11.85]},"faces":{"north":{"uv":[1,1,3,3],"texture":"#0"},"east":{"uv":[1,1,3,3],"texture":"#0"},"south":{"uv":[1,1,3,3],"texture":"#0"},"west":{"uv":[1,1,3,3],"texture":"#0"},"up":{"uv":[1,1,3,3],"texture":"#0"},"down":{"uv":[1,1,3,3],"texture":"#0"}}},{"from":[10.25,0,11.8],"to":[11.35,1.1,13.3],"rotation":{"angle":-45,"axis":"z","origin":[10.8,0.55,12.55]},"faces":{"north":{"uv":[1,1,3,3],"texture":"#0"},"east":{"uv":[1,1,3,3],"texture":"#0"},"south":{"uv":[1,1,3,3],"texture":"#0"},"west":{"uv":[1,1,3,3],"texture":"#0"},"up":{"uv":[1,1,3,3],"texture":"#0"},"down":{"uv":[1,1,3,3],"texture":"#0"}}},{"from":[8.75,0,11.8],"to":[9.85,1.1,13.3],"rotation":{"angle":-45,"axis":"z","origin":[9.3,0.55,12.55]},"faces":{"north":{"uv":[1,1,3,3],"texture":"#0"},"east":{"uv":[1,1,3,3],"texture":"#0"},"south":{"uv":[1,1,3,3],"texture":"#0"},"west":{"uv":[1,1,3,3],"texture":"#0"},"up":{"uv":[1,1,3,3],"texture":"#0"},"down":{"uv":[1,1,3,3],"texture":"#0"}}},{"from":[9.25,0.5,11.8],"to":[10.85,3,13.3],"faces":{"north":{"uv":[1,1,3,3],"texture":"#0"},"east":{"uv":[1,1,3,3],"texture":"#0"},"south":{"uv":[1,1,3,3],"texture":"#0"},"west":{"uv":[1,1,3,3],"texture":"#0"},"up":{"uv":[1,1,3,3],"texture":"#0"},"down":{"uv":[1,1,3,3],"texture":"#0"}}},{"from":[6.85,-0.7,11.05],"to":[12,0.55,14.05],"faces":{"north":{"uv":[1,1,3,3],"texture":"#0"},"east":{"uv":[1,1,3,3],"texture":"#0"},"south":{"uv":[1,1,3,3],"texture":"#0"},"west":{"uv":[1,1,3,3],"texture":"#0"},"up":{"uv":[1,1,3,3],"texture":"#0"},"down":{"uv":[1,1,3,3],"texture":"#0"}}},{"from":[6.85,0.3,14],"to":[12,0.653,14.3],"rotation":{"angle":-45,"axis":"x","origin":[6.85,0.3,14.3]},"faces":{"north":{"uv":[1,1,3,3],"texture":"#0"},"east":{"uv":[1,1,3,3],"texture":"#0"},"south":{"uv":[1,1,3,3],"texture":"#0"},"west":{"uv":[1,1,3,3],"texture":"#0"},"up":{"uv":[1,1,3,3],"texture":"#0"},"down":{"uv":[1,1,3,3],"texture":"#0"}}},{"from":[6.85,0.3,10.8],"to":[12,0.653,11.1],"rotation":{"angle":45,"axis":"x","origin":[6.85,0.3,10.8]},"faces":{"north":{"uv":[1,1,3,3],"texture":"#0"},"east":{"uv":[1,1,3,3],"texture":"#0"},"south":{"uv":[1,1,3,3],"texture":"#0"},"west":{"uv":[1,1,3,3],"texture":"#0"},"up":{"uv":[1,1,3,3],"texture":"#0"},"down":{"uv":[1,1,3,3],"texture":"#0"}}},{"from":[6.85,-0.45,10.8],"to":[12,0.3,14.3],"faces":{"north":{"uv":[1,1,3,3],"texture":"#0"},"east":{"uv":[1,1,3,3],"texture":"#0"},"south":{"uv":[1,1,3,3],"texture":"#0"},"west":{"uv":[1,1,3,3],"texture":"#0"},"up":{"uv":[1,1,3,3],"texture":"#0"},"down":{"uv":[1,1,3,3],"texture":"#0"}}},{"from":[12,0.3,11.05],"to":[12.25,0.653,14.05],"rotation":{"angle":45,"axis":"z","origin":[12.25,0.3,12.55]},"faces":{"north":{"uv":[1,1,3,3],"texture":"#0"},"east":{"uv":[1,1,3,3],"texture":"#0"},"south":{"uv":[1,1,3,3],"texture":"#0"},"west":{"uv":[1,1,3,3],"texture":"#0"},"up":{"uv":[1,1,3,3],"texture":"#0"},"down":{"uv":[1,1,3,3],"texture":"#0"}}},{"from":[6.6,0.3,11.05],"to":[6.85,0.653,14.05],"rotation":{"angle":-45,"axis":"z","origin":[6.6,0.3,12.55]},"faces":{"north":{"uv":[1,1,3,3],"texture":"#0"},"east":{"uv":[1,1,3,3],"texture":"#0"},"south":{"uv":[1,1,3,3],"texture":"#0"},"west":{"uv":[1,1,3,3],"texture":"#0"},"up":{"uv":[1,1,3,3],"texture":"#0"},"down":{"uv":[1,1,3,3],"texture":"#0"}}},{"from":[6.6,-0.45,11.05],"to":[12.25,0.3,14.05],"faces":{"north":{"uv":[1,1,3,3],"texture":"#0"},"east":{"uv":[1,1,3,3],"texture":"#0"},"south":{"uv":[1,1,3,3],"texture":"#0"},"west":{"uv":[1,1,3,3],"texture":"#0"},"up":{"uv":[1,1,3,3],"texture":"#0"},"down":{"uv":[1,1,3,3],"texture":"#0"}}},{"from":[6.6,-0.45,11.05],"to":[6.95,0.3,11.55],"rotation":{"angle":45,"axis":"y","origin":[6.6,-0.7,11.05]},"faces":{"north":{"uv":[1,1,3,3],"texture":"#0"},"east":{"uv":[1,1,3,3],"texture":"#0"},"south":{"uv":[1,1,3,3],"texture":"#0"},"west":{"uv":[1,1,3,3],"texture":"#0"},"up":{"uv":[1,1,3,3],"texture":"#0"},"down":{"uv":[1,1,3,3],"texture":"#0"}}},{"from":[12,-0.45,10.8],"to":[12.35,0.3,11.3],"rotation":{"angle":-45,"axis":"y","origin":[12,-0.7,10.8]},"faces":{"north":{"uv":[1,1,3,3],"texture":"#0"},"east":{"uv":[1,1,3,3],"texture":"#0"},"south":{"uv":[1,1,3,3],"texture":"#0"},"west":{"uv":[1,1,3,3],"texture":"#0"},"up":{"uv":[1,1,3,3],"texture":"#0"},"down":{"uv":[1,1,3,3],"texture":"#0"}}},{"from":[6.955,-0.45,13.695],"to":[7.305,0.3,14.195],"rotation":{"angle":-45,"axis":"y","origin":[6.955,-0.7,13.695]},"faces":{"north":{"uv":[1,1,3,3],"texture":"#0"},"east":{"uv":[1,1,3,3],"texture":"#0"},"south":{"uv":[1,1,3,3],"texture":"#0"},"west":{"uv":[1,1,3,3],"texture":"#0"},"up":{"uv":[1,1,3,3],"texture":"#0"},"down":{"uv":[1,1,3,3],"texture":"#0"}}},{"from":[11.645,-0.45,13.945],"to":[11.995,0.3,14.445],"rotation":{"angle":45,"axis":"y","origin":[11.645,-0.7,13.945]},"faces":{"north":{"uv":[1,1,3,3],"texture":"#0"},"east":{"uv":[1,1,3,3],"texture":"#0"},"south":{"uv":[1,1,3,3],"texture":"#0"},"west":{"uv":[1,1,3,3],"texture":"#0"},"up":{"uv":[1,1,3,3],"texture":"#0"},"down":{"uv":[1,1,3,3],"texture":"#0"}}},{"from":[9.5,-2.6,11],"to":[10.6,-0.7,14.1],"faces":{"north":{"uv":[1,1,3,3],"texture":"#0"},"east":{"uv":[1,1,3,3],"texture":"#0"},"south":{"uv":[1,1,3,3],"texture":"#0"},"west":{"uv":[1,1,3,3],"texture":"#0"},"up":{"uv":[1,1,3,3],"texture":"#0"},"down":{"uv":[1,1,3,3],"texture":"#0"}}},{"from":[9.4,-1.4,11],"to":[10.6,0,14.1],"rotation":{"angle":45,"axis":"z","origin":[9.9,-0.7,13.5]},"faces":{"north":{"uv":[1,1,3,3],"texture":"#0"},"east":{"uv":[1,1,3,3],"texture":"#0"},"south":{"uv":[1,1,3,3],"texture":"#0"},"west":{"uv":[1,1,3,3],"texture":"#0"},"up":{"uv":[1,1,3,3],"texture":"#0"},"down":{"uv":[1,1,3,3],"texture":"#0"}}},{"from":[7.45,1,11.8],"to":[8.45,3.5,13.3],"rotation":{"angle":45,"axis":"z","origin":[7.45,3.5,11.5]},"faces":{"north":{"uv":[1,1,3,3],"texture":"#0"},"east":{"uv":[1,1,3,3],"texture":"#0"},"south":{"uv":[1,1,3,3],"texture":"#0"},"west":{"uv":[1,1,3,3],"texture":"#0"},"up":{"uv":[1,1,3,3],"texture":"#0"},"down":{"uv":[1,1,3,3],"texture":"#0"}}},{"from":[10.7,1.5,11.8],"to":[11.7,4,13.3],"rotation":{"angle":-22.5,"axis":"z","origin":[10.7,4,11.5]},"faces":{"north":{"uv":[1,1,3,3],"texture":"#0"},"east":{"uv":[1,1,3,3],"texture":"#0"},"south":{"uv":[1,1,3,3],"texture":"#0"},"west":{"uv":[1,1,3,3],"texture":"#0"},"up":{"uv":[1,1,3,3],"texture":"#0"},"down":{"uv":[1,1,3,3],"texture":"#0"}}},{"from":[5,10.3,5.8],"to":[8,11.9,10.2],"faces":{"north":{"uv":[1,1,3,3],"texture":"#0"},"east":{"uv":[1,1,3,3],"texture":"#0"},"south":{"uv":[1,1,3,3],"texture":"#0"},"west":{"uv":[1,1,3,3],"texture":"#0"},"up":{"uv":[1,1,3,3],"texture":"#0"},"down":{"uv":[1,1,3,3],"texture":"#0"}}},{"from":[5.1,8.5,5.8],"to":[6.6,9.1,10.2],"faces":{"north":{"uv":[1,1,3,3],"texture":"#0"},"east":{"uv":[1,1,3,3],"texture":"#0"},"south":{"uv":[1,1,3,3],"texture":"#0"},"west":{"uv":[1,1,3,3],"texture":"#0"},"up":{"uv":[1,1,3,3],"texture":"#0"},"down":{"uv":[1,1,3,3],"texture":"#0"}}},{"from":[5.5,9.1,10],"to":[6,10.35,11.3],"rotation":{"angle":45,"axis":"y","origin":[5.5,9.725,10]},"faces":{"west":{"uv":[6.25,8.75,7.25,15.25],"texture":"#0"}}},{"from":[5.5,9.1,6],"to":[6,10.35,10],"faces":{"west":{"uv":[1.25,8.75,6.75,15.25],"texture":"#0"}}},{"from":[3.3125,9.45,7.3],"to":[5.8,11.05,8.7],"rotation":{"angle":22.5,"axis":"z","origin":[2.3125,10.05,7.5]},"faces":{"north":{"uv":[1,1,3,3],"texture":"#0"},"east":{"uv":[1,1,3,3],"texture":"#0"},"south":{"uv":[1,1,3,3],"texture":"#0"},"west":{"uv":[1,1,3,3],"texture":"#0"},"up":{"uv":[1,1,3,3],"texture":"#0"},"down":{"uv":[1,1,3,3],"texture":"#0"}}},{"from":[0.5125,9.65,7.7],"to":[2.2,10.25,8.3],"rotation":{"angle":22.5,"axis":"z","origin":[2.3125,10.05,7.5]},"faces":{"north":{"uv":[1,1,3,3],"texture":"#0"},"east":{"uv":[1,1,3,3],"texture":"#0"},"south":{"uv":[1,1,3,3],"texture":"#0"},"west":{"uv":[1,1,3,3],"texture":"#0"},"up":{"uv":[1,1,3,3],"texture":"#0"},"down":{"uv":[1,1,3,3],"texture":"#0"}}},{"from":[1.6125,9.55,7.5],"to":[3.6,10.65,8.5],"rotation":{"angle":22.5,"axis":"z","origin":[2.3125,10.05,7.5]},"faces":{"north":{"uv":[1,1,3,3],"texture":"#0"},"east":{"uv":[1,1,3,3],"texture":"#0"},"south":{"uv":[1,1,3,3],"texture":"#0"},"west":{"uv":[1,1,3,3],"texture":"#0"},"up":{"uv":[1,1,3,3],"texture":"#0"},"down":{"uv":[1,1,3,3],"texture":"#0"}}},{"from":[4.85,11.85,4.5],"to":[6.85,14.85,11.5],"rotation":{"angle":45,"axis":"z","origin":[4.85,14.85,5]},"faces":{"north":{"uv":[10,1,12,3],"texture":"#0"},"east":{"uv":[10,1,12,3],"texture":"#0"},"south":{"uv":[10,1,12,3],"texture":"#0"},"west":{"uv":[10,1,12,3],"texture":"#0"},"up":{"uv":[10,1,12,3],"texture":"#0"},"down":{"uv":[10,1,12,3],"texture":"#0"}}},{"from":[4.25,13.25,5.4],"to":[6.25,15.05,10.6],"rotation":{"angle":-22.5,"axis":"z","origin":[4.25,13.25,5]},"faces":{"north":{"uv":[10,1,12,3],"texture":"#0"},"east":{"uv":[10,1,12,3],"texture":"#0"},"south":{"uv":[10,1,12,3],"texture":"#0"},"west":{"uv":[10,1,12,3],"texture":"#0"},"up":{"uv":[10,1,12,3],"texture":"#0"},"down":{"uv":[10,1,12,3],"texture":"#0"}}},{"from":[6.2,12.4,3.7],"to":[8.7,16.2,12.3],"rotation":{"angle":22.5,"axis":"z","origin":[6.2,16.2,5]},"faces":{"north":{"uv":[10,1,12,3],"texture":"#0"},"east":{"uv":[10,1,12,3],"texture":"#0"},"south":{"uv":[10,1,12,3],"texture":"#0"},"west":{"uv":[10,1,12,3],"texture":"#0"},"up":{"uv":[10,1,12,3],"texture":"#0"},"down":{"uv":[10,1,12,3],"texture":"#0"}}},{"from":[6.95,10.35,3.5],"to":[12.7,13.6375,12.5],"faces":{"north":{"uv":[10,1,12,3],"texture":"#0"},"east":{"uv":[10,1,12,3],"texture":"#0"},"south":{"uv":[10,1,12,3],"texture":"#0"},"west":{"uv":[10,1,12,3],"texture":"#0"},"up":{"uv":[10,1,12,3],"texture":"#0"},"down":{"uv":[10,1,12,3],"texture":"#0"}}},{"from":[8.55,11.75,3],"to":[12.7,17.1375,13],"faces":{"north":{"uv":[10,1,12,3],"texture":"#0"},"east":{"uv":[10,1,12,3],"texture":"#0"},"south":{"uv":[10,1,12,3],"texture":"#0"},"west":{"uv":[10,1,12,3],"texture":"#0"},"up":{"uv":[10,1,12,3],"texture":"#0"},"down":{"uv":[10,1,12,3],"texture":"#0"}}},{"from":[4.4,11.65,9],"to":[4.5,13.15,10],"faces":{"west":{"uv":[0.5,1,7,11],"texture":"#3"}}},{"from":[4.4,11.65,10],"to":[4.5,13.15,11.5],"rotation":{"angle":45,"axis":"y","origin":[4.4,12.4,10]},"faces":{"west":{"uv":[7,1,15.5,11],"texture":"#3"}}},{"from":[4.45,8.55,10],"to":[4.55,11.85,13.535],"rotation":{"angle":45,"axis":"y","origin":[4.45,10.65,10]},"faces":{"east":{"uv":[10.75,3,15.75,8.25],"texture":"#1","rotation":90},"west":{"uv":[10.75,8.25,15.75,3],"texture":"#1","rotation":90}}},{"from":[4.45,11.85,10],"to":[6.95,13.65,13.535],"rotation":{"angle":45,"axis":"y","origin":[4.45,12.55,10]},"faces":{"north":{"uv":[10,1,12,3],"texture":"#0"},"east":{"uv":[10,1,12,3],"texture":"#0"},"south":{"uv":[10,1,12,3],"texture":"#0"},"west":{"uv":[10,1,12,3],"texture":"#0"},"up":{"uv":[10,1,12,3],"texture":"#0"},"down":{"uv":[10,1,12,3],"texture":"#0"}}},{"from":[4.45,8.55,8.7],"to":[4.55,11.85,10],"faces":{"east":{"uv":[10.75,0.25,15.75,3],"texture":"#1","rotation":90},"west":{"uv":[10.75,3,15.75,0.25],"texture":"#1","rotation":90}}},{"from":[4.45,11.85,6],"to":[7.5,13.25,10],"faces":{"north":{"uv":[10,1,12,3],"texture":"#0"},"east":{"uv":[10,1,12,3],"texture":"#0"},"south":{"uv":[10,1,12,3],"texture":"#0"},"west":{"uv":[10,1,12,3],"texture":"#0"},"up":{"uv":[10,1,12,3],"texture":"#0"},"down":{"uv":[10,1,12,3],"texture":"#0"}}},{"from":[4.25,12.75,6],"to":[7.5,13.25,10],"faces":{"north":{"uv":[10,1,12,3],"texture":"#0"},"east":{"uv":[10,1,12,3],"texture":"#0"},"south":{"uv":[10,1,12,3],"texture":"#0"},"west":{"uv":[10,1,12,3],"texture":"#0"},"up":{"uv":[10,1,12,3],"texture":"#0"},"down":{"uv":[10,1,12,3],"texture":"#0"}}},{"from":[9.7,7.75,2.25],"to":[13.2,13.25,13.75],"faces":{"north":{"uv":[10,1,12,3],"texture":"#0"},"east":{"uv":[10,1,12,3],"texture":"#0"},"south":{"uv":[10,1,12,3],"texture":"#0"},"west":{"uv":[10,1,12,3],"texture":"#0"},"up":{"uv":[10,1,12,3],"texture":"#0"},"down":{"uv":[10,1,12,3],"texture":"#0"}}},{"from":[9.7,3.25,1.75],"to":[13.2,7.75,14.25],"rotation":{"angle":22.5,"axis":"z","origin":[9.7,7.75,4.75]},"faces":{"north":{"uv":[10,1,12,3],"texture":"#0"},"east":{"uv":[10,1,12,3],"texture":"#0"},"south":{"uv":[10,1,12,3],"texture":"#0"},"west":{"uv":[10,1,12,3],"texture":"#0"},"up":{"uv":[10,1,12,3],"texture":"#0"},"down":{"uv":[10,1,12,3],"texture":"#0"}}},{"from":[11.3875,-0.5,1.75],"to":[14.6375,3.6875,14.25],"rotation":{"angle":45,"axis":"z","origin":[11.3875,3.6875,4.75]},"faces":{"north":{"uv":[10,1,12,3],"texture":"#0"},"east":{"uv":[10,1,12,3],"texture":"#0"},"south":{"uv":[10,1,12,3],"texture":"#0"},"west":{"uv":[10,1,12,3],"texture":"#0"},"up":{"uv":[10,1,12,3],"texture":"#0"},"down":{"uv":[10,1,12,3],"texture":"#0"}}},{"from":[12.2225,11.73,3],"to":[16.6725,15.9175,13],"rotation":{"angle":-45,"axis":"z","origin":[13.9225,15.9175,5]},"faces":{"north":{"uv":[10,1,12,3],"texture":"#0"},"east":{"uv":[10,1,12,3],"texture":"#0"},"south":{"uv":[10,1,12,3],"texture":"#0"},"west":{"uv":[10,1,12,3],"texture":"#0"},"up":{"uv":[10,1,12,3],"texture":"#0"},"down":{"uv":[10,1,12,3],"texture":"#0"}}},{"from":[11.7125,8,2.5],"to":[16.2125,12.25,13.5],"rotation":{"angle":22.5,"axis":"z","origin":[11.7125,12.25,5]},"faces":{"north":{"uv":[10,1,12,3],"texture":"#0"},"east":{"uv":[10,1,12,3],"texture":"#0"},"south":{"uv":[10,1,12,3],"texture":"#0"},"west":{"uv":[10,1,12,3],"texture":"#0"},"up":{"uv":[10,1,12,3],"texture":"#0"},"down":{"uv":[10,1,12,3],"texture":"#0"}}},{"from":[12.9625,3,2],"to":[17.4625,10,14],"faces":{"north":{"uv":[10,1,12,3],"texture":"#0"},"east":{"uv":[10,1,12,3],"texture":"#0"},"south":{"uv":[10,1,12,3],"texture":"#0"},"west":{"uv":[10,1,12,3],"texture":"#0"},"up":{"uv":[10,1,12,3],"texture":"#0"},"down":{"uv":[10,1,12,3],"texture":"#0"}}},{"from":[14.3875,0.75,3.25],"to":[20.3375,3.75,12.75],"faces":{"north":{"uv":[10,1,12,3],"texture":"#0"},"east":{"uv":[10,1,12,3],"texture":"#0"},"south":{"uv":[10,1,12,3],"texture":"#0"},"west":{"uv":[10,1,12,3],"texture":"#0"},"up":{"uv":[10,1,12,3],"texture":"#0"},"down":{"uv":[10,1,12,3],"texture":"#0"}}},{"from":[19.4,1.25,4.75],"to":[24.15,3,6.8],"rotation":{"angle":22.5,"axis":"z","origin":[19.4,3,5.05]},"faces":{"north":{"uv":[10,1,12,3],"texture":"#0"},"east":{"uv":[10,1,12,3],"texture":"#0"},"south":{"uv":[10,1,12,3],"texture":"#0"},"west":{"uv":[10,1,12,3],"texture":"#0"},"up":{"uv":[10,1,12,3],"texture":"#0"},"down":{"uv":[10,1,12,3],"texture":"#0"}}},{"from":[19.4,1.25,9.3],"to":[24.15,3,11.35],"rotation":{"angle":22.5,"axis":"z","origin":[19.4,3,9.3]},"faces":{"north":{"uv":[10,1,12,3],"texture":"#0"},"east":{"uv":[10,1,12,3],"texture":"#0"},"south":{"uv":[10,1,12,3],"texture":"#0"},"west":{"uv":[10,1,12,3],"texture":"#0"},"up":{"uv":[10,1,12,3],"texture":"#0"},"down":{"uv":[10,1,12,3],"texture":"#0"}}},{"from":[18.9,0.75,7.05],"to":[23.65,2.5,8.95],"rotation":{"angle":45,"axis":"z","origin":[18.9,2.5,7.25]},"faces":{"north":{"uv":[10,1,12,3],"texture":"#0"},"east":{"uv":[10,1,12,3],"texture":"#0"},"south":{"uv":[10,1,12,3],"texture":"#0"},"west":{"uv":[10,1,12,3],"texture":"#0"},"up":{"uv":[10,1,12,3],"texture":"#0"},"down":{"uv":[10,1,12,3],"texture":"#0"}}},{"from":[6.5,13.6,12.2375],"to":[7.65,14.8,12.3],"rotation":{"angle":45,"axis":"x","origin":[5.9,13.6,12.3]},"faces":{"north":{"uv":[4.25,12.25,7.25,15.75],"texture":"#1","rotation":270},"south":{"uv":[7.25,12.25,4.25,15.75],"texture":"#1","rotation":90}}},{"from":[7.4,13.6,12.3375],"to":[8.55,14.7,12.4],"rotation":{"angle":22.5,"axis":"x","origin":[6.8,13.6,12.4]},"faces":{"north":{"uv":[0.25,12.25,3.5,15.5],"texture":"#1"},"south":{"uv":[3.5,12.25,0.25,15.5],"texture":"#1"}}},{"from":[6.3,13.6,12.2375],"to":[9.35,20,12.3],"rotation":{"angle":22.5,"axis":"x","origin":[6.8,13.6,12.3]},"faces":{"north":{"uv":[8.5,0.5,15.5,14],"texture":"#2"},"south":{"uv":[7.5,0.5,0.5,14],"texture":"#2"}}},{"from":[7.75,9,12.9],"to":[9.75,13,14.9],"faces":{"north":{"uv":[1,1,3,3],"texture":"#0"},"east":{"uv":[1,1,3,3],"texture":"#0"},"south":{"uv":[1,1,3,3],"texture":"#0"},"west":{"uv":[1,1,3,3],"texture":"#0"},"up":{"uv":[1,1,3,3],"texture":"#0"},"down":{"uv":[1,1,3,3],"texture":"#0"}}},{"from":[6.75,10,12.9],"to":[10.75,12,14.9],"faces":{"north":{"uv":[1,1,3,3],"texture":"#0"},"east":{"uv":[1,1,3,3],"texture":"#0"},"south":{"uv":[1,1,3,3],"texture":"#0"},"west":{"uv":[1,1,3,3],"texture":"#0"},"up":{"uv":[1,1,3,3],"texture":"#0"},"down":{"uv":[1,1,3,3],"texture":"#0"}}},{"from":[7.75,10,0.1],"to":[9.75,12,15.9],"faces":{"north":{"uv":[1,1,3,3],"texture":"#0"},"east":{"uv":[1,1,3,3],"texture":"#0"},"south":{"uv":[1,1,3,3],"texture":"#0"},"west":{"uv":[1,1,3,3],"texture":"#0"},"up":{"uv":[1,1,3,3],"texture":"#0"},"down":{"uv":[1,1,3,3],"texture":"#0"}}},{"from":[6.75,7.75,12.9],"to":[8.16,12,14.9],"rotation":{"angle":45,"axis":"z","origin":[6.75,12,12.9]},"faces":{"north":{"uv":[1,1,3,3],"texture":"#0"},"east":{"uv":[1,1,3,3],"texture":"#0"},"south":{"uv":[1,1,3,3],"texture":"#0"},"west":{"uv":[1,1,3,3],"texture":"#0"},"up":{"uv":[1,1,3,3],"texture":"#0"},"down":{"uv":[1,1,3,3],"texture":"#0"}}},{"from":[9.75,8.75,12.9],"to":[11.16,13,14.9],"rotation":{"angle":-45,"axis":"z","origin":[9.75,13,12.9]},"faces":{"north":{"uv":[1,1,3,3],"texture":"#0"},"east":{"uv":[1,1,3,3],"texture":"#0"},"south":{"uv":[1,1,3,3],"texture":"#0"},"west":{"uv":[1,1,3,3],"texture":"#0"},"up":{"uv":[1,1,3,3],"texture":"#0"},"down":{"uv":[1,1,3,3],"texture":"#0"}}},{"from":[7.75,7.75,11.9],"to":[9.75,12,13.31],"rotation":{"angle":-45,"axis":"x","origin":[7.75,12,11.9]},"faces":{"north":{"uv":[1,1,3,3],"texture":"#0"},"east":{"uv":[1,1,3,3],"texture":"#0"},"south":{"uv":[1,1,3,3],"texture":"#0"},"west":{"uv":[1,1,3,3],"texture":"#0"},"up":{"uv":[1,1,3,3],"texture":"#0"},"down":{"uv":[1,1,3,3],"texture":"#0"}}},{"from":[7.75,8.75,14.9],"to":[9.75,13,16.31],"rotation":{"angle":45,"axis":"x","origin":[7.75,13,14.9]},"faces":{"north":{"uv":[1,1,3,3],"texture":"#0"},"east":{"uv":[1,1,3,3],"texture":"#0"},"south":{"uv":[1,1,3,3],"texture":"#0"},"west":{"uv":[1,1,3,3],"texture":"#0"},"up":{"uv":[1,1,3,3],"texture":"#0"},"down":{"uv":[1,1,3,3],"texture":"#0"}}},{"from":[6.75,10,12.9],"to":[8.16,12,17.15],"rotation":{"angle":45,"axis":"y","origin":[6.75,10,12.9]},"faces":{"north":{"uv":[1,1,3,3],"texture":"#0"},"east":{"uv":[1,1,3,3],"texture":"#0"},"south":{"uv":[1,1,3,3],"texture":"#0"},"west":{"uv":[1,1,3,3],"texture":"#0"},"up":{"uv":[1,1,3,3],"texture":"#0"},"down":{"uv":[1,1,3,3],"texture":"#0"}}},{"from":[9.75,10,11.9],"to":[11.16,12,16.15],"rotation":{"angle":-45,"axis":"y","origin":[9.75,10,11.9]},"faces":{"north":{"uv":[1,1,3,3],"texture":"#0"},"east":{"uv":[1,1,3,3],"texture":"#0"},"south":{"uv":[1,1,3,3],"texture":"#0"},"west":{"uv":[1,1,3,3],"texture":"#0"},"up":{"uv":[1,1,3,3],"texture":"#0"},"down":{"uv":[1,1,3,3],"texture":"#0"}}},{"from":[7.95,8.75,15.3],"to":[9.6,10.4,16],"rotation":{"angle":45,"axis":"x","origin":[8,9.6,15.3]},"faces":{"north":{"uv":[1,1,3,3],"texture":"#0"},"east":{"uv":[1,1,3,3],"texture":"#0"},"south":{"uv":[1,1,3,3],"texture":"#0"},"west":{"uv":[1,1,3,3],"texture":"#0"},"up":{"uv":[1,1,3,3],"texture":"#0"},"down":{"uv":[1,1,3,3],"texture":"#0"}}},{"from":[8.45,9.25,15.8],"to":[9.2,10,17.4],"rotation":{"angle":45,"axis":"x","origin":[8,9.6,15.3]},"faces":{"north":{"uv":[1,1,3,3],"texture":"#0"},"east":{"uv":[1,1,3,3],"texture":"#0"},"south":{"uv":[1,1,3,3],"texture":"#0"},"west":{"uv":[1,1,3,3],"texture":"#0"},"up":{"uv":[1,1,3,3],"texture":"#0"},"down":{"uv":[1,1,3,3],"texture":"#0"}}},{"from":[8.85,3.85,17.4],"to":[8.9,15.25,27.6],"rotation":{"angle":45,"axis":"x","origin":[8,9.6,15.3]},"faces":{"east":{"uv":[0.25,0.25,10.5,9.5],"texture":"#1","rotation":270},"west":{"uv":[0.25,0.25,10.5,9.5],"texture":"#1","rotation":90}}},{"from":[4,14.25,8],"to":[9.75,16.5,8.0625],"rotation":{"angle":22.5,"axis":"z","origin":[4,16.5,8]},"faces":{"north":{"uv":[15.75,0.25,10.75,10],"texture":"#1","rotation":90},"south":{"uv":[10.75,0.25,15.75,10],"texture":"#1","rotation":270}}},{"from":[13.85,10.05,8],"to":[17,16.25,8.0625],"rotation":{"angle":22.5,"axis":"z","origin":[14.25,15.55,8]},"faces":{"north":{"uv":[15.75,0.25,10.75,10],"texture":"#1"},"south":{"uv":[10.75,0.25,15.75,10],"texture":"#1"}}},{"from":[14.25,9.55,5],"to":[17,15.55,5.0625],"rotation":{"angle":22.5,"axis":"z","origin":[14.25,15.55,5]},"faces":{"north":{"uv":[15.75,0.25,10.75,10],"texture":"#1"},"south":{"uv":[10.75,0.25,15.75,10],"texture":"#1"}}},{"from":[14.25,9.55,11],"to":[17,15.55,11.0625],"rotation":{"angle":22.5,"axis":"z","origin":[14.25,15.55,11]},"faces":{"north":{"uv":[15.75,0.25,10.75,10],"texture":"#1"},"south":{"uv":[10.75,0.25,15.75,10],"texture":"#1"}}},{"from":[15.4,-0.25,8],"to":[18.15,5.75,8.0625],"rotation":{"angle":45,"axis":"z","origin":[15.4,5.75,8]},"faces":{"north":{"uv":[15.75,0.25,10.75,10],"texture":"#1"},"south":{"uv":[10.75,0.25,15.75,10],"texture":"#1"}}},{"from":[5.1,7,5.8],"to":[6.1,8.5,10.2],"rotation":{"angle":22.5,"axis":"z","origin":[5.1,8.5,5]},"faces":{"north":{"uv":[1,1,3,3],"texture":"#0"},"east":{"uv":[1,1,3,3],"texture":"#0"},"south":{"uv":[1,1,3,3],"texture":"#0"},"west":{"uv":[1,1,3,3],"texture":"#0"},"up":{"uv":[1,1,3,3],"texture":"#0"},"down":{"uv":[1,1,3,3],"texture":"#0"}}},{"from":[4.45,11.85,2.465],"to":[6.95,13.65,6],"rotation":{"angle":-45,"axis":"y","origin":[4.45,12.55,6]},"faces":{"north":{"uv":[10,1,12,3],"texture":"#0"},"east":{"uv":[10,1,12,3],"texture":"#0"},"south":{"uv":[10,1,12,3],"texture":"#0"},"west":{"uv":[10,1,12,3],"texture":"#0"},"up":{"uv":[10,1,12,3],"texture":"#0"},"down":{"uv":[10,1,12,3],"texture":"#0"}}},{"from":[6.85,-0.803,14],"to":[12,-0.45,14.3],"rotation":{"angle":45,"axis":"x","origin":[6.85,-0.45,14.3]},"faces":{"north":{"uv":[1,1,3,3],"texture":"#0"},"east":{"uv":[1,1,3,3],"texture":"#0"},"south":{"uv":[1,1,3,3],"texture":"#0"},"west":{"uv":[1,1,3,3],"texture":"#0"},"up":{"uv":[1,1,3,3],"texture":"#0"},"down":{"uv":[1,1,3,3],"texture":"#0"}}},{"from":[6.6,-0.803,11.05],"to":[6.85,-0.45,14.05],"rotation":{"angle":45,"axis":"z","origin":[6.6,-0.45,12.55]},"faces":{"north":{"uv":[1,1,3,3],"texture":"#0"},"east":{"uv":[1,1,3,3],"texture":"#0"},"south":{"uv":[1,1,3,3],"texture":"#0"},"west":{"uv":[1,1,3,3],"texture":"#0"},"up":{"uv":[1,1,3,3],"texture":"#0"},"down":{"uv":[1,1,3,3],"texture":"#0"}}},{"from":[12,-0.803,11.05],"to":[12.25,-0.45,14.05],"rotation":{"angle":-45,"axis":"z","origin":[12.25,-0.45,12.55]},"faces":{"north":{"uv":[1,1,3,3],"texture":"#0"},"east":{"uv":[1,1,3,3],"texture":"#0"},"south":{"uv":[1,1,3,3],"texture":"#0"},"west":{"uv":[1,1,3,3],"texture":"#0"},"up":{"uv":[1,1,3,3],"texture":"#0"},"down":{"uv":[1,1,3,3],"texture":"#0"}}},{"from":[6.85,-0.803,10.8],"to":[12,-0.45,11.1],"rotation":{"angle":-45,"axis":"x","origin":[6.85,-0.45,10.8]},"faces":{"north":{"uv":[1,1,3,3],"texture":"#0"},"east":{"uv":[1,1,3,3],"texture":"#0"},"south":{"uv":[1,1,3,3],"texture":"#0"},"west":{"uv":[1,1,3,3],"texture":"#0"},"up":{"uv":[1,1,3,3],"texture":"#0"},"down":{"uv":[1,1,3,3],"texture":"#0"}}},{"from":[4.4,11.65,6],"to":[4.5,13.15,7],"faces":{"west":{"uv":[7,1,0.5,11],"texture":"#3"}}},{"from":[4.4,11.65,4.5],"to":[4.5,13.15,6],"rotation":{"angle":-45,"axis":"y","origin":[4.4,12.4,6]},"faces":{"west":{"uv":[15.5,1,7,11],"texture":"#3"}}},{"from":[8.85,3.85,-11.6],"to":[8.9,15.25,-1.4],"rotation":{"angle":-45,"axis":"x","origin":[8,9.6,0.7]},"faces":{"east":{"uv":[10.5,0.25,0.25,9.5],"texture":"#1","rotation":90},"west":{"uv":[10.5,0.25,0.25,9.5],"texture":"#1","rotation":270}}},{"from":[7.75,9,1.1],"to":[9.75,13,3.1],"faces":{"north":{"uv":[1,1,3,3],"texture":"#0"},"east":{"uv":[1,1,3,3],"texture":"#0"},"south":{"uv":[1,1,3,3],"texture":"#0"},"west":{"uv":[1,1,3,3],"texture":"#0"},"up":{"uv":[1,1,3,3],"texture":"#0"},"down":{"uv":[1,1,3,3],"texture":"#0"}}},{"from":[7.75,8.75,-0.31],"to":[9.75,13,1.1],"rotation":{"angle":-45,"axis":"x","origin":[7.75,13,1.1]},"faces":{"north":{"uv":[1,1,3,3],"texture":"#0"},"east":{"uv":[1,1,3,3],"texture":"#0"},"south":{"uv":[1,1,3,3],"texture":"#0"},"west":{"uv":[1,1,3,3],"texture":"#0"},"up":{"uv":[1,1,3,3],"texture":"#0"},"down":{"uv":[1,1,3,3],"texture":"#0"}}},{"from":[6.75,7.75,1.1],"to":[8.16,12,3.1],"rotation":{"angle":45,"axis":"z","origin":[6.75,12,3.1]},"faces":{"north":{"uv":[1,1,3,3],"texture":"#0"},"east":{"uv":[1,1,3,3],"texture":"#0"},"south":{"uv":[1,1,3,3],"texture":"#0"},"west":{"uv":[1,1,3,3],"texture":"#0"},"up":{"uv":[1,1,3,3],"texture":"#0"},"down":{"uv":[1,1,3,3],"texture":"#0"}}},{"from":[9.75,10,-0.15],"to":[11.16,12,4.1],"rotation":{"angle":45,"axis":"y","origin":[9.75,10,4.1]},"faces":{"north":{"uv":[1,1,3,3],"texture":"#0"},"east":{"uv":[1,1,3,3],"texture":"#0"},"south":{"uv":[1,1,3,3],"texture":"#0"},"west":{"uv":[1,1,3,3],"texture":"#0"},"up":{"uv":[1,1,3,3],"texture":"#0"},"down":{"uv":[1,1,3,3],"texture":"#0"}}},{"from":[6.75,10,1.1],"to":[10.75,12,3.1],"faces":{"north":{"uv":[1,1,3,3],"texture":"#0"},"east":{"uv":[1,1,3,3],"texture":"#0"},"south":{"uv":[1,1,3,3],"texture":"#0"},"west":{"uv":[1,1,3,3],"texture":"#0"},"up":{"uv":[1,1,3,3],"texture":"#0"},"down":{"uv":[1,1,3,3],"texture":"#0"}}},{"from":[9.75,8.75,1.1],"to":[11.16,13,3.1],"rotation":{"angle":-45,"axis":"z","origin":[9.75,13,3.1]},"faces":{"north":{"uv":[1,1,3,3],"texture":"#0"},"east":{"uv":[1,1,3,3],"texture":"#0"},"south":{"uv":[1,1,3,3],"texture":"#0"},"west":{"uv":[1,1,3,3],"texture":"#0"},"up":{"uv":[1,1,3,3],"texture":"#0"},"down":{"uv":[1,1,3,3],"texture":"#0"}}},{"from":[7.95,8.75,0],"to":[9.6,10.4,0.7],"rotation":{"angle":-45,"axis":"x","origin":[8,9.6,0.7]},"faces":{"north":{"uv":[1,1,3,3],"texture":"#0"},"east":{"uv":[1,1,3,3],"texture":"#0"},"south":{"uv":[1,1,3,3],"texture":"#0"},"west":{"uv":[1,1,3,3],"texture":"#0"},"up":{"uv":[1,1,3,3],"texture":"#0"},"down":{"uv":[1,1,3,3],"texture":"#0"}}},{"from":[8.45,9.25,-1.4],"to":[9.2,10,0.2],"rotation":{"angle":-45,"axis":"x","origin":[8,9.6,0.7]},"faces":{"north":{"uv":[1,1,3,3],"texture":"#0"},"east":{"uv":[1,1,3,3],"texture":"#0"},"south":{"uv":[1,1,3,3],"texture":"#0"},"west":{"uv":[1,1,3,3],"texture":"#0"},"up":{"uv":[1,1,3,3],"texture":"#0"},"down":{"uv":[1,1,3,3],"texture":"#0"}}},{"from":[6.75,10,-1.15],"to":[8.16,12,3.1],"rotation":{"angle":-45,"axis":"y","origin":[6.75,10,3.1]},"faces":{"north":{"uv":[1,1,3,3],"texture":"#0"},"east":{"uv":[1,1,3,3],"texture":"#0"},"south":{"uv":[1,1,3,3],"texture":"#0"},"west":{"uv":[1,1,3,3],"texture":"#0"},"up":{"uv":[1,1,3,3],"texture":"#0"},"down":{"uv":[1,1,3,3],"texture":"#0"}}},{"from":[7.75,7.75,2.69],"to":[9.75,12,4.1],"rotation":{"angle":45,"axis":"x","origin":[7.75,12,4.1]},"faces":{"north":{"uv":[1,1,3,3],"texture":"#0"},"east":{"uv":[1,1,3,3],"texture":"#0"},"south":{"uv":[1,1,3,3],"texture":"#0"},"west":{"uv":[1,1,3,3],"texture":"#0"},"up":{"uv":[1,1,3,3],"texture":"#0"},"down":{"uv":[1,1,3,3],"texture":"#0"}}},{"from":[7.45,1,2.7],"to":[8.45,3.5,4.2],"rotation":{"angle":45,"axis":"z","origin":[7.45,3.5,4.5]},"faces":{"north":{"uv":[1,1,3,3],"texture":"#0"},"east":{"uv":[1,1,3,3],"texture":"#0"},"south":{"uv":[1,1,3,3],"texture":"#0"},"west":{"uv":[1,1,3,3],"texture":"#0"},"up":{"uv":[1,1,3,3],"texture":"#0"},"down":{"uv":[1,1,3,3],"texture":"#0"}}},{"from":[9.05,1.7,1.8],"to":[10.95,3,3.3],"rotation":{"angle":-45,"axis":"x","origin":[10,3,1.8]},"faces":{"north":{"uv":[1,1,3,3],"texture":"#0"},"east":{"uv":[1,1,3,3],"texture":"#0"},"south":{"uv":[1,1,3,3],"texture":"#0"},"west":{"uv":[1,1,3,3],"texture":"#0"},"up":{"uv":[1,1,3,3],"texture":"#0"},"down":{"uv":[1,1,3,3],"texture":"#0"}}},{"from":[10.7,1.5,2.7],"to":[11.7,4,4.2],"rotation":{"angle":-22.5,"axis":"z","origin":[10.7,4,4.5]},"faces":{"north":{"uv":[1,1,3,3],"texture":"#0"},"east":{"uv":[1,1,3,3],"texture":"#0"},"south":{"uv":[1,1,3,3],"texture":"#0"},"west":{"uv":[1,1,3,3],"texture":"#0"},"up":{"uv":[1,1,3,3],"texture":"#0"},"down":{"uv":[1,1,3,3],"texture":"#0"}}},{"from":[9.25,0.5,2.7],"to":[10.85,3,4.2],"faces":{"north":{"uv":[1,1,3,3],"texture":"#0"},"east":{"uv":[1,1,3,3],"texture":"#0"},"south":{"uv":[1,1,3,3],"texture":"#0"},"west":{"uv":[1,1,3,3],"texture":"#0"},"up":{"uv":[1,1,3,3],"texture":"#0"},"down":{"uv":[1,1,3,3],"texture":"#0"}}},{"from":[9.25,-0.3,2.2],"to":[10.85,1,3.5],"rotation":{"angle":-45,"axis":"x","origin":[10.05,0.35,2.75]},"faces":{"north":{"uv":[1,1,3,3],"texture":"#0"},"east":{"uv":[1,1,3,3],"texture":"#0"},"south":{"uv":[1,1,3,3],"texture":"#0"},"west":{"uv":[1,1,3,3],"texture":"#0"},"up":{"uv":[1,1,3,3],"texture":"#0"},"down":{"uv":[1,1,3,3],"texture":"#0"}}},{"from":[10.25,0,2.7],"to":[11.35,1.1,4.2],"rotation":{"angle":-45,"axis":"z","origin":[10.8,0.55,3.45]},"faces":{"north":{"uv":[1,1,3,3],"texture":"#0"},"east":{"uv":[1,1,3,3],"texture":"#0"},"south":{"uv":[1,1,3,3],"texture":"#0"},"west":{"uv":[1,1,3,3],"texture":"#0"},"up":{"uv":[1,1,3,3],"texture":"#0"},"down":{"uv":[1,1,3,3],"texture":"#0"}}},{"from":[8.75,0,2.7],"to":[9.85,1.1,4.2],"rotation":{"angle":-45,"axis":"z","origin":[9.3,0.55,3.45]},"faces":{"north":{"uv":[1,1,3,3],"texture":"#0"},"east":{"uv":[1,1,3,3],"texture":"#0"},"south":{"uv":[1,1,3,3],"texture":"#0"},"west":{"uv":[1,1,3,3],"texture":"#0"},"up":{"uv":[1,1,3,3],"texture":"#0"},"down":{"uv":[1,1,3,3],"texture":"#0"}}},{"from":[9.5,-2.6,1.9],"to":[10.6,-0.7,5],"faces":{"north":{"uv":[1,1,3,3],"texture":"#0"},"east":{"uv":[1,1,3,3],"texture":"#0"},"south":{"uv":[1,1,3,3],"texture":"#0"},"west":{"uv":[1,1,3,3],"texture":"#0"},"up":{"uv":[1,1,3,3],"texture":"#0"},"down":{"uv":[1,1,3,3],"texture":"#0"}}},{"from":[9.4,-1.4,1.9],"to":[10.6,0,5],"rotation":{"angle":45,"axis":"z","origin":[9.9,-0.7,2.5]},"faces":{"north":{"uv":[1,1,3,3],"texture":"#0"},"east":{"uv":[1,1,3,3],"texture":"#0"},"south":{"uv":[1,1,3,3],"texture":"#0"},"west":{"uv":[1,1,3,3],"texture":"#0"},"up":{"uv":[1,1,3,3],"texture":"#0"},"down":{"uv":[1,1,3,3],"texture":"#0"}}},{"from":[9.25,-0.3,3.6],"to":[10.85,1,4.8],"rotation":{"angle":-45,"axis":"x","origin":[10.05,0.35,4.15]},"faces":{"north":{"uv":[1,1,3,3],"texture":"#0"},"east":{"uv":[1,1,3,3],"texture":"#0"},"south":{"uv":[1,1,3,3],"texture":"#0"},"west":{"uv":[1,1,3,3],"texture":"#0"},"up":{"uv":[1,1,3,3],"texture":"#0"},"down":{"uv":[1,1,3,3],"texture":"#0"}}},{"from":[9.05,1.55,3.7],"to":[10.95,3,5.2],"rotation":{"angle":45,"axis":"x","origin":[10,3,5.2]},"faces":{"north":{"uv":[1,1,3,3],"texture":"#0"},"east":{"uv":[1,1,3,3],"texture":"#0"},"south":{"uv":[1,1,3,3],"texture":"#0"},"west":{"uv":[1,1,3,3],"texture":"#0"},"up":{"uv":[1,1,3,3],"texture":"#0"},"down":{"uv":[1,1,3,3],"texture":"#0"}}},{"from":[7.9,3.7175,3.58],"to":[11.4,4.7175,4.99],"rotation":{"angle":-45,"axis":"x","origin":[7.9,4.7175,4.99]},"faces":{"north":{"uv":[1,1,3,3],"texture":"#0"},"east":{"uv":[1,1,3,3],"texture":"#0"},"south":{"uv":[1,1,3,3],"texture":"#0"},"west":{"uv":[1,1,3,3],"texture":"#0"},"up":{"uv":[1,1,3,3],"texture":"#0"},"down":{"uv":[1,1,3,3],"texture":"#0"}}},{"from":[11.4,2.13,1.8],"to":[12.81,8.5,4.7],"rotation":{"angle":-45,"axis":"z","origin":[11.4,8.5,4.8]},"faces":{"north":{"uv":[1,1,3,3],"texture":"#0"},"east":{"uv":[1,1,3,3],"texture":"#0"},"south":{"uv":[1,1,3,3],"texture":"#0"},"west":{"uv":[1,1,3,3],"texture":"#0"},"up":{"uv":[1,1,3,3],"texture":"#0"},"down":{"uv":[1,1,3,3],"texture":"#0"}}},{"from":[6.9,1.13,1.8],"to":[8.31,7.5,4.7],"rotation":{"angle":45,"axis":"z","origin":[6.9,7.5,4.8]},"faces":{"north":{"uv":[1,1,3,3],"texture":"#0"},"east":{"uv":[1,1,3,3],"texture":"#0"},"south":{"uv":[1,1,3,3],"texture":"#0"},"west":{"uv":[1,1,3,3],"texture":"#0"},"up":{"uv":[1,1,3,3],"texture":"#0"},"down":{"uv":[1,1,3,3],"texture":"#0"}}},{"from":[7.6075,4,1.5075],"to":[9.0175,7.5,2.5075],"rotation":{"angle":45,"axis":"y","origin":[7.6075,4,2.5075]},"faces":{"north":{"uv":[1,1,3,3],"texture":"#0"},"east":{"uv":[1,1,3,3],"texture":"#0"},"south":{"uv":[1,1,3,3],"texture":"#0"},"west":{"uv":[1,1,3,3],"texture":"#0"},"up":{"uv":[1,1,3,3],"texture":"#0"},"down":{"uv":[1,1,3,3],"texture":"#0"}}},{"from":[7.9,7.5,0.39],"to":[11.4,8.5,1.8],"rotation":{"angle":-45,"axis":"x","origin":[7.9,8.5,1.8]},"faces":{"north":{"uv":[1,1,3,3],"texture":"#0"},"east":{"uv":[1,1,3,3],"texture":"#0"},"south":{"uv":[1,1,3,3],"texture":"#0"},"west":{"uv":[1,1,3,3],"texture":"#0"},"up":{"uv":[1,1,3,3],"texture":"#0"},"down":{"uv":[1,1,3,3],"texture":"#0"}}},{"from":[7.9,3,1.8],"to":[11.4,8.5,4.7],"faces":{"north":{"uv":[1,1,3,3],"texture":"#0"},"east":{"uv":[1,1,3,3],"texture":"#0"},"south":{"uv":[1,1,3,3],"texture":"#0"},"west":{"uv":[1,1,3,3],"texture":"#0"},"up":{"uv":[1,1,3,3],"texture":"#0"},"down":{"uv":[1,1,3,3],"texture":"#0"}}},{"from":[7.9,2.7075,1.0975],"to":[11.4,3.7075,2.5075],"rotation":{"angle":45,"axis":"x","origin":[7.9,3.7075,2.5075]},"faces":{"north":{"uv":[1,1,3,3],"texture":"#0"},"east":{"uv":[1,1,3,3],"texture":"#0"},"south":{"uv":[1,1,3,3],"texture":"#0"},"west":{"uv":[1,1,3,3],"texture":"#0"},"up":{"uv":[1,1,3,3],"texture":"#0"},"down":{"uv":[1,1,3,3],"texture":"#0"}}},{"from":[10.6925,4,0.5075],"to":[12.1025,7.5,1.5075],"rotation":{"angle":-45,"axis":"y","origin":[10.6925,4,1.5075]},"faces":{"north":{"uv":[1,1,3,3],"texture":"#0"},"east":{"uv":[1,1,3,3],"texture":"#0"},"south":{"uv":[1,1,3,3],"texture":"#0"},"west":{"uv":[1,1,3,3],"texture":"#0"},"up":{"uv":[1,1,3,3],"texture":"#0"},"down":{"uv":[1,1,3,3],"texture":"#0"}}},{"from":[6.85,-0.7,1.95],"to":[12,0.55,4.95],"faces":{"north":{"uv":[1,1,3,3],"texture":"#0"},"east":{"uv":[1,1,3,3],"texture":"#0"},"south":{"uv":[1,1,3,3],"texture":"#0"},"west":{"uv":[1,1,3,3],"texture":"#0"},"up":{"uv":[1,1,3,3],"texture":"#0"},"down":{"uv":[1,1,3,3],"texture":"#0"}}},{"from":[6.6,0.3,1.95],"to":[6.85,0.653,4.95],"rotation":{"angle":-45,"axis":"z","origin":[6.6,0.3,3.45]},"faces":{"north":{"uv":[1,1,3,3],"texture":"#0"},"east":{"uv":[1,1,3,3],"texture":"#0"},"south":{"uv":[1,1,3,3],"texture":"#0"},"west":{"uv":[1,1,3,3],"texture":"#0"},"up":{"uv":[1,1,3,3],"texture":"#0"},"down":{"uv":[1,1,3,3],"texture":"#0"}}},{"from":[6.85,0.3,1.7],"to":[12,0.653,2],"rotation":{"angle":45,"axis":"x","origin":[6.85,0.3,1.7]},"faces":{"north":{"uv":[1,1,3,3],"texture":"#0"},"east":{"uv":[1,1,3,3],"texture":"#0"},"south":{"uv":[1,1,3,3],"texture":"#0"},"west":{"uv":[1,1,3,3],"texture":"#0"},"up":{"uv":[1,1,3,3],"texture":"#0"},"down":{"uv":[1,1,3,3],"texture":"#0"}}},{"from":[6.85,-0.45,1.7],"to":[12,0.3,5.2],"faces":{"north":{"uv":[1,1,3,3],"texture":"#0"},"east":{"uv":[1,1,3,3],"texture":"#0"},"south":{"uv":[1,1,3,3],"texture":"#0"},"west":{"uv":[1,1,3,3],"texture":"#0"},"up":{"uv":[1,1,3,3],"texture":"#0"},"down":{"uv":[1,1,3,3],"texture":"#0"}}},{"from":[6.955,-0.45,1.805],"to":[7.305,0.3,2.305],"rotation":{"angle":45,"axis":"y","origin":[6.955,-0.7,2.305]},"faces":{"north":{"uv":[1,1,3,3],"texture":"#0"},"east":{"uv":[1,1,3,3],"texture":"#0"},"south":{"uv":[1,1,3,3],"texture":"#0"},"west":{"uv":[1,1,3,3],"texture":"#0"},"up":{"uv":[1,1,3,3],"texture":"#0"},"down":{"uv":[1,1,3,3],"texture":"#0"}}},{"from":[6.6,-0.45,1.95],"to":[12.25,0.3,4.95],"faces":{"north":{"uv":[1,1,3,3],"texture":"#0"},"east":{"uv":[1,1,3,3],"texture":"#0"},"south":{"uv":[1,1,3,3],"texture":"#0"},"west":{"uv":[1,1,3,3],"texture":"#0"},"up":{"uv":[1,1,3,3],"texture":"#0"},"down":{"uv":[1,1,3,3],"texture":"#0"}}},{"from":[6.85,-0.803,1.7],"to":[12,-0.45,2],"rotation":{"angle":-45,"axis":"x","origin":[6.85,-0.45,1.7]},"faces":{"north":{"uv":[1,1,3,3],"texture":"#0"},"east":{"uv":[1,1,3,3],"texture":"#0"},"south":{"uv":[1,1,3,3],"texture":"#0"},"west":{"uv":[1,1,3,3],"texture":"#0"},"up":{"uv":[1,1,3,3],"texture":"#0"},"down":{"uv":[1,1,3,3],"texture":"#0"}}},{"from":[6.6,-0.803,1.95],"to":[6.85,-0.45,4.95],"rotation":{"angle":45,"axis":"z","origin":[6.6,-0.45,3.45]},"faces":{"north":{"uv":[1,1,3,3],"texture":"#0"},"east":{"uv":[1,1,3,3],"texture":"#0"},"south":{"uv":[1,1,3,3],"texture":"#0"},"west":{"uv":[1,1,3,3],"texture":"#0"},"up":{"uv":[1,1,3,3],"texture":"#0"},"down":{"uv":[1,1,3,3],"texture":"#0"}}},{"from":[6.85,-0.803,4.9],"to":[12,-0.45,5.2],"rotation":{"angle":45,"axis":"x","origin":[6.85,-0.45,5.2]},"faces":{"north":{"uv":[1,1,3,3],"texture":"#0"},"east":{"uv":[1,1,3,3],"texture":"#0"},"south":{"uv":[1,1,3,3],"texture":"#0"},"west":{"uv":[1,1,3,3],"texture":"#0"},"up":{"uv":[1,1,3,3],"texture":"#0"},"down":{"uv":[1,1,3,3],"texture":"#0"}}},{"from":[6.6,-0.45,4.45],"to":[6.95,0.3,4.95],"rotation":{"angle":-45,"axis":"y","origin":[6.6,-0.7,4.95]},"faces":{"north":{"uv":[1,1,3,3],"texture":"#0"},"east":{"uv":[1,1,3,3],"texture":"#0"},"south":{"uv":[1,1,3,3],"texture":"#0"},"west":{"uv":[1,1,3,3],"texture":"#0"},"up":{"uv":[1,1,3,3],"texture":"#0"},"down":{"uv":[1,1,3,3],"texture":"#0"}}},{"from":[6.85,0.3,4.9],"to":[12,0.653,5.2],"rotation":{"angle":-45,"axis":"x","origin":[6.85,0.3,5.2]},"faces":{"north":{"uv":[1,1,3,3],"texture":"#0"},"east":{"uv":[1,1,3,3],"texture":"#0"},"south":{"uv":[1,1,3,3],"texture":"#0"},"west":{"uv":[1,1,3,3],"texture":"#0"},"up":{"uv":[1,1,3,3],"texture":"#0"},"down":{"uv":[1,1,3,3],"texture":"#0"}}},{"from":[12,-0.45,4.7],"to":[12.35,0.3,5.2],"rotation":{"angle":45,"axis":"y","origin":[12,-0.7,5.2]},"faces":{"north":{"uv":[1,1,3,3],"texture":"#0"},"east":{"uv":[1,1,3,3],"texture":"#0"},"south":{"uv":[1,1,3,3],"texture":"#0"},"west":{"uv":[1,1,3,3],"texture":"#0"},"up":{"uv":[1,1,3,3],"texture":"#0"},"down":{"uv":[1,1,3,3],"texture":"#0"}}},{"from":[12,0.3,1.95],"to":[12.25,0.653,4.95],"rotation":{"angle":45,"axis":"z","origin":[12.25,0.3,3.45]},"faces":{"north":{"uv":[1,1,3,3],"texture":"#0"},"east":{"uv":[1,1,3,3],"texture":"#0"},"south":{"uv":[1,1,3,3],"texture":"#0"},"west":{"uv":[1,1,3,3],"texture":"#0"},"up":{"uv":[1,1,3,3],"texture":"#0"},"down":{"uv":[1,1,3,3],"texture":"#0"}}},{"from":[12,-0.803,1.95],"to":[12.25,-0.45,4.95],"rotation":{"angle":-45,"axis":"z","origin":[12.25,-0.45,3.45]},"faces":{"north":{"uv":[1,1,3,3],"texture":"#0"},"east":{"uv":[1,1,3,3],"texture":"#0"},"south":{"uv":[1,1,3,3],"texture":"#0"},"west":{"uv":[1,1,3,3],"texture":"#0"},"up":{"uv":[1,1,3,3],"texture":"#0"},"down":{"uv":[1,1,3,3],"texture":"#0"}}},{"from":[11.645,-0.45,1.555],"to":[11.995,0.3,2.055],"rotation":{"angle":-45,"axis":"y","origin":[11.645,-0.7,2.055]},"faces":{"north":{"uv":[1,1,3,3],"texture":"#0"},"east":{"uv":[1,1,3,3],"texture":"#0"},"south":{"uv":[1,1,3,3],"texture":"#0"},"west":{"uv":[1,1,3,3],"texture":"#0"},"up":{"uv":[1,1,3,3],"texture":"#0"},"down":{"uv":[1,1,3,3],"texture":"#0"}}},{"from":[5,10.3,3.238],"to":[6.6,11.9,5.8],"rotation":{"angle":-45,"axis":"y","origin":[5,11.65,5.8]},"faces":{"north":{"uv":[1,1,3,3],"texture":"#0"},"east":{"uv":[1,1,3,3],"texture":"#0"},"south":{"uv":[1,1,3,3],"texture":"#0"},"west":{"uv":[1,1,3,3],"texture":"#0"},"up":{"uv":[1,1,3,3],"texture":"#0"},"down":{"uv":[1,1,3,3],"texture":"#0"}}},{"from":[5.3,9.1,3.538],"to":[6.5,10.4,4.5],"rotation":{"angle":-45,"axis":"y","origin":[5.3,7.15,5.8]},"faces":{"north":{"uv":[1,1,3,3],"texture":"#0"},"east":{"uv":[1,1,3,3],"texture":"#0"},"south":{"uv":[1,1,3,3],"texture":"#0"},"west":{"uv":[1,1,3,3],"texture":"#0"},"up":{"uv":[1,1,3,3],"texture":"#0"},"down":{"uv":[1,1,3,3],"texture":"#0"}}},{"from":[5.5,9.1,4.7],"to":[6,10.35,6],"rotation":{"angle":-45,"axis":"y","origin":[5.5,9.725,6]},"faces":{"west":{"uv":[1,8.75,2,15.25],"texture":"#0"}}},{"from":[5.3,3.8,3.538],"to":[6.9,9.1,5.8],"rotation":{"angle":-45,"axis":"y","origin":[5.3,7.15,5.8]},"faces":{"north":{"uv":[1,1,3,3],"texture":"#0"},"east":{"uv":[1,1,3,3],"texture":"#0"},"south":{"uv":[1,1,3,3],"texture":"#0"},"west":{"uv":[1,1,3,3],"texture":"#0"},"up":{"uv":[1,1,3,3],"texture":"#0"},"down":{"uv":[1,1,3,3],"texture":"#0"}}},{"from":[4.45,8.55,6],"to":[4.55,11.85,7.3],"faces":{"east":{"uv":[15.75,0.25,10.75,3],"texture":"#1","rotation":270},"west":{"uv":[15.75,3,10.75,0.25],"texture":"#1","rotation":270}}},{"from":[4.45,8.55,2.465],"to":[4.55,11.85,6],"rotation":{"angle":-45,"axis":"y","origin":[4.45,10.65,6]},"faces":{"east":{"uv":[15.75,3,10.75,8.25],"texture":"#1","rotation":270},"west":{"uv":[15.75,8.25,10.75,3],"texture":"#1","rotation":270}}},{"from":[6.5,13.6,3.7],"to":[7.65,14.8,3.7625],"rotation":{"angle":-45,"axis":"x","origin":[5.9,13.6,3.7]},"faces":{"north":{"uv":[4.25,12.25,7.25,15.75],"texture":"#1","rotation":270},"south":{"uv":[7.25,12.25,4.25,15.75],"texture":"#1","rotation":90}}},{"from":[7.4,13.6,3.6],"to":[8.55,14.7,3.6625],"rotation":{"angle":-22.5,"axis":"x","origin":[6.8,13.6,3.6]},"faces":{"north":{"uv":[0.25,12.25,3.5,15.5],"texture":"#1"},"south":{"uv":[3.5,12.25,0.25,15.5],"texture":"#1"}}},{"from":[6.3,13.6,3.7],"to":[9.35,20,3.7625],"rotation":{"angle":-22.5,"axis":"x","origin":[6.8,13.6,3.7]},"faces":{"north":{"uv":[0.5,0.5,7.5,14],"texture":"#2"},"south":{"uv":[15.5,0.5,8.5,14],"texture":"#2"}}}],"display":{"thirdperson_righthand":{"scale":[0,0,0]},"thirdperson_lefthand":{"scale":[0,0,0]},"firstperson_righthand":{"scale":[0,0,0]},"firstperson_lefthand":{"scale":[0,0,0]},"gui":{"rotation":[30,50,0],"translation":[-0.5,-0.5,0],"scale":[0.65,0.65,0.65]},"head":{"rotation":[0,-90,0],"translation":[0,-22,-4.5],"scale":[2,2,2]}}}