{"credit":"Made by MadstonMagic using Cubik Pro, Copyright © MadstonMagic Modeling 2015-2017. All rights reserved","textures":{"texture":"pokemon_skins/regular/swellow/swellow","swellow_details2":"pokemon_skins/regular/swellow/swellow_details2","tail":"pokemon_skins/regular/swellow/tail","wing1":"pokemon_skins/regular/swellow/wing1","wing2":"pokemon_skins/regular/swellow/wing2","wing3":"pokemon_skins/regular/swellow/wing3","wing4":"pokemon_skins/regular/swellow/wing4","particle":"pokemon_skins/regular/swellow/swellow_details"},"elements":[{"name":"cube","from":[2.25,9.25,7.25],"to":[4.25,12.25,9.75],"faces":{"north":{"uv":[1.5,9,5,11.5],"texture":"#texture"},"east":{"uv":[1.5,8.5,4.5,11],"texture":"#texture"},"south":{"uv":[1.5,8,5,10.5],"texture":"#texture"},"west":{"uv":[2,8,5,10.5],"texture":"#texture"},"up":{"uv":[1,8,4.5,11],"texture":"#texture"},"down":{"uv":[1,8,4.5,11],"texture":"#texture"}}},{"name":"cube","from":[2.25,9.75,7.25],"to":[4.75,11.75,9.75],"faces":{"north":{"uv":[1.5,9,5,11.5],"texture":"#texture"},"east":{"uv":[1.5,8.5,4.5,11],"texture":"#texture"},"south":{"uv":[1.5,8,5,10.5],"texture":"#texture"},"west":{"uv":[2,8,5,10.5],"texture":"#texture"},"up":{"uv":[1,8,4.5,11],"texture":"#texture"},"down":{"uv":[1,8,4.5,11],"texture":"#texture"}}},{"name":"cube","from":[2.25,9.75,6.75],"to":[4.25,11.75,10.25],"faces":{"north":{"uv":[1.5,9,5,11.5],"texture":"#texture"},"east":{"uv":[1.5,8.5,4.5,11],"texture":"#texture"},"south":{"uv":[1.5,8,5,10.5],"texture":"#texture"},"west":{"uv":[2,8,5,10.5],"texture":"#texture"},"up":{"uv":[1,8,4.5,11],"texture":"#texture"},"down":{"uv":[1,8,4.5,11],"texture":"#texture"}}},{"name":"cube","from":[1.5,11,6.75],"to":[4.25,11.75,7.4375],"rotation":{"angle":-45,"axis":"x","origin":[1.5,11.75,6.75]},"faces":{"north":{"uv":[1.5,9,5,11.5],"texture":"#texture"},"east":{"uv":[1.5,8.5,4.5,11],"texture":"#texture"},"south":{"uv":[1.5,8,5,10.5],"texture":"#texture"},"west":{"uv":[2,8,5,10.5],"texture":"#texture"},"up":{"uv":[1,8,4.5,11],"texture":"#texture"},"down":{"uv":[1,8,4.5,11],"texture":"#texture"}}},{"name":"cube","from":[1.5,11.5,9.75],"to":[4.25,12.25,10.4375],"rotation":{"angle":45,"axis":"x","origin":[1.5,12.25,9.75]},"faces":{"north":{"uv":[1.5,9,5,11.5],"texture":"#texture"},"east":{"uv":[1.5,8.5,4.5,11],"texture":"#texture"},"south":{"uv":[1.5,8,5,10.5],"texture":"#texture"},"west":{"uv":[2,8,5,10.5],"texture":"#texture"},"up":{"uv":[1,8,4.5,11],"texture":"#texture"},"down":{"uv":[1,8,4.5,11],"texture":"#texture"}}},{"name":"cube","from":[2.25,9.52,7.2825],"to":[4.25,10.27,7.97],"rotation":{"angle":45,"axis":"x","origin":[2.25,10.27,7.2825]},"faces":{"north":{"uv":[1.5,9,5,11.5],"texture":"#texture"},"east":{"uv":[1.5,8.5,4.5,11],"texture":"#texture"},"south":{"uv":[1.5,8,5,10.5],"texture":"#texture"},"west":{"uv":[2,8,5,10.5],"texture":"#texture"},"up":{"uv":[1,8,4.5,11],"texture":"#texture"},"down":{"uv":[1,8,4.5,11],"texture":"#texture"}}},{"name":"cube","from":[2.25,9.0425,9.23],"to":[4.25,9.7925,9.9175],"rotation":{"angle":-45,"axis":"x","origin":[2.25,9.7925,9.23]},"faces":{"north":{"uv":[1.5,9,5,11.5],"texture":"#texture"},"east":{"uv":[1.5,8.5,4.5,11],"texture":"#texture"},"south":{"uv":[1.5,8,5,10.5],"texture":"#texture"},"west":{"uv":[2,8,5,10.5],"texture":"#texture"},"up":{"uv":[1,8,4.5,11],"texture":"#texture"},"down":{"uv":[1,8,4.5,11],"texture":"#texture"}}},{"name":"cube","from":[4.25,11.5,7.25],"to":[4.9375,12.25,9.75],"rotation":{"angle":-45,"axis":"z","origin":[4.25,12.25,7.25]},"faces":{"north":{"uv":[1.5,9,5,11.5],"texture":"#texture"},"east":{"uv":[1.5,8.5,4.5,11],"texture":"#texture"},"south":{"uv":[1.5,8,5,10.5],"texture":"#texture"},"west":{"uv":[2,8,5,10.5],"texture":"#texture"},"up":{"uv":[1,8,4.5,11],"texture":"#texture"},"down":{"uv":[1,8,4.5,11],"texture":"#texture"}}},{"name":"cube","from":[3.73,9.0425,7.25],"to":[4.4175,9.7925,9.75],"rotation":{"angle":45,"axis":"z","origin":[3.73,9.7925,7.25]},"faces":{"north":{"uv":[1.5,9,5,11.5],"texture":"#texture"},"east":{"uv":[1.5,8.5,4.5,11],"texture":"#texture"},"south":{"uv":[1.5,8,5,10.5],"texture":"#texture"},"west":{"uv":[2,8,5,10.5],"texture":"#texture"},"up":{"uv":[1,8,4.5,11],"texture":"#texture"},"down":{"uv":[1,8,4.5,11],"texture":"#texture"}}},{"name":"cube","from":[2.5,12.1875,7.25],"to":[4.5,12.25,9.75],"rotation":{"angle":22.5,"axis":"z","origin":[2.5,12.25,7.25]},"faces":{"up":{"uv":[0.25,8.75,1.5,15.75],"texture":"#tail"},"down":{"uv":[0.25,15.75,1.5,8.75],"texture":"#tail"}}},{"name":"cube","from":[4.25,12.9375,7.25],"to":[6.25,13,9.75],"rotation":{"angle":-22.5,"axis":"z","origin":[4.25,13,7.25]},"faces":{"up":{"uv":[1.5,8.75,9.75,15.75],"texture":"#tail"},"down":{"uv":[1.5,15.75,9.75,8.75],"texture":"#tail"}}},{"name":"cube","from":[1.25,9.75,6.75],"to":[1.5,11.75,10.25],"faces":{"north":{"uv":[1,1.75,4.5,4.25],"texture":"#texture"},"east":{"uv":[1.75,1.5,4.75,4],"texture":"#texture"},"south":{"uv":[1.75,2,5.25,4.5],"texture":"#texture"},"west":{"uv":[1.75,1.5,4.75,4],"texture":"#texture"},"up":{"uv":[1.75,1.5,5.25,4.5],"texture":"#texture"},"down":{"uv":[0.75,1.75,4.25,4.75],"texture":"#texture"}}},{"name":"cube","from":[1.25,12,8],"to":[2.25,12.25,9],"faces":{"north":{"uv":[1,1.75,4.5,4.25],"texture":"#texture"},"east":{"uv":[1.75,1.5,4.75,4],"texture":"#texture"},"south":{"uv":[1.75,2,5.25,4.5],"texture":"#texture"},"west":{"uv":[1.75,1.5,4.75,4],"texture":"#texture"},"up":{"uv":[1.75,1.5,5.25,4.5],"texture":"#texture"},"down":{"uv":[0.75,1.75,4.25,4.75],"texture":"#texture"}}},{"name":"cube","from":[1.5,11,7],"to":[2.25,12,10],"faces":{"north":{"uv":[1.5,9,5,11.5],"texture":"#texture"},"east":{"uv":[1.5,8.5,4.5,11],"texture":"#texture"},"south":{"uv":[1.5,8,5,10.5],"texture":"#texture"},"west":{"uv":[2,8,5,10.5],"texture":"#texture"},"up":{"uv":[1,8,4.5,11],"texture":"#texture"},"down":{"uv":[1,8,4.5,11],"texture":"#texture"}}},{"name":"cube","from":[1.5,9.75,6.75],"to":[2.25,11,10.25],"faces":{"north":{"uv":[1,1.75,4.5,4.25],"texture":"#texture"},"east":{"uv":[1.75,1.5,4.75,4],"texture":"#texture"},"south":{"uv":[1.75,2,5.25,4.5],"texture":"#texture"},"west":{"uv":[1.75,1.5,4.75,4],"texture":"#texture"},"up":{"uv":[1.75,1.5,5.25,4.5],"texture":"#texture"},"down":{"uv":[0.75,1.75,4.25,4.75],"texture":"#texture"}}},{"name":"cube","from":[1.25,9.25,7.25],"to":[2.25,9.75,9.75],"faces":{"north":{"uv":[2.5,1,6,3.5],"texture":"#texture"},"east":{"uv":[1.75,1.25,4.75,3.75],"texture":"#texture"},"south":{"uv":[1.25,1.5,4.75,4],"texture":"#texture"},"west":{"uv":[2,1.25,5,3.75],"texture":"#texture"},"up":{"uv":[1,1.25,4.5,4.25],"texture":"#texture"},"down":{"uv":[1.5,1.5,5,4.5],"texture":"#texture"}}},{"name":"cube","from":[1.5,11,6.75],"to":[1.75,11.5,10.25],"faces":{"north":{"uv":[1,1.75,4.5,4.25],"texture":"#texture"},"east":{"uv":[1.75,1.5,4.75,4],"texture":"#texture"},"south":{"uv":[1.75,2,5.25,4.5],"texture":"#texture"},"west":{"uv":[1.75,1.5,4.75,4],"texture":"#texture"},"up":{"uv":[1.75,1.5,5.25,4.5],"texture":"#texture"},"down":{"uv":[0.75,1.75,4.25,4.75],"texture":"#texture"}}},{"name":"cube","from":[1.75,11,6.75],"to":[2,11.25,10.25],"faces":{"north":{"uv":[1,1.75,4.5,4.25],"texture":"#texture"},"east":{"uv":[1.75,1.5,4.75,4],"texture":"#texture"},"south":{"uv":[1.75,2,5.25,4.5],"texture":"#texture"},"west":{"uv":[1.75,1.5,4.75,4],"texture":"#texture"},"up":{"uv":[1.75,1.5,5.25,4.5],"texture":"#texture"},"down":{"uv":[0.75,1.75,4.25,4.75],"texture":"#texture"}}},{"name":"cube","from":[1.5,11.5,6.75],"to":[2.25,11.75,10.25],"faces":{"north":{"uv":[1.5,9,5,11.5],"texture":"#texture"},"east":{"uv":[1.5,8.5,4.5,11],"texture":"#texture"},"south":{"uv":[1.5,8,5,10.5],"texture":"#texture"},"west":{"uv":[2,8,5,10.5],"texture":"#texture"},"up":{"uv":[1,8,4.5,11],"texture":"#texture"},"down":{"uv":[1,8,4.5,11],"texture":"#texture"}}},{"name":"cube","from":[1.75,11.25,6.75],"to":[2.25,11.5,10.25],"faces":{"north":{"uv":[1.5,9,5,11.5],"texture":"#texture"},"east":{"uv":[1.5,8.5,4.5,11],"texture":"#texture"},"south":{"uv":[1.5,8,5,10.5],"texture":"#texture"},"west":{"uv":[2,8,5,10.5],"texture":"#texture"},"up":{"uv":[1,8,4.5,11],"texture":"#texture"},"down":{"uv":[1,8,4.5,11],"texture":"#texture"}}},{"name":"cube","from":[2,11,6.75],"to":[2.25,11.25,10.25],"faces":{"north":{"uv":[1.5,9,5,11.5],"texture":"#texture"},"east":{"uv":[1.5,8.5,4.5,11],"texture":"#texture"},"south":{"uv":[1.5,8,5,10.5],"texture":"#texture"},"west":{"uv":[2,8,5,10.5],"texture":"#texture"},"up":{"uv":[1,8,4.5,11],"texture":"#texture"},"down":{"uv":[1,8,4.5,11],"texture":"#texture"}}},{"name":"cube","from":[1.25,12,7.75],"to":[2,12.25,8],"faces":{"north":{"uv":[1,1.75,4.5,4.25],"texture":"#texture"},"east":{"uv":[1.75,1.5,4.75,4],"texture":"#texture"},"south":{"uv":[1.75,2,5.25,4.5],"texture":"#texture"},"west":{"uv":[1.75,1.5,4.75,4],"texture":"#texture"},"up":{"uv":[1.75,1.5,5.25,4.5],"texture":"#texture"},"down":{"uv":[0.75,1.75,4.25,4.75],"texture":"#texture"}}},{"name":"cube","from":[1.25,12,9],"to":[2,12.25,9.25],"faces":{"north":{"uv":[1,1.75,4.5,4.25],"texture":"#texture"},"east":{"uv":[1.75,1.5,4.75,4],"texture":"#texture"},"south":{"uv":[1.75,2,5.25,4.5],"texture":"#texture"},"west":{"uv":[1.75,1.5,4.75,4],"texture":"#texture"},"up":{"uv":[1.75,1.5,5.25,4.5],"texture":"#texture"},"down":{"uv":[0.75,1.75,4.25,4.75],"texture":"#texture"}}},{"name":"cube","from":[1.25,12,9.25],"to":[1.75,12.25,9.5],"faces":{"north":{"uv":[1,1.75,4.5,4.25],"texture":"#texture"},"east":{"uv":[1.75,1.5,4.75,4],"texture":"#texture"},"south":{"uv":[1.75,2,5.25,4.5],"texture":"#texture"},"west":{"uv":[1.75,1.5,4.75,4],"texture":"#texture"},"up":{"uv":[1.75,1.5,5.25,4.5],"texture":"#texture"},"down":{"uv":[0.75,1.75,4.25,4.75],"texture":"#texture"}}},{"name":"cube","from":[1.25,12,7.5],"to":[1.75,12.25,7.75],"faces":{"north":{"uv":[1,1.75,4.5,4.25],"texture":"#texture"},"east":{"uv":[1.75,1.5,4.75,4],"texture":"#texture"},"south":{"uv":[1.75,2,5.25,4.5],"texture":"#texture"},"west":{"uv":[1.75,1.5,4.75,4],"texture":"#texture"},"up":{"uv":[1.75,1.5,5.25,4.5],"texture":"#texture"},"down":{"uv":[0.75,1.75,4.25,4.75],"texture":"#texture"}}},{"name":"cube","from":[1.25,12,7.25],"to":[1.5,12.25,7.5],"faces":{"north":{"uv":[1,1.75,4.5,4.25],"texture":"#texture"},"east":{"uv":[1.75,1.5,4.75,4],"texture":"#texture"},"south":{"uv":[1.75,2,5.25,4.5],"texture":"#texture"},"west":{"uv":[1.75,1.5,4.75,4],"texture":"#texture"},"up":{"uv":[1.75,1.5,5.25,4.5],"texture":"#texture"},"down":{"uv":[0.75,1.75,4.25,4.75],"texture":"#texture"}}},{"name":"cube","from":[1.25,12,9.5],"to":[1.5,12.25,9.75],"faces":{"north":{"uv":[1,1.75,4.5,4.25],"texture":"#texture"},"east":{"uv":[1.75,1.5,4.75,4],"texture":"#texture"},"south":{"uv":[1.75,2,5.25,4.5],"texture":"#texture"},"west":{"uv":[1.75,1.5,4.75,4],"texture":"#texture"},"up":{"uv":[1.75,1.5,5.25,4.5],"texture":"#texture"},"down":{"uv":[0.75,1.75,4.25,4.75],"texture":"#texture"}}},{"name":"cube","from":[1.5,12,7.25],"to":[2.25,12.25,7.5],"faces":{"north":{"uv":[1.75,8.5,5.25,11],"texture":"#texture"},"east":{"uv":[1.5,9.25,4.5,11.75],"texture":"#texture"},"south":{"uv":[1.5,8.25,5,10.75],"texture":"#texture"},"west":{"uv":[2.25,8,5.25,10.5],"texture":"#texture"},"up":{"uv":[1.75,8.5,5.25,11.5],"texture":"#texture"},"down":{"uv":[1.75,8.25,5.25,11.25],"texture":"#texture"}}},{"name":"cube","from":[1.5,12,9.5],"to":[2.25,12.25,9.75],"faces":{"north":{"uv":[1.75,8.5,5.25,11],"texture":"#texture"},"east":{"uv":[1.5,9.25,4.5,11.75],"texture":"#texture"},"south":{"uv":[1.5,8.25,5,10.75],"texture":"#texture"},"west":{"uv":[2.25,8,5.25,10.5],"texture":"#texture"},"up":{"uv":[1.75,8.5,5.25,11.5],"texture":"#texture"},"down":{"uv":[1.75,8.25,5.25,11.25],"texture":"#texture"}}},{"name":"cube","from":[1.75,12,9.25],"to":[2.25,12.25,9.5],"faces":{"north":{"uv":[1.75,8.5,5.25,11],"texture":"#texture"},"east":{"uv":[1.5,9.25,4.5,11.75],"texture":"#texture"},"south":{"uv":[1.5,8.25,5,10.75],"texture":"#texture"},"west":{"uv":[2.25,8,5.25,10.5],"texture":"#texture"},"up":{"uv":[1.75,8.5,5.25,11.5],"texture":"#texture"},"down":{"uv":[1.75,8.25,5.25,11.25],"texture":"#texture"}}},{"name":"cube","from":[2,12,9],"to":[2.25,12.25,9.25],"faces":{"north":{"uv":[1.75,8.5,5.25,11],"texture":"#texture"},"east":{"uv":[1.5,9.25,4.5,11.75],"texture":"#texture"},"south":{"uv":[1.5,8.25,5,10.75],"texture":"#texture"},"west":{"uv":[2.25,8,5.25,10.5],"texture":"#texture"},"up":{"uv":[1.75,8.5,5.25,11.5],"texture":"#texture"},"down":{"uv":[1.75,8.25,5.25,11.25],"texture":"#texture"}}},{"name":"cube","from":[1.75,12,7.5],"to":[2.25,12.25,7.75],"faces":{"north":{"uv":[1.75,8.5,5.25,11],"texture":"#texture"},"east":{"uv":[1.5,9.25,4.5,11.75],"texture":"#texture"},"south":{"uv":[1.5,8.25,5,10.75],"texture":"#texture"},"west":{"uv":[2.25,8,5.25,10.5],"texture":"#texture"},"up":{"uv":[1.75,8.5,5.25,11.5],"texture":"#texture"},"down":{"uv":[1.75,8.25,5.25,11.25],"texture":"#texture"}}},{"name":"cube","from":[2,12,7.75],"to":[2.25,12.25,8],"faces":{"north":{"uv":[1.75,8.5,5.25,11],"texture":"#texture"},"east":{"uv":[1.5,9.25,4.5,11.75],"texture":"#texture"},"south":{"uv":[1.5,8.25,5,10.75],"texture":"#texture"},"west":{"uv":[2.25,8,5.25,10.5],"texture":"#texture"},"up":{"uv":[1.75,8.5,5.25,11.5],"texture":"#texture"},"down":{"uv":[1.75,8.25,5.25,11.25],"texture":"#texture"}}},{"name":"cube","from":[0.75,9.75,7.25],"to":[1,11.75,9.75],"faces":{"north":{"uv":[1,1.5,4.5,4],"texture":"#texture"},"east":{"uv":[1.5,1.25,4.5,3.75],"texture":"#texture"},"south":{"uv":[1.75,1.25,5.25,3.75],"texture":"#texture"},"west":{"uv":[1.25,1,4.25,3.5],"texture":"#texture"},"up":{"uv":[1.5,1.25,5,4.25],"texture":"#texture"},"down":{"uv":[1.5,2.5,5,5.5],"texture":"#texture"}}},{"name":"cube","from":[1.25,9.5,7],"to":[2.25,9.75,10],"faces":{"north":{"uv":[2.5,1,6,3.5],"texture":"#texture"},"east":{"uv":[1.75,1.25,4.75,3.75],"texture":"#texture"},"south":{"uv":[1.25,1.5,4.75,4],"texture":"#texture"},"west":{"uv":[2,1.25,5,3.75],"texture":"#texture"},"up":{"uv":[1,1.25,4.5,4.25],"texture":"#texture"},"down":{"uv":[1.5,1.5,5,4.5],"texture":"#texture"}}},{"name":"cube","from":[0.75,11.25,7.25],"to":[1.4375,11.75,9.75],"rotation":{"angle":45,"axis":"z","origin":[0.75,11.75,7.25]},"faces":{"north":{"uv":[1,1.75,4.5,4.25],"texture":"#texture"},"east":{"uv":[1.75,1.5,4.75,4],"texture":"#texture"},"south":{"uv":[1.75,2,5.25,4.5],"texture":"#texture"},"west":{"uv":[1.75,1.5,4.75,4],"texture":"#texture"},"up":{"uv":[1.75,1.5,5.25,4.5],"texture":"#texture"},"down":{"uv":[0.75,1.75,4.25,4.75],"texture":"#texture"}}},{"name":"cube","from":[1.105,9.605,7.25],"to":[1.7925,10.105,9.75],"rotation":{"angle":-45,"axis":"z","origin":[1.105,10.105,7.25]},"faces":{"north":{"uv":[1,1.75,4.5,4.25],"texture":"#texture"},"east":{"uv":[1.75,1.5,4.75,4],"texture":"#texture"},"south":{"uv":[1.75,2,5.25,4.5],"texture":"#texture"},"west":{"uv":[1.75,1.5,4.75,4],"texture":"#texture"},"up":{"uv":[1.75,1.5,5.25,4.5],"texture":"#texture"},"down":{"uv":[0.75,1.75,4.25,4.75],"texture":"#texture"}}},{"name":"cube","from":[1.25,11.25,9.75],"to":[1.5,12.25,10.4375],"rotation":{"angle":45,"axis":"x","origin":[1.25,12.25,9.75]},"faces":{"north":{"uv":[1.75,1.25,5.25,3.75],"texture":"#texture"},"east":{"uv":[1.5,1,4.5,3.5],"texture":"#texture"},"south":{"uv":[1.25,1.5,4.75,4],"texture":"#texture"},"west":{"uv":[1.5,1.75,4.5,4.25],"texture":"#texture"},"up":{"uv":[1.5,2.25,5,5.25],"texture":"#texture"},"down":{"uv":[1,2.5,4.5,5.5],"texture":"#texture"}}},{"name":"cube","from":[1.25,10.75,6.75],"to":[1.5,11.75,7.4375],"rotation":{"angle":-45,"axis":"x","origin":[1.25,11.75,6.75]},"faces":{"north":{"uv":[1.75,1.25,5.25,3.75],"texture":"#texture"},"east":{"uv":[1.5,1,4.5,3.5],"texture":"#texture"},"south":{"uv":[1.25,1.5,4.75,4],"texture":"#texture"},"west":{"uv":[1.5,1.75,4.5,4.25],"texture":"#texture"},"up":{"uv":[1.5,2.25,5,5.25],"texture":"#texture"},"down":{"uv":[1,2.5,4.5,5.5],"texture":"#texture"}}},{"name":"cube","from":[1.25,9.4575,7.4575],"to":[2.25,10.4575,8.145],"rotation":{"angle":45,"axis":"x","origin":[1.25,10.4575,7.4575]},"faces":{"north":{"uv":[1.75,1.25,5.25,3.75],"texture":"#texture"},"east":{"uv":[1.5,1,4.5,3.5],"texture":"#texture"},"south":{"uv":[1.25,1.5,4.75,4],"texture":"#texture"},"west":{"uv":[1.5,1.75,4.5,4.25],"texture":"#texture"},"up":{"uv":[1.5,2.25,5,5.25],"texture":"#texture"},"down":{"uv":[1,2.5,4.5,5.5],"texture":"#texture"}}},{"name":"cube","from":[1.25,8.965,9.0525],"to":[2.25,9.965,9.74],"rotation":{"angle":-45,"axis":"x","origin":[1.25,9.965,9.0525]},"faces":{"north":{"uv":[1.75,1.25,5.25,3.75],"texture":"#texture"},"east":{"uv":[1.5,1,4.5,3.5],"texture":"#texture"},"south":{"uv":[1.25,1.5,4.75,4],"texture":"#texture"},"west":{"uv":[1.5,1.75,4.5,4.25],"texture":"#texture"},"up":{"uv":[1.5,2.25,5,5.25],"texture":"#texture"},"down":{"uv":[1,2.5,4.5,5.5],"texture":"#texture"}}},{"name":"cube","from":[0.75,9.75,7.25],"to":[1.4375,11.75,7.75],"rotation":{"angle":45,"axis":"y","origin":[0.75,9.75,7.25]},"faces":{"north":{"uv":[1,1.75,4.5,4.25],"texture":"#texture"},"east":{"uv":[1.75,1.5,4.75,4],"texture":"#texture"},"south":{"uv":[1.75,2,5.25,4.5],"texture":"#texture"},"west":{"uv":[1.75,1.5,4.75,4],"texture":"#texture"},"up":{"uv":[1.75,1.5,5.25,4.5],"texture":"#texture"},"down":{"uv":[0.75,1.75,4.25,4.75],"texture":"#texture"}}},{"name":"cube","from":[1.11,9.75,9.4],"to":[1.7975,11.75,9.9],"rotation":{"angle":-45,"axis":"y","origin":[1.11,9.75,9.4]},"faces":{"north":{"uv":[1,1.75,4.5,4.25],"texture":"#texture"},"east":{"uv":[1.75,1.5,4.75,4],"texture":"#texture"},"south":{"uv":[1.75,2,5.25,4.5],"texture":"#texture"},"west":{"uv":[1.75,1.5,4.75,4],"texture":"#texture"},"up":{"uv":[1.75,1.5,5.25,4.5],"texture":"#texture"},"down":{"uv":[0.75,1.75,4.25,4.75],"texture":"#texture"}}},{"name":"cube","from":[4.25,9.75,6.75],"to":[4.9375,11.75,7.1875],"rotation":{"angle":-45,"axis":"y","origin":[4.25,9.75,6.75]},"faces":{"north":{"uv":[1.5,9,5,11.5],"texture":"#texture"},"east":{"uv":[1.5,8.5,4.5,11],"texture":"#texture"},"south":{"uv":[1.5,8,5,10.5],"texture":"#texture"},"west":{"uv":[2,8,5,10.5],"texture":"#texture"},"up":{"uv":[1,8,4.5,11],"texture":"#texture"},"down":{"uv":[1,8,4.5,11],"texture":"#texture"}}},{"name":"cube","from":[3.9375,9.75,9.9575],"to":[4.625,11.75,10.395],"rotation":{"angle":45,"axis":"y","origin":[3.9375,9.75,9.9575]},"faces":{"north":{"uv":[1.5,9,5,11.5],"texture":"#texture"},"east":{"uv":[1.5,8.5,4.5,11],"texture":"#texture"},"south":{"uv":[1.5,8,5,10.5],"texture":"#texture"},"west":{"uv":[2,8,5,10.5],"texture":"#texture"},"up":{"uv":[1,8,4.5,11],"texture":"#texture"},"down":{"uv":[1,8,4.5,11],"texture":"#texture"}}},{"name":"cube","from":[-0.3125,10.25,8.0625],"to":[1.6875,10.75,9.0625],"rotation":{"angle":22.5,"axis":"y","origin":[-0.3125,10.25,8.0625]},"faces":{"north":{"uv":[11.25,8,14,10.75],"texture":"#texture"},"east":{"uv":[11.5,8,14.75,11.25],"texture":"#texture"},"south":{"uv":[11.25,7.75,14.75,11.25],"texture":"#texture"},"west":{"uv":[10.5,7.5,13,10],"texture":"#texture"},"up":{"uv":[10.75,8,13.5,10.75],"texture":"#texture"},"down":{"uv":[11.25,7.75,14.5,11],"texture":"#texture"}}},{"name":"cube","from":[0.0625,10.25,8],"to":[2.0625,10.75,9],"rotation":{"angle":-22.5,"axis":"y","origin":[0.0625,10.25,8]},"faces":{"north":{"uv":[11.25,8,14,10.75],"texture":"#texture"},"east":{"uv":[11.5,8,14.75,11.25],"texture":"#texture"},"south":{"uv":[11.25,7.75,14.75,11.25],"texture":"#texture"},"west":{"uv":[10.5,7.5,13,10],"texture":"#texture"},"up":{"uv":[10.75,8,13.5,10.75],"texture":"#texture"},"down":{"uv":[11.25,7.75,14.5,11],"texture":"#texture"}}},{"name":"cube","from":[-0.75,10.25,8.5],"to":[-0.125,10.75,9.125],"rotation":{"angle":45,"axis":"y","origin":[-0.75,10.25,8.5]},"faces":{"north":{"uv":[11.25,8,14,10.75],"texture":"#texture"},"east":{"uv":[11.5,8,14.75,11.25],"texture":"#texture"},"south":{"uv":[11.25,7.75,14.75,11.25],"texture":"#texture"},"west":{"uv":[10.5,7.5,13,10],"texture":"#texture"},"up":{"uv":[10.75,8,13.5,10.75],"texture":"#texture"},"down":{"uv":[11.25,7.75,14.5,11],"texture":"#texture"}}},{"name":"cube","from":[-0.15625,9.9,8.28125],"to":[0.84375,10.25,8.78125],"rotation":{"angle":22.5,"axis":"y","origin":[-0.15625,9.9,8.28125]},"faces":{"north":{"uv":[11.25,8,14,10.75],"texture":"#texture"},"east":{"uv":[11.5,8,14.75,11.25],"texture":"#texture"},"south":{"uv":[11.25,7.75,14.75,11.25],"texture":"#texture"},"west":{"uv":[10.5,7.5,13,10],"texture":"#texture"},"up":{"uv":[10.75,8,13.5,10.75],"texture":"#texture"},"down":{"uv":[11.25,7.75,14.5,11],"texture":"#texture"}}},{"name":"cube","from":[0.03125,9.9,8.25],"to":[1.03125,10.25,8.75],"rotation":{"angle":-22.5,"axis":"y","origin":[0.03125,9.9,8.25]},"faces":{"north":{"uv":[11.25,8,14,10.75],"texture":"#texture"},"east":{"uv":[11.5,8,14.75,11.25],"texture":"#texture"},"south":{"uv":[11.25,7.75,14.75,11.25],"texture":"#texture"},"west":{"uv":[10.5,7.5,13,10],"texture":"#texture"},"up":{"uv":[10.75,8,13.5,10.75],"texture":"#texture"},"down":{"uv":[11.25,7.75,14.5,11],"texture":"#texture"}}},{"name":"cube","from":[-0.375,9.9,8.5],"to":[-0.0625,10.25,8.8125],"rotation":{"angle":45,"axis":"y","origin":[-0.375,9.9,8.5]},"faces":{"north":{"uv":[11.25,8,14,10.75],"texture":"#texture"},"east":{"uv":[11.5,8,14.75,11.25],"texture":"#texture"},"south":{"uv":[11.25,7.75,14.75,11.25],"texture":"#texture"},"west":{"uv":[10.5,7.5,13,10],"texture":"#texture"},"up":{"uv":[10.75,8,13.5,10.75],"texture":"#texture"},"down":{"uv":[11.25,7.75,14.5,11],"texture":"#texture"}}},{"name":"cube","from":[0.745,10.75,9],"to":[0.8075,11.5,9.75],"faces":{"west":{"uv":[0.5,2.125,9,11.625],"texture":"#particle"}}},{"name":"cube","from":[0.745,10.75,7.25],"to":[0.8075,11.5,8],"faces":{"west":{"uv":[9,2.125,0.5,11.625],"texture":"#particle"}}},{"name":"cube","from":[0.75,10.75,9.75],"to":[0.8125,11.5,10.4375],"rotation":{"angle":45,"axis":"y","origin":[0.75,10.75,9.75]},"faces":{"west":{"uv":[9,2,16,11.5],"texture":"#particle"}}},{"name":"cube","from":[1.235,10.75,6.76],"to":[1.2975,11.5,7.4475],"rotation":{"angle":-45,"axis":"y","origin":[1.235,10.75,6.76]},"faces":{"west":{"uv":[16,2,9,11.5],"texture":"#particle"}}},{"name":"cube","from":[2,9.25,7.25],"to":[3.5,10.25,9.75],"rotation":{"angle":-45,"axis":"z","origin":[2,10.25,7.25]},"faces":{"north":{"uv":[2.5,1,6,3.5],"texture":"#texture"},"east":{"uv":[1.75,1.25,4.75,3.75],"texture":"#texture"},"south":{"uv":[1.25,1.5,4.75,4],"texture":"#texture"},"west":{"uv":[2,1.25,5,3.75],"texture":"#texture"},"up":{"uv":[1,1.25,4.5,4.25],"texture":"#texture"},"down":{"uv":[1.5,1.5,5,4.5],"texture":"#texture"}}},{"name":"cube","from":[2.375,8.5,7.25],"to":[4.375,8.5625,9.75],"rotation":{"angle":-45,"axis":"z","origin":[2.375,8.5625,7.25]},"faces":{"north":{"uv":[7.75,12.75,9,13.75],"texture":"#texture"},"east":{"uv":[8.5,14.25,9.75,15.75],"texture":"#texture"},"south":{"uv":[6.75,13.25,8.5,15],"texture":"#texture"},"west":{"uv":[8,14,9.75,15.5],"texture":"#texture"},"up":{"uv":[7.25,13.5,8.75,14.75],"texture":"#texture"},"down":{"uv":[0.25,5.5,10,15.75],"texture":"#swellow_details2","rotation":270}}},{"name":"cube","from":[3.0625,8.25,6.5625],"to":[4.25,9.25,10.4375],"rotation":{"angle":-45,"axis":"z","origin":[3.0625,9.25,6.5625]},"faces":{"north":{"uv":[2.25,8.5,5.75,11],"texture":"#texture"},"east":{"uv":[1.5,8.25,4.5,10.75],"texture":"#texture"},"south":{"uv":[1.5,8.75,5,11.25],"texture":"#texture"},"west":{"uv":[2.25,8.5,5.25,11],"texture":"#texture"},"up":{"uv":[1.75,8.5,5.25,11.5],"texture":"#texture"},"down":{"uv":[1.5,8,5,11],"texture":"#texture"}}},{"name":"cube","from":[3.0625,7.8125,7.25],"to":[5.125,7.875,9.75],"rotation":{"angle":-45,"axis":"z","origin":[3.0625,7.875,7.25]},"faces":{"down":{"uv":[0.25,8.5,10,15.75],"texture":"#swellow_details2","rotation":270}}},{"name":"cube","from":[2.85,7.975,7.25],"to":[4.4125,8.0375,9.75],"rotation":{"angle":-45,"axis":"z","origin":[2.85,8.0375,7.25]},"faces":{"down":{"uv":[0.25,0.25,10,5.25],"texture":"#swellow_details2","rotation":270}}},{"name":"cube","from":[3.875,7.4375,7.25],"to":[6.125,8.4375,9.75],"rotation":{"angle":-45,"axis":"z","origin":[3.875,8.4375,7.25]},"faces":{"north":{"uv":[11,1.75,14.5,4.25],"texture":"#texture"},"east":{"uv":[11.5,1.75,14.5,4.25],"texture":"#texture"},"south":{"uv":[11.75,2,15.25,4.5],"texture":"#texture"},"west":{"uv":[11,1.25,14,3.75],"texture":"#texture"},"up":{"uv":[11.5,1.25,15,4.25],"texture":"#texture"},"down":{"uv":[11,1.25,14.5,4.25],"texture":"#texture"}}},{"name":"cube","from":[4.75,6.125,7.25],"to":[7,7.125,9.75],"faces":{"north":{"uv":[11,1.75,14.5,4.25],"texture":"#texture"},"east":{"uv":[11.5,1.75,14.5,4.25],"texture":"#texture"},"south":{"uv":[11.75,2,15.25,4.5],"texture":"#texture"},"west":{"uv":[11,1.25,14,3.75],"texture":"#texture"},"up":{"uv":[11.5,1.25,15,4.25],"texture":"#texture"},"down":{"uv":[11,1.25,14.5,4.25],"texture":"#texture"}}},{"name":"cube","from":[3.875,7.4375,6.5625],"to":[6.125,8.4375,7.25],"rotation":{"angle":-45,"axis":"z","origin":[3.875,8.4375,6.5625]},"faces":{"north":{"uv":[2.25,8.5,5.75,11],"texture":"#texture"},"east":{"uv":[1.5,8.25,4.5,10.75],"texture":"#texture"},"south":{"uv":[1.5,8.75,5,11.25],"texture":"#texture"},"west":{"uv":[2.25,8.5,5.25,11],"texture":"#texture"},"up":{"uv":[1.75,8.5,5.25,11.5],"texture":"#texture"},"down":{"uv":[1.5,8,5,11],"texture":"#texture"}}},{"name":"cube","from":[3.875,7.4375,9.75],"to":[6.125,8.4375,10.4375],"rotation":{"angle":-45,"axis":"z","origin":[3.875,8.4375,9.75]},"faces":{"north":{"uv":[2.25,8.5,5.75,11],"texture":"#texture"},"east":{"uv":[1.5,8.25,4.5,10.75],"texture":"#texture"},"south":{"uv":[1.5,8.75,5,11.25],"texture":"#texture"},"west":{"uv":[2.25,8.5,5.25,11],"texture":"#texture"},"up":{"uv":[1.75,8.5,5.25,11.5],"texture":"#texture"},"down":{"uv":[1.5,8,5,11],"texture":"#texture"}}},{"name":"cube","from":[4.75,6.125,9.75],"to":[7,7.125,10.4375],"faces":{"north":{"uv":[2.25,8.5,5.75,11],"texture":"#texture"},"east":{"uv":[1.5,8.25,4.5,10.75],"texture":"#texture"},"south":{"uv":[1.5,8.75,5,11.25],"texture":"#texture"},"west":{"uv":[2.25,8.5,5.25,11],"texture":"#texture"},"up":{"uv":[1.75,8.5,5.25,11.5],"texture":"#texture"},"down":{"uv":[1.5,8,5,11],"texture":"#texture"}}},{"name":"cube","from":[4.75,6.125,6.5625],"to":[7,7.125,7.25],"faces":{"north":{"uv":[2.25,8.5,5.75,11],"texture":"#texture"},"east":{"uv":[1.5,8.25,4.5,10.75],"texture":"#texture"},"south":{"uv":[1.5,8.75,5,11.25],"texture":"#texture"},"west":{"uv":[2.25,8.5,5.25,11],"texture":"#texture"},"up":{"uv":[1.75,8.5,5.25,11.5],"texture":"#texture"},"down":{"uv":[1.5,8,5,11],"texture":"#texture"}}},{"name":"cube","from":[2.6875,9,7.0625],"to":[5.9375,10,9.9375],"rotation":{"angle":-22.5,"axis":"z","origin":[2.6875,10,7.0625]},"faces":{"north":{"uv":[2.25,8.5,5.75,11],"texture":"#texture"},"east":{"uv":[1.5,8.25,4.5,10.75],"texture":"#texture"},"south":{"uv":[1.5,8.75,5,11.25],"texture":"#texture"},"west":{"uv":[2.25,8.5,5.25,11],"texture":"#texture"},"up":{"uv":[1.75,8.5,5.25,11.5],"texture":"#texture"},"down":{"uv":[1.5,8,5,11],"texture":"#texture"}}},{"name":"cube","from":[2.3125,8.25,7.0625],"to":[2.8125,9.0625,9.9375],"rotation":{"angle":22.5,"axis":"z","origin":[2.3125,9.0625,7.0625]},"faces":{"north":{"uv":[2.25,8.5,5.75,11],"texture":"#texture"},"east":{"uv":[1.5,8.25,4.5,10.75],"texture":"#texture"},"south":{"uv":[1.5,8.75,5,11.25],"texture":"#texture"},"west":{"uv":[2.25,8.5,5.25,11],"texture":"#texture"},"up":{"uv":[1.75,8.5,5.25,11.5],"texture":"#texture"},"down":{"uv":[1.5,8,5,11],"texture":"#texture"}}},{"name":"cube","from":[5.375,7.125,7.0625],"to":[9.25,8.875,9.9375],"faces":{"north":{"uv":[2.25,8.5,5.75,11],"texture":"#texture"},"east":{"uv":[1.5,8.25,4.5,10.75],"texture":"#texture"},"south":{"uv":[1.5,8.75,5,11.25],"texture":"#texture"},"west":{"uv":[2.25,8.5,5.25,11],"texture":"#texture"},"up":{"uv":[1.75,8.5,5.25,11.5],"texture":"#texture"},"down":{"uv":[1.5,8,5,11],"texture":"#texture"}}},{"name":"cube","from":[3.9375,7.5625,7.0625],"to":[6.1875,8.8125,9.9375],"rotation":{"angle":-22.5,"axis":"z","origin":[3.9375,8.8125,7.0625]},"faces":{"north":{"uv":[2.25,8.5,5.75,11],"texture":"#texture"},"east":{"uv":[1.5,8.25,4.5,10.75],"texture":"#texture"},"south":{"uv":[1.5,8.75,5,11.25],"texture":"#texture"},"west":{"uv":[2.25,8.5,5.25,11],"texture":"#texture"},"up":{"uv":[1.75,8.5,5.25,11.5],"texture":"#texture"},"down":{"uv":[1.5,8,5,11],"texture":"#texture"}}},{"name":"cube","from":[3.5,8.3125,9.875],"to":[9.375,8.375,17],"faces":{"up":{"uv":[8.875,7.125,0.125,13.125],"texture":"#wing4","rotation":270},"down":{"uv":[8.875,6.125,0.125,0.125],"texture":"#wing4","rotation":90}}},{"name":"cube","from":[3.5,8.3125,17],"to":[9.375,8.375,24.375],"rotation":{"angle":22.5,"axis":"x","origin":[3.5,8.375,17]},"faces":{"up":{"uv":[15.875,7.125,8.875,13.125],"texture":"#wing4","rotation":270},"down":{"uv":[15.875,6.125,8.875,0.125],"texture":"#wing4","rotation":90}}},{"name":"cube","from":[3.5,8.3125,-1],"to":[9.375,8.375,7.125],"faces":{"up":{"uv":[0.125,7.125,8.875,13.125],"texture":"#wing4","rotation":270},"down":{"uv":[0.125,6.125,8.875,0.125],"texture":"#wing4","rotation":90}}},{"name":"cube","from":[3.5,5.5,-7.8125],"to":[9.375,5.5625,-0.4375],"rotation":{"angle":-22.5,"axis":"x","origin":[3.5,5.5625,-7.8125]},"faces":{"up":{"uv":[8.875,7.125,15.875,13.125],"texture":"#wing4","rotation":270},"down":{"uv":[8.875,6.125,15.875,0.125],"texture":"#wing4","rotation":90}}},{"name":"cube","from":[3.1875,7.5625,6],"to":[4.3125,8.6875,11],"rotation":{"angle":22.5,"axis":"z","origin":[3.1875,8.6875,6]},"faces":{"north":{"uv":[2.25,8.5,5.75,11],"texture":"#texture"},"east":{"uv":[1.5,8.25,4.5,10.75],"texture":"#texture"},"south":{"uv":[1.5,8.75,5,11.25],"texture":"#texture"},"west":{"uv":[2.25,8.5,5.25,11],"texture":"#texture"},"up":{"uv":[1.75,8.5,5.25,11.5],"texture":"#texture"},"down":{"uv":[1.5,8,5,11],"texture":"#texture"}}},{"name":"cube","from":[3.5,8.3125,9.875],"to":[9.375,8.375,17],"rotation":{"angle":22.5,"axis":"x","origin":[3.5,8.375,9.875]},"faces":{"up":{"uv":[8.875,7.125,0.125,13.125],"texture":"#wing3","rotation":270},"down":{"uv":[8.875,6.125,0.125,0.125],"texture":"#wing3","rotation":90}}},{"name":"cube","from":[3.5,5.625,16.375],"to":[9.375,5.6875,23.75],"faces":{"up":{"uv":[15.875,7.125,8.875,13.125],"texture":"#wing3","rotation":270},"down":{"uv":[15.875,6.125,8.875,0.125],"texture":"#wing3","rotation":90}}},{"name":"cube","from":[3.5,5.25,-0.4375],"to":[9.375,5.3125,7.6875],"rotation":{"angle":-22.5,"axis":"x","origin":[3.5,5.3125,-0.4375]},"faces":{"up":{"uv":[0.125,7.125,8.875,13.125],"texture":"#wing3","rotation":270},"down":{"uv":[0.125,6.125,8.875,0.125],"texture":"#wing3","rotation":90}}},{"name":"cube","from":[3.5,5.25,-7.75],"to":[9.375,5.3125,-0.375],"faces":{"up":{"uv":[8.875,7.125,15.875,13.125],"texture":"#wing3","rotation":270},"down":{"uv":[8.875,6.125,15.875,0.125],"texture":"#wing3","rotation":90}}},{"name":"cube","from":[3.5,8.3125,-1],"to":[9.375,8.375,7.125],"faces":{"up":{"uv":[0.125,7.125,8.875,13.125],"texture":"#wing2","rotation":270},"down":{"uv":[0.125,6.125,8.875,0.125],"texture":"#wing2","rotation":90}}},{"name":"cube","from":[3.5,8.3125,9.875],"to":[9.375,8.375,17],"faces":{"up":{"uv":[8.875,7.125,0.125,13.125],"texture":"#wing2","rotation":270},"down":{"uv":[8.875,6.125,0.125,0.125],"texture":"#wing2","rotation":90}}},{"name":"cube","from":[3.5,11.125,-7.75],"to":[9.375,11.1875,-0.375],"rotation":{"angle":22.5,"axis":"x","origin":[3.5,11.1875,-7.75]},"faces":{"up":{"uv":[8.875,7.125,15.875,13.125],"texture":"#wing2","rotation":270},"down":{"uv":[8.875,6.125,15.875,0.125],"texture":"#wing2","rotation":90}}},{"name":"cube","from":[3.5,8.3125,17],"to":[9.375,8.375,24.375],"rotation":{"angle":-22.5,"axis":"x","origin":[3.5,8.375,17]},"faces":{"up":{"uv":[15.875,7.125,8.875,13.125],"texture":"#wing2","rotation":270},"down":{"uv":[15.875,6.125,8.875,0.125],"texture":"#wing2","rotation":90}}},{"name":"cube","from":[3.5,8.3125,9.875],"to":[9.375,8.375,17],"rotation":{"angle":-22.5,"axis":"x","origin":[3.5,8.375,9.875]},"faces":{"up":{"uv":[8.875,7.125,0.125,13.125],"texture":"#wing1","rotation":270},"down":{"uv":[8.875,6.125,0.125,0.125],"texture":"#wing1","rotation":90}}},{"name":"cube","from":[3.5,11,16.4375],"to":[9.375,11.0625,23.8125],"faces":{"up":{"uv":[15.875,7.125,8.875,13.125],"texture":"#wing1","rotation":270},"down":{"uv":[15.875,6.125,8.875,0.125],"texture":"#wing1","rotation":90}}},{"name":"cube","from":[3.5,11.3125,-0.125],"to":[9.375,11.375,8],"rotation":{"angle":22.5,"axis":"x","origin":[3.5,11.375,-0.125]},"faces":{"up":{"uv":[0.125,7.125,8.875,13.125],"texture":"#wing1","rotation":270},"down":{"uv":[0.125,6.125,8.875,0.125],"texture":"#wing1","rotation":90}}},{"name":"cube","from":[3.5,11.3125,-7.5],"to":[9.375,11.375,-0.125],"faces":{"up":{"uv":[8.875,7.125,15.875,13.125],"texture":"#wing1","rotation":270},"down":{"uv":[8.875,6.125,15.875,0.125],"texture":"#wing1","rotation":90}}},{"name":"cube","from":[6.5625,6.04,7.25],"to":[9.9375,7.165,9.75],"rotation":{"angle":22.5,"axis":"z","origin":[6.5625,7.165,7.25]},"faces":{"north":{"uv":[2.25,8.5,5.75,11],"texture":"#texture"},"east":{"uv":[1.5,8.25,4.5,10.75],"texture":"#texture"},"south":{"uv":[1.5,8.75,5,11.25],"texture":"#texture"},"west":{"uv":[2.25,8.5,5.25,11],"texture":"#texture"},"up":{"uv":[1.75,8.5,5.25,11.5],"texture":"#texture"},"down":{"uv":[11.125,1.75,14.625,4.75],"texture":"#texture"}}},{"name":"cube","from":[9.25,7.4375,7.0625],"to":[10.125,8.875,9.9375],"faces":{"north":{"uv":[2.25,8.5,5.75,11],"texture":"#texture"},"east":{"uv":[1.5,8.25,4.5,10.75],"texture":"#texture"},"south":{"uv":[1.5,8.75,5,11.25],"texture":"#texture"},"west":{"uv":[2.25,8.5,5.25,11],"texture":"#texture"},"up":{"uv":[1.75,8.5,5.25,11.5],"texture":"#texture"},"down":{"uv":[1.5,8,5,11],"texture":"#texture"}}},{"name":"cube","from":[6.75,6.0825,9.75],"to":[10.125,6.7075,9.9375],"rotation":{"angle":22.5,"axis":"z","origin":[6.75,6.7075,9.75]},"faces":{"north":{"uv":[2.25,8.5,5.75,11],"texture":"#texture"},"east":{"uv":[1.5,8.25,4.5,10.75],"texture":"#texture"},"south":{"uv":[1.5,8.75,5,11.25],"texture":"#texture"},"west":{"uv":[2.25,8.5,5.25,11],"texture":"#texture"},"up":{"uv":[1.75,8.5,5.25,11.5],"texture":"#texture"},"down":{"uv":[1.5,8,5,11],"texture":"#texture"}}},{"name":"cube","from":[6.75,6.0825,7.0625],"to":[10.125,6.7075,7.25],"rotation":{"angle":22.5,"axis":"z","origin":[6.75,6.7075,7.0625]},"faces":{"north":{"uv":[2.25,8.5,5.75,11],"texture":"#texture"},"east":{"uv":[1.5,8.25,4.5,10.75],"texture":"#texture"},"south":{"uv":[1.5,8.75,5,11.25],"texture":"#texture"},"west":{"uv":[2.25,8.5,5.25,11],"texture":"#texture"},"up":{"uv":[1.75,8.5,5.25,11.5],"texture":"#texture"},"down":{"uv":[1.5,8,5,11],"texture":"#texture"}}},{"name":"cube","from":[7,6.625,7.0625],"to":[7.875,7.125,9.9375],"faces":{"north":{"uv":[2.25,8.5,5.75,11],"texture":"#texture"},"east":{"uv":[1.5,8.25,4.5,10.75],"texture":"#texture"},"south":{"uv":[1.5,8.75,5,11.25],"texture":"#texture"},"west":{"uv":[2.25,8.5,5.25,11],"texture":"#texture"},"up":{"uv":[1.75,8.5,5.25,11.5],"texture":"#texture"},"down":{"uv":[1.5,8,5,11],"texture":"#texture"}}},{"name":"cube","from":[7.5,5.375,7],"to":[8.5,6.125,7.875],"rotation":{"angle":-22.5,"axis":"z","origin":[7.5,6.125,7]},"faces":{"north":{"uv":[11,1.75,14.5,4.25],"texture":"#texture"},"east":{"uv":[11.5,1.75,14.5,4.25],"texture":"#texture"},"south":{"uv":[11.75,2,15.25,4.5],"texture":"#texture"},"west":{"uv":[11,1.25,14,3.75],"texture":"#texture"},"up":{"uv":[11.5,1.25,15,4.25],"texture":"#texture"},"down":{"uv":[11,1.25,14.5,4.25],"texture":"#texture"}}},{"name":"cube","from":[7.5,5.375,9.125],"to":[8.5,6.125,10],"rotation":{"angle":-22.5,"axis":"z","origin":[7.5,6.125,9.125]},"faces":{"north":{"uv":[11,1.75,14.5,4.25],"texture":"#texture"},"east":{"uv":[11.5,1.75,14.5,4.25],"texture":"#texture"},"south":{"uv":[11.75,2,15.25,4.5],"texture":"#texture"},"west":{"uv":[11,1.25,14,3.75],"texture":"#texture"},"up":{"uv":[11.5,1.25,15,4.25],"texture":"#texture"},"down":{"uv":[11,1.25,14.5,4.25],"texture":"#texture"}}},{"name":"cube","from":[7.61872,4.625,9.375],"to":[7.99372,5.5,9.75],"rotation":{"angle":-45,"axis":"z","origin":[7.61872,5.5,9.375]},"faces":{"north":{"uv":[1.5,1.625,5,4.125],"texture":"#texture"},"east":{"uv":[1.75,1.625,4.75,4.125],"texture":"#texture"},"south":{"uv":[2.25,1.75,5.75,4.25],"texture":"#texture"},"west":{"uv":[2.125,1.75,5.125,4.25],"texture":"#texture"},"up":{"uv":[1.25,1,4.75,4],"texture":"#texture"},"down":{"uv":[1.625,1,5.125,4],"texture":"#texture"}}},{"name":"cube","from":[6.125,5,9.25],"to":[7.75,5.25,9.875],"rotation":{"angle":-22.5,"axis":"z","origin":[6.125,5.25,9.25]},"faces":{"north":{"uv":[1.5,1.625,5,4.125],"texture":"#texture"},"east":{"uv":[1.75,1.625,4.75,4.125],"texture":"#texture"},"south":{"uv":[2.25,1.75,5.75,4.25],"texture":"#texture"},"west":{"uv":[2.125,1.75,5.125,4.25],"texture":"#texture"},"up":{"uv":[1.25,1,4.75,4],"texture":"#texture"},"down":{"uv":[1.625,1,5.125,4],"texture":"#texture"}}},{"name":"cube","from":[7.5,4.4375,9.4375],"to":[8,4.6875,9.6875],"rotation":{"angle":-45,"axis":"z","origin":[7.5,4.6875,9.4375]},"faces":{"north":{"uv":[1.375,8.375,4.875,10.875],"texture":"#texture"},"east":{"uv":[1.875,7.625,4.875,10.125],"texture":"#texture"},"south":{"uv":[1.25,8.375,4.75,10.875],"texture":"#texture"},"west":{"uv":[1.625,8.625,4.625,11.125],"texture":"#texture"},"up":{"uv":[1.5,8.625,5,11.625],"texture":"#texture"},"down":{"uv":[1.875,8.375,5.375,11.375],"texture":"#texture"}}},{"name":"cube","from":[5.4375,5,9],"to":[6.1875,5.25,9.25],"rotation":{"angle":-22.5,"axis":"y","origin":[5.4375,5,9]},"faces":{"north":{"uv":[1.5,1.625,5,4.125],"texture":"#texture"},"east":{"uv":[1.75,1.625,4.75,4.125],"texture":"#texture"},"south":{"uv":[2.25,1.75,5.75,4.25],"texture":"#texture"},"west":{"uv":[2.125,1.75,5.125,4.25],"texture":"#texture"},"up":{"uv":[1.25,1,4.75,4],"texture":"#texture"},"down":{"uv":[1.625,1,5.125,4],"texture":"#texture"}}},{"name":"cube","from":[5.375,5,9.875],"to":[6.125,5.25,10.125],"rotation":{"angle":22.5,"axis":"y","origin":[5.375,5,9.875]},"faces":{"north":{"uv":[1.5,1.625,5,4.125],"texture":"#texture"},"east":{"uv":[1.75,1.625,4.75,4.125],"texture":"#texture"},"south":{"uv":[2.25,1.75,5.75,4.25],"texture":"#texture"},"west":{"uv":[2.125,1.75,5.125,4.25],"texture":"#texture"},"up":{"uv":[1.25,1,4.75,4],"texture":"#texture"},"down":{"uv":[1.625,1,5.125,4],"texture":"#texture"}}},{"name":"cube","from":[5.3125,5,9.4375],"to":[6.0625,5.25,9.6875],"faces":{"north":{"uv":[1.5,1.625,5,4.125],"texture":"#texture"},"east":{"uv":[1.75,1.625,4.75,4.125],"texture":"#texture"},"south":{"uv":[2.25,1.75,5.75,4.25],"texture":"#texture"},"west":{"uv":[2.125,1.75,5.125,4.25],"texture":"#texture"},"up":{"uv":[1.25,1,4.75,4],"texture":"#texture"},"down":{"uv":[1.625,1,5.125,4],"texture":"#texture"}}},{"name":"cube","from":[5.0625,4.75,9.5],"to":[5.4375,4.9375,9.625],"rotation":{"angle":45,"axis":"z","origin":[5.0625,4.9375,9.5]},"faces":{"north":{"uv":[1.375,8.375,4.875,10.875],"texture":"#texture"},"east":{"uv":[1.875,7.625,4.875,10.125],"texture":"#texture"},"south":{"uv":[1.25,8.375,4.75,10.875],"texture":"#texture"},"west":{"uv":[1.625,8.625,4.625,11.125],"texture":"#texture"},"up":{"uv":[1.5,8.625,5,11.625],"texture":"#texture"},"down":{"uv":[1.875,8.375,5.375,11.375],"texture":"#texture"}}},{"name":"cube","from":[5.1875,4.75,9.0625],"to":[5.5625,4.9375,9.1875],"rotation":{"angle":45,"axis":"z","origin":[5.1875,4.9375,9.0625]},"faces":{"north":{"uv":[1.375,8.375,4.875,10.875],"texture":"#texture"},"east":{"uv":[1.875,7.625,4.875,10.125],"texture":"#texture"},"south":{"uv":[1.25,8.375,4.75,10.875],"texture":"#texture"},"west":{"uv":[1.625,8.625,4.625,11.125],"texture":"#texture"},"up":{"uv":[1.5,8.625,5,11.625],"texture":"#texture"},"down":{"uv":[1.875,8.375,5.375,11.375],"texture":"#texture"}}},{"name":"cube","from":[5.1875,4.75,9.9375],"to":[5.5625,4.9375,10.0625],"rotation":{"angle":45,"axis":"z","origin":[5.1875,4.9375,9.9375]},"faces":{"north":{"uv":[1.375,8.375,4.875,10.875],"texture":"#texture"},"east":{"uv":[1.875,7.625,4.875,10.125],"texture":"#texture"},"south":{"uv":[1.25,8.375,4.75,10.875],"texture":"#texture"},"west":{"uv":[1.625,8.625,4.625,11.125],"texture":"#texture"},"up":{"uv":[1.5,8.625,5,11.625],"texture":"#texture"},"down":{"uv":[1.875,8.375,5.375,11.375],"texture":"#texture"}}},{"name":"cube","from":[6.125,5,9.25],"to":[7.75,5.25,9.875],"rotation":{"angle":-22.5,"axis":"z","origin":[6.125,5.25,9.25]},"faces":{"north":{"uv":[1.5,1.625,5,4.125],"texture":"#texture"},"east":{"uv":[1.75,1.625,4.75,4.125],"texture":"#texture"},"south":{"uv":[2.25,1.75,5.75,4.25],"texture":"#texture"},"west":{"uv":[2.125,1.75,5.125,4.25],"texture":"#texture"},"up":{"uv":[1.25,1,4.75,4],"texture":"#texture"},"down":{"uv":[1.625,1,5.125,4],"texture":"#texture"}}},{"name":"cube","from":[7.5,4.4375,9.4375],"to":[8,4.6875,9.6875],"rotation":{"angle":-45,"axis":"z","origin":[7.5,4.6875,9.4375]},"faces":{"north":{"uv":[1.375,8.375,4.875,10.875],"texture":"#texture"},"east":{"uv":[1.875,7.625,4.875,10.125],"texture":"#texture"},"south":{"uv":[1.25,8.375,4.75,10.875],"texture":"#texture"},"west":{"uv":[1.625,8.625,4.625,11.125],"texture":"#texture"},"up":{"uv":[1.5,8.625,5,11.625],"texture":"#texture"},"down":{"uv":[1.875,8.375,5.375,11.375],"texture":"#texture"}}},{"name":"cube","from":[5.4375,5,9],"to":[6.1875,5.25,9.25],"rotation":{"angle":-22.5,"axis":"y","origin":[5.4375,5,9]},"faces":{"north":{"uv":[1.5,1.625,5,4.125],"texture":"#texture"},"east":{"uv":[1.75,1.625,4.75,4.125],"texture":"#texture"},"south":{"uv":[2.25,1.75,5.75,4.25],"texture":"#texture"},"west":{"uv":[2.125,1.75,5.125,4.25],"texture":"#texture"},"up":{"uv":[1.25,1,4.75,4],"texture":"#texture"},"down":{"uv":[1.625,1,5.125,4],"texture":"#texture"}}},{"name":"cube","from":[5.375,5,9.875],"to":[6.125,5.25,10.125],"rotation":{"angle":22.5,"axis":"y","origin":[5.375,5,9.875]},"faces":{"north":{"uv":[1.5,1.625,5,4.125],"texture":"#texture"},"east":{"uv":[1.75,1.625,4.75,4.125],"texture":"#texture"},"south":{"uv":[2.25,1.75,5.75,4.25],"texture":"#texture"},"west":{"uv":[2.125,1.75,5.125,4.25],"texture":"#texture"},"up":{"uv":[1.25,1,4.75,4],"texture":"#texture"},"down":{"uv":[1.625,1,5.125,4],"texture":"#texture"}}},{"name":"cube","from":[5.3125,5,9.4375],"to":[6.0625,5.25,9.6875],"faces":{"north":{"uv":[1.5,1.625,5,4.125],"texture":"#texture"},"east":{"uv":[1.75,1.625,4.75,4.125],"texture":"#texture"},"south":{"uv":[2.25,1.75,5.75,4.25],"texture":"#texture"},"west":{"uv":[2.125,1.75,5.125,4.25],"texture":"#texture"},"up":{"uv":[1.25,1,4.75,4],"texture":"#texture"},"down":{"uv":[1.625,1,5.125,4],"texture":"#texture"}}},{"name":"cube","from":[5.0625,4.75,9.5],"to":[5.4375,4.9375,9.625],"rotation":{"angle":45,"axis":"z","origin":[5.0625,4.9375,9.5]},"faces":{"north":{"uv":[1.375,8.375,4.875,10.875],"texture":"#texture"},"east":{"uv":[1.875,7.625,4.875,10.125],"texture":"#texture"},"south":{"uv":[1.25,8.375,4.75,10.875],"texture":"#texture"},"west":{"uv":[1.625,8.625,4.625,11.125],"texture":"#texture"},"up":{"uv":[1.5,8.625,5,11.625],"texture":"#texture"},"down":{"uv":[1.875,8.375,5.375,11.375],"texture":"#texture"}}},{"name":"cube","from":[5.1875,4.75,9.0625],"to":[5.5625,4.9375,9.1875],"rotation":{"angle":45,"axis":"z","origin":[5.1875,4.9375,9.0625]},"faces":{"north":{"uv":[1.375,8.375,4.875,10.875],"texture":"#texture"},"east":{"uv":[1.875,7.625,4.875,10.125],"texture":"#texture"},"south":{"uv":[1.25,8.375,4.75,10.875],"texture":"#texture"},"west":{"uv":[1.625,8.625,4.625,11.125],"texture":"#texture"},"up":{"uv":[1.5,8.625,5,11.625],"texture":"#texture"},"down":{"uv":[1.875,8.375,5.375,11.375],"texture":"#texture"}}},{"name":"cube","from":[5.1875,4.75,9.9375],"to":[5.5625,4.9375,10.0625],"rotation":{"angle":45,"axis":"z","origin":[5.1875,4.9375,9.9375]},"faces":{"north":{"uv":[1.375,8.375,4.875,10.875],"texture":"#texture"},"east":{"uv":[1.875,7.625,4.875,10.125],"texture":"#texture"},"south":{"uv":[1.25,8.375,4.75,10.875],"texture":"#texture"},"west":{"uv":[1.625,8.625,4.625,11.125],"texture":"#texture"},"up":{"uv":[1.5,8.625,5,11.625],"texture":"#texture"},"down":{"uv":[1.875,8.375,5.375,11.375],"texture":"#texture"}}},{"name":"cube","from":[7.61872,4.625,7.225],"to":[7.99372,5.5,7.6],"rotation":{"angle":-45,"axis":"z","origin":[7.61872,5.5,7.225]},"faces":{"north":{"uv":[1.5,1.625,5,4.125],"texture":"#texture"},"east":{"uv":[1.75,1.625,4.75,4.125],"texture":"#texture"},"south":{"uv":[2.25,1.75,5.75,4.25],"texture":"#texture"},"west":{"uv":[2.125,1.75,5.125,4.25],"texture":"#texture"},"up":{"uv":[1.25,1,4.75,4],"texture":"#texture"},"down":{"uv":[1.625,1,5.125,4],"texture":"#texture"}}},{"name":"cube","from":[6.125,5,7.1],"to":[7.75,5.25,7.725],"rotation":{"angle":-22.5,"axis":"z","origin":[6.125,5.25,7.1]},"faces":{"north":{"uv":[1.5,1.625,5,4.125],"texture":"#texture"},"east":{"uv":[1.75,1.625,4.75,4.125],"texture":"#texture"},"south":{"uv":[2.25,1.75,5.75,4.25],"texture":"#texture"},"west":{"uv":[2.125,1.75,5.125,4.25],"texture":"#texture"},"up":{"uv":[1.25,1,4.75,4],"texture":"#texture"},"down":{"uv":[1.625,1,5.125,4],"texture":"#texture"}}},{"name":"cube","from":[7.5,4.4375,7.2875],"to":[8,4.6875,7.5375],"rotation":{"angle":-45,"axis":"z","origin":[7.5,4.6875,7.2875]},"faces":{"north":{"uv":[1.375,8.375,4.875,10.875],"texture":"#texture"},"east":{"uv":[1.875,7.625,4.875,10.125],"texture":"#texture"},"south":{"uv":[1.25,8.375,4.75,10.875],"texture":"#texture"},"west":{"uv":[1.625,8.625,4.625,11.125],"texture":"#texture"},"up":{"uv":[1.5,8.625,5,11.625],"texture":"#texture"},"down":{"uv":[1.875,8.375,5.375,11.375],"texture":"#texture"}}},{"name":"cube","from":[5.4375,5,6.85],"to":[6.1875,5.25,7.1],"rotation":{"angle":-22.5,"axis":"y","origin":[5.4375,5,6.85]},"faces":{"north":{"uv":[1.5,1.625,5,4.125],"texture":"#texture"},"east":{"uv":[1.75,1.625,4.75,4.125],"texture":"#texture"},"south":{"uv":[2.25,1.75,5.75,4.25],"texture":"#texture"},"west":{"uv":[2.125,1.75,5.125,4.25],"texture":"#texture"},"up":{"uv":[1.25,1,4.75,4],"texture":"#texture"},"down":{"uv":[1.625,1,5.125,4],"texture":"#texture"}}},{"name":"cube","from":[5.375,5,7.725],"to":[6.125,5.25,7.975],"rotation":{"angle":22.5,"axis":"y","origin":[5.375,5,7.725]},"faces":{"north":{"uv":[1.5,1.625,5,4.125],"texture":"#texture"},"east":{"uv":[1.75,1.625,4.75,4.125],"texture":"#texture"},"south":{"uv":[2.25,1.75,5.75,4.25],"texture":"#texture"},"west":{"uv":[2.125,1.75,5.125,4.25],"texture":"#texture"},"up":{"uv":[1.25,1,4.75,4],"texture":"#texture"},"down":{"uv":[1.625,1,5.125,4],"texture":"#texture"}}},{"name":"cube","from":[5.3125,5,7.2875],"to":[6.0625,5.25,7.5375],"faces":{"north":{"uv":[1.5,1.625,5,4.125],"texture":"#texture"},"east":{"uv":[1.75,1.625,4.75,4.125],"texture":"#texture"},"south":{"uv":[2.25,1.75,5.75,4.25],"texture":"#texture"},"west":{"uv":[2.125,1.75,5.125,4.25],"texture":"#texture"},"up":{"uv":[1.25,1,4.75,4],"texture":"#texture"},"down":{"uv":[1.625,1,5.125,4],"texture":"#texture"}}},{"name":"cube","from":[5.0625,4.75,7.35],"to":[5.4375,4.9375,7.475],"rotation":{"angle":45,"axis":"z","origin":[5.0625,4.9375,7.35]},"faces":{"north":{"uv":[1.375,8.375,4.875,10.875],"texture":"#texture"},"east":{"uv":[1.875,7.625,4.875,10.125],"texture":"#texture"},"south":{"uv":[1.25,8.375,4.75,10.875],"texture":"#texture"},"west":{"uv":[1.625,8.625,4.625,11.125],"texture":"#texture"},"up":{"uv":[1.5,8.625,5,11.625],"texture":"#texture"},"down":{"uv":[1.875,8.375,5.375,11.375],"texture":"#texture"}}},{"name":"cube","from":[5.1875,4.75,6.9125],"to":[5.5625,4.9375,7.0375],"rotation":{"angle":45,"axis":"z","origin":[5.1875,4.9375,6.9125]},"faces":{"north":{"uv":[1.375,8.375,4.875,10.875],"texture":"#texture"},"east":{"uv":[1.875,7.625,4.875,10.125],"texture":"#texture"},"south":{"uv":[1.25,8.375,4.75,10.875],"texture":"#texture"},"west":{"uv":[1.625,8.625,4.625,11.125],"texture":"#texture"},"up":{"uv":[1.5,8.625,5,11.625],"texture":"#texture"},"down":{"uv":[1.875,8.375,5.375,11.375],"texture":"#texture"}}},{"name":"cube","from":[5.1875,4.75,7.7875],"to":[5.5625,4.9375,7.9125],"rotation":{"angle":45,"axis":"z","origin":[5.1875,4.9375,7.7875]},"faces":{"north":{"uv":[1.375,8.375,4.875,10.875],"texture":"#texture"},"east":{"uv":[1.875,7.625,4.875,10.125],"texture":"#texture"},"south":{"uv":[1.25,8.375,4.75,10.875],"texture":"#texture"},"west":{"uv":[1.625,8.625,4.625,11.125],"texture":"#texture"},"up":{"uv":[1.5,8.625,5,11.625],"texture":"#texture"},"down":{"uv":[1.875,8.375,5.375,11.375],"texture":"#texture"}}},{"name":"cube","from":[6.125,5,7.1],"to":[7.75,5.25,7.725],"rotation":{"angle":-22.5,"axis":"z","origin":[6.125,5.25,7.1]},"faces":{"north":{"uv":[1.5,1.625,5,4.125],"texture":"#texture"},"east":{"uv":[1.75,1.625,4.75,4.125],"texture":"#texture"},"south":{"uv":[2.25,1.75,5.75,4.25],"texture":"#texture"},"west":{"uv":[2.125,1.75,5.125,4.25],"texture":"#texture"},"up":{"uv":[1.25,1,4.75,4],"texture":"#texture"},"down":{"uv":[1.625,1,5.125,4],"texture":"#texture"}}},{"name":"cube","from":[7.5,4.4375,7.2875],"to":[8,4.6875,7.5375],"rotation":{"angle":-45,"axis":"z","origin":[7.5,4.6875,7.2875]},"faces":{"north":{"uv":[1.375,8.375,4.875,10.875],"texture":"#texture"},"east":{"uv":[1.875,7.625,4.875,10.125],"texture":"#texture"},"south":{"uv":[1.25,8.375,4.75,10.875],"texture":"#texture"},"west":{"uv":[1.625,8.625,4.625,11.125],"texture":"#texture"},"up":{"uv":[1.5,8.625,5,11.625],"texture":"#texture"},"down":{"uv":[1.875,8.375,5.375,11.375],"texture":"#texture"}}},{"name":"cube","from":[5.4375,5,6.85],"to":[6.1875,5.25,7.1],"rotation":{"angle":-22.5,"axis":"y","origin":[5.4375,5,6.85]},"faces":{"north":{"uv":[1.5,1.625,5,4.125],"texture":"#texture"},"east":{"uv":[1.75,1.625,4.75,4.125],"texture":"#texture"},"south":{"uv":[2.25,1.75,5.75,4.25],"texture":"#texture"},"west":{"uv":[2.125,1.75,5.125,4.25],"texture":"#texture"},"up":{"uv":[1.25,1,4.75,4],"texture":"#texture"},"down":{"uv":[1.625,1,5.125,4],"texture":"#texture"}}},{"name":"cube","from":[5.375,5,7.725],"to":[6.125,5.25,7.975],"rotation":{"angle":22.5,"axis":"y","origin":[5.375,5,7.725]},"faces":{"north":{"uv":[1.5,1.625,5,4.125],"texture":"#texture"},"east":{"uv":[1.75,1.625,4.75,4.125],"texture":"#texture"},"south":{"uv":[2.25,1.75,5.75,4.25],"texture":"#texture"},"west":{"uv":[2.125,1.75,5.125,4.25],"texture":"#texture"},"up":{"uv":[1.25,1,4.75,4],"texture":"#texture"},"down":{"uv":[1.625,1,5.125,4],"texture":"#texture"}}},{"name":"cube","from":[5.3125,5,7.2875],"to":[6.0625,5.25,7.5375],"faces":{"north":{"uv":[1.5,1.625,5,4.125],"texture":"#texture"},"east":{"uv":[1.75,1.625,4.75,4.125],"texture":"#texture"},"south":{"uv":[2.25,1.75,5.75,4.25],"texture":"#texture"},"west":{"uv":[2.125,1.75,5.125,4.25],"texture":"#texture"},"up":{"uv":[1.25,1,4.75,4],"texture":"#texture"},"down":{"uv":[1.625,1,5.125,4],"texture":"#texture"}}},{"name":"cube","from":[5.0625,4.75,7.35],"to":[5.4375,4.9375,7.475],"rotation":{"angle":45,"axis":"z","origin":[5.0625,4.9375,7.35]},"faces":{"north":{"uv":[1.375,8.375,4.875,10.875],"texture":"#texture"},"east":{"uv":[1.875,7.625,4.875,10.125],"texture":"#texture"},"south":{"uv":[1.25,8.375,4.75,10.875],"texture":"#texture"},"west":{"uv":[1.625,8.625,4.625,11.125],"texture":"#texture"},"up":{"uv":[1.5,8.625,5,11.625],"texture":"#texture"},"down":{"uv":[1.875,8.375,5.375,11.375],"texture":"#texture"}}},{"name":"cube","from":[5.1875,4.75,6.9125],"to":[5.5625,4.9375,7.0375],"rotation":{"angle":45,"axis":"z","origin":[5.1875,4.9375,6.9125]},"faces":{"north":{"uv":[1.375,8.375,4.875,10.875],"texture":"#texture"},"east":{"uv":[1.875,7.625,4.875,10.125],"texture":"#texture"},"south":{"uv":[1.25,8.375,4.75,10.875],"texture":"#texture"},"west":{"uv":[1.625,8.625,4.625,11.125],"texture":"#texture"},"up":{"uv":[1.5,8.625,5,11.625],"texture":"#texture"},"down":{"uv":[1.875,8.375,5.375,11.375],"texture":"#texture"}}},{"name":"cube","from":[5.1875,4.75,7.7875],"to":[5.5625,4.9375,7.9125],"rotation":{"angle":45,"axis":"z","origin":[5.1875,4.9375,7.7875]},"faces":{"north":{"uv":[1.375,8.375,4.875,10.875],"texture":"#texture"},"east":{"uv":[1.875,7.625,4.875,10.125],"texture":"#texture"},"south":{"uv":[1.25,8.375,4.75,10.875],"texture":"#texture"},"west":{"uv":[1.625,8.625,4.625,11.125],"texture":"#texture"},"up":{"uv":[1.5,8.625,5,11.625],"texture":"#texture"},"down":{"uv":[1.875,8.375,5.375,11.375],"texture":"#texture"}}},{"name":"cube","from":[7.5,5.75,9.125],"to":[8.4375,7,10],"faces":{"north":{"uv":[11,1.75,14.5,4.25],"texture":"#texture"},"east":{"uv":[11.5,1.75,14.5,4.25],"texture":"#texture"},"south":{"uv":[11.75,2,15.25,4.5],"texture":"#texture"},"west":{"uv":[11,1.25,14,3.75],"texture":"#texture"},"up":{"uv":[11.5,1.25,15,4.25],"texture":"#texture"},"down":{"uv":[11,1.25,14.5,4.25],"texture":"#texture"}}},{"name":"cube","from":[7.5,5.75,7],"to":[8.4375,7,7.875],"faces":{"north":{"uv":[11,1.75,14.5,4.25],"texture":"#texture"},"east":{"uv":[11.5,1.75,14.5,4.25],"texture":"#texture"},"south":{"uv":[11.75,2,15.25,4.5],"texture":"#texture"},"west":{"uv":[11,1.25,14,3.75],"texture":"#texture"},"up":{"uv":[11.5,1.25,15,4.25],"texture":"#texture"},"down":{"uv":[11,1.25,14.5,4.25],"texture":"#texture"}}},{"name":"cube","from":[9.3125,7.4375,9.125],"to":[11.1875,8.875,10.25],"rotation":{"angle":45,"axis":"y","origin":[9.3125,7.4375,9.125]},"faces":{"north":{"uv":[2.25,8.5,5.75,11],"texture":"#texture"},"east":{"uv":[1.5,8.25,4.5,10.75],"texture":"#texture"},"south":{"uv":[1.5,8.75,5,11.25],"texture":"#texture"},"west":{"uv":[2.25,8.5,5.25,11],"texture":"#texture"},"up":{"uv":[1.75,8.5,5.25,11.5],"texture":"#texture"},"down":{"uv":[1.5,8,5,11],"texture":"#texture"}}},{"name":"cube","from":[10.125,7.4375,7.0625],"to":[12,8.875,8.1875],"rotation":{"angle":-45,"axis":"y","origin":[10.125,7.4375,7.0625]},"faces":{"north":{"uv":[2.25,8.5,5.75,11],"texture":"#texture"},"east":{"uv":[1.5,8.25,4.5,10.75],"texture":"#texture"},"south":{"uv":[1.5,8.75,5,11.25],"texture":"#texture"},"west":{"uv":[2.25,8.5,5.25,11],"texture":"#texture"},"up":{"uv":[1.75,8.5,5.25,11.5],"texture":"#texture"},"down":{"uv":[1.5,8,5,11],"texture":"#texture"}}},{"name":"cube","from":[10.98,7.4375,8.4375],"to":[11.355,8.875,8.875],"rotation":{"angle":45,"axis":"y","origin":[10.98,7.4375,8.4375]},"faces":{"north":{"uv":[2.25,8.5,5.75,11],"texture":"#texture"},"east":{"uv":[1.5,8.25,4.5,10.75],"texture":"#texture"},"south":{"uv":[1.5,8.75,5,11.25],"texture":"#texture"},"west":{"uv":[2.25,8.5,5.25,11],"texture":"#texture"},"up":{"uv":[1.75,8.5,5.25,11.5],"texture":"#texture"},"down":{"uv":[1.5,8,5,11],"texture":"#texture"}}},{"name":"cube","from":[10.125,8.0625,4],"to":[20,8.125,8.5],"rotation":{"angle":22.5,"axis":"z","origin":[10.125,8.125,4]},"faces":{"up":{"uv":[1.375,0.25,14,4.25],"texture":"#tail"},"down":{"uv":[1.5,4.25,14,0.25],"texture":"#tail"}}},{"name":"cube","from":[10.125,8.0625,8.5],"to":[20,8.125,13],"rotation":{"angle":22.5,"axis":"z","origin":[10.125,8.125,8.5]},"faces":{"up":{"uv":[1.375,4.25,14,0.25],"texture":"#tail"},"down":{"uv":[1.5,0.25,14,4.25],"texture":"#tail"}}}],"display":{"head":{"rotation":[0,-90,0],"translation":[0,-2,5],"scale":[3.5,3,3]},"gui":{"rotation":[30,50,0],"translation":[1,0,0],"scale":[0.6,0.6,0.6]},"thirdperson_righthand":{"scale":[0,0,0]},"thirdperson_lefthand":{"scale":[0,0,0]},"firstperson_righthand":{"scale":[0,0,0]},"firstperson_lefthand":{"scale":[0,0,0]}}}