{"__comment":"Made by MadstonMagic","textures":{"0":"pokemon_skins/regular/vigoroth/slakoth","1":"pokemon_skins/regular/vigoroth/head_front","2":"pokemon_skins/regular/vigoroth/fur_side","3":"pokemon_skins/regular/vigoroth/tail","4":"pokemon_skins/regular/vigoroth/fur_front","5":"pokemon_skins/regular/vigoroth/spot"},"elements":[{"from":[6.5,9.5,6.5],"to":[8.0,13.5,9.5],"faces":{"north":{"texture":"#0","uv":[8.0,13.0,10.5,15.5]},"east":{"texture":"#0","uv":[8.0,13.0,10.5,15.5]},"south":{"texture":"#0","uv":[8.0,13.0,10.5,15.5]},"west":{"texture":"#0","uv":[8.5,12.75,11.0,15.25]},"up":{"texture":"#0","uv":[8.0,13.0,10.5,15.5]},"down":{"texture":"#0","uv":[8.0,13.0,10.5,15.5]}}},{"from":[6.5,10.5,6.075],"to":[8.0,12.5,9.915],"faces":{"north":{"texture":"#0","uv":[8.0,13.0,10.5,15.5]},"east":{"texture":"#0","uv":[8.0,13.0,10.5,15.5]},"south":{"texture":"#0","uv":[8.0,13.0,10.5,15.5]},"west":{"texture":"#0","uv":[8.0,13.0,10.5,15.5]},"up":{"texture":"#0","uv":[8.0,13.0,10.5,15.5]},"down":{"texture":"#0","uv":[8.0,13.0,10.5,15.5]}}},{"from":[5.5,10.5,6.5],"to":[9.0,12.5,9.5],"faces":{"north":{"texture":"#0","uv":[8.0,13.0,10.5,15.5]},"east":{"texture":"#0","uv":[8.0,13.0,10.5,15.5]},"south":{"texture":"#0","uv":[8.0,13.0,10.5,15.5]},"west":{"texture":"#0","uv":[8.0,13.0,10.5,15.5]},"up":{"texture":"#0","uv":[8.0,13.0,10.5,15.5]},"down":{"texture":"#0","uv":[8.0,13.0,10.5,15.5]}}},{"from":[5.5,11.5,6.5],"to":[6.91,12.5,9.5],"rotation":{"origin":[5.5,12.5,6.5],"axis":"z","angle":45.0},"faces":{"north":{"texture":"#0","uv":[8.0,13.0,10.5,15.5]},"east":{"texture":"#0","uv":[8.0,13.0,10.5,15.5]},"south":{"texture":"#0","uv":[8.0,13.0,10.5,15.5]},"west":{"texture":"#0","uv":[8.0,13.0,10.5,15.5]},"up":{"texture":"#0","uv":[8.0,13.0,10.5,15.5]},"down":{"texture":"#0","uv":[8.0,13.0,10.5,15.5]}}},{"from":[8.0,12.5,6.5],"to":[9.41,13.5,9.5],"rotation":{"origin":[8.0,13.5,6.5],"axis":"z","angle":-45.0},"faces":{"north":{"texture":"#0","uv":[8.0,13.0,10.5,15.5]},"east":{"texture":"#0","uv":[8.0,13.0,10.5,15.5]},"south":{"texture":"#0","uv":[8.0,13.0,10.5,15.5]},"west":{"texture":"#0","uv":[8.0,13.0,10.5,15.5]},"up":{"texture":"#0","uv":[8.0,13.0,10.5,15.5]},"down":{"texture":"#0","uv":[8.0,13.0,10.5,15.5]}}},{"from":[7.2925,9.2075,6.5],"to":[8.7025,10.2075,9.5],"rotation":{"origin":[7.2925,10.2075,6.5],"axis":"z","angle":45.0},"faces":{"north":{"texture":"#0","uv":[8.0,13.0,10.5,15.5]},"east":{"texture":"#0","uv":[8.0,13.0,10.5,15.5]},"south":{"texture":"#0","uv":[8.0,13.0,10.5,15.5]},"west":{"texture":"#0","uv":[8.0,13.0,10.5,15.5]},"up":{"texture":"#0","uv":[8.0,13.0,10.5,15.5]},"down":{"texture":"#0","uv":[8.0,13.0,10.5,15.5]}}},{"from":[6.5,11.4,5.5],"to":[8.0,12.5,6.91],"rotation":{"origin":[6.5,10.5,8.5],"axis":"x","angle":22.5},"faces":{"north":{"texture":"#0","uv":[8.0,13.0,10.5,15.5]},"east":{"texture":"#0","uv":[8.0,13.0,10.5,15.5]},"south":{"texture":"#0","uv":[8.0,13.0,10.5,15.5]},"west":{"texture":"#0","uv":[8.0,13.0,10.5,15.5]},"up":{"texture":"#0","uv":[8.0,13.0,10.5,15.5]},"down":{"texture":"#0","uv":[8.0,13.0,10.5,15.5]}}},{"from":[6.5,10.2075,6.20711],"to":[8.0,11.3075,7.61711],"rotation":{"origin":[6.5,10.6075,8.10711],"axis":"x","angle":-22.5},"faces":{"north":{"texture":"#0","uv":[8.0,13.0,10.5,15.5]},"east":{"texture":"#0","uv":[8.0,13.0,10.5,15.5]},"south":{"texture":"#0","uv":[8.0,13.0,10.5,15.5]},"west":{"texture":"#0","uv":[8.0,13.0,10.5,15.5]},"up":{"texture":"#0","uv":[8.0,13.0,10.5,15.5]},"down":{"texture":"#0","uv":[8.0,13.0,10.5,15.5]}}},{"from":[6.5,9.2075,8.7925],"to":[8.0,10.3075,10.2025],"rotation":{"origin":[6.5,11.1075,10.5925],"axis":"x","angle":22.5},"faces":{"north":{"texture":"#0","uv":[8.0,13.0,10.5,15.5]},"east":{"texture":"#0","uv":[8.0,13.0,10.5,15.5]},"south":{"texture":"#0","uv":[8.0,13.0,10.5,15.5]},"west":{"texture":"#0","uv":[8.0,13.0,10.5,15.5]},"up":{"texture":"#0","uv":[8.0,13.0,10.5,15.5]},"down":{"texture":"#0","uv":[8.0,13.0,10.5,15.5]}}},{"from":[6.5,12.4,8.2],"to":[7.975,13.5,9.61],"rotation":{"origin":[6.5,13.2,9.6],"axis":"x","angle":-22.5},"faces":{"north":{"texture":"#0","uv":[8.0,13.0,10.5,15.5]},"east":{"texture":"#0","uv":[8.0,13.0,10.5,15.5]},"south":{"texture":"#0","uv":[8.0,13.0,10.5,15.5]},"west":{"texture":"#0","uv":[8.0,13.0,10.5,15.5]},"up":{"texture":"#0","uv":[8.0,13.0,10.5,15.5]},"down":{"texture":"#0","uv":[8.0,13.0,10.5,15.5]}}},{"from":[5.5,10.5,6.5],"to":[6.61,12.5,7.5],"rotation":{"origin":[5.5,10.5,6.5],"axis":"y","angle":22.5},"faces":{"north":{"texture":"#0","uv":[8.0,13.0,10.5,15.5]},"east":{"texture":"#0","uv":[8.0,13.0,10.5,15.5]},"south":{"texture":"#0","uv":[8.0,13.0,10.5,15.5]},"west":{"texture":"#0","uv":[8.0,13.0,10.5,15.5]},"up":{"texture":"#0","uv":[8.0,13.0,10.5,15.5]},"down":{"texture":"#0","uv":[8.0,13.0,10.5,15.5]}}},{"from":[8.3,10.5,5.5],"to":[9.41,12.5,6.5],"rotation":{"origin":[6.7,11.8,4.9],"axis":"y","angle":-22.5},"faces":{"north":{"texture":"#0","uv":[8.0,13.0,10.5,15.5]},"east":{"texture":"#0","uv":[8.0,13.0,10.5,15.5]},"south":{"texture":"#0","uv":[8.0,13.0,10.5,15.5]},"west":{"texture":"#0","uv":[8.0,13.0,10.5,15.5]},"up":{"texture":"#0","uv":[8.0,13.0,10.5,15.5]},"down":{"texture":"#0","uv":[8.0,13.0,10.5,15.5]}}},{"from":[6.2075,10.5,8.7925],"to":[7.3175,12.5,9.7925],"rotation":{"origin":[6.6075,10.5,7.8925],"axis":"y","angle":-22.5},"faces":{"north":{"texture":"#0","uv":[8.0,13.0,10.5,15.5]},"east":{"texture":"#0","uv":[8.0,13.0,10.5,15.5]},"south":{"texture":"#0","uv":[8.0,13.0,10.5,15.5]},"west":{"texture":"#0","uv":[8.0,13.0,10.5,15.5]},"up":{"texture":"#0","uv":[8.0,13.0,10.5,15.5]},"down":{"texture":"#0","uv":[8.0,13.0,10.5,15.5]}}},{"from":[7.5925,10.5,9.7925],"to":[8.7025,12.5,10.7925],"rotation":{"origin":[5.6,10.5,9.3925],"axis":"y","angle":22.5},"faces":{"north":{"texture":"#0","uv":[8.0,13.0,10.5,15.5]},"east":{"texture":"#0","uv":[8.0,13.0,10.5,15.5]},"south":{"texture":"#0","uv":[8.0,13.0,10.5,15.5]},"west":{"texture":"#0","uv":[8.0,13.0,10.5,15.5]},"up":{"texture":"#0","uv":[8.0,13.0,10.5,15.5]},"down":{"texture":"#0","uv":[8.0,13.0,10.5,15.5]}}},{"from":[7.0,13.25,5.75],"to":[7.75,13.75,7.0],"rotation":{"origin":[7.0,13.75,5.75],"axis":"x","angle":22.5},"faces":{"north":{"texture":"#0","uv":[8.0,13.0,10.5,15.5]},"east":{"texture":"#0","uv":[8.0,13.0,10.5,15.5]},"south":{"texture":"#0","uv":[8.0,13.0,10.5,15.5]},"west":{"texture":"#0","uv":[8.0,13.0,10.5,15.5]},"up":{"texture":"#0","uv":[8.0,13.0,10.5,15.5]},"down":{"texture":"#0","uv":[8.0,13.0,10.5,15.5]}}},{"from":[7.0,12.0625,5.5625],"to":[7.75,13.3125,6.0625],"rotation":{"origin":[7.0,13.3125,5.5625],"axis":"x","angle":-22.5},"faces":{"north":{"texture":"#0","uv":[8.0,13.0,10.5,15.5]},"east":{"texture":"#0","uv":[8.0,13.0,10.5,15.5]},"south":{"texture":"#0","uv":[8.0,13.0,10.5,15.5]},"west":{"texture":"#0","uv":[8.0,13.0,10.5,15.5]},"up":{"texture":"#0","uv":[8.0,13.0,10.5,15.5]},"down":{"texture":"#0","uv":[8.0,13.0,10.5,15.5]}}},{"from":[7.0,12.75,6.1],"to":[7.75,13.25,9.9],"faces":{"north":{"texture":"#0","uv":[8.0,13.0,10.5,15.5]},"east":{"texture":"#0","uv":[8.0,13.0,10.5,15.5]},"south":{"texture":"#0","uv":[8.0,13.0,10.5,15.5]},"west":{"texture":"#0","uv":[8.0,13.0,10.5,15.5]},"up":{"texture":"#0","uv":[8.0,13.0,10.5,15.5]},"down":{"texture":"#0","uv":[8.0,13.0,10.5,15.5]}}},{"from":[7.0,12.75,9.1],"to":[7.75,13.25,10.35],"rotation":{"origin":[7.0,13.25,9.1],"axis":"x","angle":-22.5},"faces":{"north":{"texture":"#0","uv":[8.0,13.0,10.5,15.5]},"east":{"texture":"#0","uv":[8.0,13.0,10.5,15.5]},"south":{"texture":"#0","uv":[8.0,13.0,10.5,15.5]},"west":{"texture":"#0","uv":[8.0,13.0,10.5,15.5]},"up":{"texture":"#0","uv":[8.0,13.0,10.5,15.5]},"down":{"texture":"#0","uv":[8.0,13.0,10.5,15.5]}}},{"from":[7.0,12.1875,9.9975],"to":[7.75,13.4375,10.4975],"rotation":{"origin":[7.0,13.4375,9.9975],"axis":"x","angle":22.5},"faces":{"north":{"texture":"#0","uv":[8.0,13.0,10.5,15.5]},"east":{"texture":"#0","uv":[8.0,13.0,10.5,15.5]},"south":{"texture":"#0","uv":[8.0,13.0,10.5,15.5]},"west":{"texture":"#0","uv":[8.0,13.0,10.5,15.5]},"up":{"texture":"#0","uv":[8.0,13.0,10.5,15.5]},"down":{"texture":"#0","uv":[8.0,13.0,10.5,15.5]}}},{"from":[6.25,11.4,6.95],"to":[6.3125,14.4,9.05],"rotation":{"origin":[6.25,14.4,6.75],"axis":"z","angle":-22.5},"faces":{"east":{"texture":"#1","uv":[0.5,0.25,10.5,15.75]},"west":{"texture":"#1","uv":[10.5,0.25,0.5,15.75]}}},{"from":[5.25,10.65,7.375],"to":[5.625,11.275,8.625],"faces":{"north":{"texture":"#0","uv":[12.75,4.5,14.5,6.25]},"east":{"texture":"#0","uv":[12.75,4.5,14.75,6.25]},"south":{"texture":"#0","uv":[13.0,4.25,14.75,6.0]},"west":{"texture":"#0","uv":[12.75,4.5,14.75,6.25]},"up":{"texture":"#0","uv":[13.0,4.75,14.75,6.75]},"down":{"texture":"#0","uv":[13.0,4.5,14.75,6.5]}}},{"from":[5.495,11.15,6.5],"to":[5.995,12.275,7.625],"faces":{"west":{"texture":"#0","uv":[0.25,0.25,10.75,10.75]}}},{"from":[5.495,11.15,8.375],"to":[5.995,12.275,9.5],"faces":{"west":{"texture":"#0","uv":[10.75,0.25,0.25,10.75]}}},{"from":[6.2,9.75,6.495],"to":[6.55,10.5,6.745],"faces":{"north":{"texture":"#0","uv":[1.25,13.5,3.0,15.25]},"east":{"texture":"#0","uv":[0.75,13.75,2.75,15.5]},"south":{"texture":"#0","uv":[1.0,13.5,2.75,15.25]},"west":{"texture":"#0","uv":[0.75,13.25,2.75,15.0]},"up":{"texture":"#0","uv":[1.5,13.0,3.25,15.0]},"down":{"texture":"#0","uv":[1.5,13.0,3.25,15.0]}}},{"from":[6.2,9.75,9.255],"to":[6.55,10.5,9.505],"faces":{"north":{"texture":"#0","uv":[1.25,13.5,3.0,15.25]},"east":{"texture":"#0","uv":[0.75,13.75,2.75,15.5]},"south":{"texture":"#0","uv":[1.0,13.5,2.75,15.25]},"west":{"texture":"#0","uv":[0.75,13.25,2.75,15.0]},"up":{"texture":"#0","uv":[1.5,13.0,3.25,15.0]},"down":{"texture":"#0","uv":[1.5,13.0,3.25,15.0]}}},{"from":[6.2,9.0,6.5],"to":[6.55,9.75,6.75],"rotation":{"origin":[5.5,9.75,6.5],"axis":"x","angle":-45.0},"faces":{"north":{"texture":"#0","uv":[1.25,13.5,3.0,15.25]},"east":{"texture":"#0","uv":[0.75,13.75,2.75,15.5]},"south":{"texture":"#0","uv":[1.0,13.5,2.75,15.25]},"west":{"texture":"#0","uv":[0.75,13.25,2.75,15.0]},"up":{"texture":"#0","uv":[1.5,13.0,3.25,15.0]},"down":{"texture":"#0","uv":[1.5,13.0,3.25,15.0]}}},{"from":[6.2,9.1775,9.3225],"to":[6.55,9.9275,9.5725],"rotation":{"origin":[5.5,9.9275,9.3225],"axis":"x","angle":45.0},"faces":{"north":{"texture":"#0","uv":[1.25,13.5,3.0,15.25]},"east":{"texture":"#0","uv":[0.75,13.75,2.75,15.5]},"south":{"texture":"#0","uv":[1.0,13.5,2.75,15.25]},"west":{"texture":"#0","uv":[0.75,13.25,2.75,15.0]},"up":{"texture":"#0","uv":[1.5,13.0,3.25,15.0]},"down":{"texture":"#0","uv":[1.5,13.0,3.25,15.0]}}},{"from":[5.7,9.22,7.04],"to":[6.55,9.47,8.9775],"faces":{"north":{"texture":"#0","uv":[1.25,13.5,3.0,15.25]},"east":{"texture":"#0","uv":[0.75,13.75,2.75,15.5]},"south":{"texture":"#0","uv":[1.0,13.5,2.75,15.25]},"west":{"texture":"#0","uv":[0.75,13.25,2.75,15.0]},"up":{"texture":"#0","uv":[1.5,13.0,3.25,15.0]},"down":{"texture":"#0","uv":[1.5,13.0,3.25,15.0]}}},{"from":[6.225,9.25,7.25],"to":[6.975,9.55,8.75],"rotation":{"origin":[6.025,8.55,7.15],"axis":"z","angle":22.5},"faces":{"north":{"texture":"#0","uv":[13.0,8.25,14.75,10.0]},"east":{"texture":"#0","uv":[13.0,8.0,15.0,9.75]},"south":{"texture":"#0","uv":[13.25,8.25,15.0,10.0]},"west":{"texture":"#0","uv":[13.0,8.0,15.0,9.75]},"up":{"texture":"#0","uv":[12.75,7.75,14.5,9.75]},"down":{"texture":"#0","uv":[13.25,7.5,15.0,9.5]}}},{"from":[5.575,10.48,6.75],"to":[6.675,10.5125,9.25],"faces":{"north":{"texture":"#0","uv":[13.0,11.75,14.75,13.5]},"east":{"texture":"#0","uv":[13.25,11.5,15.25,13.25]},"south":{"texture":"#0","uv":[13.25,12.0,15.0,13.75]},"west":{"texture":"#0","uv":[13.25,11.25,15.25,13.0]},"up":{"texture":"#0","uv":[13.0,11.25,14.75,13.25]},"down":{"texture":"#0","uv":[13.25,11.0,15.0,13.0]}}},{"from":[6.3625,9.5625,6.6875],"to":[6.9875,10.5,9.3125],"faces":{"north":{"texture":"#0","uv":[13.0,11.75,14.75,13.5]},"east":{"texture":"#0","uv":[13.25,11.5,15.25,13.25]},"south":{"texture":"#0","uv":[13.25,12.0,15.0,13.75]},"west":{"texture":"#0","uv":[13.25,11.25,15.25,13.0]},"up":{"texture":"#0","uv":[13.0,11.25,14.75,13.25]},"down":{"texture":"#0","uv":[13.25,11.0,15.0,13.0]}}},{"from":[5.8625,9.375,7.0],"to":[6.4875,9.5625,9.0625],"faces":{"north":{"texture":"#0","uv":[13.0,11.75,14.75,13.5]},"east":{"texture":"#0","uv":[13.25,11.5,15.25,13.25]},"south":{"texture":"#0","uv":[13.25,12.0,15.0,13.75]},"west":{"texture":"#0","uv":[13.25,11.25,15.25,13.0]},"up":{"texture":"#0","uv":[13.0,11.25,14.75,13.25]},"down":{"texture":"#0","uv":[13.25,11.0,15.0,13.0]}}},{"from":[5.51,10.225,6.875],"to":[6.51,10.5,7.125],"faces":{"west":{"texture":"#2","uv":[0.75,10.5,3.5,14.5]}}},{"from":[5.51,10.225,8.875],"to":[6.51,10.5,9.125],"faces":{"west":{"texture":"#2","uv":[0.75,10.5,3.5,14.5]}}},{"from":[5.7625,9.45,8.5],"to":[6.7625,9.725,8.75],"faces":{"west":{"texture":"#2","uv":[0.75,10.5,3.5,14.5],"rotation":180}}},{"from":[5.7625,9.45,7.25],"to":[6.7625,9.725,7.5],"faces":{"west":{"texture":"#2","uv":[0.75,10.5,3.5,14.5],"rotation":180}}},{"from":[6.8,6.5,5.45],"to":[10.75,9.0,10.55],"faces":{"north":{"texture":"#0","uv":[8.0,13.0,10.5,15.5]},"east":{"texture":"#0","uv":[8.0,13.0,10.5,15.5]},"south":{"texture":"#0","uv":[8.0,13.0,10.5,15.5]},"west":{"texture":"#0","uv":[8.0,13.0,10.5,15.5]},"up":{"texture":"#0","uv":[8.0,13.0,10.5,15.5]},"down":{"texture":"#0","uv":[8.0,13.0,10.5,15.5]}}},{"from":[6.8,4.45,5.45],"to":[11.4,6.5,10.55],"rotation":{"origin":[6.8,6.5,6.25],"axis":"z","angle":22.5},"faces":{"north":{"texture":"#0","uv":[8.0,13.0,10.5,15.5]},"east":{"texture":"#0","uv":[8.0,13.0,10.5,15.5]},"south":{"texture":"#0","uv":[8.0,13.0,10.5,15.5]},"west":{"texture":"#0","uv":[8.0,13.0,10.5,15.5]},"up":{"texture":"#0","uv":[8.0,13.0,10.5,15.5]},"down":{"texture":"#0","uv":[8.0,13.0,10.5,15.5]}}},{"from":[6.75,6.25,6.45],"to":[9.25,9.75,9.55],"rotation":{"origin":[6.75,9.45,6.25],"axis":"z","angle":45.0},"faces":{"north":{"texture":"#0","uv":[8.0,13.0,10.5,15.5]},"east":{"texture":"#0","uv":[8.0,13.0,10.5,15.5]},"south":{"texture":"#0","uv":[8.0,13.0,10.5,15.5]},"west":{"texture":"#0","uv":[8.0,13.0,10.5,15.5]},"up":{"texture":"#0","uv":[8.0,13.0,10.5,15.5]},"down":{"texture":"#0","uv":[8.0,13.0,10.5,15.5]}}},{"from":[9.01,7.26,5.45],"to":[10.91,8.26,10.55],"rotation":{"origin":[9.01,8.26,6.25],"axis":"z","angle":22.5},"faces":{"north":{"texture":"#0","uv":[8.0,13.0,10.5,15.5]},"east":{"texture":"#0","uv":[8.0,13.0,10.5,15.5]},"south":{"texture":"#0","uv":[8.0,13.0,10.5,15.5]},"west":{"texture":"#0","uv":[8.0,13.0,10.5,15.5]},"up":{"texture":"#0","uv":[8.0,13.0,10.5,15.5]},"down":{"texture":"#0","uv":[8.0,13.0,10.5,15.5]}}},{"from":[7.5,7.375,9.1875],"to":[9.5,10.125,13.6875],"rotation":{"origin":[7.5,10.125,9.1875],"axis":"x","angle":22.5},"faces":{"north":{"texture":"#0","uv":[8.0,13.0,10.5,15.5]},"east":{"texture":"#0","uv":[8.0,13.0,10.5,15.5]},"south":{"texture":"#0","uv":[8.0,13.0,10.5,15.5]},"west":{"texture":"#0","uv":[8.0,13.0,10.5,15.5]},"up":{"texture":"#0","uv":[8.0,13.0,10.5,15.5]},"down":{"texture":"#0","uv":[8.0,13.0,10.5,15.5]}}},{"from":[7.5,5.5625,2.6875],"to":[9.5,8.3125,7.1875],"rotation":{"origin":[7.5,8.3125,2.6875],"axis":"x","angle":-22.5},"faces":{"north":{"texture":"#0","uv":[8.0,13.0,10.5,15.5]},"east":{"texture":"#0","uv":[8.0,13.0,10.5,15.5]},"south":{"texture":"#0","uv":[8.0,13.0,10.5,15.5]},"west":{"texture":"#0","uv":[8.0,13.0,10.5,15.5]},"up":{"texture":"#0","uv":[8.0,13.0,10.5,15.5]},"down":{"texture":"#0","uv":[8.0,13.0,10.5,15.5]}}},{"from":[7.5,3.8125,2.6875],"to":[9.5,8.3125,5.1875],"rotation":{"origin":[7.5,8.3125,2.6875],"axis":"x","angle":22.5},"faces":{"north":{"texture":"#0","uv":[8.0,13.0,10.5,15.5]},"east":{"texture":"#0","uv":[8.0,13.0,10.5,15.5]},"south":{"texture":"#0","uv":[8.0,13.0,10.5,15.5]},"west":{"texture":"#0","uv":[8.0,13.0,10.5,15.5]},"up":{"texture":"#0","uv":[8.0,13.0,10.5,15.5]},"down":{"texture":"#0","uv":[8.0,13.0,10.5,15.5]}}},{"from":[7.5,7.0,5.0],"to":[9.5,9.25,11.25],"faces":{"north":{"texture":"#0","uv":[8.0,13.0,10.5,15.5]},"east":{"texture":"#0","uv":[8.0,13.0,10.5,15.5]},"south":{"texture":"#0","uv":[8.0,13.0,10.5,15.5]},"west":{"texture":"#0","uv":[8.0,13.0,10.5,15.5]},"up":{"texture":"#0","uv":[8.0,13.0,10.5,15.5]},"down":{"texture":"#0","uv":[8.0,13.0,10.5,15.5]}}},{"from":[7.5,2.9375,11.0],"to":[9.5,7.4375,13.5],"rotation":{"origin":[7.5,7.4375,11.0],"axis":"x","angle":-22.5},"faces":{"north":{"texture":"#0","uv":[8.0,13.0,10.5,15.5]},"east":{"texture":"#0","uv":[8.0,13.0,10.5,15.5]},"south":{"texture":"#0","uv":[8.0,13.0,10.5,15.5]},"west":{"texture":"#0","uv":[8.0,13.0,10.5,15.5]},"up":{"texture":"#0","uv":[8.0,13.0,10.5,15.5]},"down":{"texture":"#0","uv":[8.0,13.0,10.5,15.5]}}},{"from":[7.5,2.25,12.75],"to":[9.5,4.25,15.0],"faces":{"north":{"texture":"#0","uv":[8.0,13.0,10.5,15.5]},"east":{"texture":"#0","uv":[8.0,13.0,10.5,15.5]},"south":{"texture":"#0","uv":[8.0,13.0,10.5,15.5]},"west":{"texture":"#0","uv":[8.0,13.0,10.5,15.5]},"up":{"texture":"#0","uv":[8.0,13.0,10.5,15.5]},"down":{"texture":"#0","uv":[8.0,13.0,10.5,15.5]}}},{"from":[7.5,2.25,1.0],"to":[9.5,4.25,3.25],"faces":{"north":{"texture":"#0","uv":[8.0,13.0,10.5,15.5]},"east":{"texture":"#0","uv":[8.0,13.0,10.5,15.5]},"south":{"texture":"#0","uv":[8.0,13.0,10.5,15.5]},"west":{"texture":"#0","uv":[8.0,13.0,10.5,15.5]},"up":{"texture":"#0","uv":[8.0,13.0,10.5,15.5]},"down":{"texture":"#0","uv":[8.0,13.0,10.5,15.5]}}},{"from":[7.5,0.0,12.75],"to":[9.25,2.25,15.0],"rotation":{"origin":[7.5,2.25,12.75],"axis":"z","angle":45.0},"faces":{"north":{"texture":"#0","uv":[8.0,13.0,10.5,15.5]},"east":{"texture":"#0","uv":[8.0,13.0,10.5,15.5]},"south":{"texture":"#0","uv":[8.0,13.0,10.5,15.5]},"west":{"texture":"#0","uv":[8.0,13.0,10.5,15.5]},"up":{"texture":"#0","uv":[8.0,13.0,10.5,15.5]},"down":{"texture":"#0","uv":[8.0,13.0,10.5,15.5]}}},{"from":[9.15,0.85,13.0],"to":[11.15,1.6,13.75],"faces":{"north":{"texture":"#0","uv":[13.25,0.5,15.0,2.0]},"east":{"texture":"#0","uv":[13.0,1.5,15.0,2.75]},"south":{"texture":"#0","uv":[12.75,1.25,14.75,2.75]},"west":{"texture":"#0","uv":[13.5,1.75,15.0,3.0]},"up":{"texture":"#0","uv":[13.25,1.0,15.25,2.5]},"down":{"texture":"#0","uv":[12.75,1.5,14.75,2.5]}}},{"from":[9.15,0.85,14.0],"to":[11.15,1.6,14.75],"faces":{"north":{"texture":"#0","uv":[13.25,0.5,15.0,2.0]},"east":{"texture":"#0","uv":[13.0,1.5,15.0,2.75]},"south":{"texture":"#0","uv":[12.75,1.25,14.75,2.75]},"west":{"texture":"#0","uv":[13.5,1.75,15.0,3.0]},"up":{"texture":"#0","uv":[13.25,1.0,15.25,2.5]},"down":{"texture":"#0","uv":[12.75,1.5,14.75,2.5]}}},{"from":[7.5,0.0,1.0],"to":[9.25,2.25,3.25],"rotation":{"origin":[7.5,2.25,1.0],"axis":"z","angle":45.0},"faces":{"north":{"texture":"#0","uv":[8.0,13.0,10.5,15.5]},"east":{"texture":"#0","uv":[8.0,13.0,10.5,15.5]},"south":{"texture":"#0","uv":[8.0,13.0,10.5,15.5]},"west":{"texture":"#0","uv":[8.0,13.0,10.5,15.5]},"up":{"texture":"#0","uv":[8.0,13.0,10.5,15.5]},"down":{"texture":"#0","uv":[8.0,13.0,10.5,15.5]}}},{"from":[9.15,0.85,1.25],"to":[11.15,1.6,2.0],"faces":{"north":{"texture":"#0","uv":[13.25,0.5,15.0,2.0]},"east":{"texture":"#0","uv":[13.0,1.5,15.0,2.75]},"south":{"texture":"#0","uv":[12.75,1.25,14.75,2.75]},"west":{"texture":"#0","uv":[13.5,1.75,15.0,3.0]},"up":{"texture":"#0","uv":[13.25,1.0,15.25,2.5]},"down":{"texture":"#0","uv":[12.75,1.5,14.75,2.5]}}},{"from":[9.15,0.85,2.25],"to":[11.15,1.6,3.0],"faces":{"north":{"texture":"#0","uv":[13.25,0.5,15.0,2.0]},"east":{"texture":"#0","uv":[13.0,1.5,15.0,2.75]},"south":{"texture":"#0","uv":[12.75,1.25,14.75,2.75]},"west":{"texture":"#0","uv":[13.5,1.75,15.0,3.0]},"up":{"texture":"#0","uv":[13.25,1.0,15.25,2.5]},"down":{"texture":"#0","uv":[12.75,1.5,14.75,2.5]}}},{"from":[8.95,1.05,5.95],"to":[12.35,4.45,10.05],"faces":{"north":{"texture":"#0","uv":[8.0,13.0,10.5,15.5]},"east":{"texture":"#0","uv":[8.0,13.0,10.5,15.5]},"south":{"texture":"#0","uv":[8.0,13.0,10.5,15.5]},"west":{"texture":"#0","uv":[8.0,13.0,10.5,15.5]},"up":{"texture":"#0","uv":[8.0,13.0,10.5,15.5]},"down":{"texture":"#0","uv":[8.0,13.0,10.5,15.5]}}},{"from":[8.75,0.75,5.1],"to":[11.95,3.0,10.95],"faces":{"north":{"texture":"#0","uv":[8.0,13.0,10.5,15.5]},"east":{"texture":"#0","uv":[8.0,13.0,10.5,15.5]},"south":{"texture":"#0","uv":[8.0,13.0,10.5,15.5]},"west":{"texture":"#0","uv":[8.0,13.0,10.5,15.5]},"up":{"texture":"#0","uv":[8.0,13.0,10.5,15.5]},"down":{"texture":"#0","uv":[8.0,13.0,10.5,15.5]}}},{"from":[9.25,2.875,11.7],"to":[11.5,4.875,14.125],"rotation":{"origin":[9.25,4.875,9.0],"axis":"x","angle":45.0},"faces":{"north":{"texture":"#0","uv":[8.0,13.0,10.5,15.5]},"east":{"texture":"#0","uv":[8.0,13.0,10.5,15.5]},"south":{"texture":"#0","uv":[8.0,13.0,10.5,15.5]},"west":{"texture":"#0","uv":[8.0,13.0,10.5,15.5]},"up":{"texture":"#0","uv":[8.0,13.0,10.5,15.5]},"down":{"texture":"#0","uv":[8.0,13.0,10.5,15.5]}}},{"from":[9.25,-0.75,3.625],"to":[11.5,1.25,6.0625],"rotation":{"origin":[9.25,1.25,3.625],"axis":"x","angle":-45.0},"faces":{"north":{"texture":"#0","uv":[8.0,13.0,10.5,15.5]},"east":{"texture":"#0","uv":[8.0,13.0,10.5,15.5]},"south":{"texture":"#0","uv":[8.0,13.0,10.5,15.5]},"west":{"texture":"#0","uv":[8.0,13.0,10.5,15.5]},"up":{"texture":"#0","uv":[8.0,13.0,10.5,15.5]},"down":{"texture":"#0","uv":[8.0,13.0,10.5,15.5]}}},{"from":[9.25,-2.0,10.75],"to":[11.5,0.5,12.75],"rotation":{"origin":[9.25,0.5,10.75],"axis":"x","angle":-22.5},"faces":{"north":{"texture":"#0","uv":[8.0,13.0,10.5,15.5]},"east":{"texture":"#0","uv":[8.0,13.0,10.5,15.5]},"south":{"texture":"#0","uv":[8.0,13.0,10.5,15.5]},"west":{"texture":"#0","uv":[8.0,13.0,10.5,15.5]},"up":{"texture":"#0","uv":[8.0,13.0,10.5,15.5]},"down":{"texture":"#0","uv":[8.0,13.0,10.5,15.5]}}},{"from":[9.25,-1.25,3.625],"to":[11.5,1.25,5.625],"rotation":{"origin":[9.25,1.25,3.625],"axis":"x","angle":22.5},"faces":{"north":{"texture":"#0","uv":[8.0,13.0,10.5,15.5]},"east":{"texture":"#0","uv":[8.0,13.0,10.5,15.5]},"south":{"texture":"#0","uv":[8.0,13.0,10.5,15.5]},"west":{"texture":"#0","uv":[8.0,13.0,10.5,15.5]},"up":{"texture":"#0","uv":[8.0,13.0,10.5,15.5]},"down":{"texture":"#0","uv":[8.0,13.0,10.5,15.5]}}},{"from":[9.25,-3.4,2.6875],"to":[11.5,-1.0,4.6875],"rotation":{"origin":[9.25,-1.0,2.6875],"axis":"x","angle":-22.5},"faces":{"north":{"texture":"#0","uv":[8.0,13.0,10.5,15.5]},"east":{"texture":"#0","uv":[8.0,13.0,10.5,15.5]},"south":{"texture":"#0","uv":[8.0,13.0,10.5,15.5]},"west":{"texture":"#0","uv":[8.0,13.0,10.5,15.5]},"up":{"texture":"#0","uv":[8.0,13.0,10.5,15.5]},"down":{"texture":"#0","uv":[8.0,13.0,10.5,15.5]}}},{"from":[9.25,-2.65,11.6875],"to":[11.5,-0.25,13.6875],"rotation":{"origin":[9.25,-0.25,11.6875],"axis":"x","angle":22.5},"faces":{"north":{"texture":"#0","uv":[8.0,13.0,10.5,15.5]},"east":{"texture":"#0","uv":[8.0,13.0,10.5,15.5]},"south":{"texture":"#0","uv":[8.0,13.0,10.5,15.5]},"west":{"texture":"#0","uv":[8.0,13.0,10.5,15.5]},"up":{"texture":"#0","uv":[8.0,13.0,10.5,15.5]},"down":{"texture":"#0","uv":[8.0,13.0,10.5,15.5]}}},{"from":[9.35,-3.5,10.75],"to":[11.4,-2.5,14.0],"rotation":{"origin":[10.5,8.0,11.9],"axis":"y","angle":-45.0},"faces":{"north":{"texture":"#0","uv":[8.0,13.0,10.5,15.5]},"east":{"texture":"#0","uv":[8.0,13.0,10.5,15.5]},"south":{"texture":"#0","uv":[8.0,13.0,10.5,15.5]},"west":{"texture":"#0","uv":[8.0,13.0,10.5,15.5]},"up":{"texture":"#0","uv":[8.0,13.0,10.5,15.5]},"down":{"texture":"#0","uv":[8.0,13.0,10.5,15.5]}}},{"from":[9.35,-3.5,2.25],"to":[11.4,-2.5,5.5],"rotation":{"origin":[10.5,8.0,4.4],"axis":"y","angle":45.0},"faces":{"north":{"texture":"#0","uv":[8.0,13.0,10.5,15.5]},"east":{"texture":"#0","uv":[8.0,13.0,10.5,15.5]},"south":{"texture":"#0","uv":[8.0,13.0,10.5,15.5]},"west":{"texture":"#0","uv":[8.0,13.0,10.5,15.5]},"up":{"texture":"#0","uv":[8.0,13.0,10.5,15.5]},"down":{"texture":"#0","uv":[8.0,13.0,10.5,15.5]}}},{"from":[13.4,1.8,7.4],"to":[14.95,3.45,8.6],"rotation":{"origin":[11.2,3.75,6.5],"axis":"z","angle":22.5},"faces":{"north":{"texture":"#0","uv":[8.0,13.0,10.5,15.5]},"east":{"texture":"#0","uv":[8.0,13.0,10.5,15.5]},"south":{"texture":"#0","uv":[8.0,13.0,10.5,15.5]},"west":{"texture":"#0","uv":[8.0,13.0,10.5,15.5]},"up":{"texture":"#0","uv":[8.0,13.0,10.5,15.5]},"down":{"texture":"#0","uv":[8.0,13.0,10.5,15.5]}}},{"from":[13.7625,2.475,8.0],"to":[17.5125,4.525,8.0625],"rotation":{"origin":[13.7625,4.625,8.0],"axis":"z","angle":45.0},"faces":{"north":{"texture":"#3","uv":[12.5,15.5,1.25,0.5],"rotation":90},"south":{"texture":"#3","uv":[1.25,15.5,12.5,0.5],"rotation":270}}},{"from":[6.75,9.15,10.0],"to":[6.8125,10.45,10.95],"rotation":{"origin":[8.0,10.8,10.3],"axis":"x","angle":22.5},"faces":{"east":{"texture":"#2","uv":[15.75,0.25,0.75,10.25],"rotation":270},"west":{"texture":"#2","uv":[0.75,0.25,15.75,10.25],"rotation":90}}},{"from":[6.75,8.9,5.05],"to":[6.8125,10.2,6.0],"rotation":{"origin":[6.75,10.7,5.0],"axis":"x","angle":-22.5},"faces":{"east":{"texture":"#2","uv":[0.75,0.25,15.75,10.25],"rotation":90},"west":{"texture":"#2","uv":[15.75,0.25,0.75,10.25],"rotation":270}}},{"from":[5.45,6.5,8.0],"to":[7.2,8.5,8.0625],"faces":{"north":{"texture":"#4","uv":[8.0,0.25,0.25,11.75],"rotation":90},"south":{"texture":"#4","uv":[0.25,0.25,8.0,11.75],"rotation":270}}},{"from":[5.7,6.25,8.0],"to":[7.95,7.25,8.0625],"rotation":{"origin":[5.7,7.25,8.0],"axis":"z","angle":-22.5},"faces":{"north":{"texture":"#4","uv":[9.25,14.5,15.75,7.0]},"south":{"texture":"#4","uv":[9.25,7.0,15.75,14.5],"rotation":180}}},{"from":[9.5,-3.5,1.05],"to":[10.25,-2.75,2.25],"rotation":{"origin":[10.5,8.0,4.4],"axis":"y","angle":45.0},"faces":{"north":{"texture":"#0","uv":[13.25,0.5,15.0,2.0]},"east":{"texture":"#0","uv":[13.0,1.5,15.0,2.75]},"south":{"texture":"#0","uv":[12.75,1.25,14.75,2.75]},"west":{"texture":"#0","uv":[13.5,1.75,15.0,3.0]},"up":{"texture":"#0","uv":[13.25,1.0,15.25,2.5]},"down":{"texture":"#0","uv":[12.75,1.5,14.75,2.5]}}},{"from":[10.5,-3.5,1.05],"to":[11.25,-2.75,2.25],"rotation":{"origin":[10.5,8.0,4.4],"axis":"y","angle":45.0},"faces":{"north":{"texture":"#0","uv":[13.25,0.5,15.0,2.0]},"east":{"texture":"#0","uv":[13.0,1.5,15.0,2.75]},"south":{"texture":"#0","uv":[12.75,1.25,14.75,2.75]},"west":{"texture":"#0","uv":[13.5,1.75,15.0,3.0]},"up":{"texture":"#0","uv":[13.25,1.0,15.25,2.5]},"down":{"texture":"#0","uv":[12.75,1.5,14.75,2.5]}}},{"from":[9.4,-3.5,14.0],"to":[10.15,-2.75,15.2],"rotation":{"origin":[10.5,8.0,11.9],"axis":"y","angle":-45.0},"faces":{"north":{"texture":"#0","uv":[13.25,0.5,15.0,2.0]},"east":{"texture":"#0","uv":[13.0,1.5,15.0,2.75]},"south":{"texture":"#0","uv":[12.75,1.25,14.75,2.75]},"west":{"texture":"#0","uv":[13.5,1.75,15.0,3.0]},"up":{"texture":"#0","uv":[13.25,1.0,15.25,2.5]},"down":{"texture":"#0","uv":[12.75,1.5,14.75,2.5]}}},{"from":[10.6,-3.5,14.0],"to":[11.35,-2.75,15.2],"rotation":{"origin":[10.5,8.0,11.9],"axis":"y","angle":-45.0},"faces":{"north":{"texture":"#0","uv":[13.25,0.5,15.0,2.0]},"east":{"texture":"#0","uv":[13.0,1.5,15.0,2.75]},"south":{"texture":"#0","uv":[12.75,1.25,14.75,2.75]},"west":{"texture":"#0","uv":[13.5,1.75,15.0,3.0]},"up":{"texture":"#0","uv":[13.25,1.0,15.25,2.5]},"down":{"texture":"#0","uv":[12.75,1.5,14.75,2.5]}}},{"from":[7.0,2.45,5.75],"to":[11.2,4.5,10.25],"rotation":{"origin":[6.8,6.5,6.25],"axis":"z","angle":22.5},"faces":{"north":{"texture":"#0","uv":[8.0,13.0,10.5,15.5]},"east":{"texture":"#0","uv":[8.0,13.0,10.5,15.5]},"south":{"texture":"#0","uv":[8.0,13.0,10.5,15.5]},"west":{"texture":"#0","uv":[8.0,13.0,10.5,15.5]},"up":{"texture":"#0","uv":[8.0,13.0,10.5,15.5]},"down":{"texture":"#0","uv":[8.0,13.0,10.5,15.5]}}},{"from":[11.6,2.0,7.7],"to":[12.45,3.25,8.3],"rotation":{"origin":[11.2,3.75,6.5],"axis":"z","angle":22.5},"faces":{"north":{"texture":"#0","uv":[8.0,13.0,10.5,15.5]},"east":{"texture":"#0","uv":[8.0,13.0,10.5,15.5]},"south":{"texture":"#0","uv":[8.0,13.0,10.5,15.5]},"west":{"texture":"#0","uv":[8.0,13.0,10.5,15.5]},"up":{"texture":"#0","uv":[8.0,13.0,10.5,15.5]},"down":{"texture":"#0","uv":[8.0,13.0,10.5,15.5]}}},{"from":[12.4,1.9,7.5],"to":[13.45,3.35,8.5],"rotation":{"origin":[11.2,3.75,6.5],"axis":"z","angle":22.5},"faces":{"north":{"texture":"#0","uv":[8.0,13.0,10.5,15.5]},"east":{"texture":"#0","uv":[8.0,13.0,10.5,15.5]},"south":{"texture":"#0","uv":[8.0,13.0,10.5,15.5]},"west":{"texture":"#0","uv":[8.0,13.0,10.5,15.5]},"up":{"texture":"#0","uv":[8.0,13.0,10.5,15.5]},"down":{"texture":"#0","uv":[8.0,13.0,10.5,15.5]}}},{"from":[5.7,9.1775,9.3225],"to":[6.35,9.5275,9.5725],"rotation":{"origin":[5.5,9.9275,9.3225],"axis":"x","angle":45.0},"faces":{"north":{"texture":"#0","uv":[1.25,13.5,3.0,15.25]},"east":{"texture":"#0","uv":[0.75,13.75,2.75,15.5]},"south":{"texture":"#0","uv":[1.0,13.5,2.75,15.25]},"west":{"texture":"#0","uv":[0.75,13.25,2.75,15.0]},"up":{"texture":"#0","uv":[1.5,13.0,3.25,15.0]},"down":{"texture":"#0","uv":[1.5,13.0,3.25,15.0]}}},{"from":[5.7,9.0,6.5],"to":[6.25,9.35,6.75],"rotation":{"origin":[5.5,9.75,6.5],"axis":"x","angle":-45.0},"faces":{"north":{"texture":"#0","uv":[1.25,13.5,3.0,15.25]},"east":{"texture":"#0","uv":[0.75,13.75,2.75,15.5]},"south":{"texture":"#0","uv":[1.0,13.5,2.75,15.25]},"west":{"texture":"#0","uv":[0.75,13.25,2.75,15.0]},"up":{"texture":"#0","uv":[1.5,13.0,3.25,15.0]},"down":{"texture":"#0","uv":[1.5,13.0,3.25,15.0]}}},{"from":[5.25,11.05,7.175],"to":[5.825,12.475,8.825],"rotation":{"origin":[8.0,11.3,8.0],"axis":"z","angle":-22.5},"faces":{"north":{"texture":"#0","uv":[12.75,4.5,14.5,6.25]},"east":{"texture":"#0","uv":[12.75,4.5,14.75,6.25]},"south":{"texture":"#0","uv":[13.0,4.25,14.75,6.0]},"west":{"texture":"#0","uv":[12.75,4.5,14.75,6.25]},"up":{"texture":"#0","uv":[13.0,4.75,14.75,6.75]},"down":{"texture":"#0","uv":[13.0,4.5,14.75,6.5]}}},{"from":[10.58,5.05,5.43],"to":[11.42,6.2,10.57],"rotation":{"origin":[6.8,6.5,6.25],"axis":"z","angle":22.5},"faces":{"north":{"texture":"#1","uv":[12.25,4.0,16.0,8.0],"rotation":270},"east":{"texture":"#1","uv":[15.0,4.0,16.0,5.0]},"south":{"texture":"#1","uv":[12.25,4.0,16.0,8.0],"rotation":90}}},{"from":[10.38,2.85,5.73],"to":[11.22,4.0,10.27],"rotation":{"origin":[6.8,6.5,6.25],"axis":"z","angle":22.5},"faces":{"north":{"texture":"#1","uv":[12.25,4.0,16.0,8.0],"rotation":270},"east":{"texture":"#1","uv":[15.0,4.0,16.0,5.0]},"south":{"texture":"#1","uv":[12.25,4.0,16.0,8.0],"rotation":90}}},{"from":[8.95,1.15,6.25],"to":[12.37,2.25,9.75],"faces":{"east":{"texture":"#5","uv":[0.0,0.0,16.0,8.0]}}},{"from":[7.5,0.1,13.25],"to":[9.27,1.25,14.5],"rotation":{"origin":[7.5,2.25,12.75],"axis":"z","angle":45.0},"faces":{"east":{"texture":"#5","uv":[0.0,8.5,7.5,16.0]}}},{"from":[7.5,0.1,1.45],"to":[9.27,1.25,2.7],"rotation":{"origin":[7.5,2.25,12.75],"axis":"z","angle":45.0},"faces":{"east":{"texture":"#5","uv":[0.0,8.5,7.5,16.0]}}}],"display":{"head":{"rotation":[0,-90,0],"translation":[0,-7,-4.5],"scale":[3,3,3]},"gui":{"rotation":[30,50,0],"translation":[-1,2.5,0],"scale":[0.9,0.9,0.9]},"thirdperson_righthand":{"scale":[0,0,0]},"thirdperson_lefthand":{"scale":[0,0,0]},"firstperson_righthand":{"scale":[0,0,0]},"firstperson_lefthand":{"scale":[0,0,0]}}}