{"__comment":"Made by MadstonMagic","textures":{"0":"pokemon_skins/regular/slaking/slaking","1":"pokemon_skins/regular/slaking/head_hair","2":"pokemon_skins/regular/slaking/hand_details","3":"pokemon_skins/regular/slaking/neck"},"elements":[{"from":[6.8,16.6,6.8],"to":[8.6,18.7,10.4],"faces":{"north":{"texture":"#0","uv":[1.0,9.5,3.0,11.5]},"east":{"texture":"#0","uv":[0.5,9.5,2.5,11.5]},"south":{"texture":"#0","uv":[1.0,9.5,3.0,11.5]},"west":{"texture":"#0","uv":[1.0,9.5,3.0,11.5]},"up":{"texture":"#0","uv":[1.0,9.5,3.0,11.5]},"down":{"texture":"#0","uv":[1.0,9.0,3.0,11.0]}}},{"from":[6.4,16.875,6.0],"to":[7.9875,17.5,11.2],"faces":{"north":{"texture":"#0","uv":[1.0,9.5,3.0,11.5]},"east":{"texture":"#0","uv":[0.5,9.5,2.5,11.5]},"south":{"texture":"#0","uv":[1.0,9.5,3.0,11.5]},"west":{"texture":"#0","uv":[1.0,9.5,3.0,11.5]},"up":{"texture":"#0","uv":[1.0,9.5,3.0,11.5]},"down":{"texture":"#0","uv":[1.0,9.0,3.0,11.0]}}},{"from":[5.6,16.9,6.8],"to":[9.2,17.5,10.4],"faces":{"north":{"texture":"#0","uv":[1.0,9.5,3.0,11.5]},"east":{"texture":"#0","uv":[0.5,9.5,2.5,11.5]},"south":{"texture":"#0","uv":[1.0,9.5,3.0,11.5]},"west":{"texture":"#0","uv":[1.0,9.5,3.0,11.5]},"up":{"texture":"#0","uv":[1.0,9.5,3.0,11.5]},"down":{"texture":"#0","uv":[1.0,9.0,3.0,11.0]}}},{"from":[6.8,16.2,5.6],"to":[8.6,17.5,6.292],"rotation":{"origin":[6.8,15.1,9.2],"axis":"x","angle":22.5},"faces":{"north":{"texture":"#0","uv":[1.0,9.5,3.0,11.5]},"east":{"texture":"#0","uv":[0.5,9.5,2.5,11.5]},"south":{"texture":"#0","uv":[1.0,9.5,3.0,11.5]},"west":{"texture":"#0","uv":[1.0,9.5,3.0,11.5]},"up":{"texture":"#0","uv":[1.0,9.5,3.0,11.5]},"down":{"texture":"#0","uv":[1.0,9.0,3.0,11.0]}}},{"from":[6.8,17.4,10.4],"to":[7.7,18.7,11.592],"rotation":{"origin":[6.8,15.7,11.0],"axis":"x","angle":-22.5},"faces":{"north":{"texture":"#0","uv":[1.0,9.5,3.0,11.5]},"east":{"texture":"#0","uv":[0.5,9.5,2.5,11.5]},"south":{"texture":"#0","uv":[1.0,9.5,3.0,11.5]},"west":{"texture":"#0","uv":[1.0,9.5,3.0,11.5]},"up":{"texture":"#0","uv":[1.0,9.5,3.0,11.5]},"down":{"texture":"#0","uv":[1.0,9.0,3.0,11.0]}}},{"from":[7.0,14.2,5.8],"to":[9.2,18.0,11.4],"faces":{"north":{"texture":"#0","uv":[12.75,0.75,14.75,2.75]},"east":{"texture":"#0","uv":[12.5,1.25,14.5,3.25]},"south":{"texture":"#0","uv":[13.0,1.75,15.0,3.75]},"west":{"texture":"#0","uv":[12.75,1.5,14.75,3.5]},"up":{"texture":"#0","uv":[12.75,1.25,14.75,3.25]},"down":{"texture":"#0","uv":[12.75,1.25,14.75,3.25]}}},{"from":[7.0,16.9,6.8],"to":[9.2,19.0,10.4],"faces":{"north":{"texture":"#0","uv":[12.75,0.75,14.75,2.75]},"east":{"texture":"#0","uv":[12.5,1.25,14.5,3.25]},"south":{"texture":"#0","uv":[13.0,1.75,15.0,3.75]},"west":{"texture":"#0","uv":[12.75,1.5,14.75,3.5]},"up":{"texture":"#0","uv":[12.75,1.25,14.75,3.25]},"down":{"texture":"#0","uv":[12.75,1.25,14.75,3.25]}}},{"from":[9.2,13.6,5.8],"to":[11.0,18.0,7.3],"rotation":{"origin":[9.2,13.6,5.8],"axis":"y","angle":-45.0},"faces":{"north":{"texture":"#0","uv":[12.75,0.75,14.75,2.75]},"east":{"texture":"#0","uv":[12.5,1.25,14.5,3.25]},"south":{"texture":"#0","uv":[13.0,1.75,15.0,3.75]},"west":{"texture":"#0","uv":[12.75,1.5,14.75,3.5]},"up":{"texture":"#0","uv":[12.75,1.25,14.75,3.25]},"down":{"texture":"#0","uv":[12.75,1.25,14.75,3.25]}}},{"from":[7.0,17.8,10.4],"to":[9.2,19.0,11.792],"rotation":{"origin":[8.0,19.0,10.4],"axis":"x","angle":45.0},"faces":{"north":{"texture":"#0","uv":[12.75,0.75,14.75,2.75]},"east":{"texture":"#0","uv":[12.5,1.25,14.5,3.25]},"south":{"texture":"#0","uv":[13.0,1.75,15.0,3.75]},"west":{"texture":"#0","uv":[12.75,1.5,14.75,3.5]},"up":{"texture":"#0","uv":[12.75,1.25,14.75,3.25]},"down":{"texture":"#0","uv":[12.75,1.25,14.75,3.25]}}},{"from":[7.0,16.6,5.9],"to":[9.2,17.8,7.292],"rotation":{"origin":[8.0,17.8,5.6],"axis":"x","angle":-45.0},"faces":{"north":{"texture":"#0","uv":[12.75,0.75,14.75,2.75]},"east":{"texture":"#0","uv":[12.5,1.25,14.5,3.25]},"south":{"texture":"#0","uv":[13.0,1.75,15.0,3.75]},"west":{"texture":"#0","uv":[12.75,1.5,14.75,3.5]},"up":{"texture":"#0","uv":[12.75,1.25,14.75,3.25]},"down":{"texture":"#0","uv":[12.75,1.25,14.75,3.25]}}},{"from":[8.0,13.6,7.1],"to":[10.5,18.0,10.1],"faces":{"north":{"texture":"#0","uv":[12.75,0.75,14.75,2.75]},"east":{"texture":"#0","uv":[12.5,1.25,14.5,3.25]},"south":{"texture":"#0","uv":[13.0,1.75,15.0,3.75]},"west":{"texture":"#0","uv":[12.75,1.5,14.75,3.5]},"up":{"texture":"#0","uv":[12.75,1.25,14.75,3.25]},"down":{"texture":"#0","uv":[12.75,1.25,14.75,3.25]}}},{"from":[8.138,13.6,10.338],"to":[9.938,18.0,11.838],"rotation":{"origin":[8.138,13.6,10.338],"axis":"y","angle":45.0},"faces":{"north":{"texture":"#0","uv":[12.75,0.75,14.75,2.75]},"east":{"texture":"#0","uv":[12.5,1.25,14.5,3.25]},"south":{"texture":"#0","uv":[13.0,1.75,15.0,3.75]},"west":{"texture":"#0","uv":[12.75,1.5,14.75,3.5]},"up":{"texture":"#0","uv":[12.75,1.25,14.75,3.25]},"down":{"texture":"#0","uv":[12.75,1.25,14.75,3.25]}}},{"from":[9.2,17.8,7.1],"to":[11.0,19.0,10.1],"rotation":{"origin":[9.2,19.0,7.1],"axis":"z","angle":-45.0},"faces":{"north":{"texture":"#0","uv":[12.75,0.75,14.75,2.75]},"east":{"texture":"#0","uv":[12.5,1.25,14.5,3.25]},"south":{"texture":"#0","uv":[13.0,1.75,15.0,3.75]},"west":{"texture":"#0","uv":[12.75,1.5,14.75,3.5]},"up":{"texture":"#0","uv":[12.75,1.25,14.75,3.25]},"down":{"texture":"#0","uv":[12.75,1.25,14.75,3.25]}}},{"from":[5.6,16.0036,6.8],"to":[7.292,17.5036,10.4],"rotation":{"origin":[5.6,17.5036,6.8],"axis":"z","angle":45.0},"faces":{"north":{"texture":"#0","uv":[1.0,9.5,3.0,11.5]},"east":{"texture":"#0","uv":[0.5,9.5,2.5,11.5]},"south":{"texture":"#0","uv":[1.0,9.5,3.0,11.5]},"west":{"texture":"#0","uv":[1.0,9.5,3.0,11.5]},"up":{"texture":"#0","uv":[1.0,9.5,3.0,11.5]},"down":{"texture":"#0","uv":[1.0,9.0,3.0,11.0]}}},{"from":[5.6,16.9,6.8],"to":[6.792,17.5,8.0],"rotation":{"origin":[5.6,16.9,6.8],"axis":"y","angle":45.0},"faces":{"north":{"texture":"#0","uv":[1.0,9.5,3.0,11.5]},"east":{"texture":"#0","uv":[0.5,9.5,2.5,11.5]},"south":{"texture":"#0","uv":[1.0,9.5,3.0,11.5]},"west":{"texture":"#0","uv":[1.0,9.5,3.0,11.5]},"up":{"texture":"#0","uv":[1.0,9.5,3.0,11.5]},"down":{"texture":"#0","uv":[1.0,9.0,3.0,11.0]}}},{"from":[6.449,16.9,9.551],"to":[7.641,17.5,10.751],"rotation":{"origin":[6.449,16.9,9.551],"axis":"y","angle":-45.0},"faces":{"north":{"texture":"#0","uv":[1.0,9.5,3.0,11.5]},"east":{"texture":"#0","uv":[0.5,9.5,2.5,11.5]},"south":{"texture":"#0","uv":[1.0,9.5,3.0,11.5]},"west":{"texture":"#0","uv":[1.0,9.5,3.0,11.5]},"up":{"texture":"#0","uv":[1.0,9.5,3.0,11.5]},"down":{"texture":"#0","uv":[1.0,9.0,3.0,11.0]}}},{"from":[8.2,18.7,7.4],"to":[8.275,21.1,10.1],"faces":{"east":{"texture":"#1","uv":[15.5,0.25,0.5,9.0]},"west":{"texture":"#1","uv":[0.5,0.25,15.5,9.0]}}},{"from":[5.594,16.9,8.6],"to":[6.794,17.5,10.4],"faces":{"west":{"texture":"#2","uv":[10.0,0.25,12.75,2.75]}}},{"from":[5.594,17.05,8.6],"to":[6.644,17.5,8.675],"faces":{"north":{"texture":"#2","uv":[4.25,0.75,5.25,1.75]},"east":{"texture":"#2","uv":[1.5,0.75,2.75,2.0]},"south":{"texture":"#2","uv":[4.25,1.25,5.25,2.25]},"west":{"texture":"#2","uv":[0.75,0.75,1.75,2.25]},"up":{"texture":"#2","uv":[5.0,1.25,6.0,2.75]},"down":{"texture":"#2","uv":[5.75,0.75,6.75,2.25]}}},{"from":[5.576,16.288,8.6],"to":[7.292,17.488,8.675],"rotation":{"origin":[5.576,17.488,8.6],"axis":"z","angle":45.0},"faces":{"north":{"texture":"#2","uv":[7.0,1.25,8.0,2.25]},"east":{"texture":"#2","uv":[5.0,0.75,6.25,2.0]},"south":{"texture":"#2","uv":[5.25,1.25,6.25,2.25]},"west":{"texture":"#2","uv":[4.25,0.75,5.25,2.25]},"up":{"texture":"#2","uv":[1.5,0.75,2.5,2.25]},"down":{"texture":"#2","uv":[1.25,1.0,2.25,2.5]}}},{"from":[6.8,17.806,8.6],"to":[8.6,18.706,8.675],"faces":{"north":{"texture":"#2","uv":[7.0,1.25,8.0,2.25]},"east":{"texture":"#2","uv":[5.0,0.75,6.25,2.0]},"south":{"texture":"#2","uv":[5.25,1.25,6.25,2.25]},"west":{"texture":"#2","uv":[4.25,0.75,5.25,2.25]},"up":{"texture":"#2","uv":[1.5,0.75,2.5,2.25]},"down":{"texture":"#2","uv":[1.25,1.0,2.25,2.5]}}},{"from":[5.594,16.9,6.8],"to":[6.794,17.5,8.6],"faces":{"west":{"texture":"#2","uv":[12.75,0.25,15.5,2.75]}}},{"from":[5.6,16.9,10.4],"to":[6.5,17.5,11.6],"rotation":{"origin":[5.6,16.9,10.4],"axis":"y","angle":45.0},"faces":{"west":{"texture":"#2","uv":[12.75,0.25,15.5,2.75]}}},{"from":[6.446,16.9,5.948],"to":[7.346,17.5,7.148],"rotation":{"origin":[6.446,16.9,5.948],"axis":"y","angle":-45.0},"faces":{"west":{"texture":"#2","uv":[10.0,0.25,12.75,2.75]}}},{"from":[7.7,15.7,5.8],"to":[8.9,16.9,11.4],"rotation":{"origin":[7.6,13.9,5.6],"axis":"z","angle":22.5},"faces":{"north":{"texture":"#0","uv":[12.75,0.75,14.75,2.75]},"east":{"texture":"#0","uv":[12.5,1.25,14.5,3.25]},"south":{"texture":"#0","uv":[13.0,1.75,15.0,3.75]},"west":{"texture":"#0","uv":[12.75,1.5,14.75,3.5]},"up":{"texture":"#0","uv":[12.75,1.25,14.75,3.25]},"down":{"texture":"#0","uv":[12.75,1.25,14.75,3.25]}}},{"from":[5.9,14.8,6.8],"to":[7.7,16.9,10.4],"faces":{"north":{"texture":"#0","uv":[1.0,9.5,3.0,11.5]},"east":{"texture":"#0","uv":[0.5,9.5,2.5,11.5]},"south":{"texture":"#0","uv":[1.0,9.5,3.0,11.5]},"west":{"texture":"#0","uv":[1.0,9.5,3.0,11.5]},"up":{"texture":"#0","uv":[1.0,9.5,3.0,11.5]},"down":{"texture":"#0","uv":[1.0,9.0,3.0,11.0]}}},{"from":[6.5,14.8,6.8],"to":[8.6,15.1,10.7],"faces":{"north":{"texture":"#0","uv":[1.0,9.5,3.0,11.5]},"east":{"texture":"#0","uv":[0.5,9.5,2.5,11.5]},"south":{"texture":"#0","uv":[1.0,9.5,3.0,11.5]},"west":{"texture":"#0","uv":[1.0,9.5,3.0,11.5]},"up":{"texture":"#0","uv":[1.0,9.5,3.0,11.5]},"down":{"texture":"#0","uv":[1.0,9.0,3.0,11.0]}}},{"from":[5.9,14.8,6.8],"to":[6.752,16.9,7.4],"rotation":{"origin":[5.9,14.8,6.8],"axis":"y","angle":45.0},"faces":{"north":{"texture":"#0","uv":[1.0,9.5,3.0,11.5]},"east":{"texture":"#0","uv":[0.5,9.5,2.5,11.5]},"south":{"texture":"#0","uv":[1.0,9.5,3.0,11.5]},"west":{"texture":"#0","uv":[1.0,9.5,3.0,11.5]},"up":{"texture":"#0","uv":[1.0,9.5,3.0,11.5]},"down":{"texture":"#0","uv":[1.0,9.0,3.0,11.0]}}},{"from":[6.5,14.8,6.2],"to":[8.6,16.9,11.0],"faces":{"north":{"texture":"#0","uv":[1.0,9.5,3.0,11.5]},"east":{"texture":"#0","uv":[0.5,9.5,2.5,11.5]},"south":{"texture":"#0","uv":[1.0,9.5,3.0,11.5]},"west":{"texture":"#0","uv":[1.0,9.5,3.0,11.5]},"up":{"texture":"#0","uv":[1.0,9.5,3.0,11.5]},"down":{"texture":"#0","uv":[1.0,9.0,3.0,11.0]}}},{"from":[6.326,14.8,9.974],"to":[7.178,16.9,10.574],"rotation":{"origin":[6.326,14.8,9.974],"axis":"y","angle":-45.0},"faces":{"north":{"texture":"#0","uv":[1.0,9.5,3.0,11.5]},"east":{"texture":"#0","uv":[0.5,9.5,2.5,11.5]},"south":{"texture":"#0","uv":[1.0,9.5,3.0,11.5]},"west":{"texture":"#0","uv":[1.0,9.5,3.0,11.5]},"up":{"texture":"#0","uv":[1.0,9.5,3.0,11.5]},"down":{"texture":"#0","uv":[1.0,9.0,3.0,11.0]}}},{"from":[6.5,14.548,6.8],"to":[8.0,15.4,7.652],"rotation":{"origin":[6.5,15.4,6.8],"axis":"x","angle":45.0},"faces":{"north":{"texture":"#0","uv":[1.0,9.5,3.0,11.5]},"east":{"texture":"#0","uv":[0.5,9.5,2.5,11.5]},"south":{"texture":"#0","uv":[1.0,9.5,3.0,11.5]},"west":{"texture":"#0","uv":[1.0,9.5,3.0,11.5]},"up":{"texture":"#0","uv":[1.0,9.5,3.0,11.5]},"down":{"texture":"#0","uv":[1.0,9.0,3.0,11.0]}}},{"from":[6.5,13.948,9.8],"to":[8.0,14.8,10.652],"rotation":{"origin":[6.5,14.8,9.8],"axis":"x","angle":-45.0},"faces":{"north":{"texture":"#0","uv":[1.0,9.5,3.0,11.5]},"east":{"texture":"#0","uv":[0.5,9.5,2.5,11.5]},"south":{"texture":"#0","uv":[1.0,9.5,3.0,11.5]},"west":{"texture":"#0","uv":[1.0,9.5,3.0,11.5]},"up":{"texture":"#0","uv":[1.0,9.5,3.0,11.5]},"down":{"texture":"#0","uv":[1.0,9.0,3.0,11.0]}}},{"from":[5.9,13.948,6.8],"to":[6.752,14.8,10.4],"rotation":{"origin":[5.9,14.8,6.8],"axis":"z","angle":45.0},"faces":{"north":{"texture":"#0","uv":[1.0,9.5,3.0,11.5]},"east":{"texture":"#0","uv":[0.5,9.5,2.5,11.5]},"south":{"texture":"#0","uv":[1.0,9.5,3.0,11.5]},"west":{"texture":"#0","uv":[1.0,9.5,3.0,11.5]},"up":{"texture":"#0","uv":[1.0,9.5,3.0,11.5]},"down":{"texture":"#0","uv":[1.0,9.0,3.0,11.0]}}},{"from":[5.894,15.4,7.85],"to":[5.969,16.6,9.5],"faces":{"west":{"texture":"#0","uv":[4.0,9.0,11.25,15.25]}}},{"from":[5.897,16.15,6.8],"to":[5.972,17.05,8.3],"faces":{"west":{"texture":"#0","uv":[0.25,0.25,11.25,7.75]}}},{"from":[5.897,16.15,8.9],"to":[5.972,17.05,10.4],"faces":{"west":{"texture":"#0","uv":[0.25,0.25,11.25,7.75]}}},{"from":[5.894,15.225,6.8],"to":[5.994,15.3,10.4],"faces":{"north":{"texture":"#2","uv":[0.625,1.125,2.0,1.875]},"east":{"texture":"#2","uv":[0.375,0.5,2.0,2.125]},"south":{"texture":"#2","uv":[0.375,0.625,2.0,1.75]},"west":{"texture":"#2","uv":[0.625,0.875,1.625,1.875]},"up":{"texture":"#2","uv":[0.75,0.5,2.75,2.25]},"down":{"texture":"#2","uv":[0.75,0.625,2.625,2.375]}}},{"from":[5.894,15.3,6.95],"to":[6.944,15.9,7.55],"faces":{"west":{"texture":"#1","uv":[0.25,9.75,6.0,15.75]}}},{"from":[5.894,15.3,9.65],"to":[6.944,15.9,10.25],"faces":{"west":{"texture":"#1","uv":[0.25,9.75,6.0,15.75]}}},{"from":[6.5,14.2,6.8],"to":[7.7,16.3,10.4],"faces":{"north":{"texture":"#0","uv":[1.0,9.5,3.0,11.5]},"east":{"texture":"#0","uv":[0.5,9.5,2.5,11.5]},"south":{"texture":"#0","uv":[1.0,9.5,3.0,11.5]},"west":{"texture":"#0","uv":[1.0,9.5,3.0,11.5]},"up":{"texture":"#0","uv":[1.0,9.5,3.0,11.5]},"down":{"texture":"#0","uv":[1.0,9.0,3.0,11.0]}}},{"from":[4.7,12.025,5.675],"to":[7.4,12.1,11.6],"rotation":{"origin":[4.7,12.1,5.675],"axis":"z","angle":45.0},"faces":{"up":{"texture":"#3","uv":[0.25,6.25,15.75,12.75],"rotation":90},"down":{"texture":"#3","uv":[15.75,6.25,0.25,12.75],"rotation":90}}},{"from":[10.475,11.5,5.9],"to":[10.55,14.2,11.3],"rotation":{"origin":[10.475,14.2,5.9],"axis":"z","angle":22.5},"faces":{"east":{"texture":"#3","uv":[0.25,6.25,15.75,12.75]},"west":{"texture":"#3","uv":[15.75,6.25,0.25,12.75]}}},{"from":[6.5,13.825,11.3],"to":[10.1,13.9,13.4],"faces":{"up":{"texture":"#3","uv":[0.25,0.25,9.5,6.0]},"down":{"texture":"#3","uv":[9.5,0.25,0.25,6.0],"rotation":180}}},{"from":[6.5,13.85,3.6787],"to":[10.1,13.925,5.7787],"faces":{"up":{"texture":"#3","uv":[6.5,0.25,15.75,6.0],"rotation":180},"down":{"texture":"#3","uv":[15.75,0.25,6.5,6.0]}}},{"from":[6.5,13.6,5.6],"to":[9.2,14.2,11.6],"faces":{"north":{"texture":"#0","uv":[12.75,0.75,14.75,2.75]},"east":{"texture":"#0","uv":[12.5,1.25,14.5,3.25]},"south":{"texture":"#0","uv":[13.0,1.75,15.0,3.75]},"west":{"texture":"#0","uv":[12.75,1.5,14.75,3.5]},"up":{"texture":"#0","uv":[12.75,1.25,14.75,3.25]},"down":{"texture":"#0","uv":[12.75,1.25,14.75,3.25]}}},{"from":[8.375,9.25,5.6],"to":[10.775,13.25,11.6],"rotation":{"origin":[8.375,13.15,5.6],"axis":"z","angle":22.5},"faces":{"north":{"texture":"#0","uv":[1.25,13.5,2.75,15.0]},"east":{"texture":"#0","uv":[0.75,13.0,2.75,14.75]},"south":{"texture":"#0","uv":[1.25,13.75,2.75,15.5]},"west":{"texture":"#0","uv":[1.0,13.25,2.5,14.75]},"up":{"texture":"#0","uv":[0.5,13.25,2.0,15.0]},"down":{"texture":"#0","uv":[1.25,12.75,2.75,14.75]}}},{"from":[8.36,13.639,5.9],"to":[10.76,15.139,11.3],"rotation":{"origin":[8.36,15.139,5.9],"axis":"z","angle":-22.5},"faces":{"north":{"texture":"#0","uv":[12.75,0.75,14.75,2.75]},"east":{"texture":"#0","uv":[12.5,1.25,14.5,3.25]},"south":{"texture":"#0","uv":[13.0,1.75,15.0,3.75]},"west":{"texture":"#0","uv":[12.75,1.5,14.75,3.5]},"up":{"texture":"#0","uv":[12.75,1.25,14.75,3.25]},"down":{"texture":"#0","uv":[12.75,1.25,14.75,3.25]}}},{"from":[6.5,7.5,5.3],"to":[9.5,12.7,5.7],"rotation":{"origin":[6.5,12.7,8.0],"axis":"z","angle":22.5},"faces":{"north":{"texture":"#0","uv":[1.25,13.5,2.75,15.0]},"east":{"texture":"#0","uv":[0.75,13.0,2.75,14.75]},"south":{"texture":"#0","uv":[1.25,13.75,2.75,15.5]},"west":{"texture":"#0","uv":[1.0,13.25,2.5,14.75]},"up":{"texture":"#0","uv":[0.5,13.25,2.0,15.0]},"down":{"texture":"#0","uv":[1.25,12.75,2.75,14.75]}}},{"from":[6.5,7.7,11.5],"to":[9.575,12.7,11.9],"rotation":{"origin":[6.5,12.7,11.0],"axis":"z","angle":22.5},"faces":{"north":{"texture":"#0","uv":[1.25,13.5,2.75,15.0]},"east":{"texture":"#0","uv":[0.75,13.0,2.75,14.75]},"south":{"texture":"#0","uv":[1.25,13.75,2.75,15.5]},"west":{"texture":"#0","uv":[1.0,13.25,2.5,14.75]},"up":{"texture":"#0","uv":[0.5,13.25,2.0,15.0]},"down":{"texture":"#0","uv":[1.25,12.75,2.75,14.75]}}},{"from":[6.5,7.3,5.7],"to":[8.9,12.7,11.5],"rotation":{"origin":[6.5,12.7,6.2],"axis":"z","angle":22.5},"faces":{"north":{"texture":"#0","uv":[1.25,9.5,2.75,11.0]},"east":{"texture":"#0","uv":[0.5,9.75,2.5,11.5]},"south":{"texture":"#0","uv":[1.0,9.5,2.5,11.25]},"west":{"texture":"#0","uv":[1.0,9.5,2.5,11.0]},"up":{"texture":"#0","uv":[1.0,9.0,2.5,10.75]},"down":{"texture":"#0","uv":[1.0,9.0,2.5,11.0]}}},{"from":[6.5,12.7,6.2],"to":[10.1,13.6,11.0],"faces":{"north":{"texture":"#0","uv":[1.25,9.5,2.75,11.0]},"east":{"texture":"#0","uv":[0.5,9.75,2.5,11.5]},"south":{"texture":"#0","uv":[1.0,9.5,2.5,11.25]},"west":{"texture":"#0","uv":[1.0,9.5,2.5,11.0]},"up":{"texture":"#0","uv":[1.0,9.0,2.5,10.75]},"down":{"texture":"#0","uv":[1.0,9.0,2.5,11.0]}}},{"from":[6.5,12.7,11.0],"to":[9.8,13.6,11.9],"faces":{"north":{"texture":"#0","uv":[1.25,13.5,2.75,15.0]},"east":{"texture":"#0","uv":[0.75,13.0,2.75,14.75]},"south":{"texture":"#0","uv":[1.25,13.75,2.75,15.5]},"west":{"texture":"#0","uv":[1.0,13.25,2.5,14.75]},"up":{"texture":"#0","uv":[0.5,13.25,2.0,15.0]},"down":{"texture":"#0","uv":[1.25,12.75,2.75,14.75]}}},{"from":[6.5,12.7,5.3],"to":[9.8,13.6,6.2],"faces":{"north":{"texture":"#0","uv":[1.25,13.5,2.75,15.0]},"east":{"texture":"#0","uv":[0.75,13.0,2.75,14.75]},"south":{"texture":"#0","uv":[1.25,13.75,2.75,15.5]},"west":{"texture":"#0","uv":[1.0,13.25,2.5,14.75]},"up":{"texture":"#0","uv":[0.5,13.25,2.0,15.0]},"down":{"texture":"#0","uv":[1.25,12.75,2.75,14.75]}}},{"from":[6.5,11.2,5.6],"to":[8.0,12.7,8.0],"faces":{"north":{"texture":"#0","uv":[1.25,9.5,2.75,11.0]},"east":{"texture":"#0","uv":[0.5,9.75,2.5,11.5]},"south":{"texture":"#0","uv":[1.0,9.5,2.5,11.25]},"west":{"texture":"#0","uv":[1.0,9.5,2.5,11.0]},"up":{"texture":"#0","uv":[1.0,9.0,2.5,10.75]},"down":{"texture":"#0","uv":[1.0,9.0,2.5,11.0]}}},{"from":[6.5,11.2,9.2],"to":[8.0,12.7,11.6],"faces":{"north":{"texture":"#0","uv":[1.25,9.5,2.75,11.0]},"east":{"texture":"#0","uv":[0.5,9.75,2.5,11.5]},"south":{"texture":"#0","uv":[1.0,9.5,2.5,11.25]},"west":{"texture":"#0","uv":[1.0,9.5,2.5,11.0]},"up":{"texture":"#0","uv":[1.0,9.0,2.5,10.75]},"down":{"texture":"#0","uv":[1.0,9.0,2.5,11.0]}}},{"from":[6.5,9.7,9.2],"to":[8.0,11.2,11.6],"rotation":{"origin":[6.5,11.2,9.2],"axis":"z","angle":45.0},"faces":{"north":{"texture":"#0","uv":[1.25,9.5,2.75,11.0]},"east":{"texture":"#0","uv":[0.5,9.75,2.5,11.5]},"south":{"texture":"#0","uv":[1.0,9.5,2.5,11.25]},"west":{"texture":"#0","uv":[1.0,9.5,2.5,11.0]},"up":{"texture":"#0","uv":[1.0,9.0,2.5,10.75]},"down":{"texture":"#0","uv":[1.0,9.0,2.5,11.0]}}},{"from":[6.5,9.7,5.6],"to":[8.0,11.2,8.0],"rotation":{"origin":[6.5,11.2,5.6],"axis":"z","angle":45.0},"faces":{"north":{"texture":"#0","uv":[1.25,9.5,2.75,11.0]},"east":{"texture":"#0","uv":[0.5,9.75,2.5,11.5]},"south":{"texture":"#0","uv":[1.0,9.5,2.5,11.25]},"west":{"texture":"#0","uv":[1.0,9.5,2.5,11.0]},"up":{"texture":"#0","uv":[1.0,9.0,2.5,10.75]},"down":{"texture":"#0","uv":[1.0,9.0,2.5,11.0]}}},{"from":[7.1,11.4,11.0],"to":[9.8,13.8,14.2],"faces":{"north":{"texture":"#0","uv":[1.25,13.5,2.75,15.0]},"east":{"texture":"#0","uv":[0.75,13.0,2.75,14.75]},"south":{"texture":"#0","uv":[1.25,13.75,2.75,15.5]},"west":{"texture":"#0","uv":[1.0,13.25,2.5,14.75]},"up":{"texture":"#0","uv":[0.5,13.25,2.0,15.0]},"down":{"texture":"#0","uv":[1.25,12.75,2.75,14.75]}}},{"from":[7.1,8.4,-0.1],"to":[9.8,10.5,4.55],"rotation":{"origin":[7.1,10.5,-0.1],"axis":"x","angle":-45.0},"faces":{"north":{"texture":"#0","uv":[1.25,13.5,2.75,15.0]},"east":{"texture":"#0","uv":[0.75,13.0,2.75,14.75]},"south":{"texture":"#0","uv":[1.25,13.75,2.75,15.5]},"west":{"texture":"#0","uv":[1.0,13.25,2.5,14.75]},"up":{"texture":"#0","uv":[0.5,13.25,2.0,15.0]},"down":{"texture":"#0","uv":[1.25,12.75,2.75,14.75]}}},{"from":[7.1,8.1,-0.1],"to":[9.8,10.5,2.3],"faces":{"north":{"texture":"#0","uv":[1.25,13.5,2.75,15.0]},"east":{"texture":"#0","uv":[0.75,13.0,2.75,14.75]},"south":{"texture":"#0","uv":[1.25,13.75,2.75,15.5]},"west":{"texture":"#0","uv":[1.0,13.25,2.5,14.75]},"up":{"texture":"#0","uv":[0.5,13.25,2.0,15.0]},"down":{"texture":"#0","uv":[1.25,12.75,2.75,14.75]}}},{"from":[7.1,8.1,15.05],"to":[9.8,10.5,17.45],"faces":{"north":{"texture":"#0","uv":[1.25,13.5,2.75,15.0]},"east":{"texture":"#0","uv":[0.75,13.0,2.75,14.75]},"south":{"texture":"#0","uv":[1.25,13.75,2.75,15.5]},"west":{"texture":"#0","uv":[1.0,13.25,2.5,14.75]},"up":{"texture":"#0","uv":[0.5,13.25,2.0,15.0]},"down":{"texture":"#0","uv":[1.25,12.75,2.75,14.75]}}},{"from":[7.1,11.7,14.15],"to":[9.8,13.8,18.8],"rotation":{"origin":[7.1,13.8,14.15],"axis":"x","angle":45.0},"faces":{"north":{"texture":"#0","uv":[1.25,13.5,2.75,15.0]},"east":{"texture":"#0","uv":[0.75,13.0,2.75,14.75]},"south":{"texture":"#0","uv":[1.25,13.75,2.75,15.5]},"west":{"texture":"#0","uv":[1.0,13.25,2.5,14.75]},"up":{"texture":"#0","uv":[0.5,13.25,2.0,15.0]},"down":{"texture":"#0","uv":[1.25,12.75,2.75,14.75]}}},{"from":[7.1,6.6,15.05],"to":[9.8,8.1,17.45],"faces":{"north":{"texture":"#0","uv":[1.25,9.5,2.75,11.0]},"east":{"texture":"#0","uv":[0.5,9.75,2.5,11.5]},"south":{"texture":"#0","uv":[1.0,9.5,2.5,11.25]},"west":{"texture":"#0","uv":[1.0,9.5,2.5,11.0]},"up":{"texture":"#0","uv":[1.0,9.0,2.5,10.75]},"down":{"texture":"#0","uv":[1.0,9.0,2.5,11.0]}}},{"from":[7.1,6.6,-0.1],"to":[9.8,8.1,2.3],"faces":{"north":{"texture":"#0","uv":[1.25,9.5,2.75,11.0]},"east":{"texture":"#0","uv":[0.5,9.75,2.5,11.5]},"south":{"texture":"#0","uv":[1.0,9.5,2.5,11.25]},"west":{"texture":"#0","uv":[1.0,9.5,2.5,11.0]},"up":{"texture":"#0","uv":[1.0,9.0,2.5,10.75]},"down":{"texture":"#0","uv":[1.0,9.0,2.5,11.0]}}},{"from":[8.3,6.1,5.7],"to":[10.4,8.8,11.5],"faces":{"north":{"texture":"#0","uv":[1.25,9.5,2.75,11.0]},"east":{"texture":"#0","uv":[0.5,9.75,2.5,11.5]},"south":{"texture":"#0","uv":[1.0,9.5,2.5,11.25]},"west":{"texture":"#0","uv":[1.0,9.5,2.5,11.0]},"up":{"texture":"#0","uv":[1.0,9.0,2.5,10.75]},"down":{"texture":"#0","uv":[1.0,9.0,2.5,11.0]}}},{"from":[10.1,6.1,5.6],"to":[12.1,10.5,11.6],"faces":{"north":{"texture":"#0","uv":[1.25,13.5,2.75,15.0]},"east":{"texture":"#0","uv":[0.75,13.0,2.75,14.75]},"south":{"texture":"#0","uv":[1.25,13.75,2.75,15.5]},"west":{"texture":"#0","uv":[1.0,13.25,2.5,14.75]},"up":{"texture":"#0","uv":[0.5,13.25,2.0,15.0]},"down":{"texture":"#0","uv":[1.25,12.75,2.75,14.75]}}},{"from":[8.3,5.5,6.3],"to":[10.4,6.1,10.9],"faces":{"north":{"texture":"#0","uv":[1.25,9.5,2.75,11.0]},"east":{"texture":"#0","uv":[0.5,9.75,2.5,11.5]},"south":{"texture":"#0","uv":[1.0,9.5,2.5,11.25]},"west":{"texture":"#0","uv":[1.0,9.5,2.5,11.0]},"up":{"texture":"#0","uv":[1.0,9.0,2.5,10.75]},"down":{"texture":"#0","uv":[1.0,9.0,2.5,11.0]}}},{"from":[8.3,5.5,5.6],"to":[11.375,6.1,6.3],"faces":{"north":{"texture":"#0","uv":[1.25,13.5,2.75,15.0]},"east":{"texture":"#0","uv":[0.75,13.0,2.75,14.75]},"south":{"texture":"#0","uv":[1.25,13.75,2.75,15.5]},"west":{"texture":"#0","uv":[1.0,13.25,2.5,14.75]},"up":{"texture":"#0","uv":[0.5,13.25,2.0,15.0]},"down":{"texture":"#0","uv":[1.25,12.75,2.75,14.75]}}},{"from":[8.3,5.5,10.9],"to":[11.375,6.1,11.6],"faces":{"north":{"texture":"#0","uv":[1.25,13.5,2.75,15.0]},"east":{"texture":"#0","uv":[0.75,13.0,2.75,14.75]},"south":{"texture":"#0","uv":[1.25,13.75,2.75,15.5]},"west":{"texture":"#0","uv":[1.0,13.25,2.5,14.75]},"up":{"texture":"#0","uv":[0.5,13.25,2.0,15.0]},"down":{"texture":"#0","uv":[1.25,12.75,2.75,14.75]}}},{"from":[8.3,4.9,4.7],"to":[11.375,5.5,12.5],"faces":{"north":{"texture":"#0","uv":[1.25,13.5,2.75,15.0]},"east":{"texture":"#0","uv":[0.75,13.0,2.75,14.75]},"south":{"texture":"#0","uv":[1.25,13.75,2.75,15.5]},"west":{"texture":"#0","uv":[1.0,13.25,2.5,14.75]},"up":{"texture":"#0","uv":[0.5,13.25,2.0,15.0]},"down":{"texture":"#0","uv":[1.25,12.75,2.75,14.75]}}},{"from":[8.4,1.525,2.9],"to":[11.375,4.225,6.6],"rotation":{"origin":[8.3,4.225,2.9],"axis":"x","angle":-45.0},"faces":{"north":{"texture":"#0","uv":[1.25,13.5,2.75,15.0]},"east":{"texture":"#0","uv":[0.75,13.0,2.75,14.75]},"south":{"texture":"#0","uv":[1.25,13.75,2.75,15.5]},"west":{"texture":"#0","uv":[1.0,13.25,2.5,14.75]},"up":{"texture":"#0","uv":[0.5,13.25,2.0,15.0]},"down":{"texture":"#0","uv":[1.25,12.75,2.75,14.75]}}},{"from":[8.4,4.15,11.75],"to":[11.375,6.85,15.35],"rotation":{"origin":[8.3,6.85,11.75],"axis":"x","angle":45.0},"faces":{"north":{"texture":"#0","uv":[1.25,13.5,2.75,15.0]},"east":{"texture":"#0","uv":[0.75,13.0,2.75,14.75]},"south":{"texture":"#0","uv":[1.25,13.75,2.75,15.5]},"west":{"texture":"#0","uv":[1.0,13.25,2.5,14.75]},"up":{"texture":"#0","uv":[0.5,13.25,2.0,15.0]},"down":{"texture":"#0","uv":[1.25,12.75,2.75,14.75]}}},{"from":[8.4,1.6,12.125],"to":[11.375,5.2,14.525],"rotation":{"origin":[8.3,5.2,12.125],"axis":"x","angle":22.5},"faces":{"north":{"texture":"#0","uv":[1.25,13.5,2.75,15.0]},"east":{"texture":"#0","uv":[0.75,13.0,2.75,14.75]},"south":{"texture":"#0","uv":[1.25,13.75,2.75,15.5]},"west":{"texture":"#0","uv":[1.0,13.25,2.5,14.75]},"up":{"texture":"#0","uv":[0.5,13.25,2.0,15.0]},"down":{"texture":"#0","uv":[1.25,12.75,2.75,14.75]}}},{"from":[8.4,0.625,2.9],"to":[11.375,4.225,5.3],"rotation":{"origin":[8.3,4.225,2.9],"axis":"x","angle":-22.5},"faces":{"north":{"texture":"#0","uv":[1.25,13.5,2.75,15.0]},"east":{"texture":"#0","uv":[0.75,13.0,2.75,14.75]},"south":{"texture":"#0","uv":[1.25,13.75,2.75,15.5]},"west":{"texture":"#0","uv":[1.0,13.25,2.5,14.75]},"up":{"texture":"#0","uv":[0.5,13.25,2.0,15.0]},"down":{"texture":"#0","uv":[1.25,12.75,2.75,14.75]}}},{"from":[8.4,0.7,4.1],"to":[11.375,1.9,6.5],"faces":{"north":{"texture":"#0","uv":[1.25,13.5,2.75,15.0]},"east":{"texture":"#0","uv":[0.75,13.0,2.75,14.75]},"south":{"texture":"#0","uv":[1.25,13.75,2.75,15.5]},"west":{"texture":"#0","uv":[1.0,13.25,2.5,14.75]},"up":{"texture":"#0","uv":[0.5,13.25,2.0,15.0]},"down":{"texture":"#0","uv":[1.25,12.75,2.75,14.75]}}},{"from":[8.4,0.7,10.7],"to":[11.375,1.9,13.1],"faces":{"north":{"texture":"#0","uv":[1.25,13.5,2.75,15.0]},"east":{"texture":"#0","uv":[0.75,13.0,2.75,14.75]},"south":{"texture":"#0","uv":[1.25,13.75,2.75,15.5]},"west":{"texture":"#0","uv":[1.0,13.25,2.5,14.75]},"up":{"texture":"#0","uv":[0.5,13.25,2.0,15.0]},"down":{"texture":"#0","uv":[1.25,12.75,2.75,14.75]}}},{"from":[7.075,-0.2,10.7],"to":[11.3,0.7,12.725],"faces":{"north":{"texture":"#0","uv":[1.25,9.5,2.75,11.0]},"east":{"texture":"#0","uv":[0.5,9.75,2.5,11.5]},"south":{"texture":"#0","uv":[1.0,9.5,2.5,11.25]},"west":{"texture":"#0","uv":[1.0,9.5,2.5,11.0]},"up":{"texture":"#0","uv":[1.0,9.0,2.5,10.75]},"down":{"texture":"#0","uv":[1.0,9.0,2.5,11.0]}}},{"from":[6.875,-0.2,12.5],"to":[10.85,0.7,14.375],"rotation":{"origin":[6.875,-0.2,12.5],"axis":"y","angle":22.5},"faces":{"north":{"texture":"#0","uv":[1.25,9.5,2.75,11.0]},"east":{"texture":"#0","uv":[0.5,9.75,2.5,11.5]},"south":{"texture":"#0","uv":[1.0,9.5,2.5,11.25]},"west":{"texture":"#0","uv":[1.0,9.5,2.5,11.0]},"up":{"texture":"#0","uv":[1.0,9.0,2.5,10.75]},"down":{"texture":"#0","uv":[1.0,9.0,2.5,11.0]}}},{"from":[7.075,-0.2,4.475],"to":[11.3,0.7,6.5],"faces":{"north":{"texture":"#0","uv":[1.25,9.5,2.75,11.0]},"east":{"texture":"#0","uv":[0.5,9.75,2.5,11.5]},"south":{"texture":"#0","uv":[1.0,9.5,2.5,11.25]},"west":{"texture":"#0","uv":[1.0,9.5,2.5,11.0]},"up":{"texture":"#0","uv":[1.0,9.0,2.5,10.75]},"down":{"texture":"#0","uv":[1.0,9.0,2.5,11.0]}}},{"from":[7.625,-0.2,2.9],"to":[11.6,0.7,4.775],"rotation":{"origin":[7.625,-0.2,2.9],"axis":"y","angle":-22.5},"faces":{"north":{"texture":"#0","uv":[1.25,9.5,2.75,11.0]},"east":{"texture":"#0","uv":[0.5,9.75,2.5,11.5]},"south":{"texture":"#0","uv":[1.0,9.5,2.5,11.25]},"west":{"texture":"#0","uv":[1.0,9.5,2.5,11.0]},"up":{"texture":"#0","uv":[1.0,9.0,2.5,10.75]},"down":{"texture":"#0","uv":[1.0,9.0,2.5,11.0]}}},{"from":[7.1,0.625,4.1],"to":[8.6,0.7,6.5],"rotation":{"origin":[7.1,0.7,4.1],"axis":"z","angle":22.5},"faces":{"up":{"texture":"#2","uv":[0.25,3.5,5.0,15.75],"rotation":180},"down":{"texture":"#2","uv":[0.25,15.75,5.0,3.5],"rotation":180}}},{"from":[11.3,1.225,4.1],"to":[12.8,1.3,6.5],"rotation":{"origin":[11.3,1.3,4.1],"axis":"z","angle":-45.0},"faces":{"up":{"texture":"#2","uv":[0.25,3.5,5.0,15.75]},"down":{"texture":"#2","uv":[0.25,15.75,5.0,3.5]}}},{"from":[8.4,0.625,2.9],"to":[11.375,0.7,4.4],"rotation":{"origin":[8.3,0.7,2.9],"axis":"x","angle":-22.5},"faces":{"up":{"texture":"#2","uv":[5.25,3.5,10.0,15.75],"rotation":270},"down":{"texture":"#2","uv":[5.25,15.75,10.0,3.5],"rotation":90}}},{"from":[8.4,1.3,6.275],"to":[11.375,1.375,7.775],"rotation":{"origin":[8.3,1.375,6.275],"axis":"x","angle":45.0},"faces":{"up":{"texture":"#2","uv":[10.25,3.5,15.25,14.5],"rotation":90},"down":{"texture":"#2","uv":[10.25,14.5,15.25,3.5],"rotation":270}}},{"from":[8.4,0.325,9.8],"to":[11.375,0.4,11.3],"rotation":{"origin":[8.3,0.4,9.8],"axis":"x","angle":-45.0},"faces":{"up":{"texture":"#2","uv":[10.25,3.5,15.25,14.5],"rotation":270},"down":{"texture":"#2","uv":[10.25,14.5,15.25,3.5],"rotation":90}}},{"from":[8.4,1.15,12.8],"to":[11.375,1.225,14.3],"rotation":{"origin":[8.3,1.225,12.8],"axis":"x","angle":22.5},"faces":{"up":{"texture":"#2","uv":[5.25,3.5,10.0,15.75],"rotation":90},"down":{"texture":"#2","uv":[5.25,15.75,10.0,3.5],"rotation":270}}},{"from":[7.1,0.625,10.7],"to":[8.6,0.7,13.1],"rotation":{"origin":[7.1,0.7,10.7],"axis":"z","angle":22.5},"faces":{"up":{"texture":"#2","uv":[0.25,3.5,5.0,15.75],"rotation":180},"down":{"texture":"#2","uv":[0.25,15.75,5.0,3.5],"rotation":180}}},{"from":[11.3,1.225,10.7],"to":[12.8,1.3,13.1],"rotation":{"origin":[11.3,1.3,10.7],"axis":"z","angle":-45.0},"faces":{"up":{"texture":"#2","uv":[0.25,3.5,5.0,15.75]},"down":{"texture":"#2","uv":[0.25,15.75,5.0,3.5]}}},{"from":[10.324,4.726,5.6],"to":[11.899,5.626,11.6],"rotation":{"origin":[10.324,5.626,5.6],"axis":"z","angle":45.0},"faces":{"north":{"texture":"#0","uv":[1.25,13.5,2.75,15.0]},"east":{"texture":"#0","uv":[0.75,13.0,2.75,14.75]},"south":{"texture":"#0","uv":[1.25,13.75,2.75,15.5]},"west":{"texture":"#0","uv":[1.0,13.25,2.5,14.75]},"up":{"texture":"#0","uv":[0.5,13.25,2.0,15.0]},"down":{"texture":"#0","uv":[1.25,12.75,2.75,14.75]}}},{"from":[8.3,7.852,10.349],"to":[11.3,11.452,11.249],"rotation":{"origin":[8.3,11.452,9.449],"axis":"x","angle":-22.5},"faces":{"north":{"texture":"#0","uv":[1.25,13.5,2.75,15.0]},"east":{"texture":"#0","uv":[0.75,13.0,2.75,14.75]},"south":{"texture":"#0","uv":[1.25,13.75,2.75,15.5]},"west":{"texture":"#0","uv":[1.0,13.25,2.5,14.75]},"up":{"texture":"#0","uv":[0.5,13.25,2.0,15.0]},"down":{"texture":"#0","uv":[1.25,12.75,2.75,14.75]}}},{"from":[8.3,5.2,11.5],"to":[11.3,8.8,12.5],"faces":{"north":{"texture":"#0","uv":[1.25,13.5,2.75,15.0]},"east":{"texture":"#0","uv":[0.75,13.0,2.75,14.75]},"south":{"texture":"#0","uv":[1.25,13.75,2.75,15.5]},"west":{"texture":"#0","uv":[1.0,13.25,2.5,14.75]},"up":{"texture":"#0","uv":[0.5,13.25,2.0,15.0]},"down":{"texture":"#0","uv":[1.25,12.75,2.75,14.75]}}},{"from":[8.3,5.2,4.7],"to":[11.3,8.8,5.7],"faces":{"north":{"texture":"#0","uv":[1.25,13.5,2.75,15.0]},"east":{"texture":"#0","uv":[0.75,13.0,2.75,14.75]},"south":{"texture":"#0","uv":[1.25,13.75,2.75,15.5]},"west":{"texture":"#0","uv":[1.0,13.25,2.5,14.75]},"up":{"texture":"#0","uv":[0.5,13.25,2.0,15.0]},"down":{"texture":"#0","uv":[1.25,12.75,2.75,14.75]}}},{"from":[8.3,8.5,6.05],"to":[11.3,12.1,6.95],"rotation":{"origin":[8.3,12.1,6.05],"axis":"x","angle":22.5},"faces":{"north":{"texture":"#0","uv":[1.25,13.5,2.75,15.0]},"east":{"texture":"#0","uv":[0.75,13.0,2.75,14.75]},"south":{"texture":"#0","uv":[1.25,13.75,2.75,15.5]},"west":{"texture":"#0","uv":[1.0,13.25,2.5,14.75]},"up":{"texture":"#0","uv":[0.5,13.25,2.0,15.0]},"down":{"texture":"#0","uv":[1.25,12.75,2.75,14.75]}}},{"from":[7.1,5.7,15.05],"to":[7.7,6.6,15.53],"rotation":{"origin":[7.1,6.6,15.05],"axis":"z","angle":45.0},"faces":{"north":{"texture":"#0","uv":[1.25,9.5,2.75,11.0]},"east":{"texture":"#0","uv":[0.5,9.75,2.5,11.5]},"south":{"texture":"#0","uv":[1.0,9.5,2.5,11.25]},"west":{"texture":"#0","uv":[1.0,9.5,2.5,11.0]},"up":{"texture":"#0","uv":[1.0,9.0,2.5,10.75]},"down":{"texture":"#0","uv":[1.0,9.0,2.5,11.0]}}},{"from":[7.949,5.949,15.05],"to":[8.549,6.549,15.53],"rotation":{"origin":[7.949,6.549,15.05],"axis":"z","angle":-22.5},"faces":{"north":{"texture":"#0","uv":[1.25,9.5,2.75,11.0]},"east":{"texture":"#0","uv":[0.5,9.75,2.5,11.5]},"south":{"texture":"#0","uv":[1.0,9.5,2.5,11.25]},"west":{"texture":"#0","uv":[1.0,9.5,2.5,11.0]},"up":{"texture":"#0","uv":[1.0,9.0,2.5,10.75]},"down":{"texture":"#0","uv":[1.0,9.0,2.5,11.0]}}},{"from":[8.075,5.7,15.05],"to":[9.275,6.3,15.53],"rotation":{"origin":[8.075,6.3,15.05],"axis":"z","angle":22.5},"faces":{"north":{"texture":"#0","uv":[1.25,9.5,2.75,11.0]},"east":{"texture":"#0","uv":[0.5,9.75,2.5,11.5]},"south":{"texture":"#0","uv":[1.0,9.5,2.5,11.25]},"west":{"texture":"#0","uv":[1.0,9.5,2.5,11.0]},"up":{"texture":"#0","uv":[1.0,9.0,2.5,10.75]},"down":{"texture":"#0","uv":[1.0,9.0,2.5,11.0]}}},{"from":[7.1,5.7,15.65],"to":[7.7,6.6,16.13],"rotation":{"origin":[7.1,6.6,15.65],"axis":"z","angle":45.0},"faces":{"north":{"texture":"#0","uv":[1.25,9.5,2.75,11.0]},"east":{"texture":"#0","uv":[0.5,9.75,2.5,11.5]},"south":{"texture":"#0","uv":[1.0,9.5,2.5,11.25]},"west":{"texture":"#0","uv":[1.0,9.5,2.5,11.0]},"up":{"texture":"#0","uv":[1.0,9.0,2.5,10.75]},"down":{"texture":"#0","uv":[1.0,9.0,2.5,11.0]}}},{"from":[7.949,5.949,15.65],"to":[8.549,6.549,16.13],"rotation":{"origin":[7.949,6.549,15.65],"axis":"z","angle":-22.5},"faces":{"north":{"texture":"#0","uv":[1.25,9.5,2.75,11.0]},"east":{"texture":"#0","uv":[0.5,9.75,2.5,11.5]},"south":{"texture":"#0","uv":[1.0,9.5,2.5,11.25]},"west":{"texture":"#0","uv":[1.0,9.5,2.5,11.0]},"up":{"texture":"#0","uv":[1.0,9.0,2.5,10.75]},"down":{"texture":"#0","uv":[1.0,9.0,2.5,11.0]}}},{"from":[8.075,5.7,15.65],"to":[9.275,6.3,16.13],"rotation":{"origin":[8.075,6.3,15.65],"axis":"z","angle":22.5},"faces":{"north":{"texture":"#0","uv":[1.25,9.5,2.75,11.0]},"east":{"texture":"#0","uv":[0.5,9.75,2.5,11.5]},"south":{"texture":"#0","uv":[1.0,9.5,2.5,11.25]},"west":{"texture":"#0","uv":[1.0,9.5,2.5,11.0]},"up":{"texture":"#0","uv":[1.0,9.0,2.5,10.75]},"down":{"texture":"#0","uv":[1.0,9.0,2.5,11.0]}}},{"from":[7.1,5.7,16.25],"to":[7.7,6.6,16.73],"rotation":{"origin":[7.1,6.6,16.25],"axis":"z","angle":45.0},"faces":{"north":{"texture":"#0","uv":[1.25,9.5,2.75,11.0]},"east":{"texture":"#0","uv":[0.5,9.75,2.5,11.5]},"south":{"texture":"#0","uv":[1.0,9.5,2.5,11.25]},"west":{"texture":"#0","uv":[1.0,9.5,2.5,11.0]},"up":{"texture":"#0","uv":[1.0,9.0,2.5,10.75]},"down":{"texture":"#0","uv":[1.0,9.0,2.5,11.0]}}},{"from":[7.949,5.949,16.25],"to":[8.549,6.549,16.73],"rotation":{"origin":[7.949,6.549,16.25],"axis":"z","angle":-22.5},"faces":{"north":{"texture":"#0","uv":[1.25,9.5,2.75,11.0]},"east":{"texture":"#0","uv":[0.5,9.75,2.5,11.5]},"south":{"texture":"#0","uv":[1.0,9.5,2.5,11.25]},"west":{"texture":"#0","uv":[1.0,9.5,2.5,11.0]},"up":{"texture":"#0","uv":[1.0,9.0,2.5,10.75]},"down":{"texture":"#0","uv":[1.0,9.0,2.5,11.0]}}},{"from":[8.075,5.7,16.25],"to":[9.275,6.3,16.73],"rotation":{"origin":[8.075,6.3,16.25],"axis":"z","angle":22.5},"faces":{"north":{"texture":"#0","uv":[1.25,9.5,2.75,11.0]},"east":{"texture":"#0","uv":[0.5,9.75,2.5,11.5]},"south":{"texture":"#0","uv":[1.0,9.5,2.5,11.25]},"west":{"texture":"#0","uv":[1.0,9.5,2.5,11.0]},"up":{"texture":"#0","uv":[1.0,9.0,2.5,10.75]},"down":{"texture":"#0","uv":[1.0,9.0,2.5,11.0]}}},{"from":[7.1,5.7,16.85],"to":[7.7,6.6,17.33],"rotation":{"origin":[7.1,6.6,16.85],"axis":"z","angle":45.0},"faces":{"north":{"texture":"#0","uv":[1.25,9.5,2.75,11.0]},"east":{"texture":"#0","uv":[0.5,9.75,2.5,11.5]},"south":{"texture":"#0","uv":[1.0,9.5,2.5,11.25]},"west":{"texture":"#0","uv":[1.0,9.5,2.5,11.0]},"up":{"texture":"#0","uv":[1.0,9.0,2.5,10.75]},"down":{"texture":"#0","uv":[1.0,9.0,2.5,11.0]}}},{"from":[7.949,5.949,16.85],"to":[8.549,6.549,17.33],"rotation":{"origin":[7.949,6.549,16.85],"axis":"z","angle":-22.5},"faces":{"north":{"texture":"#0","uv":[1.25,9.5,2.75,11.0]},"east":{"texture":"#0","uv":[0.5,9.75,2.5,11.5]},"south":{"texture":"#0","uv":[1.0,9.5,2.5,11.25]},"west":{"texture":"#0","uv":[1.0,9.5,2.5,11.0]},"up":{"texture":"#0","uv":[1.0,9.0,2.5,10.75]},"down":{"texture":"#0","uv":[1.0,9.0,2.5,11.0]}}},{"from":[8.075,5.7,16.85],"to":[9.275,6.3,17.33],"rotation":{"origin":[8.075,6.3,16.85],"axis":"z","angle":22.5},"faces":{"north":{"texture":"#0","uv":[1.25,9.5,2.75,11.0]},"east":{"texture":"#0","uv":[0.5,9.75,2.5,11.5]},"south":{"texture":"#0","uv":[1.0,9.5,2.5,11.25]},"west":{"texture":"#0","uv":[1.0,9.5,2.5,11.0]},"up":{"texture":"#0","uv":[1.0,9.0,2.5,10.75]},"down":{"texture":"#0","uv":[1.0,9.0,2.5,11.0]}}},{"from":[8.3,6.144,14.525],"to":[8.9,6.744,15.125],"faces":{"north":{"texture":"#0","uv":[1.25,9.5,2.75,11.0]},"east":{"texture":"#0","uv":[0.5,9.75,2.5,11.5]},"south":{"texture":"#0","uv":[1.0,9.5,2.5,11.25]},"west":{"texture":"#0","uv":[1.0,9.5,2.5,11.0]},"up":{"texture":"#0","uv":[1.0,9.0,2.5,10.75]},"down":{"texture":"#0","uv":[1.0,9.0,2.5,11.0]}}},{"from":[8.3,6.519,15.125],"to":[8.9,7.344,15.575],"rotation":{"origin":[8.3,7.344,15.125],"axis":"x","angle":45.0},"faces":{"north":{"texture":"#0","uv":[1.25,9.5,2.75,11.0]},"east":{"texture":"#0","uv":[0.5,9.75,2.5,11.5]},"south":{"texture":"#0","uv":[1.0,9.5,2.5,11.25]},"west":{"texture":"#0","uv":[1.0,9.5,2.5,11.0]},"up":{"texture":"#0","uv":[1.0,9.0,2.5,10.75]},"down":{"texture":"#0","uv":[1.0,9.0,2.5,11.0]}}},{"from":[8.3,5.544,14.525],"to":[8.9,6.219,14.975],"rotation":{"origin":[8.3,6.219,14.525],"axis":"x","angle":-45.0},"faces":{"north":{"texture":"#0","uv":[1.25,9.5,2.75,11.0]},"east":{"texture":"#0","uv":[0.5,9.75,2.5,11.5]},"south":{"texture":"#0","uv":[1.0,9.5,2.5,11.25]},"west":{"texture":"#0","uv":[1.0,9.5,2.5,11.0]},"up":{"texture":"#0","uv":[1.0,9.0,2.5,10.75]},"down":{"texture":"#0","uv":[1.0,9.0,2.5,11.0]}}},{"from":[7.1,5.7,-0.1],"to":[7.7,6.6,0.38],"rotation":{"origin":[7.1,6.6,-0.1],"axis":"z","angle":45.0},"faces":{"north":{"texture":"#0","uv":[1.25,9.5,2.75,11.0]},"east":{"texture":"#0","uv":[0.5,9.75,2.5,11.5]},"south":{"texture":"#0","uv":[1.0,9.5,2.5,11.25]},"west":{"texture":"#0","uv":[1.0,9.5,2.5,11.0]},"up":{"texture":"#0","uv":[1.0,9.0,2.5,10.75]},"down":{"texture":"#0","uv":[1.0,9.0,2.5,11.0]}}},{"from":[7.949,5.949,-0.1],"to":[8.549,6.549,0.38],"rotation":{"origin":[7.949,6.549,-0.1],"axis":"z","angle":-22.5},"faces":{"north":{"texture":"#0","uv":[1.25,9.5,2.75,11.0]},"east":{"texture":"#0","uv":[0.5,9.75,2.5,11.5]},"south":{"texture":"#0","uv":[1.0,9.5,2.5,11.25]},"west":{"texture":"#0","uv":[1.0,9.5,2.5,11.0]},"up":{"texture":"#0","uv":[1.0,9.0,2.5,10.75]},"down":{"texture":"#0","uv":[1.0,9.0,2.5,11.0]}}},{"from":[8.075,5.7,-0.1],"to":[9.275,6.3,0.38],"rotation":{"origin":[8.075,6.3,-0.1],"axis":"z","angle":22.5},"faces":{"north":{"texture":"#0","uv":[1.25,9.5,2.75,11.0]},"east":{"texture":"#0","uv":[0.5,9.75,2.5,11.5]},"south":{"texture":"#0","uv":[1.0,9.5,2.5,11.25]},"west":{"texture":"#0","uv":[1.0,9.5,2.5,11.0]},"up":{"texture":"#0","uv":[1.0,9.0,2.5,10.75]},"down":{"texture":"#0","uv":[1.0,9.0,2.5,11.0]}}},{"from":[7.1,5.7,0.5],"to":[7.7,6.6,0.98],"rotation":{"origin":[7.1,6.6,0.5],"axis":"z","angle":45.0},"faces":{"north":{"texture":"#0","uv":[1.25,9.5,2.75,11.0]},"east":{"texture":"#0","uv":[0.5,9.75,2.5,11.5]},"south":{"texture":"#0","uv":[1.0,9.5,2.5,11.25]},"west":{"texture":"#0","uv":[1.0,9.5,2.5,11.0]},"up":{"texture":"#0","uv":[1.0,9.0,2.5,10.75]},"down":{"texture":"#0","uv":[1.0,9.0,2.5,11.0]}}},{"from":[7.949,5.949,0.5],"to":[8.549,6.549,0.98],"rotation":{"origin":[7.949,6.549,0.5],"axis":"z","angle":-22.5},"faces":{"north":{"texture":"#0","uv":[1.25,9.5,2.75,11.0]},"east":{"texture":"#0","uv":[0.5,9.75,2.5,11.5]},"south":{"texture":"#0","uv":[1.0,9.5,2.5,11.25]},"west":{"texture":"#0","uv":[1.0,9.5,2.5,11.0]},"up":{"texture":"#0","uv":[1.0,9.0,2.5,10.75]},"down":{"texture":"#0","uv":[1.0,9.0,2.5,11.0]}}},{"from":[8.075,5.7,0.5],"to":[9.275,6.3,0.98],"rotation":{"origin":[8.075,6.3,0.5],"axis":"z","angle":22.5},"faces":{"north":{"texture":"#0","uv":[1.25,9.5,2.75,11.0]},"east":{"texture":"#0","uv":[0.5,9.75,2.5,11.5]},"south":{"texture":"#0","uv":[1.0,9.5,2.5,11.25]},"west":{"texture":"#0","uv":[1.0,9.5,2.5,11.0]},"up":{"texture":"#0","uv":[1.0,9.0,2.5,10.75]},"down":{"texture":"#0","uv":[1.0,9.0,2.5,11.0]}}},{"from":[7.1,5.7,1.1],"to":[7.7,6.6,1.58],"rotation":{"origin":[7.1,6.6,1.1],"axis":"z","angle":45.0},"faces":{"north":{"texture":"#0","uv":[1.25,9.5,2.75,11.0]},"east":{"texture":"#0","uv":[0.5,9.75,2.5,11.5]},"south":{"texture":"#0","uv":[1.0,9.5,2.5,11.25]},"west":{"texture":"#0","uv":[1.0,9.5,2.5,11.0]},"up":{"texture":"#0","uv":[1.0,9.0,2.5,10.75]},"down":{"texture":"#0","uv":[1.0,9.0,2.5,11.0]}}},{"from":[7.949,5.949,1.1],"to":[8.549,6.549,1.58],"rotation":{"origin":[7.949,6.549,1.1],"axis":"z","angle":-22.5},"faces":{"north":{"texture":"#0","uv":[1.25,9.5,2.75,11.0]},"east":{"texture":"#0","uv":[0.5,9.75,2.5,11.5]},"south":{"texture":"#0","uv":[1.0,9.5,2.5,11.25]},"west":{"texture":"#0","uv":[1.0,9.5,2.5,11.0]},"up":{"texture":"#0","uv":[1.0,9.0,2.5,10.75]},"down":{"texture":"#0","uv":[1.0,9.0,2.5,11.0]}}},{"from":[8.075,5.7,1.1],"to":[9.275,6.3,1.58],"rotation":{"origin":[8.075,6.3,1.1],"axis":"z","angle":22.5},"faces":{"north":{"texture":"#0","uv":[1.25,9.5,2.75,11.0]},"east":{"texture":"#0","uv":[0.5,9.75,2.5,11.5]},"south":{"texture":"#0","uv":[1.0,9.5,2.5,11.25]},"west":{"texture":"#0","uv":[1.0,9.5,2.5,11.0]},"up":{"texture":"#0","uv":[1.0,9.0,2.5,10.75]},"down":{"texture":"#0","uv":[1.0,9.0,2.5,11.0]}}},{"from":[7.1,5.7,1.7],"to":[7.7,6.6,2.18],"rotation":{"origin":[7.1,6.6,1.7],"axis":"z","angle":45.0},"faces":{"north":{"texture":"#0","uv":[1.25,9.5,2.75,11.0]},"east":{"texture":"#0","uv":[0.5,9.75,2.5,11.5]},"south":{"texture":"#0","uv":[1.0,9.5,2.5,11.25]},"west":{"texture":"#0","uv":[1.0,9.5,2.5,11.0]},"up":{"texture":"#0","uv":[1.0,9.0,2.5,10.75]},"down":{"texture":"#0","uv":[1.0,9.0,2.5,11.0]}}},{"from":[7.949,5.949,1.7],"to":[8.549,6.549,2.18],"rotation":{"origin":[7.949,6.549,1.7],"axis":"z","angle":-22.5},"faces":{"north":{"texture":"#0","uv":[1.25,9.5,2.75,11.0]},"east":{"texture":"#0","uv":[0.5,9.75,2.5,11.5]},"south":{"texture":"#0","uv":[1.0,9.5,2.5,11.25]},"west":{"texture":"#0","uv":[1.0,9.5,2.5,11.0]},"up":{"texture":"#0","uv":[1.0,9.0,2.5,10.75]},"down":{"texture":"#0","uv":[1.0,9.0,2.5,11.0]}}},{"from":[8.075,5.7,1.7],"to":[9.275,6.3,2.18],"rotation":{"origin":[8.075,6.3,1.7],"axis":"z","angle":22.5},"faces":{"north":{"texture":"#0","uv":[1.25,9.5,2.75,11.0]},"east":{"texture":"#0","uv":[0.5,9.75,2.5,11.5]},"south":{"texture":"#0","uv":[1.0,9.5,2.5,11.25]},"west":{"texture":"#0","uv":[1.0,9.5,2.5,11.0]},"up":{"texture":"#0","uv":[1.0,9.0,2.5,10.75]},"down":{"texture":"#0","uv":[1.0,9.0,2.5,11.0]}}},{"from":[8.3,6.3,2.3],"to":[8.9,6.825,2.75],"faces":{"north":{"texture":"#0","uv":[1.25,9.5,2.75,11.0]},"east":{"texture":"#0","uv":[0.5,9.75,2.5,11.5]},"south":{"texture":"#0","uv":[1.0,9.5,2.5,11.25]},"west":{"texture":"#0","uv":[1.0,9.5,2.5,11.0]},"up":{"texture":"#0","uv":[1.0,9.0,2.5,10.75]},"down":{"texture":"#0","uv":[1.0,9.0,2.5,11.0]}}},{"from":[8.3,6.225,1.85],"to":[8.9,7.05,2.3],"rotation":{"origin":[8.3,7.05,1.85],"axis":"x","angle":-45.0},"faces":{"north":{"texture":"#0","uv":[1.25,9.5,2.75,11.0]},"east":{"texture":"#0","uv":[0.5,9.75,2.5,11.5]},"south":{"texture":"#0","uv":[1.0,9.5,2.5,11.25]},"west":{"texture":"#0","uv":[1.0,9.5,2.5,11.0]},"up":{"texture":"#0","uv":[1.0,9.0,2.5,10.75]},"down":{"texture":"#0","uv":[1.0,9.0,2.5,11.0]}}},{"from":[8.3,5.925,2.45],"to":[8.9,6.6,2.9],"rotation":{"origin":[8.3,6.6,2.45],"axis":"x","angle":45.0},"faces":{"north":{"texture":"#0","uv":[1.25,9.5,2.75,11.0]},"east":{"texture":"#0","uv":[0.5,9.75,2.5,11.5]},"south":{"texture":"#0","uv":[1.0,9.5,2.5,11.25]},"west":{"texture":"#0","uv":[1.0,9.5,2.5,11.0]},"up":{"texture":"#0","uv":[1.0,9.0,2.5,10.75]},"down":{"texture":"#0","uv":[1.0,9.0,2.5,11.0]}}},{"from":[7.1,11.4,3.2],"to":[9.8,13.8,6.5],"faces":{"north":{"texture":"#0","uv":[1.25,13.5,2.75,15.0]},"east":{"texture":"#0","uv":[0.75,13.0,2.75,14.75]},"south":{"texture":"#0","uv":[1.25,13.75,2.75,15.5]},"west":{"texture":"#0","uv":[1.0,13.25,2.5,14.75]},"up":{"texture":"#0","uv":[0.5,13.25,2.0,15.0]},"down":{"texture":"#0","uv":[1.25,12.75,2.75,14.75]}}},{"from":[6.35,7.425,15.05],"to":[7.85,7.5,17.45],"rotation":{"origin":[6.35,7.5,15.05],"axis":"z","angle":45.0},"faces":{"up":{"texture":"#2","uv":[0.25,3.5,5.0,15.75],"rotation":180},"down":{"texture":"#2","uv":[0.25,15.75,5.0,3.5],"rotation":180}}},{"from":[9.575,8.4,15.05],"to":[11.075,8.475,17.45],"rotation":{"origin":[9.575,8.475,15.05],"axis":"z","angle":-45.0},"faces":{"up":{"texture":"#2","uv":[0.25,3.5,5.0,15.75]},"down":{"texture":"#2","uv":[0.25,15.75,5.0,3.5]}}},{"from":[7.1,7.35,14.15],"to":[9.8,7.425,15.65],"rotation":{"origin":[7.1,7.425,14.15],"axis":"x","angle":-45.0},"faces":{"up":{"texture":"#2","uv":[5.25,3.5,10.0,15.75],"rotation":270},"down":{"texture":"#2","uv":[5.25,15.75,10.0,3.5],"rotation":90}}},{"from":[7.1,8.325,17.375],"to":[9.8,8.4,18.875],"rotation":{"origin":[7.1,8.4,17.375],"axis":"x","angle":45.0},"faces":{"up":{"texture":"#2","uv":[5.25,3.5,10.0,15.75],"rotation":90},"down":{"texture":"#2","uv":[5.25,15.75,10.0,3.5],"rotation":270}}},{"from":[6.35,7.425,-0.13],"to":[7.85,7.5,2.27],"rotation":{"origin":[6.35,7.5,-0.13],"axis":"z","angle":45.0},"faces":{"up":{"texture":"#2","uv":[0.25,3.5,5.0,15.75],"rotation":180},"down":{"texture":"#2","uv":[0.25,15.75,5.0,3.5],"rotation":180}}},{"from":[9.575,8.4,-0.13],"to":[11.075,8.475,2.27],"rotation":{"origin":[9.575,8.475,-0.13],"axis":"z","angle":-45.0},"faces":{"up":{"texture":"#2","uv":[0.25,3.5,5.0,15.75]},"down":{"texture":"#2","uv":[0.25,15.75,5.0,3.5]}}},{"from":[7.1,7.35,-1.03],"to":[9.8,7.425,0.47],"rotation":{"origin":[7.1,7.425,-1.03],"axis":"x","angle":-45.0},"faces":{"up":{"texture":"#2","uv":[5.25,3.5,10.0,15.75],"rotation":270},"down":{"texture":"#2","uv":[5.25,15.75,10.0,3.5],"rotation":90}}},{"from":[7.1,8.325,2.195],"to":[9.8,8.4,3.695],"rotation":{"origin":[7.1,8.4,2.195],"axis":"x","angle":45.0},"faces":{"up":{"texture":"#2","uv":[5.25,3.5,10.0,15.75],"rotation":90},"down":{"texture":"#2","uv":[5.25,15.75,10.0,3.5],"rotation":270}}},{"from":[6.6,9.7,7.8],"to":[8.1,11.2,9.2],"rotation":{"origin":[6.6,11.2,5.6],"axis":"z","angle":45.0},"faces":{"north":{"texture":"#0","uv":[1.25,9.5,2.75,11.0]},"east":{"texture":"#0","uv":[0.5,9.75,2.5,11.5]},"south":{"texture":"#0","uv":[1.0,9.5,2.5,11.25]},"west":{"texture":"#0","uv":[1.0,9.5,2.5,11.0]},"up":{"texture":"#0","uv":[1.0,9.0,2.5,10.75]},"down":{"texture":"#0","uv":[1.0,9.0,2.5,11.0]}}},{"from":[6.6,11.2,8.0],"to":[8.1,12.7,9.2],"faces":{"north":{"texture":"#0","uv":[1.25,9.5,2.75,11.0]},"east":{"texture":"#0","uv":[0.5,9.75,2.5,11.5]},"south":{"texture":"#0","uv":[1.0,9.5,2.5,11.25]},"west":{"texture":"#0","uv":[1.0,9.5,2.5,11.0]},"up":{"texture":"#0","uv":[1.0,9.0,2.5,10.75]},"down":{"texture":"#0","uv":[1.0,9.0,2.5,11.0]}}}],"display":{"head":{"rotation":[0,-90,0],"translation":[2.5,-9,-3],"scale":[4,4,4]},"gui":{"rotation":[30,50,0],"translation":[0,-0.75,0],"scale":[0.75,0.75,0.75]},"thirdperson_righthand":{"scale":[0,0,0]},"thirdperson_lefthand":{"scale":[0,0,0]},"firstperson_righthand":{"scale":[0,0,0]},"firstperson_lefthand":{"scale":[0,0,0]}}}