{"__comment":"Designed by Samasaurus6 with BDcraft Cubik PRO 0.96 Beta - http://bdcraft.net","textures":{"sandslash":"pokemon_skins/regular/sandslash/sandslash","sandslash2":"pokemon_skins/regular/sandslash/sandslash2","sandslashear":"pokemon_skins/regular/sandslash/sandslashear","sandslash3":"pokemon_skins/regular/sandslash/sandslash3","sandslash4":"pokemon_skins/regular/sandslash/sandslash4","sandslasheye":"pokemon_skins/regular/sandslash/sandslasheye","sandslash5":"pokemon_skins/regular/sandslash/sandslash5"},"elements":[{"from":[6.25,1.375,6],"to":[10.25,5.5,9.9375],"faces":{"down":{"uv":[0,0.5,10,9],"texture":"#sandslash2"},"up":{"uv":[2,7,11,15.5],"texture":"#sandslash5"},"north":{"uv":[11.5,12.5,2,4],"texture":"#sandslash5"},"south":{"uv":[1.5,12.5,11.5,4],"texture":"#sandslash5"},"west":{"uv":[0,0.5,8,9],"texture":"#sandslash2"},"east":{"uv":[5,8,14,16],"rotation":270,"texture":"#sandslash5"}}},{"from":[6.5625,1.375,9.5],"to":[9.5,4.1875,11],"rotation":{"origin":[6.5625,4.1875,9.5],"axis":"z","angle":-22.5},"faces":{"down":{"uv":[0,1.5,8.5,8],"texture":"#sandslash2"},"up":{"uv":[0,1.5,7.5,8],"texture":"#sandslash2"},"north":{"uv":[0.5,1.5,8,8],"texture":"#sandslash2"},"south":{"uv":[0,1.5,7,8],"texture":"#sandslash2"},"west":{"uv":[0,1.5,4,7.5],"texture":"#sandslash2"},"east":{"uv":[0,1.5,4,8],"texture":"#sandslash2"}}},{"from":[8.25,3.375,6.5],"to":[9.75,6.5625,9.5],"rotation":{"origin":[8.25,6.5625,6.5],"axis":"z","angle":22.5},"faces":{"down":{"uv":[8.5,11,15,16],"texture":"#sandslash"},"up":{"uv":[8,11,14,16],"texture":"#sandslash"},"north":{"uv":[4.5,10.5,11,16],"texture":"#sandslash"},"south":{"uv":[0.5,9.5,8,16],"texture":"#sandslash"},"west":{"uv":[1.5,11,9.5,16],"texture":"#sandslash"},"east":{"uv":[4,10,11.5,16],"texture":"#sandslash"}}},{"from":[9.4375,2.5,6.4375],"to":[10.875,4.375,9.5625],"faces":{"down":{"uv":[11.5,8.5,9.5,4.5],"texture":"#sandslash"},"up":{"uv":[9.5,4.5,12,9],"texture":"#sandslash"},"north":{"uv":[4.5,4.5,7,9],"texture":"#sandslash"},"south":{"uv":[5,4.5,7,8.5],"texture":"#sandslash"},"west":{"uv":[5.5,5.5,12.5,10.5],"texture":"#sandslash"},"east":{"uv":[4.5,4.5,12,10],"texture":"#sandslash"}}},{"from":[6.6875,5.25,6.1875],"to":[9.75,6.5,9.875],"faces":{"down":{"uv":[9.3125,9.875,6.25,6.1875],"texture":"#sandslash2"},"up":{"uv":[6.6875,6.1875,9.75,9.875],"texture":"#sandslash2"},"north":{"uv":[6.25,9.5,9.3125,10.75],"texture":"#sandslash2"},"south":{"uv":[6.6875,9.5,9.75,10.75],"texture":"#sandslash2"},"west":{"uv":[6.1875,9.5,9.875,10.75],"texture":"#sandslash2"},"east":{"uv":[6.125,9.5,9.8125,10.75],"texture":"#sandslash2"}}},{"from":[5.5625,7.1875,6.8125],"to":[8.5625,10.1875,9.3125],"faces":{"down":{"uv":[10,9.5,6.5,6.5],"texture":"#sandslash2"},"up":{"uv":[3,8,12.5,15.5],"texture":"#sandslash5"},"north":{"uv":[6.5,5.5,10,8.5],"texture":"#sandslash2"},"south":{"uv":[5.5,5.5,9,8.5],"texture":"#sandslash2"},"west":{"uv":[6.5,5.5,9.5,8.5],"texture":"#sandslash2"},"east":{"uv":[6.5,5.5,9.5,8.5],"texture":"#sandslash"}}},{"from":[5.5,8.1875,7],"to":[6.875,10.0625,9.125],"rotation":{"origin":[5.5,10.0625,7],"axis":"z","angle":-22.5},"faces":{"down":{"uv":[10,9.5,6.5,6.5],"texture":"#sandslash2"},"up":{"uv":[6,6.5,9.5,9.5],"texture":"#sandslash2"},"north":{"uv":[6.5,6,10,9],"texture":"#sandslash2"},"south":{"uv":[6,6,9.5,9],"texture":"#sandslash2"},"west":{"uv":[6.5,6,9.5,9],"texture":"#sandslash2"},"east":{"uv":[6.5,6,9.5,9],"texture":"#sandslash2"}}},{"from":[5.8125,7.4375,8.25],"to":[8.3125,9.9375,9.25],"rotation":{"origin":[5.8125,7.4375,8.25],"axis":"y","angle":-22.5},"faces":{"down":{"uv":[16,8.5,15,7.5],"texture":"#sandslash2"},"up":{"uv":[0,7.5,1,8.5],"texture":"#sandslash2"},"north":{"uv":[15,0,16,1.5],"texture":"#sandslash2"},"south":{"uv":[8,4.5,14.5,10],"texture":"#sandslash4"},"west":{"uv":[3,5.5,9,10.5],"texture":"#sandslash2"},"east":{"uv":[3,2.5,7.5,6.5],"texture":"#sandslash2"}}},{"from":[7.4375,5.3125,6.625],"to":[8.75,7.25,9.375],"rotation":{"origin":[7.4375,7.25,6.625],"axis":"z","angle":45},"faces":{"down":{"uv":[11.5,12.5,10,9.5],"texture":"#sandslash5"},"up":{"uv":[13.5,10.5,15,13.5],"texture":"#sandslash5"},"north":{"uv":[10,10.5,11.5,14],"texture":"#sandslash5"},"south":{"uv":[10,10.5,11.5,14],"texture":"#sandslash5"},"west":{"uv":[8.5,10,11.5,13.5],"texture":"#sandslash5"},"east":{"uv":[9,10.5,12,14],"texture":"#sandslash5"}}},{"from":[7.75,7.75,6.125],"to":[8.75,9.75,9.875],"faces":{"down":{"uv":[10,9.5,6.5,6.5],"texture":"#sandslash"},"up":{"uv":[6,6.5,9.5,9.5],"texture":"#sandslash"},"north":{"uv":[6.5,6,10,9],"texture":"#sandslash"},"south":{"uv":[6,6,9.5,9],"texture":"#sandslash"},"west":{"uv":[6.5,6,9.5,9],"texture":"#sandslash"},"east":{"uv":[6.5,6,9.5,9],"texture":"#sandslash"}}},{"from":[5.6875,1.75,6.5],"to":[6.6875,4.8125,9.5],"faces":{"down":{"uv":[10.3125,9.5,9.3125,6.5],"texture":"#sandslash3"},"up":{"uv":[5.6875,6.5,6.6875,9.5],"texture":"#sandslash3"},"north":{"uv":[9.3125,11.1875,10.3125,14.25],"texture":"#sandslash3"},"south":{"uv":[5.6875,11.1875,6.6875,14.25],"texture":"#sandslash3"},"west":{"uv":[6.5,11.1875,9.5,14.25],"texture":"#sandslash3"},"east":{"uv":[6.5,11.1875,9.5,14.25],"texture":"#sandslash3"}}},{"from":[5.5625,7.4375,6.875],"to":[8.0625,9.9375,7.875],"rotation":{"origin":[5.5625,7.4375,6.875],"axis":"y","angle":22.5},"faces":{"down":{"uv":[16,8.5,15,7.5],"texture":"#sandslash2"},"up":{"uv":[0,7.5,1,8.5],"texture":"#sandslash2"},"north":{"uv":[2.5,5,9.5,10.5],"texture":"#sandslash4"},"south":{"uv":[0,0,1,1.5],"texture":"#sandslash2"},"west":{"uv":[7.5,0,8.5,1.5],"texture":"#sandslash2"},"east":{"uv":[7.5,0,8.5,1.5],"texture":"#sandslash2"}}},{"from":[4.875,7.25,7.0625],"to":[5.875,8.375,9.0625],"rotation":{"origin":[4.875,8.375,7.0625],"axis":"z","angle":22.5},"faces":{"down":{"uv":[10,9.5,6.5,6.5],"texture":"#sandslash3"},"up":{"uv":[6,6.5,9.5,9.5],"texture":"#sandslash3"},"north":{"uv":[6.5,6,10,9],"texture":"#sandslash3"},"south":{"uv":[6,6,9.5,9],"texture":"#sandslash3"},"west":{"uv":[6.5,6,9.5,9],"texture":"#sandslash3"},"east":{"uv":[6.5,6,9.5,9],"texture":"#sandslash3"}}},{"from":[4.875,7.375,7.5625],"to":[5.625,8.5,8.5625],"rotation":{"origin":[4.875,8.5,7.5625],"axis":"z","angle":-22.5},"faces":{"down":{"uv":[11.1875,8.6875,10.6875,7.5],"texture":"#sandslash2"},"up":{"uv":[4.8125,7.5,5.3125,8.6875],"texture":"#sandslash2"},"north":{"uv":[10.6875,9.125,11.1875,10.25],"texture":"#sandslash2"},"south":{"uv":[4.8125,9.125,5.3125,10.25],"texture":"#sandslash2"},"west":{"uv":[7.5,9.125,8.6875,10.25],"texture":"#sandslash2"},"east":{"uv":[7.3125,9.125,8.5,10.25],"texture":"#sandslash2"}}},{"from":[10.6875,0.75,7],"to":[12.6875,2.25,9],"rotation":{"origin":[10.6875,2.25,7],"axis":"z","angle":22.5},"faces":{"down":{"uv":[5.5,9,3.5,7],"texture":"#sandslash2"},"up":{"uv":[10.5,7,12.5,9],"texture":"#sandslash2"},"north":{"uv":[3.5,13,5.5,14.5],"texture":"#sandslash2"},"south":{"uv":[10.5,13,12.5,14.5],"texture":"#sandslash2"},"west":{"uv":[7,13,9,14.5],"texture":"#sandslash2"},"east":{"uv":[7,13,9,14.5],"texture":"#sandslash2"}}},{"from":[11.6875,1.0625,7.25],"to":[13.6875,2.5625,8.75],"rotation":{"origin":[11.6875,2.5625,7.25],"axis":"z","angle":45},"faces":{"down":{"uv":[3,6.5,1,4.5],"texture":"#sandslash2"},"up":{"uv":[12.5,1,14.5,3],"texture":"#sandslash2"},"north":{"uv":[1,4.5,3,6],"texture":"#sandslash2"},"south":{"uv":[8.5,1,10.5,2.5],"texture":"#sandslash2"},"west":{"uv":[7,10.5,9,12],"texture":"#sandslash2"},"east":{"uv":[9.5,4.5,11.5,6],"texture":"#sandslash2"}}},{"from":[13.5594,3.4375,7.5],"to":[14.6844,5.0625,8.5],"rotation":{"origin":[13.5594,5.0625,7.5],"axis":"z","angle":-22.5},"faces":{"down":{"uv":[3,9,1,7],"texture":"#sandslash2"},"up":{"uv":[13,7,15,9],"texture":"#sandslash2"},"north":{"uv":[1,10.5,3,12],"texture":"#sandslash2"},"south":{"uv":[13,10.5,15,12],"texture":"#sandslash2"},"west":{"uv":[7,10.5,9,12],"texture":"#sandslash2"},"east":{"uv":[7,10.5,9,12],"texture":"#sandslash2"}}},{"from":[6.5,1.125,6.75],"to":[9.9375,2,9.25],"faces":{"down":{"uv":[9.5,9.25,6.0625,6.75],"texture":"#sandslash3"},"up":{"uv":[6.5,6.75,9.9375,9.25],"texture":"#sandslash3"},"north":{"uv":[6.0625,14,9.5,14.875],"texture":"#sandslash3"},"south":{"uv":[6.5,14,9.9375,14.875],"texture":"#sandslash3"},"west":{"uv":[6.75,14,9.25,14.875],"texture":"#sandslash3"},"east":{"uv":[6.75,14,9.25,14.875],"texture":"#sandslash3"}}},{"from":[10.5,1.4375,6.8125],"to":[12.375,3,9.25],"faces":{"down":{"uv":[5.5,9,3.5,7],"texture":"#sandslash2"},"up":{"uv":[10.5,7,12.5,9],"texture":"#sandslash2"},"north":{"uv":[3.5,13,5.5,14.5],"texture":"#sandslash2"},"south":{"uv":[10.5,13,12.5,14.5],"texture":"#sandslash2"},"west":{"uv":[7,13,9,14.5],"texture":"#sandslash2"},"east":{"uv":[7,13,9,14.5],"texture":"#sandslash2"}}},{"from":[5.875,4.5,6.75],"to":[6.25,5.3125,9.25],"faces":{"down":{"uv":[10.125,9.25,9.75,6.75],"texture":"#sandslash3"},"up":{"uv":[5.875,6.75,6.25,9.25],"texture":"#sandslash3"},"north":{"uv":[9.75,10.6875,10.125,11.5],"texture":"#sandslash3"},"south":{"uv":[5.875,10.6875,6.25,11.5],"texture":"#sandslash3"},"west":{"uv":[6.75,10.6875,9.25,11.5],"texture":"#sandslash3"},"east":{"uv":[6.75,10.6875,9.25,11.5],"texture":"#sandslash3"}}},{"from":[5.875,1.3125,6.75],"to":[6.75,2.3125,9.25],"faces":{"down":{"uv":[10.125,9.25,9.25,6.75],"texture":"#sandslash3"},"up":{"uv":[5.875,6.75,6.75,9.25],"texture":"#sandslash3"},"north":{"uv":[9.25,13.6875,10.125,14.6875],"texture":"#sandslash3"},"south":{"uv":[5.875,13.6875,6.75,14.6875],"texture":"#sandslash3"},"west":{"uv":[6.75,13.6875,9.25,14.6875],"texture":"#sandslash3"},"east":{"uv":[6.75,13.6875,9.25,14.6875],"texture":"#sandslash3"}}},{"from":[5.9375,2,6.25],"to":[6.3125,4.3125,6.875],"faces":{"down":{"uv":[10.0625,6.875,9.6875,6.25],"texture":"#sandslash3"},"up":{"uv":[5.9375,6.25,6.3125,6.875],"texture":"#sandslash3"},"north":{"uv":[9.6875,11.6875,10.0625,14],"texture":"#sandslash3"},"south":{"uv":[5.9375,11.6875,6.3125,14],"texture":"#sandslash3"},"west":{"uv":[6.25,11.6875,6.875,14],"texture":"#sandslash3"},"east":{"uv":[9.125,11.6875,9.75,14],"texture":"#sandslash3"}}},{"from":[5.9375,2,9.125],"to":[6.3125,4.3125,9.75],"faces":{"down":{"uv":[10.0625,9.75,9.6875,9.125],"texture":"#sandslash3"},"up":{"uv":[5.9375,9.125,6.3125,9.75],"texture":"#sandslash3"},"north":{"uv":[9.6875,11.6875,10.0625,14],"texture":"#sandslash3"},"south":{"uv":[5.9375,11.6875,6.3125,14],"texture":"#sandslash3"},"west":{"uv":[9.125,11.6875,9.75,14],"texture":"#sandslash3"},"east":{"uv":[6.25,11.6875,6.875,14],"texture":"#sandslash3"}}},{"from":[6.625,1.875,5.5],"to":[9.8125,5,6.1875],"faces":{"down":{"uv":[1,1.5,7,8],"texture":"#sandslash2"},"up":{"uv":[10,9.5,16,3],"rotation":90,"texture":"#sandslash5"},"north":{"uv":[8.5,12,2.5,5.5],"texture":"#sandslash5"},"south":{"uv":[1,1.5,7,8],"texture":"#sandslash2"},"west":{"uv":[1,1.5,2.5,8],"texture":"#sandslash2"},"east":{"uv":[11.5,8,12.5,14.5],"texture":"#sandslash5"}}},{"from":[6.625,1.875,9.6875],"to":[9.8125,5,10.375],"faces":{"down":{"uv":[1,1.5,7,8],"texture":"#sandslash2"},"up":{"uv":[10,8.5,16,2],"rotation":90,"texture":"#sandslash5"},"north":{"uv":[1,1.5,7,8],"texture":"#sandslash2"},"south":{"uv":[3,14.5,8.5,8],"texture":"#sandslash5"},"west":{"uv":[1,1.5,2,8],"texture":"#sandslash2"},"east":{"uv":[12.5,7,13.5,13.5],"texture":"#sandslash5"}}},{"from":[6.125,0,10.0625],"to":[7.625,0.5,11.0625],"rotation":{"origin":[6.125,0,10.0625],"axis":"y","angle":22.5},"faces":{"down":{"uv":[10.5,11,9,10],"texture":"#sandslash2"},"up":{"uv":[5.5,10,7,11],"texture":"#sandslash2"},"north":{"uv":[9,14.5,10.5,15],"texture":"#sandslash2"},"south":{"uv":[5.5,14.5,7,15],"texture":"#sandslash2"},"west":{"uv":[10,14.5,11,15],"texture":"#sandslash2"},"east":{"uv":[5,14.5,6,15],"texture":"#sandslash2"}}},{"from":[6.44518,0,4.9375],"to":[7.94518,0.5,5.9375],"rotation":{"origin":[6.44518,0,4.9375],"axis":"y","angle":-22.5},"faces":{"down":{"uv":[10.5,11,9,10],"texture":"#sandslash2"},"up":{"uv":[5.5,10,7,11],"texture":"#sandslash2"},"north":{"uv":[9,14.5,10.5,15],"texture":"#sandslash2"},"south":{"uv":[5.5,14.5,7,15],"texture":"#sandslash2"},"west":{"uv":[10,14.5,11,15],"texture":"#sandslash2"},"east":{"uv":[5,14.5,6,15],"texture":"#sandslash2"}}},{"from":[5.375,7.1875,6.75],"to":[6.625,8.1875,9.375],"faces":{"down":{"uv":[10.625,9.375,9.375,6.75],"texture":"#sandslash3"},"up":{"uv":[5.375,6.75,6.625,9.375],"texture":"#sandslash3"},"north":{"uv":[9.375,7.8125,10.625,8.8125],"texture":"#sandslash3"},"south":{"uv":[5.375,7.8125,6.625,8.8125],"texture":"#sandslash3"},"west":{"uv":[6.75,7.8125,9.375,8.8125],"texture":"#sandslash3"},"east":{"uv":[6.625,7.8125,9.25,8.8125],"texture":"#sandslash3"}}},{"from":[6.9375,5.125,6.8125],"to":[9.1875,7.4375,9.1875],"rotation":{"origin":[6.9375,7.4375,6.8125],"axis":"z","angle":-22.5},"faces":{"down":{"uv":[9.3125,11.9375,6.75,9.5],"texture":"#sandslash3"},"up":{"uv":[6.6875,9.5,9.25,11.9375],"texture":"#sandslash3"},"north":{"uv":[6.75,8,9.3125,9.5],"texture":"#sandslash3"},"south":{"uv":[6.6875,8,9.25,9.5],"texture":"#sandslash3"},"west":{"uv":[9.5,8,11.9375,9.5],"texture":"#sandslash3"},"east":{"uv":[4.0625,8,6.5,9.5],"texture":"#sandslash3"}}},{"from":[5.9375,5.6875,7],"to":[7.3125,7.4375,9],"rotation":{"origin":[5.9375,7.4375,7],"axis":"z","angle":45},"faces":{"down":{"uv":[9.3125,11.9375,6.75,9.5],"texture":"#sandslash3"},"up":{"uv":[6.6875,9.5,9.25,11.9375],"texture":"#sandslash3"},"north":{"uv":[6.75,8,9.3125,9.5],"texture":"#sandslash3"},"south":{"uv":[6.6875,8,9.25,9.5],"texture":"#sandslash3"},"west":{"uv":[9.5,8,11.9375,9.5],"texture":"#sandslash3"},"east":{"uv":[4.0625,8,6.5,9.5],"texture":"#sandslash3"}}},{"from":[7.5625,0.25,9.5625],"to":[8.5625,1.75,10.5625],"rotation":{"origin":[7.5625,1.75,9.5625],"axis":"z","angle":-22.5},"faces":{"down":{"uv":[1.5,12,0.5,11],"texture":"#sandslash2"},"up":{"uv":[14.5,11,15.5,12],"texture":"#sandslash2"},"north":{"uv":[0.5,12.5,1.5,14],"texture":"#sandslash2"},"south":{"uv":[14.5,12.5,15.5,14],"texture":"#sandslash2"},"west":{"uv":[11,12.5,12,14],"texture":"#sandslash2"},"east":{"uv":[4,12.5,5,14],"texture":"#sandslash2"}}},{"from":[9.9375,1.625,6.9375],"to":[11.9375,3.125,9.0625],"rotation":{"origin":[9.9375,3.125,6.9375],"axis":"z","angle":-22.5},"faces":{"down":{"uv":[5.5,9,3.5,7],"texture":"#sandslash2"},"up":{"uv":[10.5,7,12.5,9],"texture":"#sandslash2"},"north":{"uv":[3.5,13,5.5,14.5],"texture":"#sandslash2"},"south":{"uv":[10.5,13,12.5,14.5],"texture":"#sandslash2"},"west":{"uv":[7,13,9,14.5],"texture":"#sandslash2"},"east":{"uv":[7,13,9,14.5],"texture":"#sandslash2"}}},{"from":[6.5625,1.375,4.8125],"to":[9.5,4.1875,6.3125],"rotation":{"origin":[6.5625,4.1875,4.8125],"axis":"z","angle":-22.5},"faces":{"down":{"uv":[0,1.5,8.5,8],"texture":"#sandslash2"},"up":{"uv":[0,1.5,7.5,8],"texture":"#sandslash2"},"north":{"uv":[0.5,1.5,8,8],"texture":"#sandslash2"},"south":{"uv":[0,1.5,7,8],"texture":"#sandslash2"},"west":{"uv":[0,1.5,4,7.5],"texture":"#sandslash2"},"east":{"uv":[0,1.5,4,8],"texture":"#sandslash2"}}},{"from":[7.5625,0.25,5.25],"to":[8.5625,1.75,6.25],"rotation":{"origin":[7.5625,1.75,5.25],"axis":"z","angle":-22.5},"faces":{"down":{"uv":[1.5,12,0.5,11],"texture":"#sandslash2"},"up":{"uv":[14.5,11,15.5,12],"texture":"#sandslash2"},"north":{"uv":[0.5,12.5,1.5,14],"texture":"#sandslash2"},"south":{"uv":[14.5,12.5,15.5,14],"texture":"#sandslash2"},"west":{"uv":[11,12.5,12,14],"texture":"#sandslash2"},"east":{"uv":[4,12.5,5,14],"texture":"#sandslash2"}}},{"from":[7.5,5.4375,10.6875],"to":[9.5,6.125,11.375],"rotation":{"origin":[7.5,5.4375,10.6875],"axis":"y","angle":45},"faces":{"down":{"uv":[13,12.6875,11,12],"texture":"#sandslash2"},"up":{"uv":[3,12,5,12.6875],"texture":"#sandslash2"},"north":{"uv":[11,0,13,0.6875],"texture":"#sandslash2"},"south":{"uv":[3,0,5,0.6875],"texture":"#sandslash2"},"west":{"uv":[12,0,12.6875,0.6875],"texture":"#sandslash2"},"east":{"uv":[3.3125,0,4,0.6875],"texture":"#sandslash2"}}},{"from":[5.125,4.6875,9.75],"to":[7.75,6.1875,11.0625],"rotation":{"origin":[5.125,4.6875,9.75],"axis":"y","angle":-22.5},"faces":{"down":{"uv":[10.1875,11.25,7.75,10.25],"texture":"#sandslash2"},"up":{"uv":[5.8125,10.25,8.25,11.25],"texture":"#sandslash2"},"north":{"uv":[7.75,0,10.1875,1.5],"texture":"#sandslash2"},"south":{"uv":[5.8125,0,8.25,1.5],"texture":"#sandslash2"},"west":{"uv":[10.25,0,11.25,1.5],"texture":"#sandslash2"},"east":{"uv":[4.75,0,5.75,1.5],"texture":"#sandslash2"}}},{"from":[6.6875,4.9375,10.6875],"to":[8.0625,6.125,11.6875],"rotation":{"origin":[6.6875,4.9375,10.6875],"axis":"y","angle":22.5},"faces":{"down":{"uv":[10.1875,11.25,7.75,10.25],"texture":"#sandslash2"},"up":{"uv":[5.8125,10.25,8.25,11.25],"texture":"#sandslash2"},"north":{"uv":[7.75,0,10.1875,1.5],"texture":"#sandslash2"},"south":{"uv":[5.8125,0,8.25,1.5],"texture":"#sandslash2"},"west":{"uv":[10.25,0,11.25,1.5],"texture":"#sandslash2"},"east":{"uv":[4.75,0,5.75,1.5],"texture":"#sandslash2"}}},{"from":[9,5,7.25],"to":[11,6.5,8.75],"rotation":{"origin":[9,6.5,7.25],"axis":"z","angle":22.5},"faces":{"down":{"uv":[4,13,2,12],"texture":"#sandslash"},"up":{"uv":[12,12,14,13],"texture":"#sandslash"},"north":{"uv":[2,6,4,7.5],"texture":"#sandslash"},"south":{"uv":[12,6,14,7.5],"texture":"#sandslash"},"west":{"uv":[12,6,13,7.5],"texture":"#sandslash"},"east":{"uv":[3,6,4,7.5],"texture":"#sandslash"}}},{"from":[10,5.625,7.4375],"to":[11.5,6.5625,8.5],"rotation":{"origin":[10,6.5625,7.4375],"axis":"z","angle":22.5},"faces":{"down":{"uv":[4,13,2,12],"texture":"#sandslash"},"up":{"uv":[12,12,14,13],"texture":"#sandslash"},"north":{"uv":[2,6,4,7.5],"texture":"#sandslash"},"south":{"uv":[12,6,14,7.5],"texture":"#sandslash"},"west":{"uv":[12,6,13,7.5],"texture":"#sandslash"},"east":{"uv":[3,6,4,7.5],"texture":"#sandslash"}}},{"from":[9.9375,4.0625,7.25],"to":[11.9375,5.5625,8.75],"faces":{"down":{"uv":[4,13,2,12],"texture":"#sandslash"},"up":{"uv":[12,12,14,13],"texture":"#sandslash"},"north":{"uv":[2,6,4,7.5],"texture":"#sandslash"},"south":{"uv":[12,6,14,7.5],"texture":"#sandslash"},"west":{"uv":[12,6,13,7.5],"texture":"#sandslash"},"east":{"uv":[3,6,4,7.5],"texture":"#sandslash"}}},{"from":[11.125,4.3125,7.4375],"to":[12.625,5.25,8.5],"faces":{"down":{"uv":[4,13,2,12],"texture":"#sandslash"},"up":{"uv":[12,12,14,13],"texture":"#sandslash"},"north":{"uv":[2,6,4,7.5],"texture":"#sandslash"},"south":{"uv":[12,6,14,7.5],"texture":"#sandslash"},"west":{"uv":[12,6,13,7.5],"texture":"#sandslash"},"east":{"uv":[3,6,4,7.5],"texture":"#sandslash"}}},{"from":[8.625,6.75,7.25],"to":[10.625,8.25,8.75],"rotation":{"origin":[8.625,8.25,7.25],"axis":"z","angle":22.5},"faces":{"down":{"uv":[4,13,2,12],"texture":"#sandslash"},"up":{"uv":[12,12,14,13],"texture":"#sandslash"},"north":{"uv":[2,6,4,7.5],"texture":"#sandslash"},"south":{"uv":[12,6,14,7.5],"texture":"#sandslash"},"west":{"uv":[12,6,13,7.5],"texture":"#sandslash"},"east":{"uv":[3,6,4,7.5],"texture":"#sandslash"}}},{"from":[9.75,7.5,7.4375],"to":[11.25,8.4375,8.5],"rotation":{"origin":[9.75,8.4375,7.4375],"axis":"z","angle":22.5},"faces":{"down":{"uv":[4,13,2,12],"texture":"#sandslash"},"up":{"uv":[12,12,14,13],"texture":"#sandslash"},"north":{"uv":[2,6,4,7.5],"texture":"#sandslash"},"south":{"uv":[12,6,14,7.5],"texture":"#sandslash"},"west":{"uv":[12,6,13,7.5],"texture":"#sandslash"},"east":{"uv":[3,6,4,7.5],"texture":"#sandslash"}}},{"from":[7.875,8.25,7.25],"to":[9.875,9.75,8.75],"rotation":{"origin":[7.875,9.75,7.25],"axis":"z","angle":22.5},"faces":{"down":{"uv":[4,13,2,12],"texture":"#sandslash"},"up":{"uv":[12,12,14,13],"texture":"#sandslash"},"north":{"uv":[2,6,4,7.5],"texture":"#sandslash"},"south":{"uv":[12,6,14,7.5],"texture":"#sandslash"},"west":{"uv":[12,6,13,7.5],"texture":"#sandslash"},"east":{"uv":[3,6,4,7.5],"texture":"#sandslash"}}},{"from":[9.125,9.0625,7.4375],"to":[10.625,10,8.5],"rotation":{"origin":[9.125,10,7.4375],"axis":"z","angle":22.5},"faces":{"down":{"uv":[4,13,2,12],"texture":"#sandslash"},"up":{"uv":[12,12,14,13],"texture":"#sandslash"},"north":{"uv":[2,6,4,7.5],"texture":"#sandslash"},"south":{"uv":[12,6,14,7.5],"texture":"#sandslash"},"west":{"uv":[12,6,13,7.5],"texture":"#sandslash"},"east":{"uv":[3,6,4,7.5],"texture":"#sandslash"}}},{"from":[8.875,6,9.4375],"to":[10.375,7.5,11.4375],"rotation":{"origin":[8.875,6,9.4375],"axis":"y","angle":45},"faces":{"down":{"uv":[9,11,7.5,9],"texture":"#sandslash"},"up":{"uv":[7,9,8.5,11],"texture":"#sandslash"},"north":{"uv":[7.5,8,9,9.5],"texture":"#sandslash"},"south":{"uv":[7,8,8.5,9.5],"texture":"#sandslash"},"west":{"uv":[9,8,11,9.5],"texture":"#sandslash"},"east":{"uv":[5,8,7,9.5],"texture":"#sandslash"}}},{"from":[9.875,6.25,10.125],"to":[10.9375,7.25,11.5625],"rotation":{"origin":[9.875,6.25,10.125],"axis":"y","angle":45},"faces":{"down":{"uv":[9,11,7.5,9],"texture":"#sandslash"},"up":{"uv":[7,9,8.5,11],"texture":"#sandslash"},"north":{"uv":[7.5,8,9,9.5],"texture":"#sandslash"},"south":{"uv":[7,8,8.5,9.5],"texture":"#sandslash"},"west":{"uv":[9,8,11,9.5],"texture":"#sandslash"},"east":{"uv":[5,8,7,9.5],"texture":"#sandslash"}}},{"from":[8.62316,7.8125,7.9375],"to":[11.1232,9.3125,9.4375],"rotation":{"origin":[8.62316,7.8125,7.9375],"axis":"y","angle":-45},"faces":{"down":{"uv":[9,11,7.5,9],"texture":"#sandslash"},"up":{"uv":[7,9,8.5,11],"texture":"#sandslash"},"north":{"uv":[7.5,8,9,9.5],"texture":"#sandslash"},"south":{"uv":[7,8,8.5,9.5],"texture":"#sandslash"},"west":{"uv":[9,8,11,9.5],"texture":"#sandslash"},"east":{"uv":[5,8,7,9.5],"texture":"#sandslash"}}},{"from":[8.9375,8.0625,10.125],"to":[10,9.0625,11.5625],"rotation":{"origin":[8.9375,8.0625,10.125],"axis":"y","angle":45},"faces":{"down":{"uv":[9,11,7.5,9],"texture":"#sandslash"},"up":{"uv":[7,9,8.5,11],"texture":"#sandslash"},"north":{"uv":[7.5,8,9,9.5],"texture":"#sandslash"},"south":{"uv":[7,8,8.5,9.5],"texture":"#sandslash"},"west":{"uv":[9,8,11,9.5],"texture":"#sandslash"},"east":{"uv":[5,8,7,9.5],"texture":"#sandslash"}}},{"from":[10.1875,6,5.25],"to":[11.6875,7.5,7.25],"rotation":{"origin":[10.1875,6,5.25],"axis":"y","angle":-45},"faces":{"down":{"uv":[9,11,7.5,9],"texture":"#sandslash"},"up":{"uv":[7,9,8.5,11],"texture":"#sandslash"},"north":{"uv":[7.5,8,9,9.5],"texture":"#sandslash"},"south":{"uv":[7,8,8.5,9.5],"texture":"#sandslash"},"west":{"uv":[9,8,11,9.5],"texture":"#sandslash"},"east":{"uv":[5,8,7,9.5],"texture":"#sandslash"}}},{"from":[10.75,6.25,5],"to":[11.8125,7.25,6.4375],"rotation":{"origin":[10.75,6.25,5],"axis":"y","angle":-45},"faces":{"down":{"uv":[9,11,7.5,9],"texture":"#sandslash"},"up":{"uv":[7,9,8.5,11],"texture":"#sandslash"},"north":{"uv":[7.5,8,9,9.5],"texture":"#sandslash"},"south":{"uv":[7,8,8.5,9.5],"texture":"#sandslash"},"west":{"uv":[9,8,11,9.5],"texture":"#sandslash"},"east":{"uv":[5,8,7,9.5],"texture":"#sandslash"}}},{"from":[7.5625,7.8125,7],"to":[10.0625,9.3125,8.5],"rotation":{"origin":[7.5625,7.8125,7],"axis":"y","angle":45},"faces":{"down":{"uv":[9,11,7.5,9],"texture":"#sandslash"},"up":{"uv":[7,9,8.5,11],"texture":"#sandslash"},"north":{"uv":[7.5,8,9,9.5],"texture":"#sandslash"},"south":{"uv":[7,8,8.5,9.5],"texture":"#sandslash"},"west":{"uv":[9,8,11,9.5],"texture":"#sandslash"},"east":{"uv":[5,8,7,9.5],"texture":"#sandslash"}}},{"from":[10,8.0625,4.875],"to":[11.0625,9.0625,6.3125],"rotation":{"origin":[10,8.0625,4.875],"axis":"y","angle":-45},"faces":{"down":{"uv":[9,11,7.5,9],"texture":"#sandslash"},"up":{"uv":[7,9,8.5,11],"texture":"#sandslash"},"north":{"uv":[7.5,8,9,9.5],"texture":"#sandslash"},"south":{"uv":[7,8,8.5,9.5],"texture":"#sandslash"},"west":{"uv":[9,8,11,9.5],"texture":"#sandslash"},"east":{"uv":[5,8,7,9.5],"texture":"#sandslash"}}},{"from":[10.125,2.75,7.25],"to":[12.125,4.25,8.75],"rotation":{"origin":[10.125,4.25,7.25],"axis":"z","angle":-22.5},"faces":{"down":{"uv":[4,13,2,12],"texture":"#sandslash"},"up":{"uv":[12,12,14,13],"texture":"#sandslash"},"north":{"uv":[2,6,4,7.5],"texture":"#sandslash"},"south":{"uv":[12,6,14,7.5],"texture":"#sandslash"},"west":{"uv":[12,6,13,7.5],"texture":"#sandslash"},"east":{"uv":[3,6,4,7.5],"texture":"#sandslash"}}},{"from":[11.1875,2.5625,7.4375],"to":[12.6875,3.5,8.5],"rotation":{"origin":[11.1875,3.5,7.4375],"axis":"z","angle":-22.5},"faces":{"down":{"uv":[4,13,2,12],"texture":"#sandslash"},"up":{"uv":[12,12,14,13],"texture":"#sandslash"},"north":{"uv":[2,6,4,7.5],"texture":"#sandslash"},"south":{"uv":[12,6,14,7.5],"texture":"#sandslash"},"west":{"uv":[12,6,13,7.5],"texture":"#sandslash"},"east":{"uv":[3,6,4,7.5],"texture":"#sandslash"}}},{"from":[9.25,4.25,9],"to":[10.75,5.75,11],"rotation":{"origin":[9.25,4.25,9],"axis":"y","angle":45},"faces":{"down":{"uv":[9,11,7.5,9],"texture":"#sandslash"},"up":{"uv":[7,9,8.5,11],"texture":"#sandslash"},"north":{"uv":[7.5,8,9,9.5],"texture":"#sandslash"},"south":{"uv":[7,8,8.5,9.5],"texture":"#sandslash"},"west":{"uv":[9,8,11,9.5],"texture":"#sandslash"},"east":{"uv":[5,8,7,9.5],"texture":"#sandslash"}}},{"from":[10.1875,4.5,9.625],"to":[11.25,5.5,11.0625],"rotation":{"origin":[10.1875,4.5,9.625],"axis":"y","angle":45},"faces":{"down":{"uv":[9,11,7.5,9],"texture":"#sandslash"},"up":{"uv":[7,9,8.5,11],"texture":"#sandslash"},"north":{"uv":[7.5,8,9,9.5],"texture":"#sandslash"},"south":{"uv":[7,8,8.5,9.5],"texture":"#sandslash"},"west":{"uv":[9,8,11,9.5],"texture":"#sandslash"},"east":{"uv":[5,8,7,9.5],"texture":"#sandslash"}}},{"from":[8.375,5.25,9.4375],"to":[9.875,6.75,11.5625],"faces":{"down":{"uv":[9,11,7.5,9],"texture":"#sandslash"},"up":{"uv":[7,9,8.5,11],"texture":"#sandslash"},"north":{"uv":[7.5,8,9,9.5],"texture":"#sandslash"},"south":{"uv":[7,8,8.5,9.5],"texture":"#sandslash"},"west":{"uv":[9,8,11,9.5],"texture":"#sandslash"},"east":{"uv":[5,8,7,9.5],"texture":"#sandslash"}}},{"from":[8.5625,5.5,10.6875],"to":[9.625,6.5,12.125],"faces":{"down":{"uv":[9,11,7.5,9],"texture":"#sandslash"},"up":{"uv":[7,9,8.5,11],"texture":"#sandslash"},"north":{"uv":[7.5,8,9,9.5],"texture":"#sandslash"},"south":{"uv":[7,8,8.5,9.5],"texture":"#sandslash"},"west":{"uv":[9,8,11,9.5],"texture":"#sandslash"},"east":{"uv":[5,8,7,9.5],"texture":"#sandslash"}}},{"from":[8.375,5.25,4.5],"to":[9.875,6.75,6.625],"faces":{"down":{"uv":[9,11,7.5,9],"texture":"#sandslash"},"up":{"uv":[7,9,8.5,11],"texture":"#sandslash"},"north":{"uv":[7.5,8,9,9.5],"texture":"#sandslash"},"south":{"uv":[7,8,8.5,9.5],"texture":"#sandslash"},"west":{"uv":[9,8,11,9.5],"texture":"#sandslash"},"east":{"uv":[5,8,7,9.5],"texture":"#sandslash"}}},{"from":[8.5625,5.5,3.9375],"to":[9.625,6.5,5.375],"faces":{"down":{"uv":[9,11,7.5,9],"texture":"#sandslash"},"up":{"uv":[7,9,8.5,11],"texture":"#sandslash"},"north":{"uv":[7.5,8,9,9.5],"texture":"#sandslash"},"south":{"uv":[7,8,8.5,9.5],"texture":"#sandslash"},"west":{"uv":[9,8,11,9.5],"texture":"#sandslash"},"east":{"uv":[5,8,7,9.5],"texture":"#sandslash"}}},{"from":[8.3125,9.125,6.3125],"to":[9.625,11.125,7.6875],"rotation":{"origin":[8.3125,11.125,6.3125],"axis":"z","angle":-45},"faces":{"down":{"uv":[14,4.5,12.5,3],"texture":"#sandslash"},"up":{"uv":[2,3,3.5,4.5],"texture":"#sandslash"},"north":{"uv":[12.5,0,14,2],"texture":"#sandslash"},"south":{"uv":[2,0,3.5,2],"texture":"#sandslash"},"west":{"uv":[3,0,4.5,2],"texture":"#sandslash"},"east":{"uv":[11.5,0,13,2],"texture":"#sandslash"}}},{"from":[8.9375,10.1875,6.5],"to":[9.875,11.5,7.5],"rotation":{"origin":[8.9375,11.5,6.5],"axis":"z","angle":-45},"faces":{"down":{"uv":[14,4.5,12.5,3],"texture":"#sandslash"},"up":{"uv":[2,3,3.5,4.5],"texture":"#sandslash"},"north":{"uv":[12.5,0,14,2],"texture":"#sandslash"},"south":{"uv":[2,0,3.5,2],"texture":"#sandslash"},"west":{"uv":[3,0,4.5,2],"texture":"#sandslash"},"east":{"uv":[11.5,0,13,2],"texture":"#sandslash"}}},{"from":[8.3125,9.125,8.375],"to":[9.625,11.125,9.75],"rotation":{"origin":[8.3125,11.125,8.375],"axis":"z","angle":-45},"faces":{"down":{"uv":[14,4.5,12.5,3],"texture":"#sandslash"},"up":{"uv":[2,3,3.5,4.5],"texture":"#sandslash"},"north":{"uv":[12.5,0,14,2],"texture":"#sandslash"},"south":{"uv":[2,0,3.5,2],"texture":"#sandslash"},"west":{"uv":[3,0,4.5,2],"texture":"#sandslash"},"east":{"uv":[11.5,0,13,2],"texture":"#sandslash"}}},{"from":[8.9375,10.1875,8.5625],"to":[9.875,11.5,9.5625],"rotation":{"origin":[8.9375,11.5,8.5625],"axis":"z","angle":-45},"faces":{"down":{"uv":[14,4.5,12.5,3],"texture":"#sandslash"},"up":{"uv":[2,3,3.5,4.5],"texture":"#sandslash"},"north":{"uv":[12.5,0,14,2],"texture":"#sandslash"},"south":{"uv":[2,0,3.5,2],"texture":"#sandslash"},"west":{"uv":[3,0,4.5,2],"texture":"#sandslash"},"east":{"uv":[11.5,0,13,2],"texture":"#sandslash"}}},{"from":[6.8125,8.875,7.4375],"to":[7.3125,10.875,8.625],"rotation":{"origin":[6.8125,10.875,7.4375],"axis":"z","angle":-45},"faces":{"down":{"uv":[16,5,16,4],"texture":"#sandslash2"},"up":{"uv":[0,4,0,5],"texture":"#sandslash2"},"north":{"uv":[16,0,16,2],"texture":"#sandslash2"},"south":{"uv":[0,0,0,2],"texture":"#sandslash2"},"west":{"uv":[4,0,5,2],"texture":"#sandslash2"},"east":{"uv":[11,0,12,2],"texture":"#sandslash2"}}},{"from":[7.3125,10,7.625],"to":[7.6875,11.3125,8.4375],"rotation":{"origin":[7.3125,11.3125,7.625],"axis":"z","angle":-45},"faces":{"down":{"uv":[16,5,16,4],"texture":"#sandslash2"},"up":{"uv":[0,4,0,5],"texture":"#sandslash2"},"north":{"uv":[16,0,16,2],"texture":"#sandslash2"},"south":{"uv":[0,0,0,2],"texture":"#sandslash2"},"west":{"uv":[4,0,5,2],"texture":"#sandslash2"},"east":{"uv":[11,0,12,2],"texture":"#sandslash2"}}},{"from":[8,5.4375,4.875],"to":[10,6.125,5.5625],"rotation":{"origin":[8,5.4375,4.875],"axis":"y","angle":-45},"faces":{"down":{"uv":[13,12.6875,11,12],"texture":"#sandslash2"},"up":{"uv":[3,12,5,12.6875],"texture":"#sandslash2"},"north":{"uv":[11,0,13,0.6875],"texture":"#sandslash2"},"south":{"uv":[3,0,5,0.6875],"texture":"#sandslash2"},"west":{"uv":[12,0,12.6875,0.6875],"texture":"#sandslash2"},"east":{"uv":[3.3125,0,4,0.6875],"texture":"#sandslash2"}}},{"from":[7.0625,4.9375,4.375],"to":[8.4375,6.125,5.375],"rotation":{"origin":[7.0625,4.9375,4.375],"axis":"y","angle":-22.5},"faces":{"down":{"uv":[10.1875,11.25,7.75,10.25],"texture":"#sandslash2"},"up":{"uv":[5.8125,10.25,8.25,11.25],"texture":"#sandslash2"},"north":{"uv":[7.75,0,10.1875,1.5],"texture":"#sandslash2"},"south":{"uv":[5.8125,0,8.25,1.5],"texture":"#sandslash2"},"west":{"uv":[10.25,0,11.25,1.5],"texture":"#sandslash2"},"east":{"uv":[4.75,0,5.75,1.5],"texture":"#sandslash2"}}},{"from":[7.5,5.77481,8.125],"to":[9,7.27481,11],"rotation":{"origin":[7.5,7.27481,8.125],"axis":"x","angle":-22.5},"faces":{"down":{"uv":[9,11,7.5,9],"texture":"#sandslash"},"up":{"uv":[7,9,8.5,11],"texture":"#sandslash"},"north":{"uv":[7.5,8,9,9.5],"texture":"#sandslash"},"south":{"uv":[7,8,8.5,9.5],"texture":"#sandslash"},"west":{"uv":[9,8,11,9.5],"texture":"#sandslash"},"east":{"uv":[5,8,7,9.5],"texture":"#sandslash"}}},{"from":[7.6875,6.75,10],"to":[8.75,7.75,11.4375],"rotation":{"origin":[7.6875,7.75,10],"axis":"x","angle":-22.5},"faces":{"down":{"uv":[9,11,7.5,9],"texture":"#sandslash"},"up":{"uv":[7,9,8.5,11],"texture":"#sandslash"},"north":{"uv":[7.5,8,9,9.5],"texture":"#sandslash"},"south":{"uv":[7,8,8.5,9.5],"texture":"#sandslash"},"west":{"uv":[9,8,11,9.5],"texture":"#sandslash"},"east":{"uv":[5,8,7,9.5],"texture":"#sandslash"}}},{"from":[7.5,6.875,5.25],"to":[9,8.375,8.125],"rotation":{"origin":[7.5,8.375,5.25],"axis":"x","angle":22.5},"faces":{"down":{"uv":[9,11,7.5,9],"texture":"#sandslash"},"up":{"uv":[7,9,8.5,11],"texture":"#sandslash"},"north":{"uv":[7.5,8,9,9.5],"texture":"#sandslash"},"south":{"uv":[7,8,8.5,9.5],"texture":"#sandslash"},"west":{"uv":[9,8,11,9.5],"texture":"#sandslash"},"east":{"uv":[5,8,7,9.5],"texture":"#sandslash"}}},{"from":[7.6875,7.3125,4.75],"to":[8.75,8.3125,6.1875],"rotation":{"origin":[7.6875,8.3125,4.75],"axis":"x","angle":22.5},"faces":{"down":{"uv":[9,11,7.5,9],"texture":"#sandslash"},"up":{"uv":[7,9,8.5,11],"texture":"#sandslash"},"north":{"uv":[7.5,8,9,9.5],"texture":"#sandslash"},"south":{"uv":[7,8,8.5,9.5],"texture":"#sandslash"},"west":{"uv":[9,8,11,9.5],"texture":"#sandslash"},"east":{"uv":[5,8,7,9.5],"texture":"#sandslash"}}},{"from":[10.8125,4.25,5.6875],"to":[12.3125,5.75,7.6875],"rotation":{"origin":[10.8125,4.25,5.6875],"axis":"y","angle":-45},"faces":{"down":{"uv":[9,11,7.5,9],"texture":"#sandslash"},"up":{"uv":[7,9,8.5,11],"texture":"#sandslash"},"north":{"uv":[7.5,8,9,9.5],"texture":"#sandslash"},"south":{"uv":[7,8,8.5,9.5],"texture":"#sandslash"},"west":{"uv":[9,8,11,9.5],"texture":"#sandslash"},"east":{"uv":[5,8,7,9.5],"texture":"#sandslash"}}},{"from":[11.3125,4.5,5.5625],"to":[12.375,5.5,7],"rotation":{"origin":[11.3125,4.5,5.5625],"axis":"y","angle":-45},"faces":{"down":{"uv":[9,11,7.5,9],"texture":"#sandslash"},"up":{"uv":[7,9,8.5,11],"texture":"#sandslash"},"north":{"uv":[7.5,8,9,9.5],"texture":"#sandslash"},"south":{"uv":[7,8,8.5,9.5],"texture":"#sandslash"},"west":{"uv":[9,8,11,9.5],"texture":"#sandslash"},"east":{"uv":[5,8,7,9.5],"texture":"#sandslash"}}},{"from":[9.6875,2.4375,9.625],"to":[11.1875,3.9375,11.625],"rotation":{"origin":[9.6875,2.4375,9.625],"axis":"y","angle":45},"faces":{"down":{"uv":[9,11,7.5,9],"texture":"#sandslash"},"up":{"uv":[7,9,8.5,11],"texture":"#sandslash"},"north":{"uv":[7.5,8,9,9.5],"texture":"#sandslash"},"south":{"uv":[7,8,8.5,9.5],"texture":"#sandslash"},"west":{"uv":[9,8,11,9.5],"texture":"#sandslash"},"east":{"uv":[5,8,7,9.5],"texture":"#sandslash"}}},{"from":[10.5625,2.6875,10.1875],"to":[11.625,3.6875,11.625],"rotation":{"origin":[10.5625,2.6875,10.1875],"axis":"y","angle":45},"faces":{"down":{"uv":[9,11,7.5,9],"texture":"#sandslash"},"up":{"uv":[7,9,8.5,11],"texture":"#sandslash"},"north":{"uv":[7.5,8,9,9.5],"texture":"#sandslash"},"south":{"uv":[7,8,8.5,9.5],"texture":"#sandslash"},"west":{"uv":[9,8,11,9.5],"texture":"#sandslash"},"east":{"uv":[5,8,7,9.5],"texture":"#sandslash"}}},{"from":[11.25,2.4375,5.125],"to":[12.75,3.9375,7.125],"rotation":{"origin":[11.25,2.4375,5.125],"axis":"y","angle":-45},"faces":{"down":{"uv":[9,11,7.5,9],"texture":"#sandslash"},"up":{"uv":[7,9,8.5,11],"texture":"#sandslash"},"north":{"uv":[7.5,8,9,9.5],"texture":"#sandslash"},"south":{"uv":[7,8,8.5,9.5],"texture":"#sandslash"},"west":{"uv":[9,8,11,9.5],"texture":"#sandslash"},"east":{"uv":[5,8,7,9.5],"texture":"#sandslash"}}},{"from":[11.6875,2.6875,5],"to":[12.75,3.6875,6.4375],"rotation":{"origin":[11.6875,2.6875,5],"axis":"y","angle":-45},"faces":{"down":{"uv":[9,11,7.5,9],"texture":"#sandslash"},"up":{"uv":[7,9,8.5,11],"texture":"#sandslash"},"north":{"uv":[7.5,8,9,9.5],"texture":"#sandslash"},"south":{"uv":[7,8,8.5,9.5],"texture":"#sandslash"},"west":{"uv":[9,8,11,9.5],"texture":"#sandslash"},"east":{"uv":[5,8,7,9.5],"texture":"#sandslash"}}},{"from":[8.4375,3.4375,9.8125],"to":[9.9375,4.9375,11.9375],"faces":{"down":{"uv":[9,11,7.5,9],"texture":"#sandslash"},"up":{"uv":[7,9,8.5,11],"texture":"#sandslash"},"north":{"uv":[7.5,8,9,9.5],"texture":"#sandslash"},"south":{"uv":[7,8,8.5,9.5],"texture":"#sandslash"},"west":{"uv":[9,8,11,9.5],"texture":"#sandslash"},"east":{"uv":[5,8,7,9.5],"texture":"#sandslash"}}},{"from":[8.5625,3.6875,10.875],"to":[9.625,4.6875,12.3125],"faces":{"down":{"uv":[9,11,7.5,9],"texture":"#sandslash"},"up":{"uv":[7,9,8.5,11],"texture":"#sandslash"},"north":{"uv":[7.5,8,9,9.5],"texture":"#sandslash"},"south":{"uv":[7,8,8.5,9.5],"texture":"#sandslash"},"west":{"uv":[9,8,11,9.5],"texture":"#sandslash"},"east":{"uv":[5,8,7,9.5],"texture":"#sandslash"}}},{"from":[8.4375,2.0625,10.125],"to":[9.9375,3.5625,12.25],"rotation":{"origin":[8.4375,3.5625,10.125],"axis":"x","angle":22.5},"faces":{"down":{"uv":[9,11,7.5,9],"texture":"#sandslash"},"up":{"uv":[7,9,8.5,11],"texture":"#sandslash"},"north":{"uv":[7.5,8,9,9.5],"texture":"#sandslash"},"south":{"uv":[7,8,8.5,9.5],"texture":"#sandslash"},"west":{"uv":[9,8,11,9.5],"texture":"#sandslash"},"east":{"uv":[5,8,7,9.5],"texture":"#sandslash"}}},{"from":[8.5625,1.9375,11],"to":[9.625,2.9375,12.4375],"rotation":{"origin":[8.5625,2.9375,11],"axis":"x","angle":22.5},"faces":{"down":{"uv":[9,11,7.5,9],"texture":"#sandslash"},"up":{"uv":[7,9,8.5,11],"texture":"#sandslash"},"north":{"uv":[7.5,8,9,9.5],"texture":"#sandslash"},"south":{"uv":[7,8,8.5,9.5],"texture":"#sandslash"},"west":{"uv":[9,8,11,9.5],"texture":"#sandslash"},"east":{"uv":[5,8,7,9.5],"texture":"#sandslash"}}},{"from":[8.4375,3.4375,4],"to":[9.9375,4.9375,6.125],"faces":{"down":{"uv":[9,11,7.5,9],"texture":"#sandslash"},"up":{"uv":[7,9,8.5,11],"texture":"#sandslash"},"north":{"uv":[7.5,8,9,9.5],"texture":"#sandslash"},"south":{"uv":[7,8,8.5,9.5],"texture":"#sandslash"},"west":{"uv":[9,8,11,9.5],"texture":"#sandslash"},"east":{"uv":[5,8,7,9.5],"texture":"#sandslash"}}},{"from":[8.625,3.6875,3.625],"to":[9.6875,4.6875,5.0625],"faces":{"down":{"uv":[9,11,7.5,9],"texture":"#sandslash"},"up":{"uv":[7,9,8.5,11],"texture":"#sandslash"},"north":{"uv":[7.5,8,9,9.5],"texture":"#sandslash"},"south":{"uv":[7,8,8.5,9.5],"texture":"#sandslash"},"west":{"uv":[9,8,11,9.5],"texture":"#sandslash"},"east":{"uv":[5,8,7,9.5],"texture":"#sandslash"}}},{"from":[8.4375,1.25,3.8125],"to":[9.9375,2.75,5.9375],"rotation":{"origin":[8.4375,2.75,3.8125],"axis":"x","angle":-22.5},"faces":{"down":{"uv":[9,11,7.5,9],"texture":"#sandslash"},"up":{"uv":[7,9,8.5,11],"texture":"#sandslash"},"north":{"uv":[7.5,8,9,9.5],"texture":"#sandslash"},"south":{"uv":[7,8,8.5,9.5],"texture":"#sandslash"},"west":{"uv":[9,8,11,9.5],"texture":"#sandslash"},"east":{"uv":[5,8,7,9.5],"texture":"#sandslash"}}},{"from":[8.6875,1.375,3.5],"to":[9.75,2.375,4.9375],"rotation":{"origin":[8.6875,2.375,3.5],"axis":"x","angle":-22.5},"faces":{"down":{"uv":[9,11,7.5,9],"texture":"#sandslash"},"up":{"uv":[7,9,8.5,11],"texture":"#sandslash"},"north":{"uv":[7.5,8,9,9.5],"texture":"#sandslash"},"south":{"uv":[7,8,8.5,9.5],"texture":"#sandslash"},"west":{"uv":[9,8,11,9.5],"texture":"#sandslash"},"east":{"uv":[5,8,7,9.5],"texture":"#sandslash"}}},{"from":[6.8125,8.875,9.0625],"to":[6.875,11.4375,11.375],"rotation":{"origin":[6.8125,8.875,9.0625],"axis":"y","angle":22.5},"faces":{"west":{"uv":[0.5,0,16,15.5],"texture":"#sandslashear"},"east":{"uv":[16,0,0.5,15.5],"texture":"#sandslashear"}}},{"from":[7.69746,8.875,4.9375],"to":[7.75996,11.4375,7.25],"rotation":{"origin":[7.69746,8.875,4.9375],"axis":"y","angle":-22.5},"faces":{"west":{"uv":[16,0,0.5,15.5],"texture":"#sandslashear"},"east":{"uv":[0.5,0,16,15.5],"texture":"#sandslashear"}}},{"from":[4.625,4.6875,5.125],"to":[7.25,6.1875,6.4375],"rotation":{"origin":[4.625,4.6875,5.125],"axis":"y","angle":22.5},"faces":{"down":{"uv":[10.1875,11.25,7.75,10.25],"texture":"#sandslash2"},"up":{"uv":[5.8125,10.25,8.25,11.25],"texture":"#sandslash2"},"north":{"uv":[7.75,0,10.1875,1.5],"texture":"#sandslash2"},"south":{"uv":[5.8125,0,8.25,1.5],"texture":"#sandslash2"},"west":{"uv":[10.25,0,11.25,1.5],"texture":"#sandslash2"},"east":{"uv":[4.75,0,5.75,1.5],"texture":"#sandslash2"}}},{"from":[7,5.1875,6.5625],"to":[9.25,7.5,9.4375],"faces":{"down":{"uv":[9.3125,11.9375,6.75,9.5],"texture":"#sandslash2"},"up":{"uv":[8,9.5,10.5625,11.9375],"texture":"#sandslash5"},"north":{"uv":[6.75,8,9.3125,9.5],"texture":"#sandslash2"},"south":{"uv":[6.6875,8,9.25,9.5],"texture":"#sandslash2"},"west":{"uv":[9.5,8,11.9375,9.5],"texture":"#sandslash2"},"east":{"uv":[9.5,11,11.9375,12.5],"rotation":90,"texture":"#sandslash5"}}},{"from":[4.5,5.5625,9.5],"to":[6,6.0625,10],"rotation":{"origin":[4.5,5.5625,9.5],"axis":"y","angle":-45},"faces":{"down":{"uv":[16,6.5,13.5,6],"texture":"#sandslash3"},"up":{"uv":[0,6,2.5,6.5],"texture":"#sandslash3"},"north":{"uv":[13.5,0,16,0.5],"texture":"#sandslash3"},"south":{"uv":[0,0,2.5,0.5],"texture":"#sandslash3"},"west":{"uv":[6,0,6.5,0.5],"texture":"#sandslash3"},"east":{"uv":[9.5,0,10,0.5],"texture":"#sandslash3"}}},{"from":[3.875,5.5625,8.9375],"to":[4.9375,5.9375,9.3125],"rotation":{"origin":[3.875,5.5625,8.9375],"axis":"y","angle":-45},"faces":{"down":{"uv":[16,6.5,13.5,6],"texture":"#sandslash3"},"up":{"uv":[0,6,2.5,6.5],"texture":"#sandslash3"},"north":{"uv":[13.5,0,16,0.5],"texture":"#sandslash3"},"south":{"uv":[0,0,2.5,0.5],"texture":"#sandslash3"},"west":{"uv":[6,0,6.5,0.5],"texture":"#sandslash3"},"east":{"uv":[9.5,0,10,0.5],"texture":"#sandslash3"}}},{"from":[3.875,5.125,8.9375],"to":[4.9375,5.5,9.3125],"rotation":{"origin":[3.875,5.125,8.9375],"axis":"y","angle":-45},"faces":{"down":{"uv":[16,6.5,13.5,6],"texture":"#sandslash3"},"up":{"uv":[0,6,2.5,6.5],"texture":"#sandslash3"},"north":{"uv":[13.5,0,16,0.5],"texture":"#sandslash3"},"south":{"uv":[0,0,2.5,0.5],"texture":"#sandslash3"},"west":{"uv":[6,0,6.5,0.5],"texture":"#sandslash3"},"east":{"uv":[9.5,0,10,0.5],"texture":"#sandslash3"}}},{"from":[4.5,5,9.5],"to":[6,5.5,10],"rotation":{"origin":[4.5,5,9.5],"axis":"y","angle":-45},"faces":{"down":{"uv":[16,6.5,13.5,6],"texture":"#sandslash3"},"up":{"uv":[0,6,2.5,6.5],"texture":"#sandslash3"},"north":{"uv":[13.5,0,16,0.5],"texture":"#sandslash3"},"south":{"uv":[0,0,2.5,0.5],"texture":"#sandslash3"},"west":{"uv":[6,0,6.5,0.5],"texture":"#sandslash3"},"east":{"uv":[9.5,0,10,0.5],"texture":"#sandslash3"}}},{"from":[4.125,5.5625,6.1875],"to":[5.625,6.0625,6.6875],"rotation":{"origin":[4.125,5.5625,6.1875],"axis":"y","angle":45},"faces":{"down":{"uv":[16,6.5,13.5,6],"texture":"#sandslash3"},"up":{"uv":[0,6,2.5,6.5],"texture":"#sandslash3"},"north":{"uv":[13.5,0,16,0.5],"texture":"#sandslash3"},"south":{"uv":[0,0,2.5,0.5],"texture":"#sandslash3"},"west":{"uv":[6,0,6.5,0.5],"texture":"#sandslash3"},"east":{"uv":[9.5,0,10,0.5],"texture":"#sandslash3"}}},{"from":[3.625,5.5625,6.8125],"to":[4.6875,5.9375,7.1875],"rotation":{"origin":[3.625,5.5625,6.8125],"axis":"y","angle":45},"faces":{"down":{"uv":[16,6.5,13.5,6],"texture":"#sandslash3"},"up":{"uv":[0,6,2.5,6.5],"texture":"#sandslash3"},"north":{"uv":[13.5,0,16,0.5],"texture":"#sandslash3"},"south":{"uv":[0,0,2.5,0.5],"texture":"#sandslash3"},"west":{"uv":[6,0,6.5,0.5],"texture":"#sandslash3"},"east":{"uv":[9.5,0,10,0.5],"texture":"#sandslash3"}}},{"from":[4.125,5,6.1875],"to":[5.625,5.5,6.6875],"rotation":{"origin":[4.125,5,6.1875],"axis":"y","angle":45},"faces":{"down":{"uv":[16,6.5,13.5,6],"texture":"#sandslash3"},"up":{"uv":[0,6,2.5,6.5],"texture":"#sandslash3"},"north":{"uv":[13.5,0,16,0.5],"texture":"#sandslash3"},"south":{"uv":[0,0,2.5,0.5],"texture":"#sandslash3"},"west":{"uv":[6,0,6.5,0.5],"texture":"#sandslash3"},"east":{"uv":[9.5,0,10,0.5],"texture":"#sandslash3"}}},{"from":[3.625,5.125,6.8125],"to":[4.6875,5.5,7.1875],"rotation":{"origin":[3.625,5.125,6.8125],"axis":"y","angle":45},"faces":{"down":{"uv":[16,6.5,13.5,6],"texture":"#sandslash3"},"up":{"uv":[0,6,2.5,6.5],"texture":"#sandslash3"},"north":{"uv":[13.5,0,16,0.5],"texture":"#sandslash3"},"south":{"uv":[0,0,2.5,0.5],"texture":"#sandslash3"},"west":{"uv":[6,0,6.5,0.5],"texture":"#sandslash3"},"east":{"uv":[9.5,0,10,0.5],"texture":"#sandslash3"}}},{"from":[5.6875,8.1875,9.25],"to":[7,9.3125,9.3125],"rotation":{"origin":[5.6875,8.1875,9.25],"axis":"y","angle":-22.5},"faces":{"south":{"uv":[1,1.5,14,14.5],"texture":"#sandslasheye"}}},{"from":[5.6875,8.1875,6.8125],"to":[7,9.3125,6.875],"rotation":{"origin":[5.6875,8.1875,6.8125],"axis":"y","angle":22.5},"faces":{"north":{"uv":[14,1.5,1,14.5],"texture":"#sandslasheye"}}},{"from":[5.5,0.0625,10],"to":[6.5,0.4375,10.5],"faces":{"down":{"uv":[10.5,10.5,9.5,10],"texture":"#sandslash3"},"up":{"uv":[5.5,10,6.5,10.5],"texture":"#sandslash3"},"north":{"uv":[9.5,15.5625,10.5,15.9375],"texture":"#sandslash3"},"south":{"uv":[5.5,15.5625,6.5,15.9375],"texture":"#sandslash3"},"west":{"uv":[10,15.5625,10.5,15.9375],"texture":"#sandslash3"},"east":{"uv":[5.5,15.5625,6,15.9375],"texture":"#sandslash3"}}},{"from":[5.75,0.0625,10.6875],"to":[6.75,0.4375,11.1875],"rotation":{"origin":[5.75,0.0625,10.6875],"axis":"y","angle":22.5},"faces":{"down":{"uv":[12.25,10.9375,11.25,10.4375],"texture":"#sandslash3"},"up":{"uv":[3.75,10.4375,4.75,10.9375],"texture":"#sandslash3"},"north":{"uv":[11.25,15.5625,12.25,15.9375],"texture":"#sandslash3"},"south":{"uv":[3.75,15.5625,4.75,15.9375],"texture":"#sandslash3"},"west":{"uv":[10.4375,15.5625,10.9375,15.9375],"texture":"#sandslash3"},"east":{"uv":[5.0625,15.5625,5.5625,15.9375],"texture":"#sandslash3"}}},{"from":[5.5,0.0625,5.4375],"to":[6.5,0.4375,5.9375],"faces":{"down":{"uv":[10.5,5.9375,9.5,5.4375],"texture":"#sandslash3"},"up":{"uv":[5.5,5.4375,6.5,5.9375],"texture":"#sandslash3"},"north":{"uv":[9.5,15.5625,10.5,15.9375],"texture":"#sandslash3"},"south":{"uv":[5.5,15.5625,6.5,15.9375],"texture":"#sandslash3"},"west":{"uv":[5.4375,15.5625,5.9375,15.9375],"texture":"#sandslash3"},"east":{"uv":[10.0625,15.5625,10.5625,15.9375],"texture":"#sandslash3"}}},{"from":[5.8125,0.0625,4.8125],"to":[6.8125,0.4375,5.3125],"rotation":{"origin":[5.8125,0.0625,4.8125],"axis":"y","angle":-22.5},"faces":{"down":{"uv":[12.25,10.9375,11.25,10.4375],"texture":"#sandslash3"},"up":{"uv":[3.75,10.4375,4.75,10.9375],"texture":"#sandslash3"},"north":{"uv":[11.25,15.5625,12.25,15.9375],"texture":"#sandslash3"},"south":{"uv":[3.75,15.5625,4.75,15.9375],"texture":"#sandslash3"},"west":{"uv":[10.4375,15.5625,10.9375,15.9375],"texture":"#sandslash3"},"east":{"uv":[5.0625,15.5625,5.5625,15.9375],"texture":"#sandslash3"}}},{"from":[6.125,1.875,9.5],"to":[6.5,4.0625,11],"rotation":{"origin":[6.125,4.0625,9.5],"axis":"z","angle":-22.5},"faces":{"down":{"uv":[0,1.5,8.5,8],"texture":"#sandslash2"},"up":{"uv":[0,1.5,7.5,8],"texture":"#sandslash2"},"north":{"uv":[0.5,1.5,8,8],"texture":"#sandslash2"},"south":{"uv":[0,1.5,7,8],"texture":"#sandslash2"},"west":{"uv":[0,1.5,4,7.5],"texture":"#sandslash2"},"east":{"uv":[0,1.5,4,8],"texture":"#sandslash2"}}},{"from":[6.125,1.875,4.8125],"to":[6.5,4.0625,6.3125],"rotation":{"origin":[6.125,4.0625,4.8125],"axis":"z","angle":-22.5},"faces":{"down":{"uv":[0,1.5,8.5,8],"texture":"#sandslash2"},"up":{"uv":[0,1.5,7.5,8],"texture":"#sandslash2"},"north":{"uv":[0.5,1.5,8,8],"texture":"#sandslash2"},"south":{"uv":[0,1.5,7,8],"texture":"#sandslash2"},"west":{"uv":[0,1.5,4,7.5],"texture":"#sandslash2"},"east":{"uv":[0,1.5,4,8],"texture":"#sandslash2"}}}],"display":{"head":{"rotation":[0,-90,0],"translation":[0,-16.5,0],"scale":[3.4,3.4,3.4]},"gui":{"rotation":[30,50,0],"translation":[0,3,0],"scale":[1.2,1.2,1.2]},"thirdperson_righthand":{"scale":[0,0,0]},"thirdperson_lefthand":{"scale":[0,0,0]},"firstperson_righthand":{"scale":[0,0,0]},"firstperson_lefthand":{"scale":[0,0,0]}}}