{"credit":"Designed by Ramonaskye with BDcraft Cubik PRO 0.96 Beta - http://bdcraft.net","textures":{"0":"pokemon_skins/regular/ivysaur/ivyasaur","1":"pokemon_skins/regular/ivysaur/ivyasaur_detailing"},"elements":[{"from":[3.25,0,9.5],"to":[5.25,5.25,12.5],"faces":{"north":{"uv":[13.5,4.75,14,6.5],"texture":"#0"},"east":{"uv":[14.5,6.5,15.25,4.75],"texture":"#0"},"south":{"uv":[11.5,4,12,5.25],"texture":"#0"},"west":{"uv":[12.75,6.5,13.5,4.75],"texture":"#0"},"up":{"uv":[13.5,4,14,4.75],"texture":"#0"},"down":{"uv":[14,4,14.5,4.75],"texture":"#0"}}},{"from":[10.75,0,9.5],"to":[12.75,5.25,12.5],"faces":{"north":{"uv":[13.5,4.75,14,6.5],"texture":"#0"},"east":{"uv":[14.5,4.75,15.25,6.5],"texture":"#0"},"south":{"uv":[14,4.75,14.5,6.25],"texture":"#0"},"west":{"uv":[12.75,4.75,13.5,6.5],"texture":"#0"},"up":{"uv":[13.5,4,14,4.75],"texture":"#0"},"down":{"uv":[14,4,14.5,4.75],"texture":"#0"}}},{"from":[11.5,0,0.5],"to":[14.5,5,4],"faces":{"north":{"uv":[13.25,2.5,14,3.75],"texture":"#0"},"east":{"uv":[14.75,2.5,15.75,3.75],"texture":"#0"},"south":{"uv":[14,2.25,14.5,3.5],"texture":"#0"},"west":{"uv":[12.25,2.5,13.25,3.75],"texture":"#0"},"up":{"uv":[13.25,1.5,14,2.5],"texture":"#0"},"down":{"uv":[14,1.5,14.75,2.5],"texture":"#0"}}},{"from":[1.5,0,0.5],"to":[4.5,5,4],"faces":{"north":{"uv":[12.25,3.75,13,2.5],"texture":"#0"},"east":{"uv":[14.75,2.5,15.75,3.75],"texture":"#0"},"south":{"uv":[10.75,4.75,11.25,6],"texture":"#0"},"west":{"uv":[12.25,2.5,13.25,3.75],"texture":"#0"},"up":{"uv":[13.25,1.5,14,2.5],"texture":"#0"},"down":{"uv":[14,1.5,14.75,2.5],"texture":"#0"}}},{"from":[3.5,1.5,6.9976],"to":[12.5,9,10.4976],"rotation":{"angle":-22.5,"axis":"x","origin":[3.5,9,7]},"faces":{"north":{"uv":[3.75,5.5,6,7.5],"texture":"#0"},"east":{"uv":[8.25,5.5,9.5,7.5],"texture":"#0"},"south":{"uv":[6,5.5,8.25,7.5],"texture":"#0"},"west":{"uv":[2.5,5.5,3.75,7.5],"texture":"#0"},"up":{"uv":[3.75,4.25,6,5.5],"texture":"#0"},"down":{"uv":[6,4.25,8.25,5.5],"texture":"#0"}}},{"from":[3,3,0.75],"to":[13,9.5,10],"faces":{"north":{"uv":[3.5,2.5,6,4.25],"texture":"#0"},"east":{"uv":[8.5,2.5,11,4.25],"texture":"#0"},"south":{"uv":[6,2.5,8.5,4.25],"texture":"#0"},"west":{"uv":[1,2.5,3.5,4.25],"texture":"#0"},"up":{"uv":[6,0,3.5,2.5],"rotation":90,"texture":"#0"},"down":{"uv":[6,0,8.5,2.5],"texture":"#0"}}},{"from":[4.625,8.5,1.625],"to":[11.425,11.9,8.425],"faces":{"north":{"uv":[12.5,15,14.25,16],"texture":"#0"},"east":{"uv":[14.25,15,16,16],"texture":"#0"},"south":{"uv":[10.75,15,12.5,16],"texture":"#0"},"west":{"uv":[9,15,10.75,16],"texture":"#0"},"up":{"uv":[10.75,13.25,12.5,15],"texture":"#0"}}},{"from":[5.425,11.9,2.225],"to":[10.425,15.7,8.025],"faces":{"north":{"uv":[11.5,12.5,12.5,13.25],"texture":"#0"},"east":{"uv":[13.5,12.5,14.5,13.25],"texture":"#0"},"south":{"uv":[12.5,12.5,13.5,13.25],"texture":"#0"},"west":{"uv":[10.5,12.5,11.5,13.25],"texture":"#0"},"up":{"uv":[11.5,11.5,12.5,12.5],"texture":"#0"}}},{"from":[4,9.625,12],"to":[6.25,11.875,13.5],"rotation":{"angle":-45,"axis":"y","origin":[4,9.625,12]},"faces":{"north":{"uv":[1.5,11.75,1.75,12.5],"texture":"#0"},"east":{"uv":[1.75,11.75,2.25,12.5],"texture":"#0"},"south":{"uv":[1.25,11.75,1.5,12.5],"texture":"#0"},"west":{"uv":[0.75,11.75,1.25,12.5],"texture":"#0"},"up":{"uv":[1.5,11.25,1.75,11.75],"texture":"#0"},"down":{"uv":[1.25,11.25,1.5,11.75],"texture":"#0"}}},{"from":[13,5,1],"to":[14,7,3.5],"faces":{"north":{"uv":[13.75,1,14,1.5],"texture":"#0"},"east":{"uv":[14.25,1,15,1.5],"texture":"#0"},"south":{"uv":[14,1,14.25,1.5],"texture":"#0"},"up":{"uv":[13.75,0.25,14,1],"texture":"#0"}}},{"from":[2,5,1],"to":[3,7,3.5],"faces":{"north":{"uv":[13.75,1,14,1.5],"texture":"#0"},"south":{"uv":[14,1,14.25,1.5],"texture":"#0"},"west":{"uv":[13,1,13.75,1.5],"texture":"#0"},"up":{"uv":[13.75,0.25,14,1],"texture":"#0"}}},{"from":[3.5,1.5,-2.502],"to":[12.5,7.75,2.248],"rotation":{"angle":-22.5,"axis":"x","origin":[3.5,7.75,-2.5]},"faces":{"north":{"uv":[3.5,2.5,5,4.25],"texture":"#0"},"east":{"uv":[5.75,3,7.25,4.75],"texture":"#0"},"south":{"uv":[6,2.5,7.5,4.25],"texture":"#0"},"west":{"uv":[4.75,3,6,4.75],"texture":"#0"},"up":{"uv":[6,0,8.25,1.75],"rotation":90,"texture":"#0"},"down":{"uv":[6,0,8.5,1.75],"texture":"#0"}}},{"from":[1.5,0,4],"to":[2.25,0.75,4.75],"faces":{"east":{"uv":[14,6.25,14.25,6.5],"texture":"#0"},"south":{"uv":[14.25,6.25,14.5,6.5],"texture":"#0"},"west":{"uv":[14,6.25,14.25,6.5],"texture":"#0"},"up":{"uv":[14.25,6.25,14.5,6.5],"texture":"#0"},"down":{"uv":[14.25,6.25,14.5,6.5],"texture":"#0"}}},{"from":[2.5,0,4],"to":[3.25,0.75,4.75],"faces":{"east":{"uv":[14,6.25,14.25,6.5],"texture":"#0"},"south":{"uv":[14.25,6.25,14.5,6.5],"texture":"#0"},"west":{"uv":[14,6.25,14.25,6.5],"texture":"#0"},"up":{"uv":[14.25,6.25,14.5,6.5],"texture":"#0"},"down":{"uv":[14.25,6.25,14.5,6.5],"texture":"#0"}}},{"from":[3.5,0,4],"to":[4.25,0.75,4.75],"faces":{"east":{"uv":[14,6.25,14.25,6.5],"texture":"#0"},"south":{"uv":[14.25,6.25,14.5,6.5],"texture":"#0"},"west":{"uv":[14,6.25,14.25,6.5],"texture":"#0"},"up":{"uv":[14.25,6.25,14.5,6.5],"texture":"#0"},"down":{"uv":[14.25,6.25,14.5,6.5],"texture":"#0"}}},{"from":[11.75,0,4],"to":[12.5,0.75,4.75],"faces":{"east":{"uv":[14,6.25,14.25,6.5],"texture":"#0"},"south":{"uv":[14.25,6.25,14.5,6.5],"texture":"#0"},"west":{"uv":[14,6.25,14.25,6.5],"texture":"#0"},"up":{"uv":[14.25,6.25,14.5,6.5],"texture":"#0"},"down":{"uv":[14.25,6.25,14.5,6.5],"texture":"#0"}}},{"from":[12.75,0,4],"to":[13.5,0.75,4.75],"faces":{"east":{"uv":[14,6.25,14.25,6.5],"texture":"#0"},"south":{"uv":[14.25,6.25,14.5,6.5],"texture":"#0"},"west":{"uv":[14,6.25,14.25,6.5],"texture":"#0"},"up":{"uv":[14.25,6.25,14.5,6.5],"texture":"#0"},"down":{"uv":[14.25,6.25,14.5,6.5],"texture":"#0"}}},{"from":[13.75,0,4],"to":[14.5,0.75,4.75],"faces":{"east":{"uv":[14,6.25,14.25,6.5],"texture":"#0"},"south":{"uv":[14.25,6.25,14.5,6.5],"texture":"#0"},"west":{"uv":[14,6.25,14.25,6.5],"texture":"#0"},"up":{"uv":[14.25,6.25,14.5,6.5],"texture":"#0"},"down":{"uv":[14.25,6.25,14.5,6.5],"texture":"#0"}}},{"from":[3,0,12.5],"to":[3.75,0.75,13.25],"faces":{"north":{"uv":[13.75,1,14,1.5],"texture":"#0"},"east":{"uv":[14,6.25,14.25,6.5],"texture":"#0"},"south":{"uv":[14.25,6.25,14.5,6.5],"texture":"#0"},"west":{"uv":[14,6.25,14.25,6.5],"texture":"#0"},"up":{"uv":[14.25,6.25,14.5,6.5],"texture":"#0"},"down":{"uv":[14.25,6.25,14.5,6.5],"texture":"#0"}}},{"from":[4,0,12.75],"to":[4.75,0.75,13.5],"faces":{"north":{"uv":[13.75,1,14,1.5],"texture":"#0"},"east":{"uv":[14,6.25,14.25,6.5],"texture":"#0"},"south":{"uv":[14.25,6.25,14.5,6.5],"texture":"#0"},"west":{"uv":[14,6.25,14.25,6.5],"texture":"#0"},"up":{"uv":[14.25,6.25,14.5,6.5],"texture":"#0"},"down":{"uv":[14.25,6.25,14.5,6.5],"texture":"#0"}}},{"from":[5,0,12.5],"to":[5.75,0.75,13.25],"faces":{"north":{"uv":[13.75,1,14,1.5],"texture":"#0"},"east":{"uv":[14,6.25,14.25,6.5],"texture":"#0"},"south":{"uv":[14.25,6.25,14.5,6.5],"texture":"#0"},"west":{"uv":[14,6.25,14.25,6.5],"texture":"#0"},"up":{"uv":[14.25,6.25,14.5,6.5],"texture":"#0"},"down":{"uv":[14.25,6.25,14.5,6.5],"texture":"#0"}}},{"from":[-8.25,6.9375,2],"to":[-1,7,8],"rotation":{"angle":22.5,"axis":"z","origin":[-8.25,7,2]},"faces":{"up":{"uv":[0,0.5,3.5,4.25],"texture":"#1"},"down":{"uv":[0,4.25,3.5,0.5],"texture":"#1"}}},{"from":[-1.75,9.6875,2],"to":[5.5,9.75,8],"faces":{"up":{"uv":[3.25,0.5,6.5,4.25],"texture":"#1"},"down":{"uv":[3.25,4.25,6.5,0.5],"texture":"#1"}}},{"from":[10.5,9.6875,2],"to":[17.75,9.75,8],"faces":{"up":{"uv":[6.5,0.5,3.25,4.25],"texture":"#1"},"down":{"uv":[6.5,4.25,3.25,0.5],"texture":"#1"}}},{"from":[17.6489,9.6875,2],"to":[24.8989,9.75,8],"rotation":{"angle":-22.5,"axis":"z","origin":[17.6489,9.75,2]},"faces":{"up":{"uv":[3.5,0.5,0,4.25],"texture":"#1"},"down":{"uv":[3.5,4.25,0,0.5],"texture":"#1"}}},{"from":[5,9.6875,-5.5],"to":[11,9.75,2.5],"faces":{"up":{"uv":[3.25,0.5,6.5,4.25],"rotation":90,"texture":"#1"},"down":{"uv":[3.25,0.5,6.5,4.25],"rotation":90,"texture":"#1"}}},{"from":[5,6.6875,-12.75],"to":[11,6.75,-4.75],"rotation":{"angle":-22.5,"axis":"x","origin":[5,6.75,-12.75]},"faces":{"up":{"uv":[0,0.5,3.5,4.25],"rotation":90,"texture":"#1"},"down":{"uv":[3.5,0.5,0,4.25],"rotation":90,"texture":"#1"}}},{"from":[10.25,9.75,13.591],"to":[12.5,12,15.091],"rotation":{"angle":45,"axis":"y","origin":[10.25,9.75,13.591]},"faces":{"north":{"uv":[1.5,11.75,1.75,12.5],"texture":"#0"},"east":{"uv":[1.75,11.75,2.25,12.5],"texture":"#0"},"south":{"uv":[1.25,11.75,1.5,12.5],"texture":"#0"},"west":{"uv":[0.75,11.75,1.25,12.5],"texture":"#0"},"up":{"uv":[1.5,11.25,1.75,11.75],"texture":"#0"},"down":{"uv":[1.25,11.25,1.5,11.75],"texture":"#0"}}},{"from":[3.9375,3.5,14.75],"to":[8.4375,10.5,15.5],"rotation":{"angle":-22.5,"axis":"y","origin":[3.9375,3.5,14.75]},"faces":{"north":{"uv":[4,11.75,6,13.75],"texture":"#0"},"east":{"uv":[8,11.75,8.75,13.75],"texture":"#0"},"south":{"uv":[10.25,7,12.5,11],"texture":"#0"},"west":{"uv":[5.25,11.75,6,13.75],"texture":"#0"},"up":{"uv":[5.75,10.5,7.75,10.75],"texture":"#0"},"down":{"uv":[4,11,6,11.25],"texture":"#0"}}},{"from":[7.5,3.5,16.4759],"to":[12.5,10.5,17.2259],"rotation":{"angle":22.5,"axis":"y","origin":[7.5,3.5,16.4759]},"faces":{"east":{"uv":[8,11.75,8.75,13.75],"texture":"#0"},"south":{"uv":[12.75,7,15.25,11],"texture":"#0"},"west":{"uv":[5.25,11.75,6,13.75],"texture":"#0"},"up":{"uv":[5.75,10.5,7.75,10.75],"texture":"#0"},"down":{"uv":[4,10.25,6,10.5],"texture":"#0"}}},{"from":[3.75,3.5,10.25],"to":[12.25,10.5,15.25],"faces":{"north":{"uv":[3.75,5.5,6,7.5],"texture":"#0"},"east":{"uv":[8.25,5.5,9.5,7.5],"texture":"#0"},"west":{"uv":[2.5,5.5,3.75,7.5],"texture":"#0"},"up":{"uv":[3.75,4.25,6,5.5],"texture":"#0"},"down":{"uv":[6,4.25,8.25,5.5],"texture":"#0"}}},{"from":[10.5,0,12.25],"to":[11.25,0.75,13],"faces":{"north":{"uv":[13.75,1,14,1.5],"texture":"#0"},"east":{"uv":[14,6.25,14.25,6.5],"texture":"#0"},"south":{"uv":[14.25,6.25,14.5,6.5],"texture":"#0"},"west":{"uv":[14,6.25,14.25,6.5],"texture":"#0"},"up":{"uv":[14.25,6.25,14.5,6.5],"texture":"#0"},"down":{"uv":[14.25,6.25,14.5,6.5],"texture":"#0"}}},{"from":[11.5,0,12.5],"to":[12.25,0.75,13.25],"faces":{"east":{"uv":[14,6.25,14.25,6.5],"texture":"#0"},"south":{"uv":[14.25,6.25,14.5,6.5],"texture":"#0"},"west":{"uv":[14,6.25,14.25,6.5],"texture":"#0"},"up":{"uv":[14.25,6.25,14.5,6.5],"texture":"#0"},"down":{"uv":[14.25,6.25,14.5,6.5],"texture":"#0"}}},{"from":[12.5,0,12.25],"to":[13.25,0.75,13],"faces":{"north":{"uv":[13.75,1,14,1.5],"texture":"#0"},"east":{"uv":[14,6.25,14.25,6.5],"texture":"#0"},"south":{"uv":[14.25,6.25,14.5,6.5],"texture":"#0"},"west":{"uv":[14,6.25,14.25,6.5],"texture":"#0"},"up":{"uv":[14.25,6.25,14.5,6.5],"texture":"#0"},"down":{"uv":[14.25,6.25,14.5,6.5],"texture":"#0"}}},{"from":[5,3.5,14.75],"to":[10.5,10.5,16],"faces":{"south":{"uv":[6,5.5,8.25,7.5],"texture":"#0"},"up":{"uv":[3.75,4.25,6,5.5],"texture":"#0"},"down":{"uv":[6,4.25,8.25,5.5],"texture":"#0"}}},{"from":[7,3.5,15.75],"to":[8.75,10.5,16.5],"faces":{"west":{"uv":[2.5,5.5,3.75,7.5],"texture":"#0"},"up":{"uv":[3.75,4.25,6,5.5],"texture":"#0"},"down":{"uv":[6,4.25,8.25,5.5],"texture":"#0"}}},{"from":[5.25,8.9375,6.25],"to":[11.25,9,14.25],"rotation":{"angle":-22.5,"axis":"x","origin":[5.25,9,6.25]},"faces":{"up":{"uv":[6.5,0.5,3.25,4.25],"rotation":90,"texture":"#1"},"down":{"uv":[3.25,0.5,6.5,4.25],"rotation":90,"texture":"#1"}}},{"from":[5,11.9375,13.5],"to":[11,12,21.5],"faces":{"up":{"uv":[3.5,0.5,0,4.25],"rotation":90,"texture":"#1"},"down":{"uv":[0,0.5,3.5,4.25],"rotation":90,"texture":"#1"}}},{"from":[6.225,15.7,3.425],"to":[9.625,17.3,6.825],"faces":{"north":{"uv":[11.5,12.5,12.5,13.25],"texture":"#0"},"east":{"uv":[13.5,12.5,14.5,13.25],"texture":"#0"},"south":{"uv":[12.5,12.5,13.5,13.25],"texture":"#0"},"west":{"uv":[10.5,12.5,11.5,13.25],"texture":"#0"},"up":{"uv":[11.5,11.5,12.5,12.5],"texture":"#0"}}},{"from":[7.225,16.7,2.8245],"to":[8.625,18.3,3.8245],"rotation":{"angle":-22.5,"axis":"x","origin":[7.225,18.3,2.825]},"faces":{"north":{"uv":[11.5,12.5,12,13],"texture":"#0"},"east":{"uv":[10.5,12.5,11,13],"texture":"#0"},"south":{"uv":[11.5,12.5,12,13],"texture":"#0"},"west":{"uv":[10.5,12.5,11,13],"texture":"#0"},"up":{"uv":[11.5,11.5,12,11.75],"texture":"#0"}}},{"from":[7.225,17.1,6.6255],"to":[8.625,18.7,7.6255],"rotation":{"angle":22.5,"axis":"x","origin":[7.225,18.7,6.625]},"faces":{"north":{"uv":[11.5,12.5,12,13],"texture":"#0"},"east":{"uv":[10.5,12.5,11,13],"texture":"#0"},"south":{"uv":[11.5,12.5,12,13],"texture":"#0"},"west":{"uv":[10.5,12.5,11,13],"texture":"#0"},"up":{"uv":[11.5,11.5,12,11.75],"texture":"#0"},"down":{"uv":[11.5,11.5,12,11.75],"texture":"#0"}}},{"from":[9.4258,16.3,4.425],"to":[10.6258,18.7,5.625],"rotation":{"angle":-22.5,"axis":"z","origin":[9.425,18.7,4.425]},"faces":{"north":{"uv":[11.5,12.5,12,13],"texture":"#0"},"east":{"uv":[10.5,12.5,11,13],"texture":"#0"},"south":{"uv":[11.5,12.5,12,13],"texture":"#0"},"west":{"uv":[10.5,12.5,11,13],"texture":"#0"},"up":{"uv":[11.5,11.5,12,11.75],"texture":"#0"}}},{"from":[5.2242,15.9,4.425],"to":[6.4242,18.3,5.625],"rotation":{"angle":22.5,"axis":"z","origin":[5.225,18.3,4.425]},"faces":{"north":{"uv":[11.5,12.5,12,13],"texture":"#0"},"east":{"uv":[10.5,12.5,11,13],"texture":"#0"},"south":{"uv":[11.5,12.5,12,13],"texture":"#0"},"west":{"uv":[10.5,12.5,11,13],"texture":"#0"},"up":{"uv":[11.5,11.5,12,11.75],"texture":"#0"},"down":{"uv":[11.5,11.5,12,11.75],"texture":"#0"}}}],"display":{"thirdperson_righthand":{"scale":[0,0,0]},"thirdperson_lefthand":{"scale":[0,0,0]},"firstperson_righthand":{"scale":[0,0,0]},"firstperson_lefthand":{"scale":[0,0,0]},"gui":{"rotation":[30,-50,0],"translation":[-1,-1,0],"scale":[0.6,0.6,0.6]},"head":{"rotation":[0,180,0],"translation":[0,-24.1,-1.51],"scale":[2.4,2.4,2.4]}}}