{"credit":"Made by MadstonMagic using Cubik Pro, Edit By Icelio","textures":{"0":"pokemon_skins/regular/mawile/mawile","1":"pokemon_skins/regular/mawile/eye","2":"pokemon_skins/regular/mawile/hand","3":"pokemon_skins/regular/mawile/skirt","4":"pokemon_skins/regular/mawile/foot","5":"pokemon_skins/regular/mawile/details"},"elements":[{"from":[5.6,6.15,7.6],"to":[6.4,6.8,8.4],"faces":{"north":{"uv":[11,1,13,3],"texture":"#0"},"east":{"uv":[11,1,13,3],"texture":"#0"},"south":{"uv":[11,1,13,3],"texture":"#0"},"west":{"uv":[11,1,13,3],"texture":"#0"},"up":{"uv":[11,1,13,3],"texture":"#0"},"down":{"uv":[11,1,13,3],"texture":"#0"}}},{"from":[6.6,3.65,7.3],"to":[7.6,6.3,8.7],"rotation":{"angle":22.5,"axis":"z","origin":[7.6,3.65,8]},"faces":{"north":{"uv":[11,1,13,3],"texture":"#0"},"east":{"uv":[11,1,13,3],"texture":"#0"},"south":{"uv":[11,1,13,3],"texture":"#0"},"west":{"uv":[11,1,13,3],"texture":"#0"},"up":{"uv":[11,1,13,3],"texture":"#0"},"down":{"uv":[11,1,13,3],"texture":"#0"}}},{"from":[4.4,3.65,7.3],"to":[5.4,6.3,8.7],"rotation":{"angle":-22.5,"axis":"z","origin":[4.4,3.65,8]},"faces":{"north":{"uv":[11,1,13,3],"texture":"#0"},"east":{"uv":[11,1,13,3],"texture":"#0"},"south":{"uv":[11,1,13,3],"texture":"#0"},"west":{"uv":[11,1,13,3],"texture":"#0"},"up":{"uv":[11,1,13,3],"texture":"#0"},"down":{"uv":[11,1,13,3],"texture":"#0"}}},{"from":[5.4,4.05,7.3],"to":[6.6,6.3,8.7],"faces":{"north":{"uv":[11,1,13,3],"texture":"#0"},"east":{"uv":[11,1,13,3],"texture":"#0"},"south":{"uv":[11,1,13,3],"texture":"#0"},"west":{"uv":[11,1,13,3],"texture":"#0"},"up":{"uv":[11,1,13,3],"texture":"#0"},"down":{"uv":[11,1,13,3],"texture":"#0"}}},{"from":[4.4,0.25,4.05],"to":[4.45,3.65,7.9],"rotation":{"angle":-22.5,"axis":"z","origin":[4.4,3.65,6]},"faces":{"east":{"uv":[8,0.5,1,10.5],"texture":"#3"},"west":{"uv":[1,0.5,8,10.5],"texture":"#3"}}},{"from":[7.55,0.25,4.05],"to":[7.6,3.65,7.95],"rotation":{"angle":22.5,"axis":"z","origin":[7.55,3.65,6]},"faces":{"east":{"uv":[8,0.5,1,10.5],"texture":"#3"},"west":{"uv":[1,0.5,8,10.5],"texture":"#3"}}},{"from":[3.05,0.5,7.85],"to":[8.95,3.6,7.9125],"faces":{"north":{"uv":[1,0.5,14.5,10.5],"texture":"#3"},"south":{"uv":[14.5,0.5,1,10.5],"texture":"#3"}}},{"from":[4,0.5,8.35],"to":[8.4,1,11.4],"faces":{"north":{"uv":[11,1,13,3],"texture":"#0"},"east":{"uv":[11,1,13,3],"texture":"#0"},"south":{"uv":[11,1,13,3],"texture":"#0"},"west":{"uv":[11,1,13,3],"texture":"#0"},"up":{"uv":[11,1,13,3],"texture":"#0"},"down":{"uv":[11,1,13,3],"texture":"#0"}}},{"from":[3.75,0.5,8.6],"to":[8.65,1,11.15],"faces":{"north":{"uv":[11,1,13,3],"texture":"#0"},"east":{"uv":[11,1,13,3],"texture":"#0"},"south":{"uv":[11,1,13,3],"texture":"#0"},"west":{"uv":[11,1,13,3],"texture":"#0"},"up":{"uv":[11,1,13,3],"texture":"#0"},"down":{"uv":[11,1,13,3],"texture":"#0"}}},{"from":[4.25,0.5,8.1],"to":[8.15,1,11.65],"faces":{"north":{"uv":[11,1,13,3],"texture":"#0"},"east":{"uv":[11,1,13,3],"texture":"#0"},"south":{"uv":[11,1,13,3],"texture":"#0"},"west":{"uv":[11,1,13,3],"texture":"#0"},"up":{"uv":[11,1,13,3],"texture":"#0"},"down":{"uv":[11,1,13,3],"texture":"#0"}}},{"from":[5.2,5.83,1.4],"to":[6.8,5.88,2.3],"rotation":{"angle":-22.5,"axis":"x","origin":[5.5,6.4,7.3]},"faces":{"up":{"uv":[0,0.5,8,15],"rotation":270,"texture":"#2"},"down":{"uv":[0,0.5,8,15],"rotation":90,"texture":"#2"}}},{"from":[5.2,5.5,2.3],"to":[6.8,6.2,2.7],"rotation":{"angle":-22.5,"axis":"x","origin":[5.5,6.4,7.3]},"faces":{"north":{"uv":[11,7,13,9],"texture":"#0"},"east":{"uv":[11,7,13,9],"texture":"#0"},"south":{"uv":[11,7,13,9],"texture":"#0"},"west":{"uv":[11,7,13,9],"texture":"#0"},"up":{"uv":[11,7,13,9],"texture":"#0"},"down":{"uv":[11,7,13,9],"texture":"#0"}}},{"from":[5.2,5.4,2.7],"to":[6.8,6.3,5.1],"rotation":{"angle":-22.5,"axis":"x","origin":[5.5,6.4,7.3]},"faces":{"north":{"uv":[11,7,13,9],"texture":"#0"},"east":{"uv":[9.5,4,12,9.5],"rotation":90,"texture":"#2"},"south":{"uv":[11,1,13,3],"texture":"#0"},"west":{"uv":[9.5,4,12,9.5],"rotation":270,"texture":"#2"},"up":{"uv":[11.5,4,15,9.5],"texture":"#2"},"down":{"uv":[11.5,9.5,15,4],"texture":"#2"}}},{"from":[5.3,5.4,5.1],"to":[6.7,6.3,6.3],"rotation":{"angle":-22.5,"axis":"x","origin":[5.5,6.4,7.3]},"faces":{"north":{"uv":[11,1,13,3],"texture":"#0"},"east":{"uv":[11,1,13,3],"texture":"#0"},"south":{"uv":[11,1,13,3],"texture":"#0"},"west":{"uv":[11,1,13,3],"texture":"#0"},"up":{"uv":[11,1,13,3],"texture":"#0"},"down":{"uv":[11,1,13,3],"texture":"#0"}}},{"from":[5.5,5.5,6.3],"to":[6.5,6.2,7.3],"rotation":{"angle":-22.5,"axis":"x","origin":[5.5,6.4,7.3]},"faces":{"north":{"uv":[11,1,13,3],"texture":"#0"},"east":{"uv":[11,1,13,3],"texture":"#0"},"south":{"uv":[11,1,13,3],"texture":"#0"},"west":{"uv":[11,1,13,3],"texture":"#0"},"up":{"uv":[11,1,13,3],"texture":"#0"},"down":{"uv":[11,1,13,3],"texture":"#0"}}},{"from":[5.35,0,8.7],"to":[6.7,0.5,10.3],"faces":{"north":{"uv":[11,7,13,9],"texture":"#0"},"east":{"uv":[11,7,13,9],"texture":"#0"},"south":{"uv":[11,7,13,9],"texture":"#0"},"west":{"uv":[11,7,13,9],"texture":"#0"},"up":{"uv":[11,7,13,9],"texture":"#0"},"down":{"uv":[11,7,13,9],"texture":"#0"}}},{"from":[5.35,0,5.7],"to":[6.7,0.5,7.3],"faces":{"north":{"uv":[11,7,13,9],"texture":"#0"},"east":{"uv":[11,7,13,9],"texture":"#0"},"south":{"uv":[11,7,13,9],"texture":"#0"},"west":{"uv":[11,7,13,9],"texture":"#0"},"up":{"uv":[11,7,13,9],"texture":"#0"},"down":{"uv":[11,7,13,9],"texture":"#0"}}},{"from":[4.45,0.1875,8.7],"to":[6.2,0.25,10.3],"faces":{"up":{"uv":[0.5,0.5,15.5,13],"rotation":180,"texture":"#4"},"down":{"uv":[0.5,0.5,15.5,13],"rotation":180,"texture":"#4"}}},{"from":[4.45,0.1875,5.7],"to":[6.2,0.25,7.3],"faces":{"up":{"uv":[0.5,0.5,15.5,13],"rotation":180,"texture":"#4"},"down":{"uv":[0.5,0.5,15.5,13],"rotation":180,"texture":"#4"}}},{"from":[6.7,0,8.95],"to":[6.95,0.5,10.05],"faces":{"north":{"uv":[11,7,13,9],"texture":"#0"},"east":{"uv":[11,7,13,9],"texture":"#0"},"south":{"uv":[11,7,13,9],"texture":"#0"},"west":{"uv":[11,7,13,9],"texture":"#0"},"up":{"uv":[11,7,13,9],"texture":"#0"},"down":{"uv":[11,7,13,9],"texture":"#0"}}},{"from":[6.7,0,5.95],"to":[6.95,0.5,7.05],"faces":{"north":{"uv":[11,7,13,9],"texture":"#0"},"east":{"uv":[11,7,13,9],"texture":"#0"},"south":{"uv":[11,7,13,9],"texture":"#0"},"west":{"uv":[11,7,13,9],"texture":"#0"},"up":{"uv":[11,7,13,9],"texture":"#0"},"down":{"uv":[11,7,13,9],"texture":"#0"}}},{"from":[3.737,10.05,7],"to":[5.4,11.2,9],"rotation":{"angle":22.5,"axis":"z","origin":[5.4,11.2,8]},"faces":{"north":{"uv":[11,7,13,9],"texture":"#0"},"east":{"uv":[11,7,13,9],"texture":"#0"},"south":{"uv":[11,7,13,9],"texture":"#0"},"west":{"uv":[11,7,13,9],"texture":"#0"},"up":{"uv":[11,7,13,9],"texture":"#0"},"down":{"uv":[11,7,13,9],"texture":"#0"}}},{"from":[5.4,10.25,7],"to":[7,11.2,9],"faces":{"north":{"uv":[11,7,13,9],"texture":"#0"},"east":{"uv":[11,7,13,9],"texture":"#0"},"south":{"uv":[11,7,13,9],"texture":"#0"},"west":{"uv":[11,7,13,9],"texture":"#0"},"up":{"uv":[11,7,13,9],"texture":"#0"},"down":{"uv":[11,7,13,9],"texture":"#0"}}},{"from":[4.3,6.65,8],"to":[7,8.064,9],"rotation":{"angle":45,"axis":"x","origin":[4.3,6.65,9]},"faces":{"north":{"uv":[11,1,13,3],"texture":"#0"},"east":{"uv":[11,1,13,3],"texture":"#0"},"south":{"uv":[11,1,13,3],"texture":"#0"},"west":{"uv":[11,1,13,3],"texture":"#0"},"up":{"uv":[11,1,13,3],"texture":"#0"},"down":{"uv":[11,1,13,3],"texture":"#0"}}},{"from":[4.3,6.65,7],"to":[7,8.064,8],"rotation":{"angle":-45,"axis":"x","origin":[4.3,6.65,7]},"faces":{"north":{"uv":[11,1,13,3],"texture":"#0"},"east":{"uv":[11,1,13,3],"texture":"#0"},"south":{"uv":[11,1,13,3],"texture":"#0"},"west":{"uv":[11,1,13,3],"texture":"#0"},"up":{"uv":[11,1,13,3],"texture":"#0"},"down":{"uv":[11,1,13,3],"texture":"#0"}}},{"from":[5.5,7.65,7],"to":[8,10.2,9],"faces":{"north":{"uv":[11,1,13,3],"texture":"#0"},"east":{"uv":[11,1,13,3],"texture":"#0"},"south":{"uv":[11,1,13,3],"texture":"#0"},"west":{"uv":[11,1,13,3],"texture":"#0"},"up":{"uv":[11,1,13,3],"texture":"#0"},"down":{"uv":[11,1,13,3],"texture":"#0"}}},{"from":[3.3,9.2,7],"to":[4.7,10.677,9],"rotation":{"angle":-22.5,"axis":"z","origin":[3.3,9.2,8]},"faces":{"north":{"uv":[11,7,13,9],"texture":"#0"},"east":{"uv":[11,7,13,9],"texture":"#0"},"south":{"uv":[11,7,13,9],"texture":"#0"},"west":{"uv":[10.5,6.5,16,9],"texture":"#2"},"up":{"uv":[11,7,13,9],"texture":"#0"},"down":{"uv":[11,7,13,9],"texture":"#0"}}},{"from":[3.45,7.05,8.5],"to":[3.85,7.7,9.1],"rotation":{"angle":22.5,"axis":"y","origin":[3.65,7.375,8.8]},"faces":{"north":{"uv":[11,1,13,3],"texture":"#0"},"east":{"uv":[11,1,13,3],"texture":"#0"},"south":{"uv":[11,1,13,3],"texture":"#0"},"west":{"uv":[11,1,13,3],"texture":"#0"},"up":{"uv":[11,1,13,3],"texture":"#0"},"down":{"uv":[11,1,13,3],"texture":"#0"}}},{"from":[3.45,7.05,6.9],"to":[3.85,7.7,7.6],"rotation":{"angle":-22.5,"axis":"y","origin":[3.65,7.375,7.25]},"faces":{"north":{"uv":[11,1,13,3],"texture":"#0"},"east":{"uv":[11,1,13,3],"texture":"#0"},"south":{"uv":[11,1,13,3],"texture":"#0"},"west":{"uv":[11,1,13,3],"texture":"#0"},"up":{"uv":[11,1,13,3],"texture":"#0"},"down":{"uv":[11,1,13,3],"texture":"#0"}}},{"from":[3.2,7.7,7.5],"to":[3.9,8.25,8.6],"rotation":{"angle":-45,"axis":"z","origin":[3.2,7.69,8.05]},"faces":{"north":{"uv":[11,1,13,3],"texture":"#0"},"east":{"uv":[11,1,13,3],"texture":"#0"},"south":{"uv":[11,1,13,3],"texture":"#0"},"west":{"uv":[11,1,13,3],"texture":"#0"},"up":{"uv":[11,1,13,3],"texture":"#0"},"down":{"uv":[11,1,13,3],"texture":"#0"}}},{"from":[3.2,6.6,7.5],"to":[4.1,7.15,8.6],"rotation":{"angle":45,"axis":"z","origin":[3.2,7.15,8.05]},"faces":{"north":{"uv":[11,1,13,3],"texture":"#0"},"east":{"uv":[11,1,13,3],"texture":"#0"},"south":{"uv":[11,1,13,3],"texture":"#0"},"west":{"uv":[11,1,13,3],"texture":"#0"},"up":{"uv":[11,1,13,3],"texture":"#0"},"down":{"uv":[11,1,13,3],"texture":"#0"}}},{"from":[3.2,7.15,7.5],"to":[3.9,7.7,8.6],"faces":{"north":{"uv":[11,1,13,3],"texture":"#0"},"east":{"uv":[11,1,13,3],"texture":"#0"},"south":{"uv":[11,1,13,3],"texture":"#0"},"west":{"uv":[11,1,13,3],"texture":"#0"},"up":{"uv":[11,1,13,3],"texture":"#0"},"down":{"uv":[11,1,13,3],"texture":"#0"}}},{"from":[3.8,9.22,6.75],"to":[4.9,9.22,9.25],"faces":{"up":{"uv":[11,7,13,9],"texture":"#0"}}},{"from":[3.3,7.65,7],"to":[6,9.2,9],"faces":{"north":{"uv":[11,1,13,3],"texture":"#0"},"east":{"uv":[11,1,13,3],"texture":"#0"},"south":{"uv":[11,1,13,3],"texture":"#0"},"west":{"uv":[11,1,13,3],"texture":"#0"},"up":{"uv":[11,1,13,3],"texture":"#0"},"down":{"uv":[11,1,13,3],"texture":"#0"}}},{"from":[4.3,9.2,9],"to":[5.4,9.911,10],"rotation":{"angle":-22.5,"axis":"z","origin":[4.3,9.2,10]},"faces":{"north":{"uv":[11,1,13,3],"texture":"#0"},"east":{"uv":[11,1,13,3],"texture":"#0"},"south":{"uv":[11,1,13,3],"texture":"#0"},"west":{"uv":[10,13,11.5,15],"rotation":270,"texture":"#2"},"up":{"uv":[10.5,16,12.5,13.5],"texture":"#2"},"down":{"uv":[11,1,13,3],"texture":"#0"}}},{"from":[4.3,9.2,6],"to":[5.4,9.911,7],"rotation":{"angle":-22.5,"axis":"z","origin":[4.3,9.2,6]},"faces":{"north":{"uv":[11,1,13,3],"texture":"#0"},"east":{"uv":[11,1,13,3],"texture":"#0"},"south":{"uv":[11,1,13,3],"texture":"#0"},"west":{"uv":[10,15,11.5,13],"rotation":270,"texture":"#2"},"up":{"uv":[10.5,16,12.5,13.5],"texture":"#2"},"down":{"uv":[11,1,13,3],"texture":"#0"}}},{"from":[4.3,7.65,6],"to":[7,9.2,10],"faces":{"north":{"uv":[11,1,13,3],"texture":"#0"},"east":{"uv":[11,1,13,3],"texture":"#0"},"south":{"uv":[11,1,13,3],"texture":"#0"},"west":{"uv":[11,1,13,3],"texture":"#0"},"up":{"uv":[11,1,13,3],"texture":"#0"},"down":{"uv":[11,1,13,3],"texture":"#0"}}},{"from":[5.4,10.2,9.2],"to":[7,11.614,10],"rotation":{"angle":-45,"axis":"x","origin":[6,10.2,10]},"faces":{"north":{"uv":[11,1,13,3],"texture":"#0"},"east":{"uv":[11,1,13,3],"texture":"#0"},"south":{"uv":[12.5,7.5,10.5,9.5],"rotation":270,"texture":"#2"},"west":{"uv":[11,7,13,9],"texture":"#0"},"up":{"uv":[11,1,13,3],"texture":"#0"},"down":{"uv":[11,1,13,3],"texture":"#0"}}},{"from":[5.4,10.2,6],"to":[7,11.614,6.8],"rotation":{"angle":45,"axis":"x","origin":[6,10.2,6]},"faces":{"north":{"uv":[10.5,7.5,12.5,9.5],"rotation":90,"texture":"#2"},"east":{"uv":[11,1,13,3],"texture":"#0"},"south":{"uv":[11,1,13,3],"texture":"#0"},"west":{"uv":[11,7,13,9],"texture":"#0"},"up":{"uv":[11,1,13,3],"texture":"#0"},"down":{"uv":[11,1,13,3],"texture":"#0"}}},{"from":[4.505,9.25,9],"to":[5.4,10.2,10],"rotation":{"angle":22.5,"axis":"z","origin":[5.4,10.2,9]},"faces":{"north":{"uv":[11,1,13,3],"texture":"#0"},"east":{"uv":[11,7,13,9],"texture":"#0"},"south":{"uv":[11,1,13,3],"texture":"#0"},"west":{"uv":[10.5,13,12.5,15.5],"rotation":270,"texture":"#2"},"up":{"uv":[11.5,12.5,14,14.5],"texture":"#2"},"down":{"uv":[11,1,13,3],"texture":"#0"}}},{"from":[4.505,9.25,6],"to":[5.4,10.2,7],"rotation":{"angle":22.5,"axis":"z","origin":[5.4,10.2,6]},"faces":{"north":{"uv":[11,1,13,3],"texture":"#0"},"east":{"uv":[11,7,13,9],"texture":"#0"},"south":{"uv":[11,1,13,3],"texture":"#0"},"west":{"uv":[10.5,13,12.5,15.5],"rotation":90,"texture":"#2"},"up":{"uv":[11.5,14.5,14,12.5],"texture":"#2"},"down":{"uv":[11,1,13,3],"texture":"#0"}}},{"from":[5.4,7.65,6],"to":[7,10.2,10],"faces":{"north":{"uv":[11,1,13,3],"texture":"#0"},"east":{"uv":[11,1,13,3],"texture":"#0"},"south":{"uv":[11,1,13,3],"texture":"#0"},"west":{"uv":[11,1,13,3],"texture":"#0"},"up":{"uv":[11,1,13,3],"texture":"#0"},"down":{"uv":[11,1,13,3],"texture":"#0"}}},{"from":[4.3,6.65,7],"to":[7,8.6,9],"faces":{"north":{"uv":[11,1,13,3],"texture":"#0"},"east":{"uv":[11,1,13,3],"texture":"#0"},"south":{"uv":[11,1,13,3],"texture":"#0"},"west":{"uv":[11,1,13,3],"texture":"#0"},"up":{"uv":[11,1,13,3],"texture":"#0"},"down":{"uv":[11,1,13,3],"texture":"#0"}}},{"from":[2.886,6.65,7],"to":[4.3,7.75,9],"rotation":{"angle":-45,"axis":"z","origin":[4.3,6.65,6.5]},"faces":{"north":{"uv":[11,1,13,3],"texture":"#0"},"east":{"uv":[11,1,13,3],"texture":"#0"},"south":{"uv":[11,1,13,3],"texture":"#0"},"west":{"uv":[11,1,13,3],"texture":"#0"},"up":{"uv":[11,1,13,3],"texture":"#0"},"down":{"uv":[11,1,13,3],"texture":"#0"}}},{"from":[7,10.1,7],"to":[8.414,11.2,9],"rotation":{"angle":-45,"axis":"z","origin":[7,11.2,6.5]},"faces":{"north":{"uv":[11,1,13,3],"texture":"#0"},"east":{"uv":[11,1,13,3],"texture":"#0"},"south":{"uv":[11,1,13,3],"texture":"#0"},"west":{"uv":[11,1,13,3],"texture":"#0"},"up":{"uv":[11,1,13,3],"texture":"#0"},"down":{"uv":[11,1,13,3],"texture":"#0"}}},{"from":[7,6.65,7],"to":[8.414,7.75,9],"rotation":{"angle":45,"axis":"z","origin":[7,6.65,6.5]},"faces":{"north":{"uv":[11,1,13,3],"texture":"#0"},"east":{"uv":[11,1,13,3],"texture":"#0"},"south":{"uv":[11,1,13,3],"texture":"#0"},"west":{"uv":[11,1,13,3],"texture":"#0"},"up":{"uv":[11,1,13,3],"texture":"#0"},"down":{"uv":[11,1,13,3],"texture":"#0"}}},{"from":[4.45,9.5,1],"to":[6.4,9.7,4.2],"rotation":{"angle":-45,"axis":"x","origin":[6.3,9.7,4.2]},"faces":{"north":{"uv":[11,7,13,9],"texture":"#0"},"east":{"uv":[11,7,13,9],"texture":"#0"},"south":{"uv":[11,7,13,9],"texture":"#0"},"west":{"uv":[11,7,13,9],"texture":"#0"},"up":{"uv":[11,7,13,9],"texture":"#0"},"down":{"uv":[11,7,13,9],"texture":"#0"}}},{"from":[4.65,9.5,4.2],"to":[6.2,9.7,7.2],"rotation":{"angle":-22.5,"axis":"x","origin":[6.3,9.7,4.2]},"faces":{"north":{"uv":[11,7,13,9],"texture":"#0"},"east":{"uv":[11,7,13,9],"texture":"#0"},"south":{"uv":[11,7,13,9],"texture":"#0"},"west":{"uv":[11,7,13,9],"texture":"#0"},"up":{"uv":[11,7,13,9],"texture":"#0"},"down":{"uv":[11,7,13,9],"texture":"#0"}}},{"from":[4.8,3.65,9.15],"to":[7.1,4.639,9.85],"rotation":{"angle":-45,"axis":"x","origin":[5,3.65,9.85]},"faces":{"north":{"uv":[11,1,13,3],"texture":"#0"},"east":{"uv":[11,1,13,3],"texture":"#0"},"south":{"uv":[11,1,13,3],"texture":"#0"},"west":{"uv":[11,1,13,3],"texture":"#0"},"up":{"uv":[11,1,13,3],"texture":"#0"},"down":{"uv":[11,1,13,3],"texture":"#0"}}},{"from":[4.8,3.65,6.15],"to":[7.1,4.639,6.85],"rotation":{"angle":45,"axis":"x","origin":[5,3.65,6.15]},"faces":{"north":{"uv":[11,1,13,3],"texture":"#0"},"east":{"uv":[11,1,13,3],"texture":"#0"},"south":{"uv":[11,1,13,3],"texture":"#0"},"west":{"uv":[11,1,13,3],"texture":"#0"},"up":{"uv":[11,1,13,3],"texture":"#0"},"down":{"uv":[11,1,13,3],"texture":"#0"}}},{"from":[7,7.65,9.3],"to":[8.414,10.2,10],"rotation":{"angle":45,"axis":"y","origin":[7,7.65,10]},"faces":{"north":{"uv":[11,1,13,3],"texture":"#0"},"east":{"uv":[11,1,13,3],"texture":"#0"},"south":{"uv":[11,1,13,3],"texture":"#0"},"west":{"uv":[11,1,13,3],"texture":"#0"},"up":{"uv":[11,1,13,3],"texture":"#0"},"down":{"uv":[11,1,13,3],"texture":"#0"}}},{"from":[2.886,7.65,6],"to":[4.3,9.2,6.7],"rotation":{"angle":45,"axis":"y","origin":[4.3,7.65,6]},"faces":{"north":{"uv":[11,1,13,3],"texture":"#0"},"east":{"uv":[11,1,13,3],"texture":"#0"},"south":{"uv":[11,1,13,3],"texture":"#0"},"west":{"uv":[11,1,13,3],"texture":"#0"},"up":{"uv":[11,1,13,3],"texture":"#0"},"down":{"uv":[11,1,13,3],"texture":"#0"}}},{"from":[2.886,7.65,9.3],"to":[4.3,9.2,10],"rotation":{"angle":-45,"axis":"y","origin":[4.3,7.65,10]},"faces":{"north":{"uv":[11,1,13,3],"texture":"#0"},"east":{"uv":[11,1,13,3],"texture":"#0"},"south":{"uv":[11,1,13,3],"texture":"#0"},"west":{"uv":[11,1,13,3],"texture":"#0"},"up":{"uv":[11,1,13,3],"texture":"#0"},"down":{"uv":[11,1,13,3],"texture":"#0"}}},{"from":[7,7.65,6],"to":[8.414,10.2,6.7],"rotation":{"angle":-45,"axis":"y","origin":[7,7.65,6]},"faces":{"north":{"uv":[11,1,13,3],"texture":"#0"},"east":{"uv":[11,1,13,3],"texture":"#0"},"south":{"uv":[11,1,13,3],"texture":"#0"},"west":{"uv":[11,1,13,3],"texture":"#0"},"up":{"uv":[11,1,13,3],"texture":"#0"},"down":{"uv":[11,1,13,3],"texture":"#0"}}},{"from":[3.295,7.8,7],"to":[3.3575,9.25,7.2],"faces":{"west":{"uv":[13,1.5,14.5,13.5],"texture":"#1"}}},{"from":[3.295,7.8,8.8],"to":[3.3575,9.25,9],"faces":{"west":{"uv":[14.5,1.5,13,13.5],"texture":"#1"}}},{"from":[3.6425,7.8,5.7475],"to":[3.705,9.25,7.1475],"rotation":{"angle":-45,"axis":"y","origin":[3.6425,8,6.6475]},"faces":{"west":{"uv":[1.5,1.5,13,13.5],"texture":"#1"}}},{"from":[3.29,7.8,9],"to":[3.3525,9.25,10.4],"rotation":{"angle":45,"axis":"y","origin":[3.29,8,9]},"faces":{"west":{"uv":[13,1.5,1.5,13.5],"texture":"#1"}}},{"from":[6.05,11.2,7.6],"to":[6.75,12.15,8.4],"rotation":{"angle":-22.5,"axis":"z","origin":[5.75,11.2,7.5]},"faces":{"north":{"uv":[11,7,13,9],"texture":"#0"},"east":{"uv":[11,7,13,9],"texture":"#0"},"south":{"uv":[11,7,13,9],"texture":"#0"},"west":{"uv":[11,7,13,9],"texture":"#0"},"up":{"uv":[11,7,13,9],"texture":"#0"},"down":{"uv":[11,7,13,9],"texture":"#0"}}},{"from":[6.95,11.7,7.5],"to":[7.8,12.3,8.5],"faces":{"north":{"uv":[11,7,13,9],"texture":"#0"},"east":{"uv":[11,7,13,9],"texture":"#0"},"south":{"uv":[11,7,13,9],"texture":"#0"},"west":{"uv":[11,7,13,9],"texture":"#0"},"up":{"uv":[11,7,13,9],"texture":"#0"},"down":{"uv":[11,7,13,9],"texture":"#0"}}},{"from":[6.55,11.7,7.5],"to":[8.2,12.5,8.5],"rotation":{"angle":45,"axis":"z","origin":[7.075,12,8]},"faces":{"north":{"uv":[11,7,13,9],"texture":"#0"},"east":{"uv":[11,7,13,9],"texture":"#0"},"south":{"uv":[11,7,13,9],"texture":"#0"},"west":{"uv":[11,7,13,9],"texture":"#0"},"up":{"uv":[11,7,13,9],"texture":"#0"},"down":{"uv":[11,7,13,9],"texture":"#0"}}},{"from":[24.2,2.375,6.5],"to":[25.65,3.675,9.5],"faces":{"north":{"uv":[11,7,13,9],"texture":"#0"},"east":{"uv":[11,7,13,9],"texture":"#0"},"south":{"uv":[11,7,13,9],"texture":"#0"},"west":{"uv":[11,7,13,9],"texture":"#0"},"up":{"uv":[11,7,13,9],"texture":"#0"},"down":{"uv":[11,7,13,9],"texture":"#0"}}},{"from":[18.3,3.775,6.5],"to":[23.35,3.925,9.6],"faces":{"north":{"uv":[2,11,4,13],"texture":"#0"},"east":{"uv":[2,11,4,13],"texture":"#0"},"south":{"uv":[2,11,4,13],"texture":"#0"},"west":{"uv":[2,11,4,13],"texture":"#0"},"up":{"uv":[2,11,4,13],"texture":"#0"},"down":{"uv":[2,11,4,13],"texture":"#0"}}},{"from":[18.3,2.075,5.7],"to":[24.55,3.875,10.3],"faces":{"north":{"uv":[11,7,13,9],"texture":"#0"},"east":{"uv":[11,7,13,9],"texture":"#0"},"south":{"uv":[11,7,13,9],"texture":"#0"},"west":{"uv":[11,7,13,9],"texture":"#0"},"up":{"uv":[11,7,13,9],"texture":"#0"},"down":{"uv":[11,7,13,9],"texture":"#0"}}},{"from":[13.32,5.85,6.1],"to":[18.77,6.1,10],"rotation":{"angle":-22.5,"axis":"z","origin":[13.32,4.15,6.5]},"faces":{"north":{"uv":[2,11,4,13],"texture":"#0"},"east":{"uv":[2,11,4,13],"texture":"#0"},"south":{"uv":[2,11,4,13],"texture":"#0"},"west":{"uv":[2,11,4,13],"texture":"#0"},"up":{"uv":[2,11,4,13],"texture":"#0"},"down":{"uv":[2,11,4,13],"texture":"#0"}}},{"from":[13.32,4.15,5.2],"to":[18.77,6.05,10.8],"rotation":{"angle":-22.5,"axis":"z","origin":[13.32,4.15,6.5]},"faces":{"north":{"uv":[11,7,13,9],"texture":"#0"},"east":{"uv":[11,7,13,9],"texture":"#0"},"south":{"uv":[11,7,13,9],"texture":"#0"},"west":{"uv":[11,7,13,9],"texture":"#0"},"up":{"uv":[11,7,13,9],"texture":"#0"},"down":{"uv":[11,7,13,9],"texture":"#0"}}},{"from":[8.824,2.7,4.5],"to":[10.824,8.85,11.5],"rotation":{"angle":45,"axis":"z","origin":[9.324,8.85,6.5]},"faces":{"north":{"uv":[11,7,13,9],"texture":"#0"},"east":{"uv":[11,7,13,9],"texture":"#0"},"south":{"uv":[11,7,13,9],"texture":"#0"},"west":{"uv":[11,7,13,9],"texture":"#0"},"up":{"uv":[11,7,13,9],"texture":"#0"},"down":{"uv":[11,7,13,9],"texture":"#0"}}},{"from":[10.624,2.9,5.4],"to":[10.874,8.85,10.5],"rotation":{"angle":45,"axis":"z","origin":[9.324,8.85,6.5]},"faces":{"north":{"uv":[2,11,4,13],"texture":"#0"},"east":{"uv":[2,11,4,13],"texture":"#0"},"south":{"uv":[2,11,4,13],"texture":"#0"},"west":{"uv":[2,11,4,13],"texture":"#0"},"up":{"uv":[2,11,4,13],"texture":"#0"},"down":{"uv":[2,11,4,13],"texture":"#0"}}},{"from":[21.05,4.75,6.1],"to":[23.8,4.85,9.8],"faces":{"north":{"uv":[2,11,4,13],"texture":"#0"},"east":{"uv":[2,11,4,13],"texture":"#0"},"south":{"uv":[2,11,4,13],"texture":"#0"},"west":{"uv":[2,11,4,13],"texture":"#0"},"up":{"uv":[2,11,4,13],"texture":"#0"},"down":{"uv":[2,11,4,13],"texture":"#0"}}},{"from":[21,4.8,5.2],"to":[25,6.75,10.8],"faces":{"north":{"uv":[11,7,13,9],"texture":"#0"},"east":{"uv":[11,7,13,9],"texture":"#0"},"south":{"uv":[11,7,13,9],"texture":"#0"},"west":{"uv":[11,7,13,9],"texture":"#0"},"up":{"uv":[11,7,13,9],"texture":"#0"},"down":{"uv":[11,7,13,9],"texture":"#0"}}},{"from":[24,5.1,6],"to":[26,6.55,9.9],"faces":{"north":{"uv":[11,7,13,9],"texture":"#0"},"east":{"uv":[11,7,13,9],"texture":"#0"},"south":{"uv":[11,7,13,9],"texture":"#0"},"west":{"uv":[11,7,13,9],"texture":"#0"},"up":{"uv":[11,7,13,9],"texture":"#0"},"down":{"uv":[11,7,13,9],"texture":"#0"}}},{"from":[16.2,6.25,5.9],"to":[21.9,6.35,10.2],"rotation":{"angle":-22.5,"axis":"z","origin":[17.6,7.6,8]},"faces":{"north":{"uv":[2,11,4,13],"texture":"#0"},"east":{"uv":[2,11,4,13],"texture":"#0"},"south":{"uv":[2,11,4,13],"texture":"#0"},"west":{"uv":[2,11,4,13],"texture":"#0"},"up":{"uv":[2,11,4,13],"texture":"#0"},"down":{"uv":[2,11,4,13],"texture":"#0"}}},{"from":[16.2,6.3,5.2],"to":[21.9,8.35,10.8],"rotation":{"angle":-22.5,"axis":"z","origin":[17.6,7.6,8]},"faces":{"north":{"uv":[11,7,13,9],"texture":"#0"},"east":{"uv":[11,7,13,9],"texture":"#0"},"south":{"uv":[11,7,13,9],"texture":"#0"},"west":{"uv":[11,7,13,9],"texture":"#0"},"up":{"uv":[11,7,13,9],"texture":"#0"},"down":{"uv":[11,7,13,9],"texture":"#0"}}},{"from":[13.217,12.85,6.2],"to":[18.417,12.85,9.9],"rotation":{"angle":-45,"axis":"z","origin":[12.917,12.83,8.3]},"faces":{"up":{"uv":[0.5,0.5,9.5,13],"texture":"#5"}}},{"from":[12.917,10.53,5.4],"to":[19.317,10.63,10.6],"rotation":{"angle":-45,"axis":"z","origin":[12.917,12.83,8]},"faces":{"north":{"uv":[2,11,4,13],"texture":"#0"},"east":{"uv":[2,11,4,13],"texture":"#0"},"south":{"uv":[2,11,4,13],"texture":"#0"},"west":{"uv":[2,11,4,13],"texture":"#0"},"up":{"uv":[2,11,4,13],"texture":"#0"},"down":{"uv":[2,11,4,13],"texture":"#0"}}},{"from":[12.917,10.58,4.7],"to":[19.217,12.83,11.3],"rotation":{"angle":-45,"axis":"z","origin":[12.917,12.83,8]},"faces":{"north":{"uv":[11,7,13,9],"texture":"#0"},"east":{"uv":[11,7,13,9],"texture":"#0"},"south":{"uv":[11,7,13,9],"texture":"#0"},"west":{"uv":[11,7,13,9],"texture":"#0"},"up":{"uv":[11,7,13,9],"texture":"#0"},"down":{"uv":[11,7,13,9],"texture":"#0"}}},{"from":[10.7,11.35,5.1],"to":[13.1,11.45,10.9],"rotation":{"angle":-22.5,"axis":"z","origin":[10.7,13.75,8]},"faces":{"north":{"uv":[2,11,4,13],"texture":"#0"},"east":{"uv":[2,11,4,13],"texture":"#0"},"south":{"uv":[2,11,4,13],"texture":"#0"},"west":{"uv":[2,11,4,13],"texture":"#0"},"up":{"uv":[2,11,4,13],"texture":"#0"},"down":{"uv":[2,11,4,13],"texture":"#0"}}},{"from":[10.7,11.4,4.2],"to":[13.1,13.75,11.8],"rotation":{"angle":-22.5,"axis":"z","origin":[10.7,13.75,8]},"faces":{"north":{"uv":[11,7,13,9],"texture":"#0"},"east":{"uv":[11,7,13,9],"texture":"#0"},"south":{"uv":[11,7,13,9],"texture":"#0"},"west":{"uv":[11,7,13,9],"texture":"#0"},"up":{"uv":[11,7,13,9],"texture":"#0"},"down":{"uv":[11,7,13,9],"texture":"#0"}}},{"from":[8.835,11.6,4.2],"to":[10.7,13.75,11.8],"faces":{"north":{"uv":[11,7,13,9],"texture":"#0"},"east":{"uv":[11,7,13,9],"texture":"#0"},"south":{"uv":[11,7,13,9],"texture":"#0"},"west":{"uv":[11,7,13,9],"texture":"#0"},"up":{"uv":[11,7,13,9],"texture":"#0"},"down":{"uv":[11,7,13,9],"texture":"#0"}}},{"from":[7.5,12.65,5.2],"to":[8.944,13.2,10.8],"rotation":{"angle":22.5,"axis":"z","origin":[7.5,13.2,8]},"faces":{"north":{"uv":[11,7,13,9],"texture":"#0"},"east":{"uv":[11,7,13,9],"texture":"#0"},"south":{"uv":[11,7,13,9],"texture":"#0"},"west":{"uv":[11,7,13,9],"texture":"#0"},"up":{"uv":[11,7,13,9],"texture":"#0"},"down":{"uv":[11,7,13,9],"texture":"#0"}}},{"from":[7.5,12,5.2],"to":[9.1,13.2,10.8],"faces":{"north":{"uv":[11,7,13,9],"texture":"#0"},"east":{"uv":[11,7,13,9],"texture":"#0"},"south":{"uv":[11,7,13,9],"texture":"#0"},"west":{"uv":[11,7,13,9],"texture":"#0"},"up":{"uv":[11,7,13,9],"texture":"#0"},"down":{"uv":[11,7,13,9],"texture":"#0"}}},{"from":[9.3,8.7,5.1],"to":[9.55,12.05,10.9],"rotation":{"angle":22.5,"axis":"z","origin":[7.5,12.05,6.5]},"faces":{"north":{"uv":[2,11,4,13],"texture":"#0"},"east":{"uv":[2,11,4,13],"texture":"#0"},"south":{"uv":[2,11,4,13],"texture":"#0"},"west":{"uv":[2,11,4,13],"texture":"#0"},"up":{"uv":[2,11,4,13],"texture":"#0"},"down":{"uv":[2,11,4,13],"texture":"#0"}}},{"from":[7.5,8.2,4.2],"to":[9.5,12.05,11.8],"rotation":{"angle":22.5,"axis":"z","origin":[7.5,12.05,6.5]},"faces":{"north":{"uv":[11,7,13,9],"texture":"#0"},"east":{"uv":[11,7,13,9],"texture":"#0"},"south":{"uv":[11,7,13,9],"texture":"#0"},"west":{"uv":[11,7,13,9],"texture":"#0"},"up":{"uv":[11,7,13,9],"texture":"#0"},"down":{"uv":[11,7,13,9],"texture":"#0"}}},{"from":[18.1,4.1,5.3],"to":[19.1,5.5,5.35],"rotation":{"angle":-22.5,"axis":"z","origin":[18.1,5.1,5.3]},"faces":{"north":{"uv":[0.5,0.5,7,6.5],"rotation":180,"texture":"#0"},"south":{"uv":[0.5,0.5,7,6.5],"rotation":180,"texture":"#0"}}},{"from":[12.5,8.8,4.8],"to":[13.5,10.2,4.85],"rotation":{"angle":-45,"axis":"z","origin":[12.5,10.2,4.8]},"faces":{"north":{"uv":[0.5,0.5,7,6.5],"texture":"#0"},"south":{"uv":[0.5,0.5,7,6.5],"texture":"#0"}}},{"from":[14,6.6,4.6],"to":[15,8,4.65],"rotation":{"angle":-45,"axis":"z","origin":[14,7.6,4.6]},"faces":{"north":{"uv":[0.5,0.5,7,6.5],"rotation":180,"texture":"#0"},"south":{"uv":[0.5,0.5,7,6.5],"rotation":180,"texture":"#0"}}},{"from":[20.5,3.6,5.4],"to":[21.5,5,5.45],"faces":{"north":{"uv":[0.5,0.5,7,6.5],"texture":"#0"},"south":{"uv":[0.5,0.5,7,6.5],"texture":"#0"}}},{"from":[16.1,5.5,5.3],"to":[17.1,6.9,5.35],"rotation":{"angle":-22.5,"axis":"z","origin":[16.1,6.9,5.3]},"faces":{"north":{"uv":[0.5,0.5,7,6.5],"texture":"#0"},"south":{"uv":[0.5,0.5,7,6.5],"texture":"#0"}}},{"from":[12.5,8.8,11.15],"to":[13.5,10.2,11.2],"rotation":{"angle":-45,"axis":"z","origin":[12.5,10.2,11.2]},"faces":{"north":{"uv":[7,0.5,0.5,6.5],"texture":"#0"},"south":{"uv":[7,0.5,0.5,6.5],"texture":"#0"}}},{"from":[14,6.6,11.35],"to":[15,8,11.4],"rotation":{"angle":-45,"axis":"z","origin":[14,7.6,11.4]},"faces":{"north":{"uv":[7,0.5,0.5,6.5],"rotation":180,"texture":"#0"},"south":{"uv":[7,0.5,0.5,6.5],"rotation":180,"texture":"#0"}}},{"from":[16.1,5.5,10.65],"to":[17.1,6.9,10.7],"rotation":{"angle":-22.5,"axis":"z","origin":[16.1,6.9,10.7]},"faces":{"north":{"uv":[7,0.5,0.5,6.5],"texture":"#0"},"south":{"uv":[7,0.5,0.5,6.5],"texture":"#0"}}},{"from":[18.1,4.1,10.65],"to":[19.1,5.5,10.7],"rotation":{"angle":-22.5,"axis":"z","origin":[18.1,5.1,10.7]},"faces":{"north":{"uv":[7,0.5,0.5,6.5],"rotation":180,"texture":"#0"},"south":{"uv":[7,0.5,0.5,6.5],"rotation":180,"texture":"#0"}}},{"from":[20.5,3.6,10.55],"to":[21.5,5,10.6],"faces":{"north":{"uv":[7,0.5,0.5,6.5],"texture":"#0"},"south":{"uv":[7,0.5,0.5,6.5],"texture":"#0"}}},{"from":[4,0.5,4.65],"to":[8.4,1,7.6],"faces":{"north":{"uv":[11,1,13,3],"texture":"#0"},"east":{"uv":[11,1,13,3],"texture":"#0"},"south":{"uv":[11,1,13,3],"texture":"#0"},"west":{"uv":[11,1,13,3],"texture":"#0"},"up":{"uv":[11,1,13,3],"texture":"#0"},"down":{"uv":[11,1,13,3],"texture":"#0"}}},{"from":[3.75,0.5,4.9],"to":[8.65,1,7.35],"faces":{"north":{"uv":[11,1,13,3],"texture":"#0"},"east":{"uv":[11,1,13,3],"texture":"#0"},"south":{"uv":[11,1,13,3],"texture":"#0"},"west":{"uv":[11,1,13,3],"texture":"#0"},"up":{"uv":[11,1,13,3],"texture":"#0"},"down":{"uv":[11,1,13,3],"texture":"#0"}}},{"from":[4.25,0.5,4.4],"to":[8.15,1,7.85],"faces":{"north":{"uv":[11,1,13,3],"texture":"#0"},"east":{"uv":[11,1,13,3],"texture":"#0"},"south":{"uv":[11,1,13,3],"texture":"#0"},"west":{"uv":[11,1,13,3],"texture":"#0"},"up":{"uv":[11,1,13,3],"texture":"#0"},"down":{"uv":[11,1,13,3],"texture":"#0"}}},{"from":[4.45,9.5,11.8],"to":[6.4,9.7,15],"rotation":{"angle":45,"axis":"x","origin":[6.3,9.7,11.8]},"faces":{"north":{"uv":[11,7,13,9],"texture":"#0"},"east":{"uv":[11,7,13,9],"texture":"#0"},"south":{"uv":[11,7,13,9],"texture":"#0"},"west":{"uv":[11,7,13,9],"texture":"#0"},"up":{"uv":[11,7,13,9],"texture":"#0"},"down":{"uv":[11,7,13,9],"texture":"#0"}}},{"from":[4.65,9.5,8.8],"to":[6.2,9.7,11.8],"rotation":{"angle":22.5,"axis":"x","origin":[6.3,9.7,11.8]},"faces":{"north":{"uv":[11,7,13,9],"texture":"#0"},"east":{"uv":[11,7,13,9],"texture":"#0"},"south":{"uv":[11,7,13,9],"texture":"#0"},"west":{"uv":[11,7,13,9],"texture":"#0"},"up":{"uv":[11,7,13,9],"texture":"#0"},"down":{"uv":[11,7,13,9],"texture":"#0"}}},{"from":[4.8,3.6,6.85],"to":[7.1,4.35,9.15],"faces":{"north":{"uv":[11,1,13,3],"texture":"#0"},"east":{"uv":[11,1,13,3],"texture":"#0"},"south":{"uv":[11,1,13,3],"texture":"#0"},"west":{"uv":[11,1,13,3],"texture":"#0"},"up":{"uv":[11,1,13,3],"texture":"#0"},"down":{"uv":[11,1,13,3],"texture":"#0"}}},{"from":[4.4,0.8,6.15],"to":[7.6,3.65,7.9],"faces":{"north":{"uv":[11,1,13,3],"texture":"#0"},"east":{"uv":[11,1,13,3],"texture":"#0"},"south":{"uv":[11,1,13,3],"texture":"#0"},"west":{"uv":[11,1,13,3],"texture":"#0"},"up":{"uv":[11,1,13,3],"texture":"#0"},"down":{"uv":[11,1,13,3],"texture":"#0"}}},{"from":[3.25,1.85,6.15],"to":[8.95,3.65,6.2],"rotation":{"angle":45,"axis":"x","origin":[6,3.65,6.15]},"faces":{"north":{"uv":[1,0.5,14.5,4.5],"texture":"#3"},"south":{"uv":[14.5,0.5,1,4.5],"texture":"#3"}}},{"from":[3.25,0.376,4.877],"to":[8.95,2.376,4.927],"rotation":{"angle":22.5,"axis":"x","origin":[3.75,2.376,4.877]},"faces":{"north":{"uv":[1,4.5,14.5,10.5],"texture":"#3"},"south":{"uv":[14.5,4.5,1,10.5],"texture":"#3"}}},{"from":[5.4,3.65,8.7],"to":[6.6,6.3,9.7],"rotation":{"angle":-22.5,"axis":"x","origin":[5.9,3.65,9.7]},"faces":{"north":{"uv":[11,1,13,3],"texture":"#0"},"east":{"uv":[11,1,13,3],"texture":"#0"},"south":{"uv":[11,1,13,3],"texture":"#0"},"west":{"uv":[11,1,13,3],"texture":"#0"},"up":{"uv":[11,1,13,3],"texture":"#0"},"down":{"uv":[11,1,13,3],"texture":"#0"}}},{"from":[5.4,3.65,6.3],"to":[6.6,6.3,7.3],"rotation":{"angle":22.5,"axis":"x","origin":[5.9,3.65,6.3]},"faces":{"north":{"uv":[11,1,13,3],"texture":"#0"},"east":{"uv":[11,1,13,3],"texture":"#0"},"south":{"uv":[11,1,13,3],"texture":"#0"},"west":{"uv":[11,1,13,3],"texture":"#0"},"up":{"uv":[11,1,13,3],"texture":"#0"},"down":{"uv":[11,1,13,3],"texture":"#0"}}},{"from":[4.4,0.8,8.1],"to":[7.6,3.65,9.85],"faces":{"north":{"uv":[11,1,13,3],"texture":"#0"},"east":{"uv":[11,1,13,3],"texture":"#0"},"south":{"uv":[11,1,13,3],"texture":"#0"},"west":{"uv":[11,1,13,3],"texture":"#0"},"up":{"uv":[11,1,13,3],"texture":"#0"},"down":{"uv":[11,1,13,3],"texture":"#0"}}},{"from":[3.05,0.5,8.0875],"to":[8.95,3.6,8.15],"faces":{"north":{"uv":[1,0.5,14.5,10.5],"texture":"#3"},"south":{"uv":[14.5,0.5,1,10.5],"texture":"#3"}}},{"from":[4.4,0.25,8.1],"to":[4.45,3.65,11.95],"rotation":{"angle":-22.5,"axis":"z","origin":[4.4,3.65,10]},"faces":{"east":{"uv":[1,0.5,8,10.5],"texture":"#3"},"west":{"uv":[8,0.5,1,10.5],"texture":"#3"}}},{"from":[3.25,0.376,11.073],"to":[8.95,2.376,11.123],"rotation":{"angle":-22.5,"axis":"x","origin":[3.75,2.376,11.123]},"faces":{"north":{"uv":[1,4.5,14.5,10.5],"texture":"#3"},"south":{"uv":[14.5,4.5,1,10.5],"texture":"#3"}}},{"from":[3.25,1.85,9.8],"to":[8.95,3.65,9.85],"rotation":{"angle":-45,"axis":"x","origin":[6,3.65,9.85]},"faces":{"north":{"uv":[1,0.5,14.5,4.5],"texture":"#3"},"south":{"uv":[14.5,0.5,1,4.5],"texture":"#3"}}},{"from":[7.55,0.25,8.05],"to":[7.6,3.65,11.95],"rotation":{"angle":22.5,"axis":"z","origin":[7.55,3.65,10]},"faces":{"east":{"uv":[1,0.5,8,10.5],"texture":"#3"},"west":{"uv":[8,0.5,1,10.5],"texture":"#3"}}},{"from":[5.5,5.5,8.7],"to":[6.5,6.2,9.7],"rotation":{"angle":22.5,"axis":"x","origin":[5.5,6.4,8.7]},"faces":{"north":{"uv":[11,1,13,3],"texture":"#0"},"east":{"uv":[11,1,13,3],"texture":"#0"},"south":{"uv":[11,1,13,3],"texture":"#0"},"west":{"uv":[11,1,13,3],"texture":"#0"},"up":{"uv":[11,1,13,3],"texture":"#0"},"down":{"uv":[11,1,13,3],"texture":"#0"}}},{"from":[5.3,5.4,9.7],"to":[6.7,6.3,10.9],"rotation":{"angle":22.5,"axis":"x","origin":[5.5,6.4,8.7]},"faces":{"north":{"uv":[11,1,13,3],"texture":"#0"},"east":{"uv":[11,1,13,3],"texture":"#0"},"south":{"uv":[11,1,13,3],"texture":"#0"},"west":{"uv":[11,1,13,3],"texture":"#0"},"up":{"uv":[11,1,13,3],"texture":"#0"},"down":{"uv":[11,1,13,3],"texture":"#0"}}},{"from":[5.2,5.4,10.9],"to":[6.8,6.3,13.3],"rotation":{"angle":22.5,"axis":"x","origin":[5.5,6.4,8.7]},"faces":{"north":{"uv":[11,1,13,3],"texture":"#0"},"east":{"uv":[12,4,9.5,9.5],"rotation":270,"texture":"#2"},"south":{"uv":[11,7,13,9],"texture":"#0"},"west":{"uv":[12,4,9.5,9.5],"rotation":90,"texture":"#2"},"up":{"uv":[11.5,9.5,15,4],"texture":"#2"},"down":{"uv":[11.5,4,15,9.5],"texture":"#2"}}},{"from":[5.2,5.5,13.3],"to":[6.8,6.2,13.7],"rotation":{"angle":22.5,"axis":"x","origin":[5.5,6.4,8.7]},"faces":{"north":{"uv":[11,7,13,9],"texture":"#0"},"east":{"uv":[11,7,13,9],"texture":"#0"},"south":{"uv":[11,7,13,9],"texture":"#0"},"west":{"uv":[11,7,13,9],"texture":"#0"},"up":{"uv":[11,7,13,9],"texture":"#0"},"down":{"uv":[11,7,13,9],"texture":"#0"}}},{"from":[5.2,5.83,13.7],"to":[6.8,5.88,14.6],"rotation":{"angle":22.5,"axis":"x","origin":[5.5,6.4,8.7]},"faces":{"up":{"uv":[0,0.5,8,15],"rotation":90,"texture":"#2"},"down":{"uv":[0,0.5,8,15],"rotation":270,"texture":"#2"}}}],"display":{"thirdperson_righthand":{"scale":[0,0,0]},"thirdperson_lefthand":{"scale":[0,0,0]},"firstperson_righthand":{"scale":[0,0,0]},"firstperson_lefthand":{"scale":[0,0,0]},"gui":{"rotation":[30,50,0],"translation":[-2.5,1,0],"scale":[0.8,0.8,0.8]},"head":{"rotation":[0,-90,0],"translation":[0,-27,-2],"scale":[2,2,2]}}}