{"credit":"Made by Demons using Blockbench","textures":{"0":"pokemon_skins/regular/manectric/manectric","1":"pokemon_skins/regular/manectric/paw","2":"pokemon_skins/regular/manectric/fur"},"elements":[{"from":[-1.375,10.985,7],"to":[-0.975,11.635,9],"rotation":{"angle":-45,"axis":"z","origin":[-1.375,10.985,8]},"faces":{"north":{"uv":[9,13,11,15],"texture":"#0"},"east":{"uv":[9,13,11,15],"texture":"#0"},"south":{"uv":[9,13,11,15],"texture":"#0"},"west":{"uv":[9,13,11,15],"texture":"#0"},"down":{"uv":[9,13,11,15],"texture":"#0"}}},{"from":[-1.6,11.1,7.5],"to":[1.4,11.6,8.5],"rotation":{"angle":22.5,"axis":"z","origin":[-1.6,11.4,7.5]},"faces":{"north":{"uv":[9,9,11,11],"texture":"#0"},"east":{"uv":[9,9,11,11],"texture":"#0"},"south":{"uv":[9,9,11,11],"texture":"#0"},"west":{"uv":[9,9,11,11],"texture":"#0"},"up":{"uv":[9,9,11,11],"texture":"#0"},"down":{"uv":[9,9,11,11],"texture":"#0"}}},{"from":[-1,11,7],"to":[1.5,11.6,9],"faces":{"north":{"uv":[9,13,11,15],"texture":"#0"},"east":{"uv":[9,13,11,15],"texture":"#0"},"south":{"uv":[9,13,11,15],"texture":"#0"},"down":{"uv":[9,13,11,15],"texture":"#0"}}},{"from":[-0.9,10.9,7.2],"to":[1.5,11,8.8],"faces":{"north":{"uv":[2,12,4,14],"texture":"#0"},"east":{"uv":[2,12,4,14],"texture":"#0"},"south":{"uv":[2,12,4,14],"texture":"#0"}}},{"from":[-0.9,10.5,7.2],"to":[1.5,10.9,8.8],"faces":{"north":{"uv":[9,13,11,15],"texture":"#0"},"east":{"uv":[9,13,11,15],"texture":"#0"},"south":{"uv":[9,13,11,15],"texture":"#0"},"west":{"uv":[9,13,11,15],"texture":"#0"},"down":{"uv":[9,13,11,15],"texture":"#0"}}},{"from":[2.7,11.35,5.6],"to":[4.6,13.5,6.6],"rotation":{"angle":22.5,"axis":"z","origin":[3.65,12.05,6]},"faces":{"north":{"uv":[9,9,11,11],"texture":"#0"},"east":{"uv":[9,9,11,11],"texture":"#0"},"south":{"uv":[9,9,11,11],"texture":"#0"},"west":{"uv":[9,9,11,11],"texture":"#0"},"up":{"uv":[9,9,11,11],"texture":"#0"},"down":{"uv":[9,9,11,11],"texture":"#0"}}},{"from":[3,10.5,5.8],"to":[4.9,13.1,7],"rotation":{"angle":-22.5,"axis":"x","origin":[4,10.5,5.8]},"faces":{"north":{"uv":[9,9,11,11],"texture":"#0"},"east":{"uv":[9,9,11,11],"texture":"#0"},"south":{"uv":[9,9,11,11],"texture":"#0"},"west":{"uv":[9,9,11,11],"texture":"#0"},"up":{"uv":[9,9,11,11],"texture":"#0"}}},{"from":[2.7,12.6,5.9],"to":[4.65,15.05,6.53],"rotation":{"angle":22.5,"axis":"x","origin":[3.7,14.4,6.7]},"faces":{"north":{"uv":[9,9,11,11],"texture":"#0"},"east":{"uv":[9,9,11,11],"texture":"#0"},"south":{"uv":[9,9,11,11],"texture":"#0"},"west":{"uv":[9,9,11,11],"texture":"#0"},"up":{"uv":[9,9,11,11],"texture":"#0"},"down":{"uv":[9,9,11,11],"texture":"#0"}}},{"from":[3,12.902,4.805],"to":[4.9,15.002,5.355],"rotation":{"angle":45,"axis":"x","origin":[4,12.902,4.805]},"faces":{"north":{"uv":[9,9,11,11],"texture":"#0"},"east":{"uv":[9,9,11,11],"texture":"#0"},"south":{"uv":[9,9,11,11],"texture":"#0"},"west":{"uv":[9,9,11,11],"texture":"#0"},"up":{"uv":[9,9,11,11],"texture":"#0"},"down":{"uv":[9,9,11,11],"texture":"#0"}}},{"from":[3.1,12.902,4.805],"to":[4.25,16.602,5.355],"rotation":{"angle":22.5,"axis":"x","origin":[4,12.902,4.805]},"faces":{"north":{"uv":[9,9,11,11],"texture":"#0"},"east":{"uv":[9,9,11,11],"texture":"#0"},"south":{"uv":[9,9,11,11],"texture":"#0"},"west":{"uv":[9,9,11,11],"texture":"#0"},"up":{"uv":[9,9,11,11],"texture":"#0"}}},{"from":[4.9,10.5,5.8],"to":[7.45,12.4,10.2],"rotation":{"angle":45,"axis":"z","origin":[4.9,10.5,8]},"faces":{"north":{"uv":[9,9,11,11],"texture":"#0"},"east":{"uv":[9,9,11,11],"texture":"#0"},"south":{"uv":[9,9,11,11],"texture":"#0"},"west":{"uv":[9,9,11,11],"texture":"#0"},"up":{"uv":[9,9,11,11],"texture":"#0"},"down":{"uv":[9,9,11,11],"texture":"#0"}}},{"from":[1,12.65,6.8],"to":[2.75,13.65,9.2],"faces":{"north":{"uv":[9,9,11,11],"texture":"#0"},"south":{"uv":[9,9,11,11],"texture":"#0"},"west":{"uv":[9,9,11,11],"texture":"#0"},"up":{"uv":[9,9,11,11],"texture":"#0"},"down":{"uv":[9,9,11,11],"texture":"#0"}}},{"from":[1,12.65,6.8],"to":[3.7,13.65,7.8],"rotation":{"angle":45,"axis":"y","origin":[1,12.95,6.8]},"faces":{"north":{"uv":[9,9,11,11],"texture":"#0"},"east":{"uv":[9,9,11,11],"texture":"#0"},"south":{"uv":[9,9,11,11],"texture":"#0"},"up":{"uv":[9,9,11,11],"texture":"#0"},"down":{"uv":[9,9,11,11],"texture":"#0"}}},{"from":[3.3,11.6,6.2],"to":[4,16.8,6.8],"rotation":{"angle":22.5,"axis":"z","origin":[3.3,16.8,6.2]},"faces":{"north":{"uv":[9,9,11,11],"texture":"#0"},"east":{"uv":[9,9,11,11],"texture":"#0"},"south":{"uv":[9,9,11,11],"texture":"#0"},"west":{"uv":[9,9,11,11],"texture":"#0"},"up":{"uv":[9,9,11,11],"texture":"#0"}}},{"from":[3.3,13.35,6.5],"to":[4.3,16.25,9.4],"rotation":{"angle":-22.5,"axis":"z","origin":[3.3,16.25,8]},"faces":{"north":{"uv":[9,9,11,11],"texture":"#0"},"east":{"uv":[9,9,11,11],"texture":"#0"},"south":{"uv":[9,9,11,11],"texture":"#0"},"west":{"uv":[9,9,11,11],"texture":"#0"}}},{"from":[3.3,13.3,6.2],"to":[4.2,16.8,6.8],"rotation":{"angle":-22.5,"axis":"z","origin":[3.3,16.8,6.2]},"faces":{"north":{"uv":[9,9,11,11],"texture":"#0"},"east":{"uv":[9,9,11,11],"texture":"#0"},"south":{"uv":[9,9,11,11],"texture":"#0"},"west":{"uv":[9,9,11,11],"texture":"#0"},"down":{"uv":[9,9,11,11],"texture":"#0"}}},{"from":[3.3,16,7],"to":[4.1,17.4,9],"faces":{"north":{"uv":[9,9,11,11],"texture":"#0"},"east":{"uv":[9,9,11,11],"texture":"#0"},"south":{"uv":[9,9,11,11],"texture":"#0"}}},{"from":[3.4,13.1,7],"to":[4.1,18.1,9],"rotation":{"angle":-22.5,"axis":"z","origin":[3.4,18.1,8]},"faces":{"north":{"uv":[9,9,11,11],"texture":"#0"},"south":{"uv":[9,9,11,11],"texture":"#0"},"west":{"uv":[9,9,11,11],"texture":"#0"}}},{"from":[3.3,17.9,7.5],"to":[3.9,18.6,8.5],"faces":{"north":{"uv":[9,9,11,11],"texture":"#0"},"south":{"uv":[9,9,11,11],"texture":"#0"}}},{"from":[3.3,13.19,7.5],"to":[3.9,19.2,8.5],"rotation":{"angle":-22.5,"axis":"z","origin":[3.3,19.2,8]},"faces":{"north":{"uv":[9,9,11,11],"texture":"#0"},"south":{"uv":[9,9,11,11],"texture":"#0"},"west":{"uv":[9,9,11,11],"texture":"#0"}}},{"from":[3.4,11.6,7],"to":[3.9,18.1,9],"rotation":{"angle":22.5,"axis":"z","origin":[3.4,18.1,8]},"faces":{"north":{"uv":[9,9,11,11],"texture":"#0"},"east":{"uv":[9,9,11,11],"texture":"#0"},"south":{"uv":[9,9,11,11],"texture":"#0"},"west":{"uv":[9,9,11,11],"texture":"#0"},"up":{"uv":[9,9,11,11],"texture":"#0"}}},{"from":[3.3,11.52,7.5],"to":[3.8,19.2,8.5],"rotation":{"angle":22.5,"axis":"z","origin":[3.3,19.2,8]},"faces":{"north":{"uv":[9,9,11,11],"texture":"#0"},"east":{"uv":[9,9,11,11],"texture":"#0"},"south":{"uv":[9,9,11,11],"texture":"#0"},"up":{"uv":[9,9,11,11],"texture":"#0"},"down":{"uv":[9,9,11,11],"texture":"#0"}}},{"from":[1.2,12.1,8.8],"to":[2.9,12.7,8.8],"rotation":{"angle":-45,"axis":"y","origin":[1.1,11.8,8.8]},"faces":{"south":{"uv":[2,1.5,15.5,7],"texture":"#0"}}},{"from":[1.2,12.1,7.2],"to":[2.9,12.7,7.2],"rotation":{"angle":45,"axis":"y","origin":[1.1,11.8,7.2]},"faces":{"north":{"uv":[15.5,1.5,2,7],"texture":"#0"}}},{"from":[0.6,10.5,9],"to":[2.4,13,10],"rotation":{"angle":-45,"axis":"y","origin":[2.4,11,10]},"faces":{"north":{"uv":[9,13,11,15],"texture":"#0"},"east":{"uv":[9,13,11,15],"texture":"#0"},"south":{"uv":[9,13,11,15],"texture":"#0"},"west":{"uv":[9,13,11,15],"texture":"#0"},"up":{"uv":[9,13,11,15],"texture":"#0"},"down":{"uv":[9,13,11,15],"texture":"#0"}}},{"from":[1.5,10.48,5.95],"to":[2.4,10.9,6.95],"rotation":{"angle":45,"axis":"y","origin":[2.4,10.98,5.95]},"faces":{"north":{"uv":[9,9,11,11],"texture":"#0"},"down":{"uv":[9,9,11,11],"texture":"#0"}}},{"from":[1.5,10.9,5.95],"to":[2.4,11.9,6.95],"rotation":{"angle":45,"axis":"y","origin":[2.4,11,5.95]},"faces":{"north":{"uv":[0.5,6,14,8],"rotation":270,"texture":"#1"}}},{"from":[0.6,10.5,6],"to":[2.4,13,7],"rotation":{"angle":45,"axis":"y","origin":[2.4,11,6]},"faces":{"north":{"uv":[9,13,11,15],"texture":"#0"},"east":{"uv":[9,13,11,15],"texture":"#0"},"south":{"uv":[9,13,11,15],"texture":"#0"},"west":{"uv":[9,13,11,15],"texture":"#0"},"up":{"uv":[9,13,11,15],"texture":"#0"},"down":{"uv":[9,13,11,15],"texture":"#0"}}},{"from":[2.4,10.48,5.95],"to":[3,10.9,6.95],"faces":{"north":{"uv":[9,9,11,11],"texture":"#0"},"down":{"uv":[9,9,11,11],"texture":"#0"}}},{"from":[2.4,10.9,5.95],"to":[3,11.9,6.95],"faces":{"north":{"uv":[0.5,5.5,16,6.5],"rotation":270,"texture":"#1"}}},{"from":[2.4,10.5,6],"to":[3,13,10],"faces":{"north":{"uv":[9,13,11,15],"texture":"#0"},"east":{"uv":[9,13,11,15],"texture":"#0"},"south":{"uv":[9,13,11,15],"texture":"#0"},"west":{"uv":[9,13,11,15],"texture":"#0"},"down":{"uv":[9,9,11,11],"texture":"#0"}}},{"from":[-0.1,10.5,7],"to":[1.3,11.3,9],"rotation":{"angle":22.5,"axis":"z","origin":[-1.2,11.6,7]},"faces":{"north":{"uv":[9,13,11,15],"texture":"#0"},"east":{"uv":[9,13,11,15],"texture":"#0"},"south":{"uv":[9,13,11,15],"texture":"#0"},"down":{"uv":[9,13,11,15],"texture":"#0"}}},{"from":[-1.6,11.1,7],"to":[1.3,11.6,9],"rotation":{"angle":22.5,"axis":"z","origin":[-1.2,11.6,7]},"faces":{"north":{"uv":[9,13,11,15],"texture":"#0"},"east":{"uv":[9,13,11,15],"texture":"#0"},"south":{"uv":[9,13,11,15],"texture":"#0"},"west":{"uv":[9,13,11,15],"texture":"#0"},"up":{"uv":[9,13,11,15],"texture":"#0"},"down":{"uv":[9,13,11,15],"texture":"#0"}}},{"from":[3.3,11.55,6.4],"to":[4.1,16.25,9.4],"rotation":{"angle":22.5,"axis":"z","origin":[3.3,16.25,8.5]},"faces":{"north":{"uv":[9,9,11,11],"texture":"#0"},"east":{"uv":[9,9,11,11],"texture":"#0"},"south":{"uv":[9,9,11,11],"texture":"#0"},"west":{"uv":[9,9,11,11],"texture":"#0"},"up":{"uv":[9,9,11,11],"texture":"#0"}}},{"from":[1,12.65,8.2],"to":[3.7,13.65,9.2],"rotation":{"angle":-45,"axis":"y","origin":[1,12.95,9.2]},"faces":{"north":{"uv":[9,9,11,11],"texture":"#0"},"east":{"uv":[9,9,11,11],"texture":"#0"},"south":{"uv":[9,9,11,11],"texture":"#0"},"up":{"uv":[9,9,11,11],"texture":"#0"},"down":{"uv":[9,9,11,11],"texture":"#0"}}},{"from":[2.7,12.6,9.47],"to":[4.65,15.05,10.1],"rotation":{"angle":-22.5,"axis":"x","origin":[3.7,14.4,9.3]},"faces":{"north":{"uv":[9,9,11,11],"texture":"#0"},"east":{"uv":[9,9,11,11],"texture":"#0"},"south":{"uv":[9,9,11,11],"texture":"#0"},"west":{"uv":[9,9,11,11],"texture":"#0"},"up":{"uv":[9,9,11,11],"texture":"#0"},"down":{"uv":[9,9,11,11],"texture":"#0"}}},{"from":[3.1,12.902,10.645],"to":[4.25,16.602,11.195],"rotation":{"angle":-22.5,"axis":"x","origin":[4,12.902,11.195]},"faces":{"north":{"uv":[9,9,11,11],"texture":"#0"},"east":{"uv":[9,9,11,11],"texture":"#0"},"south":{"uv":[9,9,11,11],"texture":"#0"},"west":{"uv":[9,9,11,11],"texture":"#0"},"up":{"uv":[9,9,11,11],"texture":"#0"}}},{"from":[3.3,13.3,9.2],"to":[4.2,16.8,9.8],"rotation":{"angle":-22.5,"axis":"z","origin":[3.3,16.8,9.8]},"faces":{"north":{"uv":[9,9,11,11],"texture":"#0"},"east":{"uv":[9,9,11,11],"texture":"#0"},"south":{"uv":[9,9,11,11],"texture":"#0"},"west":{"uv":[9,9,11,11],"texture":"#0"},"down":{"uv":[9,9,11,11],"texture":"#0"}}},{"from":[3.3,11.6,9.2],"to":[4,16.8,9.8],"rotation":{"angle":22.5,"axis":"z","origin":[3.3,16.8,9.8]},"faces":{"north":{"uv":[9,9,11,11],"texture":"#0"},"east":{"uv":[9,9,11,11],"texture":"#0"},"south":{"uv":[9,9,11,11],"texture":"#0"},"west":{"uv":[9,9,11,11],"texture":"#0"},"up":{"uv":[9,9,11,11],"texture":"#0"}}},{"from":[3,12.902,10.645],"to":[4.9,15.002,11.195],"rotation":{"angle":-45,"axis":"x","origin":[4,12.902,11.195]},"faces":{"north":{"uv":[9,9,11,11],"texture":"#0"},"east":{"uv":[9,9,11,11],"texture":"#0"},"south":{"uv":[9,9,11,11],"texture":"#0"},"west":{"uv":[9,9,11,11],"texture":"#0"},"up":{"uv":[9,9,11,11],"texture":"#0"},"down":{"uv":[9,9,11,11],"texture":"#0"}}},{"from":[3,10.5,9],"to":[4.9,13.1,10.2],"rotation":{"angle":22.5,"axis":"x","origin":[4,10.5,10.2]},"faces":{"north":{"uv":[9,9,11,11],"texture":"#0"},"east":{"uv":[9,9,11,11],"texture":"#0"},"south":{"uv":[9,9,11,11],"texture":"#0"},"west":{"uv":[9,9,11,11],"texture":"#0"},"up":{"uv":[9,9,11,11],"texture":"#0"}}},{"from":[2.4,10.9,9.05],"to":[3,11.9,10.05],"faces":{"south":{"uv":[16,5.5,0.5,6.5],"rotation":90,"texture":"#1"}}},{"from":[2.4,10.48,9.05],"to":[3,10.9,10.05],"faces":{"south":{"uv":[9,9,11,11],"texture":"#0"},"down":{"uv":[9,9,11,11],"texture":"#0"}}},{"from":[1.5,10.9,9.05],"to":[2.4,11.9,10.05],"rotation":{"angle":-45,"axis":"y","origin":[2.4,11,10.05]},"faces":{"south":{"uv":[14,6,0.5,8],"rotation":90,"texture":"#1"}}},{"from":[1.5,10.48,9.05],"to":[2.4,10.9,10.05],"rotation":{"angle":-45,"axis":"y","origin":[2.4,10.98,10.05]},"faces":{"south":{"uv":[9,9,11,11],"texture":"#0"},"down":{"uv":[9,9,11,11],"texture":"#0"}}},{"from":[11.2,7,5.3],"to":[13.7,7.4,6],"rotation":{"angle":22.5,"axis":"z","origin":[13.7,7.4,5]},"faces":{"north":{"uv":[9,9,11,11],"texture":"#0"},"east":{"uv":[9,9,11,11],"texture":"#0"},"south":{"uv":[9,9,11,11],"texture":"#0"},"down":{"uv":[9,9,11,11],"texture":"#0"}}},{"from":[11.2,6.6,5.3],"to":[12.8,7.1,6],"faces":{"north":{"uv":[9,9,11,11],"texture":"#0"},"south":{"uv":[9,9,11,11],"texture":"#0"}}},{"from":[11.2,7,5.3],"to":[13.7,7.4,6],"faces":{"north":{"uv":[9,9,11,11],"texture":"#0"},"south":{"uv":[9,9,11,11],"texture":"#0"},"up":{"uv":[9,9,11,11],"texture":"#0"}}},{"from":[12.5,7.2,5.2],"to":[12.9,10.2,6.1],"rotation":{"angle":-22.5,"axis":"z","origin":[12.5,10.2,5.2]},"faces":{"north":{"uv":[9,9,11,11],"texture":"#0"},"east":{"uv":[9,9,11,11],"texture":"#0"},"south":{"uv":[9,9,11,11],"texture":"#0"},"up":{"uv":[9,9,11,11],"texture":"#0"},"down":{"uv":[9,9,11,11],"texture":"#0"}}},{"from":[11.2,8.4,5.2],"to":[11.7,9.5,6.1],"rotation":{"angle":-22.5,"axis":"z","origin":[11.35,8.05,5.65]},"faces":{"north":{"uv":[9,9,11,11],"texture":"#0"},"south":{"uv":[9,9,11,11],"texture":"#0"}}},{"from":[10.9,7.5,5.2],"to":[11.7,8.6,6.1],"rotation":{"angle":-22.5,"axis":"z","origin":[11.35,8.05,5.65]},"faces":{"north":{"uv":[9,9,11,11],"texture":"#0"},"south":{"uv":[9,9,11,11],"texture":"#0"}}},{"from":[9.5,9.8,5.2],"to":[12.5,10.2,6.1],"rotation":{"angle":45,"axis":"z","origin":[12.5,10.2,5.2]},"faces":{"north":{"uv":[9,9,11,11],"texture":"#0"},"south":{"uv":[9,9,11,11],"texture":"#0"},"up":{"uv":[9,9,11,11],"texture":"#0"}}},{"from":[7.1,5.8,4.75],"to":[9.221,7.4,6.4],"rotation":{"angle":-45,"axis":"z","origin":[7.1,5.8,5]},"faces":{"north":{"uv":[9,9,11,11],"texture":"#0"},"east":{"uv":[9,9,11,11],"texture":"#0"},"south":{"uv":[9,9,11,11],"texture":"#0"},"down":{"uv":[9,9,11,11],"texture":"#0"}}},{"from":[10.3,4.3,4.75],"to":[12.421,5.9,6.4],"rotation":{"angle":45,"axis":"z","origin":[10.3,4.3,6]},"faces":{"north":{"uv":[9,9,11,11],"texture":"#0"},"east":{"uv":[9,9,11,11],"texture":"#0"},"south":{"uv":[9,9,11,11],"texture":"#0"},"down":{"uv":[9,9,11,11],"texture":"#0"}}},{"from":[8.6,4.3,4.75],"to":[10.3,8.6,6.4],"faces":{"north":{"uv":[9,9,11,11],"texture":"#0"},"south":{"uv":[9,9,11,11],"texture":"#0"},"west":{"uv":[9,9,11,11],"texture":"#0"},"up":{"uv":[9,9,11,11],"texture":"#0"},"down":{"uv":[9,9,11,11],"texture":"#0"}}},{"from":[10.3,7.1,4.75],"to":[12.421,8.6,6.4],"rotation":{"angle":-45,"axis":"z","origin":[10.3,8.6,6]},"faces":{"north":{"uv":[9,9,11,11],"texture":"#0"},"east":{"uv":[9,9,11,11],"texture":"#0"},"south":{"uv":[9,9,11,11],"texture":"#0"},"up":{"uv":[9,9,11,11],"texture":"#0"}}},{"from":[7.1,5.8,4.75],"to":[11.8,7.1,6.4],"faces":{"north":{"uv":[9,9,11,11],"texture":"#0"},"east":{"uv":[9,9,11,11],"texture":"#0"},"south":{"uv":[9,9,11,11],"texture":"#0"},"west":{"uv":[9,9,11,11],"texture":"#0"},"up":{"uv":[9,9,11,11],"texture":"#0"},"down":{"uv":[9,9,11,11],"texture":"#0"}}},{"from":[7.1,5.4,4.75],"to":[9.221,7.1,6.4],"rotation":{"angle":45,"axis":"z","origin":[7.1,7.1,6]},"faces":{"north":{"uv":[9,9,11,11],"texture":"#0"},"east":{"uv":[9,9,11,11],"texture":"#0"},"south":{"uv":[9,9,11,11],"texture":"#0"},"up":{"uv":[9,9,11,11],"texture":"#0"}}},{"from":[10.1,8,4.9],"to":[10.5,12.1,6.3],"rotation":{"angle":-22.5,"axis":"z","origin":[10.1,12.1,5.6]},"faces":{"north":{"uv":[9,9,11,11],"texture":"#0"},"east":{"uv":[9,9,11,11],"texture":"#0"},"south":{"uv":[9,9,11,11],"texture":"#0"},"west":{"uv":[9,9,11,11],"texture":"#0"}}},{"from":[9.7,10.2,4.9],"to":[10.1,11.1,6.3],"faces":{"north":{"uv":[9,9,11,11],"texture":"#0"},"south":{"uv":[9,9,11,11],"texture":"#0"}}},{"from":[9.08,7.5,4.9],"to":[9.58,9.6,6.3],"faces":{"north":{"uv":[9,9,11,11],"texture":"#0"},"south":{"uv":[9,9,11,11],"texture":"#0"},"up":{"uv":[9,9,11,11],"texture":"#0"}}},{"from":[9.5,7.5,4.9],"to":[10.1,10.3,6.3],"faces":{"north":{"uv":[9,9,11,11],"texture":"#0"},"south":{"uv":[9,9,11,11],"texture":"#0"},"west":{"uv":[9,9,11,11],"texture":"#0"}}},{"from":[10.1,7.5,4.9],"to":[10.5,12.1,6.3],"faces":{"north":{"uv":[9,9,11,11],"texture":"#0"},"east":{"uv":[9,9,11,11],"texture":"#0"},"south":{"uv":[9,9,11,11],"texture":"#0"},"up":{"uv":[9,9,11,11],"texture":"#0"}}},{"from":[7.6,8.9,5.1],"to":[8,9.8,6.1],"faces":{"north":{"uv":[9,9,11,11],"texture":"#0"},"south":{"uv":[9,9,11,11],"texture":"#0"}}},{"from":[7.6,7.1,5.1],"to":[8.3,9.1,6.1],"faces":{"north":{"uv":[9,9,11,11],"texture":"#0"},"south":{"uv":[9,9,11,11],"texture":"#0"}}},{"from":[7.3,7.1,5.1],"to":[7.7,10.7,6.1],"faces":{"north":{"uv":[9,9,11,11],"texture":"#0"},"south":{"uv":[9,9,11,11],"texture":"#0"},"west":{"uv":[9,9,11,11],"texture":"#0"}}},{"from":[7.3,7.3,5.1],"to":[7.7,10.7,6.1],"rotation":{"angle":22.5,"axis":"z","origin":[7.3,10.7,5.1]},"faces":{"north":{"uv":[9,9,11,11],"texture":"#0"},"east":{"uv":[9,9,11,11],"texture":"#0"},"south":{"uv":[9,9,11,11],"texture":"#0"},"up":{"uv":[9,9,11,11],"texture":"#0"}}},{"from":[8.82,5.01,4.5],"to":[10.01,8.02,6.6],"faces":{"north":{"uv":[9,9,11,11],"texture":"#0"},"south":{"uv":[9,9,11,11],"texture":"#0"},"west":{"uv":[9,9,11,11],"texture":"#0"},"up":{"uv":[9,9,11,11],"texture":"#0"},"down":{"uv":[9,9,11,11],"texture":"#0"}}},{"from":[7.77,6.06,4.5],"to":[9.2547,7.18,6.6],"rotation":{"angle":-45,"axis":"z","origin":[7.77,6.06,4.85]},"faces":{"north":{"uv":[9,9,11,11],"texture":"#0"},"east":{"uv":[9,9,11,11],"texture":"#0"},"south":{"uv":[9,9,11,11],"texture":"#0"},"down":{"uv":[9,9,11,11],"texture":"#0"}}},{"from":[7.77,6.06,4.5],"to":[11.06,6.97,6.6],"faces":{"north":{"uv":[9,9,11,11],"texture":"#0"},"east":{"uv":[9,9,11,11],"texture":"#0"},"south":{"uv":[9,9,11,11],"texture":"#0"},"west":{"uv":[9,9,11,11],"texture":"#0"},"up":{"uv":[9,9,11,11],"texture":"#0"},"down":{"uv":[9,9,11,11],"texture":"#0"}}},{"from":[7.77,5.78,4.5],"to":[9.2547,6.97,6.6],"rotation":{"angle":45,"axis":"z","origin":[7.77,6.97,5.55]},"faces":{"north":{"uv":[9,9,11,11],"texture":"#0"},"east":{"uv":[9,9,11,11],"texture":"#0"},"south":{"uv":[9,9,11,11],"texture":"#0"},"up":{"uv":[9,9,11,11],"texture":"#0"}}},{"from":[10.01,6.97,4.5],"to":[11.4947,8.02,6.6],"rotation":{"angle":-45,"axis":"z","origin":[10.01,8.02,5.55]},"faces":{"north":{"uv":[9,9,11,11],"texture":"#0"},"east":{"uv":[9,9,11,11],"texture":"#0"},"south":{"uv":[9,9,11,11],"texture":"#0"},"up":{"uv":[9,9,11,11],"texture":"#0"}}},{"from":[10.01,5.01,4.5],"to":[11.4947,6.13,6.6],"rotation":{"angle":45,"axis":"z","origin":[10.01,5.01,5.55]},"faces":{"north":{"uv":[9,9,11,11],"texture":"#0"},"east":{"uv":[9,9,11,11],"texture":"#0"},"south":{"uv":[9,9,11,11],"texture":"#0"},"down":{"uv":[9,9,11,11],"texture":"#0"}}},{"from":[11.2,2.7,10.4],"to":[12.6,5.4,10.45],"faces":{"north":{"uv":[12,13,0.5,0.5],"texture":"#2"},"south":{"uv":[0.5,13,12,0.5],"texture":"#2"}}},{"from":[11.2,2.7,5.5],"to":[12.6,5.4,5.55],"faces":{"north":{"uv":[12,13,0.5,0.5],"texture":"#2"},"south":{"uv":[0.5,13,12,0.5],"texture":"#2"}}},{"from":[4.7,5.8,10.45],"to":[5.6,6.5,10.5],"rotation":{"angle":-22.5,"axis":"y","origin":[5.15,6.15,10.475]},"faces":{"north":{"uv":[8.5,10.5,0.5,7],"texture":"#2"},"south":{"uv":[0.5,10.5,8.5,7],"texture":"#2"}}},{"from":[4.7,5.8,5.5],"to":[5.6,6.5,5.55],"rotation":{"angle":22.5,"axis":"y","origin":[5.15,6.15,5.525]},"faces":{"north":{"uv":[8.5,10.5,0.5,7],"texture":"#2"},"south":{"uv":[0.5,10.5,8.5,7],"texture":"#2"}}},{"from":[0.5,6.9,8],"to":[1.6,8.8,8.05],"faces":{"north":{"uv":[0.5,0.5,12,7.25],"texture":"#2"},"south":{"uv":[12,0.5,0.5,7.25],"texture":"#2"}}},{"from":[0.9,3.6,8],"to":[1.9,5.6,8.05],"rotation":{"angle":45,"axis":"z","origin":[-0.1,5.9,8]},"faces":{"north":{"uv":[0.5,3.75,12,13],"texture":"#2"},"south":{"uv":[12,3.75,0.5,13],"texture":"#2"}}},{"from":[12.5,12.4,7.4],"to":[12.9,13.3,8.6],"faces":{"north":{"uv":[9,13,11,15],"texture":"#0"},"south":{"uv":[9,13,11,15],"texture":"#0"}}},{"from":[12.5,11.5,7.4],"to":[13.3,12.6,8.6],"faces":{"north":{"uv":[9,13,11,15],"texture":"#0"},"south":{"uv":[9,13,11,15],"texture":"#0"}}},{"from":[12.5,9.7,7.4],"to":[13.7,11.6,8.6],"faces":{"north":{"uv":[9,13,11,15],"texture":"#0"},"south":{"uv":[9,13,11,15],"texture":"#0"}}},{"from":[12.1,9.7,7.4],"to":[12.6,14.3,8.6],"faces":{"north":{"uv":[9,13,11,15],"texture":"#0"},"south":{"uv":[9,13,11,15],"texture":"#0"},"west":{"uv":[9,13,11,15],"texture":"#0"}}},{"from":[12.1,8.9,7.4],"to":[12.6,14.3,8.6],"rotation":{"angle":22.5,"axis":"z","origin":[12.1,14.3,7]},"faces":{"north":{"uv":[9,13,11,15],"texture":"#0"},"east":{"uv":[9,13,11,15],"texture":"#0"},"south":{"uv":[9,13,11,15],"texture":"#0"},"up":{"uv":[9,13,11,15],"texture":"#0"}}},{"from":[10.3,6,7],"to":[11.5,8.4,9],"faces":{"north":{"uv":[9,13,11,15],"texture":"#0"},"south":{"uv":[9,13,11,15],"texture":"#0"},"down":{"uv":[9,13,11,15],"texture":"#0"}}},{"from":[11.5,6,7],"to":[16.2,8.4,9],"rotation":{"angle":45,"axis":"z","origin":[11.5,6,8]},"faces":{"north":{"uv":[9,13,11,15],"texture":"#0"},"east":{"uv":[9,13,11,15],"texture":"#0"},"south":{"uv":[9,13,11,15],"texture":"#0"},"up":{"uv":[9,13,11,15],"texture":"#0"},"down":{"uv":[9,13,11,15],"texture":"#0"}}},{"from":[9.5,8.6,6.4],"to":[11.881,9.5,9.6],"rotation":{"angle":-22.5,"axis":"z","origin":[9.5,9.5,8]},"faces":{"north":{"uv":[9,13,11,15],"texture":"#0"},"east":{"uv":[9,13,11,15],"texture":"#0"},"south":{"uv":[9,13,11,15],"texture":"#0"},"up":{"uv":[9,13,11,15],"texture":"#0"}}},{"from":[5.3,8.3,6.4],"to":[9.5,9.5,9.6],"faces":{"north":{"uv":[9,13,11,15],"texture":"#0"},"south":{"uv":[9,13,11,15],"texture":"#0"},"up":{"uv":[9,13,11,15],"texture":"#0"}}},{"from":[4.8,7.9,6.6],"to":[8,9.7,9.4],"rotation":{"angle":-22.5,"axis":"z","origin":[6.2,9.3,8]},"faces":{"north":{"uv":[9,13,11,15],"texture":"#0"},"south":{"uv":[9,13,11,15],"texture":"#0"},"west":{"uv":[9,13,11,15],"texture":"#0"},"up":{"uv":[9,13,11,15],"texture":"#0"}}},{"from":[1.5,9.4,6.7],"to":[5.5,9.9,9.4],"faces":{"north":{"uv":[9,13,11,15],"texture":"#0"},"south":{"uv":[9,13,11,15],"texture":"#0"},"west":{"uv":[9,13,11,15],"texture":"#0"},"up":{"uv":[9,13,11,15],"texture":"#0"}}},{"from":[1.5,6.9,5.6],"to":[5.5,9.5,10.4],"faces":{"north":{"uv":[9,13,11,15],"texture":"#0"},"south":{"uv":[9,13,11,15],"texture":"#0"},"west":{"uv":[9,13,11,15],"texture":"#0"},"up":{"uv":[9,13,11,15],"texture":"#0"}}},{"from":[1.5,4.921,5.6],"to":[2.9,6.9,10.4],"rotation":{"angle":45,"axis":"z","origin":[1.5,6.9,6]},"faces":{"north":{"uv":[9,13,11,15],"texture":"#0"},"south":{"uv":[9,13,11,15],"texture":"#0"},"west":{"uv":[9,13,11,15],"texture":"#0"},"down":{"uv":[9,13,11,15],"texture":"#0"}}},{"from":[2.3,8.4,5.55],"to":[3.4,8.7,10.45],"faces":{"north":{"uv":[9,9,11,11],"texture":"#0"},"south":{"uv":[9,9,11,11],"texture":"#0"}}},{"from":[1.9,8.7,5.55],"to":[4.2,9.2,10.45],"faces":{"north":{"uv":[9,9,11,11],"texture":"#0"},"south":{"uv":[9,9,11,11],"texture":"#0"}}},{"from":[1.4,9.05,5.55],"to":[5.2,9.45,5.75],"faces":{"north":{"uv":[9,9,11,11],"texture":"#0"},"east":{"uv":[9,9,11,11],"texture":"#0"},"west":{"uv":[9,9,11,11],"texture":"#0"}}},{"from":[2.3,9.4,9.4],"to":[5.1,10.9,10.3],"rotation":{"angle":-45,"axis":"x","origin":[2.6,9.5,10.4]},"faces":{"east":{"uv":[9,13,11,15],"texture":"#0"},"west":{"uv":[9,13,11,15],"texture":"#0"},"up":{"uv":[9,13,11,15],"texture":"#0"}}},{"from":[2.3,9.4,5.7],"to":[5.1,10.9,6.6],"rotation":{"angle":45,"axis":"x","origin":[2.6,9.5,5.6]},"faces":{"east":{"uv":[9,13,11,15],"texture":"#0"},"west":{"uv":[9,13,11,15],"texture":"#0"},"up":{"uv":[9,13,11,15],"texture":"#0"}}},{"from":[1.4,9.45,10.25],"to":[5.2,10.936,10.45],"rotation":{"angle":-45,"axis":"x","origin":[2.6,9.45,10.45]},"faces":{"north":{"uv":[9,9,11,11],"texture":"#0"},"east":{"uv":[9,9,11,11],"texture":"#0"},"south":{"uv":[9,9,11,11],"texture":"#0"},"west":{"uv":[9,9,11,11],"texture":"#0"},"up":{"uv":[9,9,11,11],"texture":"#0"}}},{"from":[1.4,9.75,9.85],"to":[5.2,10.836,10.25],"rotation":{"angle":-45,"axis":"x","origin":[2.6,9.45,10.45]},"faces":{"north":{"uv":[9,9,11,11],"texture":"#0"},"east":{"uv":[9,9,11,11],"texture":"#0"},"west":{"uv":[9,9,11,11],"texture":"#0"},"up":{"uv":[9,9,11,11],"texture":"#0"},"down":{"uv":[9,9,11,11],"texture":"#0"}}},{"from":[1.4,9.75,5.75],"to":[5.2,10.836,6.15],"rotation":{"angle":45,"axis":"x","origin":[2.6,9.45,5.55]},"faces":{"east":{"uv":[9,9,11,11],"texture":"#0"},"south":{"uv":[9,9,11,11],"texture":"#0"},"west":{"uv":[9,9,11,11],"texture":"#0"},"up":{"uv":[9,9,11,11],"texture":"#0"},"down":{"uv":[9,9,11,11],"texture":"#0"}}},{"from":[1.4,9.45,5.55],"to":[5.2,10.936,5.75],"rotation":{"angle":45,"axis":"x","origin":[2.6,9.45,5.55]},"faces":{"north":{"uv":[9,9,11,11],"texture":"#0"},"east":{"uv":[9,9,11,11],"texture":"#0"},"south":{"uv":[9,9,11,11],"texture":"#0"},"west":{"uv":[9,9,11,11],"texture":"#0"},"up":{"uv":[9,9,11,11],"texture":"#0"}}},{"from":[2.9,5.5,5.6],"to":[5.5,7.5,10.4],"faces":{"north":{"uv":[9,13,11,15],"texture":"#0"},"east":{"uv":[9,13,11,15],"texture":"#0"},"south":{"uv":[9,13,11,15],"texture":"#0"},"west":{"uv":[9,13,11,15],"texture":"#0"},"down":{"uv":[9,13,11,15],"texture":"#0"}}},{"from":[5.5,5.5,6.2],"to":[7,7.8,9.8],"rotation":{"angle":22.5,"axis":"z","origin":[5.5,5.5,8]},"faces":{"north":{"uv":[9,13,11,15],"texture":"#0"},"east":{"uv":[9,13,11,15],"texture":"#0"},"south":{"uv":[9,13,11,15],"texture":"#0"},"up":{"uv":[9,13,11,15],"texture":"#0"},"down":{"uv":[9,13,11,15],"texture":"#0"}}},{"from":[10.7,6,6.4],"to":[12.114,7,9.6],"rotation":{"angle":45,"axis":"z","origin":[10.7,6,8]},"faces":{"north":{"uv":[9,13,11,15],"texture":"#0"},"east":{"uv":[9,13,11,15],"texture":"#0"},"south":{"uv":[9,13,11,15],"texture":"#0"},"down":{"uv":[9,13,11,15],"texture":"#0"}}},{"from":[4.9,6,6.4],"to":[10.7,8.6,9.6],"faces":{"north":{"uv":[9,13,11,15],"texture":"#0"},"south":{"uv":[9,13,11,15],"texture":"#0"},"down":{"uv":[9,13,11,15],"texture":"#0"}}},{"from":[5.5,6,9.6],"to":[8.7,9.5,10.4],"rotation":{"angle":22.5,"axis":"y","origin":[5.5,7,10.4]},"faces":{"south":{"uv":[9,13,11,15],"texture":"#0"},"up":{"uv":[9,13,11,15],"texture":"#0"},"down":{"uv":[9,13,11,15],"texture":"#0"}}},{"from":[5.5,6,5.6],"to":[8.7,9.5,6.4],"rotation":{"angle":-22.5,"axis":"y","origin":[5.5,7,5.6]},"faces":{"north":{"uv":[9,13,11,15],"texture":"#0"},"up":{"uv":[9,13,11,15],"texture":"#0"},"down":{"uv":[9,13,11,15],"texture":"#0"}}},{"from":[5.1,7,6.4],"to":[11.7,8.588,9.6],"faces":{"north":{"uv":[9,13,11,15],"texture":"#0"},"east":{"uv":[9,13,11,15],"texture":"#0"},"south":{"uv":[9,13,11,15],"texture":"#0"},"up":{"uv":[9,13,11,15],"texture":"#0"},"down":{"uv":[9,13,11,15],"texture":"#0"}}},{"from":[1.4,9.05,10.25],"to":[5.2,9.45,10.45],"faces":{"east":{"uv":[9,9,11,11],"texture":"#0"},"south":{"uv":[9,9,11,11],"texture":"#0"},"west":{"uv":[9,9,11,11],"texture":"#0"}}},{"from":[10.4,4.8,4.85],"to":[11.7,6,6.3],"rotation":{"angle":45,"axis":"z","origin":[11.7,4.8,5]},"faces":{"north":{"uv":[9,13,11,15],"texture":"#0"},"east":{"uv":[9,13,11,15],"texture":"#0"},"south":{"uv":[9,13,11,15],"texture":"#0"},"west":{"uv":[9,13,11,15],"texture":"#0"}}},{"from":[10.4,3.1,4.85],"to":[11.7,4.8,6.3],"faces":{"north":{"uv":[9,13,11,15],"texture":"#0"},"east":{"uv":[9,13,11,15],"texture":"#0"},"south":{"uv":[9,13,11,15],"texture":"#0"},"down":{"uv":[9,13,11,15],"texture":"#0"}}},{"from":[10.4,1.9,4.85],"to":[11.4,4.5,6.3],"faces":{"north":{"uv":[9,13,11,15],"texture":"#0"},"east":{"uv":[9,13,11,15],"texture":"#0"},"south":{"uv":[9,13,11,15],"texture":"#0"},"west":{"uv":[9,13,11,15],"texture":"#0"},"down":{"uv":[9,13,11,15],"texture":"#0"}}},{"from":[9.7,0.9,4.85],"to":[10.7,2.7,6.3],"rotation":{"angle":-22.5,"axis":"z","origin":[10.7,0.9,5]},"faces":{"north":{"uv":[9,13,11,15],"texture":"#0"},"east":{"uv":[9,13,11,15],"texture":"#0"},"south":{"uv":[9,13,11,15],"texture":"#0"},"west":{"uv":[9,13,11,15],"texture":"#0"}}},{"from":[9.2,0.9,4.85],"to":[10.7,1.5,6.3],"faces":{"north":{"uv":[9,13,11,15],"texture":"#0"},"south":{"uv":[9,13,11,15],"texture":"#0"},"west":{"uv":[9,13,11,15],"texture":"#0"},"up":{"uv":[9,13,11,15],"texture":"#0"},"down":{"uv":[9,13,11,15],"texture":"#0"}}},{"from":[8.5,0.9,5.95],"to":[9.3,1.1,6.2],"rotation":{"angle":22.5,"axis":"z","origin":[8.7,1.1,5.95]},"faces":{"north":{"uv":[13,9,15,11],"texture":"#0"},"south":{"uv":[13,9,15,11],"texture":"#0"},"west":{"uv":[13,9,15,11],"texture":"#0"},"up":{"uv":[13,9,15,11],"texture":"#0"},"down":{"uv":[13,9,15,11],"texture":"#0"}}},{"from":[8.5,0.9,5.45],"to":[9.3,1.1,5.7],"rotation":{"angle":22.5,"axis":"z","origin":[8.7,1.1,5.45]},"faces":{"north":{"uv":[13,9,15,11],"texture":"#0"},"south":{"uv":[13,9,15,11],"texture":"#0"},"west":{"uv":[13,9,15,11],"texture":"#0"},"up":{"uv":[13,9,15,11],"texture":"#0"},"down":{"uv":[13,9,15,11],"texture":"#0"}}},{"from":[8.5,0.9,4.95],"to":[9.3,1.1,5.2],"rotation":{"angle":22.5,"axis":"z","origin":[8.7,1.1,4.95]},"faces":{"north":{"uv":[13,9,15,11],"texture":"#0"},"south":{"uv":[13,9,15,11],"texture":"#0"},"west":{"uv":[13,9,15,11],"texture":"#0"},"up":{"uv":[13,9,15,11],"texture":"#0"},"down":{"uv":[13,9,15,11],"texture":"#0"}}},{"from":[3.5,4.1,5.6],"to":[4.7,7,7.1],"rotation":{"angle":22.5,"axis":"z","origin":[3.5,4.1,6.35]},"faces":{"north":{"uv":[9,13,11,15],"texture":"#0"},"south":{"uv":[9,13,11,15],"texture":"#0"},"west":{"uv":[9,13,11,15],"texture":"#0"}}},{"from":[3.5,4.1,5.6],"to":[4.9,7.7,7.1],"faces":{"north":{"uv":[9,13,11,15],"texture":"#0"},"east":{"uv":[9,13,11,15],"texture":"#0"},"south":{"uv":[9,13,11,15],"texture":"#0"},"down":{"uv":[9,13,11,15],"texture":"#0"}}},{"from":[3.5,1.8,5.7],"to":[4.9,4.4,7],"faces":{"north":{"uv":[9,13,11,15],"texture":"#0"},"east":{"uv":[9,13,11,15],"texture":"#0"},"south":{"uv":[9,13,11,15],"texture":"#0"},"west":{"uv":[9,13,11,15],"texture":"#0"}}},{"from":[4.9,2.1,5.7],"to":[4.95,2.9,7],"rotation":{"angle":-45,"axis":"z","origin":[4.9,2.1,6]},"faces":{"east":{"uv":[2,5,14,10.5],"rotation":270,"texture":"#1"},"west":{"uv":[2,5,14,10.5],"rotation":270,"texture":"#1"}}},{"from":[3.3,2.1,9],"to":[3.35,2.9,10.3],"rotation":{"angle":22.5,"axis":"z","origin":[3.3,2.1,9.3]},"faces":{"east":{"uv":[2,5,14,10.5],"rotation":270,"texture":"#1"},"west":{"uv":[2,5,14,10.5],"rotation":270,"texture":"#1"}}},{"from":[3.3,2.1,5.7],"to":[3.35,2.9,7],"rotation":{"angle":22.5,"axis":"z","origin":[3.3,2.1,6]},"faces":{"east":{"uv":[2,5,14,10.5],"rotation":270,"texture":"#1"},"west":{"uv":[2,5,14,10.5],"rotation":270,"texture":"#1"}}},{"from":[3.4,2.1,7.05],"to":[5.1,3.1,7.1],"rotation":{"angle":22.5,"axis":"x","origin":[4.1,2.1,7.1]},"faces":{"north":{"uv":[14,15,0,5],"rotation":90,"texture":"#1"},"south":{"uv":[14,5,0.5,15],"rotation":90,"texture":"#1"}}},{"from":[3.4,2.1,5.6],"to":[5.1,3.1,5.65],"rotation":{"angle":-22.5,"axis":"x","origin":[4.1,2.1,5.6]},"faces":{"north":{"uv":[0.5,5,14,15],"rotation":270,"texture":"#1"},"south":{"uv":[0,15,14,5],"rotation":270,"texture":"#1"}}},{"from":[5,0.9,5.5],"to":[6.1,0.95,7.2],"faces":{"up":{"uv":[0.5,0.5,14,15],"texture":"#1"},"down":{"uv":[0.5,0.5,14,15],"texture":"#1"}}},{"from":[3.2,0.9,5.5],"to":[5.1,2.2,7.2],"faces":{"north":{"uv":[9,9,11,11],"texture":"#0"},"east":{"uv":[9,9,11,11],"texture":"#0"},"south":{"uv":[9,9,11,11],"texture":"#0"},"west":{"uv":[9,9,11,11],"texture":"#0"},"up":{"uv":[9,9,11,11],"texture":"#0"},"down":{"uv":[9,9,11,11],"texture":"#0"}}},{"from":[2.7,0.9,5.6],"to":[3.2,1.6,7.1],"faces":{"north":{"uv":[9,13,11,15],"texture":"#0"},"south":{"uv":[9,13,11,15],"texture":"#0"},"west":{"uv":[9,13,11,15],"texture":"#0"},"up":{"uv":[9,13,11,15],"texture":"#0"},"down":{"uv":[9,13,11,15],"texture":"#0"}}},{"from":[8.73,0.9,5.95],"to":[9.2,1.1,6.2],"faces":{"north":{"uv":[13,9,15,11],"texture":"#0"},"south":{"uv":[13,9,15,11],"texture":"#0"},"down":{"uv":[13,9,15,11],"texture":"#0"}}},{"from":[8.73,0.9,5.45],"to":[9.2,1.1,5.7],"faces":{"north":{"uv":[13,9,15,11],"texture":"#0"},"south":{"uv":[13,9,15,11],"texture":"#0"},"down":{"uv":[13,9,15,11],"texture":"#0"}}},{"from":[8.73,0.9,4.95],"to":[9.2,1.1,5.2],"faces":{"north":{"uv":[13,9,15,11],"texture":"#0"},"south":{"uv":[13,9,15,11],"texture":"#0"},"down":{"uv":[13,9,15,11],"texture":"#0"}}},{"from":[2,0.9,6.75],"to":[2.8,1.1,7],"rotation":{"angle":22.5,"axis":"z","origin":[2.2,1.1,6.75]},"faces":{"north":{"uv":[13,9,15,11],"texture":"#0"},"south":{"uv":[13,9,15,11],"texture":"#0"},"west":{"uv":[13,9,15,11],"texture":"#0"},"up":{"uv":[13,9,15,11],"texture":"#0"},"down":{"uv":[13,9,15,11],"texture":"#0"}}},{"from":[2.23,0.9,6.75],"to":[2.7,1.1,7],"faces":{"north":{"uv":[13,9,15,11],"texture":"#0"},"south":{"uv":[13,9,15,11],"texture":"#0"},"down":{"uv":[13,9,15,11],"texture":"#0"}}},{"from":[2.23,0.9,6.25],"to":[2.7,1.1,6.5],"faces":{"north":{"uv":[13,9,15,11],"texture":"#0"},"south":{"uv":[13,9,15,11],"texture":"#0"},"down":{"uv":[13,9,15,11],"texture":"#0"}}},{"from":[2,0.9,6.25],"to":[2.8,1.1,6.5],"rotation":{"angle":22.5,"axis":"z","origin":[2.2,1.1,6.25]},"faces":{"north":{"uv":[13,9,15,11],"texture":"#0"},"south":{"uv":[13,9,15,11],"texture":"#0"},"west":{"uv":[13,9,15,11],"texture":"#0"},"up":{"uv":[13,9,15,11],"texture":"#0"},"down":{"uv":[13,9,15,11],"texture":"#0"}}},{"from":[2,0.9,5.75],"to":[2.8,1.1,6],"rotation":{"angle":22.5,"axis":"z","origin":[2.2,1.1,5.75]},"faces":{"north":{"uv":[13,9,15,11],"texture":"#0"},"south":{"uv":[13,9,15,11],"texture":"#0"},"west":{"uv":[13,9,15,11],"texture":"#0"},"up":{"uv":[13,9,15,11],"texture":"#0"},"down":{"uv":[13,9,15,11],"texture":"#0"}}},{"from":[2.23,0.9,5.75],"to":[2.7,1.1,6],"faces":{"north":{"uv":[13,9,15,11],"texture":"#0"},"south":{"uv":[13,9,15,11],"texture":"#0"},"down":{"uv":[13,9,15,11],"texture":"#0"}}},{"from":[3.4,2.1,8.9],"to":[5.1,3.1,8.95],"rotation":{"angle":-22.5,"axis":"x","origin":[4.1,2.1,8.9]},"faces":{"north":{"uv":[0.5,5,14,15],"rotation":270,"texture":"#1"},"south":{"uv":[0,15,14,5],"rotation":270,"texture":"#1"}}},{"from":[3.4,2.1,10.35],"to":[5.1,3.1,10.4],"rotation":{"angle":22.5,"axis":"x","origin":[4.1,2.1,10.4]},"faces":{"north":{"uv":[14,15,0,5],"rotation":90,"texture":"#1"},"south":{"uv":[14,5,0.5,15],"rotation":90,"texture":"#1"}}},{"from":[4.9,2.1,9],"to":[4.95,2.9,10.3],"rotation":{"angle":-45,"axis":"z","origin":[4.9,2.1,9.3]},"faces":{"east":{"uv":[2,5,14,10.5],"rotation":270,"texture":"#1"},"west":{"uv":[2,5,14,10.5],"rotation":270,"texture":"#1"}}},{"from":[5,0.9,8.8],"to":[6.1,0.95,10.5],"faces":{"up":{"uv":[0.5,0.5,14,15],"texture":"#1"},"down":{"uv":[0.5,0.5,14,15],"texture":"#1"}}},{"from":[4.05,11.85,4.8],"to":[4.8,12.9,4.85],"rotation":{"angle":-22.5,"axis":"x","origin":[4.1,12.9,4.8]},"faces":{"north":{"uv":[1,10.5,4.5,15.5],"texture":"#0"}}},{"from":[4.05,12.9,4.8],"to":[4.8,13.3,4.85],"rotation":{"angle":45,"axis":"x","origin":[4.1,12.9,4.8]},"faces":{"north":{"uv":[1,9,4.5,10.5],"texture":"#0"}}},{"from":[1.4,7.475,10.25],"to":[1.9,9.051,10.45],"rotation":{"angle":45,"axis":"z","origin":[1.4,9.05,10.45]},"faces":{"north":{"uv":[9,9,11,11],"texture":"#0"},"south":{"uv":[9,9,11,11],"texture":"#0"},"west":{"uv":[9,9,11,11],"texture":"#0"},"up":{"uv":[9,9,11,11],"texture":"#0"},"down":{"uv":[9,9,11,11],"texture":"#0"}}},{"from":[1.4,7.475,5.55],"to":[1.9,9.051,5.75],"rotation":{"angle":45,"axis":"z","origin":[1.4,9.05,5.55]},"faces":{"north":{"uv":[9,9,11,11],"texture":"#0"},"south":{"uv":[9,9,11,11],"texture":"#0"},"west":{"uv":[9,9,11,11],"texture":"#0"},"up":{"uv":[9,9,11,11],"texture":"#0"},"down":{"uv":[9,9,11,11],"texture":"#0"}}},{"from":[1.4,9.7,6.601],"to":[2.8,10.5,9.4],"faces":{"east":{"uv":[9,9,11,11],"texture":"#0"},"west":{"uv":[9,9,11,11],"texture":"#0"},"up":{"uv":[9,9,11,11],"texture":"#0"}}},{"from":[1.4,9.05,5.75],"to":[2.8,9.45,8.35],"rotation":{"angle":-22.5,"axis":"x","origin":[1.5,9.05,5.75]},"faces":{"east":{"uv":[9,9,11,11],"texture":"#0"},"west":{"uv":[9,9,11,11],"texture":"#0"},"down":{"uv":[9,9,11,11],"texture":"#0"}}},{"from":[1.4,9,7.3],"to":[2.8,10.6,8.9],"rotation":{"angle":45,"axis":"x","origin":[3.65,9.8,7.9]},"faces":{"north":{"uv":[9,9,11,11],"texture":"#0"},"east":{"uv":[9,9,11,11],"texture":"#0"},"south":{"uv":[9,9,11,11],"texture":"#0"},"west":{"uv":[9,9,11,11],"texture":"#0"},"up":{"uv":[9,9,11,11],"texture":"#0"},"down":{"uv":[9,9,11,11],"texture":"#0"}}},{"from":[3,10.3,6.5],"to":[5.1,11.1,9.5],"faces":{"north":{"uv":[9,9,11,11],"texture":"#0"},"east":{"uv":[9,9,11,11],"texture":"#0"},"south":{"uv":[9,9,11,11],"texture":"#0"},"west":{"uv":[9,9,11,11],"texture":"#0"},"down":{"uv":[9,9,11,11],"texture":"#0"}}},{"from":[3.75,11.6,5.65],"to":[5,13,7.3],"rotation":{"angle":-22.5,"axis":"y","origin":[5.15,13.1,8.25]},"faces":{"north":{"uv":[9,9,11,11],"texture":"#0"},"east":{"uv":[9,9,11,11],"texture":"#0"},"south":{"uv":[9,9,11,11],"texture":"#0"},"west":{"uv":[9,9,11,11],"texture":"#0"},"up":{"uv":[9,9,11,11],"texture":"#0"},"down":{"uv":[9,9,11,11],"texture":"#0"}}},{"from":[2.4,12.8,5.8],"to":[5.36,13.646,10.2],"faces":{"north":{"uv":[9,9,11,11],"texture":"#0"},"south":{"uv":[9,9,11,11],"texture":"#0"},"up":{"uv":[9,9,11,11],"texture":"#0"},"down":{"uv":[9,9,11,11],"texture":"#0"}}},{"from":[3,10.5,5.8],"to":[4.9,11.5,10.2],"faces":{"west":{"uv":[9,9,11,11],"texture":"#0"},"up":{"uv":[9,9,11,11],"texture":"#0"},"down":{"uv":[9,9,11,11],"texture":"#0"}}},{"from":[2.29,9.05,5.55],"to":[5.2,9.45,10.45],"rotation":{"angle":22.5,"axis":"z","origin":[5.2,9.05,8.05]},"faces":{"north":{"uv":[9,9,11,11],"texture":"#0"},"south":{"uv":[9,9,11,11],"texture":"#0"},"west":{"uv":[9,9,11,11],"texture":"#0"},"down":{"uv":[9,9,11,11],"texture":"#0"}}},{"from":[4.3,9.9,6.5],"to":[5.9,10.3,9.5],"rotation":{"angle":-45,"axis":"z","origin":[5.5,9.8,8]},"faces":{"north":{"uv":[9,9,11,11],"texture":"#0"},"east":{"uv":[9,9,11,11],"texture":"#0"},"south":{"uv":[9,9,11,11],"texture":"#0"},"up":{"uv":[9,9,11,11],"texture":"#0"},"down":{"uv":[9,9,11,11],"texture":"#0"}}},{"from":[11.2,7,10],"to":[13.7,7.4,10.7],"rotation":{"angle":22.5,"axis":"z","origin":[13.7,7.4,11]},"faces":{"north":{"uv":[9,9,11,11],"texture":"#0"},"east":{"uv":[9,9,11,11],"texture":"#0"},"south":{"uv":[9,9,11,11],"texture":"#0"},"down":{"uv":[9,9,11,11],"texture":"#0"}}},{"from":[11.2,6.6,10],"to":[12.8,7.1,10.7],"faces":{"north":{"uv":[9,9,11,11],"texture":"#0"},"south":{"uv":[9,9,11,11],"texture":"#0"}}},{"from":[11.2,7,10],"to":[13.7,7.4,10.7],"faces":{"north":{"uv":[9,9,11,11],"texture":"#0"},"south":{"uv":[9,9,11,11],"texture":"#0"},"up":{"uv":[9,9,11,11],"texture":"#0"}}},{"from":[12.5,7.2,9.9],"to":[12.9,10.2,10.8],"rotation":{"angle":-22.5,"axis":"z","origin":[12.5,10.2,10.8]},"faces":{"north":{"uv":[9,9,11,11],"texture":"#0"},"east":{"uv":[9,9,11,11],"texture":"#0"},"south":{"uv":[9,9,11,11],"texture":"#0"},"up":{"uv":[9,9,11,11],"texture":"#0"},"down":{"uv":[9,9,11,11],"texture":"#0"}}},{"from":[11.2,8.4,9.9],"to":[11.7,9.5,10.8],"rotation":{"angle":-22.5,"axis":"z","origin":[11.35,8.05,10.35]},"faces":{"north":{"uv":[9,9,11,11],"texture":"#0"},"south":{"uv":[9,9,11,11],"texture":"#0"}}},{"from":[10.9,7.5,9.9],"to":[11.7,8.6,10.8],"rotation":{"angle":-22.5,"axis":"z","origin":[11.35,8.05,10.35]},"faces":{"north":{"uv":[9,9,11,11],"texture":"#0"},"south":{"uv":[9,9,11,11],"texture":"#0"}}},{"from":[9.5,9.8,9.9],"to":[12.5,10.2,10.8],"rotation":{"angle":45,"axis":"z","origin":[12.5,10.2,10.8]},"faces":{"north":{"uv":[9,9,11,11],"texture":"#0"},"south":{"uv":[9,9,11,11],"texture":"#0"},"up":{"uv":[9,9,11,11],"texture":"#0"}}},{"from":[7.1,5.8,9.6],"to":[9.221,7.4,11.25],"rotation":{"angle":-45,"axis":"z","origin":[7.1,5.8,11]},"faces":{"north":{"uv":[9,9,11,11],"texture":"#0"},"east":{"uv":[9,9,11,11],"texture":"#0"},"south":{"uv":[9,9,11,11],"texture":"#0"},"down":{"uv":[9,9,11,11],"texture":"#0"}}},{"from":[10.3,4.3,9.6],"to":[12.421,5.9,11.25],"rotation":{"angle":45,"axis":"z","origin":[10.3,4.3,10]},"faces":{"north":{"uv":[9,9,11,11],"texture":"#0"},"east":{"uv":[9,9,11,11],"texture":"#0"},"south":{"uv":[9,9,11,11],"texture":"#0"},"down":{"uv":[9,9,11,11],"texture":"#0"}}},{"from":[8.6,4.3,9.6],"to":[10.3,8.6,11.25],"faces":{"north":{"uv":[9,9,11,11],"texture":"#0"},"south":{"uv":[9,9,11,11],"texture":"#0"},"west":{"uv":[9,9,11,11],"texture":"#0"},"up":{"uv":[9,9,11,11],"texture":"#0"},"down":{"uv":[9,9,11,11],"texture":"#0"}}},{"from":[10.3,7.1,9.6],"to":[12.421,8.6,11.25],"rotation":{"angle":-45,"axis":"z","origin":[10.3,8.6,10]},"faces":{"north":{"uv":[9,9,11,11],"texture":"#0"},"east":{"uv":[9,9,11,11],"texture":"#0"},"south":{"uv":[9,9,11,11],"texture":"#0"},"up":{"uv":[9,9,11,11],"texture":"#0"}}},{"from":[7.1,5.8,9.6],"to":[11.8,7.1,11.25],"faces":{"north":{"uv":[9,9,11,11],"texture":"#0"},"east":{"uv":[9,9,11,11],"texture":"#0"},"south":{"uv":[9,9,11,11],"texture":"#0"},"west":{"uv":[9,9,11,11],"texture":"#0"},"up":{"uv":[9,9,11,11],"texture":"#0"},"down":{"uv":[9,9,11,11],"texture":"#0"}}},{"from":[7.1,5.4,9.6],"to":[9.221,7.1,11.25],"rotation":{"angle":45,"axis":"z","origin":[7.1,7.1,10]},"faces":{"north":{"uv":[9,9,11,11],"texture":"#0"},"east":{"uv":[9,9,11,11],"texture":"#0"},"south":{"uv":[9,9,11,11],"texture":"#0"},"up":{"uv":[9,9,11,11],"texture":"#0"}}},{"from":[10.1,8,9.7],"to":[10.5,12.1,11.1],"rotation":{"angle":-22.5,"axis":"z","origin":[10.1,12.1,10.4]},"faces":{"north":{"uv":[9,9,11,11],"texture":"#0"},"east":{"uv":[9,9,11,11],"texture":"#0"},"south":{"uv":[9,9,11,11],"texture":"#0"},"west":{"uv":[9,9,11,11],"texture":"#0"}}},{"from":[9.7,10.2,9.7],"to":[10.1,11.1,11.1],"faces":{"north":{"uv":[9,9,11,11],"texture":"#0"},"south":{"uv":[9,9,11,11],"texture":"#0"}}},{"from":[9.08,7.5,9.7],"to":[9.58,9.6,11.1],"faces":{"north":{"uv":[9,9,11,11],"texture":"#0"},"south":{"uv":[9,9,11,11],"texture":"#0"},"up":{"uv":[9,9,11,11],"texture":"#0"}}},{"from":[9.5,7.5,9.7],"to":[10.1,10.3,11.1],"faces":{"north":{"uv":[9,9,11,11],"texture":"#0"},"south":{"uv":[9,9,11,11],"texture":"#0"},"west":{"uv":[9,9,11,11],"texture":"#0"}}},{"from":[10.1,7.5,9.7],"to":[10.5,12.1,11.1],"faces":{"north":{"uv":[9,9,11,11],"texture":"#0"},"east":{"uv":[9,9,11,11],"texture":"#0"},"south":{"uv":[9,9,11,11],"texture":"#0"},"up":{"uv":[9,9,11,11],"texture":"#0"}}},{"from":[7.6,8.9,9.9],"to":[8,9.8,10.9],"faces":{"north":{"uv":[9,9,11,11],"texture":"#0"},"south":{"uv":[9,9,11,11],"texture":"#0"}}},{"from":[7.6,7.1,9.9],"to":[8.3,9.1,10.9],"faces":{"north":{"uv":[9,9,11,11],"texture":"#0"},"south":{"uv":[9,9,11,11],"texture":"#0"}}},{"from":[7.3,7.1,9.9],"to":[7.7,10.7,10.9],"faces":{"north":{"uv":[9,9,11,11],"texture":"#0"},"south":{"uv":[9,9,11,11],"texture":"#0"},"west":{"uv":[9,9,11,11],"texture":"#0"}}},{"from":[7.3,7.3,9.9],"to":[7.7,10.7,10.9],"rotation":{"angle":22.5,"axis":"z","origin":[7.3,10.7,10.9]},"faces":{"north":{"uv":[9,9,11,11],"texture":"#0"},"east":{"uv":[9,9,11,11],"texture":"#0"},"south":{"uv":[9,9,11,11],"texture":"#0"},"up":{"uv":[9,9,11,11],"texture":"#0"}}},{"from":[8.82,5.01,9.4],"to":[10.01,8.02,11.5],"faces":{"north":{"uv":[9,9,11,11],"texture":"#0"},"south":{"uv":[9,9,11,11],"texture":"#0"},"west":{"uv":[9,9,11,11],"texture":"#0"},"up":{"uv":[9,9,11,11],"texture":"#0"},"down":{"uv":[9,9,11,11],"texture":"#0"}}},{"from":[7.77,6.06,9.4],"to":[9.2547,7.18,11.5],"rotation":{"angle":-45,"axis":"z","origin":[7.77,6.06,11.15]},"faces":{"north":{"uv":[9,9,11,11],"texture":"#0"},"east":{"uv":[9,9,11,11],"texture":"#0"},"south":{"uv":[9,9,11,11],"texture":"#0"},"down":{"uv":[9,9,11,11],"texture":"#0"}}},{"from":[7.77,6.06,9.4],"to":[11.06,6.97,11.5],"faces":{"north":{"uv":[9,9,11,11],"texture":"#0"},"east":{"uv":[9,9,11,11],"texture":"#0"},"south":{"uv":[9,9,11,11],"texture":"#0"},"west":{"uv":[9,9,11,11],"texture":"#0"},"up":{"uv":[9,9,11,11],"texture":"#0"},"down":{"uv":[9,9,11,11],"texture":"#0"}}},{"from":[7.77,5.78,9.4],"to":[9.2547,6.97,11.5],"rotation":{"angle":45,"axis":"z","origin":[7.77,6.97,10.45]},"faces":{"north":{"uv":[9,9,11,11],"texture":"#0"},"east":{"uv":[9,9,11,11],"texture":"#0"},"south":{"uv":[9,9,11,11],"texture":"#0"},"up":{"uv":[9,9,11,11],"texture":"#0"}}},{"from":[10.01,6.97,9.4],"to":[11.4947,8.02,11.5],"rotation":{"angle":-45,"axis":"z","origin":[10.01,8.02,10.45]},"faces":{"north":{"uv":[9,9,11,11],"texture":"#0"},"east":{"uv":[9,9,11,11],"texture":"#0"},"south":{"uv":[9,9,11,11],"texture":"#0"},"up":{"uv":[9,9,11,11],"texture":"#0"}}},{"from":[10.01,5.01,9.4],"to":[11.4947,6.13,11.5],"rotation":{"angle":45,"axis":"z","origin":[10.01,5.01,10.45]},"faces":{"north":{"uv":[9,9,11,11],"texture":"#0"},"east":{"uv":[9,9,11,11],"texture":"#0"},"south":{"uv":[9,9,11,11],"texture":"#0"},"down":{"uv":[9,9,11,11],"texture":"#0"}}},{"from":[3.75,11.6,8.7],"to":[5,13,10.35],"rotation":{"angle":22.5,"axis":"y","origin":[5.15,13.1,7.75]},"faces":{"north":{"uv":[9,9,11,11],"texture":"#0"},"east":{"uv":[9,9,11,11],"texture":"#0"},"south":{"uv":[9,9,11,11],"texture":"#0"},"west":{"uv":[9,9,11,11],"texture":"#0"},"up":{"uv":[9,9,11,11],"texture":"#0"},"down":{"uv":[9,9,11,11],"texture":"#0"}}},{"from":[1.4,9.05,7.65],"to":[2.8,9.45,10.25],"rotation":{"angle":22.5,"axis":"x","origin":[1.5,9.05,10.25]},"faces":{"east":{"uv":[9,9,11,11],"texture":"#0"},"west":{"uv":[9,9,11,11],"texture":"#0"},"down":{"uv":[9,9,11,11],"texture":"#0"}}},{"from":[4.05,12.9,11.15],"to":[4.8,13.3,11.2],"rotation":{"angle":-45,"axis":"x","origin":[4.1,12.9,11.2]},"faces":{"south":{"uv":[4.5,9,1,10.5],"texture":"#0"}}},{"from":[4.05,11.85,11.15],"to":[4.8,12.9,11.2],"rotation":{"angle":22.5,"axis":"x","origin":[4.1,12.9,11.2]},"faces":{"south":{"uv":[4.5,10.5,1,15.5],"texture":"#0"}}},{"from":[10.4,4.8,9.7],"to":[11.7,6,11.15],"rotation":{"angle":45,"axis":"z","origin":[11.7,4.8,11]},"faces":{"north":{"uv":[9,13,11,15],"texture":"#0"},"east":{"uv":[9,13,11,15],"texture":"#0"},"south":{"uv":[9,13,11,15],"texture":"#0"},"west":{"uv":[9,13,11,15],"texture":"#0"}}},{"from":[10.4,3.1,9.7],"to":[11.7,4.8,11.15],"faces":{"north":{"uv":[9,13,11,15],"texture":"#0"},"east":{"uv":[9,13,11,15],"texture":"#0"},"south":{"uv":[9,13,11,15],"texture":"#0"},"down":{"uv":[9,13,11,15],"texture":"#0"}}},{"from":[10.4,1.9,9.7],"to":[11.4,4.5,11.15],"faces":{"north":{"uv":[9,13,11,15],"texture":"#0"},"east":{"uv":[9,13,11,15],"texture":"#0"},"south":{"uv":[9,13,11,15],"texture":"#0"},"west":{"uv":[9,13,11,15],"texture":"#0"},"down":{"uv":[9,13,11,15],"texture":"#0"}}},{"from":[9.7,0.9,9.7],"to":[10.7,2.7,11.15],"rotation":{"angle":-22.5,"axis":"z","origin":[10.7,0.9,11]},"faces":{"north":{"uv":[9,13,11,15],"texture":"#0"},"east":{"uv":[9,13,11,15],"texture":"#0"},"south":{"uv":[9,13,11,15],"texture":"#0"},"west":{"uv":[9,13,11,15],"texture":"#0"}}},{"from":[9.2,0.9,9.7],"to":[10.7,1.5,11.15],"faces":{"north":{"uv":[9,13,11,15],"texture":"#0"},"south":{"uv":[9,13,11,15],"texture":"#0"},"west":{"uv":[9,13,11,15],"texture":"#0"},"up":{"uv":[9,13,11,15],"texture":"#0"},"down":{"uv":[9,13,11,15],"texture":"#0"}}},{"from":[8.5,0.9,9.8],"to":[9.3,1.1,10.05],"rotation":{"angle":22.5,"axis":"z","origin":[8.7,1.1,10.05]},"faces":{"north":{"uv":[15,9,13,11],"texture":"#0"},"south":{"uv":[15,9,13,11],"texture":"#0"},"west":{"uv":[15,9,13,11],"texture":"#0"},"up":{"uv":[13,11,15,9],"texture":"#0"},"down":{"uv":[13,11,15,9],"texture":"#0"}}},{"from":[8.5,0.9,10.3],"to":[9.3,1.1,10.55],"rotation":{"angle":22.5,"axis":"z","origin":[8.7,1.1,10.55]},"faces":{"north":{"uv":[15,9,13,11],"texture":"#0"},"south":{"uv":[15,9,13,11],"texture":"#0"},"west":{"uv":[15,9,13,11],"texture":"#0"},"up":{"uv":[13,11,15,9],"texture":"#0"},"down":{"uv":[13,11,15,9],"texture":"#0"}}},{"from":[8.5,0.9,10.8],"to":[9.3,1.1,11.05],"rotation":{"angle":22.5,"axis":"z","origin":[8.7,1.1,11.05]},"faces":{"north":{"uv":[15,9,13,11],"texture":"#0"},"south":{"uv":[15,9,13,11],"texture":"#0"},"west":{"uv":[15,9,13,11],"texture":"#0"},"up":{"uv":[13,11,15,9],"texture":"#0"},"down":{"uv":[13,11,15,9],"texture":"#0"}}},{"from":[3.5,4.1,8.9],"to":[4.7,7,10.4],"rotation":{"angle":22.5,"axis":"z","origin":[3.5,4.1,9.65]},"faces":{"north":{"uv":[9,13,11,15],"texture":"#0"},"south":{"uv":[9,13,11,15],"texture":"#0"},"west":{"uv":[9,13,11,15],"texture":"#0"}}},{"from":[3.5,4.1,8.9],"to":[4.9,7.7,10.4],"faces":{"north":{"uv":[9,13,11,15],"texture":"#0"},"east":{"uv":[9,13,11,15],"texture":"#0"},"south":{"uv":[9,13,11,15],"texture":"#0"},"down":{"uv":[9,13,11,15],"texture":"#0"}}},{"from":[3.5,1.8,9],"to":[4.9,4.4,10.3],"faces":{"north":{"uv":[9,13,11,15],"texture":"#0"},"east":{"uv":[9,13,11,15],"texture":"#0"},"south":{"uv":[9,13,11,15],"texture":"#0"},"west":{"uv":[9,13,11,15],"texture":"#0"}}},{"from":[3.2,0.9,8.8],"to":[5.1,2.2,10.5],"faces":{"north":{"uv":[9,9,11,11],"texture":"#0"},"east":{"uv":[9,9,11,11],"texture":"#0"},"south":{"uv":[9,9,11,11],"texture":"#0"},"west":{"uv":[9,9,11,11],"texture":"#0"},"up":{"uv":[9,9,11,11],"texture":"#0"},"down":{"uv":[9,9,11,11],"texture":"#0"}}},{"from":[2.7,0.9,8.9],"to":[3.2,1.6,10.4],"faces":{"north":{"uv":[9,13,11,15],"texture":"#0"},"south":{"uv":[9,13,11,15],"texture":"#0"},"west":{"uv":[9,13,11,15],"texture":"#0"},"up":{"uv":[9,13,11,15],"texture":"#0"},"down":{"uv":[9,13,11,15],"texture":"#0"}}},{"from":[8.73,0.9,9.8],"to":[9.2,1.1,10.05],"faces":{"north":{"uv":[15,9,13,11],"texture":"#0"},"south":{"uv":[15,9,13,11],"texture":"#0"},"down":{"uv":[13,11,15,9],"texture":"#0"}}},{"from":[8.73,0.9,10.3],"to":[9.2,1.1,10.55],"faces":{"north":{"uv":[15,9,13,11],"texture":"#0"},"south":{"uv":[15,9,13,11],"texture":"#0"},"down":{"uv":[13,11,15,9],"texture":"#0"}}},{"from":[8.73,0.9,10.8],"to":[9.2,1.1,11.05],"faces":{"north":{"uv":[15,9,13,11],"texture":"#0"},"south":{"uv":[15,9,13,11],"texture":"#0"},"down":{"uv":[13,11,15,9],"texture":"#0"}}},{"from":[2,0.9,9],"to":[2.8,1.1,9.25],"rotation":{"angle":22.5,"axis":"z","origin":[2.2,1.1,9.25]},"faces":{"north":{"uv":[15,9,13,11],"texture":"#0"},"south":{"uv":[15,9,13,11],"texture":"#0"},"west":{"uv":[15,9,13,11],"texture":"#0"},"up":{"uv":[13,11,15,9],"texture":"#0"},"down":{"uv":[13,11,15,9],"texture":"#0"}}},{"from":[2.23,0.9,9],"to":[2.7,1.1,9.25],"faces":{"north":{"uv":[15,9,13,11],"texture":"#0"},"south":{"uv":[15,9,13,11],"texture":"#0"},"down":{"uv":[13,11,15,9],"texture":"#0"}}},{"from":[2.23,0.9,9.5],"to":[2.7,1.1,9.75],"faces":{"north":{"uv":[15,9,13,11],"texture":"#0"},"south":{"uv":[15,9,13,11],"texture":"#0"},"down":{"uv":[13,11,15,9],"texture":"#0"}}},{"from":[2,0.9,9.5],"to":[2.8,1.1,9.75],"rotation":{"angle":22.5,"axis":"z","origin":[2.2,1.1,9.75]},"faces":{"north":{"uv":[15,9,13,11],"texture":"#0"},"south":{"uv":[15,9,13,11],"texture":"#0"},"west":{"uv":[15,9,13,11],"texture":"#0"},"up":{"uv":[13,11,15,9],"texture":"#0"},"down":{"uv":[13,11,15,9],"texture":"#0"}}},{"from":[2,0.9,10],"to":[2.8,1.1,10.25],"rotation":{"angle":22.5,"axis":"z","origin":[2.2,1.1,10.25]},"faces":{"north":{"uv":[15,9,13,11],"texture":"#0"},"south":{"uv":[15,9,13,11],"texture":"#0"},"west":{"uv":[15,9,13,11],"texture":"#0"},"up":{"uv":[13,11,15,9],"texture":"#0"},"down":{"uv":[13,11,15,9],"texture":"#0"}}},{"from":[2.23,0.9,10],"to":[2.7,1.1,10.25],"faces":{"north":{"uv":[15,9,13,11],"texture":"#0"},"south":{"uv":[15,9,13,11],"texture":"#0"},"down":{"uv":[13,11,15,9],"texture":"#0"}}},{"from":[-0.8,10.9,7],"to":[0.3,11.45,9],"rotation":{"angle":-22.5,"axis":"z","origin":[-0.3,10.9,8]},"faces":{"north":{"uv":[9,13,11,15],"texture":"#0"},"east":{"uv":[9,13,11,15],"texture":"#0"},"south":{"uv":[9,13,11,15],"texture":"#0"},"down":{"uv":[9,13,11,15],"texture":"#0"}}}],"display":{"thirdperson_righthand":{"scale":[0,0,0]},"thirdperson_lefthand":{"scale":[0,0,0]},"firstperson_righthand":{"scale":[0,0,0]},"firstperson_lefthand":{"scale":[0,0,0]},"gui":{"rotation":[30,50,0],"translation":[0.5,0.5,0],"scale":[0.9,0.9,0.9]},"head":{"rotation":[0,-90,0],"translation":[0,-24,2.5],"scale":[2.7,2.7,2.7]}}}