{"credit":"Made by MadstonMagic using Cubik Pro, Copyright © MadstonMagic Modeling 2015-2017. All rights reserved","textures":{"texture":"pokemon_skins/regular/minun/plusle","ear":"pokemon_skins/regular/minun/ear","cheek":"pokemon_skins/regular/minun/cheek","particle":"pokemon_skins/regular/minun/mouth"},"elements":[{"name":"cube","from":[6.416,4.2815,6.416],"to":[8,10.6175,9.584],"faces":{"north":{"uv":[10,1,12.5,4.5],"texture":"#texture"},"east":{"uv":[9.5,2,14,5.5],"texture":"#texture"},"south":{"uv":[10,1.5,14.5,6.5],"texture":"#texture"},"west":{"uv":[10.5,2,14,6],"texture":"#texture"},"up":{"uv":[9,1.5,14,5],"texture":"#texture"},"down":{"uv":[10,1.5,14.5,5],"texture":"#texture"}}},{"name":"cube","from":[4.832,5.8655,6.416],"to":[9.584,9.0335,9.584],"faces":{"north":{"uv":[10,1,12.5,4.5],"texture":"#texture"},"east":{"uv":[9.5,2,14,5.5],"texture":"#texture"},"south":{"uv":[10,1.5,14.5,6.5],"texture":"#texture"},"west":{"uv":[10.5,2,14,6],"texture":"#texture"},"up":{"uv":[9,1.5,14,5],"texture":"#texture"},"down":{"uv":[10,1.5,14.5,5],"texture":"#texture"}}},{"name":"cube","from":[6.416,5.8655,4.832],"to":[8,9.0335,11.168],"faces":{"north":{"uv":[10,1,12.5,4.5],"texture":"#texture"},"east":{"uv":[9.5,2,14,5.5],"texture":"#texture"},"south":{"uv":[10,1.5,14.5,6.5],"texture":"#texture"},"west":{"uv":[10.5,2,14,6],"texture":"#texture"},"up":{"uv":[9,1.5,14,5],"texture":"#texture"},"down":{"uv":[10,1.5,14.5,5],"texture":"#texture"}}},{"name":"cube","from":[4.832,7.4495,6.416],"to":[7.07336,9.0335,9.584],"rotation":{"angle":45,"axis":"z","origin":[4.832,9.0335,6.416]},"faces":{"north":{"uv":[10,1,12.5,4.5],"texture":"#texture"},"east":{"uv":[9.5,2,14,5.5],"texture":"#texture"},"south":{"uv":[10,1.5,14.5,6.5],"texture":"#texture"},"west":{"uv":[10.5,2,14,6],"texture":"#texture"},"up":{"uv":[9,1.5,14,5],"texture":"#texture"},"down":{"uv":[10,1.5,14.5,5],"texture":"#texture"}}},{"name":"cube","from":[6.416,2.30942,4.832],"to":[8,9.0335,7.07336],"rotation":{"angle":-45,"axis":"x","origin":[6.416,9.0335,4.832]},"faces":{"north":{"uv":[10,1,12.5,4.5],"texture":"#texture"},"east":{"uv":[9.5,2,14,5.5],"texture":"#texture"},"south":{"uv":[10,1.5,14.5,6.5],"texture":"#texture"},"west":{"uv":[10.5,2,14,6],"texture":"#texture"},"up":{"uv":[9,1.5,14,5],"texture":"#texture"},"down":{"uv":[10,1.5,14.5,5],"texture":"#texture"}}},{"name":"cube","from":[6.416,3.89342,9.584],"to":[8,10.6175,11.8254],"rotation":{"angle":45,"axis":"x","origin":[6.416,10.6175,9.584]},"faces":{"north":{"uv":[10,1,12.5,4.5],"texture":"#texture"},"east":{"uv":[9.5,2,14,5.5],"texture":"#texture"},"south":{"uv":[10,1.5,14.5,6.5],"texture":"#texture"},"west":{"uv":[10.5,2,14,6],"texture":"#texture"},"up":{"uv":[9,1.5,14,5],"texture":"#texture"},"down":{"uv":[10,1.5,14.5,5],"texture":"#texture"}}},{"name":"cube","from":[4.82804,6.947499999999999,6.416],"to":[5.62004,8.135499999999999,7.208],"faces":{"west":{"uv":[0.5,9,5,15.5],"texture":"#texture"}}},{"name":"cube","from":[4.82804,6.947499999999999,8.792],"to":[5.62004,8.135499999999999,9.584],"faces":{"west":{"uv":[0.5,9,5,15.5],"texture":"#texture"}}},{"name":"cube","from":[4.82804,5.0655,7.208],"to":[5.62004,6.6495,8.792],"faces":{"west":{"uv":[0.5,2,11,13],"texture":"#particle"}}},{"name":"cube","from":[7.208,8.4395,13.742],"to":[7.2705,14.7755,16.118],"rotation":{"angle":45,"axis":"x","origin":[7.208,14.7755,13.742]},"faces":{"east":{"uv":[1.25,0.25,9,15.5],"texture":"#ear"},"west":{"uv":[1.25,0.25,9,15.5],"texture":"#ear"}}},{"name":"cube","from":[7.208,8.4395,2.456],"to":[7.2705,14.7755,4.832],"rotation":{"angle":-22.5,"axis":"x","origin":[7.208,14.7755,2.456]},"faces":{"east":{"uv":[1.25,0.25,9,15.5],"texture":"#ear"},"west":{"uv":[1.25,0.25,9,15.5],"texture":"#ear"}}},{"name":"cube","from":[8,9.0335,6.416],"to":[10.2414,10.6175,9.584],"rotation":{"angle":-45,"axis":"z","origin":[8,10.6175,6.416]},"faces":{"north":{"uv":[10,1,12.5,4.5],"texture":"#texture"},"east":{"uv":[9.5,2,14,5.5],"texture":"#texture"},"south":{"uv":[10,1.5,14.5,6.5],"texture":"#texture"},"west":{"uv":[10.5,2,14,6],"texture":"#texture"},"up":{"uv":[9,1.5,14,5],"texture":"#texture"},"down":{"uv":[10,1.5,14.5,5],"texture":"#texture"}}},{"name":"cube","from":[4.832,5.8655,6.416],"to":[7.07336,9.0335,8],"rotation":{"angle":45,"axis":"y","origin":[4.832,5.8655,6.416]},"faces":{"north":{"uv":[10,1,12.5,4.5],"texture":"#texture"},"east":{"uv":[9.5,2,14,5.5],"texture":"#texture"},"south":{"uv":[10,1.5,14.5,6.5],"texture":"#texture"},"west":{"uv":[10.5,2,14,6],"texture":"#texture"},"up":{"uv":[9,1.5,14,5],"texture":"#texture"},"down":{"uv":[10,1.5,14.5,5],"texture":"#texture"}}},{"name":"cube","from":[8,5.8655,4.832],"to":[10.2414,9.0335,6.416],"rotation":{"angle":-45,"axis":"y","origin":[8,5.8655,4.832]},"faces":{"north":{"uv":[10,1,12.5,4.5],"texture":"#texture"},"east":{"uv":[9.5,2,14,5.5],"texture":"#texture"},"south":{"uv":[10,1.5,14.5,6.5],"texture":"#texture"},"west":{"uv":[10.5,2,14,6],"texture":"#texture"},"up":{"uv":[9,1.5,14,5],"texture":"#texture"},"down":{"uv":[10,1.5,14.5,5],"texture":"#texture"}}},{"name":"cube","from":[5.95268,5.8655,8.46332],"to":[8.19404,9.0335,10.0473],"rotation":{"angle":-45,"axis":"y","origin":[5.95268,5.8655,8.46332]},"faces":{"north":{"uv":[10,1,12.5,4.5],"texture":"#texture"},"east":{"uv":[9.5,2,14,5.5],"texture":"#texture"},"south":{"uv":[10,1.5,14.5,6.5],"texture":"#texture"},"west":{"uv":[10.5,2,14,6],"texture":"#texture"},"up":{"uv":[9,1.5,14,5],"texture":"#texture"},"down":{"uv":[10,1.5,14.5,5],"texture":"#texture"}}},{"name":"cube","from":[6.87734,5.8655,10.0453],"to":[9.1187,9.0335,11.6293],"rotation":{"angle":45,"axis":"y","origin":[6.87734,5.8655,10.0453]},"faces":{"north":{"uv":[10,1,12.5,4.5],"texture":"#texture"},"east":{"uv":[9.5,2,14,5.5],"texture":"#texture"},"south":{"uv":[10,1.5,14.5,6.5],"texture":"#texture"},"west":{"uv":[10.5,2,14,6],"texture":"#texture"},"up":{"uv":[9,1.5,14,5],"texture":"#texture"},"down":{"uv":[10,1.5,14.5,5],"texture":"#texture"}}},{"name":"cube","from":[5.98634,5.38634,6.416],"to":[8.2277,6.97034,9.584],"rotation":{"angle":-45,"axis":"z","origin":[5.98634,6.97034,6.416]},"faces":{"north":{"uv":[10,1,12.5,4.5],"texture":"#texture"},"east":{"uv":[9.5,2,14,5.5],"texture":"#texture"},"south":{"uv":[10,1.5,14.5,6.5],"texture":"#texture"},"west":{"uv":[10.5,2,14,6],"texture":"#texture"},"up":{"uv":[9,1.5,14,5],"texture":"#texture"},"down":{"uv":[10,1.5,14.5,5],"texture":"#texture"}}},{"name":"cube","from":[6.87734,3.82016,6.416],"to":[9.1187,5.40416,9.584],"rotation":{"angle":45,"axis":"z","origin":[6.87734,5.40416,6.416]},"faces":{"north":{"uv":[10,1,12.5,4.5],"texture":"#texture"},"east":{"uv":[9.5,2,14,5.5],"texture":"#texture"},"south":{"uv":[10,1.5,14.5,6.5],"texture":"#texture"},"west":{"uv":[10.5,2,14,6],"texture":"#texture"},"up":{"uv":[9,1.5,14,5],"texture":"#texture"},"down":{"uv":[10,1.5,14.5,5],"texture":"#texture"}}},{"name":"cube","from":[6.21008,5.8575,5.03],"to":[7.00208,7.4415,6.614],"rotation":{"angle":-45,"axis":"y","origin":[6.21008,5.8575,5.03]},"faces":{"west":{"uv":[0.5,0.5,12,12],"texture":"#cheek"}}},{"name":"cube","from":[5.03,5.8575,9.782],"to":[5.822,7.4415,11.366],"rotation":{"angle":45,"axis":"y","origin":[5.03,5.8575,9.782]},"faces":{"west":{"uv":[0.5,0.5,12,12],"texture":"#cheek"}}},{"name":"cube","from":[6.1,-0.5875,5.3875],"to":[8,4.1625,10.6125],"faces":{"north":{"uv":[10,1,12.5,4.5],"texture":"#texture"},"east":{"uv":[9.5,2,14,5.5],"texture":"#texture"},"south":{"uv":[10,1.5,14.5,6.5],"texture":"#texture"},"west":{"uv":[10.5,2,14,6],"texture":"#texture"},"up":{"uv":[9,1.5,14,5],"texture":"#texture"},"down":{"uv":[10,1.5,14.5,5],"texture":"#texture"}}},{"name":"cube","from":[5.15,-0.825,6.1],"to":[8.95,3.45,9.9],"faces":{"north":{"uv":[10,1,12.5,4.5],"texture":"#texture"},"east":{"uv":[9.5,2,14,5.5],"texture":"#texture"},"south":{"uv":[10,1.5,14.5,6.5],"texture":"#texture"},"west":{"uv":[10.5,2,14,6],"texture":"#texture"},"up":{"uv":[9,1.5,14,5],"texture":"#texture"},"down":{"uv":[10,1.5,14.5,5],"texture":"#texture"}}},{"name":"cube","from":[5.15,1.55,6.1],"to":[7.8385,3.45,9.9],"rotation":{"angle":45,"axis":"z","origin":[5.15,3.45,6.1]},"faces":{"north":{"uv":[10,1,12.5,4.5],"texture":"#texture"},"east":{"uv":[9.5,2,14,5.5],"texture":"#texture"},"south":{"uv":[10,1.5,14.5,6.5],"texture":"#texture"},"west":{"uv":[10.5,2,14,6],"texture":"#texture"},"up":{"uv":[9,1.5,14,5],"texture":"#texture"},"down":{"uv":[10,1.5,14.5,5],"texture":"#texture"}}},{"name":"cube","from":[7.05,3.45,6.1],"to":[9.7385,5.35,9.9],"rotation":{"angle":-45,"axis":"z","origin":[7.05,5.35,6.1]},"faces":{"north":{"uv":[10,1,12.5,4.5],"texture":"#texture"},"east":{"uv":[9.5,2,14,5.5],"texture":"#texture"},"south":{"uv":[10,1.5,14.5,6.5],"texture":"#texture"},"west":{"uv":[10.5,2,14,6],"texture":"#texture"},"up":{"uv":[9,1.5,14,5],"texture":"#texture"},"down":{"uv":[10,1.5,14.5,5],"texture":"#texture"}}},{"name":"cube","from":[5.3875,-0.825,6.1],"to":[6.385,3.45,6.8125],"rotation":{"angle":45,"axis":"y","origin":[5.3875,-0.825,6.1]},"faces":{"north":{"uv":[10,1,12.5,4.5],"texture":"#texture"},"east":{"uv":[9.5,2,14,5.5],"texture":"#texture"},"south":{"uv":[10,1.5,14.5,6.5],"texture":"#texture"},"west":{"uv":[10.5,2,14,6],"texture":"#texture"},"up":{"uv":[9,1.5,14,5],"texture":"#texture"},"down":{"uv":[10,1.5,14.5,5],"texture":"#texture"}}},{"name":"cube","from":[8,-0.825,5.3875],"to":[8.9975,3.45,6.1],"rotation":{"angle":-45,"axis":"y","origin":[8,-0.825,5.3875]},"faces":{"north":{"uv":[10,1,12.5,4.5],"texture":"#texture"},"east":{"uv":[9.5,2,14,5.5],"texture":"#texture"},"south":{"uv":[10,1.5,14.5,6.5],"texture":"#texture"},"west":{"uv":[10.5,2,14,6],"texture":"#texture"},"up":{"uv":[9,1.5,14,5],"texture":"#texture"},"down":{"uv":[10,1.5,14.5,5],"texture":"#texture"}}},{"name":"cube","from":[5.891,-0.825,9.3965],"to":[6.8885,3.45,10.109],"rotation":{"angle":-45,"axis":"y","origin":[5.891,-0.825,9.3965]},"faces":{"north":{"uv":[10,1,12.5,4.5],"texture":"#texture"},"east":{"uv":[9.5,2,14,5.5],"texture":"#texture"},"south":{"uv":[10,1.5,14.5,6.5],"texture":"#texture"},"west":{"uv":[10.5,2,14,6],"texture":"#texture"},"up":{"uv":[9,1.5,14,5],"texture":"#texture"},"down":{"uv":[10,1.5,14.5,5],"texture":"#texture"}}},{"name":"cube","from":[7.4965,-0.825,10.109],"to":[8.494,3.45,10.8215],"rotation":{"angle":45,"axis":"y","origin":[7.4965,-0.825,10.109]},"faces":{"north":{"uv":[10,1,12.5,4.5],"texture":"#texture"},"east":{"uv":[9.5,2,14,5.5],"texture":"#texture"},"south":{"uv":[10,1.5,14.5,6.5],"texture":"#texture"},"west":{"uv":[10.5,2,14,6],"texture":"#texture"},"up":{"uv":[9,1.5,14,5],"texture":"#texture"},"down":{"uv":[10,1.5,14.5,5],"texture":"#texture"}}},{"name":"cube","from":[6.25,2.2075,9.95],"to":[7.75,3.9575,11.95],"rotation":{"angle":-22.5,"axis":"x","origin":[6.25,3.9575,9.95]},"faces":{"north":{"uv":[10,1,12.5,4.5],"texture":"#texture"},"east":{"uv":[9.5,2,14,5.5],"texture":"#texture"},"south":{"uv":[10,1.5,14.5,6.5],"texture":"#texture"},"west":{"uv":[10.5,2,14,6],"texture":"#texture"},"up":{"uv":[9,1.5,14,5],"texture":"#texture"},"down":{"uv":[10,1.5,14.5,5],"texture":"#texture"}}},{"name":"cube","from":[6.1,-1.5375,6.1],"to":[8,-0.825,9.9],"faces":{"north":{"uv":[10,1,12.5,4.5],"texture":"#texture"},"east":{"uv":[9.5,2,14,5.5],"texture":"#texture"},"south":{"uv":[10,1.5,14.5,6.5],"texture":"#texture"},"west":{"uv":[10.5,2,14,6],"texture":"#texture"},"up":{"uv":[9,1.5,14,5],"texture":"#texture"},"down":{"uv":[10,1.5,14.5,5],"texture":"#texture"}}},{"name":"cube","from":[6.1,-1.8225,5.3875],"to":[8,-0.825,6.1],"rotation":{"angle":-45,"axis":"x","origin":[6.1,-0.825,5.3875]},"faces":{"north":{"uv":[10,1,12.5,4.5],"texture":"#texture"},"east":{"uv":[9.5,2,14,5.5],"texture":"#texture"},"south":{"uv":[10,1.5,14.5,6.5],"texture":"#texture"},"west":{"uv":[10.5,2,14,6],"texture":"#texture"},"up":{"uv":[9,1.5,14,5],"texture":"#texture"},"down":{"uv":[10,1.5,14.5,5],"texture":"#texture"}}},{"name":"cube","from":[6.1,-1.319,10.0995],"to":[8,-0.3215,10.812],"rotation":{"angle":45,"axis":"x","origin":[6.1,-0.3215,10.0995]},"faces":{"north":{"uv":[10,1,12.5,4.5],"texture":"#texture"},"east":{"uv":[9.5,2,14,5.5],"texture":"#texture"},"south":{"uv":[10,1.5,14.5,6.5],"texture":"#texture"},"west":{"uv":[10.5,2,14,6],"texture":"#texture"},"up":{"uv":[9,1.5,14,5],"texture":"#texture"},"down":{"uv":[10,1.5,14.5,5],"texture":"#texture"}}},{"name":"cube","from":[5.3875,-1.8225,6.1],"to":[6.1,-0.825,9.9],"rotation":{"angle":45,"axis":"z","origin":[5.3875,-0.825,6.1]},"faces":{"north":{"uv":[10,1,12.5,4.5],"texture":"#texture"},"east":{"uv":[9.5,2,14,5.5],"texture":"#texture"},"south":{"uv":[10,1.5,14.5,6.5],"texture":"#texture"},"west":{"uv":[10.5,2,14,6],"texture":"#texture"},"up":{"uv":[9,1.5,14,5],"texture":"#texture"},"down":{"uv":[10,1.5,14.5,5],"texture":"#texture"}}},{"name":"cube","from":[8.20663,-1.319,6.1],"to":[8.91913,-0.3215,9.9],"rotation":{"angle":-45,"axis":"z","origin":[8.20663,-0.3215,6.1]},"faces":{"north":{"uv":[10,1,12.5,4.5],"texture":"#texture"},"east":{"uv":[9.5,2,14,5.5],"texture":"#texture"},"south":{"uv":[10,1.5,14.5,6.5],"texture":"#texture"},"west":{"uv":[10.5,2,14,6],"texture":"#texture"},"up":{"uv":[9,1.5,14,5],"texture":"#texture"},"down":{"uv":[10,1.5,14.5,5],"texture":"#texture"}}},{"name":"cube","from":[6.25,2.9675,11.8025],"to":[7.75,4.7175,13.5525],"rotation":{"angle":-22.5,"axis":"x","origin":[6.25,4.7175,11.8025]},"faces":{"north":{"uv":[4.5,2,7,5.5],"texture":"#texture"},"east":{"uv":[1.25,2.5,5.75,6],"texture":"#texture"},"south":{"uv":[2,1.25,6.5,6.25],"texture":"#texture"},"west":{"uv":[3.5,1,7,5],"texture":"#texture"},"up":{"uv":[1.75,2,6.75,5.5],"texture":"#texture"},"down":{"uv":[1,1.25,5.5,4.75],"texture":"#texture"}}},{"name":"cube","from":[6.25,2.25,1.75],"to":[7.75,4,3.5],"faces":{"north":{"uv":[4.5,2,7,5.5],"texture":"#texture"},"east":{"uv":[1.25,2.5,5.75,6],"texture":"#texture"},"south":{"uv":[2,1.25,6.5,6.25],"texture":"#texture"},"west":{"uv":[3.5,1,7,5],"texture":"#texture"},"up":{"uv":[1.75,2,6.75,5.5],"texture":"#texture"},"down":{"uv":[1,1.25,5.5,4.75],"texture":"#texture"}}},{"name":"cube","from":[6.1,2.5,5.3875],"to":[8,4.1625,8.7125],"rotation":{"angle":-45,"axis":"x","origin":[6.1,4.1625,5.3875]},"faces":{"north":{"uv":[10,1,12.5,4.5],"texture":"#texture"},"east":{"uv":[9.5,2,14,5.5],"texture":"#texture"},"south":{"uv":[10,1.5,14.5,6.5],"texture":"#texture"},"west":{"uv":[10.5,2,14,6],"texture":"#texture"},"up":{"uv":[9,1.5,14,5],"texture":"#texture"},"down":{"uv":[10,1.5,14.5,5],"texture":"#texture"}}},{"name":"cube","from":[6.1,4.875,8.2375],"to":[8,6.5375,11.6219],"rotation":{"angle":45,"axis":"x","origin":[6.1,6.5375,8.2375]},"faces":{"north":{"uv":[10,1,12.5,4.5],"texture":"#texture"},"east":{"uv":[9.5,2,14,5.5],"texture":"#texture"},"south":{"uv":[10,1.5,14.5,6.5],"texture":"#texture"},"west":{"uv":[10.5,2,14,6],"texture":"#texture"},"up":{"uv":[9,1.5,14,5],"texture":"#texture"},"down":{"uv":[10,1.5,14.5,5],"texture":"#texture"}}},{"name":"cube","from":[6.5,-3.75,8.25],"to":[8,-1.5,10],"rotation":{"angle":-22.5,"axis":"x","origin":[6.5,-1.5,8.25]},"faces":{"north":{"uv":[10,1,12.5,4.5],"texture":"#texture"},"east":{"uv":[9.5,2,14,5.5],"texture":"#texture"},"south":{"uv":[10,1.5,14.5,6.5],"texture":"#texture"},"west":{"uv":[10.5,2,14,6],"texture":"#texture"},"up":{"uv":[9,1.5,14,5],"texture":"#texture"},"down":{"uv":[10,1.5,14.5,5],"texture":"#texture"}}},{"name":"cube","from":[4.25,-1.69903,6.5],"to":[5.75,-0.699025,7.75],"rotation":{"angle":22.5,"axis":"z","origin":[4.25,-0.699025,6.5]},"faces":{"north":{"uv":[10,1,12.5,4.5],"texture":"#texture"},"east":{"uv":[9.5,2,14,5.5],"texture":"#texture"},"south":{"uv":[10,1.5,14.5,6.5],"texture":"#texture"},"west":{"uv":[10.5,2,14,6],"texture":"#texture"},"up":{"uv":[9,1.5,14,5],"texture":"#texture"},"down":{"uv":[10,1.5,14.5,5],"texture":"#texture"}}},{"name":"cube","from":[8.5,-1,7.25],"to":[10.25,0.25,9],"rotation":{"angle":22.5,"axis":"z","origin":[8.5,0.25,7.25]},"faces":{"north":{"uv":[10,1,12.5,4.5],"texture":"#texture"},"east":{"uv":[9.5,2,14,5.5],"texture":"#texture"},"south":{"uv":[10,1.5,14.5,6.5],"texture":"#texture"},"west":{"uv":[10.5,2,14,6],"texture":"#texture"},"up":{"uv":[9,1.5,14,5],"texture":"#texture"},"down":{"uv":[10,1.5,14.5,5],"texture":"#texture"}}},{"name":"cube","from":[9.5,-1.5,7.75],"to":[10.5,1.75,8.5],"rotation":{"angle":22.5,"axis":"z","origin":[9.5,1.75,7.75]},"faces":{"north":{"uv":[4.5,2,7,5.5],"texture":"#texture"},"east":{"uv":[1.25,2.5,5.75,6],"texture":"#texture"},"south":{"uv":[2,1.25,6.5,6.25],"texture":"#texture"},"west":{"uv":[3.5,1,7,5],"texture":"#texture"},"up":{"uv":[1.75,2,6.75,5.5],"texture":"#texture"},"down":{"uv":[1,1.25,5.5,4.75],"texture":"#texture"}}},{"name":"cube","from":[3,-1.97835,6.25],"to":[4.25,0.271646,8],"rotation":{"angle":22.5,"axis":"z","origin":[3,0.271646,6.25]},"faces":{"north":{"uv":[10,1,12.5,4.5],"texture":"#texture"},"east":{"uv":[9.5,2,14,5.5],"texture":"#texture"},"south":{"uv":[10,1.5,14.5,6.5],"texture":"#texture"},"west":{"uv":[10.5,2,14,6],"texture":"#texture"},"up":{"uv":[9,1.5,14,5],"texture":"#texture"},"down":{"uv":[10,1.5,14.5,5],"texture":"#texture"}}},{"name":"cube","from":[6.25,2.25,3.5],"to":[7.75,4,5.5],"faces":{"north":{"uv":[10,1,12.5,4.5],"texture":"#texture"},"east":{"uv":[9.5,2,14,5.5],"texture":"#texture"},"south":{"uv":[10,1.5,14.5,6.5],"texture":"#texture"},"west":{"uv":[10.5,2,14,6],"texture":"#texture"},"up":{"uv":[9,1.5,14,5],"texture":"#texture"},"down":{"uv":[10,1.5,14.5,5],"texture":"#texture"}}}],"display":{"head":{"rotation":[22,0,0],"translation":[1.5,-19.6,5],"scale":[2,2,2]},"gui":{"rotation":[30,50,0],"translation":[0,1.51,0],"scale":[0.9,0.9,0.9]},"thirdperson_righthand":{"scale":[0,0,0]},"thirdperson_lefthand":{"scale":[0,0,0]},"firstperson_righthand":{"scale":[0,0,0]},"firstperson_lefthand":{"scale":[0,0,0]}}}