{"credit":"Made by MadstonMagic using Cubik Pro, Copyright © MadstonMagic Modeling 2015-2017. All rights reserved","textures":{"texture":"pokemon_skins/regular/camerupt/camerupt","side":"pokemon_skins/regular/camerupt/side","hair":"pokemon_skins/regular/camerupt/hair","particle":"pokemon_skins/regular/camerupt/face"},"elements":[{"from":[-2.5,7.5,5],"to":[1.25,10.5,11],"faces":{"north":{"uv":[2.5,11,5.5,14],"texture":"#texture"},"east":{"uv":[2.75,10.25,6.75,13.25],"texture":"#texture"},"south":{"uv":[0.75,9.75,3.75,12.75],"texture":"#texture"},"west":{"uv":[1.25,10.25,5.25,13.25],"texture":"#texture"},"up":{"uv":[2.5,10.25,5.5,14.25],"texture":"#texture"},"down":{"uv":[2.25,9.5,5.25,13.5],"texture":"#texture"}}},{"from":[-2.21875,5.90625,5],"to":[1.53125,8.90625,11],"rotation":{"angle":-22.5,"axis":"z","origin":[-2.21875,8.90625,5]},"faces":{"north":{"uv":[2.5,11,5.5,14],"texture":"#texture"},"east":{"uv":[2.75,10.25,6.75,13.25],"texture":"#texture"},"south":{"uv":[0.75,9.75,3.75,12.75],"texture":"#texture"},"west":{"uv":[1.25,10.25,5.25,13.25],"texture":"#texture"},"up":{"uv":[2.5,10.25,5.5,14.25],"texture":"#texture"},"down":{"uv":[2.25,9.5,5.25,13.5],"texture":"#texture"}}},{"from":[-3.34375,4.6875,5],"to":[0.40625,6.1875,11],"faces":{"north":{"uv":[2.5,11,5.5,14],"texture":"#texture"},"east":{"uv":[2.75,10.25,6.75,13.25],"texture":"#texture"},"south":{"uv":[0.75,9.75,3.75,12.75],"texture":"#texture"},"west":{"uv":[1.25,10.25,5.25,13.25],"texture":"#texture"},"up":{"uv":[2.5,10.25,5.5,14.25],"texture":"#texture"},"down":{"uv":[2.25,9.5,5.25,13.5],"texture":"#texture"}}},{"from":[-3.34375,3.9375,5.75],"to":[0.40625,4.6875,10.25],"faces":{"north":{"uv":[2.5,11,5.5,14],"texture":"#texture"},"east":{"uv":[2.75,10.25,6.75,13.25],"texture":"#texture"},"south":{"uv":[0.75,9.75,3.75,12.75],"texture":"#texture"},"west":{"uv":[1.25,10.25,5.25,13.25],"texture":"#texture"},"up":{"uv":[2.5,10.25,5.5,14.25],"texture":"#texture"},"down":{"uv":[2.25,9.5,5.25,13.5],"texture":"#texture"}}},{"from":[-3.34375,4.47,5.5325],"to":[0.40625,5.22,6.56375],"rotation":{"angle":45,"axis":"x","origin":[-3.34375,5.22,5.5325]},"faces":{"north":{"uv":[2.5,11,5.5,14],"texture":"#texture"},"east":{"uv":[2.75,10.25,6.75,13.25],"texture":"#texture"},"south":{"uv":[0.75,9.75,3.75,12.75],"texture":"#texture"},"west":{"uv":[1.25,10.25,5.25,13.25],"texture":"#texture"},"up":{"uv":[2.5,10.25,5.5,14.25],"texture":"#texture"},"down":{"uv":[2.25,9.5,5.25,13.5],"texture":"#texture"}}},{"from":[-3.34375,3.72,9.7175],"to":[0.40625,4.47,10.7487],"rotation":{"angle":-45,"axis":"x","origin":[-3.34375,4.47,9.7175]},"faces":{"north":{"uv":[2.5,11,5.5,14],"texture":"#texture"},"east":{"uv":[2.75,10.25,6.75,13.25],"texture":"#texture"},"south":{"uv":[0.75,9.75,3.75,12.75],"texture":"#texture"},"west":{"uv":[1.25,10.25,5.25,13.25],"texture":"#texture"},"up":{"uv":[2.5,10.25,5.5,14.25],"texture":"#texture"},"down":{"uv":[2.25,9.5,5.25,13.5],"texture":"#texture"}}},{"from":[-1,3.75,5.75],"to":[2,5.625,10.25],"rotation":{"angle":45,"axis":"z","origin":[-1,5.625,5.75]},"faces":{"north":{"uv":[2.5,11,5.5,14],"texture":"#texture"},"east":{"uv":[2.75,10.25,6.75,13.25],"texture":"#texture"},"south":{"uv":[0.75,9.75,3.75,12.75],"texture":"#texture"},"west":{"uv":[1.25,10.25,5.25,13.25],"texture":"#texture"},"up":{"uv":[2.5,10.25,5.5,14.25],"texture":"#texture"},"down":{"uv":[2.25,9.5,5.25,13.5],"texture":"#texture"}}},{"from":[1.25,6.375,5.75],"to":[2.375,10.5,10.25],"faces":{"north":{"uv":[2.5,11,5.5,14],"texture":"#texture"},"east":{"uv":[2.75,10.25,6.75,13.25],"texture":"#texture"},"south":{"uv":[0.75,9.75,3.75,12.75],"texture":"#texture"},"west":{"uv":[1.25,10.25,5.25,13.25],"texture":"#texture"},"up":{"uv":[2.5,10.25,5.5,14.25],"texture":"#texture"},"down":{"uv":[2.25,9.5,5.25,13.5],"texture":"#texture"}}},{"from":[-2.5,10.5,5],"to":[1.25,12,11],"faces":{"north":{"uv":[1.5,3.5,4.75,4.5],"texture":"#texture"},"east":{"uv":[3.25,2.75,7.25,3.75],"texture":"#texture"},"south":{"uv":[2.25,2.5,5.5,3.5],"texture":"#texture"},"west":{"uv":[1.75,3.75,5.75,4.75],"texture":"#texture"},"up":{"uv":[2.75,0.75,6,4.75],"texture":"#texture"},"down":{"uv":[3,1.25,6.25,5.25],"texture":"#texture"}}},{"from":[-1.075,10.8375,3.875],"to":[0.9875,12.9,12.125],"faces":{"north":{"uv":[1.5,3.5,4.75,4.5],"texture":"#texture"},"east":{"uv":[3.25,2.75,7.25,3.75],"texture":"#texture"},"south":{"uv":[2.25,2.5,5.5,3.5],"texture":"#texture"},"west":{"uv":[1.75,3.75,5.75,4.75],"texture":"#texture"},"up":{"uv":[2.75,0.75,6,4.75],"texture":"#texture"},"down":{"uv":[3,1.25,6.25,5.25],"texture":"#texture"}}},{"from":[-1,9.375,4.25],"to":[0.875,10.875,11.75],"faces":{"north":{"uv":[10.25,3.75,13.5,4.75],"texture":"#particle"},"east":{"uv":[10.25,3,14.25,4],"texture":"#particle"},"south":{"uv":[10.5,3.25,13.75,4.25],"texture":"#particle"},"west":{"uv":[10,3.5,14,4.5],"texture":"#particle"},"up":{"uv":[10.75,1.75,14,5.75],"texture":"#particle"},"down":{"uv":[11,2.25,14.25,6.25],"texture":"#particle"}}},{"from":[-0.625,9,4.25],"to":[0.5,9.375,11.75],"faces":{"north":{"uv":[10.25,3.75,13.5,4.75],"texture":"#particle"},"east":{"uv":[10.25,3,14.25,4],"texture":"#particle"},"south":{"uv":[10.5,3.25,13.75,4.25],"texture":"#particle"},"west":{"uv":[10,3.5,14,4.5],"texture":"#particle"},"up":{"uv":[10.75,1.75,14,5.75],"texture":"#particle"},"down":{"uv":[11,2.25,14.25,6.25],"texture":"#particle"}}},{"from":[-1.9,10.8375,4.7],"to":[-0.76563,12.9,5.62812],"rotation":{"angle":45,"axis":"y","origin":[-1.9,10.8375,4.7]},"faces":{"north":{"uv":[1.5,3.5,4.75,4.5],"texture":"#texture"},"east":{"uv":[3.25,2.75,7.25,3.75],"texture":"#texture"},"south":{"uv":[2.25,2.5,5.5,3.5],"texture":"#texture"},"west":{"uv":[1.75,3.75,5.75,4.75],"texture":"#texture"},"up":{"uv":[2.75,0.75,6,4.75],"texture":"#texture"},"down":{"uv":[3,1.25,6.25,5.25],"texture":"#texture"}}},{"from":[0.9875,10.8375,3.875],"to":[2.12187,12.9,4.80312],"rotation":{"angle":-45,"axis":"y","origin":[0.9875,10.8375,3.875]},"faces":{"north":{"uv":[1.5,3.5,4.75,4.5],"texture":"#texture"},"east":{"uv":[3.25,2.75,7.25,3.75],"texture":"#texture"},"south":{"uv":[2.25,2.5,5.5,3.5],"texture":"#texture"},"west":{"uv":[1.75,3.75,5.75,4.75],"texture":"#texture"},"up":{"uv":[2.75,0.75,6,4.75],"texture":"#texture"},"down":{"uv":[3,1.25,6.25,5.25],"texture":"#texture"}}},{"from":[0.33575,10.8375,11.4361],"to":[1.47012,12.9,12.3643],"rotation":{"angle":45,"axis":"y","origin":[0.33575,10.8375,11.4361]},"faces":{"north":{"uv":[1.5,3.5,4.75,4.5],"texture":"#texture"},"east":{"uv":[3.25,2.75,7.25,3.75],"texture":"#texture"},"south":{"uv":[2.25,2.5,5.5,3.5],"texture":"#texture"},"west":{"uv":[1.75,3.75,5.75,4.75],"texture":"#texture"},"up":{"uv":[2.75,0.75,6,4.75],"texture":"#texture"},"down":{"uv":[3,1.25,6.25,5.25],"texture":"#texture"}}},{"from":[-1.9375,10.845,4.625],"to":[1.71875,12.9,11.2813],"faces":{"north":{"uv":[1.5,3.5,4.75,4.5],"texture":"#texture"},"east":{"uv":[3.25,2.75,7.25,3.75],"texture":"#texture"},"south":{"uv":[2.25,2.5,5.5,3.5],"texture":"#texture"},"west":{"uv":[1.75,3.75,5.75,4.75],"texture":"#texture"},"up":{"uv":[2.75,0.75,6,4.75],"texture":"#texture"},"down":{"uv":[3,1.25,6.25,5.25],"texture":"#texture"}}},{"from":[-2.5,11.25,5],"to":[-0.4375,12,11],"rotation":{"angle":45,"axis":"z","origin":[-2.5,12,5]},"faces":{"north":{"uv":[1.5,3.5,4.75,4.5],"texture":"#texture"},"east":{"uv":[3.25,2.75,7.25,3.75],"texture":"#texture"},"south":{"uv":[2.25,2.5,5.5,3.5],"texture":"#texture"},"west":{"uv":[1.75,3.75,5.75,4.75],"texture":"#texture"},"up":{"uv":[2.75,0.75,6,4.75],"texture":"#texture"},"down":{"uv":[3,1.25,6.25,5.25],"texture":"#texture"}}},{"from":[-1.24825,10.8375,10.6483],"to":[-0.11388,12.9,11.5764],"rotation":{"angle":-45,"axis":"y","origin":[-1.24825,10.8375,10.6483]},"faces":{"north":{"uv":[1.5,3.5,4.75,4.5],"texture":"#texture"},"east":{"uv":[3.25,2.75,7.25,3.75],"texture":"#texture"},"south":{"uv":[2.25,2.5,5.5,3.5],"texture":"#texture"},"west":{"uv":[1.75,3.75,5.75,4.75],"texture":"#texture"},"up":{"uv":[2.75,0.75,6,4.75],"texture":"#texture"},"down":{"uv":[3,1.25,6.25,5.25],"texture":"#texture"}}},{"from":[1.25,7.125,5],"to":[3.125,12.75,11],"faces":{"north":{"uv":[1.5,3.5,4.75,4.5],"texture":"#texture"},"east":{"uv":[3.25,2.75,7.25,3.75],"texture":"#texture"},"south":{"uv":[2.25,2.5,5.5,3.5],"texture":"#texture"},"west":{"uv":[1.75,3.75,5.75,4.75],"texture":"#texture"},"up":{"uv":[2.75,0.75,6,4.75],"texture":"#texture"},"down":{"uv":[3,1.25,6.25,5.25],"texture":"#texture"}}},{"from":[1.25,10.5,5],"to":[6.125,12.75,11],"rotation":{"angle":22.5,"axis":"z","origin":[1.25,12.75,5]},"faces":{"north":{"uv":[1.5,3.5,4.75,4.5],"texture":"#texture"},"east":{"uv":[3.25,2.75,7.25,3.75],"texture":"#texture"},"south":{"uv":[2.25,2.5,5.5,3.5],"texture":"#texture"},"west":{"uv":[1.75,3.75,5.75,4.75],"texture":"#texture"},"up":{"uv":[2.75,0.75,6,4.75],"texture":"#texture"},"down":{"uv":[3,1.25,6.25,5.25],"texture":"#texture"}}},{"from":[5.75,5.625,5],"to":[20,14.625,11],"faces":{"north":{"uv":[1.5,3.5,4.75,4.5],"texture":"#texture"},"east":{"uv":[3.25,2.75,7.25,3.75],"texture":"#texture"},"south":{"uv":[2.25,2.5,5.5,3.5],"texture":"#texture"},"west":{"uv":[1.75,3.75,5.75,4.75],"texture":"#texture"},"up":{"uv":[2.75,0.75,6,4.75],"texture":"#texture"},"down":{"uv":[3,1.25,6.25,5.25],"texture":"#texture"}}},{"from":[17.5625,6.84375,5],"to":[20.1875,13.5938,11],"rotation":{"angle":22.5,"axis":"z","origin":[17.5625,13.5938,5]},"faces":{"north":{"uv":[1.5,3.5,4.75,4.5],"texture":"#texture"},"east":{"uv":[3.25,2.75,7.25,3.75],"texture":"#texture"},"south":{"uv":[2.25,2.5,5.5,3.5],"texture":"#texture"},"west":{"uv":[1.75,3.75,5.75,4.75],"texture":"#texture"},"up":{"uv":[2.75,0.75,6,4.75],"texture":"#texture"},"down":{"uv":[3,1.25,6.25,5.25],"texture":"#texture"}}},{"from":[19.9063,4.21875,5],"to":[22.5313,8.34375,11],"faces":{"north":{"uv":[1.5,3.5,4.75,4.5],"texture":"#texture"},"east":{"uv":[3.25,2.75,7.25,3.75],"texture":"#texture"},"south":{"uv":[2.25,2.5,5.5,3.5],"texture":"#texture"},"west":{"uv":[1.75,3.75,5.75,4.75],"texture":"#texture"},"up":{"uv":[2.75,0.75,6,4.75],"texture":"#texture"},"down":{"uv":[3,1.25,6.25,5.25],"texture":"#texture"}}},{"from":[1.25,1.5,5],"to":[3.125,7.125,11],"rotation":{"angle":45,"axis":"z","origin":[1.25,7.125,5]},"faces":{"north":{"uv":[1.5,3.5,4.75,4.5],"texture":"#texture"},"east":{"uv":[3.25,2.75,7.25,3.75],"texture":"#texture"},"south":{"uv":[2.25,2.5,5.5,3.5],"texture":"#texture"},"west":{"uv":[1.75,3.75,5.75,4.75],"texture":"#texture"},"up":{"uv":[2.75,0.75,6,4.75],"texture":"#texture"},"down":{"uv":[3,1.25,6.25,5.25],"texture":"#texture"}}},{"from":[5.1875,3.1875,5],"to":[20.2813,5.8125,11],"faces":{"north":{"uv":[1.5,3.5,4.75,4.5],"texture":"#texture"},"east":{"uv":[3.25,2.75,7.25,3.75],"texture":"#texture"},"south":{"uv":[2.25,2.5,5.5,3.5],"texture":"#texture"},"west":{"uv":[1.75,3.75,5.75,4.75],"texture":"#texture"},"up":{"uv":[2.75,0.75,6,4.75],"texture":"#texture"},"down":{"uv":[3,1.25,6.25,5.25],"texture":"#texture"}}},{"from":[19.625,3.09375,5],"to":[22.0625,4.59375,11],"rotation":{"angle":22.5,"axis":"z","origin":[19.625,4.59375,5]},"faces":{"north":{"uv":[1.5,3.5,4.75,4.5],"texture":"#texture"},"east":{"uv":[3.25,2.75,7.25,3.75],"texture":"#texture"},"south":{"uv":[2.25,2.5,5.5,3.5],"texture":"#texture"},"west":{"uv":[1.75,3.75,5.75,4.75],"texture":"#texture"},"up":{"uv":[2.75,0.75,6,4.75],"texture":"#texture"},"down":{"uv":[3,1.25,6.25,5.25],"texture":"#texture"}}},{"from":[3.125,5.625,5],"to":[5.75,12.375,11],"faces":{"north":{"uv":[1.5,3.5,4.75,4.5],"texture":"#texture"},"east":{"uv":[3.25,2.75,7.25,3.75],"texture":"#texture"},"south":{"uv":[2.25,2.5,5.5,3.5],"texture":"#texture"},"west":{"uv":[1.75,3.75,5.75,4.75],"texture":"#texture"},"up":{"uv":[2.75,0.75,6,4.75],"texture":"#texture"},"down":{"uv":[3,1.25,6.25,5.25],"texture":"#texture"}}},{"from":[5.75,11.25,3.125],"to":[20,12.75,5.75],"rotation":{"angle":-45,"axis":"x","origin":[5.75,12.75,3.125]},"faces":{"north":{"uv":[1.5,3.5,4.75,4.5],"texture":"#texture"},"east":{"uv":[3.25,2.75,7.25,3.75],"texture":"#texture"},"south":{"uv":[2.25,2.5,5.5,3.5],"texture":"#texture"},"west":{"uv":[1.75,3.75,5.75,4.75],"texture":"#texture"},"up":{"uv":[2.75,0.75,6,4.75],"texture":"#texture"},"down":{"uv":[3,1.25,6.25,5.25],"texture":"#texture"}}},{"from":[5.75,13.125,11],"to":[20,14.625,13.625],"rotation":{"angle":45,"axis":"x","origin":[5.75,14.625,11]},"faces":{"north":{"uv":[1.5,3.5,4.75,4.5],"texture":"#texture"},"east":{"uv":[3.25,2.75,7.25,3.75],"texture":"#texture"},"south":{"uv":[2.25,2.5,5.5,3.5],"texture":"#texture"},"west":{"uv":[1.75,3.75,5.75,4.75],"texture":"#texture"},"up":{"uv":[2.75,0.75,6,4.75],"texture":"#texture"},"down":{"uv":[3,1.25,6.25,5.25],"texture":"#texture"}}},{"from":[5.75,5.0625,3.125],"to":[20,12.75,12.875],"faces":{"north":{"uv":[1.5,3.5,4.75,4.5],"texture":"#texture"},"east":{"uv":[3.25,2.75,7.25,3.75],"texture":"#texture"},"south":{"uv":[2.25,2.5,5.5,3.5],"texture":"#texture"},"west":{"uv":[1.75,3.75,5.75,4.75],"texture":"#texture"},"up":{"uv":[2.75,0.75,6,4.75],"texture":"#texture"},"down":{"uv":[3,1.25,6.25,5.25],"texture":"#texture"}}},{"from":[5.75,4.62375,4.20125],"to":[20,6.12375,6.82625],"rotation":{"angle":45,"axis":"x","origin":[5.75,6.12375,4.20125]},"faces":{"north":{"uv":[1.5,3.5,4.75,4.5],"texture":"#texture"},"east":{"uv":[3.25,2.75,7.25,3.75],"texture":"#texture"},"south":{"uv":[2.25,2.5,5.5,3.5],"texture":"#texture"},"west":{"uv":[1.75,3.75,5.75,4.75],"texture":"#texture"},"up":{"uv":[2.75,0.75,6,4.75],"texture":"#texture"},"down":{"uv":[3,1.25,6.25,5.25],"texture":"#texture"}}},{"from":[5.75,2.76,9.9425],"to":[20,4.26,12.5675],"rotation":{"angle":-45,"axis":"x","origin":[5.75,4.26,9.9425]},"faces":{"north":{"uv":[1.5,3.5,4.75,4.5],"texture":"#texture"},"east":{"uv":[3.25,2.75,7.25,3.75],"texture":"#texture"},"south":{"uv":[2.25,2.5,5.5,3.5],"texture":"#texture"},"west":{"uv":[1.75,3.75,5.75,4.75],"texture":"#texture"},"up":{"uv":[2.75,0.75,6,4.75],"texture":"#texture"},"down":{"uv":[3,1.25,6.25,5.25],"texture":"#texture"}}},{"from":[3.875,5.0625,5],"to":[6.5,12.75,7.34375],"rotation":{"angle":45,"axis":"y","origin":[3.875,5.0625,5]},"faces":{"north":{"uv":[1.5,3.5,4.75,4.5],"texture":"#texture"},"east":{"uv":[3.25,2.75,7.25,3.75],"texture":"#texture"},"south":{"uv":[2.25,2.5,5.5,3.5],"texture":"#texture"},"west":{"uv":[1.75,3.75,5.75,4.75],"texture":"#texture"},"up":{"uv":[2.75,0.75,6,4.75],"texture":"#texture"},"down":{"uv":[3,1.25,6.25,5.25],"texture":"#texture"}}},{"from":[5.46875,5.0625,9.40625],"to":[8.09375,12.75,11.6563],"rotation":{"angle":-45,"axis":"y","origin":[5.46875,5.0625,9.40625]},"faces":{"north":{"uv":[1.5,3.5,4.75,4.5],"texture":"#texture"},"east":{"uv":[3.25,2.75,7.25,3.75],"texture":"#texture"},"south":{"uv":[2.25,2.5,5.5,3.5],"texture":"#texture"},"west":{"uv":[1.75,3.75,5.75,4.75],"texture":"#texture"},"up":{"uv":[2.75,0.75,6,4.75],"texture":"#texture"},"down":{"uv":[3,1.25,6.25,5.25],"texture":"#texture"}}},{"from":[-0.74875,9.28125,4.25],"to":[-0.18625,9.65625,11.75],"rotation":{"angle":-45,"axis":"z","origin":[-0.74875,9.65625,4.25]},"faces":{"north":{"uv":[10.25,3.75,13.5,4.75],"texture":"#particle"},"east":{"uv":[10.25,3,14.25,4],"texture":"#particle"},"south":{"uv":[10.5,3.25,13.75,4.25],"texture":"#particle"},"west":{"uv":[10,3.5,14,4.5],"texture":"#particle"},"up":{"uv":[10.75,1.75,14,5.75],"texture":"#particle"},"down":{"uv":[11,2.25,14.25,6.25],"texture":"#particle"}}},{"from":[0.21875,8.87625,4.25],"to":[0.78125,9.25125,11.75],"rotation":{"angle":45,"axis":"z","origin":[0.21875,9.25125,4.25]},"faces":{"north":{"uv":[10.25,3.75,13.5,4.75],"texture":"#particle"},"east":{"uv":[10.25,3,14.25,4],"texture":"#particle"},"south":{"uv":[10.5,3.25,13.75,4.25],"texture":"#particle"},"west":{"uv":[10,3.5,14,4.5],"texture":"#particle"},"up":{"uv":[10.75,1.75,14,5.75],"texture":"#particle"},"down":{"uv":[11,2.25,14.25,6.25],"texture":"#particle"}}},{"from":[-2.50375,9.015,5],"to":[-2.41,10.515,11],"faces":{"west":{"uv":[0.125,0.5,15.875,9.5],"texture":"#hair"}}},{"from":[-0.8125,9.525,11.6638],"to":[-0.25,10.4625,11.7575],"faces":{"south":{"uv":[0.5,0.5,4,5],"texture":"#particle"}}},{"from":[-0.8125,9.525,4.2425],"to":[-0.25,10.4625,4.33625],"faces":{"north":{"uv":[4,0.5,0.5,5],"texture":"#particle"}}},{"from":[-0.25,10.9688,11.6563],"to":[1.25,12.8438,15.7813],"rotation":{"angle":22.5,"axis":"x","origin":[-0.25,12.8438,11.6563]},"faces":{"north":{"uv":[1.5,3.5,4.75,4.5],"texture":"#texture"},"east":{"uv":[3.25,2.75,7.25,3.75],"texture":"#texture"},"south":{"uv":[2.25,2.5,5.5,3.5],"texture":"#texture"},"west":{"uv":[1.75,3.75,5.75,4.75],"texture":"#texture"},"up":{"uv":[2.75,0.75,6,4.75],"texture":"#texture"},"down":{"uv":[3,1.25,6.25,5.25],"texture":"#texture"}}},{"from":[-0.25,9.46875,1.25],"to":[1.25,11.3438,5.375],"rotation":{"angle":-22.5,"axis":"x","origin":[-0.25,11.3438,1.25]},"faces":{"north":{"uv":[1.5,3.5,4.75,4.5],"texture":"#texture"},"east":{"uv":[3.25,2.75,7.25,3.75],"texture":"#texture"},"south":{"uv":[2.25,2.5,5.5,3.5],"texture":"#texture"},"west":{"uv":[1.75,3.75,5.75,4.75],"texture":"#texture"},"up":{"uv":[2.75,0.75,6,4.75],"texture":"#texture"},"down":{"uv":[3,1.25,6.25,5.25],"texture":"#texture"}}},{"from":[-0.625,12,4.25],"to":[0.875,15.375,5.75],"rotation":{"angle":-22.5,"axis":"x","origin":[-0.625,15.375,4.25]},"faces":{"north":{"uv":[1.5,3.5,4.75,4.5],"texture":"#texture"},"east":{"uv":[3.25,2.75,7.25,3.75],"texture":"#texture"},"south":{"uv":[2.25,2.5,5.5,3.5],"texture":"#texture"},"west":{"uv":[1.75,3.75,5.75,4.75],"texture":"#texture"},"up":{"uv":[2.75,0.75,6,4.75],"texture":"#texture"},"down":{"uv":[3,1.25,6.25,5.25],"texture":"#texture"}}},{"from":[-0.625,12.5625,10.25],"to":[0.875,15.9375,11.75],"rotation":{"angle":22.5,"axis":"x","origin":[-0.625,15.9375,10.25]},"faces":{"north":{"uv":[1.5,3.5,4.75,4.5],"texture":"#texture"},"east":{"uv":[3.25,2.75,7.25,3.75],"texture":"#texture"},"south":{"uv":[2.25,2.5,5.5,3.5],"texture":"#texture"},"west":{"uv":[1.75,3.75,5.75,4.75],"texture":"#texture"},"up":{"uv":[2.75,0.75,6,4.75],"texture":"#texture"},"down":{"uv":[3,1.25,6.25,5.25],"texture":"#texture"}}},{"from":[-0.625,12.75,6.875],"to":[0.875,16.875,9.125],"faces":{"north":{"uv":[1.5,3.5,4.75,4.5],"texture":"#texture"},"east":{"uv":[3.25,2.75,7.25,3.75],"texture":"#texture"},"south":{"uv":[2.25,2.5,5.5,3.5],"texture":"#texture"},"west":{"uv":[1.75,3.75,5.75,4.75],"texture":"#texture"},"up":{"uv":[2.75,0.75,6,4.75],"texture":"#texture"},"down":{"uv":[3,1.25,6.25,5.25],"texture":"#texture"}}},{"from":[-0.625,16.7475,7.4525],"to":[0.875,18.2475,8.2025],"rotation":{"angle":22.5,"axis":"x","origin":[-0.625,18.2475,7.4525]},"faces":{"north":{"uv":[1.5,3.5,4.75,4.5],"texture":"#texture"},"east":{"uv":[3.25,2.75,7.25,3.75],"texture":"#texture"},"south":{"uv":[2.25,2.5,5.5,3.5],"texture":"#texture"},"west":{"uv":[1.75,3.75,5.75,4.75],"texture":"#texture"},"up":{"uv":[2.75,0.75,6,4.75],"texture":"#texture"},"down":{"uv":[3,1.25,6.25,5.25],"texture":"#texture"}}},{"from":[-0.625,16.47,7.8575],"to":[0.875,17.97,8.6075],"rotation":{"angle":-22.5,"axis":"x","origin":[-0.625,17.97,7.8575]},"faces":{"north":{"uv":[1.5,3.5,4.75,4.5],"texture":"#texture"},"east":{"uv":[3.25,2.75,7.25,3.75],"texture":"#texture"},"south":{"uv":[2.25,2.5,5.5,3.5],"texture":"#texture"},"west":{"uv":[1.75,3.75,5.75,4.75],"texture":"#texture"},"up":{"uv":[2.75,0.75,6,4.75],"texture":"#texture"},"down":{"uv":[3,1.25,6.25,5.25],"texture":"#texture"}}},{"from":[-0.625,18.03,8],"to":[0.875,18.78,8.75],"rotation":{"angle":45,"axis":"x","origin":[-0.625,18.78,8]},"faces":{"north":{"uv":[1.5,3.5,4.75,4.5],"texture":"#texture"},"east":{"uv":[3.25,2.75,7.25,3.75],"texture":"#texture"},"south":{"uv":[2.25,2.5,5.5,3.5],"texture":"#texture"},"west":{"uv":[1.75,3.75,5.75,4.75],"texture":"#texture"},"up":{"uv":[2.75,0.75,6,4.75],"texture":"#texture"},"down":{"uv":[3,1.25,6.25,5.25],"texture":"#texture"}}},{"from":[-0.625,16.5,7.625],"to":[0.875,17.625,8.375],"faces":{"north":{"uv":[1.5,3.5,4.75,4.5],"texture":"#texture"},"east":{"uv":[3.25,2.75,7.25,3.75],"texture":"#texture"},"south":{"uv":[2.25,2.5,5.5,3.5],"texture":"#texture"},"west":{"uv":[1.75,3.75,5.75,4.75],"texture":"#texture"},"up":{"uv":[2.75,0.75,6,4.75],"texture":"#texture"},"down":{"uv":[3,1.25,6.25,5.25],"texture":"#texture"}}},{"from":[-0.25,9.42,14.2363],"to":[1.25,10.7325,15.5488],"rotation":{"angle":-22.5,"axis":"x","origin":[-0.25,10.7325,14.2363]},"faces":{"north":{"uv":[1.5,3.5,4.75,4.5],"texture":"#texture"},"east":{"uv":[3.25,2.75,7.25,3.75],"texture":"#texture"},"south":{"uv":[2.25,2.5,5.5,3.5],"texture":"#texture"},"west":{"uv":[1.75,3.75,5.75,4.75],"texture":"#texture"},"up":{"uv":[2.75,0.75,6,4.75],"texture":"#texture"},"down":{"uv":[3,1.25,6.25,5.25],"texture":"#texture"}}},{"from":[-0.25,10.0313,1.25],"to":[1.25,11.3438,2.5625],"rotation":{"angle":22.5,"axis":"x","origin":[-0.25,11.3438,1.25]},"faces":{"north":{"uv":[1.5,3.5,4.75,4.5],"texture":"#texture"},"east":{"uv":[3.25,2.75,7.25,3.75],"texture":"#texture"},"south":{"uv":[2.25,2.5,5.5,3.5],"texture":"#texture"},"west":{"uv":[1.75,3.75,5.75,4.75],"texture":"#texture"},"up":{"uv":[2.75,0.75,6,4.75],"texture":"#texture"},"down":{"uv":[3,1.25,6.25,5.25],"texture":"#texture"}}},{"from":[-1,12.75,5],"to":[1.25,13.5,11],"faces":{"north":{"uv":[1.5,3.5,4.75,4.5],"texture":"#texture"},"east":{"uv":[3.25,2.75,7.25,3.75],"texture":"#texture"},"south":{"uv":[2.25,2.5,5.5,3.5],"texture":"#texture"},"west":{"uv":[1.75,3.75,5.75,4.75],"texture":"#texture"},"up":{"uv":[2.75,0.75,6,4.75],"texture":"#texture"},"down":{"uv":[3,1.25,6.25,5.25],"texture":"#texture"}}},{"from":[1.25,12.75,5],"to":[3.3125,13.5,11],"rotation":{"angle":-45,"axis":"z","origin":[1.25,13.5,5]},"faces":{"north":{"uv":[1.5,3.5,4.75,4.5],"texture":"#texture"},"east":{"uv":[3.25,2.75,7.25,3.75],"texture":"#texture"},"south":{"uv":[2.25,2.5,5.5,3.5],"texture":"#texture"},"west":{"uv":[1.75,3.75,5.75,4.75],"texture":"#texture"},"up":{"uv":[2.75,0.75,6,4.75],"texture":"#texture"},"down":{"uv":[3,1.25,6.25,5.25],"texture":"#texture"}}},{"from":[-0.625,14.9063,10.25],"to":[0.875,15.9375,11.2813],"rotation":{"angle":-22.5,"axis":"x","origin":[-0.625,15.9375,10.25]},"faces":{"north":{"uv":[1.5,3.5,4.75,4.5],"texture":"#texture"},"east":{"uv":[3.25,2.75,7.25,3.75],"texture":"#texture"},"south":{"uv":[2.25,2.5,5.5,3.5],"texture":"#texture"},"west":{"uv":[1.75,3.75,5.75,4.75],"texture":"#texture"},"up":{"uv":[2.75,0.75,6,4.75],"texture":"#texture"},"down":{"uv":[3,1.25,6.25,5.25],"texture":"#texture"}}},{"from":[-0.625,15.315,4.655],"to":[0.875,16.3463,5.68625],"rotation":{"angle":22.5,"axis":"x","origin":[-0.625,16.3463,4.655]},"faces":{"north":{"uv":[1.5,3.5,4.75,4.5],"texture":"#texture"},"east":{"uv":[3.25,2.75,7.25,3.75],"texture":"#texture"},"south":{"uv":[2.25,2.5,5.5,3.5],"texture":"#texture"},"west":{"uv":[1.75,3.75,5.75,4.75],"texture":"#texture"},"up":{"uv":[2.75,0.75,6,4.75],"texture":"#texture"},"down":{"uv":[3,1.25,6.25,5.25],"texture":"#texture"}}},{"from":[-1.46875,9.84375,3.875],"to":[0.03125,10.7813,12.125],"rotation":{"angle":22.5,"axis":"z","origin":[-1.46875,10.7813,3.875]},"faces":{"north":{"uv":[1.5,3.5,4.75,4.5],"texture":"#texture"},"east":{"uv":[3.25,2.75,7.25,3.75],"texture":"#texture"},"south":{"uv":[2.25,2.5,5.5,3.5],"texture":"#texture"},"west":{"uv":[1.75,3.75,5.75,4.75],"texture":"#texture"},"up":{"uv":[2.75,0.75,6,4.75],"texture":"#texture"},"down":{"uv":[3,1.25,6.25,5.25],"texture":"#texture"}}},{"from":[-3.35125,4.875,5.75],"to":[-3.2575,5.625,6.875],"faces":{"west":{"uv":[9,9.5,1,15],"texture":"#particle"}}},{"from":[-3.35125,4.875,9.125],"to":[-3.2575,5.625,10.25],"faces":{"west":{"uv":[1,9.5,9,15],"texture":"#particle"}}},{"from":[6.875,6,12.785],"to":[10.25,12,12.8788],"faces":{"south":{"uv":[0.25,0.25,8.25,13.25],"texture":"#side"}}},{"from":[11.375,6,12.785],"to":[14.75,12,12.8788],"faces":{"south":{"uv":[0.25,0.25,8.25,13.25],"texture":"#side"}}},{"from":[15.875,6,12.785],"to":[19.25,12,12.8788],"faces":{"south":{"uv":[0.25,0.25,8.25,13.25],"texture":"#side"}}},{"from":[6.875,6,3.1175],"to":[10.25,12,3.21125],"faces":{"north":{"uv":[0.25,0.25,8.25,13.25],"texture":"#side"}}},{"from":[11.375,6,3.1175],"to":[14.75,12,3.21125],"faces":{"north":{"uv":[0.25,0.25,8.25,13.25],"texture":"#side"}}},{"from":[15.875,6,3.1175],"to":[19.25,12,3.21125],"faces":{"north":{"uv":[0.25,0.25,8.25,13.25],"texture":"#side"}}},{"from":[5.375,13.5,5],"to":[5.46875,15.75,11],"rotation":{"angle":-22.5,"axis":"z","origin":[5.375,15.75,5]},"faces":{"east":{"uv":[15.875,9.5,0.125,0.5],"texture":"#hair"},"west":{"uv":[0.125,9.5,15.875,0.5],"texture":"#hair"}}},{"from":[8,14.625,6.125],"to":[11.75,19.5,9.875],"faces":{"north":{"uv":[10,2.5,12,4.5],"texture":"#texture"},"east":{"uv":[8.75,2,10.75,4],"texture":"#texture"},"south":{"uv":[10.75,2.75,12.75,4.75],"texture":"#texture"},"west":{"uv":[9.25,2,11.25,4],"texture":"#texture"},"up":{"uv":[11.75,2.75,13.75,4.75],"texture":"#texture"},"down":{"uv":[11.25,3.5,13.25,5.5],"texture":"#texture"}}},{"from":[8.75,14.625,5.375],"to":[11,19.5,10.625],"faces":{"north":{"uv":[10,2.5,12,4.5],"texture":"#texture"},"east":{"uv":[8.75,2,10.75,4],"texture":"#texture"},"south":{"uv":[10.75,2.75,12.75,4.75],"texture":"#texture"},"west":{"uv":[9.25,2,11.25,4],"texture":"#texture"},"up":{"uv":[11.75,2.75,13.75,4.75],"texture":"#texture"},"down":{"uv":[11.25,3.5,13.25,5.5],"texture":"#texture"}}},{"from":[7.25,14.625,6.875],"to":[12.5,19.5,9.125],"faces":{"north":{"uv":[10,2.5,12,4.5],"texture":"#texture"},"east":{"uv":[8.75,2,10.75,4],"texture":"#texture"},"south":{"uv":[10.75,2.75,12.75,4.75],"texture":"#texture"},"west":{"uv":[9.25,2,11.25,4],"texture":"#texture"},"up":{"uv":[11.75,2.75,13.75,4.75],"texture":"#texture"},"down":{"uv":[11.25,3.5,13.25,5.5],"texture":"#texture"}}},{"from":[7.25,14.625,6.875],"to":[9.38,19.5,12.185],"rotation":{"angle":45,"axis":"y","origin":[7.25,14.625,6.875]},"faces":{"north":{"uv":[10,2.5,12,4.5],"texture":"#texture"},"east":{"uv":[8.75,2,10.75,4],"texture":"#texture"},"south":{"uv":[10.75,2.75,12.75,4.75],"texture":"#texture"},"west":{"uv":[9.25,2,11.25,4],"texture":"#texture"},"up":{"uv":[11.75,2.75,13.75,4.75],"texture":"#texture"},"down":{"uv":[11.25,3.5,13.25,5.5],"texture":"#texture"}}},{"from":[11,14.625,5.375],"to":[13.13,19.5,10.685],"rotation":{"angle":-45,"axis":"y","origin":[11,14.625,5.375]},"faces":{"north":{"uv":[10,2.5,12,4.5],"texture":"#texture"},"east":{"uv":[8.75,2,10.75,4],"texture":"#texture"},"south":{"uv":[10.75,2.75,12.75,4.75],"texture":"#texture"},"west":{"uv":[9.25,2,11.25,4],"texture":"#texture"},"up":{"uv":[11.75,2.75,13.75,4.75],"texture":"#texture"},"down":{"uv":[11.25,3.5,13.25,5.5],"texture":"#texture"}}},{"from":[7.25,13.875,6.875],"to":[9.125,17.625,9.125],"rotation":{"angle":-22.5,"axis":"z","origin":[7.25,17.625,6.875]},"faces":{"north":{"uv":[10,2.5,12,4.5],"texture":"#texture"},"east":{"uv":[8.75,2,10.75,4],"texture":"#texture"},"south":{"uv":[10.75,2.75,12.75,4.75],"texture":"#texture"},"west":{"uv":[9.25,2,11.25,4],"texture":"#texture"},"up":{"uv":[11.75,2.75,13.75,4.75],"texture":"#texture"},"down":{"uv":[11.25,3.5,13.25,5.5],"texture":"#texture"}}},{"from":[10.625,13.125,6.875],"to":[12.5,16.875,9.125],"rotation":{"angle":22.5,"axis":"z","origin":[10.625,16.875,6.875]},"faces":{"north":{"uv":[10,2.5,12,4.5],"texture":"#texture"},"east":{"uv":[8.75,2,10.75,4],"texture":"#texture"},"south":{"uv":[10.75,2.75,12.75,4.75],"texture":"#texture"},"west":{"uv":[9.25,2,11.25,4],"texture":"#texture"},"up":{"uv":[11.75,2.75,13.75,4.75],"texture":"#texture"},"down":{"uv":[11.25,3.5,13.25,5.5],"texture":"#texture"}}},{"from":[8.75,12.75,5.375],"to":[11,16.875,7.25],"rotation":{"angle":22.5,"axis":"x","origin":[8.75,16.875,5.375]},"faces":{"north":{"uv":[10,2.5,12,4.5],"texture":"#texture"},"east":{"uv":[8.75,2,10.75,4],"texture":"#texture"},"south":{"uv":[10.75,2.75,12.75,4.75],"texture":"#texture"},"west":{"uv":[9.25,2,11.25,4],"texture":"#texture"},"up":{"uv":[11.75,2.75,13.75,4.75],"texture":"#texture"},"down":{"uv":[11.25,3.5,13.25,5.5],"texture":"#texture"}}},{"from":[8.75,12,8.75],"to":[11,16.125,10.625],"rotation":{"angle":-22.5,"axis":"x","origin":[8.75,16.125,8.75]},"faces":{"north":{"uv":[10,2.5,12,4.5],"texture":"#texture"},"east":{"uv":[8.75,2,10.75,4],"texture":"#texture"},"south":{"uv":[10.75,2.75,12.75,4.75],"texture":"#texture"},"west":{"uv":[9.25,2,11.25,4],"texture":"#texture"},"up":{"uv":[11.75,2.75,13.75,4.75],"texture":"#texture"},"down":{"uv":[11.25,3.5,13.25,5.5],"texture":"#texture"}}},{"from":[6.875,13.125,3.875],"to":[9.125,16.125,6.125],"rotation":{"angle":-45,"axis":"y","origin":[6.875,13.125,3.875]},"faces":{"north":{"uv":[10,2.5,12,4.5],"texture":"#texture"},"east":{"uv":[8.75,2,10.75,4],"texture":"#texture"},"south":{"uv":[10.75,2.75,12.75,4.75],"texture":"#texture"},"west":{"uv":[9.25,2,11.25,4],"texture":"#texture"},"up":{"uv":[11.75,2.75,13.75,4.75],"texture":"#texture"},"down":{"uv":[11.25,3.5,13.25,5.5],"texture":"#texture"}}},{"from":[7.15625,13.125,9.21875],"to":[9.40625,16.125,11.4688],"rotation":{"angle":-45,"axis":"y","origin":[7.15625,13.125,9.21875]},"faces":{"north":{"uv":[10,2.5,12,4.5],"texture":"#texture"},"east":{"uv":[8.75,2,10.75,4],"texture":"#texture"},"south":{"uv":[10.75,2.75,12.75,4.75],"texture":"#texture"},"west":{"uv":[9.25,2,11.25,4],"texture":"#texture"},"up":{"uv":[11.75,2.75,13.75,4.75],"texture":"#texture"},"down":{"uv":[11.25,3.5,13.25,5.5],"texture":"#texture"}}},{"from":[5.375,12.75,6.875],"to":[7.625,15.75,9.125],"faces":{"north":{"uv":[10,2.5,12,4.5],"texture":"#texture"},"east":{"uv":[8.75,2,10.75,4],"texture":"#texture"},"south":{"uv":[10.75,2.75,12.75,4.75],"texture":"#texture"},"west":{"uv":[9.25,2,11.25,4],"texture":"#texture"},"up":{"uv":[11.75,2.75,13.75,4.75],"texture":"#texture"},"down":{"uv":[11.25,3.5,13.25,5.5],"texture":"#texture"}}},{"from":[13.25,12.75,9.5],"to":[15.5,15.75,11.75],"faces":{"north":{"uv":[10,2.5,12,4.5],"texture":"#texture"},"east":{"uv":[8.75,2,10.75,4],"texture":"#texture"},"south":{"uv":[10.75,2.75,12.75,4.75],"texture":"#texture"},"west":{"uv":[9.25,2,11.25,4],"texture":"#texture"},"up":{"uv":[11.75,2.75,13.75,4.75],"texture":"#texture"},"down":{"uv":[11.25,3.5,13.25,5.5],"texture":"#texture"}}},{"from":[11,12.75,4.25],"to":[13.25,15.75,6.5],"faces":{"north":{"uv":[10,2.5,12,4.5],"texture":"#texture"},"east":{"uv":[8.75,2,10.75,4],"texture":"#texture"},"south":{"uv":[10.75,2.75,12.75,4.75],"texture":"#texture"},"west":{"uv":[9.25,2,11.25,4],"texture":"#texture"},"up":{"uv":[11.75,2.75,13.75,4.75],"texture":"#texture"},"down":{"uv":[11.25,3.5,13.25,5.5],"texture":"#texture"}}},{"from":[14.75,14.625,6.125],"to":[18.5,19.5,9.875],"faces":{"north":{"uv":[10,2.5,12,4.5],"texture":"#texture"},"east":{"uv":[8.75,2,10.75,4],"texture":"#texture"},"south":{"uv":[10.75,2.75,12.75,4.75],"texture":"#texture"},"west":{"uv":[9.25,2,11.25,4],"texture":"#texture"},"up":{"uv":[11.75,2.75,13.75,4.75],"texture":"#texture"},"down":{"uv":[11.25,3.5,13.25,5.5],"texture":"#texture"}}},{"from":[15.5,14.625,5.375],"to":[17.75,19.5,10.625],"faces":{"north":{"uv":[10,2.5,12,4.5],"texture":"#texture"},"east":{"uv":[8.75,2,10.75,4],"texture":"#texture"},"south":{"uv":[10.75,2.75,12.75,4.75],"texture":"#texture"},"west":{"uv":[9.25,2,11.25,4],"texture":"#texture"},"up":{"uv":[11.75,2.75,13.75,4.75],"texture":"#texture"},"down":{"uv":[11.25,3.5,13.25,5.5],"texture":"#texture"}}},{"from":[14,14.625,6.875],"to":[19.25,19.5,9.125],"faces":{"north":{"uv":[10,2.5,12,4.5],"texture":"#texture"},"east":{"uv":[8.75,2,10.75,4],"texture":"#texture"},"south":{"uv":[10.75,2.75,12.75,4.75],"texture":"#texture"},"west":{"uv":[9.25,2,11.25,4],"texture":"#texture"},"up":{"uv":[11.75,2.75,13.75,4.75],"texture":"#texture"},"down":{"uv":[11.25,3.5,13.25,5.5],"texture":"#texture"}}},{"from":[14,14.625,6.875],"to":[16.13,19.5,12.185],"rotation":{"angle":45,"axis":"y","origin":[14,14.625,6.875]},"faces":{"north":{"uv":[10,2.5,12,4.5],"texture":"#texture"},"east":{"uv":[8.75,2,10.75,4],"texture":"#texture"},"south":{"uv":[10.75,2.75,12.75,4.75],"texture":"#texture"},"west":{"uv":[9.25,2,11.25,4],"texture":"#texture"},"up":{"uv":[11.75,2.75,13.75,4.75],"texture":"#texture"},"down":{"uv":[11.25,3.5,13.25,5.5],"texture":"#texture"}}},{"from":[17.75,14.625,5.375],"to":[19.88,19.5,10.685],"rotation":{"angle":-45,"axis":"y","origin":[17.75,14.625,5.375]},"faces":{"north":{"uv":[10,2.5,12,4.5],"texture":"#texture"},"east":{"uv":[8.75,2,10.75,4],"texture":"#texture"},"south":{"uv":[10.75,2.75,12.75,4.75],"texture":"#texture"},"west":{"uv":[9.25,2,11.25,4],"texture":"#texture"},"up":{"uv":[11.75,2.75,13.75,4.75],"texture":"#texture"},"down":{"uv":[11.25,3.5,13.25,5.5],"texture":"#texture"}}},{"from":[14,13.875,6.875],"to":[15.875,17.625,9.125],"rotation":{"angle":-22.5,"axis":"z","origin":[14,17.625,6.875]},"faces":{"north":{"uv":[10,2.5,12,4.5],"texture":"#texture"},"east":{"uv":[8.75,2,10.75,4],"texture":"#texture"},"south":{"uv":[10.75,2.75,12.75,4.75],"texture":"#texture"},"west":{"uv":[9.25,2,11.25,4],"texture":"#texture"},"up":{"uv":[11.75,2.75,13.75,4.75],"texture":"#texture"},"down":{"uv":[11.25,3.5,13.25,5.5],"texture":"#texture"}}},{"from":[16.9063,13.5,6.875],"to":[18.7813,17.25,9.125],"rotation":{"angle":22.5,"axis":"z","origin":[16.9063,17.25,6.875]},"faces":{"north":{"uv":[10,2.5,12,4.5],"texture":"#texture"},"east":{"uv":[8.75,2,10.75,4],"texture":"#texture"},"south":{"uv":[10.75,2.75,12.75,4.75],"texture":"#texture"},"west":{"uv":[9.25,2,11.25,4],"texture":"#texture"},"up":{"uv":[11.75,2.75,13.75,4.75],"texture":"#texture"},"down":{"uv":[11.25,3.5,13.25,5.5],"texture":"#texture"}}},{"from":[15.5,12.75,5.375],"to":[17.75,16.875,7.25],"rotation":{"angle":22.5,"axis":"x","origin":[15.5,16.875,5.375]},"faces":{"north":{"uv":[10,2.5,12,4.5],"texture":"#texture"},"east":{"uv":[8.75,2,10.75,4],"texture":"#texture"},"south":{"uv":[10.75,2.75,12.75,4.75],"texture":"#texture"},"west":{"uv":[9.25,2,11.25,4],"texture":"#texture"},"up":{"uv":[11.75,2.75,13.75,4.75],"texture":"#texture"},"down":{"uv":[11.25,3.5,13.25,5.5],"texture":"#texture"}}},{"from":[15.5,12,8.75],"to":[17.75,16.125,10.625],"rotation":{"angle":-22.5,"axis":"x","origin":[15.5,16.125,8.75]},"faces":{"north":{"uv":[10,2.5,12,4.5],"texture":"#texture"},"east":{"uv":[8.75,2,10.75,4],"texture":"#texture"},"south":{"uv":[10.75,2.75,12.75,4.75],"texture":"#texture"},"west":{"uv":[9.25,2,11.25,4],"texture":"#texture"},"up":{"uv":[11.75,2.75,13.75,4.75],"texture":"#texture"},"down":{"uv":[11.25,3.5,13.25,5.5],"texture":"#texture"}}},{"from":[12.125,13.125,7.25],"to":[14.375,16.125,9.5],"faces":{"north":{"uv":[10,2.5,12,4.5],"texture":"#texture"},"east":{"uv":[8.75,2,10.75,4],"texture":"#texture"},"south":{"uv":[10.75,2.75,12.75,4.75],"texture":"#texture"},"west":{"uv":[9.25,2,11.25,4],"texture":"#texture"},"up":{"uv":[11.75,2.75,13.75,4.75],"texture":"#texture"},"down":{"uv":[11.25,3.5,13.25,5.5],"texture":"#texture"}}},{"from":[13.25,13.5,3.875],"to":[15.5,16.5,6.125],"faces":{"north":{"uv":[10,2.5,12,4.5],"texture":"#texture"},"east":{"uv":[8.75,2,10.75,4],"texture":"#texture"},"south":{"uv":[10.75,2.75,12.75,4.75],"texture":"#texture"},"west":{"uv":[9.25,2,11.25,4],"texture":"#texture"},"up":{"uv":[11.75,2.75,13.75,4.75],"texture":"#texture"},"down":{"uv":[11.25,3.5,13.25,5.5],"texture":"#texture"}}},{"from":[11,13.5,9.875],"to":[13.25,16.5,12.125],"faces":{"north":{"uv":[10,2.5,12,4.5],"texture":"#texture"},"east":{"uv":[8.75,2,10.75,4],"texture":"#texture"},"south":{"uv":[10.75,2.75,12.75,4.75],"texture":"#texture"},"west":{"uv":[9.25,2,11.25,4],"texture":"#texture"},"up":{"uv":[11.75,2.75,13.75,4.75],"texture":"#texture"},"down":{"uv":[11.25,3.5,13.25,5.5],"texture":"#texture"}}},{"from":[17.375,12.75,5],"to":[19.625,15.75,7.25],"faces":{"north":{"uv":[10,2.5,12,4.5],"texture":"#texture"},"east":{"uv":[8.75,2,10.75,4],"texture":"#texture"},"south":{"uv":[10.75,2.75,12.75,4.75],"texture":"#texture"},"west":{"uv":[9.25,2,11.25,4],"texture":"#texture"},"up":{"uv":[11.75,2.75,13.75,4.75],"texture":"#texture"},"down":{"uv":[11.25,3.5,13.25,5.5],"texture":"#texture"}}},{"from":[17.375,13.5,9.125],"to":[19.625,16.5,11.375],"faces":{"north":{"uv":[10,2.5,12,4.5],"texture":"#texture"},"east":{"uv":[8.75,2,10.75,4],"texture":"#texture"},"south":{"uv":[10.75,2.75,12.75,4.75],"texture":"#texture"},"west":{"uv":[9.25,2,11.25,4],"texture":"#texture"},"up":{"uv":[11.75,2.75,13.75,4.75],"texture":"#texture"},"down":{"uv":[11.25,3.5,13.25,5.5],"texture":"#texture"}}},{"from":[5.75,12.375,11.375],"to":[10.625,15.75,11.4688],"rotation":{"angle":-22.5,"axis":"x","origin":[5.75,15.75,11.375]},"faces":{"north":{"uv":[15.875,9.5,0.125,0.5],"texture":"#hair"},"south":{"uv":[0.125,9.5,15.875,0.5],"texture":"#hair"}}},{"from":[10.625,13.125,12.125],"to":[15.5,16.5,12.2188],"faces":{"north":{"uv":[15.875,9.5,0.125,0.5],"texture":"#hair"},"south":{"uv":[0.125,9.5,15.875,0.5],"texture":"#hair"}}},{"from":[15.5,12.4688,11.4688],"to":[20,15.8438,11.5625],"rotation":{"angle":-22.5,"axis":"x","origin":[15.5,15.8438,11.4688]},"faces":{"north":{"uv":[15.875,9.5,0.125,0.5],"texture":"#hair"},"south":{"uv":[0.125,9.5,15.875,0.5],"texture":"#hair"}}},{"from":[15.5,12.4688,4.4375],"to":[20,15.8438,4.53125],"rotation":{"angle":22.5,"axis":"x","origin":[15.5,15.8438,4.4375]},"faces":{"north":{"uv":[15.875,9.5,0.125,0.5],"texture":"#hair"},"south":{"uv":[0.125,9.5,15.875,0.5],"texture":"#hair"}}},{"from":[20.0938,13.2188,5],"to":[20.1875,16.5938,11],"faces":{"east":{"uv":[15.875,9.5,0.125,0.5],"texture":"#hair"},"west":{"uv":[0.125,9.5,15.875,0.5],"texture":"#hair"}}},{"from":[10.625,13.125,3.8675],"to":[15.5,16.5,3.96125],"faces":{"north":{"uv":[15.875,9.5,0.125,0.5],"texture":"#hair"},"south":{"uv":[0.125,9.5,15.875,0.5],"texture":"#hair"}}},{"from":[5.75,12.375,4.625],"to":[10.625,15.75,4.71875],"rotation":{"angle":22.5,"axis":"x","origin":[5.75,15.75,4.625]},"faces":{"north":{"uv":[15.875,9.5,0.125,0.5],"texture":"#hair"},"south":{"uv":[0.125,9.5,15.875,0.5],"texture":"#hair"}}},{"from":[5.75,-0.375,9.2825],"to":[10.25,4.875,13.0325],"rotation":{"angle":-22.5,"axis":"x","origin":[5.75,4.875,9.2825]},"faces":{"north":{"uv":[1.5,3.5,4.75,4.5],"texture":"#texture"},"east":{"uv":[3.25,2.75,7.25,3.75],"texture":"#texture"},"south":{"uv":[2.25,2.5,5.5,3.5],"texture":"#texture"},"west":{"uv":[1.75,3.75,5.75,4.75],"texture":"#texture"},"up":{"uv":[2.75,0.75,6,4.75],"texture":"#texture"},"down":{"uv":[3,1.25,6.25,5.25],"texture":"#texture"}}},{"from":[5.75,-0.375,11],"to":[10.25,1.5,14.75],"faces":{"north":{"uv":[1.5,3.5,4.75,4.5],"texture":"#texture"},"east":{"uv":[3.25,2.75,7.25,3.75],"texture":"#texture"},"south":{"uv":[2.25,2.5,5.5,3.5],"texture":"#texture"},"west":{"uv":[1.75,3.75,5.75,4.75],"texture":"#texture"},"up":{"uv":[2.75,0.75,6,4.75],"texture":"#texture"},"down":{"uv":[3,1.25,6.25,5.25],"texture":"#texture"}}},{"from":[5.75,-0.375,1.25],"to":[10.25,1.5,5],"faces":{"north":{"uv":[1.5,3.5,4.75,4.5],"texture":"#texture"},"east":{"uv":[3.25,2.75,7.25,3.75],"texture":"#texture"},"south":{"uv":[2.25,2.5,5.5,3.5],"texture":"#texture"},"west":{"uv":[1.75,3.75,5.75,4.75],"texture":"#texture"},"up":{"uv":[2.75,0.75,6,4.75],"texture":"#texture"},"down":{"uv":[3,1.25,6.25,5.25],"texture":"#texture"}}},{"from":[5.75,1.03125,3.24875],"to":[10.25,6.28125,6.99875],"rotation":{"angle":22.5,"axis":"x","origin":[5.75,6.28125,3.24875]},"faces":{"north":{"uv":[1.5,3.5,4.75,4.5],"texture":"#texture"},"east":{"uv":[3.25,2.75,7.25,3.75],"texture":"#texture"},"south":{"uv":[2.25,2.5,5.5,3.5],"texture":"#texture"},"west":{"uv":[1.75,3.75,5.75,4.75],"texture":"#texture"},"up":{"uv":[2.75,0.75,6,4.75],"texture":"#texture"},"down":{"uv":[3,1.25,6.25,5.25],"texture":"#texture"}}},{"from":[5.375,-1.5,13.25],"to":[7.25,-0.375,14.75],"faces":{"north":{"uv":[11.25,1.75,14,4.25],"texture":"#side"},"east":{"uv":[11.25,1.75,14,4.25],"texture":"#side"},"south":{"uv":[11.25,1.75,14,4.5],"texture":"#side"},"west":{"uv":[11,2,13.75,4.5],"texture":"#side"},"up":{"uv":[11.25,2,14.25,4.5],"texture":"#side"},"down":{"uv":[11.5,1.25,14.25,4.5],"texture":"#side"}}},{"from":[7.25,-1.5,10.625],"to":[9.875,-0.375,15.125],"faces":{"north":{"uv":[11.25,1.75,14,4.25],"texture":"#side"},"east":{"uv":[11.25,1.75,14,4.25],"texture":"#side"},"south":{"uv":[11.25,1.75,14,4.5],"texture":"#side"},"west":{"uv":[11,2,13.75,4.5],"texture":"#side"},"up":{"uv":[11.25,2,14.25,4.5],"texture":"#side"},"down":{"uv":[11.5,1.25,14.25,4.5],"texture":"#side"}}},{"from":[5.375,-1.5,11],"to":[7.25,-0.375,12.5],"faces":{"north":{"uv":[11.25,1.75,14,4.25],"texture":"#side"},"east":{"uv":[11.25,1.75,14,4.25],"texture":"#side"},"south":{"uv":[11.25,1.75,14,4.5],"texture":"#side"},"west":{"uv":[11,2,13.75,4.5],"texture":"#side"},"up":{"uv":[11.25,2,14.25,4.5],"texture":"#side"},"down":{"uv":[11.5,1.25,14.25,4.5],"texture":"#side"}}},{"from":[9.875,-1.5,11.375],"to":[10.625,-0.375,14.375],"faces":{"north":{"uv":[11.25,1.75,14,4.25],"texture":"#side"},"east":{"uv":[11.25,1.75,14,4.25],"texture":"#side"},"south":{"uv":[11.25,1.75,14,4.5],"texture":"#side"},"west":{"uv":[11,2,13.75,4.5],"texture":"#side"},"up":{"uv":[11.25,2,14.25,4.5],"texture":"#side"},"down":{"uv":[11.5,1.25,14.25,4.5],"texture":"#side"}}},{"from":[9.125,-1.5,11.375],"to":[10.1563,-0.375,12.4063],"rotation":{"angle":45,"axis":"y","origin":[9.125,-1.5,11.375]},"faces":{"north":{"uv":[11.25,1.75,14,4.25],"texture":"#side"},"east":{"uv":[11.25,1.75,14,4.25],"texture":"#side"},"south":{"uv":[11.25,1.75,14,4.5],"texture":"#side"},"west":{"uv":[11,2,13.75,4.5],"texture":"#side"},"up":{"uv":[11.25,2,14.25,4.5],"texture":"#side"},"down":{"uv":[11.5,1.25,14.25,4.5],"texture":"#side"}}},{"from":[9.905,-1.5,13.655],"to":[10.9362,-0.375,14.6863],"rotation":{"angle":-45,"axis":"y","origin":[9.905,-1.5,13.655]},"faces":{"north":{"uv":[11.25,1.75,14,4.25],"texture":"#side"},"east":{"uv":[11.25,1.75,14,4.25],"texture":"#side"},"south":{"uv":[11.25,1.75,14,4.5],"texture":"#side"},"west":{"uv":[11,2,13.75,4.5],"texture":"#side"},"up":{"uv":[11.25,2,14.25,4.5],"texture":"#side"},"down":{"uv":[11.5,1.25,14.25,4.5],"texture":"#side"}}},{"from":[6.5,-1.5,11.375],"to":[7.53125,-0.375,12.4063],"rotation":{"angle":45,"axis":"y","origin":[6.5,-1.5,11.375]},"faces":{"north":{"uv":[11.25,1.75,14,4.25],"texture":"#side"},"east":{"uv":[11.25,1.75,14,4.25],"texture":"#side"},"south":{"uv":[11.25,1.75,14,4.5],"texture":"#side"},"west":{"uv":[11,2,13.75,4.5],"texture":"#side"},"up":{"uv":[11.25,2,14.25,4.5],"texture":"#side"},"down":{"uv":[11.5,1.25,14.25,4.5],"texture":"#side"}}},{"from":[7.24625,-1.5,13.6738],"to":[8.2775,-0.375,14.705],"rotation":{"angle":-45,"axis":"y","origin":[7.24625,-1.5,13.6738]},"faces":{"north":{"uv":[11.25,1.75,14,4.25],"texture":"#side"},"east":{"uv":[11.25,1.75,14,4.25],"texture":"#side"},"south":{"uv":[11.25,1.75,14,4.5],"texture":"#side"},"west":{"uv":[11,2,13.75,4.5],"texture":"#side"},"up":{"uv":[11.25,2,14.25,4.5],"texture":"#side"},"down":{"uv":[11.5,1.25,14.25,4.5],"texture":"#side"}}},{"from":[5.75,-1.5,11],"to":[5.84375,0,14.75],"rotation":{"angle":-45,"axis":"z","origin":[5.75,0,11]},"faces":{"east":{"uv":[15.875,0.5,0.125,9.5],"texture":"#hair"},"west":{"uv":[0.125,0.5,15.875,9.5],"texture":"#hair"}}},{"from":[10.0625,-1.40625,11],"to":[10.1563,0.09375,14.75],"rotation":{"angle":45,"axis":"z","origin":[10.0625,0.09375,11]},"faces":{"east":{"uv":[15.875,0.5,0.125,9.5],"texture":"#hair"},"west":{"uv":[0.125,0.5,15.875,9.5],"texture":"#hair"}}},{"from":[8.375,18.0075,6.5],"to":[11.375,19.5075,9.5],"faces":{"north":{"uv":[11.25,8.25,12.75,9.25],"texture":"#texture"},"east":{"uv":[11.25,8,12.75,9],"texture":"#texture"},"south":{"uv":[12.5,9,14,10],"texture":"#texture"},"west":{"uv":[11,9,12.5,10],"texture":"#texture"},"up":{"uv":[9.75,9.5,11.25,11],"texture":"#texture"},"down":{"uv":[9.25,9,10.75,10.5],"texture":"#texture"}}},{"from":[8.75,18.0075,6.125],"to":[11,19.5075,9.875],"faces":{"north":{"uv":[11.25,8.25,12.75,9.25],"texture":"#texture"},"east":{"uv":[11.25,8,12.75,9],"texture":"#texture"},"south":{"uv":[12.5,9,14,10],"texture":"#texture"},"west":{"uv":[11,9,12.5,10],"texture":"#texture"},"up":{"uv":[9.75,9.5,11.25,11],"texture":"#texture"},"down":{"uv":[9.25,9,10.75,10.5],"texture":"#texture"}}},{"from":[8,18.0075,6.875],"to":[11.75,19.5075,9.125],"faces":{"north":{"uv":[11.25,8.25,12.75,9.25],"texture":"#texture"},"east":{"uv":[11.25,8,12.75,9],"texture":"#texture"},"south":{"uv":[12.5,9,14,10],"texture":"#texture"},"west":{"uv":[11,9,12.5,10],"texture":"#texture"},"up":{"uv":[9.75,9.5,11.25,11],"texture":"#texture"},"down":{"uv":[9.25,9,10.75,10.5],"texture":"#texture"}}},{"from":[15.125,18.0075,6.5],"to":[18.125,19.5075,9.5],"faces":{"north":{"uv":[11.25,8.25,12.75,9.25],"texture":"#texture"},"east":{"uv":[11.25,8,12.75,9],"texture":"#texture"},"south":{"uv":[12.5,9,14,10],"texture":"#texture"},"west":{"uv":[11,9,12.5,10],"texture":"#texture"},"up":{"uv":[9.75,9.5,11.25,11],"texture":"#texture"},"down":{"uv":[9.25,9,10.75,10.5],"texture":"#texture"}}},{"from":[15.5,18.0075,6.125],"to":[17.75,19.5075,9.875],"faces":{"north":{"uv":[11.25,8.25,12.75,9.25],"texture":"#texture"},"east":{"uv":[11.25,8,12.75,9],"texture":"#texture"},"south":{"uv":[12.5,9,14,10],"texture":"#texture"},"west":{"uv":[11,9,12.5,10],"texture":"#texture"},"up":{"uv":[9.75,9.5,11.25,11],"texture":"#texture"},"down":{"uv":[9.25,9,10.75,10.5],"texture":"#texture"}}},{"from":[14.75,18.0075,6.875],"to":[18.5,19.5075,9.125],"faces":{"north":{"uv":[11.25,8.25,12.75,9.25],"texture":"#texture"},"east":{"uv":[11.25,8,12.75,9],"texture":"#texture"},"south":{"uv":[12.5,9,14,10],"texture":"#texture"},"west":{"uv":[11,9,12.5,10],"texture":"#texture"},"up":{"uv":[9.75,9.5,11.25,11],"texture":"#texture"},"down":{"uv":[9.25,9,10.75,10.5],"texture":"#texture"}}},{"from":[5.75,-1.40625,14.5625],"to":[10.25,0.09375,14.6563],"rotation":{"angle":-45,"axis":"x","origin":[5.75,0.09375,14.5625]},"faces":{"north":{"uv":[15.875,0.5,0.125,9.5],"texture":"#hair"},"south":{"uv":[0.125,0.5,15.875,9.5],"texture":"#hair"}}},{"from":[5.75,-1.5,11],"to":[10.25,0,11.0938],"rotation":{"angle":45,"axis":"x","origin":[5.75,0,11]},"faces":{"north":{"uv":[15.875,0.5,0.125,9.5],"texture":"#hair"},"south":{"uv":[0.125,0.5,15.875,9.5],"texture":"#hair"}}},{"from":[5.375,-1.5,3.5],"to":[7.25,-0.375,5],"faces":{"north":{"uv":[11.25,1.75,14,4.25],"texture":"#side"},"east":{"uv":[11.25,1.75,14,4.25],"texture":"#side"},"south":{"uv":[11.25,1.75,14,4.5],"texture":"#side"},"west":{"uv":[11,2,13.75,4.5],"texture":"#side"},"up":{"uv":[11.25,2,14.25,4.5],"texture":"#side"},"down":{"uv":[11.5,1.25,14.25,4.5],"texture":"#side"}}},{"from":[7.25,-1.5,0.875],"to":[9.875,-0.375,5.375],"faces":{"north":{"uv":[11.25,1.75,14,4.25],"texture":"#side"},"east":{"uv":[11.25,1.75,14,4.25],"texture":"#side"},"south":{"uv":[11.25,1.75,14,4.5],"texture":"#side"},"west":{"uv":[11,2,13.75,4.5],"texture":"#side"},"up":{"uv":[11.25,2,14.25,4.5],"texture":"#side"},"down":{"uv":[11.5,1.25,14.25,4.5],"texture":"#side"}}},{"from":[5.375,-1.5,1.25],"to":[7.25,-0.375,2.75],"faces":{"north":{"uv":[11.25,1.75,14,4.25],"texture":"#side"},"east":{"uv":[11.25,1.75,14,4.25],"texture":"#side"},"south":{"uv":[11.25,1.75,14,4.5],"texture":"#side"},"west":{"uv":[11,2,13.75,4.5],"texture":"#side"},"up":{"uv":[11.25,2,14.25,4.5],"texture":"#side"},"down":{"uv":[11.5,1.25,14.25,4.5],"texture":"#side"}}},{"from":[9.875,-1.5,1.625],"to":[10.625,-0.375,4.625],"faces":{"north":{"uv":[11.25,1.75,14,4.25],"texture":"#side"},"east":{"uv":[11.25,1.75,14,4.25],"texture":"#side"},"south":{"uv":[11.25,1.75,14,4.5],"texture":"#side"},"west":{"uv":[11,2,13.75,4.5],"texture":"#side"},"up":{"uv":[11.25,2,14.25,4.5],"texture":"#side"},"down":{"uv":[11.5,1.25,14.25,4.5],"texture":"#side"}}},{"from":[9.125,-1.5,1.625],"to":[10.1563,-0.375,2.65625],"rotation":{"angle":45,"axis":"y","origin":[9.125,-1.5,1.625]},"faces":{"north":{"uv":[11.25,1.75,14,4.25],"texture":"#side"},"east":{"uv":[11.25,1.75,14,4.25],"texture":"#side"},"south":{"uv":[11.25,1.75,14,4.5],"texture":"#side"},"west":{"uv":[11,2,13.75,4.5],"texture":"#side"},"up":{"uv":[11.25,2,14.25,4.5],"texture":"#side"},"down":{"uv":[11.5,1.25,14.25,4.5],"texture":"#side"}}},{"from":[9.905,-1.5,3.905],"to":[10.9362,-0.375,4.93625],"rotation":{"angle":-45,"axis":"y","origin":[9.905,-1.5,3.905]},"faces":{"north":{"uv":[11.25,1.75,14,4.25],"texture":"#side"},"east":{"uv":[11.25,1.75,14,4.25],"texture":"#side"},"south":{"uv":[11.25,1.75,14,4.5],"texture":"#side"},"west":{"uv":[11,2,13.75,4.5],"texture":"#side"},"up":{"uv":[11.25,2,14.25,4.5],"texture":"#side"},"down":{"uv":[11.5,1.25,14.25,4.5],"texture":"#side"}}},{"from":[6.5,-1.5,1.625],"to":[7.53125,-0.375,2.65625],"rotation":{"angle":45,"axis":"y","origin":[6.5,-1.5,1.625]},"faces":{"north":{"uv":[11.25,1.75,14,4.25],"texture":"#side"},"east":{"uv":[11.25,1.75,14,4.25],"texture":"#side"},"south":{"uv":[11.25,1.75,14,4.5],"texture":"#side"},"west":{"uv":[11,2,13.75,4.5],"texture":"#side"},"up":{"uv":[11.25,2,14.25,4.5],"texture":"#side"},"down":{"uv":[11.5,1.25,14.25,4.5],"texture":"#side"}}},{"from":[7.24625,-1.5,3.92375],"to":[8.2775,-0.375,4.955],"rotation":{"angle":-45,"axis":"y","origin":[7.24625,-1.5,3.92375]},"faces":{"north":{"uv":[11.25,1.75,14,4.25],"texture":"#side"},"east":{"uv":[11.25,1.75,14,4.25],"texture":"#side"},"south":{"uv":[11.25,1.75,14,4.5],"texture":"#side"},"west":{"uv":[11,2,13.75,4.5],"texture":"#side"},"up":{"uv":[11.25,2,14.25,4.5],"texture":"#side"},"down":{"uv":[11.5,1.25,14.25,4.5],"texture":"#side"}}},{"from":[5.75,-1.40625,4.8125],"to":[10.25,0.09375,4.90625],"rotation":{"angle":-45,"axis":"x","origin":[5.75,0.09375,4.8125]},"faces":{"north":{"uv":[15.875,0.5,0.125,9.5],"texture":"#hair"},"east":{"uv":[6.75,10.25,8.5,12],"texture":"#hair"},"south":{"uv":[0.125,0.5,15.875,9.5],"texture":"#hair"},"west":{"uv":[4.75,10,6.5,11.5],"texture":"#hair"},"up":{"uv":[6.5,10,8.5,12.25],"texture":"#hair"},"down":{"uv":[9,9.25,10.25,11.5],"texture":"#hair"}}},{"from":[5.75,-1.5,1.25],"to":[10.25,0,1.34375],"rotation":{"angle":45,"axis":"x","origin":[5.75,0,1.25]},"faces":{"north":{"uv":[15.875,0.5,0.125,9.5],"texture":"#hair"},"south":{"uv":[0.125,0.5,15.875,9.5],"texture":"#hair"}}},{"from":[10.0625,-1.40625,1.25],"to":[10.1563,0.09375,5],"rotation":{"angle":45,"axis":"z","origin":[10.0625,0.09375,1.25]},"faces":{"east":{"uv":[15.875,0.5,0.125,9.5],"texture":"#hair"},"west":{"uv":[0.125,0.5,15.875,9.5],"texture":"#hair"}}},{"from":[15.5,-0.375,9.2825],"to":[20,4.875,13.0325],"rotation":{"angle":-22.5,"axis":"x","origin":[15.5,4.875,9.2825]},"faces":{"north":{"uv":[1.5,3.5,4.75,4.5],"texture":"#texture"},"east":{"uv":[3.25,2.75,7.25,3.75],"texture":"#texture"},"south":{"uv":[2.25,2.5,5.5,3.5],"texture":"#texture"},"west":{"uv":[1.75,3.75,5.75,4.75],"texture":"#texture"},"up":{"uv":[2.75,0.75,6,4.75],"texture":"#texture"},"down":{"uv":[3,1.25,6.25,5.25],"texture":"#texture"}}},{"from":[15.5,-0.375,11],"to":[20,1.5,14.75],"faces":{"north":{"uv":[1.5,3.5,4.75,4.5],"texture":"#texture"},"east":{"uv":[3.25,2.75,7.25,3.75],"texture":"#texture"},"south":{"uv":[2.25,2.5,5.5,3.5],"texture":"#texture"},"west":{"uv":[1.75,3.75,5.75,4.75],"texture":"#texture"},"up":{"uv":[2.75,0.75,6,4.75],"texture":"#texture"},"down":{"uv":[3,1.25,6.25,5.25],"texture":"#texture"}}},{"from":[15.5,-0.375,1.25],"to":[20,1.5,5],"faces":{"north":{"uv":[1.5,3.5,4.75,4.5],"texture":"#texture"},"east":{"uv":[3.25,2.75,7.25,3.75],"texture":"#texture"},"south":{"uv":[2.25,2.5,5.5,3.5],"texture":"#texture"},"west":{"uv":[1.75,3.75,5.75,4.75],"texture":"#texture"},"up":{"uv":[2.75,0.75,6,4.75],"texture":"#texture"},"down":{"uv":[3,1.25,6.25,5.25],"texture":"#texture"}}},{"from":[15.5,1.03125,3.24875],"to":[20,6.28125,6.99875],"rotation":{"angle":22.5,"axis":"x","origin":[15.5,6.28125,3.24875]},"faces":{"north":{"uv":[1.5,3.5,4.75,4.5],"texture":"#texture"},"east":{"uv":[3.25,2.75,7.25,3.75],"texture":"#texture"},"south":{"uv":[2.25,2.5,5.5,3.5],"texture":"#texture"},"west":{"uv":[1.75,3.75,5.75,4.75],"texture":"#texture"},"up":{"uv":[2.75,0.75,6,4.75],"texture":"#texture"},"down":{"uv":[3,1.25,6.25,5.25],"texture":"#texture"}}},{"from":[15.125,-1.5,13.25],"to":[17,-0.375,14.75],"faces":{"north":{"uv":[11.25,1.75,14,4.25],"texture":"#side"},"east":{"uv":[11.25,1.75,14,4.25],"texture":"#side"},"south":{"uv":[11.25,1.75,14,4.5],"texture":"#side"},"west":{"uv":[11,2,13.75,4.5],"texture":"#side"},"up":{"uv":[11.25,2,14.25,4.5],"texture":"#side"},"down":{"uv":[11.5,1.25,14.25,4.5],"texture":"#side"}}},{"from":[17,-1.5,10.625],"to":[19.625,-0.375,15.125],"faces":{"north":{"uv":[11.25,1.75,14,4.25],"texture":"#side"},"east":{"uv":[11.25,1.75,14,4.25],"texture":"#side"},"south":{"uv":[11.25,1.75,14,4.5],"texture":"#side"},"west":{"uv":[11,2,13.75,4.5],"texture":"#side"},"up":{"uv":[11.25,2,14.25,4.5],"texture":"#side"},"down":{"uv":[11.5,1.25,14.25,4.5],"texture":"#side"}}},{"from":[15.125,-1.5,11],"to":[17,-0.375,12.5],"faces":{"north":{"uv":[11.25,1.75,14,4.25],"texture":"#side"},"east":{"uv":[11.25,1.75,14,4.25],"texture":"#side"},"south":{"uv":[11.25,1.75,14,4.5],"texture":"#side"},"west":{"uv":[11,2,13.75,4.5],"texture":"#side"},"up":{"uv":[11.25,2,14.25,4.5],"texture":"#side"},"down":{"uv":[11.5,1.25,14.25,4.5],"texture":"#side"}}},{"from":[19.625,-1.5,11.375],"to":[20.375,-0.375,14.375],"faces":{"north":{"uv":[11.25,1.75,14,4.25],"texture":"#side"},"east":{"uv":[11.25,1.75,14,4.25],"texture":"#side"},"south":{"uv":[11.25,1.75,14,4.5],"texture":"#side"},"west":{"uv":[11,2,13.75,4.5],"texture":"#side"},"up":{"uv":[11.25,2,14.25,4.5],"texture":"#side"},"down":{"uv":[11.5,1.25,14.25,4.5],"texture":"#side"}}},{"from":[18.875,-1.5,11.375],"to":[19.9063,-0.375,12.4063],"rotation":{"angle":45,"axis":"y","origin":[18.875,-1.5,11.375]},"faces":{"north":{"uv":[11.25,1.75,14,4.25],"texture":"#side"},"east":{"uv":[11.25,1.75,14,4.25],"texture":"#side"},"south":{"uv":[11.25,1.75,14,4.5],"texture":"#side"},"west":{"uv":[11,2,13.75,4.5],"texture":"#side"},"up":{"uv":[11.25,2,14.25,4.5],"texture":"#side"},"down":{"uv":[11.5,1.25,14.25,4.5],"texture":"#side"}}},{"from":[19.655,-1.5,13.655],"to":[20.6863,-0.375,14.6863],"rotation":{"angle":-45,"axis":"y","origin":[19.655,-1.5,13.655]},"faces":{"north":{"uv":[11.25,1.75,14,4.25],"texture":"#side"},"east":{"uv":[11.25,1.75,14,4.25],"texture":"#side"},"south":{"uv":[11.25,1.75,14,4.5],"texture":"#side"},"west":{"uv":[11,2,13.75,4.5],"texture":"#side"},"up":{"uv":[11.25,2,14.25,4.5],"texture":"#side"},"down":{"uv":[11.5,1.25,14.25,4.5],"texture":"#side"}}},{"from":[16.25,-1.5,11.375],"to":[17.2813,-0.375,12.4063],"rotation":{"angle":45,"axis":"y","origin":[16.25,-1.5,11.375]},"faces":{"north":{"uv":[11.25,1.75,14,4.25],"texture":"#side"},"east":{"uv":[11.25,1.75,14,4.25],"texture":"#side"},"south":{"uv":[11.25,1.75,14,4.5],"texture":"#side"},"west":{"uv":[11,2,13.75,4.5],"texture":"#side"},"up":{"uv":[11.25,2,14.25,4.5],"texture":"#side"},"down":{"uv":[11.5,1.25,14.25,4.5],"texture":"#side"}}},{"from":[16.9963,-1.5,13.6738],"to":[18.0275,-0.375,14.705],"rotation":{"angle":-45,"axis":"y","origin":[16.9963,-1.5,13.6738]},"faces":{"north":{"uv":[11.25,1.75,14,4.25],"texture":"#side"},"east":{"uv":[11.25,1.75,14,4.25],"texture":"#side"},"south":{"uv":[11.25,1.75,14,4.5],"texture":"#side"},"west":{"uv":[11,2,13.75,4.5],"texture":"#side"},"up":{"uv":[11.25,2,14.25,4.5],"texture":"#side"},"down":{"uv":[11.5,1.25,14.25,4.5],"texture":"#side"}}},{"from":[15.5,-1.5,11],"to":[15.5938,0,14.75],"rotation":{"angle":-45,"axis":"z","origin":[15.5,0,11]},"faces":{"east":{"uv":[15.875,0.5,0.125,9.5],"texture":"#hair"},"west":{"uv":[0.125,0.5,15.875,9.5],"texture":"#hair"}}},{"from":[19.8125,-1.40625,11],"to":[19.9063,0.09375,14.75],"rotation":{"angle":45,"axis":"z","origin":[19.8125,0.09375,11]},"faces":{"east":{"uv":[15.875,0.5,0.125,9.5],"texture":"#hair"},"west":{"uv":[0.125,0.5,15.875,9.5],"texture":"#hair"}}},{"from":[15.5,-1.40625,14.5625],"to":[20,0.09375,14.6563],"rotation":{"angle":-45,"axis":"x","origin":[15.5,0.09375,14.5625]},"faces":{"north":{"uv":[15.875,0.5,0.125,9.5],"texture":"#hair"},"south":{"uv":[0.125,0.5,15.875,9.5],"texture":"#hair"}}},{"from":[15.5,-1.5,11],"to":[20,0,11.0938],"rotation":{"angle":45,"axis":"x","origin":[15.5,0,11]},"faces":{"north":{"uv":[15.875,0.5,0.125,9.5],"texture":"#hair"},"south":{"uv":[0.125,0.5,15.875,9.5],"texture":"#hair"}}},{"from":[15.125,-1.5,3.5],"to":[17,-0.375,5],"faces":{"north":{"uv":[11.25,1.75,14,4.25],"texture":"#side"},"east":{"uv":[11.25,1.75,14,4.25],"texture":"#side"},"south":{"uv":[11.25,1.75,14,4.5],"texture":"#side"},"west":{"uv":[11,2,13.75,4.5],"texture":"#side"},"up":{"uv":[11.25,2,14.25,4.5],"texture":"#side"},"down":{"uv":[11.5,1.25,14.25,4.5],"texture":"#side"}}},{"from":[17,-1.5,0.875],"to":[19.625,-0.375,5.375],"faces":{"north":{"uv":[11.25,1.75,14,4.25],"texture":"#side"},"east":{"uv":[11.25,1.75,14,4.25],"texture":"#side"},"south":{"uv":[11.25,1.75,14,4.5],"texture":"#side"},"west":{"uv":[11,2,13.75,4.5],"texture":"#side"},"up":{"uv":[11.25,2,14.25,4.5],"texture":"#side"},"down":{"uv":[11.5,1.25,14.25,4.5],"texture":"#side"}}},{"from":[15.125,-1.5,1.25],"to":[17,-0.375,2.75],"faces":{"north":{"uv":[11.25,1.75,14,4.25],"texture":"#side"},"east":{"uv":[11.25,1.75,14,4.25],"texture":"#side"},"south":{"uv":[11.25,1.75,14,4.5],"texture":"#side"},"west":{"uv":[11,2,13.75,4.5],"texture":"#side"},"up":{"uv":[11.25,2,14.25,4.5],"texture":"#side"},"down":{"uv":[11.5,1.25,14.25,4.5],"texture":"#side"}}},{"from":[19.625,-1.5,1.625],"to":[20.375,-0.375,4.625],"faces":{"north":{"uv":[11.25,1.75,14,4.25],"texture":"#side"},"east":{"uv":[11.25,1.75,14,4.25],"texture":"#side"},"south":{"uv":[11.25,1.75,14,4.5],"texture":"#side"},"west":{"uv":[11,2,13.75,4.5],"texture":"#side"},"up":{"uv":[11.25,2,14.25,4.5],"texture":"#side"},"down":{"uv":[11.5,1.25,14.25,4.5],"texture":"#side"}}},{"from":[18.875,-1.5,1.625],"to":[19.9063,-0.375,2.65625],"rotation":{"angle":45,"axis":"y","origin":[18.875,-1.5,1.625]},"faces":{"north":{"uv":[11.25,1.75,14,4.25],"texture":"#side"},"east":{"uv":[11.25,1.75,14,4.25],"texture":"#side"},"south":{"uv":[11.25,1.75,14,4.5],"texture":"#side"},"west":{"uv":[11,2,13.75,4.5],"texture":"#side"},"up":{"uv":[11.25,2,14.25,4.5],"texture":"#side"},"down":{"uv":[11.5,1.25,14.25,4.5],"texture":"#side"}}},{"from":[19.655,-1.5,3.905],"to":[20.6863,-0.375,4.93625],"rotation":{"angle":-45,"axis":"y","origin":[19.655,-1.5,3.905]},"faces":{"north":{"uv":[11.25,1.75,14,4.25],"texture":"#side"},"east":{"uv":[11.25,1.75,14,4.25],"texture":"#side"},"south":{"uv":[11.25,1.75,14,4.5],"texture":"#side"},"west":{"uv":[11,2,13.75,4.5],"texture":"#side"},"up":{"uv":[11.25,2,14.25,4.5],"texture":"#side"},"down":{"uv":[11.5,1.25,14.25,4.5],"texture":"#side"}}},{"from":[16.25,-1.5,1.625],"to":[17.2813,-0.375,2.65625],"rotation":{"angle":45,"axis":"y","origin":[16.25,-1.5,1.625]},"faces":{"north":{"uv":[11.25,1.75,14,4.25],"texture":"#side"},"east":{"uv":[11.25,1.75,14,4.25],"texture":"#side"},"south":{"uv":[11.25,1.75,14,4.5],"texture":"#side"},"west":{"uv":[11,2,13.75,4.5],"texture":"#side"},"up":{"uv":[11.25,2,14.25,4.5],"texture":"#side"},"down":{"uv":[11.5,1.25,14.25,4.5],"texture":"#side"}}},{"from":[16.9963,-1.5,3.92375],"to":[18.0275,-0.375,4.955],"rotation":{"angle":-45,"axis":"y","origin":[16.9963,-1.5,3.92375]},"faces":{"north":{"uv":[11.25,1.75,14,4.25],"texture":"#side"},"east":{"uv":[11.25,1.75,14,4.25],"texture":"#side"},"south":{"uv":[11.25,1.75,14,4.5],"texture":"#side"},"west":{"uv":[11,2,13.75,4.5],"texture":"#side"},"up":{"uv":[11.25,2,14.25,4.5],"texture":"#side"},"down":{"uv":[11.5,1.25,14.25,4.5],"texture":"#side"}}},{"from":[15.5,-1.40625,4.8125],"to":[20,0.09375,4.90625],"rotation":{"angle":-45,"axis":"x","origin":[15.5,0.09375,4.8125]},"faces":{"north":{"uv":[15.875,0.5,0.125,9.5],"texture":"#hair"},"east":{"uv":[6.75,10.25,8.5,12],"texture":"#hair"},"south":{"uv":[0.125,0.5,15.875,9.5],"texture":"#hair"},"west":{"uv":[4.75,10,6.5,11.5],"texture":"#hair"},"up":{"uv":[6.5,10,8.5,12.25],"texture":"#hair"},"down":{"uv":[9,9.25,10.25,11.5],"texture":"#hair"}}},{"from":[15.5,-1.5,1.25],"to":[20,0,1.34375],"rotation":{"angle":45,"axis":"x","origin":[15.5,0,1.25]},"faces":{"north":{"uv":[15.875,0.5,0.125,9.5],"texture":"#hair"},"south":{"uv":[0.125,0.5,15.875,9.5],"texture":"#hair"}}},{"from":[19.8125,-1.40625,1.25],"to":[19.9063,0.09375,5],"rotation":{"angle":45,"axis":"z","origin":[19.8125,0.09375,1.25]},"faces":{"east":{"uv":[15.875,0.5,0.125,9.5],"texture":"#hair"},"west":{"uv":[0.125,0.5,15.875,9.5],"texture":"#hair"}}},{"from":[5.75,-1.5,1.25],"to":[5.84375,0,5],"rotation":{"angle":-45,"axis":"z","origin":[5.75,0,1.25]},"faces":{"east":{"uv":[15.875,0.5,0.125,9.5],"texture":"#hair"},"west":{"uv":[0.125,0.5,15.875,9.5],"texture":"#hair"}}},{"from":[15.5,-1.5,1.25],"to":[15.5938,0,5],"rotation":{"angle":-45,"axis":"z","origin":[15.5,0,1.25]},"faces":{"east":{"uv":[15.875,0.5,0.125,9.5],"texture":"#hair"},"west":{"uv":[0.125,0.5,15.875,9.5],"texture":"#hair"}}}],"display":{"thirdperson_righthand":{"scale":[0,0,0]},"thirdperson_lefthand":{"scale":[0,0,0]},"firstperson_righthand":{"scale":[0,0,0]},"firstperson_lefthand":{"scale":[0,0,0]},"gui":{"rotation":[30,50,0],"translation":[-0.75,-1,0],"scale":[0.6,0.6,0.6]},"head":{"rotation":[0,-90,0],"translation":[0,-16.5,-9.5],"scale":[2.8,2.8,2.8]}}}