{"credit":"Made by MadstonMagic using Cubik Pro, Copyright © MadstonMagic Modeling 2015-2017. All rights reserved","textures":{"texture":"pokemon_skins/regular/spoink/spoink","pearl":"pokemon_skins/regular/spoink/pearl","particle":"pokemon_skins/regular/spoink/details"},"elements":[{"from":[5,6.5,5],"to":[11,10,11],"faces":{"north":{"uv":[2,1,6.5,5.5],"texture":"#texture"},"east":{"uv":[1.5,1.5,6.5,6.5],"texture":"#texture"},"south":{"uv":[1.5,1.5,6.5,6.5],"texture":"#texture"},"west":{"uv":[1,1.5,5.5,6],"texture":"#texture"},"up":{"uv":[1.5,2,6,6.5],"texture":"#texture"},"down":{"uv":[1.5,1.5,6.5,6.5],"texture":"#texture"}}},{"from":[5.5,6.5,4.5],"to":[10.5,10,11.5],"faces":{"north":{"uv":[2,1,6.5,5.5],"texture":"#texture"},"east":{"uv":[1.5,1.5,6.5,6.5],"texture":"#texture"},"south":{"uv":[1.5,1.5,6.5,6.5],"texture":"#texture"},"west":{"uv":[1,1.5,5.5,6],"texture":"#texture"},"up":{"uv":[1.5,2,6,6.5],"texture":"#texture"},"down":{"uv":[1.5,1.5,6.5,6.5],"texture":"#texture"}}},{"from":[4.5,6.5,5.5],"to":[11.5,10,10.5],"faces":{"north":{"uv":[2,1,6.5,5.5],"texture":"#texture"},"east":{"uv":[1.5,1.5,6.5,6.5],"texture":"#texture"},"south":{"uv":[1.5,1.5,6.5,6.5],"texture":"#texture"},"west":{"uv":[1,1.5,5.5,6],"texture":"#texture"},"up":{"uv":[1.5,2,6,6.5],"texture":"#texture"},"down":{"uv":[1.5,1.5,6.5,6.5],"texture":"#texture"}}},{"from":[5.5,5.5,5.5],"to":[10.5,10.75,10.5],"faces":{"north":{"uv":[2,1,6.5,5.5],"texture":"#texture"},"east":{"uv":[1.5,1.5,6.5,6.5],"texture":"#texture"},"south":{"uv":[1.5,1.5,6.5,6.5],"texture":"#texture"},"west":{"uv":[1,1.5,5.5,6],"texture":"#texture"},"up":{"uv":[1.5,2,6,6.5],"texture":"#texture"},"down":{"uv":[1.5,1.5,6.5,6.5],"texture":"#texture"}}},{"from":[5.5,9.6875,6.03],"to":[10.5,13.6875,8.53],"rotation":{"angle":22.5,"axis":"x","origin":[5.5,13.6875,6.03]},"faces":{"north":{"uv":[2,1,6.5,5.5],"texture":"#texture"},"east":{"uv":[1.5,1.5,6.5,6.5],"texture":"#texture"},"south":{"uv":[1.5,1.5,6.5,6.5],"texture":"#texture"},"west":{"uv":[1,1.5,5.5,6],"texture":"#texture"},"up":{"uv":[1.5,2,6,6.5],"texture":"#texture"},"down":{"uv":[1.5,1.5,6.5,6.5],"texture":"#texture"}}},{"from":[5.5,8.7375,7.655],"to":[10.5,12.7375,10.155],"rotation":{"angle":-22.5,"axis":"x","origin":[5.5,12.7375,7.655]},"faces":{"north":{"uv":[2,1,6.5,5.5],"texture":"#texture"},"east":{"uv":[1.5,1.5,6.5,6.5],"texture":"#texture"},"south":{"uv":[1.5,1.5,6.5,6.5],"texture":"#texture"},"west":{"uv":[1,1.5,5.5,6],"texture":"#texture"},"up":{"uv":[1.5,2,6,6.5],"texture":"#texture"},"down":{"uv":[1.5,1.5,6.5,6.5],"texture":"#texture"}}},{"from":[5.5,9.625,6.0625],"to":[10.5,13.6875,9.9375],"faces":{"north":{"uv":[2,1,6.5,5.5],"texture":"#texture"},"east":{"uv":[1.5,1.5,6.5,6.5],"texture":"#texture"},"south":{"uv":[1.5,1.5,6.5,6.5],"texture":"#texture"},"west":{"uv":[1,1.5,5.5,6],"texture":"#texture"},"up":{"uv":[1.5,2,6,6.5],"texture":"#texture"},"down":{"uv":[1.5,1.5,6.5,6.5],"texture":"#texture"}}},{"from":[5.5,9.8125,5.5],"to":[6.75,12.3125,10.5],"rotation":{"angle":-22.5,"axis":"z","origin":[5.5,12.3125,5.5]},"faces":{"north":{"uv":[2,1,6.5,5.5],"texture":"#texture"},"east":{"uv":[1.5,1.5,6.5,6.5],"texture":"#texture"},"south":{"uv":[1.5,1.5,6.5,6.5],"texture":"#texture"},"west":{"uv":[1,1.5,5.5,6],"texture":"#texture"},"up":{"uv":[1.5,2,6,6.5],"texture":"#texture"},"down":{"uv":[1.5,1.5,6.5,6.5],"texture":"#texture"}}},{"from":[8,12.75,5.5],"to":[10.5,15.25,6],"rotation":{"angle":-45,"axis":"z","origin":[8,15.25,5.5]},"faces":{"north":{"uv":[2,1,6.5,5.5],"texture":"#texture"},"east":{"uv":[1.5,1.5,6.5,6.5],"texture":"#texture"},"south":{"uv":[1.5,1.5,6.5,6.5],"texture":"#texture"},"west":{"uv":[1,1.5,5.5,6],"texture":"#texture"},"up":{"uv":[1.5,2,6,6.5],"texture":"#texture"},"down":{"uv":[1.5,1.5,6.5,6.5],"texture":"#texture"}}},{"from":[8,12.75,10],"to":[10.5,15.25,10.5],"rotation":{"angle":-45,"axis":"z","origin":[8,15.25,10]},"faces":{"north":{"uv":[2,1,6.5,5.5],"texture":"#texture"},"east":{"uv":[1.5,1.5,6.5,6.5],"texture":"#texture"},"south":{"uv":[1.5,1.5,6.5,6.5],"texture":"#texture"},"west":{"uv":[1,1.5,5.5,6],"texture":"#texture"},"up":{"uv":[1.5,2,6,6.5],"texture":"#texture"},"down":{"uv":[1.5,1.5,6.5,6.5],"texture":"#texture"}}},{"from":[5.5,6.2075,5.2075],"to":[10.5,7.2075,6.6175],"rotation":{"angle":45,"axis":"x","origin":[5.5,7.2075,5.2075]},"faces":{"north":{"uv":[2,1,6.5,5.5],"texture":"#texture"},"east":{"uv":[1.5,1.5,6.5,6.5],"texture":"#texture"},"south":{"uv":[1.5,1.5,6.5,6.5],"texture":"#texture"},"west":{"uv":[1,1.5,5.5,6],"texture":"#texture"},"up":{"uv":[1.5,2,6,6.5],"texture":"#texture"},"down":{"uv":[1.5,1.5,6.5,6.5],"texture":"#texture"}}},{"from":[5.5,5.2075,9.7925],"to":[10.5,6.2075,11.2025],"rotation":{"angle":-45,"axis":"x","origin":[5.5,6.2075,9.7925]},"faces":{"north":{"uv":[2,1,6.5,5.5],"texture":"#texture"},"east":{"uv":[1.5,1.5,6.5,6.5],"texture":"#texture"},"south":{"uv":[1.5,1.5,6.5,6.5],"texture":"#texture"},"west":{"uv":[1,1.5,5.5,6],"texture":"#texture"},"up":{"uv":[1.5,2,6,6.5],"texture":"#texture"},"down":{"uv":[1.5,1.5,6.5,6.5],"texture":"#texture"}}},{"from":[5.5,5.4375,5.875],"to":[10.5,6.4375,7.285],"rotation":{"angle":22.5,"axis":"x","origin":[5.5,6.4375,5.875]},"faces":{"north":{"uv":[2,1,6.5,5.5],"texture":"#texture"},"east":{"uv":[1.5,1.5,6.5,6.5],"texture":"#texture"},"south":{"uv":[1.5,1.5,6.5,6.5],"texture":"#texture"},"west":{"uv":[1,1.5,5.5,6],"texture":"#texture"},"up":{"uv":[1.5,2,6,6.5],"texture":"#texture"},"down":{"uv":[1.5,1.5,6.5,6.5],"texture":"#texture"}}},{"from":[5.5,4.875,8.8125],"to":[10.5,5.875,10.2225],"rotation":{"angle":-22.5,"axis":"x","origin":[5.5,5.875,8.8125]},"faces":{"north":{"uv":[2,1,6.5,5.5],"texture":"#texture"},"east":{"uv":[1.5,1.5,6.5,6.5],"texture":"#texture"},"south":{"uv":[1.5,1.5,6.5,6.5],"texture":"#texture"},"west":{"uv":[1,1.5,5.5,6],"texture":"#texture"},"up":{"uv":[1.5,2,6,6.5],"texture":"#texture"},"down":{"uv":[1.5,1.5,6.5,6.5],"texture":"#texture"}}},{"from":[5.5,4.9375,6.8125],"to":[10.5,5.5,9.1875],"faces":{"north":{"uv":[2,1,6.5,5.5],"texture":"#texture"},"east":{"uv":[1.5,1.5,6.5,6.5],"texture":"#texture"},"south":{"uv":[1.5,1.5,6.5,6.5],"texture":"#texture"},"west":{"uv":[1,1.5,5.5,6],"texture":"#texture"},"up":{"uv":[1.5,2,6,6.5],"texture":"#texture"},"down":{"uv":[1.5,1.5,6.5,6.5],"texture":"#texture"}}},{"from":[4.5,6.5,5.5],"to":[5.91,10,13.99],"rotation":{"angle":45,"axis":"y","origin":[4.5,6.5,5.5]},"faces":{"north":{"uv":[2,1,6.5,5.5],"texture":"#texture"},"east":{"uv":[1.5,1.5,6.5,6.5],"texture":"#texture"},"south":{"uv":[1.5,1.5,6.5,6.5],"texture":"#texture"},"west":{"uv":[1,1.5,5.5,6],"texture":"#texture"},"up":{"uv":[1.5,2,6,6.5],"texture":"#texture"},"down":{"uv":[1.5,1.5,6.5,6.5],"texture":"#texture"}}},{"from":[10.5,6.5,4.5],"to":[11.91,10,12.99],"rotation":{"angle":-45,"axis":"y","origin":[10.5,6.5,4.5]},"faces":{"north":{"uv":[2,1,6.5,5.5],"texture":"#texture"},"east":{"uv":[1.5,1.5,6.5,6.5],"texture":"#texture"},"south":{"uv":[1.5,1.5,6.5,6.5],"texture":"#texture"},"west":{"uv":[1,1.5,5.5,6],"texture":"#texture"},"up":{"uv":[1.5,2,6,6.5],"texture":"#texture"},"down":{"uv":[1.5,1.5,6.5,6.5],"texture":"#texture"}}},{"from":[4.25,10.5,6.5],"to":[5.25,11.25,9.5],"faces":{"north":{"uv":[11.75,1.75,14.5,4.75],"texture":"#texture"},"east":{"uv":[8.75,2,13.25,6.25],"texture":"#texture"},"south":{"uv":[12.25,2,15.75,6],"texture":"#texture"},"west":{"uv":[9.75,1.5,14,5.5],"texture":"#texture"},"up":{"uv":[10.5,2,13.25,5],"texture":"#texture"},"down":{"uv":[11,1.5,14.75,5.75],"texture":"#texture"}}},{"from":[4.25,10.25,6.5],"to":[5.25,10.5,7.5],"faces":{"north":{"uv":[11.75,1.75,14.5,4.75],"texture":"#texture"},"east":{"uv":[8.75,2,13.25,6.25],"texture":"#texture"},"south":{"uv":[12.25,2,15.75,6],"texture":"#texture"},"west":{"uv":[9.75,1.5,14,5.5],"texture":"#texture"},"up":{"uv":[10.5,2,13.25,5],"texture":"#texture"},"down":{"uv":[11,1.5,14.75,5.75],"texture":"#texture"}}},{"from":[4.25,11.25,7],"to":[5.25,11.75,9],"faces":{"north":{"uv":[11.75,1.75,14.5,4.75],"texture":"#texture"},"east":{"uv":[8.75,2,13.25,6.25],"texture":"#texture"},"south":{"uv":[12.25,2,15.75,6],"texture":"#texture"},"west":{"uv":[9.75,1.5,14,5.5],"texture":"#texture"},"up":{"uv":[10.5,2,13.25,5],"texture":"#texture"},"down":{"uv":[11,1.5,14.75,5.75],"texture":"#texture"}}},{"from":[4.25,10.25,8.5],"to":[5.25,10.5,9.5],"faces":{"north":{"uv":[11.75,1.75,14.5,4.75],"texture":"#texture"},"east":{"uv":[8.75,2,13.25,6.25],"texture":"#texture"},"south":{"uv":[12.25,2,15.75,6],"texture":"#texture"},"west":{"uv":[9.75,1.5,14,5.5],"texture":"#texture"},"up":{"uv":[10.5,2,13.25,5],"texture":"#texture"},"down":{"uv":[11,1.5,14.75,5.75],"texture":"#texture"}}},{"from":[4.25,10.75,6.5],"to":[5.25,11.25,7.1875],"rotation":{"angle":-45,"axis":"x","origin":[4.25,11.25,6.5]},"faces":{"north":{"uv":[11.75,1.75,14.5,4.75],"texture":"#texture"},"east":{"uv":[8.75,2,13.25,6.25],"texture":"#texture"},"south":{"uv":[12.25,2,15.75,6],"texture":"#texture"},"west":{"uv":[9.75,1.5,14,5.5],"texture":"#texture"},"up":{"uv":[10.5,2,13.25,5],"texture":"#texture"},"down":{"uv":[11,1.5,14.75,5.75],"texture":"#texture"}}},{"from":[4.25,11.25,9],"to":[5.25,11.75,9.6875],"rotation":{"angle":45,"axis":"x","origin":[4.25,11.75,9]},"faces":{"north":{"uv":[11.75,1.75,14.5,4.75],"texture":"#texture"},"east":{"uv":[8.75,2,13.25,6.25],"texture":"#texture"},"south":{"uv":[12.25,2,15.75,6],"texture":"#texture"},"west":{"uv":[9.75,1.5,14,5.5],"texture":"#texture"},"up":{"uv":[10.5,2,13.25,5],"texture":"#texture"},"down":{"uv":[11,1.5,14.75,5.75],"texture":"#texture"}}},{"from":[4.25,10.105,7.125],"to":[5.25,10.605,7.8125],"rotation":{"angle":-45,"axis":"x","origin":[4.25,10.605,7.125]},"faces":{"north":{"uv":[11.75,1.75,14.5,4.75],"texture":"#texture"},"east":{"uv":[8.75,2,13.25,6.25],"texture":"#texture"},"south":{"uv":[12.25,2,15.75,6],"texture":"#texture"},"west":{"uv":[9.75,1.5,14,5.5],"texture":"#texture"},"up":{"uv":[10.5,2,13.25,5],"texture":"#texture"},"down":{"uv":[11,1.5,14.75,5.75],"texture":"#texture"}}},{"from":[4.25,10.5825,8.375],"to":[5.25,11.0825,9.0625],"rotation":{"angle":45,"axis":"x","origin":[4.25,11.0825,8.375]},"faces":{"north":{"uv":[11.75,1.75,14.5,4.75],"texture":"#texture"},"east":{"uv":[8.75,2,13.25,6.25],"texture":"#texture"},"south":{"uv":[12.25,2,15.75,6],"texture":"#texture"},"west":{"uv":[9.75,1.5,14,5.5],"texture":"#texture"},"up":{"uv":[10.5,2,13.25,5],"texture":"#texture"},"down":{"uv":[11,1.5,14.75,5.75],"texture":"#texture"}}},{"from":[4.245,10.8125,7.125],"to":[4.3075,11.5,7.625],"faces":{"west":{"uv":[0.5,9.5,6.5,15.5],"texture":"#texture"}}},{"from":[4.245,10.8125,8.5],"to":[4.3075,11.5,9],"faces":{"west":{"uv":[0.5,9.5,6.5,15.5],"texture":"#texture"}}},{"from":[5.2075,6.2075,5.5],"to":[6.6175,7.2075,10.5],"rotation":{"angle":-45,"axis":"z","origin":[5.2075,7.2075,5.5]},"faces":{"north":{"uv":[1,1.5,5.5,6],"texture":"#texture"},"east":{"uv":[2,1,6.5,5.5],"texture":"#texture"},"south":{"uv":[1.5,1.5,6.5,6.5],"texture":"#texture"},"west":{"uv":[1.5,1.5,6.5,6.5],"texture":"#texture"},"up":{"uv":[1.5,2,6,6.5],"rotation":90,"texture":"#texture"},"down":{"uv":[1.5,1.5,6.5,6.5],"rotation":270,"texture":"#texture"}}},{"from":[9.7925,5.2075,5.5],"to":[11.2025,6.2075,10.5],"rotation":{"angle":45,"axis":"z","origin":[9.7925,6.2075,5.5]},"faces":{"north":{"uv":[1,1.5,5.5,6],"texture":"#texture"},"east":{"uv":[2,1,6.5,5.5],"texture":"#texture"},"south":{"uv":[1.5,1.5,6.5,6.5],"texture":"#texture"},"west":{"uv":[1.5,1.5,6.5,6.5],"texture":"#texture"},"up":{"uv":[1.5,2,6,6.5],"rotation":90,"texture":"#texture"},"down":{"uv":[1.5,1.5,6.5,6.5],"rotation":270,"texture":"#texture"}}},{"from":[7,7,2.5],"to":[9,8,5],"rotation":{"angle":-22.5,"axis":"x","origin":[7,8,2.5]},"faces":{"north":{"uv":[2,1,6.5,5.5],"texture":"#texture"},"east":{"uv":[1.5,1.5,6.5,6.5],"texture":"#texture"},"south":{"uv":[1.5,1.5,6.5,6.5],"texture":"#texture"},"west":{"uv":[1,1.5,5.5,6],"texture":"#texture"},"up":{"uv":[1.5,2,6,6.5],"texture":"#texture"},"down":{"uv":[1.5,1.5,6.5,6.5],"texture":"#texture"}}},{"from":[7,8.25,11.25],"to":[9,9.25,13.75],"rotation":{"angle":22.5,"axis":"x","origin":[7,9.25,11.25]},"faces":{"north":{"uv":[2,1,6.5,5.5],"texture":"#texture"},"east":{"uv":[1.5,1.5,6.5,6.5],"texture":"#texture"},"south":{"uv":[1.5,1.5,6.5,6.5],"texture":"#texture"},"west":{"uv":[1,1.5,5.5,6],"texture":"#texture"},"up":{"uv":[1.5,2,6,6.5],"texture":"#texture"},"down":{"uv":[1.5,1.5,6.5,6.5],"texture":"#texture"}}},{"from":[7,7.3125,12.9375],"to":[9,8,13.625],"rotation":{"angle":-22.5,"axis":"x","origin":[7,8,12.9375]},"faces":{"north":{"uv":[2,1,6.5,5.5],"texture":"#texture"},"east":{"uv":[1.5,1.5,6.5,6.5],"texture":"#texture"},"south":{"uv":[1.5,1.5,6.5,6.5],"texture":"#texture"},"west":{"uv":[1,1.5,5.5,6],"texture":"#texture"},"up":{"uv":[1.5,2,6,6.5],"texture":"#texture"},"down":{"uv":[1.5,1.5,6.5,6.5],"texture":"#texture"}}},{"from":[7,7.3125,2.5],"to":[9,8,3.1875],"rotation":{"angle":22.5,"axis":"x","origin":[7,8,2.5]},"faces":{"north":{"uv":[2,1,6.5,5.5],"texture":"#texture"},"east":{"uv":[1.5,1.5,6.5,6.5],"texture":"#texture"},"south":{"uv":[1.5,1.5,6.5,6.5],"texture":"#texture"},"west":{"uv":[1,1.5,5.5,6],"texture":"#texture"},"up":{"uv":[1.5,2,6,6.5],"texture":"#texture"},"down":{"uv":[1.5,1.5,6.5,6.5],"texture":"#texture"}}},{"from":[9.375,9.25,5.5],"to":[10.625,11.75,10.5],"rotation":{"angle":22.5,"axis":"z","origin":[9.375,11.75,5.5]},"faces":{"north":{"uv":[2,1,6.5,5.5],"texture":"#texture"},"east":{"uv":[1.5,1.5,6.5,6.5],"texture":"#texture"},"south":{"uv":[1.5,1.5,6.5,6.5],"texture":"#texture"},"west":{"uv":[1,1.5,5.5,6],"texture":"#texture"},"up":{"uv":[1.5,2,6,6.5],"texture":"#texture"},"down":{"uv":[1.5,1.5,6.5,6.5],"texture":"#texture"}}},{"from":[5.20134,11.25,5.5],"to":[5.26384,11.75,6.5],"rotation":{"angle":-22.5,"axis":"z","origin":[5.20134,11.75,5.5]},"faces":{"west":{"uv":[7,8.5,15.5,12.5],"texture":"#texture"}}},{"from":[5.26,11.25,9.5],"to":[5.3225,11.75,10.5],"rotation":{"angle":-22.5,"axis":"z","origin":[5.26,11.75,9.5]},"faces":{"west":{"uv":[7,8.5,15.5,12.5],"texture":"#texture"}}},{"from":[5.495,12.25,6.75],"to":[5.5575,12.75,7.5],"faces":{"west":{"uv":[1,6.5,8.5,10.25],"texture":"#particle"}}},{"from":[5.495,12.25,8.5],"to":[5.5575,12.75,9.25],"faces":{"west":{"uv":[8.5,6.5,1,10.25],"texture":"#particle"}}},{"from":[5.5,11.9425,8.5],"to":[5.5625,12.3175,9.25],"rotation":{"angle":-22.5,"axis":"z","origin":[5.5,12.3175,8.5]},"faces":{"west":{"uv":[8.5,10.25,1,14],"texture":"#particle"}}},{"from":[5.5,11.9425,6.75],"to":[5.5625,12.3175,7.5],"rotation":{"angle":-22.5,"axis":"z","origin":[5.5,12.3175,6.75]},"faces":{"west":{"uv":[1,10.25,8.5,14],"texture":"#particle"}}},{"from":[9,3.5,8],"to":[9.75,4.25,10.5],"rotation":{"angle":-45,"axis":"x","origin":[9,4.25,8]},"faces":{"north":{"uv":[2,1,6.5,5.5],"texture":"#texture"},"east":{"uv":[1.5,1.5,6.5,6.5],"texture":"#texture"},"south":{"uv":[1.5,1.5,6.5,6.5],"texture":"#texture"},"west":{"uv":[1,1.5,5.5,6],"texture":"#texture"},"up":{"uv":[1.5,2,6,6.5],"texture":"#texture"},"down":{"uv":[1.5,1.5,6.5,6.5],"texture":"#texture"}}},{"from":[9,3.75,7],"to":[9.75,4.5,8.5],"faces":{"north":{"uv":[2,1,6.5,5.5],"texture":"#texture"},"east":{"uv":[1.5,1.5,6.5,6.5],"texture":"#texture"},"south":{"uv":[1.5,1.5,6.5,6.5],"texture":"#texture"},"west":{"uv":[1,1.5,5.5,6],"texture":"#texture"},"up":{"uv":[1.5,2,6,6.5],"texture":"#texture"},"down":{"uv":[1.5,1.5,6.5,6.5],"texture":"#texture"}}},{"from":[7.75,3.5,6],"to":[8.4375,4.25,8.125],"rotation":{"angle":45,"axis":"y","origin":[7.75,3.5,6]},"faces":{"north":{"uv":[2,1,6.5,5.5],"texture":"#texture"},"east":{"uv":[1.5,1.5,6.5,6.5],"texture":"#texture"},"south":{"uv":[1.5,1.5,6.5,6.5],"texture":"#texture"},"west":{"uv":[1,1.5,5.5,6],"texture":"#texture"},"up":{"uv":[1.5,2,6,6.5],"texture":"#texture"},"down":{"uv":[1.5,1.5,6.5,6.5],"texture":"#texture"}}},{"from":[6,3.25,5.5],"to":[8.25,4,6.25],"faces":{"north":{"uv":[2,1,6.5,5.5],"texture":"#texture"},"east":{"uv":[1.5,1.5,6.5,6.5],"texture":"#texture"},"south":{"uv":[1.5,1.5,6.5,6.5],"texture":"#texture"},"west":{"uv":[1,1.5,5.5,6],"texture":"#texture"},"up":{"uv":[1.5,2,6,6.5],"texture":"#texture"},"down":{"uv":[1.5,1.5,6.5,6.5],"texture":"#texture"}}},{"from":[4.5,3,7],"to":[6.75,3.75,7.75],"rotation":{"angle":45,"axis":"y","origin":[4.5,3,7]},"faces":{"north":{"uv":[2,1,6.5,5.5],"texture":"#texture"},"east":{"uv":[1.5,1.5,6.5,6.5],"texture":"#texture"},"south":{"uv":[1.5,1.5,6.5,6.5],"texture":"#texture"},"west":{"uv":[1,1.5,5.5,6],"texture":"#texture"},"up":{"uv":[1.5,2,6,6.5],"texture":"#texture"},"down":{"uv":[1.5,1.5,6.5,6.5],"texture":"#texture"}}},{"from":[4.5,2.75,7],"to":[5.25,3.5,9.25],"faces":{"north":{"uv":[2,1,6.5,5.5],"texture":"#texture"},"east":{"uv":[1.5,1.5,6.5,6.5],"texture":"#texture"},"south":{"uv":[1.5,1.5,6.5,6.5],"texture":"#texture"},"west":{"uv":[1,1.5,5.5,6],"texture":"#texture"},"up":{"uv":[1.5,2,6,6.5],"texture":"#texture"},"down":{"uv":[1.5,1.5,6.5,6.5],"texture":"#texture"}}},{"from":[5,2.5,8.75],"to":[7.125,3.25,9.5],"rotation":{"angle":-45,"axis":"y","origin":[5,2.5,8.75]},"faces":{"north":{"uv":[2,1,6.5,5.5],"texture":"#texture"},"east":{"uv":[1.5,1.5,6.5,6.5],"texture":"#texture"},"south":{"uv":[1.5,1.5,6.5,6.5],"texture":"#texture"},"west":{"uv":[1,1.5,5.5,6],"texture":"#texture"},"up":{"uv":[1.5,2,6,6.5],"texture":"#texture"},"down":{"uv":[1.5,1.5,6.5,6.5],"texture":"#texture"}}},{"from":[6,2.25,10],"to":[8.25,3,10.75],"faces":{"north":{"uv":[2,1,6.5,5.5],"texture":"#texture"},"east":{"uv":[1.5,1.5,6.5,6.5],"texture":"#texture"},"south":{"uv":[1.5,1.5,6.5,6.5],"texture":"#texture"},"west":{"uv":[1,1.5,5.5,6],"texture":"#texture"},"up":{"uv":[1.5,2,6,6.5],"texture":"#texture"},"down":{"uv":[1.5,1.5,6.5,6.5],"texture":"#texture"}}},{"from":[7.75,2,10.25],"to":[9.875,2.75,11],"rotation":{"angle":45,"axis":"y","origin":[7.75,2,10.25]},"faces":{"north":{"uv":[2,1,6.5,5.5],"texture":"#texture"},"east":{"uv":[1.5,1.5,6.5,6.5],"texture":"#texture"},"south":{"uv":[1.5,1.5,6.5,6.5],"texture":"#texture"},"west":{"uv":[1,1.5,5.5,6],"texture":"#texture"},"up":{"uv":[1.5,2,6,6.5],"texture":"#texture"},"down":{"uv":[1.5,1.5,6.5,6.5],"texture":"#texture"}}},{"from":[9,1.75,7],"to":[9.75,2.5,9.25],"faces":{"north":{"uv":[2,1,6.5,5.5],"texture":"#texture"},"east":{"uv":[1.5,1.5,6.5,6.5],"texture":"#texture"},"south":{"uv":[1.5,1.5,6.5,6.5],"texture":"#texture"},"west":{"uv":[1,1.5,5.5,6],"texture":"#texture"},"up":{"uv":[1.5,2,6,6.5],"texture":"#texture"},"down":{"uv":[1.5,1.5,6.5,6.5],"texture":"#texture"}}},{"from":[7.75,1.5,6],"to":[8.5,2.25,8.25],"rotation":{"angle":45,"axis":"y","origin":[7.75,1.5,6]},"faces":{"north":{"uv":[2,1,6.5,5.5],"texture":"#texture"},"east":{"uv":[1.5,1.5,6.5,6.5],"texture":"#texture"},"south":{"uv":[1.5,1.5,6.5,6.5],"texture":"#texture"},"west":{"uv":[1,1.5,5.5,6],"texture":"#texture"},"up":{"uv":[1.5,2,6,6.5],"texture":"#texture"},"down":{"uv":[1.5,1.5,6.5,6.5],"texture":"#texture"}}},{"from":[6,1.25,5.5],"to":[8.25,2,6.25],"faces":{"north":{"uv":[2,1,6.5,5.5],"texture":"#texture"},"east":{"uv":[1.5,1.5,6.5,6.5],"texture":"#texture"},"south":{"uv":[1.5,1.5,6.5,6.5],"texture":"#texture"},"west":{"uv":[1,1.5,5.5,6],"texture":"#texture"},"up":{"uv":[1.5,2,6,6.5],"texture":"#texture"},"down":{"uv":[1.5,1.5,6.5,6.5],"texture":"#texture"}}},{"from":[4.5,1,6.96599],"to":[6.75,1.75,7.71599],"rotation":{"angle":45,"axis":"y","origin":[4.5,1,6.96599]},"faces":{"north":{"uv":[2,1,6.5,5.5],"texture":"#texture"},"east":{"uv":[1.5,1.5,6.5,6.5],"texture":"#texture"},"south":{"uv":[1.5,1.5,6.5,6.5],"texture":"#texture"},"west":{"uv":[1,1.5,5.5,6],"texture":"#texture"},"up":{"uv":[1.5,2,6,6.5],"texture":"#texture"},"down":{"uv":[1.5,1.5,6.5,6.5],"texture":"#texture"}}},{"from":[4.5,1,7],"to":[5.25,1.75,7.75],"rotation":{"angle":22.5,"axis":"x","origin":[4.5,1.75,7]},"faces":{"north":{"uv":[2,1,6.5,5.5],"texture":"#texture"},"east":{"uv":[1.5,1.5,6.5,6.5],"texture":"#texture"},"south":{"uv":[1.5,1.5,6.5,6.5],"texture":"#texture"},"west":{"uv":[1,1.5,5.5,6],"texture":"#texture"},"up":{"uv":[1.5,2,6,6.5],"texture":"#texture"},"down":{"uv":[1.5,1.5,6.5,6.5],"texture":"#texture"}}},{"from":[4.5,0.6875,7.6875],"to":[5.25,1.4375,9.1875],"rotation":{"angle":45,"axis":"x","origin":[4.5,1.4375,7.6875]},"faces":{"north":{"uv":[2,1,6.5,5.5],"texture":"#texture"},"east":{"uv":[1.5,1.5,6.5,6.5],"texture":"#texture"},"south":{"uv":[1.5,1.5,6.5,6.5],"texture":"#texture"},"west":{"uv":[1,1.5,5.5,6],"texture":"#texture"},"up":{"uv":[1.5,2,6,6.5],"texture":"#texture"},"down":{"uv":[1.5,1.5,6.5,6.5],"texture":"#texture"}}},{"from":[4.5,-0.1875,8.5],"to":[5.25,0.5625,10],"rotation":{"angle":22.5,"axis":"x","origin":[4.5,0.5625,8.5]},"faces":{"north":{"uv":[2,1,6.5,5.5],"texture":"#texture"},"east":{"uv":[1.5,1.5,6.5,6.5],"texture":"#texture"},"south":{"uv":[1.5,1.5,6.5,6.5],"texture":"#texture"},"west":{"uv":[1,1.5,5.5,6],"texture":"#texture"},"up":{"uv":[1.5,2,6,6.5],"texture":"#texture"},"down":{"uv":[1.5,1.5,6.5,6.5],"texture":"#texture"}}},{"from":[7,13.5,7],"to":[9,17.5,9],"faces":{"north":{"uv":[13.25,4.25,14.75,5.75],"texture":"#particle"},"east":{"uv":[13.5,4.75,15,6.25],"texture":"#particle"},"south":{"uv":[13.75,4.25,15.25,5.75],"texture":"#particle"},"west":{"uv":[13.5,4.75,15,6.25],"texture":"#particle"},"up":{"uv":[13.75,4.75,15.25,6.25],"texture":"#particle"},"down":{"uv":[13.5,4.25,15,5.75],"texture":"#particle"}}},{"from":[6,14.5,7],"to":[10,16.5,9],"faces":{"north":{"uv":[13.5,1,15,2.5],"texture":"#particle"},"east":{"uv":[13.25,0.75,14.75,2.25],"texture":"#particle"},"south":{"uv":[13.75,0.75,15.25,2.25],"texture":"#particle"},"west":{"uv":[13.75,1,15.25,2.5],"texture":"#particle"},"up":{"uv":[13.75,1,15.25,2.5],"texture":"#particle"},"down":{"uv":[14,1,15.5,2.5],"texture":"#particle"}}},{"from":[6.25,11.5,5.5],"to":[9.75,13.5,10.5],"faces":{"north":{"uv":[2,1,6.5,5.5],"texture":"#texture"},"east":{"uv":[1.5,1.5,6.5,6.5],"texture":"#texture"},"south":{"uv":[1.5,1.5,6.5,6.5],"texture":"#texture"},"west":{"uv":[1,1.5,5.5,6],"texture":"#texture"},"up":{"uv":[1.5,2,6,6.5],"texture":"#texture"},"down":{"uv":[1.5,1.5,6.5,6.5],"texture":"#texture"}}},{"from":[7,14.5,6],"to":[9,16.5,10],"faces":{"north":{"uv":[13.5,1,15,2.5],"texture":"#particle"},"east":{"uv":[13.25,0.75,14.75,2.25],"texture":"#particle"},"south":{"uv":[13.75,0.75,15.25,2.25],"texture":"#particle"},"west":{"uv":[13.75,1,15.25,2.5],"texture":"#particle"},"up":{"uv":[13.75,1,15.25,2.5],"texture":"#particle"},"down":{"uv":[14,1,15.5,2.5],"texture":"#particle"}}},{"from":[7,15.5,6],"to":[9,16.5,7.41],"rotation":{"angle":-45,"axis":"x","origin":[7,16.5,6]},"faces":{"north":{"uv":[5.75,10,7.25,11.5],"texture":"#pearl"},"east":{"uv":[5.25,9.25,6.75,10.75],"texture":"#pearl"},"south":{"uv":[6.25,9.75,7.75,11.25],"texture":"#pearl"},"west":{"uv":[6,10,7.5,11.5],"texture":"#pearl"},"up":{"uv":[0.5,8.5,10.5,15],"rotation":180,"texture":"#pearl"},"down":{"uv":[0.5,8.5,10.5,15],"texture":"#pearl"}}},{"from":[7,16.5,9],"to":[9,17.5,10.41],"rotation":{"angle":45,"axis":"x","origin":[7,17.5,9]},"faces":{"north":{"uv":[5.75,10,7.25,11.5],"texture":"#pearl"},"east":{"uv":[5.25,9.25,6.75,10.75],"texture":"#pearl"},"south":{"uv":[6.25,9.75,7.75,11.25],"texture":"#pearl"},"west":{"uv":[6,10,7.5,11.5],"texture":"#pearl"},"up":{"uv":[0.5,8.5,10.5,15],"texture":"#pearl"},"down":{"uv":[0.5,8.5,10.5,15],"rotation":180,"texture":"#pearl"}}},{"from":[7,14.2075,6.7075],"to":[9,15.2075,8.1175],"rotation":{"angle":45,"axis":"x","origin":[7,15.2075,6.7075]},"faces":{"north":{"uv":[5.75,10,7.25,11.5],"texture":"#pearl"},"east":{"uv":[5.25,9.25,6.75,10.75],"texture":"#pearl"},"south":{"uv":[6.25,9.75,7.75,11.25],"texture":"#pearl"},"west":{"uv":[6,10,7.5,11.5],"texture":"#pearl"},"up":{"uv":[0.5,8.5,10.5,15],"rotation":180,"texture":"#pearl"},"down":{"uv":[0.5,8.5,10.5,15],"texture":"#pearl"}}},{"from":[7,13.2075,8.2925],"to":[9,14.2075,9.7025],"rotation":{"angle":-45,"axis":"x","origin":[7,14.2075,8.2925]},"faces":{"north":{"uv":[5.75,10,7.25,11.5],"texture":"#pearl"},"east":{"uv":[5.25,9.25,6.75,10.75],"texture":"#pearl"},"south":{"uv":[6.25,9.75,7.75,11.25],"texture":"#pearl"},"west":{"uv":[6,10,7.5,11.5],"texture":"#pearl"},"up":{"uv":[0.5,8.5,10.5,15],"texture":"#pearl"},"down":{"uv":[0.5,8.5,10.5,15],"rotation":180,"texture":"#pearl"}}},{"from":[6,15.5,7],"to":[7.41,16.5,9],"rotation":{"angle":45,"axis":"z","origin":[6,16.5,7]},"faces":{"north":{"uv":[5.75,10,7.25,11.5],"texture":"#pearl"},"east":{"uv":[5.25,9.25,6.75,10.75],"texture":"#pearl"},"south":{"uv":[6.25,9.75,7.75,11.25],"texture":"#pearl"},"west":{"uv":[6,10,7.5,11.5],"texture":"#pearl"},"up":{"uv":[0.5,8.5,10.5,15],"rotation":90,"texture":"#pearl"},"down":{"uv":[0.5,8.5,10.5,15],"rotation":90,"texture":"#pearl"}}},{"from":[9,16.5,7],"to":[10.41,17.5,9],"rotation":{"angle":-45,"axis":"z","origin":[9,17.5,7]},"faces":{"north":{"uv":[5.75,10,7.25,11.5],"texture":"#pearl"},"east":{"uv":[5.25,9.25,6.75,10.75],"texture":"#pearl"},"south":{"uv":[6.25,9.75,7.75,11.25],"texture":"#pearl"},"west":{"uv":[6,10,7.5,11.5],"texture":"#pearl"},"up":{"uv":[0.5,8.5,10.5,15],"rotation":270,"texture":"#pearl"},"down":{"uv":[0.5,8.5,10.5,15],"rotation":270,"texture":"#pearl"}}},{"from":[8.2925,13.2075,7],"to":[9.7025,14.2075,9],"rotation":{"angle":45,"axis":"z","origin":[8.2925,14.2075,7]},"faces":{"north":{"uv":[5.75,10,7.25,11.5],"texture":"#pearl"},"east":{"uv":[5.25,9.25,6.75,10.75],"texture":"#pearl"},"south":{"uv":[6.25,9.75,7.75,11.25],"texture":"#pearl"},"west":{"uv":[6,10,7.5,11.5],"texture":"#pearl"},"up":{"uv":[0.5,8.5,10.5,15],"rotation":270,"texture":"#pearl"},"down":{"uv":[0.5,8.5,10.5,15],"rotation":270,"texture":"#pearl"}}},{"from":[6.7075,14.2075,7],"to":[8.1175,15.2075,9],"rotation":{"angle":-45,"axis":"z","origin":[6.7075,15.2075,7]},"faces":{"north":{"uv":[5.75,10,7.25,11.5],"texture":"#pearl"},"east":{"uv":[5.25,9.25,6.75,10.75],"texture":"#pearl"},"south":{"uv":[6.25,9.75,7.75,11.25],"texture":"#pearl"},"west":{"uv":[6,10,7.5,11.5],"texture":"#pearl"},"up":{"uv":[0.5,8.5,10.5,15],"rotation":90,"texture":"#pearl"},"down":{"uv":[0.5,8.5,10.5,15],"rotation":90,"texture":"#pearl"}}},{"from":[6,14.5,7],"to":[7.41,16.5,11.24],"rotation":{"angle":45,"axis":"y","origin":[6,14.5,7]},"faces":{"north":{"uv":[0.5,0.5,10.5,7],"rotation":90,"texture":"#pearl"},"east":{"uv":[8.25,3,9.75,4.5],"texture":"#pearl"},"south":{"uv":[0.5,0.5,10.5,7],"rotation":270,"texture":"#pearl"},"west":{"uv":[8.5,2.75,10,4.25],"texture":"#pearl"},"up":{"uv":[6,9.5,7.5,11],"texture":"#pearl"},"down":{"uv":[7,9,8.5,10.5],"texture":"#pearl"}}},{"from":[9,14.5,6],"to":[10.41,16.5,10.24],"rotation":{"angle":-45,"axis":"y","origin":[9,14.5,6]},"faces":{"north":{"uv":[0.5,0.5,10.5,7],"rotation":90,"texture":"#pearl"},"east":{"uv":[8.25,3,9.75,4.5],"texture":"#pearl"},"south":{"uv":[0.5,0.5,10.5,7],"rotation":270,"texture":"#pearl"},"west":{"uv":[8.5,2.75,10,4.25],"texture":"#pearl"},"up":{"uv":[6,9.5,7.5,11],"texture":"#pearl"},"down":{"uv":[7,9,8.5,10.5],"texture":"#pearl"}}},{"from":[5.995,15.25,7.75],"to":[6.0575,16.5,9],"faces":{"west":{"uv":[1.75,1,6.5,5.5],"texture":"#particle"}}}],"display":{"thirdperson_righthand":{"scale":[0,0,0]},"thirdperson_lefthand":{"scale":[0,0,0]},"firstperson_righthand":{"scale":[0,0,0]},"firstperson_lefthand":{"scale":[0,0,0]},"gui":{"rotation":[30,50,0],"translation":[0,0.25,0],"scale":[0.85,0.85,0.85]},"head":{"rotation":[0,-90,0],"translation":[0,-33.5,0],"scale":[1.1,1.1,1.1]}}}