{"credit":"Designed by Samasaurus6 with BDcraft Cubik PRO 0.96 Beta - http://bdcraft.net","textures":{"0":"pokemon_skins/regular/nidoran_m/nidoran_m","1":"pokemon_skins/regular/nidoran_m/nidoran_m_ear","2":"pokemon_skins/regular/nidoran_m/nidoran_f_eye","3":"pokemon_skins/regular/nidoran_m/nidoran_f2","4":"pokemon_skins/regular/nidoran_m/nidoran_m_ear2","5":"pokemon_skins/regular/nidoran_m/nidoran_m_spikes"},"elements":[{"from":[7.5,1.5,8],"to":[11.5,4.5,11],"faces":{"north":{"uv":[5.5,8.5,9,11.5],"texture":"#0"},"east":{"uv":[0.5,8.5,6,2.5],"texture":"#0"},"south":{"uv":[8,9.5,13,13.5],"texture":"#0"},"west":{"uv":[0,1.5,8,9.5],"texture":"#0"},"up":{"uv":[0.5,5,8.5,10],"texture":"#0"},"down":{"uv":[15,14,8.5,9],"texture":"#0"}}},{"from":[5.5,2.25,8.5],"to":[8,4.75,10.5],"faces":{"north":{"uv":[6.5,7.5,9.4375,10.25],"texture":"#0"},"east":{"uv":[5.125,9.875,7.875,12.625],"texture":"#0"},"south":{"uv":[5.75,9.875,8.6875,12.625],"texture":"#0"},"west":{"uv":[7.5,8.5,10.25,11.25],"texture":"#0"},"up":{"uv":[5.75,8.125,8.6875,10.875],"texture":"#0"},"down":{"uv":[10.25,10.875,7.3125,8.125],"texture":"#0"}}},{"from":[7.6875,4.5,8.25],"to":[10.1875,5,10.75],"rotation":{"angle":-22.5,"axis":"z","origin":[7.6875,5,8.25]},"faces":{"north":{"uv":[5.5,8.5,7.5,9],"texture":"#0"},"east":{"uv":[3.5,8.5,4.5,9],"texture":"#0"},"south":{"uv":[8.5,8.5,10.5,9],"texture":"#0"},"west":{"uv":[11.5,8.5,12.5,9],"texture":"#0"},"up":{"uv":[8,9,16,15],"texture":"#0"},"down":{"uv":[7.5,12.5,5.5,11.5],"texture":"#0"}}},{"from":[10,0.5,7.5],"to":[11.5,1.5,9],"faces":{"north":{"uv":[4.5,14.5,6,15.5],"texture":"#0"},"east":{"uv":[7,14.5,8.5,15.5],"texture":"#0"},"south":{"uv":[10,14.5,11.5,15.5],"texture":"#0"},"west":{"uv":[7.5,14.5,9,15.5],"texture":"#0"},"up":{"uv":[10,7.5,11.5,9],"texture":"#0"},"down":{"uv":[6,9,4.5,7.5],"texture":"#0"}}},{"from":[7.8125,0.625,10.625],"to":[8.75,2.5,11.625],"rotation":{"angle":-22.5,"axis":"z","origin":[7.8125,2.5,10.625]},"faces":{"north":{"uv":[5.5,14.5,7,15.5],"texture":"#0"},"east":{"uv":[4.5,14.5,6,15.5],"texture":"#0"},"south":{"uv":[2,1.5,6.5,8.5],"texture":"#0"},"west":{"uv":[10,14.5,11.5,15.5],"texture":"#0"},"up":{"uv":[9,10,10.5,11.5],"texture":"#0"},"down":{"uv":[7,11.5,5.5,10],"texture":"#0"}}},{"from":[6.0625,4.5625,8.3125],"to":[8.0625,5.0625,10.625],"faces":{"north":{"uv":[7.9375,9.0625,9.9375,9.5625],"texture":"#0"},"east":{"uv":[5.6875,9.0625,7.6875,9.5625],"texture":"#0"},"south":{"uv":[6.0625,9.0625,8.0625,9.5625],"texture":"#0"},"west":{"uv":[8.3125,9.0625,10.3125,9.5625],"texture":"#0"},"up":{"uv":[6.0625,8.3125,8.0625,10.3125],"texture":"#0"},"down":{"uv":[9.9375,10.3125,7.9375,8.3125],"texture":"#0"}}},{"from":[7.8125,0.625,7.375],"to":[8.75,2.5,8.375],"rotation":{"angle":-22.5,"axis":"z","origin":[7.8125,2.5,7.375]},"faces":{"north":{"uv":[11,11.5,14,4.5],"texture":"#0"},"east":{"uv":[4.5,14.5,6,15.5],"texture":"#0"},"south":{"uv":[9,14.5,10.5,15.5],"texture":"#0"},"west":{"uv":[10,14.5,11.5,15.5],"texture":"#0"},"up":{"uv":[9,10,10.5,11.5],"texture":"#0"},"down":{"uv":[7,11.5,5.5,10],"texture":"#0"}}},{"from":[11.5,1.8125,8.3125],"to":[12,4.3125,10.6875],"faces":{"north":{"uv":[5,7,8.5,10],"texture":"#0"},"east":{"uv":[5,11,8,14],"texture":"#0"},"south":{"uv":[5,9.5,8.5,12.5],"texture":"#0"},"west":{"uv":[6,6,9,9],"texture":"#0"},"up":{"uv":[6,8,9.5,11],"texture":"#0"},"down":{"uv":[10,11,6.5,8],"texture":"#0"}}},{"from":[7.625,1.75,10.6875],"to":[11.125,4.125,11.1875],"faces":{"north":{"uv":[1,9,4,11],"texture":"#0"},"east":{"uv":[3,9,3.5,11],"texture":"#0"},"south":{"uv":[3.5,1.5,14.5,9],"texture":"#0"},"west":{"uv":[12.5,9,13,11],"texture":"#0"},"up":{"uv":[12,12.5,15,13],"texture":"#0"},"down":{"uv":[4,13,1,12.5],"texture":"#0"}}},{"from":[7.625,1.75,7.75],"to":[11.125,4.125,8.25],"faces":{"north":{"uv":[8,16,15.5,5.5],"texture":"#0","rotation":90},"east":{"uv":[3,9,3.5,11],"texture":"#0"},"south":{"uv":[12,9,15,11],"texture":"#0"},"west":{"uv":[12.5,9,13,11],"texture":"#0"},"up":{"uv":[12,12.5,15,13],"texture":"#0"},"down":{"uv":[4,9,1,8.5],"texture":"#0"}}},{"from":[5.625,4.4375,8.75],"to":[6.5625,4.9375,10.25],"faces":{"north":{"uv":[9.5,9.1875,10.4375,9.6875],"texture":"#0"},"east":{"uv":[5.75,9.1875,7.25,9.6875],"texture":"#0"},"south":{"uv":[5.5625,9.1875,6.5,9.6875],"texture":"#0"},"west":{"uv":[8.75,9.1875,10.25,9.6875],"texture":"#0"},"up":{"uv":[5.5625,8.75,6.5,10.25],"texture":"#0"},"down":{"uv":[10.4375,10.25,9.5,8.75],"texture":"#0"}}},{"from":[6.6875,0.5625,7.875],"to":[7.6875,0.8125,8.125],"faces":{"north":{"uv":[1,1,3,3],"texture":"#3"},"east":{"uv":[1,1,3,3],"texture":"#3"},"south":{"uv":[1,1,3,3],"texture":"#3"},"west":{"uv":[1,1,3,3],"texture":"#3"},"up":{"uv":[1,1,3,3],"texture":"#3"},"down":{"uv":[1,1,3,3],"texture":"#3"}}},{"from":[6.6875,0.5625,10.875],"to":[7.6875,0.8125,11.125],"faces":{"north":{"uv":[1,1,3,3],"texture":"#3"},"east":{"uv":[1,1,3,3],"texture":"#3"},"south":{"uv":[1,1,3,3],"texture":"#3"},"west":{"uv":[1,1,3,3],"texture":"#3"},"up":{"uv":[1,1,3,3],"texture":"#3"},"down":{"uv":[1,1,3,3],"texture":"#3"}}},{"from":[9.75,0.5,7.5625],"to":[10.75,1,8.0625],"rotation":{"angle":22.5,"axis":"z","origin":[9.75,1,7.5625]},"faces":{"north":{"uv":[1,1,3,3],"texture":"#3"},"east":{"uv":[1,1,3,3],"texture":"#3"},"south":{"uv":[1,1,3,3],"texture":"#3"},"west":{"uv":[1,1,3,3],"texture":"#3"},"up":{"uv":[1,1,3,3],"texture":"#3"},"down":{"uv":[1,1,3,3],"texture":"#3"}}},{"from":[9.75,0.5,8.4375],"to":[10.75,1,8.9375],"rotation":{"angle":22.5,"axis":"z","origin":[9.75,1,8.4375]},"faces":{"north":{"uv":[1,1,3,3],"texture":"#3"},"east":{"uv":[1,1,3,3],"texture":"#3"},"south":{"uv":[1,1,3,3],"texture":"#3"},"west":{"uv":[1,1,3,3],"texture":"#3"},"up":{"uv":[1,1,3,3],"texture":"#3"},"down":{"uv":[1,1,3,3],"texture":"#3"}}},{"from":[9.75,0.5,10.0625],"to":[10.75,1,10.5625],"rotation":{"angle":22.5,"axis":"z","origin":[9.75,1,10.0625]},"faces":{"north":{"uv":[1,1,3,3],"texture":"#3"},"east":{"uv":[1,1,3,3],"texture":"#3"},"south":{"uv":[1,1,3,3],"texture":"#3"},"west":{"uv":[1,1,3,3],"texture":"#3"},"up":{"uv":[1,1,3,3],"texture":"#3"},"down":{"uv":[1,1,3,3],"texture":"#3"}}},{"from":[9.75,0.5,10.9375],"to":[10.75,1,11.4375],"rotation":{"angle":22.5,"axis":"z","origin":[9.75,1,10.9375]},"faces":{"north":{"uv":[1,1,3,3],"texture":"#3"},"east":{"uv":[1,1,3,3],"texture":"#3"},"south":{"uv":[1,1,3,3],"texture":"#3"},"west":{"uv":[1,1,3,3],"texture":"#3"},"up":{"uv":[1,1,3,3],"texture":"#3"},"down":{"uv":[1,1,3,3],"texture":"#3"}}},{"from":[10,0.5,10],"to":[11.5,1.5,11.5],"faces":{"north":{"uv":[4.5,14.5,6,15.5],"texture":"#0"},"east":{"uv":[4.5,14.5,6,15.5],"texture":"#0"},"south":{"uv":[10,14.5,11.5,15.5],"texture":"#0"},"west":{"uv":[10,14.5,11.5,15.5],"texture":"#0"},"up":{"uv":[10,10,11.5,11.5],"texture":"#0"},"down":{"uv":[6,11.5,4.5,10],"texture":"#0"}}},{"from":[10.25,1.25,10.5],"to":[11.9375,3,11.625],"faces":{"north":{"uv":[4,7.5,5.9375,9.6875],"texture":"#0"},"east":{"uv":[7.5,10,8.625,12.1875],"texture":"#0"},"south":{"uv":[7,9,8.9375,11.1875],"texture":"#0"},"west":{"uv":[3,3,8.5,9],"texture":"#0"},"up":{"uv":[8,9.5,9.9375,10.625],"texture":"#0"},"down":{"uv":[6.875,11.6875,4.9375,10.5625],"texture":"#0"}}},{"from":[10.25,1.25,7.375],"to":[11.9375,3,8.5],"faces":{"north":{"uv":[0,10,6,16],"texture":"#0"},"east":{"uv":[8,12.5,9.125,14.6875],"texture":"#0"},"south":{"uv":[7,9,8.9375,11.1875],"texture":"#0"},"west":{"uv":[8,8.5,9.125,10.6875],"texture":"#0"},"up":{"uv":[8,9.5,9.9375,10.625],"texture":"#0"},"down":{"uv":[6.875,11.6875,4.9375,10.5625],"texture":"#0"}}},{"from":[6.25,3.5,10.5625],"to":[9.25,8,10.625],"rotation":{"angle":-22.5,"axis":"y","origin":[6.25,3.5,10.5625]},"faces":{"north":{"uv":[15.5,0,1,15.5],"texture":"#4"},"south":{"uv":[1,0,15.5,15.5],"texture":"#1"}}},{"from":[5.5625,3.0625,8.5],"to":[6.9375,4.5625,10.5],"rotation":{"angle":-22.5,"axis":"z","origin":[5.5625,4.5625,8.5]},"faces":{"north":{"uv":[11,10,13,12],"texture":"#0"},"east":{"uv":[5.375,10,7.625,12],"texture":"#0"},"south":{"uv":[3,10,5,12],"texture":"#0"},"west":{"uv":[8.375,10,10.625,12],"texture":"#0"},"up":{"uv":[3,8.375,5,10.625],"texture":"#0"},"down":{"uv":[13,10.625,11,8.375],"texture":"#0"}}},{"from":[4.5625,1.8125,8.8125],"to":[6.3125,3.1875,10.1875],"rotation":{"angle":22.5,"axis":"z","origin":[4.5625,3.1875,8.8125]},"faces":{"north":{"uv":[11,10,13,12],"texture":"#0"},"east":{"uv":[5.375,10,7.625,12],"texture":"#0"},"south":{"uv":[3,10,5,12],"texture":"#0"},"west":{"uv":[8.375,10,10.625,12],"texture":"#0"},"up":{"uv":[3,8.375,5,10.625],"texture":"#0"},"down":{"uv":[13,10.625,11,8.375],"texture":"#0"}}},{"from":[7.4375,1.25,9.875],"to":[9,2.8125,11.375],"rotation":{"angle":-22.5,"axis":"x","origin":[7.4375,2.8125,9.875]},"faces":{"north":{"uv":[5.5,14.5,7,15.5],"texture":"#0"},"east":{"uv":[4.5,14.5,6,15.5],"texture":"#0"},"south":{"uv":[2,3,6.5,10],"texture":"#0"},"west":{"uv":[10,14.5,11.5,15.5],"texture":"#0"},"up":{"uv":[9,10,10.5,11.5],"texture":"#0"},"down":{"uv":[7,11.5,5.5,10],"texture":"#0"}}},{"from":[7.4375,1.875,7.6875],"to":[9,3.4375,9.1875],"rotation":{"angle":22.5,"axis":"x","origin":[7.4375,3.4375,7.6875]},"faces":{"north":{"uv":[5.5,14.5,7,15.5],"texture":"#0"},"east":{"uv":[4.5,14.5,6,15.5],"texture":"#0"},"south":{"uv":[9.5,2,14,9],"texture":"#0"},"west":{"uv":[10,14.5,11.5,15.5],"texture":"#0"},"up":{"uv":[9,10,10.5,11.5],"texture":"#0"},"down":{"uv":[7,11.5,5.5,10],"texture":"#0"}}},{"from":[6.875,0.5,10.6875],"to":[7.875,1,11.6875],"faces":{"north":{"uv":[8.125,15,9.125,15.5],"texture":"#0"},"east":{"uv":[4.3125,15,5.3125,15.5],"texture":"#0"},"south":{"uv":[6.875,15,7.875,15.5],"texture":"#0"},"west":{"uv":[10.6875,15,11.6875,15.5],"texture":"#0"},"up":{"uv":[6.875,10.6875,7.875,11.6875],"texture":"#0"},"down":{"uv":[9.125,11.6875,8.125,10.6875],"texture":"#0"}}},{"from":[6.875,0.5,7.3125],"to":[7.875,1,8.3125],"faces":{"north":{"uv":[8.125,15,9.125,15.5],"texture":"#0"},"east":{"uv":[7.6875,15,8.6875,15.5],"texture":"#0"},"south":{"uv":[6.875,15,7.875,15.5],"texture":"#0"},"west":{"uv":[7.3125,15,8.3125,15.5],"texture":"#0"},"up":{"uv":[6.875,7.3125,7.875,8.3125],"texture":"#0"},"down":{"uv":[9.125,8.3125,8.125,7.3125],"texture":"#0"}}},{"from":[5.875,2.4375,9.5625],"to":[7.375,4.625,10.5625],"rotation":{"angle":-22.5,"axis":"y","origin":[5.875,2.4375,9.5625]},"faces":{"north":{"uv":[6.5,7.5,9.4375,10.25],"texture":"#0"},"east":{"uv":[5.125,9.875,7.875,12.625],"texture":"#0"},"south":{"uv":[5.75,9.875,8.6875,12.625],"texture":"#0"},"west":{"uv":[7.5,8.5,10.25,11.25],"texture":"#0"},"up":{"uv":[5.75,8.125,8.6875,10.875],"texture":"#0"},"down":{"uv":[10.25,10.875,7.3125,8.125],"texture":"#0"}}},{"from":[5.5,2.4375,8.4375],"to":[7,4.625,9.4375],"rotation":{"angle":22.5,"axis":"y","origin":[5.5,2.4375,8.4375]},"faces":{"north":{"uv":[6.5,7.5,9.4375,10.25],"texture":"#0"},"east":{"uv":[5.125,9.875,7.875,12.625],"texture":"#0"},"south":{"uv":[5.75,9.875,8.6875,12.625],"texture":"#0"},"west":{"uv":[7.5,8.5,10.25,11.25],"texture":"#0"},"up":{"uv":[5.75,8.125,8.6875,10.875],"texture":"#0"},"down":{"uv":[10.25,10.875,7.3125,8.125],"texture":"#0"}}},{"from":[4.9375,2.00942,8.5625],"to":[6.25,3.13442,10.4375],"rotation":{"angle":45,"axis":"z","origin":[4.9375,3.13442,8.5625]},"faces":{"north":{"uv":[11,10,13,12],"texture":"#0"},"east":{"uv":[5.375,10,7.625,12],"texture":"#0"},"south":{"uv":[3,10,5,12],"texture":"#0"},"west":{"uv":[8.375,10,10.625,12],"texture":"#0"},"up":{"uv":[3,8.375,5,10.625],"texture":"#0"},"down":{"uv":[13,10.625,11,8.375],"texture":"#0"}}},{"from":[6.25,3.5,8.3125],"to":[9.25,8,8.375],"rotation":{"angle":22.5,"axis":"y","origin":[6.25,3.5,8.3125]},"faces":{"north":{"uv":[15.5,0,1,15.5],"texture":"#1"},"south":{"uv":[1,0,15.5,15.5],"texture":"#4"}}},{"from":[5.5625,3.0625,10.5],"to":[6.875,4.125,10.5625],"rotation":{"angle":-22.5,"axis":"y","origin":[5.5625,3.0625,10.5]},"faces":{"south":{"uv":[3,2,14,13],"texture":"#2"}}},{"from":[5.5625,3.0625,8.375],"to":[6.875,4.125,8.4375],"rotation":{"angle":22.5,"axis":"y","origin":[5.5625,3.0625,8.375]},"faces":{"north":{"uv":[14,2,3,13],"texture":"#2"}}},{"from":[8,3.6875,9.5],"to":[12,6.5,9.5625],"faces":{"north":{"uv":[13,2.5,0,16],"texture":"#5"},"south":{"uv":[0,2.5,13,16],"texture":"#5"}}},{"from":[8.4375,4,10.8125],"to":[11.25,5.5,10.875],"rotation":{"angle":22.5,"axis":"x","origin":[8.4375,5.5,10.8125]},"faces":{"north":{"uv":[13,2.5,0,16],"texture":"#5"},"south":{"uv":[0,2.5,13,16],"texture":"#5"}}},{"from":[8.4375,4,8.125],"to":[11.25,5.5,8.1875],"rotation":{"angle":-22.5,"axis":"x","origin":[8.4375,5.5,8.125]},"faces":{"north":{"uv":[13,2.5,0,16],"texture":"#5"},"south":{"uv":[0,2.5,13,16],"texture":"#5"}}},{"from":[6.875,2.4375,10.125],"to":[7.875,4.625,11.0625],"faces":{"north":{"uv":[6.5,7.5,9.4375,10.25],"texture":"#0"},"east":{"uv":[5.125,9.875,7.875,12.625],"texture":"#0"},"south":{"uv":[5.75,9.875,8.6875,12.625],"texture":"#0"},"west":{"uv":[7.5,8.5,10.25,11.25],"texture":"#0"},"up":{"uv":[5.75,8.125,8.6875,10.875],"texture":"#0"},"down":{"uv":[10.25,10.875,7.3125,8.125],"texture":"#0"}}},{"from":[6.875,2.4375,7.875],"to":[7.875,4.625,8.8125],"faces":{"north":{"uv":[6.5,7.5,9.4375,10.25],"texture":"#0"},"east":{"uv":[5.125,9.875,7.875,12.625],"texture":"#0"},"south":{"uv":[5.75,9.875,8.6875,12.625],"texture":"#0"},"west":{"uv":[7.5,8.5,10.25,11.25],"texture":"#0"},"up":{"uv":[5.75,8.125,8.6875,10.875],"texture":"#0"},"down":{"uv":[10.25,10.875,7.3125,8.125],"texture":"#0"}}},{"from":[4.875,1.6875,9.3125],"to":[5.0625,2.3125,9.75],"rotation":{"angle":22.5,"axis":"z","origin":[4.875,2.3125,9.3125]},"faces":{"north":{"uv":[1,1,3,3],"texture":"#3"},"east":{"uv":[1,1,3,3],"texture":"#3"},"south":{"uv":[1,1,3,3],"texture":"#3"},"west":{"uv":[1,1,3,3],"texture":"#3"},"up":{"uv":[1,1,3,3],"texture":"#3"},"down":{"uv":[1,1,3,3],"texture":"#3"}}},{"from":[6.5625,0.5625,11.1875],"to":[7.5625,0.875,11.5],"faces":{"north":{"uv":[1,1,3,3],"texture":"#3"},"east":{"uv":[1,1,3,3],"texture":"#3"},"south":{"uv":[1,1,3,3],"texture":"#3"},"west":{"uv":[1,1,3,3],"texture":"#3"},"up":{"uv":[1,1,3,3],"texture":"#3"},"down":{"uv":[1,1,3,3],"texture":"#3"}}},{"from":[6.5625,0.5625,7.5],"to":[7.5625,0.875,7.8125],"faces":{"north":{"uv":[1,1,3,3],"texture":"#3"},"east":{"uv":[1,1,3,3],"texture":"#3"},"south":{"uv":[1,1,3,3],"texture":"#3"},"west":{"uv":[1,1,3,3],"texture":"#3"},"up":{"uv":[1,1,3,3],"texture":"#3"},"down":{"uv":[1,1,3,3],"texture":"#3"}}}],"display":{"head":{"rotation":[0,-90,0],"translation":[3.59,-25.5,0],"scale":[2.4,2.4,2.4]},"gui":{"rotation":[30,50,0],"translation":[-3,7,0],"scale":[1.8,1.8,1.8]},"thirdperson_righthand":{"scale":[0,0,0]},"thirdperson_lefthand":{"scale":[0,0,0]},"firstperson_righthand":{"scale":[0,0,0]},"firstperson_lefthand":{"scale":[0,0,0]}}}