{"credit":"Made by MadstonMagic using Cubik Pro, Copyright © MadstonMagic Modeling 2015-2017. All rights reserved","textures":{"texture":"pokemon_skins/regular/cacnea/cacnea","mouth":"pokemon_skins/regular/cacnea/mouth","details":"pokemon_skins/regular/cacnea/details","particle":"pokemon_skins/regular/cacnea/eye"},"elements":[{"name":"cube","from":[5,3,3],"to":[11,9,13],"faces":{"north":{"uv":[2,2,6.5,6.5],"texture":"#texture"},"east":{"uv":[3.5,2,7,5.5],"texture":"#texture"},"south":{"uv":[2.5,2,6,5.5],"texture":"#texture"},"west":{"uv":[1.5,1.5,5.5,5.5],"texture":"#texture"},"up":{"uv":[1.5,1.5,6.5,6.5],"texture":"#texture"},"down":{"uv":[2.5,1.5,6,5],"texture":"#texture"}}},{"name":"cube","from":[5,1,5],"to":[11,11,11],"faces":{"north":{"uv":[2,2,6.5,6.5],"texture":"#texture"},"east":{"uv":[3.5,2,7,5.5],"texture":"#texture"},"south":{"uv":[2.5,2,6,5.5],"texture":"#texture"},"west":{"uv":[1.5,1.5,5.5,5.5],"texture":"#texture"},"up":{"uv":[1.5,1.5,6.5,6.5],"texture":"#texture"},"down":{"uv":[2.5,1.5,6,5],"texture":"#texture"}}},{"name":"cube","from":[3,3,5],"to":[13,9,11],"faces":{"north":{"uv":[2,2,6.5,6.5],"texture":"#texture"},"east":{"uv":[3.5,2,7,5.5],"texture":"#texture"},"south":{"uv":[2.5,2,6,5.5],"texture":"#texture"},"west":{"uv":[1.5,1.5,5.5,5.5],"texture":"#texture"},"up":{"uv":[1.5,1.5,6.5,6.5],"texture":"#texture"},"down":{"uv":[2.5,1.5,6,5],"texture":"#texture"}}},{"name":"cube","from":[5,-2.32,3],"to":[11,9,5.83],"rotation":{"angle":-45,"axis":"x","origin":[5,9,3]},"faces":{"north":{"uv":[2,2,6.5,6.5],"texture":"#texture"},"east":{"uv":[3.5,2,7,5.5],"texture":"#texture"},"south":{"uv":[2.5,2,6,5.5],"texture":"#texture"},"west":{"uv":[1.5,1.5,5.5,5.5],"texture":"#texture"},"up":{"uv":[1.5,1.5,6.5,6.5],"texture":"#texture"},"down":{"uv":[2.5,1.5,6,5],"texture":"#texture"}}},{"name":"cube","from":[5,-0.32,11],"to":[11,11,13.83],"rotation":{"angle":45,"axis":"x","origin":[5,11,11]},"faces":{"north":{"uv":[2,2,6.5,6.5],"texture":"#texture"},"east":{"uv":[3.5,2,7,5.5],"texture":"#texture"},"south":{"uv":[2.5,2,6,5.5],"texture":"#texture"},"west":{"uv":[1.5,1.5,5.5,5.5],"texture":"#texture"},"up":{"uv":[1.5,1.5,6.5,6.5],"texture":"#texture"},"down":{"uv":[2.5,1.5,6,5],"texture":"#texture"}}},{"name":"cube","from":[3,-2.32,5],"to":[5.83,9,11],"rotation":{"angle":45,"axis":"z","origin":[3,9,5]},"faces":{"north":{"uv":[2,2,6.5,6.5],"texture":"#texture"},"east":{"uv":[3.5,2,7,5.5],"texture":"#texture"},"south":{"uv":[2.5,2,6,5.5],"texture":"#texture"},"west":{"uv":[1.5,1.5,5.5,5.5],"texture":"#texture"},"up":{"uv":[1.5,1.5,6.5,6.5],"texture":"#texture"},"down":{"uv":[2.5,1.5,6,5],"texture":"#texture"}}},{"name":"cube","from":[3,3,5],"to":[5.83,9,16.32],"rotation":{"angle":45,"axis":"y","origin":[3,3,5]},"faces":{"north":{"uv":[2,2,6.5,6.5],"texture":"#texture"},"east":{"uv":[3.5,2,7,5.5],"texture":"#texture"},"south":{"uv":[2.5,2,6,5.5],"texture":"#texture"},"west":{"uv":[1.5,1.5,5.5,5.5],"texture":"#texture"},"up":{"uv":[1.5,1.5,6.5,6.5],"texture":"#texture"},"down":{"uv":[2.5,1.5,6,5],"texture":"#texture"}}},{"name":"cube","from":[11,-0.32,5],"to":[13.83,11,11],"rotation":{"angle":-45,"axis":"z","origin":[11,11,5]},"faces":{"north":{"uv":[2,2,6.5,6.5],"texture":"#texture"},"east":{"uv":[3.5,2,7,5.5],"texture":"#texture"},"south":{"uv":[2.5,2,6,5.5],"texture":"#texture"},"west":{"uv":[1.5,1.5,5.5,5.5],"texture":"#texture"},"up":{"uv":[1.5,1.5,6.5,6.5],"texture":"#texture"},"down":{"uv":[2.5,1.5,6,5],"texture":"#texture"}}},{"name":"cube","from":[11,3,3],"to":[13.83,9,14.32],"rotation":{"angle":-45,"axis":"y","origin":[11,3,3]},"faces":{"north":{"uv":[2,2,6.5,6.5],"texture":"#texture"},"east":{"uv":[3.5,2,7,5.5],"texture":"#texture"},"south":{"uv":[2.5,2,6,5.5],"texture":"#texture"},"west":{"uv":[1.5,1.5,5.5,5.5],"texture":"#texture"},"up":{"uv":[1.5,1.5,6.5,6.5],"texture":"#texture"},"down":{"uv":[2.5,1.5,6,5],"texture":"#texture"}}},{"name":"cube","from":[6.5,6,-1.5],"to":[9.5,9,5],"rotation":{"angle":22.5,"axis":"x","origin":[6.5,9,-1.5]},"faces":{"north":{"uv":[2,2,6.5,6.5],"texture":"#texture"},"east":{"uv":[3.5,2,7,5.5],"texture":"#texture"},"south":{"uv":[2.5,2,6,5.5],"texture":"#texture"},"west":{"uv":[1.5,1.5,5.5,5.5],"texture":"#texture"},"up":{"uv":[1.5,1.5,6.5,6.5],"texture":"#texture"},"down":{"uv":[2.5,1.5,6,5],"texture":"#texture"}}},{"name":"cube","from":[6.5,5.875,-4.5625],"to":[9.5,10.875,-1.5625],"rotation":{"angle":-22.5,"axis":"x","origin":[6.5,10.875,-4.5625]},"faces":{"north":{"uv":[2,2,6.5,6.5],"texture":"#texture"},"east":{"uv":[3.5,2,7,5.5],"texture":"#texture"},"south":{"uv":[2.5,2,6,5.5],"texture":"#texture"},"west":{"uv":[1.5,1.5,5.5,5.5],"texture":"#texture"},"up":{"uv":[1.5,1.5,6.5,6.5],"texture":"#texture"},"down":{"uv":[2.5,1.5,6,5],"texture":"#texture"}}},{"name":"cube","from":[6.5,3.51256,11.5],"to":[9.5,6.51256,18],"rotation":{"angle":-22.5,"axis":"x","origin":[6.5,6.51256,11.5]},"faces":{"north":{"uv":[2,2,6.5,6.5],"texture":"#texture"},"east":{"uv":[3.5,2,7,5.5],"texture":"#texture"},"south":{"uv":[2.5,2,6,5.5],"texture":"#texture"},"west":{"uv":[1.5,1.5,5.5,5.5],"texture":"#texture"},"up":{"uv":[1.5,1.5,6.5,6.5],"texture":"#texture"},"down":{"uv":[2.5,1.5,6,5],"texture":"#texture"}}},{"name":"cube","from":[6.5,7,17.75],"to":[9.5,12,20.75],"rotation":{"angle":22.5,"axis":"x","origin":[6.5,12,17.75]},"faces":{"north":{"uv":[2,2,6.5,6.5],"texture":"#texture"},"east":{"uv":[3.5,2,7,5.5],"texture":"#texture"},"south":{"uv":[2.5,2,6,5.5],"texture":"#texture"},"west":{"uv":[1.5,1.5,5.5,5.5],"texture":"#texture"},"up":{"uv":[1.5,1.5,6.5,6.5],"texture":"#texture"},"down":{"uv":[2.5,1.5,6,5],"texture":"#texture"}}},{"name":"cube","from":[7,7.3125,18.375],"to":[9,12.3125,20.375],"rotation":{"angle":22.5,"axis":"x","origin":[7,12.3125,18.375]},"faces":{"north":{"uv":[2,2,6.5,6.5],"texture":"#texture"},"east":{"uv":[3.5,2,7,5.5],"texture":"#texture"},"south":{"uv":[2.5,2,6,5.5],"texture":"#texture"},"west":{"uv":[1.5,1.5,5.5,5.5],"texture":"#texture"},"up":{"uv":[1.5,1.5,6.5,6.5],"texture":"#texture"},"down":{"uv":[2.5,1.5,6,5],"texture":"#texture"}}},{"name":"cube","from":[7,6.625,-4.3125],"to":[9,11.625,-2.3125],"rotation":{"angle":-22.5,"axis":"x","origin":[7,11.625,-4.3125]},"faces":{"north":{"uv":[2,2,6.5,6.5],"texture":"#texture"},"east":{"uv":[3.5,2,7,5.5],"texture":"#texture"},"south":{"uv":[2.5,2,6,5.5],"texture":"#texture"},"west":{"uv":[1.5,1.5,5.5,5.5],"texture":"#texture"},"up":{"uv":[1.5,1.5,6.5,6.5],"texture":"#texture"},"down":{"uv":[2.5,1.5,6,5],"texture":"#texture"}}},{"name":"cube","from":[5,11,5],"to":[11,11.5,11],"faces":{"north":{"uv":[10,1.5,14,5.5],"texture":"#texture"},"east":{"uv":[10.5,1.5,14,5],"texture":"#texture"},"south":{"uv":[11,1.5,14.5,5],"texture":"#texture"},"west":{"uv":[10,2,14,6],"texture":"#texture"},"up":{"uv":[9,1,13,5],"texture":"#texture"},"down":{"uv":[11,1.5,14.5,5],"texture":"#texture"}}},{"name":"cube","from":[5.5,9.625,10.085],"to":[10.5,11.125,11.085],"rotation":{"angle":-22.5,"axis":"x","origin":[5.5,11.125,10.085]},"faces":{"north":{"uv":[10,1.5,14,5.5],"texture":"#texture"},"east":{"uv":[10.5,1.5,14,5],"texture":"#texture"},"south":{"uv":[11,1.5,14.5,5],"texture":"#texture"},"west":{"uv":[10,2,14,6],"texture":"#texture"},"up":{"uv":[9,1,13,5],"texture":"#texture"},"down":{"uv":[11,1.5,14.5,5],"texture":"#texture"}}},{"name":"cube","from":[5.5,10,4.9975],"to":[10.5,11.5,5.9975],"rotation":{"angle":22.5,"axis":"x","origin":[5.5,11.5,4.9975]},"faces":{"north":{"uv":[10,1.5,14,5.5],"texture":"#texture"},"east":{"uv":[10.5,1.5,14,5],"texture":"#texture"},"south":{"uv":[11,1.5,14.5,5],"texture":"#texture"},"west":{"uv":[10,2,14,6],"texture":"#texture"},"up":{"uv":[9,1,13,5],"texture":"#texture"},"down":{"uv":[11,1.5,14.5,5],"texture":"#texture"}}},{"name":"cube","from":[5,10,5.5],"to":[6,11.5,10.5],"rotation":{"angle":-22.5,"axis":"z","origin":[5,11.5,5.5]},"faces":{"north":{"uv":[10,1.5,14,5.5],"texture":"#texture"},"east":{"uv":[10.5,1.5,14,5],"texture":"#texture"},"south":{"uv":[11,1.5,14.5,5],"texture":"#texture"},"west":{"uv":[10,2,14,6],"texture":"#texture"},"up":{"uv":[9,1,13,5],"texture":"#texture"},"down":{"uv":[11,1.5,14.5,5],"texture":"#texture"}}},{"name":"cube","from":[10.0825,9.6225,5.5],"to":[11.0825,11.1225,10.5],"rotation":{"angle":22.5,"axis":"z","origin":[10.0825,11.1225,5.5]},"faces":{"north":{"uv":[10,1.5,14,5.5],"texture":"#texture"},"east":{"uv":[10.5,1.5,14,5],"texture":"#texture"},"south":{"uv":[11,1.5,14.5,5],"texture":"#texture"},"west":{"uv":[10,2,14,6],"texture":"#texture"},"up":{"uv":[9,1,13,5],"texture":"#texture"},"down":{"uv":[11,1.5,14.5,5],"texture":"#texture"}}},{"name":"cube","from":[4.995,8.25,5.75],"to":[5.995,11,10],"rotation":{"angle":-45,"axis":"z","origin":[4.995,11,5.75]},"faces":{"west":{"uv":[0.5,10.5,10,15.75],"texture":"#details"}}},{"name":"cube","from":[10.3425,7.5,5.75],"to":[11.3425,10.25,10],"rotation":{"angle":45,"axis":"z","origin":[10.3425,10.25,5.75]},"faces":{"east":{"uv":[0.5,10.5,10,15.5],"texture":"#details"}}},{"name":"cube","from":[6,8.25,4.995],"to":[10.25,11,5.995],"rotation":{"angle":45,"axis":"x","origin":[6,11,4.995]},"faces":{"north":{"uv":[0.5,10.5,10,15.75],"texture":"#details"}}},{"name":"cube","from":[6,7.78,10.0625],"to":[10.25,10.53,11.0625],"rotation":{"angle":-45,"axis":"x","origin":[6,10.53,10.0625]},"faces":{"south":{"uv":[0.5,10.5,10,15.5],"texture":"#details"}}},{"name":"cube","from":[7.25,8.25,11.75],"to":[8.75,9.5,13.5],"rotation":{"angle":-45,"axis":"x","origin":[7.25,9.5,11.75]},"faces":{"north":{"uv":[10,1.5,14,5.5],"texture":"#texture"},"east":{"uv":[10.5,1.5,14,5],"texture":"#texture"},"south":{"uv":[11,1.5,14.5,5],"texture":"#texture"},"west":{"uv":[10,2,14,6],"texture":"#texture"},"up":{"uv":[9,1,13,5],"texture":"#texture"},"down":{"uv":[11,1.5,14.5,5],"texture":"#texture"}}},{"name":"cube","from":[7.25,9.5,3],"to":[8.75,10.75,4.75],"rotation":{"angle":45,"axis":"x","origin":[7.25,10.75,3]},"faces":{"north":{"uv":[10,1.5,14,5.5],"texture":"#texture"},"east":{"uv":[10.5,1.5,14,5],"texture":"#texture"},"south":{"uv":[11,1.5,14.5,5],"texture":"#texture"},"west":{"uv":[10,2,14,6],"texture":"#texture"},"up":{"uv":[9,1,13,5],"texture":"#texture"},"down":{"uv":[11,1.5,14.5,5],"texture":"#texture"}}},{"name":"cube","from":[7.5,9.1875,12.5],"to":[8.5,9.9375,14],"rotation":{"angle":-45,"axis":"x","origin":[7.5,9.9375,12.5]},"faces":{"north":{"uv":[10,1.5,14,5.5],"texture":"#texture"},"east":{"uv":[10.5,1.5,14,5],"texture":"#texture"},"south":{"uv":[11,1.5,14.5,5],"texture":"#texture"},"west":{"uv":[10,2,14,6],"texture":"#texture"},"up":{"uv":[9,1,13,5],"texture":"#texture"},"down":{"uv":[11,1.5,14.5,5],"texture":"#texture"}}},{"name":"cube","from":[7.5,10.125,2.5],"to":[8.5,10.875,4],"rotation":{"angle":45,"axis":"x","origin":[7.5,10.875,2.5]},"faces":{"north":{"uv":[10,1.5,14,5.5],"texture":"#texture"},"east":{"uv":[10.5,1.5,14,5],"texture":"#texture"},"south":{"uv":[11,1.5,14.5,5],"texture":"#texture"},"west":{"uv":[10,2,14,6],"texture":"#texture"},"up":{"uv":[9,1,13,5],"texture":"#texture"},"down":{"uv":[11,1.5,14.5,5],"texture":"#texture"}}},{"name":"cube","from":[7.5,7.25,12.5],"to":[8.5,8.25,14],"rotation":{"angle":-22.5,"axis":"x","origin":[7.5,8.25,12.5]},"faces":{"north":{"uv":[10,1.5,14,5.5],"texture":"#texture"},"east":{"uv":[10.5,1.5,14,5],"texture":"#texture"},"south":{"uv":[11,1.5,14.5,5],"texture":"#texture"},"west":{"uv":[10,2,14,6],"texture":"#texture"},"up":{"uv":[9,1,13,5],"texture":"#texture"},"down":{"uv":[11,1.5,14.5,5],"texture":"#texture"}}},{"name":"cube","from":[7.5,7.8125,2.0625],"to":[8.5,8.8125,3.5625],"rotation":{"angle":22.5,"axis":"x","origin":[7.5,8.8125,2.0625]},"faces":{"north":{"uv":[10,1.5,14,5.5],"texture":"#texture"},"east":{"uv":[10.5,1.5,14,5],"texture":"#texture"},"south":{"uv":[11,1.5,14.5,5],"texture":"#texture"},"west":{"uv":[10,2,14,6],"texture":"#texture"},"up":{"uv":[9,1,13,5],"texture":"#texture"},"down":{"uv":[11,1.5,14.5,5],"texture":"#texture"}}},{"name":"cube","from":[7.75,7.75,13.1875],"to":[8.25,8.25,14.4375],"rotation":{"angle":-22.5,"axis":"x","origin":[7.75,8.25,13.1875]},"faces":{"north":{"uv":[10,1.5,14,5.5],"texture":"#texture"},"east":{"uv":[10.5,1.5,14,5],"texture":"#texture"},"south":{"uv":[11,1.5,14.5,5],"texture":"#texture"},"west":{"uv":[10,2,14,6],"texture":"#texture"},"up":{"uv":[9,1,13,5],"texture":"#texture"},"down":{"uv":[11,1.5,14.5,5],"texture":"#texture"}}},{"name":"cube","from":[7.75,8.25,1.5625],"to":[8.25,8.75,2.8125],"rotation":{"angle":22.5,"axis":"x","origin":[7.75,8.75,1.5625]},"faces":{"north":{"uv":[10,1.5,14,5.5],"texture":"#texture"},"east":{"uv":[10.5,1.5,14,5],"texture":"#texture"},"south":{"uv":[11,1.5,14.5,5],"texture":"#texture"},"west":{"uv":[10,2,14,6],"texture":"#texture"},"up":{"uv":[9,1,13,5],"texture":"#texture"},"down":{"uv":[11,1.5,14.5,5],"texture":"#texture"}}},{"name":"cube","from":[7.25,9,20],"to":[8.75,10.25,21.75],"rotation":{"angle":22.5,"axis":"x","origin":[7.25,10.25,20]},"faces":{"north":{"uv":[10,1.5,14,5.5],"texture":"#texture"},"east":{"uv":[10.5,1.5,14,5],"texture":"#texture"},"south":{"uv":[11,1.5,14.5,5],"texture":"#texture"},"west":{"uv":[10,2,14,6],"texture":"#texture"},"up":{"uv":[9,1,13,5],"texture":"#texture"},"down":{"uv":[11,1.5,14.5,5],"texture":"#texture"}}},{"name":"cube","from":[7.25,10.75,16],"to":[8.75,12,17.75],"rotation":{"angle":22.5,"axis":"x","origin":[7.25,12,16]},"faces":{"north":{"uv":[10,1.5,14,5.5],"texture":"#texture"},"east":{"uv":[10.5,1.5,14,5],"texture":"#texture"},"south":{"uv":[11,1.5,14.5,5],"texture":"#texture"},"west":{"uv":[10,2,14,6],"texture":"#texture"},"up":{"uv":[9,1,13,5],"texture":"#texture"},"down":{"uv":[11,1.5,14.5,5],"texture":"#texture"}}},{"name":"cube","from":[4.75,9.75,18],"to":[6.5,11,19.5],"rotation":{"angle":22.5,"axis":"x","origin":[4.75,11,18]},"faces":{"north":{"uv":[10,1.5,14,5.5],"texture":"#texture"},"east":{"uv":[10.5,1.5,14,5],"texture":"#texture"},"south":{"uv":[11,1.5,14.5,5],"texture":"#texture"},"west":{"uv":[10,2,14,6],"texture":"#texture"},"up":{"uv":[9,1,13,5],"texture":"#texture"},"down":{"uv":[11,1.5,14.5,5],"texture":"#texture"}}},{"name":"cube","from":[9.5,9.75,18],"to":[11.25,11,19.5],"rotation":{"angle":22.5,"axis":"x","origin":[9.5,11,18]},"faces":{"north":{"uv":[10,1.5,14,5.5],"texture":"#texture"},"east":{"uv":[10.5,1.5,14,5],"texture":"#texture"},"south":{"uv":[11,1.5,14.5,5],"texture":"#texture"},"west":{"uv":[10,2,14,6],"texture":"#texture"},"up":{"uv":[9,1,13,5],"texture":"#texture"},"down":{"uv":[11,1.5,14.5,5],"texture":"#texture"}}},{"name":"cube","from":[7.25,10,-1.75],"to":[8.75,11.25,0],"rotation":{"angle":-22.5,"axis":"x","origin":[7.25,11.25,-1.75]},"faces":{"north":{"uv":[10,1.5,14,5.5],"texture":"#texture"},"east":{"uv":[10.5,1.5,14,5],"texture":"#texture"},"south":{"uv":[11,1.5,14.5,5],"texture":"#texture"},"west":{"uv":[10,2,14,6],"texture":"#texture"},"up":{"uv":[9,1,13,5],"texture":"#texture"},"down":{"uv":[11,1.5,14.5,5],"texture":"#texture"}}},{"name":"cube","from":[7.25,8.25,-5.5],"to":[8.75,9.5,-3.75],"rotation":{"angle":-22.5,"axis":"x","origin":[7.25,9.5,-5.5]},"faces":{"north":{"uv":[10,1.5,14,5.5],"texture":"#texture"},"east":{"uv":[10.5,1.5,14,5],"texture":"#texture"},"south":{"uv":[11,1.5,14.5,5],"texture":"#texture"},"west":{"uv":[10,2,14,6],"texture":"#texture"},"up":{"uv":[9,1,13,5],"texture":"#texture"},"down":{"uv":[11,1.5,14.5,5],"texture":"#texture"}}},{"name":"cube","from":[4.75,9.25,-3.5],"to":[6.5,10.5,-2],"rotation":{"angle":-22.5,"axis":"x","origin":[4.75,10.5,-3.5]},"faces":{"north":{"uv":[10,1.5,14,5.5],"texture":"#texture"},"east":{"uv":[10.5,1.5,14,5],"texture":"#texture"},"south":{"uv":[11,1.5,14.5,5],"texture":"#texture"},"west":{"uv":[10,2,14,6],"texture":"#texture"},"up":{"uv":[9,1,13,5],"texture":"#texture"},"down":{"uv":[11,1.5,14.5,5],"texture":"#texture"}}},{"name":"cube","from":[9.5,9.25,-3.5],"to":[11.25,10.5,-2],"rotation":{"angle":-22.5,"axis":"x","origin":[9.5,10.5,-3.5]},"faces":{"north":{"uv":[10,1.5,14,5.5],"texture":"#texture"},"east":{"uv":[10.5,1.5,14,5],"texture":"#texture"},"south":{"uv":[11,1.5,14.5,5],"texture":"#texture"},"west":{"uv":[10,2,14,6],"texture":"#texture"},"up":{"uv":[9,1,13,5],"texture":"#texture"},"down":{"uv":[11,1.5,14.5,5],"texture":"#texture"}}},{"name":"cube","from":[2.995,3,6.25],"to":[3.995,5.25,9.5],"faces":{"west":{"uv":[0.5,0.5,10,7],"texture":"#details"}}},{"name":"cube","from":[2.9875,1.5,6.25],"to":[3.9875,3,9.5],"rotation":{"angle":45,"axis":"z","origin":[2.9875,3,6.25]},"faces":{"west":{"uv":[0.5,7,10,10],"texture":"#details"}}},{"name":"cube","from":[2.99,3,11],"to":[3.99,5.25,13.25],"rotation":{"angle":45,"axis":"y","origin":[2.99,3,11]},"faces":{"west":{"uv":[0.5,0.5,10,10],"texture":"#details"}}},{"name":"cube","from":[4.62,3,3.375],"to":[5.62,5.25,5.625],"rotation":{"angle":-45,"axis":"y","origin":[4.62,3,3.375]},"faces":{"west":{"uv":[0.5,0.5,10,10],"texture":"#details"}}},{"name":"cube","from":[2.995,5.35,7.25],"to":[3.995,6.85,8.75],"faces":{"west":{"uv":[0.5,0.5,11,11],"texture":"#mouth"}}},{"name":"cube","from":[2.995,5.6,9],"to":[3.995,6.85,10.25],"faces":{"west":{"uv":[0.5,0.5,11,11],"texture":"#mouth"}}},{"name":"cube","from":[2.995,5.6,5.75],"to":[3.995,6.85,7],"faces":{"west":{"uv":[0.5,0.5,11,11],"texture":"#mouth"}}},{"name":"cube","from":[2.995,5.85,5],"to":[3.995,6.85,5.5],"faces":{"west":{"uv":[5.75,0.5,11,11],"texture":"#mouth"}}},{"name":"cube","from":[2.995,5.85,10.5],"to":[3.995,6.85,11],"faces":{"west":{"uv":[0.5,0.5,5.75,11],"texture":"#mouth"}}},{"name":"cube","from":[2.99,5.85,11],"to":[3.99,6.85,11.5],"rotation":{"angle":45,"axis":"y","origin":[2.99,5.85,11]},"faces":{"west":{"uv":[5.75,0.5,11,11],"texture":"#mouth"}}},{"name":"cube","from":[3.34,5.85,4.655],"to":[4.34,6.85,5.155],"rotation":{"angle":-45,"axis":"y","origin":[3.34,5.85,4.655]},"faces":{"west":{"uv":[0.5,0.5,5.75,11],"texture":"#mouth"}}},{"name":"cube","from":[2.995,7,5.25],"to":[3.995,9,7.25],"faces":{"west":{"uv":[11,0.5,0.5,11],"texture":"#particle"}}},{"name":"cube","from":[2.995,7,8.75],"to":[3.995,9,10.75],"faces":{"west":{"uv":[0.5,0.5,11,11],"texture":"#particle"}}},{"name":"cube","from":[6.75,0.25,10.25],"to":[9.25,1.75,12.75],"rotation":{"angle":-22.5,"axis":"x","origin":[6.75,1.75,10.25]},"faces":{"north":{"uv":[10,1.5,14,5.5],"texture":"#texture"},"east":{"uv":[10.5,1.5,14,5],"texture":"#texture"},"south":{"uv":[11,1.5,14.5,5],"texture":"#texture"},"west":{"uv":[10,2,14,6],"texture":"#texture"},"up":{"uv":[9,1,13,5],"texture":"#texture"},"down":{"uv":[11,1.5,14.5,5],"texture":"#texture"}}},{"name":"cube","from":[6.75,1.25,3.5],"to":[9.25,2.75,6],"rotation":{"angle":22.5,"axis":"x","origin":[6.75,2.75,3.5]},"faces":{"north":{"uv":[10,1.5,14,5.5],"texture":"#texture"},"east":{"uv":[10.5,1.5,14,5],"texture":"#texture"},"south":{"uv":[11,1.5,14.5,5],"texture":"#texture"},"west":{"uv":[10,2,14,6],"texture":"#texture"},"up":{"uv":[9,1,13,5],"texture":"#texture"},"down":{"uv":[11,1.5,14.5,5],"texture":"#texture"}}},{"name":"cube","from":[7,-0.5625,10.75],"to":[9,1.1875,12.75],"rotation":{"angle":-22.5,"axis":"x","origin":[7,1.1875,10.75]},"faces":{"north":{"uv":[10,1.5,14,5.5],"texture":"#texture"},"east":{"uv":[10.5,1.5,14,5],"texture":"#texture"},"south":{"uv":[11,1.5,14.5,5],"texture":"#texture"},"west":{"uv":[10,2,14,6],"texture":"#texture"},"up":{"uv":[9,1,13,5],"texture":"#texture"},"down":{"uv":[11,1.5,14.5,5],"texture":"#texture"}}},{"name":"cube","from":[7,0.25,3.4375],"to":[9,2,5.4375],"rotation":{"angle":22.5,"axis":"x","origin":[7,2,3.4375]},"faces":{"north":{"uv":[10,1.5,14,5.5],"texture":"#texture"},"east":{"uv":[10.5,1.5,14,5],"texture":"#texture"},"south":{"uv":[11,1.5,14.5,5],"texture":"#texture"},"west":{"uv":[10,2,14,6],"texture":"#texture"},"up":{"uv":[9,1,13,5],"texture":"#texture"},"down":{"uv":[11,1.5,14.5,5],"texture":"#texture"}}},{"name":"cube","from":[7.25,-1.25,11.625],"to":[8.75,-0.25,13.125],"rotation":{"angle":-22.5,"axis":"x","origin":[7.25,-0.25,11.625]},"faces":{"north":{"uv":[10,1.5,14,5.5],"texture":"#texture"},"east":{"uv":[10.5,1.5,14,5],"texture":"#texture"},"south":{"uv":[11,1.5,14.5,5],"texture":"#texture"},"west":{"uv":[10,2,14,6],"texture":"#texture"},"up":{"uv":[9,1,13,5],"texture":"#texture"},"down":{"uv":[11,1.5,14.5,5],"texture":"#texture"}}},{"name":"cube","from":[7.25,-0.6875,3],"to":[8.75,0.3125,4.5],"rotation":{"angle":22.5,"axis":"x","origin":[7.25,0.3125,3]},"faces":{"north":{"uv":[10,1.5,14,5.5],"texture":"#texture"},"east":{"uv":[10.5,1.5,14,5],"texture":"#texture"},"south":{"uv":[11,1.5,14.5,5],"texture":"#texture"},"west":{"uv":[10,2,14,6],"texture":"#texture"},"up":{"uv":[9,1,13,5],"texture":"#texture"},"down":{"uv":[11,1.5,14.5,5],"texture":"#texture"}}},{"name":"cube","from":[5.25,11.0386,5.5],"to":[5.3125,14.2886,10.5],"rotation":{"angle":22.5,"axis":"z","origin":[5.25,14.2886,5.5]},"faces":{"east":{"uv":[0.5,9,9,15.5],"texture":"#texture"},"west":{"uv":[0.5,9,9,15.5],"texture":"#texture"}}},{"name":"cube","from":[10.9937,11,5.5],"to":[11.0562,14.25,10.5],"rotation":{"angle":-22.5,"axis":"z","origin":[10.9937,14.25,5.5]},"faces":{"east":{"uv":[0.5,9,9,15.5],"texture":"#texture"},"west":{"uv":[0.5,9,9,15.5],"texture":"#texture"}}},{"name":"cube","from":[5.5,11,5],"to":[10.75,14.25,5.0625],"rotation":{"angle":-22.5,"axis":"x","origin":[5.5,14.25,5]},"faces":{"north":{"uv":[0.5,9,9,15.5],"texture":"#texture"},"south":{"uv":[0.5,9,9,15.5],"texture":"#texture"}}},{"name":"cube","from":[5.5,11,11],"to":[10.75,14.25,11.0625],"rotation":{"angle":22.5,"axis":"x","origin":[5.5,14.25,11]},"faces":{"north":{"uv":[0.5,9,9,15.5],"texture":"#texture"},"south":{"uv":[0.5,9,9,15.5],"texture":"#texture"}}}],"display":{"head":{"rotation":[0,-90,0],"translation":[0,-28,0],"scale":[1.5,1.5,1.5]},"gui":{"rotation":[30,50,0],"translation":[0,0.5,0],"scale":[0.75,0.75,0.75]},"thirdperson_righthand":{"scale":[0,0,0]},"thirdperson_lefthand":{"scale":[0,0,0]},"firstperson_righthand":{"scale":[0,0,0]},"firstperson_lefthand":{"scale":[0,0,0]}}}