{"credit":"Made by MadstonMagic using Cubik Pro, Copyright © MadstonMagic Modeling 2015-2017. All rights reserved","textures":{"texture":"pokemon_skins/regular/cacturne/cacnea","mouth":"pokemon_skins/regular/cacturne/mouth","details":"pokemon_skins/regular/cacturne/details","hat_details_1":"pokemon_skins/regular/cacturne/hat_details_1","hat_details_2":"pokemon_skins/regular/cacturne/hat_details_2","particle":"pokemon_skins/regular/cacturne/eye"},"elements":[{"from":[5.5,14.5,6],"to":[8.5,18.3,10],"faces":{"north":{"uv":[1.75,2,5.75,6],"texture":"#texture"},"east":{"uv":[1,2.25,6,6.25],"texture":"#texture"},"south":{"uv":[1.5,1.75,5.5,5.75],"texture":"#texture"},"west":{"uv":[1.75,2.5,6.75,6.5],"texture":"#texture"},"up":{"uv":[1.75,0.5,5.75,5.5],"texture":"#texture"},"down":{"uv":[2.25,2.25,6.25,7.25],"texture":"#texture"}}},{"from":[4.5,15.5,6],"to":[9.5,18.5,10],"faces":{"north":{"uv":[1.75,2,5.75,6],"texture":"#texture"},"east":{"uv":[1,2.25,6,6.25],"texture":"#texture"},"south":{"uv":[1.5,1.75,5.5,5.75],"texture":"#texture"},"west":{"uv":[1.75,2.5,6.75,6.5],"texture":"#texture"},"up":{"uv":[1.75,0.5,5.75,5.5],"texture":"#texture"},"down":{"uv":[2.25,2.25,6.25,7.25],"texture":"#texture"}}},{"from":[5.5,15.5,5],"to":[8.5,18.5,11],"faces":{"north":{"uv":[1.75,2,5.75,6],"texture":"#texture"},"east":{"uv":[1,2.25,6,6.25],"texture":"#texture"},"south":{"uv":[1.5,1.75,5.5,5.75],"texture":"#texture"},"west":{"uv":[1.75,2.5,6.75,6.5],"texture":"#texture"},"up":{"uv":[1.75,0.5,5.75,5.5],"texture":"#texture"},"down":{"uv":[2.25,2.25,6.25,7.25],"texture":"#texture"}}},{"from":[7.39,15.2,6],"to":[8.8,16.2,10],"rotation":{"angle":45,"axis":"z","origin":[8.8,16.2,6]},"faces":{"north":{"uv":[1.75,2.5,6.75,6.5],"texture":"#texture"},"east":{"uv":[1.75,2,5.75,6],"texture":"#texture"},"south":{"uv":[1,2.25,6,6.25],"texture":"#texture"},"west":{"uv":[1.5,1.75,5.5,5.75],"texture":"#texture"},"up":{"uv":[1.75,0.5,5.75,5.5],"rotation":90,"texture":"#texture"},"down":{"uv":[2.25,2.25,6.25,7.25],"rotation":270,"texture":"#texture"}}},{"from":[4.79,14.2,6],"to":[6.2,15.2,10],"rotation":{"angle":-45,"axis":"z","origin":[6.2,15.2,6]},"faces":{"north":{"uv":[1.75,2.5,6.75,6.5],"texture":"#texture"},"east":{"uv":[1.75,2,5.75,6],"texture":"#texture"},"south":{"uv":[1,2.25,6,6.25],"texture":"#texture"},"west":{"uv":[1.5,1.75,5.5,5.75],"texture":"#texture"},"up":{"uv":[1.75,0.5,5.75,5.5],"rotation":90,"texture":"#texture"},"down":{"uv":[2.25,2.25,6.25,7.25],"rotation":270,"texture":"#texture"}}},{"from":[5.5,15.2,5.7],"to":[8.5,16.2,7.11],"rotation":{"angle":45,"axis":"x","origin":[5.5,16.2,5.7]},"faces":{"north":{"uv":[1.75,2,5.75,6],"texture":"#texture"},"east":{"uv":[1,2.25,6,6.25],"texture":"#texture"},"south":{"uv":[1.5,1.75,5.5,5.75],"texture":"#texture"},"west":{"uv":[1.75,2.5,6.75,6.5],"texture":"#texture"},"up":{"uv":[1.75,0.5,5.75,5.5],"texture":"#texture"},"down":{"uv":[2.25,2.25,6.25,7.25],"texture":"#texture"}}},{"from":[5.5,14.2075,9.2925],"to":[8.5,15.2075,10.7025],"rotation":{"angle":-45,"axis":"x","origin":[5.5,15.2075,9.2925]},"faces":{"north":{"uv":[1.75,2,5.75,6],"texture":"#texture"},"east":{"uv":[1,2.25,6,6.25],"texture":"#texture"},"south":{"uv":[1.5,1.75,5.5,5.75],"texture":"#texture"},"west":{"uv":[1.75,2.5,6.75,6.5],"texture":"#texture"},"up":{"uv":[1.75,0.5,5.75,5.5],"texture":"#texture"},"down":{"uv":[2.25,2.25,6.25,7.25],"texture":"#texture"}}},{"from":[4.5,15.5,6],"to":[5.91,18.5,7],"rotation":{"angle":45,"axis":"y","origin":[4.5,15.5,6]},"faces":{"north":{"uv":[1.75,2,5.75,6],"texture":"#texture"},"east":{"uv":[1,2.25,6,6.25],"texture":"#texture"},"south":{"uv":[1.5,1.75,5.5,5.75],"texture":"#texture"},"west":{"uv":[1.75,2.5,6.75,6.5],"texture":"#texture"},"up":{"uv":[1.75,0.5,5.75,5.5],"texture":"#texture"},"down":{"uv":[2.25,2.25,6.25,7.25],"texture":"#texture"}}},{"from":[8.5,15.5,5],"to":[9.91,18.5,6],"rotation":{"angle":-45,"axis":"y","origin":[8.5,15.5,5]},"faces":{"north":{"uv":[1.75,2,5.75,6],"texture":"#texture"},"east":{"uv":[1,2.25,6,6.25],"texture":"#texture"},"south":{"uv":[1.5,1.75,5.5,5.75],"texture":"#texture"},"west":{"uv":[1.75,2.5,6.75,6.5],"texture":"#texture"},"up":{"uv":[1.75,0.5,5.75,5.5],"texture":"#texture"},"down":{"uv":[2.25,2.25,6.25,7.25],"texture":"#texture"}}},{"from":[5.2075,15.5,9.2925],"to":[6.6175,18.5,10.2925],"rotation":{"angle":-45,"axis":"y","origin":[5.2075,15.5,9.2925]},"faces":{"north":{"uv":[1.75,2,5.75,6],"texture":"#texture"},"east":{"uv":[1,2.25,6,6.25],"texture":"#texture"},"south":{"uv":[1.5,1.75,5.5,5.75],"texture":"#texture"},"west":{"uv":[1.75,2.5,6.75,6.5],"texture":"#texture"},"up":{"uv":[1.75,0.5,5.75,5.5],"texture":"#texture"},"down":{"uv":[2.25,2.25,6.25,7.25],"texture":"#texture"}}},{"from":[7.7925,15.5,10.2925],"to":[9.2025,18.5,11.2925],"rotation":{"angle":45,"axis":"y","origin":[7.7925,15.5,10.2925]},"faces":{"north":{"uv":[1.75,2,5.75,6],"texture":"#texture"},"east":{"uv":[1,2.25,6,6.25],"texture":"#texture"},"south":{"uv":[1.5,1.75,5.5,5.75],"texture":"#texture"},"west":{"uv":[1.75,2.5,6.75,6.5],"texture":"#texture"},"up":{"uv":[1.75,0.5,5.75,5.5],"texture":"#texture"},"down":{"uv":[2.25,2.25,6.25,7.25],"texture":"#texture"}}},{"from":[6,13.5,7],"to":[8,14.5,9],"faces":{"north":{"uv":[1.75,2,5.75,6],"texture":"#texture"},"east":{"uv":[1,2.25,6,6.25],"texture":"#texture"},"south":{"uv":[1.5,1.75,5.5,5.75],"texture":"#texture"},"west":{"uv":[1.75,2.5,6.75,6.5],"texture":"#texture"},"up":{"uv":[1.75,0.5,5.75,5.5],"texture":"#texture"},"down":{"uv":[2.25,2.25,6.25,7.25],"texture":"#texture"}}},{"from":[5.25,6.25,6],"to":[8.75,13.5,10],"faces":{"north":{"uv":[1.75,2,5.75,6],"texture":"#texture"},"east":{"uv":[1,2.25,6,6.25],"texture":"#texture"},"south":{"uv":[1.5,1.75,5.5,5.75],"texture":"#texture"},"west":{"uv":[1.75,2.5,6.75,6.5],"texture":"#texture"},"up":{"uv":[1.75,0.5,5.75,5.5],"texture":"#texture"},"down":{"uv":[2.25,2.25,6.25,7.25],"texture":"#texture"}}},{"from":[6,12.5,6],"to":[8,13.5,8.75],"rotation":{"angle":-22.5,"axis":"x","origin":[6,13.5,6]},"faces":{"north":{"uv":[1.75,2,5.75,6],"texture":"#texture"},"east":{"uv":[1,2.25,6,6.25],"texture":"#texture"},"south":{"uv":[1.5,1.75,5.5,5.75],"texture":"#texture"},"west":{"uv":[1.75,2.5,6.75,6.5],"texture":"#texture"},"up":{"uv":[1.75,0.5,5.75,5.5],"texture":"#texture"},"down":{"uv":[2.25,2.25,6.25,7.25],"texture":"#texture"}}},{"from":[6,13.5525,7.45],"to":[8,14.5525,10.2],"rotation":{"angle":22.5,"axis":"x","origin":[6,14.5525,7.45]},"faces":{"north":{"uv":[1.75,2,5.75,6],"texture":"#texture"},"east":{"uv":[1,2.25,6,6.25],"texture":"#texture"},"south":{"uv":[1.5,1.75,5.5,5.75],"texture":"#texture"},"west":{"uv":[1.75,2.5,6.75,6.5],"texture":"#texture"},"up":{"uv":[1.75,0.5,5.75,5.5],"texture":"#texture"},"down":{"uv":[2.25,2.25,6.25,7.25],"texture":"#texture"}}},{"from":[5.25,12.5,7],"to":[6.5,13.5,9],"rotation":{"angle":45,"axis":"z","origin":[5.25,13.5,7]},"faces":{"north":{"uv":[1.75,2,5.75,6],"texture":"#texture"},"east":{"uv":[1,2.25,6,6.25],"texture":"#texture"},"south":{"uv":[1.5,1.75,5.5,5.75],"texture":"#texture"},"west":{"uv":[1.75,2.5,6.75,6.5],"texture":"#texture"},"up":{"uv":[1.75,0.5,5.75,5.5],"texture":"#texture"},"down":{"uv":[2.25,2.25,6.25,7.25],"texture":"#texture"}}},{"from":[8,13.25,7],"to":[9.0625,14.25,9],"rotation":{"angle":-45,"axis":"z","origin":[8,14.25,7]},"faces":{"north":{"uv":[1.75,2,5.75,6],"texture":"#texture"},"east":{"uv":[1,2.25,6,6.25],"texture":"#texture"},"south":{"uv":[1.5,1.75,5.5,5.75],"texture":"#texture"},"west":{"uv":[1.75,2.5,6.75,6.5],"texture":"#texture"},"up":{"uv":[1.75,0.5,5.75,5.5],"texture":"#texture"},"down":{"uv":[2.25,2.25,6.25,7.25],"texture":"#texture"}}},{"from":[5.25,11,3],"to":[8.75,13.5,13],"faces":{"north":{"uv":[1.75,2,5.75,6],"texture":"#texture"},"east":{"uv":[1,2.25,6,6.25],"texture":"#texture"},"south":{"uv":[1.5,1.75,5.5,5.75],"texture":"#texture"},"west":{"uv":[1.75,2.5,6.75,6.5],"texture":"#texture"},"up":{"uv":[1.75,0.5,5.75,5.5],"texture":"#texture"},"down":{"uv":[2.25,2.25,6.25,7.25],"texture":"#texture"}}},{"from":[5.25,0,3.25],"to":[8.75,3.5,6.5],"faces":{"north":{"uv":[1.75,2,5.75,6],"texture":"#texture"},"east":{"uv":[1,2.25,6,6.25],"texture":"#texture"},"south":{"uv":[1.5,1.75,5.5,5.75],"texture":"#texture"},"west":{"uv":[1.75,2.5,6.75,6.5],"texture":"#texture"},"up":{"uv":[1.75,0.5,5.75,5.5],"texture":"#texture"},"down":{"uv":[2.25,2.25,6.25,7.25],"texture":"#texture"}}},{"from":[5.25,0,9.5],"to":[8.75,3.5,12.75],"faces":{"north":{"uv":[1.75,2,5.75,6],"texture":"#texture"},"east":{"uv":[1,2.25,6,6.25],"texture":"#texture"},"south":{"uv":[1.5,1.75,5.5,5.75],"texture":"#texture"},"west":{"uv":[1.75,2.5,6.75,6.5],"texture":"#texture"},"up":{"uv":[1.75,0.5,5.75,5.5],"texture":"#texture"},"down":{"uv":[2.25,2.25,6.25,7.25],"texture":"#texture"}}},{"from":[5.25,8.75,0.75],"to":[8.75,11.25,3.93],"rotation":{"angle":-45,"axis":"x","origin":[5.25,11.25,0.75]},"faces":{"north":{"uv":[1.75,2,5.75,6],"texture":"#texture"},"east":{"uv":[1,2.25,6,6.25],"texture":"#texture"},"south":{"uv":[1.5,1.75,5.5,5.75],"texture":"#texture"},"west":{"uv":[1.75,2.5,6.75,6.5],"texture":"#texture"},"up":{"uv":[1.75,0.5,5.75,5.5],"texture":"#texture"},"down":{"uv":[2.25,2.25,6.25,7.25],"texture":"#texture"}}},{"from":[5.25,11,13],"to":[8.75,13.5,16.2],"rotation":{"angle":45,"axis":"x","origin":[5.25,13.5,13]},"faces":{"north":{"uv":[1.75,2,5.75,6],"texture":"#texture"},"east":{"uv":[1,2.25,6,6.25],"texture":"#texture"},"south":{"uv":[1.5,1.75,5.5,5.75],"texture":"#texture"},"west":{"uv":[1.75,2.5,6.75,6.5],"texture":"#texture"},"up":{"uv":[1.75,0.5,5.75,5.5],"texture":"#texture"},"down":{"uv":[2.25,2.25,6.25,7.25],"texture":"#texture"}}},{"from":[5.25,6.5,0.75],"to":[8.75,11.25,3.25],"faces":{"north":{"uv":[1.75,2,5.75,6],"texture":"#texture"},"east":{"uv":[1,2.25,6,6.25],"texture":"#texture"},"south":{"uv":[1.5,1.75,5.5,5.75],"texture":"#texture"},"west":{"uv":[1.75,2.5,6.75,6.5],"texture":"#texture"},"up":{"uv":[1.75,0.5,5.75,5.5],"texture":"#texture"},"down":{"uv":[2.25,2.25,6.25,7.25],"texture":"#texture"}}},{"from":[5.25,6.5,12.75],"to":[8.75,11.25,15.25],"faces":{"north":{"uv":[1.75,2,5.75,6],"texture":"#texture"},"east":{"uv":[1,2.25,6,6.25],"texture":"#texture"},"south":{"uv":[1.5,1.75,5.5,5.75],"texture":"#texture"},"west":{"uv":[1.75,2.5,6.75,6.5],"texture":"#texture"},"up":{"uv":[1.75,0.5,5.75,5.5],"texture":"#texture"},"down":{"uv":[2.25,2.25,6.25,7.25],"texture":"#texture"}}},{"from":[5.25,2.875,6.125],"to":[8.75,10.375,8.875],"rotation":{"angle":22.5,"axis":"x","origin":[5.25,10.375,6.125]},"faces":{"north":{"uv":[1.75,2,5.75,6],"texture":"#texture"},"east":{"uv":[1,2.25,6,6.25],"texture":"#texture"},"south":{"uv":[1.5,1.75,5.5,5.75],"texture":"#texture"},"west":{"uv":[1.75,2.5,6.75,6.5],"texture":"#texture"},"up":{"uv":[1.75,0.5,5.75,5.5],"texture":"#texture"},"down":{"uv":[2.25,2.25,6.25,7.25],"texture":"#texture"}}},{"from":[5.25,1.875,7.3125],"to":[8.75,9.375,10.0625],"rotation":{"angle":-22.5,"axis":"x","origin":[5.25,9.375,7.3125]},"faces":{"north":{"uv":[1.75,2,5.75,6],"texture":"#texture"},"east":{"uv":[1,2.25,6,6.25],"texture":"#texture"},"south":{"uv":[1.5,1.75,5.5,5.75],"texture":"#texture"},"west":{"uv":[1.75,2.5,6.75,6.5],"texture":"#texture"},"up":{"uv":[1.75,0.5,5.75,5.5],"texture":"#texture"},"down":{"uv":[2.25,2.25,6.25,7.25],"texture":"#texture"}}},{"from":[5.25,3.5,9.5],"to":[8.75,4.25,10.25],"faces":{"north":{"uv":[1.75,2,5.75,6],"texture":"#texture"},"east":{"uv":[1,2.25,6,6.25],"texture":"#texture"},"south":{"uv":[1.5,1.75,5.5,5.75],"texture":"#texture"},"west":{"uv":[1.75,2.5,6.75,6.5],"texture":"#texture"},"up":{"uv":[1.75,0.5,5.75,5.5],"texture":"#texture"},"down":{"uv":[2.25,2.25,6.25,7.25],"texture":"#texture"}}},{"from":[5.25,3.5,5.75],"to":[8.75,4.25,6.5],"faces":{"north":{"uv":[1.75,2,5.75,6],"texture":"#texture"},"east":{"uv":[1,2.25,6,6.25],"texture":"#texture"},"south":{"uv":[1.5,1.75,5.5,5.75],"texture":"#texture"},"west":{"uv":[1.75,2.5,6.75,6.5],"texture":"#texture"},"up":{"uv":[1.75,0.5,5.75,5.5],"texture":"#texture"},"down":{"uv":[2.25,2.25,6.25,7.25],"texture":"#texture"}}},{"from":[5.75,6,1.25],"to":[8.25,6.5,2.75],"faces":{"north":{"uv":[1.75,2,5.75,6],"texture":"#texture"},"east":{"uv":[1,2.25,6,6.25],"texture":"#texture"},"south":{"uv":[1.5,1.75,5.5,5.75],"texture":"#texture"},"west":{"uv":[1.75,2.5,6.75,6.5],"texture":"#texture"},"up":{"uv":[1.75,0.5,5.75,5.5],"texture":"#texture"},"down":{"uv":[2.25,2.25,6.25,7.25],"texture":"#texture"}}},{"from":[5.75,5.8525,2.395],"to":[8.25,6.3525,3.105],"rotation":{"angle":-45,"axis":"x","origin":[5.75,6.3525,2.395]},"faces":{"north":{"uv":[1.75,2,5.75,6],"texture":"#texture"},"east":{"uv":[1,2.25,6,6.25],"texture":"#texture"},"south":{"uv":[1.5,1.75,5.5,5.75],"texture":"#texture"},"west":{"uv":[1.75,2.5,6.75,6.5],"texture":"#texture"},"up":{"uv":[1.75,0.5,5.75,5.5],"texture":"#texture"},"down":{"uv":[2.25,2.25,6.25,7.25],"texture":"#texture"}}},{"from":[5.75,6.355,1.105],"to":[8.25,6.855,1.815],"rotation":{"angle":45,"axis":"x","origin":[5.75,6.855,1.105]},"faces":{"north":{"uv":[1.75,2,5.75,6],"texture":"#texture"},"east":{"uv":[1,2.25,6,6.25],"texture":"#texture"},"south":{"uv":[1.5,1.75,5.5,5.75],"texture":"#texture"},"west":{"uv":[1.75,2.5,6.75,6.5],"texture":"#texture"},"up":{"uv":[1.75,0.5,5.75,5.5],"texture":"#texture"},"down":{"uv":[2.25,2.25,6.25,7.25],"texture":"#texture"}}},{"from":[5.6025,6.355,1.25],"to":[6.3125,6.855,2.75],"rotation":{"angle":-45,"axis":"z","origin":[5.6025,6.855,1.25]},"faces":{"north":{"uv":[1.75,2,5.75,6],"texture":"#texture"},"east":{"uv":[1,2.25,6,6.25],"texture":"#texture"},"south":{"uv":[1.5,1.75,5.5,5.75],"texture":"#texture"},"west":{"uv":[1.75,2.5,6.75,6.5],"texture":"#texture"},"up":{"uv":[1.75,0.5,5.75,5.5],"texture":"#texture"},"down":{"uv":[2.25,2.25,6.25,7.25],"texture":"#texture"}}},{"from":[7.8975,5.855,1.25],"to":[8.6075,6.355,2.75],"rotation":{"angle":45,"axis":"z","origin":[7.8975,6.355,1.25]},"faces":{"north":{"uv":[1.75,2,5.75,6],"texture":"#texture"},"east":{"uv":[1,2.25,6,6.25],"texture":"#texture"},"south":{"uv":[1.5,1.75,5.5,5.75],"texture":"#texture"},"west":{"uv":[1.75,2.5,6.75,6.5],"texture":"#texture"},"up":{"uv":[1.75,0.5,5.75,5.5],"texture":"#texture"},"down":{"uv":[2.25,2.25,6.25,7.25],"texture":"#texture"}}},{"from":[5.75,6,13.25],"to":[8.25,6.5,14.75],"faces":{"north":{"uv":[1.75,2,5.75,6],"texture":"#texture"},"east":{"uv":[1,2.25,6,6.25],"texture":"#texture"},"south":{"uv":[1.5,1.75,5.5,5.75],"texture":"#texture"},"west":{"uv":[1.75,2.5,6.75,6.5],"texture":"#texture"},"up":{"uv":[1.75,0.5,5.75,5.5],"texture":"#texture"},"down":{"uv":[2.25,2.25,6.25,7.25],"texture":"#texture"}}},{"from":[5.75,5.8525,14.395],"to":[8.25,6.3525,15.105],"rotation":{"angle":-45,"axis":"x","origin":[5.75,6.3525,14.395]},"faces":{"north":{"uv":[1.75,2,5.75,6],"texture":"#texture"},"east":{"uv":[1,2.25,6,6.25],"texture":"#texture"},"south":{"uv":[1.5,1.75,5.5,5.75],"texture":"#texture"},"west":{"uv":[1.75,2.5,6.75,6.5],"texture":"#texture"},"up":{"uv":[1.75,0.5,5.75,5.5],"texture":"#texture"},"down":{"uv":[2.25,2.25,6.25,7.25],"texture":"#texture"}}},{"from":[5.75,6.355,13.105],"to":[8.25,6.855,13.815],"rotation":{"angle":45,"axis":"x","origin":[5.75,6.855,13.105]},"faces":{"north":{"uv":[1.75,2,5.75,6],"texture":"#texture"},"east":{"uv":[1,2.25,6,6.25],"texture":"#texture"},"south":{"uv":[1.5,1.75,5.5,5.75],"texture":"#texture"},"west":{"uv":[1.75,2.5,6.75,6.5],"texture":"#texture"},"up":{"uv":[1.75,0.5,5.75,5.5],"texture":"#texture"},"down":{"uv":[2.25,2.25,6.25,7.25],"texture":"#texture"}}},{"from":[5.6025,6.355,13.25],"to":[6.3125,6.855,14.75],"rotation":{"angle":-45,"axis":"z","origin":[5.6025,6.855,13.25]},"faces":{"north":{"uv":[1.75,2,5.75,6],"texture":"#texture"},"east":{"uv":[1,2.25,6,6.25],"texture":"#texture"},"south":{"uv":[1.5,1.75,5.5,5.75],"texture":"#texture"},"west":{"uv":[1.75,2.5,6.75,6.5],"texture":"#texture"},"up":{"uv":[1.75,0.5,5.75,5.5],"texture":"#texture"},"down":{"uv":[2.25,2.25,6.25,7.25],"texture":"#texture"}}},{"from":[7.8975,5.855,13.25],"to":[8.6075,6.355,14.75],"rotation":{"angle":45,"axis":"z","origin":[7.8975,6.355,13.25]},"faces":{"north":{"uv":[1.75,2,5.75,6],"texture":"#texture"},"east":{"uv":[1,2.25,6,6.25],"texture":"#texture"},"south":{"uv":[1.5,1.75,5.5,5.75],"texture":"#texture"},"west":{"uv":[1.75,2.5,6.75,6.5],"texture":"#texture"},"up":{"uv":[1.75,0.5,5.75,5.5],"texture":"#texture"},"down":{"uv":[2.25,2.25,6.25,7.25],"texture":"#texture"}}},{"from":[7,17.75,3],"to":[14.125,18.75,10.125],"rotation":{"angle":-45,"axis":"y","origin":[7,17.75,3]},"faces":{"north":{"uv":[10,1.75,13.5,5.25],"texture":"#texture"},"east":{"uv":[9.25,2,12,5],"texture":"#texture"},"south":{"uv":[8.5,2,12,5.5],"texture":"#texture"},"west":{"uv":[9.25,1.75,12.5,4.75],"texture":"#texture"},"up":{"uv":[10.25,2.75,13.5,6],"texture":"#texture"},"down":{"uv":[10.5,1.75,13.75,5],"texture":"#texture"}}},{"from":[6.5,19.75,7.5],"to":[7.5,23.75,8.5],"faces":{"north":{"uv":[10,1.75,13.5,5.25],"texture":"#texture"},"east":{"uv":[9.25,2,12,5],"texture":"#texture"},"south":{"uv":[8.5,2,12,5.5],"texture":"#texture"},"west":{"uv":[9.25,1.75,12.5,4.75],"texture":"#texture"},"up":{"uv":[10.25,2.75,13.5,6],"texture":"#texture"},"down":{"uv":[10.5,1.75,13.75,5],"texture":"#texture"}}},{"from":[6.5,19,7.5],"to":[7.75,22.75,8.5],"rotation":{"angle":-22.5,"axis":"z","origin":[6.5,22.75,7.5]},"faces":{"north":{"uv":[10,1.75,13.5,5.25],"texture":"#texture"},"east":{"uv":[9.25,2,12,5],"texture":"#texture"},"south":{"uv":[8.5,2,12,5.5],"texture":"#texture"},"west":{"uv":[9.25,1.75,12.5,4.75],"texture":"#texture"},"up":{"uv":[10.25,2.75,13.5,6],"texture":"#texture"},"down":{"uv":[10.5,1.75,13.75,5],"texture":"#texture"}}},{"from":[4,16.95,7.5],"to":[6.5,18.75,8.5],"rotation":{"angle":45,"axis":"z","origin":[4,18.75,7.5]},"faces":{"north":{"uv":[10,1.75,13.5,5.25],"texture":"#texture"},"east":{"uv":[9.25,2,12,5],"texture":"#texture"},"south":{"uv":[8.5,2,12,5.5],"texture":"#texture"},"west":{"uv":[9.25,1.75,12.5,4.75],"texture":"#texture"},"up":{"uv":[10.25,2.75,13.5,6],"texture":"#texture"},"down":{"uv":[10.5,1.75,13.75,5],"texture":"#texture"}}},{"from":[2.75,17.75,7.5],"to":[4.75,18.5,8.5],"rotation":{"angle":22.5,"axis":"z","origin":[2.75,18.5,7.5]},"faces":{"north":{"uv":[10,1.75,13.5,5.25],"texture":"#texture"},"east":{"uv":[9.25,2,12,5],"texture":"#texture"},"south":{"uv":[8.5,2,12,5.5],"texture":"#texture"},"west":{"uv":[9.25,1.75,12.5,4.75],"texture":"#texture"},"up":{"uv":[10.25,2.75,13.5,6],"texture":"#texture"},"down":{"uv":[10.5,1.75,13.75,5],"texture":"#texture"}}},{"from":[6.3125,18.5,7.5],"to":[7.5625,22.25,8.5],"rotation":{"angle":22.5,"axis":"z","origin":[6.3125,22.25,7.5]},"faces":{"north":{"uv":[10,1.75,13.5,5.25],"texture":"#texture"},"east":{"uv":[9.25,2,12,5],"texture":"#texture"},"south":{"uv":[8.5,2,12,5.5],"texture":"#texture"},"west":{"uv":[9.25,1.75,12.5,4.75],"texture":"#texture"},"up":{"uv":[10.25,2.75,13.5,6],"texture":"#texture"},"down":{"uv":[10.5,1.75,13.75,5],"texture":"#texture"}}},{"from":[8.25,18.7,7.5],"to":[10.75,20.5,8.5],"rotation":{"angle":-45,"axis":"z","origin":[8.25,20.5,7.5]},"faces":{"north":{"uv":[10,1.75,13.5,5.25],"texture":"#texture"},"east":{"uv":[9.25,2,12,5],"texture":"#texture"},"south":{"uv":[8.5,2,12,5.5],"texture":"#texture"},"west":{"uv":[9.25,1.75,12.5,4.75],"texture":"#texture"},"up":{"uv":[10.25,2.75,13.5,6],"texture":"#texture"},"down":{"uv":[10.5,1.75,13.75,5],"texture":"#texture"}}},{"from":[9.5,18.5,7.5],"to":[11.5,19.25,8.5],"rotation":{"angle":-22.5,"axis":"z","origin":[9.5,19.25,7.5]},"faces":{"north":{"uv":[10,1.75,13.5,5.25],"texture":"#texture"},"east":{"uv":[9.25,2,12,5],"texture":"#texture"},"south":{"uv":[8.5,2,12,5.5],"texture":"#texture"},"west":{"uv":[9.25,1.75,12.5,4.75],"texture":"#texture"},"up":{"uv":[10.25,2.75,13.5,6],"texture":"#texture"},"down":{"uv":[10.5,1.75,13.75,5],"texture":"#texture"}}},{"from":[6.5,18.75,7.5],"to":[7.5,22.75,8.75],"rotation":{"angle":22.5,"axis":"x","origin":[6.5,22.75,7.5]},"faces":{"north":{"uv":[10,1.75,13.5,5.25],"texture":"#texture"},"east":{"uv":[9.25,2,12,5],"texture":"#texture"},"south":{"uv":[8.5,2,12,5.5],"texture":"#texture"},"west":{"uv":[9.25,1.75,12.5,4.75],"texture":"#texture"},"up":{"uv":[10.25,2.75,13.5,6],"texture":"#texture"},"down":{"uv":[10.5,1.75,13.75,5],"texture":"#texture"}}},{"from":[6.5,18.25,7.375],"to":[7.5,22.25,8.625],"rotation":{"angle":-22.5,"axis":"x","origin":[6.5,22.25,7.375]},"faces":{"north":{"uv":[10,1.75,13.5,5.25],"texture":"#texture"},"east":{"uv":[9.25,2,12,5],"texture":"#texture"},"south":{"uv":[8.5,2,12,5.5],"texture":"#texture"},"west":{"uv":[9.25,1.75,12.5,4.75],"texture":"#texture"},"up":{"uv":[10.25,2.75,13.5,6],"texture":"#texture"},"down":{"uv":[10.5,1.75,13.75,5],"texture":"#texture"}}},{"from":[6.5,18.7,9.25],"to":[7.5,20.5,11.75],"rotation":{"angle":45,"axis":"x","origin":[6.5,20.5,9.25]},"faces":{"north":{"uv":[9.25,1.75,12.5,4.75],"texture":"#texture"},"east":{"uv":[10,1.75,13.5,5.25],"texture":"#texture"},"south":{"uv":[9.25,2,12,5],"texture":"#texture"},"west":{"uv":[8.5,2,12,5.5],"texture":"#texture"},"up":{"uv":[10.25,2.75,13.5,6],"rotation":90,"texture":"#texture"},"down":{"uv":[10.5,1.75,13.75,5],"rotation":270,"texture":"#texture"}}},{"from":[6.5,18.5,10.5],"to":[7.5,19.25,12.5],"rotation":{"angle":22.5,"axis":"x","origin":[6.5,19.25,10.5]},"faces":{"north":{"uv":[9.25,1.75,12.5,4.75],"texture":"#texture"},"east":{"uv":[10,1.75,13.5,5.25],"texture":"#texture"},"south":{"uv":[9.25,2,12,5],"texture":"#texture"},"west":{"uv":[8.5,2,12,5.5],"texture":"#texture"},"up":{"uv":[10.25,2.75,13.5,6],"rotation":90,"texture":"#texture"},"down":{"uv":[10.5,1.75,13.75,5],"rotation":270,"texture":"#texture"}}},{"from":[6.5,16.95,5],"to":[7.5,18.75,7.5],"rotation":{"angle":-45,"axis":"x","origin":[6.5,18.75,5]},"faces":{"north":{"uv":[9.25,1.75,12.5,4.75],"texture":"#texture"},"east":{"uv":[10,1.75,13.5,5.25],"texture":"#texture"},"south":{"uv":[9.25,2,12,5],"texture":"#texture"},"west":{"uv":[8.5,2,12,5.5],"texture":"#texture"},"up":{"uv":[10.25,2.75,13.5,6],"rotation":90,"texture":"#texture"},"down":{"uv":[10.5,1.75,13.75,5],"rotation":270,"texture":"#texture"}}},{"from":[6.5,18,4],"to":[7.5,18.75,6],"rotation":{"angle":-22.5,"axis":"x","origin":[6.5,18.75,4]},"faces":{"north":{"uv":[9.25,1.75,12.5,4.75],"texture":"#texture"},"east":{"uv":[10,1.75,13.5,5.25],"texture":"#texture"},"south":{"uv":[9.25,2,12,5],"texture":"#texture"},"west":{"uv":[8.5,2,12,5.5],"texture":"#texture"},"up":{"uv":[10.25,2.75,13.5,6],"rotation":90,"texture":"#texture"},"down":{"uv":[10.5,1.75,13.75,5],"rotation":270,"texture":"#texture"}}},{"from":[6.25,17.75,12.25],"to":[7.75,18.75,13.25],"faces":{"north":{"uv":[10,1.75,13.5,5.25],"texture":"#texture"},"east":{"uv":[9.25,2,12,5],"texture":"#texture"},"south":{"uv":[8.5,2,12,5.5],"texture":"#texture"},"west":{"uv":[9.25,1.75,12.5,4.75],"texture":"#texture"},"up":{"uv":[10.25,2.75,13.5,6],"texture":"#texture"},"down":{"uv":[10.5,1.75,13.75,5],"texture":"#texture"}}},{"from":[6.25,17.75,3],"to":[7.75,18.75,4],"faces":{"north":{"uv":[10,1.75,13.5,5.25],"texture":"#texture"},"east":{"uv":[9.25,2,12,5],"texture":"#texture"},"south":{"uv":[8.5,2,12,5.5],"texture":"#texture"},"west":{"uv":[9.25,1.75,12.5,4.75],"texture":"#texture"},"up":{"uv":[10.25,2.75,13.5,6],"texture":"#texture"},"down":{"uv":[10.5,1.75,13.75,5],"texture":"#texture"}}},{"from":[1.75,17.75,7.25],"to":[2.75,18.75,8.75],"faces":{"north":{"uv":[10,1.75,13.5,5.25],"texture":"#texture"},"east":{"uv":[9.25,2,12,5],"texture":"#texture"},"south":{"uv":[8.5,2,12,5.5],"texture":"#texture"},"west":{"uv":[9.25,1.75,12.5,4.75],"texture":"#texture"},"up":{"uv":[10.25,2.75,13.5,6],"texture":"#texture"},"down":{"uv":[10.5,1.75,13.75,5],"texture":"#texture"}}},{"from":[11.25,17.75,7.25],"to":[12.25,18.75,8.75],"faces":{"north":{"uv":[10,1.75,13.5,5.25],"texture":"#texture"},"east":{"uv":[9.25,2,12,5],"texture":"#texture"},"south":{"uv":[8.5,2,12,5.5],"texture":"#texture"},"west":{"uv":[9.25,1.75,12.5,4.75],"texture":"#texture"},"up":{"uv":[10.25,2.75,13.5,6],"texture":"#texture"},"down":{"uv":[10.5,1.75,13.75,5],"texture":"#texture"}}},{"from":[1,17.0425,7.25],"to":[2,18.0425,8.75],"rotation":{"angle":45,"axis":"z","origin":[1,18.0425,7.25]},"faces":{"north":{"uv":[10,1.75,13.5,5.25],"texture":"#texture"},"east":{"uv":[9.25,2,12,5],"texture":"#texture"},"south":{"uv":[8.5,2,12,5.5],"texture":"#texture"},"west":{"uv":[9.25,1.75,12.5,4.75],"texture":"#texture"},"up":{"uv":[10.25,2.75,13.5,6],"texture":"#texture"},"down":{"uv":[10.5,1.75,13.75,5],"texture":"#texture"}}},{"from":[12.25,17.75,7.25],"to":[13.25,18.75,8.75],"rotation":{"angle":-45,"axis":"z","origin":[12.25,18.75,7.25]},"faces":{"north":{"uv":[10,1.75,13.5,5.25],"texture":"#texture"},"east":{"uv":[9.25,2,12,5],"texture":"#texture"},"south":{"uv":[8.5,2,12,5.5],"texture":"#texture"},"west":{"uv":[9.25,1.75,12.5,4.75],"texture":"#texture"},"up":{"uv":[10.25,2.75,13.5,6],"texture":"#texture"},"down":{"uv":[10.5,1.75,13.75,5],"texture":"#texture"}}},{"from":[6.25,17.75,13.25],"to":[7.75,18.75,14.25],"rotation":{"angle":45,"axis":"x","origin":[6.25,18.75,13.25]},"faces":{"north":{"uv":[10,1.75,13.5,5.25],"texture":"#texture"},"east":{"uv":[9.25,2,12,5],"texture":"#texture"},"south":{"uv":[8.5,2,12,5.5],"texture":"#texture"},"west":{"uv":[9.25,1.75,12.5,4.75],"texture":"#texture"},"up":{"uv":[10.25,2.75,13.5,6],"texture":"#texture"},"down":{"uv":[10.5,1.75,13.75,5],"texture":"#texture"}}},{"from":[6.25,17.0425,2.2925],"to":[7.75,18.0425,3.2925],"rotation":{"angle":-45,"axis":"x","origin":[6.25,18.0425,2.2925]},"faces":{"north":{"uv":[10,1.75,13.5,5.25],"texture":"#texture"},"east":{"uv":[9.25,2,12,5],"texture":"#texture"},"south":{"uv":[8.5,2,12,5.5],"texture":"#texture"},"west":{"uv":[9.25,1.75,12.5,4.75],"texture":"#texture"},"up":{"uv":[10.25,2.75,13.5,6],"texture":"#texture"},"down":{"uv":[10.5,1.75,13.75,5],"texture":"#texture"}}},{"from":[0.25,16.4375,7],"to":[2.25,16.5,9],"rotation":{"angle":45,"axis":"z","origin":[0.25,16.5,7]},"faces":{"up":{"uv":[0.5,0.5,15,12.5],"rotation":270,"texture":"#hat_details_1"},"down":{"uv":[0.5,0.5,15,12.5],"rotation":270,"texture":"#hat_details_1"}}},{"from":[12.375,17.8125,7],"to":[14.375,17.875,9],"rotation":{"angle":-45,"axis":"z","origin":[12.375,17.875,7]},"faces":{"up":{"uv":[0.5,0.5,15,12.5],"rotation":90,"texture":"#hat_details_1"},"down":{"uv":[0.5,0.5,15,12.5],"rotation":90,"texture":"#hat_details_1"}}},{"from":[6,16.4375,1.5],"to":[8,16.5,3.5],"rotation":{"angle":-45,"axis":"x","origin":[6,16.5,1.5]},"faces":{"up":{"uv":[0.5,0.5,15,12.5],"texture":"#hat_details_1"},"down":{"uv":[0.5,0.5,15,12.5],"rotation":180,"texture":"#hat_details_1"}}},{"from":[6,17.875,13.375],"to":[8,17.9375,15.375],"rotation":{"angle":45,"axis":"x","origin":[6,17.9375,13.375]},"faces":{"up":{"uv":[0.5,0.5,15,12.5],"rotation":180,"texture":"#hat_details_1"},"down":{"uv":[0.5,0.5,15,12.5],"texture":"#hat_details_1"}}},{"from":[3.8125,17.2,6.25],"to":[5.8125,18.2,7],"rotation":{"angle":45,"axis":"y","origin":[3.8125,17.2,6.25]},"faces":{"north":{"uv":[1,0.5,15.5,10.5],"rotation":180,"texture":"#hat_details_2"}}},{"from":[4.25,17.2,9.25],"to":[6.25,18.2,10],"rotation":{"angle":-45,"axis":"y","origin":[4.25,17.2,9.25]},"faces":{"south":{"uv":[1,0.5,15.5,10.5],"rotation":180,"texture":"#hat_details_2"}}},{"from":[4.495,15.5,7.7],"to":[4.745,16.1,8.3],"faces":{"west":{"uv":[0.5,0.5,11,11],"texture":"#mouth"}}},{"from":[4.495,15.6125,8.65],"to":[4.745,16.05,9.0875],"faces":{"west":{"uv":[0.5,0.5,11,11],"texture":"#mouth"}}},{"from":[4.495,15.6125,6.95],"to":[4.745,16.05,7.3875],"faces":{"west":{"uv":[0.5,0.5,11,11],"texture":"#mouth"}}},{"from":[4.495,15.55,9.4375],"to":[4.745,16.1125,10],"faces":{"west":{"uv":[0.5,0.5,11,11],"texture":"#mouth"}}},{"from":[4.495,15.55,6],"to":[4.745,16.1125,6.5625],"faces":{"west":{"uv":[0.5,0.5,11,11],"texture":"#mouth"}}},{"from":[5.245,15.525,5.25],"to":[5.495,16.275,6],"rotation":{"angle":-45,"axis":"y","origin":[5.245,15.525,5.25]},"faces":{"west":{"uv":[0.5,0.5,11,11],"texture":"#mouth"}}},{"from":[4.6925,15.525,10.2],"to":[4.9425,16.275,10.95],"rotation":{"angle":45,"axis":"y","origin":[4.6925,15.525,10.2]},"faces":{"west":{"uv":[0.5,0.5,11,11],"texture":"#mouth"}}},{"from":[4.495,16.5,6.05],"to":[4.745,17.75,7.3],"faces":{"west":{"uv":[11,0.5,0.5,11],"texture":"#particle"}}},{"from":[4.495,16.5,8.7],"to":[4.745,17.75,9.95],"faces":{"west":{"uv":[0.5,0.5,11,11],"texture":"#particle"}}},{"from":[6.25,12.505,10],"to":[7.75,13.505,11.5],"faces":{"up":{"uv":[0.5,0.5,11,11],"texture":"#details"}}},{"from":[6.25,12.505,4.5],"to":[7.75,13.505,6],"faces":{"up":{"uv":[0.5,0.5,11,11],"texture":"#details"}}},{"from":[6.25,12.505,3],"to":[7.75,13.505,3.75],"faces":{"up":{"uv":[0.5,5.75,11,11],"texture":"#details"}}},{"from":[6.25,12.505,12.25],"to":[7.75,13.505,13],"faces":{"up":{"uv":[0.5,0.5,11,5.75],"texture":"#details"}}},{"from":[6.25,12.505,13],"to":[7.75,13.505,13.75],"rotation":{"angle":45,"axis":"x","origin":[6.25,13.505,13]},"faces":{"up":{"uv":[0.5,5.75,11,11],"texture":"#details"}}},{"from":[6.25,11.9775,2.47],"to":[7.75,12.9775,3.22],"rotation":{"angle":-45,"axis":"x","origin":[6.25,12.9775,2.47]},"faces":{"up":{"uv":[0.5,0.5,11,5.75],"texture":"#details"}}},{"from":[6.25,11.625,13.88],"to":[7.75,12.625,15.38],"rotation":{"angle":45,"axis":"x","origin":[6.25,12.625,13.88]},"faces":{"up":{"uv":[0.5,0.5,11,11],"texture":"#details"}}},{"from":[6.25,10.5,0.995],"to":[7.75,11.5,2.495],"rotation":{"angle":-45,"axis":"x","origin":[6.25,11.5,0.995]},"faces":{"up":{"uv":[0.5,0.5,11,11],"texture":"#details"}}},{"from":[6.25,9.5,0.745],"to":[7.75,11,1.745],"faces":{"north":{"uv":[0.5,0.5,11,11],"texture":"#details"}}},{"from":[6.25,7.5,0.745],"to":[7.75,9,1.745],"faces":{"north":{"uv":[0.5,0.5,11,11],"texture":"#details"}}},{"from":[6.25,7.25,14.255],"to":[7.75,8.75,15.255],"faces":{"south":{"uv":[0.5,0.5,11,11],"texture":"#details"}}},{"from":[6.25,9.5,14.255],"to":[7.75,11,15.255],"faces":{"south":{"uv":[0.5,0.5,11,11],"texture":"#details"}}},{"from":[6.75,13.25,10.75],"to":[7.25,14,11.5],"rotation":{"angle":45,"axis":"x","origin":[6.75,14,10.75]},"faces":{"north":{"uv":[10,1.75,13.5,5.25],"texture":"#texture"},"east":{"uv":[9.25,2,12,5],"texture":"#texture"},"south":{"uv":[8.5,2,12,5.5],"texture":"#texture"},"west":{"uv":[9.25,1.75,12.5,4.75],"texture":"#texture"},"up":{"uv":[10.25,2.75,13.5,6],"texture":"#texture"},"down":{"uv":[10.5,1.75,13.75,5],"texture":"#texture"}}},{"from":[6.75,12.75,12.5],"to":[7.25,13.5,13.25],"rotation":{"angle":-22.5,"axis":"x","origin":[6.75,13.5,12.5]},"faces":{"north":{"uv":[10,1.75,13.5,5.25],"texture":"#texture"},"east":{"uv":[9.25,2,12,5],"texture":"#texture"},"south":{"uv":[8.5,2,12,5.5],"texture":"#texture"},"west":{"uv":[9.25,1.75,12.5,4.75],"texture":"#texture"},"up":{"uv":[10.25,2.75,13.5,6],"texture":"#texture"},"down":{"uv":[10.5,1.75,13.75,5],"texture":"#texture"}}},{"from":[6.75,11.75,14],"to":[7.25,12.5,14.75],"faces":{"north":{"uv":[10,1.75,13.5,5.25],"texture":"#texture"},"east":{"uv":[9.25,2,12,5],"texture":"#texture"},"south":{"uv":[8.5,2,12,5.5],"texture":"#texture"},"west":{"uv":[9.25,1.75,12.5,4.75],"texture":"#texture"},"up":{"uv":[10.25,2.75,13.5,6],"texture":"#texture"},"down":{"uv":[10.5,1.75,13.75,5],"texture":"#texture"}}},{"from":[6.75,10,15.25],"to":[7.25,10.75,16],"rotation":{"angle":45,"axis":"x","origin":[6.75,10.75,15.25]},"faces":{"north":{"uv":[10,1.75,13.5,5.25],"texture":"#texture"},"east":{"uv":[9.25,2,12,5],"texture":"#texture"},"south":{"uv":[8.5,2,12,5.5],"texture":"#texture"},"west":{"uv":[9.25,1.75,12.5,4.75],"texture":"#texture"},"up":{"uv":[10.25,2.75,13.5,6],"texture":"#texture"},"down":{"uv":[10.5,1.75,13.75,5],"texture":"#texture"}}},{"from":[6.75,7.75,15.25],"to":[7.25,8.5,16],"rotation":{"angle":45,"axis":"x","origin":[6.75,8.5,15.25]},"faces":{"north":{"uv":[10,1.75,13.5,5.25],"texture":"#texture"},"east":{"uv":[9.25,2,12,5],"texture":"#texture"},"south":{"uv":[8.5,2,12,5.5],"texture":"#texture"},"west":{"uv":[9.25,1.75,12.5,4.75],"texture":"#texture"},"up":{"uv":[10.25,2.75,13.5,6],"texture":"#texture"},"down":{"uv":[10.5,1.75,13.75,5],"texture":"#texture"}}},{"from":[6.75,8,0.75],"to":[7.25,8.75,1.5],"rotation":{"angle":45,"axis":"x","origin":[6.75,8.75,0.75]},"faces":{"north":{"uv":[10,1.75,13.5,5.25],"texture":"#texture"},"east":{"uv":[9.25,2,12,5],"texture":"#texture"},"south":{"uv":[8.5,2,12,5.5],"texture":"#texture"},"west":{"uv":[9.25,1.75,12.5,4.75],"texture":"#texture"},"up":{"uv":[10.25,2.75,13.5,6],"texture":"#texture"},"down":{"uv":[10.5,1.75,13.75,5],"texture":"#texture"}}},{"from":[6.75,10,0.75],"to":[7.25,10.75,1.5],"rotation":{"angle":45,"axis":"x","origin":[6.75,10.75,0.75]},"faces":{"north":{"uv":[10,1.75,13.5,5.25],"texture":"#texture"},"east":{"uv":[9.25,2,12,5],"texture":"#texture"},"south":{"uv":[8.5,2,12,5.5],"texture":"#texture"},"west":{"uv":[9.25,1.75,12.5,4.75],"texture":"#texture"},"up":{"uv":[10.25,2.75,13.5,6],"texture":"#texture"},"down":{"uv":[10.5,1.75,13.75,5],"texture":"#texture"}}},{"from":[6.75,11.625,1.125],"to":[7.25,12.375,1.875],"faces":{"north":{"uv":[10,1.75,13.5,5.25],"texture":"#texture"},"east":{"uv":[9.25,2,12,5],"texture":"#texture"},"south":{"uv":[8.5,2,12,5.5],"texture":"#texture"},"west":{"uv":[9.25,1.75,12.5,4.75],"texture":"#texture"},"up":{"uv":[10.25,2.75,13.5,6],"texture":"#texture"},"down":{"uv":[10.5,1.75,13.75,5],"texture":"#texture"}}},{"from":[6.75,13.0625,2.875],"to":[7.25,13.8125,3.625],"rotation":{"angle":22.5,"axis":"x","origin":[6.75,13.8125,2.875]},"faces":{"north":{"uv":[10,1.75,13.5,5.25],"texture":"#texture"},"east":{"uv":[9.25,2,12,5],"texture":"#texture"},"south":{"uv":[8.5,2,12,5.5],"texture":"#texture"},"west":{"uv":[9.25,1.75,12.5,4.75],"texture":"#texture"},"up":{"uv":[10.25,2.75,13.5,6],"texture":"#texture"},"down":{"uv":[10.5,1.75,13.75,5],"texture":"#texture"}}},{"from":[6.75,13.25,5.25],"to":[7.25,14,6],"rotation":{"angle":45,"axis":"x","origin":[6.75,14,5.25]},"faces":{"north":{"uv":[10,1.75,13.5,5.25],"texture":"#texture"},"east":{"uv":[9.25,2,12,5],"texture":"#texture"},"south":{"uv":[8.5,2,12,5.5],"texture":"#texture"},"west":{"uv":[9.25,1.75,12.5,4.75],"texture":"#texture"},"up":{"uv":[10.25,2.75,13.5,6],"texture":"#texture"},"down":{"uv":[10.5,1.75,13.75,5],"texture":"#texture"}}},{"from":[5.9375,13.1925,7.5],"to":[6.9375,14.1925,8.5],"rotation":{"angle":-45,"axis":"z","origin":[5.9375,14.1925,7.5]},"faces":{"west":{"uv":[0.5,0.5,11,11],"texture":"#details"}}},{"from":[5.245,11.5,7.25],"to":[6.245,13,8.75],"faces":{"west":{"uv":[0.5,0.5,11,11],"texture":"#details"}}},{"from":[5.245,9.25,7],"to":[6.245,11.25,9],"faces":{"west":{"uv":[0.5,0.5,11,11],"texture":"#details"}}},{"from":[5.245,6.5,6.75],"to":[6.245,9,9.25],"faces":{"west":{"uv":[0.5,0.5,11,11],"texture":"#details"}}},{"from":[6.75,22,7.5],"to":[7.25,22.75,8.25],"rotation":{"angle":-45,"axis":"x","origin":[6.75,22.75,7.5]},"faces":{"north":{"uv":[10,1.75,13.5,5.25],"texture":"#texture"},"east":{"uv":[9.25,2,12,5],"texture":"#texture"},"south":{"uv":[8.5,2,12,5.5],"texture":"#texture"},"west":{"uv":[9.25,1.75,12.5,4.75],"texture":"#texture"},"up":{"uv":[10.25,2.75,13.5,6],"texture":"#texture"},"down":{"uv":[10.5,1.75,13.75,5],"texture":"#texture"}}},{"from":[6.75,22,8.25],"to":[7.25,22.75,9],"rotation":{"angle":-22.5,"axis":"x","origin":[6.75,22.75,8.25]},"faces":{"north":{"uv":[10,1.75,13.5,5.25],"texture":"#texture"},"east":{"uv":[9.25,2,12,5],"texture":"#texture"},"south":{"uv":[8.5,2,12,5.5],"texture":"#texture"},"west":{"uv":[9.25,1.75,12.5,4.75],"texture":"#texture"},"up":{"uv":[10.25,2.75,13.5,6],"texture":"#texture"},"down":{"uv":[10.5,1.75,13.75,5],"texture":"#texture"}}},{"from":[6.75,22.25,7.0625],"to":[7.25,23,7.8125],"rotation":{"angle":22.5,"axis":"x","origin":[6.75,23,7.0625]},"faces":{"north":{"uv":[10,1.75,13.5,5.25],"texture":"#texture"},"east":{"uv":[9.25,2,12,5],"texture":"#texture"},"south":{"uv":[8.5,2,12,5.5],"texture":"#texture"},"west":{"uv":[9.25,1.75,12.5,4.75],"texture":"#texture"},"up":{"uv":[10.25,2.75,13.5,6],"texture":"#texture"},"down":{"uv":[10.5,1.75,13.75,5],"texture":"#texture"}}},{"from":[6.25,2,11.755],"to":[7.75,3.5,12.755],"faces":{"south":{"uv":[0.5,0.5,11,11],"texture":"#details"}}},{"from":[6.25,0,11.755],"to":[7.75,1.5,12.755],"faces":{"south":{"uv":[0.5,0.5,11,11],"texture":"#details"}}},{"from":[6.25,0,3.245],"to":[7.75,1.5,4.245],"faces":{"north":{"uv":[0.5,0.5,11,11],"texture":"#details"}}},{"from":[6.25,2,3.245],"to":[7.75,3.5,4.245],"faces":{"north":{"uv":[0.5,0.5,11,11],"texture":"#details"}}},{"from":[6.25,3.75,4],"to":[7.75,5.25,5],"rotation":{"angle":22.5,"axis":"x","origin":[6.25,5.25,4]},"faces":{"north":{"uv":[0.5,0.5,11,11],"texture":"#details"}}},{"from":[6.25,5.5625,4.75],"to":[7.75,7.0625,5.75],"rotation":{"angle":22.5,"axis":"x","origin":[6.25,7.0625,4.75]},"faces":{"north":{"uv":[0.5,0.5,11,11],"texture":"#details"}}},{"from":[6.25,7.3125,5.47],"to":[7.75,8.8125,6.47],"rotation":{"angle":22.5,"axis":"x","origin":[6.25,8.8125,5.47]},"faces":{"north":{"uv":[0.5,0.5,11,11],"texture":"#details"}}},{"from":[6.25,9.0625,5.99],"to":[7.75,10.0625,6.99],"rotation":{"angle":22.5,"axis":"x","origin":[6.25,10.0625,5.99]},"faces":{"north":{"uv":[0.5,4,11,11],"texture":"#details"}}},{"from":[6.25,10,5.99],"to":[7.75,10.5,6.99],"faces":{"north":{"uv":[0.5,0.5,11,4],"texture":"#details"}}},{"from":[6.25,3.4375,11.0625],"to":[7.75,4.9375,12.0625],"rotation":{"angle":-22.5,"axis":"x","origin":[6.25,4.9375,11.0625]},"faces":{"south":{"uv":[0.5,0.5,11,11],"texture":"#details"}}},{"from":[6.25,5.1875,10.3225],"to":[7.75,6.6875,11.3225],"rotation":{"angle":-22.5,"axis":"x","origin":[6.25,6.6875,10.3225]},"faces":{"south":{"uv":[0.5,0.5,11,11],"texture":"#details"}}},{"from":[6.25,7.0625,9.5525],"to":[7.75,8.5625,10.5525],"rotation":{"angle":-22.5,"axis":"x","origin":[6.25,8.5625,9.5525]},"faces":{"south":{"uv":[0.5,0.5,11,11],"texture":"#details"}}},{"from":[6.25,8.75,9.0625],"to":[7.75,9.75,10.0625],"rotation":{"angle":-22.5,"axis":"x","origin":[6.25,9.75,9.0625]},"faces":{"south":{"uv":[0.5,4,11,11],"texture":"#details"}}},{"from":[6.25,10,9.005],"to":[7.75,10.5,10.005],"faces":{"south":{"uv":[0.5,0.5,11,4],"texture":"#details"}}},{"from":[6.75,9.5625,9.875],"to":[7.25,10.3125,10.625],"rotation":{"angle":22.5,"axis":"x","origin":[6.75,10.3125,9.875]},"faces":{"north":{"uv":[10,1.75,13.5,5.25],"texture":"#texture"},"east":{"uv":[9.25,2,12,5],"texture":"#texture"},"south":{"uv":[8.5,2,12,5.5],"texture":"#texture"},"west":{"uv":[9.25,1.75,12.5,4.75],"texture":"#texture"},"up":{"uv":[10.25,2.75,13.5,6],"texture":"#texture"},"down":{"uv":[10.5,1.75,13.75,5],"texture":"#texture"}}},{"from":[6.75,9.1875,5.5],"to":[7.25,9.9375,6.25],"rotation":{"angle":-22.5,"axis":"x","origin":[6.75,9.9375,5.5]},"faces":{"north":{"uv":[10,1.75,13.5,5.25],"texture":"#texture"},"east":{"uv":[9.25,2,12,5],"texture":"#texture"},"south":{"uv":[8.5,2,12,5.5],"texture":"#texture"},"west":{"uv":[9.25,1.75,12.5,4.75],"texture":"#texture"},"up":{"uv":[10.25,2.75,13.5,6],"texture":"#texture"},"down":{"uv":[10.5,1.75,13.75,5],"texture":"#texture"}}},{"from":[6.75,8,10.5],"to":[7.25,8.75,11.25],"rotation":{"angle":22.5,"axis":"x","origin":[6.75,8.75,10.5]},"faces":{"north":{"uv":[10,1.75,13.5,5.25],"texture":"#texture"},"east":{"uv":[9.25,2,12,5],"texture":"#texture"},"south":{"uv":[8.5,2,12,5.5],"texture":"#texture"},"west":{"uv":[9.25,1.75,12.5,4.75],"texture":"#texture"},"up":{"uv":[10.25,2.75,13.5,6],"texture":"#texture"},"down":{"uv":[10.5,1.75,13.75,5],"texture":"#texture"}}},{"from":[6.75,6.125,11.3125],"to":[7.25,6.875,12.0625],"rotation":{"angle":22.5,"axis":"x","origin":[6.75,6.875,11.3125]},"faces":{"north":{"uv":[10,1.75,13.5,5.25],"texture":"#texture"},"east":{"uv":[9.25,2,12,5],"texture":"#texture"},"south":{"uv":[8.5,2,12,5.5],"texture":"#texture"},"west":{"uv":[9.25,1.75,12.5,4.75],"texture":"#texture"},"up":{"uv":[10.25,2.75,13.5,6],"texture":"#texture"},"down":{"uv":[10.5,1.75,13.75,5],"texture":"#texture"}}},{"from":[6.75,4.3125,12.0625],"to":[7.25,5.0625,12.8125],"rotation":{"angle":22.5,"axis":"x","origin":[6.75,5.0625,12.0625]},"faces":{"north":{"uv":[10,1.75,13.5,5.25],"texture":"#texture"},"east":{"uv":[9.25,2,12,5],"texture":"#texture"},"south":{"uv":[8.5,2,12,5.5],"texture":"#texture"},"west":{"uv":[9.25,1.75,12.5,4.75],"texture":"#texture"},"up":{"uv":[10.25,2.75,13.5,6],"texture":"#texture"},"down":{"uv":[10.5,1.75,13.75,5],"texture":"#texture"}}},{"from":[6.75,2.5,12.75],"to":[7.25,3.25,13.5],"rotation":{"angle":45,"axis":"x","origin":[6.75,3.25,12.75]},"faces":{"north":{"uv":[10,1.75,13.5,5.25],"texture":"#texture"},"east":{"uv":[9.25,2,12,5],"texture":"#texture"},"south":{"uv":[8.5,2,12,5.5],"texture":"#texture"},"west":{"uv":[9.25,1.75,12.5,4.75],"texture":"#texture"},"up":{"uv":[10.25,2.75,13.5,6],"texture":"#texture"},"down":{"uv":[10.5,1.75,13.75,5],"texture":"#texture"}}},{"from":[6.75,0.5,12.75],"to":[7.25,1.25,13.5],"rotation":{"angle":45,"axis":"x","origin":[6.75,1.25,12.75]},"faces":{"north":{"uv":[10,1.75,13.5,5.25],"texture":"#texture"},"east":{"uv":[9.25,2,12,5],"texture":"#texture"},"south":{"uv":[8.5,2,12,5.5],"texture":"#texture"},"west":{"uv":[9.25,1.75,12.5,4.75],"texture":"#texture"},"up":{"uv":[10.25,2.75,13.5,6],"texture":"#texture"},"down":{"uv":[10.5,1.75,13.75,5],"texture":"#texture"}}},{"from":[6.75,0.5,3.25],"to":[7.25,1.25,4],"rotation":{"angle":45,"axis":"x","origin":[6.75,1.25,3.25]},"faces":{"north":{"uv":[10,1.75,13.5,5.25],"texture":"#texture"},"east":{"uv":[9.25,2,12,5],"texture":"#texture"},"south":{"uv":[8.5,2,12,5.5],"texture":"#texture"},"west":{"uv":[9.25,1.75,12.5,4.75],"texture":"#texture"},"up":{"uv":[10.25,2.75,13.5,6],"texture":"#texture"},"down":{"uv":[10.5,1.75,13.75,5],"texture":"#texture"}}},{"from":[6.75,2.5,3.25],"to":[7.25,3.25,4],"rotation":{"angle":45,"axis":"x","origin":[6.75,3.25,3.25]},"faces":{"north":{"uv":[10,1.75,13.5,5.25],"texture":"#texture"},"east":{"uv":[9.25,2,12,5],"texture":"#texture"},"south":{"uv":[8.5,2,12,5.5],"texture":"#texture"},"west":{"uv":[9.25,1.75,12.5,4.75],"texture":"#texture"},"up":{"uv":[10.25,2.75,13.5,6],"texture":"#texture"},"down":{"uv":[10.5,1.75,13.75,5],"texture":"#texture"}}},{"from":[6.75,4,3.25],"to":[7.25,4.75,4],"rotation":{"angle":-22.5,"axis":"x","origin":[6.75,4.75,3.25]},"faces":{"north":{"uv":[10,1.75,13.5,5.25],"texture":"#texture"},"east":{"uv":[9.25,2,12,5],"texture":"#texture"},"south":{"uv":[8.5,2,12,5.5],"texture":"#texture"},"west":{"uv":[9.25,1.75,12.5,4.75],"texture":"#texture"},"up":{"uv":[10.25,2.75,13.5,6],"texture":"#texture"},"down":{"uv":[10.5,1.75,13.75,5],"texture":"#texture"}}},{"from":[6.75,5.8125,4.0625],"to":[7.25,6.5625,4.8125],"rotation":{"angle":-22.5,"axis":"x","origin":[6.75,6.5625,4.0625]},"faces":{"north":{"uv":[10,1.75,13.5,5.25],"texture":"#texture"},"east":{"uv":[9.25,2,12,5],"texture":"#texture"},"south":{"uv":[8.5,2,12,5.5],"texture":"#texture"},"west":{"uv":[9.25,1.75,12.5,4.75],"texture":"#texture"},"up":{"uv":[10.25,2.75,13.5,6],"texture":"#texture"},"down":{"uv":[10.5,1.75,13.75,5],"texture":"#texture"}}},{"from":[6.75,7.625,4.6875],"to":[7.25,8.375,5.4375],"rotation":{"angle":-22.5,"axis":"x","origin":[6.75,8.375,4.6875]},"faces":{"north":{"uv":[10,1.75,13.5,5.25],"texture":"#texture"},"east":{"uv":[9.25,2,12,5],"texture":"#texture"},"south":{"uv":[8.5,2,12,5.5],"texture":"#texture"},"west":{"uv":[9.25,1.75,12.5,4.75],"texture":"#texture"},"up":{"uv":[10.25,2.75,13.5,6],"texture":"#texture"},"down":{"uv":[10.5,1.75,13.75,5],"texture":"#texture"}}}],"display":{"thirdperson_righthand":{"scale":[0,0,0]},"thirdperson_lefthand":{"scale":[0,0,0]},"firstperson_righthand":{"scale":[0,0,0]},"firstperson_lefthand":{"scale":[0,0,0]},"gui":{"rotation":[30,50,0],"translation":[0,-1.5,0],"scale":[0.68,0.68,0.68]},"head":{"rotation":[0,-90,0],"translation":[0,-27,2],"scale":[2,2,2]}}}