{"credit":"Made by MadstonMagic using Cubik Pro, Copyright © MadstonMagic Modeling 2015-2017. All rights reserved","textures":{"0":"pokemon_skins/regular/altaria/swablu","1":"pokemon_skins/regular/altaria/wing4","2":"pokemon_skins/regular/altaria/wing2","3":"pokemon_skins/regular/altaria/wing1","4":"pokemon_skins/regular/altaria/wing3","5":"pokemon_skins/regular/altaria/eye"},"elements":[{"from":[7,10.5,7],"to":[9,14.5,9],"faces":{"north":{"uv":[2,1,6.5,6],"texture":"#0"},"east":{"uv":[0.5,1.5,6,7],"texture":"#0"},"south":{"uv":[1,1.5,6.5,6.5],"texture":"#0"},"west":{"uv":[1,0.5,6,5.5],"texture":"#0"},"up":{"uv":[1.5,1.5,6,6],"texture":"#0"},"down":{"uv":[1.5,1.5,6,6.5],"texture":"#0"}}},{"from":[7,11.5,6],"to":[9,13.5,10],"faces":{"north":{"uv":[2,1,6.5,6],"texture":"#0"},"east":{"uv":[0.5,1.5,6,7],"texture":"#0"},"south":{"uv":[1,1.5,6.5,6.5],"texture":"#0"},"west":{"uv":[1,0.5,6,5.5],"texture":"#0"},"up":{"uv":[1.5,1.5,6,6],"texture":"#0"},"down":{"uv":[1.5,1.5,6,6.5],"texture":"#0"}}},{"from":[6,11.5,7],"to":[10,13.5,9],"faces":{"north":{"uv":[2,1,6.5,6],"texture":"#0"},"east":{"uv":[0.5,1.5,6,7],"texture":"#0"},"south":{"uv":[1,1.5,6.5,6.5],"texture":"#0"},"west":{"uv":[1,0.5,6,5.5],"texture":"#0"},"up":{"uv":[1.5,1.5,6,6],"texture":"#0"},"down":{"uv":[1.5,1.5,6,6.5],"texture":"#0"}}},{"from":[9,10.25,7],"to":[10.41,14.5,9],"rotation":{"angle":-45,"axis":"z","origin":[9,14.5,7]},"faces":{"north":{"uv":[2,1,6.5,6],"texture":"#0"},"east":{"uv":[0.5,1.5,6,7],"texture":"#0"},"south":{"uv":[1,1.5,6.5,6.5],"texture":"#0"},"west":{"uv":[1,0.5,6,5.5],"texture":"#0"},"up":{"uv":[1.5,1.5,6,6],"texture":"#0"},"down":{"uv":[1.5,1.5,6,6.5],"texture":"#0"}}},{"from":[6,9.25,7],"to":[7.41,13.5,9],"rotation":{"angle":45,"axis":"z","origin":[6,13.5,7]},"faces":{"north":{"uv":[2,1,6.5,6],"texture":"#0"},"east":{"uv":[0.5,1.5,6,7],"texture":"#0"},"south":{"uv":[1,1.5,6.5,6.5],"texture":"#0"},"west":{"uv":[1,0.5,6,5.5],"texture":"#0"},"up":{"uv":[1.5,1.5,6,6],"texture":"#0"},"down":{"uv":[1.5,1.5,6,6.5],"texture":"#0"}}},{"from":[7,9.25,6],"to":[9,13.5,7.41],"rotation":{"angle":-45,"axis":"x","origin":[7,13.5,6]},"faces":{"north":{"uv":[2,1,6.5,6],"texture":"#0"},"east":{"uv":[0.5,1.5,6,7],"texture":"#0"},"south":{"uv":[1,1.5,6.5,6.5],"texture":"#0"},"west":{"uv":[1,0.5,6,5.5],"texture":"#0"},"up":{"uv":[1.5,1.5,6,6],"texture":"#0"},"down":{"uv":[1.5,1.5,6,6.5],"texture":"#0"}}},{"from":[7,10.25,9],"to":[9,14.5,10.41],"rotation":{"angle":45,"axis":"x","origin":[7,14.5,9]},"faces":{"north":{"uv":[2,1,6.5,6],"texture":"#0"},"east":{"uv":[0.5,1.5,6,7],"texture":"#0"},"south":{"uv":[1,1.5,6.5,6.5],"texture":"#0"},"west":{"uv":[1,0.5,6,5.5],"texture":"#0"},"up":{"uv":[1.5,1.5,6,6],"texture":"#0"},"down":{"uv":[1.5,1.5,6,6.5],"texture":"#0"}}},{"from":[6,11.5,7],"to":[7.41,13.5,11.25],"rotation":{"angle":45,"axis":"y","origin":[6,11.5,7]},"faces":{"north":{"uv":[2,1,6.5,6],"texture":"#0"},"east":{"uv":[0.5,1.5,6,7],"texture":"#0"},"south":{"uv":[1,1.5,6.5,6.5],"texture":"#0"},"west":{"uv":[1,0.5,6,5.5],"texture":"#0"},"up":{"uv":[1.5,1.5,6,6],"texture":"#0"},"down":{"uv":[1.5,1.5,6,6.5],"texture":"#0"}}},{"from":[9,11.5,6],"to":[10.41,13.5,10.25],"rotation":{"angle":-45,"axis":"y","origin":[9,11.5,6]},"faces":{"north":{"uv":[2,1,6.5,6],"texture":"#0"},"east":{"uv":[0.5,1.5,6,7],"texture":"#0"},"south":{"uv":[1,1.5,6.5,6.5],"texture":"#0"},"west":{"uv":[1,0.5,6,5.5],"texture":"#0"},"up":{"uv":[1.5,1.5,6,6],"texture":"#0"},"down":{"uv":[1.5,1.5,6,6.5],"texture":"#0"}}},{"from":[9.5,13.5,7],"to":[10,16.5,8],"rotation":{"angle":-45,"axis":"z","origin":[9.5,16.5,7]},"faces":{"north":{"uv":[2,1,6.5,6],"texture":"#0"},"east":{"uv":[0.5,1.5,6,7],"texture":"#0"},"south":{"uv":[1,1.5,6.5,6.5],"texture":"#0"},"west":{"uv":[1,0.5,6,5.5],"texture":"#0"},"up":{"uv":[1.5,1.5,6,6],"texture":"#0"},"down":{"uv":[1.5,1.5,6,6.5],"texture":"#0"}}},{"from":[9.5,16,7],"to":[12.75,16.5,8],"rotation":{"angle":22.5,"axis":"z","origin":[9.5,16.5,7]},"faces":{"north":{"uv":[2,1,6.5,6],"texture":"#0"},"east":{"uv":[0.5,1.5,6,7],"texture":"#0"},"south":{"uv":[1,1.5,6.5,6.5],"texture":"#0"},"west":{"uv":[1,0.5,6,5.5],"texture":"#0"},"up":{"uv":[1.5,1.5,6,6],"texture":"#0"},"down":{"uv":[1.5,1.5,6,6.5],"texture":"#0"}}},{"from":[12.5,17.25,7],"to":[15.75,17.75,8],"faces":{"north":{"uv":[2,1,6.5,6],"texture":"#0"},"east":{"uv":[0.5,1.5,6,7],"texture":"#0"},"south":{"uv":[1,1.5,6.5,6.5],"texture":"#0"},"west":{"uv":[1,0.5,6,5.5],"texture":"#0"},"up":{"uv":[1.5,1.5,6,6],"texture":"#0"},"down":{"uv":[1.5,1.5,6,6.5],"texture":"#0"}}},{"from":[8.5625,14.125,8],"to":[9.0625,17.125,9],"rotation":{"angle":-22.5,"axis":"z","origin":[8.5625,17.125,8]},"faces":{"north":{"uv":[2,1,6.5,6],"texture":"#0"},"east":{"uv":[0.5,1.5,6,7],"texture":"#0"},"south":{"uv":[1,1.5,6.5,6.5],"texture":"#0"},"west":{"uv":[1,0.5,6,5.5],"texture":"#0"},"up":{"uv":[1.5,1.5,6,6],"texture":"#0"},"down":{"uv":[1.5,1.5,6,6.5],"texture":"#0"}}},{"from":[10.6875,16.25,8],"to":[11.1875,19.25,9],"rotation":{"angle":-45,"axis":"z","origin":[10.6875,19.25,8]},"faces":{"north":{"uv":[2,1,6.5,6],"texture":"#0"},"east":{"uv":[0.5,1.5,6,7],"texture":"#0"},"south":{"uv":[1,1.5,6.5,6.5],"texture":"#0"},"west":{"uv":[1,0.5,6,5.5],"texture":"#0"},"up":{"uv":[1.5,1.5,6,6],"texture":"#0"},"down":{"uv":[1.5,1.5,6,6.5],"texture":"#0"}}},{"from":[10.6875,18.75,8],"to":[13.6875,19.25,9],"rotation":{"angle":22.5,"axis":"z","origin":[10.6875,19.25,8]},"faces":{"north":{"uv":[2,1,6.5,6],"texture":"#0"},"east":{"uv":[0.5,1.5,6,7],"texture":"#0"},"south":{"uv":[1,1.5,6.5,6.5],"texture":"#0"},"west":{"uv":[1,0.5,6,5.5],"texture":"#0"},"up":{"uv":[1.5,1.5,6,6],"texture":"#0"},"down":{"uv":[1.5,1.5,6,6.5],"texture":"#0"}}},{"from":[7.25,5.75,7.25],"to":[8.75,10.5,8.75],"rotation":{"angle":22.5,"axis":"z","origin":[7.25,10.5,7.25]},"faces":{"north":{"uv":[2,1,6.5,6],"texture":"#0"},"east":{"uv":[0.5,1.5,6,7],"texture":"#0"},"south":{"uv":[1,1.5,6.5,6.5],"texture":"#0"},"west":{"uv":[1,0.5,6,5.5],"texture":"#0"},"up":{"uv":[1.5,1.5,6,6],"texture":"#0"},"down":{"uv":[1.5,1.5,6,6.5],"texture":"#0"}}},{"from":[8,3,6],"to":[13,7.25,10],"faces":{"north":{"uv":[2,1,6.5,6],"texture":"#0"},"east":{"uv":[0.5,1.5,6,7],"texture":"#0"},"south":{"uv":[1,1.5,6.5,6.5],"texture":"#0"},"west":{"uv":[1,0.5,6,5.5],"texture":"#0"},"up":{"uv":[1.5,1.5,6,6],"texture":"#0"},"down":{"uv":[1.5,1.5,6,6.5],"texture":"#0"}}},{"from":[8,4,7.25],"to":[9.5,8.75,8.75],"faces":{"north":{"uv":[2,1,6.5,6],"texture":"#0"},"east":{"uv":[0.5,1.5,6,7],"texture":"#0"},"south":{"uv":[1,1.5,6.5,6.5],"texture":"#0"},"west":{"uv":[1,0.5,6,5.5],"texture":"#0"},"up":{"uv":[1.5,1.5,6,6],"texture":"#0"},"down":{"uv":[1.5,1.5,6,6.5],"texture":"#0"}}},{"from":[9.25,8,7.25],"to":[13,9.5,8.75],"rotation":{"angle":-45,"axis":"z","origin":[9.25,9.5,7.25]},"faces":{"north":{"uv":[2,1,6.5,6],"texture":"#0"},"east":{"uv":[0.5,1.5,6,7],"texture":"#0"},"south":{"uv":[1,1.5,6.5,6.5],"texture":"#0"},"west":{"uv":[1,0.5,6,5.5],"texture":"#0"},"up":{"uv":[1.5,1.5,6,6],"texture":"#0"},"down":{"uv":[1.5,1.5,6,6.5],"texture":"#0"}}},{"from":[8,6.5,7.75],"to":[9.5,9,9],"rotation":{"angle":45,"axis":"x","origin":[8,9,7.75]},"faces":{"north":{"uv":[2,1,6.5,6],"texture":"#0"},"east":{"uv":[0.5,1.5,6,7],"texture":"#0"},"south":{"uv":[1,1.5,6.5,6.5],"texture":"#0"},"west":{"uv":[1,0.5,6,5.5],"texture":"#0"},"up":{"uv":[1.5,1.5,6,6],"texture":"#0"},"down":{"uv":[1.5,1.5,6,6.5],"texture":"#0"}}},{"from":[8,5.625,7.355],"to":[9.5,8.125,8.605],"rotation":{"angle":-45,"axis":"x","origin":[8,8.125,7.355]},"faces":{"north":{"uv":[2,1,6.5,6],"texture":"#0"},"east":{"uv":[0.5,1.5,6,7],"texture":"#0"},"south":{"uv":[1,1.5,6.5,6.5],"texture":"#0"},"west":{"uv":[1,0.5,6,5.5],"texture":"#0"},"up":{"uv":[1.5,1.5,6,6],"texture":"#0"},"down":{"uv":[1.5,1.5,6,6.5],"texture":"#0"}}},{"from":[6,5,4],"to":[9,8,7],"faces":{"north":{"uv":[2,9.5,6.5,14.5],"texture":"#0"},"east":{"uv":[1,9.5,6.5,15],"texture":"#0"},"south":{"uv":[1.5,9.5,7,14.5],"texture":"#0"},"west":{"uv":[1,9,6,14],"texture":"#0"},"up":{"uv":[2,10,6.5,14.5],"texture":"#0"},"down":{"uv":[1.5,10,6,15],"texture":"#0"}}},{"from":[5.9,4.8,8.9],"to":[8.9,7.8,11.9],"faces":{"north":{"uv":[2,9.5,6.5,14.5],"texture":"#0"},"east":{"uv":[1,9.5,6.5,15],"texture":"#0"},"south":{"uv":[1.5,9.5,7,14.5],"texture":"#0"},"west":{"uv":[1,9,6,14],"texture":"#0"},"up":{"uv":[2,10,6.5,14.5],"texture":"#0"},"down":{"uv":[1.5,10,6,15],"texture":"#0"}}},{"from":[5,4.5,6.5],"to":[8,7.5,9.5],"faces":{"north":{"uv":[2,9.5,6.5,14.5],"texture":"#0"},"east":{"uv":[1,9.5,6.5,15],"texture":"#0"},"south":{"uv":[1.5,9.5,7,14.5],"texture":"#0"},"west":{"uv":[1,9,6,14],"texture":"#0"},"up":{"uv":[2,10,6.5,14.5],"texture":"#0"},"down":{"uv":[1.5,10,6,15],"texture":"#0"}}},{"from":[6,2.5,6.5],"to":[9,5.5,9.5],"faces":{"north":{"uv":[2,9.5,6.5,14.5],"texture":"#0"},"east":{"uv":[1,9.5,6.5,15],"texture":"#0"},"south":{"uv":[1.5,9.5,7,14.5],"texture":"#0"},"west":{"uv":[1,9,6,14],"texture":"#0"},"up":{"uv":[2,10,6.5,14.5],"texture":"#0"},"down":{"uv":[1.5,10,6,15],"texture":"#0"}}},{"from":[7,3,4.5],"to":[10,6,11.5],"faces":{"north":{"uv":[2,9.5,6.5,14.5],"texture":"#0"},"east":{"uv":[1,9.5,6.5,15],"texture":"#0"},"south":{"uv":[1.5,9.5,7,14.5],"texture":"#0"},"west":{"uv":[1,9,6,14],"texture":"#0"},"up":{"uv":[2,10,6.5,14.5],"texture":"#0"},"down":{"uv":[1.5,10,6,15],"texture":"#0"}}},{"from":[11,4.8,9.3],"to":[14,7.8,12.3],"faces":{"north":{"uv":[2,9.5,6.5,14.5],"texture":"#0"},"east":{"uv":[1,9.5,6.5,15],"texture":"#0"},"south":{"uv":[1.5,9.5,7,14.5],"texture":"#0"},"west":{"uv":[1,9,6,14],"texture":"#0"},"up":{"uv":[2,10,6.5,14.5],"texture":"#0"},"down":{"uv":[1.5,10,6,15],"texture":"#0"}}},{"from":[11,5,4],"to":[14,8,7],"faces":{"north":{"uv":[2,9.5,6.5,14.5],"texture":"#0"},"east":{"uv":[1,9.5,6.5,15],"texture":"#0"},"south":{"uv":[1.5,9.5,7,14.5],"texture":"#0"},"west":{"uv":[1,9,6,14],"texture":"#0"},"up":{"uv":[2,10,6.5,14.5],"texture":"#0"},"down":{"uv":[1.5,10,6,15],"texture":"#0"}}},{"from":[7,5.5,3.5],"to":[10,8.5,6.5],"faces":{"north":{"uv":[2,9.5,6.5,14.5],"texture":"#0"},"east":{"uv":[1,9.5,6.5,15],"texture":"#0"},"south":{"uv":[1.5,9.5,7,14.5],"texture":"#0"},"west":{"uv":[1,9,6,14],"texture":"#0"},"up":{"uv":[2,10,6.5,14.5],"texture":"#0"},"down":{"uv":[1.5,10,6,15],"texture":"#0"}}},{"from":[10,4.5,3],"to":[13,7.5,6],"faces":{"north":{"uv":[2,9.5,6.5,14.5],"texture":"#0"},"east":{"uv":[1,9.5,6.5,15],"texture":"#0"},"south":{"uv":[1.5,9.5,7,14.5],"texture":"#0"},"west":{"uv":[1,9,6,14],"texture":"#0"},"up":{"uv":[2,10,6.5,14.5],"texture":"#0"},"down":{"uv":[1.5,10,6,15],"texture":"#0"}}},{"from":[6.9,5.6,9.6],"to":[9.9,8.6,12.6],"faces":{"north":{"uv":[2,9.5,6.5,14.5],"texture":"#0"},"east":{"uv":[1,9.5,6.5,15],"texture":"#0"},"south":{"uv":[1.5,9.5,7,14.5],"texture":"#0"},"west":{"uv":[1,9,6,14],"texture":"#0"},"up":{"uv":[2,10,6.5,14.5],"texture":"#0"},"down":{"uv":[1.5,10,6,15],"texture":"#0"}}},{"from":[9.8,4.5,10],"to":[13,7.5,13.2],"faces":{"north":{"uv":[2,9.5,6.5,14.5],"texture":"#0"},"east":{"uv":[1,9.5,6.5,15],"texture":"#0"},"south":{"uv":[1.5,9.5,7,14.5],"texture":"#0"},"west":{"uv":[1,9,6,14],"texture":"#0"},"up":{"uv":[2,10,6.5,14.5],"texture":"#0"},"down":{"uv":[1.5,10,6,15],"texture":"#0"}}},{"from":[11.5,4,6.5],"to":[14.5,7,9.5],"faces":{"north":{"uv":[2,9.5,6.5,14.5],"texture":"#0"},"east":{"uv":[1,9.5,6.5,15],"texture":"#0"},"south":{"uv":[1.5,9.5,7,14.5],"texture":"#0"},"west":{"uv":[1,9,6,14],"texture":"#0"},"up":{"uv":[2,10,6.5,14.5],"texture":"#0"},"down":{"uv":[1.5,10,6,15],"texture":"#0"}}},{"from":[12,2.5,4.5],"to":[15,5.5,7.5],"faces":{"north":{"uv":[2,9.5,6.5,14.5],"texture":"#0"},"east":{"uv":[1,9.5,6.5,15],"texture":"#0"},"south":{"uv":[1.5,9.5,7,14.5],"texture":"#0"},"west":{"uv":[1,9,6,14],"texture":"#0"},"up":{"uv":[2,10,6.5,14.5],"texture":"#0"},"down":{"uv":[1.5,10,6,15],"texture":"#0"}}},{"from":[12.2,2.7,8.4],"to":[15.2,5.7,11.4],"faces":{"north":{"uv":[2,9.5,6.5,14.5],"texture":"#0"},"east":{"uv":[1,9.5,6.5,15],"texture":"#0"},"south":{"uv":[1.5,9.5,7,14.5],"texture":"#0"},"west":{"uv":[1,9,6,14],"texture":"#0"},"up":{"uv":[2,10,6.5,14.5],"texture":"#0"},"down":{"uv":[1.5,10,6,15],"texture":"#0"}}},{"from":[9.2,1.9,9],"to":[12.2,4.9,12],"faces":{"north":{"uv":[2,9.5,6.5,14.5],"texture":"#0"},"east":{"uv":[1,9.5,6.5,15],"texture":"#0"},"south":{"uv":[1.5,9.5,7,14.5],"texture":"#0"},"west":{"uv":[1,9,6,14],"texture":"#0"},"up":{"uv":[2,10,6.5,14.5],"texture":"#0"},"down":{"uv":[1.5,10,6,15],"texture":"#0"}}},{"from":[9.5,2,4],"to":[12.5,5,7],"faces":{"north":{"uv":[2,9.5,6.5,14.5],"texture":"#0"},"east":{"uv":[1,9.5,6.5,15],"texture":"#0"},"south":{"uv":[1.5,9.5,7,14.5],"texture":"#0"},"west":{"uv":[1,9,6,14],"texture":"#0"},"up":{"uv":[2,10,6.5,14.5],"texture":"#0"},"down":{"uv":[1.5,10,6,15],"texture":"#0"}}},{"from":[8,1.5,6],"to":[13.5,4,10],"faces":{"north":{"uv":[2,9.5,6.5,14.5],"texture":"#0"},"east":{"uv":[1,9.5,6.5,15],"texture":"#0"},"south":{"uv":[1.5,9.5,7,14.5],"texture":"#0"},"west":{"uv":[1,9,6,14],"texture":"#0"},"up":{"uv":[2,10,6.5,14.5],"texture":"#0"},"down":{"uv":[1.5,10,6,15],"texture":"#0"}}},{"from":[6,1,10.1],"to":[9.5,2,10.9],"rotation":{"angle":45,"axis":"z","origin":[6,2,10]},"faces":{"north":{"uv":[2,1,6.5,6],"texture":"#0"},"east":{"uv":[0.5,1.5,6,7],"texture":"#0"},"south":{"uv":[1,1.5,6.5,6.5],"texture":"#0"},"west":{"uv":[1,0.5,6,5.5],"texture":"#0"},"up":{"uv":[1.5,1.5,6,6],"texture":"#0"},"down":{"uv":[1.5,1.5,6,6.5],"texture":"#0"}}},{"from":[6,1,5.1],"to":[9.5,2,5.9],"rotation":{"angle":45,"axis":"z","origin":[6,2,5]},"faces":{"north":{"uv":[2,1,6.5,6],"texture":"#0"},"east":{"uv":[0.5,1.5,6,7],"texture":"#0"},"south":{"uv":[1,1.5,6.5,6.5],"texture":"#0"},"west":{"uv":[1,0.5,6,5.5],"texture":"#0"},"up":{"uv":[1.5,1.5,6,6],"texture":"#0"},"down":{"uv":[1.5,1.5,6,6.5],"texture":"#0"}}},{"from":[5.85,1.1,10],"to":[6.35,1.8,11],"rotation":{"angle":22.5,"axis":"z","origin":[5.85,2.1,10]},"faces":{"north":{"uv":[2,1,6.5,6],"texture":"#0"},"east":{"uv":[0.5,1.5,6,7],"texture":"#0"},"south":{"uv":[1,1.5,6.5,6.5],"texture":"#0"},"west":{"uv":[1,0.5,6,5.5],"texture":"#0"},"up":{"uv":[1.5,1.5,6,6],"texture":"#0"},"down":{"uv":[1.5,1.5,6,6.5],"texture":"#0"}}},{"from":[5.85,1.1,5],"to":[6.35,1.8,6],"rotation":{"angle":22.5,"axis":"z","origin":[5.85,2.1,5]},"faces":{"north":{"uv":[2,1,6.5,6],"texture":"#0"},"east":{"uv":[0.5,1.5,6,7],"texture":"#0"},"south":{"uv":[1,1.5,6.5,6.5],"texture":"#0"},"west":{"uv":[1,0.5,6,5.5],"texture":"#0"},"up":{"uv":[1.5,1.5,6,6],"texture":"#0"},"down":{"uv":[1.5,1.5,6,6.5],"texture":"#0"}}},{"from":[5.95,1.8,10.25],"to":[6.45,3.3,10.75],"faces":{"north":{"uv":[2,1,6.5,6],"texture":"#0"},"east":{"uv":[0.5,1.5,6,7],"texture":"#0"},"south":{"uv":[1,1.5,6.5,6.5],"texture":"#0"},"west":{"uv":[1,0.5,6,5.5],"texture":"#0"},"up":{"uv":[1.5,1.5,6,6],"texture":"#0"},"down":{"uv":[1.5,1.5,6,6.5],"texture":"#0"}}},{"from":[5.95,1.8,11.0625],"to":[6.45,3.3,11.5625],"rotation":{"angle":22.5,"axis":"x","origin":[5.85,3.3,11.0625]},"faces":{"north":{"uv":[2,1,6.5,6],"texture":"#0"},"east":{"uv":[0.5,1.5,6,7],"texture":"#0"},"south":{"uv":[1,1.5,6.5,6.5],"texture":"#0"},"west":{"uv":[1,0.5,6,5.5],"texture":"#0"},"up":{"uv":[1.5,1.5,6,6],"texture":"#0"},"down":{"uv":[1.5,1.5,6,6.5],"texture":"#0"}}},{"from":[5.95,1.55,9.4375],"to":[6.45,3.05,9.9375],"rotation":{"angle":-22.5,"axis":"x","origin":[5.85,3.05,9.4375]},"faces":{"north":{"uv":[2,1,6.5,6],"texture":"#0"},"east":{"uv":[0.5,1.5,6,7],"texture":"#0"},"south":{"uv":[1,1.5,6.5,6.5],"texture":"#0"},"west":{"uv":[1,0.5,6,5.5],"texture":"#0"},"up":{"uv":[1.5,1.5,6,6],"texture":"#0"},"down":{"uv":[1.5,1.5,6,6.5],"texture":"#0"}}},{"from":[5.95,1.8,5.25],"to":[6.45,3.3,5.75],"faces":{"north":{"uv":[2,1,6.5,6],"texture":"#0"},"east":{"uv":[0.5,1.5,6,7],"texture":"#0"},"south":{"uv":[1,1.5,6.5,6.5],"texture":"#0"},"west":{"uv":[1,0.5,6,5.5],"texture":"#0"},"up":{"uv":[1.5,1.5,6,6],"texture":"#0"},"down":{"uv":[1.5,1.5,6,6.5],"texture":"#0"}}},{"from":[5.95,1.8,6.0625],"to":[6.45,3.3,6.5625],"rotation":{"angle":22.5,"axis":"x","origin":[5.85,3.3,6.0625]},"faces":{"north":{"uv":[2,1,6.5,6],"texture":"#0"},"east":{"uv":[0.5,1.5,6,7],"texture":"#0"},"south":{"uv":[1,1.5,6.5,6.5],"texture":"#0"},"west":{"uv":[1,0.5,6,5.5],"texture":"#0"},"up":{"uv":[1.5,1.5,6,6],"texture":"#0"},"down":{"uv":[1.5,1.5,6,6.5],"texture":"#0"}}},{"from":[5.95,1.55,4.4375],"to":[6.45,3.05,4.9375],"rotation":{"angle":-22.5,"axis":"x","origin":[5.85,3.05,4.4375]},"faces":{"north":{"uv":[2,1,6.5,6],"texture":"#0"},"east":{"uv":[0.5,1.5,6,7],"texture":"#0"},"south":{"uv":[1,1.5,6.5,6.5],"texture":"#0"},"west":{"uv":[1,0.5,6,5.5],"texture":"#0"},"up":{"uv":[1.5,1.5,6,6],"texture":"#0"},"down":{"uv":[1.5,1.5,6,6.5],"texture":"#0"}}},{"from":[12.25,-3,5.25],"to":[12.75,3.5,6.25],"rotation":{"angle":45,"axis":"z","origin":[12.25,3.5,5.25]},"faces":{"north":{"uv":[2,1,6.5,6],"texture":"#0"},"east":{"uv":[0.5,1.5,6,7],"texture":"#0"},"south":{"uv":[1,1.5,6.5,6.5],"texture":"#0"},"west":{"uv":[1,0.5,6,5.5],"texture":"#0"},"up":{"uv":[1.5,1.5,6,6],"texture":"#0"},"down":{"uv":[1.5,1.5,6,6.5],"texture":"#0"}}},{"from":[12.25,-3,9.75],"to":[12.75,3.5,10.75],"rotation":{"angle":45,"axis":"z","origin":[12.25,3.5,9.75]},"faces":{"north":{"uv":[2,1,6.5,6],"texture":"#0"},"east":{"uv":[0.5,1.5,6,7],"texture":"#0"},"south":{"uv":[1,1.5,6.5,6.5],"texture":"#0"},"west":{"uv":[1,0.5,6,5.5],"texture":"#0"},"up":{"uv":[1.5,1.5,6,6],"texture":"#0"},"down":{"uv":[1.5,1.5,6,6.5],"texture":"#0"}}},{"from":[12.25,-1,6.375],"to":[12.75,5,7.375],"rotation":{"angle":22.5,"axis":"z","origin":[12.25,5,6.375]},"faces":{"north":{"uv":[2,1,6.5,6],"texture":"#0"},"east":{"uv":[0.5,1.5,6,7],"texture":"#0"},"south":{"uv":[1,1.5,6.5,6.5],"texture":"#0"},"west":{"uv":[1,0.5,6,5.5],"texture":"#0"},"up":{"uv":[1.5,1.5,6,6],"texture":"#0"},"down":{"uv":[1.5,1.5,6,6.5],"texture":"#0"}}},{"from":[12.25,-1,7.5],"to":[12.75,5,8.5],"rotation":{"angle":22.5,"axis":"z","origin":[12.25,5,7.5]},"faces":{"north":{"uv":[2,1,6.5,6],"texture":"#0"},"east":{"uv":[0.5,1.5,6,7],"texture":"#0"},"south":{"uv":[1,1.5,6.5,6.5],"texture":"#0"},"west":{"uv":[1,0.5,6,5.5],"texture":"#0"},"up":{"uv":[1.5,1.5,6,6],"texture":"#0"},"down":{"uv":[1.5,1.5,6,6.5],"texture":"#0"}}},{"from":[12.25,-1,8.65],"to":[12.75,5,9.65],"rotation":{"angle":22.5,"axis":"z","origin":[12.25,5,8.65]},"faces":{"north":{"uv":[2,1,6.5,6],"texture":"#0"},"east":{"uv":[0.5,1.5,6,7],"texture":"#0"},"south":{"uv":[1,1.5,6.5,6.5],"texture":"#0"},"west":{"uv":[1,0.5,6,5.5],"texture":"#0"},"up":{"uv":[1.5,1.5,6,6],"texture":"#0"},"down":{"uv":[1.5,1.5,6,6.5],"texture":"#0"}}},{"from":[16.75,-4.0375,9.95],"to":[17.25,-0.9375,10.95],"rotation":{"angle":22.5,"axis":"z","origin":[16.75,-0.9375,9.95]},"faces":{"north":{"uv":[2,1,6.5,6],"texture":"#0"},"east":{"uv":[0.5,1.5,6,7],"texture":"#0"},"south":{"uv":[1,1.5,6.5,6.5],"texture":"#0"},"west":{"uv":[1,0.5,6,5.5],"texture":"#0"},"up":{"uv":[1.5,1.5,6,6],"texture":"#0"},"down":{"uv":[1.5,1.5,6,6.5],"texture":"#0"}}},{"from":[16.75,-4.0375,5.05],"to":[17.25,-0.9375,6.05],"rotation":{"angle":22.5,"axis":"z","origin":[16.75,-0.9375,5.05]},"faces":{"north":{"uv":[2,1,6.5,6],"texture":"#0"},"east":{"uv":[0.5,1.5,6,7],"texture":"#0"},"south":{"uv":[1,1.5,6.5,6.5],"texture":"#0"},"west":{"uv":[1,0.5,6,5.5],"texture":"#0"},"up":{"uv":[1.5,1.5,6,6],"texture":"#0"},"down":{"uv":[1.5,1.5,6,6.5],"texture":"#0"}}},{"from":[14.4875,-3.3125,8.85],"to":[14.9875,-0.3125,9.85],"faces":{"north":{"uv":[2,1,6.5,6],"texture":"#0"},"east":{"uv":[0.5,1.5,6,7],"texture":"#0"},"south":{"uv":[1,1.5,6.5,6.5],"texture":"#0"},"west":{"uv":[1,0.5,6,5.5],"texture":"#0"},"up":{"uv":[1.5,1.5,6,6],"texture":"#0"},"down":{"uv":[1.5,1.5,6,6.5],"texture":"#0"}}},{"from":[14.4875,-2.7625,7.5],"to":[14.9875,-0.3125,8.5],"faces":{"north":{"uv":[2,1,6.5,6],"texture":"#0"},"east":{"uv":[0.5,1.5,6,7],"texture":"#0"},"south":{"uv":[1,1.5,6.5,6.5],"texture":"#0"},"west":{"uv":[1,0.5,6,5.5],"texture":"#0"},"up":{"uv":[1.5,1.5,6,6],"texture":"#0"},"down":{"uv":[1.5,1.5,6,6.5],"texture":"#0"}}},{"from":[14.4875,-3.3125,6.175],"to":[14.9875,-0.3125,7.175],"faces":{"north":{"uv":[2,1,6.5,6],"texture":"#0"},"east":{"uv":[0.5,1.5,6,7],"texture":"#0"},"south":{"uv":[1,1.5,6.5,6.5],"texture":"#0"},"west":{"uv":[1,0.5,6,5.5],"texture":"#0"},"up":{"uv":[1.5,1.5,6,6],"texture":"#0"},"down":{"uv":[1.5,1.5,6,6.5],"texture":"#0"}}},{"from":[6,5.9375,-6],"to":[14,6,5.5],"faces":{"up":{"uv":[1,2.375,6.625,9.5],"rotation":270,"texture":"#1"},"down":{"uv":[0.875,9.5,6.625,2.375],"rotation":90,"texture":"#1"}}},{"from":[6,5.9375,10.5],"to":[14,6,22],"faces":{"up":{"uv":[6.625,2.375,1,9.5],"rotation":270,"texture":"#1"},"down":{"uv":[6.625,9.5,0.875,2.375],"rotation":90,"texture":"#1"}}},{"from":[6,2.125,-15.1875],"to":[14,2.1875,-5.1875],"rotation":{"angle":-22.5,"axis":"x","origin":[6,2.1875,-15.1875]},"faces":{"up":{"uv":[6.625,2.375,12.5,9.5],"rotation":270,"texture":"#1"},"down":{"uv":[6.625,9.5,12.5,2.375],"rotation":90,"texture":"#1"}}},{"from":[6,5.9375,-6],"to":[14,6,5.5],"faces":{"up":{"uv":[1,2.375,6.625,9.5],"rotation":270,"texture":"#2"},"down":{"uv":[0.875,9.5,6.625,2.375],"rotation":90,"texture":"#2"}}},{"from":[6,9.75,-15.1875],"to":[14,9.8125,-5.1875],"rotation":{"angle":22.5,"axis":"x","origin":[6,9.8125,-15.1875]},"faces":{"up":{"uv":[6.625,2.375,12.5,9.5],"rotation":270,"texture":"#2"},"down":{"uv":[6.625,9.5,12.5,2.375],"rotation":90,"texture":"#2"}}},{"from":[6,5.9375,22],"to":[14,6,32],"rotation":{"angle":22.5,"axis":"x","origin":[6,6,22]},"faces":{"up":{"uv":[12.5,2.375,6.625,9.5],"rotation":270,"texture":"#1"},"down":{"uv":[12.5,9.5,6.625,2.375],"rotation":90,"texture":"#1"}}},{"from":[6,5.9375,22],"to":[14,6,32],"rotation":{"angle":-22.5,"axis":"x","origin":[6,6,22]},"faces":{"up":{"uv":[12.5,2.375,6.625,9.5],"rotation":270,"texture":"#2"},"down":{"uv":[12.5,9.5,6.625,2.375],"rotation":90,"texture":"#2"}}},{"from":[6,5.9375,10.5],"to":[14,6,22],"faces":{"up":{"uv":[6.625,2.375,1,9.5],"rotation":270,"texture":"#2"},"down":{"uv":[6.625,9.5,0.875,2.375],"rotation":90,"texture":"#2"}}},{"from":[6,5.9375,10.5],"to":[14,6,22],"rotation":{"angle":-22.5,"axis":"x","origin":[6,6,10.5]},"faces":{"up":{"uv":[6.625,2.375,1,9.5],"rotation":270,"texture":"#3"},"down":{"uv":[6.625,9.5,0.875,2.375],"rotation":90,"texture":"#3"}}},{"from":[6,5.9375,10.5],"to":[14,6,22],"rotation":{"angle":22.5,"axis":"x","origin":[6,6,10.5]},"faces":{"up":{"uv":[6.625,2.375,1,9.5],"rotation":270,"texture":"#4"},"down":{"uv":[6.625,9.5,0.875,2.375],"rotation":90,"texture":"#4"}}},{"from":[6,10.3125,-5.125],"to":[14,10.375,6.375],"rotation":{"angle":22.5,"axis":"x","origin":[6,10.375,-5.125]},"faces":{"up":{"uv":[1,2.375,6.625,9.5],"rotation":270,"texture":"#3"},"down":{"uv":[0.875,9.5,6.625,2.375],"rotation":90,"texture":"#3"}}},{"from":[6,1.4375,-5],"to":[14,1.5,6.5],"rotation":{"angle":-22.5,"axis":"x","origin":[6,1.5,-5]},"faces":{"up":{"uv":[1,2.375,6.625,9.5],"rotation":270,"texture":"#4"},"down":{"uv":[0.875,9.5,6.625,2.375],"rotation":90,"texture":"#4"}}},{"from":[6,17.375,-12.1875],"to":[14,17.4375,-2.1875],"rotation":{"angle":45,"axis":"x","origin":[6,17.4375,-12.1875]},"faces":{"up":{"uv":[6.625,2.375,12.5,9.5],"rotation":270,"texture":"#3"},"down":{"uv":[6.625,9.5,12.5,2.375],"rotation":90,"texture":"#3"}}},{"from":[6,-5.625,-12.0625],"to":[14,-5.5625,-2.0625],"rotation":{"angle":-45,"axis":"x","origin":[6,-5.5625,-12.0625]},"faces":{"up":{"uv":[6.625,2.375,12.5,9.5],"rotation":270,"texture":"#4"},"down":{"uv":[6.625,9.5,12.5,2.375],"rotation":90,"texture":"#4"}}},{"from":[6,10.3125,21.125],"to":[14,10.375,31.125],"rotation":{"angle":-45,"axis":"x","origin":[6,10.375,21.125]},"faces":{"up":{"uv":[12.5,2.375,6.625,9.5],"rotation":270,"texture":"#3"},"down":{"uv":[12.5,9.5,6.625,2.375],"rotation":90,"texture":"#3"}}},{"from":[6,1.5625,21.0625],"to":[14,1.625,31.0625],"rotation":{"angle":45,"axis":"x","origin":[6,1.625,21.0625]},"faces":{"up":{"uv":[12.5,2.375,6.625,9.5],"rotation":270,"texture":"#4"},"down":{"uv":[12.5,9.5,6.625,2.375],"rotation":90,"texture":"#4"}}},{"from":[6.875,11.51,5.8125],"to":[7.875,12.4,7.1125],"rotation":{"angle":-45,"axis":"y","origin":[6.875,12,5.8125]},"faces":{"north":{"uv":[2,9.5,6.5,14.5],"texture":"#0"},"east":{"uv":[1,9.5,6.5,15],"texture":"#0"},"south":{"uv":[1.5,9.5,7,14.5],"texture":"#0"},"west":{"uv":[1,9,6,14],"texture":"#0"},"up":{"uv":[2,10,6.5,14.5],"texture":"#0"},"down":{"uv":[1.5,10,6,15],"texture":"#0"}}},{"from":[5.875,11.51,9.3875],"to":[6.875,12.4,10.6875],"rotation":{"angle":45,"axis":"y","origin":[5.875,12,9.1875]},"faces":{"north":{"uv":[2,9.5,6.5,14.5],"texture":"#0"},"east":{"uv":[1,9.5,6.5,15],"texture":"#0"},"south":{"uv":[1.5,9.5,7,14.5],"texture":"#0"},"west":{"uv":[1,9,6,14],"texture":"#0"},"up":{"uv":[2,10,6.5,14.5],"texture":"#0"},"down":{"uv":[1.5,10,6,15],"texture":"#0"}}},{"from":[6,11.85,7],"to":[7.5,12.35,8.5],"rotation":{"angle":-45,"axis":"y","origin":[6,12.25,7]},"faces":{"north":{"uv":[2,9.5,6.5,14.5],"texture":"#0"},"east":{"uv":[1,9.5,6.5,15],"texture":"#0"},"south":{"uv":[1.5,9.5,7,14.5],"texture":"#0"},"west":{"uv":[1,9,6,14],"texture":"#0"},"up":{"uv":[2,10,6.5,14.5],"texture":"#0"},"down":{"uv":[1.5,10,6,15],"texture":"#0"}}},{"from":[6,11.45,7.25],"to":[7,11.85,8.25],"rotation":{"angle":-45,"axis":"y","origin":[6,11.75,7.25]},"faces":{"north":{"uv":[2,9.5,6.5,14.5],"texture":"#0"},"east":{"uv":[1,9.5,6.5,15],"texture":"#0"},"south":{"uv":[1.5,9.5,7,14.5],"texture":"#0"},"west":{"uv":[1,9,6,14],"texture":"#0"},"up":{"uv":[2,10,6.5,14.5],"texture":"#0"},"down":{"uv":[1.5,10,6,15],"texture":"#0"}}},{"from":[5.995,12.45,7],"to":[6.0575,13.2,7.4],"faces":{"west":{"uv":[0.5,0.5,11,11],"texture":"#5"}}},{"from":[5.995,12.45,8.6],"to":[6.0575,13.2,9],"faces":{"west":{"uv":[0.5,0.5,11,11],"texture":"#5"}}},{"from":[5.85,0.5,5.1],"to":[6.35,1.1,5.9],"rotation":{"angle":22.5,"axis":"z","origin":[5.85,2.1,5]},"faces":{"north":{"uv":[2,1,6.5,6],"texture":"#0"},"east":{"uv":[0.5,1.5,6,7],"texture":"#0"},"south":{"uv":[1,1.5,6.5,6.5],"texture":"#0"},"west":{"uv":[1,0.5,6,5.5],"texture":"#0"},"up":{"uv":[1.5,1.5,6,6],"texture":"#0"},"down":{"uv":[1.5,1.5,6,6.5],"texture":"#0"}}},{"from":[5.85,0.5,10.1],"to":[6.35,1.1,10.9],"rotation":{"angle":22.5,"axis":"z","origin":[5.85,2.1,10]},"faces":{"north":{"uv":[2,1,6.5,6],"texture":"#0"},"east":{"uv":[0.5,1.5,6,7],"texture":"#0"},"south":{"uv":[1,1.5,6.5,6.5],"texture":"#0"},"west":{"uv":[1,0.5,6,5.5],"texture":"#0"},"up":{"uv":[1.5,1.5,6,6],"texture":"#0"},"down":{"uv":[1.5,1.5,6,6.5],"texture":"#0"}}}],"display":{"thirdperson_righthand":{"scale":[0,0,0]},"thirdperson_lefthand":{"scale":[0,0,0]},"firstperson_righthand":{"scale":[0,0,0]},"firstperson_lefthand":{"scale":[0,0,0]},"gui":{"rotation":[30,50,0],"translation":[-0.5,-0.5,0],"scale":[0.5,0.5,0.5]},"head":{"rotation":[0,-90,0],"translation":[0,7.5,-4.5],"scale":[3,3,3]}}}