{"credit":"Made by MadstonMagic using Cubik Pro, Copyright © MadstonMagic Modeling 2015-2017. All rights reserved","textures":{"texture":"pokemon_skins/regular/zangoose/zangoose","belly_detail":"pokemon_skins/regular/zangoose/belly_detail","head_detail":"pokemon_skins/regular/zangoose/head_detail","fur_1":"pokemon_skins/regular/zangoose/fur_1","fur_2":"pokemon_skins/regular/zangoose/fur_2","fur_3":"pokemon_skins/regular/zangoose/fur_3","fur_4":"pokemon_skins/regular/zangoose/fur_4","fur_white_1":"pokemon_skins/regular/zangoose/fur_white_1","foot":"pokemon_skins/regular/zangoose/foot","particle":"pokemon_skins/regular/zangoose/eye"},"elements":[{"name":"cube","from":[5.5,2.5,5.5],"to":[9.5,11,10.5],"faces":{"north":{"uv":[14,2,10,6],"texture":"#texture"},"east":{"uv":[13.5,1.5,9,6],"texture":"#texture"},"south":{"uv":[15,1.5,10,6],"texture":"#texture"},"west":{"uv":[14,1.5,9,6.5],"texture":"#texture"},"up":{"uv":[10.5,6,15,2],"texture":"#texture"},"down":{"uv":[11,6,14.5,2.5],"texture":"#texture"}}},{"name":"cube","from":[4.5,2.5,5.5],"to":[5.5,7.5,10.5],"faces":{"north":{"uv":[14,2,10,6],"texture":"#texture"},"east":{"uv":[13.5,1.5,9,6],"texture":"#texture"},"south":{"uv":[15,1.5,10,6],"texture":"#texture"},"west":{"uv":[14,1.5,9,6.5],"texture":"#texture"},"up":{"uv":[10.5,6,15,2],"texture":"#texture"},"down":{"uv":[11,6,14.5,2.5],"texture":"#texture"}}},{"name":"cube","from":[5.6475,7.26,5.5],"to":[7.1475,10.26,10.5],"rotation":{"angle":-22.5,"axis":"z","origin":[5.6475,10.26,10.5]},"faces":{"north":{"uv":[14,2,10,6],"texture":"#texture"},"east":{"uv":[13.5,1.5,9,6],"texture":"#texture"},"south":{"uv":[15,1.5,10,6],"texture":"#texture"},"west":{"uv":[14,1.5,9,6.5],"texture":"#texture"},"up":{"uv":[10.5,6,15,2],"texture":"#texture"},"down":{"uv":[11,6,14.5,2.5],"texture":"#texture"}}},{"name":"cube","from":[4.5,0.375,5.5],"to":[6,2.5,10.5],"rotation":{"angle":45,"axis":"z","origin":[4.5,2.5,10.5]},"faces":{"north":{"uv":[14,2,10,6],"texture":"#texture"},"east":{"uv":[13.5,1.5,9,6],"texture":"#texture"},"south":{"uv":[15,1.5,10,6],"texture":"#texture"},"west":{"uv":[14,1.5,9,6.5],"texture":"#texture"},"up":{"uv":[10.5,6,15,2],"texture":"#texture"},"down":{"uv":[11,6,14.5,2.5],"texture":"#texture"}}},{"name":"cube","from":[6,1,5],"to":[8.5,3,11],"faces":{"north":{"uv":[14,2,10,6],"texture":"#texture"},"east":{"uv":[13.5,1.5,9,6],"texture":"#texture"},"south":{"uv":[15,1.5,10,6],"texture":"#texture"},"west":{"uv":[14,1.5,9,6.5],"texture":"#texture"},"up":{"uv":[10.5,6,15,2],"texture":"#texture"},"down":{"uv":[11,6,14.5,2.5],"texture":"#texture"}}},{"name":"cube","from":[6,2,4],"to":[8.5,5.5,12],"faces":{"north":{"uv":[14,2,10,6],"texture":"#texture"},"east":{"uv":[13.5,1.5,9,6],"texture":"#texture"},"south":{"uv":[15,1.5,10,6],"texture":"#texture"},"west":{"uv":[14,1.5,9,6.5],"texture":"#texture"},"up":{"uv":[10.5,6,15,2],"texture":"#texture"},"down":{"uv":[11,6,14.5,2.5],"texture":"#texture"}}},{"name":"cube","from":[6,1.5,4.5],"to":[8.5,6,11.5],"faces":{"north":{"uv":[14,2,10,6],"texture":"#texture"},"east":{"uv":[13.5,1.5,9,6],"texture":"#texture"},"south":{"uv":[15,1.5,10,6],"texture":"#texture"},"west":{"uv":[14,1.5,9,6.5],"texture":"#texture"},"up":{"uv":[10.5,6,15,2],"texture":"#texture"},"down":{"uv":[11,6,14.5,2.5],"texture":"#texture"}}},{"name":"cube","from":[5,2.5,4.5],"to":[9.5,5,11.5],"faces":{"north":{"uv":[14,2,10,6],"texture":"#texture"},"east":{"uv":[13.5,1.5,9,6],"texture":"#texture"},"south":{"uv":[15,1.5,10,6],"texture":"#texture"},"west":{"uv":[14,1.5,9,6.5],"texture":"#texture"},"up":{"uv":[10.5,6,15,2],"texture":"#texture"},"down":{"uv":[11,6,14.5,2.5],"texture":"#texture"}}},{"name":"cube","from":[6,5,11.29],"to":[8.5,5.5,12],"rotation":{"angle":45,"axis":"x","origin":[6,5.5,12]},"faces":{"north":{"uv":[14,2,10,6],"texture":"#texture"},"east":{"uv":[13.5,1.5,9,6],"texture":"#texture"},"south":{"uv":[15,1.5,10,6],"texture":"#texture"},"west":{"uv":[14,1.5,9,6.5],"texture":"#texture"},"up":{"uv":[10.5,6,15,2],"texture":"#texture"},"down":{"uv":[11,6,14.5,2.5],"texture":"#texture"}}},{"name":"cube","from":[6,5.5,3.789999999999999],"to":[8.5,6,4.5],"rotation":{"angle":-45,"axis":"x","origin":[6,6,4.5]},"faces":{"north":{"uv":[14,2,10,6],"texture":"#texture"},"east":{"uv":[13.5,1.5,9,6],"texture":"#texture"},"south":{"uv":[15,1.5,10,6],"texture":"#texture"},"west":{"uv":[14,1.5,9,6.5],"texture":"#texture"},"up":{"uv":[10.5,6,15,2],"texture":"#texture"},"down":{"uv":[11,6,14.5,2.5],"texture":"#texture"}}},{"name":"cube","from":[5,0.05,4.5],"to":[6.41,5,11.5],"rotation":{"angle":45,"axis":"z","origin":[5,5,11.5]},"faces":{"north":{"uv":[14,2,10,6],"texture":"#texture"},"east":{"uv":[13.5,1.5,9,6],"texture":"#texture"},"south":{"uv":[15,1.5,10,6],"texture":"#texture"},"west":{"uv":[14,1.5,9,6.5],"texture":"#texture"},"up":{"uv":[10.5,6,15,2],"texture":"#texture"},"down":{"uv":[11,6,14.5,2.5],"texture":"#texture"}}},{"name":"cube","from":[8.5,1.05,4.5],"to":[9.91,6,11.5],"rotation":{"angle":-45,"axis":"z","origin":[8.5,6,11.5]},"faces":{"north":{"uv":[14,2,10,6],"texture":"#texture"},"east":{"uv":[13.5,1.5,9,6],"texture":"#texture"},"south":{"uv":[15,1.5,10,6],"texture":"#texture"},"west":{"uv":[14,1.5,9,6.5],"texture":"#texture"},"up":{"uv":[10.5,6,15,2],"texture":"#texture"},"down":{"uv":[11,6,14.5,2.5],"texture":"#texture"}}},{"name":"cube","from":[5,2.5,11],"to":[5.71,5,11.5],"rotation":{"angle":-45,"axis":"y","origin":[5,2.5,11.5]},"faces":{"north":{"uv":[14,2,10,6],"texture":"#texture"},"east":{"uv":[13.5,1.5,9,6],"texture":"#texture"},"south":{"uv":[15,1.5,10,6],"texture":"#texture"},"west":{"uv":[14,1.5,9,6.5],"texture":"#texture"},"up":{"uv":[10.5,6,15,2],"texture":"#texture"},"down":{"uv":[11,6,14.5,2.5],"texture":"#texture"}}},{"name":"cube","from":[9,2.5,11.5],"to":[9.71,5,12],"rotation":{"angle":45,"axis":"y","origin":[9,2.5,12]},"faces":{"north":{"uv":[14,2,10,6],"texture":"#texture"},"east":{"uv":[13.5,1.5,9,6],"texture":"#texture"},"south":{"uv":[15,1.5,10,6],"texture":"#texture"},"west":{"uv":[14,1.5,9,6.5],"texture":"#texture"},"up":{"uv":[10.5,6,15,2],"texture":"#texture"},"down":{"uv":[11,6,14.5,2.5],"texture":"#texture"}}},{"name":"cube","from":[5.355,2.5,4.355],"to":[6.065,5,4.855],"rotation":{"angle":45,"axis":"y","origin":[5.355,2.5,4.855]},"faces":{"north":{"uv":[14,2,10,6],"texture":"#texture"},"east":{"uv":[13.5,1.5,9,6],"texture":"#texture"},"south":{"uv":[15,1.5,10,6],"texture":"#texture"},"west":{"uv":[14,1.5,9,6.5],"texture":"#texture"},"up":{"uv":[10.5,6,15,2],"texture":"#texture"},"down":{"uv":[11,6,14.5,2.5],"texture":"#texture"}}},{"name":"cube","from":[8.645,2.5,3.855],"to":[9.355,5,4.355],"rotation":{"angle":-45,"axis":"y","origin":[8.645,2.5,4.355]},"faces":{"north":{"uv":[14,2,10,6],"texture":"#texture"},"east":{"uv":[13.5,1.5,9,6],"texture":"#texture"},"south":{"uv":[15,1.5,10,6],"texture":"#texture"},"west":{"uv":[14,1.5,9,6.5],"texture":"#texture"},"up":{"uv":[10.5,6,15,2],"texture":"#texture"},"down":{"uv":[11,6,14.5,2.5],"texture":"#texture"}}},{"name":"cube","from":[5.5,2.5,4],"to":[9,5,12],"faces":{"north":{"uv":[14,2,10,6],"texture":"#texture"},"east":{"uv":[13.5,1.5,9,6],"texture":"#texture"},"south":{"uv":[15,1.5,10,6],"texture":"#texture"},"west":{"uv":[14,1.5,9,6.5],"texture":"#texture"},"up":{"uv":[10.5,6,15,2],"texture":"#texture"},"down":{"uv":[11,6,14.5,2.5],"texture":"#texture"}}},{"name":"cube","from":[6,0.1875,9.48],"to":[8.5,4.1875,11.98],"rotation":{"angle":-22.5,"axis":"x","origin":[6,4.1875,11.98]},"faces":{"north":{"uv":[14,2,10,6],"texture":"#texture"},"east":{"uv":[13.5,1.5,9,6],"texture":"#texture"},"south":{"uv":[15,1.5,10,6],"texture":"#texture"},"west":{"uv":[14,1.5,9,6.5],"texture":"#texture"},"up":{"uv":[10.5,6,15,2],"texture":"#texture"},"down":{"uv":[11,6,14.5,2.5],"texture":"#texture"}}},{"name":"cube","from":[6,-4,11],"to":[8.5,0.5,13.5],"faces":{"north":{"uv":[14,2,10,6],"texture":"#texture"},"east":{"uv":[13.5,1.5,9,6],"texture":"#texture"},"south":{"uv":[15,1.5,10,6],"texture":"#texture"},"west":{"uv":[14,1.5,9,6.5],"texture":"#texture"},"up":{"uv":[10.5,6,15,2],"texture":"#texture"},"down":{"uv":[11,6,14.5,2.5],"texture":"#texture"}}},{"name":"cube","from":[3.75,-4.0125,11],"to":[7.25,-3.95,13.5],"faces":{"up":{"uv":[1.5,12.5,14,0.5],"texture":"#foot","rotation":90},"down":{"uv":[1.5,12.5,14,0.5],"texture":"#foot","rotation":90}}},{"name":"cube","from":[3.75,-4.0125,2.5],"to":[7.25,-3.95,5],"faces":{"up":{"uv":[1.5,12.5,14,0.5],"texture":"#foot","rotation":90},"down":{"uv":[1.5,12.5,14,0.5],"texture":"#foot","rotation":90}}},{"name":"cube","from":[4.495,3,6.494999999999999],"to":[5.995,7.5,9.495],"faces":{"west":{"uv":[10.5,4.5,3,15.5],"texture":"#belly_detail"}}},{"name":"cube","from":[5.25,7.3125,6.494999999999999],"to":[6.75,9.3125,9.495],"rotation":{"angle":-22.5,"axis":"z","origin":[5.25,9.3125,9.495]},"faces":{"west":{"uv":[10.5,0.5,3,4.5],"texture":"#belly_detail"}}},{"name":"cube","from":[6.875,6.94,10.1675],"to":[9.375,9.44,13.98],"rotation":{"angle":22.5,"axis":"x","origin":[6.875,9.44,13.98]},"faces":{"north":{"uv":[14,2,10,6],"texture":"#texture"},"east":{"uv":[13.5,1.5,9,6],"texture":"#texture"},"south":{"uv":[15,1.5,10,6],"texture":"#texture"},"west":{"uv":[14,1.5,9,6.5],"texture":"#texture"},"up":{"uv":[10.5,6,15,2],"texture":"#texture"},"down":{"uv":[11,6,14.5,2.5],"texture":"#texture"}}},{"name":"cube","from":[6.875,6.25,13.6875],"to":[9.375,8.75,14.6875],"rotation":{"angle":45,"axis":"x","origin":[6.875,8.75,14.6875]},"faces":{"north":{"uv":[14,2,10,6],"texture":"#texture"},"east":{"uv":[13.5,1.5,9,6],"texture":"#texture"},"south":{"uv":[15,1.5,10,6],"texture":"#texture"},"west":{"uv":[14,1.5,9,6.5],"texture":"#texture"},"up":{"uv":[10.5,6,15,2],"texture":"#texture"},"down":{"uv":[11,6,14.5,2.5],"texture":"#texture"}}},{"name":"cube","from":[6.875,3.4175,13.52],"to":[9.375,5.9175,17.52],"rotation":{"angle":45,"axis":"x","origin":[6.875,5.9175,17.52]},"faces":{"north":{"uv":[4.25,2.5,0.25,6.5],"texture":"#texture"},"east":{"uv":[6.5,2.75,2,7.25],"texture":"#texture"},"south":{"uv":[7,1.75,2,6.25],"texture":"#texture"},"west":{"uv":[5,2,1.25,6.25],"texture":"#texture"},"up":{"uv":[2.25,5.5,6.75,1.5],"texture":"#texture"},"down":{"uv":[2.75,5.5,6.25,2],"texture":"#texture"}}},{"name":"cube","from":[6.875,8.505,13.625],"to":[9.375,8.5675,14.875],"rotation":{"angle":45,"axis":"x","origin":[6.875,8.5675,14.875]},"faces":{"up":{"uv":[0.5,13,12.5,4],"texture":"#fur_4","rotation":180}}},{"name":"cube","from":[6.875,6.8625,12.3125],"to":[9.375,6.925,13.0625],"rotation":{"angle":45,"axis":"x","origin":[6.875,6.925,13.0625]},"faces":{"down":{"uv":[12.5,13,0.5,6],"texture":"#fur_4"}}},{"name":"cube","from":[6.875,7.27,11.885],"to":[9.375,7.3325,12.635],"rotation":{"angle":22.5,"axis":"x","origin":[6.875,7.3325,12.635]},"faces":{"down":{"uv":[12.5,6,0.5,0.5],"texture":"#fur_4"}}},{"name":"cube","from":[6.875,9.3925,13.25],"to":[9.375,9.455,14],"rotation":{"angle":22.5,"axis":"x","origin":[6.875,9.455,14]},"faces":{"up":{"uv":[0.5,4,12.5,0.5],"texture":"#fur_4","rotation":180}}},{"name":"cube","from":[7,3.25,16.25],"to":[7.75,5.75,17.25],"rotation":{"angle":-22.5,"axis":"x","origin":[7,5.75,17.25]},"faces":{"north":{"uv":[5.5,10,2,13.5],"texture":"#texture"},"east":{"uv":[6.5,9.5,2,14],"texture":"#texture"},"south":{"uv":[6.5,9,2,13],"texture":"#texture"},"west":{"uv":[5.5,10,1.5,14],"texture":"#texture"},"up":{"uv":[2.5,13.5,6,10],"texture":"#texture"},"down":{"uv":[3.5,15,7,11.5],"texture":"#texture"}}},{"name":"cube","from":[8.5,3.25,16.25],"to":[9.25,5.75,17.25],"rotation":{"angle":-22.5,"axis":"x","origin":[8.5,5.75,17.25]},"faces":{"north":{"uv":[5.5,10,2,13.5],"texture":"#texture"},"east":{"uv":[6.5,9.5,2,14],"texture":"#texture"},"south":{"uv":[6.5,9,2,13],"texture":"#texture"},"west":{"uv":[5.5,10,1.5,14],"texture":"#texture"},"up":{"uv":[2.5,13.5,6,10],"texture":"#texture"},"down":{"uv":[3.5,15,7,11.5],"texture":"#texture"}}},{"name":"cube","from":[7.75,3.25,14.9375],"to":[8.5,5.25,15.6875],"rotation":{"angle":-22.5,"axis":"x","origin":[7.75,5.25,15.6875]},"faces":{"north":{"uv":[4.25,2.5,0.25,6.5],"texture":"#texture"},"east":{"uv":[6.5,2.75,2,7.25],"texture":"#texture"},"south":{"uv":[7,1.75,2,6.25],"texture":"#texture"},"west":{"uv":[5,2,1.25,6.25],"texture":"#texture"},"up":{"uv":[2.25,5.5,6.75,1.5],"texture":"#texture"},"down":{"uv":[2.75,5.5,6.25,2],"texture":"#texture"}}},{"name":"cube","from":[6.875,4.5,16.625],"to":[9.375,4.5625,18.875],"rotation":{"angle":45,"axis":"x","origin":[6.875,4.5625,18.875]},"faces":{"up":{"uv":[0.5,12,15,1.5],"texture":"#fur_3"},"down":{"uv":[15,12,0.5,1.5],"texture":"#fur_3","rotation":180}}},{"name":"cube","from":[6.875,3.0625,16.125],"to":[9.375,4.8125,16.1875],"rotation":{"angle":-22.5,"axis":"x","origin":[6.875,4.8125,16.1875]},"faces":{"north":{"uv":[15,12,0.5,1.5],"texture":"#fur_3"},"south":{"uv":[0.5,12,15,1.5],"texture":"#fur_3"}}},{"name":"cube","from":[6.875,2.0625,16.8125],"to":[6.9375,4.3125,19.0625],"rotation":{"angle":45,"axis":"x","origin":[6.875,4.3125,19.0625]},"faces":{"east":{"uv":[0.5,0.5,12.5,13],"texture":"#fur_4","rotation":270},"west":{"uv":[12.5,0.5,0.5,13],"texture":"#fur_4","rotation":90}}},{"name":"cube","from":[9.3125,2.125,16.8125],"to":[9.375,4.375,19.0625],"rotation":{"angle":45,"axis":"x","origin":[9.3125,4.375,19.0625]},"faces":{"east":{"uv":[0.5,0.5,12.5,13],"texture":"#fur_4","rotation":270},"west":{"uv":[12.5,0.5,0.5,13],"texture":"#fur_4","rotation":90}}},{"name":"cube","from":[7.125,2.25,17.5],"to":[7.625,3.75,18],"faces":{"north":{"uv":[5.5,10,2,13.5],"texture":"#texture"},"east":{"uv":[6.5,9.5,2,14],"texture":"#texture"},"south":{"uv":[6.5,9,2,13],"texture":"#texture"},"west":{"uv":[5.5,10,1.5,14],"texture":"#texture"},"up":{"uv":[2.5,13.5,6,10],"texture":"#texture"},"down":{"uv":[3.5,15,7,11.5],"texture":"#texture"}}},{"name":"cube","from":[8.625,2.25,17.5],"to":[9.125,3.75,18],"faces":{"north":{"uv":[5.5,10,2,13.5],"texture":"#texture"},"east":{"uv":[6.5,9.5,2,14],"texture":"#texture"},"south":{"uv":[6.5,9,2,13],"texture":"#texture"},"west":{"uv":[5.5,10,1.5,14],"texture":"#texture"},"up":{"uv":[2.5,13.5,6,10],"texture":"#texture"},"down":{"uv":[3.5,15,7,11.5],"texture":"#texture"}}},{"name":"cube","from":[6.87,6,13.5625],"to":[6.9325,8.5,14.9375],"rotation":{"angle":45,"axis":"x","origin":[6.87,8.5,14.9375]},"faces":{"west":{"uv":[12.5,4.5,0.5,13],"texture":"#fur_4","rotation":270}}},{"name":"cube","from":[6.87,6.9375,12.625],"to":[6.9325,9.4375,14],"rotation":{"angle":22.5,"axis":"x","origin":[6.87,9.4375,14]},"faces":{"west":{"uv":[12.5,0.5,0.5,4.5],"texture":"#fur_4","rotation":270}}},{"name":"cube","from":[9.32,6,13.5625],"to":[9.3825,8.5,14.9375],"rotation":{"angle":45,"axis":"x","origin":[9.32,8.5,14.9375]},"faces":{"east":{"uv":[0.5,4.5,12.5,13],"texture":"#fur_4","rotation":90}}},{"name":"cube","from":[9.32,6.9375,12.625],"to":[9.3825,9.4375,14],"rotation":{"angle":22.5,"axis":"x","origin":[9.32,9.4375,14]},"faces":{"east":{"uv":[0.5,0.5,12.5,4.5],"texture":"#fur_4","rotation":90}}},{"name":"cube","from":[9.5,2.75,5.5],"to":[12,6,10.5],"faces":{"north":{"uv":[14,2,10,6],"texture":"#texture"},"east":{"uv":[13.5,1.5,9,6],"texture":"#texture"},"south":{"uv":[15,1.5,10,6],"texture":"#texture"},"west":{"uv":[14,1.5,9,6.5],"texture":"#texture"},"up":{"uv":[10.5,6,15,2],"texture":"#texture"},"down":{"uv":[11,6,14.5,2.5],"texture":"#texture"}}},{"name":"cube","from":[9.75,1.8125,5.75],"to":[13.75,5.0625,10.25],"rotation":{"angle":45,"axis":"z","origin":[9.75,5.0625,10.25]},"faces":{"north":{"uv":[14,2,10,6],"texture":"#texture"},"east":{"uv":[13.5,1.5,9,6],"texture":"#texture"},"south":{"uv":[15,1.5,10,6],"texture":"#texture"},"west":{"uv":[14,1.5,9,6.5],"texture":"#texture"},"up":{"uv":[10.5,6,15,2],"texture":"#texture"},"down":{"uv":[11,6,14.5,2.5],"texture":"#texture"}}},{"name":"cube","from":[13.6927,6.5,6],"to":[16.9427,11.25,10],"rotation":{"angle":-22.5,"axis":"z","origin":[13.6927,11.25,10]},"faces":{"north":{"uv":[14,2,10,6],"texture":"#texture"},"east":{"uv":[13.5,1.5,9,6],"texture":"#texture"},"south":{"uv":[15,1.5,10,6],"texture":"#texture"},"west":{"uv":[14,1.5,9,6.5],"texture":"#texture"},"up":{"uv":[10.5,6,15,2],"texture":"#texture"},"down":{"uv":[11,6,14.5,2.5],"texture":"#texture"}}},{"name":"cube","from":[14.25,9.4375,9.9375],"to":[15.75,14.1875,11.4375],"rotation":{"angle":22.5,"axis":"x","origin":[14.25,14.1875,11.4375]},"faces":{"north":{"uv":[14,2,10,6],"texture":"#texture"},"east":{"uv":[13.5,1.5,9,6],"texture":"#texture"},"south":{"uv":[15,1.5,10,6],"texture":"#texture"},"west":{"uv":[14,1.5,9,6.5],"texture":"#texture"},"up":{"uv":[10.5,6,15,2],"texture":"#texture"},"down":{"uv":[11,6,14.5,2.5],"texture":"#texture"}}},{"name":"cube","from":[6.875,12.9375,9.5125],"to":[9.375,13,11.0125],"rotation":{"angle":-45,"axis":"x","origin":[6.875,13,12.5125]},"faces":{"up":{"uv":[0.5,13,12.5,0.5],"texture":"#fur_white_1"},"down":{"uv":[12.5,13,0.5,0.5],"texture":"#fur_white_1","rotation":180}}},{"name":"cube","from":[4.75,11.9625,6.625],"to":[6.4,13.0625,9.375],"faces":{"north":{"uv":[14,2,10,6],"texture":"#texture"},"east":{"uv":[13.5,1.5,9,6],"texture":"#texture"},"south":{"uv":[15,1.5,10,6],"texture":"#texture"},"west":{"uv":[14,1.5,9,6.5],"texture":"#texture"},"up":{"uv":[10.5,6,15,2],"texture":"#texture"},"down":{"uv":[11,6,14.5,2.5],"texture":"#texture"}}},{"name":"cube","from":[6.35,11.1,6.625],"to":[7.45,16.05,9.375],"faces":{"north":{"uv":[14,2,10,6],"texture":"#texture"},"east":{"uv":[13.5,1.5,9,6],"texture":"#texture"},"south":{"uv":[15,1.5,10,6],"texture":"#texture"},"west":{"uv":[14,1.5,9,6.5],"texture":"#texture"},"up":{"uv":[10.5,6,15,2],"texture":"#texture"},"down":{"uv":[11,6,14.5,2.5],"texture":"#texture"}}},{"name":"cube","from":[7.45,13.3,6.625],"to":[9.1,14.95,10.475],"faces":{"north":{"uv":[7,1.5,3,5.5],"texture":"#texture"},"east":{"uv":[6.5,1.75,2,6.25],"texture":"#texture"},"south":{"uv":[6.25,1.25,1.25,5.75],"texture":"#texture"},"west":{"uv":[7,1,2,6],"texture":"#texture"},"up":{"uv":[1.75,6,6.25,2],"texture":"#texture"},"down":{"uv":[2.5,5,6,1.5],"texture":"#texture"}}},{"name":"cube","from":[6.35,13.3,8],"to":[10.2,14.95,9.375],"faces":{"north":{"uv":[6.25,1,2.25,5],"texture":"#texture"},"east":{"uv":[6.5,1.75,2,6.25],"texture":"#texture"},"south":{"uv":[6.25,1.75,1.25,6.25],"texture":"#texture"},"west":{"uv":[5.25,2,1.75,6],"texture":"#texture"},"up":{"uv":[2.25,5.5,6.75,1.5],"texture":"#texture"},"down":{"uv":[1.5,6,5.75,1.5],"texture":"#texture"}}},{"name":"cube","from":[5.25,9.505,6.625],"to":[6.801,14.95,9.375],"rotation":{"angle":45,"axis":"z","origin":[5.25,14.95,9.375]},"faces":{"north":{"uv":[14,2,10,6],"texture":"#texture"},"east":{"uv":[13.5,1.5,9,6],"texture":"#texture"},"south":{"uv":[15,1.5,10,6],"texture":"#texture"},"west":{"uv":[14,1.5,9,6.5],"texture":"#texture"},"up":{"uv":[10.5,6,15,2],"texture":"#texture"},"down":{"uv":[11,6,14.5,2.5],"texture":"#texture"}}},{"name":"cube","from":[9.1,14.95,8],"to":[10.651,16.05,9.375],"rotation":{"angle":-45,"axis":"z","origin":[9.1,16.05,9.375]},"faces":{"north":{"uv":[5.75,2.25,1.75,6.25],"texture":"#texture"},"east":{"uv":[7,2.25,2.5,6.75],"texture":"#texture"},"south":{"uv":[6.5,2.25,1.75,6.5],"texture":"#texture"},"west":{"uv":[5,2.5,2.5,6],"texture":"#texture"},"up":{"uv":[2.75,6,7.25,2],"texture":"#texture"},"down":{"uv":[2.5,4.75,6,1.25],"texture":"#texture"}}},{"name":"cube","from":[6.35,9.505,8.924],"to":[7.45,14.95,10.475],"rotation":{"angle":45,"axis":"x","origin":[6.35,14.95,10.475]},"faces":{"north":{"uv":[14,2,10,6],"texture":"#texture"},"east":{"uv":[13.5,1.5,9,6],"texture":"#texture"},"south":{"uv":[15,1.5,10,6],"texture":"#texture"},"west":{"uv":[14,1.5,9,6.5],"texture":"#texture"},"up":{"uv":[10.5,6,15,2],"texture":"#texture"},"down":{"uv":[11,6,14.5,2.5],"texture":"#texture"}}},{"name":"cube","from":[6.35,10.605,5.074],"to":[9.1,16.05,6.625],"rotation":{"angle":-45,"axis":"x","origin":[6.35,16.05,6.625]},"faces":{"north":{"uv":[14,2,10,6],"texture":"#texture"},"east":{"uv":[13.5,1.5,9,6],"texture":"#texture"},"south":{"uv":[15,1.5,10,6],"texture":"#texture"},"west":{"uv":[14,1.5,9,6.5],"texture":"#texture"},"up":{"uv":[10.5,6,15,2],"texture":"#texture"},"down":{"uv":[11,6,14.5,2.5],"texture":"#texture"}}},{"name":"cube","from":[5.25,12.2,3.933299999999999],"to":[6.801,14.95,9.37828],"rotation":{"angle":-45,"axis":"y","origin":[5.25,12.2,9.37828]},"faces":{"north":{"uv":[14,2,10,6],"texture":"#texture"},"east":{"uv":[13.5,1.5,9,6],"texture":"#texture"},"south":{"uv":[15,1.5,10,6],"texture":"#texture"},"west":{"uv":[14,1.5,9,6.5],"texture":"#texture"},"up":{"uv":[10.5,6,15,2],"texture":"#texture"},"down":{"uv":[11,6,14.5,2.5],"texture":"#texture"}}},{"name":"cube","from":[9.1,13.3,9.65],"to":[10.651,14.95,10.475],"rotation":{"angle":45,"axis":"y","origin":[9.1,13.3,10.475]},"faces":{"north":{"uv":[7,1.5,3,5.5],"texture":"#texture"},"east":{"uv":[6.5,1.75,2,6.25],"texture":"#texture"},"south":{"uv":[6.25,1.25,1.25,5.75],"texture":"#texture"},"west":{"uv":[7,1,2,6],"texture":"#texture"},"up":{"uv":[1.75,6,6.25,2],"texture":"#texture"},"down":{"uv":[2.5,5,6,1.5],"texture":"#texture"}}},{"name":"cube","from":[5.2445,13.575,8.275],"to":[5.31325,14.4,9.375],"faces":{"west":{"uv":[1.5,0.5,11.5,9],"texture":"#particle"}}},{"name":"cube","from":[5.2445,13.575,6.625],"to":[5.31325,14.4,7.725],"faces":{"west":{"uv":[11.5,0.5,1.5,9],"texture":"#particle"}}},{"name":"cube","from":[5.23625,13.575,6.086],"to":[5.305,14.4,6.635999999999999],"rotation":{"angle":-45,"axis":"y","origin":[5.23625,13.575,6.635999999999999]},"faces":{"west":{"uv":[15.5,0.5,11.5,9],"texture":"#particle"}}},{"name":"cube","from":[4.745,12.175,7.4],"to":[4.81375,13,8.5],"faces":{"west":{"uv":[6,9.5,1.5,15],"texture":"#particle","rotation":270}}},{"name":"cube","from":[4.75,11.9625,6.625],"to":[5.85,13.0625,9.375],"rotation":{"angle":45,"axis":"z","origin":[4.75,13.0625,9.375]},"faces":{"north":{"uv":[14,2,10,6],"texture":"#texture"},"east":{"uv":[13.5,1.5,9,6],"texture":"#texture"},"south":{"uv":[15,1.5,10,6],"texture":"#texture"},"west":{"uv":[14,1.5,9,6.5],"texture":"#texture"},"up":{"uv":[10.5,6,15,2],"texture":"#texture"},"down":{"uv":[11,6,14.5,2.5],"texture":"#texture"}}},{"name":"cube","from":[5.61575,13.575,9.2045],"to":[5.6845,14.4,9.7545],"rotation":{"angle":45,"axis":"y","origin":[5.61575,13.575,9.7545]},"faces":{"west":{"uv":[11.5,0.5,15.5,9],"texture":"#particle"}}},{"name":"cube","from":[9.1,12.2,9.65],"to":[10.651,13.3,10.475],"rotation":{"angle":45,"axis":"y","origin":[9.1,12.2,10.475]},"faces":{"north":{"uv":[14,2,10,6],"texture":"#texture"},"east":{"uv":[13.5,1.5,9,6],"texture":"#texture"},"south":{"uv":[15,1.5,10,6],"texture":"#texture"},"west":{"uv":[14,1.5,9,6.5],"texture":"#texture"},"up":{"uv":[10.5,6,15,2],"texture":"#texture"},"down":{"uv":[11,6,14.5,2.5],"texture":"#texture"}}},{"name":"cube","from":[6.35,13.3,6.625],"to":[7.45,14.95,10.475],"faces":{"north":{"uv":[14,2,10,6],"texture":"#texture"},"east":{"uv":[13.5,1.5,9,6],"texture":"#texture"},"south":{"uv":[15,1.5,10,6],"texture":"#texture"},"west":{"uv":[14,1.5,9,6.5],"texture":"#texture"},"up":{"uv":[10.5,6,15,2],"texture":"#texture"},"down":{"uv":[11,6,14.5,2.5],"texture":"#texture"}}},{"name":"cube","from":[6.35,12.2,6.625],"to":[9.1,13.3,10.475],"faces":{"north":{"uv":[14,2,10,6],"texture":"#texture"},"east":{"uv":[13.5,1.5,9,6],"texture":"#texture"},"south":{"uv":[15,1.5,10,6],"texture":"#texture"},"west":{"uv":[14,1.5,9,6.5],"texture":"#texture"},"up":{"uv":[10.5,6,15,2],"texture":"#texture"},"down":{"uv":[11,6,14.5,2.5],"texture":"#texture"}}},{"name":"cube","from":[6.35,12.2,5.525],"to":[9.1,14.95,6.625],"faces":{"north":{"uv":[14,2,10,6],"texture":"#texture"},"east":{"uv":[13.5,1.5,9,6],"texture":"#texture"},"south":{"uv":[15,1.5,10,6],"texture":"#texture"},"west":{"uv":[14,1.5,9,6.5],"texture":"#texture"},"up":{"uv":[10.5,6,15,2],"texture":"#texture"},"down":{"uv":[11,6,14.5,2.5],"texture":"#texture"}}},{"name":"cube","from":[5.25,13.3,6.625],"to":[10.2,14.95,8],"faces":{"north":{"uv":[14,2,10,6],"texture":"#texture"},"east":{"uv":[13.5,1.5,9,6],"texture":"#texture"},"south":{"uv":[15,1.5,10,6],"texture":"#texture"},"west":{"uv":[14,1.5,9,6.5],"texture":"#texture"},"up":{"uv":[10.5,6,15,2],"texture":"#texture"},"down":{"uv":[11,6,14.5,2.5],"texture":"#texture"}}},{"name":"cube","from":[5.25,13.575,8],"to":[9.1,14.95,9.375],"faces":{"north":{"uv":[14,2,10,6],"texture":"#texture"},"east":{"uv":[13.5,1.5,9,6],"texture":"#texture"},"south":{"uv":[15,1.5,10,6],"texture":"#texture"},"west":{"uv":[14,1.5,9,6.5],"texture":"#texture"},"up":{"uv":[10.5,6,15,2],"texture":"#texture"},"down":{"uv":[11,6,14.5,2.5],"texture":"#texture"}}},{"name":"cube","from":[8.55,12.2,6.625],"to":[10.2,13.3,9.375],"faces":{"north":{"uv":[14,2,10,6],"texture":"#texture"},"east":{"uv":[13.5,1.5,9,6],"texture":"#texture"},"south":{"uv":[15,1.5,10,6],"texture":"#texture"},"west":{"uv":[14,1.5,9,6.5],"texture":"#texture"},"up":{"uv":[10.5,6,15,2],"texture":"#texture"},"down":{"uv":[11,6,14.5,2.5],"texture":"#texture"}}},{"name":"cube","from":[9.1,14.95,6.625],"to":[10.651,16.05,8],"rotation":{"angle":-45,"axis":"z","origin":[9.1,16.05,8]},"faces":{"north":{"uv":[14,2,10,6],"texture":"#texture"},"east":{"uv":[13.5,1.5,9,6],"texture":"#texture"},"south":{"uv":[15,1.5,10,6],"texture":"#texture"},"west":{"uv":[14,1.5,9,6.5],"texture":"#texture"},"up":{"uv":[10.5,6,15,2],"texture":"#texture"},"down":{"uv":[11,6,14.5,2.5],"texture":"#texture"}}},{"name":"cube","from":[7.45,13.575,8.924],"to":[9.1,14.95,10.475],"rotation":{"angle":45,"axis":"x","origin":[7.45,14.95,10.475]},"faces":{"north":{"uv":[5.75,1.75,1.75,5.75],"texture":"#texture"},"east":{"uv":[6.5,1.25,2,5.75],"texture":"#texture"},"south":{"uv":[6,1.75,1,6.25],"texture":"#texture"},"west":{"uv":[6.25,1,1.25,6],"texture":"#texture"},"up":{"uv":[2.5,6,7,2],"texture":"#texture"},"down":{"uv":[3,5.25,6.5,1.75],"texture":"#texture"}}},{"name":"cube","from":[7.45,11.1,6.625],"to":[9.1,16.05,8],"faces":{"north":{"uv":[14,2,10,6],"texture":"#texture"},"east":{"uv":[13.5,1.5,9,6],"texture":"#texture"},"south":{"uv":[15,1.5,10,6],"texture":"#texture"},"west":{"uv":[14,1.5,9,6.5],"texture":"#texture"},"up":{"uv":[10.5,6,15,2],"texture":"#texture"},"down":{"uv":[11,6,14.5,2.5],"texture":"#texture"}}},{"name":"cube","from":[7.45,11.1,8],"to":[9.1,16.05,9.375],"faces":{"north":{"uv":[5.75,2,1.75,6],"texture":"#texture"},"east":{"uv":[6.25,1.5,1.75,6],"texture":"#texture"},"south":{"uv":[5.75,1.75,0.75,6.25],"texture":"#texture"},"west":{"uv":[6.75,1.5,1.75,6.5],"texture":"#texture"},"up":{"uv":[1.5,6,6,2],"texture":"#texture"},"down":{"uv":[11,6,14.5,2.5],"texture":"#texture"}}},{"name":"cube","from":[14.25,10.25,7.25],"to":[15.75,15,8.75],"faces":{"north":{"uv":[14,2,10,6],"texture":"#texture"},"east":{"uv":[13.5,1.5,9,6],"texture":"#texture"},"south":{"uv":[15,1.5,10,6],"texture":"#texture"},"west":{"uv":[14,1.5,9,6.5],"texture":"#texture"},"up":{"uv":[10.5,6,15,2],"texture":"#texture"},"down":{"uv":[11,6,14.5,2.5],"texture":"#texture"}}},{"name":"cube","from":[14.25,10,4.5],"to":[15.75,14.75,6],"rotation":{"angle":-22.5,"axis":"x","origin":[14.25,14.75,6]},"faces":{"north":{"uv":[14,2,10,6],"texture":"#texture"},"east":{"uv":[13.5,1.5,9,6],"texture":"#texture"},"south":{"uv":[15,1.5,10,6],"texture":"#texture"},"west":{"uv":[14,1.5,9,6.5],"texture":"#texture"},"up":{"uv":[10.5,6,15,2],"texture":"#texture"},"down":{"uv":[11,6,14.5,2.5],"texture":"#texture"}}},{"name":"cube","from":[16,13.75,5],"to":[17,15.75,5.75],"rotation":{"angle":-45,"axis":"z","origin":[16,15.75,5.75]},"faces":{"north":{"uv":[14,2,10,6],"texture":"#texture"},"east":{"uv":[13.5,1.5,9,6],"texture":"#texture"},"south":{"uv":[15,1.5,10,6],"texture":"#texture"},"west":{"uv":[14,1.5,9,6.5],"texture":"#texture"},"up":{"uv":[10.5,6,15,2],"texture":"#texture"},"down":{"uv":[11,6,14.5,2.5],"texture":"#texture"}}},{"name":"cube","from":[16,13.75,10.25],"to":[17,15.75,11],"rotation":{"angle":-45,"axis":"z","origin":[16,15.75,11]},"faces":{"north":{"uv":[14,2,10,6],"texture":"#texture"},"east":{"uv":[13.5,1.5,9,6],"texture":"#texture"},"south":{"uv":[15,1.5,10,6],"texture":"#texture"},"west":{"uv":[14,1.5,9,6.5],"texture":"#texture"},"up":{"uv":[10.5,6,15,2],"texture":"#texture"},"down":{"uv":[11,6,14.5,2.5],"texture":"#texture"}}},{"name":"cube","from":[15.25,14.5625,7.625],"to":[16.25,16.5625,8.375],"rotation":{"angle":-22.5,"axis":"z","origin":[15.25,16.5625,8.375]},"faces":{"north":{"uv":[14,2,10,6],"texture":"#texture"},"east":{"uv":[13.5,1.5,9,6],"texture":"#texture"},"south":{"uv":[15,1.5,10,6],"texture":"#texture"},"west":{"uv":[14,1.5,9,6.5],"texture":"#texture"},"up":{"uv":[10.5,6,15,2],"texture":"#texture"},"down":{"uv":[11,6,14.5,2.5],"texture":"#texture"}}},{"name":"cube","from":[5.75325,11.8783,6.625],"to":[7.67825,12.9782,9.375],"rotation":{"angle":-45,"axis":"z","origin":[5.75325,12.9782,9.375]},"faces":{"north":{"uv":[14,2,10,6],"texture":"#texture"},"east":{"uv":[13.5,1.5,9,6],"texture":"#texture"},"south":{"uv":[15,1.5,10,6],"texture":"#texture"},"west":{"uv":[14,1.5,9,6.5],"texture":"#texture"},"up":{"uv":[10.5,6,15,2],"texture":"#texture"},"down":{"uv":[11,6,14.5,2.5],"texture":"#texture"}}},{"name":"cube","from":[6.02825,12.2,6.30325],"to":[7.57925,14.95,7.40325],"rotation":{"angle":45,"axis":"y","origin":[6.02825,12.2,7.40325]},"faces":{"north":{"uv":[14,2,10,6],"texture":"#texture"},"east":{"uv":[13.5,1.5,9,6],"texture":"#texture"},"south":{"uv":[15,1.5,10,6],"texture":"#texture"},"west":{"uv":[14,1.5,9,6.5],"texture":"#texture"},"up":{"uv":[10.5,6,15,2],"texture":"#texture"},"down":{"uv":[11,6,14.5,2.5],"texture":"#texture"}}},{"name":"cube","from":[7.725,14.125,8.55],"to":[12.125,15.5,9.925],"rotation":{"angle":45,"axis":"z","origin":[7.725,15.5,9.925]},"faces":{"north":{"uv":[5.75,1.75,1.75,5.75],"texture":"#texture"},"east":{"uv":[6.5,1.25,2,5.75],"texture":"#texture"},"south":{"uv":[6,1.75,1,6.25],"texture":"#texture"},"west":{"uv":[6.25,1,1.25,6],"texture":"#texture"},"up":{"uv":[2.5,6,7,2],"texture":"#texture"},"down":{"uv":[3,5.25,6.5,1.75],"texture":"#texture"}}},{"name":"cube","from":[7.725,14.125,6.074999999999999],"to":[12.125,15.5,7.449999999999999],"rotation":{"angle":45,"axis":"z","origin":[7.725,15.5,7.449999999999999]},"faces":{"north":{"uv":[14.75,1.5,10.75,5.5],"texture":"#texture"},"east":{"uv":[14,1.5,9.5,6],"texture":"#texture"},"south":{"uv":[14.5,1.25,9.5,5.75],"texture":"#texture"},"west":{"uv":[14.5,1.5,9.5,6.5],"texture":"#texture"},"up":{"uv":[10.25,6,14.75,2],"texture":"#texture"},"down":{"uv":[9.75,5.75,13.25,2.25],"texture":"#texture"}}},{"name":"cube","from":[6.35,13.3,9.3805],"to":[9.1,14.95,10.4805],"faces":{"south":{"uv":[8.5,1,1,9.5],"texture":"#head_detail"}}},{"name":"cube","from":[6.35,12.475,9.3805],"to":[7.725,13.3,10.4805],"faces":{"south":{"uv":[9.5,9.5,4.5,13],"texture":"#head_detail"}}},{"name":"cube","from":[5.25,13.3,8.07975],"to":[6.83125,15.5,9.386],"rotation":{"angle":-45,"axis":"y","origin":[5.25,13.3,9.386]},"faces":{"south":{"uv":[15.5,1,8.5,9.5],"texture":"#head_detail"}}},{"name":"cube","from":[5.3875,12.475,8.6985],"to":[6.7625,13.3,9.5235],"rotation":{"angle":-45,"axis":"y","origin":[5.3875,12.475,9.5235]},"faces":{"south":{"uv":[15.5,9.5,9.5,13],"texture":"#head_detail"}}},{"name":"cube","from":[7.45,15.9923,7.175000000000001],"to":[9.1,16.061,8.55],"faces":{"up":{"uv":[0.5,11.5,15.5,0.5],"texture":"#fur_1","rotation":180}}},{"name":"cube","from":[6.625,15.9867,8],"to":[7.725,16.0555,9.375],"faces":{"up":{"uv":[0.5,11.5,15.5,0.5],"texture":"#fur_1","rotation":90}}},{"name":"cube","from":[6.625,14.8813,8.89925],"to":[7.725,14.95,10.4805],"rotation":{"angle":45,"axis":"x","origin":[6.625,14.95,10.4805]},"faces":{"up":{"uv":[0.5,11.5,15.5,0.5],"texture":"#fur_1","rotation":90}}},{"name":"cube","from":[10.1367,13.3,7.175000000000001],"to":[10.2055,14.95,8.275],"faces":{"east":{"uv":[0.5,0.5,12.5,13],"texture":"#fur_4","rotation":90}}},{"name":"cube","from":[9.1,15.2305,7.175000000000001],"to":[10.6813,16.0555,8.275],"rotation":{"angle":-45,"axis":"z","origin":[9.1,16.0555,8.275]},"faces":{"up":{"uv":[0.5,13,12.5,0.5],"texture":"#fur_4","rotation":180}}},{"name":"cube","from":[10.1367,12.475,8],"to":[10.2055,13.3,9.375],"rotation":{"angle":22.5,"axis":"x","origin":[10.1367,13.3,9.375]},"faces":{"east":{"uv":[0.5,0.5,12.5,13],"texture":"#fur_4","rotation":180}}},{"name":"cube","from":[7.45,12.53,10.41175],"to":[9.1,13.355,10.4805],"faces":{"south":{"uv":[0.5,0.5,12.5,13],"texture":"#fur_4","rotation":180}}},{"name":"cube","from":[9.1055,12.53,10.40625],"to":[10.618,13.355,10.475],"rotation":{"angle":45,"axis":"y","origin":[9.1055,12.53,10.475]},"faces":{"south":{"uv":[0.5,0.5,12.5,13],"texture":"#fur_2","rotation":180}}},{"name":"cube","from":[11.8125,17.8125,8.5],"to":[11.875,19.875,9.875],"rotation":{"angle":-22.5,"axis":"z","origin":[11.8125,19.875,9.875]},"faces":{"east":{"uv":[0.5,0.5,7.75,13],"texture":"#fur_4"},"west":{"uv":[7.75,0.5,0.5,13],"texture":"#fur_4"}}},{"name":"cube","from":[11.8125,17.8125,6.125],"to":[11.875,19.875,7.5],"rotation":{"angle":-22.5,"axis":"z","origin":[11.8125,19.875,7.5]},"faces":{"east":{"uv":[7.75,0.5,0.5,13],"texture":"#fur_white_1"},"west":{"uv":[0.5,0.5,7.75,13],"texture":"#fur_white_1"}}},{"name":"cube","from":[5.1675,11.8575,6.625],"to":[7.0925,12.9575,9.375],"rotation":{"angle":-22.5,"axis":"z","origin":[5.1675,12.9575,9.375]},"faces":{"north":{"uv":[14,2,10,6],"texture":"#texture"},"east":{"uv":[13.5,1.5,9,6],"texture":"#texture"},"south":{"uv":[15,1.5,10,6],"texture":"#texture"},"west":{"uv":[14,1.5,9,6.5],"texture":"#texture"},"up":{"uv":[10.5,6,15,2],"texture":"#texture"},"down":{"uv":[11,6,14.5,2.5],"texture":"#texture"}}},{"name":"cube","from":[6.875,8.5,1.6875],"to":[9.375,11,5.5],"rotation":{"angle":-22.5,"axis":"x","origin":[6.875,11,5.5]},"faces":{"north":{"uv":[14,2,10,6],"texture":"#texture"},"east":{"uv":[13.5,1.5,9,6],"texture":"#texture"},"south":{"uv":[15,1.5,10,6],"texture":"#texture"},"west":{"uv":[14,1.5,9,6.5],"texture":"#texture"},"up":{"uv":[10.5,6,15,2],"texture":"#texture"},"down":{"uv":[11,6,14.5,2.5],"texture":"#texture"}}},{"name":"cube","from":[6.875,6.3625,-2.6975000000000016],"to":[9.375,8.8625,1.3025000000000002],"rotation":{"angle":-45,"axis":"x","origin":[6.875,8.8625,1.3025000000000002]},"faces":{"north":{"uv":[4.25,2.5,0.25,6.5],"texture":"#texture"},"east":{"uv":[6.5,2.75,2,7.25],"texture":"#texture"},"south":{"uv":[7,1.75,2,6.25],"texture":"#texture"},"west":{"uv":[5,2,1.25,6.25],"texture":"#texture"},"up":{"uv":[2.25,5.5,6.75,1.5],"texture":"#texture"},"down":{"uv":[2.75,5.5,6.25,2],"texture":"#texture"}}},{"name":"cube","from":[6.875,7.0725,1],"to":[9.375,9.5725,2],"rotation":{"angle":-45,"axis":"x","origin":[6.875,9.5725,2]},"faces":{"north":{"uv":[14,2,10,6],"texture":"#texture"},"east":{"uv":[13.5,1.5,9,6],"texture":"#texture"},"south":{"uv":[15,1.5,10,6],"texture":"#texture"},"west":{"uv":[14,1.5,9,6.5],"texture":"#texture"},"up":{"uv":[10.5,6,15,2],"texture":"#texture"},"down":{"uv":[11,6,14.5,2.5],"texture":"#texture"}}},{"name":"cube","from":[6.87,7.165,0.75],"to":[6.9325,9.665,2.125],"rotation":{"angle":-45,"axis":"x","origin":[6.87,9.665,2.125]},"faces":{"west":{"uv":[0.5,4.5,12.5,13],"texture":"#fur_4","rotation":90}}},{"name":"cube","from":[6.87,7.635,2.0625],"to":[6.9325,10.135,3.4375],"rotation":{"angle":-22.5,"axis":"x","origin":[6.87,10.135,3.4375]},"faces":{"west":{"uv":[0.5,0.5,12.5,4.5],"texture":"#fur_4","rotation":90}}},{"name":"cube","from":[9.32,7.165,0.75],"to":[9.3825,9.665,2.125],"rotation":{"angle":-45,"axis":"x","origin":[9.32,9.665,2.125]},"faces":{"east":{"uv":[12.5,4.5,0.5,13],"texture":"#fur_4","rotation":270}}},{"name":"cube","from":[9.32,7.635,2.0625],"to":[9.3825,10.135,3.4375],"rotation":{"angle":-22.5,"axis":"x","origin":[9.32,10.135,3.4375]},"faces":{"east":{"uv":[12.5,0.5,0.5,4.5],"texture":"#fur_4","rotation":270}}},{"name":"cube","from":[6.875,9.56,0.7899999999999991],"to":[9.375,9.6225,2.039999999999999],"rotation":{"angle":-45,"axis":"x","origin":[6.875,9.6225,2.039999999999999]},"faces":{"up":{"uv":[0.5,13,12.5,4],"texture":"#fur_4"}}},{"name":"cube","from":[6.875,9.8025,2],"to":[9.375,9.865,2.75],"rotation":{"angle":-22.5,"axis":"x","origin":[6.875,9.865,2.75]},"faces":{"up":{"uv":[0.5,4,12.5,0.5],"texture":"#fur_4"}}},{"name":"cube","from":[6,-4,2.5],"to":[8.5,0.5,5],"faces":{"north":{"uv":[14,2,10,6],"texture":"#texture"},"east":{"uv":[13.5,1.5,9,6],"texture":"#texture"},"south":{"uv":[15,1.5,10,6],"texture":"#texture"},"west":{"uv":[14,1.5,9,6.5],"texture":"#texture"},"up":{"uv":[10.5,6,15,2],"texture":"#texture"},"down":{"uv":[11,6,14.5,2.5],"texture":"#texture"}}},{"name":"cube","from":[6,-0.75,3.8325],"to":[8.5,3.25,6.3325],"rotation":{"angle":22.5,"axis":"x","origin":[6,3.25,6.3325]},"faces":{"north":{"uv":[14,2,10,6],"texture":"#texture"},"east":{"uv":[13.5,1.5,9,6],"texture":"#texture"},"south":{"uv":[15,1.5,10,6],"texture":"#texture"},"west":{"uv":[14,1.5,9,6.5],"texture":"#texture"},"up":{"uv":[10.5,6,15,2],"texture":"#texture"},"down":{"uv":[11,6,14.5,2.5],"texture":"#texture"}}},{"name":"cube","from":[7.75,3.1875,0.375],"to":[8.5,5.1875,1.125],"rotation":{"angle":22.5,"axis":"x","origin":[7.75,5.1875,1.125]},"faces":{"north":{"uv":[4.25,2.5,0.25,6.5],"texture":"#texture"},"east":{"uv":[6.5,2.75,2,7.25],"texture":"#texture"},"south":{"uv":[7,1.75,2,6.25],"texture":"#texture"},"west":{"uv":[5,2,1.25,6.25],"texture":"#texture"},"up":{"uv":[2.25,5.5,6.75,1.5],"texture":"#texture"},"down":{"uv":[2.75,5.5,6.25,2],"texture":"#texture"}}},{"name":"cube","from":[6.875,3.875,-3.5625],"to":[6.9375,6.125,-1.3125],"rotation":{"angle":-45,"axis":"x","origin":[6.875,6.125,-1.3125]},"faces":{"east":{"uv":[0.5,0.5,12.5,13],"texture":"#fur_4","rotation":90},"west":{"uv":[12.5,0.5,0.5,13],"texture":"#fur_4","rotation":270}}},{"name":"cube","from":[6.875,2.9375,0.0625],"to":[9.375,4.6875,0.125],"rotation":{"angle":22.5,"axis":"x","origin":[6.875,4.6875,0.125]},"faces":{"north":{"uv":[15,12,0.5,1.5],"texture":"#fur_3"},"south":{"uv":[0.5,12,15,1.5],"texture":"#fur_3"}}},{"name":"cube","from":[6.875,6.3125,-3.4375],"to":[9.375,6.375,-1.1875],"rotation":{"angle":-45,"axis":"x","origin":[6.875,6.375,-1.1875]},"faces":{"up":{"uv":[0.5,12,15,1.5],"texture":"#fur_3","rotation":180},"down":{"uv":[15,12,0.5,1.5],"texture":"#fur_3"}}},{"name":"cube","from":[9.325,3.875,-3.5625],"to":[9.3875,6.125,-1.3125],"rotation":{"angle":-45,"axis":"x","origin":[9.325,6.125,-1.3125]},"faces":{"east":{"uv":[0.5,0.5,12.5,13],"texture":"#fur_4","rotation":90},"west":{"uv":[12.5,0.5,0.5,13],"texture":"#fur_4","rotation":270}}},{"name":"cube","from":[6.875,7.4375,2.625],"to":[9.375,7.5,3.375],"rotation":{"angle":-45,"axis":"x","origin":[6.875,7.5,3.375]},"faces":{"down":{"uv":[12.5,13,0.5,6],"texture":"#fur_4","rotation":180}}},{"name":"cube","from":[6.875,7.6475,3.3149999999999995],"to":[9.375,7.71,4.0649999999999995],"rotation":{"angle":-22.5,"axis":"x","origin":[6.875,7.71,4.0649999999999995]},"faces":{"down":{"uv":[12.5,6,0.5,0.5],"texture":"#fur_4","rotation":180}}},{"name":"cube","from":[6.875,10.875,4.0625],"to":[9.375,10.9375,5.5625],"rotation":{"angle":45,"axis":"x","origin":[6.875,10.9375,5.5625]},"faces":{"up":{"uv":[0.5,13,12.5,0.5],"texture":"#fur_white_1","rotation":180},"down":{"uv":[12.5,13,0.5,0.5],"texture":"#fur_white_1"}}},{"name":"cube","from":[7,2.875,-1.125],"to":[7.75,5.375,-0.125],"rotation":{"angle":22.5,"axis":"x","origin":[7,5.375,-0.125]},"faces":{"north":{"uv":[5.5,10,2,13.5],"texture":"#texture"},"east":{"uv":[6.5,9.5,2,14],"texture":"#texture"},"south":{"uv":[6.5,9,2,13],"texture":"#texture"},"west":{"uv":[5.5,10,1.5,14],"texture":"#texture"},"up":{"uv":[2.5,13.5,6,10],"texture":"#texture"},"down":{"uv":[3.5,15,7,11.5],"texture":"#texture"}}},{"name":"cube","from":[7.125,2.25,-1.75],"to":[7.625,3.75,-1.25],"faces":{"north":{"uv":[5.5,10,2,13.5],"texture":"#texture"},"east":{"uv":[6.5,9.5,2,14],"texture":"#texture"},"south":{"uv":[6.5,9,2,13],"texture":"#texture"},"west":{"uv":[5.5,10,1.5,14],"texture":"#texture"},"up":{"uv":[2.5,13.5,6,10],"texture":"#texture"},"down":{"uv":[3.5,15,7,11.5],"texture":"#texture"}}},{"name":"cube","from":[8.4375,2.875,-1.125],"to":[9.1875,5.375,-0.125],"rotation":{"angle":22.5,"axis":"x","origin":[8.4375,5.375,-0.125]},"faces":{"north":{"uv":[5.5,10,2,13.5],"texture":"#texture"},"east":{"uv":[6.5,9.5,2,14],"texture":"#texture"},"south":{"uv":[6.5,9,2,13],"texture":"#texture"},"west":{"uv":[5.5,10,1.5,14],"texture":"#texture"},"up":{"uv":[2.5,13.5,6,10],"texture":"#texture"},"down":{"uv":[3.5,15,7,11.5],"texture":"#texture"}}},{"name":"cube","from":[8.5625,2.25,-1.75],"to":[9.0625,3.75,-1.25],"faces":{"north":{"uv":[5.5,10,2,13.5],"texture":"#texture"},"east":{"uv":[6.5,9.5,2,14],"texture":"#texture"},"south":{"uv":[6.5,9,2,13],"texture":"#texture"},"west":{"uv":[5.5,10,1.5,14],"texture":"#texture"},"up":{"uv":[2.5,13.5,6,10],"texture":"#texture"},"down":{"uv":[3.5,15,7,11.5],"texture":"#texture"}}}],"display":{"head":{"rotation":[0,-90,0],"translation":[0,-14,0],"scale":[2.25,2.25,2.25]},"gui":{"rotation":[30,50,0],"scale":[0.6,0.6,0.6]},"thirdperson_righthand":{"scale":[0,0,0]},"thirdperson_lefthand":{"scale":[0,0,0]},"firstperson_righthand":{"scale":[0,0,0]},"firstperson_lefthand":{"scale":[0,0,0]}}}