{"credit":"Made by MadstonMagic using Cubik Pro, Copyright © MadstonMagic Modeling 2015-2017. All rights reserved","textures":{"texture":"pokemon_skins/regular/solrock/lunatone","particle":"pokemon_skins/regular/solrock/eye"},"elements":[{"from":[6,3.5,4.5],"to":[10,11.5,12.5],"faces":{"north":{"uv":[2.5,1,6.5,6],"texture":"#texture"},"east":{"uv":[0.5,1.5,5.5,5.5],"texture":"#texture"},"south":{"uv":[3,1,6,5.5],"texture":"#texture"},"west":{"uv":[2.5,2,6.5,6],"texture":"#texture"},"up":{"uv":[2.5,2,7,7],"texture":"#texture"},"down":{"uv":[2.5,2,7,6.5],"texture":"#texture"}}},{"from":[6,3,5],"to":[10,12,12],"faces":{"north":{"uv":[2.5,1,6.5,6],"texture":"#texture"},"east":{"uv":[0.5,1.5,5.5,5.5],"texture":"#texture"},"south":{"uv":[3,1,6,5.5],"texture":"#texture"},"west":{"uv":[2.5,2,6.5,6],"texture":"#texture"},"up":{"uv":[2.5,2,7,7],"texture":"#texture"},"down":{"uv":[2.5,2,7,6.5],"texture":"#texture"}}},{"from":[6,4,4],"to":[10,11,13],"faces":{"north":{"uv":[2.5,1,6.5,6],"texture":"#texture"},"east":{"uv":[0.5,1.5,5.5,5.5],"texture":"#texture"},"south":{"uv":[3,1,6,5.5],"texture":"#texture"},"west":{"uv":[2.5,2,6.5,6],"texture":"#texture"},"up":{"uv":[2.5,2,7,7],"texture":"#texture"},"down":{"uv":[2.5,2,7,6.5],"texture":"#texture"}}},{"from":[6,2,7.4375],"to":[10,13,9.5625],"faces":{"north":{"uv":[2.5,1,6.5,6],"texture":"#texture"},"east":{"uv":[0.5,1.5,5.5,5.5],"texture":"#texture"},"south":{"uv":[3,1,6,5.5],"texture":"#texture"},"west":{"uv":[2.5,2,6.5,6],"texture":"#texture"},"up":{"uv":[2.5,2,7,7],"texture":"#texture"},"down":{"uv":[2.5,2,7,6.5],"texture":"#texture"}}},{"from":[6,6.4375,3],"to":[10,8.5625,14],"faces":{"north":{"uv":[2.5,1,6.5,6],"texture":"#texture"},"east":{"uv":[0.5,1.5,5.5,5.5],"texture":"#texture"},"south":{"uv":[3,1,6,5.5],"texture":"#texture"},"west":{"uv":[2.5,2,6.5,6],"texture":"#texture"},"up":{"uv":[2.5,2,7,7],"texture":"#texture"},"down":{"uv":[2.5,2,7,6.5],"texture":"#texture"}}},{"from":[6,-0.32,4],"to":[10,11,5.41],"rotation":{"angle":-45,"axis":"x","origin":[6,11,4]},"faces":{"north":{"uv":[2.5,1,6.5,6],"texture":"#texture"},"east":{"uv":[0.5,1.5,5.5,5.5],"texture":"#texture"},"south":{"uv":[3,1,6,5.5],"texture":"#texture"},"west":{"uv":[2.5,2,6.5,6],"texture":"#texture"},"up":{"uv":[2.5,2,7,7],"texture":"#texture"},"down":{"uv":[2.5,2,7,6.5],"texture":"#texture"}}},{"from":[6,0.68,12],"to":[10,12,13.41],"rotation":{"angle":45,"axis":"x","origin":[6,12,12]},"faces":{"north":{"uv":[2.5,1,6.5,6],"texture":"#texture"},"east":{"uv":[0.5,1.5,5.5,5.5],"texture":"#texture"},"south":{"uv":[3,1,6,5.5],"texture":"#texture"},"west":{"uv":[2.5,2,6.5,6],"texture":"#texture"},"up":{"uv":[2.5,2,7,7],"texture":"#texture"},"down":{"uv":[2.5,2,7,6.5],"texture":"#texture"}}},{"from":[6,11,5],"to":[10,12,7.625],"rotation":{"angle":-22.5,"axis":"x","origin":[6,12,5]},"faces":{"north":{"uv":[2.5,1,6.5,6],"texture":"#texture"},"east":{"uv":[0.5,1.5,5.5,5.5],"texture":"#texture"},"south":{"uv":[3,1,6,5.5],"texture":"#texture"},"west":{"uv":[2.5,2,6.5,6],"texture":"#texture"},"up":{"uv":[2.5,2,7,7],"texture":"#texture"},"down":{"uv":[2.5,2,7,6.5],"texture":"#texture"}}},{"from":[6,12,9.5625],"to":[10,13,12.1875],"rotation":{"angle":22.5,"axis":"x","origin":[6,13,9.5625]},"faces":{"north":{"uv":[2.5,1,6.5,6],"texture":"#texture"},"east":{"uv":[0.5,1.5,5.5,5.5],"texture":"#texture"},"south":{"uv":[3,1,6,5.5],"texture":"#texture"},"west":{"uv":[2.5,2,6.5,6],"texture":"#texture"},"up":{"uv":[2.5,2,7,7],"texture":"#texture"},"down":{"uv":[2.5,2,7,6.5],"texture":"#texture"}}},{"from":[6,1.9375,9.1875],"to":[10,2.9375,11.8125],"rotation":{"angle":-22.5,"axis":"x","origin":[6,2.9375,9.1875]},"faces":{"north":{"uv":[2.5,1,6.5,6],"texture":"#texture"},"east":{"uv":[0.5,1.5,5.5,5.5],"texture":"#texture"},"south":{"uv":[3,1,6,5.5],"texture":"#texture"},"west":{"uv":[2.5,2,6.5,6],"texture":"#texture"},"up":{"uv":[2.5,2,7,7],"texture":"#texture"},"down":{"uv":[2.5,2,7,6.5],"texture":"#texture"}}},{"from":[6,2.9375,5.375],"to":[10,3.9375,8],"rotation":{"angle":22.5,"axis":"x","origin":[6,3.9375,5.375]},"faces":{"north":{"uv":[2.5,1,6.5,6],"texture":"#texture"},"east":{"uv":[0.5,1.5,5.5,5.5],"texture":"#texture"},"south":{"uv":[3,1,6,5.5],"texture":"#texture"},"west":{"uv":[2.5,2,6.5,6],"texture":"#texture"},"up":{"uv":[2.5,2,7,7],"texture":"#texture"},"down":{"uv":[2.5,2,7,6.5],"texture":"#texture"}}},{"from":[6,8.375,4],"to":[10,11,5],"rotation":{"angle":22.5,"axis":"x","origin":[6,11,4]},"faces":{"north":{"uv":[2.5,1,6.5,6],"texture":"#texture"},"east":{"uv":[0.5,1.5,5.5,5.5],"texture":"#texture"},"south":{"uv":[3,1,6,5.5],"texture":"#texture"},"west":{"uv":[2.5,2,6.5,6],"texture":"#texture"},"up":{"uv":[2.5,2,7,7],"texture":"#texture"},"down":{"uv":[2.5,2,7,6.5],"texture":"#texture"}}},{"from":[6,8,12.0625],"to":[10,10.625,13.0625],"rotation":{"angle":-22.5,"axis":"x","origin":[6,10.625,12.0625]},"faces":{"north":{"uv":[2.5,1,6.5,6],"texture":"#texture"},"east":{"uv":[0.5,1.5,5.5,5.5],"texture":"#texture"},"south":{"uv":[3,1,6,5.5],"texture":"#texture"},"west":{"uv":[2.5,2,6.5,6],"texture":"#texture"},"up":{"uv":[2.5,2,7,7],"texture":"#texture"},"down":{"uv":[2.5,2,7,6.5],"texture":"#texture"}}},{"from":[6,4.2,13.075],"to":[10,6.825,14.075],"rotation":{"angle":22.5,"axis":"x","origin":[6,6.825,13.075]},"faces":{"north":{"uv":[2.5,1,6.5,6],"texture":"#texture"},"east":{"uv":[0.5,1.5,5.5,5.5],"texture":"#texture"},"south":{"uv":[3,1,6,5.5],"texture":"#texture"},"west":{"uv":[2.5,2,6.5,6],"texture":"#texture"},"up":{"uv":[2.5,2,7,7],"texture":"#texture"},"down":{"uv":[2.5,2,7,6.5],"texture":"#texture"}}},{"from":[6,3.8125,3],"to":[10,6.4375,4],"rotation":{"angle":-22.5,"axis":"x","origin":[6,6.4375,3]},"faces":{"north":{"uv":[2.5,1,6.5,6],"texture":"#texture"},"east":{"uv":[0.5,1.5,5.5,5.5],"texture":"#texture"},"south":{"uv":[3,1,6,5.5],"texture":"#texture"},"west":{"uv":[2.5,2,6.5,6],"texture":"#texture"},"up":{"uv":[2.5,2,7,7],"texture":"#texture"},"down":{"uv":[2.5,2,7,6.5],"texture":"#texture"}}},{"from":[5,4.25,5.25],"to":[11,10.75,11.75],"faces":{"north":{"uv":[2.5,1,6.5,6],"texture":"#texture"},"east":{"uv":[0.5,1.5,5.5,5.5],"texture":"#texture"},"south":{"uv":[3,1,6,5.5],"texture":"#texture"},"west":{"uv":[2.5,2,6.5,6],"texture":"#texture"},"up":{"uv":[2.5,2,7,7],"texture":"#texture"},"down":{"uv":[2.5,2,7,6.5],"texture":"#texture"}}},{"from":[5,3,7.4375],"to":[11,12,9.5625],"faces":{"north":{"uv":[2.5,1,6.5,6],"texture":"#texture"},"east":{"uv":[0.5,1.5,5.5,5.5],"texture":"#texture"},"south":{"uv":[3,1,6,5.5],"texture":"#texture"},"west":{"uv":[2.5,2,6.5,6],"texture":"#texture"},"up":{"uv":[2.5,2,7,7],"texture":"#texture"},"down":{"uv":[2.5,2,7,6.5],"texture":"#texture"}}},{"from":[5,6.4375,4],"to":[11,8.5,13],"faces":{"north":{"uv":[2.5,1,6.5,6],"texture":"#texture"},"east":{"uv":[0.5,1.5,5.5,5.5],"texture":"#texture"},"south":{"uv":[3,1,6,5.5],"texture":"#texture"},"west":{"uv":[2.5,2,6.5,6],"texture":"#texture"},"up":{"uv":[2.5,2,7,7],"texture":"#texture"},"down":{"uv":[2.5,2,7,6.5],"texture":"#texture"}}},{"from":[5,11,7.4375],"to":[6.41,12,9.5625],"rotation":{"angle":45,"axis":"z","origin":[5,12,7.4375]},"faces":{"north":{"uv":[2.5,1,6.5,6],"texture":"#texture"},"east":{"uv":[0.5,1.5,5.5,5.5],"texture":"#texture"},"south":{"uv":[3,1,6,5.5],"texture":"#texture"},"west":{"uv":[2.5,2,6.5,6],"texture":"#texture"},"up":{"uv":[2.5,2,7,7],"texture":"#texture"},"down":{"uv":[2.5,2,7,6.5],"texture":"#texture"}}},{"from":[10,12,7.4375],"to":[11.41,13,9.5625],"rotation":{"angle":-45,"axis":"z","origin":[10,13,7.4375]},"faces":{"north":{"uv":[2.5,1,6.5,6],"texture":"#texture"},"east":{"uv":[0.5,1.5,5.5,5.5],"texture":"#texture"},"south":{"uv":[3,1,6,5.5],"texture":"#texture"},"west":{"uv":[2.5,2,6.5,6],"texture":"#texture"},"up":{"uv":[2.5,2,7,7],"texture":"#texture"},"down":{"uv":[2.5,2,7,6.5],"texture":"#texture"}}},{"from":[5.71,2.72,7.4375],"to":[7.12,3.72,9.5625],"rotation":{"angle":-45,"axis":"z","origin":[5.71,3.72,7.4375]},"faces":{"north":{"uv":[2.5,1,6.5,6],"texture":"#texture"},"east":{"uv":[0.5,1.5,5.5,5.5],"texture":"#texture"},"south":{"uv":[3,1,6,5.5],"texture":"#texture"},"west":{"uv":[2.5,2,6.5,6],"texture":"#texture"},"up":{"uv":[2.5,2,7,7],"texture":"#texture"},"down":{"uv":[2.5,2,7,6.5],"texture":"#texture"}}},{"from":[9.29,1.71,7.4375],"to":[10.7,2.71,9.5625],"rotation":{"angle":45,"axis":"z","origin":[9.29,2.71,7.4375]},"faces":{"north":{"uv":[2.5,1,6.5,6],"texture":"#texture"},"east":{"uv":[0.5,1.5,5.5,5.5],"texture":"#texture"},"south":{"uv":[3,1,6,5.5],"texture":"#texture"},"west":{"uv":[2.5,2,6.5,6],"texture":"#texture"},"up":{"uv":[2.5,2,7,7],"texture":"#texture"},"down":{"uv":[2.5,2,7,6.5],"texture":"#texture"}}},{"from":[5,6.4375,4],"to":[6.41,8.5,5],"rotation":{"angle":45,"axis":"y","origin":[5,6.4375,4]},"faces":{"north":{"uv":[2.5,1,6.5,6],"texture":"#texture"},"east":{"uv":[0.5,1.5,5.5,5.5],"texture":"#texture"},"south":{"uv":[3,1,6,5.5],"texture":"#texture"},"west":{"uv":[2.5,2,6.5,6],"texture":"#texture"},"up":{"uv":[2.5,2,7,7],"texture":"#texture"},"down":{"uv":[2.5,2,7,6.5],"texture":"#texture"}}},{"from":[10,6.4375,3],"to":[11.41,8.5,4],"rotation":{"angle":-45,"axis":"y","origin":[10,6.4375,3]},"faces":{"north":{"uv":[2.5,1,6.5,6],"texture":"#texture"},"east":{"uv":[0.5,1.5,5.5,5.5],"texture":"#texture"},"south":{"uv":[3,1,6,5.5],"texture":"#texture"},"west":{"uv":[2.5,2,6.5,6],"texture":"#texture"},"up":{"uv":[2.5,2,7,7],"texture":"#texture"},"down":{"uv":[2.5,2,7,6.5],"texture":"#texture"}}},{"from":[5.7075,6.4375,12.2925],"to":[7.1175,8.5,13.2925],"rotation":{"angle":-45,"axis":"y","origin":[5.7075,6.4375,12.2925]},"faces":{"north":{"uv":[2.5,1,6.5,6],"texture":"#texture"},"east":{"uv":[0.5,1.5,5.5,5.5],"texture":"#texture"},"south":{"uv":[3,1,6,5.5],"texture":"#texture"},"west":{"uv":[2.5,2,6.5,6],"texture":"#texture"},"up":{"uv":[2.5,2,7,7],"texture":"#texture"},"down":{"uv":[2.5,2,7,6.5],"texture":"#texture"}}},{"from":[9.29,6.4375,13.2925],"to":[10.7,8.5,14.2925],"rotation":{"angle":45,"axis":"y","origin":[9.29,6.4375,13.2925]},"faces":{"north":{"uv":[2.5,1,6.5,6],"texture":"#texture"},"east":{"uv":[0.5,1.5,5.5,5.5],"texture":"#texture"},"south":{"uv":[3,1,6,5.5],"texture":"#texture"},"west":{"uv":[2.5,2,6.5,6],"texture":"#texture"},"up":{"uv":[2.5,2,7,7],"texture":"#texture"},"down":{"uv":[2.5,2,7,6.5],"texture":"#texture"}}},{"from":[5,1.375,4.5],"to":[11,8.5,8.6875],"rotation":{"angle":-45,"axis":"x","origin":[5,8.5,4.5]},"faces":{"north":{"uv":[2.5,1,6.5,6],"texture":"#texture"},"east":{"uv":[0.5,1.5,5.5,5.5],"texture":"#texture"},"south":{"uv":[3,1,6,5.5],"texture":"#texture"},"west":{"uv":[2.5,2,6.5,6],"texture":"#texture"},"up":{"uv":[2.5,2,7,7],"texture":"#texture"},"down":{"uv":[2.5,2,7,6.5],"texture":"#texture"}}},{"from":[5,4.375,9.5],"to":[11,11.5,13.6875],"rotation":{"angle":45,"axis":"x","origin":[5,11.5,9.5]},"faces":{"north":{"uv":[2.5,1,6.5,6],"texture":"#texture"},"east":{"uv":[0.5,1.5,5.5,5.5],"texture":"#texture"},"south":{"uv":[3,1,6,5.5],"texture":"#texture"},"west":{"uv":[2.5,2,6.5,6],"texture":"#texture"},"up":{"uv":[2.5,2,7,7],"texture":"#texture"},"down":{"uv":[2.5,2,7,6.5],"texture":"#texture"}}},{"from":[6,11.625,5.25],"to":[10,12.625,6.25],"rotation":{"angle":-22.5,"axis":"x","origin":[6,12.625,5.25]},"faces":{"north":{"uv":[12,2.5,15,6],"texture":"#texture"},"east":{"uv":[10,2,14,6.5],"texture":"#texture"},"south":{"uv":[12,2.5,15,6.5],"texture":"#texture"},"west":{"uv":[10.5,1,14,5],"texture":"#texture"},"up":{"uv":[11.5,1.5,14,5],"texture":"#texture"},"down":{"uv":[11,2.5,13,6],"texture":"#texture"}}},{"from":[6,11.25,12.4375],"to":[10,12.25,13.4375],"rotation":{"angle":45,"axis":"x","origin":[6,12.25,12.4375]},"faces":{"north":{"uv":[12,2.5,15,6],"texture":"#texture"},"east":{"uv":[10,2,14,6.5],"texture":"#texture"},"south":{"uv":[12,2.5,15,6.5],"texture":"#texture"},"west":{"uv":[10.5,1,14,5],"texture":"#texture"},"up":{"uv":[11.5,1.5,14,5],"texture":"#texture"},"down":{"uv":[11,2.5,13,6],"texture":"#texture"}}},{"from":[5.5,11.625,5.4375],"to":[10.5,12.1875,6.4375],"rotation":{"angle":-22.5,"axis":"x","origin":[5.5,12.1875,5.4375]},"faces":{"north":{"uv":[12,2.5,15,6],"texture":"#texture"},"east":{"uv":[10,2,14,6.5],"texture":"#texture"},"south":{"uv":[12,2.5,15,6.5],"texture":"#texture"},"west":{"uv":[10.5,1,14,5],"texture":"#texture"},"up":{"uv":[11.5,1.5,14,5],"texture":"#texture"},"down":{"uv":[11,2.5,13,6],"texture":"#texture"}}},{"from":[5.5,11.375,12.125],"to":[10.5,11.9375,13.125],"rotation":{"angle":45,"axis":"x","origin":[5.5,11.9375,12.125]},"faces":{"north":{"uv":[12,2.5,15,6],"texture":"#texture"},"east":{"uv":[10,2,14,6.5],"texture":"#texture"},"south":{"uv":[12,2.5,15,6.5],"texture":"#texture"},"west":{"uv":[10.5,1,14,5],"texture":"#texture"},"up":{"uv":[11.5,1.5,14,5],"texture":"#texture"},"down":{"uv":[11,2.5,13,6],"texture":"#texture"}}},{"from":[7,10.25,12.4375],"to":[9,11.25,16.9375],"rotation":{"angle":-45,"axis":"x","origin":[7,11.25,12.4375]},"faces":{"north":{"uv":[12,2.5,15,6],"texture":"#texture"},"east":{"uv":[10,2,14,6.5],"texture":"#texture"},"south":{"uv":[12,2.5,15,6.5],"texture":"#texture"},"west":{"uv":[10.5,1,14,5],"texture":"#texture"},"up":{"uv":[11.5,1.5,14,5],"texture":"#texture"},"down":{"uv":[11,2.5,13,6],"texture":"#texture"}}},{"from":[7,9.25,14.75],"to":[9,14.75,15.75],"rotation":{"angle":22.5,"axis":"x","origin":[7,14.75,14.75]},"faces":{"north":{"uv":[12,2.5,15,6],"texture":"#texture"},"east":{"uv":[10,2,14,6.5],"texture":"#texture"},"south":{"uv":[12,2.5,15,6.5],"texture":"#texture"},"west":{"uv":[10.5,1,14,5],"texture":"#texture"},"up":{"uv":[11.5,1.5,14,5],"texture":"#texture"},"down":{"uv":[11,2.5,13,6],"texture":"#texture"}}},{"from":[7,14.3125,14.75],"to":[9,14.8125,16.5],"rotation":{"angle":-22.5,"axis":"x","origin":[7,14.8125,14.75]},"faces":{"north":{"uv":[12,2.5,15,6],"texture":"#texture"},"east":{"uv":[10,2,14,6.5],"texture":"#texture"},"south":{"uv":[12,2.5,15,6.5],"texture":"#texture"},"west":{"uv":[10.5,1,14,5],"texture":"#texture"},"up":{"uv":[11.5,1.5,14,5],"texture":"#texture"},"down":{"uv":[11,2.5,13,6],"texture":"#texture"}}},{"from":[7,13.8125,16.4375],"to":[9,15.375,16.9375],"rotation":{"angle":22.5,"axis":"x","origin":[7,15.375,16.4375]},"faces":{"north":{"uv":[12,2.5,15,6],"texture":"#texture"},"east":{"uv":[10,2,14,6.5],"texture":"#texture"},"south":{"uv":[12,2.5,15,6.5],"texture":"#texture"},"west":{"uv":[10.5,1,14,5],"texture":"#texture"},"up":{"uv":[11.5,1.5,14,5],"texture":"#texture"},"down":{"uv":[11,2.5,13,6],"texture":"#texture"}}},{"from":[7,14.9375,16.25],"to":[9,15.4375,16.75],"rotation":{"angle":-22.5,"axis":"x","origin":[7,15.4375,16.25]},"faces":{"north":{"uv":[12,2.5,15,6],"texture":"#texture"},"east":{"uv":[10,2,14,6.5],"texture":"#texture"},"south":{"uv":[12,2.5,15,6.5],"texture":"#texture"},"west":{"uv":[10.5,1,14,5],"texture":"#texture"},"up":{"uv":[11.5,1.5,14,5],"texture":"#texture"},"down":{"uv":[11,2.5,13,6],"texture":"#texture"}}},{"from":[7,13.9375,15.625],"to":[9,15.125,16.4375],"rotation":{"angle":22.5,"axis":"x","origin":[7,15.125,15.625]},"faces":{"north":{"uv":[12,2.5,15,6],"texture":"#texture"},"east":{"uv":[10,2,14,6.5],"texture":"#texture"},"south":{"uv":[12,2.5,15,6.5],"texture":"#texture"},"west":{"uv":[10.5,1,14,5],"texture":"#texture"},"up":{"uv":[11.5,1.5,14,5],"texture":"#texture"},"down":{"uv":[11,2.5,13,6],"texture":"#texture"}}},{"from":[6.5,13,8],"to":[9.5,15.5,9],"faces":{"north":{"uv":[12,2.5,15,6],"texture":"#texture"},"east":{"uv":[10,2,14,6.5],"texture":"#texture"},"south":{"uv":[12,2.5,15,6.5],"texture":"#texture"},"west":{"uv":[10.5,1,14,5],"texture":"#texture"},"up":{"uv":[11.5,1.5,14,5],"texture":"#texture"},"down":{"uv":[11,2.5,13,6],"texture":"#texture"}}},{"from":[5.1875,12.0625,8],"to":[8.1875,14.5625,9],"rotation":{"angle":45,"axis":"z","origin":[5.1875,14.5625,8]},"faces":{"north":{"uv":[12,2.5,15,6],"texture":"#texture"},"east":{"uv":[10,2,14,6.5],"texture":"#texture"},"south":{"uv":[12,2.5,15,6.5],"texture":"#texture"},"west":{"uv":[10.5,1,14,5],"texture":"#texture"},"up":{"uv":[11.5,1.5,14,5],"texture":"#texture"},"down":{"uv":[11,2.5,13,6],"texture":"#texture"}}},{"from":[7,14.4375,8],"to":[10,16.9375,9],"rotation":{"angle":22.5,"axis":"z","origin":[7,16.9375,8]},"faces":{"north":{"uv":[12,2.5,15,6],"texture":"#texture"},"east":{"uv":[10,2,14,6.5],"texture":"#texture"},"south":{"uv":[12,2.5,15,6.5],"texture":"#texture"},"west":{"uv":[10.5,1,14,5],"texture":"#texture"},"up":{"uv":[11.5,1.5,14,5],"texture":"#texture"},"down":{"uv":[11,2.5,13,6],"texture":"#texture"}}},{"from":[7.3125,14.875,8],"to":[9.3125,18.875,9],"rotation":{"angle":-22.5,"axis":"z","origin":[7.3125,18.875,8]},"faces":{"north":{"uv":[12,2.5,15,6],"texture":"#texture"},"east":{"uv":[10,2,14,6.5],"texture":"#texture"},"south":{"uv":[12,2.5,15,6.5],"texture":"#texture"},"west":{"uv":[10.5,1,14,5],"texture":"#texture"},"up":{"uv":[11.5,1.5,14,5],"texture":"#texture"},"down":{"uv":[11,2.5,13,6],"texture":"#texture"}}},{"from":[7.1875,17.75,7.75],"to":[8.1875,21.75,9.25],"faces":{"north":{"uv":[12,2.5,15,6],"texture":"#texture"},"east":{"uv":[10,2,14,6.5],"texture":"#texture"},"south":{"uv":[12,2.5,15,6.5],"texture":"#texture"},"west":{"uv":[10.5,1,14,5],"texture":"#texture"},"up":{"uv":[11.5,1.5,14,5],"texture":"#texture"},"down":{"uv":[11,2.5,13,6],"texture":"#texture"}}},{"from":[7.1875,17.25,7.75],"to":[8.1875,21.75,9.25],"rotation":{"angle":22.5,"axis":"z","origin":[7.1875,21.75,7.75]},"faces":{"north":{"uv":[12,2.5,15,6],"texture":"#texture"},"east":{"uv":[10,2,14,6.5],"texture":"#texture"},"south":{"uv":[12,2.5,15,6.5],"texture":"#texture"},"west":{"uv":[10.5,1,14,5],"texture":"#texture"},"up":{"uv":[11.5,1.5,14,5],"texture":"#texture"},"down":{"uv":[11,2.5,13,6],"texture":"#texture"}}},{"from":[8,18,8],"to":[9,19.5,9],"faces":{"north":{"uv":[12,2.5,15,6],"texture":"#texture"},"east":{"uv":[10,2,14,6.5],"texture":"#texture"},"south":{"uv":[12,2.5,15,6.5],"texture":"#texture"},"west":{"uv":[10.5,1,14,5],"texture":"#texture"},"up":{"uv":[11.5,1.5,14,5],"texture":"#texture"},"down":{"uv":[11,2.5,13,6],"texture":"#texture"}}},{"from":[9.3125,14.3125,8],"to":[10.8125,16.8125,9],"rotation":{"angle":-45,"axis":"z","origin":[9.3125,16.8125,8]},"faces":{"north":{"uv":[12,2.5,15,6],"texture":"#texture"},"east":{"uv":[10,2,14,6.5],"texture":"#texture"},"south":{"uv":[12,2.5,15,6.5],"texture":"#texture"},"west":{"uv":[10.5,1,14,5],"texture":"#texture"},"up":{"uv":[11.5,1.5,14,5],"texture":"#texture"},"down":{"uv":[11,2.5,13,6],"texture":"#texture"}}},{"from":[9,13.875,8],"to":[10,15.875,9],"rotation":{"angle":-22.5,"axis":"z","origin":[9,15.875,8]},"faces":{"north":{"uv":[12,2.5,15,6],"texture":"#texture"},"east":{"uv":[10,2,14,6.5],"texture":"#texture"},"south":{"uv":[12,2.5,15,6.5],"texture":"#texture"},"west":{"uv":[10.5,1,14,5],"texture":"#texture"},"up":{"uv":[11.5,1.5,14,5],"texture":"#texture"},"down":{"uv":[11,2.5,13,6],"texture":"#texture"}}},{"from":[7.1875,15.75,7.75],"to":[8.1875,17.75,9.25],"rotation":{"angle":22.5,"axis":"z","origin":[7.1875,17.75,7.75]},"faces":{"north":{"uv":[12,2.5,15,6],"texture":"#texture"},"east":{"uv":[10,2,14,6.5],"texture":"#texture"},"south":{"uv":[12,2.5,15,6.5],"texture":"#texture"},"west":{"uv":[10.5,1,14,5],"texture":"#texture"},"up":{"uv":[11.5,1.5,14,5],"texture":"#texture"},"down":{"uv":[11,2.5,13,6],"texture":"#texture"}}},{"from":[8.9375,16.3425,7.75],"to":[9.9375,18.3425,9.25],"rotation":{"angle":-22.5,"axis":"z","origin":[8.9375,18.3425,7.75]},"faces":{"north":{"uv":[12,2.5,15,6],"texture":"#texture"},"east":{"uv":[10,2,14,6.5],"texture":"#texture"},"south":{"uv":[12,2.5,15,6.5],"texture":"#texture"},"west":{"uv":[10.5,1,14,5],"texture":"#texture"},"up":{"uv":[11.5,1.5,14,5],"texture":"#texture"},"down":{"uv":[11,2.5,13,6],"texture":"#texture"}}},{"from":[7.5,16.875,7.75],"to":[8.5,19.125,9.25],"rotation":{"angle":22.5,"axis":"z","origin":[7.5,19.125,7.75]},"faces":{"north":{"uv":[12,2.5,15,6],"texture":"#texture"},"east":{"uv":[10,2,14,6.5],"texture":"#texture"},"south":{"uv":[12,2.5,15,6.5],"texture":"#texture"},"west":{"uv":[10.5,1,14,5],"texture":"#texture"},"up":{"uv":[11.5,1.5,14,5],"texture":"#texture"},"down":{"uv":[11,2.5,13,6],"texture":"#texture"}}},{"from":[8.25,15.845,7.75],"to":[9.25,16.595,9.25],"rotation":{"angle":-22.5,"axis":"z","origin":[8.25,16.595,7.75]},"faces":{"north":{"uv":[12,2.5,15,6],"texture":"#texture"},"east":{"uv":[10,2,14,6.5],"texture":"#texture"},"south":{"uv":[12,2.5,15,6.5],"texture":"#texture"},"west":{"uv":[10.5,1,14,5],"texture":"#texture"},"up":{"uv":[11.5,1.5,14,5],"texture":"#texture"},"down":{"uv":[11,2.5,13,6],"texture":"#texture"}}},{"from":[7,10.25,2],"to":[9,15.75,3],"rotation":{"angle":-22.5,"axis":"x","origin":[7,15.75,2]},"faces":{"north":{"uv":[12,2.5,15,6],"texture":"#texture"},"east":{"uv":[10,2,14,6.5],"texture":"#texture"},"south":{"uv":[12,2.5,15,6.5],"texture":"#texture"},"west":{"uv":[10.5,1,14,5],"texture":"#texture"},"up":{"uv":[11.5,1.5,14,5],"texture":"#texture"},"down":{"uv":[11,2.5,13,6],"texture":"#texture"}}},{"from":[7,14.75,2],"to":[9,16,7.25],"rotation":{"angle":45,"axis":"x","origin":[7,16,2]},"faces":{"north":{"uv":[12,2.5,15,6],"texture":"#texture"},"east":{"uv":[10,2,14,6.5],"texture":"#texture"},"south":{"uv":[12,2.5,15,6.5],"texture":"#texture"},"west":{"uv":[10.5,1,14,5],"texture":"#texture"},"up":{"uv":[11.5,1.5,14,5],"texture":"#texture"},"down":{"uv":[11,2.5,13,6],"texture":"#texture"}}},{"from":[7,15.25,1.375],"to":[9,16.8125,1.875],"faces":{"north":{"uv":[12,2.5,15,6],"texture":"#texture"},"east":{"uv":[10,2,14,6.5],"texture":"#texture"},"south":{"uv":[12,2.5,15,6.5],"texture":"#texture"},"west":{"uv":[10.5,1,14,5],"texture":"#texture"},"up":{"uv":[11.5,1.5,14,5],"texture":"#texture"},"down":{"uv":[11,2.5,13,6],"texture":"#texture"}}},{"from":[7,16.5625,2],"to":[9,17.0625,3.3125],"rotation":{"angle":45,"axis":"x","origin":[7,17.0625,2]},"faces":{"north":{"uv":[12,2.5,15,6],"texture":"#texture"},"east":{"uv":[10,2,14,6.5],"texture":"#texture"},"south":{"uv":[12,2.5,15,6.5],"texture":"#texture"},"west":{"uv":[10.5,1,14,5],"texture":"#texture"},"up":{"uv":[11.5,1.5,14,5],"texture":"#texture"},"down":{"uv":[11,2.5,13,6],"texture":"#texture"}}},{"from":[7,16.75,1.5625],"to":[9,17.25,2.0625],"rotation":{"angle":22.5,"axis":"x","origin":[7,17.25,1.5625]},"faces":{"north":{"uv":[12,2.5,15,6],"texture":"#texture"},"east":{"uv":[10,2,14,6.5],"texture":"#texture"},"south":{"uv":[12,2.5,15,6.5],"texture":"#texture"},"west":{"uv":[10.5,1,14,5],"texture":"#texture"},"up":{"uv":[11.5,1.5,14,5],"texture":"#texture"},"down":{"uv":[11,2.5,13,6],"texture":"#texture"}}},{"from":[7,15.125,1.5],"to":[9,16.375,2.25],"rotation":{"angle":-22.5,"axis":"x","origin":[7,16.375,1.5]},"faces":{"north":{"uv":[12,2.5,15,6],"texture":"#texture"},"east":{"uv":[10,2,14,6.5],"texture":"#texture"},"south":{"uv":[12,2.5,15,6.5],"texture":"#texture"},"west":{"uv":[10.5,1,14,5],"texture":"#texture"},"up":{"uv":[11.5,1.5,14,5],"texture":"#texture"},"down":{"uv":[11,2.5,13,6],"texture":"#texture"}}},{"from":[6,10.25,3.5],"to":[10,11.25,4.5],"rotation":{"angle":22.5,"axis":"x","origin":[6,11.25,3.5]},"faces":{"north":{"uv":[12,2.5,15,6],"texture":"#texture"},"east":{"uv":[10,2,14,6.5],"texture":"#texture"},"south":{"uv":[12,2.5,15,6.5],"texture":"#texture"},"west":{"uv":[10.5,1,14,5],"texture":"#texture"},"up":{"uv":[11.5,1.5,14,5],"texture":"#texture"},"down":{"uv":[11,2.5,13,6],"texture":"#texture"}}},{"from":[5.5,10.0625,3.9375],"to":[10.5,11.0625,4.6875],"rotation":{"angle":22.5,"axis":"x","origin":[5.5,11.0625,3.9375]},"faces":{"north":{"uv":[12,2.5,15,6],"texture":"#texture"},"east":{"uv":[10,2,14,6.5],"texture":"#texture"},"south":{"uv":[12,2.5,15,6.5],"texture":"#texture"},"west":{"uv":[10.5,1,14,5],"texture":"#texture"},"up":{"uv":[11.5,1.5,14,5],"texture":"#texture"},"down":{"uv":[11,2.5,13,6],"texture":"#texture"}}},{"from":[4.6875,11.1875,8.25],"to":[5.9375,12.4375,8.75],"rotation":{"angle":22.5,"axis":"z","origin":[4.6875,12.4375,8.25]},"faces":{"north":{"uv":[12,2.5,15,6],"texture":"#texture"},"east":{"uv":[10,2,14,6.5],"texture":"#texture"},"south":{"uv":[12,2.5,15,6.5],"texture":"#texture"},"west":{"uv":[10.5,1,14,5],"texture":"#texture"},"up":{"uv":[11.5,1.5,14,5],"texture":"#texture"},"down":{"uv":[11,2.5,13,6],"texture":"#texture"}}},{"from":[5.0625,9.6875,8.25],"to":[6.3125,10.9375,8.75],"rotation":{"angle":-45,"axis":"z","origin":[5.0625,10.9375,8.25]},"faces":{"north":{"uv":[12,2.5,15,6],"texture":"#texture"},"east":{"uv":[10,2,14,6.5],"texture":"#texture"},"south":{"uv":[12,2.5,15,6.5],"texture":"#texture"},"west":{"uv":[10.5,1,14,5],"texture":"#texture"},"up":{"uv":[11.5,1.5,14,5],"texture":"#texture"},"down":{"uv":[11,2.5,13,6],"texture":"#texture"}}},{"from":[5.1875,7.4375,8.25],"to":[6.4375,8.6875,8.75],"rotation":{"angle":-45,"axis":"z","origin":[5.1875,8.6875,8.25]},"faces":{"north":{"uv":[12,2.5,15,6],"texture":"#texture"},"east":{"uv":[10,2,14,6.5],"texture":"#texture"},"south":{"uv":[12,2.5,15,6.5],"texture":"#texture"},"west":{"uv":[10.5,1,14,5],"texture":"#texture"},"up":{"uv":[11.5,1.5,14,5],"texture":"#texture"},"down":{"uv":[11,2.5,13,6],"texture":"#texture"}}},{"from":[5,4.9375,8.25],"to":[6.25,6.1875,8.75],"rotation":{"angle":-45,"axis":"z","origin":[5,6.1875,8.25]},"faces":{"north":{"uv":[12,2.5,15,6],"texture":"#texture"},"east":{"uv":[10,2,14,6.5],"texture":"#texture"},"south":{"uv":[12,2.5,15,6.5],"texture":"#texture"},"west":{"uv":[10.5,1,14,5],"texture":"#texture"},"up":{"uv":[11.5,1.5,14,5],"texture":"#texture"},"down":{"uv":[11,2.5,13,6],"texture":"#texture"}}},{"from":[10.75,4.75,8.25],"to":[12,6,8.75],"rotation":{"angle":-45,"axis":"z","origin":[10.75,6,8.25]},"faces":{"north":{"uv":[12,2.5,15,6],"texture":"#texture"},"east":{"uv":[10,2,14,6.5],"texture":"#texture"},"south":{"uv":[12,2.5,15,6.5],"texture":"#texture"},"west":{"uv":[10.5,1,14,5],"texture":"#texture"},"up":{"uv":[11.5,1.5,14,5],"texture":"#texture"},"down":{"uv":[11,2.5,13,6],"texture":"#texture"}}},{"from":[11,6.9375,8.25],"to":[12.25,8.1875,8.75],"rotation":{"angle":-45,"axis":"z","origin":[11,8.1875,8.25]},"faces":{"north":{"uv":[12,2.5,15,6],"texture":"#texture"},"east":{"uv":[10,2,14,6.5],"texture":"#texture"},"south":{"uv":[12,2.5,15,6.5],"texture":"#texture"},"west":{"uv":[10.5,1,14,5],"texture":"#texture"},"up":{"uv":[11.5,1.5,14,5],"texture":"#texture"},"down":{"uv":[11,2.5,13,6],"texture":"#texture"}}},{"from":[10.0625,8.625,8.25],"to":[11.3125,9.875,8.75],"rotation":{"angle":45,"axis":"z","origin":[10.0625,9.875,8.25]},"faces":{"north":{"uv":[12,2.5,15,6],"texture":"#texture"},"east":{"uv":[10,2,14,6.5],"texture":"#texture"},"south":{"uv":[12,2.5,15,6.5],"texture":"#texture"},"west":{"uv":[10.5,1,14,5],"texture":"#texture"},"up":{"uv":[11.5,1.5,14,5],"texture":"#texture"},"down":{"uv":[11,2.5,13,6],"texture":"#texture"}}},{"from":[10.1875,11.5625,8.25],"to":[11.4375,12.8125,8.75],"rotation":{"angle":-22.5,"axis":"z","origin":[10.1875,12.8125,8.25]},"faces":{"north":{"uv":[12,2.5,15,6],"texture":"#texture"},"east":{"uv":[10,2,14,6.5],"texture":"#texture"},"south":{"uv":[12,2.5,15,6.5],"texture":"#texture"},"west":{"uv":[10.5,1,14,5],"texture":"#texture"},"up":{"uv":[11.5,1.5,14,5],"texture":"#texture"},"down":{"uv":[11,2.5,13,6],"texture":"#texture"}}},{"from":[7.25,7,-2],"to":[9,8.25,19],"faces":{"north":{"uv":[12,2.5,15,6],"texture":"#texture"},"east":{"uv":[10,2,14,6.5],"texture":"#texture"},"south":{"uv":[12,2.5,15,6.5],"texture":"#texture"},"west":{"uv":[10.5,1,14,5],"texture":"#texture"},"up":{"uv":[11.5,1.5,14,5],"texture":"#texture"},"down":{"uv":[11,2.5,13,6],"texture":"#texture"}}},{"from":[7.25,7,-0.75],"to":[8.75,8.25,1.75],"rotation":{"angle":-22.5,"axis":"y","origin":[7.25,7,-0.75]},"faces":{"north":{"uv":[12,2.5,15,6],"texture":"#texture"},"east":{"uv":[10,2,14,6.5],"texture":"#texture"},"south":{"uv":[12,2.5,15,6.5],"texture":"#texture"},"west":{"uv":[10.5,1,14,5],"texture":"#texture"},"up":{"uv":[11.5,1.5,14,5],"texture":"#texture"},"down":{"uv":[11,2.5,13,6],"texture":"#texture"}}},{"from":[7.625,7,-0.1875],"to":[9.125,8.25,2.3125],"rotation":{"angle":22.5,"axis":"y","origin":[7.625,7,-0.1875]},"faces":{"north":{"uv":[12,2.5,15,6],"texture":"#texture"},"east":{"uv":[10,2,14,6.5],"texture":"#texture"},"south":{"uv":[12,2.5,15,6.5],"texture":"#texture"},"west":{"uv":[10.5,1,14,5],"texture":"#texture"},"up":{"uv":[11.5,1.5,14,5],"texture":"#texture"},"down":{"uv":[11,2.5,13,6],"texture":"#texture"}}},{"from":[6.3125,7,1.5625],"to":[7.8125,8.25,4.0625],"rotation":{"angle":22.5,"axis":"y","origin":[6.3125,7,1.5625]},"faces":{"north":{"uv":[12,2.5,15,6],"texture":"#texture"},"east":{"uv":[10,2,14,6.5],"texture":"#texture"},"south":{"uv":[12,2.5,15,6.5],"texture":"#texture"},"west":{"uv":[10.5,1,14,5],"texture":"#texture"},"up":{"uv":[11.5,1.5,14,5],"texture":"#texture"},"down":{"uv":[11,2.5,13,6],"texture":"#texture"}}},{"from":[8.5625,7,0.9375],"to":[10.0625,8.25,3.4375],"rotation":{"angle":-22.5,"axis":"y","origin":[8.5625,7,0.9375]},"faces":{"north":{"uv":[12,2.5,15,6],"texture":"#texture"},"east":{"uv":[10,2,14,6.5],"texture":"#texture"},"south":{"uv":[12,2.5,15,6.5],"texture":"#texture"},"west":{"uv":[10.5,1,14,5],"texture":"#texture"},"up":{"uv":[11.5,1.5,14,5],"texture":"#texture"},"down":{"uv":[11,2.5,13,6],"texture":"#texture"}}},{"from":[7.9375,7,-3.625],"to":[8.4375,8.25,-1.875],"rotation":{"angle":-22.5,"axis":"y","origin":[7.9375,7,-3.625]},"faces":{"north":{"uv":[12,2.5,15,6],"texture":"#texture"},"east":{"uv":[10,2,14,6.5],"texture":"#texture"},"south":{"uv":[12,2.5,15,6.5],"texture":"#texture"},"west":{"uv":[10.5,1,14,5],"texture":"#texture"},"up":{"uv":[11.5,1.5,14,5],"texture":"#texture"},"down":{"uv":[11,2.5,13,6],"texture":"#texture"}}},{"from":[7.875,7,-3.4375],"to":[8.375,8.25,-1.6875],"rotation":{"angle":22.5,"axis":"y","origin":[7.875,7,-3.4375]},"faces":{"north":{"uv":[12,2.5,15,6],"texture":"#texture"},"east":{"uv":[10,2,14,6.5],"texture":"#texture"},"south":{"uv":[12,2.5,15,6.5],"texture":"#texture"},"west":{"uv":[10.5,1,14,5],"texture":"#texture"},"up":{"uv":[11.5,1.5,14,5],"texture":"#texture"},"down":{"uv":[11,2.5,13,6],"texture":"#texture"}}},{"from":[8.145,7,-3.8125],"to":[8.4575,8.25,-3.5],"rotation":{"angle":-45,"axis":"y","origin":[8.145,7,-3.8125]},"faces":{"north":{"uv":[12,2.5,15,6],"texture":"#texture"},"east":{"uv":[10,2,14,6.5],"texture":"#texture"},"south":{"uv":[12,2.5,15,6.5],"texture":"#texture"},"west":{"uv":[10.5,1,14,5],"texture":"#texture"},"up":{"uv":[11.5,1.5,14,5],"texture":"#texture"},"down":{"uv":[11,2.5,13,6],"texture":"#texture"}}},{"from":[7.75,7,-2.75],"to":[8.5,8.25,-2],"faces":{"north":{"uv":[12,2.5,15,6],"texture":"#texture"},"east":{"uv":[10,2,14,6.5],"texture":"#texture"},"south":{"uv":[12,2.5,15,6.5],"texture":"#texture"},"west":{"uv":[10.5,1,14,5],"texture":"#texture"},"up":{"uv":[11.5,1.5,14,5],"texture":"#texture"},"down":{"uv":[11,2.5,13,6],"texture":"#texture"}}},{"from":[7.5,6.5,0],"to":[8.75,8.75,3],"faces":{"north":{"uv":[12,2.5,15,6],"texture":"#texture"},"east":{"uv":[10,2,14,6.5],"texture":"#texture"},"south":{"uv":[12,2.5,15,6.5],"texture":"#texture"},"west":{"uv":[10.5,1,14,5],"texture":"#texture"},"up":{"uv":[11.5,1.5,14,5],"texture":"#texture"},"down":{"uv":[11,2.5,13,6],"texture":"#texture"}}},{"from":[7.5,7.25,-1.1875],"to":[8.75,8.25,0.0625],"rotation":{"angle":-22.5,"axis":"x","origin":[7.5,8.25,-1.1875]},"faces":{"north":{"uv":[12,2.5,15,6],"texture":"#texture"},"east":{"uv":[10,2,14,6.5],"texture":"#texture"},"south":{"uv":[12,2.5,15,6.5],"texture":"#texture"},"west":{"uv":[10.5,1,14,5],"texture":"#texture"},"up":{"uv":[11.5,1.5,14,5],"texture":"#texture"},"down":{"uv":[11,2.5,13,6],"texture":"#texture"}}},{"from":[7.5,6.9375,-0.75],"to":[8.75,7.9375,0.5],"rotation":{"angle":22.5,"axis":"x","origin":[7.5,7.9375,-0.75]},"faces":{"north":{"uv":[12,2.5,15,6],"texture":"#texture"},"east":{"uv":[10,2,14,6.5],"texture":"#texture"},"south":{"uv":[12,2.5,15,6.5],"texture":"#texture"},"west":{"uv":[10.5,1,14,5],"texture":"#texture"},"up":{"uv":[11.5,1.5,14,5],"texture":"#texture"},"down":{"uv":[11,2.5,13,6],"texture":"#texture"}}},{"from":[7,8.5625,2.9375],"to":[9.25,9.5625,3.4375],"rotation":{"angle":22.5,"axis":"x","origin":[7,9.5625,2.9375]},"faces":{"north":{"uv":[12,2.5,15,6],"texture":"#texture"},"east":{"uv":[10,2,14,6.5],"texture":"#texture"},"south":{"uv":[12,2.5,15,6.5],"texture":"#texture"},"west":{"uv":[10.5,1,14,5],"texture":"#texture"},"up":{"uv":[11.5,1.5,14,5],"texture":"#texture"},"down":{"uv":[11,2.5,13,6],"texture":"#texture"}}},{"from":[7,5.625,2.5625],"to":[9.25,6.625,3.0625],"rotation":{"angle":-22.5,"axis":"x","origin":[7,6.625,2.5625]},"faces":{"north":{"uv":[12,2.5,15,6],"texture":"#texture"},"east":{"uv":[10,2,14,6.5],"texture":"#texture"},"south":{"uv":[12,2.5,15,6.5],"texture":"#texture"},"west":{"uv":[10.5,1,14,5],"texture":"#texture"},"up":{"uv":[11.5,1.5,14,5],"texture":"#texture"},"down":{"uv":[11,2.5,13,6],"texture":"#texture"}}},{"from":[7,7.9375,13.5625],"to":[9.25,8.9375,14.0625],"rotation":{"angle":-22.5,"axis":"x","origin":[7,8.9375,13.5625]},"faces":{"north":{"uv":[12,2.5,15,6],"texture":"#texture"},"east":{"uv":[10,2,14,6.5],"texture":"#texture"},"south":{"uv":[12,2.5,15,6.5],"texture":"#texture"},"west":{"uv":[10.5,1,14,5],"texture":"#texture"},"up":{"uv":[11.5,1.5,14,5],"texture":"#texture"},"down":{"uv":[11,2.5,13,6],"texture":"#texture"}}},{"from":[7,5.8125,13.8125],"to":[9.25,6.8125,14.3125],"rotation":{"angle":22.5,"axis":"x","origin":[7,6.8125,13.8125]},"faces":{"north":{"uv":[12,2.5,15,6],"texture":"#texture"},"east":{"uv":[10,2,14,6.5],"texture":"#texture"},"south":{"uv":[12,2.5,15,6.5],"texture":"#texture"},"west":{"uv":[10.5,1,14,5],"texture":"#texture"},"up":{"uv":[11.5,1.5,14,5],"texture":"#texture"},"down":{"uv":[11,2.5,13,6],"texture":"#texture"}}},{"from":[7.5,6.5,13.75],"to":[8.75,8.75,16.75],"faces":{"north":{"uv":[12,2.5,15,6],"texture":"#texture"},"east":{"uv":[10,2,14,6.5],"texture":"#texture"},"south":{"uv":[12,2.5,15,6.5],"texture":"#texture"},"west":{"uv":[10.5,1,14,5],"texture":"#texture"},"up":{"uv":[11.5,1.5,14,5],"texture":"#texture"},"down":{"uv":[11,2.5,13,6],"texture":"#texture"}}},{"from":[7.5,7.75,16.6952],"to":[8.75,8.75,17.9452],"rotation":{"angle":22.5,"axis":"x","origin":[7.5,8.75,16.6952]},"faces":{"north":{"uv":[12,2.5,15,6],"texture":"#texture"},"east":{"uv":[10,2,14,6.5],"texture":"#texture"},"south":{"uv":[12,2.5,15,6.5],"texture":"#texture"},"west":{"uv":[10.5,1,14,5],"texture":"#texture"},"up":{"uv":[11.5,1.5,14,5],"texture":"#texture"},"down":{"uv":[11,2.5,13,6],"texture":"#texture"}}},{"from":[7.5,6.4375,16.375],"to":[8.75,7.4375,17.625],"rotation":{"angle":-22.5,"axis":"x","origin":[7.5,7.4375,16.375]},"faces":{"north":{"uv":[12,2.5,15,6],"texture":"#texture"},"east":{"uv":[10,2,14,6.5],"texture":"#texture"},"south":{"uv":[12,2.5,15,6.5],"texture":"#texture"},"west":{"uv":[10.5,1,14,5],"texture":"#texture"},"up":{"uv":[11.5,1.5,14,5],"texture":"#texture"},"down":{"uv":[11,2.5,13,6],"texture":"#texture"}}},{"from":[7.25,7,13.1875],"to":[8.75,8.25,15.6875],"rotation":{"angle":-22.5,"axis":"y","origin":[7.25,7,13.1875]},"faces":{"north":{"uv":[12,2.5,15,6],"texture":"#texture"},"east":{"uv":[10,2,14,6.5],"texture":"#texture"},"south":{"uv":[12,2.5,15,6.5],"texture":"#texture"},"west":{"uv":[10.5,1,14,5],"texture":"#texture"},"up":{"uv":[11.5,1.5,14,5],"texture":"#texture"},"down":{"uv":[11,2.5,13,6],"texture":"#texture"}}},{"from":[7.25,7,19],"to":[7.75,8.25,20.75],"rotation":{"angle":22.5,"axis":"y","origin":[7.25,7,19]},"faces":{"north":{"uv":[12,2.5,15,6],"texture":"#texture"},"east":{"uv":[10,2,14,6.5],"texture":"#texture"},"south":{"uv":[12,2.5,15,6.5],"texture":"#texture"},"west":{"uv":[10.5,1,14,5],"texture":"#texture"},"up":{"uv":[11.5,1.5,14,5],"texture":"#texture"},"down":{"uv":[11,2.5,13,6],"texture":"#texture"}}},{"from":[8.5625,7,18.8125],"to":[9.0625,8.25,20.5625],"rotation":{"angle":-22.5,"axis":"y","origin":[8.5625,7,18.8125]},"faces":{"north":{"uv":[12,2.5,15,6],"texture":"#texture"},"east":{"uv":[10,2,14,6.5],"texture":"#texture"},"south":{"uv":[12,2.5,15,6.5],"texture":"#texture"},"west":{"uv":[10.5,1,14,5],"texture":"#texture"},"up":{"uv":[11.5,1.5,14,5],"texture":"#texture"},"down":{"uv":[11,2.5,13,6],"texture":"#texture"}}},{"from":[8.145,7,20.395],"to":[8.4575,8.25,20.7075],"rotation":{"angle":-45,"axis":"y","origin":[8.145,7,20.395]},"faces":{"north":{"uv":[12,2.5,15,6],"texture":"#texture"},"east":{"uv":[10,2,14,6.5],"texture":"#texture"},"south":{"uv":[12,2.5,15,6.5],"texture":"#texture"},"west":{"uv":[10.5,1,14,5],"texture":"#texture"},"up":{"uv":[11.5,1.5,14,5],"texture":"#texture"},"down":{"uv":[11,2.5,13,6],"texture":"#texture"}}},{"from":[7.5625,7,13.8125],"to":[9.0625,8.25,16.3125],"rotation":{"angle":22.5,"axis":"y","origin":[7.5625,7,13.8125]},"faces":{"north":{"uv":[12,2.5,15,6],"texture":"#texture"},"east":{"uv":[10,2,14,6.5],"texture":"#texture"},"south":{"uv":[12,2.5,15,6.5],"texture":"#texture"},"west":{"uv":[10.5,1,14,5],"texture":"#texture"},"up":{"uv":[11.5,1.5,14,5],"texture":"#texture"},"down":{"uv":[11,2.5,13,6],"texture":"#texture"}}},{"from":[8.5,7,15],"to":[10,8.25,17.5],"rotation":{"angle":-22.5,"axis":"y","origin":[8.5,7,15]},"faces":{"north":{"uv":[12,2.5,15,6],"texture":"#texture"},"east":{"uv":[10,2,14,6.5],"texture":"#texture"},"south":{"uv":[12,2.5,15,6.5],"texture":"#texture"},"west":{"uv":[10.5,1,14,5],"texture":"#texture"},"up":{"uv":[11.5,1.5,14,5],"texture":"#texture"},"down":{"uv":[11,2.5,13,6],"texture":"#texture"}}},{"from":[6.3125,7,15.5],"to":[7.8125,8.25,18],"rotation":{"angle":22.5,"axis":"y","origin":[6.3125,7,15.5]},"faces":{"north":{"uv":[12,2.5,15,6],"texture":"#texture"},"east":{"uv":[10,2,14,6.5],"texture":"#texture"},"south":{"uv":[12,2.5,15,6.5],"texture":"#texture"},"west":{"uv":[10.5,1,14,5],"texture":"#texture"},"up":{"uv":[11.5,1.5,14,5],"texture":"#texture"},"down":{"uv":[11,2.5,13,6],"texture":"#texture"}}},{"from":[4.995,5.15,4.8],"to":[5.995,9.45,7.6],"faces":{"west":{"uv":[10,0.25,0.25,15.75],"texture":"#particle"}}},{"from":[4.995,5.15,9.5],"to":[5.995,9.35,12.1],"faces":{"west":{"uv":[0.25,0.25,10,15.75],"texture":"#particle"}}},{"from":[5.625,1.5,8],"to":[10.375,2.75,9],"faces":{"north":{"uv":[12,2.5,15,6],"texture":"#texture"},"east":{"uv":[10,2,14,6.5],"texture":"#texture"},"south":{"uv":[12,2.5,15,6.5],"texture":"#texture"},"west":{"uv":[10.5,1,14,5],"texture":"#texture"},"up":{"uv":[11.5,1.5,14,5],"texture":"#texture"},"down":{"uv":[11,2.5,13,6],"texture":"#texture"}}},{"from":[5,1.375,8],"to":[5.8125,3,9],"rotation":{"angle":22.5,"axis":"z","origin":[5,3,8]},"faces":{"north":{"uv":[12,2.5,15,6],"texture":"#texture"},"east":{"uv":[10,2,14,6.5],"texture":"#texture"},"south":{"uv":[12,2.5,15,6.5],"texture":"#texture"},"west":{"uv":[10.5,1,14,5],"texture":"#texture"},"up":{"uv":[11.5,1.5,14,5],"texture":"#texture"},"down":{"uv":[11,2.5,13,6],"texture":"#texture"}}},{"from":[10.25,1.6875,8],"to":[11.0625,3.3125,9],"rotation":{"angle":-22.5,"axis":"z","origin":[10.25,3.3125,8]},"faces":{"north":{"uv":[12,2.5,15,6],"texture":"#texture"},"east":{"uv":[10,2,14,6.5],"texture":"#texture"},"south":{"uv":[12,2.5,15,6.5],"texture":"#texture"},"west":{"uv":[10.5,1,14,5],"texture":"#texture"},"up":{"uv":[11.5,1.5,14,5],"texture":"#texture"},"down":{"uv":[11,2.5,13,6],"texture":"#texture"}}},{"from":[6.75,1.25,7.25],"to":[9.25,3,9.75],"faces":{"north":{"uv":[12,2.5,15,6],"texture":"#texture"},"east":{"uv":[10,2,14,6.5],"texture":"#texture"},"south":{"uv":[12,2.5,15,6.5],"texture":"#texture"},"west":{"uv":[10.5,1,14,5],"texture":"#texture"},"up":{"uv":[11.5,1.5,14,5],"texture":"#texture"},"down":{"uv":[11,2.5,13,6],"texture":"#texture"}}},{"from":[6.75,0.74,8.5425],"to":[9.25,2.49,11.0425],"rotation":{"angle":-45,"axis":"x","origin":[6.75,2.49,8.5425]},"faces":{"north":{"uv":[12,2.5,15,6],"texture":"#texture"},"east":{"uv":[10,2,14,6.5],"texture":"#texture"},"south":{"uv":[12,2.5,15,6.5],"texture":"#texture"},"west":{"uv":[10.5,1,14,5],"texture":"#texture"},"up":{"uv":[11.5,1.5,14,5],"texture":"#texture"},"down":{"uv":[11,2.5,13,6],"texture":"#texture"}}},{"from":[6.75,2.5,6.6875],"to":[9.25,4.25,9.1875],"rotation":{"angle":45,"axis":"x","origin":[6.75,4.25,6.6875]},"faces":{"north":{"uv":[12,2.5,15,6],"texture":"#texture"},"east":{"uv":[10,2,14,6.5],"texture":"#texture"},"south":{"uv":[12,2.5,15,6.5],"texture":"#texture"},"west":{"uv":[10.5,1,14,5],"texture":"#texture"},"up":{"uv":[11.5,1.5,14,5],"texture":"#texture"},"down":{"uv":[11,2.5,13,6],"texture":"#texture"}}},{"from":[6.75,-3.75,7.75],"to":[9.25,1.25,9.25],"faces":{"north":{"uv":[12,2.5,15,6],"texture":"#texture"},"east":{"uv":[10,2,14,6.5],"texture":"#texture"},"south":{"uv":[12,2.5,15,6.5],"texture":"#texture"},"west":{"uv":[10.5,1,14,5],"texture":"#texture"},"up":{"uv":[11.5,1.5,14,5],"texture":"#texture"},"down":{"uv":[11,2.5,13,6],"texture":"#texture"}}},{"from":[6.75,-6.25,7.75],"to":[7.5,-3.75,9.25],"rotation":{"angle":22.5,"axis":"z","origin":[6.75,-3.75,7.75]},"faces":{"north":{"uv":[12,2.5,15,6],"texture":"#texture"},"east":{"uv":[10,2,14,6.5],"texture":"#texture"},"south":{"uv":[12,2.5,15,6.5],"texture":"#texture"},"west":{"uv":[10.5,1,14,5],"texture":"#texture"},"up":{"uv":[11.5,1.5,14,5],"texture":"#texture"},"down":{"uv":[11,2.5,13,6],"texture":"#texture"}}},{"from":[8.5625,-5.9375,7.75],"to":[9.3125,-3.4375,9.25],"rotation":{"angle":-22.5,"axis":"z","origin":[8.5625,-3.4375,7.75]},"faces":{"north":{"uv":[12,2.5,15,6],"texture":"#texture"},"east":{"uv":[10,2,14,6.5],"texture":"#texture"},"south":{"uv":[12,2.5,15,6.5],"texture":"#texture"},"west":{"uv":[10.5,1,14,5],"texture":"#texture"},"up":{"uv":[11.5,1.5,14,5],"texture":"#texture"},"down":{"uv":[11,2.5,13,6],"texture":"#texture"}}},{"from":[7.5,-5,7.75],"to":[8.5,-3.5,9.25],"faces":{"north":{"uv":[12,2.5,15,6],"texture":"#texture"},"east":{"uv":[10,2,14,6.5],"texture":"#texture"},"south":{"uv":[12,2.5,15,6.5],"texture":"#texture"},"west":{"uv":[10.5,1,14,5],"texture":"#texture"},"up":{"uv":[11.5,1.5,14,5],"texture":"#texture"},"down":{"uv":[11,2.5,13,6],"texture":"#texture"}}},{"from":[8,-6.1675,7.75],"to":[8.4375,-5.73,9.25],"rotation":{"angle":-45,"axis":"z","origin":[8,-5.73,7.75]},"faces":{"north":{"uv":[12,2.5,15,6],"texture":"#texture"},"east":{"uv":[10,2,14,6.5],"texture":"#texture"},"south":{"uv":[12,2.5,15,6.5],"texture":"#texture"},"west":{"uv":[10.5,1,14,5],"texture":"#texture"},"up":{"uv":[11.5,1.5,14,5],"texture":"#texture"},"down":{"uv":[11,2.5,13,6],"texture":"#texture"}}},{"from":[6.6875,-1.5,7.75],"to":[7.9375,1,9.25],"rotation":{"angle":-22.5,"axis":"z","origin":[6.6875,1,7.75]},"faces":{"north":{"uv":[12,2.5,15,6],"texture":"#texture"},"east":{"uv":[10,2,14,6.5],"texture":"#texture"},"south":{"uv":[12,2.5,15,6.5],"texture":"#texture"},"west":{"uv":[10.5,1,14,5],"texture":"#texture"},"up":{"uv":[11.5,1.5,14,5],"texture":"#texture"},"down":{"uv":[11,2.5,13,6],"texture":"#texture"}}},{"from":[8.0625,-1.9375,7.75],"to":[9.3125,0.5625,9.25],"rotation":{"angle":22.5,"axis":"z","origin":[8.0625,0.5625,7.75]},"faces":{"north":{"uv":[12,2.5,15,6],"texture":"#texture"},"east":{"uv":[10,2,14,6.5],"texture":"#texture"},"south":{"uv":[12,2.5,15,6.5],"texture":"#texture"},"west":{"uv":[10.5,1,14,5],"texture":"#texture"},"up":{"uv":[11.5,1.5,14,5],"texture":"#texture"},"down":{"uv":[11,2.5,13,6],"texture":"#texture"}}},{"from":[9.3125,-3.875,7.75],"to":[10.5625,-1.375,9.25],"rotation":{"angle":-45,"axis":"z","origin":[9.3125,-1.375,7.75]},"faces":{"north":{"uv":[12,2.5,15,6],"texture":"#texture"},"east":{"uv":[10,2,14,6.5],"texture":"#texture"},"south":{"uv":[12,2.5,15,6.5],"texture":"#texture"},"west":{"uv":[10.5,1,14,5],"texture":"#texture"},"up":{"uv":[11.5,1.5,14,5],"texture":"#texture"},"down":{"uv":[11,2.5,13,6],"texture":"#texture"}}},{"from":[5.75,-3.8125,7.75],"to":[7,-1.3125,9.25],"rotation":{"angle":45,"axis":"z","origin":[5.75,-1.3125,7.75]},"faces":{"north":{"uv":[12,2.5,15,6],"texture":"#texture"},"east":{"uv":[10,2,14,6.5],"texture":"#texture"},"south":{"uv":[12,2.5,15,6.5],"texture":"#texture"},"west":{"uv":[10.5,1,14,5],"texture":"#texture"},"up":{"uv":[11.5,1.5,14,5],"texture":"#texture"},"down":{"uv":[11,2.5,13,6],"texture":"#texture"}}},{"from":[8.9375,-2.25,7.75],"to":[10.1875,-1.25,9.25],"faces":{"north":{"uv":[12,2.5,15,6],"texture":"#texture"},"east":{"uv":[10,2,14,6.5],"texture":"#texture"},"south":{"uv":[12,2.5,15,6.5],"texture":"#texture"},"west":{"uv":[10.5,1,14,5],"texture":"#texture"},"up":{"uv":[11.5,1.5,14,5],"texture":"#texture"},"down":{"uv":[11,2.5,13,6],"texture":"#texture"}}},{"from":[7.25,-2.75,7.25],"to":[8.75,1.25,8.5],"faces":{"north":{"uv":[12,2.5,15,6],"texture":"#texture"},"east":{"uv":[10,2,14,6.5],"texture":"#texture"},"south":{"uv":[12,2.5,15,6.5],"texture":"#texture"},"west":{"uv":[10.5,1,14,5],"texture":"#texture"},"up":{"uv":[11.5,1.5,14,5],"texture":"#texture"},"down":{"uv":[11,2.5,13,6],"texture":"#texture"}}},{"from":[7.25,-4.25,7.25],"to":[8.75,-2.75,8],"rotation":{"angle":-22.5,"axis":"x","origin":[7.25,-2.75,7.25]},"faces":{"north":{"uv":[12,2.5,15,6],"texture":"#texture"},"east":{"uv":[10,2,14,6.5],"texture":"#texture"},"south":{"uv":[12,2.5,15,6.5],"texture":"#texture"},"west":{"uv":[10.5,1,14,5],"texture":"#texture"},"up":{"uv":[11.5,1.5,14,5],"texture":"#texture"},"down":{"uv":[11,2.5,13,6],"texture":"#texture"}}},{"from":[7.25,-1.5,8.25],"to":[8.75,1.25,9.75],"faces":{"north":{"uv":[12,2.5,15,6],"texture":"#texture"},"east":{"uv":[10,2,14,6.5],"texture":"#texture"},"south":{"uv":[12,2.5,15,6.5],"texture":"#texture"},"west":{"uv":[10.5,1,14,5],"texture":"#texture"},"up":{"uv":[11.5,1.5,14,5],"texture":"#texture"},"down":{"uv":[11,2.5,13,6],"texture":"#texture"}}},{"from":[7.25,-2.71,9.0625],"to":[8.75,-1.21,9.8125],"rotation":{"angle":22.5,"axis":"x","origin":[7.25,-1.21,9.0625]},"faces":{"north":{"uv":[12,2.5,15,6],"texture":"#texture"},"east":{"uv":[10,2,14,6.5],"texture":"#texture"},"south":{"uv":[12,2.5,15,6.5],"texture":"#texture"},"west":{"uv":[10.5,1,14,5],"texture":"#texture"},"up":{"uv":[11.5,1.5,14,5],"texture":"#texture"},"down":{"uv":[11,2.5,13,6],"texture":"#texture"}}},{"from":[6.5,1.8125,10.9375],"to":[9.5,2.8125,11.6875],"rotation":{"angle":-45,"axis":"x","origin":[6.5,2.8125,10.9375]},"faces":{"north":{"uv":[12,2.5,15,6],"texture":"#texture"},"east":{"uv":[10,2,14,6.5],"texture":"#texture"},"south":{"uv":[12,2.5,15,6.5],"texture":"#texture"},"west":{"uv":[10.5,1,14,5],"texture":"#texture"},"up":{"uv":[11.5,1.5,14,5],"texture":"#texture"},"down":{"uv":[11,2.5,13,6],"texture":"#texture"}}},{"from":[6.75,-0.75,12],"to":[9.25,3.5,13],"rotation":{"angle":-45,"axis":"x","origin":[6.75,3.5,12]},"faces":{"north":{"uv":[12,2.5,15,6],"texture":"#texture"},"east":{"uv":[10,2,14,6.5],"texture":"#texture"},"south":{"uv":[12,2.5,15,6.5],"texture":"#texture"},"west":{"uv":[10.5,1,14,5],"texture":"#texture"},"up":{"uv":[11.5,1.5,14,5],"texture":"#texture"},"down":{"uv":[11,2.5,13,6],"texture":"#texture"}}},{"from":[6.75,0.4375,15.4375],"to":[9.25,1.4375,17.6875],"rotation":{"angle":22.5,"axis":"x","origin":[6.75,1.4375,15.4375]},"faces":{"north":{"uv":[12,2.5,15,6],"texture":"#texture"},"east":{"uv":[10,2,14,6.5],"texture":"#texture"},"south":{"uv":[12,2.5,15,6.5],"texture":"#texture"},"west":{"uv":[10.5,1,14,5],"texture":"#texture"},"up":{"uv":[11.5,1.5,14,5],"texture":"#texture"},"down":{"uv":[11,2.5,13,6],"texture":"#texture"}}},{"from":[6.75,1.125,12.5625],"to":[9.25,5.375,13.5625],"rotation":{"angle":-22.5,"axis":"x","origin":[6.75,5.375,12.5625]},"faces":{"north":{"uv":[12,2.5,15,6],"texture":"#texture"},"east":{"uv":[10,2,14,6.5],"texture":"#texture"},"south":{"uv":[12,2.5,15,6.5],"texture":"#texture"},"west":{"uv":[10.5,1,14,5],"texture":"#texture"},"up":{"uv":[11.5,1.5,14,5],"texture":"#texture"},"down":{"uv":[11,2.5,13,6],"texture":"#texture"}}},{"from":[6.75,3.6875,13.125],"to":[9.25,4.6875,14.625],"rotation":{"angle":45,"axis":"x","origin":[6.75,4.6875,13.125]},"faces":{"north":{"uv":[12,2.5,15,6],"texture":"#texture"},"east":{"uv":[10,2,14,6.5],"texture":"#texture"},"south":{"uv":[12,2.5,15,6.5],"texture":"#texture"},"west":{"uv":[10.5,1,14,5],"texture":"#texture"},"up":{"uv":[11.5,1.5,14,5],"texture":"#texture"},"down":{"uv":[11,2.5,13,6],"texture":"#texture"}}},{"from":[7.25,3.75,13.75],"to":[8.75,5,16.75],"rotation":{"angle":45,"axis":"x","origin":[7.25,5,13.75]},"faces":{"north":{"uv":[12,2.5,15,6],"texture":"#texture"},"east":{"uv":[10,2,14,6.5],"texture":"#texture"},"south":{"uv":[12,2.5,15,6.5],"texture":"#texture"},"west":{"uv":[10.5,1,14,5],"texture":"#texture"},"up":{"uv":[11.5,1.5,14,5],"texture":"#texture"},"down":{"uv":[11,2.5,13,6],"texture":"#texture"}}},{"from":[7.25,0,14.6875],"to":[8.75,2.5,15.9375],"rotation":{"angle":-22.5,"axis":"x","origin":[7.25,2.5,14.6875]},"faces":{"north":{"uv":[12,2.5,15,6],"texture":"#texture"},"east":{"uv":[10,2,14,6.5],"texture":"#texture"},"south":{"uv":[12,2.5,15,6.5],"texture":"#texture"},"west":{"uv":[10.5,1,14,5],"texture":"#texture"},"up":{"uv":[11.5,1.5,14,5],"texture":"#texture"},"down":{"uv":[11,2.5,13,6],"texture":"#texture"}}},{"from":[7.25,2.875,12.375],"to":[8.75,4.125,15.125],"rotation":{"angle":45,"axis":"x","origin":[7.25,4.125,12.375]},"faces":{"north":{"uv":[12,2.5,15,6],"texture":"#texture"},"east":{"uv":[10,2,14,6.5],"texture":"#texture"},"south":{"uv":[12,2.5,15,6.5],"texture":"#texture"},"west":{"uv":[10.5,1,14,5],"texture":"#texture"},"up":{"uv":[11.5,1.5,14,5],"texture":"#texture"},"down":{"uv":[11,2.5,13,6],"texture":"#texture"}}},{"from":[7.25,1.25,13.875],"to":[8.75,2.5,15.625],"rotation":{"angle":22.5,"axis":"x","origin":[7.25,2.5,13.875]},"faces":{"north":{"uv":[12,2.5,15,6],"texture":"#texture"},"east":{"uv":[10,2,14,6.5],"texture":"#texture"},"south":{"uv":[12,2.5,15,6.5],"texture":"#texture"},"west":{"uv":[10.5,1,14,5],"texture":"#texture"},"up":{"uv":[11.5,1.5,14,5],"texture":"#texture"},"down":{"uv":[11,2.5,13,6],"texture":"#texture"}}},{"from":[6.75,0,4.125],"to":[9.25,4.25,5.125],"rotation":{"angle":45,"axis":"x","origin":[6.75,4.25,4.125]},"faces":{"north":{"uv":[12,2.5,15,6],"texture":"#texture"},"east":{"uv":[10,2,14,6.5],"texture":"#texture"},"south":{"uv":[12,2.5,15,6.5],"texture":"#texture"},"west":{"uv":[10.5,1,14,5],"texture":"#texture"},"up":{"uv":[11.5,1.5,14,5],"texture":"#texture"},"down":{"uv":[11,2.5,13,6],"texture":"#texture"}}},{"from":[6.75,-0.375,-0.6875],"to":[9.25,0.625,1.5625],"rotation":{"angle":-22.5,"axis":"x","origin":[6.75,0.625,-0.6875]},"faces":{"north":{"uv":[12,2.5,15,6],"texture":"#texture"},"east":{"uv":[10,2,14,6.5],"texture":"#texture"},"south":{"uv":[12,2.5,15,6.5],"texture":"#texture"},"west":{"uv":[10.5,1,14,5],"texture":"#texture"},"up":{"uv":[11.5,1.5,14,5],"texture":"#texture"},"down":{"uv":[11,2.5,13,6],"texture":"#texture"}}},{"from":[6.75,1.5,3.3125],"to":[9.25,5.75,4.3125],"rotation":{"angle":22.5,"axis":"x","origin":[6.75,5.75,3.3125]},"faces":{"north":{"uv":[12,2.5,15,6],"texture":"#texture"},"east":{"uv":[10,2,14,6.5],"texture":"#texture"},"south":{"uv":[12,2.5,15,6.5],"texture":"#texture"},"west":{"uv":[10.5,1,14,5],"texture":"#texture"},"up":{"uv":[11.5,1.5,14,5],"texture":"#texture"},"down":{"uv":[11,2.5,13,6],"texture":"#texture"}}},{"from":[6.75,2.8125,2.75],"to":[9.25,3.8125,4.25],"rotation":{"angle":-45,"axis":"x","origin":[6.75,3.8125,2.75]},"faces":{"north":{"uv":[12,2.5,15,6],"texture":"#texture"},"east":{"uv":[10,2,14,6.5],"texture":"#texture"},"south":{"uv":[12,2.5,15,6.5],"texture":"#texture"},"west":{"uv":[10.5,1,14,5],"texture":"#texture"},"up":{"uv":[11.5,1.5,14,5],"texture":"#texture"},"down":{"uv":[11,2.5,13,6],"texture":"#texture"}}},{"from":[7.25,1.9375,1.3125],"to":[8.75,3.1875,4.3125],"rotation":{"angle":-45,"axis":"x","origin":[7.25,3.1875,1.3125]},"faces":{"north":{"uv":[12,2.5,15,6],"texture":"#texture"},"east":{"uv":[10,2,14,6.5],"texture":"#texture"},"south":{"uv":[12,2.5,15,6.5],"texture":"#texture"},"west":{"uv":[10.5,1,14,5],"texture":"#texture"},"up":{"uv":[11.5,1.5,14,5],"texture":"#texture"},"down":{"uv":[11,2.5,13,6],"texture":"#texture"}}},{"from":[7.25,0.6875,1.3125],"to":[8.75,3.1875,2.5625],"rotation":{"angle":22.5,"axis":"x","origin":[7.25,3.1875,1.3125]},"faces":{"north":{"uv":[12,2.5,15,6],"texture":"#texture"},"east":{"uv":[10,2,14,6.5],"texture":"#texture"},"south":{"uv":[12,2.5,15,6.5],"texture":"#texture"},"west":{"uv":[10.5,1,14,5],"texture":"#texture"},"up":{"uv":[11.5,1.5,14,5],"texture":"#texture"},"down":{"uv":[11,2.5,13,6],"texture":"#texture"}}},{"from":[7.25,1,2.4375],"to":[8.75,2.25,5.1875],"rotation":{"angle":-45,"axis":"x","origin":[7.25,2.25,2.4375]},"faces":{"north":{"uv":[12,2.5,15,6],"texture":"#texture"},"east":{"uv":[10,2,14,6.5],"texture":"#texture"},"south":{"uv":[12,2.5,15,6.5],"texture":"#texture"},"west":{"uv":[10.5,1,14,5],"texture":"#texture"},"up":{"uv":[11.5,1.5,14,5],"texture":"#texture"},"down":{"uv":[11,2.5,13,6],"texture":"#texture"}}},{"from":[7.25,0.625,1.1875],"to":[8.75,1.875,2.9375],"rotation":{"angle":-22.5,"axis":"x","origin":[7.25,1.875,1.1875]},"faces":{"north":{"uv":[12,2.5,15,6],"texture":"#texture"},"east":{"uv":[10,2,14,6.5],"texture":"#texture"},"south":{"uv":[12,2.5,15,6.5],"texture":"#texture"},"west":{"uv":[10.5,1,14,5],"texture":"#texture"},"up":{"uv":[11.5,1.5,14,5],"texture":"#texture"},"down":{"uv":[11,2.5,13,6],"texture":"#texture"}}},{"from":[6.5,2.5625,5],"to":[9.5,3.5625,5.75],"rotation":{"angle":22.5,"axis":"x","origin":[6.5,3.5625,5]},"faces":{"north":{"uv":[12,2.5,15,6],"texture":"#texture"},"east":{"uv":[10,2,14,6.5],"texture":"#texture"},"south":{"uv":[12,2.5,15,6.5],"texture":"#texture"},"west":{"uv":[10.5,1,14,5],"texture":"#texture"},"up":{"uv":[11.5,1.5,14,5],"texture":"#texture"},"down":{"uv":[11,2.5,13,6],"texture":"#texture"}}}],"display":{"thirdperson_righthand":{"scale":[0,0,0]},"thirdperson_lefthand":{"scale":[0,0,0]},"firstperson_righthand":{"scale":[0,0,0]},"firstperson_lefthand":{"scale":[0,0,0]},"gui":{"rotation":[30,50,0],"translation":[0,0.15,0],"scale":[0.63,0.63,0.63]},"head":{"rotation":[0,-90,0],"translation":[1,-8,0],"scale":[1.8,1.8,1.8]}}}