{"credit":"Made by MadstonMagic using Cubik Pro, Copyright © MadstonMagic Modeling 2015-2017. All rights reserved","textures":{"texture":"pokemon_skins/regular/whiscash/whiscash","wishcash_fin":"pokemon_skins/regular/whiscash/whiscash_fin","particle":"pokemon_skins/regular/whiscash/whiscash_tail"},"elements":[{"from":[0,6.5,3],"to":[8,10,13],"faces":{"north":{"uv":[1.5,13.5,3.5,15.5],"texture":"#texture"},"east":{"uv":[2,13,4,15],"texture":"#texture"},"south":{"uv":[1.5,13,3.5,14.5],"texture":"#texture"},"west":{"uv":[1.5,12,3.5,13.5],"texture":"#texture"},"up":{"uv":[1.5,13,3.5,14.5],"texture":"#texture"},"down":{"uv":[1.5,13.5,3.5,15],"texture":"#texture"}}},{"from":[0.5,6.5,3.5],"to":[7.5,10.5,12.5],"faces":{"north":{"uv":[1.5,13.5,3.5,15.5],"texture":"#texture"},"east":{"uv":[2,13,4,15],"texture":"#texture"},"south":{"uv":[1.5,13,3.5,14.5],"texture":"#texture"},"west":{"uv":[1.5,12,3.5,13.5],"texture":"#texture"},"up":{"uv":[1.5,13,3.5,14.5],"texture":"#texture"},"down":{"uv":[1.5,13.5,3.5,15],"texture":"#texture"}}},{"from":[-0.5,6.5,3.5],"to":[8.5,9.5,12.5],"faces":{"north":{"uv":[1.5,13.5,3.5,15.5],"texture":"#texture"},"east":{"uv":[2,13,4,15],"texture":"#texture"},"south":{"uv":[1.5,13,3.5,14.5],"texture":"#texture"},"west":{"uv":[1.5,12,3.5,13.5],"texture":"#texture"},"up":{"uv":[1.5,13,3.5,14.5],"texture":"#texture"},"down":{"uv":[1.5,13.5,3.5,15],"texture":"#texture"}}},{"from":[0.5,6.5,2.5],"to":[7.5,9.5,13.5],"faces":{"north":{"uv":[1.5,13.5,3.5,15.5],"texture":"#texture"},"east":{"uv":[2,13,4,15],"texture":"#texture"},"south":{"uv":[1.5,13,3.5,14.5],"texture":"#texture"},"west":{"uv":[1.5,12,3.5,13.5],"texture":"#texture"},"up":{"uv":[1.5,13,3.5,14.5],"texture":"#texture"},"down":{"uv":[1.5,13.5,3.5,15],"texture":"#texture"}}},{"from":[-0.5,8.5,3.5],"to":[0.9375,9.5,12.5],"rotation":{"angle":45,"axis":"z","origin":[-0.5,9.5,3.5]},"faces":{"north":{"uv":[1.5,13.5,3.5,15.5],"texture":"#texture"},"east":{"uv":[2,13,4,15],"texture":"#texture"},"south":{"uv":[1.5,13,3.5,14.5],"texture":"#texture"},"west":{"uv":[1.5,12,3.5,13.5],"texture":"#texture"},"up":{"uv":[1.5,13,3.5,14.5],"texture":"#texture"},"down":{"uv":[1.5,13.5,3.5,15],"texture":"#texture"}}},{"from":[7.5,9.5,3.5],"to":[8.9375,10.5,12.5],"rotation":{"angle":-45,"axis":"z","origin":[7.5,10.5,3.5]},"faces":{"north":{"uv":[1.5,13.5,3.5,15.5],"texture":"#texture"},"east":{"uv":[2,13,4,15],"texture":"#texture"},"south":{"uv":[1.5,13,3.5,14.5],"texture":"#texture"},"west":{"uv":[1.5,12,3.5,13.5],"texture":"#texture"},"up":{"uv":[1.5,13,3.5,14.5],"texture":"#texture"},"down":{"uv":[1.5,13.5,3.5,15],"texture":"#texture"}}},{"from":[0.1875,4.1875,3.5],"to":[1.625,5.1875,12.5],"rotation":{"angle":-45,"axis":"z","origin":[0.1875,5.1875,3.5]},"faces":{"north":{"uv":[1,1.5,3,3.5],"texture":"#texture"},"east":{"uv":[1.5,1,3.5,3],"texture":"#texture"},"south":{"uv":[1,1.5,3,3],"texture":"#texture"},"west":{"uv":[0.5,1.5,2.5,3],"texture":"#texture"},"up":{"uv":[1,2,3,3.5],"texture":"#texture"},"down":{"uv":[1,1.5,3,3],"texture":"#texture"}}},{"from":[0.5,8.5,2.5],"to":[7.5,9.5,3.9375],"rotation":{"angle":-45,"axis":"x","origin":[0.5,9.5,2.5]},"faces":{"north":{"uv":[1.5,13.5,3.5,15.5],"texture":"#texture"},"east":{"uv":[2,13,4,15],"texture":"#texture"},"south":{"uv":[1.5,13,3.5,14.5],"texture":"#texture"},"west":{"uv":[1.5,12,3.5,13.5],"texture":"#texture"},"up":{"uv":[1.5,13,3.5,14.5],"texture":"#texture"},"down":{"uv":[1.5,13.5,3.5,15],"texture":"#texture"}}},{"from":[0.5,9.5,12.5],"to":[7.5,10.5,13.9375],"rotation":{"angle":45,"axis":"x","origin":[0.5,10.5,12.5]},"faces":{"north":{"uv":[1.5,13.5,3.5,15.5],"texture":"#texture"},"east":{"uv":[2,13,4,15],"texture":"#texture"},"south":{"uv":[1.5,13,3.5,14.5],"texture":"#texture"},"west":{"uv":[1.5,12,3.5,13.5],"texture":"#texture"},"up":{"uv":[1.5,13,3.5,14.5],"texture":"#texture"},"down":{"uv":[1.5,13.5,3.5,15],"texture":"#texture"}}},{"from":[0.5,4.1875,3.1875],"to":[7.5,5.1875,4.625],"rotation":{"angle":45,"axis":"x","origin":[0.5,5.1875,3.1875]},"faces":{"north":{"uv":[1,1.5,3,3.5],"texture":"#texture"},"east":{"uv":[1.5,1,3.5,3],"texture":"#texture"},"south":{"uv":[1,1.5,3,3],"texture":"#texture"},"west":{"uv":[0.5,1.5,2.5,3],"texture":"#texture"},"up":{"uv":[1,2,3,3.5],"texture":"#texture"},"down":{"uv":[1,1.5,3,3],"texture":"#texture"}}},{"from":[0.5,3.1875,11.8125],"to":[7.5,4.1875,13.25],"rotation":{"angle":-45,"axis":"x","origin":[0.5,4.1875,11.8125]},"faces":{"north":{"uv":[1,1.5,3,3.5],"texture":"#texture"},"east":{"uv":[1.5,1,3.5,3],"texture":"#texture"},"south":{"uv":[1,1.5,3,3],"texture":"#texture"},"west":{"uv":[0.5,1.5,2.5,3],"texture":"#texture"},"up":{"uv":[1,2,3,3.5],"texture":"#texture"},"down":{"uv":[1,1.5,3,3],"texture":"#texture"}}},{"from":[-0.5,6.5,3.5],"to":[0.9375,9.5,4.5625],"rotation":{"angle":45,"axis":"y","origin":[-0.5,6.5,3.5]},"faces":{"north":{"uv":[1.5,13.5,3.5,15.5],"texture":"#texture"},"east":{"uv":[2,13,4,15],"texture":"#texture"},"south":{"uv":[1.5,13,3.5,14.5],"texture":"#texture"},"west":{"uv":[1.5,12,3.5,13.5],"texture":"#texture"},"up":{"uv":[1.5,13,3.5,14.5],"texture":"#texture"},"down":{"uv":[1.5,13.5,3.5,15],"texture":"#texture"}}},{"from":[7.5,6.5,2.5],"to":[8.9375,9.5,3.5625],"rotation":{"angle":-45,"axis":"y","origin":[7.5,6.5,2.5]},"faces":{"north":{"uv":[1.5,13.5,3.5,15.5],"texture":"#texture"},"east":{"uv":[2,13,4,15],"texture":"#texture"},"south":{"uv":[1.5,13,3.5,14.5],"texture":"#texture"},"west":{"uv":[1.5,12,3.5,13.5],"texture":"#texture"},"up":{"uv":[1.5,13,3.5,14.5],"texture":"#texture"},"down":{"uv":[1.5,13.5,3.5,15],"texture":"#texture"}}},{"from":[0.25,6.5,11.75],"to":[1.6875,9.5,12.8125],"rotation":{"angle":-45,"axis":"y","origin":[0.25,6.5,11.75]},"faces":{"north":{"uv":[1.5,13.5,3.5,15.5],"texture":"#texture"},"east":{"uv":[2,13,4,15],"texture":"#texture"},"south":{"uv":[1.5,13,3.5,14.5],"texture":"#texture"},"west":{"uv":[1.5,12,3.5,13.5],"texture":"#texture"},"up":{"uv":[1.5,13,3.5,14.5],"texture":"#texture"},"down":{"uv":[1.5,13.5,3.5,15],"texture":"#texture"}}},{"from":[6.8125,6.5,12.75],"to":[8.1875,9.5,13.8125],"rotation":{"angle":45,"axis":"y","origin":[6.8125,6.5,12.75]},"faces":{"north":{"uv":[1.5,13.5,3.5,15.5],"texture":"#texture"},"east":{"uv":[2,13,4,15],"texture":"#texture"},"south":{"uv":[1.5,13,3.5,14.5],"texture":"#texture"},"west":{"uv":[1.5,12,3.5,13.5],"texture":"#texture"},"up":{"uv":[1.5,13,3.5,14.5],"texture":"#texture"},"down":{"uv":[1.5,13.5,3.5,15],"texture":"#texture"}}},{"from":[0.5,4.5,2.5],"to":[7.5,6.5,13.5],"faces":{"north":{"uv":[1,1.5,3,3.5],"texture":"#texture"},"east":{"uv":[1.5,1,3.5,3],"texture":"#texture"},"south":{"uv":[1,1.5,3,3],"texture":"#texture"},"west":{"uv":[0.5,1.5,2.5,3],"texture":"#texture"},"up":{"uv":[1,2,3,3.5],"texture":"#texture"},"down":{"uv":[1,1.5,3,3],"texture":"#texture"}}},{"from":[0,4,3],"to":[8,6.5,13],"faces":{"north":{"uv":[1,1.5,3,3.5],"texture":"#texture"},"east":{"uv":[1.5,1,3.5,3],"texture":"#texture"},"south":{"uv":[1,1.5,3,3],"texture":"#texture"},"west":{"uv":[0.5,1.5,2.5,3],"texture":"#texture"},"up":{"uv":[1,2,3,3.5],"texture":"#texture"},"down":{"uv":[1,1.5,3,3],"texture":"#texture"}}},{"from":[-0.5,4.5,3.5],"to":[8.5,6.5,12.5],"faces":{"north":{"uv":[1,1.5,3,3.5],"texture":"#texture"},"east":{"uv":[1.5,1,3.5,3],"texture":"#texture"},"south":{"uv":[1,1.5,3,3],"texture":"#texture"},"west":{"uv":[0.5,1.5,2.5,3],"texture":"#texture"},"up":{"uv":[1,2,3,3.5],"texture":"#texture"},"down":{"uv":[1,1.5,3,3],"texture":"#texture"}}},{"from":[0.5,3.5,3.5],"to":[7.5,4,12.5],"faces":{"north":{"uv":[1,1.5,3,3.5],"texture":"#texture"},"east":{"uv":[1.5,1,3.5,3],"texture":"#texture"},"south":{"uv":[1,1.5,3,3],"texture":"#texture"},"west":{"uv":[0.5,1.5,2.5,3],"texture":"#texture"},"up":{"uv":[1,2,3,3.5],"texture":"#texture"},"down":{"uv":[1,1.5,3,3],"texture":"#texture"}}},{"from":[-1,6.5625,4.5],"to":[-0.5,7.5625,11.5],"faces":{"north":{"uv":[6,13,8,15.5],"texture":"#texture"},"east":{"uv":[5.5,12.5,8,15],"texture":"#texture"},"south":{"uv":[6,12.5,8.5,15],"texture":"#texture"},"west":{"uv":[5.5,13.5,8,15.5],"texture":"#texture"},"up":{"uv":[5.5,12.5,7.5,14.5],"texture":"#texture"},"down":{"uv":[5.5,13,8,15],"texture":"#texture"}}},{"from":[-1,5.4375,4.5],"to":[-0.5,6.4375,11.5],"faces":{"north":{"uv":[6,13,8,15.5],"texture":"#texture"},"east":{"uv":[5.5,12.5,8,15],"texture":"#texture"},"south":{"uv":[6,12.5,8.5,15],"texture":"#texture"},"west":{"uv":[5.5,13.5,8,15.5],"texture":"#texture"},"up":{"uv":[5.5,12.5,7.5,14.5],"texture":"#texture"},"down":{"uv":[5.5,13,8,15],"texture":"#texture"}}},{"from":[-1.001,6.4375,4.75],"to":[-0.501,6.5625,11.1875],"faces":{"north":{"uv":[10.25,13.5,12,15],"texture":"#texture"},"east":{"uv":[10.25,13.5,11.75,15.25],"texture":"#texture"},"south":{"uv":[10.5,14,12,15.5],"texture":"#texture"},"west":{"uv":[10.25,13.5,11.75,14.75],"texture":"#texture"},"up":{"uv":[10.25,13.75,11.5,15.25],"texture":"#texture"},"down":{"uv":[10,13.75,11.75,15.25],"texture":"#texture"}}},{"from":[-1,6.5,11.125],"to":[-0.5,7.5,12.375],"rotation":{"angle":-22.5,"axis":"x","origin":[-1,7.5,11.125]},"faces":{"north":{"uv":[6,13,8,15.5],"texture":"#texture"},"east":{"uv":[5.5,12.5,8,15],"texture":"#texture"},"south":{"uv":[6,12.5,8.5,15],"texture":"#texture"},"west":{"uv":[5.5,13.5,8,15.5],"texture":"#texture"},"up":{"uv":[5.5,12.5,7.5,14.5],"texture":"#texture"},"down":{"uv":[5.5,13,8,15],"texture":"#texture"}}},{"from":[-1,7,3.6875],"to":[-0.5,8,4.9375],"rotation":{"angle":22.5,"axis":"x","origin":[-1,8,3.6875]},"faces":{"north":{"uv":[6,13,8,15.5],"texture":"#texture"},"east":{"uv":[5.5,12.5,8,15],"texture":"#texture"},"south":{"uv":[6,12.5,8.5,15],"texture":"#texture"},"west":{"uv":[5.5,13.5,8,15.5],"texture":"#texture"},"up":{"uv":[5.5,12.5,7.5,14.5],"texture":"#texture"},"down":{"uv":[5.5,13,8,15],"texture":"#texture"}}},{"from":[-1,5.125,10.75],"to":[-0.5,6.125,12.75],"rotation":{"angle":-45,"axis":"x","origin":[-1,6.125,10.75]},"faces":{"north":{"uv":[6,13,8,15.5],"texture":"#texture"},"east":{"uv":[5.5,12.5,8,15],"texture":"#texture"},"south":{"uv":[6,12.5,8.5,15],"texture":"#texture"},"west":{"uv":[5.5,13.5,8,15.5],"texture":"#texture"},"up":{"uv":[5.5,12.5,7.5,14.5],"texture":"#texture"},"down":{"uv":[5.5,13,8,15],"texture":"#texture"}}},{"from":[-1,6.5625,3.75],"to":[-0.5,7.5625,5.75],"rotation":{"angle":45,"axis":"x","origin":[-1,7.5625,3.75]},"faces":{"north":{"uv":[6,13,8,15.5],"texture":"#texture"},"east":{"uv":[5.5,12.5,8,15],"texture":"#texture"},"south":{"uv":[6,12.5,8.5,15],"texture":"#texture"},"west":{"uv":[5.5,13.5,8,15.5],"texture":"#texture"},"up":{"uv":[5.5,12.5,7.5,14.5],"texture":"#texture"},"down":{"uv":[5.5,13,8,15],"texture":"#texture"}}},{"from":[-1.001,6.625,4.375],"to":[-0.501,6.75,4.875],"rotation":{"angle":22.5,"axis":"x","origin":[-1.001,6.75,4.375]},"faces":{"north":{"uv":[10.25,13.5,12,15],"texture":"#texture"},"east":{"uv":[10.25,13.5,11.75,15.25],"texture":"#texture"},"south":{"uv":[10.5,14,12,15.5],"texture":"#texture"},"west":{"uv":[10.25,13.5,11.75,14.75],"texture":"#texture"},"up":{"uv":[10.25,13.75,11.5,15.25],"texture":"#texture"},"down":{"uv":[10,13.75,11.75,15.25],"texture":"#texture"}}},{"from":[-1.001,6.4375,11.125],"to":[-0.501,6.5625,11.625],"rotation":{"angle":-22.5,"axis":"x","origin":[-1.001,6.5625,11.125]},"faces":{"north":{"uv":[10.25,13.5,12,15],"texture":"#texture"},"east":{"uv":[10.25,13.5,11.75,15.25],"texture":"#texture"},"south":{"uv":[10.5,14,12,15.5],"texture":"#texture"},"west":{"uv":[10.25,13.5,11.75,14.75],"texture":"#texture"},"up":{"uv":[10.25,13.75,11.5,15.25],"texture":"#texture"},"down":{"uv":[10,13.75,11.75,15.25],"texture":"#texture"}}},{"from":[-1,1,10.25],"to":[-0.9375,5.5,12],"rotation":{"angle":-22.5,"axis":"x","origin":[-1,5.5,10.25]},"faces":{"east":{"uv":[12.5,0.25,15.75,5],"texture":"#texture"},"west":{"uv":[12.5,0.25,15.75,5],"texture":"#texture"}}},{"from":[-1,1.75,4],"to":[-0.9375,6.25,5.75],"rotation":{"angle":22.5,"axis":"x","origin":[-1,6.25,4]},"faces":{"east":{"uv":[12.5,0.25,15.75,5],"texture":"#texture"},"west":{"uv":[12.5,0.25,15.75,5],"texture":"#texture"}}},{"from":[-0.5625,9.4375,5.75],"to":[0.9375,9.5,10.25],"rotation":{"angle":45,"axis":"z","origin":[-0.5625,9.5,5.75]},"faces":{"up":{"uv":[0.5,5.5,5.75,7.75],"rotation":90,"texture":"#texture"}}},{"from":[-0.5525,8.75,5.75],"to":[-0.49,9.5,10.25],"faces":{"west":{"uv":[0.5,7.75,5.75,9.25],"texture":"#texture"}}},{"from":[-0.501,8,11],"to":[-0.4385,9.25,12.25],"faces":{"west":{"uv":[5.75,0.25,10.25,4.75],"texture":"#texture"}}},{"from":[-0.501,8,3.75],"to":[-0.4385,9.25,5],"faces":{"west":{"uv":[5.75,0.25,10.25,4.75],"texture":"#texture"}}},{"from":[0.75,6.25,2],"to":[8,6.75,14],"faces":{"north":{"uv":[1.5,13.5,3.5,15.5],"texture":"#texture"},"east":{"uv":[2,13,4,15],"texture":"#texture"},"south":{"uv":[1.5,13,3.5,14.5],"texture":"#texture"},"west":{"uv":[1.5,12,3.5,13.5],"texture":"#texture"},"up":{"uv":[1.5,13,3.5,14.5],"texture":"#texture"},"down":{"uv":[1.5,13.5,3.5,15],"texture":"#texture"}}},{"from":[8.75,6.25,3],"to":[13.75,6.75,13],"rotation":{"angle":-22.5,"axis":"z","origin":[8.75,6.75,3]},"faces":{"north":{"uv":[1.5,13.5,3.5,15.5],"texture":"#texture"},"east":{"uv":[2,13,4,15],"texture":"#texture"},"south":{"uv":[1.5,13,3.5,14.5],"texture":"#texture"},"west":{"uv":[1.5,12,3.5,13.5],"texture":"#texture"},"up":{"uv":[1.5,13,3.5,14.5],"texture":"#texture"},"down":{"uv":[1.5,13.5,3.5,15],"texture":"#texture"}}},{"from":[13.1875,4.375,4],"to":[16.6875,4.875,12],"faces":{"north":{"uv":[1.5,13.5,3.5,15.5],"texture":"#texture"},"east":{"uv":[2,13,4,15],"texture":"#texture"},"south":{"uv":[1.5,13,3.5,14.5],"texture":"#texture"},"west":{"uv":[1.5,12,3.5,13.5],"texture":"#texture"},"up":{"uv":[1.5,13,3.5,14.5],"texture":"#texture"},"down":{"uv":[1.5,13.5,3.5,15],"texture":"#texture"}}},{"from":[8,6.25,2.5],"to":[8.75,6.75,13.5],"faces":{"north":{"uv":[1.5,13.5,3.5,15.5],"texture":"#texture"},"east":{"uv":[2,13,4,15],"texture":"#texture"},"south":{"uv":[1.5,13,3.5,14.5],"texture":"#texture"},"west":{"uv":[1.5,12,3.5,13.5],"texture":"#texture"},"up":{"uv":[1.5,13,3.5,14.5],"texture":"#texture"},"down":{"uv":[1.5,13.5,3.5,15],"texture":"#texture"}}},{"from":[16.5,4.375,5],"to":[19,4.875,11.25],"rotation":{"angle":22.5,"axis":"z","origin":[16.5,4.875,5]},"faces":{"north":{"uv":[1.5,13.5,3.5,15.5],"texture":"#texture"},"east":{"uv":[2,13,4,15],"texture":"#texture"},"south":{"uv":[1.5,13,3.5,14.5],"texture":"#texture"},"west":{"uv":[1.5,12,3.5,13.5],"texture":"#texture"},"up":{"uv":[1.5,13,3.5,14.5],"texture":"#texture"},"down":{"uv":[1.5,13.5,3.5,15],"texture":"#texture"}}},{"from":[18.625,5.1875,6],"to":[21.5,5.6875,10],"rotation":{"angle":45,"axis":"z","origin":[18.625,5.6875,6]},"faces":{"north":{"uv":[1.5,13.5,3.5,15.5],"texture":"#texture"},"east":{"uv":[2,13,4,15],"texture":"#texture"},"south":{"uv":[1.5,13,3.5,14.5],"texture":"#texture"},"west":{"uv":[1.5,12,3.5,13.5],"texture":"#texture"},"up":{"uv":[1.5,13,3.5,14.5],"texture":"#texture"},"down":{"uv":[1.5,13.5,3.5,15],"texture":"#texture"}}},{"from":[8.25,4.5,3.5],"to":[13.5,6.5,12.5],"rotation":{"angle":-22.5,"axis":"z","origin":[8.25,6.5,3.5]},"faces":{"north":{"uv":[1,1.5,3,3.5],"texture":"#texture"},"east":{"uv":[1.5,1,3.5,3],"texture":"#texture"},"south":{"uv":[1,1.5,3,3],"texture":"#texture"},"west":{"uv":[0.5,1.5,2.5,3],"texture":"#texture"},"up":{"uv":[1,2,3,3.5],"texture":"#texture"},"down":{"uv":[1,1.5,3,3],"texture":"#texture"}}},{"from":[12.25,2.6875,4.5],"to":[16.625,4.625,11.5],"faces":{"north":{"uv":[1,1.5,3,3.5],"texture":"#texture"},"east":{"uv":[1.5,1,3.5,3],"texture":"#texture"},"south":{"uv":[1,1.5,3,3],"texture":"#texture"},"west":{"uv":[0.5,1.5,2.5,3],"texture":"#texture"},"up":{"uv":[1,2,3,3.5],"texture":"#texture"},"down":{"uv":[1,1.5,3,3],"texture":"#texture"}}},{"from":[15.9375,2.5,5.5],"to":[18.9375,4.25,10.5],"rotation":{"angle":22.5,"axis":"z","origin":[15.9375,4.25,5.5]},"faces":{"north":{"uv":[1,1.5,3,3.5],"texture":"#texture"},"east":{"uv":[1.5,1,3.5,3],"texture":"#texture"},"south":{"uv":[1,1.5,3,3],"texture":"#texture"},"west":{"uv":[0.5,1.5,2.5,3],"texture":"#texture"},"up":{"uv":[1,2,3,3.5],"texture":"#texture"},"down":{"uv":[1,1.5,3,3],"texture":"#texture"}}},{"from":[19.25,4,6.5],"to":[20.5,7.25,9.5],"rotation":{"angle":-22.5,"axis":"z","origin":[19.25,7.25,6.5]},"faces":{"north":{"uv":[1,1.5,3,3.5],"texture":"#texture"},"east":{"uv":[1.5,1,3.5,3],"texture":"#texture"},"south":{"uv":[1,1.5,3,3],"texture":"#texture"},"west":{"uv":[0.5,1.5,2.5,3],"texture":"#texture"},"up":{"uv":[1,2,3,3.5],"texture":"#texture"},"down":{"uv":[1,1.5,3,3],"texture":"#texture"}}},{"from":[7.75,7,3],"to":[14.5625,9,13],"rotation":{"angle":-22.5,"axis":"z","origin":[7.75,9,3]},"faces":{"north":{"uv":[1.5,13.5,3.5,15.5],"texture":"#texture"},"east":{"uv":[2,13,4,15],"texture":"#texture"},"south":{"uv":[1.5,13,3.5,14.5],"texture":"#texture"},"west":{"uv":[1.5,12,3.5,13.5],"texture":"#texture"},"up":{"uv":[1.5,13,3.5,14.5],"texture":"#texture"},"down":{"uv":[1.5,13.5,3.5,15],"texture":"#texture"}}},{"from":[13,4.5,4],"to":[16.6875,6.5,12],"faces":{"north":{"uv":[1.5,13.5,3.5,15.5],"texture":"#texture"},"east":{"uv":[2,13,4,15],"texture":"#texture"},"south":{"uv":[1.5,13,3.5,14.5],"texture":"#texture"},"west":{"uv":[1.5,12,3.5,13.5],"texture":"#texture"},"up":{"uv":[1.5,13,3.5,14.5],"texture":"#texture"},"down":{"uv":[1.5,13.5,3.5,15],"texture":"#texture"}}},{"from":[15.875,4.375,5],"to":[18.375,6.375,11.25],"rotation":{"angle":22.5,"axis":"z","origin":[15.875,6.375,5]},"faces":{"north":{"uv":[1.5,13.5,3.5,15.5],"texture":"#texture"},"east":{"uv":[2,13,4,15],"texture":"#texture"},"south":{"uv":[1.5,13,3.5,14.5],"texture":"#texture"},"west":{"uv":[1.5,12,3.5,13.5],"texture":"#texture"},"up":{"uv":[1.5,13,3.5,14.5],"texture":"#texture"},"down":{"uv":[1.5,13.5,3.5,15],"texture":"#texture"}}},{"from":[17.625,5.125,6],"to":[21.0625,6.75,10],"rotation":{"angle":45,"axis":"z","origin":[17.625,6.75,6]},"faces":{"north":{"uv":[1.5,13.5,3.5,15.5],"texture":"#texture"},"east":{"uv":[2,13,4,15],"texture":"#texture"},"south":{"uv":[1.5,13,3.5,14.5],"texture":"#texture"},"west":{"uv":[1.5,12,3.5,13.5],"texture":"#texture"},"up":{"uv":[1.5,13,3.5,14.5],"texture":"#texture"},"down":{"uv":[1.5,13.5,3.5,15],"texture":"#texture"}}},{"from":[20.8125,7.4375,6],"to":[21.3125,8.1875,10],"rotation":{"angle":-22.5,"axis":"z","origin":[20.8125,8.1875,6]},"faces":{"north":{"uv":[1.5,13.5,3.5,15.5],"texture":"#texture"},"east":{"uv":[2,13,4,15],"texture":"#texture"},"south":{"uv":[1.5,13,3.5,14.5],"texture":"#texture"},"west":{"uv":[1.5,12,3.5,13.5],"texture":"#texture"},"up":{"uv":[1.5,13,3.5,14.5],"texture":"#texture"},"down":{"uv":[1.5,13.5,3.5,15],"texture":"#texture"}}},{"from":[20.5,7.9375,6],"to":[21.25,9.0625,10],"faces":{"north":{"uv":[1.5,13.5,3.5,15.5],"texture":"#texture"},"east":{"uv":[2,13,4,15],"texture":"#texture"},"south":{"uv":[1.5,13,3.5,14.5],"texture":"#texture"},"west":{"uv":[1.5,12,3.5,13.5],"texture":"#texture"},"up":{"uv":[1.5,13,3.5,14.5],"texture":"#texture"},"down":{"uv":[1.5,13.5,3.5,15],"texture":"#texture"}}},{"from":[20,8.625,6],"to":[21.125,9.125,10],"rotation":{"angle":22.5,"axis":"z","origin":[20,9.125,6]},"faces":{"north":{"uv":[1.5,13.5,3.5,15.5],"texture":"#texture"},"east":{"uv":[2,13,4,15],"texture":"#texture"},"south":{"uv":[1.5,13,3.5,14.5],"texture":"#texture"},"west":{"uv":[1.5,12,3.5,13.5],"texture":"#texture"},"up":{"uv":[1.5,13,3.5,14.5],"texture":"#texture"},"down":{"uv":[1.5,13.5,3.5,15],"texture":"#texture"}}},{"from":[7.75,6.125,2.5],"to":[13.6875,6.625,13.5],"rotation":{"angle":-22.5,"axis":"z","origin":[7.75,6.625,2.5]},"faces":{"north":{"uv":[1.5,13.5,3.5,15.5],"texture":"#texture"},"east":{"uv":[2,13,4,15],"texture":"#texture"},"south":{"uv":[1.5,13,3.5,14.5],"texture":"#texture"},"west":{"uv":[1.5,12,3.5,13.5],"texture":"#texture"},"up":{"uv":[1.5,13,3.5,14.5],"texture":"#texture"},"down":{"uv":[1.5,13.5,3.5,15],"texture":"#texture"}}},{"from":[12.9375,3.875,3.5],"to":[16.625,4.375,12.5],"faces":{"north":{"uv":[1.5,13.5,3.5,15.5],"texture":"#texture"},"east":{"uv":[2,13,4,15],"texture":"#texture"},"south":{"uv":[1.5,13,3.5,14.5],"texture":"#texture"},"west":{"uv":[1.5,12,3.5,13.5],"texture":"#texture"},"up":{"uv":[1.5,13,3.5,14.5],"texture":"#texture"},"down":{"uv":[1.5,13.5,3.5,15],"texture":"#texture"}}},{"from":[16.4375,3.8125,4.5],"to":[19,4.3125,11.5],"rotation":{"angle":22.5,"axis":"z","origin":[16.4375,4.3125,4.5]},"faces":{"north":{"uv":[1.5,13.5,3.5,15.5],"texture":"#texture"},"east":{"uv":[2,13,4,15],"texture":"#texture"},"south":{"uv":[1.5,13,3.5,14.5],"texture":"#texture"},"west":{"uv":[1.5,12,3.5,13.5],"texture":"#texture"},"up":{"uv":[1.5,13,3.5,14.5],"texture":"#texture"},"down":{"uv":[1.5,13.5,3.5,15],"texture":"#texture"}}},{"from":[18.5625,4.75,5.5],"to":[21.0625,5.25,10.5],"rotation":{"angle":45,"axis":"z","origin":[18.5625,5.25,5.5]},"faces":{"north":{"uv":[1.5,13.5,3.5,15.5],"texture":"#texture"},"east":{"uv":[2,13,4,15],"texture":"#texture"},"south":{"uv":[1.5,13,3.5,14.5],"texture":"#texture"},"west":{"uv":[1.5,12,3.5,13.5],"texture":"#texture"},"up":{"uv":[1.5,13,3.5,14.5],"texture":"#texture"},"down":{"uv":[1.5,13.5,3.5,15],"texture":"#texture"}}},{"from":[3,6.6875,13.25],"to":[7,6.75,18.25],"rotation":{"angle":45,"axis":"x","origin":[3,6.75,13.25]},"faces":{"up":{"uv":[12.5,5.5,15.75,10.25],"texture":"#texture"},"down":{"uv":[12.5,10.25,15.75,5.5],"texture":"#texture"}}},{"from":[3,2.9375,-1],"to":[7,3,4],"rotation":{"angle":-45,"axis":"x","origin":[3,3,-1]},"faces":{"up":{"uv":[12.5,10.25,15.75,5.5],"texture":"#texture"},"down":{"uv":[12.5,5.5,15.75,10.25],"texture":"#texture"}}},{"from":[12.5,4.1875,13.25],"to":[15,4.25,17],"rotation":{"angle":45,"axis":"y","origin":[12.5,4.1875,13.25]},"faces":{"up":{"uv":[12.5,5.5,15.75,10.25],"texture":"#texture"},"down":{"uv":[12.5,10.25,15.75,5.5],"texture":"#texture"}}},{"from":[15,4.1875,0.25],"to":[17.5,4.25,4],"rotation":{"angle":-45,"axis":"y","origin":[15,4.1875,0.25]},"faces":{"up":{"uv":[12.5,10.25,15.75,5.5],"texture":"#texture"},"down":{"uv":[12.5,5.5,15.75,10.25],"texture":"#texture"}}},{"from":[7.5,9,3],"to":[11.5,10.5,13],"rotation":{"angle":-22.5,"axis":"z","origin":[7.5,10.5,3]},"faces":{"north":{"uv":[1.5,13.5,3.5,15.5],"texture":"#texture"},"east":{"uv":[2,13,4,15],"texture":"#texture"},"south":{"uv":[1.5,13,3.5,14.5],"texture":"#texture"},"west":{"uv":[1.5,12,3.5,13.5],"texture":"#texture"},"up":{"uv":[1.5,13,3.5,14.5],"texture":"#texture"},"down":{"uv":[1.5,13.5,3.5,15],"texture":"#texture"}}},{"from":[11.25,7.25,3],"to":[14.75,9,13],"rotation":{"angle":-45,"axis":"z","origin":[11.25,9,3]},"faces":{"north":{"uv":[1.5,13.5,3.5,15.5],"texture":"#texture"},"east":{"uv":[2,13,4,15],"texture":"#texture"},"south":{"uv":[1.5,13,3.5,14.5],"texture":"#texture"},"west":{"uv":[1.5,12,3.5,13.5],"texture":"#texture"},"up":{"uv":[1.5,13,3.5,14.5],"texture":"#texture"},"down":{"uv":[1.5,13.5,3.5,15],"texture":"#texture"}}},{"from":[9.25,10,8],"to":[12.75,15,8.0625],"rotation":{"angle":-22.5,"axis":"z","origin":[9.25,15,8]},"faces":{"north":{"uv":[0.5,0.5,12,15.5],"texture":"#wishcash_fin"},"south":{"uv":[0.5,0.5,12,15.5],"texture":"#wishcash_fin"}}},{"from":[20.25,8.1875,3.0625],"to":[26.25,8.25,13.0625],"rotation":{"angle":45,"axis":"z","origin":[20.25,8.25,3.0625]},"faces":{"up":{"uv":[16,0.5,0,15],"rotation":90,"texture":"#particle"},"down":{"uv":[0,0.5,16,15],"rotation":90,"texture":"#particle"}}},{"from":[0.5,9,3],"to":[3.0625,10.5,13],"rotation":{"angle":22.5,"axis":"z","origin":[0.5,10.5,3]},"faces":{"north":{"uv":[1.5,13.5,3.5,15.5],"texture":"#texture"},"east":{"uv":[2,13,4,15],"texture":"#texture"},"south":{"uv":[1.5,13,3.5,14.5],"texture":"#texture"},"west":{"uv":[1.5,12,3.5,13.5],"texture":"#texture"},"up":{"uv":[1.5,13,3.5,14.5],"texture":"#texture"},"down":{"uv":[1.5,13.5,3.5,15],"texture":"#texture"}}},{"from":[2.875,10,3],"to":[5.125,11.5,13],"faces":{"north":{"uv":[1.5,13.5,3.5,15.5],"texture":"#texture"},"east":{"uv":[2,13,4,15],"texture":"#texture"},"south":{"uv":[1.5,13,3.5,14.5],"texture":"#texture"},"west":{"uv":[1.5,12,3.5,13.5],"texture":"#texture"},"up":{"uv":[1.5,13,3.5,14.5],"texture":"#texture"},"down":{"uv":[1.5,13.5,3.5,15],"texture":"#texture"}}},{"from":[5.125,9.9375,3],"to":[8.1875,11.5,13],"rotation":{"angle":-22.5,"axis":"z","origin":[5.125,11.5,3]},"faces":{"north":{"uv":[1.5,13.5,3.5,15.5],"texture":"#texture"},"east":{"uv":[2,13,4,15],"texture":"#texture"},"south":{"uv":[1.5,13,3.5,14.5],"texture":"#texture"},"west":{"uv":[1.5,12,3.5,13.5],"texture":"#texture"},"up":{"uv":[1.5,13,3.5,14.5],"texture":"#texture"},"down":{"uv":[1.5,13.5,3.5,15],"texture":"#texture"}}},{"from":[-0.25,7.5,14],"to":[0,9.5,14.25],"rotation":{"angle":45,"axis":"x","origin":[-0.25,9.5,14]},"faces":{"north":{"uv":[1,1.5,3,3.5],"texture":"#texture"},"east":{"uv":[1.5,1,3.5,3],"texture":"#texture"},"south":{"uv":[1,1.5,3,3],"texture":"#texture"},"west":{"uv":[0.5,1.5,2.5,3],"texture":"#texture"},"up":{"uv":[1,2,3,3.5],"texture":"#texture"},"down":{"uv":[1,1.5,3,3],"texture":"#texture"}}},{"from":[-0.25,9.25,14.6875],"to":[0,11.25,14.9375],"rotation":{"angle":22.5,"axis":"x","origin":[-0.25,11.25,14.6875]},"faces":{"north":{"uv":[1,1.5,3,3.5],"texture":"#texture"},"east":{"uv":[1.5,1,3.5,3],"texture":"#texture"},"south":{"uv":[1,1.5,3,3],"texture":"#texture"},"west":{"uv":[0.5,1.5,2.5,3],"texture":"#texture"},"up":{"uv":[1,2,3,3.5],"texture":"#texture"},"down":{"uv":[1,1.5,3,3],"texture":"#texture"}}},{"from":[0.5,11,14.6875],"to":[0.75,13,14.9375],"rotation":{"angle":-22.5,"axis":"z","origin":[0.5,13,14.6875]},"faces":{"north":{"uv":[1,1.5,3,3.5],"texture":"#texture"},"east":{"uv":[1.5,1,3.5,3],"texture":"#texture"},"south":{"uv":[1,1.5,3,3],"texture":"#texture"},"west":{"uv":[0.5,1.5,2.5,3],"texture":"#texture"},"up":{"uv":[1,2,3,3.5],"texture":"#texture"},"down":{"uv":[1,1.5,3,3],"texture":"#texture"}}},{"from":[1.375,12.625,14.6875],"to":[1.625,13.875,14.9375],"rotation":{"angle":-45,"axis":"z","origin":[1.375,13.875,14.6875]},"faces":{"north":{"uv":[1,1.5,3,3.5],"texture":"#texture"},"east":{"uv":[1.5,1,3.5,3],"texture":"#texture"},"south":{"uv":[1,1.5,3,3],"texture":"#texture"},"west":{"uv":[0.5,1.5,2.5,3],"texture":"#texture"},"up":{"uv":[1,2,3,3.5],"texture":"#texture"},"down":{"uv":[1,1.5,3,3],"texture":"#texture"}}},{"from":[1.375,13.625,14.6875],"to":[2.875,13.875,14.9375],"rotation":{"angle":22.5,"axis":"z","origin":[1.375,13.875,14.6875]},"faces":{"north":{"uv":[1,1.5,3,3.5],"texture":"#texture"},"east":{"uv":[1.5,1,3.5,3],"texture":"#texture"},"south":{"uv":[1,1.5,3,3],"texture":"#texture"},"west":{"uv":[0.5,1.5,2.5,3],"texture":"#texture"},"up":{"uv":[1,2,3,3.5],"texture":"#texture"},"down":{"uv":[1,1.5,3,3],"texture":"#texture"}}},{"from":[2.75,14.1875,14.6875],"to":[4.5,14.4375,14.9375],"faces":{"north":{"uv":[1,1.5,3,3.5],"texture":"#texture"},"east":{"uv":[1.5,1,3.5,3],"texture":"#texture"},"south":{"uv":[1,1.5,3,3],"texture":"#texture"},"west":{"uv":[0.5,1.5,2.5,3],"texture":"#texture"},"up":{"uv":[1,2,3,3.5],"texture":"#texture"},"down":{"uv":[1,1.5,3,3],"texture":"#texture"}}},{"from":[4.5,14.1875,14.6875],"to":[5.5,14.4375,14.9375],"rotation":{"angle":-22.5,"axis":"z","origin":[4.5,14.4375,14.6875]},"faces":{"north":{"uv":[1,1.5,3,3.5],"texture":"#texture"},"east":{"uv":[1.5,1,3.5,3],"texture":"#texture"},"south":{"uv":[1,1.5,3,3],"texture":"#texture"},"west":{"uv":[0.5,1.5,2.5,3],"texture":"#texture"},"up":{"uv":[1,2,3,3.5],"texture":"#texture"},"down":{"uv":[1,1.5,3,3],"texture":"#texture"}}},{"from":[5.4375,13.8125,14.6875],"to":[5.9375,14.0625,14.9375],"rotation":{"angle":-45,"axis":"z","origin":[5.4375,14.0625,14.6875]},"faces":{"north":{"uv":[1,1.5,3,3.5],"texture":"#texture"},"east":{"uv":[1.5,1,3.5,3],"texture":"#texture"},"south":{"uv":[1,1.5,3,3],"texture":"#texture"},"west":{"uv":[0.5,1.5,2.5,3],"texture":"#texture"},"up":{"uv":[1,2,3,3.5],"texture":"#texture"},"down":{"uv":[1,1.5,3,3],"texture":"#texture"}}},{"from":[5.5625,13.1875,14.6875],"to":[5.8125,13.6875,14.9375],"faces":{"north":{"uv":[1,1.5,3,3.5],"texture":"#texture"},"east":{"uv":[1.5,1,3.5,3],"texture":"#texture"},"south":{"uv":[1,1.5,3,3],"texture":"#texture"},"west":{"uv":[0.5,1.5,2.5,3],"texture":"#texture"},"up":{"uv":[1,2,3,3.5],"texture":"#texture"},"down":{"uv":[1,1.5,3,3],"texture":"#texture"}}},{"from":[5.625,12.875,14.6875],"to":[5.875,13.375,14.9375],"rotation":{"angle":-45,"axis":"z","origin":[5.625,13.375,14.6875]},"faces":{"north":{"uv":[1,1.5,3,3.5],"texture":"#texture"},"east":{"uv":[1.5,1,3.5,3],"texture":"#texture"},"south":{"uv":[1,1.5,3,3],"texture":"#texture"},"west":{"uv":[0.5,1.5,2.5,3],"texture":"#texture"},"up":{"uv":[1,2,3,3.5],"texture":"#texture"},"down":{"uv":[1,1.5,3,3],"texture":"#texture"}}},{"from":[4.895,12.625,14.6875],"to":[5.395,12.875,14.9375],"rotation":{"angle":22.5,"axis":"z","origin":[4.895,12.875,14.6875]},"faces":{"north":{"uv":[1,1.5,3,3.5],"texture":"#texture"},"east":{"uv":[1.5,1,3.5,3],"texture":"#texture"},"south":{"uv":[1,1.5,3,3],"texture":"#texture"},"west":{"uv":[0.5,1.5,2.5,3],"texture":"#texture"},"up":{"uv":[1,2,3,3.5],"texture":"#texture"},"down":{"uv":[1,1.5,3,3],"texture":"#texture"}}},{"from":[4.4775,12.625,14.6875],"to":[4.9775,12.875,14.9375],"faces":{"north":{"uv":[1,1.5,3,3.5],"texture":"#texture"},"east":{"uv":[1.5,1,3.5,3],"texture":"#texture"},"south":{"uv":[1,1.5,3,3],"texture":"#texture"},"west":{"uv":[0.5,1.5,2.5,3],"texture":"#texture"},"up":{"uv":[1,2,3,3.5],"texture":"#texture"},"down":{"uv":[1,1.5,3,3],"texture":"#texture"}}},{"from":[4.165,12.8125,14.6875],"to":[4.665,13.0625,14.9375],"rotation":{"angle":-22.5,"axis":"z","origin":[4.165,13.0625,14.6875]},"faces":{"north":{"uv":[1,1.5,3,3.5],"texture":"#texture"},"east":{"uv":[1.5,1,3.5,3],"texture":"#texture"},"south":{"uv":[1,1.5,3,3],"texture":"#texture"},"west":{"uv":[0.5,1.5,2.5,3],"texture":"#texture"},"up":{"uv":[1,2,3,3.5],"texture":"#texture"},"down":{"uv":[1,1.5,3,3],"texture":"#texture"}}},{"from":[3.8525,12.8125,14.6875],"to":[4.1025,13.3125,14.9375],"rotation":{"angle":22.5,"axis":"z","origin":[3.8525,13.3125,14.6875]},"faces":{"north":{"uv":[1,1.5,3,3.5],"texture":"#texture"},"east":{"uv":[1.5,1,3.5,3],"texture":"#texture"},"south":{"uv":[1,1.5,3,3],"texture":"#texture"},"west":{"uv":[0.5,1.5,2.5,3],"texture":"#texture"},"up":{"uv":[1,2,3,3.5],"texture":"#texture"},"down":{"uv":[1,1.5,3,3],"texture":"#texture"}}},{"from":[3.8525,13.25,14.6875],"to":[4.1025,13.5625,14.9375],"faces":{"north":{"uv":[1,1.5,3,3.5],"texture":"#texture"},"east":{"uv":[1.5,1,3.5,3],"texture":"#texture"},"south":{"uv":[1,1.5,3,3],"texture":"#texture"},"west":{"uv":[0.5,1.5,2.5,3],"texture":"#texture"},"up":{"uv":[1,2,3,3.5],"texture":"#texture"},"down":{"uv":[1,1.5,3,3],"texture":"#texture"}}},{"from":[4.2275,13.4375,14.6875],"to":[4.4775,13.9375,14.9375],"rotation":{"angle":-45,"axis":"z","origin":[4.2275,13.9375,14.6875]},"faces":{"north":{"uv":[1,1.5,3,3.5],"texture":"#texture"},"east":{"uv":[1.5,1,3.5,3],"texture":"#texture"},"south":{"uv":[1,1.5,3,3],"texture":"#texture"},"west":{"uv":[0.5,1.5,2.5,3],"texture":"#texture"},"up":{"uv":[1,2,3,3.5],"texture":"#texture"},"down":{"uv":[1,1.5,3,3],"texture":"#texture"}}},{"from":[4.2275,13.6875,14.6875],"to":[4.7275,13.9375,14.9375],"faces":{"north":{"uv":[1,1.5,3,3.5],"texture":"#texture"},"east":{"uv":[1.5,1,3.5,3],"texture":"#texture"},"south":{"uv":[1,1.5,3,3],"texture":"#texture"},"west":{"uv":[0.5,1.5,2.5,3],"texture":"#texture"},"up":{"uv":[1,2,3,3.5],"texture":"#texture"},"down":{"uv":[1,1.5,3,3],"texture":"#texture"}}},{"from":[4.7275,13.6875,14.6875],"to":[5.2275,13.9375,14.9375],"rotation":{"angle":-45,"axis":"z","origin":[4.7275,13.9375,14.6875]},"faces":{"north":{"uv":[1,1.5,3,3.5],"texture":"#texture"},"east":{"uv":[1.5,1,3.5,3],"texture":"#texture"},"south":{"uv":[1,1.5,3,3],"texture":"#texture"},"west":{"uv":[0.5,1.5,2.5,3],"texture":"#texture"},"up":{"uv":[1,2,3,3.5],"texture":"#texture"},"down":{"uv":[1,1.5,3,3],"texture":"#texture"}}},{"from":[-0.25,7.4375,1.875],"to":[0,9.4375,2.125],"rotation":{"angle":-45,"axis":"x","origin":[-0.25,9.4375,1.875]},"faces":{"north":{"uv":[1,1.5,3,3.5],"texture":"#texture"},"east":{"uv":[1.5,1,3.5,3],"texture":"#texture"},"south":{"uv":[1,1.5,3,3],"texture":"#texture"},"west":{"uv":[0.5,1.5,2.5,3],"texture":"#texture"},"up":{"uv":[1,2,3,3.5],"texture":"#texture"},"down":{"uv":[1,1.5,3,3],"texture":"#texture"}}},{"from":[-0.25,9.25,1.125],"to":[0,11.25,1.375],"rotation":{"angle":-22.5,"axis":"x","origin":[-0.25,11.25,1.125]},"faces":{"north":{"uv":[1,1.5,3,3.5],"texture":"#texture"},"east":{"uv":[1.5,1,3.5,3],"texture":"#texture"},"south":{"uv":[1,1.5,3,3],"texture":"#texture"},"west":{"uv":[0.5,1.5,2.5,3],"texture":"#texture"},"up":{"uv":[1,2,3,3.5],"texture":"#texture"},"down":{"uv":[1,1.5,3,3],"texture":"#texture"}}},{"from":[0.5,11,1.0875],"to":[0.75,13,1.3375],"rotation":{"angle":-22.5,"axis":"z","origin":[0.5,13,1.0875]},"faces":{"north":{"uv":[1,1.5,3,3.5],"texture":"#texture"},"east":{"uv":[1.5,1,3.5,3],"texture":"#texture"},"south":{"uv":[1,1.5,3,3],"texture":"#texture"},"west":{"uv":[0.5,1.5,2.5,3],"texture":"#texture"},"up":{"uv":[1,2,3,3.5],"texture":"#texture"},"down":{"uv":[1,1.5,3,3],"texture":"#texture"}}},{"from":[1.375,12.625,1.0875],"to":[1.625,13.875,1.3375],"rotation":{"angle":-45,"axis":"z","origin":[1.375,13.875,1.0875]},"faces":{"north":{"uv":[1,1.5,3,3.5],"texture":"#texture"},"east":{"uv":[1.5,1,3.5,3],"texture":"#texture"},"south":{"uv":[1,1.5,3,3],"texture":"#texture"},"west":{"uv":[0.5,1.5,2.5,3],"texture":"#texture"},"up":{"uv":[1,2,3,3.5],"texture":"#texture"},"down":{"uv":[1,1.5,3,3],"texture":"#texture"}}},{"from":[1.375,13.625,1.0875],"to":[2.875,13.875,1.3375],"rotation":{"angle":22.5,"axis":"z","origin":[1.375,13.875,1.0875]},"faces":{"north":{"uv":[1,1.5,3,3.5],"texture":"#texture"},"east":{"uv":[1.5,1,3.5,3],"texture":"#texture"},"south":{"uv":[1,1.5,3,3],"texture":"#texture"},"west":{"uv":[0.5,1.5,2.5,3],"texture":"#texture"},"up":{"uv":[1,2,3,3.5],"texture":"#texture"},"down":{"uv":[1,1.5,3,3],"texture":"#texture"}}},{"from":[2.75,14.1875,1.0875],"to":[4.5,14.4375,1.3375],"faces":{"north":{"uv":[1,1.5,3,3.5],"texture":"#texture"},"east":{"uv":[1.5,1,3.5,3],"texture":"#texture"},"south":{"uv":[1,1.5,3,3],"texture":"#texture"},"west":{"uv":[0.5,1.5,2.5,3],"texture":"#texture"},"up":{"uv":[1,2,3,3.5],"texture":"#texture"},"down":{"uv":[1,1.5,3,3],"texture":"#texture"}}},{"from":[4.5,14.1875,1.0875],"to":[5.5,14.4375,1.3375],"rotation":{"angle":-22.5,"axis":"z","origin":[4.5,14.4375,1.0875]},"faces":{"north":{"uv":[1,1.5,3,3.5],"texture":"#texture"},"east":{"uv":[1.5,1,3.5,3],"texture":"#texture"},"south":{"uv":[1,1.5,3,3],"texture":"#texture"},"west":{"uv":[0.5,1.5,2.5,3],"texture":"#texture"},"up":{"uv":[1,2,3,3.5],"texture":"#texture"},"down":{"uv":[1,1.5,3,3],"texture":"#texture"}}},{"from":[5.4375,13.8125,1.0875],"to":[5.9375,14.0625,1.3375],"rotation":{"angle":-45,"axis":"z","origin":[5.4375,14.0625,1.0875]},"faces":{"north":{"uv":[1,1.5,3,3.5],"texture":"#texture"},"east":{"uv":[1.5,1,3.5,3],"texture":"#texture"},"south":{"uv":[1,1.5,3,3],"texture":"#texture"},"west":{"uv":[0.5,1.5,2.5,3],"texture":"#texture"},"up":{"uv":[1,2,3,3.5],"texture":"#texture"},"down":{"uv":[1,1.5,3,3],"texture":"#texture"}}},{"from":[5.5625,13.1875,1.0875],"to":[5.8125,13.6875,1.3375],"faces":{"north":{"uv":[1,1.5,3,3.5],"texture":"#texture"},"east":{"uv":[1.5,1,3.5,3],"texture":"#texture"},"south":{"uv":[1,1.5,3,3],"texture":"#texture"},"west":{"uv":[0.5,1.5,2.5,3],"texture":"#texture"},"up":{"uv":[1,2,3,3.5],"texture":"#texture"},"down":{"uv":[1,1.5,3,3],"texture":"#texture"}}},{"from":[5.625,12.875,1.0875],"to":[5.875,13.375,1.3375],"rotation":{"angle":-45,"axis":"z","origin":[5.625,13.375,1.0875]},"faces":{"north":{"uv":[1,1.5,3,3.5],"texture":"#texture"},"east":{"uv":[1.5,1,3.5,3],"texture":"#texture"},"south":{"uv":[1,1.5,3,3],"texture":"#texture"},"west":{"uv":[0.5,1.5,2.5,3],"texture":"#texture"},"up":{"uv":[1,2,3,3.5],"texture":"#texture"},"down":{"uv":[1,1.5,3,3],"texture":"#texture"}}},{"from":[4.895,12.625,1.0875],"to":[5.395,12.875,1.3375],"rotation":{"angle":22.5,"axis":"z","origin":[4.895,12.875,1.0875]},"faces":{"north":{"uv":[1,1.5,3,3.5],"texture":"#texture"},"east":{"uv":[1.5,1,3.5,3],"texture":"#texture"},"south":{"uv":[1,1.5,3,3],"texture":"#texture"},"west":{"uv":[0.5,1.5,2.5,3],"texture":"#texture"},"up":{"uv":[1,2,3,3.5],"texture":"#texture"},"down":{"uv":[1,1.5,3,3],"texture":"#texture"}}},{"from":[4.4775,12.625,1.0875],"to":[4.9775,12.875,1.3375],"faces":{"north":{"uv":[1,1.5,3,3.5],"texture":"#texture"},"east":{"uv":[1.5,1,3.5,3],"texture":"#texture"},"south":{"uv":[1,1.5,3,3],"texture":"#texture"},"west":{"uv":[0.5,1.5,2.5,3],"texture":"#texture"},"up":{"uv":[1,2,3,3.5],"texture":"#texture"},"down":{"uv":[1,1.5,3,3],"texture":"#texture"}}},{"from":[4.165,12.8125,1.0875],"to":[4.665,13.0625,1.3375],"rotation":{"angle":-22.5,"axis":"z","origin":[4.165,13.0625,1.0875]},"faces":{"north":{"uv":[1,1.5,3,3.5],"texture":"#texture"},"east":{"uv":[1.5,1,3.5,3],"texture":"#texture"},"south":{"uv":[1,1.5,3,3],"texture":"#texture"},"west":{"uv":[0.5,1.5,2.5,3],"texture":"#texture"},"up":{"uv":[1,2,3,3.5],"texture":"#texture"},"down":{"uv":[1,1.5,3,3],"texture":"#texture"}}},{"from":[3.8525,12.8125,1.0875],"to":[4.1025,13.3125,1.3375],"rotation":{"angle":22.5,"axis":"z","origin":[3.8525,13.3125,1.0875]},"faces":{"north":{"uv":[1,1.5,3,3.5],"texture":"#texture"},"east":{"uv":[1.5,1,3.5,3],"texture":"#texture"},"south":{"uv":[1,1.5,3,3],"texture":"#texture"},"west":{"uv":[0.5,1.5,2.5,3],"texture":"#texture"},"up":{"uv":[1,2,3,3.5],"texture":"#texture"},"down":{"uv":[1,1.5,3,3],"texture":"#texture"}}},{"from":[3.8525,13.25,1.0875],"to":[4.1025,13.5625,1.3375],"faces":{"north":{"uv":[1,1.5,3,3.5],"texture":"#texture"},"east":{"uv":[1.5,1,3.5,3],"texture":"#texture"},"south":{"uv":[1,1.5,3,3],"texture":"#texture"},"west":{"uv":[0.5,1.5,2.5,3],"texture":"#texture"},"up":{"uv":[1,2,3,3.5],"texture":"#texture"},"down":{"uv":[1,1.5,3,3],"texture":"#texture"}}},{"from":[4.2275,13.4375,1.0875],"to":[4.4775,13.9375,1.3375],"rotation":{"angle":-45,"axis":"z","origin":[4.2275,13.9375,1.0875]},"faces":{"north":{"uv":[1,1.5,3,3.5],"texture":"#texture"},"east":{"uv":[1.5,1,3.5,3],"texture":"#texture"},"south":{"uv":[1,1.5,3,3],"texture":"#texture"},"west":{"uv":[0.5,1.5,2.5,3],"texture":"#texture"},"up":{"uv":[1,2,3,3.5],"texture":"#texture"},"down":{"uv":[1,1.5,3,3],"texture":"#texture"}}},{"from":[4.2275,13.6875,1.0875],"to":[4.7275,13.9375,1.3375],"faces":{"north":{"uv":[1,1.5,3,3.5],"texture":"#texture"},"east":{"uv":[1.5,1,3.5,3],"texture":"#texture"},"south":{"uv":[1,1.5,3,3],"texture":"#texture"},"west":{"uv":[0.5,1.5,2.5,3],"texture":"#texture"},"up":{"uv":[1,2,3,3.5],"texture":"#texture"},"down":{"uv":[1,1.5,3,3],"texture":"#texture"}}},{"from":[4.7275,13.6875,1.0875],"to":[5.2275,13.9375,1.3375],"rotation":{"angle":-45,"axis":"z","origin":[4.7275,13.9375,1.0875]},"faces":{"north":{"uv":[1,1.5,3,3.5],"texture":"#texture"},"east":{"uv":[1.5,1,3.5,3],"texture":"#texture"},"south":{"uv":[1,1.5,3,3],"texture":"#texture"},"west":{"uv":[0.5,1.5,2.5,3],"texture":"#texture"},"up":{"uv":[1,2,3,3.5],"texture":"#texture"},"down":{"uv":[1,1.5,3,3],"texture":"#texture"}}}],"display":{"thirdperson_righthand":{"scale":[0,0,0]},"thirdperson_lefthand":{"scale":[0,0,0]},"firstperson_righthand":{"scale":[0,0,0]},"firstperson_lefthand":{"scale":[0,0,0]},"gui":{"rotation":[20,50,0],"translation":[-1,0,0],"scale":[0.65,0.65,0.65]},"head":{"rotation":[0,-90,0],"translation":[0,-26,-2.5],"scale":[2.2,2.2,2.2]}}}