{"credit":"Made by MadstonMagic using Cubik Pro, Copyright © MadstonMagic Modeling 2015-2017. All rights reserved","textures":{"texture":"pokemon_skins/regular/lileep/lileep","detail":"pokemon_skins/regular/lileep/detail","particle":"pokemon_skins/regular/lileep/eye"},"elements":[{"from":[5.5,12.5,4.5],"to":[10.5,15,11.5],"faces":{"north":{"uv":[1.5,2,5.5,5.5],"texture":"#texture"},"east":{"uv":[2,1.5,6,5],"texture":"#texture"},"south":{"uv":[1,1.5,5.5,5],"texture":"#texture"},"west":{"uv":[1.5,1,5.5,4.5],"texture":"#texture"},"up":{"uv":[1.5,2,6,6],"texture":"#texture"},"down":{"uv":[2,1.5,5,4.5],"texture":"#texture"}}},{"from":[6.6875,12.5,4],"to":[9.3125,15,12],"faces":{"north":{"uv":[1.5,2,5.5,5.5],"texture":"#texture"},"east":{"uv":[2,1.5,6,5],"texture":"#texture"},"south":{"uv":[1,1.5,5.5,5],"texture":"#texture"},"west":{"uv":[1.5,1,5.5,4.5],"texture":"#texture"},"up":{"uv":[1.5,2,6,6],"texture":"#texture"},"down":{"uv":[2,1.5,5,4.5],"texture":"#texture"}}},{"from":[4,12.5,6.6875],"to":[12,15,9.3125],"faces":{"north":{"uv":[1.5,2,5.5,5.5],"texture":"#texture"},"east":{"uv":[2,1.5,6,5],"texture":"#texture"},"south":{"uv":[1,1.5,5.5,5],"texture":"#texture"},"west":{"uv":[1.5,1,5.5,4.5],"texture":"#texture"},"up":{"uv":[1.5,2,6,6],"texture":"#texture"},"down":{"uv":[2,1.5,5,4.5],"texture":"#texture"}}},{"from":[5,12.5,5],"to":[11,15,11],"faces":{"north":{"uv":[1.5,2,5.5,5.5],"texture":"#texture"},"east":{"uv":[2,1.5,6,5],"texture":"#texture"},"south":{"uv":[1,1.5,5.5,5],"texture":"#texture"},"west":{"uv":[1.5,1,5.5,4.5],"texture":"#texture"},"up":{"uv":[1.5,2,6,6],"texture":"#texture"},"down":{"uv":[2,1.5,5,4.5],"texture":"#texture"}}},{"from":[4.5,12.5,5.5],"to":[11.5,15,10.5],"faces":{"north":{"uv":[1.5,2,5.5,5.5],"texture":"#texture"},"east":{"uv":[2,1.5,6,5],"texture":"#texture"},"south":{"uv":[1,1.5,5.5,5],"texture":"#texture"},"west":{"uv":[1.5,1,5.5,4.5],"texture":"#texture"},"up":{"uv":[1.5,2,6,6],"texture":"#texture"},"down":{"uv":[2,1.5,5,4.5],"texture":"#texture"}}},{"from":[4.5,12.5,5.5],"to":[5.91,15,13.99],"rotation":{"angle":45,"axis":"y","origin":[4.5,12.5,5.5]},"faces":{"north":{"uv":[1.5,2,5.5,5.5],"texture":"#texture"},"east":{"uv":[2,1.5,6,5],"texture":"#texture"},"south":{"uv":[1,1.5,5.5,5],"texture":"#texture"},"west":{"uv":[1.5,1,5.5,4.5],"texture":"#texture"},"up":{"uv":[1.5,2,6,6],"texture":"#texture"},"down":{"uv":[2,1.5,5,4.5],"texture":"#texture"}}},{"from":[10.5,12.5,4.5],"to":[11.91,15,12.99],"rotation":{"angle":-45,"axis":"y","origin":[10.5,12.5,4.5]},"faces":{"north":{"uv":[1.5,2,5.5,5.5],"texture":"#texture"},"east":{"uv":[2,1.5,6,5],"texture":"#texture"},"south":{"uv":[1,1.5,5.5,5],"texture":"#texture"},"west":{"uv":[1.5,1,5.5,4.5],"texture":"#texture"},"up":{"uv":[1.5,2,6,6],"texture":"#texture"},"down":{"uv":[2,1.5,5,4.5],"texture":"#texture"}}},{"from":[5.5,12.5,4.5],"to":[6.8125,15.5,5.5],"rotation":{"angle":22.5,"axis":"y","origin":[5.5,12.5,4.5]},"faces":{"north":{"uv":[1.5,2,5.5,5.5],"texture":"#texture"},"east":{"uv":[2,1.5,6,5],"texture":"#texture"},"south":{"uv":[1,1.5,5.5,5],"texture":"#texture"},"west":{"uv":[1.5,1,5.5,4.5],"texture":"#texture"},"up":{"uv":[1.5,2,6,6],"texture":"#texture"},"down":{"uv":[2,1.5,5,4.5],"texture":"#texture"}}},{"from":[9.2925,12.5,4],"to":[10.605,15.5,5],"rotation":{"angle":-22.5,"axis":"y","origin":[9.2925,12.5,4]},"faces":{"north":{"uv":[1.5,2,5.5,5.5],"texture":"#texture"},"east":{"uv":[2,1.5,6,5],"texture":"#texture"},"south":{"uv":[1,1.5,5.5,5],"texture":"#texture"},"west":{"uv":[1.5,1,5.5,4.5],"texture":"#texture"},"up":{"uv":[1.5,2,6,6],"texture":"#texture"},"down":{"uv":[2,1.5,5,4.5],"texture":"#texture"}}},{"from":[5.875,12.5,10.5725],"to":[7.1875,15.5,11.5725],"rotation":{"angle":-22.5,"axis":"y","origin":[5.875,12.5,10.5725]},"faces":{"north":{"uv":[1.5,2,5.5,5.5],"texture":"#texture"},"east":{"uv":[2,1.5,6,5],"texture":"#texture"},"south":{"uv":[1,1.5,5.5,5],"texture":"#texture"},"west":{"uv":[1.5,1,5.5,4.5],"texture":"#texture"},"up":{"uv":[1.5,2,6,6],"texture":"#texture"},"down":{"uv":[2,1.5,5,4.5],"texture":"#texture"}}},{"from":[8.9075,12.5,11.0825],"to":[10.22,15.5,12.0825],"rotation":{"angle":22.5,"axis":"y","origin":[8.9075,12.5,11.0825]},"faces":{"north":{"uv":[1.5,2,5.5,5.5],"texture":"#texture"},"east":{"uv":[2,1.5,6,5],"texture":"#texture"},"south":{"uv":[1,1.5,5.5,5],"texture":"#texture"},"west":{"uv":[1.5,1,5.5,4.5],"texture":"#texture"},"up":{"uv":[1.5,2,6,6],"texture":"#texture"},"down":{"uv":[2,1.5,5,4.5],"texture":"#texture"}}},{"from":[10.5625,12.5,5.875],"to":[11.5625,15.5,7.1875],"rotation":{"angle":22.5,"axis":"y","origin":[10.5625,12.5,5.875]},"faces":{"north":{"uv":[1.5,2,5.5,5.5],"texture":"#texture"},"east":{"uv":[2,1.5,6,5],"texture":"#texture"},"south":{"uv":[1,1.5,5.5,5],"texture":"#texture"},"west":{"uv":[1.5,1,5.5,4.5],"texture":"#texture"},"up":{"uv":[1.5,2,6,6],"texture":"#texture"},"down":{"uv":[2,1.5,5,4.5],"texture":"#texture"}}},{"from":[11.0825,12.5,8.915],"to":[12.0825,15.5,10.2275],"rotation":{"angle":-22.5,"axis":"y","origin":[11.0825,12.5,8.915]},"faces":{"north":{"uv":[1.5,2,5.5,5.5],"texture":"#texture"},"east":{"uv":[2,1.5,6,5],"texture":"#texture"},"south":{"uv":[1,1.5,5.5,5],"texture":"#texture"},"west":{"uv":[1.5,1,5.5,4.5],"texture":"#texture"},"up":{"uv":[1.5,2,6,6],"texture":"#texture"},"down":{"uv":[2,1.5,5,4.5],"texture":"#texture"}}},{"from":[4.5,12.5,5.5],"to":[5.5,15.5,6.8125],"rotation":{"angle":-22.5,"axis":"y","origin":[4.5,12.5,5.5]},"faces":{"north":{"uv":[1.5,2,5.5,5.5],"texture":"#texture"},"east":{"uv":[2,1.5,6,5],"texture":"#texture"},"south":{"uv":[1,1.5,5.5,5],"texture":"#texture"},"west":{"uv":[1.5,1,5.5,4.5],"texture":"#texture"},"up":{"uv":[1.5,2,6,6],"texture":"#texture"},"down":{"uv":[2,1.5,5,4.5],"texture":"#texture"}}},{"from":[4,12.5,9.3125],"to":[5,15.5,10.625],"rotation":{"angle":22.5,"axis":"y","origin":[4,12.5,9.3125]},"faces":{"north":{"uv":[1.5,2,5.5,5.5],"texture":"#texture"},"east":{"uv":[2,1.5,6,5],"texture":"#texture"},"south":{"uv":[1,1.5,5.5,5],"texture":"#texture"},"west":{"uv":[1.5,1,5.5,4.5],"texture":"#texture"},"up":{"uv":[1.5,2,6,6],"texture":"#texture"},"down":{"uv":[2,1.5,5,4.5],"texture":"#texture"}}},{"from":[6.6875,12.5,4],"to":[9.3125,15.5,5],"faces":{"north":{"uv":[1.5,2,5.5,5.5],"texture":"#texture"},"east":{"uv":[2,1.5,6,5],"texture":"#texture"},"south":{"uv":[1,1.5,5.5,5],"texture":"#texture"},"west":{"uv":[1.5,1,5.5,4.5],"texture":"#texture"},"up":{"uv":[1.5,2,6,6],"texture":"#texture"},"down":{"uv":[2,1.5,5,4.5],"texture":"#texture"}}},{"from":[4,12.5,6.6875],"to":[5,15.5,9.3125],"faces":{"north":{"uv":[1.5,2,5.5,5.5],"texture":"#texture"},"east":{"uv":[2,1.5,6,5],"texture":"#texture"},"south":{"uv":[1,1.5,5.5,5],"texture":"#texture"},"west":{"uv":[1.5,1,5.5,4.5],"texture":"#texture"},"up":{"uv":[1.5,2,6,6],"texture":"#texture"},"down":{"uv":[2,1.5,5,4.5],"texture":"#texture"}}},{"from":[6.6875,12.5,11],"to":[9.3125,15.5,12],"faces":{"north":{"uv":[1.5,2,5.5,5.5],"texture":"#texture"},"east":{"uv":[2,1.5,6,5],"texture":"#texture"},"south":{"uv":[1,1.5,5.5,5],"texture":"#texture"},"west":{"uv":[1.5,1,5.5,4.5],"texture":"#texture"},"up":{"uv":[1.5,2,6,6],"texture":"#texture"},"down":{"uv":[2,1.5,5,4.5],"texture":"#texture"}}},{"from":[11,12.5,6.6875],"to":[12,15.5,9.3125],"faces":{"north":{"uv":[1.5,2,5.5,5.5],"texture":"#texture"},"east":{"uv":[2,1.5,6,5],"texture":"#texture"},"south":{"uv":[1,1.5,5.5,5],"texture":"#texture"},"west":{"uv":[1.5,1,5.5,4.5],"texture":"#texture"},"up":{"uv":[1.5,2,6,6],"texture":"#texture"},"down":{"uv":[2,1.5,5,4.5],"texture":"#texture"}}},{"from":[4.5,12.5,5.5],"to":[5.91,15.5,6.5],"rotation":{"angle":45,"axis":"y","origin":[4.5,12.5,5.5]},"faces":{"north":{"uv":[1.5,2,5.5,5.5],"texture":"#texture"},"east":{"uv":[2,1.5,6,5],"texture":"#texture"},"south":{"uv":[1,1.5,5.5,5],"texture":"#texture"},"west":{"uv":[1.5,1,5.5,4.5],"texture":"#texture"},"up":{"uv":[1.5,2,6,6],"texture":"#texture"},"down":{"uv":[2,1.5,5,4.5],"texture":"#texture"}}},{"from":[10.5,12.5,4.5],"to":[11.91,15.5,5.5],"rotation":{"angle":-45,"axis":"y","origin":[10.5,12.5,4.5]},"faces":{"north":{"uv":[1.5,2,5.5,5.5],"texture":"#texture"},"east":{"uv":[2,1.5,6,5],"texture":"#texture"},"south":{"uv":[1,1.5,5.5,5],"texture":"#texture"},"west":{"uv":[1.5,1,5.5,4.5],"texture":"#texture"},"up":{"uv":[1.5,2,6,6],"texture":"#texture"},"down":{"uv":[2,1.5,5,4.5],"texture":"#texture"}}},{"from":[5.2,12.5,9.8],"to":[6.61,15.5,10.8],"rotation":{"angle":-45,"axis":"y","origin":[5.2,12.5,9.8]},"faces":{"north":{"uv":[1.5,2,5.5,5.5],"texture":"#texture"},"east":{"uv":[2,1.5,6,5],"texture":"#texture"},"south":{"uv":[1,1.5,5.5,5],"texture":"#texture"},"west":{"uv":[1.5,1,5.5,4.5],"texture":"#texture"},"up":{"uv":[1.5,2,6,6],"texture":"#texture"},"down":{"uv":[2,1.5,5,4.5],"texture":"#texture"}}},{"from":[9.7975,12.5,10.7975],"to":[11.2075,15.5,11.7975],"rotation":{"angle":45,"axis":"y","origin":[9.7975,12.5,10.7975]},"faces":{"north":{"uv":[1.5,2,5.5,5.5],"texture":"#texture"},"east":{"uv":[2,1.5,6,5],"texture":"#texture"},"south":{"uv":[1,1.5,5.5,5],"texture":"#texture"},"west":{"uv":[1.5,1,5.5,4.5],"texture":"#texture"},"up":{"uv":[1.5,2,6,6],"texture":"#texture"},"down":{"uv":[2,1.5,5,4.5],"texture":"#texture"}}},{"from":[6,15,6],"to":[10,16,10],"faces":{"north":{"uv":[2,10,5.5,13],"texture":"#texture"},"east":{"uv":[2,10,5.5,14],"texture":"#texture"},"south":{"uv":[1,9.5,4.5,13.5],"texture":"#texture"},"west":{"uv":[1.5,9,4.5,12.5],"texture":"#texture"},"up":{"uv":[3,9,7,13],"texture":"#texture"},"down":{"uv":[2.5,9.5,6.5,13.5],"texture":"#texture"}}},{"from":[6,14,5],"to":[10,15,6.41],"rotation":{"angle":-45,"axis":"x","origin":[6,15,5]},"faces":{"north":{"uv":[2,10,5.5,13],"texture":"#texture"},"east":{"uv":[2,10,5.5,14],"texture":"#texture"},"south":{"uv":[1,9.5,4.5,13.5],"texture":"#texture"},"west":{"uv":[1.5,9,4.5,12.5],"texture":"#texture"},"up":{"uv":[3,9,7,13],"texture":"#texture"},"down":{"uv":[2.5,9.5,6.5,13.5],"texture":"#texture"}}},{"from":[6,15,10],"to":[10,16,11.41],"rotation":{"angle":45,"axis":"x","origin":[6,16,10]},"faces":{"north":{"uv":[2,10,5.5,13],"texture":"#texture"},"east":{"uv":[2,10,5.5,14],"texture":"#texture"},"south":{"uv":[1,9.5,4.5,13.5],"texture":"#texture"},"west":{"uv":[1.5,9,4.5,12.5],"texture":"#texture"},"up":{"uv":[3,9,7,13],"texture":"#texture"},"down":{"uv":[2.5,9.5,6.5,13.5],"texture":"#texture"}}},{"from":[5,14,6],"to":[6.41,15,10],"rotation":{"angle":45,"axis":"z","origin":[5,15,6]},"faces":{"north":{"uv":[2,10,5.5,13],"texture":"#texture"},"east":{"uv":[2,10,5.5,14],"texture":"#texture"},"south":{"uv":[1,9.5,4.5,13.5],"texture":"#texture"},"west":{"uv":[1.5,9,4.5,12.5],"texture":"#texture"},"up":{"uv":[3,9,7,13],"texture":"#texture"},"down":{"uv":[2.5,9.5,6.5,13.5],"texture":"#texture"}}},{"from":[10,15,6],"to":[11.41,16,10],"rotation":{"angle":-45,"axis":"z","origin":[10,16,6]},"faces":{"north":{"uv":[2,10,5.5,13],"texture":"#texture"},"east":{"uv":[2,10,5.5,14],"texture":"#texture"},"south":{"uv":[1,9.5,4.5,13.5],"texture":"#texture"},"west":{"uv":[1.5,9,4.5,12.5],"texture":"#texture"},"up":{"uv":[3,9,7,13],"texture":"#texture"},"down":{"uv":[2.5,9.5,6.5,13.5],"texture":"#texture"}}},{"from":[7.5,15.9425,6.25],"to":[8.5,16.005,7.25],"faces":{"up":{"uv":[2.5,10.75,7.25,15.5],"texture":"#particle"}}},{"from":[7.5,15.9425,8.75],"to":[8.5,16.005,9.75],"faces":{"up":{"uv":[2.5,10.75,7.25,15.5],"texture":"#particle"}}},{"from":[0.75,15.4425,1.75],"to":[2.25,15.505,8.75],"rotation":{"angle":45,"axis":"y","origin":[0.75,15.4425,1.75]},"faces":{"up":{"uv":[1.75,0.5,5.5,15],"texture":"#detail"},"down":{"uv":[5.5,0.5,1.75,15],"rotation":180,"texture":"#detail"}}},{"from":[14.5,15.4425,0.75],"to":[16,15.505,7.75],"rotation":{"angle":-45,"axis":"y","origin":[14.5,15.4425,0.75]},"faces":{"up":{"uv":[1.75,0.5,5.5,15],"texture":"#detail"},"down":{"uv":[5.5,0.5,1.75,15],"rotation":180,"texture":"#detail"}}},{"from":[7.25,15.4425,-0.75],"to":[8.75,15.505,6.25],"faces":{"up":{"uv":[1.75,0.5,5.5,15],"texture":"#detail"},"down":{"uv":[5.5,0.5,1.75,15],"rotation":180,"texture":"#detail"}}},{"from":[7.25,15.4425,9.75],"to":[8.75,15.505,16.75],"faces":{"up":{"uv":[1.75,0.5,5.5,15],"rotation":180,"texture":"#detail"},"down":{"uv":[5.5,0.5,1.75,15],"texture":"#detail"}}},{"from":[5.75,15.4425,9.25],"to":[7.25,15.505,16.25],"rotation":{"angle":-45,"axis":"y","origin":[5.75,15.4425,9.25]},"faces":{"up":{"uv":[1.75,0.5,5.5,15],"rotation":180,"texture":"#detail"},"down":{"uv":[5.5,0.5,1.75,15],"texture":"#detail"}}},{"from":[9.25,15.4425,10.5],"to":[10.75,15.505,17.5],"rotation":{"angle":45,"axis":"y","origin":[9.25,15.4425,10.5]},"faces":{"up":{"uv":[1.75,0.5,5.5,15],"rotation":180,"texture":"#detail"},"down":{"uv":[5.5,0.5,1.75,15],"texture":"#detail"}}},{"from":[9.75,15.4425,7.25],"to":[16.5,15.505,8.75],"faces":{"up":{"uv":[1.75,0.5,5.5,15],"rotation":90,"texture":"#detail"},"down":{"uv":[5.5,0.5,1.75,15],"rotation":90,"texture":"#detail"}}},{"from":[-0.5,15.4425,7.25],"to":[6.25,15.505,8.75],"faces":{"up":{"uv":[1.75,0.5,5.5,15],"rotation":270,"texture":"#detail"},"down":{"uv":[5.5,0.5,1.75,15],"rotation":270,"texture":"#detail"}}},{"from":[6.6875,10.5,6],"to":[9.3125,12.5,10],"faces":{"north":{"uv":[1.5,2,5.5,5.5],"texture":"#texture"},"east":{"uv":[2,1.5,6,5],"texture":"#texture"},"south":{"uv":[1,1.5,5.5,5],"texture":"#texture"},"west":{"uv":[1.5,1,5.5,4.5],"texture":"#texture"},"up":{"uv":[1.5,2,6,6],"texture":"#texture"},"down":{"uv":[2,1.5,5,4.5],"texture":"#texture"}}},{"from":[6.6875,11.8325,5.5825],"to":[9.3125,14.0825,8.395],"rotation":{"angle":45,"axis":"x","origin":[6.6875,14.0825,5.5825]},"faces":{"north":{"uv":[1.5,2,5.5,5.5],"texture":"#texture"},"east":{"uv":[2,1.5,6,5],"texture":"#texture"},"south":{"uv":[1,1.5,5.5,5],"texture":"#texture"},"west":{"uv":[1.5,1,5.5,4.5],"texture":"#texture"},"up":{"uv":[1.5,2,6,6],"texture":"#texture"},"down":{"uv":[2,1.5,5,4.5],"texture":"#texture"}}},{"from":[6.6875,9.855,8.4175],"to":[9.3125,12.105,11.23],"rotation":{"angle":-45,"axis":"x","origin":[6.6875,12.105,8.4175]},"faces":{"north":{"uv":[1.5,2,5.5,5.5],"texture":"#texture"},"east":{"uv":[2,1.5,6,5],"texture":"#texture"},"south":{"uv":[1,1.5,5.5,5],"texture":"#texture"},"west":{"uv":[1.5,1,5.5,4.5],"texture":"#texture"},"up":{"uv":[1.5,2,6,6],"texture":"#texture"},"down":{"uv":[2,1.5,5,4.5],"texture":"#texture"}}},{"from":[5.4175,11.8975,6.6875],"to":[8.23,13.8975,9.3125],"rotation":{"angle":-45,"axis":"z","origin":[5.4175,13.8975,6.6875]},"faces":{"north":{"uv":[1.5,2,5.5,5.5],"texture":"#texture"},"east":{"uv":[2,1.5,6,5],"texture":"#texture"},"south":{"uv":[1,1.5,5.5,5],"texture":"#texture"},"west":{"uv":[1.5,1,5.5,4.5],"texture":"#texture"},"up":{"uv":[1.5,2,6,6],"texture":"#texture"},"down":{"uv":[2,1.5,5,4.5],"texture":"#texture"}}},{"from":[8.605,9.905,6.6875],"to":[11.4175,11.905,9.3125],"rotation":{"angle":45,"axis":"z","origin":[8.605,11.905,6.6875]},"faces":{"north":{"uv":[1.5,2,5.5,5.5],"texture":"#texture"},"east":{"uv":[2,1.5,6,5],"texture":"#texture"},"south":{"uv":[1,1.5,5.5,5],"texture":"#texture"},"west":{"uv":[1.5,1,5.5,4.5],"texture":"#texture"},"up":{"uv":[1.5,2,6,6],"texture":"#texture"},"down":{"uv":[2,1.5,5,4.5],"texture":"#texture"}}},{"from":[6,10.5,6.6875],"to":[10,12.5,9.3125],"faces":{"north":{"uv":[1.5,2,5.5,5.5],"texture":"#texture"},"east":{"uv":[2,1.5,6,5],"texture":"#texture"},"south":{"uv":[1,1.5,5.5,5],"texture":"#texture"},"west":{"uv":[1.5,1,5.5,4.5],"texture":"#texture"},"up":{"uv":[1.5,2,6,6],"texture":"#texture"},"down":{"uv":[2,1.5,5,4.5],"texture":"#texture"}}},{"from":[7,8.75,7],"to":[9,10.5,9],"faces":{"north":{"uv":[10.5,2.25,14.5,5.75],"texture":"#texture"},"east":{"uv":[10,1.75,14,5.25],"texture":"#texture"},"south":{"uv":[10.5,2,15,5.5],"texture":"#texture"},"west":{"uv":[10.5,1.75,14.5,5.25],"texture":"#texture"},"up":{"uv":[9.25,2.5,13.75,6.5],"texture":"#texture"},"down":{"uv":[10,2.75,13,5.75],"texture":"#texture"}}},{"from":[5.461,14.6739,4.4455],"to":[6.79395,15.0239,5.46108],"rotation":{"angle":22.5,"axis":"y","origin":[5.46104,14.6739,4.44546]},"faces":{"north":{"uv":[9,2.25,13,5.75],"texture":"#texture"},"east":{"uv":[11,1.75,15,5.25],"texture":"#texture"},"south":{"uv":[9.25,2.5,13.75,6],"texture":"#texture"},"west":{"uv":[9.25,1.5,13.25,5],"texture":"#texture"},"up":{"uv":[9.5,2,14,6],"texture":"#texture"},"down":{"uv":[10.75,3,13.75,6],"texture":"#texture"}}},{"from":[9.3126,14.6739,3.9377],"to":[10.64556,15.0239,4.95328],"rotation":{"angle":-22.5,"axis":"y","origin":[9.31264,14.6739,3.93767]},"faces":{"north":{"uv":[9,2.25,13,5.75],"texture":"#texture"},"east":{"uv":[11,1.75,15,5.25],"texture":"#texture"},"south":{"uv":[9.25,2.5,13.75,6],"texture":"#texture"},"west":{"uv":[9.25,1.5,13.25,5],"texture":"#texture"},"up":{"uv":[9.5,2,14,6],"texture":"#texture"},"down":{"uv":[10.75,3,13.75,6],"texture":"#texture"}}},{"from":[5.8419,14.6739,10.6126],"to":[7.17485,15.0239,11.6282],"rotation":{"angle":-22.5,"axis":"y","origin":[5.84189,14.6739,10.6126]},"faces":{"north":{"uv":[9,2.25,13,5.75],"texture":"#texture"},"east":{"uv":[11,1.75,15,5.25],"texture":"#texture"},"south":{"uv":[9.25,2.5,13.75,6],"texture":"#texture"},"west":{"uv":[9.25,1.5,13.25,5],"texture":"#texture"},"up":{"uv":[9.5,2,14,6],"texture":"#texture"},"down":{"uv":[10.75,3,13.75,6],"texture":"#texture"}}},{"from":[8.9216,14.6739,11.1305],"to":[10.25456,15.0239,12.1461],"rotation":{"angle":22.5,"axis":"y","origin":[8.92164,14.6739,11.1305]},"faces":{"north":{"uv":[9,2.25,13,5.75],"texture":"#texture"},"east":{"uv":[11,1.75,15,5.25],"texture":"#texture"},"south":{"uv":[9.25,2.5,13.75,6],"texture":"#texture"},"west":{"uv":[9.25,1.5,13.25,5],"texture":"#texture"},"up":{"uv":[9.5,2,14,6],"texture":"#texture"},"down":{"uv":[10.75,3,13.75,6],"texture":"#texture"}}},{"from":[10.6024,14.6739,5.8419],"to":[11.618,15.0239,7.17485],"rotation":{"angle":22.5,"axis":"y","origin":[10.6024,14.6739,5.84189]},"faces":{"north":{"uv":[9,2.25,13,5.75],"texture":"#texture"},"east":{"uv":[11,1.75,15,5.25],"texture":"#texture"},"south":{"uv":[9.25,2.5,13.75,6],"texture":"#texture"},"west":{"uv":[9.25,1.5,13.25,5],"texture":"#texture"},"up":{"uv":[9.5,2,14,6],"texture":"#texture"},"down":{"uv":[10.75,3,13.75,6],"texture":"#texture"}}},{"from":[11.1305,14.6739,8.9293],"to":[12.1461,15.0239,10.26224],"rotation":{"angle":-22.5,"axis":"y","origin":[11.1305,14.6739,8.92926]},"faces":{"north":{"uv":[9,2.25,13,5.75],"texture":"#texture"},"east":{"uv":[11,1.75,15,5.25],"texture":"#texture"},"south":{"uv":[9.25,2.5,13.75,6],"texture":"#texture"},"west":{"uv":[9.25,1.5,13.25,5],"texture":"#texture"},"up":{"uv":[9.5,2,14,6],"texture":"#texture"},"down":{"uv":[10.75,3,13.75,6],"texture":"#texture"}}},{"from":[4.4455,14.6739,5.461],"to":[5.46108,15.0239,6.79395],"rotation":{"angle":-22.5,"axis":"y","origin":[4.44546,14.6739,5.46104]},"faces":{"north":{"uv":[9,2.25,13,5.75],"texture":"#texture"},"east":{"uv":[11,1.75,15,5.25],"texture":"#texture"},"south":{"uv":[9.25,2.5,13.75,6],"texture":"#texture"},"west":{"uv":[9.25,1.5,13.25,5],"texture":"#texture"},"up":{"uv":[9.5,2,14,6],"texture":"#texture"},"down":{"uv":[10.75,3,13.75,6],"texture":"#texture"}}},{"from":[3.9377,14.6739,9.333],"to":[4.95328,15.0239,10.66595],"rotation":{"angle":22.5,"axis":"y","origin":[3.93767,14.6739,9.33295]},"faces":{"north":{"uv":[9,2.25,13,5.75],"texture":"#texture"},"east":{"uv":[11,1.75,15,5.25],"texture":"#texture"},"south":{"uv":[9.25,2.5,13.75,6],"texture":"#texture"},"west":{"uv":[9.25,1.5,13.25,5],"texture":"#texture"},"up":{"uv":[9.5,2,14,6],"texture":"#texture"},"down":{"uv":[10.75,3,13.75,6],"texture":"#texture"}}},{"from":[6.667,14.6739,3.9377],"to":[9.33291,15.0239,4.95328],"faces":{"north":{"uv":[9,2.25,13,5.75],"texture":"#texture"},"east":{"uv":[11,1.75,15,5.25],"texture":"#texture"},"south":{"uv":[9.25,2.5,13.75,6],"texture":"#texture"},"west":{"uv":[9.25,1.5,13.25,5],"texture":"#texture"},"up":{"uv":[9.5,2,14,6],"texture":"#texture"},"down":{"uv":[10.75,3,13.75,6],"texture":"#texture"}}},{"from":[3.9377,14.6739,6.667],"to":[4.95328,15.0239,9.33291],"faces":{"north":{"uv":[9,2.25,13,5.75],"texture":"#texture"},"east":{"uv":[11,1.75,15,5.25],"texture":"#texture"},"south":{"uv":[9.25,2.5,13.75,6],"texture":"#texture"},"west":{"uv":[9.25,1.5,13.25,5],"texture":"#texture"},"up":{"uv":[9.5,2,14,6],"texture":"#texture"},"down":{"uv":[10.75,3,13.75,6],"texture":"#texture"}}},{"from":[6.667,14.6739,11.0467],"to":[9.33291,15.0239,12.0623],"faces":{"north":{"uv":[9,2.25,13,5.75],"texture":"#texture"},"east":{"uv":[11,1.75,15,5.25],"texture":"#texture"},"south":{"uv":[9.25,2.5,13.75,6],"texture":"#texture"},"west":{"uv":[9.25,1.5,13.25,5],"texture":"#texture"},"up":{"uv":[9.5,2,14,6],"texture":"#texture"},"down":{"uv":[10.75,3,13.75,6],"texture":"#texture"}}},{"from":[11.0467,14.6739,6.667],"to":[12.0623,15.0239,9.33291],"faces":{"north":{"uv":[9,2.25,13,5.75],"texture":"#texture"},"east":{"uv":[11,1.75,15,5.25],"texture":"#texture"},"south":{"uv":[9.25,2.5,13.75,6],"texture":"#texture"},"west":{"uv":[9.25,1.5,13.25,5],"texture":"#texture"},"up":{"uv":[9.5,2,14,6],"texture":"#texture"},"down":{"uv":[10.75,3,13.75,6],"texture":"#texture"}}},{"from":[4.4455,14.6739,5.461],"to":[5.87747,15.0239,6.47658],"rotation":{"angle":45,"axis":"y","origin":[4.44546,14.6739,5.46104]},"faces":{"north":{"uv":[9,2.25,13,5.75],"texture":"#texture"},"east":{"uv":[11,1.75,15,5.25],"texture":"#texture"},"south":{"uv":[9.25,2.5,13.75,6],"texture":"#texture"},"west":{"uv":[9.25,1.5,13.25,5],"texture":"#texture"},"up":{"uv":[9.5,2,14,6],"texture":"#texture"},"down":{"uv":[10.75,3,13.75,6],"texture":"#texture"}}},{"from":[10.539,14.6739,4.4455],"to":[11.9709,15.0239,5.46108],"rotation":{"angle":-45,"axis":"y","origin":[10.539,14.6739,4.44546]},"faces":{"north":{"uv":[9,2.25,13,5.75],"texture":"#texture"},"east":{"uv":[11,1.75,15,5.25],"texture":"#texture"},"south":{"uv":[9.25,2.5,13.75,6],"texture":"#texture"},"west":{"uv":[9.25,1.5,13.25,5],"texture":"#texture"},"up":{"uv":[9.5,2,14,6],"texture":"#texture"},"down":{"uv":[10.75,3,13.75,6],"texture":"#texture"}}},{"from":[5.1564,14.6739,9.828],"to":[6.58837,15.0239,10.84355],"rotation":{"angle":-45,"axis":"y","origin":[5.15637,14.6739,9.82805]},"faces":{"north":{"uv":[9,2.25,13,5.75],"texture":"#texture"},"east":{"uv":[11,1.75,15,5.25],"texture":"#texture"},"south":{"uv":[9.25,2.5,13.75,6],"texture":"#texture"},"west":{"uv":[9.25,1.5,13.25,5],"texture":"#texture"},"up":{"uv":[9.5,2,14,6],"texture":"#texture"},"down":{"uv":[10.75,3,13.75,6],"texture":"#texture"}}},{"from":[9.8255,14.6739,10.8411],"to":[11.25749,15.0239,11.8567],"rotation":{"angle":45,"axis":"y","origin":[9.82551,14.6739,10.8411]},"faces":{"north":{"uv":[9,2.25,13,5.75],"texture":"#texture"},"east":{"uv":[11,1.75,15,5.25],"texture":"#texture"},"south":{"uv":[9.25,2.5,13.75,6],"texture":"#texture"},"west":{"uv":[9.25,1.5,13.25,5],"texture":"#texture"},"up":{"uv":[9.5,2,14,6],"texture":"#texture"},"down":{"uv":[10.75,3,13.75,6],"texture":"#texture"}}},{"from":[4.51,12.625,10.5525],"to":[5.26,14.625,11.9275],"rotation":{"angle":45,"axis":"y","origin":[4.51,12.625,10.5525]},"faces":{"west":{"uv":[2,0.25,8.5,10],"texture":"#particle"}}},{"from":[4.3425,12.625,10.1575],"to":[5.03,14.625,10.595],"rotation":{"angle":22.5,"axis":"y","origin":[4.3425,12.625,10.1575]},"faces":{"west":{"uv":[0.25,0.25,2,10],"texture":"#particle"}}},{"from":[5.75,12.625,10.8125],"to":[6.125,14.625,11.5625],"rotation":{"angle":-22.5,"axis":"y","origin":[5.75,12.625,10.8125]},"faces":{"north":{"uv":[12,3,14.5,9.75],"texture":"#particle"},"east":{"uv":[11,4.75,13.75,8.75],"texture":"#particle"},"south":{"uv":[8.25,0.25,10,10],"texture":"#particle"},"west":{"uv":[10.5,8.75,14.25,11.5],"texture":"#particle"},"up":{"uv":[10.5,13,11.5,14],"texture":"#particle"},"down":{"uv":[10.5,10.5,11.5,11.5],"texture":"#particle"}}},{"from":[10.9375,12.625,9.9375],"to":[11.75,14.625,11.375],"rotation":{"angle":-45,"axis":"y","origin":[10.9375,12.625,9.9375]},"faces":{"east":{"uv":[2,0.25,8.5,10],"texture":"#particle"}}},{"from":[9.865,12.625,10.97],"to":[10.24,14.625,11.72],"rotation":{"angle":22.5,"axis":"y","origin":[9.865,12.625,10.97]},"faces":{"north":{"uv":[12,3,14.5,9.75],"texture":"#particle"},"east":{"uv":[11,4.75,13.75,8.75],"texture":"#particle"},"south":{"uv":[10,0.25,8.25,10],"texture":"#particle"},"west":{"uv":[10.5,8.75,14.25,11.5],"texture":"#particle"},"up":{"uv":[10.5,13,11.5,14],"texture":"#particle"},"down":{"uv":[10.5,10.5,11.5,11.5],"texture":"#particle"}}},{"from":[10.8775,12.625,9.9575],"to":[11.69,14.625,10.3325],"rotation":{"angle":-22.5,"axis":"y","origin":[10.8775,12.625,9.9575]},"faces":{"east":{"uv":[2,0.25,0.25,10],"texture":"#particle"}}},{"from":[9.99,12.625,5.02],"to":[10.74,14.625,6.395],"rotation":{"angle":45,"axis":"y","origin":[9.99,12.625,5.02]},"faces":{"east":{"uv":[2,0.25,8.5,10],"texture":"#particle"}}},{"from":[10.855,12.625,5.7275],"to":[11.5425,14.625,6.165],"rotation":{"angle":22.5,"axis":"y","origin":[10.855,12.625,5.7275]},"faces":{"east":{"uv":[0.25,0.25,2,10],"texture":"#particle"}}},{"from":[10.1775,12.625,4.365],"to":[10.5525,14.625,5.115],"rotation":{"angle":-22.5,"axis":"y","origin":[10.1775,12.625,4.365]},"faces":{"north":{"uv":[8.25,0.25,10,10],"texture":"#particle"}}},{"from":[5.5,12.625,4.495],"to":[6.3125,14.625,5.9325],"rotation":{"angle":-45,"axis":"y","origin":[5.5,12.625,4.495]},"faces":{"west":{"uv":[2,0.25,8.5,10],"texture":"#particle"}}},{"from":[5.5,12.625,4.495],"to":[5.875,14.625,5.245],"rotation":{"angle":22.5,"axis":"y","origin":[5.5,12.625,4.495]},"faces":{"north":{"uv":[10,0.25,8.25,10],"texture":"#particle"}}},{"from":[4.5,12.625,5.495],"to":[5.3125,14.625,5.87],"rotation":{"angle":-22.5,"axis":"y","origin":[4.5,12.625,5.495]},"faces":{"west":{"uv":[2,0.25,0.25,10],"texture":"#particle"}}},{"from":[6.0625,9.25,7],"to":[7.0625,10.75,9],"rotation":{"angle":45,"axis":"z","origin":[6.0625,10.75,7]},"faces":{"north":{"uv":[10.5,2.25,14.5,5.75],"texture":"#texture"},"east":{"uv":[10,1.75,14,5.25],"texture":"#texture"},"south":{"uv":[10.5,2,15,5.5],"texture":"#texture"},"west":{"uv":[10.5,1.75,14.5,5.25],"texture":"#texture"},"up":{"uv":[9.25,2.5,13.75,6.5],"texture":"#texture"},"down":{"uv":[10,2.75,13,5.75],"texture":"#texture"}}},{"from":[9.1875,9.8125,7],"to":[10.1875,11.3125,9],"rotation":{"angle":-45,"axis":"z","origin":[9.1875,11.3125,7]},"faces":{"north":{"uv":[10.5,2.25,14.5,5.75],"texture":"#texture"},"east":{"uv":[10,1.75,14,5.25],"texture":"#texture"},"south":{"uv":[10.5,2,15,5.5],"texture":"#texture"},"west":{"uv":[10.5,1.75,14.5,5.25],"texture":"#texture"},"up":{"uv":[9.25,2.5,13.75,6.5],"texture":"#texture"},"down":{"uv":[10,2.75,13,5.75],"texture":"#texture"}}},{"from":[7,9.125,5.875],"to":[9,10.875,6.875],"rotation":{"angle":-45,"axis":"x","origin":[7,10.875,5.875]},"faces":{"north":{"uv":[10.5,2.25,14.5,5.75],"texture":"#texture"},"east":{"uv":[10,1.75,14,5.25],"texture":"#texture"},"south":{"uv":[10.5,2,15,5.5],"texture":"#texture"},"west":{"uv":[10.5,1.75,14.5,5.25],"texture":"#texture"},"up":{"uv":[9.25,2.5,13.75,6.5],"texture":"#texture"},"down":{"uv":[10,2.75,13,5.75],"texture":"#texture"}}},{"from":[7,9.875,9.4375],"to":[9,11.625,10.4375],"rotation":{"angle":45,"axis":"x","origin":[7,11.625,9.4375]},"faces":{"north":{"uv":[10.5,2.25,14.5,5.75],"texture":"#texture"},"east":{"uv":[10,1.75,14,5.25],"texture":"#texture"},"south":{"uv":[10.5,2,15,5.5],"texture":"#texture"},"west":{"uv":[10.5,1.75,14.5,5.25],"texture":"#texture"},"up":{"uv":[9.25,2.5,13.75,6.5],"texture":"#texture"},"down":{"uv":[10,2.75,13,5.75],"texture":"#texture"}}},{"from":[7.25,8,7.25],"to":[8.75,8.75,8.75],"faces":{"north":{"uv":[10.5,2.25,14.5,5.75],"texture":"#texture"},"east":{"uv":[10,1.75,14,5.25],"texture":"#texture"},"south":{"uv":[10.5,2,15,5.5],"texture":"#texture"},"west":{"uv":[10.5,1.75,14.5,5.25],"texture":"#texture"},"up":{"uv":[9.25,2.5,13.75,6.5],"texture":"#texture"},"down":{"uv":[10,2.75,13,5.75],"texture":"#texture"}}},{"from":[7.0625,7.125,7],"to":[9.0625,8.875,9],"rotation":{"angle":-45,"axis":"z","origin":[7.0625,8.875,7]},"faces":{"north":{"uv":[10.5,2.25,14.5,5.75],"texture":"#texture"},"east":{"uv":[10,1.75,14,5.25],"texture":"#texture"},"south":{"uv":[10.5,2,15,5.5],"texture":"#texture"},"west":{"uv":[10.5,1.75,14.5,5.25],"texture":"#texture"},"up":{"uv":[9.25,2.5,13.75,6.5],"texture":"#texture"},"down":{"uv":[10,2.75,13,5.75],"texture":"#texture"}}},{"from":[5.5625,5.625,7],"to":[7.5625,7.375,9],"rotation":{"angle":-45,"axis":"z","origin":[5.5625,7.375,7]},"faces":{"north":{"uv":[10.5,2.25,14.5,5.75],"texture":"#texture"},"east":{"uv":[10,1.75,14,5.25],"texture":"#texture"},"south":{"uv":[10.5,2,15,5.5],"texture":"#texture"},"west":{"uv":[10.5,1.75,14.5,5.25],"texture":"#texture"},"up":{"uv":[9.25,2.5,13.75,6.5],"texture":"#texture"},"down":{"uv":[10,2.75,13,5.75],"texture":"#texture"}}},{"from":[4.1875,4.5625,6.75],"to":[6.6875,6.3125,9.25],"rotation":{"angle":-45,"axis":"z","origin":[4.1875,6.3125,6.75]},"faces":{"north":{"uv":[1.5,2,5.5,5.5],"texture":"#texture"},"east":{"uv":[2,1.5,6,5],"texture":"#texture"},"south":{"uv":[1,1.5,5.5,5],"texture":"#texture"},"west":{"uv":[1.5,1,5.5,4.5],"texture":"#texture"},"up":{"uv":[1.5,2,6,6],"texture":"#texture"},"down":{"uv":[2,1.5,5,4.5],"texture":"#texture"}}},{"from":[-2.1875,-0.5,5],"to":[3.8125,2.5,11],"rotation":{"angle":-45,"axis":"z","origin":[4.3125,-0.5,7.25]},"faces":{"north":{"uv":[1.5,2,5.5,5.5],"texture":"#texture"},"east":{"uv":[2,1.5,6,5],"texture":"#texture"},"south":{"uv":[1,1.5,5.5,5],"texture":"#texture"},"west":{"uv":[1.5,1,5.5,4.5],"texture":"#texture"},"up":{"uv":[1.5,2,6,6],"texture":"#texture"},"down":{"uv":[2,1.5,5,4.5],"texture":"#texture"}}},{"from":[-1.6875,-0.5,4.5],"to":[3.3125,2,11.5],"rotation":{"angle":-45,"axis":"z","origin":[4.3125,-0.5,7.25]},"faces":{"north":{"uv":[1.5,2,5.5,5.5],"texture":"#texture"},"east":{"uv":[2,1.5,6,5],"texture":"#texture"},"south":{"uv":[1,1.5,5.5,5],"texture":"#texture"},"west":{"uv":[1.5,1,5.5,4.5],"texture":"#texture"},"up":{"uv":[1.5,2,6,6],"texture":"#texture"},"down":{"uv":[2,1.5,5,4.5],"texture":"#texture"}}},{"from":[-2.6875,-0.5,5.5],"to":[4.3125,2,10.5],"rotation":{"angle":-45,"axis":"z","origin":[4.3125,-0.5,7.25]},"faces":{"north":{"uv":[1.5,2,5.5,5.5],"texture":"#texture"},"east":{"uv":[2,1.5,6,5],"texture":"#texture"},"south":{"uv":[1,1.5,5.5,5],"texture":"#texture"},"west":{"uv":[1.5,1,5.5,4.5],"texture":"#texture"},"up":{"uv":[1.5,2,6,6],"texture":"#texture"},"down":{"uv":[2,1.5,5,4.5],"texture":"#texture"}}},{"from":[7.6875,5.0625,7.25],"to":[9.1875,9.0625,8.75],"rotation":{"angle":-45,"axis":"z","origin":[7.6875,9.0625,7.25]},"faces":{"north":{"uv":[10.5,2.25,14.5,5.75],"texture":"#texture"},"east":{"uv":[10,1.75,14,5.25],"texture":"#texture"},"south":{"uv":[10.5,2,15,5.5],"texture":"#texture"},"west":{"uv":[10.5,1.75,14.5,5.25],"texture":"#texture"},"up":{"uv":[9.25,2.5,13.75,6.5],"texture":"#texture"},"down":{"uv":[10,2.75,13,5.75],"texture":"#texture"}}},{"from":[-1.6875,2.5,5.5],"to":[3.3125,3,10.5],"rotation":{"angle":-45,"axis":"z","origin":[4.3125,-0.5,7.25]},"faces":{"north":{"uv":[1.5,2,5.5,5.5],"texture":"#texture"},"east":{"uv":[2,1.5,6,5],"texture":"#texture"},"south":{"uv":[1,1.5,5.5,5],"texture":"#texture"},"west":{"uv":[1.5,1,5.5,4.5],"texture":"#texture"},"up":{"uv":[1.5,2,6,6],"texture":"#texture"},"down":{"uv":[2,1.5,5,4.5],"texture":"#texture"}}},{"from":[-5.6875,-0.5,7.25],"to":[-2.6875,0.75,8.75],"rotation":{"angle":-45,"axis":"z","origin":[4.3125,-0.5,7.25]},"faces":{"north":{"uv":[1.5,2,5.5,5.5],"texture":"#texture"},"east":{"uv":[2,1.5,6,5],"texture":"#texture"},"south":{"uv":[1,1.5,5.5,5],"texture":"#texture"},"west":{"uv":[1.5,1,5.5,4.5],"texture":"#texture"},"up":{"uv":[1.5,2,6,6],"texture":"#texture"},"down":{"uv":[2,1.5,5,4.5],"texture":"#texture"}}},{"from":[4.3125,-0.5,7.25],"to":[7.3125,0.75,8.75],"rotation":{"angle":-45,"axis":"z","origin":[4.3125,-0.5,7.25]},"faces":{"north":{"uv":[1.5,2,5.5,5.5],"texture":"#texture"},"east":{"uv":[2,1.5,6,5],"texture":"#texture"},"south":{"uv":[1,1.5,5.5,5],"texture":"#texture"},"west":{"uv":[1.5,1,5.5,4.5],"texture":"#texture"},"up":{"uv":[1.5,2,6,6],"texture":"#texture"},"down":{"uv":[2,1.5,5,4.5],"texture":"#texture"}}},{"from":[0.0625,-0.5,11.5],"to":[1.5625,0.75,14.5],"rotation":{"angle":-45,"axis":"z","origin":[4.3125,-0.5,7.25]},"faces":{"north":{"uv":[1.5,2,5.5,5.5],"texture":"#texture"},"east":{"uv":[2,1.5,6,5],"texture":"#texture"},"south":{"uv":[1,1.5,5.5,5],"texture":"#texture"},"west":{"uv":[1.5,1,5.5,4.5],"texture":"#texture"},"up":{"uv":[1.5,2,6,6],"texture":"#texture"},"down":{"uv":[2,1.5,5,4.5],"texture":"#texture"}}},{"from":[0.0625,-0.5,1.5],"to":[1.5625,0.75,4.5],"rotation":{"angle":-45,"axis":"z","origin":[4.3125,-0.5,7.25]},"faces":{"north":{"uv":[1.5,2,5.5,5.5],"texture":"#texture"},"east":{"uv":[2,1.5,6,5],"texture":"#texture"},"south":{"uv":[1,1.5,5.5,5],"texture":"#texture"},"west":{"uv":[1.5,1,5.5,4.5],"texture":"#texture"},"up":{"uv":[1.5,2,6,6],"texture":"#texture"},"down":{"uv":[2,1.5,5,4.5],"texture":"#texture"}}}],"display":{"thirdperson_righthand":{"scale":[0,0,0]},"thirdperson_lefthand":{"scale":[0,0,0]},"firstperson_righthand":{"scale":[0,0,0]},"firstperson_lefthand":{"scale":[0,0,0]},"gui":{"rotation":[30,50,45],"translation":[1.5,-1.25,0],"scale":[0.7,0.7,0.7]},"head":{"rotation":[0,-90,45],"translation":[0,-24,1],"scale":[2.2,2.2,2.2]}}}