{"credit":"Made by MadstonMagic using Cubik Pro, Copyright © MadstonMagic Modeling 2015-2017. All rights reserved","textures":{"texture":"pokemon_skins/regular/anorith/anorith","particle":"pokemon_skins/regular/anorith/details"},"elements":[{"name":"cube","from":[4,-4.5,6],"to":[12,-2,10],"faces":{"north":{"uv":[10.5,2,15,6],"texture":"#texture"},"east":{"uv":[10.5,2,14,6],"texture":"#texture"},"south":{"uv":[10,2.5,14,6],"texture":"#texture"},"west":{"uv":[10,2,13.5,5.5],"texture":"#texture"},"up":{"uv":[10,2,14.5,6],"texture":"#texture"},"down":{"uv":[9.5,1.5,14,6],"texture":"#texture"}}},{"name":"cube","from":[6.25,-4.5,5.0625],"to":[9.6875,-2,11],"faces":{"north":{"uv":[10.5,2,15,6],"texture":"#texture"},"east":{"uv":[10.5,2,14,6],"texture":"#texture"},"south":{"uv":[10,2.5,14,6],"texture":"#texture"},"west":{"uv":[10,2,13.5,5.5],"texture":"#texture"},"up":{"uv":[10,2,14.5,6],"texture":"#texture"},"down":{"uv":[9.5,1.5,14,6],"texture":"#texture"}}},{"name":"cube","from":[4,-4.5,6],"to":[6.5,-2,7],"rotation":{"angle":22.5,"axis":"y","origin":[4,-4.5,6]},"faces":{"north":{"uv":[10.5,2,15,6],"texture":"#texture"},"east":{"uv":[10.5,2,14,6],"texture":"#texture"},"south":{"uv":[10,2.5,14,6],"texture":"#texture"},"west":{"uv":[10,2,13.5,5.5],"texture":"#texture"},"up":{"uv":[10,2,14.5,6],"texture":"#texture"},"down":{"uv":[9.5,1.5,14,6],"texture":"#texture"}}},{"name":"cube","from":[9.6875,-4.5,5.0625],"to":[12.1875,-2,6.0625],"rotation":{"angle":-22.5,"axis":"y","origin":[9.6875,-4.5,5.0625]},"faces":{"north":{"uv":[10.5,2,15,6],"texture":"#texture"},"east":{"uv":[10.5,2,14,6],"texture":"#texture"},"south":{"uv":[10,2.5,14,6],"texture":"#texture"},"west":{"uv":[10,2,13.5,5.5],"texture":"#texture"},"up":{"uv":[10,2,14.5,6],"texture":"#texture"},"down":{"uv":[9.5,1.5,14,6],"texture":"#texture"}}},{"name":"cube","from":[4.4175,-4.5,9.145],"to":[6.855,-2,10.145],"rotation":{"angle":-22.5,"axis":"y","origin":[4.4175,-4.5,9.145]},"faces":{"north":{"uv":[10.5,2,15,6],"texture":"#texture"},"east":{"uv":[10.5,2,14,6],"texture":"#texture"},"south":{"uv":[10,2.5,14,6],"texture":"#texture"},"west":{"uv":[10,2,13.5,5.5],"texture":"#texture"},"up":{"uv":[10,2,14.5,6],"texture":"#texture"},"down":{"uv":[9.5,1.5,14,6],"texture":"#texture"}}},{"name":"cube","from":[9.3125,-4.5,10.0625],"to":[11.8125,-2,11.0625],"rotation":{"angle":22.5,"axis":"y","origin":[9.3125,-4.5,10.0625]},"faces":{"north":{"uv":[10.5,2,15,6],"texture":"#texture"},"east":{"uv":[10.5,2,14,6],"texture":"#texture"},"south":{"uv":[10,2.5,14,6],"texture":"#texture"},"west":{"uv":[10,2,13.5,5.5],"texture":"#texture"},"up":{"uv":[10,2,14.5,6],"texture":"#texture"},"down":{"uv":[9.5,1.5,14,6],"texture":"#texture"}}},{"name":"cube","from":[3,-4.5,7],"to":[13,-2,9],"faces":{"north":{"uv":[10.5,2,15,6],"texture":"#texture"},"east":{"uv":[10.5,2,14,6],"texture":"#texture"},"south":{"uv":[10,2.5,14,6],"texture":"#texture"},"west":{"uv":[10,2,13.5,5.5],"texture":"#texture"},"up":{"uv":[10,2,14.5,6],"texture":"#texture"},"down":{"uv":[9.5,1.5,14,6],"texture":"#texture"}}},{"name":"cube","from":[12,-4.5,6],"to":[13.41,-2,7.25],"rotation":{"angle":-45,"axis":"y","origin":[12,-4.5,6]},"faces":{"north":{"uv":[10.5,2,15,6],"texture":"#texture"},"east":{"uv":[10.5,2,14,6],"texture":"#texture"},"south":{"uv":[10,2.5,14,6],"texture":"#texture"},"west":{"uv":[10,2,13.5,5.5],"texture":"#texture"},"up":{"uv":[10,2,14.5,6],"texture":"#texture"},"down":{"uv":[9.5,1.5,14,6],"texture":"#texture"}}},{"name":"cube","from":[3,-4.5,7],"to":[4.41,-2,8.25],"rotation":{"angle":45,"axis":"y","origin":[3,-4.5,7]},"faces":{"north":{"uv":[10.5,2,15,6],"texture":"#texture"},"east":{"uv":[10.5,2,14,6],"texture":"#texture"},"south":{"uv":[10,2.5,14,6],"texture":"#texture"},"west":{"uv":[10,2,13.5,5.5],"texture":"#texture"},"up":{"uv":[10,2,14.5,6],"texture":"#texture"},"down":{"uv":[9.5,1.5,14,6],"texture":"#texture"}}},{"name":"cube","from":[11.1225,-4.5,9.1225],"to":[12.5325,-2,10.3725],"rotation":{"angle":45,"axis":"y","origin":[11.1225,-4.5,9.1225]},"faces":{"north":{"uv":[10.5,2,15,6],"texture":"#texture"},"east":{"uv":[10.5,2,14,6],"texture":"#texture"},"south":{"uv":[10,2.5,14,6],"texture":"#texture"},"west":{"uv":[10,2,13.5,5.5],"texture":"#texture"},"up":{"uv":[10,2,14.5,6],"texture":"#texture"},"down":{"uv":[9.5,1.5,14,6],"texture":"#texture"}}},{"name":"cube","from":[3.875,-4.5,8.125],"to":[5.375,-2,9.375],"rotation":{"angle":-45,"axis":"y","origin":[3.875,-4.5,8.125]},"faces":{"north":{"uv":[10.5,2,15,6],"texture":"#texture"},"east":{"uv":[10.5,2,14,6],"texture":"#texture"},"south":{"uv":[10,2.5,14,6],"texture":"#texture"},"west":{"uv":[10,2,13.5,5.5],"texture":"#texture"},"up":{"uv":[10,2,14.5,6],"texture":"#texture"},"down":{"uv":[9.5,1.5,14,6],"texture":"#texture"}}},{"name":"cube","from":[3.2,-4.275,5.6],"to":[12.8,-2.275,10.4],"faces":{"north":{"uv":[2,1.25,6.5,5.25],"texture":"#texture"},"east":{"uv":[2.25,1.75,5.75,5.75],"texture":"#texture"},"south":{"uv":[3.25,2.25,7.25,5.75],"texture":"#texture"},"west":{"uv":[2,2.25,5.5,5.75],"texture":"#texture"},"up":{"uv":[2,1.75,6.5,5.75],"texture":"#texture"},"down":{"uv":[2.25,1.5,6.75,6],"texture":"#texture"}}},{"name":"cube","from":[5.9,-4.275,4.475],"to":[10.025,-2.275,11.6],"faces":{"north":{"uv":[2,1.25,6.5,5.25],"texture":"#texture"},"east":{"uv":[2.25,1.75,5.75,5.75],"texture":"#texture"},"south":{"uv":[3.25,2.25,7.25,5.75],"texture":"#texture"},"west":{"uv":[2,2.25,5.5,5.75],"texture":"#texture"},"up":{"uv":[2,1.75,6.5,5.75],"texture":"#texture"},"down":{"uv":[2.25,1.5,6.75,6],"texture":"#texture"}}},{"name":"cube","from":[3.2,-4.275,5.6],"to":[6.2,-2.275,6.8],"rotation":{"angle":22.5,"axis":"y","origin":[3.2,-4.275,5.6]},"faces":{"north":{"uv":[2,1.25,6.5,5.25],"texture":"#texture"},"east":{"uv":[2.25,1.75,5.75,5.75],"texture":"#texture"},"south":{"uv":[3.25,2.25,7.25,5.75],"texture":"#texture"},"west":{"uv":[2,2.25,5.5,5.75],"texture":"#texture"},"up":{"uv":[2,1.75,6.5,5.75],"texture":"#texture"},"down":{"uv":[2.25,1.5,6.75,6],"texture":"#texture"}}},{"name":"cube","from":[10.025,-4.275,4.475],"to":[13.025,-2.275,5.675],"rotation":{"angle":-22.5,"axis":"y","origin":[10.025,-4.275,4.475]},"faces":{"north":{"uv":[2,1.25,6.5,5.25],"texture":"#texture"},"east":{"uv":[2.25,1.75,5.75,5.75],"texture":"#texture"},"south":{"uv":[3.25,2.25,7.25,5.75],"texture":"#texture"},"west":{"uv":[2,2.25,5.5,5.75],"texture":"#texture"},"up":{"uv":[2,1.75,6.5,5.75],"texture":"#texture"},"down":{"uv":[2.25,1.5,6.75,6],"texture":"#texture"}}},{"name":"cube","from":[3.701,-4.275,9.374],"to":[6.626,-2.275,10.574],"rotation":{"angle":-22.5,"axis":"y","origin":[3.701,-4.275,9.374]},"faces":{"north":{"uv":[2,1.25,6.5,5.25],"texture":"#texture"},"east":{"uv":[2.25,1.75,5.75,5.75],"texture":"#texture"},"south":{"uv":[3.25,2.25,7.25,5.75],"texture":"#texture"},"west":{"uv":[2,2.25,5.5,5.75],"texture":"#texture"},"up":{"uv":[2,1.75,6.5,5.75],"texture":"#texture"},"down":{"uv":[2.25,1.5,6.75,6],"texture":"#texture"}}},{"name":"cube","from":[9.575,-4.275,10.475],"to":[12.575,-2.275,11.675],"rotation":{"angle":22.5,"axis":"y","origin":[9.575,-4.275,10.475]},"faces":{"north":{"uv":[2,1.25,6.5,5.25],"texture":"#texture"},"east":{"uv":[2.25,1.75,5.75,5.75],"texture":"#texture"},"south":{"uv":[3.25,2.25,7.25,5.75],"texture":"#texture"},"west":{"uv":[2,2.25,5.5,5.75],"texture":"#texture"},"up":{"uv":[2,1.75,6.5,5.75],"texture":"#texture"},"down":{"uv":[2.25,1.5,6.75,6],"texture":"#texture"}}},{"name":"cube","from":[2,-4.275,6.8],"to":[14,-2.275,9.2],"faces":{"north":{"uv":[2,1.25,6.5,5.25],"texture":"#texture"},"east":{"uv":[2.25,1.75,5.75,5.75],"texture":"#texture"},"south":{"uv":[3.25,2.25,7.25,5.75],"texture":"#texture"},"west":{"uv":[2,2.25,5.5,5.75],"texture":"#texture"},"up":{"uv":[2,1.75,6.5,5.75],"texture":"#texture"},"down":{"uv":[2.25,1.5,6.75,6],"texture":"#texture"}}},{"name":"cube","from":[12.8,-4.275,5.6],"to":[14.492,-2.275,7.1],"rotation":{"angle":-45,"axis":"y","origin":[12.8,-4.275,5.6]},"faces":{"north":{"uv":[2,1.25,6.5,5.25],"texture":"#texture"},"east":{"uv":[2.25,1.75,5.75,5.75],"texture":"#texture"},"south":{"uv":[3.25,2.25,7.25,5.75],"texture":"#texture"},"west":{"uv":[2,2.25,5.5,5.75],"texture":"#texture"},"up":{"uv":[2,1.75,6.5,5.75],"texture":"#texture"},"down":{"uv":[2.25,1.5,6.75,6],"texture":"#texture"}}},{"name":"cube","from":[2,-4.275,6.8],"to":[3.692,-2.275,8.3],"rotation":{"angle":45,"axis":"y","origin":[2,-4.275,6.8]},"faces":{"north":{"uv":[2,1.25,6.5,5.25],"texture":"#texture"},"east":{"uv":[2.25,1.75,5.75,5.75],"texture":"#texture"},"south":{"uv":[3.25,2.25,7.25,5.75],"texture":"#texture"},"west":{"uv":[2,2.25,5.5,5.75],"texture":"#texture"},"up":{"uv":[2,1.75,6.5,5.75],"texture":"#texture"},"down":{"uv":[2.25,1.5,6.75,6],"texture":"#texture"}}},{"name":"cube","from":[11.747,-4.275,9.347],"to":[13.439,-2.275,10.847],"rotation":{"angle":45,"axis":"y","origin":[11.747,-4.275,9.347]},"faces":{"north":{"uv":[2,1.25,6.5,5.25],"texture":"#texture"},"east":{"uv":[2.25,1.75,5.75,5.75],"texture":"#texture"},"south":{"uv":[3.25,2.25,7.25,5.75],"texture":"#texture"},"west":{"uv":[2,2.25,5.5,5.75],"texture":"#texture"},"up":{"uv":[2,1.75,6.5,5.75],"texture":"#texture"},"down":{"uv":[2.25,1.5,6.75,6],"texture":"#texture"}}},{"name":"cube","from":[3.05,-4.275,8.15],"to":[4.85,-2.275,9.65],"rotation":{"angle":-45,"axis":"y","origin":[3.05,-4.275,8.15]},"faces":{"north":{"uv":[2,1.25,6.5,5.25],"texture":"#texture"},"east":{"uv":[2.25,1.75,5.75,5.75],"texture":"#texture"},"south":{"uv":[3.25,2.25,7.25,5.75],"texture":"#texture"},"west":{"uv":[2,2.25,5.5,5.75],"texture":"#texture"},"up":{"uv":[2,1.75,6.5,5.75],"texture":"#texture"},"down":{"uv":[2.25,1.5,6.75,6],"texture":"#texture"}}},{"name":"cube","from":[13,-3.75,7.5],"to":[16.5,-2.25,8.5],"rotation":{"angle":22.5,"axis":"z","origin":[13,-2.25,7.5]},"faces":{"north":{"uv":[2,1.25,6.5,5.25],"texture":"#texture"},"east":{"uv":[2.25,1.75,5.75,5.75],"texture":"#texture"},"south":{"uv":[3.25,2.25,7.25,5.75],"texture":"#texture"},"west":{"uv":[2,2.25,5.5,5.75],"texture":"#texture"},"up":{"uv":[2,1.75,6.5,5.75],"texture":"#texture"},"down":{"uv":[2.25,1.5,6.75,6],"texture":"#texture"}}},{"name":"cube","from":[14.25,-5.8125,2.4375],"to":[14.3125,0.4375,4.9375],"rotation":{"angle":-45,"axis":"x","origin":[14.25,0.4375,2.4375]},"faces":{"east":{"uv":[0.25,6.5,12.75,10.5],"texture":"#particle","rotation":270},"west":{"uv":[12.75,6.5,0.25,10.5],"texture":"#particle","rotation":90}}},{"name":"cube","from":[6.75,-2.8125,-2.5],"to":[9.25,-2.75,4.5],"faces":{"up":{"uv":[0.25,0.25,14.75,6],"texture":"#particle","rotation":270},"down":{"uv":[0.25,0.25,14.75,6],"texture":"#particle","rotation":90}}},{"name":"cube","from":[11.75,-2.8125,-2],"to":[14.25,-2.75,5],"rotation":{"angle":-22.5,"axis":"y","origin":[11.75,-2.8125,-2]},"faces":{"up":{"uv":[0.25,0.25,14.75,6],"texture":"#particle","rotation":270},"down":{"uv":[0.25,0.25,14.75,6],"texture":"#particle","rotation":90}}},{"name":"cube","from":[2,-2.8125,-1],"to":[4.5,-2.75,6],"rotation":{"angle":22.5,"axis":"y","origin":[2,-2.8125,-1]},"faces":{"up":{"uv":[0.25,0.25,14.75,6],"texture":"#particle","rotation":270},"down":{"uv":[0.25,0.25,14.75,6],"texture":"#particle","rotation":90}}},{"name":"cube","from":[16.25,-2.8125,0.25],"to":[18.75,-2.75,7.25],"rotation":{"angle":-45,"axis":"y","origin":[16.25,-2.8125,0.25]},"faces":{"up":{"uv":[0.25,0.25,14.75,6],"texture":"#particle","rotation":270},"down":{"uv":[0.25,0.25,14.75,6],"texture":"#particle","rotation":90}}},{"name":"cube","from":[7,-2.8125,11.5],"to":[9.5,-2.75,18.5],"faces":{"up":{"uv":[0.25,0.25,14.75,6],"texture":"#particle","rotation":90},"down":{"uv":[0.25,0.25,14.75,6],"texture":"#particle","rotation":270}}},{"name":"cube","from":[9.25,-2.8125,11.5],"to":[11.75,-2.75,18.5],"rotation":{"angle":22.5,"axis":"y","origin":[9.25,-2.8125,11.5]},"faces":{"up":{"uv":[0.25,0.25,14.75,6],"texture":"#particle","rotation":90},"down":{"uv":[0.25,0.25,14.75,6],"texture":"#particle","rotation":270}}},{"name":"cube","from":[4.75,-2.8125,10.5],"to":[7.25,-2.75,17.5],"rotation":{"angle":-22.5,"axis":"y","origin":[4.75,-2.8125,10.5]},"faces":{"up":{"uv":[0.25,0.25,14.75,6],"texture":"#particle","rotation":90},"down":{"uv":[0.25,0.25,14.75,6],"texture":"#particle","rotation":270}}},{"name":"cube","from":[11.5,-2.8125,11],"to":[14,-2.75,18],"rotation":{"angle":45,"axis":"y","origin":[11.5,-2.8125,11]},"faces":{"up":{"uv":[0.25,0.25,14.75,6],"texture":"#particle","rotation":90},"down":{"uv":[0.25,0.25,14.75,6],"texture":"#particle","rotation":270}}},{"name":"cube","from":[0.5075,-4.0925,11.645],"to":[4.5575,-3.08,13.8725],"rotation":{"angle":45,"axis":"y","origin":[0.5075,-4.0925,11.645]},"faces":{"north":{"uv":[2,1.25,6.5,5.25],"texture":"#texture"},"east":{"uv":[2.25,1.75,5.75,5.75],"texture":"#texture"},"south":{"uv":[3.25,2.25,7.25,5.75],"texture":"#texture"},"west":{"uv":[2,2.25,5.5,5.75],"texture":"#texture"},"up":{"uv":[2,1.75,6.5,5.75],"texture":"#texture"},"down":{"uv":[2.25,1.5,6.75,6],"texture":"#texture"}}},{"name":"cube","from":[3,-3.75,4.25],"to":[6.25,-2.5,5.5],"rotation":{"angle":-45,"axis":"y","origin":[3,-3.75,4.25]},"faces":{"north":{"uv":[10.25,1.75,14.75,5.75],"texture":"#texture"},"east":{"uv":[10.75,2,14.25,6],"texture":"#texture"},"south":{"uv":[10,2,14,5.5],"texture":"#texture"},"west":{"uv":[11,2,14.5,5.5],"texture":"#texture"},"up":{"uv":[9.5,2.25,14,6.25],"texture":"#texture"},"down":{"uv":[9.75,1.25,14.25,5.75],"texture":"#texture"}}},{"name":"cube","from":[2,-3.75,11],"to":[5.25,-2.5,12.25],"rotation":{"angle":45,"axis":"y","origin":[2,-3.75,11]},"faces":{"north":{"uv":[10.25,1.75,14.75,5.75],"texture":"#texture"},"east":{"uv":[10.75,2,14.25,6],"texture":"#texture"},"south":{"uv":[10,2,14,5.5],"texture":"#texture"},"west":{"uv":[11,2,14.5,5.5],"texture":"#texture"},"up":{"uv":[9.5,2.25,14,6.25],"texture":"#texture"},"down":{"uv":[9.75,1.25,14.25,5.75],"texture":"#texture"}}},{"name":"cube","from":[-0.7075,-4.295,2.735],"to":[2.1275,-3.2825,5.3675],"faces":{"north":{"uv":[2,1.25,6.5,5.25],"texture":"#texture"},"east":{"uv":[2.25,1.75,5.75,5.75],"texture":"#texture"},"south":{"uv":[3.25,2.25,7.25,5.75],"texture":"#texture"},"west":{"uv":[2,2.25,5.5,5.75],"texture":"#texture"},"up":{"uv":[2,1.75,6.5,5.75],"texture":"#texture"},"down":{"uv":[2.25,1.5,6.75,6],"texture":"#texture"}}},{"name":"cube","from":[-0.7075,-4.295,10.6325],"to":[2.1275,-3.2825,13.265],"faces":{"north":{"uv":[2,1.25,6.5,5.25],"texture":"#texture"},"east":{"uv":[2.25,1.75,5.75,5.75],"texture":"#texture"},"south":{"uv":[3.25,2.25,7.25,5.75],"texture":"#texture"},"west":{"uv":[2,2.25,5.5,5.75],"texture":"#texture"},"up":{"uv":[2,1.75,6.5,5.75],"texture":"#texture"},"down":{"uv":[2.25,1.5,6.75,6],"texture":"#texture"}}},{"name":"cube","from":[-0.7075,-4.4975,2.735],"to":[0.305,-3.485,4.60813],"rotation":{"angle":-45,"axis":"y","origin":[-0.7075,-4.4975,2.735]},"faces":{"north":{"uv":[2,1.25,6.5,5.25],"texture":"#texture"},"east":{"uv":[2.25,1.75,5.75,5.75],"texture":"#texture"},"south":{"uv":[3.25,2.25,7.25,5.75],"texture":"#texture"},"west":{"uv":[2,2.25,5.5,5.75],"texture":"#texture"},"up":{"uv":[2,1.75,6.5,5.75],"texture":"#texture"},"down":{"uv":[2.25,1.5,6.75,6],"texture":"#texture"}}},{"name":"cube","from":[-3.1375,-4.295,4.5575],"to":[-0.505,-3.6875,5.57],"rotation":{"angle":22.5,"axis":"y","origin":[-3.1375,-4.295,4.5575]},"faces":{"north":{"uv":[10.25,1.75,14.75,5.75],"texture":"#texture"},"east":{"uv":[10.75,2,14.25,6],"texture":"#texture"},"south":{"uv":[10,2,14,5.5],"texture":"#texture"},"west":{"uv":[11,2,14.5,5.5],"texture":"#texture"},"up":{"uv":[9.5,2.25,14,6.25],"texture":"#texture"},"down":{"uv":[9.75,1.25,14.25,5.75],"texture":"#texture"}}},{"name":"cube","from":[-2.02375,-4.4975,4.05125],"to":[-1.01125,-3.485,5.92438],"rotation":{"angle":45,"axis":"y","origin":[-2.02375,-4.4975,4.05125]},"faces":{"north":{"uv":[2,1.25,6.5,5.25],"texture":"#texture"},"east":{"uv":[2.25,1.75,5.75,5.75],"texture":"#texture"},"south":{"uv":[3.25,2.25,7.25,5.75],"texture":"#texture"},"west":{"uv":[2,2.25,5.5,5.75],"texture":"#texture"},"up":{"uv":[2,1.75,6.5,5.75],"texture":"#texture"},"down":{"uv":[2.25,1.5,6.75,6],"texture":"#texture"}}},{"name":"cube","from":[-0.7075,-4.4975,10.6325],"to":[0.305,-3.485,12.5056],"rotation":{"angle":-45,"axis":"y","origin":[-0.7075,-4.4975,10.6325]},"faces":{"north":{"uv":[2,1.25,6.5,5.25],"texture":"#texture"},"east":{"uv":[2.25,1.75,5.75,5.75],"texture":"#texture"},"south":{"uv":[3.25,2.25,7.25,5.75],"texture":"#texture"},"west":{"uv":[2,2.25,5.5,5.75],"texture":"#texture"},"up":{"uv":[2,1.75,6.5,5.75],"texture":"#texture"},"down":{"uv":[2.25,1.5,6.75,6],"texture":"#texture"}}},{"name":"cube","from":[-2.02375,-4.4975,11.9488],"to":[-1.01125,-3.485,13.8219],"rotation":{"angle":45,"axis":"y","origin":[-2.02375,-4.4975,11.9488]},"faces":{"north":{"uv":[2,1.25,6.5,5.25],"texture":"#texture"},"east":{"uv":[2.25,1.75,5.75,5.75],"texture":"#texture"},"south":{"uv":[3.25,2.25,7.25,5.75],"texture":"#texture"},"west":{"uv":[2,2.25,5.5,5.75],"texture":"#texture"},"up":{"uv":[2,1.75,6.5,5.75],"texture":"#texture"},"down":{"uv":[2.25,1.5,6.75,6],"texture":"#texture"}}},{"name":"cube","from":[-2.7325,-4.295,10.6325],"to":[-0.1,-3.6875,11.645],"rotation":{"angle":-22.5,"axis":"y","origin":[-2.7325,-4.295,10.6325]},"faces":{"north":{"uv":[10.25,1.75,14.75,5.75],"texture":"#texture"},"east":{"uv":[10.75,2,14.25,6],"texture":"#texture"},"south":{"uv":[10,2,14,5.5],"texture":"#texture"},"west":{"uv":[11,2,14.5,5.5],"texture":"#texture"},"up":{"uv":[9.5,2.25,14,6.25],"texture":"#texture"},"down":{"uv":[9.75,1.25,14.25,5.75],"texture":"#texture"}}},{"name":"cube","from":[2.1275,-4.0925,2.735],"to":[6.1775,-3.08,4.9625],"rotation":{"angle":-45,"axis":"y","origin":[2.1275,-4.0925,2.735]},"faces":{"north":{"uv":[2,1.25,6.5,5.25],"texture":"#texture"},"east":{"uv":[2.25,1.75,5.75,5.75],"texture":"#texture"},"south":{"uv":[3.25,2.25,7.25,5.75],"texture":"#texture"},"west":{"uv":[2,2.25,5.5,5.75],"texture":"#texture"},"up":{"uv":[2,1.75,6.5,5.75],"texture":"#texture"},"down":{"uv":[2.25,1.5,6.75,6],"texture":"#texture"}}},{"name":"cube","from":[1.5,-3,6],"to":[4.25,-1.25,10],"faces":{"north":{"uv":[9.5,1.5,14,5.5],"texture":"#texture"},"east":{"uv":[10.75,1.25,14.25,5.25],"texture":"#texture"},"south":{"uv":[9.5,1.75,13.5,5.25],"texture":"#texture"},"west":{"uv":[10.25,2.25,13.75,5.75],"texture":"#texture"},"up":{"uv":[10.25,2.5,14.75,6.5],"texture":"#texture"},"down":{"uv":[9.25,1.5,13.75,6],"texture":"#texture"}}},{"name":"cube","from":[1.5,-3,6],"to":[2.5,-1.25,8],"rotation":{"angle":-45,"axis":"y","origin":[1.5,-3,6]},"faces":{"north":{"uv":[9.5,1.5,14,5.5],"texture":"#texture"},"east":{"uv":[10.75,1.25,14.25,5.25],"texture":"#texture"},"south":{"uv":[9.5,1.75,13.5,5.25],"texture":"#texture"},"west":{"uv":[10.25,2.25,13.75,5.75],"texture":"#texture"},"up":{"uv":[10.25,2.5,14.75,6.5],"texture":"#texture"},"down":{"uv":[9.25,1.5,13.75,6],"texture":"#texture"}}},{"name":"cube","from":[0.105,-3,8.5625],"to":[1.105,-1.25,10.5625],"rotation":{"angle":45,"axis":"y","origin":[0.105,-3,8.5625]},"faces":{"north":{"uv":[9.5,1.5,14,5.5],"texture":"#texture"},"east":{"uv":[10.75,1.25,14.25,5.25],"texture":"#texture"},"south":{"uv":[9.5,1.75,13.5,5.25],"texture":"#texture"},"west":{"uv":[10.25,2.25,13.75,5.75],"texture":"#texture"},"up":{"uv":[10.25,2.5,14.75,6.5],"texture":"#texture"},"down":{"uv":[9.25,1.5,13.75,6],"texture":"#texture"}}},{"name":"cube","from":[0.0825,-3,7.4175],"to":[1.645,-1.25,8.5425],"faces":{"north":{"uv":[9.5,1.5,14,5.5],"texture":"#texture"},"east":{"uv":[10.75,1.25,14.25,5.25],"texture":"#texture"},"south":{"uv":[9.5,1.75,13.5,5.25],"texture":"#texture"},"west":{"uv":[10.25,2.25,13.75,5.75],"texture":"#texture"},"up":{"uv":[10.25,2.5,14.75,6.5],"texture":"#texture"},"down":{"uv":[9.25,1.5,13.75,6],"texture":"#texture"}}},{"name":"cube","from":[4.25,-2.75,6],"to":[6.25,-1.25,10],"rotation":{"angle":-22.5,"axis":"z","origin":[4.25,-1.25,6]},"faces":{"north":{"uv":[9.5,1.5,14,5.5],"texture":"#texture"},"east":{"uv":[10.75,1.25,14.25,5.25],"texture":"#texture"},"south":{"uv":[9.5,1.75,13.5,5.25],"texture":"#texture"},"west":{"uv":[10.25,2.25,13.75,5.75],"texture":"#texture"},"up":{"uv":[10.25,2.5,14.75,6.5],"texture":"#texture"},"down":{"uv":[9.25,1.5,13.75,6],"texture":"#texture"}}},{"name":"cube","from":[1.25,-3,4.75],"to":[4.25,-1.25,6],"faces":{"north":{"uv":[2.25,1.75,6.75,5.75],"texture":"#texture"},"east":{"uv":[2.5,1.5,6,5.5],"texture":"#texture"},"south":{"uv":[1.75,2.25,5.75,5.75],"texture":"#texture"},"west":{"uv":[2.25,2,5.75,5.5],"texture":"#texture"},"up":{"uv":[1.5,1.5,6,5.5],"texture":"#texture"},"down":{"uv":[1.5,1,6,5.5],"texture":"#texture"}}},{"name":"cube","from":[1.25,-3,10],"to":[4.25,-1.25,11.25],"faces":{"north":{"uv":[2.25,1.75,6.75,5.75],"texture":"#texture"},"east":{"uv":[2.5,1.5,6,5.5],"texture":"#texture"},"south":{"uv":[1.75,2.25,5.75,5.75],"texture":"#texture"},"west":{"uv":[2.25,2,5.75,5.5],"texture":"#texture"},"up":{"uv":[1.5,1.5,6,5.5],"texture":"#texture"},"down":{"uv":[1.5,1,6,5.5],"texture":"#texture"}}},{"name":"cube","from":[-0.75,-3,6.75],"to":[2.0625,-1.25,7.8125],"rotation":{"angle":45,"axis":"y","origin":[-0.75,-3,6.75]},"faces":{"north":{"uv":[2.25,1.75,6.75,5.75],"texture":"#texture"},"east":{"uv":[2.5,1.5,6,5.5],"texture":"#texture"},"south":{"uv":[1.75,2.25,5.75,5.75],"texture":"#texture"},"west":{"uv":[2.25,2,5.75,5.5],"texture":"#texture"},"up":{"uv":[1.5,1.5,6,5.5],"texture":"#texture"},"down":{"uv":[1.5,1,6,5.5],"texture":"#texture"}}},{"name":"cube","from":[0,-3,8.5],"to":[2.8125,-1.25,9.5625],"rotation":{"angle":-45,"axis":"y","origin":[0,-3,8.5]},"faces":{"north":{"uv":[2.25,1.75,6.75,5.75],"texture":"#texture"},"east":{"uv":[2.5,1.5,6,5.5],"texture":"#texture"},"south":{"uv":[1.75,2.25,5.75,5.75],"texture":"#texture"},"west":{"uv":[2.25,2,5.75,5.5],"texture":"#texture"},"up":{"uv":[1.5,1.5,6,5.5],"texture":"#texture"},"down":{"uv":[1.5,1,6,5.5],"texture":"#texture"}}},{"name":"cube","from":[-0.75,-3,6.75],"to":[0,-1.25,9.25],"faces":{"north":{"uv":[2.25,1.75,6.75,5.75],"texture":"#texture"},"east":{"uv":[2.5,1.5,6,5.5],"texture":"#texture"},"south":{"uv":[1.75,2.25,5.75,5.75],"texture":"#texture"},"west":{"uv":[2.25,2,5.75,5.5],"texture":"#texture"},"up":{"uv":[1.5,1.5,6,5.5],"texture":"#texture"},"down":{"uv":[1.5,1,6,5.5],"texture":"#texture"}}},{"name":"cube","from":[2.25,-2.5,10.25],"to":[3.25,-1.5,12.5],"rotation":{"angle":-22.5,"axis":"y","origin":[2.25,-2.5,10.25]},"faces":{"north":{"uv":[2.25,1.75,6.75,5.75],"texture":"#texture"},"east":{"uv":[2.5,1.5,6,5.5],"texture":"#texture"},"south":{"uv":[1.75,2.25,5.75,5.75],"texture":"#texture"},"west":{"uv":[2.25,2,5.75,5.5],"texture":"#texture"},"up":{"uv":[1.5,1.5,6,5.5],"texture":"#texture"},"down":{"uv":[1.5,1,6,5.5],"texture":"#texture"}}},{"name":"cube","from":[1.5,-2.5,3.75],"to":[2.5,-1.5,6],"rotation":{"angle":22.5,"axis":"y","origin":[1.5,-2.5,3.75]},"faces":{"north":{"uv":[2.25,1.75,6.75,5.75],"texture":"#texture"},"east":{"uv":[2.5,1.5,6,5.5],"texture":"#texture"},"south":{"uv":[1.75,2.25,5.75,5.75],"texture":"#texture"},"west":{"uv":[2.25,2,5.75,5.5],"texture":"#texture"},"up":{"uv":[1.5,1.5,6,5.5],"texture":"#texture"},"down":{"uv":[1.5,1,6,5.5],"texture":"#texture"}}},{"name":"cube","from":[0.75,-2.75,2],"to":[2.75,-0.75,4],"faces":{"north":{"uv":[10.25,12.75,12.25,14.75],"texture":"#particle"},"east":{"uv":[10,12.75,12,14.75],"texture":"#particle"},"south":{"uv":[10,12.75,12,14.75],"texture":"#particle"},"west":{"uv":[10,12.75,12,14.75],"texture":"#particle"},"up":{"uv":[10,12.5,12,14.5],"texture":"#particle"},"down":{"uv":[10.25,13.25,12.25,15.25],"texture":"#particle"}}},{"name":"cube","from":[1,-2.5,1.75],"to":[2.5,-1,4.25],"faces":{"north":{"uv":[10.25,12.75,12.25,14.75],"texture":"#particle"},"east":{"uv":[10,12.75,12,14.75],"texture":"#particle"},"south":{"uv":[10,12.75,12,14.75],"texture":"#particle"},"west":{"uv":[10,12.75,12,14.75],"texture":"#particle"},"up":{"uv":[10,12.5,12,14.5],"texture":"#particle"},"down":{"uv":[10.25,13.25,12.25,15.25],"texture":"#particle"}}},{"name":"cube","from":[1,-3,2.25],"to":[2.5,-0.5,3.75],"faces":{"north":{"uv":[10.25,12.75,12.25,14.75],"texture":"#particle"},"east":{"uv":[10,12.75,12,14.75],"texture":"#particle"},"south":{"uv":[10,12.75,12,14.75],"texture":"#particle"},"west":{"uv":[10,12.75,12,14.75],"texture":"#particle"},"up":{"uv":[10,12.5,12,14.5],"texture":"#particle"},"down":{"uv":[10.25,13.25,12.25,15.25],"texture":"#particle"}}},{"name":"cube","from":[0.5,-2.5,2.25],"to":[3,-1,3.75],"faces":{"north":{"uv":[10.25,12.75,12.25,14.75],"texture":"#particle"},"east":{"uv":[10,12.75,12,14.75],"texture":"#particle"},"south":{"uv":[10,12.75,12,14.75],"texture":"#particle"},"west":{"uv":[10,12.75,12,14.75],"texture":"#particle"},"up":{"uv":[10,12.5,12,14.5],"texture":"#particle"},"down":{"uv":[10.25,13.25,12.25,15.25],"texture":"#particle"}}},{"name":"cube","from":[0.495,-2.5,2.25],"to":[0.5575,-1,3.75],"faces":{"west":{"uv":[0.25,11,5,15.75],"texture":"#particle"}}},{"name":"cube","from":[14.25,-4,11.75],"to":[14.3125,2.25,14.25],"rotation":{"angle":45,"axis":"x","origin":[14.25,2.25,11.75]},"faces":{"east":{"uv":[0.25,10.5,12.75,6.5],"texture":"#particle","rotation":270},"west":{"uv":[12.75,10.5,0.25,6.5],"texture":"#particle","rotation":90}}},{"name":"cube","from":[14,-3.75,7],"to":[14.5,-2.75,9],"faces":{"north":{"uv":[2,1.25,6.5,5.25],"texture":"#texture"},"east":{"uv":[2.25,1.75,5.75,5.75],"texture":"#texture"},"south":{"uv":[3.25,2.25,7.25,5.75],"texture":"#texture"},"west":{"uv":[2,2.25,5.5,5.75],"texture":"#texture"},"up":{"uv":[2,1.75,6.5,5.75],"texture":"#texture"},"down":{"uv":[2.25,1.5,6.75,6],"texture":"#texture"}}},{"name":"cube","from":[0.75,-2.75,12],"to":[2.75,-0.75,14],"faces":{"north":{"uv":[10.25,12.75,12.25,14.75],"texture":"#particle"},"east":{"uv":[10,12.75,12,14.75],"texture":"#particle"},"south":{"uv":[10,12.75,12,14.75],"texture":"#particle"},"west":{"uv":[10,12.75,12,14.75],"texture":"#particle"},"up":{"uv":[10,12.5,12,14.5],"texture":"#particle"},"down":{"uv":[10.25,13.25,12.25,15.25],"texture":"#particle"}}},{"name":"cube","from":[1,-2.5,11.75],"to":[2.5,-1,14.25],"faces":{"north":{"uv":[10.25,12.75,12.25,14.75],"texture":"#particle"},"east":{"uv":[10,12.75,12,14.75],"texture":"#particle"},"south":{"uv":[10,12.75,12,14.75],"texture":"#particle"},"west":{"uv":[10,12.75,12,14.75],"texture":"#particle"},"up":{"uv":[10,12.5,12,14.5],"texture":"#particle"},"down":{"uv":[10.25,13.25,12.25,15.25],"texture":"#particle"}}},{"name":"cube","from":[1,-3,12.25],"to":[2.5,-0.5,13.75],"faces":{"north":{"uv":[10.25,12.75,12.25,14.75],"texture":"#particle"},"east":{"uv":[10,12.75,12,14.75],"texture":"#particle"},"south":{"uv":[10,12.75,12,14.75],"texture":"#particle"},"west":{"uv":[10,12.75,12,14.75],"texture":"#particle"},"up":{"uv":[10,12.5,12,14.5],"texture":"#particle"},"down":{"uv":[10.25,13.25,12.25,15.25],"texture":"#particle"}}},{"name":"cube","from":[0.5,-2.5,12.25],"to":[3,-1,13.75],"faces":{"north":{"uv":[10.25,12.75,12.25,14.75],"texture":"#particle"},"east":{"uv":[10,12.75,12,14.75],"texture":"#particle"},"south":{"uv":[10,12.75,12,14.75],"texture":"#particle"},"west":{"uv":[10,12.75,12,14.75],"texture":"#particle"},"up":{"uv":[10,12.5,12,14.5],"texture":"#particle"},"down":{"uv":[10.25,13.25,12.25,15.25],"texture":"#particle"}}},{"name":"cube","from":[0.495,-2.5,12.25],"to":[0.5575,-1,13.75],"faces":{"west":{"uv":[0.25,11,5,15.75],"texture":"#particle"}}},{"name":"cube","from":[0.875,-1.995,8],"to":[3.125,-1.245,9.25],"rotation":{"angle":-22.5,"axis":"y","origin":[0.875,-1.995,8]},"faces":{"up":{"uv":[13,6.25,15.75,10.75],"texture":"#particle","rotation":90}}},{"name":"cube","from":[0.4375,-1.995,6.875],"to":[2.6875,-1.245,8.125],"rotation":{"angle":22.5,"axis":"y","origin":[0.4375,-1.995,6.875]},"faces":{"up":{"uv":[15.75,6.25,13,10.75],"texture":"#particle","rotation":90}}}],"display":{"head":{"rotation":[0,-90,0],"translation":[0,-16.5,0],"scale":[2,2,2]},"gui":{"rotation":[30,50,0],"translation":[0,7,0],"scale":[0.8,0.8,0.8]},"thirdperson_righthand":{"scale":[0,0,0]},"thirdperson_lefthand":{"scale":[0,0,0]},"firstperson_righthand":{"scale":[0,0,0]},"firstperson_lefthand":{"scale":[0,0,0]}}}