{"credit":"Made by MadstonMagic using Cubik Pro, Copyright © MadstonMagic Modeling 2015-2017. All rights reserved","textures":{"texture":"pokemon_skins/regular/feebas/feebas","eye":"pokemon_skins/regular/feebas/feebas_eye","fin":"pokemon_skins/regular/feebas/feebas_fin","tail":"pokemon_skins/regular/feebas/feebas_tail","particle":"pokemon_skins/regular/feebas/feebas_dots"},"elements":[{"name":"cube","from":[6,-4.5,7],"to":[10,4,10],"faces":{"north":{"uv":[2.5,11,5,14],"texture":"#texture"},"east":{"uv":[2,11.5,4.5,15],"texture":"#texture"},"south":{"uv":[1.5,11,5,14.5],"texture":"#texture"},"west":{"uv":[2,12.5,4.5,15.5],"texture":"#texture"},"up":{"uv":[1.5,11,4.5,14],"texture":"#texture"},"down":{"uv":[1,11,4.5,14.5],"texture":"#texture"}}},{"name":"cube","from":[4.1875,0.5,7],"to":[6.1875,3.25,10],"rotation":{"angle":22.5,"axis":"z","origin":[4.1875,3.25,7]},"faces":{"north":{"uv":[2.5,11,5,14],"texture":"#texture"},"east":{"uv":[2,11.5,4.5,15],"texture":"#texture"},"south":{"uv":[1.5,11,5,14.5],"texture":"#texture"},"west":{"uv":[2,12.5,4.5,15.5],"texture":"#texture"},"up":{"uv":[1.5,11,4.5,14],"texture":"#texture"},"down":{"uv":[1,11,4.5,14.5],"texture":"#texture"}}},{"name":"cube","from":[2.75,-0.914188,7],"to":[4.75,1.83581,10],"rotation":{"angle":45,"axis":"z","origin":[2.75,1.83581,7]},"faces":{"north":{"uv":[2.5,11,5,14],"texture":"#texture"},"east":{"uv":[2,11.5,4.5,15],"texture":"#texture"},"south":{"uv":[1.5,11,5,14.5],"texture":"#texture"},"west":{"uv":[2,12.5,4.5,15.5],"texture":"#texture"},"up":{"uv":[1.5,11,4.5,14],"texture":"#texture"},"down":{"uv":[1,11,4.5,14.5],"texture":"#texture"}}},{"name":"cube","from":[2.75,-0.9375,7],"to":[5.25,1.8125,10],"rotation":{"angle":-22.5,"axis":"z","origin":[2.75,1.8125,7]},"faces":{"north":{"uv":[2.5,11,5,14],"texture":"#texture"},"east":{"uv":[2,11.5,4.5,15],"texture":"#texture"},"south":{"uv":[1.5,11,5,14.5],"texture":"#texture"},"west":{"uv":[2,12.5,4.5,15.5],"texture":"#texture"},"up":{"uv":[1.5,11,4.5,14],"texture":"#texture"},"down":{"uv":[1,11,4.5,14.5],"texture":"#texture"}}},{"name":"cube","from":[1.6875,-1.9375,7],"to":[4,-0.6875,10],"faces":{"north":{"uv":[2.5,11,5,14],"texture":"#texture"},"east":{"uv":[2,11.5,4.5,15],"texture":"#texture"},"south":{"uv":[1.5,11,5,14.5],"texture":"#texture"},"west":{"uv":[2,12.5,4.5,15.5],"texture":"#texture"},"up":{"uv":[1.5,11,4.5,14],"texture":"#texture"},"down":{"uv":[1,11,4.5,14.5],"texture":"#texture"}}},{"name":"cube","from":[2.9375,-2.4375,7],"to":[4.8125,-0.6875,10],"rotation":{"angle":-45,"axis":"z","origin":[2.9375,-0.6875,7]},"faces":{"north":{"uv":[2.5,11,5,14],"texture":"#texture"},"east":{"uv":[2,11.5,4.5,15],"texture":"#texture"},"south":{"uv":[1.5,11,5,14.5],"texture":"#texture"},"west":{"uv":[2,12.5,4.5,15.5],"texture":"#texture"},"up":{"uv":[1.5,11,4.5,14],"texture":"#texture"},"down":{"uv":[1,11,4.5,14.5],"texture":"#texture"}}},{"name":"cube","from":[3.6875,-3.375,7],"to":[6.9375,-1.625,10],"rotation":{"angle":-22.5,"axis":"z","origin":[3.6875,-1.625,7]},"faces":{"north":{"uv":[2.5,11,5,14],"texture":"#texture"},"east":{"uv":[2,11.5,4.5,15],"texture":"#texture"},"south":{"uv":[1.5,11,5,14.5],"texture":"#texture"},"west":{"uv":[2,12.5,4.5,15.5],"texture":"#texture"},"up":{"uv":[1.5,11,4.5,14],"texture":"#texture"},"down":{"uv":[1,11,4.5,14.5],"texture":"#texture"}}},{"name":"cube","from":[4,-2.75,7],"to":[6,1.25,10],"faces":{"north":{"uv":[2.5,11,5,14],"texture":"#texture"},"east":{"uv":[2,11.5,4.5,15],"texture":"#texture"},"south":{"uv":[1.5,11,5,14.5],"texture":"#texture"},"west":{"uv":[2,12.5,4.5,15.5],"texture":"#texture"},"up":{"uv":[1.5,11,4.5,14],"texture":"#texture"},"down":{"uv":[1,11,4.5,14.5],"texture":"#texture"}}},{"name":"cube","from":[10,1.25,7],"to":[12,4,10],"rotation":{"angle":-45,"axis":"z","origin":[10,4,7]},"faces":{"north":{"uv":[2.5,11,5,14],"texture":"#texture"},"east":{"uv":[2,11.5,4.5,15],"texture":"#texture"},"south":{"uv":[1.5,11,5,14.5],"texture":"#texture"},"west":{"uv":[2,12.5,4.5,15.5],"texture":"#texture"},"up":{"uv":[1.5,11,4.5,14],"texture":"#texture"},"down":{"uv":[1,11,4.5,14.5],"texture":"#texture"}}},{"name":"cube","from":[8.875,-0.4375,7],"to":[11.625,1.5625,10],"rotation":{"angle":22.5,"axis":"z","origin":[8.875,1.5625,7]},"faces":{"north":{"uv":[2.5,11,5,14],"texture":"#texture"},"east":{"uv":[2,11.5,4.5,15],"texture":"#texture"},"south":{"uv":[1.5,11,5,14.5],"texture":"#texture"},"west":{"uv":[2,12.5,4.5,15.5],"texture":"#texture"},"up":{"uv":[1.5,11,4.5,14],"texture":"#texture"},"down":{"uv":[1,11,4.5,14.5],"texture":"#texture"}}},{"name":"cube","from":[10,-2.25,7],"to":[12.1875,0.8125,10],"faces":{"north":{"uv":[2.5,11,5,14],"texture":"#texture"},"east":{"uv":[2,11.5,4.5,15],"texture":"#texture"},"south":{"uv":[1.5,11,5,14.5],"texture":"#texture"},"west":{"uv":[2,12.5,4.5,15.5],"texture":"#texture"},"up":{"uv":[1.5,11,4.5,14],"texture":"#texture"},"down":{"uv":[1,11,4.5,14.5],"texture":"#texture"}}},{"name":"cube","from":[8.5625,-5.0625,7],"to":[11.6875,-3.0625,10],"rotation":{"angle":45,"axis":"z","origin":[8.5625,-3.0625,7]},"faces":{"north":{"uv":[2.5,11,5,14],"texture":"#texture"},"east":{"uv":[2,11.5,4.5,15],"texture":"#texture"},"south":{"uv":[1.5,11,5,14.5],"texture":"#texture"},"west":{"uv":[2,12.5,4.5,15.5],"texture":"#texture"},"up":{"uv":[1.5,11,4.5,14],"texture":"#texture"},"down":{"uv":[1,11,4.5,14.5],"texture":"#texture"}}},{"name":"cube","from":[12,-4.5,8.5],"to":[17,4,8.5625],"faces":{"north":{"uv":[8.5,0,0.25,16],"texture":"#tail"},"south":{"uv":[0.25,0,8.5,16],"texture":"#tail"}}},{"name":"cube","from":[5.25,3.5,8],"to":[6,6.25,9],"rotation":{"angle":22.5,"axis":"z","origin":[5.25,6.25,8]},"faces":{"north":{"uv":[9,10,10.75,12],"texture":"#texture"},"east":{"uv":[9,10,10.75,11.75],"texture":"#texture"},"south":{"uv":[8.5,9.75,10.25,11.75],"texture":"#texture"},"west":{"uv":[8.75,10.25,10.25,11.75],"texture":"#texture"},"up":{"uv":[8.5,10,10.25,12.25],"texture":"#texture"},"down":{"uv":[8.25,10.25,10,12],"texture":"#texture"}}},{"name":"cube","from":[9.8125,3.8125,8],"to":[10.5625,6.5625,9],"rotation":{"angle":-22.5,"axis":"z","origin":[9.8125,6.5625,8]},"faces":{"north":{"uv":[9,10,10.75,12],"texture":"#texture"},"east":{"uv":[9,10,10.75,11.75],"texture":"#texture"},"south":{"uv":[8.5,9.75,10.25,11.75],"texture":"#texture"},"west":{"uv":[8.75,10.25,10.25,11.75],"texture":"#texture"},"up":{"uv":[8.5,10,10.25,12.25],"texture":"#texture"},"down":{"uv":[8.25,10.25,10,12],"texture":"#texture"}}},{"name":"cube","from":[5.25,6.25,8],"to":[6,7,9],"faces":{"north":{"uv":[9,10,10.75,12],"texture":"#texture"},"east":{"uv":[9,10,10.75,11.75],"texture":"#texture"},"south":{"uv":[8.5,9.75,10.25,11.75],"texture":"#texture"},"west":{"uv":[8.75,10.25,10.25,11.75],"texture":"#texture"},"up":{"uv":[8.5,10,10.25,12.25],"texture":"#texture"},"down":{"uv":[8.25,10.25,10,12],"texture":"#texture"}}},{"name":"cube","from":[9.75,6.25,8],"to":[10.5,7,9],"faces":{"north":{"uv":[9,10,10.75,12],"texture":"#texture"},"east":{"uv":[9,10,10.75,11.75],"texture":"#texture"},"south":{"uv":[8.5,9.75,10.25,11.75],"texture":"#texture"},"west":{"uv":[8.75,10.25,10.25,11.75],"texture":"#texture"},"up":{"uv":[8.5,10,10.25,12.25],"texture":"#texture"},"down":{"uv":[8.25,10.25,10,12],"texture":"#texture"}}},{"name":"cube","from":[5.625,6.875,8],"to":[6.125,7.375,9],"rotation":{"angle":-45,"axis":"z","origin":[5.625,7.375,8]},"faces":{"north":{"uv":[9,10,10.75,12],"texture":"#texture"},"east":{"uv":[9,10,10.75,11.75],"texture":"#texture"},"south":{"uv":[8.5,9.75,10.25,11.75],"texture":"#texture"},"west":{"uv":[8.75,10.25,10.25,11.75],"texture":"#texture"},"up":{"uv":[8.5,10,10.25,12.25],"texture":"#texture"},"down":{"uv":[8.25,10.25,10,12],"texture":"#texture"}}},{"name":"cube","from":[10.125,6.875,8],"to":[10.625,7.375,9],"rotation":{"angle":-45,"axis":"z","origin":[10.125,7.375,8]},"faces":{"north":{"uv":[9,10,10.75,12],"texture":"#texture"},"east":{"uv":[9,10,10.75,11.75],"texture":"#texture"},"south":{"uv":[8.5,9.75,10.25,11.75],"texture":"#texture"},"west":{"uv":[8.75,10.25,10.25,11.75],"texture":"#texture"},"up":{"uv":[8.5,10,10.25,12.25],"texture":"#texture"},"down":{"uv":[8.25,10.25,10,12],"texture":"#texture"}}},{"name":"cube","from":[6,6.25,8],"to":[7.5,7,9],"rotation":{"angle":-22.5,"axis":"z","origin":[6,7,8]},"faces":{"north":{"uv":[9,10,10.75,12],"texture":"#texture"},"east":{"uv":[9,10,10.75,11.75],"texture":"#texture"},"south":{"uv":[8.5,9.75,10.25,11.75],"texture":"#texture"},"west":{"uv":[8.75,10.25,10.25,11.75],"texture":"#texture"},"up":{"uv":[8.5,10,10.25,12.25],"texture":"#texture"},"down":{"uv":[8.25,10.25,10,12],"texture":"#texture"}}},{"name":"cube","from":[8.375,5.6875,8],"to":[9.875,6.4375,9],"rotation":{"angle":22.5,"axis":"z","origin":[8.375,6.4375,8]},"faces":{"north":{"uv":[9,10,10.75,12],"texture":"#texture"},"east":{"uv":[9,10,10.75,11.75],"texture":"#texture"},"south":{"uv":[8.5,9.75,10.25,11.75],"texture":"#texture"},"west":{"uv":[8.75,10.25,10.25,11.75],"texture":"#texture"},"up":{"uv":[8.5,10,10.25,12.25],"texture":"#texture"},"down":{"uv":[8.25,10.25,10,12],"texture":"#texture"}}},{"name":"cube","from":[7,5.75,8],"to":[8.6875,6.5,9],"faces":{"north":{"uv":[9,10,10.75,12],"texture":"#texture"},"east":{"uv":[9,10,10.75,11.75],"texture":"#texture"},"south":{"uv":[8.5,9.75,10.25,11.75],"texture":"#texture"},"west":{"uv":[8.75,10.25,10.25,11.75],"texture":"#texture"},"up":{"uv":[8.5,10,10.25,12.25],"texture":"#texture"},"down":{"uv":[8.25,10.25,10,12],"texture":"#texture"}}},{"name":"cube","from":[1.5625,-1.6875,6.875],"to":[1.8125,-0.8125,10.125],"faces":{"north":{"uv":[13,9.75,15.25,11.75],"texture":"#texture"},"east":{"uv":[13.5,10,15.25,12],"texture":"#texture"},"south":{"uv":[13.5,9.75,15,11.5],"texture":"#texture"},"west":{"uv":[13,10,14.75,12],"texture":"#texture"},"up":{"uv":[12.75,10,14.75,11.75],"texture":"#texture"},"down":{"uv":[12.75,9.75,14.5,11.75],"texture":"#texture"}}},{"name":"cube","from":[1.8125,-1.8125,6.875],"to":[2.3125,-0.8125,10.125],"rotation":{"angle":-22.5,"axis":"z","origin":[1.8125,-0.8125,6.875]},"faces":{"north":{"uv":[13,9.75,15.25,11.75],"texture":"#texture"},"east":{"uv":[13.5,10,15.25,12],"texture":"#texture"},"south":{"uv":[13.5,9.75,15,11.5],"texture":"#texture"},"west":{"uv":[13,10,14.75,12],"texture":"#texture"},"up":{"uv":[12.75,10,14.75,11.75],"texture":"#texture"},"down":{"uv":[12.75,9.75,14.5,11.75],"texture":"#texture"}}},{"name":"cube","from":[1.625,-2,6.875],"to":[2.3125,-1.25,10.125],"rotation":{"angle":22.5,"axis":"z","origin":[1.625,-1.25,6.875]},"faces":{"north":{"uv":[13,9.75,15.25,11.75],"texture":"#texture"},"east":{"uv":[13.5,10,15.25,12],"texture":"#texture"},"south":{"uv":[13.5,9.75,15,11.5],"texture":"#texture"},"west":{"uv":[13,10,14.75,12],"texture":"#texture"},"up":{"uv":[12.75,10,14.75,11.75],"texture":"#texture"},"down":{"uv":[12.75,9.75,14.5,11.75],"texture":"#texture"}}},{"name":"cube","from":[1.5615,-1.3125,6.875],"to":[1.624,-1.25,10.125],"faces":{"north":{"uv":[7.25,1.25,9.5,1.75],"texture":"#texture"},"east":{"uv":[6.75,1.25,8,1.75],"texture":"#texture"},"south":{"uv":[7.5,1.25,9,1.75],"texture":"#texture"},"west":{"uv":[6.75,1.25,8.25,1.75],"texture":"#texture"},"up":{"uv":[7,1.25,8.75,1.75],"texture":"#texture"},"down":{"uv":[7.5,1.25,9.25,1.75],"texture":"#texture"}}},{"name":"cube","from":[1.5625,-1.3125,6.8125],"to":[2.3125,-1.25,10.1875],"rotation":{"angle":-22.5,"axis":"z","origin":[1.5625,-1.25,6.8125]},"faces":{"north":{"uv":[7.25,1.25,9.5,1.75],"texture":"#texture"},"east":{"uv":[6.75,1.25,8,1.75],"texture":"#texture"},"south":{"uv":[7.5,1.25,9,1.75],"texture":"#texture"},"west":{"uv":[6.75,1.25,8.25,1.75],"texture":"#texture"},"up":{"uv":[7,1.25,8.75,1.75],"texture":"#texture"},"down":{"uv":[7.5,1.25,9.25,1.75],"texture":"#texture"}}},{"name":"cube","from":[6.25,-3.4375,6],"to":[10.25,3,11],"faces":{"north":{"uv":[2.5,11,5,14],"texture":"#texture"},"east":{"uv":[2,11.5,4.5,15],"texture":"#texture"},"south":{"uv":[1.5,11,5,14.5],"texture":"#texture"},"west":{"uv":[2,12.5,4.5,15.5],"texture":"#texture"},"up":{"uv":[1.5,11,4.5,14],"texture":"#texture"},"down":{"uv":[1,11,4.5,14.5],"texture":"#texture"}}},{"name":"cube","from":[4.5,-2.6875,6],"to":[6.25,2.25,11],"faces":{"north":{"uv":[2.5,11,5,14],"texture":"#texture"},"east":{"uv":[2,11.5,4.5,15],"texture":"#texture"},"south":{"uv":[1.5,11,5,14.5],"texture":"#texture"},"west":{"uv":[2,12.5,4.5,15.5],"texture":"#texture"},"up":{"uv":[1.5,11,4.5,14],"texture":"#texture"},"down":{"uv":[1,11,4.5,14.5],"texture":"#texture"}}},{"name":"cube","from":[3.5625,-1.375,6],"to":[4.5625,1,11],"faces":{"north":{"uv":[2.5,11,5,14],"texture":"#texture"},"east":{"uv":[2,11.5,4.5,15],"texture":"#texture"},"south":{"uv":[1.5,11,5,14.5],"texture":"#texture"},"west":{"uv":[2,12.5,4.5,15.5],"texture":"#texture"},"up":{"uv":[1.5,11,4.5,14],"texture":"#texture"},"down":{"uv":[1,11,4.5,14.5],"texture":"#texture"}}},{"name":"cube","from":[4.5,1.25,6],"to":[6.375,2.25,11],"rotation":{"angle":22.5,"axis":"z","origin":[4.5,2.25,6]},"faces":{"north":{"uv":[2.5,11,5,14],"texture":"#texture"},"east":{"uv":[2,11.5,4.5,15],"texture":"#texture"},"south":{"uv":[1.5,11,5,14.5],"texture":"#texture"},"west":{"uv":[2,12.5,4.5,15.5],"texture":"#texture"},"up":{"uv":[1.5,11,4.5,14],"texture":"#texture"},"down":{"uv":[1,11,4.5,14.5],"texture":"#texture"}}},{"name":"cube","from":[4.875,-2.75,6],"to":[6.8125,-1.75,11],"rotation":{"angle":-22.5,"axis":"z","origin":[4.875,-1.75,6]},"faces":{"north":{"uv":[2.5,11,5,14],"texture":"#texture"},"east":{"uv":[2,11.5,4.5,15],"texture":"#texture"},"south":{"uv":[1.5,11,5,14.5],"texture":"#texture"},"west":{"uv":[2,12.5,4.5,15.5],"texture":"#texture"},"up":{"uv":[1.5,11,4.5,14],"texture":"#texture"},"down":{"uv":[1,11,4.5,14.5],"texture":"#texture"}}},{"name":"cube","from":[4.5,1.25,6],"to":[5.5,2.25,11],"rotation":{"angle":-45,"axis":"z","origin":[4.5,2.25,6]},"faces":{"north":{"uv":[2.5,11,5,14],"texture":"#texture"},"east":{"uv":[2,11.5,4.5,15],"texture":"#texture"},"south":{"uv":[1.5,11,5,14.5],"texture":"#texture"},"west":{"uv":[2,12.5,4.5,15.5],"texture":"#texture"},"up":{"uv":[1.5,11,4.5,14],"texture":"#texture"},"down":{"uv":[1,11,4.5,14.5],"texture":"#texture"}}},{"name":"cube","from":[3.5625,-2.0625,6],"to":[4.5625,-1.375,11],"rotation":{"angle":22.5,"axis":"z","origin":[3.5625,-1.375,6]},"faces":{"north":{"uv":[2.5,11,5,14],"texture":"#texture"},"east":{"uv":[2,11.5,4.5,15],"texture":"#texture"},"south":{"uv":[1.5,11,5,14.5],"texture":"#texture"},"west":{"uv":[2,12.5,4.5,15.5],"texture":"#texture"},"up":{"uv":[1.5,11,4.5,14],"texture":"#texture"},"down":{"uv":[1,11,4.5,14.5],"texture":"#texture"}}},{"name":"cube","from":[3.8125,-3,6],"to":[4.8125,-2,11],"rotation":{"angle":45,"axis":"z","origin":[3.8125,-2,6]},"faces":{"north":{"uv":[2.5,11,5,14],"texture":"#texture"},"east":{"uv":[2,11.5,4.5,15],"texture":"#texture"},"south":{"uv":[1.5,11,5,14.5],"texture":"#texture"},"west":{"uv":[2,12.5,4.5,15.5],"texture":"#texture"},"up":{"uv":[1.5,11,4.5,14],"texture":"#texture"},"down":{"uv":[1,11,4.5,14.5],"texture":"#texture"}}},{"name":"cube","from":[6.25,2,6],"to":[10.25,3,7.375],"rotation":{"angle":-45,"axis":"x","origin":[6.25,3,6]},"faces":{"north":{"uv":[2.5,11,5,14],"texture":"#texture"},"east":{"uv":[2,11.5,4.5,15],"texture":"#texture"},"south":{"uv":[1.5,11,5,14.5],"texture":"#texture"},"west":{"uv":[2,12.5,4.5,15.5],"texture":"#texture"},"up":{"uv":[1.5,11,4.5,14],"texture":"#texture"},"down":{"uv":[1,11,4.5,14.5],"texture":"#texture"}}},{"name":"cube","from":[6.25,3,10],"to":[10.25,4,11.375],"rotation":{"angle":45,"axis":"x","origin":[6.25,4,10]},"faces":{"north":{"uv":[2.5,11,5,14],"texture":"#texture"},"east":{"uv":[2,11.5,4.5,15],"texture":"#texture"},"south":{"uv":[1.5,11,5,14.5],"texture":"#texture"},"west":{"uv":[2,12.5,4.5,15.5],"texture":"#texture"},"up":{"uv":[1.5,11,4.5,14],"texture":"#texture"},"down":{"uv":[1,11,4.5,14.5],"texture":"#texture"}}},{"name":"cube","from":[2.5625,-1.625,6.97227],"to":[3.9375,1.375,8.15977],"rotation":{"angle":45,"axis":"y","origin":[2.5625,-1.625,6.97227]},"faces":{"north":{"uv":[2.5,11,5,14],"texture":"#texture"},"east":{"uv":[2,11.5,4.5,15],"texture":"#texture"},"south":{"uv":[1.5,11,5,14.5],"texture":"#texture"},"west":{"uv":[2,12.5,4.5,15.5],"texture":"#texture"},"up":{"uv":[1.5,11,4.5,14],"texture":"#texture"},"down":{"uv":[1,11,4.5,14.5],"texture":"#texture"}}},{"name":"cube","from":[3.4375,-1.6875,9.1875],"to":[4.8125,1.3125,10.375],"rotation":{"angle":-45,"axis":"y","origin":[3.4375,-1.6875,9.1875]},"faces":{"north":{"uv":[2.5,11,5,14],"texture":"#texture"},"east":{"uv":[2,11.5,4.5,15],"texture":"#texture"},"south":{"uv":[1.5,11,5,14.5],"texture":"#texture"},"west":{"uv":[2,12.5,4.5,15.5],"texture":"#texture"},"up":{"uv":[1.5,11,4.5,14],"texture":"#texture"},"down":{"uv":[1,11,4.5,14.5],"texture":"#texture"}}},{"name":"cube","from":[1.5625,-1.0625,6.875],"to":[1.8125,-0.8125,10.125],"rotation":{"angle":-45,"axis":"z","origin":[1.5625,-0.8125,6.875]},"faces":{"north":{"uv":[13,9.75,15.25,11.75],"texture":"#texture"},"east":{"uv":[13.5,10,15.25,12],"texture":"#texture"},"south":{"uv":[13.5,9.75,15,11.5],"texture":"#texture"},"west":{"uv":[13,10,14.75,12],"texture":"#texture"},"up":{"uv":[12.75,10,14.75,11.75],"texture":"#texture"},"down":{"uv":[12.75,9.75,14.5,11.75],"texture":"#texture"}}},{"name":"cube","from":[1.5,-1.6875,6.875],"to":[1.75,-1.4375,10.125],"rotation":{"angle":-45,"axis":"z","origin":[1.5,-1.4375,6.875]},"faces":{"north":{"uv":[13,9.75,15.25,11.75],"texture":"#texture"},"east":{"uv":[13.5,10,15.25,12],"texture":"#texture"},"south":{"uv":[13.5,9.75,15,11.5],"texture":"#texture"},"west":{"uv":[13,10,14.75,12],"texture":"#texture"},"up":{"uv":[12.75,10,14.75,11.75],"texture":"#texture"},"down":{"uv":[12.75,9.75,14.5,11.75],"texture":"#texture"}}},{"name":"cube","from":[2.1875,-0.9375,7.05],"to":[2.25,-0.13750000000000007,7.6],"rotation":{"angle":-22.5,"axis":"z","origin":[2.1875,0.5625,7.05]},"faces":{"west":{"uv":[11.25,0.25,15.25,5.5],"texture":"#particle"}}},{"name":"cube","from":[2.1875,-0.9375,9.3375],"to":[2.25,-0.13750000000000007,9.8875],"rotation":{"angle":-22.5,"axis":"z","origin":[2.1875,0.5625,9.1375]},"faces":{"west":{"uv":[11.25,0.25,15.25,5.5],"texture":"#particle"}}},{"name":"cube","from":[2.875,-1.5625,10.3125],"to":[2.9375,1.25,11.3125],"rotation":{"angle":45,"axis":"y","origin":[2.875,-1.5625,10.3125]},"faces":{"west":{"uv":[0.5,0.5,6.5,15.5],"texture":"#eye"}}},{"name":"cube","from":[3.5625,-1.5625,10.9385],"to":[4.5625,1.25,11.001],"faces":{"south":{"uv":[6.5,0.5,10.25,15.5],"texture":"#eye"}}},{"name":"cube","from":[3.5625,-1.625,6],"to":[4.5625,1.375,6.75],"faces":{"north":{"uv":[2.5,11,5,14],"texture":"#texture"},"east":{"uv":[2,11.5,4.5,15],"texture":"#texture"},"south":{"uv":[1.5,11,5,14.5],"texture":"#texture"},"west":{"uv":[2,12.5,4.5,15.5],"texture":"#texture"},"up":{"uv":[1.5,11,4.5,14],"texture":"#texture"},"down":{"uv":[1,11,4.5,14.5],"texture":"#texture"}}},{"name":"cube","from":[3.5625,-1.6875,10],"to":[4.3125,1.3125,11],"faces":{"north":{"uv":[2.5,11,5,14],"texture":"#texture"},"east":{"uv":[2,11.5,4.5,15],"texture":"#texture"},"south":{"uv":[1.5,11,5,14.5],"texture":"#texture"},"west":{"uv":[2,12.5,4.5,15.5],"texture":"#texture"},"up":{"uv":[1.5,11,4.5,14],"texture":"#texture"},"down":{"uv":[1,11,4.5,14.5],"texture":"#texture"}}},{"name":"cube","from":[3.8125,1.0625,6],"to":[4.5625,1.5625,11],"rotation":{"angle":-22.5,"axis":"z","origin":[3.8125,1.5625,6]},"faces":{"north":{"uv":[2.5,11,5,14],"texture":"#texture"},"east":{"uv":[2,11.5,4.5,15],"texture":"#texture"},"south":{"uv":[1.5,11,5,14.5],"texture":"#texture"},"west":{"uv":[2,12.5,4.5,15.5],"texture":"#texture"},"up":{"uv":[1.5,11,4.5,14],"texture":"#texture"},"down":{"uv":[1,11,4.5,14.5],"texture":"#texture"}}},{"name":"cube","from":[3.55,-1.5625,5.9675],"to":[3.6125,1.25,6.9675],"rotation":{"angle":-45,"axis":"y","origin":[3.55,-1.5625,5.9675]},"faces":{"west":{"uv":[6.5,0.5,0.5,15.5],"texture":"#eye"}}},{"name":"cube","from":[3.5625,-1.5625,5.999],"to":[4.5625,1.25,6.0615],"faces":{"north":{"uv":[10.25,0.5,6.5,15.5],"texture":"#eye"}}},{"name":"cube","from":[6.25,-4.78,9.29],"to":[10,-3.78,10.7275],"rotation":{"angle":-45,"axis":"x","origin":[6.25,-3.78,9.29]},"faces":{"north":{"uv":[2.5,11,5,14],"texture":"#texture"},"east":{"uv":[2,11.5,4.5,15],"texture":"#texture"},"south":{"uv":[1.5,11,5,14.5],"texture":"#texture"},"west":{"uv":[2,12.5,4.5,15.5],"texture":"#texture"},"up":{"uv":[1.5,11,4.5,14],"texture":"#texture"},"down":{"uv":[1,11,4.5,14.5],"texture":"#texture"}}},{"name":"cube","from":[6.25,-3.75,6.6875],"to":[10,-2.75,8.125],"rotation":{"angle":45,"axis":"x","origin":[6.25,-2.75,6.6875]},"faces":{"north":{"uv":[2.5,11,5,14],"texture":"#texture"},"east":{"uv":[2,11.5,4.5,15],"texture":"#texture"},"south":{"uv":[1.5,11,5,14.5],"texture":"#texture"},"west":{"uv":[2,12.5,4.5,15.5],"texture":"#texture"},"up":{"uv":[1.5,11,4.5,14],"texture":"#texture"},"down":{"uv":[1,11,4.5,14.5],"texture":"#texture"}}},{"name":"cube","from":[6,-4.8125,3.5],"to":[8,-4.75,6.5],"rotation":{"angle":-22.5,"axis":"x","origin":[6,-4.75,3.5]},"faces":{"up":{"uv":[0.5,9.5,14,2.5],"texture":"#fin","rotation":270},"down":{"uv":[14,9.5,0.5,2.5],"texture":"#fin","rotation":270}}},{"name":"cube","from":[7.5,-5.5625,4.25],"to":[8.5,-5.5,7.25],"rotation":{"angle":-45,"axis":"x","origin":[7.5,-5.5,4.25]},"faces":{"up":{"uv":[0.5,9.5,14,2.5],"texture":"#fin","rotation":270},"down":{"uv":[14,9.5,0.5,2.5],"texture":"#fin","rotation":270}}},{"name":"cube","from":[6,-3.5625,10.75],"to":[8,-3.5,13.75],"rotation":{"angle":22.5,"axis":"x","origin":[6,-3.5,10.75]},"faces":{"up":{"uv":[0.5,2.5,14,9.5],"texture":"#fin","rotation":90},"down":{"uv":[14,2.5,0.5,9.5],"texture":"#fin","rotation":90}}},{"name":"cube","from":[7.5,-3.5625,10.75],"to":[8.5,-3.5,13.75],"rotation":{"angle":45,"axis":"x","origin":[7.5,-3.5,10.75]},"faces":{"up":{"uv":[0.5,2.5,14,9.5],"texture":"#fin","rotation":90},"down":{"uv":[14,2.5,0.5,9.5],"texture":"#fin","rotation":90}}},{"name":"cube","from":[10.25,-3.1875,6],"to":[11.75,2.6875,7.25],"rotation":{"angle":-45,"axis":"y","origin":[10.25,-3.1875,6]},"faces":{"north":{"uv":[2.5,11,5,14],"texture":"#texture"},"east":{"uv":[2,11.5,4.5,15],"texture":"#texture"},"south":{"uv":[1.5,11,5,14.5],"texture":"#texture"},"west":{"uv":[2,12.5,4.5,15.5],"texture":"#texture"},"up":{"uv":[1.5,11,4.5,14],"texture":"#texture"},"down":{"uv":[1,11,4.5,14.5],"texture":"#texture"}}},{"name":"cube","from":[9.375,-3.1875,10.125],"to":[10.875,2.6875,11.375],"rotation":{"angle":45,"axis":"y","origin":[9.375,-3.1875,10.125]},"faces":{"north":{"uv":[2.5,11,5,14],"texture":"#texture"},"east":{"uv":[2,11.5,4.5,15],"texture":"#texture"},"south":{"uv":[1.5,11,5,14.5],"texture":"#texture"},"west":{"uv":[2,12.5,4.5,15.5],"texture":"#texture"},"up":{"uv":[1.5,11,4.5,14],"texture":"#texture"},"down":{"uv":[1,11,4.5,14.5],"texture":"#texture"}}},{"name":"cube","from":[3.8125,1.4375,7.625],"to":[3.875,2.9375,9.375],"rotation":{"angle":-45,"axis":"z","origin":[3.8125,2.9375,7.625]},"faces":{"west":{"uv":[4.75,0.25,0.25,5],"texture":"#particle"}}},{"name":"cube","from":[3.25,1.4375,6.95],"to":[4.125,2.4375,10.0125],"faces":{"north":{"uv":[10,0.5,5.5,4.5],"texture":"#particle"},"south":{"uv":[5.5,0.5,10,4.5],"texture":"#particle"}}},{"name":"cube","from":[7.0625,1.3125,5.9425],"to":[8.4375,2.625,11.005],"faces":{"north":{"uv":[6.5,5.75,0.25,11.75],"texture":"#particle"},"south":{"uv":[0.25,5.75,6.5,11.75],"texture":"#particle"}}},{"name":"cube","from":[8,-0.5625,5.9425],"to":[9.375,0.75,11.005],"faces":{"north":{"uv":[14.25,5.75,8,12.25],"texture":"#particle"},"south":{"uv":[8,5.75,14.25,12.25],"texture":"#particle"}}},{"name":"cube","from":[7.25,-2.0625,5.9425],"to":[8.625,-0.75,11.005],"faces":{"north":{"uv":[9.25,11.75,4.5,16],"texture":"#particle"},"south":{"uv":[4.5,11.75,9.25,16],"texture":"#particle"}}},{"name":"cube","from":[6.3125,0.125,5.98],"to":[6.375,3,11.0425],"faces":{"north":{"uv":[7.25,1.25,9.5,1.75],"texture":"#texture"},"east":{"uv":[6.75,1.25,8,1.75],"texture":"#texture"},"south":{"uv":[7.5,1.25,9,1.75],"texture":"#texture"},"west":{"uv":[6.75,1.25,8.25,1.75],"texture":"#texture"},"up":{"uv":[7,1.25,8.75,1.75],"texture":"#texture"},"down":{"uv":[7.5,1.25,9.25,1.75],"texture":"#texture"}}},{"name":"cube","from":[6.3125,-1.5625,5.98],"to":[6.375,0.1875,11.0425],"rotation":{"angle":-22.5,"axis":"z","origin":[6.3125,0.1875,5.98]},"faces":{"north":{"uv":[7.25,1.25,9.5,1.75],"texture":"#texture"},"east":{"uv":[6.75,1.25,8,1.75],"texture":"#texture"},"south":{"uv":[7.5,1.25,9,1.75],"texture":"#texture"},"west":{"uv":[6.75,1.25,8.25,1.75],"texture":"#texture"},"up":{"uv":[7,1.25,8.75,1.75],"texture":"#texture"},"down":{"uv":[7.5,1.25,9.25,1.75],"texture":"#texture"}}},{"name":"cube","from":[5.625,-3.1875,5.98],"to":[5.6875,-1.375,11.0425],"faces":{"north":{"uv":[7.25,1.25,9.5,1.75],"texture":"#texture"},"east":{"uv":[6.75,1.25,8,1.75],"texture":"#texture"},"south":{"uv":[7.5,1.25,9,1.75],"texture":"#texture"},"west":{"uv":[6.75,1.25,8.25,1.75],"texture":"#texture"},"up":{"uv":[7,1.25,8.75,1.75],"texture":"#texture"},"down":{"uv":[7.5,1.25,9.25,1.75],"texture":"#texture"}}},{"name":"cube","from":[5.625,-4.3125,6.98],"to":[5.6875,-3.125,10.0425],"faces":{"north":{"uv":[7.25,1.25,9.5,1.75],"texture":"#texture"},"east":{"uv":[6.75,1.25,8,1.75],"texture":"#texture"},"south":{"uv":[7.5,1.25,9,1.75],"texture":"#texture"},"west":{"uv":[6.75,1.25,8.25,1.75],"texture":"#texture"},"up":{"uv":[7,1.25,8.75,1.75],"texture":"#texture"},"down":{"uv":[7.5,1.25,9.25,1.75],"texture":"#texture"}}},{"name":"cube","from":[5.65,-4.3425,7],"to":[5.7125,-4.28,10.0625],"rotation":{"angle":-45,"axis":"z","origin":[5.65,-4.28,7]},"faces":{"north":{"uv":[7.25,1.25,9.5,1.75],"texture":"#texture"},"east":{"uv":[6.75,1.25,8,1.75],"texture":"#texture"},"south":{"uv":[7.5,1.25,9,1.75],"texture":"#texture"},"west":{"uv":[6.75,1.25,8.25,1.75],"texture":"#texture"},"up":{"uv":[7,1.25,8.75,1.75],"texture":"#texture"},"down":{"uv":[7.5,1.25,9.25,1.75],"texture":"#texture"}}},{"name":"cube","from":[9.25,-4.505,7],"to":[9.75,-4.4425,10],"faces":{"down":{"uv":[0.5,0.5,13.5,2],"texture":"#texture","rotation":90}}},{"name":"cube","from":[9.25,-4.1625,6.6875],"to":[9.75,-4.1,7.1875],"rotation":{"angle":45,"axis":"x","origin":[9.25,-4.1,6.6875]},"faces":{"down":{"uv":[0.5,0.5,2.75,2],"texture":"#texture","rotation":90}}},{"name":"cube","from":[9.25,-4.5375,9.9375],"to":[9.75,-4.475,10.4375],"rotation":{"angle":-45,"axis":"x","origin":[9.25,-4.475,9.9375]},"faces":{"down":{"uv":[0.5,0.5,2.75,2],"texture":"#texture","rotation":90}}},{"name":"cube","from":[8.4,-4.505,7],"to":[8.9,-4.4425,10],"faces":{"down":{"uv":[0.5,0.5,13.5,2],"texture":"#texture","rotation":90}}},{"name":"cube","from":[8.4,-4.1625,6.6875],"to":[8.9,-4.1,7.1875],"rotation":{"angle":45,"axis":"x","origin":[8.4,-4.1,6.6875]},"faces":{"down":{"uv":[0.5,0.5,2.75,2],"texture":"#texture","rotation":90}}},{"name":"cube","from":[8.4,-4.5375,9.9375],"to":[8.9,-4.475,10.4375],"rotation":{"angle":-45,"axis":"x","origin":[8.4,-4.475,9.9375]},"faces":{"down":{"uv":[0.5,0.5,2.75,2],"texture":"#texture","rotation":90}}},{"name":"cube","from":[7.55,-4.505,7],"to":[8.05,-4.4425,10],"faces":{"down":{"uv":[0.5,0.5,13.5,2],"texture":"#texture","rotation":90}}},{"name":"cube","from":[7.55,-4.1625,6.6875],"to":[8.05,-4.1,7.1875],"rotation":{"angle":45,"axis":"x","origin":[7.55,-4.1,6.6875]},"faces":{"down":{"uv":[0.5,0.5,2.75,2],"texture":"#texture","rotation":90}}},{"name":"cube","from":[7.55,-4.5375,9.9375],"to":[8.05,-4.475,10.4375],"rotation":{"angle":-45,"axis":"x","origin":[7.55,-4.475,9.9375]},"faces":{"down":{"uv":[0.5,0.5,2.75,2],"texture":"#texture","rotation":90}}}],"display":{"head":{"rotation":[0,-90,0],"translation":[0,-16,0],"scale":[2,2,2]},"gui":{"rotation":[20,60,0],"translation":[0,7.8,0],"scale":[1.15,1.15,1.15]},"thirdperson_righthand":{"scale":[0,0,0]},"thirdperson_lefthand":{"scale":[0,0,0]},"firstperson_righthand":{"scale":[0,0,0]},"firstperson_lefthand":{"scale":[0,0,0]}}}