{"credit":"Made by MadstonMagic using Cubik Pro, Copyright © MadstonMagic Modeling 2015-2017. All rights reserved","textures":{"texture":"pokemon_skins/regular/kecleon/kecleon","back":"pokemon_skins/regular/kecleon/back","ears":"pokemon_skins/regular/kecleon/ears","foot":"pokemon_skins/regular/kecleon/foot","hand":"pokemon_skins/regular/kecleon/hand","belly":"pokemon_skins/regular/kecleon/belly","particle":"pokemon_skins/regular/kecleon/eye"},"elements":[{"name":"cube","from":[3.5,9.5,6],"to":[7.5,15.5,10],"faces":{"north":{"uv":[1.25,2,6.25,7],"texture":"#texture"},"east":{"uv":[1.5,1.5,6.5,6.5],"texture":"#texture"},"south":{"uv":[1.5,1.25,6.5,6.25],"texture":"#texture"},"west":{"uv":[1.5,1.25,6.5,6.25],"texture":"#texture"},"up":{"uv":[1.5,1.25,6.5,6.25],"texture":"#texture"},"down":{"uv":[1.25,1.75,6.25,6.75],"texture":"#texture"}}},{"name":"cube","from":[3.5,10.5,5],"to":[7.5,14.5,11],"faces":{"north":{"uv":[1.25,2,6.25,7],"texture":"#texture"},"east":{"uv":[1.5,1.5,6.5,6.5],"texture":"#texture"},"south":{"uv":[1.5,1.25,6.5,6.25],"texture":"#texture"},"west":{"uv":[1.5,1.25,6.5,6.25],"texture":"#texture"},"up":{"uv":[1.5,1.25,6.5,6.25],"texture":"#texture"},"down":{"uv":[1.25,1.75,6.25,6.75],"texture":"#texture"}}},{"name":"cube","from":[2.5,10.5,6],"to":[8.5,14.5,10],"faces":{"north":{"uv":[1.25,2,6.25,7],"texture":"#texture"},"east":{"uv":[1.5,1.5,6.5,6.5],"texture":"#texture"},"south":{"uv":[1.5,1.25,6.5,6.25],"texture":"#texture"},"west":{"uv":[1.5,1.25,6.5,6.25],"texture":"#texture"},"up":{"uv":[1.5,1.25,6.5,6.25],"texture":"#texture"},"down":{"uv":[1.25,1.75,6.25,6.75],"texture":"#texture"}}},{"name":"cube","from":[2.5,7.42,6],"to":[3.91,14.5,10],"rotation":{"angle":45,"axis":"z","origin":[2.5,14.5,6]},"faces":{"north":{"uv":[1.25,2,6.25,7],"texture":"#texture"},"east":{"uv":[1.5,1.5,6.5,6.5],"texture":"#texture"},"south":{"uv":[1.5,1.25,6.5,6.25],"texture":"#texture"},"west":{"uv":[1.5,1.25,6.5,6.25],"texture":"#texture"},"up":{"uv":[1.5,1.25,6.5,6.25],"texture":"#texture"},"down":{"uv":[1.25,1.75,6.25,6.75],"texture":"#texture"}}},{"name":"cube","from":[7.5,8.42,6],"to":[8.91,15.5,10],"rotation":{"angle":-45,"axis":"z","origin":[7.5,15.5,6]},"faces":{"north":{"uv":[1.25,2,6.25,7],"texture":"#texture"},"east":{"uv":[1.5,1.5,6.5,6.5],"texture":"#texture"},"south":{"uv":[1.5,1.25,6.5,6.25],"texture":"#texture"},"west":{"uv":[1.5,1.25,6.5,6.25],"texture":"#texture"},"up":{"uv":[1.5,1.25,6.5,6.25],"texture":"#texture"},"down":{"uv":[1.25,1.75,6.25,6.75],"texture":"#texture"}}},{"name":"cube","from":[3.5,7.42,5],"to":[7.5,14.5,6.41],"rotation":{"angle":-45,"axis":"x","origin":[3.5,14.5,5]},"faces":{"north":{"uv":[1.25,2,6.25,7],"texture":"#texture"},"east":{"uv":[1.5,1.5,6.5,6.5],"texture":"#texture"},"south":{"uv":[1.5,1.25,6.5,6.25],"texture":"#texture"},"west":{"uv":[1.5,1.25,6.5,6.25],"texture":"#texture"},"up":{"uv":[1.5,1.25,6.5,6.25],"texture":"#texture"},"down":{"uv":[1.25,1.75,6.25,6.75],"texture":"#texture"}}},{"name":"cube","from":[3.5,8.42,10],"to":[7.5,15.5,11.41],"rotation":{"angle":45,"axis":"x","origin":[3.5,15.5,10]},"faces":{"north":{"uv":[1.25,2,6.25,7],"texture":"#texture"},"east":{"uv":[1.5,1.5,6.5,6.5],"texture":"#texture"},"south":{"uv":[1.5,1.25,6.5,6.25],"texture":"#texture"},"west":{"uv":[1.5,1.25,6.5,6.25],"texture":"#texture"},"up":{"uv":[1.5,1.25,6.5,6.25],"texture":"#texture"},"down":{"uv":[1.25,1.75,6.25,6.75],"texture":"#texture"}}},{"name":"cube","from":[2.5,10.5,6],"to":[3.91,14.5,13.08],"rotation":{"angle":45,"axis":"y","origin":[2.5,10.5,6]},"faces":{"north":{"uv":[1.25,2,6.25,7],"texture":"#texture"},"east":{"uv":[1.5,1.5,6.5,6.5],"texture":"#texture"},"south":{"uv":[1.5,1.25,6.5,6.25],"texture":"#texture"},"west":{"uv":[1.5,1.25,6.5,6.25],"texture":"#texture"},"up":{"uv":[1.5,1.25,6.5,6.25],"texture":"#texture"},"down":{"uv":[1.25,1.75,6.25,6.75],"texture":"#texture"}}},{"name":"cube","from":[7.5,10.5,5],"to":[8.91,14.5,12.08],"rotation":{"angle":-45,"axis":"y","origin":[7.5,10.5,5]},"faces":{"north":{"uv":[1.25,2,6.25,7],"texture":"#texture"},"east":{"uv":[1.5,1.5,6.5,6.5],"texture":"#texture"},"south":{"uv":[1.5,1.25,6.5,6.25],"texture":"#texture"},"west":{"uv":[1.5,1.25,6.5,6.25],"texture":"#texture"},"up":{"uv":[1.5,1.25,6.5,6.25],"texture":"#texture"},"down":{"uv":[1.25,1.75,6.25,6.75],"texture":"#texture"}}},{"name":"cube","from":[0.5,10.25,6],"to":[4,12.5,10],"rotation":{"angle":45,"axis":"z","origin":[0.5,12.5,6]},"faces":{"north":{"uv":[1.25,2,6.25,7],"texture":"#texture"},"east":{"uv":[1.5,1.5,6.5,6.5],"texture":"#texture"},"south":{"uv":[1.5,1.25,6.5,6.25],"texture":"#texture"},"west":{"uv":[1.5,1.25,6.5,6.25],"texture":"#texture"},"up":{"uv":[1.5,1.25,6.5,6.25],"texture":"#texture"},"down":{"uv":[1.25,1.75,6.25,6.75],"texture":"#texture"}}},{"name":"cube","from":[0.5,11.25,6],"to":[4.75,12.5,10],"faces":{"north":{"uv":[1.25,2,6.25,7],"texture":"#texture"},"east":{"uv":[1.5,1.5,6.5,6.5],"texture":"#texture"},"south":{"uv":[1.5,1.25,6.5,6.25],"texture":"#texture"},"west":{"uv":[1.5,1.25,6.5,6.25],"texture":"#texture"},"up":{"uv":[1.5,1.25,6.5,6.25],"texture":"#texture"},"down":{"uv":[1.25,1.75,6.25,6.75],"texture":"#texture"}}},{"name":"cube","from":[0.5,11.75,5.75],"to":[1,12.25,10.25],"faces":{"north":{"uv":[9.75,1.75,14.75,6.75],"texture":"#texture"},"east":{"uv":[9.5,1.5,14.5,6.5],"texture":"#texture"},"south":{"uv":[10.25,1.5,15.25,6.5],"texture":"#texture"},"west":{"uv":[10.25,1.5,15.25,6.5],"texture":"#texture"},"up":{"uv":[9.5,1,14.5,6],"texture":"#texture"},"down":{"uv":[10,1.75,15,6.75],"texture":"#texture"}}},{"name":"cube","from":[1,11.25,6],"to":[4.75,12.5,10],"rotation":{"angle":-22.5,"axis":"z","origin":[1,12.5,6]},"faces":{"north":{"uv":[1.25,2,6.25,7],"texture":"#texture"},"east":{"uv":[1.5,1.5,6.5,6.5],"texture":"#texture"},"south":{"uv":[1.5,1.25,6.5,6.25],"texture":"#texture"},"west":{"uv":[1.5,1.25,6.5,6.25],"texture":"#texture"},"up":{"uv":[1.5,1.25,6.5,6.25],"texture":"#texture"},"down":{"uv":[1.25,1.75,6.25,6.75],"texture":"#texture"}}},{"name":"cube","from":[1,11.75,5.75],"to":[3.25,12.25,10.25],"rotation":{"angle":-22.5,"axis":"z","origin":[1,12.25,5.75]},"faces":{"north":{"uv":[9.75,1.75,14.75,6.75],"texture":"#texture"},"east":{"uv":[9.5,1.5,14.5,6.5],"texture":"#texture"},"south":{"uv":[10.25,1.5,15.25,6.5],"texture":"#texture"},"west":{"uv":[10.25,1.5,15.25,6.5],"texture":"#texture"},"up":{"uv":[9.5,1,14.5,6],"texture":"#texture"},"down":{"uv":[10,1.75,15,6.75],"texture":"#texture"}}},{"name":"cube","from":[0.25,11.75,6],"to":[0.5,12.25,10],"faces":{"north":{"uv":[9.75,1.75,14.75,6.75],"texture":"#texture"},"east":{"uv":[9.5,1.5,14.5,6.5],"texture":"#texture"},"south":{"uv":[10.25,1.5,15.25,6.5],"texture":"#texture"},"west":{"uv":[10.25,1.5,15.25,6.5],"texture":"#texture"},"up":{"uv":[9.5,1,14.5,6],"texture":"#texture"},"down":{"uv":[10,1.75,15,6.75],"texture":"#texture"}}},{"name":"cube","from":[0,11.75,6.75],"to":[0.25,12.25,9.25],"faces":{"north":{"uv":[9.75,1.75,14.75,6.75],"texture":"#texture"},"east":{"uv":[9.5,1.5,14.5,6.5],"texture":"#texture"},"south":{"uv":[10.25,1.5,15.25,6.5],"texture":"#texture"},"west":{"uv":[10.25,1.5,15.25,6.5],"texture":"#texture"},"up":{"uv":[9.5,1,14.5,6],"texture":"#texture"},"down":{"uv":[10,1.75,15,6.75],"texture":"#texture"}}},{"name":"cube","from":[0,11.25,7.5],"to":[3.5,12.25,8.5],"rotation":{"angle":45,"axis":"z","origin":[0,12.25,7.5]},"faces":{"north":{"uv":[9.75,1.75,14.75,6.75],"texture":"#texture"},"east":{"uv":[9.5,1.5,14.5,6.5],"texture":"#texture"},"south":{"uv":[10.25,1.5,15.25,6.5],"texture":"#texture"},"west":{"uv":[10.25,1.5,15.25,6.5],"texture":"#texture"},"up":{"uv":[9.5,1,14.5,6],"texture":"#texture"},"down":{"uv":[10,1.75,15,6.75],"texture":"#texture"}}},{"name":"cube","from":[2.375,13.625,6],"to":[3.125,14.625,10],"rotation":{"angle":45,"axis":"z","origin":[2.375,14.625,6]},"faces":{"north":{"uv":[9.75,1.75,14.75,6.75],"texture":"#texture"},"east":{"uv":[9.5,1.5,14.5,6.5],"texture":"#texture"},"south":{"uv":[10.25,1.5,15.25,6.5],"texture":"#texture"},"west":{"uv":[10.25,1.5,15.25,6.5],"texture":"#texture"},"up":{"uv":[9.5,1,14.5,6],"texture":"#texture"},"down":{"uv":[10,1.75,15,6.75],"texture":"#texture"}}},{"name":"cube","from":[4,14,5.5],"to":[4.75,18,6.5],"rotation":{"angle":-22.5,"axis":"z","origin":[4,18,5.5]},"faces":{"north":{"uv":[9.75,1.75,14.75,6.75],"texture":"#texture"},"east":{"uv":[9.5,1.5,14.5,6.5],"texture":"#texture"},"south":{"uv":[10.25,1.5,15.25,6.5],"texture":"#texture"},"west":{"uv":[10.25,1.5,15.25,6.5],"texture":"#texture"},"up":{"uv":[9.5,1,14.5,6],"texture":"#texture"},"down":{"uv":[10,1.75,15,6.75],"texture":"#texture"}}},{"name":"cube","from":[4,14,9.5],"to":[4.75,18,10.5],"rotation":{"angle":-22.5,"axis":"z","origin":[4,18,9.5]},"faces":{"north":{"uv":[9.75,1.75,14.75,6.75],"texture":"#texture"},"east":{"uv":[9.5,1.5,14.5,6.5],"texture":"#texture"},"south":{"uv":[10.25,1.5,15.25,6.5],"texture":"#texture"},"west":{"uv":[10.25,1.5,15.25,6.5],"texture":"#texture"},"up":{"uv":[9.5,1,14.5,6],"texture":"#texture"},"down":{"uv":[10,1.75,15,6.75],"texture":"#texture"}}},{"name":"cube","from":[0.75,12,7],"to":[3.25,13,9],"rotation":{"angle":45,"axis":"z","origin":[0.75,13,7]},"faces":{"north":{"uv":[9.75,1.75,14.75,6.75],"texture":"#texture"},"east":{"uv":[9.5,1.5,14.5,6.5],"texture":"#texture"},"south":{"uv":[10.25,1.5,15.25,6.5],"texture":"#texture"},"west":{"uv":[10.25,1.5,15.25,6.5],"texture":"#texture"},"up":{"uv":[9.5,1,14.5,6],"texture":"#texture"},"down":{"uv":[10,1.75,15,6.75],"texture":"#texture"}}},{"name":"cube","from":[1.75,13,6.75],"to":[3,14,9.25],"rotation":{"angle":45,"axis":"z","origin":[1.75,14,6.75]},"faces":{"north":{"uv":[9.75,1.75,14.75,6.75],"texture":"#texture"},"east":{"uv":[9.5,1.5,14.5,6.5],"texture":"#texture"},"south":{"uv":[10.25,1.5,15.25,6.5],"texture":"#texture"},"west":{"uv":[10.25,1.5,15.25,6.5],"texture":"#texture"},"up":{"uv":[9.5,1,14.5,6],"texture":"#texture"},"down":{"uv":[10,1.75,15,6.75],"texture":"#texture"}}},{"name":"cube","from":[2.4375,12.875,5.6875],"to":[3.1875,14.3125,10.3125],"faces":{"north":{"uv":[9.75,1.75,14.75,6.75],"texture":"#texture"},"east":{"uv":[9.5,1.5,14.5,6.5],"texture":"#texture"},"south":{"uv":[10.25,1.5,15.25,6.5],"texture":"#texture"},"west":{"uv":[10.25,1.5,15.25,6.5],"texture":"#texture"},"up":{"uv":[9.5,1,14.5,6],"texture":"#texture"},"down":{"uv":[10,1.75,15,6.75],"texture":"#texture"}}},{"name":"cube","from":[3.75,16.25,5.4875],"to":[7.75,18.5,5.55],"faces":{"north":{"uv":[0.25,0.25,6.25,6.75],"texture":"#ears","rotation":270},"south":{"uv":[6.75,6.75,12.75,0.25],"texture":"#ears","rotation":270}}},{"name":"cube","from":[6.5,13,5.4875],"to":[9,17,5.55],"rotation":{"angle":22.5,"axis":"z","origin":[6.5,17,5.4875]},"faces":{"north":{"uv":[0.25,6.5,6.25,15.75],"texture":"#ears","rotation":180},"south":{"uv":[6.75,15.75,12.75,6.5],"texture":"#ears"}}},{"name":"cube","from":[7.75,10.75,5.4875],"to":[9.25,14.5,5.55],"rotation":{"angle":-22.5,"axis":"z","origin":[7.75,14.5,5.4875]},"faces":{"north":{"uv":[1,7.25,2.5,11.25],"texture":"#ears","rotation":270},"east":{"uv":[14.25,8.5,15.25,10.75],"texture":"#ears"},"south":{"uv":[8,8.5,9,13.25],"texture":"#ears","rotation":270},"west":{"uv":[13.5,5.25,14.25,8.25],"texture":"#ears"},"up":{"uv":[14,12,14.5,14],"texture":"#ears"},"down":{"uv":[13.5,8.25,14.25,10.25],"texture":"#ears"}}},{"name":"cube","from":[4.0625,14.125,5.495],"to":[6.9375,16.3125,5.5575],"faces":{"north":{"uv":[7.5,7.75,9,11.75],"texture":"#ears","rotation":270},"east":{"uv":[14.25,8.5,15.25,10.75],"texture":"#ears"},"south":{"uv":[8,8.5,9,13.25],"texture":"#ears","rotation":270},"west":{"uv":[13.5,5.25,14.25,8.25],"texture":"#ears"},"up":{"uv":[14,12,14.5,14],"texture":"#ears"},"down":{"uv":[13.5,8.25,14.25,10.25],"texture":"#ears"}}},{"name":"cube","from":[5.6875,13,5.4875],"to":[6.9375,15.75,5.55],"rotation":{"angle":22.5,"axis":"z","origin":[5.6875,15.75,5.4875]},"faces":{"north":{"uv":[7.5,7.75,9,11.75],"texture":"#ears","rotation":270},"east":{"uv":[14.25,8.5,15.25,10.75],"texture":"#ears"},"south":{"uv":[8,8.5,9,13.25],"texture":"#ears","rotation":270},"west":{"uv":[13.5,5.25,14.25,8.25],"texture":"#ears"},"up":{"uv":[14,12,14.5,14],"texture":"#ears"},"down":{"uv":[13.5,8.25,14.25,10.25],"texture":"#ears"}}},{"name":"cube","from":[4.0625,13.5,5.4825],"to":[5.3125,16.25,5.545],"rotation":{"angle":-22.5,"axis":"z","origin":[4.0625,16.25,5.4825]},"faces":{"north":{"uv":[7.5,7.75,9,11.75],"texture":"#ears","rotation":270},"east":{"uv":[14.25,8.5,15.25,10.75],"texture":"#ears"},"south":{"uv":[8,8.5,9,13.25],"texture":"#ears","rotation":270},"west":{"uv":[13.5,5.25,14.25,8.25],"texture":"#ears"},"up":{"uv":[14,12,14.5,14],"texture":"#ears"},"down":{"uv":[13.5,8.25,14.25,10.25],"texture":"#ears"}}},{"name":"cube","from":[3.75,16.25,10.4375],"to":[7.75,18.5,10.5],"faces":{"north":{"uv":[6.75,6.75,12.75,0.25],"texture":"#ears","rotation":270},"south":{"uv":[0.25,0.25,6.25,6.75],"texture":"#ears","rotation":270}}},{"name":"cube","from":[6.5,13,10.4375],"to":[9,17,10.5],"rotation":{"angle":22.5,"axis":"z","origin":[6.5,17,10.4375]},"faces":{"north":{"uv":[6.75,15.75,12.75,6.5],"texture":"#ears","rotation":180},"south":{"uv":[0.25,6.5,6.25,15.75],"texture":"#ears"}}},{"name":"cube","from":[7.75,10.75,10.4375],"to":[9.25,14.5,10.5],"rotation":{"angle":-22.5,"axis":"z","origin":[7.75,14.5,10.4375]},"faces":{"north":{"uv":[7.5,6.75,9,10.75],"texture":"#ears","rotation":270},"east":{"uv":[14.25,8.5,15.25,10.75],"texture":"#ears"},"south":{"uv":[1,4.5,2,9.25],"texture":"#ears","rotation":270},"west":{"uv":[13.5,5.25,14.25,8.25],"texture":"#ears"},"up":{"uv":[14,12,14.5,14],"texture":"#ears"},"down":{"uv":[13.5,8.25,14.25,10.25],"texture":"#ears"}}},{"name":"cube","from":[4.0625,14.125,10.45],"to":[6.9375,16.3125,10.5125],"faces":{"north":{"uv":[7.5,7.75,9,11.75],"texture":"#ears","rotation":270},"east":{"uv":[14.25,8.5,15.25,10.75],"texture":"#ears"},"south":{"uv":[8,8.5,9,13.25],"texture":"#ears","rotation":270},"west":{"uv":[13.5,5.25,14.25,8.25],"texture":"#ears"},"up":{"uv":[14,12,14.5,14],"texture":"#ears"},"down":{"uv":[13.5,8.25,14.25,10.25],"texture":"#ears"}}},{"name":"cube","from":[5.8125,13.0625,10.4475],"to":[7.0625,15.8125,10.51],"rotation":{"angle":22.5,"axis":"z","origin":[5.8125,15.8125,10.4475]},"faces":{"north":{"uv":[7.5,7.75,9,11.75],"texture":"#ears","rotation":270},"east":{"uv":[14.25,8.5,15.25,10.75],"texture":"#ears"},"south":{"uv":[8,8.5,9,13.25],"texture":"#ears","rotation":270},"west":{"uv":[13.5,5.25,14.25,8.25],"texture":"#ears"},"up":{"uv":[14,12,14.5,14],"texture":"#ears"},"down":{"uv":[13.5,8.25,14.25,10.25],"texture":"#ears"}}},{"name":"cube","from":[4.0625,13.5625,10.4475],"to":[5.3125,16.3125,10.51],"rotation":{"angle":-22.5,"axis":"z","origin":[4.0625,16.3125,10.4475]},"faces":{"north":{"uv":[7.5,7.75,9,11.75],"texture":"#ears","rotation":270},"east":{"uv":[14.25,8.5,15.25,10.75],"texture":"#ears"},"south":{"uv":[8,8.5,9,13.25],"texture":"#ears","rotation":270},"west":{"uv":[13.5,5.25,14.25,8.25],"texture":"#ears"},"up":{"uv":[14,12,14.5,14],"texture":"#ears"},"down":{"uv":[13.5,8.25,14.25,10.25],"texture":"#ears"}}},{"name":"cube","from":[4,13.4375,9.5],"to":[4.75,17.4375,10.5],"rotation":{"angle":22.5,"axis":"z","origin":[4,17.4375,9.5]},"faces":{"north":{"uv":[9.75,1.75,14.75,6.75],"texture":"#texture"},"east":{"uv":[9.5,1.5,14.5,6.5],"texture":"#texture"},"south":{"uv":[10.25,1.5,15.25,6.5],"texture":"#texture"},"west":{"uv":[10.25,1.5,15.25,6.5],"texture":"#texture"},"up":{"uv":[9.5,1,14.5,6],"texture":"#texture"},"down":{"uv":[10,1.75,15,6.75],"texture":"#texture"}}},{"name":"cube","from":[3.5,15,9.5],"to":[5,16.75,10.5],"faces":{"north":{"uv":[9.75,1.75,14.75,6.75],"texture":"#texture"},"east":{"uv":[9.5,1.5,14.5,6.5],"texture":"#texture"},"south":{"uv":[10.25,1.5,15.25,6.5],"texture":"#texture"},"west":{"uv":[10.25,1.5,15.25,6.5],"texture":"#texture"},"up":{"uv":[9.5,1,14.5,6],"texture":"#texture"},"down":{"uv":[10,1.75,15,6.75],"texture":"#texture"}}},{"name":"cube","from":[4,13.4375,5.5],"to":[4.75,17.4375,6.5],"rotation":{"angle":22.5,"axis":"z","origin":[4,17.4375,5.5]},"faces":{"north":{"uv":[9.75,1.75,14.75,6.75],"texture":"#texture"},"east":{"uv":[9.5,1.5,14.5,6.5],"texture":"#texture"},"south":{"uv":[10.25,1.5,15.25,6.5],"texture":"#texture"},"west":{"uv":[10.25,1.5,15.25,6.5],"texture":"#texture"},"up":{"uv":[9.5,1,14.5,6],"texture":"#texture"},"down":{"uv":[10,1.75,15,6.75],"texture":"#texture"}}},{"name":"cube","from":[3.5,15,5.5],"to":[5,16.75,6.5],"faces":{"north":{"uv":[9.75,1.75,14.75,6.75],"texture":"#texture"},"east":{"uv":[9.5,1.5,14.5,6.5],"texture":"#texture"},"south":{"uv":[10.25,1.5,15.25,6.5],"texture":"#texture"},"west":{"uv":[10.25,1.5,15.25,6.5],"texture":"#texture"},"up":{"uv":[9.5,1,14.5,6],"texture":"#texture"},"down":{"uv":[10,1.75,15,6.75],"texture":"#texture"}}},{"name":"cube","from":[3.48,10.75,10.9425],"to":[5.73,14.25,11.005],"faces":{"south":{"uv":[7.5,0.25,0.25,13.25],"texture":"#particle"}}},{"name":"cube","from":[2.51,10.75,9.9475],"to":[3.9475,14.25,10.01],"rotation":{"angle":-45,"axis":"y","origin":[2.51,10.75,9.9475]},"faces":{"south":{"uv":[13.25,0.25,7.5,13.25],"texture":"#particle"}}},{"name":"cube","from":[3.48,10.75,4.995],"to":[5.73,14.25,5.0575],"faces":{"north":{"uv":[0.25,0.25,7.5,13.25],"texture":"#particle"}}},{"name":"cube","from":[2.48,10.75,6.01],"to":[3.9175,14.25,6.0725],"rotation":{"angle":45,"axis":"y","origin":[2.48,10.75,6.01]},"faces":{"north":{"uv":[7.5,0.25,13.25,13.25],"texture":"#particle"}}},{"name":"cube","from":[3.75,2.25,5.25],"to":[7.25,7.5,10.75],"faces":{"north":{"uv":[1.25,2,6.25,7],"texture":"#texture"},"east":{"uv":[1.5,1.5,6.5,6.5],"texture":"#texture"},"south":{"uv":[1.5,1.25,6.5,6.25],"texture":"#texture"},"west":{"uv":[1.5,1.25,6.5,6.25],"texture":"#texture"},"up":{"uv":[1.5,1.25,6.5,6.25],"texture":"#texture"},"down":{"uv":[1.25,1.75,6.25,6.75],"texture":"#texture"}}},{"name":"cube","from":[2.75,2.25,6.25],"to":[8.25,7.5,9.75],"faces":{"north":{"uv":[1.25,2,6.25,7],"texture":"#texture"},"east":{"uv":[1.5,1.5,6.5,6.5],"texture":"#texture"},"south":{"uv":[1.5,1.25,6.5,6.25],"texture":"#texture"},"west":{"uv":[1.5,1.25,6.5,6.25],"texture":"#texture"},"up":{"uv":[1.5,1.25,6.5,6.25],"texture":"#texture"},"down":{"uv":[1.25,1.75,6.25,6.75],"texture":"#texture"}}},{"name":"cube","from":[3.75,1.25,6.25],"to":[7.25,1.75,9.75],"faces":{"north":{"uv":[1.25,2,6.25,7],"texture":"#texture"},"east":{"uv":[1.5,1.5,6.5,6.5],"texture":"#texture"},"south":{"uv":[1.5,1.25,6.5,6.25],"texture":"#texture"},"west":{"uv":[1.5,1.25,6.5,6.25],"texture":"#texture"},"up":{"uv":[1.5,1.25,6.5,6.25],"texture":"#texture"},"down":{"uv":[1.25,1.75,6.25,6.75],"texture":"#texture"}}},{"name":"cube","from":[3.25,1.75,6.25],"to":[7.75,8,9.75],"faces":{"north":{"uv":[1.25,2,6.25,7],"texture":"#texture"},"east":{"uv":[1.5,1.5,6.5,6.5],"texture":"#texture"},"south":{"uv":[1.5,1.25,6.5,6.25],"texture":"#texture"},"west":{"uv":[1.5,1.25,6.5,6.25],"texture":"#texture"},"up":{"uv":[1.5,1.25,6.5,6.25],"texture":"#texture"},"down":{"uv":[1.25,1.75,6.25,6.75],"texture":"#texture"}}},{"name":"cube","from":[4.5,7.5,7],"to":[6.5,9.5,9],"faces":{"north":{"uv":[1.25,2,6.25,7],"texture":"#texture"},"east":{"uv":[1.5,1.5,6.5,6.5],"texture":"#texture"},"south":{"uv":[1.5,1.25,6.5,6.25],"texture":"#texture"},"west":{"uv":[1.5,1.25,6.5,6.25],"texture":"#texture"},"up":{"uv":[1.5,1.25,6.5,6.25],"texture":"#texture"},"down":{"uv":[1.25,1.75,6.25,6.75],"texture":"#texture"}}},{"name":"cube","from":[3.25,6.5,7],"to":[5.37,8,9],"rotation":{"angle":45,"axis":"z","origin":[3.25,8,7]},"faces":{"north":{"uv":[1.25,2,6.25,7],"texture":"#texture"},"east":{"uv":[1.5,1.5,6.5,6.5],"texture":"#texture"},"south":{"uv":[1.5,1.25,6.5,6.25],"texture":"#texture"},"west":{"uv":[1.5,1.25,6.5,6.25],"texture":"#texture"},"up":{"uv":[1.5,1.25,6.5,6.25],"texture":"#texture"},"down":{"uv":[1.25,1.75,6.25,6.75],"texture":"#texture"}}},{"name":"cube","from":[6.25,8,7],"to":[8.37,9.5,9],"rotation":{"angle":-45,"axis":"z","origin":[6.25,9.5,7]},"faces":{"north":{"uv":[1.25,2,6.25,7],"texture":"#texture"},"east":{"uv":[1.5,1.5,6.5,6.5],"texture":"#texture"},"south":{"uv":[1.5,1.25,6.5,6.25],"texture":"#texture"},"west":{"uv":[1.5,1.25,6.5,6.25],"texture":"#texture"},"up":{"uv":[1.5,1.25,6.5,6.25],"texture":"#texture"},"down":{"uv":[1.25,1.75,6.25,6.75],"texture":"#texture"}}},{"name":"cube","from":[4.5,6.75,5.75],"to":[6.5,8,7.87],"rotation":{"angle":-45,"axis":"x","origin":[4.5,8,5.75]},"faces":{"north":{"uv":[1.25,2,6.25,7],"texture":"#texture"},"east":{"uv":[1.5,1.5,6.5,6.5],"texture":"#texture"},"south":{"uv":[1.5,1.25,6.5,6.25],"texture":"#texture"},"west":{"uv":[1.5,1.25,6.5,6.25],"texture":"#texture"},"up":{"uv":[1.5,1.25,6.5,6.25],"texture":"#texture"},"down":{"uv":[1.25,1.75,6.25,6.75],"texture":"#texture"}}},{"name":"cube","from":[4.5,8.25,8.75],"to":[6.5,9.5,10.87],"rotation":{"angle":45,"axis":"x","origin":[4.5,9.5,8.75]},"faces":{"north":{"uv":[1.25,2,6.25,7],"texture":"#texture"},"east":{"uv":[1.5,1.5,6.5,6.5],"texture":"#texture"},"south":{"uv":[1.5,1.25,6.5,6.25],"texture":"#texture"},"west":{"uv":[1.5,1.25,6.5,6.25],"texture":"#texture"},"up":{"uv":[1.5,1.25,6.5,6.25],"texture":"#texture"},"down":{"uv":[1.25,1.75,6.25,6.75],"texture":"#texture"}}},{"name":"cube","from":[2.75,2.25,6.25],"to":[4.16,7.5,12.62],"rotation":{"angle":45,"axis":"y","origin":[2.75,2.25,6.25]},"faces":{"north":{"uv":[1.25,2,6.25,7],"texture":"#texture"},"east":{"uv":[1.5,1.5,6.5,6.5],"texture":"#texture"},"south":{"uv":[1.5,1.25,6.5,6.25],"texture":"#texture"},"west":{"uv":[1.5,1.25,6.5,6.25],"texture":"#texture"},"up":{"uv":[1.5,1.25,6.5,6.25],"texture":"#texture"},"down":{"uv":[1.25,1.75,6.25,6.75],"texture":"#texture"}}},{"name":"cube","from":[7.25,2.25,5.25],"to":[8.66,7.5,11.62],"rotation":{"angle":-45,"axis":"y","origin":[7.25,2.25,5.25]},"faces":{"north":{"uv":[1.25,2,6.25,7],"texture":"#texture"},"east":{"uv":[1.5,1.5,6.5,6.5],"texture":"#texture"},"south":{"uv":[1.5,1.25,6.5,6.25],"texture":"#texture"},"west":{"uv":[1.5,1.25,6.5,6.25],"texture":"#texture"},"up":{"uv":[1.5,1.25,6.5,6.25],"texture":"#texture"},"down":{"uv":[1.25,1.75,6.25,6.75],"texture":"#texture"}}},{"name":"cube","from":[3.75,6.75,5.25],"to":[7.25,7.5,5.96],"rotation":{"angle":-45,"axis":"x","origin":[3.75,7.5,5.25]},"faces":{"north":{"uv":[1.25,2,6.25,7],"texture":"#texture"},"east":{"uv":[1.5,1.5,6.5,6.5],"texture":"#texture"},"south":{"uv":[1.5,1.25,6.5,6.25],"texture":"#texture"},"west":{"uv":[1.5,1.25,6.5,6.25],"texture":"#texture"},"up":{"uv":[1.5,1.25,6.5,6.25],"texture":"#texture"},"down":{"uv":[1.25,1.75,6.25,6.75],"texture":"#texture"}}},{"name":"cube","from":[3.75,7.25,10.25],"to":[7.25,8,10.96],"rotation":{"angle":45,"axis":"x","origin":[3.75,8,10.25]},"faces":{"north":{"uv":[1.25,2,6.25,7],"texture":"#texture"},"east":{"uv":[1.5,1.5,6.5,6.5],"texture":"#texture"},"south":{"uv":[1.5,1.25,6.5,6.25],"texture":"#texture"},"west":{"uv":[1.5,1.25,6.5,6.25],"texture":"#texture"},"up":{"uv":[1.5,1.25,6.5,6.25],"texture":"#texture"},"down":{"uv":[1.25,1.75,6.25,6.75],"texture":"#texture"}}},{"name":"cube","from":[2.75,7,6.25],"to":[3.46,7.5,9.75],"rotation":{"angle":45,"axis":"z","origin":[2.75,7.5,6.25]},"faces":{"north":{"uv":[1.25,2,6.25,7],"texture":"#texture"},"east":{"uv":[1.5,1.5,6.5,6.5],"texture":"#texture"},"south":{"uv":[1.5,1.25,6.5,6.25],"texture":"#texture"},"west":{"uv":[1.5,1.25,6.5,6.25],"texture":"#texture"},"up":{"uv":[1.5,1.25,6.5,6.25],"texture":"#texture"},"down":{"uv":[1.25,1.75,6.25,6.75],"texture":"#texture"}}},{"name":"cube","from":[7.75,7.5,6.25],"to":[8.46,8,9.75],"rotation":{"angle":-45,"axis":"z","origin":[7.75,8,6.25]},"faces":{"north":{"uv":[1.25,2,6.25,7],"texture":"#texture"},"east":{"uv":[1.5,1.5,6.5,6.5],"texture":"#texture"},"south":{"uv":[1.5,1.25,6.5,6.25],"texture":"#texture"},"west":{"uv":[1.5,1.25,6.5,6.25],"texture":"#texture"},"up":{"uv":[1.5,1.25,6.5,6.25],"texture":"#texture"},"down":{"uv":[1.25,1.75,6.25,6.75],"texture":"#texture"}}},{"name":"cube","from":[3.75,1.75,5.75],"to":[7.25,8,10.25],"faces":{"north":{"uv":[1.25,2,6.25,7],"texture":"#texture"},"east":{"uv":[1.5,1.5,6.5,6.5],"texture":"#texture"},"south":{"uv":[1.5,1.25,6.5,6.25],"texture":"#texture"},"west":{"uv":[1.5,1.25,6.5,6.25],"texture":"#texture"},"up":{"uv":[1.5,1.25,6.5,6.25],"texture":"#texture"},"down":{"uv":[1.25,1.75,6.25,6.75],"texture":"#texture"}}},{"name":"cube","from":[3.25,1.75,6.25],"to":[3.96,8,11.91],"rotation":{"angle":45,"axis":"y","origin":[3.25,1.75,6.25]},"faces":{"north":{"uv":[1.25,2,6.25,7],"texture":"#texture"},"east":{"uv":[1.5,1.5,6.5,6.5],"texture":"#texture"},"south":{"uv":[1.5,1.25,6.5,6.25],"texture":"#texture"},"west":{"uv":[1.5,1.25,6.5,6.25],"texture":"#texture"},"up":{"uv":[1.5,1.25,6.5,6.25],"texture":"#texture"},"down":{"uv":[1.25,1.75,6.25,6.75],"texture":"#texture"}}},{"name":"cube","from":[7.25,1.75,5.75],"to":[7.96,8,11.41],"rotation":{"angle":-45,"axis":"y","origin":[7.25,1.75,5.75]},"faces":{"north":{"uv":[1.25,2,6.25,7],"texture":"#texture"},"east":{"uv":[1.5,1.5,6.5,6.5],"texture":"#texture"},"south":{"uv":[1.5,1.25,6.5,6.25],"texture":"#texture"},"west":{"uv":[1.5,1.25,6.5,6.25],"texture":"#texture"},"up":{"uv":[1.5,1.25,6.5,6.25],"texture":"#texture"},"down":{"uv":[1.25,1.75,6.25,6.75],"texture":"#texture"}}},{"name":"cube","from":[2.75,0.84,6.25],"to":[3.75,2.25,9.75],"rotation":{"angle":45,"axis":"z","origin":[2.75,2.25,6.25]},"faces":{"north":{"uv":[1.25,2,6.25,7],"texture":"#texture"},"east":{"uv":[1.5,1.5,6.5,6.5],"texture":"#texture"},"south":{"uv":[1.5,1.25,6.5,6.25],"texture":"#texture"},"west":{"uv":[1.5,1.25,6.5,6.25],"texture":"#texture"},"up":{"uv":[1.5,1.25,6.5,6.25],"texture":"#texture"},"down":{"uv":[1.25,1.75,6.25,6.75],"texture":"#texture"}}},{"name":"cube","from":[7.5425,1.5475,6.25],"to":[8.5425,2.9575,9.75],"rotation":{"angle":-45,"axis":"z","origin":[7.5425,2.9575,6.25]},"faces":{"north":{"uv":[1.25,2,6.25,7],"texture":"#texture"},"east":{"uv":[1.5,1.5,6.5,6.5],"texture":"#texture"},"south":{"uv":[1.5,1.25,6.5,6.25],"texture":"#texture"},"west":{"uv":[1.5,1.25,6.5,6.25],"texture":"#texture"},"up":{"uv":[1.5,1.25,6.5,6.25],"texture":"#texture"},"down":{"uv":[1.25,1.75,6.25,6.75],"texture":"#texture"}}},{"name":"cube","from":[3.75,0.84,5.25],"to":[7.25,2.25,6.25],"rotation":{"angle":-45,"axis":"x","origin":[3.75,2.25,5.25]},"faces":{"north":{"uv":[1.25,2,6.25,7],"texture":"#texture"},"east":{"uv":[1.5,1.5,6.5,6.5],"texture":"#texture"},"south":{"uv":[1.5,1.25,6.5,6.25],"texture":"#texture"},"west":{"uv":[1.5,1.25,6.5,6.25],"texture":"#texture"},"up":{"uv":[1.5,1.25,6.5,6.25],"texture":"#texture"},"down":{"uv":[1.25,1.75,6.25,6.75],"texture":"#texture"}}},{"name":"cube","from":[3.75,1.5475,10.0425],"to":[7.25,2.9575,11.0425],"rotation":{"angle":45,"axis":"x","origin":[3.75,2.9575,10.0425]},"faces":{"north":{"uv":[1.25,2,6.25,7],"texture":"#texture"},"east":{"uv":[1.5,1.5,6.5,6.5],"texture":"#texture"},"south":{"uv":[1.5,1.25,6.5,6.25],"texture":"#texture"},"west":{"uv":[1.5,1.25,6.5,6.25],"texture":"#texture"},"up":{"uv":[1.5,1.25,6.5,6.25],"texture":"#texture"},"down":{"uv":[1.25,1.75,6.25,6.75],"texture":"#texture"}}},{"name":"cube","from":[4.5,5.6875,10.75],"to":[6.5,7.4375,14.25],"rotation":{"angle":22.5,"axis":"x","origin":[4.5,7.4375,10.75]},"faces":{"north":{"uv":[1.25,2,6.25,7],"texture":"#texture"},"east":{"uv":[1.5,1.5,6.5,6.5],"texture":"#texture"},"south":{"uv":[1.5,1.25,6.5,6.25],"texture":"#texture"},"west":{"uv":[1.5,1.25,6.5,6.25],"texture":"#texture"},"up":{"uv":[1.5,1.25,6.5,6.25],"texture":"#texture"},"down":{"uv":[1.25,1.75,6.25,6.75],"texture":"#texture"}}},{"name":"cube","from":[4.5,4.5,13.25],"to":[6.5,6.25,16],"faces":{"north":{"uv":[1.25,2,6.25,7],"texture":"#texture"},"east":{"uv":[1.5,1.5,6.5,6.5],"texture":"#texture"},"south":{"uv":[1.5,1.25,6.5,6.25],"texture":"#texture"},"west":{"uv":[1.5,1.25,6.5,6.25],"texture":"#texture"},"up":{"uv":[1.5,1.25,6.5,6.25],"texture":"#texture"},"down":{"uv":[1.25,1.75,6.25,6.75],"texture":"#texture"}}},{"name":"cube","from":[4.5,4.5,0],"to":[6.5,6.25,2.75],"faces":{"north":{"uv":[1.25,2,6.25,7],"texture":"#texture"},"east":{"uv":[1.5,1.5,6.5,6.5],"texture":"#texture"},"south":{"uv":[1.5,1.25,6.5,6.25],"texture":"#texture"},"west":{"uv":[1.5,1.25,6.5,6.25],"texture":"#texture"},"up":{"uv":[1.5,1.25,6.5,6.25],"texture":"#texture"},"down":{"uv":[1.25,1.75,6.25,6.75],"texture":"#texture"}}},{"name":"cube","from":[4.5,4.375,2.0625],"to":[6.5,6.125,5.5625],"rotation":{"angle":-22.5,"axis":"x","origin":[4.5,6.125,2.0625]},"faces":{"north":{"uv":[1.25,2,6.25,7],"texture":"#texture"},"east":{"uv":[1.5,1.5,6.5,6.5],"texture":"#texture"},"south":{"uv":[1.5,1.25,6.5,6.25],"texture":"#texture"},"west":{"uv":[1.5,1.25,6.5,6.25],"texture":"#texture"},"up":{"uv":[1.5,1.25,6.5,6.25],"texture":"#texture"},"down":{"uv":[1.25,1.75,6.25,6.75],"texture":"#texture"}}},{"name":"cube","from":[4.25,0.5,8.5],"to":[6.75,3.5,11.5],"faces":{"north":{"uv":[1.25,2,6.25,7],"texture":"#texture"},"east":{"uv":[1.5,1.5,6.5,6.5],"texture":"#texture"},"south":{"uv":[1.5,1.25,6.5,6.25],"texture":"#texture"},"west":{"uv":[1.5,1.25,6.5,6.25],"texture":"#texture"},"up":{"uv":[1.5,1.25,6.5,6.25],"texture":"#texture"},"down":{"uv":[1.25,1.75,6.25,6.75],"texture":"#texture"}}},{"name":"cube","from":[4.5,3.5,8.5],"to":[6.5,3.75,11.5],"faces":{"north":{"uv":[1.25,2,6.25,7],"texture":"#texture"},"east":{"uv":[1.5,1.5,6.5,6.5],"texture":"#texture"},"south":{"uv":[1.5,1.25,6.5,6.25],"texture":"#texture"},"west":{"uv":[1.5,1.25,6.5,6.25],"texture":"#texture"},"up":{"uv":[1.5,1.25,6.5,6.25],"texture":"#texture"},"down":{"uv":[1.25,1.75,6.25,6.75],"texture":"#texture"}}},{"name":"cube","from":[4.25,3,8.5],"to":[4.6,3.5,11.5],"rotation":{"angle":45,"axis":"z","origin":[4.25,3.5,8.5]},"faces":{"north":{"uv":[1.25,2,6.25,7],"texture":"#texture"},"east":{"uv":[1.5,1.5,6.5,6.5],"texture":"#texture"},"south":{"uv":[1.5,1.25,6.5,6.25],"texture":"#texture"},"west":{"uv":[1.5,1.25,6.5,6.25],"texture":"#texture"},"up":{"uv":[1.5,1.25,6.5,6.25],"texture":"#texture"},"down":{"uv":[1.25,1.75,6.25,6.75],"texture":"#texture"}}},{"name":"cube","from":[6.5,3.25,8.5],"to":[6.85,3.75,11.5],"rotation":{"angle":-45,"axis":"z","origin":[6.5,3.75,8.5]},"faces":{"north":{"uv":[1.25,2,6.25,7],"texture":"#texture"},"east":{"uv":[1.5,1.5,6.5,6.5],"texture":"#texture"},"south":{"uv":[1.5,1.25,6.5,6.25],"texture":"#texture"},"west":{"uv":[1.5,1.25,6.5,6.25],"texture":"#texture"},"up":{"uv":[1.5,1.25,6.5,6.25],"texture":"#texture"},"down":{"uv":[1.25,1.75,6.25,6.75],"texture":"#texture"}}},{"name":"cube","from":[4.25,-0.5,9.25],"to":[6.25,1,11.25],"rotation":{"angle":22.5,"axis":"z","origin":[4.25,1,9.25]},"faces":{"north":{"uv":[1.25,2,6.25,7],"texture":"#texture"},"east":{"uv":[1.5,1.5,6.5,6.5],"texture":"#texture"},"south":{"uv":[1.5,1.25,6.5,6.25],"texture":"#texture"},"west":{"uv":[1.5,1.25,6.5,6.25],"texture":"#texture"},"up":{"uv":[1.5,1.25,6.5,6.25],"texture":"#texture"},"down":{"uv":[1.25,1.75,6.25,6.75],"texture":"#texture"}}},{"name":"cube","from":[5,-2.25,9.5],"to":[6.5,0.75,11],"faces":{"north":{"uv":[1.25,2,6.25,7],"texture":"#texture"},"east":{"uv":[1.5,1.5,6.5,6.5],"texture":"#texture"},"south":{"uv":[1.5,1.25,6.5,6.25],"texture":"#texture"},"west":{"uv":[1.5,1.25,6.5,6.25],"texture":"#texture"},"up":{"uv":[1.5,1.25,6.5,6.25],"texture":"#texture"},"down":{"uv":[1.25,1.75,6.25,6.75],"texture":"#texture"}}},{"name":"cube","from":[4.25,-2.5,9.5],"to":[6.25,-1.75,11],"rotation":{"angle":22.5,"axis":"z","origin":[4.25,-1.75,9.5]},"faces":{"north":{"uv":[1.25,2,6.25,7],"texture":"#texture"},"east":{"uv":[1.5,1.5,6.5,6.5],"texture":"#texture"},"south":{"uv":[1.5,1.25,6.5,6.25],"texture":"#texture"},"west":{"uv":[1.5,1.25,6.5,6.25],"texture":"#texture"},"up":{"uv":[1.5,1.25,6.5,6.25],"texture":"#texture"},"down":{"uv":[1.25,1.75,6.25,6.75],"texture":"#texture"}}},{"name":"cube","from":[4.25,-2.5,9.5],"to":[5,-1.75,11],"faces":{"north":{"uv":[1.25,2,6.25,7],"texture":"#texture"},"east":{"uv":[1.5,1.5,6.5,6.5],"texture":"#texture"},"south":{"uv":[1.5,1.25,6.5,6.25],"texture":"#texture"},"west":{"uv":[1.5,1.25,6.5,6.25],"texture":"#texture"},"up":{"uv":[1.5,1.25,6.5,6.25],"texture":"#texture"},"down":{"uv":[1.25,1.75,6.25,6.75],"texture":"#texture"}}},{"name":"cube","from":[4.25,0.5,4.5],"to":[6.75,3.5,7.5],"faces":{"north":{"uv":[1.25,2,6.25,7],"texture":"#texture"},"east":{"uv":[1.5,1.5,6.5,6.5],"texture":"#texture"},"south":{"uv":[1.5,1.25,6.5,6.25],"texture":"#texture"},"west":{"uv":[1.5,1.25,6.5,6.25],"texture":"#texture"},"up":{"uv":[1.5,1.25,6.5,6.25],"texture":"#texture"},"down":{"uv":[1.25,1.75,6.25,6.75],"texture":"#texture"}}},{"name":"cube","from":[4.5,3.5,4.5],"to":[6.5,3.75,7.5],"faces":{"north":{"uv":[1.25,2,6.25,7],"texture":"#texture"},"east":{"uv":[1.5,1.5,6.5,6.5],"texture":"#texture"},"south":{"uv":[1.5,1.25,6.5,6.25],"texture":"#texture"},"west":{"uv":[1.5,1.25,6.5,6.25],"texture":"#texture"},"up":{"uv":[1.5,1.25,6.5,6.25],"texture":"#texture"},"down":{"uv":[1.25,1.75,6.25,6.75],"texture":"#texture"}}},{"name":"cube","from":[4.25,3,4.5],"to":[4.6,3.5,7.5],"rotation":{"angle":45,"axis":"z","origin":[4.25,3.5,4.5]},"faces":{"north":{"uv":[1.25,2,6.25,7],"texture":"#texture"},"east":{"uv":[1.5,1.5,6.5,6.5],"texture":"#texture"},"south":{"uv":[1.5,1.25,6.5,6.25],"texture":"#texture"},"west":{"uv":[1.5,1.25,6.5,6.25],"texture":"#texture"},"up":{"uv":[1.5,1.25,6.5,6.25],"texture":"#texture"},"down":{"uv":[1.25,1.75,6.25,6.75],"texture":"#texture"}}},{"name":"cube","from":[6.5,3.25,4.5],"to":[6.85,3.75,7.5],"rotation":{"angle":-45,"axis":"z","origin":[6.5,3.75,4.5]},"faces":{"north":{"uv":[1.25,2,6.25,7],"texture":"#texture"},"east":{"uv":[1.5,1.5,6.5,6.5],"texture":"#texture"},"south":{"uv":[1.5,1.25,6.5,6.25],"texture":"#texture"},"west":{"uv":[1.5,1.25,6.5,6.25],"texture":"#texture"},"up":{"uv":[1.5,1.25,6.5,6.25],"texture":"#texture"},"down":{"uv":[1.25,1.75,6.25,6.75],"texture":"#texture"}}},{"name":"cube","from":[4.25,-0.5,4.75],"to":[6.25,1,6.75],"rotation":{"angle":22.5,"axis":"z","origin":[4.25,1,4.75]},"faces":{"north":{"uv":[1.25,2,6.25,7],"texture":"#texture"},"east":{"uv":[1.5,1.5,6.5,6.5],"texture":"#texture"},"south":{"uv":[1.5,1.25,6.5,6.25],"texture":"#texture"},"west":{"uv":[1.5,1.25,6.5,6.25],"texture":"#texture"},"up":{"uv":[1.5,1.25,6.5,6.25],"texture":"#texture"},"down":{"uv":[1.25,1.75,6.25,6.75],"texture":"#texture"}}},{"name":"cube","from":[5,-2.25,5],"to":[6.5,0.75,6.5],"faces":{"north":{"uv":[1.25,2,6.25,7],"texture":"#texture"},"east":{"uv":[1.5,1.5,6.5,6.5],"texture":"#texture"},"south":{"uv":[1.5,1.25,6.5,6.25],"texture":"#texture"},"west":{"uv":[1.5,1.25,6.5,6.25],"texture":"#texture"},"up":{"uv":[1.5,1.25,6.5,6.25],"texture":"#texture"},"down":{"uv":[1.25,1.75,6.25,6.75],"texture":"#texture"}}},{"name":"cube","from":[4.25,-2.5,5],"to":[6.25,-1.75,6.5],"rotation":{"angle":22.5,"axis":"z","origin":[4.25,-1.75,5]},"faces":{"north":{"uv":[1.25,2,6.25,7],"texture":"#texture"},"east":{"uv":[1.5,1.5,6.5,6.5],"texture":"#texture"},"south":{"uv":[1.5,1.25,6.5,6.25],"texture":"#texture"},"west":{"uv":[1.5,1.25,6.5,6.25],"texture":"#texture"},"up":{"uv":[1.5,1.25,6.5,6.25],"texture":"#texture"},"down":{"uv":[1.25,1.75,6.25,6.75],"texture":"#texture"}}},{"name":"cube","from":[4.25,-2.5,5],"to":[5,-1.75,6.5],"faces":{"north":{"uv":[1.25,2,6.25,7],"texture":"#texture"},"east":{"uv":[1.5,1.5,6.5,6.5],"texture":"#texture"},"south":{"uv":[1.5,1.25,6.5,6.25],"texture":"#texture"},"west":{"uv":[1.5,1.25,6.5,6.25],"texture":"#texture"},"up":{"uv":[1.5,1.25,6.5,6.25],"texture":"#texture"},"down":{"uv":[1.25,1.75,6.25,6.75],"texture":"#texture"}}},{"name":"cube","from":[4.25,0.905,8.0625],"to":[6.75,3.155,9.5625],"rotation":{"angle":45,"axis":"x","origin":[4.25,3.155,8.0625]},"faces":{"north":{"uv":[1.25,2,6.25,7],"texture":"#texture"},"east":{"uv":[1.5,1.5,6.5,6.5],"texture":"#texture"},"south":{"uv":[1.5,1.25,6.5,6.25],"texture":"#texture"},"west":{"uv":[1.5,1.25,6.5,6.25],"texture":"#texture"},"up":{"uv":[1.5,1.25,6.5,6.25],"texture":"#texture"},"down":{"uv":[1.25,1.75,6.25,6.75],"texture":"#texture"}}},{"name":"cube","from":[4.25,-0.1575,6.9375],"to":[6.75,2.0925,8.4375],"rotation":{"angle":-45,"axis":"x","origin":[4.25,2.0925,6.9375]},"faces":{"north":{"uv":[1.25,2,6.25,7],"texture":"#texture"},"east":{"uv":[1.5,1.5,6.5,6.5],"texture":"#texture"},"south":{"uv":[1.5,1.25,6.5,6.25],"texture":"#texture"},"west":{"uv":[1.5,1.25,6.5,6.25],"texture":"#texture"},"up":{"uv":[1.5,1.25,6.5,6.25],"texture":"#texture"},"down":{"uv":[1.25,1.75,6.25,6.75],"texture":"#texture"}}},{"name":"cube","from":[7.25,0.75,7],"to":[11,4.75,9],"rotation":{"angle":-22.5,"axis":"z","origin":[7.25,4.75,7]},"faces":{"north":{"uv":[1.25,2,6.25,7],"texture":"#texture"},"east":{"uv":[1.5,1.5,6.5,6.5],"texture":"#texture"},"south":{"uv":[1.5,1.25,6.5,6.25],"texture":"#texture"},"west":{"uv":[1.5,1.25,6.5,6.25],"texture":"#texture"},"up":{"uv":[1.5,1.25,6.5,6.25],"texture":"#texture"},"down":{"uv":[1.25,1.75,6.25,6.75],"texture":"#texture"}}},{"name":"cube","from":[9.25,0,7],"to":[13.75,2.75,9],"faces":{"north":{"uv":[1.25,2,6.25,7],"texture":"#texture"},"east":{"uv":[1.5,1.5,6.5,6.5],"texture":"#texture"},"south":{"uv":[1.5,1.25,6.5,6.25],"texture":"#texture"},"west":{"uv":[1.5,1.25,6.5,6.25],"texture":"#texture"},"up":{"uv":[1.5,1.25,6.5,6.25],"texture":"#texture"},"down":{"uv":[1.25,1.75,6.25,6.75],"texture":"#texture"}}},{"name":"cube","from":[12.75,0,7],"to":[16.75,2,9],"rotation":{"angle":22.5,"axis":"z","origin":[12.75,2,7]},"faces":{"north":{"uv":[1.25,2,6.25,7],"texture":"#texture"},"east":{"uv":[1.5,1.5,6.5,6.5],"texture":"#texture"},"south":{"uv":[1.5,1.25,6.5,6.25],"texture":"#texture"},"west":{"uv":[1.5,1.25,6.5,6.25],"texture":"#texture"},"up":{"uv":[1.5,1.25,6.5,6.25],"texture":"#texture"},"down":{"uv":[1.25,1.75,6.25,6.75],"texture":"#texture"}}},{"name":"cube","from":[16.75,2.125,7],"to":[18.75,5.875,9],"rotation":{"angle":-22.5,"axis":"z","origin":[16.75,5.875,7]},"faces":{"north":{"uv":[1.25,2,6.25,7],"texture":"#texture"},"east":{"uv":[1.5,1.5,6.5,6.5],"texture":"#texture"},"south":{"uv":[1.5,1.25,6.5,6.25],"texture":"#texture"},"west":{"uv":[1.5,1.25,6.5,6.25],"texture":"#texture"},"up":{"uv":[1.5,1.25,6.5,6.25],"texture":"#texture"},"down":{"uv":[1.25,1.75,6.25,6.75],"texture":"#texture"}}},{"name":"cube","from":[15.75,4.25,7.25],"to":[17.25,8,8.75],"rotation":{"angle":22.5,"axis":"z","origin":[15.75,8,7.25]},"faces":{"north":{"uv":[1.25,2,6.25,7],"texture":"#texture"},"east":{"uv":[1.5,1.5,6.5,6.5],"texture":"#texture"},"south":{"uv":[1.5,1.25,6.5,6.25],"texture":"#texture"},"west":{"uv":[1.5,1.25,6.5,6.25],"texture":"#texture"},"up":{"uv":[1.5,1.25,6.5,6.25],"texture":"#texture"},"down":{"uv":[1.25,1.75,6.25,6.75],"texture":"#texture"}}},{"name":"cube","from":[13.9375,8.625,7.25],"to":[17.4375,9.875,8.75],"rotation":{"angle":-22.5,"axis":"z","origin":[13.9375,9.875,7.25]},"faces":{"north":{"uv":[1.25,2,6.25,7],"texture":"#texture"},"east":{"uv":[1.5,1.5,6.5,6.5],"texture":"#texture"},"south":{"uv":[1.5,1.25,6.5,6.25],"texture":"#texture"},"west":{"uv":[1.5,1.25,6.5,6.25],"texture":"#texture"},"up":{"uv":[1.5,1.25,6.5,6.25],"texture":"#texture"},"down":{"uv":[1.25,1.75,6.25,6.75],"texture":"#texture"}}},{"name":"cube","from":[11.9375,7.75,7.25],"to":[14.1875,9,8.75],"rotation":{"angle":22.5,"axis":"z","origin":[11.9375,9,7.25]},"faces":{"north":{"uv":[1.25,2,6.25,7],"texture":"#texture"},"east":{"uv":[1.5,1.5,6.5,6.5],"texture":"#texture"},"south":{"uv":[1.5,1.25,6.5,6.25],"texture":"#texture"},"west":{"uv":[1.5,1.25,6.5,6.25],"texture":"#texture"},"up":{"uv":[1.5,1.25,6.5,6.25],"texture":"#texture"},"down":{"uv":[1.25,1.75,6.25,6.75],"texture":"#texture"}}},{"name":"cube","from":[11.9375,7,7.25],"to":[12.9375,9,8.75],"rotation":{"angle":-22.5,"axis":"z","origin":[11.9375,9,7.25]},"faces":{"north":{"uv":[1.25,2,6.25,7],"texture":"#texture"},"east":{"uv":[1.5,1.5,6.5,6.5],"texture":"#texture"},"south":{"uv":[1.5,1.25,6.5,6.25],"texture":"#texture"},"west":{"uv":[1.5,1.25,6.5,6.25],"texture":"#texture"},"up":{"uv":[1.5,1.25,6.5,6.25],"texture":"#texture"},"down":{"uv":[1.25,1.75,6.25,6.75],"texture":"#texture"}}},{"name":"cube","from":[11.25,5.25,7.5],"to":[12.25,7.25,8.5],"rotation":{"angle":22.5,"axis":"z","origin":[11.25,7.25,7.5]},"faces":{"north":{"uv":[1.25,2,6.25,7],"texture":"#texture"},"east":{"uv":[1.5,1.5,6.5,6.5],"texture":"#texture"},"south":{"uv":[1.5,1.25,6.5,6.25],"texture":"#texture"},"west":{"uv":[1.5,1.25,6.5,6.25],"texture":"#texture"},"up":{"uv":[1.5,1.25,6.5,6.25],"texture":"#texture"},"down":{"uv":[1.25,1.75,6.25,6.75],"texture":"#texture"}}},{"name":"cube","from":[12.4375,5.3125,7.5],"to":[14.1875,6.3125,8.5],"rotation":{"angle":-22.5,"axis":"z","origin":[12.4375,6.3125,7.5]},"faces":{"north":{"uv":[1.25,2,6.25,7],"texture":"#texture"},"east":{"uv":[1.5,1.5,6.5,6.5],"texture":"#texture"},"south":{"uv":[1.5,1.25,6.5,6.25],"texture":"#texture"},"west":{"uv":[1.5,1.25,6.5,6.25],"texture":"#texture"},"up":{"uv":[1.5,1.25,6.5,6.25],"texture":"#texture"},"down":{"uv":[1.25,1.75,6.25,6.75],"texture":"#texture"}}},{"name":"cube","from":[13.4375,4.6875,7.5],"to":[14.9375,5.4375,8.5],"rotation":{"angle":22.5,"axis":"z","origin":[13.4375,5.4375,7.5]},"faces":{"north":{"uv":[1.25,2,6.25,7],"texture":"#texture"},"east":{"uv":[1.5,1.5,6.5,6.5],"texture":"#texture"},"south":{"uv":[1.5,1.25,6.5,6.25],"texture":"#texture"},"west":{"uv":[1.5,1.25,6.5,6.25],"texture":"#texture"},"up":{"uv":[1.5,1.25,6.5,6.25],"texture":"#texture"},"down":{"uv":[1.25,1.75,6.25,6.75],"texture":"#texture"}}},{"name":"cube","from":[14.875,5.4375,7.5],"to":[15.625,6.6875,8.5],"rotation":{"angle":-22.5,"axis":"z","origin":[14.875,6.6875,7.5]},"faces":{"north":{"uv":[1.25,2,6.25,7],"texture":"#texture"},"east":{"uv":[1.5,1.5,6.5,6.5],"texture":"#texture"},"south":{"uv":[1.5,1.25,6.5,6.25],"texture":"#texture"},"west":{"uv":[1.5,1.25,6.5,6.25],"texture":"#texture"},"up":{"uv":[1.5,1.25,6.5,6.25],"texture":"#texture"},"down":{"uv":[1.25,1.75,6.25,6.75],"texture":"#texture"}}},{"name":"cube","from":[14.5625,6.125,7.5],"to":[15.125,7.375,8.5],"rotation":{"angle":22.5,"axis":"z","origin":[14.5625,7.375,7.5]},"faces":{"north":{"uv":[1.25,2,6.25,7],"texture":"#texture"},"east":{"uv":[1.5,1.5,6.5,6.5],"texture":"#texture"},"south":{"uv":[1.5,1.25,6.5,6.25],"texture":"#texture"},"west":{"uv":[1.5,1.25,6.5,6.25],"texture":"#texture"},"up":{"uv":[1.5,1.25,6.5,6.25],"texture":"#texture"},"down":{"uv":[1.25,1.75,6.25,6.75],"texture":"#texture"}}},{"name":"cube","from":[13.9375,7.3125,7.5],"to":[15.1875,8.0625,8.5],"rotation":{"angle":-22.5,"axis":"z","origin":[13.9375,8.0625,7.5]},"faces":{"north":{"uv":[1.25,2,6.25,7],"texture":"#texture"},"east":{"uv":[1.5,1.5,6.5,6.5],"texture":"#texture"},"south":{"uv":[1.5,1.25,6.5,6.25],"texture":"#texture"},"west":{"uv":[1.5,1.25,6.5,6.25],"texture":"#texture"},"up":{"uv":[1.5,1.25,6.5,6.25],"texture":"#texture"},"down":{"uv":[1.25,1.75,6.25,6.75],"texture":"#texture"}}},{"name":"cube","from":[13.125,6.25,7.75],"to":[14.125,7.25,8.25],"rotation":{"angle":45,"axis":"z","origin":[13.125,7.25,7.75]},"faces":{"north":{"uv":[1.25,2,6.25,7],"texture":"#texture"},"east":{"uv":[1.5,1.5,6.5,6.5],"texture":"#texture"},"south":{"uv":[1.5,1.25,6.5,6.25],"texture":"#texture"},"west":{"uv":[1.5,1.25,6.5,6.25],"texture":"#texture"},"up":{"uv":[1.5,1.25,6.5,6.25],"texture":"#texture"},"down":{"uv":[1.25,1.75,6.25,6.75],"texture":"#texture"}}},{"name":"cube","from":[13.125,6.25,7.75],"to":[14.625,7.25,8.25],"rotation":{"angle":22.5,"axis":"z","origin":[13.125,7.25,7.75]},"faces":{"north":{"uv":[1.25,2,6.25,7],"texture":"#texture"},"east":{"uv":[1.5,1.5,6.5,6.5],"texture":"#texture"},"south":{"uv":[1.5,1.25,6.5,6.25],"texture":"#texture"},"west":{"uv":[1.5,1.25,6.5,6.25],"texture":"#texture"},"up":{"uv":[1.5,1.25,6.5,6.25],"texture":"#texture"},"down":{"uv":[1.25,1.75,6.25,6.75],"texture":"#texture"}}},{"name":"cube","from":[5,-2.5,9.5],"to":[6.5,-2.25,11],"faces":{"north":{"uv":[9.75,1.75,14.75,6.75],"texture":"#texture"},"east":{"uv":[9.5,1.5,14.5,6.5],"texture":"#texture"},"south":{"uv":[10.25,1.5,15.25,6.5],"texture":"#texture"},"west":{"uv":[10.25,1.5,15.25,6.5],"texture":"#texture"},"up":{"uv":[9.5,1,14.5,6],"texture":"#texture"},"down":{"uv":[10,1.75,15,6.75],"texture":"#texture"}}},{"name":"cube","from":[5,-2.5,5],"to":[6.5,-2.25,6.5],"faces":{"north":{"uv":[9.75,1.75,14.75,6.75],"texture":"#texture"},"east":{"uv":[9.5,1.5,14.5,6.5],"texture":"#texture"},"south":{"uv":[10.25,1.5,15.25,6.5],"texture":"#texture"},"west":{"uv":[10.25,1.5,15.25,6.5],"texture":"#texture"},"up":{"uv":[9.5,1,14.5,6],"texture":"#texture"},"down":{"uv":[10,1.75,15,6.75],"texture":"#texture"}}},{"name":"cube","from":[4.25,-2.75,9.5],"to":[6.25,-2.5,11],"faces":{"north":{"uv":[9.75,1.75,14.75,6.75],"texture":"#texture"},"east":{"uv":[9.5,1.5,14.5,6.5],"texture":"#texture"},"south":{"uv":[10.25,1.5,15.25,6.5],"texture":"#texture"},"west":{"uv":[10.25,1.5,15.25,6.5],"texture":"#texture"},"up":{"uv":[9.5,1,14.5,6],"texture":"#texture"},"down":{"uv":[10,1.75,15,6.75],"texture":"#texture"}}},{"name":"cube","from":[4.25,-2.75,5],"to":[6.25,-2.5,6.5],"faces":{"north":{"uv":[9.75,1.75,14.75,6.75],"texture":"#texture"},"east":{"uv":[9.5,1.5,14.5,6.5],"texture":"#texture"},"south":{"uv":[10.25,1.5,15.25,6.5],"texture":"#texture"},"west":{"uv":[10.25,1.5,15.25,6.5],"texture":"#texture"},"up":{"uv":[9.5,1,14.5,6],"texture":"#texture"},"down":{"uv":[10,1.75,15,6.75],"texture":"#texture"}}},{"name":"cube","from":[6.075,-2.8225,9.5],"to":[6.425,-2.5725,11],"rotation":{"angle":45,"axis":"z","origin":[6.075,-2.5725,9.5]},"faces":{"north":{"uv":[9.75,1.75,14.75,6.75],"texture":"#texture"},"east":{"uv":[9.5,1.5,14.5,6.5],"texture":"#texture"},"south":{"uv":[10.25,1.5,15.25,6.5],"texture":"#texture"},"west":{"uv":[10.25,1.5,15.25,6.5],"texture":"#texture"},"up":{"uv":[9.5,1,14.5,6],"texture":"#texture"},"down":{"uv":[10,1.75,15,6.75],"texture":"#texture"}}},{"name":"cube","from":[6.075,-2.8225,5],"to":[6.425,-2.5725,6.5],"rotation":{"angle":45,"axis":"z","origin":[6.075,-2.5725,5]},"faces":{"north":{"uv":[9.75,1.75,14.75,6.75],"texture":"#texture"},"east":{"uv":[9.5,1.5,14.5,6.5],"texture":"#texture"},"south":{"uv":[10.25,1.5,15.25,6.5],"texture":"#texture"},"west":{"uv":[10.25,1.5,15.25,6.5],"texture":"#texture"},"up":{"uv":[9.5,1,14.5,6],"texture":"#texture"},"down":{"uv":[10,1.75,15,6.75],"texture":"#texture"}}},{"name":"cube","from":[3,-2.7625,5],"to":[5,-2.7,6.5],"faces":{"up":{"uv":[0.5,2,14,11.5],"texture":"#foot","rotation":180},"down":{"uv":[0.5,2,14,11.5],"texture":"#foot","rotation":180}}},{"name":"cube","from":[3,-2.7625,9.5],"to":[5,-2.7,11],"faces":{"up":{"uv":[0.5,2,14,11.5],"texture":"#foot","rotation":180},"down":{"uv":[0.5,2,14,11.5],"texture":"#foot","rotation":180}}},{"name":"cube","from":[4.75,5,16.5],"to":[6.25,5.75,17.25],"faces":{"north":{"uv":[9.75,1.75,14.75,6.75],"texture":"#texture"},"east":{"uv":[9.5,1.5,14.5,6.5],"texture":"#texture"},"south":{"uv":[10.25,1.5,15.25,6.5],"texture":"#texture"},"west":{"uv":[10.25,1.5,15.25,6.5],"texture":"#texture"},"up":{"uv":[9.5,1,14.5,6],"texture":"#texture"},"down":{"uv":[10,1.75,15,6.75],"texture":"#texture"}}},{"name":"cube","from":[4.5,5.5,16],"to":[6.5,6.25,17.3125],"rotation":{"angle":22.5,"axis":"x","origin":[4.5,6.25,16]},"faces":{"north":{"uv":[1.25,2,6.25,7],"texture":"#texture"},"east":{"uv":[1.5,1.5,6.5,6.5],"texture":"#texture"},"south":{"uv":[1.5,1.25,6.5,6.25],"texture":"#texture"},"west":{"uv":[1.5,1.25,6.5,6.25],"texture":"#texture"},"up":{"uv":[1.5,1.25,6.5,6.25],"texture":"#texture"},"down":{"uv":[1.25,1.75,6.25,6.75],"texture":"#texture"}}},{"name":"cube","from":[4.5,4.4375,15.6875],"to":[6.5,5.1875,17.0625],"rotation":{"angle":-22.5,"axis":"x","origin":[4.5,5.1875,15.6875]},"faces":{"north":{"uv":[1.25,2,6.25,7],"texture":"#texture"},"east":{"uv":[1.5,1.5,6.5,6.5],"texture":"#texture"},"south":{"uv":[1.5,1.25,6.5,6.25],"texture":"#texture"},"west":{"uv":[1.5,1.25,6.5,6.25],"texture":"#texture"},"up":{"uv":[1.5,1.25,6.5,6.25],"texture":"#texture"},"down":{"uv":[1.25,1.75,6.25,6.75],"texture":"#texture"}}},{"name":"cube","from":[4.5,5,16],"to":[6.5,5.75,16.75],"faces":{"north":{"uv":[1.25,2,6.25,7],"texture":"#texture"},"east":{"uv":[1.5,1.5,6.5,6.5],"texture":"#texture"},"south":{"uv":[1.5,1.25,6.5,6.25],"texture":"#texture"},"west":{"uv":[1.5,1.25,6.5,6.25],"texture":"#texture"},"up":{"uv":[1.5,1.25,6.5,6.25],"texture":"#texture"},"down":{"uv":[1.25,1.75,6.25,6.75],"texture":"#texture"}}},{"name":"cube","from":[4.75,5,-1.25],"to":[6.25,5.75,-0.5],"faces":{"north":{"uv":[9.75,1.75,14.75,6.75],"texture":"#texture"},"east":{"uv":[9.5,1.5,14.5,6.5],"texture":"#texture"},"south":{"uv":[10.25,1.5,15.25,6.5],"texture":"#texture"},"west":{"uv":[10.25,1.5,15.25,6.5],"texture":"#texture"},"up":{"uv":[9.5,1,14.5,6],"texture":"#texture"},"down":{"uv":[10,1.75,15,6.75],"texture":"#texture"}}},{"name":"cube","from":[4.5,4.9575,-0.9575],"to":[6.5,5.7075,0.4175],"rotation":{"angle":22.5,"axis":"x","origin":[4.5,5.7075,-0.9575]},"faces":{"north":{"uv":[1.25,2,6.25,7],"texture":"#texture"},"east":{"uv":[1.5,1.5,6.5,6.5],"texture":"#texture"},"south":{"uv":[1.5,1.25,6.5,6.25],"texture":"#texture"},"west":{"uv":[1.5,1.25,6.5,6.25],"texture":"#texture"},"up":{"uv":[1.5,1.25,6.5,6.25],"texture":"#texture"},"down":{"uv":[1.25,1.75,6.25,6.75],"texture":"#texture"}}},{"name":"cube","from":[4.5,5,-0.75],"to":[6.5,5.75,0],"faces":{"north":{"uv":[1.25,2,6.25,7],"texture":"#texture"},"east":{"uv":[1.5,1.5,6.5,6.5],"texture":"#texture"},"south":{"uv":[1.5,1.25,6.5,6.25],"texture":"#texture"},"west":{"uv":[1.5,1.25,6.5,6.25],"texture":"#texture"},"up":{"uv":[1.5,1.25,6.5,6.25],"texture":"#texture"},"down":{"uv":[1.25,1.75,6.25,6.75],"texture":"#texture"}}},{"name":"cube","from":[4.5,4.98,-1.27],"to":[6.5,5.73,0.105],"rotation":{"angle":-22.5,"axis":"x","origin":[4.5,5.73,-1.27]},"faces":{"north":{"uv":[1.25,2,6.25,7],"texture":"#texture"},"east":{"uv":[1.5,1.5,6.5,6.5],"texture":"#texture"},"south":{"uv":[1.5,1.25,6.5,6.25],"texture":"#texture"},"west":{"uv":[1.5,1.25,6.5,6.25],"texture":"#texture"},"up":{"uv":[1.5,1.25,6.5,6.25],"texture":"#texture"},"down":{"uv":[1.25,1.75,6.25,6.75],"texture":"#texture"}}},{"name":"cube","from":[4.75,5.0625,16.9375],"to":[6.25,5.125,18.6875],"rotation":{"angle":-22.5,"axis":"x","origin":[4.75,5.125,16.9375]},"faces":{"up":{"uv":[0.5,1,14.5,12.5],"texture":"#hand","rotation":90},"down":{"uv":[0.5,1,14.5,12.5],"texture":"#hand","rotation":270}}},{"name":"cube","from":[4.75,5.625,-2.4375],"to":[6.25,5.6875,-0.6875],"rotation":{"angle":22.5,"axis":"x","origin":[4.75,5.6875,-2.4375]},"faces":{"up":{"uv":[0.5,1,14.5,12.5],"texture":"#hand","rotation":270},"down":{"uv":[0.5,1,14.5,12.5],"texture":"#hand","rotation":90}}},{"name":"cube","from":[7.949999999999999,5.95,9],"to":[9.8,8.15,9.0625],"rotation":{"angle":-45,"axis":"y","origin":[7.949999999999999,3.65,9]},"faces":{"north":{"uv":[0.25,0.5,12.25,13.75],"texture":"#back","rotation":180},"south":{"uv":[0.25,0.5,12.25,13.75],"texture":"#back"}}},{"name":"cube","from":[7.949999999999999,5.95,7],"to":[9.8,8.15,7.0625],"rotation":{"angle":45,"axis":"y","origin":[7.949999999999999,3.65,7]},"faces":{"north":{"uv":[0.25,0.5,12.25,13.75],"texture":"#back","rotation":180},"south":{"uv":[0.25,0.5,12.25,13.75],"texture":"#back"}}},{"name":"cube","from":[2.745,4,6.25],"to":[2.8075,5.75,8],"faces":{"west":{"uv":[3.25,0.25,13,10.25],"texture":"#belly"}}},{"name":"cube","from":[2.745,4,8],"to":[2.8075,5.75,9.75],"faces":{"west":{"uv":[3.25,0.25,13,10.25],"texture":"#belly"}}},{"name":"cube","from":[2.74,4,9.75],"to":[2.8025,5.75,11.1875],"rotation":{"angle":45,"axis":"y","origin":[2.74,4,9.75]},"faces":{"west":{"uv":[3.25,0.25,13,10.25],"texture":"#belly"}}},{"name":"cube","from":[8.1925,4,8],"to":[8.255,5.75,9.75],"faces":{"east":{"uv":[3.25,0.25,13,10.25],"texture":"#belly"}}},{"name":"cube","from":[8.1925,4,6.25],"to":[8.255,5.75,8],"faces":{"east":{"uv":[3.25,0.25,13,10.25],"texture":"#belly"}}},{"name":"cube","from":[3.745,4,5.25],"to":[3.8075,5.75,6.6875],"rotation":{"angle":-45,"axis":"y","origin":[3.745,4,5.25]},"faces":{"west":{"uv":[3.25,0.25,13,10.25],"texture":"#belly"}}},{"name":"cube","from":[7.1975,4,5.28],"to":[7.26,5.75,6.7175],"rotation":{"angle":45,"axis":"y","origin":[7.1975,4,5.28]},"faces":{"east":{"uv":[3.25,0.25,13,10.25],"texture":"#belly"}}},{"name":"cube","from":[2.75,4,9.75],"to":[2.8125,5.75,11.1875],"rotation":{"angle":45,"axis":"y","origin":[2.75,4,9.75]},"faces":{"north":{"uv":[8.25,11.75,10.25,13.5],"texture":"#belly"},"east":{"uv":[3.25,0.25,13,10.25],"texture":"#belly"},"south":{"uv":[7.25,11,10,12.75],"texture":"#belly"},"west":{"uv":[3.25,0.25,13,10.25],"texture":"#belly"},"up":{"uv":[9,9.75,10.75,12.5],"texture":"#belly"},"down":{"uv":[7.75,10.25,10.25,11.25],"texture":"#belly"}}},{"name":"cube","from":[8.2275,4,9.7075],"to":[8.29,5.75,11.145],"rotation":{"angle":-45,"axis":"y","origin":[8.2275,4,9.7075]},"faces":{"east":{"uv":[3.25,0.25,13,10.25],"texture":"#belly"}}},{"name":"cube","from":[3.75,4,10.6925],"to":[5.5,5.75,10.755],"faces":{"south":{"uv":[3.25,0.25,13,10.25],"texture":"#belly"}}},{"name":"cube","from":[5.5,4,10.6925],"to":[7.25,5.75,10.755],"faces":{"south":{"uv":[3.25,0.25,13,10.25],"texture":"#belly"}}},{"name":"cube","from":[3.75,4,5.245],"to":[5.5,5.75,5.745],"faces":{"north":{"uv":[3.25,0.25,13,10.25],"texture":"#belly"}}},{"name":"cube","from":[5.5,4,5.245],"to":[7.25,5.75,5.745],"faces":{"north":{"uv":[3.25,0.25,13,10.25],"texture":"#belly"}}}],"display":{"head":{"rotation":[0,-90,0],"translation":[0,-19.3,0],"scale":[2,2,2]},"gui":{"rotation":[30,50,0],"translation":[0.5,1,0],"scale":[0.7,0.7,0.7]},"thirdperson_righthand":{"scale":[0,0,0]},"thirdperson_lefthand":{"scale":[0,0,0]},"firstperson_righthand":{"scale":[0,0,0]},"firstperson_lefthand":{"scale":[0,0,0]}}}