{"credit":"Made by MadstonMagic using Cubik Pro, Copyright © MadstonMagic Modeling 2015-2017. All rights reserved","textures":{"texture":"pokemon_skins/regular/shuppet/skirt","texture2":"pokemon_skins/regular/shuppet/skirt_inside","particle":"pokemon_skins/regular/shuppet/eye"},"elements":[{"name":"cube","from":[7,11,7.75],"to":[9,16.5,8.3125],"rotation":{"angle":22.5,"axis":"x","origin":[7,16.5,7.75]},"faces":{"north":{"uv":[5,3,9,6.5],"texture":"#texture"},"east":{"uv":[5,2.5,9,5],"texture":"#texture"},"south":{"uv":[5.5,1.5,9.5,4.5],"texture":"#texture"},"west":{"uv":[6.5,1,11,4],"texture":"#texture"},"up":{"uv":[6.5,2.5,10.5,5.5],"texture":"#texture"},"down":{"uv":[5.5,3,10,6],"texture":"#texture"}}},{"name":"cube","from":[5.5,7.5,5.5],"to":[10.5,12.5,10.5],"faces":{"north":{"uv":[5,3,9,6.5],"texture":"#texture"},"east":{"uv":[5,2.5,9,5],"texture":"#texture"},"south":{"uv":[5.5,1.5,9.5,4.5],"texture":"#texture"},"west":{"uv":[6.5,1,11,4],"texture":"#texture"},"up":{"uv":[6.5,2.5,10.5,5.5],"texture":"#texture"},"down":{"uv":[5.5,3,10,6],"texture":"#texture"}}},{"name":"cube","from":[5.5,8.5,4.5],"to":[10.5,11.5,11.5],"faces":{"north":{"uv":[5,3,9,6.5],"texture":"#texture"},"east":{"uv":[5,2.5,9,5],"texture":"#texture"},"south":{"uv":[5.5,1.5,9.5,4.5],"texture":"#texture"},"west":{"uv":[6.5,1,11,4],"texture":"#texture"},"up":{"uv":[6.5,2.5,10.5,5.5],"texture":"#texture"},"down":{"uv":[5.5,3,10,6],"texture":"#texture"}}},{"name":"cube","from":[4.5,8.5,5.5],"to":[11.5,11.5,10.5],"faces":{"north":{"uv":[5,3,9,6.5],"texture":"#texture"},"east":{"uv":[5,2.5,9,5],"texture":"#texture"},"south":{"uv":[5.5,1.5,9.5,4.5],"texture":"#texture"},"west":{"uv":[6.5,1,11,4],"texture":"#texture"},"up":{"uv":[6.5,2.5,10.5,5.5],"texture":"#texture"},"down":{"uv":[5.5,3,10,6],"texture":"#texture"}}},{"name":"cube","from":[4.5,8.5,5.5],"to":[5.91,11.5,13.99],"rotation":{"angle":45,"axis":"y","origin":[4.5,8.5,5.5]},"faces":{"north":{"uv":[5,3,9,6.5],"texture":"#texture"},"east":{"uv":[5,2.5,9,5],"texture":"#texture"},"south":{"uv":[5.5,1.5,9.5,4.5],"texture":"#texture"},"west":{"uv":[6.5,1,11,4],"texture":"#texture"},"up":{"uv":[6.5,2.5,10.5,5.5],"texture":"#texture"},"down":{"uv":[5.5,3,10,6],"texture":"#texture"}}},{"name":"cube","from":[10.5,8.5,4.5],"to":[11.91,11.5,12.99],"rotation":{"angle":-45,"axis":"y","origin":[10.5,8.5,4.5]},"faces":{"north":{"uv":[5,3,9,6.5],"texture":"#texture"},"east":{"uv":[5,2.5,9,5],"texture":"#texture"},"south":{"uv":[5.5,1.5,9.5,4.5],"texture":"#texture"},"west":{"uv":[6.5,1,11,4],"texture":"#texture"},"up":{"uv":[6.5,2.5,10.5,5.5],"texture":"#texture"},"down":{"uv":[5.5,3,10,6],"texture":"#texture"}}},{"name":"cube","from":[4.5,10.5,5.5],"to":[5.91,11.5,10.5],"rotation":{"angle":45,"axis":"z","origin":[4.5,11.5,5.5]},"faces":{"north":{"uv":[5,3,9,6.5],"texture":"#texture"},"east":{"uv":[5,2.5,9,5],"texture":"#texture"},"south":{"uv":[5.5,1.5,9.5,4.5],"texture":"#texture"},"west":{"uv":[6.5,1,11,4],"texture":"#texture"},"up":{"uv":[6.5,2.5,10.5,5.5],"texture":"#texture"},"down":{"uv":[5.5,3,10,6],"texture":"#texture"}}},{"name":"cube","from":[10.5,11.5,5.5],"to":[11.91,12.5,10.5],"rotation":{"angle":-45,"axis":"z","origin":[10.5,12.5,5.5]},"faces":{"north":{"uv":[5,3,9,6.5],"texture":"#texture"},"east":{"uv":[5,2.5,9,5],"texture":"#texture"},"south":{"uv":[5.5,1.5,9.5,4.5],"texture":"#texture"},"west":{"uv":[6.5,1,11,4],"texture":"#texture"},"up":{"uv":[6.5,2.5,10.5,5.5],"texture":"#texture"},"down":{"uv":[5.5,3,10,6],"texture":"#texture"}}},{"name":"cube","from":[5.5,10.5,4.5],"to":[10.5,11.5,5.91],"rotation":{"angle":-45,"axis":"x","origin":[5.5,11.5,4.5]},"faces":{"north":{"uv":[5,3,9,6.5],"texture":"#texture"},"east":{"uv":[5,2.5,9,5],"texture":"#texture"},"south":{"uv":[5.5,1.5,9.5,4.5],"texture":"#texture"},"west":{"uv":[6.5,1,11,4],"texture":"#texture"},"up":{"uv":[6.5,2.5,10.5,5.5],"texture":"#texture"},"down":{"uv":[5.5,3,10,6],"texture":"#texture"}}},{"name":"cube","from":[5.5,11.5,10.5],"to":[10.5,12.5,11.91],"rotation":{"angle":45,"axis":"x","origin":[5.5,12.5,10.5]},"faces":{"north":{"uv":[5,3,9,6.5],"texture":"#texture"},"east":{"uv":[5,2.5,9,5],"texture":"#texture"},"south":{"uv":[5.5,1.5,9.5,4.5],"texture":"#texture"},"west":{"uv":[6.5,1,11,4],"texture":"#texture"},"up":{"uv":[6.5,2.5,10.5,5.5],"texture":"#texture"},"down":{"uv":[5.5,3,10,6],"texture":"#texture"}}},{"name":"cube","from":[5.5,7.2075,9.7925],"to":[10.5,8.2075,11.2025],"rotation":{"angle":-45,"axis":"x","origin":[5.5,8.2075,9.7925]},"faces":{"north":{"uv":[5,3,9,6.5],"texture":"#texture"},"east":{"uv":[5,2.5,9,5],"texture":"#texture"},"south":{"uv":[5.5,1.5,9.5,4.5],"texture":"#texture"},"west":{"uv":[6.5,1,11,4],"texture":"#texture"},"up":{"uv":[6.5,2.5,10.5,5.5],"texture":"#texture"},"down":{"uv":[5.5,3,10,6],"texture":"#texture"}}},{"name":"cube","from":[5.5,8.2075,5.2075],"to":[10.5,9.2075,6.6175],"rotation":{"angle":45,"axis":"x","origin":[5.5,9.2075,5.2075]},"faces":{"north":{"uv":[5,3,9,6.5],"texture":"#texture"},"east":{"uv":[5,2.5,9,5],"texture":"#texture"},"south":{"uv":[5.5,1.5,9.5,4.5],"texture":"#texture"},"west":{"uv":[6.5,1,11,4],"texture":"#texture"},"up":{"uv":[6.5,2.5,10.5,5.5],"texture":"#texture"},"down":{"uv":[5.5,3,10,6],"texture":"#texture"}}},{"name":"cube","from":[5.2075,8.2075,5.5],"to":[6.6175,9.2075,10.5],"rotation":{"angle":-45,"axis":"z","origin":[5.2075,9.2075,5.5]},"faces":{"north":{"uv":[5,3,9,6.5],"texture":"#texture"},"east":{"uv":[5,2.5,9,5],"texture":"#texture"},"south":{"uv":[5.5,1.5,9.5,4.5],"texture":"#texture"},"west":{"uv":[6.5,1,11,4],"texture":"#texture"},"up":{"uv":[6.5,2.5,10.5,5.5],"texture":"#texture"},"down":{"uv":[5.5,3,10,6],"texture":"#texture"}}},{"name":"cube","from":[9.7925,7.2075,5.5],"to":[11.2025,8.2075,10.5],"rotation":{"angle":45,"axis":"z","origin":[9.7925,8.2075,5.5]},"faces":{"north":{"uv":[5,3,9,6.5],"texture":"#texture"},"east":{"uv":[5,2.5,9,5],"texture":"#texture"},"south":{"uv":[5.5,1.5,9.5,4.5],"texture":"#texture"},"west":{"uv":[6.5,1,11,4],"texture":"#texture"},"up":{"uv":[6.5,2.5,10.5,5.5],"texture":"#texture"},"down":{"uv":[5.5,3,10,6],"texture":"#texture"}}},{"name":"cube","from":[7,10.8125,7.75],"to":[9,16.3125,8.25],"rotation":{"angle":-22.5,"axis":"x","origin":[7,16.3125,7.75]},"faces":{"north":{"uv":[5,3,9,6.5],"texture":"#texture"},"east":{"uv":[5,2.5,9,5],"texture":"#texture"},"south":{"uv":[5.5,1.5,9.5,4.5],"texture":"#texture"},"west":{"uv":[6.5,1,11,4],"texture":"#texture"},"up":{"uv":[6.5,2.5,10.5,5.5],"texture":"#texture"},"down":{"uv":[5.5,3,10,6],"texture":"#texture"}}},{"name":"cube","from":[7,16.395,8],"to":[9,16.7075,8.3125],"rotation":{"angle":45,"axis":"x","origin":[7,16.7075,8]},"faces":{"north":{"uv":[5,3,9,6.5],"texture":"#texture"},"east":{"uv":[5,2.5,9,5],"texture":"#texture"},"south":{"uv":[5.5,1.5,9.5,4.5],"texture":"#texture"},"west":{"uv":[6.5,1,11,4],"texture":"#texture"},"up":{"uv":[6.5,2.5,10.5,5.5],"texture":"#texture"},"down":{"uv":[5.5,3,10,6],"texture":"#texture"}}},{"name":"cube","from":[7,11.8125,7.1875],"to":[9,13.8125,9.75],"rotation":{"angle":22.5,"axis":"x","origin":[7,13.8125,7.1875]},"faces":{"north":{"uv":[5,3,9,6.5],"texture":"#texture"},"east":{"uv":[5,2.5,9,5],"texture":"#texture"},"south":{"uv":[5.5,1.5,9.5,4.5],"texture":"#texture"},"west":{"uv":[6.5,1,11,4],"texture":"#texture"},"up":{"uv":[6.5,2.5,10.5,5.5],"texture":"#texture"},"down":{"uv":[5.5,3,10,6],"texture":"#texture"}}},{"name":"cube","from":[7,13.25,7.625],"to":[9,15.25,9.0625],"rotation":{"angle":22.5,"axis":"x","origin":[7,15.25,7.625]},"faces":{"north":{"uv":[5,3,9,6.5],"texture":"#texture"},"east":{"uv":[5,2.5,9,5],"texture":"#texture"},"south":{"uv":[5.5,1.5,9.5,4.5],"texture":"#texture"},"west":{"uv":[6.5,1,11,4],"texture":"#texture"},"up":{"uv":[6.5,2.5,10.5,5.5],"texture":"#texture"},"down":{"uv":[5.5,3,10,6],"texture":"#texture"}}},{"name":"cube","from":[7,12.5,7.4375],"to":[9,15.5,8.4375],"rotation":{"angle":-22.5,"axis":"x","origin":[7,15.5,7.4375]},"faces":{"north":{"uv":[5,3,9,6.5],"texture":"#texture"},"east":{"uv":[5,2.5,9,5],"texture":"#texture"},"south":{"uv":[5.5,1.5,9.5,4.5],"texture":"#texture"},"west":{"uv":[6.5,1,11,4],"texture":"#texture"},"up":{"uv":[6.5,2.5,10.5,5.5],"texture":"#texture"},"down":{"uv":[5.5,3,10,6],"texture":"#texture"}}},{"name":"cube","from":[4.495,9.25,5.5],"to":[4.5575,11.25,7.5],"faces":{"west":{"uv":[8,1,0.5,9],"texture":"#particle"}}},{"name":"cube","from":[4.495,9.25,8.5],"to":[4.5575,11.25,10.5],"faces":{"west":{"uv":[0.5,1,8,9],"texture":"#particle"}}},{"name":"cube","from":[5.495,9.25,4.5],"to":[5.5575,11.25,5.9375],"rotation":{"angle":-45,"axis":"y","origin":[5.495,9.25,4.5]},"faces":{"west":{"uv":[12.5,1,8,9],"texture":"#particle"}}},{"name":"cube","from":[4.49,9.25,10.5],"to":[4.5525,11.25,11.9375],"rotation":{"angle":45,"axis":"y","origin":[4.49,9.25,10.5]},"faces":{"west":{"uv":[8,1,12.5,9],"texture":"#particle"}}},{"name":"cube","from":[5.49,9.25,11.4425],"to":[6.24,11.25,11.505],"faces":{"south":{"uv":[12.5,1,15.5,8.75],"texture":"#particle"}}},{"name":"cube","from":[5.49,9.25,4.495],"to":[6.24,11.25,4.5575],"faces":{"north":{"uv":[15.5,1,12.5,9],"texture":"#particle"}}},{"name":"cube","from":[4.495,8.75,7.25],"to":[4.5575,9.5,8.75],"faces":{"west":{"uv":[0.5,12.5,9.5,15.5],"texture":"#particle"}}},{"name":"cube","from":[7,4,7],"to":[9,7.5,9],"faces":{"north":{"uv":[5,3,9,6.5],"texture":"#texture"},"east":{"uv":[5,2.5,9,5],"texture":"#texture"},"south":{"uv":[5.5,1.5,9.5,4.5],"texture":"#texture"},"west":{"uv":[6.5,1,11,4],"texture":"#texture"},"up":{"uv":[6.5,2.5,10.5,5.5],"texture":"#texture"},"down":{"uv":[5.5,3,10,6],"texture":"#texture"}}},{"name":"cube","from":[7.75,3.75,7],"to":[9.5,7,9],"rotation":{"angle":22.5,"axis":"z","origin":[7.75,7,7]},"faces":{"north":{"uv":[5,3,9,6.5],"texture":"#texture"},"east":{"uv":[5,2.5,9,5],"texture":"#texture"},"south":{"uv":[5.5,1.5,9.5,4.5],"texture":"#texture"},"west":{"uv":[6.5,1,11,4],"texture":"#texture"},"up":{"uv":[6.5,2.5,10.5,5.5],"texture":"#texture"},"down":{"uv":[5.5,3,10,6],"texture":"#texture"}}},{"name":"cube","from":[6.625,4.4375,7],"to":[8.375,7.6875,9],"rotation":{"angle":-22.5,"axis":"z","origin":[6.625,7.6875,7]},"faces":{"north":{"uv":[5,3,9,6.5],"texture":"#texture"},"east":{"uv":[5,2.5,9,5],"texture":"#texture"},"south":{"uv":[5.5,1.5,9.5,4.5],"texture":"#texture"},"west":{"uv":[6.5,1,11,4],"texture":"#texture"},"up":{"uv":[6.5,2.5,10.5,5.5],"texture":"#texture"},"down":{"uv":[5.5,3,10,6],"texture":"#texture"}}},{"name":"cube","from":[7,4.4375,6.625],"to":[9,7.6875,8.375],"rotation":{"angle":22.5,"axis":"x","origin":[7,7.6875,6.625]},"faces":{"north":{"uv":[5,3,9,6.5],"texture":"#texture"},"east":{"uv":[5,2.5,9,5],"texture":"#texture"},"south":{"uv":[5.5,1.5,9.5,4.5],"texture":"#texture"},"west":{"uv":[6.5,1,11,4],"texture":"#texture"},"up":{"uv":[6.5,2.5,10.5,5.5],"texture":"#texture"},"down":{"uv":[5.5,3,10,6],"texture":"#texture"}}},{"name":"cube","from":[7,3.75,7.75],"to":[9,7,9.5],"rotation":{"angle":-22.5,"axis":"x","origin":[7,7,7.75]},"faces":{"north":{"uv":[5,3,9,6.5],"texture":"#texture"},"east":{"uv":[5,2.5,9,5],"texture":"#texture"},"south":{"uv":[5.5,1.5,9.5,4.5],"texture":"#texture"},"west":{"uv":[6.5,1,11,4],"texture":"#texture"},"up":{"uv":[6.5,2.5,10.5,5.5],"texture":"#texture"},"down":{"uv":[5.5,3,10,6],"texture":"#texture"}}},{"name":"cube","from":[1,2.9375,4],"to":[8,3,12],"rotation":{"angle":22.5,"axis":"z","origin":[1,3,4]},"faces":{"up":{"uv":[0.5,0.25,15.75,12.25],"texture":"#texture","rotation":90},"down":{"uv":[15.75,0.25,0.5,12.25],"texture":"#texture2","rotation":90}}},{"name":"cube","from":[8.625,5.625,4],"to":[15.625,5.6875,12],"rotation":{"angle":-22.5,"axis":"z","origin":[8.625,5.6875,4]},"faces":{"up":{"uv":[0.5,0.25,15.75,12.25],"texture":"#texture","rotation":270},"down":{"uv":[15.75,0.25,0.5,12.25],"texture":"#texture2","rotation":270}}},{"name":"cube","from":[4,2.9375,1],"to":[12,3,8],"rotation":{"angle":-22.5,"axis":"x","origin":[4,3,1]},"faces":{"up":{"uv":[0.5,0.25,15.75,12.25],"texture":"#texture","rotation":180},"down":{"uv":[15.75,0.25,0.5,12.25],"texture":"#texture2"}}},{"name":"cube","from":[4,5.5625,8.625],"to":[12,5.625,15.625],"rotation":{"angle":22.5,"axis":"x","origin":[4,5.625,8.625]},"faces":{"up":{"uv":[0.5,0.25,15.75,12.25],"texture":"#texture"},"down":{"uv":[15.75,0.25,0.5,12.25],"texture":"#texture2","rotation":180}}}],"display":{"head":{"rotation":[0,-90,0],"translation":[0,-24,0],"scale":[2,2,2]},"gui":{"rotation":[30,40,0]},"thirdperson_righthand":{"scale":[0,0,0]},"thirdperson_lefthand":{"scale":[0,0,0]},"firstperson_righthand":{"scale":[0,0,0]},"firstperson_lefthand":{"scale":[0,0,0]}}}