{"credit":"Made by MadstonMagic using Cubik Pro, Copyright © MadstonMagic Modeling 2015-2017. All rights reserved","textures":{"texture":"pokemon_skins/regular/wynaut/wynaut","skirt":"pokemon_skins/regular/wynaut/skirt","particle":"pokemon_skins/regular/wynaut/eye"},"elements":[{"name":"cube","from":[2.5,4.94118,6.5],"to":[5.5,9.44118,9.5],"rotation":{"angle":45,"axis":"z","origin":[2.5,9.44118,6.5]},"faces":{"north":{"uv":[1,1.5,3.5,4],"texture":"#texture"},"east":{"uv":[1.5,1,4.5,4.5],"texture":"#texture"},"south":{"uv":[2,1,5,4],"texture":"#texture"},"west":{"uv":[2.5,1.5,5.5,4],"texture":"#texture"},"up":{"uv":[2,2,5,5.5],"texture":"#texture"},"down":{"uv":[2,1.5,5,4.5],"texture":"#texture"}}},{"name":"cube","from":[5.5,1.5,5.5],"to":[10.5,8.5,10.5],"faces":{"north":{"uv":[1,1.5,3.5,4],"texture":"#texture"},"east":{"uv":[1.5,1,4.5,4.5],"texture":"#texture"},"south":{"uv":[2,1,5,4],"texture":"#texture"},"west":{"uv":[2.5,1.5,5.5,4],"texture":"#texture"},"up":{"uv":[2,2,5,5.5],"texture":"#texture"},"down":{"uv":[2,1.5,5,4.5],"texture":"#texture"}}},{"name":"cube","from":[5.5,2.5,4.5],"to":[10.5,7.5,11.5],"faces":{"north":{"uv":[1,1.5,3.5,4],"texture":"#texture"},"east":{"uv":[1.5,1,4.5,4.5],"texture":"#texture"},"south":{"uv":[2,1,5,4],"texture":"#texture"},"west":{"uv":[2.5,1.5,5.5,4],"texture":"#texture"},"up":{"uv":[2,2,5,5.5],"texture":"#texture"},"down":{"uv":[2,1.5,5,4.5],"texture":"#texture"}}},{"name":"cube","from":[4.5,2.5,5.5],"to":[11.5,7.5,10.5],"faces":{"north":{"uv":[1,1.5,3.5,4],"texture":"#texture"},"east":{"uv":[1.5,1,4.5,4.5],"texture":"#texture"},"south":{"uv":[2,1,5,4],"texture":"#texture"},"west":{"uv":[2.5,1.5,5.5,4],"texture":"#texture"},"up":{"uv":[2,2,5,5.5],"texture":"#texture"},"down":{"uv":[2,1.5,5,4.5],"texture":"#texture"}}},{"name":"cube","from":[4.5,-0.997019,5.5],"to":[5.91,7.50298,10.5],"rotation":{"angle":45,"axis":"z","origin":[4.5,7.50298,5.5]},"faces":{"north":{"uv":[1,1.5,3.5,4],"texture":"#texture"},"east":{"uv":[1.5,1,4.5,4.5],"texture":"#texture"},"south":{"uv":[2,1,5,4],"texture":"#texture"},"west":{"uv":[2.5,1.5,5.5,4],"texture":"#texture"},"up":{"uv":[2,2,5,5.5],"texture":"#texture"},"down":{"uv":[2,1.5,5,4.5],"texture":"#texture"}}},{"name":"cube","from":[10.5,0,5.5],"to":[11.91,8.5,10.5],"rotation":{"angle":-45,"axis":"z","origin":[10.5,8.5,5.5]},"faces":{"north":{"uv":[1,1.5,3.5,4],"texture":"#texture"},"east":{"uv":[1.5,1,4.5,4.5],"texture":"#texture"},"south":{"uv":[2,1,5,4],"texture":"#texture"},"west":{"uv":[2.5,1.5,5.5,4],"texture":"#texture"},"up":{"uv":[2,2,5,5.5],"texture":"#texture"},"down":{"uv":[2,1.5,5,4.5],"texture":"#texture"}}},{"name":"cube","from":[4.5,2.5,5.5],"to":[5.91,7.5,14],"rotation":{"angle":45,"axis":"y","origin":[4.5,2.5,5.5]},"faces":{"north":{"uv":[1,1.5,3.5,4],"texture":"#texture"},"east":{"uv":[1.5,1,4.5,4.5],"texture":"#texture"},"south":{"uv":[2,1,5,4],"texture":"#texture"},"west":{"uv":[2.5,1.5,5.5,4],"texture":"#texture"},"up":{"uv":[2,2,5,5.5],"texture":"#texture"},"down":{"uv":[2,1.5,5,4.5],"texture":"#texture"}}},{"name":"cube","from":[10.5,2.5,4.5],"to":[11.91,7.5,13],"rotation":{"angle":-45,"axis":"y","origin":[10.5,2.5,4.5]},"faces":{"north":{"uv":[1,1.5,3.5,4],"texture":"#texture"},"east":{"uv":[1.5,1,4.5,4.5],"texture":"#texture"},"south":{"uv":[2,1,5,4],"texture":"#texture"},"west":{"uv":[2.5,1.5,5.5,4],"texture":"#texture"},"up":{"uv":[2,2,5,5.5],"texture":"#texture"},"down":{"uv":[2,1.5,5,4.5],"texture":"#texture"}}},{"name":"cube","from":[5.5,-1,4.5],"to":[10.5,7.5,5.91],"rotation":{"angle":-45,"axis":"x","origin":[5.5,7.5,4.5]},"faces":{"north":{"uv":[1,1.5,3.5,4],"texture":"#texture"},"east":{"uv":[1.5,1,4.5,4.5],"texture":"#texture"},"south":{"uv":[2,1,5,4],"texture":"#texture"},"west":{"uv":[2.5,1.5,5.5,4],"texture":"#texture"},"up":{"uv":[2,2,5,5.5],"texture":"#texture"},"down":{"uv":[2,1.5,5,4.5],"texture":"#texture"}}},{"name":"cube","from":[5.5,0,10.5],"to":[10.5,8.5,11.91],"rotation":{"angle":45,"axis":"x","origin":[5.5,8.5,10.5]},"faces":{"north":{"uv":[1,1.5,3.5,4],"texture":"#texture"},"east":{"uv":[1.5,1,4.5,4.5],"texture":"#texture"},"south":{"uv":[2,1,5,4],"texture":"#texture"},"west":{"uv":[2.5,1.5,5.5,4],"texture":"#texture"},"up":{"uv":[2,2,5,5.5],"texture":"#texture"},"down":{"uv":[2,1.5,5,4.5],"texture":"#texture"}}},{"name":"cube","from":[2.5,9.5,6.5],"to":[4,11,9.5],"faces":{"north":{"uv":[1,1.5,3.5,4],"texture":"#texture"},"east":{"uv":[1.5,1,4.5,4.5],"texture":"#texture"},"south":{"uv":[2,1,5,4],"texture":"#texture"},"west":{"uv":[2.5,1.5,5.5,4],"texture":"#texture"},"up":{"uv":[2,2,5,5.5],"texture":"#texture"},"down":{"uv":[2,1.5,5,4.5],"texture":"#texture"}}},{"name":"cube","from":[3.125,10.625,6.5],"to":[4.625,11.625,9.5],"faces":{"north":{"uv":[1,1.5,3.5,4],"texture":"#texture"},"east":{"uv":[1.5,1,4.5,4.5],"texture":"#texture"},"south":{"uv":[2,1,5,4],"texture":"#texture"},"west":{"uv":[2.5,1.5,5.5,4],"texture":"#texture"},"up":{"uv":[2,2,5,5.5],"texture":"#texture"},"down":{"uv":[2,1.5,5,4.5],"texture":"#texture"}}},{"name":"cube","from":[2.5,10,6.5],"to":[3.37,11,9.5],"rotation":{"angle":45,"axis":"z","origin":[2.5,11,6.5]},"faces":{"north":{"uv":[1,1.5,3.5,4],"texture":"#texture"},"east":{"uv":[1.5,1,4.5,4.5],"texture":"#texture"},"south":{"uv":[2,1,5,4],"texture":"#texture"},"west":{"uv":[2.5,1.5,5.5,4],"texture":"#texture"},"up":{"uv":[2,2,5,5.5],"texture":"#texture"},"down":{"uv":[2,1.5,5,4.5],"texture":"#texture"}}},{"name":"cube","from":[6.5,0.5,4.5],"to":[9.5,7.5,5],"rotation":{"angle":22.5,"axis":"x","origin":[6.5,7.5,4.5]},"faces":{"north":{"uv":[1,1.5,3.5,4],"texture":"#texture"},"east":{"uv":[1.5,1,4.5,4.5],"texture":"#texture"},"south":{"uv":[2,1,5,4],"texture":"#texture"},"west":{"uv":[2.5,1.5,5.5,4],"texture":"#texture"},"up":{"uv":[2,2,5,5.5],"texture":"#texture"},"down":{"uv":[2,1.5,5,4.5],"texture":"#texture"}}},{"name":"cube","from":[6.5,0.3125,11.0625],"to":[9.5,7.3125,11.5625],"rotation":{"angle":-22.5,"axis":"x","origin":[6.5,7.3125,11.0625]},"faces":{"north":{"uv":[1,1.5,3.5,4],"texture":"#texture"},"east":{"uv":[1.5,1,4.5,4.5],"texture":"#texture"},"south":{"uv":[2,1,5,4],"texture":"#texture"},"west":{"uv":[2.5,1.5,5.5,4],"texture":"#texture"},"up":{"uv":[2,2,5,5.5],"texture":"#texture"},"down":{"uv":[2,1.5,5,4.5],"texture":"#texture"}}},{"name":"cube","from":[6.5,-0.3125,-1.3125],"to":[9.5,4.1875,-0.8125],"rotation":{"angle":-45,"axis":"x","origin":[6.5,4.1875,-1.3125]},"faces":{"north":{"uv":[1,1.5,3.5,4],"texture":"#texture"},"east":{"uv":[1.5,1,4.5,4.5],"texture":"#texture"},"south":{"uv":[2,1,5,4],"texture":"#texture"},"west":{"uv":[2.5,1.5,5.5,4],"texture":"#texture"},"up":{"uv":[2,2,5,5.5],"texture":"#texture"},"down":{"uv":[2,1.5,5,4.5],"texture":"#texture"}}},{"name":"cube","from":[6.5,0.0625,17],"to":[9.5,4.5625,17.5],"rotation":{"angle":45,"axis":"x","origin":[6.5,4.5625,17]},"faces":{"north":{"uv":[1,1.5,3.5,4],"texture":"#texture"},"east":{"uv":[1.5,1,4.5,4.5],"texture":"#texture"},"south":{"uv":[2,1,5,4],"texture":"#texture"},"west":{"uv":[2.5,1.5,5.5,4],"texture":"#texture"},"up":{"uv":[2,2,5,5.5],"texture":"#texture"},"down":{"uv":[2,1.5,5,4.5],"texture":"#texture"}}},{"name":"cube","from":[6.5,-4,5],"to":[9.5,-2,11],"faces":{"north":{"uv":[1,1.5,3.5,4],"texture":"#texture"},"east":{"uv":[1.5,1,4.5,4.5],"texture":"#texture"},"south":{"uv":[2,1,5,4],"texture":"#texture"},"west":{"uv":[2.5,1.5,5.5,4],"texture":"#texture"},"up":{"uv":[2,2,5,5.5],"texture":"#texture"},"down":{"uv":[2,1.5,5,4.5],"texture":"#texture"}}},{"name":"cube","from":[5,-4,6.5],"to":[11,-2,9.5],"faces":{"north":{"uv":[1,1.5,3.5,4],"texture":"#texture"},"east":{"uv":[1.5,1,4.5,4.5],"texture":"#texture"},"south":{"uv":[2,1,5,4],"texture":"#texture"},"west":{"uv":[2.5,1.5,5.5,4],"texture":"#texture"},"up":{"uv":[2,2,5,5.5],"texture":"#texture"},"down":{"uv":[2,1.5,5,4.5],"texture":"#texture"}}},{"name":"cube","from":[5,-4,6.5],"to":[7.12,-2,12.87],"rotation":{"angle":45,"axis":"y","origin":[5,-4,6.5]},"faces":{"north":{"uv":[1,1.5,3.5,4],"texture":"#texture"},"east":{"uv":[1.5,1,4.5,4.5],"texture":"#texture"},"south":{"uv":[2,1,5,4],"texture":"#texture"},"west":{"uv":[2.5,1.5,5.5,4],"texture":"#texture"},"up":{"uv":[2,2,5,5.5],"texture":"#texture"},"down":{"uv":[2,1.5,5,4.5],"texture":"#texture"}}},{"name":"cube","from":[9.5,-4,5],"to":[11.62,-2,11.37],"rotation":{"angle":-45,"axis":"y","origin":[9.5,-4,5]},"faces":{"north":{"uv":[1,1.5,3.5,4],"texture":"#texture"},"east":{"uv":[1.5,1,4.5,4.5],"texture":"#texture"},"south":{"uv":[2,1,5,4],"texture":"#texture"},"west":{"uv":[2.5,1.5,5.5,4],"texture":"#texture"},"up":{"uv":[2,2,5,5.5],"texture":"#texture"},"down":{"uv":[2,1.5,5,4.5],"texture":"#texture"}}},{"name":"cube","from":[6.5,-2.5,7.6875],"to":[9.5,4.5,10.1875],"rotation":{"angle":22.5,"axis":"x","origin":[6.5,4.5,7.6875]},"faces":{"north":{"uv":[1,1.5,3.5,4],"texture":"#texture"},"east":{"uv":[1.5,1,4.5,4.5],"texture":"#texture"},"south":{"uv":[2,1,5,4],"texture":"#texture"},"west":{"uv":[2.5,1.5,5.5,4],"texture":"#texture"},"up":{"uv":[2,2,5,5.5],"texture":"#texture"},"down":{"uv":[2,1.5,5,4.5],"texture":"#texture"}}},{"name":"cube","from":[7.6875,-2.5625,6.5],"to":[10.1875,4.4375,9.5],"rotation":{"angle":-22.5,"axis":"z","origin":[7.6875,4.4375,6.5]},"faces":{"north":{"uv":[1,1.5,3.5,4],"texture":"#texture"},"east":{"uv":[1.5,1,4.5,4.5],"texture":"#texture"},"south":{"uv":[2,1,5,4],"texture":"#texture"},"west":{"uv":[2.5,1.5,5.5,4],"texture":"#texture"},"up":{"uv":[2,2,5,5.5],"texture":"#texture"},"down":{"uv":[2,1.5,5,4.5],"texture":"#texture"}}},{"name":"cube","from":[6.5,-3.5,6],"to":[9.5,3.5,8.5],"rotation":{"angle":-22.5,"axis":"x","origin":[6.5,3.5,6]},"faces":{"north":{"uv":[1,1.5,3.5,4],"texture":"#texture"},"east":{"uv":[1.5,1,4.5,4.5],"texture":"#texture"},"south":{"uv":[2,1,5,4],"texture":"#texture"},"west":{"uv":[2.5,1.5,5.5,4],"texture":"#texture"},"up":{"uv":[2,2,5,5.5],"texture":"#texture"},"down":{"uv":[2,1.5,5,4.5],"texture":"#texture"}}},{"name":"cube","from":[6,-3.5,6.5],"to":[8.5,3.5,9.5],"rotation":{"angle":22.5,"axis":"z","origin":[6,3.5,6.5]},"faces":{"north":{"uv":[1,1.5,3.5,4],"texture":"#texture"},"east":{"uv":[1.5,1,4.5,4.5],"texture":"#texture"},"south":{"uv":[2,1,5,4],"texture":"#texture"},"west":{"uv":[2.5,1.5,5.5,4],"texture":"#texture"},"up":{"uv":[2,2,5,5.5],"texture":"#texture"},"down":{"uv":[2,1.5,5,4.5],"texture":"#texture"}}},{"name":"cube","from":[6.6875,-5,5.1875],"to":[9.6875,-4,7.1875],"rotation":{"angle":-22.5,"axis":"y","origin":[6.6875,-5,5.1875]},"faces":{"north":{"uv":[1,1.5,3.5,4],"texture":"#texture"},"east":{"uv":[1.5,1,4.5,4.5],"texture":"#texture"},"south":{"uv":[2,1,5,4],"texture":"#texture"},"west":{"uv":[2.5,1.5,5.5,4],"texture":"#texture"},"up":{"uv":[2,2,5,5.5],"texture":"#texture"},"down":{"uv":[2,1.5,5,4.5],"texture":"#texture"}}},{"name":"cube","from":[6,-5,9],"to":[9,-4,11],"rotation":{"angle":22.5,"axis":"y","origin":[6,-5,9]},"faces":{"north":{"uv":[1,1.5,3.5,4],"texture":"#texture"},"east":{"uv":[1.5,1,4.5,4.5],"texture":"#texture"},"south":{"uv":[2,1,5,4],"texture":"#texture"},"west":{"uv":[2.5,1.5,5.5,4],"texture":"#texture"},"up":{"uv":[2,2,5,5.5],"texture":"#texture"},"down":{"uv":[2,1.5,5,4.5],"texture":"#texture"}}},{"name":"cube","from":[10.5,-3.5,7],"to":[15,-3,9],"rotation":{"angle":45,"axis":"z","origin":[10.5,-3,7]},"faces":{"north":{"uv":[8.5,2,11,4.5],"texture":"#texture"},"east":{"uv":[9,1,12,4.5],"texture":"#texture"},"south":{"uv":[8.5,1.5,11.5,4.5],"texture":"#texture"},"west":{"uv":[8,1.5,11,4],"texture":"#texture"},"up":{"uv":[8,1.5,11,5],"texture":"#texture"},"down":{"uv":[8.5,1,11.5,4],"texture":"#texture"}}},{"name":"cube","from":[15.0625,-0.375,7],"to":[15.5625,3.625,9],"rotation":{"angle":-22.5,"axis":"z","origin":[15.0625,3.625,7]},"faces":{"north":{"uv":[8.5,2,11,4.5],"texture":"#texture"},"east":{"uv":[9,1,12,4.5],"texture":"#texture"},"south":{"uv":[8.5,1.5,11.5,4.5],"texture":"#texture"},"west":{"uv":[8,1.5,11,4],"texture":"#texture"},"up":{"uv":[8,1.5,11,5],"texture":"#texture"},"down":{"uv":[8.5,1,11.5,4],"texture":"#texture"}}},{"name":"cube","from":[14.885,0.24,7],"to":[15.385,3.24,9],"rotation":{"angle":-22.5,"axis":"z","origin":[14.885,3.24,7]},"faces":{"west":{"uv":[0.5,7,8,15.5],"texture":"#texture"}}},{"name":"cube","from":[4.49,5.25,5.75],"to":[5.49,6.25,7.75],"faces":{"west":{"uv":[0.5,0.5,13,7.5],"texture":"#particle"}}},{"name":"cube","from":[4.49,5.25,8.25],"to":[5.49,6.25,10.25],"faces":{"west":{"uv":[0.5,0.5,13,7.5],"texture":"#particle"}}},{"name":"cube","from":[4.495,2.5,6],"to":[5.495,5,10],"faces":{"west":{"uv":[0.5,8,12.75,14.75],"texture":"#skirt"}}},{"name":"cube","from":[4.49,4,5.75],"to":[5.49,5,7.25],"faces":{"west":{"uv":[0.5,8,8,15.5],"texture":"#particle"}}},{"name":"cube","from":[4.49,4,7.25],"to":[5.49,5,9],"faces":{"west":{"uv":[0.5,8,8,15.5],"texture":"#particle"}}},{"name":"cube","from":[4.49,4,8.75],"to":[5.49,5,10.25],"faces":{"west":{"uv":[0.5,8,8,15.5],"texture":"#particle"}}},{"name":"cube","from":[5,-4.75,6.5],"to":[11,-3.75,9.5],"faces":{"east":{"uv":[0.25,0.25,14.5,7.5],"texture":"#skirt"},"west":{"uv":[0.25,0.25,14.5,7.5],"texture":"#skirt"}}},{"name":"cube","from":[6.5,-4.75,5],"to":[9.5,-3.75,11],"faces":{"north":{"uv":[0.25,0.25,14.5,7.5],"texture":"#skirt"},"south":{"uv":[0.25,0.25,14.5,7.5],"texture":"#skirt"}}},{"name":"cube","from":[5,-4.75,6.5],"to":[7.12,-3.75,12.87],"rotation":{"angle":45,"axis":"y","origin":[5,-4.75,6.5]},"faces":{"north":{"uv":[0.25,0.25,14.5,7.5],"texture":"#skirt"},"south":{"uv":[0.25,0.25,14.5,7.5],"texture":"#skirt"}}},{"name":"cube","from":[9.5,-4.75,5],"to":[11.62,-3.75,11.37],"rotation":{"angle":-45,"axis":"y","origin":[9.5,-4.75,5]},"faces":{"north":{"uv":[0.25,0.25,14.5,7.5],"texture":"#skirt"},"south":{"uv":[0.25,0.25,14.5,7.5],"texture":"#skirt"}}}],"display":{"head":{"rotation":[0,-90,0],"translation":[0,-15,0],"scale":[2,2,2]},"gui":{"rotation":[30,50,0],"translation":[0,5,0],"scale":[0.98,0.98,0.98]},"thirdperson_righthand":{"scale":[0,0,0]},"thirdperson_lefthand":{"scale":[0,0,0]},"firstperson_righthand":{"scale":[0,0,0]},"firstperson_lefthand":{"scale":[0,0,0]}}}