{"credit":"Made by MadstonMagic using Cubik Pro/ Edit by Icelio","textures":{"texture":"pokemon_skins/regular/glalie/glalie"},"elements":[{"from":[4.1,4.2,3],"to":[11,9.7,13],"faces":{"north":{"uv":[1,9,3,11],"texture":"#texture"},"east":{"uv":[1,9,3,11],"texture":"#texture"},"south":{"uv":[1,9,3,11],"texture":"#texture"},"west":{"uv":[1,9,3,11],"texture":"#texture"},"up":{"uv":[1,9,3,11],"texture":"#texture"},"down":{"uv":[1,9,3,11],"texture":"#texture"}}},{"from":[4.8,12,6.8],"to":[11.3,12.2,8.9],"faces":{"north":{"uv":[1,9,3,11],"texture":"#texture"},"east":{"uv":[1,9,3,11],"texture":"#texture"},"south":{"uv":[1,9,3,11],"texture":"#texture"},"west":{"uv":[1,9,3,11],"texture":"#texture"},"up":{"uv":[1,9,3,11],"texture":"#texture"},"down":{"uv":[1,9,3,11],"texture":"#texture"}}},{"from":[2.8,4.1,3.8],"to":[10,9.8,5],"rotation":{"angle":-22.5,"axis":"y","origin":[2.8,8,5]},"faces":{"north":{"uv":[1,9,3,11],"texture":"#texture"},"east":{"uv":[1,9,3,11],"texture":"#texture"},"south":{"uv":[1,9,3,11],"texture":"#texture"},"west":{"uv":[1,9,3,11],"texture":"#texture"},"up":{"uv":[1,9,3,11],"texture":"#texture"},"down":{"uv":[1,9,3,11],"texture":"#texture"}}},{"from":[2.8,4.1,11],"to":[8,9.8,12.2],"rotation":{"angle":22.5,"axis":"y","origin":[2.8,8,11]},"faces":{"north":{"uv":[1,9,3,11],"texture":"#texture"},"east":{"uv":[1,9,3,11],"texture":"#texture"},"south":{"uv":[1,9,3,11],"texture":"#texture"},"west":{"uv":[1,9,3,11],"texture":"#texture"},"up":{"uv":[1,9,3,11],"texture":"#texture"},"down":{"uv":[1,9,3,11],"texture":"#texture"}}},{"from":[2.8,4.1,5],"to":[13,9.8,11],"faces":{"north":{"uv":[1,9,3,11],"texture":"#texture"},"east":{"uv":[1,9,3,11],"texture":"#texture"},"south":{"uv":[1,9,3,11],"texture":"#texture"},"west":{"uv":[1,9,3,11],"texture":"#texture"},"up":{"uv":[1,9,3,11],"texture":"#texture"},"down":{"uv":[1,9,3,11],"texture":"#texture"}}},{"from":[5,10,3],"to":[11,11,13],"faces":{"north":{"uv":[1,1,3,3],"texture":"#texture"},"east":{"uv":[1,1,3,3],"texture":"#texture"},"south":{"uv":[1,1,3,3],"texture":"#texture"},"west":{"uv":[1,1,3,3],"texture":"#texture"},"up":{"uv":[1,1,3,3],"texture":"#texture"},"down":{"uv":[1,1,3,3],"texture":"#texture"}}},{"from":[5,3,3],"to":[11,4,13],"faces":{"north":{"uv":[1,1,3,3],"texture":"#texture"},"east":{"uv":[1,1,3,3],"texture":"#texture"},"south":{"uv":[1,1,3,3],"texture":"#texture"},"west":{"uv":[1,1,3,3],"texture":"#texture"},"up":{"uv":[1,1,3,3],"texture":"#texture"},"down":{"uv":[1,1,3,3],"texture":"#texture"}}},{"from":[5.25,12,5.25],"to":[10.75,12.5,7.3],"faces":{"north":{"uv":[1,1,3,3],"texture":"#texture"},"east":{"uv":[1,1,3,3],"texture":"#texture"},"south":{"uv":[1,1,3,3],"texture":"#texture"},"west":{"uv":[1,1,3,3],"texture":"#texture"},"up":{"uv":[1,1,3,3],"texture":"#texture"},"down":{"uv":[1,1,3,3],"texture":"#texture"}}},{"from":[5,1.5,5.25],"to":[11,2,10.75],"faces":{"north":{"uv":[1,1,3,3],"texture":"#texture"},"east":{"uv":[1,1,3,3],"texture":"#texture"},"south":{"uv":[1,1,3,3],"texture":"#texture"},"west":{"uv":[1,1,3,3],"texture":"#texture"},"up":{"uv":[1,1,3,3],"texture":"#texture"},"down":{"uv":[1,1,3,3],"texture":"#texture"}}},{"from":[4,11,5],"to":[5,12,11],"faces":{"north":{"uv":[1,1,3,3],"texture":"#texture"},"east":{"uv":[1,1,3,3],"texture":"#texture"},"south":{"uv":[1,1,3,3],"texture":"#texture"},"west":{"uv":[1,1,3,3],"texture":"#texture"},"up":{"uv":[1,1,3,3],"texture":"#texture"},"down":{"uv":[1,1,3,3],"texture":"#texture"}}},{"from":[2.6,3.15,7.565],"to":[7,3.65,8.435],"faces":{"north":{"uv":[1,1,3,3],"texture":"#texture"},"east":{"uv":[1,1,3,3],"texture":"#texture"},"south":{"uv":[1,1,3,3],"texture":"#texture"},"west":{"uv":[1,1,3,3],"texture":"#texture"},"up":{"uv":[1,1,3,3],"texture":"#texture"},"down":{"uv":[1,1,3,3],"texture":"#texture"}}},{"from":[3,4,4.5],"to":[13.1,4.4,11.5],"faces":{"north":{"uv":[1,1,3,3],"texture":"#texture"},"east":{"uv":[1,1,3,3],"texture":"#texture"},"south":{"uv":[1,1,3,3],"texture":"#texture"},"west":{"uv":[1,1,3,3],"texture":"#texture"},"up":{"uv":[1,1,3,3],"texture":"#texture"},"down":{"uv":[1,1,3,3],"texture":"#texture"}}},{"from":[3,3,5],"to":[13.1,4.4,11],"faces":{"north":{"uv":[1,1,3,3],"texture":"#texture"},"east":{"uv":[1,1,3,3],"texture":"#texture"},"south":{"uv":[1,1,3,3],"texture":"#texture"},"west":{"uv":[1,1,3,3],"texture":"#texture"},"up":{"uv":[1,1,3,3],"texture":"#texture"},"down":{"uv":[1,1,3,3],"texture":"#texture"}}},{"from":[11,10.9375,5],"to":[12,12,11],"faces":{"north":{"uv":[1,1,3,3],"texture":"#texture"},"east":{"uv":[1,1,3,3],"texture":"#texture"},"south":{"uv":[1,1,3,3],"texture":"#texture"},"west":{"uv":[1,1,3,3],"texture":"#texture"},"up":{"uv":[1,1,3,3],"texture":"#texture"},"down":{"uv":[1,1,3,3],"texture":"#texture"}}},{"from":[4,2,5],"to":[12,3,11],"faces":{"north":{"uv":[1,1,3,3],"texture":"#texture"},"east":{"uv":[1,1,3,3],"texture":"#texture"},"south":{"uv":[1,1,3,3],"texture":"#texture"},"west":{"uv":[1,1,3,3],"texture":"#texture"},"up":{"uv":[1,1,3,3],"texture":"#texture"},"down":{"uv":[1,1,3,3],"texture":"#texture"}}},{"from":[4,3,4],"to":[12,11,12],"faces":{"north":{"uv":[1,1,3,3],"texture":"#texture"},"east":{"uv":[1,1,3,3],"texture":"#texture"},"south":{"uv":[1,1,3,3],"texture":"#texture"},"west":{"uv":[1,1,3,3],"texture":"#texture"},"up":{"uv":[1,1,3,3],"texture":"#texture"},"down":{"uv":[1,1,3,3],"texture":"#texture"}}},{"from":[7.4,6.5,1],"to":[10.2,13,3],"rotation":{"angle":-45,"axis":"x","origin":[8.2,13,1]},"faces":{"north":{"uv":[1,9,3,11],"texture":"#texture"},"east":{"uv":[1,9,3,11],"texture":"#texture"},"south":{"uv":[1,9,3,11],"texture":"#texture"},"west":{"uv":[1,9,3,11],"texture":"#texture"},"up":{"uv":[1,9,3,11],"texture":"#texture"},"down":{"uv":[1,9,3,11],"texture":"#texture"}}},{"from":[7.4,8,13.5],"to":[10.2,14.5,15.5],"rotation":{"angle":45,"axis":"x","origin":[8.2,14.5,13.5]},"faces":{"north":{"uv":[1,9,3,11],"texture":"#texture"},"east":{"uv":[1,9,3,11],"texture":"#texture"},"south":{"uv":[1,9,3,11],"texture":"#texture"},"west":{"uv":[1,9,3,11],"texture":"#texture"},"up":{"uv":[1,9,3,11],"texture":"#texture"},"down":{"uv":[1,9,3,11],"texture":"#texture"}}},{"from":[7.9,10,0.625],"to":[9.7,14,1.625],"rotation":{"angle":-45,"axis":"x","origin":[8.7,14,0.625]},"faces":{"north":{"uv":[1,9,3,11],"texture":"#texture"},"east":{"uv":[1,9,3,11],"texture":"#texture"},"south":{"uv":[1,9,3,11],"texture":"#texture"},"west":{"uv":[1,9,3,11],"texture":"#texture"},"up":{"uv":[1,9,3,11],"texture":"#texture"},"down":{"uv":[1,9,3,11],"texture":"#texture"}}},{"from":[7.9,10.75,14.375],"to":[9.7,14.75,15.375],"rotation":{"angle":45,"axis":"x","origin":[8.7,14.75,14.375]},"faces":{"north":{"uv":[1,9,3,11],"texture":"#texture"},"east":{"uv":[1,9,3,11],"texture":"#texture"},"south":{"uv":[1,9,3,11],"texture":"#texture"},"west":{"uv":[1,9,3,11],"texture":"#texture"},"up":{"uv":[1,9,3,11],"texture":"#texture"},"down":{"uv":[1,9,3,11],"texture":"#texture"}}},{"from":[7.4,9.1875,12.5],"to":[10.2,12.6875,14],"rotation":{"angle":22.5,"axis":"x","origin":[8.2,12.6875,12.5]},"faces":{"north":{"uv":[1,9,3,11],"texture":"#texture"},"east":{"uv":[1,9,3,11],"texture":"#texture"},"south":{"uv":[1,9,3,11],"texture":"#texture"},"west":{"uv":[1,9,3,11],"texture":"#texture"},"up":{"uv":[1,9,3,11],"texture":"#texture"},"down":{"uv":[1,9,3,11],"texture":"#texture"}}},{"from":[7.4,8.5625,2],"to":[10.2,12.0625,3.5],"rotation":{"angle":-22.5,"axis":"x","origin":[8.2,12.0625,2]},"faces":{"north":{"uv":[1,9,3,11],"texture":"#texture"},"east":{"uv":[1,9,3,11],"texture":"#texture"},"south":{"uv":[1,9,3,11],"texture":"#texture"},"west":{"uv":[1,9,3,11],"texture":"#texture"},"up":{"uv":[1,9,3,11],"texture":"#texture"},"down":{"uv":[1,9,3,11],"texture":"#texture"}}},{"from":[7.4,11.625,3.625],"to":[10.2,13.125,6.625],"rotation":{"angle":22.5,"axis":"x","origin":[8.2,13.125,3.625]},"faces":{"north":{"uv":[1,9,3,11],"texture":"#texture"},"east":{"uv":[1,9,3,11],"texture":"#texture"},"south":{"uv":[1,9,3,11],"texture":"#texture"},"west":{"uv":[1,9,3,11],"texture":"#texture"},"up":{"uv":[1,9,3,11],"texture":"#texture"},"down":{"uv":[1,9,3,11],"texture":"#texture"}}},{"from":[7.4,10.4375,9.3125],"to":[10.2,11.9375,12.3125],"rotation":{"angle":-22.5,"axis":"x","origin":[8.2,11.9375,9.3125]},"faces":{"north":{"uv":[1,9,3,11],"texture":"#texture"},"east":{"uv":[1,9,3,11],"texture":"#texture"},"south":{"uv":[1,9,3,11],"texture":"#texture"},"west":{"uv":[1,9,3,11],"texture":"#texture"},"up":{"uv":[1,9,3,11],"texture":"#texture"},"down":{"uv":[1,9,3,11],"texture":"#texture"}}},{"from":[5,8.3,2.55],"to":[11,10,13.4375],"faces":{"north":{"uv":[1,1,3,3],"texture":"#texture"},"east":{"uv":[1,1,3,3],"texture":"#texture"},"south":{"uv":[1,1,3,3],"texture":"#texture"},"west":{"uv":[1,1,3,3],"texture":"#texture"},"up":{"uv":[1,1,3,3],"texture":"#texture"},"down":{"uv":[1,1,3,3],"texture":"#texture"}}},{"from":[5,5.7,2.55],"to":[11,6.9,13.4375],"faces":{"north":{"uv":[1,1,3,3],"texture":"#texture"},"east":{"uv":[1,1,3,3],"texture":"#texture"},"south":{"uv":[1,1,3,3],"texture":"#texture"},"west":{"uv":[1,1,3,3],"texture":"#texture"},"up":{"uv":[1,1,3,3],"texture":"#texture"},"down":{"uv":[1,1,3,3],"texture":"#texture"}}},{"from":[5,4,2.55],"to":[11,4.5,13.4375],"faces":{"north":{"uv":[1,1,3,3],"texture":"#texture"},"east":{"uv":[1,1,3,3],"texture":"#texture"},"south":{"uv":[1,1,3,3],"texture":"#texture"},"west":{"uv":[1,1,3,3],"texture":"#texture"},"up":{"uv":[1,1,3,3],"texture":"#texture"},"down":{"uv":[1,1,3,3],"texture":"#texture"}}},{"from":[13,9.9,7.3],"to":[13.375,10.8,10.1],"rotation":{"angle":22.5,"axis":"x","origin":[13.1875,9.15,8.1]},"faces":{"north":{"uv":[1,1,3,3],"texture":"#texture"},"east":{"uv":[1,1,3,3],"texture":"#texture"},"south":{"uv":[1,1,3,3],"texture":"#texture"},"west":{"uv":[1,1,3,3],"texture":"#texture"},"up":{"uv":[1,1,3,3],"texture":"#texture"},"down":{"uv":[1,1,3,3],"texture":"#texture"}}},{"from":[13,4.4,7.6],"to":[13.375,8,8.4],"faces":{"north":{"uv":[1,1,3,3],"texture":"#texture"},"east":{"uv":[1,1,3,3],"texture":"#texture"},"south":{"uv":[1,1,3,3],"texture":"#texture"},"west":{"uv":[1,1,3,3],"texture":"#texture"},"up":{"uv":[1,1,3,3],"texture":"#texture"},"down":{"uv":[1,1,3,3],"texture":"#texture"}}},{"from":[13,8.9,10.2],"to":[13.375,10,10.8],"faces":{"north":{"uv":[1,1,3,3],"texture":"#texture"},"east":{"uv":[1,1,3,3],"texture":"#texture"},"south":{"uv":[1,1,3,3],"texture":"#texture"},"west":{"uv":[1,1,3,3],"texture":"#texture"},"up":{"uv":[1,1,3,3],"texture":"#texture"},"down":{"uv":[1,1,3,3],"texture":"#texture"}}},{"from":[13,4.3,10.7],"to":[13.375,10,11.1],"faces":{"north":{"uv":[1,1,3,3],"texture":"#texture"},"east":{"uv":[1,1,3,3],"texture":"#texture"},"south":{"uv":[1,1,3,3],"texture":"#texture"},"west":{"uv":[1,1,3,3],"texture":"#texture"},"up":{"uv":[1,1,3,3],"texture":"#texture"},"down":{"uv":[1,1,3,3],"texture":"#texture"}}},{"from":[13,4.1,10.1],"to":[13.375,6.3,10.5],"rotation":{"angle":22.5,"axis":"x","origin":[13.1875,4.75,10.3]},"faces":{"north":{"uv":[1,1,3,3],"texture":"#texture"},"east":{"uv":[1,1,3,3],"texture":"#texture"},"south":{"uv":[1,1,3,3],"texture":"#texture"},"west":{"uv":[1,1,3,3],"texture":"#texture"},"up":{"uv":[1,1,3,3],"texture":"#texture"},"down":{"uv":[1,1,3,3],"texture":"#texture"}}},{"from":[13,4.1,10.3],"to":[13.375,5.24,10.8],"faces":{"north":{"uv":[1,1,3,3],"texture":"#texture"},"east":{"uv":[1,1,3,3],"texture":"#texture"},"south":{"uv":[1,1,3,3],"texture":"#texture"},"west":{"uv":[1,1,3,3],"texture":"#texture"},"up":{"uv":[1,1,3,3],"texture":"#texture"},"down":{"uv":[1,1,3,3],"texture":"#texture"}}},{"from":[13,3.9,9.6],"to":[13.375,4.3,11.7],"rotation":{"angle":-22.5,"axis":"x","origin":[13.1875,2.65,9]},"faces":{"north":{"uv":[1,1,3,3],"texture":"#texture"},"east":{"uv":[1,1,3,3],"texture":"#texture"},"south":{"uv":[1,1,3,3],"texture":"#texture"},"west":{"uv":[1,1,3,3],"texture":"#texture"},"up":{"uv":[1,1,3,3],"texture":"#texture"},"down":{"uv":[1,1,3,3],"texture":"#texture"}}},{"from":[13,8,8.1],"to":[13.375,8.9,11.3],"rotation":{"angle":-22.5,"axis":"x","origin":[13.1875,7.25,9]},"faces":{"north":{"uv":[1,1,3,3],"texture":"#texture"},"east":{"uv":[1,1,3,3],"texture":"#texture"},"south":{"uv":[1,1,3,3],"texture":"#texture"},"west":{"uv":[1,1,3,3],"texture":"#texture"},"up":{"uv":[1,1,3,3],"texture":"#texture"},"down":{"uv":[1,1,3,3],"texture":"#texture"}}},{"from":[13,4,8.4],"to":[13.375,6.1,9],"rotation":{"angle":-22.5,"axis":"x","origin":[13.1875,4.35,8.1]},"faces":{"north":{"uv":[1,1,3,3],"texture":"#texture"},"east":{"uv":[1,1,3,3],"texture":"#texture"},"south":{"uv":[1,1,3,3],"texture":"#texture"},"west":{"uv":[1,1,3,3],"texture":"#texture"},"up":{"uv":[1,1,3,3],"texture":"#texture"},"down":{"uv":[1,1,3,3],"texture":"#texture"}}},{"from":[13,4,4.9],"to":[13.375,4.4,11.1],"faces":{"north":{"uv":[1,1,3,3],"texture":"#texture"},"east":{"uv":[1,1,3,3],"texture":"#texture"},"south":{"uv":[1,1,3,3],"texture":"#texture"},"west":{"uv":[1,1,3,3],"texture":"#texture"},"up":{"uv":[1,1,3,3],"texture":"#texture"},"down":{"uv":[1,1,3,3],"texture":"#texture"}}},{"from":[4.5,2.0625,4.1],"to":[11,3,11.8375],"faces":{"north":{"uv":[1,9,3,11],"texture":"#texture"},"east":{"uv":[1,9,3,11],"texture":"#texture"},"south":{"uv":[1,9,3,11],"texture":"#texture"},"west":{"uv":[1,9,3,11],"texture":"#texture"},"up":{"uv":[1,9,3,11],"texture":"#texture"},"down":{"uv":[1,9,3,11],"texture":"#texture"}}},{"from":[2.6,10.3,5.7],"to":[5,11,7.887],"rotation":{"angle":-45,"axis":"x","origin":[2.75,10.55,7.7]},"faces":{"north":{"uv":[1,1,3,3],"texture":"#texture"},"east":{"uv":[1,1,3,3],"texture":"#texture"},"south":{"uv":[1,1,3,3],"texture":"#texture"},"west":{"uv":[1,1,3,3],"texture":"#texture"},"up":{"uv":[1,1,3,3],"texture":"#texture"},"down":{"uv":[1,1,3,3],"texture":"#texture"}}},{"from":[2.6,7.6,5.8],"to":[3,8.2,7.9],"rotation":{"angle":45,"axis":"x","origin":[2.75,7.85,7.7]},"faces":{"north":{"uv":[1,1,3,3],"texture":"#texture"},"east":{"uv":[1,1,3,3],"texture":"#texture"},"south":{"uv":[1,1,3,3],"texture":"#texture"},"west":{"uv":[1,1,3,3],"texture":"#texture"},"up":{"uv":[1,1,3,3],"texture":"#texture"},"down":{"uv":[1,1,3,3],"texture":"#texture"}}},{"from":[2.6,10.5,7.515],"to":[3,11,8.485],"faces":{"north":{"uv":[1,1,3,3],"texture":"#texture"},"east":{"uv":[1,1,3,3],"texture":"#texture"},"south":{"uv":[1,1,3,3],"texture":"#texture"},"west":{"uv":[1,1,3,3],"texture":"#texture"},"up":{"uv":[1,1,3,3],"texture":"#texture"},"down":{"uv":[1,1,3,3],"texture":"#texture"}}},{"from":[2.6,8.5,5],"to":[3,10,6.7],"faces":{"north":{"uv":[1,1,3,3],"texture":"#texture"},"east":{"uv":[1,1,3,3],"texture":"#texture"},"south":{"uv":[1,1,3,3],"texture":"#texture"},"west":{"uv":[1,1,3,3],"texture":"#texture"},"up":{"uv":[1,1,3,3],"texture":"#texture"},"down":{"uv":[1,1,3,3],"texture":"#texture"}}},{"from":[2.6,5.9,5],"to":[3,6.5,7.3],"faces":{"north":{"uv":[1,1,3,3],"texture":"#texture"},"east":{"uv":[1,1,3,3],"texture":"#texture"},"south":{"uv":[1,1,3,3],"texture":"#texture"},"west":{"uv":[1,1,3,3],"texture":"#texture"},"up":{"uv":[1,1,3,3],"texture":"#texture"},"down":{"uv":[1,1,3,3],"texture":"#texture"}}},{"from":[2.6,6.3,5.6],"to":[3,7.3,8.5],"rotation":{"angle":-45,"axis":"x","origin":[2.75,6.85,7.5]},"faces":{"north":{"uv":[1,1,3,3],"texture":"#texture"},"east":{"uv":[1,1,3,3],"texture":"#texture"},"south":{"uv":[1,1,3,3],"texture":"#texture"},"west":{"uv":[1,1,3,3],"texture":"#texture"},"up":{"uv":[1,1,3,3],"texture":"#texture"},"down":{"uv":[1,1,3,3],"texture":"#texture"}}},{"from":[2.6,7.6,4.9],"to":[3,8.2,8.2],"rotation":{"angle":22.5,"axis":"x","origin":[2.75,7.85,7.4]},"faces":{"north":{"uv":[1,1,3,3],"texture":"#texture"},"east":{"uv":[1,1,3,3],"texture":"#texture"},"south":{"uv":[1,1,3,3],"texture":"#texture"},"west":{"uv":[1,1,3,3],"texture":"#texture"},"up":{"uv":[1,1,3,3],"texture":"#texture"},"down":{"uv":[1,1,3,3],"texture":"#texture"}}},{"from":[2.79,6.85,5.3],"to":[2.8525,8.75,7.5],"faces":{"west":{"uv":[16,0,9.5,5],"texture":"#texture"}}},{"from":[2.79,4.45,6.55],"to":[2.8525,6.6,9.45],"faces":{"west":{"uv":[8.5,5.5,16,11],"texture":"#texture"}}},{"from":[3,10,5],"to":[13,11,11],"faces":{"north":{"uv":[1,1,3,3],"texture":"#texture"},"east":{"uv":[1,1,3,3],"texture":"#texture"},"south":{"uv":[1,1,3,3],"texture":"#texture"},"west":{"uv":[1,1,3,3],"texture":"#texture"},"up":{"uv":[1,1,3,3],"texture":"#texture"},"down":{"uv":[1,1,3,3],"texture":"#texture"}}},{"from":[5.25,12,8.7],"to":[10.75,12.5,10.75],"faces":{"north":{"uv":[1,1,3,3],"texture":"#texture"},"east":{"uv":[1,1,3,3],"texture":"#texture"},"south":{"uv":[1,1,3,3],"texture":"#texture"},"west":{"uv":[1,1,3,3],"texture":"#texture"},"up":{"uv":[1,1,3,3],"texture":"#texture"},"down":{"uv":[1,1,3,3],"texture":"#texture"}}},{"from":[2.8,3.7,7.25],"to":[13,10.5,8.75],"faces":{"north":{"uv":[1,9,3,11],"texture":"#texture"},"east":{"uv":[1,9,3,11],"texture":"#texture"},"south":{"uv":[1,9,3,11],"texture":"#texture"},"west":{"uv":[1,9,3,11],"texture":"#texture"},"up":{"uv":[1,9,3,11],"texture":"#texture"},"down":{"uv":[1,9,3,11],"texture":"#texture"}}},{"from":[4.25,8.3,7.5],"to":[5.3125,10,13.0625],"rotation":{"angle":-22.5,"axis":"y","origin":[4.25,8,12.5]},"faces":{"north":{"uv":[1,1,3,3],"texture":"#texture"},"east":{"uv":[1,1,3,3],"texture":"#texture"},"south":{"uv":[1,1,3,3],"texture":"#texture"},"west":{"uv":[1,1,3,3],"texture":"#texture"},"up":{"uv":[1,1,3,3],"texture":"#texture"},"down":{"uv":[1,1,3,3],"texture":"#texture"}}},{"from":[2.5625,4,11.4],"to":[4.0625,8.5,12.0625],"rotation":{"angle":22.5,"axis":"y","origin":[2.5625,8,11]},"faces":{"north":{"uv":[1,1,3,3],"texture":"#texture"},"east":{"uv":[1,1,3,3],"texture":"#texture"},"south":{"uv":[1,1,3,3],"texture":"#texture"},"west":{"uv":[1,1,3,3],"texture":"#texture"},"up":{"uv":[1,1,3,3],"texture":"#texture"},"down":{"uv":[1,1,3,3],"texture":"#texture"}}},{"from":[2.5625,8,11],"to":[4.0625,10,12.0625],"rotation":{"angle":22.5,"axis":"y","origin":[2.5625,8,11]},"faces":{"north":{"uv":[1,1,3,3],"texture":"#texture"},"east":{"uv":[1,1,3,3],"texture":"#texture"},"south":{"uv":[1,1,3,3],"texture":"#texture"},"west":{"uv":[1,1,3,3],"texture":"#texture"},"up":{"uv":[1,1,3,3],"texture":"#texture"},"down":{"uv":[1,1,3,3],"texture":"#texture"}}},{"from":[4,8.3,3],"to":[5.0625,10,6.5625],"rotation":{"angle":22.5,"axis":"y","origin":[4,8,3]},"faces":{"north":{"uv":[1,1,3,3],"texture":"#texture"},"east":{"uv":[1,1,3,3],"texture":"#texture"},"south":{"uv":[1,1,3,3],"texture":"#texture"},"west":{"uv":[1,1,3,3],"texture":"#texture"},"up":{"uv":[1,1,3,3],"texture":"#texture"},"down":{"uv":[1,1,3,3],"texture":"#texture"}}},{"from":[4.25,5.7,9.5],"to":[5.3125,6.9,13.0625],"rotation":{"angle":-22.5,"axis":"y","origin":[4.25,5.7,12.5]},"faces":{"north":{"uv":[1,1,3,3],"texture":"#texture"},"east":{"uv":[1,1,3,3],"texture":"#texture"},"south":{"uv":[1,1,3,3],"texture":"#texture"},"west":{"uv":[1,1,3,3],"texture":"#texture"},"up":{"uv":[1,1,3,3],"texture":"#texture"},"down":{"uv":[1,1,3,3],"texture":"#texture"}}},{"from":[2.5625,5.9,11],"to":[3.0625,6.5,12.0625],"rotation":{"angle":22.5,"axis":"y","origin":[2.5625,5.9,11]},"faces":{"north":{"uv":[1,1,3,3],"texture":"#texture"},"east":{"uv":[1,1,3,3],"texture":"#texture"},"south":{"uv":[1,1,3,3],"texture":"#texture"},"west":{"uv":[1,1,3,3],"texture":"#texture"},"up":{"uv":[1,1,3,3],"texture":"#texture"},"down":{"uv":[1,1,3,3],"texture":"#texture"}}},{"from":[4,5.7,3],"to":[5.0625,6.9,5.5625],"rotation":{"angle":22.5,"axis":"y","origin":[4,5.7,3]},"faces":{"north":{"uv":[1,1,3,3],"texture":"#texture"},"east":{"uv":[1,1,3,3],"texture":"#texture"},"south":{"uv":[1,1,3,3],"texture":"#texture"},"west":{"uv":[1,1,3,3],"texture":"#texture"},"up":{"uv":[1,1,3,3],"texture":"#texture"},"down":{"uv":[1,1,3,3],"texture":"#texture"}}},{"from":[3,4,12],"to":[4.9375,10,13.4375],"rotation":{"angle":45,"axis":"y","origin":[3,4,12]},"faces":{"north":{"uv":[1,1,3,3],"texture":"#texture"},"east":{"uv":[1,1,3,3],"texture":"#texture"},"south":{"uv":[1,1,3,3],"texture":"#texture"},"west":{"uv":[1,1,3,3],"texture":"#texture"},"up":{"uv":[1,1,3,3],"texture":"#texture"},"down":{"uv":[1,1,3,3],"texture":"#texture"}}},{"from":[4.25,4,8.5],"to":[5.3125,4.5,13.0625],"rotation":{"angle":-22.5,"axis":"y","origin":[4.25,4,12.5]},"faces":{"north":{"uv":[1,1,3,3],"texture":"#texture"},"east":{"uv":[1,1,3,3],"texture":"#texture"},"south":{"uv":[1,1,3,3],"texture":"#texture"},"west":{"uv":[1,1,3,3],"texture":"#texture"},"up":{"uv":[1,1,3,3],"texture":"#texture"},"down":{"uv":[1,1,3,3],"texture":"#texture"}}},{"from":[4,4,3],"to":[5.9375,10,4.4375],"rotation":{"angle":-45,"axis":"y","origin":[4,4,3]},"faces":{"north":{"uv":[1,1,3,3],"texture":"#texture"},"east":{"uv":[1,1,3,3],"texture":"#texture"},"south":{"uv":[1,1,3,3],"texture":"#texture"},"west":{"uv":[1,1,3,3],"texture":"#texture"},"up":{"uv":[1,1,3,3],"texture":"#texture"},"down":{"uv":[1,1,3,3],"texture":"#texture"}}},{"from":[4,4,3],"to":[5.0625,4.5,7.5625],"rotation":{"angle":22.5,"axis":"y","origin":[4,4,3]},"faces":{"north":{"uv":[1,1,3,3],"texture":"#texture"},"east":{"uv":[1,1,3,3],"texture":"#texture"},"south":{"uv":[1,1,3,3],"texture":"#texture"},"west":{"uv":[1,1,3,3],"texture":"#texture"},"up":{"uv":[1,1,3,3],"texture":"#texture"},"down":{"uv":[1,1,3,3],"texture":"#texture"}}},{"from":[10.8125,4,11.7375],"to":[11.875,10,13.5],"rotation":{"angle":22.5,"axis":"y","origin":[10.8125,4,12.9375]},"faces":{"north":{"uv":[1,1,3,3],"texture":"#texture"},"east":{"uv":[1,1,3,3],"texture":"#texture"},"south":{"uv":[1,1,3,3],"texture":"#texture"},"west":{"uv":[1,1,3,3],"texture":"#texture"},"up":{"uv":[1,1,3,3],"texture":"#texture"},"down":{"uv":[1,1,3,3],"texture":"#texture"}}},{"from":[9.9375,4,10.875],"to":[13.4375,10,11.9375],"rotation":{"angle":-22.5,"axis":"y","origin":[12.9375,4,10.875]},"faces":{"north":{"uv":[1,1,3,3],"texture":"#texture"},"east":{"uv":[1,1,3,3],"texture":"#texture"},"south":{"uv":[1,1,3,3],"texture":"#texture"},"west":{"uv":[1,1,3,3],"texture":"#texture"},"up":{"uv":[1,1,3,3],"texture":"#texture"},"down":{"uv":[1,1,3,3],"texture":"#texture"}}},{"from":[11.675,4,11.375],"to":[13.3125,10,12.8125],"rotation":{"angle":-45,"axis":"y","origin":[12.375,4,11.375]},"faces":{"north":{"uv":[1,1,3,3],"texture":"#texture"},"east":{"uv":[1,1,3,3],"texture":"#texture"},"south":{"uv":[1,1,3,3],"texture":"#texture"},"west":{"uv":[1,1,3,3],"texture":"#texture"},"up":{"uv":[1,1,3,3],"texture":"#texture"},"down":{"uv":[1,1,3,3],"texture":"#texture"}}},{"from":[10,4,4.1875],"to":[13,10,5.2125],"rotation":{"angle":22.5,"axis":"y","origin":[12.5,4,4.1875]},"faces":{"north":{"uv":[1,1,3,3],"texture":"#texture"},"east":{"uv":[1,1,3,3],"texture":"#texture"},"south":{"uv":[1,1,3,3],"texture":"#texture"},"west":{"uv":[1,1,3,3],"texture":"#texture"},"up":{"uv":[1,1,3,3],"texture":"#texture"},"down":{"uv":[1,1,3,3],"texture":"#texture"}}},{"from":[11.0125,4,3.625],"to":[12.25,10,5.0625],"rotation":{"angle":45,"axis":"y","origin":[11.3125,4,3.625]},"faces":{"north":{"uv":[1,1,3,3],"texture":"#texture"},"east":{"uv":[1,1,3,3],"texture":"#texture"},"south":{"uv":[1,1,3,3],"texture":"#texture"},"west":{"uv":[1,1,3,3],"texture":"#texture"},"up":{"uv":[1,1,3,3],"texture":"#texture"},"down":{"uv":[1,1,3,3],"texture":"#texture"}}},{"from":[11,4,2.5625],"to":[12.0625,10,4.425],"rotation":{"angle":-22.5,"axis":"y","origin":[11,4,2.5625]},"faces":{"north":{"uv":[1,1,3,3],"texture":"#texture"},"east":{"uv":[1,1,3,3],"texture":"#texture"},"south":{"uv":[1,1,3,3],"texture":"#texture"},"west":{"uv":[1,1,3,3],"texture":"#texture"},"up":{"uv":[1,1,3,3],"texture":"#texture"},"down":{"uv":[1,1,3,3],"texture":"#texture"}}},{"from":[3,10,5],"to":[4.375,11,11],"rotation":{"angle":45,"axis":"z","origin":[3,11,5]},"faces":{"north":{"uv":[1,1,3,3],"texture":"#texture"},"east":{"uv":[1,1,3,3],"texture":"#texture"},"south":{"uv":[1,1,3,3],"texture":"#texture"},"west":{"uv":[1,1,3,3],"texture":"#texture"},"up":{"uv":[1,1,3,3],"texture":"#texture"},"down":{"uv":[1,1,3,3],"texture":"#texture"}}},{"from":[5,9.3,3],"to":[11,11,4.375],"rotation":{"angle":-45,"axis":"x","origin":[5,11,3]},"faces":{"north":{"uv":[1,1,3,3],"texture":"#texture"},"east":{"uv":[1,1,3,3],"texture":"#texture"},"south":{"uv":[1,1,3,3],"texture":"#texture"},"west":{"uv":[1,1,3,3],"texture":"#texture"},"up":{"uv":[1,1,3,3],"texture":"#texture"},"down":{"uv":[1,1,3,3],"texture":"#texture"}}},{"from":[5,10,12],"to":[11,12,13.375],"rotation":{"angle":45,"axis":"x","origin":[5,12,12]},"faces":{"north":{"uv":[1,1,3,3],"texture":"#texture"},"east":{"uv":[1,1,3,3],"texture":"#texture"},"south":{"uv":[1,1,3,3],"texture":"#texture"},"west":{"uv":[1,1,3,3],"texture":"#texture"},"up":{"uv":[1,1,3,3],"texture":"#texture"},"down":{"uv":[1,1,3,3],"texture":"#texture"}}},{"from":[12,11,5],"to":[13.375,12,11],"rotation":{"angle":-45,"axis":"z","origin":[12,12,8.75]},"faces":{"north":{"uv":[1,1,3,3],"texture":"#texture"},"east":{"uv":[1,1,3,3],"texture":"#texture"},"south":{"uv":[1,1,3,3],"texture":"#texture"},"west":{"uv":[1,1,3,3],"texture":"#texture"},"up":{"uv":[1,1,3,3],"texture":"#texture"},"down":{"uv":[1,1,3,3],"texture":"#texture"}}},{"from":[10.75,11.75,8.7],"to":[12.125,12.5,11],"rotation":{"angle":-22.5,"axis":"z","origin":[10.75,12.5,8.7]},"faces":{"north":{"uv":[1,1,3,3],"texture":"#texture"},"east":{"uv":[1,1,3,3],"texture":"#texture"},"south":{"uv":[1,1,3,3],"texture":"#texture"},"west":{"uv":[1,1,3,3],"texture":"#texture"},"up":{"uv":[1,1,3,3],"texture":"#texture"},"down":{"uv":[1,1,3,3],"texture":"#texture"}}},{"from":[10.75,11.75,5],"to":[12.125,12.5,7.3],"rotation":{"angle":-22.5,"axis":"z","origin":[10.75,12.5,5]},"faces":{"north":{"uv":[1,1,3,3],"texture":"#texture"},"east":{"uv":[1,1,3,3],"texture":"#texture"},"south":{"uv":[1,1,3,3],"texture":"#texture"},"west":{"uv":[1,1,3,3],"texture":"#texture"},"up":{"uv":[1,1,3,3],"texture":"#texture"},"down":{"uv":[1,1,3,3],"texture":"#texture"}}},{"from":[4,11.25,8.7],"to":[5.375,12,11],"rotation":{"angle":22.5,"axis":"z","origin":[4,12,5]},"faces":{"north":{"uv":[1,1,3,3],"texture":"#texture"},"east":{"uv":[1,1,3,3],"texture":"#texture"},"south":{"uv":[1,1,3,3],"texture":"#texture"},"west":{"uv":[1,1,3,3],"texture":"#texture"},"up":{"uv":[1,1,3,3],"texture":"#texture"},"down":{"uv":[1,1,3,3],"texture":"#texture"}}},{"from":[4,11.25,5],"to":[5.375,12,7.3],"rotation":{"angle":22.5,"axis":"z","origin":[4,12,5]},"faces":{"north":{"uv":[1,1,3,3],"texture":"#texture"},"east":{"uv":[1,1,3,3],"texture":"#texture"},"south":{"uv":[1,1,3,3],"texture":"#texture"},"west":{"uv":[1,1,3,3],"texture":"#texture"},"up":{"uv":[1,1,3,3],"texture":"#texture"},"down":{"uv":[1,1,3,3],"texture":"#texture"}}},{"from":[5,9.5,10.75],"to":[11,12.5,12.0625],"rotation":{"angle":22.5,"axis":"x","origin":[5,12.5,10.75]},"faces":{"north":{"uv":[1,1,3,3],"texture":"#texture"},"east":{"uv":[1,1,3,3],"texture":"#texture"},"south":{"uv":[1,1,3,3],"texture":"#texture"},"west":{"uv":[1,1,3,3],"texture":"#texture"},"up":{"uv":[1,1,3,3],"texture":"#texture"},"down":{"uv":[1,1,3,3],"texture":"#texture"}}},{"from":[5,10,4],"to":[11,12,5.3125],"rotation":{"angle":-22.5,"axis":"x","origin":[5,12,4]},"faces":{"north":{"uv":[1,1,3,3],"texture":"#texture"},"east":{"uv":[1,1,3,3],"texture":"#texture"},"south":{"uv":[1,1,3,3],"texture":"#texture"},"west":{"uv":[1,1,3,3],"texture":"#texture"},"up":{"uv":[1,1,3,3],"texture":"#texture"},"down":{"uv":[1,1,3,3],"texture":"#texture"}}},{"from":[5.35,1.5375,10.4375],"to":[10.65,2.1875,11.7125],"rotation":{"angle":-22.5,"axis":"x","origin":[5.25,2.1875,10.4375]},"faces":{"north":{"uv":[1,9,3,11],"texture":"#texture"},"east":{"uv":[1,9,3,11],"texture":"#texture"},"south":{"uv":[1,9,3,11],"texture":"#texture"},"west":{"uv":[1,9,3,11],"texture":"#texture"},"up":{"uv":[1,9,3,11],"texture":"#texture"},"down":{"uv":[1,9,3,11],"texture":"#texture"}}},{"from":[5.25,1.4375,10.4375],"to":[10.75,2.1875,11.0125],"rotation":{"angle":-22.5,"axis":"x","origin":[5.25,2.1875,10.4375]},"faces":{"north":{"uv":[1,1,3,3],"texture":"#texture"},"east":{"uv":[1,1,3,3],"texture":"#texture"},"south":{"uv":[1,1,3,3],"texture":"#texture"},"west":{"uv":[1,1,3,3],"texture":"#texture"},"up":{"uv":[1,1,3,3],"texture":"#texture"},"down":{"uv":[1,1,3,3],"texture":"#texture"}}},{"from":[5.35,1.8875,11.3],"to":[10.65,2.6875,12.6875],"rotation":{"angle":-45,"axis":"x","origin":[5.25,2.6875,11.25]},"faces":{"north":{"uv":[1,9,3,11],"texture":"#texture"},"east":{"uv":[1,9,3,11],"texture":"#texture"},"south":{"uv":[1,9,3,11],"texture":"#texture"},"west":{"uv":[1,9,3,11],"texture":"#texture"},"up":{"uv":[1,9,3,11],"texture":"#texture"},"down":{"uv":[1,9,3,11],"texture":"#texture"}}},{"from":[5.25,1.6875,11.95],"to":[10.75,2.6875,12.6875],"rotation":{"angle":-45,"axis":"x","origin":[5.25,2.6875,11.25]},"faces":{"north":{"uv":[1,1,3,3],"texture":"#texture"},"east":{"uv":[1,1,3,3],"texture":"#texture"},"south":{"uv":[1,1,3,3],"texture":"#texture"},"west":{"uv":[1,1,3,3],"texture":"#texture"},"up":{"uv":[1,1,3,3],"texture":"#texture"},"down":{"uv":[1,1,3,3],"texture":"#texture"}}},{"from":[12.5,2.125,5],"to":[13.25,3.6,11],"rotation":{"angle":-45,"axis":"z","origin":[12.5,3.5,5]},"faces":{"north":{"uv":[1,1,3,3],"texture":"#texture"},"east":{"uv":[1,1,3,3],"texture":"#texture"},"south":{"uv":[1,1,3,3],"texture":"#texture"},"west":{"uv":[1,1,3,3],"texture":"#texture"},"up":{"uv":[1,1,3,3],"texture":"#texture"},"down":{"uv":[1,1,3,3],"texture":"#texture"}}},{"from":[10.8125,1.5,5.25],"to":[11.9375,2,10.75],"rotation":{"angle":22.5,"axis":"z","origin":[10.8125,2,5.25]},"faces":{"north":{"uv":[1,1,3,3],"texture":"#texture"},"east":{"uv":[1,1,3,3],"texture":"#texture"},"south":{"uv":[1,1,3,3],"texture":"#texture"},"west":{"uv":[1,1,3,3],"texture":"#texture"},"up":{"uv":[1,1,3,3],"texture":"#texture"},"down":{"uv":[1,1,3,3],"texture":"#texture"}}},{"from":[4.1875,1.9375,5.25],"to":[5.3125,2.4375,10.75],"rotation":{"angle":-22.5,"axis":"z","origin":[4.1875,2.4375,5.25]},"faces":{"north":{"uv":[1,1,3,3],"texture":"#texture"},"east":{"uv":[1,1,3,3],"texture":"#texture"},"south":{"uv":[1,1,3,3],"texture":"#texture"},"west":{"uv":[1,1,3,3],"texture":"#texture"},"up":{"uv":[1,1,3,3],"texture":"#texture"},"down":{"uv":[1,1,3,3],"texture":"#texture"}}},{"from":[3,1.625,5],"to":[3.75,3,11],"rotation":{"angle":45,"axis":"z","origin":[3,3,5]},"faces":{"north":{"uv":[1,1,3,3],"texture":"#texture"},"east":{"uv":[1,1,3,3],"texture":"#texture"},"south":{"uv":[1,1,3,3],"texture":"#texture"},"west":{"uv":[1,1,3,3],"texture":"#texture"},"up":{"uv":[1,1,3,3],"texture":"#texture"},"down":{"uv":[1,1,3,3],"texture":"#texture"}}},{"from":[2.6,10.3,8.115],"to":[5,11,10.315],"rotation":{"angle":45,"axis":"x","origin":[2.75,10.55,8.3]},"faces":{"north":{"uv":[1,1,3,3],"texture":"#texture"},"east":{"uv":[1,1,3,3],"texture":"#texture"},"south":{"uv":[1,1,3,3],"texture":"#texture"},"west":{"uv":[1,1,3,3],"texture":"#texture"},"up":{"uv":[1,1,3,3],"texture":"#texture"},"down":{"uv":[1,1,3,3],"texture":"#texture"}}},{"from":[2.6,8.5,9.3],"to":[3,10,11],"faces":{"north":{"uv":[1,1,3,3],"texture":"#texture"},"east":{"uv":[1,1,3,3],"texture":"#texture"},"south":{"uv":[1,1,3,3],"texture":"#texture"},"west":{"uv":[1,1,3,3],"texture":"#texture"},"up":{"uv":[1,1,3,3],"texture":"#texture"},"down":{"uv":[1,1,3,3],"texture":"#texture"}}},{"from":[2.6,7.6,8.1],"to":[3,8.2,10.2],"rotation":{"angle":-45,"axis":"x","origin":[2.75,7.85,8.3]},"faces":{"north":{"uv":[1,1,3,3],"texture":"#texture"},"east":{"uv":[1,1,3,3],"texture":"#texture"},"south":{"uv":[1,1,3,3],"texture":"#texture"},"west":{"uv":[1,1,3,3],"texture":"#texture"},"up":{"uv":[1,1,3,3],"texture":"#texture"},"down":{"uv":[1,1,3,3],"texture":"#texture"}}},{"from":[2.6,7.6,7.8],"to":[3,8.2,11.1],"rotation":{"angle":-22.5,"axis":"x","origin":[2.75,7.85,8.6]},"faces":{"north":{"uv":[1,1,3,3],"texture":"#texture"},"east":{"uv":[1,1,3,3],"texture":"#texture"},"south":{"uv":[1,1,3,3],"texture":"#texture"},"west":{"uv":[1,1,3,3],"texture":"#texture"},"up":{"uv":[1,1,3,3],"texture":"#texture"},"down":{"uv":[1,1,3,3],"texture":"#texture"}}},{"from":[2.6,6.3,7.5],"to":[3,7.3,10.4],"rotation":{"angle":45,"axis":"x","origin":[2.75,6.85,8.5]},"faces":{"north":{"uv":[1,1,3,3],"texture":"#texture"},"east":{"uv":[1,1,3,3],"texture":"#texture"},"south":{"uv":[1,1,3,3],"texture":"#texture"},"west":{"uv":[1,1,3,3],"texture":"#texture"},"up":{"uv":[1,1,3,3],"texture":"#texture"},"down":{"uv":[1,1,3,3],"texture":"#texture"}}},{"from":[2.6,5.9,8.7],"to":[3,6.5,11],"faces":{"north":{"uv":[1,1,3,3],"texture":"#texture"},"east":{"uv":[1,1,3,3],"texture":"#texture"},"south":{"uv":[1,1,3,3],"texture":"#texture"},"west":{"uv":[1,1,3,3],"texture":"#texture"},"up":{"uv":[1,1,3,3],"texture":"#texture"},"down":{"uv":[1,1,3,3],"texture":"#texture"}}},{"from":[2.6,3.8,5.8],"to":[3,4.5,8.2],"rotation":{"angle":45,"axis":"x","origin":[2.75,4.25,7.1]},"faces":{"north":{"uv":[1,1,3,3],"texture":"#texture"},"east":{"uv":[1,1,3,3],"texture":"#texture"},"south":{"uv":[1,1,3,3],"texture":"#texture"},"west":{"uv":[1,1,3,3],"texture":"#texture"},"up":{"uv":[1,1,3,3],"texture":"#texture"},"down":{"uv":[1,1,3,3],"texture":"#texture"}}},{"from":[2.6,3.8,7.8],"to":[3,4.5,10.2],"rotation":{"angle":-45,"axis":"x","origin":[2.75,4.25,8.9]},"faces":{"north":{"uv":[1,1,3,3],"texture":"#texture"},"east":{"uv":[1,1,3,3],"texture":"#texture"},"south":{"uv":[1,1,3,3],"texture":"#texture"},"west":{"uv":[1,1,3,3],"texture":"#texture"},"up":{"uv":[1,1,3,3],"texture":"#texture"},"down":{"uv":[1,1,3,3],"texture":"#texture"}}},{"from":[2.6,4,5.8],"to":[3,6.4,6.5],"faces":{"north":{"uv":[1,1,3,3],"texture":"#texture"},"east":{"uv":[1,1,3,3],"texture":"#texture"},"south":{"uv":[1,1,3,3],"texture":"#texture"},"west":{"uv":[1,1,3,3],"texture":"#texture"},"up":{"uv":[1,1,3,3],"texture":"#texture"},"down":{"uv":[1,1,3,3],"texture":"#texture"}}},{"from":[2.6,5.6,9.95],"to":[3,6.25,10.95],"rotation":{"angle":-22.5,"axis":"x","origin":[2.8,5.9,10.25]},"faces":{"north":{"uv":[1,1,3,3],"texture":"#texture"},"east":{"uv":[1,1,3,3],"texture":"#texture"},"south":{"uv":[1,1,3,3],"texture":"#texture"},"west":{"uv":[1,1,3,3],"texture":"#texture"},"up":{"uv":[1,1,3,3],"texture":"#texture"},"down":{"uv":[1,1,3,3],"texture":"#texture"}}},{"from":[2.6,5.6,5.05],"to":[3,6.25,6.05],"rotation":{"angle":22.5,"axis":"x","origin":[2.8,5.9,5.75]},"faces":{"north":{"uv":[1,1,3,3],"texture":"#texture"},"east":{"uv":[1,1,3,3],"texture":"#texture"},"south":{"uv":[1,1,3,3],"texture":"#texture"},"west":{"uv":[1,1,3,3],"texture":"#texture"},"up":{"uv":[1,1,3,3],"texture":"#texture"},"down":{"uv":[1,1,3,3],"texture":"#texture"}}},{"from":[2.6,5.6,9.95],"to":[3,6.25,10.95],"rotation":{"angle":-22.5,"axis":"x","origin":[2.8,5.9,10.25]},"faces":{"north":{"uv":[1,1,3,3],"texture":"#texture"},"east":{"uv":[1,1,3,3],"texture":"#texture"},"south":{"uv":[1,1,3,3],"texture":"#texture"},"west":{"uv":[1,1,3,3],"texture":"#texture"},"up":{"uv":[1,1,3,3],"texture":"#texture"},"down":{"uv":[1,1,3,3],"texture":"#texture"}}},{"from":[2.6,4,6.4],"to":[3,4.6,7],"faces":{"north":{"uv":[1,1,3,3],"texture":"#texture"},"east":{"uv":[1,1,3,3],"texture":"#texture"},"south":{"uv":[1,1,3,3],"texture":"#texture"},"west":{"uv":[1,1,3,3],"texture":"#texture"},"up":{"uv":[1,1,3,3],"texture":"#texture"},"down":{"uv":[1,1,3,3],"texture":"#texture"}}},{"from":[2.6,4,9.1],"to":[3,4.6,9.7],"faces":{"north":{"uv":[1,1,3,3],"texture":"#texture"},"east":{"uv":[1,1,3,3],"texture":"#texture"},"south":{"uv":[1,1,3,3],"texture":"#texture"},"west":{"uv":[1,1,3,3],"texture":"#texture"},"up":{"uv":[1,1,3,3],"texture":"#texture"},"down":{"uv":[1,1,3,3],"texture":"#texture"}}},{"from":[2.6,4,9.5],"to":[3,6.4,10.2],"faces":{"north":{"uv":[1,1,3,3],"texture":"#texture"},"east":{"uv":[1,1,3,3],"texture":"#texture"},"south":{"uv":[1,1,3,3],"texture":"#texture"},"west":{"uv":[1,1,3,3],"texture":"#texture"},"up":{"uv":[1,1,3,3],"texture":"#texture"},"down":{"uv":[1,1,3,3],"texture":"#texture"}}},{"from":[2.79,6.75,8.5],"to":[2.8525,8.75,10.7],"faces":{"west":{"uv":[9.5,0,16,5],"texture":"#texture"}}},{"from":[2.5625,4,3.9375],"to":[4.0625,8.5,4.6],"rotation":{"angle":-22.5,"axis":"y","origin":[2.5625,8,5]},"faces":{"north":{"uv":[1,1,3,3],"texture":"#texture"},"east":{"uv":[1,1,3,3],"texture":"#texture"},"south":{"uv":[1,1,3,3],"texture":"#texture"},"west":{"uv":[1,1,3,3],"texture":"#texture"},"up":{"uv":[1,1,3,3],"texture":"#texture"},"down":{"uv":[1,1,3,3],"texture":"#texture"}}},{"from":[2.5625,5.9,3.9375],"to":[3.0625,6.5,5],"rotation":{"angle":-22.5,"axis":"y","origin":[2.5625,5.9,5]},"faces":{"north":{"uv":[1,1,3,3],"texture":"#texture"},"east":{"uv":[1,1,3,3],"texture":"#texture"},"south":{"uv":[1,1,3,3],"texture":"#texture"},"west":{"uv":[1,1,3,3],"texture":"#texture"},"up":{"uv":[1,1,3,3],"texture":"#texture"},"down":{"uv":[1,1,3,3],"texture":"#texture"}}},{"from":[2.5625,8,3.9375],"to":[4.0625,10,5],"rotation":{"angle":-22.5,"axis":"y","origin":[2.5625,8,5]},"faces":{"north":{"uv":[1,1,3,3],"texture":"#texture"},"east":{"uv":[1,1,3,3],"texture":"#texture"},"south":{"uv":[1,1,3,3],"texture":"#texture"},"west":{"uv":[1,1,3,3],"texture":"#texture"},"up":{"uv":[1,1,3,3],"texture":"#texture"},"down":{"uv":[1,1,3,3],"texture":"#texture"}}},{"from":[13,3.9,4.6],"to":[13.375,4.3,6.4],"rotation":{"angle":22.5,"axis":"x","origin":[13.1875,2.65,7]},"faces":{"north":{"uv":[1,1,3,3],"texture":"#texture"},"east":{"uv":[1,1,3,3],"texture":"#texture"},"south":{"uv":[1,1,3,3],"texture":"#texture"},"west":{"uv":[1,1,3,3],"texture":"#texture"},"up":{"uv":[1,1,3,3],"texture":"#texture"},"down":{"uv":[1,1,3,3],"texture":"#texture"}}},{"from":[13,4,7],"to":[13.375,6.1,7.6],"rotation":{"angle":22.5,"axis":"x","origin":[13.1875,4.35,7.9]},"faces":{"north":{"uv":[1,1,3,3],"texture":"#texture"},"east":{"uv":[1,1,3,3],"texture":"#texture"},"south":{"uv":[1,1,3,3],"texture":"#texture"},"west":{"uv":[1,1,3,3],"texture":"#texture"},"up":{"uv":[1,1,3,3],"texture":"#texture"},"down":{"uv":[1,1,3,3],"texture":"#texture"}}},{"from":[13,8,4.7],"to":[13.375,8.9,7.9],"rotation":{"angle":22.5,"axis":"x","origin":[13.1875,7.25,7]},"faces":{"north":{"uv":[1,1,3,3],"texture":"#texture"},"east":{"uv":[1,1,3,3],"texture":"#texture"},"south":{"uv":[1,1,3,3],"texture":"#texture"},"west":{"uv":[1,1,3,3],"texture":"#texture"},"up":{"uv":[1,1,3,3],"texture":"#texture"},"down":{"uv":[1,1,3,3],"texture":"#texture"}}},{"from":[13,9.9,5.9],"to":[13.375,10.8,8.7],"rotation":{"angle":-22.5,"axis":"x","origin":[13.1875,9.15,7.9]},"faces":{"north":{"uv":[1,1,3,3],"texture":"#texture"},"east":{"uv":[1,1,3,3],"texture":"#texture"},"south":{"uv":[1,1,3,3],"texture":"#texture"},"west":{"uv":[1,1,3,3],"texture":"#texture"},"up":{"uv":[1,1,3,3],"texture":"#texture"},"down":{"uv":[1,1,3,3],"texture":"#texture"}}},{"from":[13,8.9,5.2],"to":[13.375,10,5.8],"faces":{"north":{"uv":[1,1,3,3],"texture":"#texture"},"east":{"uv":[1,1,3,3],"texture":"#texture"},"south":{"uv":[1,1,3,3],"texture":"#texture"},"west":{"uv":[1,1,3,3],"texture":"#texture"},"up":{"uv":[1,1,3,3],"texture":"#texture"},"down":{"uv":[1,1,3,3],"texture":"#texture"}}},{"from":[13,4.3,4.9],"to":[13.375,10,5.3],"faces":{"north":{"uv":[1,1,3,3],"texture":"#texture"},"east":{"uv":[1,1,3,3],"texture":"#texture"},"south":{"uv":[1,1,3,3],"texture":"#texture"},"west":{"uv":[1,1,3,3],"texture":"#texture"},"up":{"uv":[1,1,3,3],"texture":"#texture"},"down":{"uv":[1,1,3,3],"texture":"#texture"}}},{"from":[13,4.1,5.5],"to":[13.375,6.3,5.9],"rotation":{"angle":-22.5,"axis":"x","origin":[13.1875,4.75,5.7]},"faces":{"north":{"uv":[1,1,3,3],"texture":"#texture"},"east":{"uv":[1,1,3,3],"texture":"#texture"},"south":{"uv":[1,1,3,3],"texture":"#texture"},"west":{"uv":[1,1,3,3],"texture":"#texture"},"up":{"uv":[1,1,3,3],"texture":"#texture"},"down":{"uv":[1,1,3,3],"texture":"#texture"}}},{"from":[13,4.1,5.2],"to":[13.375,5.24,5.7],"faces":{"north":{"uv":[1,1,3,3],"texture":"#texture"},"east":{"uv":[1,1,3,3],"texture":"#texture"},"south":{"uv":[1,1,3,3],"texture":"#texture"},"west":{"uv":[1,1,3,3],"texture":"#texture"},"up":{"uv":[1,1,3,3],"texture":"#texture"},"down":{"uv":[1,1,3,3],"texture":"#texture"}}},{"from":[5.25,1.4375,4.9875],"to":[10.75,2.1875,5.5625],"rotation":{"angle":22.5,"axis":"x","origin":[5.25,2.1875,5.5625]},"faces":{"north":{"uv":[1,1,3,3],"texture":"#texture"},"east":{"uv":[1,1,3,3],"texture":"#texture"},"south":{"uv":[1,1,3,3],"texture":"#texture"},"west":{"uv":[1,1,3,3],"texture":"#texture"},"up":{"uv":[1,1,3,3],"texture":"#texture"},"down":{"uv":[1,1,3,3],"texture":"#texture"}}},{"from":[5.35,1.5375,4.2875],"to":[10.65,2.1875,5.5625],"rotation":{"angle":22.5,"axis":"x","origin":[5.25,2.1875,5.5625]},"faces":{"north":{"uv":[1,9,3,11],"texture":"#texture"},"east":{"uv":[1,9,3,11],"texture":"#texture"},"south":{"uv":[1,9,3,11],"texture":"#texture"},"west":{"uv":[1,9,3,11],"texture":"#texture"},"up":{"uv":[1,9,3,11],"texture":"#texture"},"down":{"uv":[1,9,3,11],"texture":"#texture"}}},{"from":[5.35,1.8875,3.3125],"to":[10.65,2.6875,4.7],"rotation":{"angle":45,"axis":"x","origin":[5.25,2.6875,4.75]},"faces":{"north":{"uv":[1,9,3,11],"texture":"#texture"},"east":{"uv":[1,9,3,11],"texture":"#texture"},"south":{"uv":[1,9,3,11],"texture":"#texture"},"west":{"uv":[1,9,3,11],"texture":"#texture"},"up":{"uv":[1,9,3,11],"texture":"#texture"},"down":{"uv":[1,9,3,11],"texture":"#texture"}}},{"from":[5.25,1.6875,3.3125],"to":[10.75,2.6875,4.05],"rotation":{"angle":45,"axis":"x","origin":[5.25,2.6875,4.75]},"faces":{"north":{"uv":[1,1,3,3],"texture":"#texture"},"east":{"uv":[1,1,3,3],"texture":"#texture"},"south":{"uv":[1,1,3,3],"texture":"#texture"},"west":{"uv":[1,1,3,3],"texture":"#texture"},"up":{"uv":[1,1,3,3],"texture":"#texture"},"down":{"uv":[1,1,3,3],"texture":"#texture"}}}],"display":{"thirdperson_righthand":{"scale":[0,0,0]},"thirdperson_lefthand":{"scale":[0,0,0]},"firstperson_righthand":{"scale":[0,0,0]},"firstperson_lefthand":{"scale":[0,0,0]},"gui":{"rotation":[30,50,0]},"head":{"rotation":[0,-90,0],"translation":[0,-5.75,-0.25],"scale":[3.5,3.5,3.5]}}}