{"credit":"Made by MadstonMagic using Cubik Pro, Copyright © MadstonMagic Modeling 2015-2017. All rights reserved","textures":{"texture":"pokemon_skins/regular/sealeo/sealeo","mustache":"pokemon_skins/regular/sealeo/mustache","tooth":"pokemon_skins/regular/sealeo/tooth","particle":"pokemon_skins/regular/sealeo/eye"},"elements":[{"name":"cube","from":[4.5,9.5,6.5],"to":[6.5,14.5,9.5],"faces":{"north":{"uv":[2,1.5,6,5.5],"texture":"#texture"},"east":{"uv":[2.5,1.5,6.5,5.5],"texture":"#texture"},"south":{"uv":[1.5,2,5.5,6],"texture":"#texture"},"west":{"uv":[1.5,1,5.5,5],"texture":"#texture"},"up":{"uv":[2,2,6,6],"texture":"#texture"},"down":{"uv":[2,2.5,6,6.5],"texture":"#texture"}}},{"name":"cube","from":[2.5,12.5,6.5],"to":[7.5,13.5,9.5],"faces":{"north":{"uv":[2,1.5,6,5.5],"texture":"#texture"},"east":{"uv":[2.5,1.5,6.5,5.5],"texture":"#texture"},"south":{"uv":[1.5,2,5.5,6],"texture":"#texture"},"west":{"uv":[1.5,1,5.5,5],"texture":"#texture"},"up":{"uv":[2,2,6,6],"texture":"#texture"},"down":{"uv":[2,2.5,6,6.5],"texture":"#texture"}}},{"name":"cube","from":[3.5,12,5.5],"to":[6.5,13.5,10.5],"faces":{"north":{"uv":[2,1.5,6,5.5],"texture":"#texture"},"east":{"uv":[2.5,1.5,6.5,5.5],"texture":"#texture"},"south":{"uv":[1.5,2,5.5,6],"texture":"#texture"},"west":{"uv":[1.5,1,5.5,5],"texture":"#texture"},"up":{"uv":[2,2,6,6],"texture":"#texture"},"down":{"uv":[2,2.5,6,6.5],"texture":"#texture"}}},{"name":"cube","from":[2.5,10.5,6.5],"to":[3.5,12.5,9.5],"faces":{"north":{"uv":[8.5,0.5,12.5,4.5],"texture":"#texture"},"east":{"uv":[8.5,0.5,12.5,4.5],"texture":"#texture"},"south":{"uv":[8.5,2,12.5,6],"texture":"#texture"},"west":{"uv":[8.5,0.5,12.5,4.5],"texture":"#texture"},"up":{"uv":[8.5,1.5,12.5,5.5],"texture":"#texture"},"down":{"uv":[8,2,12,6],"texture":"#texture"}}},{"name":"cube","from":[3.5,9.5,6.5],"to":[4.5,10.5,9.5],"faces":{"north":{"uv":[8.5,0.5,12.5,4.5],"texture":"#texture"},"east":{"uv":[8.5,0.5,12.5,4.5],"texture":"#texture"},"south":{"uv":[8.5,2,12.5,6],"texture":"#texture"},"west":{"uv":[8.5,0.5,12.5,4.5],"texture":"#texture"},"up":{"uv":[8.5,1.5,12.5,5.5],"texture":"#texture"},"down":{"uv":[8,2,12,6],"texture":"#texture"}}},{"name":"cube","from":[7,10.5,6.5],"to":[7.5,12.5,9.5],"faces":{"north":{"uv":[2,1.5,6,5.5],"texture":"#texture"},"east":{"uv":[2.5,1.5,6.5,5.5],"texture":"#texture"},"south":{"uv":[1.5,2,5.5,6],"texture":"#texture"},"west":{"uv":[1.5,1,5.5,5],"texture":"#texture"},"up":{"uv":[2,2,6,6],"texture":"#texture"},"down":{"uv":[2,2.5,6,6.5],"texture":"#texture"}}},{"name":"cube","from":[3.5,14,6.5],"to":[4.5,14.5,9.5],"faces":{"north":{"uv":[2,1.5,6,5.5],"texture":"#texture"},"east":{"uv":[2.5,1.5,6.5,5.5],"texture":"#texture"},"south":{"uv":[1.5,2,5.5,6],"texture":"#texture"},"west":{"uv":[1.5,1,5.5,5],"texture":"#texture"},"up":{"uv":[2,2,6,6],"texture":"#texture"},"down":{"uv":[2,2.5,6,6.5],"texture":"#texture"}}},{"name":"cube","from":[3.5,10.5,5.5],"to":[4.5,12,10.5],"faces":{"north":{"uv":[8.5,0.5,12.5,4.5],"texture":"#texture"},"east":{"uv":[8.5,0.5,12.5,4.5],"texture":"#texture"},"south":{"uv":[8.5,2,12.5,6],"texture":"#texture"},"west":{"uv":[8.5,0.5,12.5,4.5],"texture":"#texture"},"up":{"uv":[8.5,1.5,12.5,5.5],"texture":"#texture"},"down":{"uv":[8,2,12,6],"texture":"#texture"}}},{"name":"cube","from":[4.5,10.5,5.5],"to":[6.5,12,10.5],"faces":{"north":{"uv":[2,1.5,6,5.5],"texture":"#texture"},"east":{"uv":[2.5,1.5,6.5,5.5],"texture":"#texture"},"south":{"uv":[1.5,2,5.5,6],"texture":"#texture"},"west":{"uv":[1.5,1,5.5,5],"texture":"#texture"},"up":{"uv":[2,2,6,6],"texture":"#texture"},"down":{"uv":[2,2.5,6,6.5],"texture":"#texture"}}},{"name":"cube","from":[3.5,12.5,5.5],"to":[6.5,13.5,6.91],"rotation":{"angle":-45,"axis":"x","origin":[3.5,13.5,5.5]},"faces":{"north":{"uv":[2,1.5,6,5.5],"texture":"#texture"},"east":{"uv":[2.5,1.5,6.5,5.5],"texture":"#texture"},"south":{"uv":[1.5,2,5.5,6],"texture":"#texture"},"west":{"uv":[1.5,1,5.5,5],"texture":"#texture"},"up":{"uv":[2,2,6,6],"texture":"#texture"},"down":{"uv":[2,2.5,6,6.5],"texture":"#texture"}}},{"name":"cube","from":[3.5,13.5,9.5],"to":[6.5,14.5,10.91],"rotation":{"angle":45,"axis":"x","origin":[3.5,14.5,9.5]},"faces":{"north":{"uv":[2,1.5,6,5.5],"texture":"#texture"},"east":{"uv":[2.5,1.5,6.5,5.5],"texture":"#texture"},"south":{"uv":[1.5,2,5.5,6],"texture":"#texture"},"west":{"uv":[1.5,1,5.5,5],"texture":"#texture"},"up":{"uv":[2,2,6,6],"texture":"#texture"},"down":{"uv":[2,2.5,6,6.5],"texture":"#texture"}}},{"name":"cube","from":[2.5,12.5,6.5],"to":[3.91,13.5,9.5],"rotation":{"angle":45,"axis":"z","origin":[2.5,13.5,6.5]},"faces":{"north":{"uv":[2,1.5,6,5.5],"texture":"#texture"},"east":{"uv":[2.5,1.5,6.5,5.5],"texture":"#texture"},"south":{"uv":[1.5,2,5.5,6],"texture":"#texture"},"west":{"uv":[1.5,1,5.5,5],"texture":"#texture"},"up":{"uv":[2,2,6,6],"texture":"#texture"},"down":{"uv":[2,2.5,6,6.5],"texture":"#texture"}}},{"name":"cube","from":[6.5,13.5,6.5],"to":[7.91,14.5,9.5],"rotation":{"angle":-45,"axis":"z","origin":[6.5,14.5,6.5]},"faces":{"north":{"uv":[2,1.5,6,5.5],"texture":"#texture"},"east":{"uv":[2.5,1.5,6.5,5.5],"texture":"#texture"},"south":{"uv":[1.5,2,5.5,6],"texture":"#texture"},"west":{"uv":[1.5,1,5.5,5],"texture":"#texture"},"up":{"uv":[2,2,6,6],"texture":"#texture"},"down":{"uv":[2,2.5,6,6.5],"texture":"#texture"}}},{"name":"cube","from":[2.5,12,6.5],"to":[3.91,13.5,12.16],"rotation":{"angle":45,"axis":"y","origin":[2.5,12,6.5]},"faces":{"north":{"uv":[2,1.5,6,5.5],"texture":"#texture"},"east":{"uv":[2.5,1.5,6.5,5.5],"texture":"#texture"},"south":{"uv":[1.5,2,5.5,6],"texture":"#texture"},"west":{"uv":[1.5,1,5.5,5],"texture":"#texture"},"up":{"uv":[2,2,6,6],"texture":"#texture"},"down":{"uv":[2,2.5,6,6.5],"texture":"#texture"}}},{"name":"cube","from":[6.5,12,5.5],"to":[7.91,13.5,11.16],"rotation":{"angle":-45,"axis":"y","origin":[6.5,12,5.5]},"faces":{"north":{"uv":[2,1.5,6,5.5],"texture":"#texture"},"east":{"uv":[2.5,1.5,6.5,5.5],"texture":"#texture"},"south":{"uv":[1.5,2,5.5,6],"texture":"#texture"},"west":{"uv":[1.5,1,5.5,5],"texture":"#texture"},"up":{"uv":[2,2,6,6],"texture":"#texture"},"down":{"uv":[2,2.5,6,6.5],"texture":"#texture"}}},{"name":"cube","from":[6.5,10.5,5.5],"to":[7.91,12,6.5],"rotation":{"angle":-45,"axis":"y","origin":[6.5,10.5,5.5]},"faces":{"north":{"uv":[2,1.5,6,5.5],"texture":"#texture"},"east":{"uv":[2.5,1.5,6.5,5.5],"texture":"#texture"},"south":{"uv":[1.5,2,5.5,6],"texture":"#texture"},"west":{"uv":[1.5,1,5.5,5],"texture":"#texture"},"up":{"uv":[2,2,6,6],"texture":"#texture"},"down":{"uv":[2,2.5,6,6.5],"texture":"#texture"}}},{"name":"cube","from":[5.7925,10.5,9.7925],"to":[7.2025,12,10.7925],"rotation":{"angle":45,"axis":"y","origin":[5.7925,10.5,9.7925]},"faces":{"north":{"uv":[2,1.5,6,5.5],"texture":"#texture"},"east":{"uv":[2.5,1.5,6.5,5.5],"texture":"#texture"},"south":{"uv":[1.5,2,5.5,6],"texture":"#texture"},"west":{"uv":[1.5,1,5.5,5],"texture":"#texture"},"up":{"uv":[2,2,6,6],"texture":"#texture"},"down":{"uv":[2,2.5,6,6.5],"texture":"#texture"}}},{"name":"cube","from":[2.5,10.5,6.5],"to":[3.91,12,7.5],"rotation":{"angle":45,"axis":"y","origin":[2.5,10.5,6.5]},"faces":{"north":{"uv":[8.5,0.5,12.5,4.5],"texture":"#texture"},"east":{"uv":[8.5,0.5,12.5,4.5],"texture":"#texture"},"south":{"uv":[8.5,2,12.5,6],"texture":"#texture"},"west":{"uv":[8.5,0.5,12.5,4.5],"texture":"#texture"},"up":{"uv":[8.5,1.5,12.5,5.5],"texture":"#texture"},"down":{"uv":[8,2,12,6],"texture":"#texture"}}},{"name":"cube","from":[3.2075,10.5,8.7925],"to":[4.6175,12,9.7925],"rotation":{"angle":-45,"axis":"y","origin":[3.2075,10.5,8.7925]},"faces":{"north":{"uv":[8.5,0.5,12.5,4.5],"texture":"#texture"},"east":{"uv":[8.5,0.5,12.5,4.5],"texture":"#texture"},"south":{"uv":[8.5,2,12.5,6],"texture":"#texture"},"west":{"uv":[8.5,0.5,12.5,4.5],"texture":"#texture"},"up":{"uv":[8.5,1.5,12.5,5.5],"texture":"#texture"},"down":{"uv":[8,2,12,6],"texture":"#texture"}}},{"name":"cube","from":[5.7925,9.2075,6.5],"to":[7.2025,10.2075,9.5],"rotation":{"angle":45,"axis":"z","origin":[5.7925,10.2075,6.5]},"faces":{"north":{"uv":[2,1.5,6,5.5],"texture":"#texture"},"east":{"uv":[2.5,1.5,6.5,5.5],"texture":"#texture"},"south":{"uv":[1.5,2,5.5,6],"texture":"#texture"},"west":{"uv":[1.5,1,5.5,5],"texture":"#texture"},"up":{"uv":[2,2,6,6],"texture":"#texture"},"down":{"uv":[2,2.5,6,6.5],"texture":"#texture"}}},{"name":"cube","from":[3.2075,10.2075,6.5],"to":[4.6175,11.2075,9.5],"rotation":{"angle":-45,"axis":"z","origin":[3.2075,11.2075,6.5]},"faces":{"north":{"uv":[8.5,0.5,12.5,4.5],"texture":"#texture"},"east":{"uv":[8.5,0.5,12.5,4.5],"texture":"#texture"},"south":{"uv":[8.5,2,12.5,6],"texture":"#texture"},"west":{"uv":[8.5,0.5,12.5,4.5],"texture":"#texture"},"up":{"uv":[8.5,1.5,12.5,5.5],"texture":"#texture"},"down":{"uv":[8,2,12,6],"texture":"#texture"}}},{"name":"cube","from":[4.5,10.2075,6.2075],"to":[6.5,11.2075,7.6175],"rotation":{"angle":45,"axis":"x","origin":[4.5,11.2075,6.2075]},"faces":{"north":{"uv":[2,1.5,6,5.5],"texture":"#texture"},"east":{"uv":[2.5,1.5,6.5,5.5],"texture":"#texture"},"south":{"uv":[1.5,2,5.5,6],"texture":"#texture"},"west":{"uv":[1.5,1,5.5,5],"texture":"#texture"},"up":{"uv":[2,2,6,6],"texture":"#texture"},"down":{"uv":[2,2.5,6,6.5],"texture":"#texture"}}},{"name":"cube","from":[4.5,9.2075,8.7925],"to":[6.5,10.2075,10.2025],"rotation":{"angle":-45,"axis":"x","origin":[4.5,10.2075,8.7925]},"faces":{"north":{"uv":[2,1.5,6,5.5],"texture":"#texture"},"east":{"uv":[2.5,1.5,6.5,5.5],"texture":"#texture"},"south":{"uv":[1.5,2,5.5,6],"texture":"#texture"},"west":{"uv":[1.5,1,5.5,5],"texture":"#texture"},"up":{"uv":[2,2,6,6],"texture":"#texture"},"down":{"uv":[2,2.5,6,6.5],"texture":"#texture"}}},{"name":"cube","from":[3.5,10.2075,6.2075],"to":[4.5,11.2075,7.6175],"rotation":{"angle":45,"axis":"x","origin":[3.5,11.2075,6.2075]},"faces":{"north":{"uv":[8.5,0.5,12.5,4.5],"texture":"#texture"},"east":{"uv":[8.5,0.5,12.5,4.5],"texture":"#texture"},"south":{"uv":[8.5,2,12.5,6],"texture":"#texture"},"west":{"uv":[8.5,0.5,12.5,4.5],"texture":"#texture"},"up":{"uv":[8.5,1.5,12.5,5.5],"texture":"#texture"},"down":{"uv":[8,2,12,6],"texture":"#texture"}}},{"name":"cube","from":[3.5,9.2075,8.7925],"to":[4.5,10.2075,10.2025],"rotation":{"angle":-45,"axis":"x","origin":[3.5,10.2075,8.7925]},"faces":{"north":{"uv":[8.5,0.5,12.5,4.5],"texture":"#texture"},"east":{"uv":[8.5,0.5,12.5,4.5],"texture":"#texture"},"south":{"uv":[8.5,2,12.5,6],"texture":"#texture"},"west":{"uv":[8.5,0.5,12.5,4.5],"texture":"#texture"},"up":{"uv":[8.5,1.5,12.5,5.5],"texture":"#texture"},"down":{"uv":[8,2,12,6],"texture":"#texture"}}},{"name":"cube","from":[2.25,12.25,6.5],"to":[2.75,12.75,7.5],"faces":{"north":{"uv":[2,1.5,6,5.5],"texture":"#texture"},"east":{"uv":[2.5,1.5,6.5,5.5],"texture":"#texture"},"south":{"uv":[1.5,2,5.5,6],"texture":"#texture"},"west":{"uv":[1.5,1,5.5,5],"texture":"#texture"},"up":{"uv":[2,2,6,6],"texture":"#texture"},"down":{"uv":[2,2.5,6,6.5],"texture":"#texture"}}},{"name":"cube","from":[2.25,12.25,8.5],"to":[2.75,12.75,9.5],"faces":{"north":{"uv":[2,1.5,6,5.5],"texture":"#texture"},"east":{"uv":[2.5,1.5,6.5,5.5],"texture":"#texture"},"south":{"uv":[1.5,2,5.5,6],"texture":"#texture"},"west":{"uv":[1.5,1,5.5,5],"texture":"#texture"},"up":{"uv":[2,2,6,6],"texture":"#texture"},"down":{"uv":[2,2.5,6,6.5],"texture":"#texture"}}},{"name":"cube","from":[2.25,12.75,6.5],"to":[2.75,13.25,9.5],"faces":{"north":{"uv":[2,1.5,6,5.5],"texture":"#texture"},"east":{"uv":[2.5,1.5,6.5,5.5],"texture":"#texture"},"south":{"uv":[1.5,2,5.5,6],"texture":"#texture"},"west":{"uv":[1.5,1,5.5,5],"texture":"#texture"},"up":{"uv":[2,2,6,6],"texture":"#texture"},"down":{"uv":[2,2.5,6,6.5],"texture":"#texture"}}},{"name":"cube","from":[2.25,12.21,7.3125],"to":[2.75,12.71,8.3125],"rotation":{"angle":-22.5,"axis":"x","origin":[2.25,12.71,7.3125]},"faces":{"north":{"uv":[2,1.5,6,5.5],"texture":"#texture"},"east":{"uv":[2.5,1.5,6.5,5.5],"texture":"#texture"},"south":{"uv":[1.5,2,5.5,6],"texture":"#texture"},"west":{"uv":[1.5,1,5.5,5],"texture":"#texture"},"up":{"uv":[2,2,6,6],"texture":"#texture"},"down":{"uv":[2,2.5,6,6.5],"texture":"#texture"}}},{"name":"cube","from":[2.25,12.595,7.7725],"to":[2.75,13.095,8.7725],"rotation":{"angle":22.5,"axis":"x","origin":[2.25,13.095,7.7725]},"faces":{"north":{"uv":[2,1.5,6,5.5],"texture":"#texture"},"east":{"uv":[2.5,1.5,6.5,5.5],"texture":"#texture"},"south":{"uv":[1.5,2,5.5,6],"texture":"#texture"},"west":{"uv":[1.5,1,5.5,5],"texture":"#texture"},"up":{"uv":[2,2,6,6],"texture":"#texture"},"down":{"uv":[2,2.5,6,6.5],"texture":"#texture"}}},{"name":"cube","from":[2.25,12.75,6.5],"to":[3.25,13.25,9.5],"rotation":{"angle":45,"axis":"z","origin":[2.25,13.25,6.5]},"faces":{"north":{"uv":[2,1.5,6,5.5],"texture":"#texture"},"east":{"uv":[2.5,1.5,6.5,5.5],"texture":"#texture"},"south":{"uv":[1.5,2,5.5,6],"texture":"#texture"},"west":{"uv":[1.5,1,5.5,5],"texture":"#texture"},"up":{"uv":[2,2,6,6],"texture":"#texture"},"down":{"uv":[2,2.5,6,6.5],"texture":"#texture"}}},{"name":"cube","from":[2.25,12.25,6.5],"to":[3.75,13.25,7.5],"rotation":{"angle":22.5,"axis":"y","origin":[2.25,12.25,6.5]},"faces":{"north":{"uv":[2,1.5,6,5.5],"texture":"#texture"},"east":{"uv":[2.5,1.5,6.5,5.5],"texture":"#texture"},"south":{"uv":[1.5,2,5.5,6],"texture":"#texture"},"west":{"uv":[1.5,1,5.5,5],"texture":"#texture"},"up":{"uv":[2,2,6,6],"texture":"#texture"},"down":{"uv":[2,2.5,6,6.5],"texture":"#texture"}}},{"name":"cube","from":[2.635,12.25,8.585],"to":[4.135,13.25,9.585],"rotation":{"angle":-22.5,"axis":"y","origin":[2.635,12.25,8.585]},"faces":{"north":{"uv":[2,1.5,6,5.5],"texture":"#texture"},"east":{"uv":[2.5,1.5,6.5,5.5],"texture":"#texture"},"south":{"uv":[1.5,2,5.5,6],"texture":"#texture"},"west":{"uv":[1.5,1,5.5,5],"texture":"#texture"},"up":{"uv":[2,2,6,6],"texture":"#texture"},"down":{"uv":[2,2.5,6,6.5],"texture":"#texture"}}},{"name":"cube","from":[2.495,11.6125,6.75],"to":[3.495,12.3625,7.25],"faces":{"west":{"uv":[0.5,0.5,10,15],"texture":"#tooth"}}},{"name":"cube","from":[2.495,11.6125,8.6875],"to":[3.495,12.3625,9.1875],"faces":{"west":{"uv":[0.5,0.5,10,15],"texture":"#tooth"}}},{"name":"cube","from":[2.245,10.05,9],"to":[2.3075,13.3,13],"faces":{"east":{"uv":[16,1,0.25,13.25],"texture":"#mustache"},"west":{"uv":[0.25,1,16,13.25],"texture":"#mustache"}}},{"name":"cube","from":[2.245,10.05,2.9375],"to":[2.3075,13.3,6.9375],"faces":{"east":{"uv":[0.25,1,16,13.25],"texture":"#mustache"},"west":{"uv":[16,1,0.25,13.25],"texture":"#mustache"}}},{"name":"cube","from":[2.245,12.8125,7.375],"to":[3.245,13,7.625],"faces":{"west":{"uv":[15.5,9,11.5,11.5],"texture":"#texture"}}},{"name":"cube","from":[2.245,12.8125,8.5],"to":[3.245,13,8.75],"faces":{"west":{"uv":[11.5,9,15.5,11.5],"texture":"#texture"}}},{"name":"cube","from":[2.995,13.25,8.75],"to":[3.995,14,9],"rotation":{"angle":-45,"axis":"z","origin":[2.995,14,8.75]},"faces":{"west":{"uv":[8.5,0.5,1,12.5],"texture":"#particle"}}},{"name":"cube","from":[2.995,13.25,7],"to":[3.995,14,7.25],"rotation":{"angle":-45,"axis":"z","origin":[2.995,14,7]},"faces":{"west":{"uv":[1,0.5,8.5,12.5],"texture":"#particle"}}},{"name":"cube","from":[4.75,4.25,6.5],"to":[7.75,10,9.5],"rotation":{"angle":22.5,"axis":"z","origin":[4.75,10,6.5]},"faces":{"north":{"uv":[2,1.5,6,5.5],"texture":"#texture"},"east":{"uv":[2.5,1.5,6.5,5.5],"texture":"#texture"},"south":{"uv":[1.5,2,5.5,6],"texture":"#texture"},"west":{"uv":[1.5,1,5.5,5],"texture":"#texture"},"up":{"uv":[2,2,6,6],"texture":"#texture"},"down":{"uv":[2,2.5,6,6.5],"texture":"#texture"}}},{"name":"cube","from":[8,4.5,6.5],"to":[14.25,7.25,9.5],"rotation":{"angle":-22.5,"axis":"z","origin":[8,7.25,6.5]},"faces":{"north":{"uv":[2,1.5,6,5.5],"texture":"#texture"},"east":{"uv":[2.5,1.5,6.5,5.5],"texture":"#texture"},"south":{"uv":[1.5,2,5.5,6],"texture":"#texture"},"west":{"uv":[1.5,1,5.5,5],"texture":"#texture"},"up":{"uv":[2,2,6,6],"texture":"#texture"},"down":{"uv":[2,2.5,6,6.5],"texture":"#texture"}}},{"name":"cube","from":[4.5,4.8125,6.4375],"to":[7.5,10.5625,9.4375],"rotation":{"angle":22.5,"axis":"x","origin":[4.5,10.5625,6.4375]},"faces":{"north":{"uv":[2,1.5,6,5.5],"texture":"#texture"},"east":{"uv":[2.5,1.5,6.5,5.5],"texture":"#texture"},"south":{"uv":[1.5,2,5.5,6],"texture":"#texture"},"west":{"uv":[1.5,1,5.5,5],"texture":"#texture"},"up":{"uv":[2,2,6,6],"texture":"#texture"},"down":{"uv":[2,2.5,6,6.5],"texture":"#texture"}}},{"name":"cube","from":[4.5,3.655,6.7825],"to":[7.5,9.405,9.7825],"rotation":{"angle":-22.5,"axis":"x","origin":[4.5,9.405,6.7825]},"faces":{"north":{"uv":[2,1.5,6,5.5],"texture":"#texture"},"east":{"uv":[2.5,1.5,6.5,5.5],"texture":"#texture"},"south":{"uv":[1.5,2,5.5,6],"texture":"#texture"},"west":{"uv":[1.5,1,5.5,5],"texture":"#texture"},"up":{"uv":[2,2,6,6],"texture":"#texture"},"down":{"uv":[2,2.5,6,6.5],"texture":"#texture"}}},{"name":"cube","from":[4.5,0.75,4.25],"to":[7.5,5.25,11.75],"faces":{"north":{"uv":[2,1.5,6,5.5],"texture":"#texture"},"east":{"uv":[2.5,1.5,6.5,5.5],"texture":"#texture"},"south":{"uv":[1.5,2,5.5,6],"texture":"#texture"},"west":{"uv":[1.5,1,5.5,5],"texture":"#texture"},"up":{"uv":[2,2,6,6],"texture":"#texture"},"down":{"uv":[2,2.5,6,6.5],"texture":"#texture"}}},{"name":"cube","from":[4.5,5.25,7.25],"to":[7.5,6.75,8.75],"faces":{"north":{"uv":[2,1.5,6,5.5],"texture":"#texture"},"east":{"uv":[2.5,1.5,6.5,5.5],"texture":"#texture"},"south":{"uv":[1.5,2,5.5,6],"texture":"#texture"},"west":{"uv":[1.5,1,5.5,5],"texture":"#texture"},"up":{"uv":[2,2,6,6],"texture":"#texture"},"down":{"uv":[2,2.5,6,6.5],"texture":"#texture"}}},{"name":"cube","from":[7.5,0.75,4.25],"to":[13,3.75,11.75],"faces":{"north":{"uv":[2,1.5,6,5.5],"texture":"#texture"},"east":{"uv":[2.5,1.5,6.5,5.5],"texture":"#texture"},"south":{"uv":[1.5,2,5.5,6],"texture":"#texture"},"west":{"uv":[1.5,1,5.5,5],"texture":"#texture"},"up":{"uv":[2,2,6,6],"texture":"#texture"},"down":{"uv":[2,2.5,6,6.5],"texture":"#texture"}}},{"name":"cube","from":[12.1875,1.9375,6.5],"to":[13.9375,4.1875,9.5],"rotation":{"angle":22.5,"axis":"z","origin":[12.1875,4.1875,6.5]},"faces":{"north":{"uv":[2,1.5,6,5.5],"texture":"#texture"},"east":{"uv":[2.5,1.5,6.5,5.5],"texture":"#texture"},"south":{"uv":[1.5,2,5.5,6],"texture":"#texture"},"west":{"uv":[1.5,1,5.5,5],"texture":"#texture"},"up":{"uv":[2,2,6,6],"texture":"#texture"},"down":{"uv":[2,2.5,6,6.5],"texture":"#texture"}}},{"name":"cube","from":[11.25,0,4.25],"to":[14,2.5,11.75],"rotation":{"angle":45,"axis":"z","origin":[11.25,2.5,4.25]},"faces":{"north":{"uv":[2,1.5,6,5.5],"texture":"#texture"},"east":{"uv":[2.5,1.5,6.5,5.5],"texture":"#texture"},"south":{"uv":[1.5,2,5.5,6],"texture":"#texture"},"west":{"uv":[1.5,1,5.5,5],"texture":"#texture"},"up":{"uv":[2,2,6,6],"texture":"#texture"},"down":{"uv":[2,2.5,6,6.5],"texture":"#texture"}}},{"name":"cube","from":[9.75,2.25,4.25],"to":[13.5,3,11.75],"rotation":{"angle":22.5,"axis":"z","origin":[9.75,3,4.25]},"faces":{"north":{"uv":[2,1.5,6,5.5],"texture":"#texture"},"east":{"uv":[2.5,1.5,6.5,5.5],"texture":"#texture"},"south":{"uv":[1.5,2,5.5,6],"texture":"#texture"},"west":{"uv":[1.5,1,5.5,5],"texture":"#texture"},"up":{"uv":[2,2,6,6],"texture":"#texture"},"down":{"uv":[2,2.5,6,6.5],"texture":"#texture"}}},{"name":"cube","from":[7.5,3.75,6.5],"to":[9.5,5,9.5],"faces":{"north":{"uv":[2,1.5,6,5.5],"texture":"#texture"},"east":{"uv":[2.5,1.5,6.5,5.5],"texture":"#texture"},"south":{"uv":[1.5,2,5.5,6],"texture":"#texture"},"west":{"uv":[1.5,1,5.5,5],"texture":"#texture"},"up":{"uv":[2,2,6,6],"texture":"#texture"},"down":{"uv":[2,2.5,6,6.5],"texture":"#texture"}}},{"name":"cube","from":[7.5,3,4.25],"to":[11.5,5.25,11.75],"rotation":{"angle":-22.5,"axis":"z","origin":[7.5,5.25,4.25]},"faces":{"north":{"uv":[2,1.5,6,5.5],"texture":"#texture"},"east":{"uv":[2.5,1.5,6.5,5.5],"texture":"#texture"},"south":{"uv":[1.5,2,5.5,6],"texture":"#texture"},"west":{"uv":[1.5,1,5.5,5],"texture":"#texture"},"up":{"uv":[2,2,6,6],"texture":"#texture"},"down":{"uv":[2,2.5,6,6.5],"texture":"#texture"}}},{"name":"cube","from":[13,1.5,6.5],"to":[17.5,2.75,9.5],"faces":{"north":{"uv":[2,1.5,6,5.5],"texture":"#texture"},"east":{"uv":[2.5,1.5,6.5,5.5],"texture":"#texture"},"south":{"uv":[1.5,2,5.5,6],"texture":"#texture"},"west":{"uv":[1.5,1,5.5,5],"texture":"#texture"},"up":{"uv":[2,2,6,6],"texture":"#texture"},"down":{"uv":[2,2.5,6,6.5],"texture":"#texture"}}},{"name":"cube","from":[17,1.375,7.25],"to":[19.5,2.625,8.75],"rotation":{"angle":22.5,"axis":"z","origin":[17,2.625,7.25]},"faces":{"north":{"uv":[2,1.5,6,5.5],"texture":"#texture"},"east":{"uv":[2.5,1.5,6.5,5.5],"texture":"#texture"},"south":{"uv":[1.5,2,5.5,6],"texture":"#texture"},"west":{"uv":[1.5,1,5.5,5],"texture":"#texture"},"up":{"uv":[2,2,6,6],"texture":"#texture"},"down":{"uv":[2,2.5,6,6.5],"texture":"#texture"}}},{"name":"cube","from":[14,1.5,5.75],"to":[18.75,2.75,7.5],"rotation":{"angle":22.5,"axis":"y","origin":[14,1.5,5.75]},"faces":{"north":{"uv":[2,1.5,6,5.5],"texture":"#texture"},"east":{"uv":[2.5,1.5,6.5,5.5],"texture":"#texture"},"south":{"uv":[1.5,2,5.5,6],"texture":"#texture"},"west":{"uv":[1.5,1,5.5,5],"texture":"#texture"},"up":{"uv":[2,2,6,6],"texture":"#texture"},"down":{"uv":[2,2.5,6,6.5],"texture":"#texture"}}},{"name":"cube","from":[14.75,1.5,8.75],"to":[19.5,2.75,10.5],"rotation":{"angle":-22.5,"axis":"y","origin":[14.75,1.5,8.75]},"faces":{"north":{"uv":[2,1.5,6,5.5],"texture":"#texture"},"east":{"uv":[2.5,1.5,6.5,5.5],"texture":"#texture"},"south":{"uv":[1.5,2,5.5,6],"texture":"#texture"},"west":{"uv":[1.5,1,5.5,5],"texture":"#texture"},"up":{"uv":[2,2,6,6],"texture":"#texture"},"down":{"uv":[2,2.5,6,6.5],"texture":"#texture"}}},{"name":"cube","from":[6,2.25,11.25],"to":[8.5,3.5,15.75],"rotation":{"angle":22.5,"axis":"x","origin":[6,3.5,11.25]},"faces":{"north":{"uv":[2,1.5,6,5.5],"texture":"#texture"},"east":{"uv":[2.5,1.5,6.5,5.5],"texture":"#texture"},"south":{"uv":[1.5,2,5.5,6],"texture":"#texture"},"west":{"uv":[1.5,1,5.5,5],"texture":"#texture"},"up":{"uv":[2,2,6,6],"texture":"#texture"},"down":{"uv":[2,2.5,6,6.5],"texture":"#texture"}}},{"name":"cube","from":[6,0.5,0.75],"to":[8.5,1.75,5.25],"rotation":{"angle":-22.5,"axis":"x","origin":[6,1.75,0.75]},"faces":{"north":{"uv":[2,1.5,6,5.5],"texture":"#texture"},"east":{"uv":[2.5,1.5,6.5,5.5],"texture":"#texture"},"south":{"uv":[1.5,2,5.5,6],"texture":"#texture"},"west":{"uv":[1.5,1,5.5,5],"texture":"#texture"},"up":{"uv":[2,2,6,6],"texture":"#texture"},"down":{"uv":[2,2.5,6,6.5],"texture":"#texture"}}},{"name":"cube","from":[3.5,1.5,6.5],"to":[4.75,9.5,9.5],"faces":{"north":{"uv":[8.5,0.5,12.5,4.5],"texture":"#texture"},"east":{"uv":[8.5,0.5,12.5,4.5],"texture":"#texture"},"south":{"uv":[8.5,2,12.5,6],"texture":"#texture"},"west":{"uv":[8.5,0.5,12.5,4.5],"texture":"#texture"},"up":{"uv":[8.5,1.5,12.5,5.5],"texture":"#texture"},"down":{"uv":[8,2,12,6],"texture":"#texture"}}},{"name":"cube","from":[3.5,1.5,4.75],"to":[4.5,5.5,11.25],"faces":{"north":{"uv":[8.5,0.5,12.5,4.5],"texture":"#texture"},"east":{"uv":[8.5,0.5,12.5,4.5],"texture":"#texture"},"south":{"uv":[8.5,2,12.5,6],"texture":"#texture"},"west":{"uv":[8.5,0.5,12.5,4.5],"texture":"#texture"},"up":{"uv":[8.5,1.5,12.5,5.5],"texture":"#texture"},"down":{"uv":[8,2,12,6],"texture":"#texture"}}},{"name":"cube","from":[3.5,5.125,6.5625],"to":[5.25,9.875,8.8125],"rotation":{"angle":22.5,"axis":"x","origin":[3.5,9.875,6.5625]},"faces":{"north":{"uv":[8.5,0.5,12.5,4.5],"texture":"#texture"},"east":{"uv":[8.5,0.5,12.5,4.5],"texture":"#texture"},"south":{"uv":[8.5,2,12.5,6],"texture":"#texture"},"west":{"uv":[8.5,0.5,12.5,4.5],"texture":"#texture"},"up":{"uv":[8.5,1.5,12.5,5.5],"texture":"#texture"},"down":{"uv":[8,2,12,6],"texture":"#texture"}}},{"name":"cube","from":[3.5,4.25,7.375],"to":[5.25,9,9.625],"rotation":{"angle":-22.5,"axis":"x","origin":[3.5,9,7.375]},"faces":{"north":{"uv":[8.5,0.5,12.5,4.5],"texture":"#texture"},"east":{"uv":[8.5,0.5,12.5,4.5],"texture":"#texture"},"south":{"uv":[8.5,2,12.5,6],"texture":"#texture"},"west":{"uv":[8.5,0.5,12.5,4.5],"texture":"#texture"},"up":{"uv":[8.5,1.5,12.5,5.5],"texture":"#texture"},"down":{"uv":[8,2,12,6],"texture":"#texture"}}},{"name":"cube","from":[3.77,6.52,6.75],"to":[5.52,10.02,9.75],"rotation":{"angle":-22.5,"axis":"z","origin":[3.77,10.02,6.75]},"faces":{"north":{"uv":[8.5,0.5,12.5,4.5],"texture":"#texture"},"east":{"uv":[8.5,0.5,12.5,4.5],"texture":"#texture"},"south":{"uv":[8.5,2,12.5,6],"texture":"#texture"},"west":{"uv":[8.5,0.5,12.5,4.5],"texture":"#texture"},"up":{"uv":[8.5,1.5,12.5,5.5],"texture":"#texture"},"down":{"uv":[8,2,12,6],"texture":"#texture"}}},{"name":"cube","from":[2.4375,2.5625,6.75],"to":[3.9375,6.8125,9.75],"faces":{"north":{"uv":[8.5,0.5,12.5,4.5],"texture":"#texture"},"east":{"uv":[8.5,0.5,12.5,4.5],"texture":"#texture"},"south":{"uv":[8.5,2,12.5,6],"texture":"#texture"},"west":{"uv":[8.5,0.5,12.5,4.5],"texture":"#texture"},"up":{"uv":[8.5,1.5,12.5,5.5],"texture":"#texture"},"down":{"uv":[8,2,12,6],"texture":"#texture"}}},{"name":"cube","from":[2.4375,1.0625,6.75],"to":[3.9375,2.5625,9.75],"rotation":{"angle":45,"axis":"z","origin":[2.4375,2.5625,6.75]},"faces":{"north":{"uv":[8.5,0.5,12.5,4.5],"texture":"#texture"},"east":{"uv":[8.5,0.5,12.5,4.5],"texture":"#texture"},"south":{"uv":[8.5,2,12.5,6],"texture":"#texture"},"west":{"uv":[8.5,0.5,12.5,4.5],"texture":"#texture"},"up":{"uv":[8.5,1.5,12.5,5.5],"texture":"#texture"},"down":{"uv":[8,2,12,6],"texture":"#texture"}}},{"name":"cube","from":[4.5,3.25,8.755],"to":[5.75,5.25,11.755],"faces":{"south":{"uv":[0.5,8,10,15.5],"texture":"#texture"}}},{"name":"cube","from":[4.5,3.25,4.245],"to":[5.75,5.25,7.245],"faces":{"north":{"uv":[0.5,8,10,15.5],"texture":"#texture"}}},{"name":"cube","from":[6.25,3.25,8.755],"to":[6.75,4.25,11.755],"rotation":{"angle":-22.5,"axis":"z","origin":[6.25,4.25,8.755]},"faces":{"south":{"uv":[0.5,8,10,15.5],"texture":"#texture"}}},{"name":"cube","from":[6.25,3.25,4.245],"to":[6.75,4.25,7.245],"rotation":{"angle":-22.5,"axis":"z","origin":[6.25,4.25,4.245]},"faces":{"north":{"uv":[0.5,8,10,15.5],"texture":"#texture"}}},{"name":"cube","from":[3.5,0.75,4.75],"to":[4.5,1.5,11.25],"faces":{"north":{"uv":[2,1.5,6,5.5],"texture":"#texture"},"east":{"uv":[2.5,1.5,6.5,5.5],"texture":"#texture"},"south":{"uv":[1.5,2,5.5,6],"texture":"#texture"},"west":{"uv":[1.5,1,5.5,5],"texture":"#texture"},"up":{"uv":[2,2,6,6],"texture":"#texture"},"down":{"uv":[2,2.5,6,6.5],"texture":"#texture"}}},{"name":"cube","from":[6.75,2.75,10.5],"to":[7.75,4,16],"rotation":{"angle":22.5,"axis":"x","origin":[6.75,4,10.5]},"faces":{"north":{"uv":[2,1.5,6,5.5],"texture":"#texture"},"east":{"uv":[2.5,1.5,6.5,5.5],"texture":"#texture"},"south":{"uv":[1.5,2,5.5,6],"texture":"#texture"},"west":{"uv":[1.5,1,5.5,5],"texture":"#texture"},"up":{"uv":[2,2,6,6],"texture":"#texture"},"down":{"uv":[2,2.5,6,6.5],"texture":"#texture"}}},{"name":"cube","from":[6.75,0.5625,0.5625],"to":[7.75,1.8125,6.0625],"rotation":{"angle":-22.5,"axis":"x","origin":[6.75,1.8125,0.5625]},"faces":{"north":{"uv":[2,1.5,6,5.5],"texture":"#texture"},"east":{"uv":[2.5,1.5,6.5,5.5],"texture":"#texture"},"south":{"uv":[1.5,2,5.5,6],"texture":"#texture"},"west":{"uv":[1.5,1,5.5,5],"texture":"#texture"},"up":{"uv":[2,2,6,6],"texture":"#texture"},"down":{"uv":[2,2.5,6,6.5],"texture":"#texture"}}},{"name":"cube","from":[3.495,0.8125,5.25],"to":[4.745,1.4375,6.5625],"faces":{"west":{"uv":[0.5,8,10,15.5],"texture":"#texture"}}},{"name":"cube","from":[3.495,0.8125,9.5],"to":[4.745,1.4375,10.8125],"faces":{"west":{"uv":[0.5,8,10,15.5],"texture":"#texture"}}}],"display":{"head":{"rotation":[0,-90,0],"translation":[0,-23.25,0],"scale":[2.5,2.5,2.5]},"gui":{"rotation":[30,50,0],"translation":[-0.5,1.5,0],"scale":[0.8,0.8,0.8]},"thirdperson_righthand":{"scale":[0,0,0]},"thirdperson_lefthand":{"scale":[0,0,0]},"firstperson_righthand":{"scale":[0,0,0]},"firstperson_lefthand":{"scale":[0,0,0]}}}