{"credit":"Made by MadstonMagic using Cubik Pro, Copyright © MadstonMagic Modeling 2015-2017. All rights reserved","textures":{"texture":"pokemon_skins/regular/relicanth/relicanth","detail_1":"pokemon_skins/regular/relicanth/detail_1","detail_2":"pokemon_skins/regular/relicanth/detail_2","fins":"pokemon_skins/regular/relicanth/fins","particle":"pokemon_skins/regular/relicanth/eye"},"elements":[{"name":"cube","from":[4,5.5,5.5],"to":[10,9,10.5],"faces":{"north":{"uv":[1.5,3.5,5.5,6],"texture":"#texture"},"east":{"uv":[2,1.5,6.5,5.5],"texture":"#texture"},"south":{"uv":[1,2,6,5.5],"texture":"#texture"},"west":{"uv":[2,2.5,5.5,5],"texture":"#texture"},"up":{"uv":[3,2.5,6,6],"texture":"#texture"},"down":{"uv":[2,2,6.5,5.5],"texture":"#texture"}}},{"name":"cube","from":[4,5.5,7],"to":[10,10.5,9],"faces":{"north":{"uv":[1.5,3.5,5.5,6],"texture":"#texture"},"east":{"uv":[2,1.5,6.5,5.5],"texture":"#texture"},"south":{"uv":[1,2,6,5.5],"texture":"#texture"},"west":{"uv":[2,2.5,5.5,5],"texture":"#texture"},"up":{"uv":[3,2.5,6,6],"texture":"#texture"},"down":{"uv":[2,2,6.5,5.5],"texture":"#texture"}}},{"name":"cube","from":[4,7.5,5.5],"to":[10,9,7.6],"rotation":{"angle":-45,"axis":"x","origin":[4,9,5.5]},"faces":{"north":{"uv":[1.5,3.5,5.5,6],"texture":"#texture"},"east":{"uv":[2,1.5,6.5,5.5],"texture":"#texture"},"south":{"uv":[1,2,6,5.5],"texture":"#texture"},"west":{"uv":[2,2.5,5.5,5],"texture":"#texture"},"up":{"uv":[3,2.5,6,6],"texture":"#texture"},"down":{"uv":[2,2,6.5,5.5],"texture":"#texture"}}},{"name":"cube","from":[4,9,8.99816],"to":[10,10.5,11.1182],"rotation":{"angle":45,"axis":"x","origin":[4,10.5,8.99816]},"faces":{"north":{"uv":[1.5,3.5,5.5,6],"texture":"#texture"},"east":{"uv":[2,1.5,6.5,5.5],"texture":"#texture"},"south":{"uv":[1,2,6,5.5],"texture":"#texture"},"west":{"uv":[2,2.5,5.5,5],"texture":"#texture"},"up":{"uv":[3,2.5,6,6],"texture":"#texture"},"down":{"uv":[2,2,6.5,5.5],"texture":"#texture"}}},{"name":"cube","from":[10,8.5,7],"to":[14.5,10.5,9],"rotation":{"angle":-22.5,"axis":"z","origin":[10,10.5,7]},"faces":{"north":{"uv":[1.5,3.5,5.5,6],"texture":"#texture"},"east":{"uv":[2,1.5,6.5,5.5],"texture":"#texture"},"south":{"uv":[1,2,6,5.5],"texture":"#texture"},"west":{"uv":[2,2.5,5.5,5],"texture":"#texture"},"up":{"uv":[3,2.5,6,6],"texture":"#texture"},"down":{"uv":[2,2,6.5,5.5],"texture":"#texture"}}},{"name":"cube","from":[4,4.5,6.5],"to":[10,5.5,9.5],"faces":{"north":{"uv":[1.5,3.5,5.5,6],"texture":"#texture"},"east":{"uv":[2,1.5,6.5,5.5],"texture":"#texture"},"south":{"uv":[1,2,6,5.5],"texture":"#texture"},"west":{"uv":[2,2.5,5.5,5],"texture":"#texture"},"up":{"uv":[3,2.5,6,6],"texture":"#texture"},"down":{"uv":[2,2,6.5,5.5],"texture":"#texture"}}},{"name":"cube","from":[4,3.9,5],"to":[10,6,6],"rotation":{"angle":-45,"axis":"x","origin":[4,6,5]},"faces":{"north":{"uv":[1.5,3.5,5.5,6],"texture":"#texture"},"east":{"uv":[2,1.5,6.5,5.5],"texture":"#texture"},"south":{"uv":[1,2,6,5.5],"texture":"#texture"},"west":{"uv":[2,2.5,5.5,5],"texture":"#texture"},"up":{"uv":[3,2.5,6,6],"texture":"#texture"},"down":{"uv":[2,2,6.5,5.5],"texture":"#texture"}}},{"name":"cube","from":[9.25,4.3125,7],"to":[13.75,6.3125,9],"rotation":{"angle":22.5,"axis":"z","origin":[9.25,6.3125,7]},"faces":{"north":{"uv":[1.5,3.5,5.5,6],"texture":"#texture"},"east":{"uv":[2,1.5,6.5,5.5],"texture":"#texture"},"south":{"uv":[1,2,6,5.5],"texture":"#texture"},"west":{"uv":[2,2.5,5.5,5],"texture":"#texture"},"up":{"uv":[3,2.5,6,6],"texture":"#texture"},"down":{"uv":[2,2,6.5,5.5],"texture":"#texture"}}},{"name":"cube","from":[12.0625,7.625,7.5],"to":[16.5625,9.625,8.5],"rotation":{"angle":22.5,"axis":"z","origin":[12.0625,9.625,7.5]},"faces":{"north":{"uv":[1.5,3.5,5.5,6],"texture":"#texture"},"east":{"uv":[2,1.5,6.5,5.5],"texture":"#texture"},"south":{"uv":[1,2,6,5.5],"texture":"#texture"},"west":{"uv":[2,2.5,5.5,5],"texture":"#texture"},"up":{"uv":[3,2.5,6,6],"texture":"#texture"},"down":{"uv":[2,2,6.5,5.5],"texture":"#texture"}}},{"name":"cube","from":[12.8279,5.25,7.5],"to":[17.3279,7.25,8.5],"rotation":{"angle":-22.5,"axis":"z","origin":[12.8279,7.25,7.5]},"faces":{"north":{"uv":[1.5,3.5,5.5,6],"texture":"#texture"},"east":{"uv":[2,1.5,6.5,5.5],"texture":"#texture"},"south":{"uv":[1,2,6,5.5],"texture":"#texture"},"west":{"uv":[2,2.5,5.5,5],"texture":"#texture"},"up":{"uv":[3,2.5,6,6],"texture":"#texture"},"down":{"uv":[2,2,6.5,5.5],"texture":"#texture"}}},{"name":"cube","from":[14,5.5,7.5],"to":[16.5,9.5,8.5],"faces":{"north":{"uv":[1.5,3.5,5.5,6],"texture":"#texture"},"east":{"uv":[2,1.5,6.5,5.5],"texture":"#texture"},"south":{"uv":[1,2,6,5.5],"texture":"#texture"},"west":{"uv":[2,2.5,5.5,5],"texture":"#texture"},"up":{"uv":[3,2.5,6,6],"texture":"#texture"},"down":{"uv":[2,2,6.5,5.5],"texture":"#texture"}}},{"name":"cube","from":[9.75,6.25,7],"to":[14,8.75,9],"faces":{"north":{"uv":[1.5,3.5,5.5,6],"texture":"#texture"},"east":{"uv":[2,1.5,6.5,5.5],"texture":"#texture"},"south":{"uv":[1,2,6,5.5],"texture":"#texture"},"west":{"uv":[2,2.5,5.5,5],"texture":"#texture"},"up":{"uv":[3,2.5,6,6],"texture":"#texture"},"down":{"uv":[2,2,6.5,5.5],"texture":"#texture"}}},{"name":"cube","from":[16.25,9.5625,7.5],"to":[18.25,10.3125,8.5],"rotation":{"angle":-22.5,"axis":"z","origin":[16.25,10.3125,7.5]},"faces":{"north":{"uv":[1.5,3.5,5.5,6],"texture":"#texture"},"east":{"uv":[2,1.5,6.5,5.5],"texture":"#texture"},"south":{"uv":[1,2,6,5.5],"texture":"#texture"},"west":{"uv":[2,2.5,5.5,5],"texture":"#texture"},"up":{"uv":[3,2.5,6,6],"texture":"#texture"},"down":{"uv":[2,2,6.5,5.5],"texture":"#texture"}}},{"name":"cube","from":[16,4.8125,7.5],"to":[18,5.5625,8.5],"rotation":{"angle":22.5,"axis":"z","origin":[16,5.5625,7.5]},"faces":{"north":{"uv":[1.5,3.5,5.5,6],"texture":"#texture"},"east":{"uv":[2,1.5,6.5,5.5],"texture":"#texture"},"south":{"uv":[1,2,6,5.5],"texture":"#texture"},"west":{"uv":[2,2.5,5.5,5],"texture":"#texture"},"up":{"uv":[3,2.5,6,6],"texture":"#texture"},"down":{"uv":[2,2,6.5,5.5],"texture":"#texture"}}},{"name":"cube","from":[17.4175,8.0825,7.5],"to":[18.1675,9.8325,8.5],"rotation":{"angle":-22.5,"axis":"z","origin":[17.4175,9.8325,7.5]},"faces":{"north":{"uv":[1.5,3.5,5.5,6],"texture":"#texture"},"east":{"uv":[2,1.5,6.5,5.5],"texture":"#texture"},"south":{"uv":[1,2,6,5.5],"texture":"#texture"},"west":{"uv":[2,2.5,5.5,5],"texture":"#texture"},"up":{"uv":[3,2.5,6,6],"texture":"#texture"},"down":{"uv":[2,2,6.5,5.5],"texture":"#texture"}}},{"name":"cube","from":[16.75,5.25,7.5],"to":[17.5,7,8.5],"rotation":{"angle":22.5,"axis":"z","origin":[16.75,7,7.5]},"faces":{"north":{"uv":[1.5,3.5,5.5,6],"texture":"#texture"},"east":{"uv":[2,1.5,6.5,5.5],"texture":"#texture"},"south":{"uv":[1,2,6,5.5],"texture":"#texture"},"west":{"uv":[2,2.5,5.5,5],"texture":"#texture"},"up":{"uv":[3,2.5,6,6],"texture":"#texture"},"down":{"uv":[2,2,6.5,5.5],"texture":"#texture"}}},{"name":"cube","from":[16.5,5.75,7.5],"to":[17.5,9.5,8.5],"faces":{"north":{"uv":[1.5,3.5,5.5,6],"texture":"#texture"},"east":{"uv":[2,1.5,6.5,5.5],"texture":"#texture"},"south":{"uv":[1,2,6,5.5],"texture":"#texture"},"west":{"uv":[2,2.5,5.5,5],"texture":"#texture"},"up":{"uv":[3,2.5,6,6],"texture":"#texture"},"down":{"uv":[2,2,6.5,5.5],"texture":"#texture"}}},{"name":"cube","from":[4,6,5],"to":[10,7.5,11],"faces":{"north":{"uv":[1.5,3.5,5.5,6],"texture":"#texture"},"east":{"uv":[2,1.5,6.5,5.5],"texture":"#texture"},"south":{"uv":[1,2,6,5.5],"texture":"#texture"},"west":{"uv":[2,2.5,5.5,5],"texture":"#texture"},"up":{"uv":[3,2.5,6,6],"texture":"#texture"},"down":{"uv":[2,2,6.5,5.5],"texture":"#texture"}}},{"name":"cube","from":[4,4.61,10.2925],"to":[10,6.71,11.2925],"rotation":{"angle":45,"axis":"x","origin":[4,6.71,10.2925]},"faces":{"north":{"uv":[1.5,3.5,5.5,6],"texture":"#texture"},"east":{"uv":[2,1.5,6.5,5.5],"texture":"#texture"},"south":{"uv":[1,2,6,5.5],"texture":"#texture"},"west":{"uv":[2,2.5,5.5,5],"texture":"#texture"},"up":{"uv":[3,2.5,6,6],"texture":"#texture"},"down":{"uv":[2,2,6.5,5.5],"texture":"#texture"}}},{"name":"cube","from":[4,6,5],"to":[10,7.5,7.1],"rotation":{"angle":-45,"axis":"x","origin":[4,7.5,5]},"faces":{"north":{"uv":[1.5,3.5,5.5,6],"texture":"#texture"},"east":{"uv":[2,1.5,6.5,5.5],"texture":"#texture"},"south":{"uv":[1,2,6,5.5],"texture":"#texture"},"west":{"uv":[2,2.5,5.5,5],"texture":"#texture"},"up":{"uv":[3,2.5,6,6],"texture":"#texture"},"down":{"uv":[2,2,6.5,5.5],"texture":"#texture"}}},{"name":"cube","from":[4,7.5,9.5],"to":[10,9,11.62],"rotation":{"angle":45,"axis":"x","origin":[4,9,9.5]},"faces":{"north":{"uv":[1.5,3.5,5.5,6],"texture":"#texture"},"east":{"uv":[2,1.5,6.5,5.5],"texture":"#texture"},"south":{"uv":[1,2,6,5.5],"texture":"#texture"},"west":{"uv":[2,2.5,5.5,5],"texture":"#texture"},"up":{"uv":[3,2.5,6,6],"texture":"#texture"},"down":{"uv":[2,2,6.5,5.5],"texture":"#texture"}}},{"name":"cube","from":[2,4.5,7],"to":[4,10.5,9],"faces":{"north":{"uv":[9.5,2.75,13.5,5.25],"texture":"#texture"},"east":{"uv":[10,1.5,14.5,5.5],"texture":"#texture"},"south":{"uv":[9,1.5,14,5],"texture":"#texture"},"west":{"uv":[10,2.25,13.5,4.75],"texture":"#texture"},"up":{"uv":[9.75,2,12.75,5.5],"texture":"#texture"},"down":{"uv":[10.75,1.75,15.25,5.25],"texture":"#texture"}}},{"name":"cube","from":[-2.25,6.25,7],"to":[2.375,8.75,9],"rotation":{"angle":22.5,"axis":"z","origin":[-2.25,8.75,7]},"faces":{"north":{"uv":[9.5,2.75,13.5,5.25],"texture":"#texture"},"east":{"uv":[10,1.5,14.5,5.5],"texture":"#texture"},"south":{"uv":[9,1.5,14,5],"texture":"#texture"},"west":{"uv":[10,2.25,13.5,4.75],"texture":"#texture"},"up":{"uv":[9.75,2,12.75,5.5],"texture":"#texture"},"down":{"uv":[10.75,1.75,15.25,5.25],"texture":"#texture"}}},{"name":"cube","from":[-2.25,6.25,7],"to":[2,8.75,9],"faces":{"north":{"uv":[9.5,2.75,13.5,5.25],"texture":"#texture"},"east":{"uv":[10,1.5,14.5,5.5],"texture":"#texture"},"south":{"uv":[9,1.5,14,5],"texture":"#texture"},"west":{"uv":[10,2.25,13.5,4.75],"texture":"#texture"},"up":{"uv":[9.75,2,12.75,5.5],"texture":"#texture"},"down":{"uv":[10.75,1.75,15.25,5.25],"texture":"#texture"}}},{"name":"cube","from":[0,5.5,5.5],"to":[4,9,10.5],"faces":{"north":{"uv":[9.5,2.75,13.5,5.25],"texture":"#texture"},"east":{"uv":[10,1.5,14.5,5.5],"texture":"#texture"},"south":{"uv":[9,1.5,14,5],"texture":"#texture"},"west":{"uv":[10,2.25,13.5,4.75],"texture":"#texture"},"up":{"uv":[9.75,2,12.75,5.5],"texture":"#texture"},"down":{"uv":[10.75,1.75,15.25,5.25],"texture":"#texture"}}},{"name":"cube","from":[2,9,9],"to":[4,10.5,11.12],"rotation":{"angle":45,"axis":"x","origin":[2,10.5,9]},"faces":{"north":{"uv":[9.5,2.75,13.5,5.25],"texture":"#texture"},"east":{"uv":[10,1.5,14.5,5.5],"texture":"#texture"},"south":{"uv":[9,1.5,14,5],"texture":"#texture"},"west":{"uv":[10,2.25,13.5,4.75],"texture":"#texture"},"up":{"uv":[9.75,2,12.75,5.5],"texture":"#texture"},"down":{"uv":[10.75,1.75,15.25,5.25],"texture":"#texture"}}},{"name":"cube","from":[0,4.5,6.5],"to":[4,5.5,9.5],"faces":{"north":{"uv":[9.5,2.75,13.5,5.25],"texture":"#texture"},"east":{"uv":[10,1.5,14.5,5.5],"texture":"#texture"},"south":{"uv":[9,1.5,14,5],"texture":"#texture"},"west":{"uv":[10,2.25,13.5,4.75],"texture":"#texture"},"up":{"uv":[9.75,2,12.75,5.5],"texture":"#texture"},"down":{"uv":[10.75,1.75,15.25,5.25],"texture":"#texture"}}},{"name":"cube","from":[0,6,5],"to":[4,7.5,11],"faces":{"north":{"uv":[9.5,2.75,13.5,5.25],"texture":"#texture"},"east":{"uv":[10,1.5,14.5,5.5],"texture":"#texture"},"south":{"uv":[9,1.5,14,5],"texture":"#texture"},"west":{"uv":[10,2.25,13.5,4.75],"texture":"#texture"},"up":{"uv":[9.75,2,12.75,5.5],"texture":"#texture"},"down":{"uv":[10.75,1.75,15.25,5.25],"texture":"#texture"}}},{"name":"cube","from":[0,4.61,10.2925],"to":[4,6.71,11.2925],"rotation":{"angle":45,"axis":"x","origin":[0,6.71,10.2925]},"faces":{"north":{"uv":[9.5,2.75,13.5,5.25],"texture":"#texture"},"east":{"uv":[10,1.5,14.5,5.5],"texture":"#texture"},"south":{"uv":[9,1.5,14,5],"texture":"#texture"},"west":{"uv":[10,2.25,13.5,4.75],"texture":"#texture"},"up":{"uv":[9.75,2,12.75,5.5],"texture":"#texture"},"down":{"uv":[10.75,1.75,15.25,5.25],"texture":"#texture"}}},{"name":"cube","from":[0,7.5,9.5],"to":[4,9,11.62],"rotation":{"angle":45,"axis":"x","origin":[0,9,9.5]},"faces":{"north":{"uv":[9.5,2.75,13.5,5.25],"texture":"#texture"},"east":{"uv":[10,1.5,14.5,5.5],"texture":"#texture"},"south":{"uv":[9,1.5,14,5],"texture":"#texture"},"west":{"uv":[10,2.25,13.5,4.75],"texture":"#texture"},"up":{"uv":[9.75,2,12.75,5.5],"texture":"#texture"},"down":{"uv":[10.75,1.75,15.25,5.25],"texture":"#texture"}}},{"name":"cube","from":[2,7.5,5.5],"to":[4,9,7.6],"rotation":{"angle":-45,"axis":"x","origin":[2,9,5.5]},"faces":{"north":{"uv":[9.5,2.75,13.5,5.25],"texture":"#texture"},"east":{"uv":[10,1.5,14.5,5.5],"texture":"#texture"},"south":{"uv":[9,1.5,14,5],"texture":"#texture"},"west":{"uv":[10,2.25,13.5,4.75],"texture":"#texture"},"up":{"uv":[9.75,2,12.75,5.5],"texture":"#texture"},"down":{"uv":[10.75,1.75,15.25,5.25],"texture":"#texture"}}},{"name":"cube","from":[0,6,5],"to":[4,7.5,7.1],"rotation":{"angle":-45,"axis":"x","origin":[0,7.5,5]},"faces":{"north":{"uv":[9.5,2.75,13.5,5.25],"texture":"#texture"},"east":{"uv":[10,1.5,14.5,5.5],"texture":"#texture"},"south":{"uv":[9,1.5,14,5],"texture":"#texture"},"west":{"uv":[10,2.25,13.5,4.75],"texture":"#texture"},"up":{"uv":[9.75,2,12.75,5.5],"texture":"#texture"},"down":{"uv":[10.75,1.75,15.25,5.25],"texture":"#texture"}}},{"name":"cube","from":[0,3.9,5],"to":[4,6,6],"rotation":{"angle":-45,"axis":"x","origin":[0,6,5]},"faces":{"north":{"uv":[9.5,2.75,13.5,5.25],"texture":"#texture"},"east":{"uv":[10,1.5,14.5,5.5],"texture":"#texture"},"south":{"uv":[9,1.5,14,5],"texture":"#texture"},"west":{"uv":[10,2.25,13.5,4.75],"texture":"#texture"},"up":{"uv":[9.75,2,12.75,5.5],"texture":"#texture"},"down":{"uv":[10.75,1.75,15.25,5.25],"texture":"#texture"}}},{"name":"cube","from":[-1.75,5.75,5.5],"to":[0.6875,7.25,10.5],"rotation":{"angle":45,"axis":"z","origin":[-1.75,7.25,5.5]},"faces":{"north":{"uv":[9.5,2.75,13.5,5.25],"texture":"#texture"},"east":{"uv":[10,1.5,14.5,5.5],"texture":"#texture"},"south":{"uv":[9,1.5,14,5],"texture":"#texture"},"west":{"uv":[10,2.25,13.5,4.75],"texture":"#texture"},"up":{"uv":[9.75,2,12.75,5.5],"texture":"#texture"},"down":{"uv":[10.75,1.75,15.25,5.25],"texture":"#texture"}}},{"name":"cube","from":[-1.75,6.5,5.5],"to":[0.75,7.25,10.5],"faces":{"north":{"uv":[9.5,2.75,13.5,5.25],"texture":"#texture"},"east":{"uv":[10,1.5,14.5,5.5],"texture":"#texture"},"south":{"uv":[9,1.5,14,5],"texture":"#texture"},"west":{"uv":[10,2.25,13.5,4.75],"texture":"#texture"},"up":{"uv":[9.75,2,12.75,5.5],"texture":"#texture"},"down":{"uv":[10.75,1.75,15.25,5.25],"texture":"#texture"}}},{"name":"cube","from":[-1.27,6.395,5.5],"to":[1.23,7.645,10.5],"rotation":{"angle":-22.5,"axis":"z","origin":[-1.27,7.645,5.5]},"faces":{"north":{"uv":[9.5,2.75,13.5,5.25],"texture":"#texture"},"east":{"uv":[10,1.5,14.5,5.5],"texture":"#texture"},"south":{"uv":[9,1.5,14,5],"texture":"#texture"},"west":{"uv":[10,2.25,13.5,4.75],"texture":"#texture"},"up":{"uv":[9.75,2,12.75,5.5],"texture":"#texture"},"down":{"uv":[10.75,1.75,15.25,5.25],"texture":"#texture"}}},{"name":"cube","from":[-2,5.25,6],"to":[1.25,6.5,10],"faces":{"north":{"uv":[9.5,2.75,13.5,5.25],"texture":"#texture"},"east":{"uv":[10,1.5,14.5,5.5],"texture":"#texture"},"south":{"uv":[9,1.5,14,5],"texture":"#texture"},"west":{"uv":[10,2.25,13.5,4.75],"texture":"#texture"},"up":{"uv":[9.75,2,12.75,5.5],"texture":"#texture"},"down":{"uv":[10.75,1.75,15.25,5.25],"texture":"#texture"}}},{"name":"cube","from":[-3.0625,4.8125,6.75],"to":[-2.125,6.3125,9.25],"rotation":{"angle":45,"axis":"z","origin":[-3.0625,6.3125,6.75]},"faces":{"north":{"uv":[9.5,2.75,13.5,5.25],"texture":"#texture"},"east":{"uv":[10,1.5,14.5,5.5],"texture":"#texture"},"south":{"uv":[9,1.5,14,5],"texture":"#texture"},"west":{"uv":[10,2.25,13.5,4.75],"texture":"#texture"},"up":{"uv":[9.75,2,12.75,5.5],"texture":"#texture"},"down":{"uv":[10.75,1.75,15.25,5.25],"texture":"#texture"}}},{"name":"cube","from":[9.125,5.5,9.625],"to":[11.625,9,10.875],"rotation":{"angle":45,"axis":"y","origin":[9.125,5.5,9.625]},"faces":{"north":{"uv":[1.5,3.5,5.5,6],"texture":"#texture"},"east":{"uv":[2,1.5,6.5,5.5],"texture":"#texture"},"south":{"uv":[1,2,6,5.5],"texture":"#texture"},"west":{"uv":[2,2.5,5.5,5],"texture":"#texture"},"up":{"uv":[3,2.5,6,6],"texture":"#texture"},"down":{"uv":[2,2,6.5,5.5],"texture":"#texture"}}},{"name":"cube","from":[10,5.5,5.5],"to":[12.5,9,6.75],"rotation":{"angle":-45,"axis":"y","origin":[10,5.5,5.5]},"faces":{"north":{"uv":[1.5,3.5,5.5,6],"texture":"#texture"},"east":{"uv":[2,1.5,6.5,5.5],"texture":"#texture"},"south":{"uv":[1,2,6,5.5],"texture":"#texture"},"west":{"uv":[2,2.5,5.5,5],"texture":"#texture"},"up":{"uv":[3,2.5,6,6],"texture":"#texture"},"down":{"uv":[2,2,6.5,5.5],"texture":"#texture"}}},{"name":"cube","from":[2.5,8.5,7.75],"to":[6.25,10.25,8.25],"rotation":{"angle":45,"axis":"z","origin":[2.5,10.25,7.75]},"faces":{"north":{"uv":[9.5,2.75,13.5,5.25],"texture":"#texture"},"east":{"uv":[10,1.5,14.5,5.5],"texture":"#texture"},"south":{"uv":[9,1.5,14,5],"texture":"#texture"},"west":{"uv":[10,2.25,13.5,4.75],"texture":"#texture"},"up":{"uv":[9.75,2,12.75,5.5],"texture":"#texture"},"down":{"uv":[10.75,1.75,15.25,5.25],"texture":"#texture"}}},{"name":"cube","from":[4.75,9.3125,7.75],"to":[6.5,12.3125,8.25],"rotation":{"angle":-22.5,"axis":"z","origin":[4.75,12.3125,7.75]},"faces":{"north":{"uv":[9.5,2.75,13.5,5.25],"texture":"#texture"},"east":{"uv":[10,1.5,14.5,5.5],"texture":"#texture"},"south":{"uv":[9,1.5,14,5],"texture":"#texture"},"west":{"uv":[10,2.25,13.5,4.75],"texture":"#texture"},"up":{"uv":[9.75,2,12.75,5.5],"texture":"#texture"},"down":{"uv":[10.75,1.75,15.25,5.25],"texture":"#texture"}}},{"name":"cube","from":[-1.75,6.9375,10.5],"to":[4,7,13.75],"rotation":{"angle":45,"axis":"x","origin":[-1.75,7,10.5]},"faces":{"up":{"uv":[0.5,4.5,10,15.5],"texture":"#particle","rotation":90},"down":{"uv":[0.5,15.5,10,4.5],"texture":"#particle","rotation":270}}},{"name":"cube","from":[-1.75,4.6875,3.5],"to":[4,4.75,6.25],"rotation":{"angle":-45,"axis":"x","origin":[-1.75,4.75,3.5]},"faces":{"up":{"uv":[10,4.5,0.5,15.5],"texture":"#particle","rotation":90},"down":{"uv":[10,15.5,0.5,4.5],"texture":"#particle","rotation":270}}},{"name":"cube","from":[3,5.6875,9.75],"to":[5.75,5.75,14.75],"rotation":{"angle":22.5,"axis":"x","origin":[3,5.75,9.75]},"faces":{"up":{"uv":[0.25,8,15.5,0.25],"texture":"#fins","rotation":90},"down":{"uv":[0.25,0.25,15.5,8],"texture":"#fins","rotation":270}}},{"name":"cube","from":[6,5.1875,9.25],"to":[8.75,5.25,14.25],"rotation":{"angle":22.5,"axis":"x","origin":[6,5.25,9.25]},"faces":{"up":{"uv":[0.25,8,15.5,0.25],"texture":"#fins","rotation":90},"down":{"uv":[0.25,0.25,15.5,8],"texture":"#fins","rotation":270}}},{"name":"cube","from":[8.5,5.1875,10.5],"to":[10.25,5.25,16.5],"rotation":{"angle":45,"axis":"y","origin":[8.5,5.1875,10.5]},"faces":{"up":{"uv":[0.25,8.25,15.5,13.75],"texture":"#fins","rotation":90},"down":{"uv":[0.25,13.75,15.25,8.25],"texture":"#fins","rotation":270}}},{"name":"cube","from":[12.75,5.1875,1.5],"to":[14.5,5.25,7.5],"rotation":{"angle":-45,"axis":"y","origin":[12.75,5.1875,1.5]},"faces":{"up":{"uv":[0.25,13.75,15.5,8.25],"texture":"#fins","rotation":270},"down":{"uv":[0.25,8.25,15.25,13.75],"texture":"#fins","rotation":90}}},{"name":"cube","from":[6,3.1875,2.5],"to":[8.75,3.25,7.5],"rotation":{"angle":-22.5,"axis":"x","origin":[6,3.25,2.5]},"faces":{"up":{"uv":[0.25,0.25,15.5,8],"texture":"#fins","rotation":270},"down":{"uv":[0.25,8,15.5,0.25],"texture":"#fins","rotation":90}}},{"name":"cube","from":[3,3.6875,2],"to":[5.75,3.75,7],"rotation":{"angle":-22.5,"axis":"x","origin":[3,3.75,2]},"faces":{"up":{"uv":[0.25,0.25,15.5,8],"texture":"#fins","rotation":270},"down":{"uv":[0.25,8,15.5,0.25],"texture":"#fins","rotation":90}}},{"name":"cube","from":[0,8.5,9.51],"to":[1.75,8.75,10.51],"faces":{"south":{"uv":[0.5,1,15.5,2.5],"texture":"#particle"}}},{"name":"cube","from":[0.25,8.5,5.49],"to":[2,8.75,6.49],"faces":{"north":{"uv":[0.5,1,15.5,2.5],"texture":"#particle"}}},{"name":"cube","from":[-1.9375,6.25,8.01],"to":[-1.875,7.5,9.01],"rotation":{"angle":-22.5,"axis":"z","origin":[-1.9375,7.5,8.01]},"faces":{"south":{"uv":[0.5,1,15.5,2.5],"texture":"#particle","rotation":90}}},{"name":"cube","from":[-1.9375,6.25,6.99],"to":[-1.875,7.5,7.99],"rotation":{"angle":-22.5,"axis":"z","origin":[-1.9375,7.5,6.99]},"faces":{"north":{"uv":[0.5,1,15.5,2.5],"texture":"#particle","rotation":270}}},{"name":"cube","from":[-1.6875,8,7],"to":[1.5625,9,9],"rotation":{"angle":22.5,"axis":"z","origin":[-1.6875,9,7]},"faces":{"up":{"uv":[9.25,7.5,15.75,14.25],"texture":"#detail_2","rotation":90}}},{"name":"cube","from":[4.5,8,9.51],"to":[5.25,8.75,10.51],"faces":{"south":{"uv":[0.5,8.5,7.5,15.5],"texture":"#texture"}}},{"name":"cube","from":[4.5,8,5.49],"to":[5.25,8.75,6.49],"faces":{"north":{"uv":[0.5,8.5,7.5,15.5],"texture":"#texture"},"east":{"uv":[11.5,11.75,12.5,12.5],"texture":"#texture"},"south":{"uv":[0.5,8.5,7.5,15.5],"texture":"#texture"},"west":{"uv":[11.25,10.25,12.25,11],"texture":"#texture"},"up":{"uv":[11,10.75,11.75,11.75],"texture":"#texture"},"down":{"uv":[11.25,10.5,13.5,12],"texture":"#texture"}}},{"name":"cube","from":[7.5,8.5,7.75],"to":[10,10.5,8.25],"rotation":{"angle":45,"axis":"z","origin":[7.5,10.5,7.75]},"faces":{"north":{"uv":[1.5,3.5,5.5,6],"texture":"#texture"},"east":{"uv":[2,1.5,6.5,5.5],"texture":"#texture"},"south":{"uv":[1,2,6,5.5],"texture":"#texture"},"west":{"uv":[2,2.5,5.5,5],"texture":"#texture"},"up":{"uv":[3,2.5,6,6],"texture":"#texture"},"down":{"uv":[2,2,6.5,5.5],"texture":"#texture"}}},{"name":"cube","from":[11.5625,11.2075,7.75],"to":[14.0625,13.2075,8.25],"rotation":{"angle":22.5,"axis":"z","origin":[11.5625,13.2075,7.75]},"faces":{"north":{"uv":[9.5,2.75,13.5,5.25],"texture":"#texture"},"east":{"uv":[10,1.5,14.5,5.5],"texture":"#texture"},"south":{"uv":[9,1.5,14,5],"texture":"#texture"},"west":{"uv":[10,2.25,13.5,4.75],"texture":"#texture"},"up":{"uv":[9.75,2,12.75,5.5],"texture":"#texture"},"down":{"uv":[10.75,1.75,15.25,5.25],"texture":"#texture"}}},{"name":"cube","from":[9.25,10.25,7.75],"to":[11.75,12.25,8.25],"rotation":{"angle":22.5,"axis":"z","origin":[9.25,12.25,7.75]},"faces":{"north":{"uv":[1.5,3.5,5.5,6],"texture":"#texture"},"east":{"uv":[2,1.5,6.5,5.5],"texture":"#texture"},"south":{"uv":[1,2,6,5.5],"texture":"#texture"},"west":{"uv":[2,2.5,5.5,5],"texture":"#texture"},"up":{"uv":[3,2.5,6,6],"texture":"#texture"},"down":{"uv":[2,2,6.5,5.5],"texture":"#texture"}}},{"name":"cube","from":[10.75,10.875,8.01],"to":[12.5,12.875,8.26],"rotation":{"angle":22.5,"axis":"z","origin":[10.75,12.875,8.01]},"faces":{"south":{"uv":[0.25,0.25,8.75,10],"texture":"#detail_2","rotation":90}}},{"name":"cube","from":[10.75,10.875,7.74],"to":[12.5,12.875,7.99],"rotation":{"angle":22.5,"axis":"z","origin":[10.75,12.875,7.74]},"faces":{"north":{"uv":[0.25,0.25,8.75,10],"texture":"#detail_2","rotation":270}}},{"name":"cube","from":[14.5625,12.4375,7.75],"to":[15.0625,13.4375,8.25],"rotation":{"angle":-22.5,"axis":"z","origin":[14.5625,13.4375,7.75]},"faces":{"north":{"uv":[9.5,2.75,13.5,5.25],"texture":"#texture"},"east":{"uv":[10,1.5,14.5,5.5],"texture":"#texture"},"south":{"uv":[9,1.5,14,5],"texture":"#texture"},"west":{"uv":[10,2.25,13.5,4.75],"texture":"#texture"},"up":{"uv":[9.75,2,12.75,5.5],"texture":"#texture"},"down":{"uv":[10.75,1.75,15.25,5.25],"texture":"#texture"}}},{"name":"cube","from":[13.875,12.8125,7.75],"to":[14.4375,14.1875,8.25],"faces":{"north":{"uv":[9.5,2.75,13.5,5.25],"texture":"#texture"},"east":{"uv":[10,1.5,14.5,5.5],"texture":"#texture"},"south":{"uv":[9,1.5,14,5],"texture":"#texture"},"west":{"uv":[10,2.25,13.5,4.75],"texture":"#texture"},"up":{"uv":[9.75,2,12.75,5.5],"texture":"#texture"},"down":{"uv":[10.75,1.75,15.25,5.25],"texture":"#texture"}}},{"name":"cube","from":[14.4375,13.6875,7.75],"to":[15,14.1875,8.25],"rotation":{"angle":-45,"axis":"z","origin":[14.4375,14.1875,7.75]},"faces":{"north":{"uv":[9.5,2.75,13.5,5.25],"texture":"#texture"},"east":{"uv":[10,1.5,14.5,5.5],"texture":"#texture"},"south":{"uv":[9,1.5,14,5],"texture":"#texture"},"west":{"uv":[10,2.25,13.5,4.75],"texture":"#texture"},"up":{"uv":[9.75,2,12.75,5.5],"texture":"#texture"},"down":{"uv":[10.75,1.75,15.25,5.25],"texture":"#texture"}}},{"name":"cube","from":[14.1875,12.9375,7.75],"to":[14.875,13.5,8.25],"rotation":{"angle":22.5,"axis":"z","origin":[14.1875,13.5,7.75]},"faces":{"north":{"uv":[9.5,2.75,13.5,5.25],"texture":"#texture"},"east":{"uv":[10,1.5,14.5,5.5],"texture":"#texture"},"south":{"uv":[9,1.5,14,5],"texture":"#texture"},"west":{"uv":[10,2.25,13.5,4.75],"texture":"#texture"},"up":{"uv":[9.75,2,12.75,5.5],"texture":"#texture"},"down":{"uv":[10.75,1.75,15.25,5.25],"texture":"#texture"}}},{"name":"cube","from":[15.77,6.75,8.26],"to":[17.52,8.75,8.51],"faces":{"south":{"uv":[0.5,10.5,6.75,15.75],"texture":"#detail_2"}}},{"name":"cube","from":[15.77,6.75,7.49],"to":[17.52,8.75,7.74],"faces":{"north":{"uv":[6.75,10.5,0.5,15.75],"texture":"#detail_2"}}},{"name":"cube","from":[17.27,7,7.5],"to":[17.52,8.25,8.5],"faces":{"north":{"uv":[9.5,2.75,13.5,5.25],"texture":"#texture"},"east":{"uv":[10,1.5,14.5,5.5],"texture":"#texture"},"south":{"uv":[9,1.5,14,5],"texture":"#texture"},"west":{"uv":[10,2.25,13.5,4.75],"texture":"#texture"},"up":{"uv":[9.75,2,12.75,5.5],"texture":"#texture"},"down":{"uv":[10.75,1.75,15.25,5.25],"texture":"#texture"}}},{"name":"cube","from":[6.25,6,10.76],"to":[9.75,7.5,11.01],"faces":{"south":{"uv":[0.75,5,15.25,11.75],"texture":"#detail_1"}}},{"name":"cube","from":[6.25,7.73,10.53],"to":[9.75,7.98,11.2175],"rotation":{"angle":45,"axis":"x","origin":[6.25,7.98,10.53]},"faces":{"up":{"uv":[1,0.25,15.5,5],"texture":"#detail_1"}}},{"name":"cube","from":[6.25,6,4.99],"to":[9.75,7.5,5.24],"faces":{"north":{"uv":[15.25,5,0.75,11.75],"texture":"#detail_1"}}},{"name":"cube","from":[6.25,7.25,4.98],"to":[9.75,7.5,5.6675],"rotation":{"angle":-45,"axis":"x","origin":[6.25,7.5,4.98]},"faces":{"up":{"uv":[1,5,15.5,0.25],"texture":"#detail_1"}}},{"name":"cube","from":[5.75,9.51,7],"to":[7.5,10.51,9],"faces":{"north":{"uv":[9.5,2.75,13.5,5.25],"texture":"#texture"},"east":{"uv":[10,1.5,14.5,5.5],"texture":"#texture"},"south":{"uv":[9,1.5,14,5],"texture":"#texture"},"west":{"uv":[10,2.25,13.5,4.75],"texture":"#texture"},"up":{"uv":[9.75,2,12.75,5.5],"texture":"#texture"},"down":{"uv":[10.75,1.75,15.25,5.25],"texture":"#texture"}}},{"name":"cube","from":[5.25,10.25,9],"to":[8.0625,10.5,11.15],"rotation":{"angle":45,"axis":"x","origin":[5.25,10.5,9]},"faces":{"up":{"uv":[0.25,0.25,8.75,10],"texture":"#detail_2"}}},{"name":"cube","from":[5.25,8.76,5.5],"to":[8.0625,9.01,7.65],"rotation":{"angle":-45,"axis":"x","origin":[5.25,9.01,5.5]},"faces":{"up":{"uv":[8.75,0.25,0.25,10],"texture":"#detail_2","rotation":180}}}],"display":{"head":{"rotation":[0,-90,0],"translation":[0,-30,0],"scale":[2,2,2]},"gui":{"rotation":[30,50,0],"scale":[0.8,0.8,0.8]},"thirdperson_righthand":{"scale":[0,0,0]},"thirdperson_lefthand":{"scale":[0,0,0]},"firstperson_righthand":{"scale":[0,0,0]},"firstperson_lefthand":{"scale":[0,0,0]}}}