{"credit":"Made by MadstonMagic using Cubik Pro, Copyright © MadstonMagic Modeling 2015-2017. All rights reserved","textures":{"texture":"pokemon_skins/regular/bagon/metagross","details":"pokemon_skins/regular/bagon/details","tooth":"pokemon_skins/regular/bagon/tooth","belly":"pokemon_skins/regular/bagon/belly","particle":"pokemon_skins/regular/bagon/eye"},"elements":[{"name":"cube","from":[3.25,8.25,6.25],"to":[5,11.25,9.75],"faces":{"north":{"uv":[2.5,2,5.5,4.5],"texture":"#texture"},"east":{"uv":[1.5,2,5.5,4.5],"texture":"#texture"},"south":{"uv":[2,2.5,5,5],"texture":"#texture"},"west":{"uv":[2,2,6,4.5],"texture":"#texture"},"up":{"uv":[2.5,1,5.5,5],"texture":"#texture"},"down":{"uv":[1.5,1.5,4.5,5.5],"texture":"#texture"}}},{"name":"cube","from":[2.75,8.75,6.25],"to":[5,10.75,9.75],"faces":{"north":{"uv":[2.5,2,5.5,4.5],"texture":"#texture"},"east":{"uv":[1.5,2,5.5,4.5],"texture":"#texture"},"south":{"uv":[2,2.5,5,5],"texture":"#texture"},"west":{"uv":[2,2,6,4.5],"texture":"#texture"},"up":{"uv":[2.5,1,5.5,5],"texture":"#texture"},"down":{"uv":[1.5,1.5,4.5,5.5],"texture":"#texture"}}},{"name":"cube","from":[3.25,8.75,5.75],"to":[5,10.75,10.25],"faces":{"north":{"uv":[2.5,2,5.5,4.5],"texture":"#texture"},"east":{"uv":[1.5,2,5.5,4.5],"texture":"#texture"},"south":{"uv":[2,2.5,5,5],"texture":"#texture"},"west":{"uv":[2,2,6,4.5],"texture":"#texture"},"up":{"uv":[2.5,1,5.5,5],"texture":"#texture"},"down":{"uv":[1.5,1.5,4.5,5.5],"texture":"#texture"}}},{"name":"cube","from":[2.75,10,6.25],"to":[3.4375,10.75,9.75],"rotation":{"angle":45,"axis":"z","origin":[2.75,10.75,6.25]},"faces":{"north":{"uv":[2.5,2,5.5,4.5],"texture":"#texture"},"east":{"uv":[1.5,2,5.5,4.5],"texture":"#texture"},"south":{"uv":[2,2.5,5,5],"texture":"#texture"},"west":{"uv":[2,2,6,4.5],"texture":"#texture"},"up":{"uv":[2.5,1,5.5,5],"texture":"#texture"},"down":{"uv":[1.5,1.5,4.5,5.5],"texture":"#texture"}}},{"name":"cube","from":[3.3125,8.5,6.25],"to":[4,9.25,9.75],"rotation":{"angle":-45,"axis":"z","origin":[3.3125,9.25,6.25]},"faces":{"north":{"uv":[2.5,2,5.5,4.5],"texture":"#texture"},"east":{"uv":[1.5,2,5.5,4.5],"texture":"#texture"},"south":{"uv":[2,2.5,5,5],"texture":"#texture"},"west":{"uv":[2,2,6,4.5],"texture":"#texture"},"up":{"uv":[2.5,1,5.5,5],"texture":"#texture"},"down":{"uv":[1.5,1.5,4.5,5.5],"texture":"#texture"}}},{"name":"cube","from":[3.25,10,5.75],"to":[5,10.75,6.4375],"rotation":{"angle":-45,"axis":"x","origin":[3.25,10.75,5.75]},"faces":{"north":{"uv":[2.5,2,5.5,4.5],"texture":"#texture"},"east":{"uv":[1.5,2,5.5,4.5],"texture":"#texture"},"south":{"uv":[2,2.5,5,5],"texture":"#texture"},"west":{"uv":[2,2,6,4.5],"texture":"#texture"},"up":{"uv":[2.5,1,5.5,5],"texture":"#texture"},"down":{"uv":[1.5,1.5,4.5,5.5],"texture":"#texture"}}},{"name":"cube","from":[3.25,10.5,9.75],"to":[5,11.25,10.4375],"rotation":{"angle":45,"axis":"x","origin":[3.25,11.25,9.75]},"faces":{"north":{"uv":[2.5,2,5.5,4.5],"texture":"#texture"},"east":{"uv":[1.5,2,5.5,4.5],"texture":"#texture"},"south":{"uv":[2,2.5,5,5],"texture":"#texture"},"west":{"uv":[2,2,6,4.5],"texture":"#texture"},"up":{"uv":[2.5,1,5.5,5],"texture":"#texture"},"down":{"uv":[1.5,1.5,4.5,5.5],"texture":"#texture"}}},{"name":"cube","from":[3.25,8.0325,9.23],"to":[8.25,8.7825,9.9175],"rotation":{"angle":-45,"axis":"x","origin":[3.25,8.7825,9.23]},"faces":{"north":{"uv":[2.5,2,5.5,4.5],"texture":"#texture"},"east":{"uv":[1.5,2,5.5,4.5],"texture":"#texture"},"south":{"uv":[2,2.5,5,5],"texture":"#texture"},"west":{"uv":[2,2,6,4.5],"texture":"#texture"},"up":{"uv":[2.5,1,5.5,5],"texture":"#texture"},"down":{"uv":[1.5,1.5,4.5,5.5],"texture":"#texture"}}},{"name":"cube","from":[3.25,8.51,6.2825],"to":[8.25,9.26,6.97],"rotation":{"angle":45,"axis":"x","origin":[3.25,9.26,6.2825]},"faces":{"north":{"uv":[2.5,2,5.5,4.5],"texture":"#texture"},"east":{"uv":[1.5,2,5.5,4.5],"texture":"#texture"},"south":{"uv":[2,2.5,5,5],"texture":"#texture"},"west":{"uv":[2,2,6,4.5],"texture":"#texture"},"up":{"uv":[2.5,1,5.5,5],"texture":"#texture"},"down":{"uv":[1.5,1.5,4.5,5.5],"texture":"#texture"}}},{"name":"cube","from":[2.75,8.75,6.25],"to":[3.4375,10.75,7.1875],"rotation":{"angle":45,"axis":"y","origin":[2.75,8.75,6.25]},"faces":{"north":{"uv":[2.5,2,5.5,4.5],"texture":"#texture"},"east":{"uv":[1.5,2,5.5,4.5],"texture":"#texture"},"south":{"uv":[2,2.5,5,5],"texture":"#texture"},"west":{"uv":[2,2,6,4.5],"texture":"#texture"},"up":{"uv":[2.5,1,5.5,5],"texture":"#texture"},"down":{"uv":[1.5,1.5,4.5,5.5],"texture":"#texture"}}},{"name":"cube","from":[3.4175,8.75,9.0925],"to":[4.105,10.75,10.03],"rotation":{"angle":-45,"axis":"y","origin":[3.4175,8.75,9.0925]},"faces":{"north":{"uv":[2.5,2,5.5,4.5],"texture":"#texture"},"east":{"uv":[1.5,2,5.5,4.5],"texture":"#texture"},"south":{"uv":[2,2.5,5,5],"texture":"#texture"},"west":{"uv":[2,2,6,4.5],"texture":"#texture"},"up":{"uv":[2.5,1,5.5,5],"texture":"#texture"},"down":{"uv":[1.5,1.5,4.5,5.5],"texture":"#texture"}}},{"name":"cube","from":[5,8.75,5.75],"to":[7.75,10.75,10.25],"faces":{"north":{"uv":[2.5,2,5.5,4.5],"texture":"#texture"},"east":{"uv":[1.5,2,5.5,4.5],"texture":"#texture"},"south":{"uv":[2,2.5,5,5],"texture":"#texture"},"west":{"uv":[2,2,6,4.5],"texture":"#texture"},"up":{"uv":[2.5,1,5.5,5],"texture":"#texture"},"down":{"uv":[1.5,1.5,4.5,5.5],"texture":"#texture"}}},{"name":"cube","from":[4.5,8.75,5.75],"to":[7.3125,10.75,10.25],"rotation":{"angle":45,"axis":"z","origin":[4.5,10.75,5.75]},"faces":{"north":{"uv":[2.5,2,5.5,4.5],"texture":"#texture"},"east":{"uv":[1.5,2,5.5,4.5],"texture":"#texture"},"south":{"uv":[2,2.5,5,5],"texture":"#texture"},"west":{"uv":[2,2,6,4.5],"texture":"#texture"},"up":{"uv":[2.5,1,5.5,5],"texture":"#texture"},"down":{"uv":[1.5,1.5,4.5,5.5],"texture":"#texture"}}},{"name":"cube","from":[6.75,8.5,5.75],"to":[10,13,10.25],"faces":{"north":{"uv":[2.5,2,5.5,4.5],"texture":"#texture"},"east":{"uv":[1.5,2,5.5,4.5],"texture":"#texture"},"south":{"uv":[2,2.5,5,5],"texture":"#texture"},"west":{"uv":[2,2,6,4.5],"texture":"#texture"},"up":{"uv":[2.5,1,5.5,5],"texture":"#texture"},"down":{"uv":[1.5,1.5,4.5,5.5],"texture":"#texture"}}},{"name":"cube","from":[6.75,9,5.75],"to":[10.5,12.5,10.25],"faces":{"north":{"uv":[2.5,2,5.5,4.5],"texture":"#texture"},"east":{"uv":[1.5,2,5.5,4.5],"texture":"#texture"},"south":{"uv":[2,2.5,5,5],"texture":"#texture"},"west":{"uv":[2,2,6,4.5],"texture":"#texture"},"up":{"uv":[2.5,1,5.5,5],"texture":"#texture"},"down":{"uv":[1.5,1.5,4.5,5.5],"texture":"#texture"}}},{"name":"cube","from":[6.75,9,5.25],"to":[10,12.5,10.75],"faces":{"north":{"uv":[2.5,2,5.5,4.5],"texture":"#texture"},"east":{"uv":[1.5,2,5.5,4.5],"texture":"#texture"},"south":{"uv":[2,2.5,5,5],"texture":"#texture"},"west":{"uv":[2,2,6,4.5],"texture":"#texture"},"up":{"uv":[2.5,1,5.5,5],"texture":"#texture"},"down":{"uv":[1.5,1.5,4.5,5.5],"texture":"#texture"}}},{"name":"cube","from":[4,7.75,6.75],"to":[7.25,8.75,9.25],"faces":{"north":{"uv":[2.5,10.75,5.5,13.25],"texture":"#texture"},"east":{"uv":[0.75,9.75,4.75,12.25],"texture":"#texture"},"south":{"uv":[0.5,11.5,3.5,14],"texture":"#texture"},"west":{"uv":[2.25,10.5,6.25,13],"texture":"#texture"},"up":{"uv":[2.25,9.75,5.25,13.75],"texture":"#texture"},"down":{"uv":[1.75,10.25,4.75,14.25],"texture":"#texture"}}},{"name":"cube","from":[4,8.0625,9.25],"to":[7.25,8.8125,10],"rotation":{"angle":45,"axis":"x","origin":[4,8.8125,9.25]},"faces":{"north":{"uv":[2.5,10.75,5.5,13.25],"texture":"#texture"},"east":{"uv":[0.75,9.75,4.75,12.25],"texture":"#texture"},"south":{"uv":[0.5,11.5,3.5,14],"texture":"#texture"},"west":{"uv":[2.25,10.5,6.25,13],"texture":"#texture"},"up":{"uv":[2.25,9.75,5.25,13.75],"texture":"#texture"},"down":{"uv":[1.75,10.25,4.75,14.25],"texture":"#texture"}}},{"name":"cube","from":[4,7.5,6.25],"to":[7.25,8.25,7],"rotation":{"angle":-45,"axis":"x","origin":[4,8.25,6.25]},"faces":{"north":{"uv":[2.5,10.75,5.5,13.25],"texture":"#texture"},"east":{"uv":[0.75,9.75,4.75,12.25],"texture":"#texture"},"south":{"uv":[0.5,11.5,3.5,14],"texture":"#texture"},"west":{"uv":[2.25,10.5,6.25,13],"texture":"#texture"},"up":{"uv":[2.25,9.75,5.25,13.75],"texture":"#texture"},"down":{"uv":[1.75,10.25,4.75,14.25],"texture":"#texture"}}},{"name":"cube","from":[4,8.0625,6.75],"to":[4.75,8.8125,9.25],"rotation":{"angle":-45,"axis":"z","origin":[4,8.8125,6.75]},"faces":{"north":{"uv":[2.5,10.75,5.5,13.25],"texture":"#texture"},"east":{"uv":[0.75,9.75,4.75,12.25],"texture":"#texture"},"south":{"uv":[0.5,11.5,3.5,14],"texture":"#texture"},"west":{"uv":[2.25,10.5,6.25,13],"texture":"#texture"},"up":{"uv":[2.25,9.75,5.25,13.75],"texture":"#texture"},"down":{"uv":[1.75,10.25,4.75,14.25],"texture":"#texture"}}},{"name":"cube","from":[6.75,11.75,5.25],"to":[10,12.5,5.9375],"rotation":{"angle":-45,"axis":"x","origin":[6.75,12.5,5.25]},"faces":{"north":{"uv":[2.5,2,5.5,4.5],"texture":"#texture"},"east":{"uv":[1.5,2,5.5,4.5],"texture":"#texture"},"south":{"uv":[2,2.5,5,5],"texture":"#texture"},"west":{"uv":[2,2,6,4.5],"texture":"#texture"},"up":{"uv":[2.5,1,5.5,5],"texture":"#texture"},"down":{"uv":[1.5,1.5,4.5,5.5],"texture":"#texture"}}},{"name":"cube","from":[6.75,12.25,10.25],"to":[10,13,10.9375],"rotation":{"angle":45,"axis":"x","origin":[6.75,13,10.25]},"faces":{"north":{"uv":[2.5,2,5.5,4.5],"texture":"#texture"},"east":{"uv":[1.5,2,5.5,4.5],"texture":"#texture"},"south":{"uv":[2,2.5,5,5],"texture":"#texture"},"west":{"uv":[2,2,6,4.5],"texture":"#texture"},"up":{"uv":[2.5,1,5.5,5],"texture":"#texture"},"down":{"uv":[1.5,1.5,4.5,5.5],"texture":"#texture"}}},{"name":"cube","from":[6.75,8.77,5.7825],"to":[10,9.52,6.47],"rotation":{"angle":45,"axis":"x","origin":[6.75,9.52,5.7825]},"faces":{"north":{"uv":[2.5,2,5.5,4.5],"texture":"#texture"},"east":{"uv":[1.5,2,5.5,4.5],"texture":"#texture"},"south":{"uv":[2,2.5,5,5],"texture":"#texture"},"west":{"uv":[2,2,6,4.5],"texture":"#texture"},"up":{"uv":[2.5,1,5.5,5],"texture":"#texture"},"down":{"uv":[1.5,1.5,4.5,5.5],"texture":"#texture"}}},{"name":"cube","from":[6.75,8.2925,9.735],"to":[10,9.0425,10.4225],"rotation":{"angle":-45,"axis":"x","origin":[6.75,9.0425,9.735]},"faces":{"north":{"uv":[2.5,2,5.5,4.5],"texture":"#texture"},"east":{"uv":[1.5,2,5.5,4.5],"texture":"#texture"},"south":{"uv":[2,2.5,5,5],"texture":"#texture"},"west":{"uv":[2,2,6,4.5],"texture":"#texture"},"up":{"uv":[2.5,1,5.5,5],"texture":"#texture"},"down":{"uv":[1.5,1.5,4.5,5.5],"texture":"#texture"}}},{"name":"cube","from":[6.25,9,5.75],"to":[6.9375,12.5,6.4375],"rotation":{"angle":45,"axis":"y","origin":[6.25,9,5.75]},"faces":{"north":{"uv":[2.5,2,5.5,4.5],"texture":"#texture"},"east":{"uv":[1.5,2,5.5,4.5],"texture":"#texture"},"south":{"uv":[2,2.5,5,5],"texture":"#texture"},"west":{"uv":[2,2,6,4.5],"texture":"#texture"},"up":{"uv":[2.5,1,5.5,5],"texture":"#texture"},"down":{"uv":[1.5,1.5,4.5,5.5],"texture":"#texture"}}},{"name":"cube","from":[10,9,5.25],"to":[10.6875,12.5,5.9375],"rotation":{"angle":-45,"axis":"y","origin":[10,9,5.25]},"faces":{"north":{"uv":[2.5,2,5.5,4.5],"texture":"#texture"},"east":{"uv":[1.5,2,5.5,4.5],"texture":"#texture"},"south":{"uv":[2,2.5,5,5],"texture":"#texture"},"west":{"uv":[2,2,6,4.5],"texture":"#texture"},"up":{"uv":[2.5,1,5.5,5],"texture":"#texture"},"down":{"uv":[1.5,1.5,4.5,5.5],"texture":"#texture"}}},{"name":"cube","from":[9.52,9,10.27],"to":[10.2075,12.5,10.9575],"rotation":{"angle":45,"axis":"y","origin":[9.52,9,10.27]},"faces":{"north":{"uv":[2.5,2,5.5,4.5],"texture":"#texture"},"east":{"uv":[1.5,2,5.5,4.5],"texture":"#texture"},"south":{"uv":[2,2.5,5,5],"texture":"#texture"},"west":{"uv":[2,2,6,4.5],"texture":"#texture"},"up":{"uv":[2.5,1,5.5,5],"texture":"#texture"},"down":{"uv":[1.5,1.5,4.5,5.5],"texture":"#texture"}}},{"name":"cube","from":[6.7425,9,9.77],"to":[7.43,12.5,10.4575],"rotation":{"angle":-45,"axis":"y","origin":[6.7425,9,9.77]},"faces":{"north":{"uv":[2.5,2,5.5,4.5],"texture":"#texture"},"east":{"uv":[1.5,2,5.5,4.5],"texture":"#texture"},"south":{"uv":[2,2.5,5,5],"texture":"#texture"},"west":{"uv":[2,2,6,4.5],"texture":"#texture"},"up":{"uv":[2.5,1,5.5,5],"texture":"#texture"},"down":{"uv":[1.5,1.5,4.5,5.5],"texture":"#texture"}}},{"name":"cube","from":[6.25,11.75,5.75],"to":[6.9375,12.5,10.25],"rotation":{"angle":45,"axis":"z","origin":[6.25,12.5,5.75]},"faces":{"north":{"uv":[2.5,2,5.5,4.5],"texture":"#texture"},"east":{"uv":[1.5,2,5.5,4.5],"texture":"#texture"},"south":{"uv":[2,2.5,5,5],"texture":"#texture"},"west":{"uv":[2,2,6,4.5],"texture":"#texture"},"up":{"uv":[2.5,1,5.5,5],"texture":"#texture"},"down":{"uv":[1.5,1.5,4.5,5.5],"texture":"#texture"}}},{"name":"cube","from":[10,12.25,5.75],"to":[10.6875,13,10.25],"rotation":{"angle":-45,"axis":"z","origin":[10,13,5.75]},"faces":{"north":{"uv":[2.5,2,5.5,4.5],"texture":"#texture"},"east":{"uv":[1.5,2,5.5,4.5],"texture":"#texture"},"south":{"uv":[2,2.5,5,5],"texture":"#texture"},"west":{"uv":[2,2,6,4.5],"texture":"#texture"},"up":{"uv":[2.5,1,5.5,5],"texture":"#texture"},"down":{"uv":[1.5,1.5,4.5,5.5],"texture":"#texture"}}},{"name":"cube","from":[9.48,8.2925,5.75],"to":[10.1675,9.0425,10.25],"rotation":{"angle":45,"axis":"z","origin":[9.48,9.0425,5.75]},"faces":{"north":{"uv":[2.5,2,5.5,4.5],"texture":"#texture"},"east":{"uv":[1.5,2,5.5,4.5],"texture":"#texture"},"south":{"uv":[2,2.5,5,5],"texture":"#texture"},"west":{"uv":[2,2,6,4.5],"texture":"#texture"},"up":{"uv":[2.5,1,5.5,5],"texture":"#texture"},"down":{"uv":[1.5,1.5,4.5,5.5],"texture":"#texture"}}},{"name":"cube","from":[6.7925,8.77,5.75],"to":[7.48,9.52,10.25],"rotation":{"angle":-45,"axis":"z","origin":[6.7925,9.52,5.75]},"faces":{"north":{"uv":[2.5,2,5.5,4.5],"texture":"#texture"},"east":{"uv":[1.5,2,5.5,4.5],"texture":"#texture"},"south":{"uv":[2,2.5,5,5],"texture":"#texture"},"west":{"uv":[2,2,6,4.5],"texture":"#texture"},"up":{"uv":[2.5,1,5.5,5],"texture":"#texture"},"down":{"uv":[1.5,1.5,4.5,5.5],"texture":"#texture"}}},{"name":"cube","from":[7,7.6875,6.75],"to":[9.1875,8.4375,9.25],"rotation":{"angle":22.5,"axis":"z","origin":[7,8.4375,6.75]},"faces":{"north":{"uv":[2.5,10.75,5.5,13.25],"texture":"#texture"},"east":{"uv":[0.75,9.75,4.75,12.25],"texture":"#texture"},"south":{"uv":[0.5,11.5,3.5,14],"texture":"#texture"},"west":{"uv":[2.25,10.5,6.25,13],"texture":"#texture"},"up":{"uv":[2.25,9.75,5.25,13.75],"texture":"#texture"},"down":{"uv":[1.75,10.25,4.75,14.25],"texture":"#texture"}}},{"name":"cube","from":[6.75,10.75,10.6925],"to":[7.75,11.75,10.755],"faces":{"south":{"uv":[8,0.5,0.5,9.5],"texture":"#particle"}}},{"name":"cube","from":[6.75,10.75,5.245],"to":[7.75,11.75,5.3075],"faces":{"north":{"uv":[0.5,0.5,8,9.5],"texture":"#particle"}}},{"name":"cube","from":[6.3875,10.75,5.6025],"to":[6.8875,11.75,5.665],"rotation":{"angle":45,"axis":"y","origin":[6.3875,10.75,5.6025]},"faces":{"north":{"uv":[8,0.5,12.5,9.5],"texture":"#particle"}}},{"name":"cube","from":[6.4375,10.75,10.3525],"to":[6.9375,11.75,10.415],"rotation":{"angle":-45,"axis":"y","origin":[6.4375,10.75,10.3525]},"faces":{"south":{"uv":[12.5,0.5,8,9.5],"texture":"#particle"}}},{"name":"cube","from":[4.75,10.75,5],"to":[8.5,12.25,6.75],"rotation":{"angle":22.5,"axis":"z","origin":[4.75,12.25,5]},"faces":{"north":{"uv":[10.75,2.75,14.5,4.5],"texture":"#texture"},"east":{"uv":[10.5,2.5,12.25,4.25],"texture":"#texture"},"south":{"uv":[10.75,2.75,14.5,4.5],"texture":"#texture"},"west":{"uv":[11.5,2.25,13.25,4],"texture":"#texture"},"up":{"uv":[11,3,14.75,4.75],"texture":"#texture"},"down":{"uv":[10.25,3,14,4.75],"texture":"#texture"}}},{"name":"cube","from":[8.1875,12.1875,5],"to":[9.9375,13.6875,6.75],"faces":{"north":{"uv":[10.75,2.75,14.5,4.5],"texture":"#texture"},"east":{"uv":[10.5,2.5,12.25,4.25],"texture":"#texture"},"south":{"uv":[10.75,2.75,14.5,4.5],"texture":"#texture"},"west":{"uv":[11.5,2.25,13.25,4],"texture":"#texture"},"up":{"uv":[11,3,14.75,4.75],"texture":"#texture"},"down":{"uv":[10.25,3,14,4.75],"texture":"#texture"}}},{"name":"cube","from":[9.9375,12.1875,5],"to":[11.6875,13.6875,6.75],"rotation":{"angle":-45,"axis":"z","origin":[9.9375,13.6875,5]},"faces":{"north":{"uv":[10.75,2.75,14.5,4.5],"texture":"#texture"},"east":{"uv":[10.5,2.5,12.25,4.25],"texture":"#texture"},"south":{"uv":[10.75,2.75,14.5,4.5],"texture":"#texture"},"west":{"uv":[11.5,2.25,13.25,4],"texture":"#texture"},"up":{"uv":[11,3,14.75,4.75],"texture":"#texture"},"down":{"uv":[10.25,3,14,4.75],"texture":"#texture"}}},{"name":"cube","from":[9.6875,10.4375,5],"to":[11.1875,12.4375,6.75],"faces":{"north":{"uv":[10.75,2.75,14.5,4.5],"texture":"#texture"},"east":{"uv":[10.5,2.5,12.25,4.25],"texture":"#texture"},"south":{"uv":[10.75,2.75,14.5,4.5],"texture":"#texture"},"west":{"uv":[11.5,2.25,13.25,4],"texture":"#texture"},"up":{"uv":[11,3,14.75,4.75],"texture":"#texture"},"down":{"uv":[10.25,3,14,4.75],"texture":"#texture"}}},{"name":"cube","from":[9.6875,7.4375,5],"to":[11.1875,10.4375,6.75],"rotation":{"angle":-45,"axis":"x","origin":[9.6875,10.4375,5]},"faces":{"north":{"uv":[10.75,2.75,14.5,4.5],"texture":"#texture"},"east":{"uv":[10.5,2.5,12.25,4.25],"texture":"#texture"},"south":{"uv":[10.75,2.75,14.5,4.5],"texture":"#texture"},"west":{"uv":[11.5,2.25,13.25,4],"texture":"#texture"},"up":{"uv":[11,3,14.75,4.75],"texture":"#texture"},"down":{"uv":[10.25,3,14,4.75],"texture":"#texture"}}},{"name":"cube","from":[4.75,10.75,9.25],"to":[8.5,12.25,11],"rotation":{"angle":22.5,"axis":"z","origin":[4.75,12.25,9.25]},"faces":{"north":{"uv":[10.75,2.75,14.5,4.5],"texture":"#texture"},"east":{"uv":[10.5,2.5,12.25,4.25],"texture":"#texture"},"south":{"uv":[10.75,2.75,14.5,4.5],"texture":"#texture"},"west":{"uv":[11.5,2.25,13.25,4],"texture":"#texture"},"up":{"uv":[11,3,14.75,4.75],"texture":"#texture"},"down":{"uv":[10.25,3,14,4.75],"texture":"#texture"}}},{"name":"cube","from":[8.1875,12.1875,9.25],"to":[9.9375,13.6875,11],"faces":{"north":{"uv":[10.75,2.75,14.5,4.5],"texture":"#texture"},"east":{"uv":[10.5,2.5,12.25,4.25],"texture":"#texture"},"south":{"uv":[10.75,2.75,14.5,4.5],"texture":"#texture"},"west":{"uv":[11.5,2.25,13.25,4],"texture":"#texture"},"up":{"uv":[11,3,14.75,4.75],"texture":"#texture"},"down":{"uv":[10.25,3,14,4.75],"texture":"#texture"}}},{"name":"cube","from":[9.9375,12.1875,9.25],"to":[11.6875,13.6875,11],"rotation":{"angle":-45,"axis":"z","origin":[9.9375,13.6875,9.25]},"faces":{"north":{"uv":[10.75,2.75,14.5,4.5],"texture":"#texture"},"east":{"uv":[10.5,2.5,12.25,4.25],"texture":"#texture"},"south":{"uv":[10.75,2.75,14.5,4.5],"texture":"#texture"},"west":{"uv":[11.5,2.25,13.25,4],"texture":"#texture"},"up":{"uv":[11,3,14.75,4.75],"texture":"#texture"},"down":{"uv":[10.25,3,14,4.75],"texture":"#texture"}}},{"name":"cube","from":[9.6875,10.4375,9.25],"to":[11.1875,12.4375,11],"faces":{"north":{"uv":[10.75,2.75,14.5,4.5],"texture":"#texture"},"east":{"uv":[10.5,2.5,12.25,4.25],"texture":"#texture"},"south":{"uv":[10.75,2.75,14.5,4.5],"texture":"#texture"},"west":{"uv":[11.5,2.25,13.25,4],"texture":"#texture"},"up":{"uv":[11,3,14.75,4.75],"texture":"#texture"},"down":{"uv":[10.25,3,14,4.75],"texture":"#texture"}}},{"name":"cube","from":[9.6875,8.6875,9.75],"to":[11.1875,11.6875,11.5],"rotation":{"angle":45,"axis":"x","origin":[9.6875,11.6875,9.75]},"faces":{"north":{"uv":[10.75,2.75,14.5,4.5],"texture":"#texture"},"east":{"uv":[10.5,2.5,12.25,4.25],"texture":"#texture"},"south":{"uv":[10.75,2.75,14.5,4.5],"texture":"#texture"},"west":{"uv":[11.5,2.25,13.25,4],"texture":"#texture"},"up":{"uv":[11,3,14.75,4.75],"texture":"#texture"},"down":{"uv":[10.25,3,14,4.75],"texture":"#texture"}}},{"name":"cube","from":[4.25,9.25,6.75],"to":[8,11.75,9.25],"rotation":{"angle":45,"axis":"z","origin":[4.25,11.75,6.75]},"faces":{"north":{"uv":[10.75,2.75,14.5,4.5],"texture":"#texture"},"east":{"uv":[10.5,2.5,12.25,4.25],"texture":"#texture"},"south":{"uv":[10.75,2.75,14.5,4.5],"texture":"#texture"},"west":{"uv":[11.5,2.25,13.25,4],"texture":"#texture"},"up":{"uv":[11,3,14.75,4.75],"texture":"#texture"},"down":{"uv":[10.25,3,14,4.75],"texture":"#texture"}}},{"name":"cube","from":[6.875,11.875,6.75],"to":[9.875,14.375,9.25],"faces":{"north":{"uv":[10.75,2.75,14.5,4.5],"texture":"#texture"},"east":{"uv":[10.5,2.5,12.25,4.25],"texture":"#texture"},"south":{"uv":[10.75,2.75,14.5,4.5],"texture":"#texture"},"west":{"uv":[11.5,2.25,13.25,4],"texture":"#texture"},"up":{"uv":[11,3,14.75,4.75],"texture":"#texture"},"down":{"uv":[10.25,3,14,4.75],"texture":"#texture"}}},{"name":"cube","from":[9.875,11.875,6.75],"to":[12.375,14.375,9.25],"rotation":{"angle":-45,"axis":"z","origin":[9.875,14.375,6.75]},"faces":{"north":{"uv":[10.75,2.75,14.5,4.5],"texture":"#texture"},"east":{"uv":[10.5,2.5,12.25,4.25],"texture":"#texture"},"south":{"uv":[10.75,2.75,14.5,4.5],"texture":"#texture"},"west":{"uv":[11.5,2.25,13.25,4],"texture":"#texture"},"up":{"uv":[11,3,14.75,4.75],"texture":"#texture"},"down":{"uv":[10.25,3,14,4.75],"texture":"#texture"}}},{"name":"cube","from":[9.125,8.3125,6.75],"to":[11.625,12.5625,9.25],"faces":{"north":{"uv":[10.75,2.75,14.5,4.5],"texture":"#texture"},"east":{"uv":[10.5,2.5,12.25,4.25],"texture":"#texture"},"south":{"uv":[10.75,2.75,14.5,4.5],"texture":"#texture"},"west":{"uv":[11.5,2.25,13.25,4],"texture":"#texture"},"up":{"uv":[11,3,14.75,4.75],"texture":"#texture"},"down":{"uv":[10.25,3,14,4.75],"texture":"#texture"}}},{"name":"cube","from":[7,1,5.5],"to":[12,5,10.5],"faces":{"north":{"uv":[2.5,2,5.5,4.5],"texture":"#texture"},"east":{"uv":[1.5,2,5.5,4.5],"texture":"#texture"},"south":{"uv":[2,2.5,5,5],"texture":"#texture"},"west":{"uv":[2,2,6,4.5],"texture":"#texture"},"up":{"uv":[2.5,1,5.5,5],"texture":"#texture"},"down":{"uv":[1.5,1.5,4.5,5.5],"texture":"#texture"}}},{"name":"cube","from":[7.25,0.25,5.75],"to":[11.75,5.25,10.25],"faces":{"north":{"uv":[2.5,2,5.5,4.5],"texture":"#texture"},"east":{"uv":[1.5,2,5.5,4.5],"texture":"#texture"},"south":{"uv":[2,2.5,5,5],"texture":"#texture"},"west":{"uv":[2,2,6,4.5],"texture":"#texture"},"up":{"uv":[2.5,1,5.5,5],"texture":"#texture"},"down":{"uv":[1.5,1.5,4.5,5.5],"texture":"#texture"}}},{"name":"cube","from":[7.25,0.25,5.25],"to":[11.75,4.75,10.75],"faces":{"north":{"uv":[2.5,2,5.5,4.5],"texture":"#texture"},"east":{"uv":[1.5,2,5.5,4.5],"texture":"#texture"},"south":{"uv":[2,2.5,5,5],"texture":"#texture"},"west":{"uv":[2,2,6,4.5],"texture":"#texture"},"up":{"uv":[2.5,1,5.5,5],"texture":"#texture"},"down":{"uv":[1.5,1.5,4.5,5.5],"texture":"#texture"}}},{"name":"cube","from":[6.75,1,5.75],"to":[12.25,4.75,10.25],"faces":{"north":{"uv":[2.5,2,5.5,4.5],"texture":"#texture"},"east":{"uv":[1.5,2,5.5,4.5],"texture":"#texture"},"south":{"uv":[2,2.5,5,5],"texture":"#texture"},"west":{"uv":[2,2,6,4.5],"texture":"#texture"},"up":{"uv":[2.5,1,5.5,5],"texture":"#texture"},"down":{"uv":[1.5,1.5,4.5,5.5],"texture":"#texture"}}},{"name":"cube","from":[7.25,0.75,10.25],"to":[11.75,5.25,10.9375],"rotation":{"angle":45,"axis":"x","origin":[7.25,5.25,10.25]},"faces":{"north":{"uv":[2.5,2,5.5,4.5],"texture":"#texture"},"east":{"uv":[1.5,2,5.5,4.5],"texture":"#texture"},"south":{"uv":[2,2.5,5,5],"texture":"#texture"},"west":{"uv":[2,2,6,4.5],"texture":"#texture"},"up":{"uv":[2.5,1,5.5,5],"texture":"#texture"},"down":{"uv":[1.5,1.5,4.5,5.5],"texture":"#texture"}}},{"name":"cube","from":[11.75,-0.5,5.75],"to":[12.4375,5.25,10.25],"rotation":{"angle":-45,"axis":"z","origin":[11.75,5.25,5.75]},"faces":{"north":{"uv":[2.5,2,5.5,4.5],"texture":"#texture"},"east":{"uv":[1.5,2,5.5,4.5],"texture":"#texture"},"south":{"uv":[2,2.5,5,5],"texture":"#texture"},"west":{"uv":[2,2,6,4.5],"texture":"#texture"},"up":{"uv":[2.5,1,5.5,5],"texture":"#texture"},"down":{"uv":[1.5,1.5,4.5,5.5],"texture":"#texture"}}},{"name":"cube","from":[6.75,0.25,5.75],"to":[10.75,1,10.25],"faces":{"north":{"uv":[2.5,10.75,5.5,13.25],"texture":"#texture"},"east":{"uv":[0.75,9.75,4.75,12.25],"texture":"#texture"},"south":{"uv":[0.5,11.5,3.5,14],"texture":"#texture"},"west":{"uv":[2.25,10.5,6.25,13],"texture":"#texture"},"up":{"uv":[2.25,9.75,5.25,13.75],"texture":"#texture"},"down":{"uv":[1.75,10.25,4.75,14.25],"texture":"#texture"}}},{"name":"cube","from":[7,0,5.5],"to":[10.5,1,10.5],"faces":{"north":{"uv":[2.5,10.75,5.5,13.25],"texture":"#texture"},"east":{"uv":[0.75,9.75,4.75,12.25],"texture":"#texture"},"south":{"uv":[0.5,11.5,3.5,14],"texture":"#texture"},"west":{"uv":[2.25,10.5,6.25,13],"texture":"#texture"},"up":{"uv":[2.25,9.75,5.25,13.75],"texture":"#texture"},"down":{"uv":[1.75,10.25,4.75,14.25],"texture":"#texture"}}},{"name":"cube","from":[7.25,-0.25,5.75],"to":[10.75,0.25,10.25],"faces":{"north":{"uv":[2.5,10.75,5.5,13.25],"texture":"#texture"},"east":{"uv":[0.75,9.75,4.75,12.25],"texture":"#texture"},"south":{"uv":[0.5,11.5,3.5,14],"texture":"#texture"},"west":{"uv":[2.25,10.5,6.25,13],"texture":"#texture"},"up":{"uv":[2.25,9.75,5.25,13.75],"texture":"#texture"},"down":{"uv":[1.75,10.25,4.75,14.25],"texture":"#texture"}}},{"name":"cube","from":[6.75,-1,5.75],"to":[7.4375,4.75,10.25],"rotation":{"angle":45,"axis":"z","origin":[6.75,4.75,5.75]},"faces":{"north":{"uv":[2.5,2,5.5,4.5],"texture":"#texture"},"east":{"uv":[1.5,2,5.5,4.5],"texture":"#texture"},"south":{"uv":[2,2.5,5,5],"texture":"#texture"},"west":{"uv":[2,2,6,4.5],"texture":"#texture"},"up":{"uv":[2.5,1,5.5,5],"texture":"#texture"},"down":{"uv":[1.5,1.5,4.5,5.5],"texture":"#texture"}}},{"name":"cube","from":[7.25,0.25,5.25],"to":[11.75,4.75,5.9375],"rotation":{"angle":-45,"axis":"x","origin":[7.25,4.75,5.25]},"faces":{"north":{"uv":[2.5,2,5.5,4.5],"texture":"#texture"},"east":{"uv":[1.5,2,5.5,4.5],"texture":"#texture"},"south":{"uv":[2,2.5,5,5],"texture":"#texture"},"west":{"uv":[2,2,6,4.5],"texture":"#texture"},"up":{"uv":[2.5,1,5.5,5],"texture":"#texture"},"down":{"uv":[1.5,1.5,4.5,5.5],"texture":"#texture"}}},{"name":"cube","from":[6.745,0.99,6.5],"to":[6.8075,3.74,9.75],"faces":{"west":{"uv":[0.5,0.5,10,10],"texture":"#belly"}}},{"name":"cube","from":[8.75,4.75,7],"to":[10.5,8.75,9],"faces":{"north":{"uv":[2.5,2,5.5,4.5],"texture":"#texture"},"east":{"uv":[1.5,2,5.5,4.5],"texture":"#texture"},"south":{"uv":[2,2.5,5,5],"texture":"#texture"},"west":{"uv":[2,2,6,4.5],"texture":"#texture"},"up":{"uv":[2.5,1,5.5,5],"texture":"#texture"},"down":{"uv":[1.5,1.5,4.5,5.5],"texture":"#texture"}}},{"name":"cube","from":[8.75,5,7],"to":[10,7.25,9],"rotation":{"angle":-22.5,"axis":"z","origin":[8.75,7.25,7]},"faces":{"north":{"uv":[2.5,2,5.5,4.5],"texture":"#texture"},"east":{"uv":[1.5,2,5.5,4.5],"texture":"#texture"},"south":{"uv":[2,2.5,5,5],"texture":"#texture"},"west":{"uv":[2,2,6,4.5],"texture":"#texture"},"up":{"uv":[2.5,1,5.5,5],"texture":"#texture"},"down":{"uv":[1.5,1.5,4.5,5.5],"texture":"#texture"}}},{"name":"cube","from":[9.3125,4.5,7],"to":[10.5625,6.75,9],"rotation":{"angle":22.5,"axis":"z","origin":[9.3125,6.75,7]},"faces":{"north":{"uv":[2.5,2,5.5,4.5],"texture":"#texture"},"east":{"uv":[1.5,2,5.5,4.5],"texture":"#texture"},"south":{"uv":[2,2.5,5,5],"texture":"#texture"},"west":{"uv":[2,2,6,4.5],"texture":"#texture"},"up":{"uv":[2.5,1,5.5,5],"texture":"#texture"},"down":{"uv":[1.5,1.5,4.5,5.5],"texture":"#texture"}}},{"name":"cube","from":[10.1875,3.875,7],"to":[11.1875,5.375,9],"rotation":{"angle":45,"axis":"z","origin":[10.1875,5.375,7]},"faces":{"north":{"uv":[2.5,2,5.5,4.5],"texture":"#texture"},"east":{"uv":[1.5,2,5.5,4.5],"texture":"#texture"},"south":{"uv":[2,2.5,5,5],"texture":"#texture"},"west":{"uv":[2,2,6,4.5],"texture":"#texture"},"up":{"uv":[2.5,1,5.5,5],"texture":"#texture"},"down":{"uv":[1.5,1.5,4.5,5.5],"texture":"#texture"}}},{"name":"cube","from":[8.5625,4.3125,7],"to":[9.5625,6.5625,9],"rotation":{"angle":-45,"axis":"z","origin":[8.5625,6.5625,7]},"faces":{"north":{"uv":[2.5,2,5.5,4.5],"texture":"#texture"},"east":{"uv":[1.5,2,5.5,4.5],"texture":"#texture"},"south":{"uv":[2,2.5,5,5],"texture":"#texture"},"west":{"uv":[2,2,6,4.5],"texture":"#texture"},"up":{"uv":[2.5,1,5.5,5],"texture":"#texture"},"down":{"uv":[1.5,1.5,4.5,5.5],"texture":"#texture"}}},{"name":"cube","from":[7.8125,6.6875,7],"to":[9.0625,8.4375,9],"rotation":{"angle":45,"axis":"z","origin":[7.8125,8.4375,7]},"faces":{"north":{"uv":[2.5,2,5.5,4.5],"texture":"#texture"},"east":{"uv":[1.5,2,5.5,4.5],"texture":"#texture"},"south":{"uv":[2,2.5,5,5],"texture":"#texture"},"west":{"uv":[2,2,6,4.5],"texture":"#texture"},"up":{"uv":[2.5,1,5.5,5],"texture":"#texture"},"down":{"uv":[1.5,1.5,4.5,5.5],"texture":"#texture"}}},{"name":"cube","from":[10.25,7.625,6.75],"to":[11.75,8.875,9.25],"rotation":{"angle":-22.5,"axis":"z","origin":[10.25,8.875,6.75]},"faces":{"north":{"uv":[10.75,2.75,14.5,4.5],"texture":"#texture"},"east":{"uv":[10.5,2.5,12.25,4.25],"texture":"#texture"},"south":{"uv":[10.75,2.75,14.5,4.5],"texture":"#texture"},"west":{"uv":[11.5,2.25,13.25,4],"texture":"#texture"},"up":{"uv":[11,3,14.75,4.75],"texture":"#texture"},"down":{"uv":[10.25,3,14,4.75],"texture":"#texture"}}},{"name":"cube","from":[9.75,7.125,6.75],"to":[11.125,7.75,9.25],"faces":{"north":{"uv":[10.75,2.75,14.5,4.5],"texture":"#texture"},"east":{"uv":[10.5,2.5,12.25,4.25],"texture":"#texture"},"south":{"uv":[10.75,2.75,14.5,4.5],"texture":"#texture"},"west":{"uv":[11.5,2.25,13.25,4],"texture":"#texture"},"up":{"uv":[11,3,14.75,4.75],"texture":"#texture"},"down":{"uv":[10.25,3,14,4.75],"texture":"#texture"}}},{"name":"cube","from":[9.75,3.875,6.75],"to":[11.25,7.125,9.25],"rotation":{"angle":45,"axis":"z","origin":[9.75,7.125,6.75]},"faces":{"north":{"uv":[10.75,2.75,14.5,4.5],"texture":"#texture"},"east":{"uv":[10.5,2.5,12.25,4.25],"texture":"#texture"},"south":{"uv":[10.75,2.75,14.5,4.5],"texture":"#texture"},"west":{"uv":[11.5,2.25,13.25,4],"texture":"#texture"},"up":{"uv":[11,3,14.75,4.75],"texture":"#texture"},"down":{"uv":[10.25,3,14,4.75],"texture":"#texture"}}},{"name":"cube","from":[11.625,4.375,6.75],"to":[13.125,5.875,9.25],"faces":{"north":{"uv":[10.75,2.75,14.5,4.5],"texture":"#texture"},"east":{"uv":[10.5,2.5,12.25,4.25],"texture":"#texture"},"south":{"uv":[10.75,2.75,14.5,4.5],"texture":"#texture"},"west":{"uv":[11.5,2.25,13.25,4],"texture":"#texture"},"up":{"uv":[11,3,14.75,4.75],"texture":"#texture"},"down":{"uv":[10.25,3,14,4.75],"texture":"#texture"}}},{"name":"cube","from":[11.625,3.8625,7.25],"to":[13.125,4.425,8.75],"faces":{"north":{"uv":[10.75,2.75,14.5,4.5],"texture":"#texture"},"east":{"uv":[10.5,2.5,12.25,4.25],"texture":"#texture"},"south":{"uv":[10.75,2.75,14.5,4.5],"texture":"#texture"},"west":{"uv":[11.5,2.25,13.25,4],"texture":"#texture"},"up":{"uv":[11,3,14.75,4.75],"texture":"#texture"},"down":{"uv":[10.25,3,14,4.75],"texture":"#texture"}}},{"name":"cube","from":[11.625,4.24,7.095],"to":[13.125,4.74,7.845],"rotation":{"angle":45,"axis":"x","origin":[11.625,4.74,7.095]},"faces":{"north":{"uv":[10.75,2.75,14.5,4.5],"texture":"#texture"},"east":{"uv":[10.5,2.5,12.25,4.25],"texture":"#texture"},"south":{"uv":[10.75,2.75,14.5,4.5],"texture":"#texture"},"west":{"uv":[11.5,2.25,13.25,4],"texture":"#texture"},"up":{"uv":[11,3,14.75,4.75],"texture":"#texture"},"down":{"uv":[10.25,3,14,4.75],"texture":"#texture"}}},{"name":"cube","from":[11.625,3.7075,8.375],"to":[13.125,4.2075,9.125],"rotation":{"angle":-45,"axis":"x","origin":[11.625,4.2075,8.375]},"faces":{"north":{"uv":[10.75,2.75,14.5,4.5],"texture":"#texture"},"east":{"uv":[10.5,2.5,12.25,4.25],"texture":"#texture"},"south":{"uv":[10.75,2.75,14.5,4.5],"texture":"#texture"},"west":{"uv":[11.5,2.25,13.25,4],"texture":"#texture"},"up":{"uv":[11,3,14.75,4.75],"texture":"#texture"},"down":{"uv":[10.25,3,14,4.75],"texture":"#texture"}}},{"name":"cube","from":[5.5,8.3125,10],"to":[6.5,9.3125,10.75],"rotation":{"angle":45,"axis":"x","origin":[5.5,9.3125,10]},"faces":{"north":{"uv":[2.25,8.75,3.25,9.75],"texture":"#tooth"},"east":{"uv":[2.75,8.75,3.5,9.75],"texture":"#tooth"},"south":{"uv":[2.25,8.5,3.25,9.5],"texture":"#tooth"},"west":{"uv":[2.5,8.5,3.25,9.5],"texture":"#tooth"},"up":{"uv":[2.5,8.75,3.5,9.5],"texture":"#tooth"},"down":{"uv":[2.5,9,3.5,9.75],"texture":"#tooth"}}},{"name":"cube","from":[5.5,7.75,5.5],"to":[6.5,8.75,6.25],"rotation":{"angle":-45,"axis":"x","origin":[5.5,8.75,5.5]},"faces":{"north":{"uv":[2.25,8.75,3.25,9.75],"texture":"#tooth"},"east":{"uv":[2.75,8.75,3.5,9.75],"texture":"#tooth"},"south":{"uv":[2.25,8.5,3.25,9.5],"texture":"#tooth"},"west":{"uv":[2.5,8.5,3.25,9.5],"texture":"#tooth"},"up":{"uv":[2.5,8.75,3.5,9.5],"texture":"#tooth"},"down":{"uv":[2.5,9,3.5,9.75],"texture":"#tooth"}}},{"name":"cube","from":[5.5,8.0625,6.1875],"to":[6.5,8.5625,9.8125],"faces":{"north":{"uv":[2.25,8.75,3.25,9.75],"texture":"#tooth"},"east":{"uv":[2.75,8.75,3.5,9.75],"texture":"#tooth"},"south":{"uv":[2.25,8.5,3.25,9.5],"texture":"#tooth"},"west":{"uv":[2.5,8.5,3.25,9.5],"texture":"#tooth"},"up":{"uv":[2.5,8.75,3.5,9.5],"texture":"#tooth"},"down":{"uv":[2.5,9,3.5,9.75],"texture":"#tooth"}}},{"name":"cube","from":[5.5,8.8125,10.0625],"to":[6.5,9.3125,10.5625],"faces":{"north":{"uv":[2.25,8.75,3.25,9.75],"texture":"#tooth"},"east":{"uv":[2.75,8.75,3.5,9.75],"texture":"#tooth"},"south":{"uv":[2.25,8.5,3.25,9.5],"texture":"#tooth"},"west":{"uv":[2.5,8.5,3.25,9.5],"texture":"#tooth"},"up":{"uv":[2.5,8.75,3.5,9.5],"texture":"#tooth"},"down":{"uv":[2.5,9,3.5,9.75],"texture":"#tooth"}}},{"name":"cube","from":[5.5,8.75,5.5],"to":[6.5,9.25,6],"faces":{"north":{"uv":[2.25,8.75,3.25,9.75],"texture":"#tooth"},"east":{"uv":[2.75,8.75,3.5,9.75],"texture":"#tooth"},"south":{"uv":[2.25,8.5,3.25,9.5],"texture":"#tooth"},"west":{"uv":[2.5,8.5,3.25,9.5],"texture":"#tooth"},"up":{"uv":[2.5,8.75,3.5,9.5],"texture":"#tooth"},"down":{"uv":[2.5,9,3.5,9.75],"texture":"#tooth"}}},{"name":"cube","from":[6,9.125,10.0625],"to":[6.6875,9.8125,10.5625],"rotation":{"angle":-45,"axis":"z","origin":[6,9.8125,10.0625]},"faces":{"north":{"uv":[2.25,8.75,3.25,9.75],"texture":"#tooth"},"east":{"uv":[2.75,8.75,3.5,9.75],"texture":"#tooth"},"south":{"uv":[2.25,8.5,3.25,9.5],"texture":"#tooth"},"west":{"uv":[2.5,8.5,3.25,9.5],"texture":"#tooth"},"up":{"uv":[2.5,8.75,3.5,9.5],"texture":"#tooth"},"down":{"uv":[2.5,9,3.5,9.75],"texture":"#tooth"}}},{"name":"cube","from":[6,9.0625,5.5],"to":[6.6875,9.75,6],"rotation":{"angle":-45,"axis":"z","origin":[6,9.75,5.5]},"faces":{"north":{"uv":[2.25,8.75,3.25,9.75],"texture":"#tooth"},"east":{"uv":[2.75,8.75,3.5,9.75],"texture":"#tooth"},"south":{"uv":[2.25,8.5,3.25,9.5],"texture":"#tooth"},"west":{"uv":[2.5,8.5,3.25,9.5],"texture":"#tooth"},"up":{"uv":[2.5,8.75,3.5,9.5],"texture":"#tooth"},"down":{"uv":[2.5,9,3.5,9.75],"texture":"#tooth"}}},{"name":"cube","from":[8.6875,9.5,10.6925],"to":[9.6875,11,10.755],"faces":{"south":{"uv":[0.5,0.5,8,11],"texture":"#details"}}},{"name":"cube","from":[8.6875,9.5,5.245],"to":[9.6875,11,5.3075],"faces":{"north":{"uv":[0.5,0.5,8,11],"texture":"#details"}}},{"name":"cube","from":[9.875,8,6.75],"to":[10.875,9,9.25],"rotation":{"angle":-45,"axis":"z","origin":[9.875,9,6.75]},"faces":{"north":{"uv":[10.75,2.75,14.5,4.5],"texture":"#texture"},"east":{"uv":[10.5,2.5,12.25,4.25],"texture":"#texture"},"south":{"uv":[10.75,2.75,14.5,4.5],"texture":"#texture"},"west":{"uv":[11.5,2.25,13.25,4],"texture":"#texture"},"up":{"uv":[11,3,14.75,4.75],"texture":"#texture"},"down":{"uv":[10.25,3,14,4.75],"texture":"#texture"}}},{"name":"cube","from":[8.75,5,7],"to":[10.5,7.25,8],"rotation":{"angle":22.5,"axis":"x","origin":[8.75,7.25,7]},"faces":{"north":{"uv":[2.5,2,5.5,4.5],"texture":"#texture"},"east":{"uv":[1.5,2,5.5,4.5],"texture":"#texture"},"south":{"uv":[2,2.5,5,5],"texture":"#texture"},"west":{"uv":[2,2,6,4.5],"texture":"#texture"},"up":{"uv":[2.5,1,5.5,5],"texture":"#texture"},"down":{"uv":[1.5,1.5,4.5,5.5],"texture":"#texture"}}},{"name":"cube","from":[8.75,4.6875,8],"to":[10.5,6.9375,9],"rotation":{"angle":-22.5,"axis":"x","origin":[8.75,6.9375,8]},"faces":{"north":{"uv":[2.5,2,5.5,4.5],"texture":"#texture"},"east":{"uv":[1.5,2,5.5,4.5],"texture":"#texture"},"south":{"uv":[2,2.5,5,5],"texture":"#texture"},"west":{"uv":[2,2,6,4.5],"texture":"#texture"},"up":{"uv":[2.5,1,5.5,5],"texture":"#texture"},"down":{"uv":[1.5,1.5,4.5,5.5],"texture":"#texture"}}},{"name":"cube","from":[8.75,3.625,8.1875],"to":[10.5,5.875,9.1875],"rotation":{"angle":-45,"axis":"x","origin":[8.75,5.875,8.1875]},"faces":{"north":{"uv":[2.5,2,5.5,4.5],"texture":"#texture"},"east":{"uv":[1.5,2,5.5,4.5],"texture":"#texture"},"south":{"uv":[2,2.5,5,5],"texture":"#texture"},"west":{"uv":[2,2,6,4.5],"texture":"#texture"},"up":{"uv":[2.5,1,5.5,5],"texture":"#texture"},"down":{"uv":[1.5,1.5,4.5,5.5],"texture":"#texture"}}},{"name":"cube","from":[8.75,4.25,7],"to":[10.5,6.5,8],"rotation":{"angle":45,"axis":"x","origin":[8.75,6.5,7]},"faces":{"north":{"uv":[2.5,2,5.5,4.5],"texture":"#texture"},"east":{"uv":[1.5,2,5.5,4.5],"texture":"#texture"},"south":{"uv":[2,2.5,5,5],"texture":"#texture"},"west":{"uv":[2,2,6,4.5],"texture":"#texture"},"up":{"uv":[2.5,1,5.5,5],"texture":"#texture"},"down":{"uv":[1.5,1.5,4.5,5.5],"texture":"#texture"}}},{"name":"cube","from":[7.75,3.75,11],"to":[10,5,12.25],"rotation":{"angle":45,"axis":"y","origin":[7.75,3.75,11]},"faces":{"north":{"uv":[2.5,2,5.5,4.5],"texture":"#texture"},"east":{"uv":[1.5,2,5.5,4.5],"texture":"#texture"},"south":{"uv":[2,2.5,5,5],"texture":"#texture"},"west":{"uv":[2,2,6,4.5],"texture":"#texture"},"up":{"uv":[2.5,1,5.5,5],"texture":"#texture"},"down":{"uv":[1.5,1.5,4.5,5.5],"texture":"#texture"}}},{"name":"cube","from":[6.375,3.75,10.625],"to":[8.625,5,11.875],"faces":{"north":{"uv":[2.5,2,5.5,4.5],"texture":"#texture"},"east":{"uv":[1.5,2,5.5,4.5],"texture":"#texture"},"south":{"uv":[2,2.5,5,5],"texture":"#texture"},"west":{"uv":[2,2,6,4.5],"texture":"#texture"},"up":{"uv":[2.5,1,5.5,5],"texture":"#texture"},"down":{"uv":[1.5,1.5,4.5,5.5],"texture":"#texture"}}},{"name":"cube","from":[8.5,3.75,4.25],"to":[10.75,5,5.5],"rotation":{"angle":-45,"axis":"y","origin":[8.5,3.75,4.25]},"faces":{"north":{"uv":[2.5,2,5.5,4.5],"texture":"#texture"},"east":{"uv":[1.5,2,5.5,4.5],"texture":"#texture"},"south":{"uv":[2,2.5,5,5],"texture":"#texture"},"west":{"uv":[2,2,6,4.5],"texture":"#texture"},"up":{"uv":[2.5,1,5.5,5],"texture":"#texture"},"down":{"uv":[1.5,1.5,4.5,5.5],"texture":"#texture"}}},{"name":"cube","from":[6.25,3.75,4.25],"to":[8.5,5,5.5],"faces":{"north":{"uv":[2.5,2,5.5,4.5],"texture":"#texture"},"east":{"uv":[1.5,2,5.5,4.5],"texture":"#texture"},"south":{"uv":[2,2.5,5,5],"texture":"#texture"},"west":{"uv":[2,2,6,4.5],"texture":"#texture"},"up":{"uv":[2.5,1,5.5,5],"texture":"#texture"},"down":{"uv":[1.5,1.5,4.5,5.5],"texture":"#texture"}}},{"name":"cube","from":[8.75,-0.25,10],"to":[12,3,12.25],"rotation":{"angle":-45,"axis":"z","origin":[8.75,3,10]},"faces":{"north":{"uv":[2.5,2,5.5,4.5],"texture":"#texture"},"east":{"uv":[1.5,2,5.5,4.5],"texture":"#texture"},"south":{"uv":[2,2.5,5,5],"texture":"#texture"},"west":{"uv":[2,2,6,4.5],"texture":"#texture"},"up":{"uv":[2.5,1,5.5,5],"texture":"#texture"},"down":{"uv":[1.5,1.5,4.5,5.5],"texture":"#texture"}}},{"name":"cube","from":[8.75,-0.25,3.75],"to":[12,3,6],"rotation":{"angle":-45,"axis":"z","origin":[8.75,3,3.75]},"faces":{"north":{"uv":[2.5,2,5.5,4.5],"texture":"#texture"},"east":{"uv":[1.5,2,5.5,4.5],"texture":"#texture"},"south":{"uv":[2,2.5,5,5],"texture":"#texture"},"west":{"uv":[2,2,6,4.5],"texture":"#texture"},"up":{"uv":[2.5,1,5.5,5],"texture":"#texture"},"down":{"uv":[1.5,1.5,4.5,5.5],"texture":"#texture"}}},{"name":"cube","from":[12,0.25,5.75],"to":[12.25,1,10.25],"faces":{"north":{"uv":[2.5,2,5.5,4.5],"texture":"#texture"},"east":{"uv":[1.5,2,5.5,4.5],"texture":"#texture"},"south":{"uv":[2,2.5,5,5],"texture":"#texture"},"west":{"uv":[2,2,6,4.5],"texture":"#texture"},"up":{"uv":[2.5,1,5.5,5],"texture":"#texture"},"down":{"uv":[1.5,1.5,4.5,5.5],"texture":"#texture"}}},{"name":"cube","from":[11.75,0,5.5],"to":[12,1,10.5],"faces":{"north":{"uv":[2.5,2,5.5,4.5],"texture":"#texture"},"east":{"uv":[1.5,2,5.5,4.5],"texture":"#texture"},"south":{"uv":[2,2.5,5,5],"texture":"#texture"},"west":{"uv":[2,2,6,4.5],"texture":"#texture"},"up":{"uv":[2.5,1,5.5,5],"texture":"#texture"},"down":{"uv":[1.5,1.5,4.5,5.5],"texture":"#texture"}}},{"name":"cube","from":[10.75,-0.25,5.75],"to":[11.75,0.25,10.25],"faces":{"north":{"uv":[2.5,2,5.5,4.5],"texture":"#texture"},"east":{"uv":[1.5,2,5.5,4.5],"texture":"#texture"},"south":{"uv":[2,2.5,5,5],"texture":"#texture"},"west":{"uv":[2,2,6,4.5],"texture":"#texture"},"up":{"uv":[2.5,1,5.5,5],"texture":"#texture"},"down":{"uv":[1.5,1.5,4.5,5.5],"texture":"#texture"}}},{"name":"cube","from":[11.2175,-0.47,5.75],"to":[11.905,0.28,10.25],"rotation":{"angle":45,"axis":"z","origin":[11.2175,0.28,5.75]},"faces":{"north":{"uv":[2.5,2,5.5,4.5],"texture":"#texture"},"east":{"uv":[1.5,2,5.5,4.5],"texture":"#texture"},"south":{"uv":[2,2.5,5,5],"texture":"#texture"},"west":{"uv":[2,2,6,4.5],"texture":"#texture"},"up":{"uv":[2.5,1,5.5,5],"texture":"#texture"},"down":{"uv":[1.5,1.5,4.5,5.5],"texture":"#texture"}}},{"name":"cube","from":[6.75,-3.25,10.25],"to":[8.5,0.5,12],"rotation":{"angle":22.5,"axis":"z","origin":[6.75,0.5,10.25]},"faces":{"north":{"uv":[2.5,2,5.5,4.5],"texture":"#texture"},"east":{"uv":[1.5,2,5.5,4.5],"texture":"#texture"},"south":{"uv":[2,2.5,5,5],"texture":"#texture"},"west":{"uv":[2,2,6,4.5],"texture":"#texture"},"up":{"uv":[2.5,1,5.5,5],"texture":"#texture"},"down":{"uv":[1.5,1.5,4.5,5.5],"texture":"#texture"}}},{"name":"cube","from":[6.75,-3.25,4],"to":[8.5,0.5,5.75],"rotation":{"angle":22.5,"axis":"z","origin":[6.75,0.5,4]},"faces":{"north":{"uv":[2.5,2,5.5,4.5],"texture":"#texture"},"east":{"uv":[1.5,2,5.5,4.5],"texture":"#texture"},"south":{"uv":[2,2.5,5,5],"texture":"#texture"},"west":{"uv":[2,2,6,4.5],"texture":"#texture"},"up":{"uv":[2.5,1,5.5,5],"texture":"#texture"},"down":{"uv":[1.5,1.5,4.5,5.5],"texture":"#texture"}}},{"name":"cube","from":[8,-3.5,10.25],"to":[9.75,-2.25,12],"faces":{"north":{"uv":[2.5,2,5.5,4.5],"texture":"#texture"},"east":{"uv":[1.5,2,5.5,4.5],"texture":"#texture"},"south":{"uv":[2,2.5,5,5],"texture":"#texture"},"west":{"uv":[2,2,6,4.5],"texture":"#texture"},"up":{"uv":[2.5,1,5.5,5],"texture":"#texture"},"down":{"uv":[1.5,1.5,4.5,5.5],"texture":"#texture"}}},{"name":"cube","from":[8,-3.5,4],"to":[9.75,-2.25,5.75],"faces":{"north":{"uv":[2.5,2,5.5,4.5],"texture":"#texture"},"east":{"uv":[1.5,2,5.5,4.5],"texture":"#texture"},"south":{"uv":[2,2.5,5,5],"texture":"#texture"},"west":{"uv":[2,2,6,4.5],"texture":"#texture"},"up":{"uv":[2.5,1,5.5,5],"texture":"#texture"},"down":{"uv":[1.5,1.5,4.5,5.5],"texture":"#texture"}}},{"name":"cube","from":[7,-3.5625,3],"to":[10.75,-3.5,5.5],"rotation":{"angle":-22.5,"axis":"y","origin":[7,-3.5625,3]},"faces":{"up":{"uv":[8.5,0.5,15.5,9.5],"texture":"#details","rotation":270},"down":{"uv":[8.5,0.5,15.5,9.5],"texture":"#details","rotation":270}}},{"name":"cube","from":[6.25,-3.5625,11],"to":[10,-3.5,13.25],"rotation":{"angle":22.5,"axis":"y","origin":[6.25,-3.5625,11]},"faces":{"up":{"uv":[8.5,0.5,15.5,9.5],"texture":"#details","rotation":270},"down":{"uv":[8.5,0.5,15.5,9.5],"texture":"#details","rotation":270}}}],"display":{"head":{"rotation":[0,-90,0],"translation":[0,-18.1,0],"scale":[2,2,2]},"gui":{"rotation":[30,50,0],"translation":[0,2,0],"scale":[0.8,0.8,0.8]},"thirdperson_righthand":{"scale":[0,0,0]},"thirdperson_lefthand":{"scale":[0,0,0]},"firstperson_righthand":{"scale":[0,0,0]},"firstperson_lefthand":{"scale":[0,0,0]}}}