{"credit":"Made by MadstonMagic using Cubik Pro, Copyright © MadstonMagic Modeling 2015-2017. All rights reserved","textures":{"0":"pokemon_skins/regular/metagross/metagross","1":"pokemon_skins/regular/metagross/eye"},"elements":[{"from":[5.5625,8.05,-2.5],"to":[10.4375,10.3,18.5],"faces":{"north":{"uv":[1,1,4,4],"texture":"#0"},"east":{"uv":[1,1,4,4],"texture":"#0"},"south":{"uv":[1,1,4,4],"texture":"#0"},"west":{"uv":[1,1,4,4],"texture":"#0"},"up":{"uv":[1,1,4,4],"texture":"#0"},"down":{"uv":[1,1,4,4],"texture":"#0"}}},{"from":[-2.5,8.05,5.5625],"to":[18.5,10.3,10.4375],"faces":{"north":{"uv":[1,1,4,4],"texture":"#0"},"east":{"uv":[1,1,4,4],"texture":"#0"},"south":{"uv":[1,1,4,4],"texture":"#0"},"west":{"uv":[1,1,4,4],"texture":"#0"},"up":{"uv":[1,1,4,4],"texture":"#0"},"down":{"uv":[1,1,4,4],"texture":"#0"}}},{"from":[2,8.05,-1],"to":[5.84375,10.3,1.25],"rotation":{"angle":22.5,"axis":"y","origin":[2,8.25,-1]},"faces":{"north":{"uv":[1,1,4,4],"texture":"#0"},"east":{"uv":[1,1,4,4],"texture":"#0"},"south":{"uv":[1,1,4,4],"texture":"#0"},"west":{"uv":[1,1,4,4],"texture":"#0"},"up":{"uv":[1,1,4,4],"texture":"#0"},"down":{"uv":[1,1,4,4],"texture":"#0"}}},{"from":[10.4375,8.05,-2.5],"to":[14.2813,10.3,-0.25],"rotation":{"angle":-22.5,"axis":"y","origin":[10.4375,8.25,-2.5]},"faces":{"north":{"uv":[1,1,4,4],"texture":"#0"},"east":{"uv":[1,1,4,4],"texture":"#0"},"south":{"uv":[1,1,4,4],"texture":"#0"},"west":{"uv":[1,1,4,4],"texture":"#0"},"up":{"uv":[1,1,4,4],"texture":"#0"},"down":{"uv":[1,1,4,4],"texture":"#0"}}},{"from":[9.59375,8.05,16.4375],"to":[13.4375,10.3,18.6875],"rotation":{"angle":22.5,"axis":"y","origin":[9.59375,8.25,16.4375]},"faces":{"north":{"uv":[1,1,4,4],"texture":"#0"},"east":{"uv":[1,1,4,4],"texture":"#0"},"south":{"uv":[1,1,4,4],"texture":"#0"},"west":{"uv":[1,1,4,4],"texture":"#0"},"up":{"uv":[1,1,4,4],"texture":"#0"},"down":{"uv":[1,1,4,4],"texture":"#0"}}},{"from":[2.84375,8.05,14.9375],"to":[6.6875,10.3,17.1875],"rotation":{"angle":-22.5,"axis":"y","origin":[2.84375,8.25,14.9375]},"faces":{"north":{"uv":[1,1,4,4],"texture":"#0"},"east":{"uv":[1,1,4,4],"texture":"#0"},"south":{"uv":[1,1,4,4],"texture":"#0"},"west":{"uv":[1,1,4,4],"texture":"#0"},"up":{"uv":[1,1,4,4],"texture":"#0"},"down":{"uv":[1,1,4,4],"texture":"#0"}}},{"from":[-1,8.05,2],"to":[1.15625,10.3,5.84375],"rotation":{"angle":-22.5,"axis":"y","origin":[-1,8.25,2]},"faces":{"north":{"uv":[1,1,4,4],"texture":"#0"},"east":{"uv":[1,1,4,4],"texture":"#0"},"south":{"uv":[1,1,4,4],"texture":"#0"},"west":{"uv":[1,1,4,4],"texture":"#0"},"up":{"uv":[1,1,4,4],"texture":"#0"},"down":{"uv":[1,1,4,4],"texture":"#0"}}},{"from":[-2.5,8.05,10.4375],"to":[-0.34375,10.3,14.2813],"rotation":{"angle":22.5,"axis":"y","origin":[-2.5,8.25,10.4375]},"faces":{"north":{"uv":[1,1,4,4],"texture":"#0"},"east":{"uv":[1,1,4,4],"texture":"#0"},"south":{"uv":[1,1,4,4],"texture":"#0"},"west":{"uv":[1,1,4,4],"texture":"#0"},"up":{"uv":[1,1,4,4],"texture":"#0"},"down":{"uv":[1,1,4,4],"texture":"#0"}}},{"from":[16.5313,8.05,9.59375],"to":[18.6875,10.3,13.4375],"rotation":{"angle":-22.5,"axis":"y","origin":[16.5313,8.25,9.59375]},"faces":{"north":{"uv":[1,1,4,4],"texture":"#0"},"east":{"uv":[1,1,4,4],"texture":"#0"},"south":{"uv":[1,1,4,4],"texture":"#0"},"west":{"uv":[1,1,4,4],"texture":"#0"},"up":{"uv":[1,1,4,4],"texture":"#0"},"down":{"uv":[1,1,4,4],"texture":"#0"}}},{"from":[15.0313,8.05,2.84375],"to":[17.1875,10.3,6.6875],"rotation":{"angle":22.5,"axis":"y","origin":[15.0313,8.25,2.84375]},"faces":{"north":{"uv":[1,1,4,4],"texture":"#0"},"east":{"uv":[1,1,4,4],"texture":"#0"},"south":{"uv":[1,1,4,4],"texture":"#0"},"west":{"uv":[1,1,4,4],"texture":"#0"},"up":{"uv":[1,1,4,4],"texture":"#0"},"down":{"uv":[1,1,4,4],"texture":"#0"}}},{"from":[0.8,4.45,3.2],"to":[4.25,8.45,20.18],"rotation":{"angle":45,"axis":"y","origin":[0.8,4.65,3.2]},"faces":{"north":{"uv":[1,1,4,4],"texture":"#0"},"east":{"uv":[1,1,4,4],"texture":"#0"},"south":{"uv":[1,1,4,4],"texture":"#0"},"west":{"uv":[1,1,4,4],"texture":"#0"},"up":{"uv":[1,1,4,4],"texture":"#0"},"down":{"uv":[1,1,4,4],"texture":"#0"}}},{"from":[12.8,4.45,0.8],"to":[16.25,8.45,17.78],"rotation":{"angle":-45,"axis":"y","origin":[12.8,4.65,0.8]},"faces":{"north":{"uv":[1,1,4,4],"texture":"#0"},"east":{"uv":[1,1,4,4],"texture":"#0"},"south":{"uv":[1,1,4,4],"texture":"#0"},"west":{"uv":[1,1,4,4],"texture":"#0"},"up":{"uv":[1,1,4,4],"texture":"#0"},"down":{"uv":[1,1,4,4],"texture":"#0"}}},{"from":[6.05,4.45,-0.4],"to":[9.95,13.45,16.4],"faces":{"north":{"uv":[1,1,4,4],"texture":"#0"},"east":{"uv":[1,1,4,4],"texture":"#0"},"south":{"uv":[1,1,4,4],"texture":"#0"},"west":{"uv":[1,1,4,4],"texture":"#0"},"up":{"uv":[1,1,4,4],"texture":"#0"},"down":{"uv":[1,1,4,4],"texture":"#0"}}},{"from":[-0.4,4.45,6.05],"to":[16.4,13.45,9.95],"faces":{"north":{"uv":[1,1,4,4],"texture":"#0"},"east":{"uv":[1,1,4,4],"texture":"#0"},"south":{"uv":[1,1,4,4],"texture":"#0"},"west":{"uv":[1,1,4,4],"texture":"#0"},"up":{"uv":[1,1,4,4],"texture":"#0"},"down":{"uv":[1,1,4,4],"texture":"#0"}}},{"from":[5.5625,7.675,-2.5],"to":[10.4375,10.3,1.53125],"rotation":{"angle":-45,"axis":"x","origin":[5.5625,10.3,-2.5]},"faces":{"north":{"uv":[1,1,4,4],"texture":"#0"},"east":{"uv":[1,1,4,4],"texture":"#0"},"south":{"uv":[1,1,4,4],"texture":"#0"},"west":{"uv":[1,1,4,4],"texture":"#0"},"up":{"uv":[1,1,4,4],"texture":"#0"},"down":{"uv":[1,1,4,4],"texture":"#0"}}},{"from":[5.5625,10.5813,15.6875],"to":[10.4375,13.2063,19.7188],"rotation":{"angle":45,"axis":"x","origin":[5.5625,13.2063,15.6875]},"faces":{"north":{"uv":[1,1,4,4],"texture":"#0"},"east":{"uv":[1,1,4,4],"texture":"#0"},"south":{"uv":[1,1,4,4],"texture":"#0"},"west":{"uv":[1,1,4,4],"texture":"#0"},"up":{"uv":[1,1,4,4],"texture":"#0"},"down":{"uv":[1,1,4,4],"texture":"#0"}}},{"from":[5.5625,4.39375,13.7188],"to":[10.4375,7.01875,17.75],"rotation":{"angle":-45,"axis":"x","origin":[5.5625,7.01875,13.7188]},"faces":{"north":{"uv":[1,1,4,4],"texture":"#0"},"east":{"uv":[1,1,4,4],"texture":"#0"},"south":{"uv":[1,1,4,4],"texture":"#0"},"west":{"uv":[1,1,4,4],"texture":"#0"},"up":{"uv":[1,1,4,4],"texture":"#0"},"down":{"uv":[1,1,4,4],"texture":"#0"}}},{"from":[5.5625,7.3,-0.625],"to":[10.4375,9.925,3.40625],"rotation":{"angle":45,"axis":"x","origin":[5.5625,9.925,-0.625]},"faces":{"north":{"uv":[1,1,4,4],"texture":"#0"},"east":{"uv":[1,1,4,4],"texture":"#0"},"south":{"uv":[1,1,4,4],"texture":"#0"},"west":{"uv":[1,1,4,4],"texture":"#0"},"up":{"uv":[1,1,4,4],"texture":"#0"},"down":{"uv":[1,1,4,4],"texture":"#0"}}},{"from":[-2.5,7.675,5.5625],"to":[1.53125,10.3,10.4375],"rotation":{"angle":45,"axis":"z","origin":[-2.5,10.3,5.5625]},"faces":{"north":{"uv":[1,1,4,4],"texture":"#0"},"east":{"uv":[1,1,4,4],"texture":"#0"},"south":{"uv":[1,1,4,4],"texture":"#0"},"west":{"uv":[1,1,4,4],"texture":"#0"},"up":{"uv":[1,1,4,4],"texture":"#0"},"down":{"uv":[1,1,4,4],"texture":"#0"}}},{"from":[15.6875,10.4875,5.5625],"to":[19.7188,13.1125,10.4375],"rotation":{"angle":-45,"axis":"z","origin":[15.6875,13.1125,5.5625]},"faces":{"north":{"uv":[1,1,4,4],"texture":"#0"},"east":{"uv":[1,1,4,4],"texture":"#0"},"south":{"uv":[1,1,4,4],"texture":"#0"},"west":{"uv":[1,1,4,4],"texture":"#0"},"up":{"uv":[1,1,4,4],"texture":"#0"},"down":{"uv":[1,1,4,4],"texture":"#0"}}},{"from":[13.8125,4.39375,5.5625],"to":[17.8438,7.01875,10.4375],"rotation":{"angle":45,"axis":"z","origin":[13.8125,7.01875,5.5625]},"faces":{"north":{"uv":[1,1,4,4],"texture":"#0"},"east":{"uv":[1,1,4,4],"texture":"#0"},"south":{"uv":[1,1,4,4],"texture":"#0"},"west":{"uv":[1,1,4,4],"texture":"#0"},"up":{"uv":[1,1,4,4],"texture":"#0"},"down":{"uv":[1,1,4,4],"texture":"#0"}}},{"from":[-0.625,7.3,5.5625],"to":[3.40625,9.925,10.4375],"rotation":{"angle":-45,"axis":"z","origin":[-0.625,9.925,5.5625]},"faces":{"north":{"uv":[1,1,4,4],"texture":"#0"},"east":{"uv":[1,1,4,4],"texture":"#0"},"south":{"uv":[1,1,4,4],"texture":"#0"},"west":{"uv":[1,1,4,4],"texture":"#0"},"up":{"uv":[1,1,4,4],"texture":"#0"},"down":{"uv":[1,1,4,4],"texture":"#0"}}},{"from":[0.125,10.3,-0.25],"to":[3.125,13.3,2.75],"faces":{"north":{"uv":[1,1,4,4],"texture":"#0"},"east":{"uv":[1,1,4,4],"texture":"#0"},"south":{"uv":[1,1,4,4],"texture":"#0"},"west":{"uv":[1,1,4,4],"texture":"#0"},"up":{"uv":[1,1,4,4],"texture":"#0"},"down":{"uv":[1,1,4,4],"texture":"#0"}}},{"from":[12.875,10.2,12.875],"to":[15.875,13.2,15.875],"faces":{"north":{"uv":[1,1,4,4],"texture":"#0"},"east":{"uv":[1,1,4,4],"texture":"#0"},"south":{"uv":[1,1,4,4],"texture":"#0"},"west":{"uv":[1,1,4,4],"texture":"#0"},"up":{"uv":[1,1,4,4],"texture":"#0"},"down":{"uv":[1,1,4,4],"texture":"#0"}}},{"from":[12.875,10.2,-0.25],"to":[15.875,13.2,2.75],"faces":{"north":{"uv":[1,1,4,4],"texture":"#0"},"east":{"uv":[1,1,4,4],"texture":"#0"},"south":{"uv":[1,1,4,4],"texture":"#0"},"west":{"uv":[1,1,4,4],"texture":"#0"},"up":{"uv":[1,1,4,4],"texture":"#0"},"down":{"uv":[1,1,4,4],"texture":"#0"}}},{"from":[0.125,10.3,12.875],"to":[3.125,13.3,15.875],"faces":{"north":{"uv":[1,1,4,4],"texture":"#0"},"east":{"uv":[1,1,4,4],"texture":"#0"},"south":{"uv":[1,1,4,4],"texture":"#0"},"west":{"uv":[1,1,4,4],"texture":"#0"},"up":{"uv":[1,1,4,4],"texture":"#0"},"down":{"uv":[1,1,4,4],"texture":"#0"}}},{"from":[0.5,9.925,13.25],"to":[2.75,13.675,15.5],"faces":{"north":{"uv":[1,1,4,4],"texture":"#0"},"east":{"uv":[1,1,4,4],"texture":"#0"},"south":{"uv":[1,1,4,4],"texture":"#0"},"west":{"uv":[1,1,4,4],"texture":"#0"},"up":{"uv":[1,1,4,4],"texture":"#0"},"down":{"uv":[1,1,4,4],"texture":"#0"}}},{"from":[0.5,10.675,12.5],"to":[2.75,12.925,16.25],"faces":{"north":{"uv":[1,1,4,4],"texture":"#0"},"east":{"uv":[1,1,4,4],"texture":"#0"},"south":{"uv":[1,1,4,4],"texture":"#0"},"west":{"uv":[1,1,4,4],"texture":"#0"},"up":{"uv":[1,1,4,4],"texture":"#0"},"down":{"uv":[1,1,4,4],"texture":"#0"}}},{"from":[-0.25,10.675,13.25],"to":[3.5,12.925,15.5],"faces":{"north":{"uv":[1,1,4,4],"texture":"#0"},"east":{"uv":[1,1,4,4],"texture":"#0"},"south":{"uv":[1,1,4,4],"texture":"#0"},"west":{"uv":[1,1,4,4],"texture":"#0"},"up":{"uv":[1,1,4,4],"texture":"#0"},"down":{"uv":[1,1,4,4],"texture":"#0"}}},{"from":[13.25,9.825,0.125],"to":[15.5,13.575,2.375],"faces":{"north":{"uv":[1,1,4,4],"texture":"#0"},"east":{"uv":[1,1,4,4],"texture":"#0"},"south":{"uv":[1,1,4,4],"texture":"#0"},"west":{"uv":[1,1,4,4],"texture":"#0"},"up":{"uv":[1,1,4,4],"texture":"#0"},"down":{"uv":[1,1,4,4],"texture":"#0"}}},{"from":[0.5,9.925,0.125],"to":[2.75,13.675,2.375],"faces":{"north":{"uv":[1,1,4,4],"texture":"#0"},"east":{"uv":[1,1,4,4],"texture":"#0"},"south":{"uv":[1,1,4,4],"texture":"#0"},"west":{"uv":[1,1,4,4],"texture":"#0"},"up":{"uv":[1,1,4,4],"texture":"#0"},"down":{"uv":[1,1,4,4],"texture":"#0"}}},{"from":[12.5,10.575,0.125],"to":[16.25,12.825,2.375],"faces":{"north":{"uv":[1,1,4,4],"texture":"#0"},"east":{"uv":[1,1,4,4],"texture":"#0"},"south":{"uv":[1,1,4,4],"texture":"#0"},"west":{"uv":[1,1,4,4],"texture":"#0"},"up":{"uv":[1,1,4,4],"texture":"#0"},"down":{"uv":[1,1,4,4],"texture":"#0"}}},{"from":[-0.25,10.675,0.125],"to":[3.5,12.925,2.375],"faces":{"north":{"uv":[1,1,4,4],"texture":"#0"},"east":{"uv":[1,1,4,4],"texture":"#0"},"south":{"uv":[1,1,4,4],"texture":"#0"},"west":{"uv":[1,1,4,4],"texture":"#0"},"up":{"uv":[1,1,4,4],"texture":"#0"},"down":{"uv":[1,1,4,4],"texture":"#0"}}},{"from":[13.25,10.575,-0.625],"to":[15.5,12.825,3.125],"faces":{"north":{"uv":[1,1,4,4],"texture":"#0"},"east":{"uv":[1,1,4,4],"texture":"#0"},"south":{"uv":[1,1,4,4],"texture":"#0"},"west":{"uv":[1,1,4,4],"texture":"#0"},"up":{"uv":[1,1,4,4],"texture":"#0"},"down":{"uv":[1,1,4,4],"texture":"#0"}}},{"from":[0.5,10.675,-0.625],"to":[2.75,12.925,3.125],"faces":{"north":{"uv":[1,1,4,4],"texture":"#0"},"east":{"uv":[1,1,4,4],"texture":"#0"},"south":{"uv":[1,1,4,4],"texture":"#0"},"west":{"uv":[1,1,4,4],"texture":"#0"},"up":{"uv":[1,1,4,4],"texture":"#0"},"down":{"uv":[1,1,4,4],"texture":"#0"}}},{"from":[15.4063,11.3,14.0938],"to":[20.6563,12.8,15.5938],"rotation":{"angle":-45,"axis":"y","origin":[15.4063,12,14.0938]},"faces":{"north":{"uv":[1,1,4,4],"texture":"#0"},"east":{"uv":[1,1,4,4],"texture":"#0"},"south":{"uv":[1,1,4,4],"texture":"#0"},"west":{"uv":[1,1,4,4],"texture":"#0"},"up":{"uv":[1,1,4,4],"texture":"#0"},"down":{"uv":[1,1,4,4],"texture":"#0"}}},{"from":[12.5,10.675,13.25],"to":[16.25,12.925,15.5],"faces":{"north":{"uv":[1,1,4,4],"texture":"#0"},"east":{"uv":[1,1,4,4],"texture":"#0"},"south":{"uv":[1,1,4,4],"texture":"#0"},"west":{"uv":[1,1,4,4],"texture":"#0"},"up":{"uv":[1,1,4,4],"texture":"#0"},"down":{"uv":[1,1,4,4],"texture":"#0"}}},{"from":[13.25,9.925,13.25],"to":[15.5,13.675,15.5],"faces":{"north":{"uv":[1,1,4,4],"texture":"#0"},"east":{"uv":[1,1,4,4],"texture":"#0"},"south":{"uv":[1,1,4,4],"texture":"#0"},"west":{"uv":[1,1,4,4],"texture":"#0"},"up":{"uv":[1,1,4,4],"texture":"#0"},"down":{"uv":[1,1,4,4],"texture":"#0"}}},{"from":[13.25,10.675,12.5],"to":[15.5,12.925,16.25],"faces":{"north":{"uv":[1,1,4,4],"texture":"#0"},"east":{"uv":[1,1,4,4],"texture":"#0"},"south":{"uv":[1,1,4,4],"texture":"#0"},"west":{"uv":[1,1,4,4],"texture":"#0"},"up":{"uv":[1,1,4,4],"texture":"#0"},"down":{"uv":[1,1,4,4],"texture":"#0"}}},{"from":[14.2813,11.3,0.03125],"to":[19.5313,12.8,1.53125],"rotation":{"angle":22.5,"axis":"y","origin":[14.2813,12,0.03125]},"faces":{"north":{"uv":[1,1,4,4],"texture":"#0"},"east":{"uv":[1,1,4,4],"texture":"#0"},"south":{"uv":[1,1,4,4],"texture":"#0"},"west":{"uv":[1,1,4,4],"texture":"#0"},"up":{"uv":[1,1,4,4],"texture":"#0"},"down":{"uv":[1,1,4,4],"texture":"#0"}}},{"from":[-3.8125,11.3,-2.125],"to":[1.4375,12.8,-0.625],"rotation":{"angle":-22.5,"axis":"y","origin":[-3.8125,12,-2.125]},"faces":{"north":{"uv":[1,1,4,4],"texture":"#0"},"east":{"uv":[1,1,4,4],"texture":"#0"},"south":{"uv":[1,1,4,4],"texture":"#0"},"west":{"uv":[1,1,4,4],"texture":"#0"},"up":{"uv":[1,1,4,4],"texture":"#0"},"down":{"uv":[1,1,4,4],"texture":"#0"}}},{"from":[-3.53125,11.3,18.2188],"to":[1.71875,12.8,19.7188],"rotation":{"angle":45,"axis":"y","origin":[-3.53125,12,18.2188]},"faces":{"north":{"uv":[1,1,4,4],"texture":"#0"},"east":{"uv":[1,1,4,4],"texture":"#0"},"south":{"uv":[1,1,4,4],"texture":"#0"},"west":{"uv":[1,1,4,4],"texture":"#0"},"up":{"uv":[1,1,4,4],"texture":"#0"},"down":{"uv":[1,1,4,4],"texture":"#0"}}},{"from":[18.875,10.5,-3.25],"to":[21.875,13.5,-0.25],"faces":{"north":{"uv":[1,1,4,4],"texture":"#0"},"east":{"uv":[1,1,4,4],"texture":"#0"},"south":{"uv":[1,1,4,4],"texture":"#0"},"west":{"uv":[1,1,4,4],"texture":"#0"},"up":{"uv":[1,1,4,4],"texture":"#0"},"down":{"uv":[1,1,4,4],"texture":"#0"}}},{"from":[18.125,10.5,17.75],"to":[21.125,13.5,20.75],"faces":{"north":{"uv":[1,1,4,4],"texture":"#0"},"east":{"uv":[1,1,4,4],"texture":"#0"},"south":{"uv":[1,1,4,4],"texture":"#0"},"west":{"uv":[1,1,4,4],"texture":"#0"},"up":{"uv":[1,1,4,4],"texture":"#0"},"down":{"uv":[1,1,4,4],"texture":"#0"}}},{"from":[-5.125,10.5,17.75],"to":[-2.125,13.5,20.75],"faces":{"north":{"uv":[1,1,4,4],"texture":"#0"},"east":{"uv":[1,1,4,4],"texture":"#0"},"south":{"uv":[1,1,4,4],"texture":"#0"},"west":{"uv":[1,1,4,4],"texture":"#0"},"up":{"uv":[1,1,4,4],"texture":"#0"},"down":{"uv":[1,1,4,4],"texture":"#0"}}},{"from":[-5.875,10.5,-3.25],"to":[-2.875,13.5,-0.25],"faces":{"north":{"uv":[1,1,4,4],"texture":"#0"},"east":{"uv":[1,1,4,4],"texture":"#0"},"south":{"uv":[1,1,4,4],"texture":"#0"},"west":{"uv":[1,1,4,4],"texture":"#0"},"up":{"uv":[1,1,4,4],"texture":"#0"},"down":{"uv":[1,1,4,4],"texture":"#0"}}},{"from":[19.25,10.125,-2.875],"to":[21.5,13.875,-0.625],"faces":{"north":{"uv":[1,1,4,4],"texture":"#0"},"east":{"uv":[1,1,4,4],"texture":"#0"},"south":{"uv":[1,1,4,4],"texture":"#0"},"west":{"uv":[1,1,4,4],"texture":"#0"},"up":{"uv":[1,1,4,4],"texture":"#0"},"down":{"uv":[1,1,4,4],"texture":"#0"}}},{"from":[18.5,10.125,18.125],"to":[20.75,13.875,20.375],"faces":{"north":{"uv":[1,1,4,4],"texture":"#0"},"east":{"uv":[1,1,4,4],"texture":"#0"},"south":{"uv":[1,1,4,4],"texture":"#0"},"west":{"uv":[1,1,4,4],"texture":"#0"},"up":{"uv":[1,1,4,4],"texture":"#0"},"down":{"uv":[1,1,4,4],"texture":"#0"}}},{"from":[-4.75,10.125,18.125],"to":[-2.5,13.875,20.375],"faces":{"north":{"uv":[1,1,4,4],"texture":"#0"},"east":{"uv":[1,1,4,4],"texture":"#0"},"south":{"uv":[1,1,4,4],"texture":"#0"},"west":{"uv":[1,1,4,4],"texture":"#0"},"up":{"uv":[1,1,4,4],"texture":"#0"},"down":{"uv":[1,1,4,4],"texture":"#0"}}},{"from":[-5.5,10.125,-2.875],"to":[-3.25,13.875,-0.625],"faces":{"north":{"uv":[1,1,4,4],"texture":"#0"},"east":{"uv":[1,1,4,4],"texture":"#0"},"south":{"uv":[1,1,4,4],"texture":"#0"},"west":{"uv":[1,1,4,4],"texture":"#0"},"up":{"uv":[1,1,4,4],"texture":"#0"},"down":{"uv":[1,1,4,4],"texture":"#0"}}},{"from":[-5.5,10.875,-3.625],"to":[-3.25,13.125,0.125],"faces":{"north":{"uv":[1,1,4,4],"texture":"#0"},"east":{"uv":[1,1,4,4],"texture":"#0"},"south":{"uv":[1,1,4,4],"texture":"#0"},"west":{"uv":[1,1,4,4],"texture":"#0"},"up":{"uv":[1,1,4,4],"texture":"#0"},"down":{"uv":[1,1,4,4],"texture":"#0"}}},{"from":[19.25,10.875,-3.625],"to":[21.5,13.125,0.125],"faces":{"north":{"uv":[1,1,4,4],"texture":"#0"},"east":{"uv":[1,1,4,4],"texture":"#0"},"south":{"uv":[1,1,4,4],"texture":"#0"},"west":{"uv":[1,1,4,4],"texture":"#0"},"up":{"uv":[1,1,4,4],"texture":"#0"},"down":{"uv":[1,1,4,4],"texture":"#0"}}},{"from":[18.5,10.875,17.375],"to":[20.75,13.125,21.125],"faces":{"north":{"uv":[1,1,4,4],"texture":"#0"},"east":{"uv":[1,1,4,4],"texture":"#0"},"south":{"uv":[1,1,4,4],"texture":"#0"},"west":{"uv":[1,1,4,4],"texture":"#0"},"up":{"uv":[1,1,4,4],"texture":"#0"},"down":{"uv":[1,1,4,4],"texture":"#0"}}},{"from":[-4.75,10.875,17.375],"to":[-2.5,13.125,21.125],"faces":{"north":{"uv":[1,1,4,4],"texture":"#0"},"east":{"uv":[1,1,4,4],"texture":"#0"},"south":{"uv":[1,1,4,4],"texture":"#0"},"west":{"uv":[1,1,4,4],"texture":"#0"},"up":{"uv":[1,1,4,4],"texture":"#0"},"down":{"uv":[1,1,4,4],"texture":"#0"}}},{"from":[-5.5,10.875,18.125],"to":[-1.75,13.125,20.375],"faces":{"north":{"uv":[1,1,4,4],"texture":"#0"},"east":{"uv":[1,1,4,4],"texture":"#0"},"south":{"uv":[1,1,4,4],"texture":"#0"},"west":{"uv":[1,1,4,4],"texture":"#0"},"up":{"uv":[1,1,4,4],"texture":"#0"},"down":{"uv":[1,1,4,4],"texture":"#0"}}},{"from":[-6.25,10.875,-2.875],"to":[-2.5,13.125,-0.625],"faces":{"north":{"uv":[1,1,4,4],"texture":"#0"},"east":{"uv":[1,1,4,4],"texture":"#0"},"south":{"uv":[1,1,4,4],"texture":"#0"},"west":{"uv":[1,1,4,4],"texture":"#0"},"up":{"uv":[1,1,4,4],"texture":"#0"},"down":{"uv":[1,1,4,4],"texture":"#0"}}},{"from":[18.5,10.875,-2.875],"to":[22.25,13.125,-0.625],"faces":{"north":{"uv":[1,1,4,4],"texture":"#0"},"east":{"uv":[1,1,4,4],"texture":"#0"},"south":{"uv":[1,1,4,4],"texture":"#0"},"west":{"uv":[1,1,4,4],"texture":"#0"},"up":{"uv":[1,1,4,4],"texture":"#0"},"down":{"uv":[1,1,4,4],"texture":"#0"}}},{"from":[17.75,10.875,18.125],"to":[21.5,13.125,20.375],"faces":{"north":{"uv":[1,1,4,4],"texture":"#0"},"east":{"uv":[1,1,4,4],"texture":"#0"},"south":{"uv":[1,1,4,4],"texture":"#0"},"west":{"uv":[1,1,4,4],"texture":"#0"},"up":{"uv":[1,1,4,4],"texture":"#0"},"down":{"uv":[1,1,4,4],"texture":"#0"}}},{"from":[-5.875,9,-4.75],"to":[-2.875,14.625,-3.625],"faces":{"north":{"uv":[1,1,4,4],"texture":"#0"},"east":{"uv":[1,1,4,4],"texture":"#0"},"south":{"uv":[1,1,4,4],"texture":"#0"},"west":{"uv":[1,1,4,4],"texture":"#0"},"up":{"uv":[1,1,4,4],"texture":"#0"},"down":{"uv":[1,1,4,4],"texture":"#0"}}},{"from":[-5.875,9,-4.75],"to":[-2.875,14.625,-3.625],"faces":{"north":{"uv":[1,1,4,4],"texture":"#0"},"east":{"uv":[1,1,4,4],"texture":"#0"},"south":{"uv":[1,1,4,4],"texture":"#0"},"west":{"uv":[1,1,4,4],"texture":"#0"},"up":{"uv":[1,1,4,4],"texture":"#0"},"down":{"uv":[1,1,4,4],"texture":"#0"}}},{"from":[-5.875,9,-5.875],"to":[-2.875,12,-4.75],"faces":{"north":{"uv":[1,1,4,4],"texture":"#0"},"east":{"uv":[1,1,4,4],"texture":"#0"},"south":{"uv":[1,1,4,4],"texture":"#0"},"west":{"uv":[1,1,4,4],"texture":"#0"},"up":{"uv":[1,1,4,4],"texture":"#0"},"down":{"uv":[1,1,4,4],"texture":"#0"}}},{"from":[-5.775,14.25,-3.625],"to":[-2.975,16.95,-2.5],"rotation":{"angle":22.5,"axis":"x","origin":[-5.875,17.25,-3.625]},"faces":{"north":{"uv":[1,1,4,4],"texture":"#0"},"east":{"uv":[1,1,4,4],"texture":"#0"},"south":{"uv":[1,1,4,4],"texture":"#0"},"west":{"uv":[1,1,4,4],"texture":"#0"},"up":{"uv":[1,1,4,4],"texture":"#0"},"down":{"uv":[1,1,4,4],"texture":"#0"}}},{"from":[-5.575,16.0125,-1.5625],"to":[-3.175,18.7125,-0.4375],"rotation":{"angle":45,"axis":"x","origin":[-5.875,19.1125,-1.5625]},"faces":{"north":{"uv":[1,1,4,4],"texture":"#0"},"east":{"uv":[1,1,4,4],"texture":"#0"},"south":{"uv":[1,1,4,4],"texture":"#0"},"west":{"uv":[1,1,4,4],"texture":"#0"},"up":{"uv":[1,1,4,4],"texture":"#0"},"down":{"uv":[1,1,4,4],"texture":"#0"}}},{"from":[-5.875,10.875,-5.875],"to":[-2.875,12,-4],"rotation":{"angle":-45,"axis":"x","origin":[-5.875,12,-5.875]},"faces":{"north":{"uv":[1,1,4,4],"texture":"#0"},"east":{"uv":[1,1,4,4],"texture":"#0"},"south":{"uv":[1,1,4,4],"texture":"#0"},"west":{"uv":[1,1,4,4],"texture":"#0"},"up":{"uv":[1,1,4,4],"texture":"#0"},"down":{"uv":[1,1,4,4],"texture":"#0"}}},{"from":[-5.875,7.3125,-5.6875],"to":[-2.875,10.3125,-4.5625],"rotation":{"angle":45,"axis":"x","origin":[-5.875,10.3125,-5.6875]},"faces":{"north":{"uv":[1,1,4,4],"texture":"#0"},"east":{"uv":[1,1,4,4],"texture":"#0"},"south":{"uv":[1,1,4,4],"texture":"#0"},"west":{"uv":[1,1,4,4],"texture":"#0"},"up":{"uv":[1,1,4,4],"texture":"#0"},"down":{"uv":[1,1,4,4],"texture":"#0"}}},{"from":[-5.875,-0.375,-7.75],"to":[-2.875,8.25,-6.625],"faces":{"north":{"uv":[1,1,4,4],"texture":"#0"},"east":{"uv":[1,1,4,4],"texture":"#0"},"south":{"uv":[1,1,4,4],"texture":"#0"},"west":{"uv":[1,1,4,4],"texture":"#0"},"up":{"uv":[1,1,4,4],"texture":"#0"},"down":{"uv":[1,1,4,4],"texture":"#0"}}},{"from":[-7.375,-1.5,-7],"to":[-1.375,-0.375,-1],"faces":{"north":{"uv":[1,1,4,4],"texture":"#0"},"east":{"uv":[1,1,4,4],"texture":"#0"},"south":{"uv":[1,1,4,4],"texture":"#0"},"west":{"uv":[1,1,4,4],"texture":"#0"},"up":{"uv":[1,1,4,4],"texture":"#0"},"down":{"uv":[1,1,4,4],"texture":"#0"}}},{"from":[-6.625,-1.5,-7.75],"to":[-2.125,0.625,-0.25],"faces":{"north":{"uv":[1,1,4,4],"texture":"#0"},"east":{"uv":[1,1,4,4],"texture":"#0"},"south":{"uv":[1,1,4,4],"texture":"#0"},"west":{"uv":[1,1,4,4],"texture":"#0"},"up":{"uv":[1,1,4,4],"texture":"#0"},"down":{"uv":[1,1,4,4],"texture":"#0"}}},{"from":[-8.125,-1.5,-6.25],"to":[-0.625,0.625,-1.75],"faces":{"north":{"uv":[1,1,4,4],"texture":"#0"},"east":{"uv":[1,1,4,4],"texture":"#0"},"south":{"uv":[1,1,4,4],"texture":"#0"},"west":{"uv":[1,1,4,4],"texture":"#0"},"up":{"uv":[1,1,4,4],"texture":"#0"},"down":{"uv":[1,1,4,4],"texture":"#0"}}},{"from":[-8.125,-1.5,-6.25],"to":[-6.0625,0.625,2.24],"rotation":{"angle":45,"axis":"y","origin":[-8.125,-1.5,-6.25]},"faces":{"north":{"uv":[1,1,4,4],"texture":"#0"},"east":{"uv":[1,1,4,4],"texture":"#0"},"south":{"uv":[1,1,4,4],"texture":"#0"},"west":{"uv":[1,1,4,4],"texture":"#0"},"up":{"uv":[1,1,4,4],"texture":"#0"},"down":{"uv":[1,1,4,4],"texture":"#0"}}},{"from":[-2.125,-1.5,-7.75],"to":[-0.0625,0.625,0.74],"rotation":{"angle":-45,"axis":"y","origin":[-2.125,-1.5,-7.75]},"faces":{"north":{"uv":[1,1,4,4],"texture":"#0"},"east":{"uv":[1,1,4,4],"texture":"#0"},"south":{"uv":[1,1,4,4],"texture":"#0"},"west":{"uv":[1,1,4,4],"texture":"#0"},"up":{"uv":[1,1,4,4],"texture":"#0"},"down":{"uv":[1,1,4,4],"texture":"#0"}}},{"from":[-7.375,-0.375,-5.5],"to":[-1,7.125,-1.75],"faces":{"north":{"uv":[1,1,4,4],"texture":"#0"},"east":{"uv":[1,1,4,4],"texture":"#0"},"south":{"uv":[1,1,4,4],"texture":"#0"},"west":{"uv":[1,1,4,4],"texture":"#0"},"up":{"uv":[1,1,4,4],"texture":"#0"},"down":{"uv":[1,1,4,4],"texture":"#0"}}},{"from":[-5.9,-1.5,-1.525],"to":[-2.9,6.225,-0.4],"faces":{"north":{"uv":[1,1,4,4],"texture":"#0"},"east":{"uv":[1,1,4,4],"texture":"#0"},"south":{"uv":[1,1,4,4],"texture":"#0"},"west":{"uv":[1,1,4,4],"texture":"#0"},"up":{"uv":[1,1,4,4],"texture":"#0"},"down":{"uv":[1,1,4,4],"texture":"#0"}}},{"from":[-5.875,5.20625,-4],"to":[-2.875,11.9063,-2.875],"rotation":{"angle":-22.5,"axis":"x","origin":[-5.875,11.9063,-4]},"faces":{"north":{"uv":[1,1,4,4],"texture":"#0"},"east":{"uv":[1,1,4,4],"texture":"#0"},"south":{"uv":[1,1,4,4],"texture":"#0"},"west":{"uv":[1,1,4,4],"texture":"#0"},"up":{"uv":[1,1,4,4],"texture":"#0"},"down":{"uv":[1,1,4,4],"texture":"#0"}}},{"from":[-7.375,7.125,-5.5],"to":[-1,9,-3.625],"faces":{"north":{"uv":[1,1,4,4],"texture":"#0"},"east":{"uv":[1,1,4,4],"texture":"#0"},"south":{"uv":[1,1,4,4],"texture":"#0"},"west":{"uv":[1,1,4,4],"texture":"#0"},"up":{"uv":[1,1,4,4],"texture":"#0"},"down":{"uv":[1,1,4,4],"texture":"#0"}}},{"from":[-7.375,7.5,-3.625],"to":[-1,9,-1],"rotation":{"angle":45,"axis":"x","origin":[-7.375,9,-3.625]},"faces":{"north":{"uv":[1,1,4,4],"texture":"#0"},"east":{"uv":[1,1,4,4],"texture":"#0"},"south":{"uv":[1,1,4,4],"texture":"#0"},"west":{"uv":[1,1,4,4],"texture":"#0"},"up":{"uv":[1,1,4,4],"texture":"#0"},"down":{"uv":[1,1,4,4],"texture":"#0"}}},{"from":[-6.625,-0.375,-6.625],"to":[-1.75,7.875,-5.5],"faces":{"north":{"uv":[1,1,4,4],"texture":"#0"},"east":{"uv":[1,1,4,4],"texture":"#0"},"south":{"uv":[1,1,4,4],"texture":"#0"},"west":{"uv":[1,1,4,4],"texture":"#0"},"up":{"uv":[1,1,4,4],"texture":"#0"},"down":{"uv":[1,1,4,4],"texture":"#0"}}},{"from":[-6.625,-0.375,-1.75],"to":[-1.75,6,-0.625],"faces":{"north":{"uv":[1,1,4,4],"texture":"#0"},"east":{"uv":[1,1,4,4],"texture":"#0"},"south":{"uv":[1,1,4,4],"texture":"#0"},"west":{"uv":[1,1,4,4],"texture":"#0"},"up":{"uv":[1,1,4,4],"texture":"#0"},"down":{"uv":[1,1,4,4],"texture":"#0"}}},{"from":[-6.625,6.375,-6.625],"to":[-1.75,7.875,-5.03125],"rotation":{"angle":-45,"axis":"x","origin":[-6.625,7.875,-6.625]},"faces":{"north":{"uv":[1,1,4,4],"texture":"#0"},"east":{"uv":[1,1,4,4],"texture":"#0"},"south":{"uv":[1,1,4,4],"texture":"#0"},"west":{"uv":[1,1,4,4],"texture":"#0"},"up":{"uv":[1,1,4,4],"texture":"#0"},"down":{"uv":[1,1,4,4],"texture":"#0"}}},{"from":[-6.625,6,-1.75],"to":[-1.75,7.125,-0.15625],"rotation":{"angle":45,"axis":"x","origin":[-6.625,7.125,-1.75]},"faces":{"north":{"uv":[1,1,4,4],"texture":"#0"},"east":{"uv":[1,1,4,4],"texture":"#0"},"south":{"uv":[1,1,4,4],"texture":"#0"},"west":{"uv":[1,1,4,4],"texture":"#0"},"up":{"uv":[1,1,4,4],"texture":"#0"},"down":{"uv":[1,1,4,4],"texture":"#0"}}},{"from":[-5.875,6.375,-5.125],"to":[-2.875,11.25,-3.625],"rotation":{"angle":-22.5,"axis":"x","origin":[-5.875,11.25,-5.125]},"faces":{"north":{"uv":[1,1,4,4],"texture":"#0"},"east":{"uv":[1,1,4,4],"texture":"#0"},"south":{"uv":[1,1,4,4],"texture":"#0"},"west":{"uv":[1,1,4,4],"texture":"#0"},"up":{"uv":[1,1,4,4],"texture":"#0"},"down":{"uv":[1,1,4,4],"texture":"#0"}}},{"from":[18.875,9,-4.75],"to":[21.875,14.625,-3.625],"faces":{"north":{"uv":[1,1,4,4],"texture":"#0"},"east":{"uv":[1,1,4,4],"texture":"#0"},"south":{"uv":[1,1,4,4],"texture":"#0"},"west":{"uv":[1,1,4,4],"texture":"#0"},"up":{"uv":[1,1,4,4],"texture":"#0"},"down":{"uv":[1,1,4,4],"texture":"#0"}}},{"from":[18.875,9,-4.75],"to":[21.875,14.625,-3.625],"faces":{"north":{"uv":[1,1,4,4],"texture":"#0"},"east":{"uv":[1,1,4,4],"texture":"#0"},"south":{"uv":[1,1,4,4],"texture":"#0"},"west":{"uv":[1,1,4,4],"texture":"#0"},"up":{"uv":[1,1,4,4],"texture":"#0"},"down":{"uv":[1,1,4,4],"texture":"#0"}}},{"from":[18.875,9,-5.875],"to":[21.875,12,-4.75],"faces":{"north":{"uv":[1,1,4,4],"texture":"#0"},"east":{"uv":[1,1,4,4],"texture":"#0"},"south":{"uv":[1,1,4,4],"texture":"#0"},"west":{"uv":[1,1,4,4],"texture":"#0"},"up":{"uv":[1,1,4,4],"texture":"#0"},"down":{"uv":[1,1,4,4],"texture":"#0"}}},{"from":[18.975,14.25,-3.625],"to":[21.775,16.95,-2.5],"rotation":{"angle":22.5,"axis":"x","origin":[18.875,17.25,-3.625]},"faces":{"north":{"uv":[1,1,4,4],"texture":"#0"},"east":{"uv":[1,1,4,4],"texture":"#0"},"south":{"uv":[1,1,4,4],"texture":"#0"},"west":{"uv":[1,1,4,4],"texture":"#0"},"up":{"uv":[1,1,4,4],"texture":"#0"},"down":{"uv":[1,1,4,4],"texture":"#0"}}},{"from":[19.175,16.0125,-1.5625],"to":[21.575,18.7125,-0.4375],"rotation":{"angle":45,"axis":"x","origin":[18.875,19.1125,-1.5625]},"faces":{"north":{"uv":[1,1,4,4],"texture":"#0"},"east":{"uv":[1,1,4,4],"texture":"#0"},"south":{"uv":[1,1,4,4],"texture":"#0"},"west":{"uv":[1,1,4,4],"texture":"#0"},"up":{"uv":[1,1,4,4],"texture":"#0"},"down":{"uv":[1,1,4,4],"texture":"#0"}}},{"from":[18.875,10.875,-5.875],"to":[21.875,12,-4],"rotation":{"angle":-45,"axis":"x","origin":[18.875,12,-5.875]},"faces":{"north":{"uv":[1,1,4,4],"texture":"#0"},"east":{"uv":[1,1,4,4],"texture":"#0"},"south":{"uv":[1,1,4,4],"texture":"#0"},"west":{"uv":[1,1,4,4],"texture":"#0"},"up":{"uv":[1,1,4,4],"texture":"#0"},"down":{"uv":[1,1,4,4],"texture":"#0"}}},{"from":[18.875,7.3125,-5.6875],"to":[21.875,10.3125,-4.5625],"rotation":{"angle":45,"axis":"x","origin":[18.875,10.3125,-5.6875]},"faces":{"north":{"uv":[1,1,4,4],"texture":"#0"},"east":{"uv":[1,1,4,4],"texture":"#0"},"south":{"uv":[1,1,4,4],"texture":"#0"},"west":{"uv":[1,1,4,4],"texture":"#0"},"up":{"uv":[1,1,4,4],"texture":"#0"},"down":{"uv":[1,1,4,4],"texture":"#0"}}},{"from":[18.875,-0.375,-7.75],"to":[21.875,8.25,-6.625],"faces":{"north":{"uv":[1,1,4,4],"texture":"#0"},"east":{"uv":[1,1,4,4],"texture":"#0"},"south":{"uv":[1,1,4,4],"texture":"#0"},"west":{"uv":[1,1,4,4],"texture":"#0"},"up":{"uv":[1,1,4,4],"texture":"#0"},"down":{"uv":[1,1,4,4],"texture":"#0"}}},{"from":[17.375,-1.5,-7],"to":[23.375,-0.375,-1],"faces":{"north":{"uv":[1,1,4,4],"texture":"#0"},"east":{"uv":[1,1,4,4],"texture":"#0"},"south":{"uv":[1,1,4,4],"texture":"#0"},"west":{"uv":[1,1,4,4],"texture":"#0"},"up":{"uv":[1,1,4,4],"texture":"#0"},"down":{"uv":[1,1,4,4],"texture":"#0"}}},{"from":[18.125,-1.5,-7.75],"to":[22.625,0.625,-0.25],"faces":{"north":{"uv":[1,1,4,4],"texture":"#0"},"east":{"uv":[1,1,4,4],"texture":"#0"},"south":{"uv":[1,1,4,4],"texture":"#0"},"west":{"uv":[1,1,4,4],"texture":"#0"},"up":{"uv":[1,1,4,4],"texture":"#0"},"down":{"uv":[1,1,4,4],"texture":"#0"}}},{"from":[16.625,-1.5,-6.25],"to":[24.125,0.625,-1.75],"faces":{"north":{"uv":[1,1,4,4],"texture":"#0"},"east":{"uv":[1,1,4,4],"texture":"#0"},"south":{"uv":[1,1,4,4],"texture":"#0"},"west":{"uv":[1,1,4,4],"texture":"#0"},"up":{"uv":[1,1,4,4],"texture":"#0"},"down":{"uv":[1,1,4,4],"texture":"#0"}}},{"from":[16.625,-1.5,-6.25],"to":[18.6875,0.625,2.24],"rotation":{"angle":45,"axis":"y","origin":[16.625,-1.5,-6.25]},"faces":{"north":{"uv":[1,1,4,4],"texture":"#0"},"east":{"uv":[1,1,4,4],"texture":"#0"},"south":{"uv":[1,1,4,4],"texture":"#0"},"west":{"uv":[1,1,4,4],"texture":"#0"},"up":{"uv":[1,1,4,4],"texture":"#0"},"down":{"uv":[1,1,4,4],"texture":"#0"}}},{"from":[22.625,-1.5,-7.75],"to":[24.6875,0.625,0.74],"rotation":{"angle":-45,"axis":"y","origin":[22.625,-1.5,-7.75]},"faces":{"north":{"uv":[1,1,4,4],"texture":"#0"},"east":{"uv":[1,1,4,4],"texture":"#0"},"south":{"uv":[1,1,4,4],"texture":"#0"},"west":{"uv":[1,1,4,4],"texture":"#0"},"up":{"uv":[1,1,4,4],"texture":"#0"},"down":{"uv":[1,1,4,4],"texture":"#0"}}},{"from":[17.375,-0.375,-5.5],"to":[23.75,7.125,-1.75],"faces":{"north":{"uv":[1,1,4,4],"texture":"#0"},"east":{"uv":[1,1,4,4],"texture":"#0"},"south":{"uv":[1,1,4,4],"texture":"#0"},"west":{"uv":[1,1,4,4],"texture":"#0"},"up":{"uv":[1,1,4,4],"texture":"#0"},"down":{"uv":[1,1,4,4],"texture":"#0"}}},{"from":[18.875,-1.5,-1.525],"to":[21.875,6.225,-0.4],"faces":{"north":{"uv":[1,1,4,4],"texture":"#0"},"east":{"uv":[1,1,4,4],"texture":"#0"},"south":{"uv":[1,1,4,4],"texture":"#0"},"west":{"uv":[1,1,4,4],"texture":"#0"},"up":{"uv":[1,1,4,4],"texture":"#0"},"down":{"uv":[1,1,4,4],"texture":"#0"}}},{"from":[18.875,5.20625,-4],"to":[21.875,11.9063,-2.875],"rotation":{"angle":-22.5,"axis":"x","origin":[18.875,11.9063,-4]},"faces":{"north":{"uv":[1,1,4,4],"texture":"#0"},"east":{"uv":[1,1,4,4],"texture":"#0"},"south":{"uv":[1,1,4,4],"texture":"#0"},"west":{"uv":[1,1,4,4],"texture":"#0"},"up":{"uv":[1,1,4,4],"texture":"#0"},"down":{"uv":[1,1,4,4],"texture":"#0"}}},{"from":[17.375,7.125,-5.5],"to":[23.75,9,-3.625],"faces":{"north":{"uv":[1,1,4,4],"texture":"#0"},"east":{"uv":[1,1,4,4],"texture":"#0"},"south":{"uv":[1,1,4,4],"texture":"#0"},"west":{"uv":[1,1,4,4],"texture":"#0"},"up":{"uv":[1,1,4,4],"texture":"#0"},"down":{"uv":[1,1,4,4],"texture":"#0"}}},{"from":[17.375,7.5,-3.625],"to":[23.75,9,-1],"rotation":{"angle":45,"axis":"x","origin":[17.375,9,-3.625]},"faces":{"north":{"uv":[1,1,4,4],"texture":"#0"},"east":{"uv":[1,1,4,4],"texture":"#0"},"south":{"uv":[1,1,4,4],"texture":"#0"},"west":{"uv":[1,1,4,4],"texture":"#0"},"up":{"uv":[1,1,4,4],"texture":"#0"},"down":{"uv":[1,1,4,4],"texture":"#0"}}},{"from":[18.125,-0.375,-6.625],"to":[23,7.875,-5.5],"faces":{"north":{"uv":[1,1,4,4],"texture":"#0"},"east":{"uv":[1,1,4,4],"texture":"#0"},"south":{"uv":[1,1,4,4],"texture":"#0"},"west":{"uv":[1,1,4,4],"texture":"#0"},"up":{"uv":[1,1,4,4],"texture":"#0"},"down":{"uv":[1,1,4,4],"texture":"#0"}}},{"from":[18.125,-0.375,-1.75],"to":[23,6,-0.625],"faces":{"north":{"uv":[1,1,4,4],"texture":"#0"},"east":{"uv":[1,1,4,4],"texture":"#0"},"south":{"uv":[1,1,4,4],"texture":"#0"},"west":{"uv":[1,1,4,4],"texture":"#0"},"up":{"uv":[1,1,4,4],"texture":"#0"},"down":{"uv":[1,1,4,4],"texture":"#0"}}},{"from":[18.125,6.375,-6.625],"to":[23,7.875,-5.03125],"rotation":{"angle":-45,"axis":"x","origin":[18.125,7.875,-6.625]},"faces":{"north":{"uv":[1,1,4,4],"texture":"#0"},"east":{"uv":[1,1,4,4],"texture":"#0"},"south":{"uv":[1,1,4,4],"texture":"#0"},"west":{"uv":[1,1,4,4],"texture":"#0"},"up":{"uv":[1,1,4,4],"texture":"#0"},"down":{"uv":[1,1,4,4],"texture":"#0"}}},{"from":[18.125,6,-1.75],"to":[23,7.125,-0.15625],"rotation":{"angle":45,"axis":"x","origin":[18.125,7.125,-1.75]},"faces":{"north":{"uv":[1,1,4,4],"texture":"#0"},"east":{"uv":[1,1,4,4],"texture":"#0"},"south":{"uv":[1,1,4,4],"texture":"#0"},"west":{"uv":[1,1,4,4],"texture":"#0"},"up":{"uv":[1,1,4,4],"texture":"#0"},"down":{"uv":[1,1,4,4],"texture":"#0"}}},{"from":[18.875,6.375,-5.125],"to":[21.875,11.25,-3.625],"rotation":{"angle":-22.5,"axis":"x","origin":[18.875,11.25,-5.125]},"faces":{"north":{"uv":[1,1,4,4],"texture":"#0"},"east":{"uv":[1,1,4,4],"texture":"#0"},"south":{"uv":[1,1,4,4],"texture":"#0"},"west":{"uv":[1,1,4,4],"texture":"#0"},"up":{"uv":[1,1,4,4],"texture":"#0"},"down":{"uv":[1,1,4,4],"texture":"#0"}}},{"from":[6.44,12.97,1.28],"to":[9.56,15.22,14.72],"faces":{"north":{"uv":[1,1,4,4],"texture":"#0"},"east":{"uv":[1,1,4,4],"texture":"#0"},"south":{"uv":[1,1,4,4],"texture":"#0"},"west":{"uv":[1,1,4,4],"texture":"#0"},"up":{"uv":[1,1,4,4],"texture":"#0"},"down":{"uv":[1,1,4,4],"texture":"#0"}}},{"from":[1.28,12.97,6.44],"to":[14.72,15.22,9.56],"faces":{"north":{"uv":[1,1,4,4],"texture":"#0"},"east":{"uv":[1,1,4,4],"texture":"#0"},"south":{"uv":[1,1,4,4],"texture":"#0"},"west":{"uv":[1,1,4,4],"texture":"#0"},"up":{"uv":[1,1,4,4],"texture":"#0"},"down":{"uv":[1,1,4,4],"texture":"#0"}}},{"from":[4.16,12.97,2.24],"to":[6.62,15.22,5.68],"rotation":{"angle":22.5,"axis":"y","origin":[4.16,13.17,2.24]},"faces":{"north":{"uv":[1,1,4,4],"texture":"#0"},"east":{"uv":[1,1,4,4],"texture":"#0"},"south":{"uv":[1,1,4,4],"texture":"#0"},"west":{"uv":[1,1,4,4],"texture":"#0"},"up":{"uv":[1,1,4,4],"texture":"#0"},"down":{"uv":[1,1,4,4],"texture":"#0"}}},{"from":[9.56,12.97,1.28],"to":[12.02,15.22,4.72],"rotation":{"angle":-22.5,"axis":"y","origin":[9.56,13.17,1.28]},"faces":{"north":{"uv":[1,1,4,4],"texture":"#0"},"east":{"uv":[1,1,4,4],"texture":"#0"},"south":{"uv":[1,1,4,4],"texture":"#0"},"west":{"uv":[1,1,4,4],"texture":"#0"},"up":{"uv":[1,1,4,4],"texture":"#0"},"down":{"uv":[1,1,4,4],"texture":"#0"}}},{"from":[9.02,12.97,11.4],"to":[11.48,15.22,14.84],"rotation":{"angle":22.5,"axis":"y","origin":[9.02,13.17,13.4]},"faces":{"north":{"uv":[1,1,4,4],"texture":"#0"},"east":{"uv":[1,1,4,4],"texture":"#0"},"south":{"uv":[1,1,4,4],"texture":"#0"},"west":{"uv":[1,1,4,4],"texture":"#0"},"up":{"uv":[1,1,4,4],"texture":"#0"},"down":{"uv":[1,1,4,4],"texture":"#0"}}},{"from":[4.7,12.97,10.44],"to":[7.16,15.22,13.88],"rotation":{"angle":-22.5,"axis":"y","origin":[4.7,13.17,12.44]},"faces":{"north":{"uv":[1,1,4,4],"texture":"#0"},"east":{"uv":[1,1,4,4],"texture":"#0"},"south":{"uv":[1,1,4,4],"texture":"#0"},"west":{"uv":[1,1,4,4],"texture":"#0"},"up":{"uv":[1,1,4,4],"texture":"#0"},"down":{"uv":[1,1,4,4],"texture":"#0"}}},{"from":[2.24,12.97,4.16],"to":[5.62,15.22,6.62],"rotation":{"angle":-22.5,"axis":"y","origin":[2.24,13.17,4.16]},"faces":{"north":{"uv":[1,1,4,4],"texture":"#0"},"east":{"uv":[1,1,4,4],"texture":"#0"},"south":{"uv":[1,1,4,4],"texture":"#0"},"west":{"uv":[1,1,4,4],"texture":"#0"},"up":{"uv":[1,1,4,4],"texture":"#0"},"down":{"uv":[1,1,4,4],"texture":"#0"}}},{"from":[1.28,12.97,9.56],"to":[4.66,15.22,12.02],"rotation":{"angle":22.5,"axis":"y","origin":[1.28,13.17,9.56]},"faces":{"north":{"uv":[1,1,4,4],"texture":"#0"},"east":{"uv":[1,1,4,4],"texture":"#0"},"south":{"uv":[1,1,4,4],"texture":"#0"},"west":{"uv":[1,1,4,4],"texture":"#0"},"up":{"uv":[1,1,4,4],"texture":"#0"},"down":{"uv":[1,1,4,4],"texture":"#0"}}},{"from":[11.4527,12.97,9.0425],"to":[14.8327,15.22,11.5025],"rotation":{"angle":-22.5,"axis":"y","origin":[13.4527,13.17,9.0425]},"faces":{"north":{"uv":[1,1,4,4],"texture":"#0"},"east":{"uv":[1,1,4,4],"texture":"#0"},"south":{"uv":[1,1,4,4],"texture":"#0"},"west":{"uv":[1,1,4,4],"texture":"#0"},"up":{"uv":[1,1,4,4],"texture":"#0"},"down":{"uv":[1,1,4,4],"texture":"#0"}}},{"from":[10.5,12.97,4.7],"to":[13.88,15.22,7.16],"rotation":{"angle":22.5,"axis":"y","origin":[12.5,13.17,4.7]},"faces":{"north":{"uv":[1,1,4,4],"texture":"#0"},"east":{"uv":[1,1,4,4],"texture":"#0"},"south":{"uv":[1,1,4,4],"texture":"#0"},"west":{"uv":[1,1,4,4],"texture":"#0"},"up":{"uv":[1,1,4,4],"texture":"#0"},"down":{"uv":[1,1,4,4],"texture":"#0"}}},{"from":[6.5,11.5188,-0.34375],"to":[9.62,13.3938,2],"rotation":{"angle":-45,"axis":"x","origin":[6.5,13.3938,-0.34375]},"faces":{"north":{"uv":[1,1,4,4],"texture":"#0"},"east":{"uv":[1,1,4,4],"texture":"#0"},"south":{"uv":[1,1,4,4],"texture":"#0"},"west":{"uv":[1,1,4,4],"texture":"#0"},"up":{"uv":[1,1,4,4],"texture":"#0"},"down":{"uv":[1,1,4,4],"texture":"#0"}}},{"from":[6.5,13.2063,14.6563],"to":[9.62,15.0813,17],"rotation":{"angle":45,"axis":"x","origin":[6.5,15.0813,14.6563]},"faces":{"north":{"uv":[1,1,4,4],"texture":"#0"},"east":{"uv":[1,1,4,4],"texture":"#0"},"south":{"uv":[1,1,4,4],"texture":"#0"},"west":{"uv":[1,1,4,4],"texture":"#0"},"up":{"uv":[1,1,4,4],"texture":"#0"},"down":{"uv":[1,1,4,4],"texture":"#0"}}},{"from":[14.6563,13.2063,6.5],"to":[17.0938,15.0813,9.62],"rotation":{"angle":-45,"axis":"z","origin":[14.6563,15.0813,6.5]},"faces":{"north":{"uv":[1,1,4,4],"texture":"#0"},"east":{"uv":[1,1,4,4],"texture":"#0"},"south":{"uv":[1,1,4,4],"texture":"#0"},"west":{"uv":[1,1,4,4],"texture":"#0"},"up":{"uv":[1,1,4,4],"texture":"#0","rotation":90},"down":{"uv":[1,1,4,4],"texture":"#0","rotation":270}}},{"from":[-0.34375,11.5188,6.5],"to":[2,13.3938,9.62],"rotation":{"angle":45,"axis":"z","origin":[-0.34375,13.3938,6.5]},"faces":{"north":{"uv":[1,1,4,4],"texture":"#0"},"east":{"uv":[1,1,4,4],"texture":"#0"},"south":{"uv":[1,1,4,4],"texture":"#0"},"west":{"uv":[1,1,4,4],"texture":"#0"},"up":{"uv":[1,1,4,4],"texture":"#0","rotation":90},"down":{"uv":[1,1,4,4],"texture":"#0","rotation":270}}},{"from":[-5.125,9,21.125],"to":[-2.125,14.625,22.25],"faces":{"north":{"uv":[1,1,4,4],"texture":"#0"},"east":{"uv":[1,1,4,4],"texture":"#0"},"south":{"uv":[1,1,4,4],"texture":"#0"},"west":{"uv":[1,1,4,4],"texture":"#0"},"up":{"uv":[1,1,4,4],"texture":"#0"},"down":{"uv":[1,1,4,4],"texture":"#0"}}},{"from":[-5.025,13.9688,20.0938],"to":[-2.225,16.6688,21.2188],"rotation":{"angle":-22.5,"axis":"x","origin":[-5.125,16.9688,20.0938]},"faces":{"north":{"uv":[1,1,4,4],"texture":"#0"},"east":{"uv":[1,1,4,4],"texture":"#0"},"south":{"uv":[1,1,4,4],"texture":"#0"},"west":{"uv":[1,1,4,4],"texture":"#0"},"up":{"uv":[1,1,4,4],"texture":"#0"},"down":{"uv":[1,1,4,4],"texture":"#0"}}},{"from":[-4.925,15.3563,18.2188],"to":[-2.325,18.0563,19.3438],"rotation":{"angle":-45,"axis":"x","origin":[-5.125,18.5563,18.2188]},"faces":{"north":{"uv":[1,1,4,4],"texture":"#0"},"east":{"uv":[1,1,4,4],"texture":"#0"},"south":{"uv":[1,1,4,4],"texture":"#0"},"west":{"uv":[1,1,4,4],"texture":"#0"},"up":{"uv":[1,1,4,4],"texture":"#0"},"down":{"uv":[1,1,4,4],"texture":"#0"}}},{"from":[-5.125,12.1875,22.0625],"to":[-2.125,13.3125,23.9375],"rotation":{"angle":45,"axis":"x","origin":[-5.125,13.3125,22.0625]},"faces":{"north":{"uv":[1,1,4,4],"texture":"#0"},"east":{"uv":[1,1,4,4],"texture":"#0"},"south":{"uv":[1,1,4,4],"texture":"#0"},"west":{"uv":[1,1,4,4],"texture":"#0"},"up":{"uv":[1,1,4,4],"texture":"#0"},"down":{"uv":[1,1,4,4],"texture":"#0"}}},{"from":[-5.125,9,22.25],"to":[-2.125,12,23.375],"faces":{"north":{"uv":[1,1,4,4],"texture":"#0"},"east":{"uv":[1,1,4,4],"texture":"#0"},"south":{"uv":[1,1,4,4],"texture":"#0"},"west":{"uv":[1,1,4,4],"texture":"#0"},"up":{"uv":[1,1,4,4],"texture":"#0"},"down":{"uv":[1,1,4,4],"texture":"#0"}}},{"from":[-5.125,-0.375,24.125],"to":[-2.125,8.25,25.25],"faces":{"north":{"uv":[1,1,4,4],"texture":"#0"},"east":{"uv":[1,1,4,4],"texture":"#0"},"south":{"uv":[1,1,4,4],"texture":"#0"},"west":{"uv":[1,1,4,4],"texture":"#0"},"up":{"uv":[1,1,4,4],"texture":"#0"},"down":{"uv":[1,1,4,4],"texture":"#0"}}},{"from":[-5.125,6.5625,22.3438],"to":[-2.125,9.5625,23.4688],"rotation":{"angle":-45,"axis":"x","origin":[-5.125,9.5625,22.3438]},"faces":{"north":{"uv":[1,1,4,4],"texture":"#0"},"east":{"uv":[1,1,4,4],"texture":"#0"},"south":{"uv":[1,1,4,4],"texture":"#0"},"west":{"uv":[1,1,4,4],"texture":"#0"},"up":{"uv":[1,1,4,4],"texture":"#0"},"down":{"uv":[1,1,4,4],"texture":"#0"}}},{"from":[-5.875,-0.375,23],"to":[-1,7.875,24.125],"faces":{"north":{"uv":[1,1,4,4],"texture":"#0"},"east":{"uv":[1,1,4,4],"texture":"#0"},"south":{"uv":[1,1,4,4],"texture":"#0"},"west":{"uv":[1,1,4,4],"texture":"#0"},"up":{"uv":[1,1,4,4],"texture":"#0"},"down":{"uv":[1,1,4,4],"texture":"#0"}}},{"from":[-6.625,-0.375,19.25],"to":[-0.25,7.125,23],"faces":{"north":{"uv":[1,1,4,4],"texture":"#0"},"east":{"uv":[1,1,4,4],"texture":"#0"},"south":{"uv":[1,1,4,4],"texture":"#0"},"west":{"uv":[1,1,4,4],"texture":"#0"},"up":{"uv":[1,1,4,4],"texture":"#0"},"down":{"uv":[1,1,4,4],"texture":"#0"}}},{"from":[-5.875,-0.375,18.125],"to":[-1,6,19.25],"faces":{"north":{"uv":[1,1,4,4],"texture":"#0"},"east":{"uv":[1,1,4,4],"texture":"#0"},"south":{"uv":[1,1,4,4],"texture":"#0"},"west":{"uv":[1,1,4,4],"texture":"#0"},"up":{"uv":[1,1,4,4],"texture":"#0"},"down":{"uv":[1,1,4,4],"texture":"#0"}}},{"from":[-5.125,-1.5,17.9],"to":[-2.125,6.325,19.025],"faces":{"north":{"uv":[1,1,4,4],"texture":"#0"},"east":{"uv":[1,1,4,4],"texture":"#0"},"south":{"uv":[1,1,4,4],"texture":"#0"},"west":{"uv":[1,1,4,4],"texture":"#0"},"up":{"uv":[1,1,4,4],"texture":"#0"},"down":{"uv":[1,1,4,4],"texture":"#0"}}},{"from":[-5.125,5.76875,20.4688],"to":[-2.125,12.4688,21.5938],"rotation":{"angle":22.5,"axis":"x","origin":[-5.125,12.4688,20.4688]},"faces":{"north":{"uv":[1,1,4,4],"texture":"#0"},"east":{"uv":[1,1,4,4],"texture":"#0"},"south":{"uv":[1,1,4,4],"texture":"#0"},"west":{"uv":[1,1,4,4],"texture":"#0"},"up":{"uv":[1,1,4,4],"texture":"#0"},"down":{"uv":[1,1,4,4],"texture":"#0"}}},{"from":[-6.625,7.125,21.125],"to":[-0.25,9,23],"faces":{"north":{"uv":[1,1,4,4],"texture":"#0"},"east":{"uv":[1,1,4,4],"texture":"#0"},"south":{"uv":[1,1,4,4],"texture":"#0"},"west":{"uv":[1,1,4,4],"texture":"#0"},"up":{"uv":[1,1,4,4],"texture":"#0"},"down":{"uv":[1,1,4,4],"texture":"#0"}}},{"from":[-5.875,7.5,23],"to":[-1,9,24.5938],"rotation":{"angle":45,"axis":"x","origin":[-5.875,9,23]},"faces":{"north":{"uv":[1,1,4,4],"texture":"#0"},"east":{"uv":[1,1,4,4],"texture":"#0"},"south":{"uv":[1,1,4,4],"texture":"#0"},"west":{"uv":[1,1,4,4],"texture":"#0"},"up":{"uv":[1,1,4,4],"texture":"#0"},"down":{"uv":[1,1,4,4],"texture":"#0"}}},{"from":[-5.875,4.875,18.125],"to":[-1,6,19.7188],"rotation":{"angle":-45,"axis":"x","origin":[-5.875,6,18.125]},"faces":{"north":{"uv":[1,1,4,4],"texture":"#0"},"east":{"uv":[1,1,4,4],"texture":"#0"},"south":{"uv":[1,1,4,4],"texture":"#0"},"west":{"uv":[1,1,4,4],"texture":"#0"},"up":{"uv":[1,1,4,4],"texture":"#0"},"down":{"uv":[1,1,4,4],"texture":"#0"}}},{"from":[-6.625,5.625,19.25],"to":[-0.25,7.125,21.875],"rotation":{"angle":-45,"axis":"x","origin":[-6.625,7.125,19.25]},"faces":{"north":{"uv":[1,1,4,4],"texture":"#0"},"east":{"uv":[1,1,4,4],"texture":"#0"},"south":{"uv":[1,1,4,4],"texture":"#0"},"west":{"uv":[1,1,4,4],"texture":"#0"},"up":{"uv":[1,1,4,4],"texture":"#0"},"down":{"uv":[1,1,4,4],"texture":"#0"}}},{"from":[-5.125,6.375,20.75],"to":[-2.125,11.25,22.25],"rotation":{"angle":22.5,"axis":"x","origin":[-5.125,11.25,20.75]},"faces":{"north":{"uv":[1,1,4,4],"texture":"#0"},"east":{"uv":[1,1,4,4],"texture":"#0"},"south":{"uv":[1,1,4,4],"texture":"#0"},"west":{"uv":[1,1,4,4],"texture":"#0"},"up":{"uv":[1,1,4,4],"texture":"#0"},"down":{"uv":[1,1,4,4],"texture":"#0"}}},{"from":[-7.375,-1.5,-7],"to":[-1.375,-0.375,-1],"faces":{"north":{"uv":[1,1,4,4],"texture":"#0"},"east":{"uv":[1,1,4,4],"texture":"#0"},"south":{"uv":[1,1,4,4],"texture":"#0"},"west":{"uv":[1,1,4,4],"texture":"#0"},"up":{"uv":[1,1,4,4],"texture":"#0"},"down":{"uv":[1,1,4,4],"texture":"#0"}}},{"from":[-6.625,-1.5,-7.75],"to":[-2.125,-0.375,-0.25],"faces":{"north":{"uv":[1,1,4,4],"texture":"#0"},"east":{"uv":[1,1,4,4],"texture":"#0"},"south":{"uv":[1,1,4,4],"texture":"#0"},"west":{"uv":[1,1,4,4],"texture":"#0"},"up":{"uv":[1,1,4,4],"texture":"#0"},"down":{"uv":[1,1,4,4],"texture":"#0"}}},{"from":[-8.125,-1.5,-6.25],"to":[-0.625,-0.375,-1.75],"faces":{"north":{"uv":[1,1,4,4],"texture":"#0"},"east":{"uv":[1,1,4,4],"texture":"#0"},"south":{"uv":[1,1,4,4],"texture":"#0"},"west":{"uv":[1,1,4,4],"texture":"#0"},"up":{"uv":[1,1,4,4],"texture":"#0"},"down":{"uv":[1,1,4,4],"texture":"#0"}}},{"from":[-8.125,-1.5,-6.25],"to":[-6.0625,-0.375,2.24],"rotation":{"angle":45,"axis":"y","origin":[-8.125,-1.5,-6.25]},"faces":{"north":{"uv":[1,1,4,4],"texture":"#0"},"east":{"uv":[1,1,4,4],"texture":"#0"},"south":{"uv":[1,1,4,4],"texture":"#0"},"west":{"uv":[1,1,4,4],"texture":"#0"},"up":{"uv":[1,1,4,4],"texture":"#0"},"down":{"uv":[1,1,4,4],"texture":"#0"}}},{"from":[-2.125,-1.5,-7.75],"to":[-0.0625,-0.375,0.74],"rotation":{"angle":-45,"axis":"y","origin":[-2.125,-1.5,-7.75]},"faces":{"north":{"uv":[1,1,4,4],"texture":"#0"},"east":{"uv":[1,1,4,4],"texture":"#0"},"south":{"uv":[1,1,4,4],"texture":"#0"},"west":{"uv":[1,1,4,4],"texture":"#0"},"up":{"uv":[1,1,4,4],"texture":"#0"},"down":{"uv":[1,1,4,4],"texture":"#0"}}},{"from":[-6.625,-1.5,18.5],"to":[-0.625,-0.375,24.5],"faces":{"north":{"uv":[1,1,4,4],"texture":"#0"},"east":{"uv":[1,1,4,4],"texture":"#0"},"south":{"uv":[1,1,4,4],"texture":"#0"},"west":{"uv":[1,1,4,4],"texture":"#0"},"up":{"uv":[1,1,4,4],"texture":"#0"},"down":{"uv":[1,1,4,4],"texture":"#0"}}},{"from":[-5.875,-1.5,17.75],"to":[-1.375,0.625,25.25],"faces":{"north":{"uv":[1,1,4,4],"texture":"#0"},"east":{"uv":[1,1,4,4],"texture":"#0"},"south":{"uv":[1,1,4,4],"texture":"#0"},"west":{"uv":[1,1,4,4],"texture":"#0"},"up":{"uv":[1,1,4,4],"texture":"#0"},"down":{"uv":[1,1,4,4],"texture":"#0"}}},{"from":[-7.375,-1.5,19.25],"to":[0.125,0.625,23.75],"faces":{"north":{"uv":[1,1,4,4],"texture":"#0"},"east":{"uv":[1,1,4,4],"texture":"#0"},"south":{"uv":[1,1,4,4],"texture":"#0"},"west":{"uv":[1,1,4,4],"texture":"#0"},"up":{"uv":[1,1,4,4],"texture":"#0"},"down":{"uv":[1,1,4,4],"texture":"#0"}}},{"from":[-7.375,-1.5,19.25],"to":[-5.3125,0.625,27.74],"rotation":{"angle":45,"axis":"y","origin":[-7.375,-1.5,19.25]},"faces":{"north":{"uv":[1,1,4,4],"texture":"#0"},"east":{"uv":[1,1,4,4],"texture":"#0"},"south":{"uv":[1,1,4,4],"texture":"#0"},"west":{"uv":[1,1,4,4],"texture":"#0"},"up":{"uv":[1,1,4,4],"texture":"#0"},"down":{"uv":[1,1,4,4],"texture":"#0"}}},{"from":[-1.375,-1.5,17.75],"to":[0.6875,0.625,26.24],"rotation":{"angle":-45,"axis":"y","origin":[-1.375,-1.5,17.75]},"faces":{"north":{"uv":[1,1,4,4],"texture":"#0"},"east":{"uv":[1,1,4,4],"texture":"#0"},"south":{"uv":[1,1,4,4],"texture":"#0"},"west":{"uv":[1,1,4,4],"texture":"#0"},"up":{"uv":[1,1,4,4],"texture":"#0"},"down":{"uv":[1,1,4,4],"texture":"#0"}}},{"from":[18.125,9,21.125],"to":[21.125,14.625,22.25],"faces":{"north":{"uv":[1,1,4,4],"texture":"#0"},"east":{"uv":[1,1,4,4],"texture":"#0"},"south":{"uv":[1,1,4,4],"texture":"#0"},"west":{"uv":[1,1,4,4],"texture":"#0"},"up":{"uv":[1,1,4,4],"texture":"#0"},"down":{"uv":[1,1,4,4],"texture":"#0"}}},{"from":[18.225,13.9688,20.0938],"to":[21.025,16.6688,21.2188],"rotation":{"angle":-22.5,"axis":"x","origin":[18.125,16.9688,20.0938]},"faces":{"north":{"uv":[1,1,4,4],"texture":"#0"},"east":{"uv":[1,1,4,4],"texture":"#0"},"south":{"uv":[1,1,4,4],"texture":"#0"},"west":{"uv":[1,1,4,4],"texture":"#0"},"up":{"uv":[1,1,4,4],"texture":"#0"},"down":{"uv":[1,1,4,4],"texture":"#0"}}},{"from":[18.325,15.3563,18.2188],"to":[20.925,18.0563,19.3438],"rotation":{"angle":-45,"axis":"x","origin":[18.125,18.5563,18.2188]},"faces":{"north":{"uv":[1,1,4,4],"texture":"#0"},"east":{"uv":[1,1,4,4],"texture":"#0"},"south":{"uv":[1,1,4,4],"texture":"#0"},"west":{"uv":[1,1,4,4],"texture":"#0"},"up":{"uv":[1,1,4,4],"texture":"#0"},"down":{"uv":[1,1,4,4],"texture":"#0"}}},{"from":[18.125,12.1875,22.0625],"to":[21.125,13.3125,23.9375],"rotation":{"angle":45,"axis":"x","origin":[18.125,13.3125,22.0625]},"faces":{"north":{"uv":[1,1,4,4],"texture":"#0"},"east":{"uv":[1,1,4,4],"texture":"#0"},"south":{"uv":[1,1,4,4],"texture":"#0"},"west":{"uv":[1,1,4,4],"texture":"#0"},"up":{"uv":[1,1,4,4],"texture":"#0"},"down":{"uv":[1,1,4,4],"texture":"#0"}}},{"from":[18.125,9,22.25],"to":[21.125,12,23.375],"faces":{"north":{"uv":[1,1,4,4],"texture":"#0"},"east":{"uv":[1,1,4,4],"texture":"#0"},"south":{"uv":[1,1,4,4],"texture":"#0"},"west":{"uv":[1,1,4,4],"texture":"#0"},"up":{"uv":[1,1,4,4],"texture":"#0"},"down":{"uv":[1,1,4,4],"texture":"#0"}}},{"from":[18.125,-0.375,24.125],"to":[21.125,8.25,25.25],"faces":{"north":{"uv":[1,1,4,4],"texture":"#0"},"east":{"uv":[1,1,4,4],"texture":"#0"},"south":{"uv":[1,1,4,4],"texture":"#0"},"west":{"uv":[1,1,4,4],"texture":"#0"},"up":{"uv":[1,1,4,4],"texture":"#0"},"down":{"uv":[1,1,4,4],"texture":"#0"}}},{"from":[18.125,6.5625,22.3438],"to":[21.125,9.5625,23.4688],"rotation":{"angle":-45,"axis":"x","origin":[18.125,9.5625,22.3438]},"faces":{"north":{"uv":[1,1,4,4],"texture":"#0"},"east":{"uv":[1,1,4,4],"texture":"#0"},"south":{"uv":[1,1,4,4],"texture":"#0"},"west":{"uv":[1,1,4,4],"texture":"#0"},"up":{"uv":[1,1,4,4],"texture":"#0"},"down":{"uv":[1,1,4,4],"texture":"#0"}}},{"from":[17.375,-0.375,23],"to":[22.25,7.875,24.125],"faces":{"north":{"uv":[1,1,4,4],"texture":"#0"},"east":{"uv":[1,1,4,4],"texture":"#0"},"south":{"uv":[1,1,4,4],"texture":"#0"},"west":{"uv":[1,1,4,4],"texture":"#0"},"up":{"uv":[1,1,4,4],"texture":"#0"},"down":{"uv":[1,1,4,4],"texture":"#0"}}},{"from":[16.625,-0.375,19.25],"to":[23,7.125,23],"faces":{"north":{"uv":[1,1,4,4],"texture":"#0"},"east":{"uv":[1,1,4,4],"texture":"#0"},"south":{"uv":[1,1,4,4],"texture":"#0"},"west":{"uv":[1,1,4,4],"texture":"#0"},"up":{"uv":[1,1,4,4],"texture":"#0"},"down":{"uv":[1,1,4,4],"texture":"#0"}}},{"from":[17.375,-0.375,18.125],"to":[22.25,6,19.25],"faces":{"north":{"uv":[1,1,4,4],"texture":"#0"},"east":{"uv":[1,1,4,4],"texture":"#0"},"south":{"uv":[1,1,4,4],"texture":"#0"},"west":{"uv":[1,1,4,4],"texture":"#0"},"up":{"uv":[1,1,4,4],"texture":"#0"},"down":{"uv":[1,1,4,4],"texture":"#0"}}},{"from":[18.125,-1.5,17.9],"to":[21.125,6.325,18.425],"faces":{"north":{"uv":[1,1,4,4],"texture":"#0"},"east":{"uv":[1,1,4,4],"texture":"#0"},"south":{"uv":[1,1,4,4],"texture":"#0"},"west":{"uv":[1,1,4,4],"texture":"#0"},"up":{"uv":[1,1,4,4],"texture":"#0"},"down":{"uv":[1,1,4,4],"texture":"#0"}}},{"from":[18.125,5.76875,20.4688],"to":[21.125,12.4688,21.5938],"rotation":{"angle":22.5,"axis":"x","origin":[18.125,12.4688,20.4688]},"faces":{"north":{"uv":[1,1,4,4],"texture":"#0"},"east":{"uv":[1,1,4,4],"texture":"#0"},"south":{"uv":[1,1,4,4],"texture":"#0"},"west":{"uv":[1,1,4,4],"texture":"#0"},"up":{"uv":[1,1,4,4],"texture":"#0"},"down":{"uv":[1,1,4,4],"texture":"#0"}}},{"from":[16.625,7.125,21.125],"to":[23,9,23],"faces":{"north":{"uv":[1,1,4,4],"texture":"#0"},"east":{"uv":[1,1,4,4],"texture":"#0"},"south":{"uv":[1,1,4,4],"texture":"#0"},"west":{"uv":[1,1,4,4],"texture":"#0"},"up":{"uv":[1,1,4,4],"texture":"#0"},"down":{"uv":[1,1,4,4],"texture":"#0"}}},{"from":[17.375,7.5,23],"to":[22.25,9,24.5938],"rotation":{"angle":45,"axis":"x","origin":[17.375,9,23]},"faces":{"north":{"uv":[1,1,4,4],"texture":"#0"},"east":{"uv":[1,1,4,4],"texture":"#0"},"south":{"uv":[1,1,4,4],"texture":"#0"},"west":{"uv":[1,1,4,4],"texture":"#0"},"up":{"uv":[1,1,4,4],"texture":"#0"},"down":{"uv":[1,1,4,4],"texture":"#0"}}},{"from":[17.375,4.875,18.125],"to":[22.25,6,19.7188],"rotation":{"angle":-45,"axis":"x","origin":[17.375,6,18.125]},"faces":{"north":{"uv":[1,1,4,4],"texture":"#0"},"east":{"uv":[1,1,4,4],"texture":"#0"},"south":{"uv":[1,1,4,4],"texture":"#0"},"west":{"uv":[1,1,4,4],"texture":"#0"},"up":{"uv":[1,1,4,4],"texture":"#0"},"down":{"uv":[1,1,4,4],"texture":"#0"}}},{"from":[16.625,5.625,19.25],"to":[23,7.125,21.875],"rotation":{"angle":-45,"axis":"x","origin":[16.625,7.125,19.25]},"faces":{"north":{"uv":[1,1,4,4],"texture":"#0"},"east":{"uv":[1,1,4,4],"texture":"#0"},"south":{"uv":[1,1,4,4],"texture":"#0"},"west":{"uv":[1,1,4,4],"texture":"#0"},"up":{"uv":[1,1,4,4],"texture":"#0"},"down":{"uv":[1,1,4,4],"texture":"#0"}}},{"from":[18.125,6.375,20.75],"to":[21.125,11.25,22.25],"rotation":{"angle":22.5,"axis":"x","origin":[18.125,11.25,20.75]},"faces":{"north":{"uv":[1,1,4,4],"texture":"#0"},"east":{"uv":[1,1,4,4],"texture":"#0"},"south":{"uv":[1,1,4,4],"texture":"#0"},"west":{"uv":[1,1,4,4],"texture":"#0"},"up":{"uv":[1,1,4,4],"texture":"#0"},"down":{"uv":[1,1,4,4],"texture":"#0"}}},{"from":[16.625,-1.5,18.5],"to":[22.625,-0.375,24.5],"faces":{"north":{"uv":[1,1,4,4],"texture":"#0"},"east":{"uv":[1,1,4,4],"texture":"#0"},"south":{"uv":[1,1,4,4],"texture":"#0"},"west":{"uv":[1,1,4,4],"texture":"#0"},"up":{"uv":[1,1,4,4],"texture":"#0"},"down":{"uv":[1,1,4,4],"texture":"#0"}}},{"from":[17.375,-1.5,17.75],"to":[21.875,0.625,25.25],"faces":{"north":{"uv":[1,1,4,4],"texture":"#0"},"east":{"uv":[1,1,4,4],"texture":"#0"},"south":{"uv":[1,1,4,4],"texture":"#0"},"west":{"uv":[1,1,4,4],"texture":"#0"},"up":{"uv":[1,1,4,4],"texture":"#0"},"down":{"uv":[1,1,4,4],"texture":"#0"}}},{"from":[15.875,-1.5,19.25],"to":[23.375,0.625,23.75],"faces":{"north":{"uv":[1,1,4,4],"texture":"#0"},"east":{"uv":[1,1,4,4],"texture":"#0"},"south":{"uv":[1,1,4,4],"texture":"#0"},"west":{"uv":[1,1,4,4],"texture":"#0"},"up":{"uv":[1,1,4,4],"texture":"#0"},"down":{"uv":[1,1,4,4],"texture":"#0"}}},{"from":[15.875,-1.5,19.25],"to":[17.9375,0.625,27.74],"rotation":{"angle":45,"axis":"y","origin":[15.875,-1.5,19.25]},"faces":{"north":{"uv":[1,1,4,4],"texture":"#0"},"east":{"uv":[1,1,4,4],"texture":"#0"},"south":{"uv":[1,1,4,4],"texture":"#0"},"west":{"uv":[1,1,4,4],"texture":"#0"},"up":{"uv":[1,1,4,4],"texture":"#0"},"down":{"uv":[1,1,4,4],"texture":"#0"}}},{"from":[21.875,-1.5,17.75],"to":[23.9375,0.625,26.24],"rotation":{"angle":-45,"axis":"y","origin":[21.875,-1.5,17.75]},"faces":{"north":{"uv":[1,1,4,4],"texture":"#0"},"east":{"uv":[1,1,4,4],"texture":"#0"},"south":{"uv":[1,1,4,4],"texture":"#0"},"west":{"uv":[1,1,4,4],"texture":"#0"},"up":{"uv":[1,1,4,4],"texture":"#0"},"down":{"uv":[1,1,4,4],"texture":"#0"}}},{"from":[11.1938,9.925,-0.25],"to":[12.3125,10.675,1.625],"rotation":{"angle":45,"axis":"z","origin":[11.0938,10.675,-0.25]},"faces":{"north":{"uv":[9,1,12,4],"texture":"#0"},"east":{"uv":[9,1,12,4],"texture":"#0"},"south":{"uv":[9,1,12,4],"texture":"#0"},"west":{"uv":[9,1,12,4],"texture":"#0"},"up":{"uv":[9,1,12,4],"texture":"#0"},"down":{"uv":[9,1,12,4],"texture":"#0"}}},{"from":[3.225,10.85,-0.25],"to":[12.5,12.35,1.625],"faces":{"north":{"uv":[9,1,12,4],"texture":"#0"},"east":{"uv":[9,1,12,4],"texture":"#0"},"south":{"uv":[9,1,12,4],"texture":"#0"},"west":{"uv":[9,1,12,4],"texture":"#0"},"up":{"uv":[9,1,12,4],"texture":"#0"},"down":{"uv":[9,1,12,4],"texture":"#0"}}},{"from":[3.875,10.3,-0.25],"to":[11.75,11.05,1.625],"faces":{"north":{"uv":[9,1,12,4],"texture":"#0"},"east":{"uv":[9,1,12,4],"texture":"#0"},"south":{"uv":[9,1,12,4],"texture":"#0"},"west":{"uv":[9,1,12,4],"texture":"#0"},"up":{"uv":[9,1,12,4],"texture":"#0"},"down":{"uv":[9,1,12,4],"texture":"#0"}}},{"from":[10.925,10.6,-0.2575],"to":[12.05,11.725,-0.16375],"faces":{"north":{"uv":[6,0.5,15.5,10],"texture":"#1"},"east":{"uv":[1,1,4,4],"texture":"#1"},"south":{"uv":[1,1,4,4],"texture":"#1"},"west":{"uv":[1,1,4,4],"texture":"#1"},"up":{"uv":[1,1,4,4],"texture":"#1"},"down":{"uv":[1,1,4,4],"texture":"#1"}}},{"from":[3.775,10.6,-0.2575],"to":[4.9,11.725,-0.16375],"faces":{"north":{"uv":[15.5,0.5,6,10],"texture":"#1"},"east":{"uv":[1,1,4,4],"texture":"#1"},"south":{"uv":[1,1,4,4],"texture":"#1"},"west":{"uv":[1,1,4,4],"texture":"#1"},"up":{"uv":[1,1,4,4],"texture":"#1"},"down":{"uv":[1,1,4,4],"texture":"#1"}}},{"from":[4.0875,10.8625,-0.25],"to":[4.90625,11.6125,1.625],"rotation":{"angle":-45,"axis":"z","origin":[3.6875,11.8125,-0.25]},"faces":{"north":{"uv":[9,1,12,4],"texture":"#0"},"east":{"uv":[9,1,12,4],"texture":"#0"},"south":{"uv":[9,1,12,4],"texture":"#0"},"west":{"uv":[9,1,12,4],"texture":"#0"},"up":{"uv":[9,1,12,4],"texture":"#0"},"down":{"uv":[9,1,12,4],"texture":"#0"}}},{"from":[-3.9,-4.025,22.125],"to":[-3.35,-3.5,22.775],"faces":{"north":{"uv":[11,9,14,12],"texture":"#0"},"east":{"uv":[11,9,14,12],"texture":"#0"},"south":{"uv":[11,9,14,12],"texture":"#0"},"west":{"uv":[11,9,14,12],"texture":"#0"},"up":{"uv":[11,9,14,12],"texture":"#0"},"down":{"uv":[11,9,14,12],"texture":"#0"}}},{"from":[-5.65,-4.025,19.725],"to":[-5,-3.5,20.275],"faces":{"north":{"uv":[11,9,14,12],"texture":"#0"},"east":{"uv":[11,9,14,12],"texture":"#0"},"south":{"uv":[11,9,14,12],"texture":"#0"},"west":{"uv":[11,9,14,12],"texture":"#0"},"up":{"uv":[11,9,14,12],"texture":"#0"},"down":{"uv":[11,9,14,12],"texture":"#0"}}},{"from":[-6.125,-3.5,19.35],"to":[-4.925,-2.5,20.65],"faces":{"north":{"uv":[11,9,14,12],"texture":"#0"},"east":{"uv":[11,9,14,12],"texture":"#0"},"south":{"uv":[11,9,14,12],"texture":"#0"},"west":{"uv":[11,9,14,12],"texture":"#0"},"up":{"uv":[11,9,14,12],"texture":"#0"},"down":{"uv":[11,9,14,12],"texture":"#0"}}},{"from":[-6.6,-2.5,18.975],"to":[-4.85,-1.5,21.025],"faces":{"north":{"uv":[11,9,14,12],"texture":"#0"},"east":{"uv":[11,9,14,12],"texture":"#0"},"south":{"uv":[11,9,14,12],"texture":"#0"},"west":{"uv":[11,9,14,12],"texture":"#0"},"up":{"uv":[11,9,14,12],"texture":"#0"},"down":{"uv":[11,9,14,12],"texture":"#0"}}},{"from":[-5.025,-3.5,-5.75],"to":[-3.725,-2.5,-4.55],"faces":{"north":{"uv":[11,9,14,12],"texture":"#0"},"east":{"uv":[11,9,14,12],"texture":"#0"},"south":{"uv":[11,9,14,12],"texture":"#0"},"west":{"uv":[11,9,14,12],"texture":"#0"},"up":{"uv":[11,9,14,12],"texture":"#0"},"down":{"uv":[11,9,14,12],"texture":"#0"}}},{"from":[-5.4,-2.5,-6.225],"to":[-3.35,-1.5,-4.475],"faces":{"north":{"uv":[11,9,14,12],"texture":"#0"},"east":{"uv":[11,9,14,12],"texture":"#0"},"south":{"uv":[11,9,14,12],"texture":"#0"},"west":{"uv":[11,9,14,12],"texture":"#0"},"up":{"uv":[11,9,14,12],"texture":"#0"},"down":{"uv":[11,9,14,12],"texture":"#0"}}},{"from":[-4.65,-4.025,-5.275],"to":[-4.1,-3.5,-4.625],"faces":{"north":{"uv":[11,9,14,12],"texture":"#0"},"east":{"uv":[11,9,14,12],"texture":"#0"},"south":{"uv":[11,9,14,12],"texture":"#0"},"west":{"uv":[11,9,14,12],"texture":"#0"},"up":{"uv":[11,9,14,12],"texture":"#0"},"down":{"uv":[11,9,14,12],"texture":"#0"}}},{"from":[-7.35,-2.5,-3.525],"to":[-5.6,-1.5,-1.475],"faces":{"north":{"uv":[11,9,14,12],"texture":"#0"},"east":{"uv":[11,9,14,12],"texture":"#0"},"south":{"uv":[11,9,14,12],"texture":"#0"},"west":{"uv":[11,9,14,12],"texture":"#0"},"up":{"uv":[11,9,14,12],"texture":"#0"},"down":{"uv":[11,9,14,12],"texture":"#0"}}},{"from":[-6.875,-3.5,-3.15],"to":[-5.675,-2.5,-1.85],"faces":{"north":{"uv":[11,9,14,12],"texture":"#0"},"east":{"uv":[11,9,14,12],"texture":"#0"},"south":{"uv":[11,9,14,12],"texture":"#0"},"west":{"uv":[11,9,14,12],"texture":"#0"},"up":{"uv":[11,9,14,12],"texture":"#0"},"down":{"uv":[11,9,14,12],"texture":"#0"}}},{"from":[-6.4,-4.025,-2.775],"to":[-5.75,-3.5,-2.225],"faces":{"north":{"uv":[11,9,14,12],"texture":"#0"},"east":{"uv":[11,9,14,12],"texture":"#0"},"south":{"uv":[11,9,14,12],"texture":"#0"},"west":{"uv":[11,9,14,12],"texture":"#0"},"up":{"uv":[11,9,14,12],"texture":"#0"},"down":{"uv":[11,9,14,12],"texture":"#0"}}},{"from":[-3.15,-2.5,-3.525],"to":[-1.4,-1.5,-1.475],"faces":{"north":{"uv":[11,9,14,12],"texture":"#0"},"east":{"uv":[11,9,14,12],"texture":"#0"},"south":{"uv":[11,9,14,12],"texture":"#0"},"west":{"uv":[11,9,14,12],"texture":"#0"},"up":{"uv":[11,9,14,12],"texture":"#0"},"down":{"uv":[11,9,14,12],"texture":"#0"}}},{"from":[-3.075,-3.5,-3.15],"to":[-1.875,-2.5,-1.85],"faces":{"north":{"uv":[11,9,14,12],"texture":"#0"},"east":{"uv":[11,9,14,12],"texture":"#0"},"south":{"uv":[11,9,14,12],"texture":"#0"},"west":{"uv":[11,9,14,12],"texture":"#0"},"up":{"uv":[11,9,14,12],"texture":"#0"},"down":{"uv":[11,9,14,12],"texture":"#0"}}},{"from":[-2.325,-3.5,19.35],"to":[-1.125,-2.5,20.65],"faces":{"north":{"uv":[11,9,14,12],"texture":"#0"},"east":{"uv":[11,9,14,12],"texture":"#0"},"south":{"uv":[11,9,14,12],"texture":"#0"},"west":{"uv":[11,9,14,12],"texture":"#0"},"up":{"uv":[11,9,14,12],"texture":"#0"},"down":{"uv":[11,9,14,12],"texture":"#0"}}},{"from":[-3,-4.025,-2.775],"to":[-2.35,-3.5,-2.225],"faces":{"north":{"uv":[11,9,14,12],"texture":"#0"},"east":{"uv":[11,9,14,12],"texture":"#0"},"south":{"uv":[11,9,14,12],"texture":"#0"},"west":{"uv":[11,9,14,12],"texture":"#0"},"up":{"uv":[11,9,14,12],"texture":"#0"},"down":{"uv":[11,9,14,12],"texture":"#0"}}},{"from":[-4.65,-2.5,21.975],"to":[-2.6,-1.5,23.725],"faces":{"north":{"uv":[11,9,14,12],"texture":"#0"},"east":{"uv":[11,9,14,12],"texture":"#0"},"south":{"uv":[11,9,14,12],"texture":"#0"},"west":{"uv":[11,9,14,12],"texture":"#0"},"up":{"uv":[11,9,14,12],"texture":"#0"},"down":{"uv":[11,9,14,12],"texture":"#0"}}},{"from":[-4.275,-3.5,22.05],"to":[-2.975,-2.5,23.25],"faces":{"north":{"uv":[11,9,14,12],"texture":"#0"},"east":{"uv":[11,9,14,12],"texture":"#0"},"south":{"uv":[11,9,14,12],"texture":"#0"},"west":{"uv":[11,9,14,12],"texture":"#0"},"up":{"uv":[11,9,14,12],"texture":"#0"},"down":{"uv":[11,9,14,12],"texture":"#0"}}},{"from":[-2.25,-4.025,19.725],"to":[-1.6,-3.5,20.275],"faces":{"north":{"uv":[11,9,14,12],"texture":"#0"},"east":{"uv":[11,9,14,12],"texture":"#0"},"south":{"uv":[11,9,14,12],"texture":"#0"},"west":{"uv":[11,9,14,12],"texture":"#0"},"up":{"uv":[11,9,14,12],"texture":"#0"},"down":{"uv":[11,9,14,12],"texture":"#0"}}},{"from":[-2.4,-2.5,18.975],"to":[-0.65,-1.5,21.025],"faces":{"north":{"uv":[11,9,14,12],"texture":"#0"},"east":{"uv":[11,9,14,12],"texture":"#0"},"south":{"uv":[11,9,14,12],"texture":"#0"},"west":{"uv":[11,9,14,12],"texture":"#0"},"up":{"uv":[11,9,14,12],"texture":"#0"},"down":{"uv":[11,9,14,12],"texture":"#0"}}},{"from":[-2.25,6.8,6.875],"to":[0,7.9,9.125],"faces":{"north":{"uv":[11,9,14,12],"texture":"#0"},"east":{"uv":[11,9,14,12],"texture":"#0"},"south":{"uv":[11,9,14,12],"texture":"#0"},"west":{"uv":[11,9,14,12],"texture":"#0"},"up":{"uv":[11,9,14,12],"texture":"#0"},"down":{"uv":[11,9,14,12],"texture":"#0"}}},{"from":[-1.975,5.7,7.25],"to":[-0.475,6.8,8.75],"faces":{"north":{"uv":[11,9,14,12],"texture":"#0"},"east":{"uv":[11,9,14,12],"texture":"#0"},"south":{"uv":[11,9,14,12],"texture":"#0"},"west":{"uv":[11,9,14,12],"texture":"#0"},"up":{"uv":[11,9,14,12],"texture":"#0"},"down":{"uv":[11,9,14,12],"texture":"#0"}}},{"from":[-1.6,4.975,7.625],"to":[-0.85,5.7,8.375],"faces":{"north":{"uv":[11,9,14,12],"texture":"#0"},"east":{"uv":[11,9,14,12],"texture":"#0"},"south":{"uv":[11,9,14,12],"texture":"#0"},"west":{"uv":[11,9,14,12],"texture":"#0"},"up":{"uv":[11,9,14,12],"texture":"#0"},"down":{"uv":[11,9,14,12],"texture":"#0"}}},{"from":[16.05,6.8,6.875],"to":[18.3,7.9,9.125],"faces":{"north":{"uv":[11,9,14,12],"texture":"#0"},"east":{"uv":[11,9,14,12],"texture":"#0"},"south":{"uv":[11,9,14,12],"texture":"#0"},"west":{"uv":[11,9,14,12],"texture":"#0"},"up":{"uv":[11,9,14,12],"texture":"#0"},"down":{"uv":[11,9,14,12],"texture":"#0"}}},{"from":[16.625,5.7,7.25],"to":[18.125,6.8,8.75],"faces":{"north":{"uv":[11,9,14,12],"texture":"#0"},"east":{"uv":[11,9,14,12],"texture":"#0"},"south":{"uv":[11,9,14,12],"texture":"#0"},"west":{"uv":[11,9,14,12],"texture":"#0"},"up":{"uv":[11,9,14,12],"texture":"#0"},"down":{"uv":[11,9,14,12],"texture":"#0"}}},{"from":[17,4.975,7.625],"to":[17.75,5.7,8.375],"faces":{"north":{"uv":[11,9,14,12],"texture":"#0"},"east":{"uv":[11,9,14,12],"texture":"#0"},"south":{"uv":[11,9,14,12],"texture":"#0"},"west":{"uv":[11,9,14,12],"texture":"#0"},"up":{"uv":[11,9,14,12],"texture":"#0"},"down":{"uv":[11,9,14,12],"texture":"#0"}}},{"from":[19.35,-4.025,22.125],"to":[19.9,-3.5,22.775],"faces":{"north":{"uv":[11,9,14,12],"texture":"#0"},"east":{"uv":[11,9,14,12],"texture":"#0"},"south":{"uv":[11,9,14,12],"texture":"#0"},"west":{"uv":[11,9,14,12],"texture":"#0"},"up":{"uv":[11,9,14,12],"texture":"#0"},"down":{"uv":[11,9,14,12],"texture":"#0"}}},{"from":[17.6,-4.025,19.725],"to":[18.25,-3.5,20.275],"faces":{"north":{"uv":[11,9,14,12],"texture":"#0"},"east":{"uv":[11,9,14,12],"texture":"#0"},"south":{"uv":[11,9,14,12],"texture":"#0"},"west":{"uv":[11,9,14,12],"texture":"#0"},"up":{"uv":[11,9,14,12],"texture":"#0"},"down":{"uv":[11,9,14,12],"texture":"#0"}}},{"from":[21,-4.025,19.725],"to":[21.65,-3.5,20.275],"faces":{"north":{"uv":[11,9,14,12],"texture":"#0"},"east":{"uv":[11,9,14,12],"texture":"#0"},"south":{"uv":[11,9,14,12],"texture":"#0"},"west":{"uv":[11,9,14,12],"texture":"#0"},"up":{"uv":[11,9,14,12],"texture":"#0"},"down":{"uv":[11,9,14,12],"texture":"#0"}}},{"from":[20.925,-3.5,19.35],"to":[22.125,-2.5,20.65],"faces":{"north":{"uv":[11,9,14,12],"texture":"#0"},"east":{"uv":[11,9,14,12],"texture":"#0"},"south":{"uv":[11,9,14,12],"texture":"#0"},"west":{"uv":[11,9,14,12],"texture":"#0"},"up":{"uv":[11,9,14,12],"texture":"#0"},"down":{"uv":[11,9,14,12],"texture":"#0"}}},{"from":[20.85,-2.5,18.975],"to":[22.6,-1.5,21.025],"faces":{"north":{"uv":[11,9,14,12],"texture":"#0"},"east":{"uv":[11,9,14,12],"texture":"#0"},"south":{"uv":[11,9,14,12],"texture":"#0"},"west":{"uv":[11,9,14,12],"texture":"#0"},"up":{"uv":[11,9,14,12],"texture":"#0"},"down":{"uv":[11,9,14,12],"texture":"#0"}}},{"from":[18.6,-2.5,21.975],"to":[20.65,-1.5,23.725],"faces":{"north":{"uv":[11,9,14,12],"texture":"#0"},"east":{"uv":[11,9,14,12],"texture":"#0"},"south":{"uv":[11,9,14,12],"texture":"#0"},"west":{"uv":[11,9,14,12],"texture":"#0"},"up":{"uv":[11,9,14,12],"texture":"#0"},"down":{"uv":[11,9,14,12],"texture":"#0"}}},{"from":[18.975,-3.5,22.05],"to":[20.275,-2.5,23.25],"faces":{"north":{"uv":[11,9,14,12],"texture":"#0"},"east":{"uv":[11,9,14,12],"texture":"#0"},"south":{"uv":[11,9,14,12],"texture":"#0"},"west":{"uv":[11,9,14,12],"texture":"#0"},"up":{"uv":[11,9,14,12],"texture":"#0"},"down":{"uv":[11,9,14,12],"texture":"#0"}}},{"from":[17.125,-3.5,19.35],"to":[18.325,-2.5,20.65],"faces":{"north":{"uv":[11,9,14,12],"texture":"#0"},"east":{"uv":[11,9,14,12],"texture":"#0"},"south":{"uv":[11,9,14,12],"texture":"#0"},"west":{"uv":[11,9,14,12],"texture":"#0"},"up":{"uv":[11,9,14,12],"texture":"#0"},"down":{"uv":[11,9,14,12],"texture":"#0"}}},{"from":[16.65,-2.5,18.975],"to":[18.4,-1.5,21.025],"faces":{"north":{"uv":[11,9,14,12],"texture":"#0"},"east":{"uv":[11,9,14,12],"texture":"#0"},"south":{"uv":[11,9,14,12],"texture":"#0"},"west":{"uv":[11,9,14,12],"texture":"#0"},"up":{"uv":[11,9,14,12],"texture":"#0"},"down":{"uv":[11,9,14,12],"texture":"#0"}}},{"from":[17.95,-4.025,-2.775],"to":[18.6,-3.5,-2.225],"faces":{"north":{"uv":[11,9,14,12],"texture":"#0"},"east":{"uv":[11,9,14,12],"texture":"#0"},"south":{"uv":[11,9,14,12],"texture":"#0"},"west":{"uv":[11,9,14,12],"texture":"#0"},"up":{"uv":[11,9,14,12],"texture":"#0"},"down":{"uv":[11,9,14,12],"texture":"#0"}}},{"from":[17.475,-3.5,-3.15],"to":[18.675,-2.5,-1.85],"faces":{"north":{"uv":[11,9,14,12],"texture":"#0"},"east":{"uv":[11,9,14,12],"texture":"#0"},"south":{"uv":[11,9,14,12],"texture":"#0"},"west":{"uv":[11,9,14,12],"texture":"#0"},"up":{"uv":[11,9,14,12],"texture":"#0"},"down":{"uv":[11,9,14,12],"texture":"#0"}}},{"from":[17.1,-2.5,-3.525],"to":[18.85,-1.5,-1.475],"faces":{"north":{"uv":[11,9,14,12],"texture":"#0"},"east":{"uv":[11,9,14,12],"texture":"#0"},"south":{"uv":[11,9,14,12],"texture":"#0"},"west":{"uv":[11,9,14,12],"texture":"#0"},"up":{"uv":[11,9,14,12],"texture":"#0"},"down":{"uv":[11,9,14,12],"texture":"#0"}}},{"from":[19.35,-2.5,-6.525],"to":[21.4,-1.5,-4.775],"faces":{"north":{"uv":[11,9,14,12],"texture":"#0"},"east":{"uv":[11,9,14,12],"texture":"#0"},"south":{"uv":[11,9,14,12],"texture":"#0"},"west":{"uv":[11,9,14,12],"texture":"#0"},"up":{"uv":[11,9,14,12],"texture":"#0"},"down":{"uv":[11,9,14,12],"texture":"#0"}}},{"from":[19.725,-3.5,-6.15],"to":[21.025,-2.5,-4.95],"faces":{"north":{"uv":[11,9,14,12],"texture":"#0"},"east":{"uv":[11,9,14,12],"texture":"#0"},"south":{"uv":[11,9,14,12],"texture":"#0"},"west":{"uv":[11,9,14,12],"texture":"#0"},"up":{"uv":[11,9,14,12],"texture":"#0"},"down":{"uv":[11,9,14,12],"texture":"#0"}}},{"from":[20.1,-4.025,-5.675],"to":[20.65,-3.5,-5.025],"faces":{"north":{"uv":[11,9,14,12],"texture":"#0"},"east":{"uv":[11,9,14,12],"texture":"#0"},"south":{"uv":[11,9,14,12],"texture":"#0"},"west":{"uv":[11,9,14,12],"texture":"#0"},"up":{"uv":[11,9,14,12],"texture":"#0"},"down":{"uv":[11,9,14,12],"texture":"#0"}}},{"from":[21.9,-2.5,-3.525],"to":[23.65,-1.5,-1.475],"faces":{"north":{"uv":[11,9,14,12],"texture":"#0"},"east":{"uv":[11,9,14,12],"texture":"#0"},"south":{"uv":[11,9,14,12],"texture":"#0"},"west":{"uv":[11,9,14,12],"texture":"#0"},"up":{"uv":[11,9,14,12],"texture":"#0"},"down":{"uv":[11,9,14,12],"texture":"#0"}}},{"from":[22.075,-3.5,-3.15],"to":[23.275,-2.5,-1.85],"faces":{"north":{"uv":[11,9,14,12],"texture":"#0"},"east":{"uv":[11,9,14,12],"texture":"#0"},"south":{"uv":[11,9,14,12],"texture":"#0"},"west":{"uv":[11,9,14,12],"texture":"#0"},"up":{"uv":[11,9,14,12],"texture":"#0"},"down":{"uv":[11,9,14,12],"texture":"#0"}}},{"from":[22.15,-4.025,-2.775],"to":[22.8,-3.5,-2.225],"faces":{"north":{"uv":[11,9,14,12],"texture":"#0"},"east":{"uv":[11,9,14,12],"texture":"#0"},"south":{"uv":[11,9,14,12],"texture":"#0"},"west":{"uv":[11,9,14,12],"texture":"#0"},"up":{"uv":[11,9,14,12],"texture":"#0"},"down":{"uv":[11,9,14,12],"texture":"#0"}}},{"from":[3.41875,7.0375,-2.59375],"to":[5.58125,8.1625,5.28125],"faces":{"north":{"uv":[11,9,14,12],"texture":"#0"},"east":{"uv":[11,9,14,12],"texture":"#0"},"south":{"uv":[11,9,14,12],"texture":"#0"},"west":{"uv":[11,9,14,12],"texture":"#0"},"up":{"uv":[11,9,14,12],"texture":"#0"},"down":{"uv":[11,9,14,12],"texture":"#0"}}},{"from":[5.25,4.8625,-2.59375],"to":[8.75,6.3625,-0.71875],"rotation":{"angle":45,"axis":"z","origin":[2.75,6.3625,-2.59375]},"faces":{"north":{"uv":[11,9,14,12],"texture":"#0"},"east":{"uv":[11,9,14,12],"texture":"#0"},"south":{"uv":[11,9,14,12],"texture":"#0"},"west":{"uv":[11,9,14,12],"texture":"#0"},"up":{"uv":[11,9,14,12],"texture":"#0"},"down":{"uv":[11,9,14,12],"texture":"#0"}}},{"from":[10.4313,6.9375,-2.59375],"to":[12.5938,8.0625,5.28125],"faces":{"north":{"uv":[11,9,14,12],"texture":"#0"},"east":{"uv":[11,9,14,12],"texture":"#0"},"south":{"uv":[11,9,14,12],"texture":"#0"},"west":{"uv":[11,9,14,12],"texture":"#0"},"up":{"uv":[11,9,14,12],"texture":"#0"},"down":{"uv":[11,9,14,12],"texture":"#0"}}},{"from":[8.84375,9.08125,-2.59375],"to":[12.5438,10.5813,-0.71875],"rotation":{"angle":-45,"axis":"z","origin":[8.84375,10.5813,-2.59375]},"faces":{"north":{"uv":[11,9,14,12],"texture":"#0"},"east":{"uv":[11,9,14,12],"texture":"#0"},"south":{"uv":[11,9,14,12],"texture":"#0"},"west":{"uv":[11,9,14,12],"texture":"#0"},"up":{"uv":[11,9,14,12],"texture":"#0"},"down":{"uv":[11,9,14,12],"texture":"#0"}}},{"from":[3.23027,11.3313,-0.79375],"to":[4.30527,12.8313,0.98125],"rotation":{"angle":-22.5,"axis":"z","origin":[4.73027,12.8313,-2.59375]},"faces":{"north":{"uv":[11,9,14,12],"texture":"#0"},"east":{"uv":[11,9,14,12],"texture":"#0"},"south":{"uv":[11,9,14,12],"texture":"#0"},"west":{"uv":[11,9,14,12],"texture":"#0"},"up":{"uv":[11,9,14,12],"texture":"#0"},"down":{"uv":[11,9,14,12],"texture":"#0"}}},{"from":[4.23027,11.3313,-1.49375],"to":[5.50527,12.8313,0.48125],"rotation":{"angle":-22.5,"axis":"z","origin":[4.73027,12.8313,-2.59375]},"faces":{"north":{"uv":[11,9,14,12],"texture":"#0"},"east":{"uv":[11,9,14,12],"texture":"#0"},"south":{"uv":[11,9,14,12],"texture":"#0"},"west":{"uv":[11,9,14,12],"texture":"#0"},"up":{"uv":[11,9,14,12],"texture":"#0"},"down":{"uv":[11,9,14,12],"texture":"#0"}}},{"from":[5.43027,11.3313,-2.09375],"to":[6.70527,12.8313,-0.01875],"rotation":{"angle":-22.5,"axis":"z","origin":[4.73027,12.8313,-2.59375]},"faces":{"north":{"uv":[11,9,14,12],"texture":"#0"},"east":{"uv":[11,9,14,12],"texture":"#0"},"south":{"uv":[11,9,14,12],"texture":"#0"},"west":{"uv":[11,9,14,12],"texture":"#0"},"up":{"uv":[11,9,14,12],"texture":"#0"},"down":{"uv":[11,9,14,12],"texture":"#0"}}},{"from":[6.63027,11.3313,-2.49375],"to":[8.20527,12.8313,-0.11875],"rotation":{"angle":-22.5,"axis":"z","origin":[4.73027,12.8313,-2.59375]},"faces":{"north":{"uv":[11,9,14,12],"texture":"#0"},"east":{"uv":[11,9,14,12],"texture":"#0"},"south":{"uv":[11,9,14,12],"texture":"#0"},"west":{"uv":[11,9,14,12],"texture":"#0"},"up":{"uv":[11,9,14,12],"texture":"#0"},"down":{"uv":[11,9,14,12],"texture":"#0"}}},{"from":[7.90625,10.0188,-2.49375],"to":[9.3813,11.5188,-0.01875],"rotation":{"angle":22.5,"axis":"z","origin":[7.90625,11.5188,-2.59375]},"faces":{"north":{"uv":[11,9,14,12],"texture":"#0"},"east":{"uv":[11,9,14,12],"texture":"#0"},"south":{"uv":[11,9,14,12],"texture":"#0"},"west":{"uv":[11,9,14,12],"texture":"#0"},"up":{"uv":[11,9,14,12],"texture":"#0"},"down":{"uv":[11,9,14,12],"texture":"#0"}}},{"from":[9.30625,10.0188,-2.09375],"to":[10.5813,11.5188,0.38125],"rotation":{"angle":22.5,"axis":"z","origin":[7.90625,11.5188,-2.59375]},"faces":{"north":{"uv":[11,9,14,12],"texture":"#0"},"east":{"uv":[11,9,14,12],"texture":"#0"},"south":{"uv":[11,9,14,12],"texture":"#0"},"west":{"uv":[11,9,14,12],"texture":"#0"},"up":{"uv":[11,9,14,12],"texture":"#0"},"down":{"uv":[11,9,14,12],"texture":"#0"}}},{"from":[11.70625,10.0188,-0.79375],"to":[12.9813,11.5188,0.98125],"rotation":{"angle":22.5,"axis":"z","origin":[7.90625,11.5188,-2.59375]},"faces":{"north":{"uv":[11,9,14,12],"texture":"#0"},"east":{"uv":[11,9,14,12],"texture":"#0"},"south":{"uv":[11,9,14,12],"texture":"#0"},"west":{"uv":[11,9,14,12],"texture":"#0"},"up":{"uv":[11,9,14,12],"texture":"#0"},"down":{"uv":[11,9,14,12],"texture":"#0"}}},{"from":[10.50625,10.0188,-1.49375],"to":[11.7813,11.5188,0.38125],"rotation":{"angle":22.5,"axis":"z","origin":[7.90625,11.5188,-2.59375]},"faces":{"north":{"uv":[11,9,14,12],"texture":"#0"},"east":{"uv":[11,9,14,12],"texture":"#0"},"south":{"uv":[11,9,14,12],"texture":"#0"},"west":{"uv":[11,9,14,12],"texture":"#0"},"up":{"uv":[11,9,14,12],"texture":"#0"},"down":{"uv":[11,9,14,12],"texture":"#0"}}},{"from":[7.90625,10.0188,-2.59375],"to":[9.40625,11.5188,-0.71875],"rotation":{"angle":-45,"axis":"z","origin":[7.90625,11.5188,-2.59375]},"faces":{"north":{"uv":[11,9,14,12],"texture":"#0"},"east":{"uv":[11,9,14,12],"texture":"#0"},"south":{"uv":[11,9,14,12],"texture":"#0"},"west":{"uv":[11,9,14,12],"texture":"#0"},"up":{"uv":[11,9,14,12],"texture":"#0"},"down":{"uv":[11,9,14,12],"texture":"#0"}}},{"from":[3.2,4.45,0.8],"to":[6.275,13.45,5.6],"rotation":{"angle":22.5,"axis":"y","origin":[3.2,4.65,0.8]},"faces":{"north":{"uv":[1,1,4,4],"texture":"#0"},"east":{"uv":[1,1,4,4],"texture":"#0"},"south":{"uv":[1,1,4,4],"texture":"#0"},"west":{"uv":[9,1,12,4],"texture":"#0"},"up":{"uv":[1,1,4,4],"texture":"#0"},"down":{"uv":[1,1,4,4],"texture":"#0"}}},{"from":[0.8,4.45,3.2],"to":[5.525,13.45,6.275],"rotation":{"angle":-22.5,"axis":"y","origin":[0.8,4.65,3.2]},"faces":{"north":{"uv":[9,1,12,4],"texture":"#0"},"east":{"uv":[1,1,4,4],"texture":"#0"},"south":{"uv":[1,1,4,4],"texture":"#0"},"west":{"uv":[1,1,4,4],"texture":"#0"},"up":{"uv":[1,1,4,4],"texture":"#0"},"down":{"uv":[1,1,4,4],"texture":"#0"}}},{"from":[-1,8.05,2],"to":[3.3125,10.3,14.225],"rotation":{"angle":45,"axis":"y","origin":[-1,8.25,2]},"faces":{"north":{"uv":[1,1,4,4],"texture":"#0"},"east":{"uv":[1,1,4,4],"texture":"#0"},"south":{"uv":[1,1,4,4],"texture":"#0"},"west":{"uv":[1,1,4,4],"texture":"#0"},"up":{"uv":[7,1,12,4],"texture":"#0","rotation":90},"down":{"uv":[1,1,4,4],"texture":"#0"}}},{"from":[-0.4,4.45,9.95],"to":[4.325,13.45,13.025],"rotation":{"angle":22.5,"axis":"y","origin":[-0.4,4.65,9.95]},"faces":{"north":{"uv":[1,1,4,4],"texture":"#0"},"east":{"uv":[1,1,4,4],"texture":"#0"},"south":{"uv":[9,1,12,4],"texture":"#0"},"west":{"uv":[1,1,4,4],"texture":"#0"},"up":{"uv":[1,1,4,4],"texture":"#0"},"down":{"uv":[1,1,4,4],"texture":"#0"}}},{"from":[3.875,4.45,10.55],"to":[6.95,13.45,15.35],"rotation":{"angle":-22.5,"axis":"y","origin":[3.875,4.65,13.55]},"faces":{"north":{"uv":[1,1,4,4],"texture":"#0"},"east":{"uv":[1,1,4,4],"texture":"#0"},"south":{"uv":[1,1,4,4],"texture":"#0"},"west":{"uv":[9,1,12,4],"texture":"#0"},"up":{"uv":[1,1,4,4],"texture":"#0"},"down":{"uv":[1,1,4,4],"texture":"#0"}}},{"from":[14,8.05,8],"to":[18.3125,10.3,20.225],"rotation":{"angle":-45,"axis":"y","origin":[14,8.25,-1]},"faces":{"north":{"uv":[1,1,4,4],"texture":"#0"},"east":{"uv":[1,1,4,4],"texture":"#0"},"south":{"uv":[1,1,4,4],"texture":"#0"},"west":{"uv":[1,1,4,4],"texture":"#0"},"up":{"uv":[7,1,12,4],"texture":"#0","rotation":270},"down":{"uv":[1,1,4,4],"texture":"#0"}}},{"from":[-1,8.05,11],"to":[3.3125,10.3,23.225],"rotation":{"angle":45,"axis":"y","origin":[-1,8.25,2]},"faces":{"north":{"uv":[1,1,4,4],"texture":"#0"},"east":{"uv":[1,1,4,4],"texture":"#0"},"south":{"uv":[1,1,4,4],"texture":"#0"},"west":{"uv":[1,1,4,4],"texture":"#0"},"up":{"uv":[7,1,12,4],"texture":"#0","rotation":270},"down":{"uv":[1,1,4,4],"texture":"#0"}}},{"from":[9.275,4.45,11.75],"to":[12.35,13.45,16.55],"rotation":{"angle":22.5,"axis":"y","origin":[9.275,4.65,14.75]},"faces":{"north":{"uv":[1,1,4,4],"texture":"#0"},"east":{"uv":[9,1,12,4],"texture":"#0"},"south":{"uv":[1,1,4,4],"texture":"#0"},"west":{"uv":[1,1,4,4],"texture":"#0"},"up":{"uv":[1,1,4,4],"texture":"#0"},"down":{"uv":[1,1,4,4],"texture":"#0"}}},{"from":[11.825,4.45,9.275],"to":[16.55,13.45,12.35],"rotation":{"angle":-22.5,"axis":"y","origin":[14.825,4.65,9.275]},"faces":{"north":{"uv":[1,1,4,4],"texture":"#0"},"east":{"uv":[1,1,4,4],"texture":"#0"},"south":{"uv":[9,1,12,4],"texture":"#0"},"west":{"uv":[1,1,4,4],"texture":"#0"},"up":{"uv":[1,1,4,4],"texture":"#0"},"down":{"uv":[1,1,4,4],"texture":"#0"}}},{"from":[9.95,4.45,-0.4],"to":[13.025,13.45,4.4],"rotation":{"angle":-22.5,"axis":"y","origin":[9.95,4.65,-0.4]},"faces":{"north":{"uv":[1,1,4,4],"texture":"#0"},"east":{"uv":[9,1,12,4],"texture":"#0"},"south":{"uv":[1,1,4,4],"texture":"#0"},"west":{"uv":[1,1,4,4],"texture":"#0"},"up":{"uv":[1,1,4,4],"texture":"#0"},"down":{"uv":[1,1,4,4],"texture":"#0"}}},{"from":[10.625,4.45,3.875],"to":[15.35,13.45,6.95],"rotation":{"angle":22.5,"axis":"y","origin":[13.625,4.65,3.875]},"faces":{"north":{"uv":[9,1,12,4],"texture":"#0"},"east":{"uv":[1,1,4,4],"texture":"#0"},"south":{"uv":[1,1,4,4],"texture":"#0"},"west":{"uv":[1,1,4,4],"texture":"#0"},"up":{"uv":[1,1,4,4],"texture":"#0"},"down":{"uv":[1,1,4,4],"texture":"#0"}}},{"from":[14,8.05,-1],"to":[18.3125,10.3,11.225],"rotation":{"angle":-45,"axis":"y","origin":[14,8.25,-1]},"faces":{"north":{"uv":[1,1,4,4],"texture":"#0"},"east":{"uv":[1,1,4,4],"texture":"#0"},"south":{"uv":[1,1,4,4],"texture":"#0"},"west":{"uv":[1,1,4,4],"texture":"#0"},"up":{"uv":[7,1,12,4],"texture":"#0","rotation":90},"down":{"uv":[1,1,4,4],"texture":"#0"}}},{"from":[2.24,13.47,4.16],"to":[5,15.22,17.744],"rotation":{"angle":45,"axis":"y","origin":[2.24,13.17,4.16]},"faces":{"north":{"uv":[1,1,4,4],"texture":"#0"},"east":{"uv":[1,1,4,4],"texture":"#0"},"south":{"uv":[1,1,4,4],"texture":"#0"},"west":{"uv":[1,1,4,4],"texture":"#0"},"up":{"uv":[1,1,4,4],"texture":"#0"},"down":{"uv":[9,1,12,4],"texture":"#0"}}},{"from":[11.84,13.47,2.24],"to":[14.6,15.22,15.824],"rotation":{"angle":-45,"axis":"y","origin":[11.84,13.17,2.24]},"faces":{"north":{"uv":[1,1,4,4],"texture":"#0"},"east":{"uv":[1,1,4,4],"texture":"#0"},"south":{"uv":[1,1,4,4],"texture":"#0"},"west":{"uv":[1,1,4,4],"texture":"#0"},"up":{"uv":[1,1,4,4],"texture":"#0"},"down":{"uv":[9,1,12,4],"texture":"#0"}}}],"display":{"thirdperson_righthand":{"scale":[0,0,0]},"thirdperson_lefthand":{"scale":[0,0,0]},"firstperson_righthand":{"scale":[0,0,0]},"firstperson_lefthand":{"scale":[0,0,0]},"gui":{"rotation":[30,135,0],"translation":[0,0.5,0],"scale":[0.35,0.35,0.35]},"head":{"translation":[0,-14,0],"scale":[2.5,2.5,2.5]}}}