{"__comment":"Designed by Madstonmagic with BDcraft Cubik PRO 0.96 Beta - http://bdcraft.net","textures":{"particle":"pokemon_skins/regular/grotle/details","texture":"pokemon_skins/regular/grotle/grotle_base"},"elements":[{"from":[6,3.5,2],"to":[10,7.5,14],"faces":{"down":{"uv":[2,1.5,4,4],"texture":"#texture"},"up":{"uv":[2,1.5,4.5,4],"texture":"#texture"},"north":{"uv":[1.5,2.5,4.5,4.5],"texture":"#texture"},"south":{"uv":[1.5,2.5,3.5,4.5],"texture":"#texture"},"west":{"uv":[1.5,1.5,4,4],"texture":"#texture"},"east":{"uv":[1,2,3.5,4.5],"texture":"#texture"}}},{"from":[4,4.5,3],"to":[12,7.5,14],"faces":{"down":{"uv":[2,1.5,4,4],"texture":"#texture"},"up":{"uv":[2,1.5,4.5,4],"texture":"#texture"},"north":{"uv":[1.5,2.5,4.5,4.5],"texture":"#texture"},"south":{"uv":[1.5,2.5,3.5,4.5],"texture":"#texture"},"west":{"uv":[1.5,1.5,4,4],"texture":"#texture"},"east":{"uv":[1,2,3.5,4.5],"texture":"#texture"}}},{"from":[6,2.5,3],"to":[10,3.5,14],"faces":{"down":{"uv":[2,1.5,4,4],"texture":"#texture"},"up":{"uv":[2,1.5,4.5,4],"texture":"#texture"},"north":{"uv":[1.5,2.5,4.5,4.5],"texture":"#texture"},"south":{"uv":[1.5,2.5,3.5,4.5],"texture":"#texture"},"west":{"uv":[1.5,1.5,4,4],"texture":"#texture"},"east":{"uv":[1,2,3.5,4.5],"texture":"#texture"}}},{"from":[4,4.5,3],"to":[5.42,7.5,4],"rotation":{"origin":[4,4.5,3],"axis":"y","angle":45},"faces":{"down":{"uv":[2,1.5,4,4],"texture":"#texture"},"up":{"uv":[2,1.5,4.5,4],"texture":"#texture"},"north":{"uv":[1.5,2.5,4.5,4.5],"texture":"#texture"},"south":{"uv":[1.5,2.5,3.5,4.5],"texture":"#texture"},"west":{"uv":[1.5,1.5,4,4],"texture":"#texture"},"east":{"uv":[1,2,3.5,4.5],"texture":"#texture"}}},{"from":[11,4.5,2],"to":[12.42,7.5,3],"rotation":{"origin":[11,4.5,2],"axis":"y","angle":-45},"faces":{"down":{"uv":[2,1.5,4,4],"texture":"#texture"},"up":{"uv":[2,1.5,4.5,4],"texture":"#texture"},"north":{"uv":[1.5,2.5,4.5,4.5],"texture":"#texture"},"south":{"uv":[1.5,2.5,3.5,4.5],"texture":"#texture"},"west":{"uv":[1.5,1.5,4,4],"texture":"#texture"},"east":{"uv":[1,2,3.5,4.5],"texture":"#texture"}}},{"from":[6,3.21,2.7075],"to":[10,4.21,4.1275],"rotation":{"origin":[6,4.21,2.7075],"axis":"x","angle":45},"faces":{"down":{"uv":[2,1.5,4,4],"texture":"#texture"},"up":{"uv":[2,1.5,4.5,4],"texture":"#texture"},"north":{"uv":[1.5,2.5,4.5,4.5],"texture":"#texture"},"south":{"uv":[1.5,2.5,3.5,4.5],"texture":"#texture"},"west":{"uv":[1.5,1.5,4,4],"texture":"#texture"},"east":{"uv":[1,2,3.5,4.5],"texture":"#texture"}}},{"from":[4,1.66,3],"to":[5.5,4.5,14],"rotation":{"origin":[4,4.5,3],"axis":"z","angle":45},"faces":{"down":{"uv":[2,1.5,4,4],"texture":"#texture"},"up":{"uv":[2,1.5,4.5,4],"texture":"#texture"},"north":{"uv":[1.5,2.5,4.5,4.5],"texture":"#texture"},"south":{"uv":[1.5,2.5,3.5,4.5],"texture":"#texture"},"west":{"uv":[1.5,1.5,4,4],"texture":"#texture"},"east":{"uv":[1,2,3.5,4.5],"texture":"#texture"}}},{"from":[10.94,2.72,3],"to":[12.44,5.56,14],"rotation":{"origin":[10.94,5.56,3],"axis":"z","angle":-45},"faces":{"down":{"uv":[2,1.5,4,4],"texture":"#texture"},"up":{"uv":[2,1.5,4.5,4],"texture":"#texture"},"north":{"uv":[1.5,2.5,4.5,4.5],"texture":"#texture"},"south":{"uv":[1.5,2.5,3.5,4.5],"texture":"#texture"},"west":{"uv":[1.5,1.5,4,4],"texture":"#texture"},"east":{"uv":[1,2,3.5,4.5],"texture":"#texture"}}},{"from":[5,4.5,2],"to":[11,7.5,14],"faces":{"down":{"uv":[2,1.5,4,4],"texture":"#texture"},"up":{"uv":[2,1.5,4.5,4],"texture":"#texture"},"north":{"uv":[1.5,2.5,4.5,4.5],"texture":"#texture"},"south":{"uv":[1.5,2.5,3.5,4.5],"texture":"#texture"},"west":{"uv":[1.5,1.5,4,4],"texture":"#texture"},"east":{"uv":[1,2,3.5,4.5],"texture":"#texture"}}},{"from":[6,5,-1],"to":[10,8,2],"faces":{"down":{"uv":[2,1.5,4,4],"texture":"#texture"},"up":{"uv":[2,1.5,4.5,4],"texture":"#texture"},"north":{"uv":[1.5,2.5,4.5,4.5],"texture":"#texture"},"south":{"uv":[1.5,2.5,3.5,4.5],"texture":"#texture"},"west":{"uv":[1.5,1.5,4,4],"texture":"#texture"},"east":{"uv":[1,2,3.5,4.5],"texture":"#texture"}}},{"from":[7,5,-1.5],"to":[9,7,-0.5],"faces":{"down":{"uv":[2,1.5,4,4],"texture":"#texture"},"up":{"uv":[2,1.5,4.5,4],"texture":"#texture"},"north":{"uv":[1.5,2.5,4.5,4.5],"texture":"#texture"},"south":{"uv":[1.5,2.5,3.5,4.5],"texture":"#texture"},"west":{"uv":[1.5,1.5,4,4],"texture":"#texture"},"east":{"uv":[1,2,3.5,4.5],"texture":"#texture"}}},{"from":[5.5,4.5,-0.5],"to":[10.5,5.5,2],"faces":{"down":{"uv":[6.5,1.5,8.5,4],"texture":"#texture"},"up":{"uv":[7,1.5,9.5,4],"texture":"#texture"},"north":{"uv":[6.5,1.5,9.5,3.5],"texture":"#texture"},"south":{"uv":[7,2,9,4],"texture":"#texture"},"west":{"uv":[6.5,1.5,9,4],"texture":"#texture"},"east":{"uv":[6,2,8.5,4.5],"texture":"#texture"}}},{"from":[8,4.625,-1.5],"to":[9.375,6,-0.5],"rotation":{"origin":[8,6,-1.5],"axis":"z","angle":-45},"faces":{"down":{"uv":[2,1.5,4,4],"texture":"#texture"},"up":{"uv":[2,1.5,4.5,4],"texture":"#texture"},"north":{"uv":[1.5,2.5,4.5,4.5],"texture":"#texture"},"south":{"uv":[1.5,2.5,3.5,4.5],"texture":"#texture"},"west":{"uv":[1.5,1.5,4,4],"texture":"#texture"},"east":{"uv":[1,2,3.5,4.5],"texture":"#texture"}}},{"from":[5.5,5,0.5],"to":[10.5,6.5,2],"faces":{"down":{"uv":[6.5,1.5,8.5,4],"texture":"#texture"},"up":{"uv":[7,1.5,9.5,4],"texture":"#texture"},"north":{"uv":[6.5,1.5,9.5,3.5],"texture":"#texture"},"south":{"uv":[7,2,9,4],"texture":"#texture"},"west":{"uv":[6.5,1.5,9,4],"texture":"#texture"},"east":{"uv":[6,2,8.5,4.5],"texture":"#texture"}}},{"from":[4.5,5.25,0.75],"to":[11.5,6.25,1.75],"faces":{"down":{"uv":[6.5,1.5,8.5,4],"texture":"#texture"},"up":{"uv":[7,1.5,9.5,4],"texture":"#texture"},"north":{"uv":[6.5,1.5,9.5,3.5],"texture":"#texture"},"south":{"uv":[7,2,9,4],"texture":"#texture"},"west":{"uv":[6.5,1.5,9,4],"texture":"#texture"},"east":{"uv":[6,2,8.5,4.5],"texture":"#texture"}}},{"from":[3.5,5.5,1],"to":[12.5,6,1.5],"faces":{"down":{"uv":[6.5,1.5,8.5,4],"texture":"#texture"},"up":{"uv":[7,1.5,9.5,4],"texture":"#texture"},"north":{"uv":[6.5,1.5,9.5,3.5],"texture":"#texture"},"south":{"uv":[7,2,9,4],"texture":"#texture"},"west":{"uv":[6.5,1.5,9,4],"texture":"#texture"},"east":{"uv":[6,2,8.5,4.5],"texture":"#texture"}}},{"from":[5.5,6.8875,-0.0825],"to":[10.5,8.3875,5.1675],"rotation":{"origin":[5.5,8.3875,-0.0825],"axis":"x","angle":-22.5},"faces":{"down":{"uv":[6.5,1.5,8.5,4],"texture":"#texture"},"up":{"uv":[7,1.5,9.5,4],"texture":"#texture"},"north":{"uv":[6.5,1.5,9.5,3.5],"texture":"#texture"},"south":{"uv":[7,2,9,4],"texture":"#texture"},"west":{"uv":[6.5,1.5,9,4],"texture":"#texture"},"east":{"uv":[6,2,8.5,4.5],"texture":"#texture"}}},{"from":[4,7.5,2],"to":[12,9.25,14.5],"faces":{"down":{"uv":[6.5,1.5,8.5,4],"texture":"#texture"},"up":{"uv":[7,1.5,9.5,4],"texture":"#texture"},"north":{"uv":[6.5,1.5,9.5,3.5],"texture":"#texture"},"south":{"uv":[7,2,9,4],"texture":"#texture"},"west":{"uv":[6.5,1.5,9,4],"texture":"#texture"},"east":{"uv":[6,2,8.5,4.5],"texture":"#texture"}}},{"from":[5.5,4.75,12.5],"to":[10.5,7,18],"rotation":{"origin":[5.5,7,12.5],"axis":"x","angle":-22.5},"faces":{"down":{"uv":[2,1.5,4,4],"texture":"#texture"},"up":{"uv":[2,1.5,4.5,4],"texture":"#texture"},"north":{"uv":[1.5,2.5,4.5,4.5],"texture":"#texture"},"south":{"uv":[1.5,2.5,3.5,4.5],"texture":"#texture"},"west":{"uv":[1.5,1.5,4,4],"texture":"#texture"},"east":{"uv":[1,2,3.5,4.5],"texture":"#texture"}}},{"from":[6.75,6.75,16.75],"to":[9.25,8,20.75],"rotation":{"origin":[6.75,8,16.75],"axis":"x","angle":-45},"faces":{"down":{"uv":[2,1.5,4,4],"texture":"#texture"},"up":{"uv":[2,1.5,4.5,4],"texture":"#texture"},"north":{"uv":[1.5,2.5,4.5,4.5],"texture":"#texture"},"south":{"uv":[1.5,2.5,3.5,4.5],"texture":"#texture"},"west":{"uv":[1.5,1.5,4,4],"texture":"#texture"},"east":{"uv":[1,2,3.5,4.5],"texture":"#texture"}}},{"from":[5.25,7,13.25],"to":[10.75,8.75,17.5],"rotation":{"origin":[5.25,8.75,13.25],"axis":"x","angle":-22.5},"faces":{"down":{"uv":[6.5,1.5,8.5,4],"texture":"#texture"},"up":{"uv":[7,1.5,9.5,4],"texture":"#texture"},"north":{"uv":[6.5,1.5,9.5,3.5],"texture":"#texture"},"south":{"uv":[7,2,9,4],"texture":"#texture"},"west":{"uv":[6.5,1.5,9,4],"texture":"#texture"},"east":{"uv":[6,2,8.5,4.5],"texture":"#texture"}}},{"from":[6.5,7.5,15.75],"to":[9.5,9.25,20],"rotation":{"origin":[6.5,9.25,15.75],"axis":"x","angle":-45},"faces":{"down":{"uv":[6.5,1.5,8.5,4],"texture":"#texture"},"up":{"uv":[7,1.5,9.5,4],"texture":"#texture"},"north":{"uv":[6.5,1.5,9.5,3.5],"texture":"#texture"},"south":{"uv":[7,2,9,4],"texture":"#texture"},"west":{"uv":[6.5,1.5,9,4],"texture":"#texture"},"east":{"uv":[6,2,8.5,4.5],"texture":"#texture"}}},{"from":[4,7.5,2],"to":[12,9.25,7],"rotation":{"origin":[4,9.25,2],"axis":"x","angle":-22.5},"faces":{"down":{"uv":[6.5,1.5,8.5,4],"texture":"#texture"},"up":{"uv":[7,1.5,9.5,4],"texture":"#texture"},"north":{"uv":[6.5,1.5,9.5,3.5],"texture":"#texture"},"south":{"uv":[7,2,9,4],"texture":"#texture"},"west":{"uv":[6.5,1.5,9,4],"texture":"#texture"},"east":{"uv":[6,2,8.5,4.5],"texture":"#texture"}}},{"from":[4,8.9375,6.625],"to":[12,11.1875,12.375],"faces":{"down":{"uv":[6.5,1.5,8.5,4],"texture":"#texture"},"up":{"uv":[7,1.5,9.5,4],"texture":"#texture"},"north":{"uv":[6.5,1.5,9.5,3.5],"texture":"#texture"},"south":{"uv":[7,2,9,4],"texture":"#texture"},"west":{"uv":[6.5,1.5,9,4],"texture":"#texture"},"east":{"uv":[6,2,8.5,4.5],"texture":"#texture"}}},{"from":[4,9.4375,12.375],"to":[12,11.1875,15.875],"rotation":{"origin":[4,11.1875,12.375],"axis":"x","angle":45},"faces":{"down":{"uv":[6.5,1.5,8.5,4],"texture":"#texture"},"up":{"uv":[7,1.5,9.5,4],"texture":"#texture"},"north":{"uv":[6.5,1.5,9.5,3.5],"texture":"#texture"},"south":{"uv":[7,2,9,4],"texture":"#texture"},"west":{"uv":[6.5,1.5,9,4],"texture":"#texture"},"east":{"uv":[6,2,8.5,4.5],"texture":"#texture"}}},{"from":[4,8.75,12.75],"to":[12,10.5,15.5],"rotation":{"origin":[4,10.5,12.75],"axis":"x","angle":22.5},"faces":{"down":{"uv":[6.5,1.5,8.5,4],"texture":"#texture"},"up":{"uv":[7,1.5,9.5,4],"texture":"#texture"},"north":{"uv":[6.5,1.5,9.5,3.5],"texture":"#texture"},"south":{"uv":[7,2,9,4],"texture":"#texture"},"west":{"uv":[6.5,1.5,9,4],"texture":"#texture"},"east":{"uv":[6,2,8.5,4.5],"texture":"#texture"}}},{"__comment":"leg","from":[1.75,3.5,4.5],"to":[4,5.25,6.75],"faces":{"down":{"uv":[2,1.5,4,4],"texture":"#texture"},"up":{"uv":[2,1.5,4.5,4],"texture":"#texture"},"north":{"uv":[1.5,2.5,4.5,4.5],"texture":"#texture"},"south":{"uv":[1.5,2.5,3.5,4.5],"texture":"#texture"},"west":{"uv":[1.5,1.5,4,4],"texture":"#texture"},"east":{"uv":[1,2,3.5,4.5],"texture":"#texture"}}},{"__comment":"leg","from":[1.75,3.2751,4.5],"to":[5.25,5.2751,6.75],"rotation":{"origin":[1.75,5.27513,4.5],"axis":"z","angle":45},"faces":{"down":{"uv":[2,1.5,4,4],"texture":"#texture"},"up":{"uv":[2,1.5,4.5,4],"texture":"#texture"},"north":{"uv":[1.5,2.5,4.5,4.5],"texture":"#texture"},"south":{"uv":[1.5,2.5,3.5,4.5],"texture":"#texture"},"west":{"uv":[1.5,1.5,4,4],"texture":"#texture"},"east":{"uv":[1,2,3.5,4.5],"texture":"#texture"}}},{"__comment":"leg_under","from":[1.75,0.5,4.25],"to":[4,3.5,7],"faces":{"down":{"uv":[7.25,1.5,9.25,4],"texture":"#texture"},"up":{"uv":[6,1,8.5,3.5],"texture":"#texture"},"north":{"uv":[5.75,2,8.75,4],"texture":"#texture"},"south":{"uv":[8,2,10,4],"texture":"#texture"},"west":{"uv":[6.25,1.5,8.75,4],"texture":"#texture"},"east":{"uv":[6.5,1.25,9,3.75],"texture":"#texture"}}},{"from":[5.5,7,-0.5],"to":[10.5,8.5,0.5],"faces":{"down":{"uv":[6.5,1.5,8.5,4],"texture":"#texture"},"up":{"uv":[7,1.5,9.5,4],"texture":"#texture"},"north":{"uv":[6.5,1.5,9.5,3.5],"texture":"#texture"},"south":{"uv":[7,2,9,4],"texture":"#texture"},"west":{"uv":[6.5,1.5,9,4],"texture":"#texture"},"east":{"uv":[6,2,8.5,4.5],"texture":"#texture"}}},{"__comment":"leg_under","from":[2,0.5,3.75],"to":[2.25,1,4.25],"faces":{"down":{"uv":[12.5,1.5,14.25,3.25],"texture":"#texture"},"up":{"uv":[12.75,1.25,15.25,3.75],"texture":"#texture"},"north":{"uv":[12.25,1.5,14.25,3.75],"texture":"#texture"},"south":{"uv":[12.5,1.75,14.5,3.75],"texture":"#texture"},"west":{"uv":[12.25,1.75,14.5,3.5],"texture":"#texture"},"east":{"uv":[12,2,13.75,3.75],"texture":"#texture"}}},{"__comment":"leg_under","from":[2.5,0.5,3.5],"to":[3.25,1.25,4.25],"faces":{"down":{"uv":[12.5,1.5,14.25,3.25],"texture":"#texture"},"up":{"uv":[12.75,1.25,15.25,3.75],"texture":"#texture"},"north":{"uv":[12.25,1.5,14.25,3.75],"texture":"#texture"},"south":{"uv":[12.5,1.75,14.5,3.75],"texture":"#texture"},"west":{"uv":[12.25,1.75,14.5,3.5],"texture":"#texture"},"east":{"uv":[12,2,13.75,3.75],"texture":"#texture"}}},{"__comment":"leg_under","from":[3.5,0.5,3.75],"to":[3.75,1,4.25],"faces":{"down":{"uv":[12.5,1.5,14.25,3.25],"texture":"#texture"},"up":{"uv":[12.75,1.25,15.25,3.75],"texture":"#texture"},"north":{"uv":[12.25,1.5,14.25,3.75],"texture":"#texture"},"south":{"uv":[12.5,1.75,14.5,3.75],"texture":"#texture"},"west":{"uv":[12.25,1.75,14.5,3.5],"texture":"#texture"},"east":{"uv":[12,2,13.75,3.75],"texture":"#texture"}}},{"__comment":"leg_under","from":[2.5,0.875,4.375],"to":[3.25,2.125,4.875],"rotation":{"origin":[2.5,2.125,4.375],"axis":"x","angle":45},"faces":{"down":{"uv":[12.5,1.5,14.25,3.25],"texture":"#texture"},"up":{"uv":[12.75,1.25,15.25,3.75],"texture":"#texture"},"north":{"uv":[12.25,1.5,14.25,3.75],"texture":"#texture"},"south":{"uv":[12.5,1.75,14.5,3.75],"texture":"#texture"},"west":{"uv":[12.25,1.75,14.5,3.5],"texture":"#texture"},"east":{"uv":[12,2,13.75,3.75],"texture":"#texture"}}},{"__comment":"leg_under","from":[2.5,1,4.25],"to":[3.25,2.25,4.75],"rotation":{"origin":[2.5,2.25,4.25],"axis":"x","angle":22.5},"faces":{"down":{"uv":[12.5,1.5,14.25,3.25],"texture":"#texture"},"up":{"uv":[12.75,1.25,15.25,3.75],"texture":"#texture"},"north":{"uv":[12.25,1.5,14.25,3.75],"texture":"#texture"},"south":{"uv":[12.5,1.75,14.5,3.75],"texture":"#texture"},"west":{"uv":[12.25,1.75,14.5,3.5],"texture":"#texture"},"east":{"uv":[12,2,13.75,3.75],"texture":"#texture"}}},{"__comment":"leg_under","from":[2,0.5,3.75],"to":[2.25,1,4.75],"rotation":{"origin":[2,1,3.75],"axis":"x","angle":-45},"faces":{"down":{"uv":[12.5,1.5,14.25,3.25],"texture":"#texture"},"up":{"uv":[12.75,1.25,15.25,3.75],"texture":"#texture"},"north":{"uv":[12.25,1.5,14.25,3.75],"texture":"#texture"},"south":{"uv":[12.5,1.75,14.5,3.75],"texture":"#texture"},"west":{"uv":[12.25,1.75,14.5,3.5],"texture":"#texture"},"east":{"uv":[12,2,13.75,3.75],"texture":"#texture"}}},{"__comment":"leg_under","from":[3.5,0.5,3.75],"to":[3.75,1,4.75],"rotation":{"origin":[3.5,1,3.75],"axis":"x","angle":-45},"faces":{"down":{"uv":[12.5,1.5,14.25,3.25],"texture":"#texture"},"up":{"uv":[12.75,1.25,15.25,3.75],"texture":"#texture"},"north":{"uv":[12.25,1.5,14.25,3.75],"texture":"#texture"},"south":{"uv":[12.5,1.75,14.5,3.75],"texture":"#texture"},"west":{"uv":[12.25,1.75,14.5,3.5],"texture":"#texture"},"east":{"uv":[12,2,13.75,3.75],"texture":"#texture"}}},{"from":[5.75,7,-0.75],"to":[10.25,8.5,-0.25],"faces":{"down":{"uv":[6.5,1.5,8.5,4],"texture":"#texture"},"up":{"uv":[7,1.5,9.5,4],"texture":"#texture"},"north":{"uv":[6.5,1.5,9.5,3.5],"texture":"#texture"},"south":{"uv":[7,2,9,4],"texture":"#texture"},"west":{"uv":[6.5,1.5,9,4],"texture":"#texture"},"east":{"uv":[6,2,8.5,4.5],"texture":"#texture"}}},{"from":[6.25,7,-1.25],"to":[9.75,8.5,-0.75],"faces":{"down":{"uv":[6.5,1.5,8.5,4],"texture":"#texture"},"up":{"uv":[7,1.5,9.5,4],"texture":"#texture"},"north":{"uv":[6.5,1.5,9.5,3.5],"texture":"#texture"},"south":{"uv":[7,2,9,4],"texture":"#texture"},"west":{"uv":[6.5,1.5,9,4],"texture":"#texture"},"east":{"uv":[6,2,8.5,4.5],"texture":"#texture"}}},{"from":[9.25,7,-1.75],"to":[11.03,8.5,-1.25],"rotation":{"origin":[9.25,7,-1.75],"axis":"y","angle":-45},"faces":{"down":{"uv":[6.5,1.5,8.5,4],"texture":"#texture"},"up":{"uv":[7,1.5,9.5,4],"texture":"#texture"},"north":{"uv":[6.5,1.5,9.5,3.5],"texture":"#texture"},"south":{"uv":[7,2,9,4],"texture":"#texture"},"west":{"uv":[6.5,1.5,9,4],"texture":"#texture"},"east":{"uv":[6,2,8.5,4.5],"texture":"#texture"}}},{"from":[5.5,7,-0.5],"to":[7.28,8.5,0],"rotation":{"origin":[5.5,7,-0.5],"axis":"y","angle":45},"faces":{"down":{"uv":[6.5,1.5,8.5,4],"texture":"#texture"},"up":{"uv":[7,1.5,9.5,4],"texture":"#texture"},"north":{"uv":[6.5,1.5,9.5,3.5],"texture":"#texture"},"south":{"uv":[7,2,9,4],"texture":"#texture"},"west":{"uv":[6.5,1.5,9,4],"texture":"#texture"},"east":{"uv":[6,2,8.5,4.5],"texture":"#texture"}}},{"from":[6.75,7,-1.75],"to":[9.25,8.5,-1.25],"faces":{"down":{"uv":[6.5,1.5,8.5,4],"texture":"#texture"},"up":{"uv":[7,1.5,9.5,4],"texture":"#texture"},"north":{"uv":[6.5,1.5,9.5,3.5],"texture":"#texture"},"south":{"uv":[7,2,9,4],"texture":"#texture"},"west":{"uv":[6.5,1.5,9,4],"texture":"#texture"},"east":{"uv":[6,2,8.5,4.5],"texture":"#texture"}}},{"from":[9,5,-1.5],"to":[9.75,7,-1],"rotation":{"origin":[9,5,-1.5],"axis":"y","angle":-45},"faces":{"down":{"uv":[2,1.5,4,4],"texture":"#texture"},"up":{"uv":[2,1.5,4.5,4],"texture":"#texture"},"north":{"uv":[1.5,2.5,4.5,4.5],"texture":"#texture"},"south":{"uv":[1.5,2.5,3.5,4.5],"texture":"#texture"},"west":{"uv":[1.5,1.5,4,4],"texture":"#texture"},"east":{"uv":[1,2,3.5,4.5],"texture":"#texture"}}},{"from":[6.5,5,-1],"to":[7.2,7,-0.5],"rotation":{"origin":[6.5,5,-1],"axis":"y","angle":45},"faces":{"down":{"uv":[2,1.5,4,4],"texture":"#texture"},"up":{"uv":[2,1.5,4.5,4],"texture":"#texture"},"north":{"uv":[1.5,2.5,4.5,4.5],"texture":"#texture"},"south":{"uv":[1.5,2.5,3.5,4.5],"texture":"#texture"},"west":{"uv":[1.5,1.5,4,4],"texture":"#texture"},"east":{"uv":[1,2,3.5,4.5],"texture":"#texture"}}},{"__comment":"eye","from":[5.995,6.25,-0.75],"to":[8.245,7,0.5],"faces":{"down":{"uv":[2.25,11.25,4.75,12.75],"texture":"#particle"},"up":{"uv":[2,10.75,4.25,11.75],"texture":"#particle"},"north":{"uv":[1.25,11.5,4,13],"texture":"#particle"},"south":{"uv":[1.5,10.75,4.25,12.25],"texture":"#particle"},"west":{"uv":[13,10.5,7,15.75],"texture":"#particle"},"east":{"uv":[7,10.5,13,15.75],"texture":"#particle"}}},{"__comment":"eye*","from":[7.8125,6.25,-0.75],"to":[10.0625,7,0.5],"faces":{"down":{"uv":[2.25,11.25,4.75,12.75],"texture":"#particle"},"up":{"uv":[2,10.75,4.25,11.75],"texture":"#particle"},"north":{"uv":[1.25,11.5,4,13],"texture":"#particle"},"south":{"uv":[1.5,10.75,4.25,12.25],"texture":"#particle"},"west":{"uv":[13,10.5,7,15.5],"texture":"#particle"},"east":{"uv":[7,10.5,13,15.75],"texture":"#particle"}}},{"__comment":"leg*","from":[1.75,3.5,10.75],"to":[4,5.25,13],"faces":{"down":{"uv":[2,1.5,4,4],"texture":"#texture"},"up":{"uv":[2,1.5,4.5,4],"texture":"#texture"},"north":{"uv":[1.5,2.5,4.5,4.5],"texture":"#texture"},"south":{"uv":[1.5,2.5,3.5,4.5],"texture":"#texture"},"west":{"uv":[1.5,1.5,4,4],"texture":"#texture"},"east":{"uv":[1,2,3.5,4.5],"texture":"#texture"}}},{"__comment":"leg*","from":[1.75,3.2751,10.75],"to":[5.25,5.2751,13],"rotation":{"origin":[1.75,5.27513,10.75],"axis":"z","angle":45},"faces":{"down":{"uv":[2,1.5,4,4],"texture":"#texture"},"up":{"uv":[2,1.5,4.5,4],"texture":"#texture"},"north":{"uv":[1.5,2.5,4.5,4.5],"texture":"#texture"},"south":{"uv":[1.5,2.5,3.5,4.5],"texture":"#texture"},"west":{"uv":[1.5,1.5,4,4],"texture":"#texture"},"east":{"uv":[1,2,3.5,4.5],"texture":"#texture"}}},{"__comment":"leg_under","from":[1.75,0.5,10.5],"to":[4,3.5,13.25],"faces":{"down":{"uv":[7.25,1.5,9.25,4],"texture":"#texture"},"up":{"uv":[6,1,8.5,3.5],"texture":"#texture"},"north":{"uv":[5.75,2,8.75,4],"texture":"#texture"},"south":{"uv":[8,2,10,4],"texture":"#texture"},"west":{"uv":[6.25,1.5,8.75,4],"texture":"#texture"},"east":{"uv":[6.5,1.25,9,3.75],"texture":"#texture"}}},{"__comment":"leg_under","from":[2,0.5,10],"to":[2.25,1,10.5],"faces":{"down":{"uv":[12.5,1.5,14.25,3.25],"texture":"#texture"},"up":{"uv":[12.75,1.25,15.25,3.75],"texture":"#texture"},"north":{"uv":[12.25,1.5,14.25,3.75],"texture":"#texture"},"south":{"uv":[12.5,1.75,14.5,3.75],"texture":"#texture"},"west":{"uv":[12.25,1.75,14.5,3.5],"texture":"#texture"},"east":{"uv":[12,2,13.75,3.75],"texture":"#texture"}}},{"__comment":"leg_under","from":[2.5,0.5,9.75],"to":[3.25,1.25,10.5],"faces":{"down":{"uv":[12.5,1.5,14.25,3.25],"texture":"#texture"},"up":{"uv":[12.75,1.25,15.25,3.75],"texture":"#texture"},"north":{"uv":[12.25,1.5,14.25,3.75],"texture":"#texture"},"south":{"uv":[12.5,1.75,14.5,3.75],"texture":"#texture"},"west":{"uv":[12.25,1.75,14.5,3.5],"texture":"#texture"},"east":{"uv":[12,2,13.75,3.75],"texture":"#texture"}}},{"__comment":"leg_under","from":[3.5,0.5,10],"to":[3.75,1,10.5],"faces":{"down":{"uv":[12.5,1.5,14.25,3.25],"texture":"#texture"},"up":{"uv":[12.75,1.25,15.25,3.75],"texture":"#texture"},"north":{"uv":[12.25,1.5,14.25,3.75],"texture":"#texture"},"south":{"uv":[12.5,1.75,14.5,3.75],"texture":"#texture"},"west":{"uv":[12.25,1.75,14.5,3.5],"texture":"#texture"},"east":{"uv":[12,2,13.75,3.75],"texture":"#texture"}}},{"__comment":"leg_under","from":[2.5,0.875,10.625],"to":[3.25,2.125,11.125],"rotation":{"origin":[2.5,2.125,10.625],"axis":"x","angle":45},"faces":{"down":{"uv":[12.5,1.5,14.25,3.25],"texture":"#texture"},"up":{"uv":[12.75,1.25,15.25,3.75],"texture":"#texture"},"north":{"uv":[12.25,1.5,14.25,3.75],"texture":"#texture"},"south":{"uv":[12.5,1.75,14.5,3.75],"texture":"#texture"},"west":{"uv":[12.25,1.75,14.5,3.5],"texture":"#texture"},"east":{"uv":[12,2,13.75,3.75],"texture":"#texture"}}},{"__comment":"leg_under","from":[2.5,1,10.5],"to":[3.25,2.25,11],"rotation":{"origin":[2.5,2.25,10.5],"axis":"x","angle":22.5},"faces":{"down":{"uv":[12.5,1.5,14.25,3.25],"texture":"#texture"},"up":{"uv":[12.75,1.25,15.25,3.75],"texture":"#texture"},"north":{"uv":[12.25,1.5,14.25,3.75],"texture":"#texture"},"south":{"uv":[12.5,1.75,14.5,3.75],"texture":"#texture"},"west":{"uv":[12.25,1.75,14.5,3.5],"texture":"#texture"},"east":{"uv":[12,2,13.75,3.75],"texture":"#texture"}}},{"__comment":"leg_under","from":[2,0.5,10],"to":[2.25,1,11],"rotation":{"origin":[2,1,10],"axis":"x","angle":-45},"faces":{"down":{"uv":[12.5,1.5,14.25,3.25],"texture":"#texture"},"up":{"uv":[12.75,1.25,15.25,3.75],"texture":"#texture"},"north":{"uv":[12.25,1.5,14.25,3.75],"texture":"#texture"},"south":{"uv":[12.5,1.75,14.5,3.75],"texture":"#texture"},"west":{"uv":[12.25,1.75,14.5,3.5],"texture":"#texture"},"east":{"uv":[12,2,13.75,3.75],"texture":"#texture"}}},{"__comment":"leg_under","from":[3.5,0.5,10],"to":[3.75,1,11],"rotation":{"origin":[3.5,1,10],"axis":"x","angle":-45},"faces":{"down":{"uv":[12.5,1.5,14.25,3.25],"texture":"#texture"},"up":{"uv":[12.75,1.25,15.25,3.75],"texture":"#texture"},"north":{"uv":[12.25,1.5,14.25,3.75],"texture":"#texture"},"south":{"uv":[12.5,1.75,14.5,3.75],"texture":"#texture"},"west":{"uv":[12.25,1.75,14.5,3.5],"texture":"#texture"},"east":{"uv":[12,2,13.75,3.75],"texture":"#texture"}}},{"__comment":"leg_under*","from":[12,0.5,4.25],"to":[14.25,3.5,7],"faces":{"down":{"uv":[7.25,1.5,9.25,4],"texture":"#texture"},"up":{"uv":[6,1,8.5,3.5],"texture":"#texture"},"north":{"uv":[5.75,2,8.75,4],"texture":"#texture"},"south":{"uv":[8,2,10,4],"texture":"#texture"},"west":{"uv":[6.25,1.5,8.75,4],"texture":"#texture"},"east":{"uv":[6.5,1.25,9,3.75],"texture":"#texture"}}},{"__comment":"leg_under*","from":[12.25,0.5,3.75],"to":[12.5,1,4.25],"faces":{"down":{"uv":[12.5,1.5,14.25,3.25],"texture":"#texture"},"up":{"uv":[12.75,1.25,15.25,3.75],"texture":"#texture"},"north":{"uv":[12.25,1.5,14.25,3.75],"texture":"#texture"},"south":{"uv":[12.5,1.75,14.5,3.75],"texture":"#texture"},"west":{"uv":[12.25,1.75,14.5,3.5],"texture":"#texture"},"east":{"uv":[12,2,13.75,3.75],"texture":"#texture"}}},{"__comment":"leg_under*","from":[12.75,0.5,3.5],"to":[13.5,1.25,4.25],"faces":{"down":{"uv":[12.5,1.5,14.25,3.25],"texture":"#texture"},"up":{"uv":[12.75,1.25,15.25,3.75],"texture":"#texture"},"north":{"uv":[12.25,1.5,14.25,3.75],"texture":"#texture"},"south":{"uv":[12.5,1.75,14.5,3.75],"texture":"#texture"},"west":{"uv":[12.25,1.75,14.5,3.5],"texture":"#texture"},"east":{"uv":[12,2,13.75,3.75],"texture":"#texture"}}},{"__comment":"leg_under*","from":[13.75,0.5,3.75],"to":[14,1,4.25],"faces":{"down":{"uv":[12.5,1.5,14.25,3.25],"texture":"#texture"},"up":{"uv":[12.75,1.25,15.25,3.75],"texture":"#texture"},"north":{"uv":[12.25,1.5,14.25,3.75],"texture":"#texture"},"south":{"uv":[12.5,1.75,14.5,3.75],"texture":"#texture"},"west":{"uv":[12.25,1.75,14.5,3.5],"texture":"#texture"},"east":{"uv":[12,2,13.75,3.75],"texture":"#texture"}}},{"__comment":"leg_under*","from":[12.75,0.875,4.375],"to":[13.5,2.125,4.875],"rotation":{"origin":[12.75,2.125,4.375],"axis":"x","angle":45},"faces":{"down":{"uv":[12.5,1.5,14.25,3.25],"texture":"#texture"},"up":{"uv":[12.75,1.25,15.25,3.75],"texture":"#texture"},"north":{"uv":[12.25,1.5,14.25,3.75],"texture":"#texture"},"south":{"uv":[12.5,1.75,14.5,3.75],"texture":"#texture"},"west":{"uv":[12.25,1.75,14.5,3.5],"texture":"#texture"},"east":{"uv":[12,2,13.75,3.75],"texture":"#texture"}}},{"__comment":"leg_under*","from":[12.75,1,4.25],"to":[13.5,2.25,4.75],"rotation":{"origin":[12.75,2.25,4.25],"axis":"x","angle":22.5},"faces":{"down":{"uv":[12.5,1.5,14.25,3.25],"texture":"#texture"},"up":{"uv":[12.75,1.25,15.25,3.75],"texture":"#texture"},"north":{"uv":[12.25,1.5,14.25,3.75],"texture":"#texture"},"south":{"uv":[12.5,1.75,14.5,3.75],"texture":"#texture"},"west":{"uv":[12.25,1.75,14.5,3.5],"texture":"#texture"},"east":{"uv":[12,2,13.75,3.75],"texture":"#texture"}}},{"__comment":"leg_under*","from":[12.25,0.5,3.75],"to":[12.5,1,4.75],"rotation":{"origin":[12.25,1,3.75],"axis":"x","angle":-45},"faces":{"down":{"uv":[12.5,1.5,14.25,3.25],"texture":"#texture"},"up":{"uv":[12.75,1.25,15.25,3.75],"texture":"#texture"},"north":{"uv":[12.25,1.5,14.25,3.75],"texture":"#texture"},"south":{"uv":[12.5,1.75,14.5,3.75],"texture":"#texture"},"west":{"uv":[12.25,1.75,14.5,3.5],"texture":"#texture"},"east":{"uv":[12,2,13.75,3.75],"texture":"#texture"}}},{"__comment":"leg_under*","from":[13.75,0.5,3.75],"to":[14,1,4.75],"rotation":{"origin":[13.75,1,3.75],"axis":"x","angle":-45},"faces":{"down":{"uv":[12.5,1.5,14.25,3.25],"texture":"#texture"},"up":{"uv":[12.75,1.25,15.25,3.75],"texture":"#texture"},"north":{"uv":[12.25,1.5,14.25,3.75],"texture":"#texture"},"south":{"uv":[12.5,1.75,14.5,3.75],"texture":"#texture"},"west":{"uv":[12.25,1.75,14.5,3.5],"texture":"#texture"},"east":{"uv":[12,2,13.75,3.75],"texture":"#texture"}}},{"__comment":"leg_under*","from":[12,0.5,10.5],"to":[14.25,3.5,13.25],"faces":{"down":{"uv":[7.25,1.5,9.25,4],"texture":"#texture"},"up":{"uv":[6,1,8.5,3.5],"texture":"#texture"},"north":{"uv":[5.75,2,8.75,4],"texture":"#texture"},"south":{"uv":[8,2,10,4],"texture":"#texture"},"west":{"uv":[6.25,1.5,8.75,4],"texture":"#texture"},"east":{"uv":[6.5,1.25,9,3.75],"texture":"#texture"}}},{"__comment":"leg_under*","from":[12.25,0.5,10],"to":[12.5,1,10.5],"faces":{"down":{"uv":[12.5,1.5,14.25,3.25],"texture":"#texture"},"up":{"uv":[12.75,1.25,15.25,3.75],"texture":"#texture"},"north":{"uv":[12.25,1.5,14.25,3.75],"texture":"#texture"},"south":{"uv":[12.5,1.75,14.5,3.75],"texture":"#texture"},"west":{"uv":[12.25,1.75,14.5,3.5],"texture":"#texture"},"east":{"uv":[12,2,13.75,3.75],"texture":"#texture"}}},{"__comment":"leg_under*","from":[12.75,0.5,9.75],"to":[13.5,1.25,10.5],"faces":{"down":{"uv":[12.5,1.5,14.25,3.25],"texture":"#texture"},"up":{"uv":[12.75,1.25,15.25,3.75],"texture":"#texture"},"north":{"uv":[12.25,1.5,14.25,3.75],"texture":"#texture"},"south":{"uv":[12.5,1.75,14.5,3.75],"texture":"#texture"},"west":{"uv":[12.25,1.75,14.5,3.5],"texture":"#texture"},"east":{"uv":[12,2,13.75,3.75],"texture":"#texture"}}},{"__comment":"leg_under*","from":[13.75,0.5,10],"to":[14,1,10.5],"faces":{"down":{"uv":[12.5,1.5,14.25,3.25],"texture":"#texture"},"up":{"uv":[12.75,1.25,15.25,3.75],"texture":"#texture"},"north":{"uv":[12.25,1.5,14.25,3.75],"texture":"#texture"},"south":{"uv":[12.5,1.75,14.5,3.75],"texture":"#texture"},"west":{"uv":[12.25,1.75,14.5,3.5],"texture":"#texture"},"east":{"uv":[12,2,13.75,3.75],"texture":"#texture"}}},{"__comment":"leg_under*","from":[12.75,0.875,10.625],"to":[13.5,2.125,11.125],"rotation":{"origin":[12.75,2.125,10.625],"axis":"x","angle":45},"faces":{"down":{"uv":[12.5,1.5,14.25,3.25],"texture":"#texture"},"up":{"uv":[12.75,1.25,15.25,3.75],"texture":"#texture"},"north":{"uv":[12.25,1.5,14.25,3.75],"texture":"#texture"},"south":{"uv":[12.5,1.75,14.5,3.75],"texture":"#texture"},"west":{"uv":[12.25,1.75,14.5,3.5],"texture":"#texture"},"east":{"uv":[12,2,13.75,3.75],"texture":"#texture"}}},{"__comment":"leg_under*","from":[12.75,1,10.5],"to":[13.5,2.25,11],"rotation":{"origin":[12.75,2.25,10.5],"axis":"x","angle":22.5},"faces":{"down":{"uv":[12.5,1.5,14.25,3.25],"texture":"#texture"},"up":{"uv":[12.75,1.25,15.25,3.75],"texture":"#texture"},"north":{"uv":[12.25,1.5,14.25,3.75],"texture":"#texture"},"south":{"uv":[12.5,1.75,14.5,3.75],"texture":"#texture"},"west":{"uv":[12.25,1.75,14.5,3.5],"texture":"#texture"},"east":{"uv":[12,2,13.75,3.75],"texture":"#texture"}}},{"__comment":"leg_under*","from":[12.25,0.5,10],"to":[12.5,1,11],"rotation":{"origin":[12.25,1,10],"axis":"x","angle":-45},"faces":{"down":{"uv":[12.5,1.5,14.25,3.25],"texture":"#texture"},"up":{"uv":[12.75,1.25,15.25,3.75],"texture":"#texture"},"north":{"uv":[12.25,1.5,14.25,3.75],"texture":"#texture"},"south":{"uv":[12.5,1.75,14.5,3.75],"texture":"#texture"},"west":{"uv":[12.25,1.75,14.5,3.5],"texture":"#texture"},"east":{"uv":[12,2,13.75,3.75],"texture":"#texture"}}},{"__comment":"leg_under*","from":[13.75,0.5,10],"to":[14,1,11],"rotation":{"origin":[13.75,1,10],"axis":"x","angle":-45},"faces":{"down":{"uv":[12.5,1.5,14.25,3.25],"texture":"#texture"},"up":{"uv":[12.75,1.25,15.25,3.75],"texture":"#texture"},"north":{"uv":[12.25,1.5,14.25,3.75],"texture":"#texture"},"south":{"uv":[12.5,1.75,14.5,3.75],"texture":"#texture"},"west":{"uv":[12.25,1.75,14.5,3.5],"texture":"#texture"},"east":{"uv":[12,2,13.75,3.75],"texture":"#texture"}}},{"__comment":"leg*","from":[12,3.5,10.75],"to":[14.25,5.25,13],"faces":{"down":{"uv":[2,1.5,4,4],"texture":"#texture"},"up":{"uv":[2,1.5,4.5,4],"texture":"#texture"},"north":{"uv":[1.5,2.5,4.5,4.5],"texture":"#texture"},"south":{"uv":[1.5,2.5,3.5,4.5],"texture":"#texture"},"west":{"uv":[1.5,1.5,4,4],"texture":"#texture"},"east":{"uv":[1,2,3.5,4.5],"texture":"#texture"}}},{"__comment":"leg*","from":[12,3.5,4.5],"to":[14.25,5.25,6.75],"faces":{"down":{"uv":[2,1.5,4,4],"texture":"#texture"},"up":{"uv":[2,1.5,4.5,4],"texture":"#texture"},"north":{"uv":[1.5,2.5,4.5,4.5],"texture":"#texture"},"south":{"uv":[1.5,2.5,3.5,4.5],"texture":"#texture"},"west":{"uv":[1.5,1.5,4,4],"texture":"#texture"},"east":{"uv":[1,2,3.5,4.5],"texture":"#texture"}}},{"__comment":"leg*","from":[11.75,5.75,10.75],"to":[15.28,7.75,13],"rotation":{"origin":[11.75,7.75,10.75],"axis":"z","angle":-45},"faces":{"down":{"uv":[2,1.5,4,4],"texture":"#texture"},"up":{"uv":[2,1.5,4.5,4],"texture":"#texture"},"north":{"uv":[1.5,2.5,4.5,4.5],"texture":"#texture"},"south":{"uv":[1.5,2.5,3.5,4.5],"texture":"#texture"},"west":{"uv":[1.5,1.5,4,4],"texture":"#texture"},"east":{"uv":[1,2,3.5,4.5],"texture":"#texture"}}},{"__comment":"leg*","from":[11.75,5.75,4.5],"to":[15.28,7.75,6.75],"rotation":{"origin":[11.75,7.75,4.5],"axis":"z","angle":-45},"faces":{"down":{"uv":[2,1.5,4,4],"texture":"#texture"},"up":{"uv":[2,1.5,4.5,4],"texture":"#texture"},"north":{"uv":[1.5,2.5,4.5,4.5],"texture":"#texture"},"south":{"uv":[1.5,2.5,3.5,4.5],"texture":"#texture"},"west":{"uv":[1.5,1.5,4,4],"texture":"#texture"},"east":{"uv":[1,2,3.5,4.5],"texture":"#texture"}}},{"__comment":"left","from":[4.75,9.5,3.5],"to":[5.5,10.25,6.8125],"rotation":{"origin":[4.75,10.25,3.5],"axis":"x","angle":-22.5},"faces":{"down":{"uv":[1.75,7.25,3.75,9.75],"texture":"#texture"},"up":{"uv":[1.75,7.25,4.25,9.75],"texture":"#texture"},"north":{"uv":[1.5,7.75,4.5,9.75],"texture":"#texture"},"south":{"uv":[0.5,7,2.5,9],"texture":"#texture"},"west":{"uv":[2,7.25,4.5,9.75],"texture":"#texture"},"east":{"uv":[1.25,6.75,3.75,9.25],"texture":"#texture"}}},{"__comment":"left","from":[4.75,10.8125,6.5625],"to":[5.5,11.5625,12.3125],"faces":{"down":{"uv":[1.75,7.25,3.75,9.75],"texture":"#texture"},"up":{"uv":[1.75,7.25,4.25,9.75],"texture":"#texture"},"north":{"uv":[1.5,7.75,4.5,9.75],"texture":"#texture"},"south":{"uv":[0.5,7,2.5,9],"texture":"#texture"},"west":{"uv":[2,7.25,4.5,9.75],"texture":"#texture"},"east":{"uv":[1.25,6.75,3.75,9.25],"texture":"#texture"}}},{"__comment":"left","from":[4.75,10.8125,12.3125],"to":[5.5,11.5625,13.8125],"rotation":{"origin":[4.75,11.5625,12.3125],"axis":"x","angle":45},"faces":{"down":{"uv":[1.75,7.25,3.75,9.75],"texture":"#texture"},"up":{"uv":[1.75,7.25,4.25,9.75],"texture":"#texture"},"north":{"uv":[1.5,7.75,4.5,9.75],"texture":"#texture"},"south":{"uv":[0.5,7,2.5,9],"texture":"#texture"},"west":{"uv":[2,7.25,4.5,9.75],"texture":"#texture"},"east":{"uv":[1.25,6.75,3.75,9.25],"texture":"#texture"}}},{"__comment":"middle","from":[7.5,10.8125,6.5],"to":[8.5,11.5625,12.25],"faces":{"down":{"uv":[1.75,7.25,3.75,9.75],"texture":"#texture"},"up":{"uv":[1.75,7.25,4.25,9.75],"texture":"#texture"},"north":{"uv":[1.5,7.75,4.5,9.75],"texture":"#texture"},"south":{"uv":[0.5,7,2.5,9],"texture":"#texture"},"west":{"uv":[2,7.25,4.5,9.75],"texture":"#texture"},"east":{"uv":[1.25,6.75,3.75,9.25],"texture":"#texture"}}},{"__comment":"middle","from":[7.5,8.25,0.25],"to":[8.5,9,7],"rotation":{"origin":[7.5,9,0.25],"axis":"x","angle":-22.5},"faces":{"down":{"uv":[1.75,7.25,3.75,9.75],"texture":"#texture"},"up":{"uv":[1.75,7.25,4.25,9.75],"texture":"#texture"},"north":{"uv":[1.5,7.75,4.5,9.75],"texture":"#texture"},"south":{"uv":[0.5,7,2.5,9],"texture":"#texture"},"west":{"uv":[2,7.25,4.5,9.75],"texture":"#texture"},"east":{"uv":[1.25,6.75,3.75,9.25],"texture":"#texture"}}},{"__comment":"middle","from":[7.5,7.1875,-0.8125],"to":[8.5,7.9375,0.6875],"rotation":{"origin":[7.5,7.9375,-0.8125],"axis":"x","angle":-45},"faces":{"down":{"uv":[1.75,7.25,3.75,9.75],"texture":"#texture"},"up":{"uv":[1.75,7.25,4.25,9.75],"texture":"#texture"},"north":{"uv":[1.5,7.75,4.5,9.75],"texture":"#texture"},"south":{"uv":[0.5,7,2.5,9],"texture":"#texture"},"west":{"uv":[2,7.25,4.5,9.75],"texture":"#texture"},"east":{"uv":[1.25,6.75,3.75,9.25],"texture":"#texture"}}},{"__comment":"left","from":[4.75,8.625,2.625],"to":[5.5,9.375,3.875],"rotation":{"origin":[4.75,9.375,2.625],"axis":"x","angle":-45},"faces":{"down":{"uv":[1.75,7.25,3.75,9.75],"texture":"#texture"},"up":{"uv":[1.75,7.25,4.25,9.75],"texture":"#texture"},"north":{"uv":[1.5,7.75,4.5,9.75],"texture":"#texture"},"south":{"uv":[0.5,7,2.5,9],"texture":"#texture"},"west":{"uv":[2,7.25,4.5,9.75],"texture":"#texture"},"east":{"uv":[1.25,6.75,3.75,9.25],"texture":"#texture"}}},{"__comment":"left","from":[4.75,8.969999,12.6675],"to":[5.5,10.22,13.4175],"rotation":{"origin":[4.75,10.22,12.6675],"axis":"x","angle":-22.5},"faces":{"down":{"uv":[1.75,7.25,3.75,9.75],"texture":"#texture"},"up":{"uv":[1.75,7.25,4.25,9.75],"texture":"#texture"},"north":{"uv":[1.5,7.75,4.5,9.75],"texture":"#texture"},"south":{"uv":[0.5,7,2.5,9],"texture":"#texture"},"west":{"uv":[2,7.25,4.5,9.75],"texture":"#texture"},"east":{"uv":[1.25,6.75,3.75,9.25],"texture":"#texture"}}},{"__comment":"middle","from":[7.5,10.625,12.25],"to":[8.5,11.625,17],"rotation":{"origin":[7.5,11.625,12.25],"axis":"x","angle":45},"faces":{"down":{"uv":[1.75,7.25,3.75,9.75],"texture":"#texture"},"up":{"uv":[1.75,7.25,4.25,9.75],"texture":"#texture"},"north":{"uv":[1.5,7.75,4.5,9.75],"texture":"#texture"},"south":{"uv":[0.5,7,2.5,9],"texture":"#texture"},"west":{"uv":[2,7.25,4.5,9.75],"texture":"#texture"},"east":{"uv":[1.25,6.75,3.75,9.25],"texture":"#texture"}}},{"__comment":"middle","from":[7.5,9.5,13.375],"to":[8.5,10.5,16.125],"rotation":{"origin":[7.5,10.5,13.375],"axis":"x","angle":22.5},"faces":{"down":{"uv":[1.75,7.25,3.75,9.75],"texture":"#texture"},"up":{"uv":[1.75,7.25,4.25,9.75],"texture":"#texture"},"north":{"uv":[1.5,7.75,4.5,9.75],"texture":"#texture"},"south":{"uv":[0.5,7,2.5,9],"texture":"#texture"},"west":{"uv":[2,7.25,4.5,9.75],"texture":"#texture"},"east":{"uv":[1.25,6.75,3.75,9.25],"texture":"#texture"}}},{"__comment":"right","from":[10.5,9.5,3.5],"to":[11.25,10.25,6.8125],"rotation":{"origin":[10.5,10.25,3.5],"axis":"x","angle":-22.5},"faces":{"down":{"uv":[1.75,7.25,3.75,9.75],"texture":"#texture"},"up":{"uv":[1.75,7.25,4.25,9.75],"texture":"#texture"},"north":{"uv":[1.5,7.75,4.5,9.75],"texture":"#texture"},"south":{"uv":[0.5,7,2.5,9],"texture":"#texture"},"west":{"uv":[2,7.25,4.5,9.75],"texture":"#texture"},"east":{"uv":[1.25,6.75,3.75,9.25],"texture":"#texture"}}},{"__comment":"right","from":[10.5,10.8125,6.5625],"to":[11.25,11.5625,12.3125],"faces":{"down":{"uv":[1.75,7.25,3.75,9.75],"texture":"#texture"},"up":{"uv":[1.75,7.25,4.25,9.75],"texture":"#texture"},"north":{"uv":[1.5,7.75,4.5,9.75],"texture":"#texture"},"south":{"uv":[0.5,7,2.5,9],"texture":"#texture"},"west":{"uv":[2,7.25,4.5,9.75],"texture":"#texture"},"east":{"uv":[1.25,6.75,3.75,9.25],"texture":"#texture"}}},{"__comment":"right","from":[10.5,10.8125,12.3125],"to":[11.25,11.5625,13.8125],"rotation":{"origin":[10.5,11.5625,12.3125],"axis":"x","angle":45},"faces":{"down":{"uv":[1.75,7.25,3.75,9.75],"texture":"#texture"},"up":{"uv":[1.75,7.25,4.25,9.75],"texture":"#texture"},"north":{"uv":[1.5,7.75,4.5,9.75],"texture":"#texture"},"south":{"uv":[0.5,7,2.5,9],"texture":"#texture"},"west":{"uv":[2,7.25,4.5,9.75],"texture":"#texture"},"east":{"uv":[1.25,6.75,3.75,9.25],"texture":"#texture"}}},{"__comment":"right","from":[10.5,8.625,2.625],"to":[11.25,9.375,3.875],"rotation":{"origin":[10.5,9.375,2.625],"axis":"x","angle":-45},"faces":{"down":{"uv":[1.75,7.25,3.75,9.75],"texture":"#texture"},"up":{"uv":[1.75,7.25,4.25,9.75],"texture":"#texture"},"north":{"uv":[1.5,7.75,4.5,9.75],"texture":"#texture"},"south":{"uv":[0.5,7,2.5,9],"texture":"#texture"},"west":{"uv":[2,7.25,4.5,9.75],"texture":"#texture"},"east":{"uv":[1.25,6.75,3.75,9.25],"texture":"#texture"}}},{"__comment":"right","from":[10.5,8.969999,12.6675],"to":[11.25,10.22,13.4175],"rotation":{"origin":[10.5,10.22,12.6675],"axis":"x","angle":-22.5},"faces":{"down":{"uv":[1.75,7.25,3.75,9.75],"texture":"#texture"},"up":{"uv":[1.75,7.25,4.25,9.75],"texture":"#texture"},"north":{"uv":[1.5,7.75,4.5,9.75],"texture":"#texture"},"south":{"uv":[0.5,7,2.5,9],"texture":"#texture"},"west":{"uv":[2,7.25,4.5,9.75],"texture":"#texture"},"east":{"uv":[1.25,6.75,3.75,9.25],"texture":"#texture"}}},{"__comment":"leaf_1","from":[11.25,8.75,5.5],"to":[14.25,12.75,13],"rotation":{"origin":[16.5,15,6],"axis":"z","angle":-22.5},"faces":{"down":{"uv":[3.25,6,5.25,8.5],"texture":"#particle"},"up":{"uv":[2.75,5.25,5.25,7.75],"texture":"#particle"},"north":{"uv":[3.5,7,6.5,9],"texture":"#particle"},"south":{"uv":[3.5,6.75,5.5,8.75],"texture":"#particle"},"west":{"uv":[2.75,6,5.25,8.5],"texture":"#particle"},"east":{"uv":[3.75,7.25,6.25,9.75],"texture":"#particle"}}},{"__comment":"rail","from":[3.75,7.75,2],"to":[12.25,8.25,14.75],"faces":{"down":{"uv":[7.5,6.75,9.5,9.25],"texture":"#texture"},"up":{"uv":[7.5,7,10,9.5],"texture":"#texture"},"north":{"uv":[7,7,10,9],"texture":"#texture"},"south":{"uv":[7.25,7.25,9.25,9.25],"texture":"#texture"},"west":{"uv":[7.5,7.75,10,10.25],"texture":"#texture"},"east":{"uv":[7,7,9.5,9.5],"texture":"#texture"}}},{"__comment":"rail1","from":[4,7.75,1.75],"to":[12,8.25,15],"faces":{"down":{"uv":[7.5,6.75,9.5,9.25],"texture":"#texture"},"up":{"uv":[7.5,7,10,9.5],"texture":"#texture"},"north":{"uv":[7,7,10,9],"texture":"#texture"},"south":{"uv":[7.25,7.25,9.25,9.25],"texture":"#texture"},"west":{"uv":[7.5,7.75,10,10.25],"texture":"#texture"},"east":{"uv":[7,7,9.5,9.5],"texture":"#texture"}}},{"__comment":"rail2","from":[5.25,7.25,0.5625],"to":[10.75,7.75,1.875],"rotation":{"origin":[5.25,7.75,0.5625],"axis":"x","angle":-22.5},"faces":{"down":{"uv":[7.5,6.75,9.5,9.25],"texture":"#texture"},"up":{"uv":[7.5,7,10,9.5],"texture":"#texture"},"north":{"uv":[7,7,10,9],"texture":"#texture"},"south":{"uv":[7.25,7.25,9.25,9.25],"texture":"#texture"},"west":{"uv":[7.5,7.75,10,10.25],"texture":"#texture"},"east":{"uv":[7,7,9.5,9.5],"texture":"#texture"}}},{"__comment":"rail3","from":[5.25,7.25,-0.5],"to":[10.75,7.75,0.75],"faces":{"down":{"uv":[7.5,6.75,9.5,9.25],"texture":"#texture"},"up":{"uv":[7.5,7,10,9.5],"texture":"#texture"},"north":{"uv":[7,7,10,9],"texture":"#texture"},"south":{"uv":[7.25,7.25,9.25,9.25],"texture":"#texture"},"west":{"uv":[7.5,7.75,10,10.25],"texture":"#texture"},"east":{"uv":[7,7,9.5,9.5],"texture":"#texture"}}},{"__comment":"rail4","from":[6.75,7.25,-2],"to":[9.25,7.75,-1.75],"faces":{"down":{"uv":[7.5,6.75,9.5,9.25],"texture":"#texture"},"up":{"uv":[7.5,7,10,9.5],"texture":"#texture"},"north":{"uv":[7,7,10,9],"texture":"#texture"},"south":{"uv":[7.25,7.25,9.25,9.25],"texture":"#texture"},"west":{"uv":[7.5,7.75,10,10.25],"texture":"#texture"},"east":{"uv":[7,7,9.5,9.5],"texture":"#texture"}}},{"__comment":"rail5","from":[9.25,7.25,-2],"to":[11.38,7.75,-1.75],"rotation":{"origin":[9.25,7.25,-2],"axis":"y","angle":-45},"faces":{"down":{"uv":[7.5,6.75,9.5,9.25],"texture":"#texture"},"up":{"uv":[7.5,7,10,9.5],"texture":"#texture"},"north":{"uv":[7,7,10,9],"texture":"#texture"},"south":{"uv":[7.25,7.25,9.25,9.25],"texture":"#texture"},"west":{"uv":[7.5,7.75,10,10.25],"texture":"#texture"},"east":{"uv":[7,7,9.5,9.5],"texture":"#texture"}}},{"__comment":"rail6","from":[5.25,7.25,-0.5],"to":[7.38,7.75,-0.25],"rotation":{"origin":[5.25,7.25,-0.5],"axis":"y","angle":45},"faces":{"down":{"uv":[7.5,6.75,9.5,9.25],"texture":"#texture"},"up":{"uv":[7.5,7,10,9.5],"texture":"#texture"},"north":{"uv":[7,7,10,9],"texture":"#texture"},"south":{"uv":[7.25,7.25,9.25,9.25],"texture":"#texture"},"west":{"uv":[7.5,7.75,10,10.25],"texture":"#texture"},"east":{"uv":[7,7,9.5,9.5],"texture":"#texture"}}},{"__comment":"leaf_1","from":[11.75,8.25,6],"to":[13.75,13.25,12.5],"rotation":{"origin":[16.5,15,6],"axis":"z","angle":-22.5},"faces":{"down":{"uv":[3.25,6,5.25,8.5],"texture":"#particle"},"up":{"uv":[2.75,5.25,5.25,7.75],"texture":"#particle"},"north":{"uv":[3.5,7,6.5,9],"texture":"#particle"},"south":{"uv":[3.5,6.75,5.5,8.75],"texture":"#particle"},"west":{"uv":[2.75,6,5.25,8.5],"texture":"#particle"},"east":{"uv":[3.75,7.25,6.25,9.75],"texture":"#particle"}}},{"__comment":"leaf_1","from":[10.75,9.25,6],"to":[14.75,12.25,12.5],"rotation":{"origin":[16.5,15,6],"axis":"z","angle":-22.5},"faces":{"down":{"uv":[3.25,6,5.25,8.5],"texture":"#particle"},"up":{"uv":[2.75,5.25,5.25,7.75],"texture":"#particle"},"north":{"uv":[3.5,7,6.5,9],"texture":"#particle"},"south":{"uv":[3.5,6.75,5.5,8.75],"texture":"#particle"},"west":{"uv":[2.75,6,5.25,8.5],"texture":"#particle"},"east":{"uv":[3.75,7.25,6.25,9.75],"texture":"#particle"}}},{"__comment":"leaf_1","from":[11.75,9.25,5],"to":[13.75,12.25,13.5],"rotation":{"origin":[16.5,15,6],"axis":"z","angle":-22.5},"faces":{"down":{"uv":[3.25,6,5.25,8.5],"texture":"#particle"},"up":{"uv":[2.75,5.25,5.25,7.75],"texture":"#particle"},"north":{"uv":[3.5,7,6.5,9],"texture":"#particle"},"south":{"uv":[3.5,6.75,5.5,8.75],"texture":"#particle"},"west":{"uv":[2.75,6,5.25,8.5],"texture":"#particle"},"east":{"uv":[3.75,7.25,6.25,9.75],"texture":"#particle"}}},{"__comment":"leaf_1","from":[11.0199,12.8765,6],"to":[11.0824,18.1265,12.5],"rotation":{"origin":[16.5,13,6],"axis":"z","angle":0},"faces":{"down":{"uv":[1.25,11,4.75,12.5],"texture":"#particle"},"up":{"uv":[1.75,10.75,5,12.25],"texture":"#particle"},"north":{"uv":[2.5,11.5,4.75,12.5],"texture":"#particle"},"south":{"uv":[2.25,11,5.25,12.25],"texture":"#particle"},"west":{"uv":[0.25,0.25,15.75,10.25],"texture":"#particle"},"east":{"uv":[15.75,0.25,0.25,10.25],"texture":"#particle"}}},{"__comment":"leaf_1","from":[12.75,10.75,6],"to":[12.8125,16,12.5],"rotation":{"origin":[16.5,15,6],"axis":"z","angle":-22.5},"faces":{"down":{"uv":[1.25,11,4.75,12.5],"texture":"#particle"},"up":{"uv":[1.75,10.75,5,12.25],"texture":"#particle"},"north":{"uv":[2.5,11.5,4.75,12.5],"texture":"#particle"},"south":{"uv":[2.25,11,5.25,12.25],"texture":"#particle"},"west":{"uv":[0.25,0.25,15.75,10.25],"texture":"#particle"},"east":{"uv":[15.75,0.25,0.25,10.25],"texture":"#particle"}}},{"__comment":"leaf_1","from":[6.75,10.25,6.25],"to":[12,10.3125,12.75],"rotation":{"origin":[6.75,10.25,6.25],"axis":"z","angle":22.5},"faces":{"down":{"uv":[15.75,10.25,0.25,0.25],"texture":"#particle","rotation":90},"up":{"uv":[15.75,0.25,0.25,10.25],"texture":"#particle","rotation":270},"north":{"uv":[2.5,11.5,4.75,12.5],"texture":"#particle","rotation":90},"south":{"uv":[2.25,11,5.25,12.25],"texture":"#particle","rotation":270},"west":{"uv":[1.75,10.75,5,12.25],"texture":"#particle","rotation":270},"east":{"uv":[4.75,12.5,1.25,11],"texture":"#particle","rotation":90}}},{"__comment":"leaf_1","from":[10.4896,9.396399,6],"to":[10.5521,14.6464,12.5],"rotation":{"origin":[16.5,15,6],"axis":"z","angle":22.5},"faces":{"down":{"uv":[1.25,11,4.75,12.5],"texture":"#particle"},"up":{"uv":[1.75,10.75,5,12.25],"texture":"#particle"},"north":{"uv":[2.5,11.5,4.75,12.5],"texture":"#particle"},"south":{"uv":[2.25,11,5.25,12.25],"texture":"#particle"},"west":{"uv":[15.75,0.25,0.25,10.25],"texture":"#particle","rotation":180},"east":{"uv":[0.25,0.25,15.75,10.25],"texture":"#particle","rotation":180}}},{"__comment":"leaf_1","from":[12.4069,10.9571,6.25],"to":[17.6569,11.0196,12.75],"rotation":{"origin":[6.75,10.25,6.25],"axis":"z","angle":22.5},"faces":{"down":{"uv":[15.75,10.25,0.25,0.25],"texture":"#particle","rotation":270},"up":{"uv":[15.75,0.25,0.25,10.25],"texture":"#particle","rotation":90},"north":{"uv":[2.5,11.5,4.75,12.5],"texture":"#particle","rotation":90},"south":{"uv":[2.25,11,5.25,12.25],"texture":"#particle","rotation":270},"west":{"uv":[1.75,10.75,5,12.25],"texture":"#particle","rotation":270},"east":{"uv":[4.75,12.5,1.25,11],"texture":"#particle","rotation":90}}},{"__comment":"leaf_1","from":[10.227,14.3465,6],"to":[13.727,14.409,12.5],"rotation":{"origin":[15,16,6],"axis":"z","angle":45},"faces":{"down":{"uv":[0.25,0.25,15.75,10.25],"texture":"#particle","rotation":90},"up":{"uv":[15.75,0.25,0.25,10.25],"texture":"#particle","rotation":90},"north":{"uv":[2.75,12.5,6.75,13],"texture":"#particle"},"south":{"uv":[1.5,11.25,5.75,12.75],"texture":"#particle"},"west":{"uv":[2.25,10.75,5.75,12.25],"texture":"#particle"},"east":{"uv":[1.75,11.25,5.5,13],"texture":"#particle"}}},{"__comment":"leaf_1","from":[9.9194,13.091,6.25],"to":[9.9819,16.591,12.75],"faces":{"down":{"uv":[5.75,12.25,2.25,10.75],"texture":"#particle","rotation":90},"up":{"uv":[1.75,11.25,5.5,13],"texture":"#particle","rotation":270},"north":{"uv":[2.75,12.5,6.75,13],"texture":"#particle","rotation":90},"south":{"uv":[1.5,11.25,5.75,12.75],"texture":"#particle","rotation":270},"west":{"uv":[15.75,0.25,0.25,10.25],"texture":"#particle"},"east":{"uv":[15.75,10.25,0.25,0.25],"texture":"#particle","rotation":180}}},{"__comment":"leaf_1","from":[12.8943,7.9341,6],"to":[12.9568,11.4341,12.5],"faces":{"down":{"uv":[5.75,12.25,2.25,10.75],"texture":"#particle","rotation":90},"up":{"uv":[1.75,11.25,5.5,13],"texture":"#particle","rotation":270},"north":{"uv":[2.75,12.5,6.75,13],"texture":"#particle","rotation":90},"south":{"uv":[1.5,11.25,5.75,12.75],"texture":"#particle","rotation":270},"west":{"uv":[0.25,0.25,15.75,10.25],"texture":"#particle","rotation":180},"east":{"uv":[0.25,10.25,15.75,0.25],"texture":"#particle"}}},{"__comment":"leaf_1","from":[4.9237,17.8214,6],"to":[8.4237,17.8839,12.5],"rotation":{"origin":[15,17,6],"axis":"z","angle":45},"faces":{"down":{"uv":[15.75,0.25,0.25,10.25],"texture":"#particle","rotation":270},"up":{"uv":[0.25,0.25,15.75,10.25],"texture":"#particle","rotation":270},"north":{"uv":[2.75,12.5,6.75,13],"texture":"#particle"},"south":{"uv":[1.5,11.25,5.75,12.75],"texture":"#particle"},"west":{"uv":[2.25,10.75,5.75,12.25],"texture":"#particle"},"east":{"uv":[1.75,11.25,5.5,13],"texture":"#particle"}}},{"__comment":"leaf_1","from":[12.75,8.75,13],"to":[12.8125,12.75,14.5],"rotation":{"origin":[16.5,15,6],"axis":"z","angle":-22.5},"faces":{"down":{"uv":[1.5,11,4.75,12.75],"texture":"#particle"},"up":{"uv":[2,11,4.75,12.75],"texture":"#particle"},"north":{"uv":[1,11,4,13],"texture":"#particle"},"south":{"uv":[1.25,11.25,3.25,13.25],"texture":"#particle"},"west":{"uv":[15.75,0.25,0.25,10.25],"texture":"#particle","rotation":90},"east":{"uv":[0.25,0.25,15.75,10.25],"texture":"#particle","rotation":270}}},{"__comment":"leaf_1","from":[12.75,8.75,4],"to":[12.8125,12.75,5.5],"rotation":{"origin":[16.5,15,6],"axis":"z","angle":-22.5},"faces":{"down":{"uv":[1.5,11,4.75,12.75],"texture":"#particle"},"up":{"uv":[2,11,4.75,12.75],"texture":"#particle"},"north":{"uv":[1,11,4,13],"texture":"#particle"},"south":{"uv":[1.25,11.25,3.25,13.25],"texture":"#particle"},"west":{"uv":[15.75,0.25,0.25,10.25],"texture":"#particle","rotation":270},"east":{"uv":[0.25,0.25,15.75,10.25],"texture":"#particle","rotation":90}}},{"__comment":"leaf_2","from":[1.75,8.5,5.5],"to":[4.75,12.5,13],"rotation":{"origin":[-0.5,14.5,6],"axis":"z","angle":22.5},"faces":{"down":{"uv":[3.25,6,5.25,8.5],"texture":"#particle"},"up":{"uv":[2.75,5.25,5.25,7.75],"texture":"#particle"},"north":{"uv":[3.5,7,6.5,9],"texture":"#particle"},"south":{"uv":[3.5,6.75,5.5,8.75],"texture":"#particle"},"west":{"uv":[2.75,6,5.25,8.5],"texture":"#particle"},"east":{"uv":[3.75,7.25,6.25,9.75],"texture":"#particle"}}},{"__comment":"leaf_2","from":[2.25,8,6],"to":[4.25,13,12.5],"rotation":{"origin":[-0.5,14.5,6],"axis":"z","angle":22.5},"faces":{"down":{"uv":[3.25,6,5.25,8.5],"texture":"#particle"},"up":{"uv":[2.75,5.25,5.25,7.75],"texture":"#particle"},"north":{"uv":[3.5,7,6.5,9],"texture":"#particle"},"south":{"uv":[3.5,6.75,5.5,8.75],"texture":"#particle"},"west":{"uv":[2.75,6,5.25,8.5],"texture":"#particle"},"east":{"uv":[3.75,7.25,6.25,9.75],"texture":"#particle"}}},{"__comment":"leaf_2","from":[1.25,9,6],"to":[5.25,12,12.5],"rotation":{"origin":[-0.5,14.5,6],"axis":"z","angle":22.5},"faces":{"down":{"uv":[3.25,6,5.25,8.5],"texture":"#particle"},"up":{"uv":[2.75,5.25,5.25,7.75],"texture":"#particle"},"north":{"uv":[3.5,7,6.5,9],"texture":"#particle"},"south":{"uv":[3.5,6.75,5.5,8.75],"texture":"#particle"},"west":{"uv":[2.75,6,5.25,8.5],"texture":"#particle"},"east":{"uv":[3.75,7.25,6.25,9.75],"texture":"#particle"}}},{"__comment":"leaf_2","from":[2.25,9,5],"to":[4.25,12,13.5],"rotation":{"origin":[-0.5,14.5,6],"axis":"z","angle":22.5},"faces":{"down":{"uv":[3.25,6,5.25,8.5],"texture":"#particle"},"up":{"uv":[2.75,5.25,5.25,7.75],"texture":"#particle"},"north":{"uv":[3.5,7,6.5,9],"texture":"#particle"},"south":{"uv":[3.5,6.75,5.5,8.75],"texture":"#particle"},"west":{"uv":[2.75,6,5.25,8.5],"texture":"#particle"},"east":{"uv":[3.75,7.25,6.25,9.75],"texture":"#particle"}}},{"__comment":"leaf_2","from":[4,9.4375,6.25],"to":[9.25,9.5,12.75],"rotation":{"origin":[9.25,9.5,6.25],"axis":"z","angle":-45},"faces":{"down":{"uv":[15.75,0.25,0.25,10.25],"texture":"#particle","rotation":90},"up":{"uv":[15.75,10.25,0.25,0.25],"texture":"#particle","rotation":270},"north":{"uv":[2.5,11.5,4.75,12.5],"texture":"#particle","rotation":270},"south":{"uv":[2.25,11,5.25,12.25],"texture":"#particle","rotation":90},"west":{"uv":[1.25,11,4.75,12.5],"texture":"#particle","rotation":90},"east":{"uv":[5,12.25,1.75,10.75],"texture":"#particle","rotation":270}}},{"__comment":"leaf_2","from":[3.25,10.5,6],"to":[3.3125,15.75,12.5],"rotation":{"origin":[-0.5,14.5,6],"axis":"z","angle":22.5},"faces":{"down":{"uv":[1.25,11,4.75,12.5],"texture":"#particle"},"up":{"uv":[1.75,10.75,5,12.25],"texture":"#particle"},"north":{"uv":[2.5,11.5,4.75,12.5],"texture":"#particle"},"south":{"uv":[2.25,11,5.25,12.25],"texture":"#particle"},"west":{"uv":[0.25,0.25,15.75,10.25],"texture":"#particle"},"east":{"uv":[15.75,0.25,0.25,10.25],"texture":"#particle"}}},{"__comment":"leaf_2","from":[4.9857,12.5857,6],"to":[5.0482,17.8357,12.5],"faces":{"down":{"uv":[1.25,11,4.75,12.5],"texture":"#particle"},"up":{"uv":[1.75,10.75,5,12.25],"texture":"#particle"},"north":{"uv":[2.5,11.5,4.75,12.5],"texture":"#particle"},"south":{"uv":[2.25,11,5.25,12.25],"texture":"#particle"},"west":{"uv":[15.75,0.25,0.25,10.25],"texture":"#particle"},"east":{"uv":[0.25,0.25,15.75,10.25],"texture":"#particle"}}},{"__comment":"leaf_2","from":[-3.2301,8.4678,6],"to":[2.0199,8.5303,12.5],"rotation":{"origin":[7.5,8,6],"axis":"z","angle":-45},"faces":{"down":{"uv":[15.75,0.25,0.25,10.25],"texture":"#particle","rotation":270},"up":{"uv":[15.75,10.25,0.25,0.25],"texture":"#particle","rotation":90},"north":{"uv":[2.5,11.5,4.75,12.5],"texture":"#particle","rotation":270},"south":{"uv":[2.25,11,5.25,12.25],"texture":"#particle","rotation":90},"west":{"uv":[1.25,11,4.75,12.5],"texture":"#particle","rotation":90},"east":{"uv":[5,12.25,1.75,10.75],"texture":"#particle","rotation":270}}},{"__comment":"leaf_2","from":[5.3337,9.0732,6],"to":[5.3962,14.3232,12.5],"rotation":{"origin":[-0.5,14.5,6],"axis":"z","angle":-22.5},"faces":{"down":{"uv":[1.25,11,4.75,12.5],"texture":"#particle"},"up":{"uv":[1.75,10.75,5,12.25],"texture":"#particle"},"north":{"uv":[2.5,11.5,4.75,12.5],"texture":"#particle"},"south":{"uv":[2.25,11,5.25,12.25],"texture":"#particle"},"west":{"uv":[0.25,0.25,15.75,10.25],"texture":"#particle","rotation":180},"east":{"uv":[15.75,0.25,0.25,10.25],"texture":"#particle","rotation":180}}},{"__comment":"leaf_2","from":[5.2177,7.207,6],"to":[5.2802,10.707,12.5],"rotation":{"origin":[-1.5,6.5,6],"axis":"z","angle":45},"faces":{"down":{"uv":[5.75,12.25,2.25,10.75],"texture":"#particle","rotation":90},"up":{"uv":[1.75,11.25,5.5,13],"texture":"#particle","rotation":270},"north":{"uv":[2.75,12.5,6.75,13],"texture":"#particle","rotation":90},"south":{"uv":[1.5,11.25,5.75,12.75],"texture":"#particle","rotation":270},"west":{"uv":[0.25,0.25,15.75,10.25],"texture":"#particle"},"east":{"uv":[0.25,10.25,15.75,0.25],"texture":"#particle","rotation":180}}},{"__comment":"leaf_2","from":[2.6642,8.310699,6],"to":[2.7267,11.8107,12.5],"rotation":{"origin":[1.25,7.25,6],"axis":"z","angle":0},"faces":{"down":{"uv":[5.75,12.25,2.25,10.75],"texture":"#particle","rotation":90},"up":{"uv":[1.75,11.25,5.5,13],"texture":"#particle","rotation":270},"north":{"uv":[6.75,13,2.75,12.5],"texture":"#particle","rotation":270},"south":{"uv":[5.75,12.75,1.5,11.25],"texture":"#particle","rotation":90},"west":{"uv":[0.25,10.25,15.75,0.25],"texture":"#particle"},"east":{"uv":[0.25,0.25,15.75,10.25],"texture":"#particle","rotation":180}}},{"__comment":"leaf_2","from":[4.9449,11.5962,6.25],"to":[5.0074,15.0962,12.75],"rotation":{"origin":[9.25,10.5,6.25],"axis":"z","angle":-22.5},"faces":{"down":{"uv":[1.75,11.25,5.5,13],"texture":"#particle","rotation":90},"up":{"uv":[5.75,12.25,2.25,10.75],"texture":"#particle","rotation":270},"north":{"uv":[2.75,12.5,6.75,13],"texture":"#particle","rotation":270},"south":{"uv":[1.5,11.25,5.75,12.75],"texture":"#particle","rotation":90},"west":{"uv":[15.75,0.25,0.25,10.25],"texture":"#particle"},"east":{"uv":[15.75,10.25,0.25,0.25],"texture":"#particle","rotation":180}}},{"__comment":"leaf_2","from":[3.25,8.5,13],"to":[3.3125,12.5,14.5],"rotation":{"origin":[-0.5,14.5,6],"axis":"z","angle":22.5},"faces":{"down":{"uv":[1.5,11,4.75,12.75],"texture":"#particle"},"up":{"uv":[2,11,4.75,12.75],"texture":"#particle"},"north":{"uv":[1,11,4,13],"texture":"#particle"},"south":{"uv":[1.25,11.25,3.25,13.25],"texture":"#particle"},"west":{"uv":[15.75,0.25,0.25,10.25],"texture":"#particle","rotation":90},"east":{"uv":[0.25,0.25,15.75,10.25],"texture":"#particle","rotation":270}}},{"__comment":"leaf_2","from":[3.25,8.5,4],"to":[3.3125,12.5,5.5],"rotation":{"origin":[-0.5,14.5,6],"axis":"z","angle":22.5},"faces":{"down":{"uv":[1.5,11,4.75,12.75],"texture":"#particle"},"up":{"uv":[2,11,4.75,12.75],"texture":"#particle"},"north":{"uv":[1,11,4,13],"texture":"#particle"},"south":{"uv":[1.25,11.25,3.25,13.25],"texture":"#particle"},"west":{"uv":[15.75,0.25,0.25,10.25],"texture":"#particle","rotation":270},"east":{"uv":[0.25,0.25,15.75,10.25],"texture":"#particle","rotation":90}}},{"__comment":"nose","from":[8.5625,5.0625,-1.55],"to":[8.6875,5.6875,-0.55],"faces":{"down":{"uv":[1.5,11,4.75,12.75],"texture":"#particle"},"up":{"uv":[2,11,4.75,12.75],"texture":"#particle"},"north":{"uv":[0.25,13.75,6.5,15.75],"texture":"#particle","rotation":90},"south":{"uv":[0.5,11.25,4.5,13],"texture":"#particle","rotation":90},"west":{"uv":[2,12,4.25,13],"texture":"#particle","rotation":90},"east":{"uv":[1.5,11.25,4,12.25],"texture":"#particle","rotation":270}}},{"__comment":"nose1","from":[7.25,5.0625,-1.55],"to":[7.375,5.6875,-0.55],"faces":{"down":{"uv":[1.5,11,4.75,12.75],"texture":"#particle"},"up":{"uv":[2,11,4.75,12.75],"texture":"#particle"},"north":{"uv":[0.25,15.75,6.5,13.75],"texture":"#particle","rotation":90},"south":{"uv":[0.5,11.25,4.5,13],"texture":"#particle","rotation":90},"west":{"uv":[2,12,4.25,13],"texture":"#particle","rotation":90},"east":{"uv":[1.5,11.25,4,12.25],"texture":"#particle","rotation":270}}}],"display":{"thirdperson_righthand":{"rotation":[0,0,0],"translation":[0,0,0],"scale":[0,0,0]},"thirdperson_lefthand":{"rotation":[0,0,0],"translation":[0,0,0],"scale":[0,0,0]},"gui":{"rotation":[30,135,0],"scale":[0.8,0.8,0.8]},"ground":{"rotation":[0,0,0],"translation":[0,0,0],"scale":[0,0,0]},"fixed":{"rotation":[0,0,0],"translation":[0,0,0],"scale":[0,0,0]},"firstperson_righthand":{"rotation":[0,0,0],"translation":[0,0,0],"scale":[0,0,0]},"firstperson_lefthand":{"rotation":[0,0,0],"translation":[0,0,0],"scale":[0,0,0]},"head":{"translation":[0,-22,0],"scale":[2.6,2.6,2.6]}}}