{"__comment":"Designed by Madstonmagic with BDcraft Cubik PRO 0.96 Beta - http://bdcraft.net","textures":{"particle":"pokemon_skins/regular/torterra/leaf","texture":"pokemon_skins/regular/torterra/torterra_base","details2":"pokemon_skins/regular/torterra/details2","details":"pokemon_skins/regular/torterra/details"},"elements":[{"__comment":"Element","from":[-2.5,4.5,2],"to":[18.5,6,14],"faces":{"down":{"uv":[6.5,7,9.5,9.5],"texture":"#texture"},"up":{"uv":[7,7,9.5,9],"texture":"#texture"},"north":{"uv":[7,7,10,9.5],"texture":"#texture"},"south":{"uv":[6.5,7.5,9.5,10],"texture":"#texture"},"west":{"uv":[7.5,7.5,10,9.5],"texture":"#texture"},"east":{"uv":[7.5,7,10,9.5],"texture":"#texture"}}},{"__comment":"Element","from":[-1,1.5,3.5],"to":[17,3,12.5],"faces":{"down":{"uv":[6.5,7,9.5,9.5],"texture":"#texture"},"up":{"uv":[7,7,9.5,9],"texture":"#texture"},"north":{"uv":[7,7,10,9.5],"texture":"#texture"},"south":{"uv":[6.5,7.5,9.5,10],"texture":"#texture"},"west":{"uv":[7.5,7.5,10,9.5],"texture":"#texture"},"east":{"uv":[7.5,7,10,9.5],"texture":"#texture"}}},{"__comment":"Element","from":[-1,4.5,0.5],"to":[17,6,15.5],"faces":{"down":{"uv":[6.5,7,9.5,9.5],"texture":"#texture"},"up":{"uv":[7,7,9.5,9],"texture":"#texture"},"north":{"uv":[7,7,10,9.5],"texture":"#texture"},"south":{"uv":[6.5,7.5,9.5,10],"texture":"#texture"},"west":{"uv":[7.5,7.5,10,9.5],"texture":"#texture"},"east":{"uv":[7.5,7,10,9.5],"texture":"#texture"}}},{"__comment":"Element","from":[-1,0.255,0.5],"to":[17,4.5,2.75],"rotation":{"origin":[-1,4.5,0.5],"axis":"x","angle":-45},"faces":{"down":{"uv":[6.5,7,9.5,9.5],"texture":"#texture"},"up":{"uv":[7,7,9.5,9],"texture":"#texture"},"north":{"uv":[7,7,10,9.5],"texture":"#texture"},"south":{"uv":[6.5,7.5,9.5,10],"texture":"#texture"},"west":{"uv":[7.5,7.5,10,9.5],"texture":"#texture"},"east":{"uv":[7.5,7,10,9.5],"texture":"#texture"}}},{"__comment":"Element","from":[-1,1.845,13.91],"to":[17,6.09,16.16],"rotation":{"origin":[-1,6.09,13.91],"axis":"x","angle":45},"faces":{"down":{"uv":[6.5,7,9.5,9.5],"texture":"#texture"},"up":{"uv":[7,7,9.5,9],"texture":"#texture"},"north":{"uv":[7,7,10,9.5],"texture":"#texture"},"south":{"uv":[6.5,7.5,9.5,10],"texture":"#texture"},"west":{"uv":[7.5,7.5,10,9.5],"texture":"#texture"},"east":{"uv":[7.5,7,10,9.5],"texture":"#texture"}}},{"__comment":"Element","from":[-2.5,0.885,3.5],"to":[-1,3,12.5],"rotation":{"origin":[-2.5,3,3.5],"axis":"z","angle":45},"faces":{"down":{"uv":[6.5,7,9.5,9.5],"texture":"#texture"},"up":{"uv":[7,7,9.5,9],"texture":"#texture"},"north":{"uv":[7,7,10,9.5],"texture":"#texture"},"south":{"uv":[6.5,7.5,9.5,10],"texture":"#texture"},"west":{"uv":[7.5,7.5,10,9.5],"texture":"#texture"},"east":{"uv":[7.5,7,10,9.5],"texture":"#texture"}}},{"__comment":"Element","from":[17.4387,1.9462,3.5],"to":[18.9387,4.0612,12.5],"rotation":{"origin":[17.4387,4.06125,3.5],"axis":"z","angle":-45},"faces":{"down":{"uv":[6.5,7,9.5,9.5],"texture":"#texture"},"up":{"uv":[7,7,9.5,9],"texture":"#texture"},"north":{"uv":[7,7,10,9.5],"texture":"#texture"},"south":{"uv":[6.5,7.5,9.5,10],"texture":"#texture"},"west":{"uv":[7.5,7.5,10,9.5],"texture":"#texture"},"east":{"uv":[7.5,7,10,9.5],"texture":"#texture"}}},{"__comment":"Element","from":[-2.5,4.5,2],"to":[-0.385,6,3.5],"rotation":{"origin":[-2.5,4.5,2],"axis":"y","angle":45},"faces":{"down":{"uv":[6.5,7,9.5,9.5],"texture":"#texture"},"up":{"uv":[7,7,9.5,9],"texture":"#texture"},"north":{"uv":[7,7,10,9.5],"texture":"#texture"},"south":{"uv":[6.5,7.5,9.5,10],"texture":"#texture"},"west":{"uv":[7.5,7.5,10,9.5],"texture":"#texture"},"east":{"uv":[7.5,7,10,9.5],"texture":"#texture"}}},{"__comment":"Element","from":[17,4.5,0.5],"to":[19.115,6,2],"rotation":{"origin":[17,4.5,0.5],"axis":"y","angle":-45},"faces":{"down":{"uv":[6.5,7,9.5,9.5],"texture":"#texture"},"up":{"uv":[7,7,9.5,9],"texture":"#texture"},"north":{"uv":[7,7,10,9.5],"texture":"#texture"},"south":{"uv":[6.5,7.5,9.5,10],"texture":"#texture"},"west":{"uv":[7.5,7.5,10,9.5],"texture":"#texture"},"east":{"uv":[7.5,7,10,9.5],"texture":"#texture"}}},{"__comment":"Element","from":[-2.5,4.5,14],"to":[-1,6,16.115],"rotation":{"origin":[-2.5,4.5,14],"axis":"y","angle":45},"faces":{"down":{"uv":[6.5,7,9.5,9.5],"texture":"#texture"},"up":{"uv":[7,7,9.5,9],"texture":"#texture"},"north":{"uv":[7,7,10,9.5],"texture":"#texture"},"south":{"uv":[6.5,7.5,9.5,10],"texture":"#texture"},"west":{"uv":[7.5,7.5,10,9.5],"texture":"#texture"},"east":{"uv":[7.5,7,10,9.5],"texture":"#texture"}}},{"__comment":"Element","from":[17.4387,4.5,12.9387],"to":[18.9387,6,15.0537],"rotation":{"origin":[17.4387,4.5,12.9387],"axis":"y","angle":-45},"faces":{"down":{"uv":[6.5,7,9.5,9.5],"texture":"#texture"},"up":{"uv":[7,7,9.5,9],"texture":"#texture"},"north":{"uv":[7,7,10,9.5],"texture":"#texture"},"south":{"uv":[6.5,7.5,9.5,10],"texture":"#texture"},"west":{"uv":[7.5,7.5,10,9.5],"texture":"#texture"},"east":{"uv":[7.5,7,10,9.5],"texture":"#texture"}}},{"__comment":"Element","from":[-2.5,3,3.5],"to":[18.5,4.5,12.5],"faces":{"down":{"uv":[6.5,7,9.5,9.5],"texture":"#texture"},"up":{"uv":[7,7,9.5,9],"texture":"#texture"},"north":{"uv":[7,7,10,9.5],"texture":"#texture"},"south":{"uv":[6.5,7.5,9.5,10],"texture":"#texture"},"west":{"uv":[7.5,7.5,10,9.5],"texture":"#texture"},"east":{"uv":[7.5,7,10,9.5],"texture":"#texture"}}},{"__comment":"green","from":[-2.5,6,2],"to":[18.5,7.5,14],"faces":{"down":{"uv":[1,1.5,4,4],"texture":"#texture"},"up":{"uv":[2,2,4.5,4],"texture":"#texture"},"north":{"uv":[1.5,1.5,4.5,4],"texture":"#texture"},"south":{"uv":[1.5,0.5,4.5,3],"texture":"#texture"},"west":{"uv":[2,2,4.5,4],"texture":"#texture"},"east":{"uv":[1.5,2,4,4.5],"texture":"#texture"}}},{"__comment":"green","from":[-1,6,0.5],"to":[17,7.5,15.5],"faces":{"down":{"uv":[1,1.5,4,4],"texture":"#texture"},"up":{"uv":[2,2,4.5,4],"texture":"#texture"},"north":{"uv":[1.5,1.5,4.5,4],"texture":"#texture"},"south":{"uv":[1.5,0.5,4.5,3],"texture":"#texture"},"west":{"uv":[2,2,4.5,4],"texture":"#texture"},"east":{"uv":[1.5,2,4,4.5],"texture":"#texture"}}},{"__comment":"green","from":[-2.5,6,2],"to":[-0.385,7.5,3.5],"rotation":{"origin":[-2.5,6,2],"axis":"y","angle":45},"faces":{"down":{"uv":[1,1.5,4,4],"texture":"#texture"},"up":{"uv":[2,2,4.5,4],"texture":"#texture"},"north":{"uv":[1.5,1.5,4.5,4],"texture":"#texture"},"south":{"uv":[1.5,0.5,4.5,3],"texture":"#texture"},"west":{"uv":[2,2,4.5,4],"texture":"#texture"},"east":{"uv":[1.5,2,4,4.5],"texture":"#texture"}}},{"__comment":"green","from":[17,6,0.5],"to":[19.115,7.5,2],"rotation":{"origin":[17,6,0.5],"axis":"y","angle":-45},"faces":{"down":{"uv":[1,1.5,4,4],"texture":"#texture"},"up":{"uv":[2,2,4.5,4],"texture":"#texture"},"north":{"uv":[1.5,1.5,4.5,4],"texture":"#texture"},"south":{"uv":[1.5,0.5,4.5,3],"texture":"#texture"},"west":{"uv":[2,2,4.5,4],"texture":"#texture"},"east":{"uv":[1.5,2,4,4.5],"texture":"#texture"}}},{"__comment":"green","from":[-2.5,6,14],"to":[-1,7.5,16.115],"rotation":{"origin":[-2.5,6,14],"axis":"y","angle":45},"faces":{"down":{"uv":[1,1.5,4,4],"texture":"#texture"},"up":{"uv":[2,2,4.5,4],"texture":"#texture"},"north":{"uv":[1.5,1.5,4.5,4],"texture":"#texture"},"south":{"uv":[1.5,0.5,4.5,3],"texture":"#texture"},"west":{"uv":[2,2,4.5,4],"texture":"#texture"},"east":{"uv":[1.5,2,4,4.5],"texture":"#texture"}}},{"__comment":"green","from":[17.4387,6,12.9387],"to":[18.9387,7.5,15.0537],"rotation":{"origin":[17.4387,6,12.9387],"axis":"y","angle":-45},"faces":{"down":{"uv":[1,1.5,4,4],"texture":"#texture"},"up":{"uv":[2,2,4.5,4],"texture":"#texture"},"north":{"uv":[1.5,1.5,4.5,4],"texture":"#texture"},"south":{"uv":[1.5,0.5,4.5,3],"texture":"#texture"},"west":{"uv":[2,2,4.5,4],"texture":"#texture"},"east":{"uv":[1.5,2,4,4.5],"texture":"#texture"}}},{"__comment":"green*","from":[-1,6.75,-1],"to":[1.25,8.25,17],"faces":{"down":{"uv":[7,2,10,4.5],"texture":"#texture"},"up":{"uv":[7,2,9.5,4],"texture":"#texture"},"north":{"uv":[6.5,1.5,9.5,4],"texture":"#texture"},"south":{"uv":[7.5,2.5,10,4.5],"texture":"#texture"},"west":{"uv":[6.5,1.5,9,3.5],"texture":"#texture"},"east":{"uv":[7.5,1.5,10,4],"texture":"#texture"}}},{"__comment":"green*","from":[-4,6.75,2],"to":[20,8.25,14],"faces":{"down":{"uv":[7,2,10,4.5],"texture":"#texture"},"up":{"uv":[7,2,9.5,4],"texture":"#texture"},"north":{"uv":[6.5,1.5,9.5,4],"texture":"#texture"},"south":{"uv":[7.5,2.5,10,4.5],"texture":"#texture"},"west":{"uv":[6.5,1.5,9,3.5],"texture":"#texture"},"east":{"uv":[7.5,1.5,10,4],"texture":"#texture"}}},{"__comment":"green*","from":[-4,6.75,2],"to":[0.2449999,8.25,5],"rotation":{"origin":[-4,6.75,2],"axis":"y","angle":45},"faces":{"down":{"uv":[7,2,10,4.5],"texture":"#texture"},"up":{"uv":[7,2,9.5,4],"texture":"#texture"},"north":{"uv":[6.5,1.5,9.5,4],"texture":"#texture"},"south":{"uv":[7.5,2.5,10,4.5],"texture":"#texture"},"west":{"uv":[6.5,1.5,9,3.5],"texture":"#texture"},"east":{"uv":[7.5,1.5,10,4],"texture":"#texture"}}},{"__comment":"green*","from":[17,6.75,-1],"to":[21.245,8.25,2],"rotation":{"origin":[17,6.75,-1],"axis":"y","angle":-45},"faces":{"down":{"uv":[7,2,10,4.5],"texture":"#texture"},"up":{"uv":[7,2,9.5,4],"texture":"#texture"},"north":{"uv":[6.5,1.5,9.5,4],"texture":"#texture"},"south":{"uv":[7.5,2.5,10,4.5],"texture":"#texture"},"west":{"uv":[6.5,1.5,9,3.5],"texture":"#texture"},"east":{"uv":[7.5,1.5,10,4],"texture":"#texture"}}},{"__comment":"green*","from":[-4,6.75,14],"to":[-1.75,8.25,18.245],"rotation":{"origin":[-4,6.75,14],"axis":"y","angle":45},"faces":{"down":{"uv":[7,2,10,4.5],"texture":"#texture"},"up":{"uv":[7,2,9.5,4],"texture":"#texture"},"north":{"uv":[6.5,1.5,9.5,4],"texture":"#texture"},"south":{"uv":[7.5,2.5,10,4.5],"texture":"#texture"},"west":{"uv":[6.5,1.5,9,3.5],"texture":"#texture"},"east":{"uv":[7.5,1.5,10,4],"texture":"#texture"}}},{"__comment":"green*","from":[18.4063,6.75,12.4063],"to":[20.6563,8.25,16.6513],"rotation":{"origin":[18.4063,6.75,12.4063],"axis":"y","angle":-45},"faces":{"down":{"uv":[7,2,10,4.5],"texture":"#texture"},"up":{"uv":[7,2,9.5,4],"texture":"#texture"},"north":{"uv":[6.5,1.5,9.5,4],"texture":"#texture"},"south":{"uv":[7.5,2.5,10,4.5],"texture":"#texture"},"west":{"uv":[6.5,1.5,9,3.5],"texture":"#texture"},"east":{"uv":[7.5,1.5,10,4],"texture":"#texture"}}},{"__comment":"head","from":[-5.875,5,4],"to":[-2.125,6,11.5],"faces":{"down":{"uv":[1,1.5,4,4],"texture":"#texture"},"up":{"uv":[2,2,4.5,4],"texture":"#texture"},"north":{"uv":[1.5,1.5,4.5,4],"texture":"#texture"},"south":{"uv":[1.5,0.5,4.5,3],"texture":"#texture"},"west":{"uv":[2,2,4.5,4],"texture":"#texture"},"east":{"uv":[1.5,2,4,4.5],"texture":"#texture"}}},{"__comment":"head","from":[-7.75,5.0625,5.875],"to":[-5.10625,6,7.75],"rotation":{"origin":[-7.75,5.0625,5.875],"axis":"y","angle":45},"faces":{"down":{"uv":[1,1.5,4,4],"texture":"#texture"},"up":{"uv":[2,2,4.5,4],"texture":"#texture"},"north":{"uv":[1.5,1.5,4.5,4],"texture":"#texture"},"south":{"uv":[1.5,0.5,4.5,3],"texture":"#texture"},"west":{"uv":[2,2,4.5,4],"texture":"#texture"},"east":{"uv":[1.5,2,4,4.5],"texture":"#texture"}}},{"__comment":"head","from":[-7.75,5.0625,9.625],"to":[-5.875,6,12.2688],"rotation":{"origin":[-7.75,5.0625,9.625],"axis":"y","angle":45},"faces":{"down":{"uv":[1,1.5,4,4],"texture":"#texture"},"up":{"uv":[2,2,4.5,4],"texture":"#texture"},"north":{"uv":[1.5,1.5,4.5,4],"texture":"#texture"},"south":{"uv":[1.5,0.5,4.5,3],"texture":"#texture"},"west":{"uv":[2,2,4.5,4],"texture":"#texture"},"east":{"uv":[1.5,2,4,4.5],"texture":"#texture"}}},{"__comment":"head","from":[-7.75,2.25,5.875],"to":[-5.875,6,9.625],"faces":{"down":{"uv":[1,1.5,4,4],"texture":"#texture"},"up":{"uv":[2,2,4.5,4],"texture":"#texture"},"north":{"uv":[1.5,1.5,4.5,4],"texture":"#texture"},"south":{"uv":[1.5,0.5,4.5,3],"texture":"#texture"},"west":{"uv":[2,2,4.5,4],"texture":"#texture"},"east":{"uv":[1.5,2,4,4.5],"texture":"#texture"}}},{"__comment":"head*","from":[-4.4688,4.125,4],"to":[-0.7188001,6,11.5],"rotation":{"origin":[-4.46875,6,4],"axis":"z","angle":22.5},"faces":{"down":{"uv":[1,1.5,4,4],"texture":"#texture"},"up":{"uv":[2,2,4.5,4],"texture":"#texture"},"north":{"uv":[1.5,1.5,4.5,4],"texture":"#texture"},"south":{"uv":[1.5,0.5,4.5,3],"texture":"#texture"},"west":{"uv":[2,2,4.5,4],"texture":"#texture"},"east":{"uv":[1.5,2,4,4.5],"texture":"#texture"}}},{"__comment":"head*","from":[-7.75,4.125,5.875],"to":[-1.1875,6,9.625],"rotation":{"origin":[-7.75,6,5.875],"axis":"z","angle":22.5},"faces":{"down":{"uv":[1,1.5,4,4],"texture":"#texture"},"up":{"uv":[2,2,4.5,4],"texture":"#texture"},"north":{"uv":[1.5,1.5,4.5,4],"texture":"#texture"},"south":{"uv":[1.5,0.5,4.5,3],"texture":"#texture"},"west":{"uv":[2,2,4.5,4],"texture":"#texture"},"east":{"uv":[1.5,2,4,4.5],"texture":"#texture"}}},{"__comment":"head*","from":[-4.5,3.125,5.875],"to":[0,5,9.625],"rotation":{"origin":[-4.5,5,5.875],"axis":"z","angle":-22.5},"faces":{"down":{"uv":[1,1.5,4,4],"texture":"#texture"},"up":{"uv":[2,2,4.5,4],"texture":"#texture"},"north":{"uv":[1.5,1.5,4.5,4],"texture":"#texture"},"south":{"uv":[1.5,0.5,4.5,3],"texture":"#texture"},"west":{"uv":[2,2,4.5,4],"texture":"#texture"},"east":{"uv":[1.5,2,4,4.5],"texture":"#texture"}}},{"__comment":"nose","from":[-8.6875,2.25,6.8125],"to":[-7.75,5.0625,8.6875],"faces":{"down":{"uv":[1.25,6.5,4.25,9],"texture":"#texture"},"up":{"uv":[1.5,6.75,4,8.75],"texture":"#texture"},"north":{"uv":[1.75,7,4.75,9.5],"texture":"#texture"},"south":{"uv":[1,7.25,4,9.75],"texture":"#texture"},"west":{"uv":[1.25,7.5,3.75,9.5],"texture":"#texture"},"east":{"uv":[1.5,7.5,4,10],"texture":"#texture"}}},{"__comment":"green*","from":[-4.4688,3.6562,1.6562],"to":[-2.12505,5.06245,14.31245],"faces":{"down":{"uv":[7,2,10,4.5],"texture":"#texture"},"up":{"uv":[7,2,9.5,4],"texture":"#texture"},"north":{"uv":[6.5,1.5,9.5,4],"texture":"#texture"},"south":{"uv":[7.5,2.5,10,4.5],"texture":"#texture"},"west":{"uv":[6.5,1.5,9,3.5],"texture":"#texture"},"east":{"uv":[7.5,1.5,10,4],"texture":"#texture"}}},{"__comment":"green*","from":[-4.4688,3.6562,14.3125],"to":[-2.82818,5.06245,15.9531],"rotation":{"origin":[-4.46875,3.65625,14.3125],"axis":"y","angle":45},"faces":{"down":{"uv":[7,2,10,4.5],"texture":"#texture"},"up":{"uv":[7,2,9.5,4],"texture":"#texture"},"north":{"uv":[6.5,1.5,9.5,4],"texture":"#texture"},"south":{"uv":[7.5,2.5,10,4.5],"texture":"#texture"},"west":{"uv":[6.5,1.5,9,3.5],"texture":"#texture"},"east":{"uv":[7.5,1.5,10,4],"texture":"#texture"}}},{"__comment":"green*","from":[-4.4688,3.6562,1.6562],"to":[-2.82818,5.06245,3.29683],"rotation":{"origin":[-4.46875,3.65625,1.65625],"axis":"y","angle":45},"faces":{"down":{"uv":[7,2,10,4.5],"texture":"#texture"},"up":{"uv":[7,2,9.5,4],"texture":"#texture"},"north":{"uv":[6.5,1.5,9.5,4],"texture":"#texture"},"south":{"uv":[7.5,2.5,10,4.5],"texture":"#texture"},"west":{"uv":[6.5,1.5,9,3.5],"texture":"#texture"},"east":{"uv":[7.5,1.5,10,4],"texture":"#texture"}}},{"__comment":"head*","from":[-5.875,3.1875,4],"to":[-5.25,5.0625,11.5],"faces":{"down":{"uv":[7.25,7.5,10.25,10],"texture":"#texture"},"up":{"uv":[7,7.25,9.5,9.25],"texture":"#texture"},"north":{"uv":[7,6.75,10,9.25],"texture":"#texture"},"south":{"uv":[6.25,6.75,9.25,9.25],"texture":"#texture"},"west":{"uv":[7,7.5,9.5,9.5],"texture":"#texture"},"east":{"uv":[6.75,7.5,9.25,10],"texture":"#texture"}}},{"__comment":"head*","from":[-5.875,2.25,4],"to":[-1.6875,3.1875,11.5],"faces":{"down":{"uv":[1,1.5,4,4],"texture":"#texture"},"up":{"uv":[2,2,4.5,4],"texture":"#texture"},"north":{"uv":[1.5,1.5,4.5,4],"texture":"#texture"},"south":{"uv":[1.5,0.5,4.5,3],"texture":"#texture"},"west":{"uv":[2,2,4.5,4],"texture":"#texture"},"east":{"uv":[1.5,2,4,4.5],"texture":"#texture"}}},{"__comment":"head*","from":[-7.75,2.25,9.625],"to":[-5.875,3.1875,12.2688],"rotation":{"origin":[-7.75,2.25,9.625],"axis":"y","angle":45},"faces":{"down":{"uv":[1,1.5,4,4],"texture":"#texture"},"up":{"uv":[2,2,4.5,4],"texture":"#texture"},"north":{"uv":[1.5,1.5,4.5,4],"texture":"#texture"},"south":{"uv":[1.5,0.5,4.5,3],"texture":"#texture"},"west":{"uv":[2,2,4.5,4],"texture":"#texture"},"east":{"uv":[1.5,2,4,4.5],"texture":"#texture"}}},{"__comment":"head*","from":[-7.75,3.1875,9.625],"to":[-5.875,5.0625,12.2688],"rotation":{"origin":[-7.75,3.1875,9.625],"axis":"y","angle":45},"faces":{"down":{"uv":[7.25,7.5,10.25,10],"texture":"#texture"},"up":{"uv":[7,7.25,9.5,9.25],"texture":"#texture"},"north":{"uv":[7,6.75,10,9.25],"texture":"#texture"},"south":{"uv":[6.25,6.75,9.25,9.25],"texture":"#texture"},"west":{"uv":[7,7.5,9.5,9.5],"texture":"#texture"},"east":{"uv":[6.75,7.5,9.25,10],"texture":"#texture"}}},{"__comment":"head*","from":[-7.75,2.25,5.875],"to":[-5.10625,3.1875,7.75],"rotation":{"origin":[-7.75,2.25,5.875],"axis":"y","angle":45},"faces":{"down":{"uv":[1,1.5,4,4],"texture":"#texture"},"up":{"uv":[2,2,4.5,4],"texture":"#texture"},"north":{"uv":[1.5,1.5,4.5,4],"texture":"#texture"},"south":{"uv":[1.5,0.5,4.5,3],"texture":"#texture"},"west":{"uv":[2,2,4.5,4],"texture":"#texture"},"east":{"uv":[1.5,2,4,4.5],"texture":"#texture"}}},{"__comment":"head*","from":[-7.75,3.1875,5.875],"to":[-5.10625,5.0625,7.75],"rotation":{"origin":[-7.75,3.1875,5.875],"axis":"y","angle":45},"faces":{"down":{"uv":[7,6.75,10,9.25],"texture":"#texture"},"up":{"uv":[7,7.5,9.5,9.5],"texture":"#texture"},"north":{"uv":[7.5,7,10.5,9.5],"texture":"#texture"},"south":{"uv":[7,7,10,9.5],"texture":"#texture"},"west":{"uv":[6.75,7,9.25,9],"texture":"#texture"},"east":{"uv":[7.5,6.75,10,9.25],"texture":"#texture"}}},{"__comment":"head*","from":[-5.25,3.1875,4],"to":[-2.125,5.6875,11.5],"faces":{"down":{"uv":[1,1.5,4,4],"texture":"#texture"},"up":{"uv":[2,2,4.5,4],"texture":"#texture"},"north":{"uv":[1.5,1.5,4.5,4],"texture":"#texture"},"south":{"uv":[1.5,0.5,4.5,3],"texture":"#texture"},"west":{"uv":[2,2,4.5,4],"texture":"#texture"},"east":{"uv":[1.5,2,4,4.5],"texture":"#texture"}}},{"__comment":"leg_front","from":[1.5,2,13.75],"to":[5.25,4,17.5],"faces":{"down":{"uv":[6.5,7,9.5,9.5],"texture":"#texture"},"up":{"uv":[7,7,9.5,9],"texture":"#texture"},"north":{"uv":[7,7,10,9.5],"texture":"#texture"},"south":{"uv":[6.5,7.5,9.5,10],"texture":"#texture"},"west":{"uv":[7.5,7.5,10,9.5],"texture":"#texture"},"east":{"uv":[7.5,7,10,9.5],"texture":"#texture"}}},{"__comment":"leg_front","from":[0,-2,15],"to":[1,-0.5,16.275],"faces":{"down":{"uv":[7,2,10,4.5],"texture":"#texture"},"up":{"uv":[7,2,9.5,4],"texture":"#texture"},"north":{"uv":[6.5,1.5,9.5,4],"texture":"#texture"},"south":{"uv":[7.5,2.5,10,4.5],"texture":"#texture"},"west":{"uv":[6.5,1.5,9,3.5],"texture":"#texture"},"east":{"uv":[7.5,1.5,10,4],"texture":"#texture"}}},{"__comment":"tail","from":[15.875,3.375,5.375],"to":[20.75,6,10.625],"faces":{"down":{"uv":[6.5,7,9.5,9.5],"texture":"#texture"},"up":{"uv":[7,7,9.5,9],"texture":"#texture"},"north":{"uv":[7,7,10,9.5],"texture":"#texture"},"south":{"uv":[6.5,7.5,9.5,10],"texture":"#texture"},"west":{"uv":[7.5,7.5,10,9.5],"texture":"#texture"},"east":{"uv":[7.5,7,10,9.5],"texture":"#texture"}}},{"__comment":"tail","from":[16.25,6,5],"to":[20.75,7.5,11],"faces":{"down":{"uv":[1,1.5,4,4],"texture":"#texture"},"up":{"uv":[2,2,4.5,4],"texture":"#texture"},"north":{"uv":[1.5,1.5,4.5,4],"texture":"#texture"},"south":{"uv":[1.5,0.5,4.5,3],"texture":"#texture"},"west":{"uv":[2,2,4.5,4],"texture":"#texture"},"east":{"uv":[1.5,2,4,4.5],"texture":"#texture"}}},{"__comment":"tail","from":[19.625,3.1875,6.5],"to":[22.25,5.8125,9.5],"rotation":{"origin":[19.625,5.8125,6.5],"axis":"z","angle":22.5},"faces":{"down":{"uv":[6.5,7,9.5,9.5],"texture":"#texture"},"up":{"uv":[7,7,9.5,9],"texture":"#texture"},"north":{"uv":[7,7,10,9.5],"texture":"#texture"},"south":{"uv":[6.5,7.5,9.5,10],"texture":"#texture"},"west":{"uv":[7.5,7.5,10,9.5],"texture":"#texture"},"east":{"uv":[7.5,7,10,9.5],"texture":"#texture"}}},{"__comment":"tail","from":[19.8125,5.625,6.125],"to":[22.0625,7.125,9.875],"rotation":{"origin":[19.8125,7.125,6.125],"axis":"z","angle":22.5},"faces":{"down":{"uv":[1,1.5,4,4],"texture":"#texture"},"up":{"uv":[2,2,4.5,4],"texture":"#texture"},"north":{"uv":[1.5,1.5,4.5,4],"texture":"#texture"},"south":{"uv":[1.5,0.5,4.5,3],"texture":"#texture"},"west":{"uv":[2,2,4.5,4],"texture":"#texture"},"east":{"uv":[1.5,2,4,4.5],"texture":"#texture"}}},{"__comment":"tail","from":[24.125,4.875,7.25],"to":[26.375,9,8.75],"rotation":{"origin":[24.125,9,7.25],"axis":"z","angle":-45},"faces":{"down":{"uv":[6.5,7,9.5,9.5],"texture":"#texture"},"up":{"uv":[7,7,9.5,9],"texture":"#texture"},"north":{"uv":[7,7,10,9.5],"texture":"#texture"},"south":{"uv":[6.5,7.5,9.5,10],"texture":"#texture"},"west":{"uv":[7.5,7.5,10,9.5],"texture":"#texture"},"east":{"uv":[7.5,7,10,9.5],"texture":"#texture"}}},{"__comment":"tail","from":[23.8438,6.1875,6.875],"to":[25.7188,9.9375,9.125],"rotation":{"origin":[23.8438,9.9375,6.875],"axis":"z","angle":-45},"faces":{"down":{"uv":[1,1.5,4,4],"texture":"#texture"},"up":{"uv":[2,2,4.5,4],"texture":"#texture"},"north":{"uv":[1.5,1.5,4.5,4],"texture":"#texture"},"south":{"uv":[1.5,0.5,4.5,3],"texture":"#texture"},"west":{"uv":[2,2,4.5,4],"texture":"#texture"},"east":{"uv":[1.5,2,4,4.5],"texture":"#texture"}}},{"__comment":"eye","from":[-5.875,4.125,9.634399],"to":[-4.46875,5.0625,11.50942],"faces":{"down":{"uv":[2,4,5.5,6.25],"texture":"#particle"},"up":{"uv":[2.25,3.5,4.5,6],"texture":"#particle"},"north":{"uv":[0.5,8.25,9.5,14.5],"texture":"#particle"},"south":{"uv":[9.5,8.25,0.5,14.5],"texture":"#particle"},"west":{"uv":[2.75,4.75,5.5,7],"texture":"#particle"},"east":{"uv":[3,4.5,6,6.5],"texture":"#particle"}}},{"__comment":"eye","from":[-5.5422,4.125,9.1984],"to":[-4.13595,5.0625,11.07336],"rotation":{"origin":[-5.54219,4.125,9.19844],"axis":"y","angle":-45},"faces":{"down":{"uv":[2,4,5.5,6.25],"texture":"#particle"},"up":{"uv":[2.25,3.5,4.5,6],"texture":"#particle"},"north":{"uv":[9.5,8.25,14.75,14.5],"texture":"#particle"},"south":{"uv":[14.75,8.25,9.5,14.5],"texture":"#particle"},"west":{"uv":[2.75,4.75,5.5,7],"texture":"#particle"},"east":{"uv":[3,4.5,6,6.5],"texture":"#particle"}}},{"__comment":"eye*","from":[-5.875,4.125,3.9906],"to":[-4.46875,5.0625,5.8656],"faces":{"down":{"uv":[2,4,5.5,6.25],"texture":"#particle"},"up":{"uv":[2.25,3.5,4.5,6],"texture":"#particle"},"north":{"uv":[0.5,8.25,9.5,14.5],"texture":"#particle"},"south":{"uv":[9.5,8.25,0.5,14.5],"texture":"#particle"},"west":{"uv":[2.75,4.75,5.5,7],"texture":"#particle"},"east":{"uv":[3,4.5,6,6.5],"texture":"#particle"}}},{"__comment":"eye*","from":[-6.8641,4.125,4.9797],"to":[-5.45785,5.0625,6.8547],"rotation":{"origin":[-6.86406,4.125,4.97969],"axis":"y","angle":45},"faces":{"down":{"uv":[2,4,5.5,6.25],"texture":"#particle"},"up":{"uv":[2.25,3.5,4.5,6],"texture":"#particle"},"north":{"uv":[9.5,8.25,14.75,14.5],"texture":"#particle"},"south":{"uv":[14.75,8.25,9.5,14.5],"texture":"#particle"},"west":{"uv":[2.75,4.75,5.5,7],"texture":"#particle"},"east":{"uv":[3,4.5,6,6.5],"texture":"#particle"}}},{"__comment":"nose","from":[-8.6875,2.0156,7.75],"to":[-6.8125,2.9531,8.6875],"rotation":{"origin":[-8.6875,2.95313,7.75],"axis":"x","angle":45},"faces":{"down":{"uv":[1.25,6.5,4.25,9],"texture":"#texture"},"up":{"uv":[1.5,6.75,4,8.75],"texture":"#texture"},"north":{"uv":[1.75,7,4.75,9.5],"texture":"#texture"},"south":{"uv":[1,7.25,4,9.75],"texture":"#texture"},"west":{"uv":[1.25,7.5,3.75,9.5],"texture":"#texture"},"east":{"uv":[1.5,7.5,4,10],"texture":"#texture"}}},{"__comment":"nose","from":[-8.6875,2.7188,6.3438],"to":[-7.75,4.5938,9.1563],"faces":{"down":{"uv":[1.25,6.5,4.25,9],"texture":"#texture"},"up":{"uv":[1.5,6.75,4,8.75],"texture":"#texture"},"north":{"uv":[1.75,7,4.75,9.5],"texture":"#texture"},"south":{"uv":[1,7.25,4,9.75],"texture":"#texture"},"west":{"uv":[1.25,7.5,3.75,9.5],"texture":"#texture"},"east":{"uv":[1.5,7.5,4,10],"texture":"#texture"}}},{"__comment":"nose","from":[-8.6875,4.125,6.3438],"to":[-7.75,4.59375,7.00005],"rotation":{"origin":[-8.6875,4.59375,6.34375],"axis":"x","angle":-45},"faces":{"down":{"uv":[1.25,6.5,4.25,9],"texture":"#texture"},"up":{"uv":[1.5,6.75,4,8.75],"texture":"#texture"},"north":{"uv":[1.75,7,4.75,9.5],"texture":"#texture"},"south":{"uv":[1,7.25,4,9.75],"texture":"#texture"},"west":{"uv":[1.25,7.5,3.75,9.5],"texture":"#texture"},"east":{"uv":[1.5,7.5,4,10],"texture":"#texture"}}},{"__comment":"nose","from":[-8.6875,4.5938,8.6875],"to":[-7.75,5.06255,9.34375],"rotation":{"origin":[-8.6875,5.0625,8.6875],"axis":"x","angle":45},"faces":{"down":{"uv":[1.25,6.5,4.25,9],"texture":"#texture"},"up":{"uv":[1.5,6.75,4,8.75],"texture":"#texture"},"north":{"uv":[1.75,7,4.75,9.5],"texture":"#texture"},"south":{"uv":[1,7.25,4,9.75],"texture":"#texture"},"west":{"uv":[1.25,7.5,3.75,9.5],"texture":"#texture"},"east":{"uv":[1.5,7.5,4,10],"texture":"#texture"}}},{"__comment":"nose","from":[-8.6875,2.0625,6.3438],"to":[-7.75,2.71875,6.81255],"rotation":{"origin":[-8.6875,2.71875,6.34375],"axis":"x","angle":-45},"faces":{"down":{"uv":[1.25,6.5,4.25,9],"texture":"#texture"},"up":{"uv":[1.5,6.75,4,8.75],"texture":"#texture"},"north":{"uv":[1.75,7,4.75,9.5],"texture":"#texture"},"south":{"uv":[1,7.25,4,9.75],"texture":"#texture"},"west":{"uv":[1.25,7.5,3.75,9.5],"texture":"#texture"},"east":{"uv":[1.5,7.5,4,10],"texture":"#texture"}}},{"__comment":"nose","from":[-8.6875,2.3953,8.8234],"to":[-7.75,3.05155,9.29215],"rotation":{"origin":[-8.6875,3.05156,8.82344],"axis":"x","angle":45},"faces":{"down":{"uv":[1.25,6.5,4.25,9],"texture":"#texture"},"up":{"uv":[1.5,6.75,4,8.75],"texture":"#texture"},"north":{"uv":[1.75,7,4.75,9.5],"texture":"#texture"},"south":{"uv":[1,7.25,4,9.75],"texture":"#texture"},"west":{"uv":[1.25,7.5,3.75,9.5],"texture":"#texture"},"east":{"uv":[1.5,7.5,4,10],"texture":"#texture"}}},{"__comment":"nose*","from":[-8.5703,4.1016,6.8125],"to":[-7.28124,5.0391,8.6875],"rotation":{"origin":[-8.57031,5.03906,6.8125],"axis":"z","angle":22.5},"faces":{"down":{"uv":[1.25,6.5,4.25,9],"texture":"#texture"},"up":{"uv":[1.5,6.75,4,8.75],"texture":"#texture"},"north":{"uv":[1.75,7,4.75,9.5],"texture":"#texture"},"south":{"uv":[1,7.25,4,9.75],"texture":"#texture"},"west":{"uv":[1.25,7.5,3.75,9.5],"texture":"#texture"},"east":{"uv":[1.5,7.5,4,10],"texture":"#texture"}}},{"__comment":"Element","from":[-7.7594,3.1094,9.634399],"to":[-6.8219,4.12502,12.29692],"rotation":{"origin":[-7.75937,3.10938,9.63438],"axis":"y","angle":45},"faces":{"down":{"uv":[3,4,5,6],"texture":"#particle"},"up":{"uv":[3,4.25,4.75,6],"texture":"#particle"},"north":{"uv":[2.5,4.5,4.75,6.25],"texture":"#particle"},"south":{"uv":[3,4.75,4.25,6],"texture":"#particle"},"west":{"uv":[0.25,0.25,7,2.75],"texture":"#particle"},"east":{"uv":[0.25,2.75,7,0.25],"texture":"#particle"}}},{"__comment":"head*","from":[-5.875,3.1875,10.1031],"to":[-4,4.125,11.5094],"faces":{"down":{"uv":[1.75,4,4.75,6.5],"texture":"#particle"},"up":{"uv":[3,4.25,5.5,6.25],"texture":"#particle"},"north":{"uv":[7,0.25,3.25,2.75],"texture":"#particle"},"south":{"uv":[3.25,0.25,7,2.75],"texture":"#particle"},"west":{"uv":[3,4.25,5.5,6.25],"texture":"#particle"},"east":{"uv":[2.75,4.5,5.25,7],"texture":"#particle"}}},{"__comment":"head*","from":[-5.875,3.1875,3.9906],"to":[-4,4.125,5.39685],"faces":{"down":{"uv":[1.75,4,4.75,6.5],"texture":"#particle"},"up":{"uv":[3,4.25,5.5,6.25],"texture":"#particle"},"north":{"uv":[7,0.25,3.5,2.75],"texture":"#particle"},"south":{"uv":[3.25,0.25,7,2.75],"texture":"#particle"},"west":{"uv":[3,4.25,5.5,6.25],"texture":"#particle"},"east":{"uv":[2.75,4.5,5.25,7],"texture":"#particle"}}},{"__comment":"Element","from":[-7.75,3.1094,5.8656],"to":[-5.0875,4.12502,6.8031],"rotation":{"origin":[-7.75,3.10938,5.86562],"axis":"y","angle":45},"faces":{"down":{"uv":[3,4,5,6],"texture":"#particle"},"up":{"uv":[3,4.25,4.75,6],"texture":"#particle"},"north":{"uv":[7,0.25,0.25,2.75],"texture":"#particle"},"south":{"uv":[0.25,0.25,7,2.75],"texture":"#particle"},"west":{"uv":[1.5,4,5.75,6.5],"texture":"#particle"},"east":{"uv":[1.75,5.25,6.75,7.5],"texture":"#particle"}}},{"__comment":"head*","from":[-1,7.5,0.5],"to":[12.5,9,15.5],"faces":{"down":{"uv":[1,1.5,4,4],"texture":"#texture"},"up":{"uv":[2,2,4.5,4],"texture":"#texture"},"north":{"uv":[1.5,1.5,4.5,4],"texture":"#texture"},"south":{"uv":[1.5,0.5,4.5,3],"texture":"#texture"},"west":{"uv":[2,2,4.5,4],"texture":"#texture"},"east":{"uv":[1.5,2,4,4.5],"texture":"#texture"}}},{"__comment":"green*","from":[14.75,6.75,-1],"to":[17,8.25,17],"faces":{"down":{"uv":[7,2,10,4.5],"texture":"#texture"},"up":{"uv":[7,2,9.5,4],"texture":"#texture"},"north":{"uv":[6.5,1.5,9.5,4],"texture":"#texture"},"south":{"uv":[7.5,2.5,10,4.5],"texture":"#texture"},"west":{"uv":[6.5,1.5,9,3.5],"texture":"#texture"},"east":{"uv":[7.5,1.5,10,4],"texture":"#texture"}}},{"__comment":"green*","from":[1.25,6.75,-1],"to":[3.5,8.25,17],"rotation":{"origin":[1.25,8.25,-1],"axis":"z","angle":-22.5},"faces":{"down":{"uv":[7,2,10,4.5],"texture":"#texture"},"up":{"uv":[7,2,9.5,4],"texture":"#texture"},"north":{"uv":[6.5,1.5,9.5,4],"texture":"#texture"},"south":{"uv":[7.5,2.5,10,4.5],"texture":"#texture"},"west":{"uv":[6.5,1.5,9,3.5],"texture":"#texture"},"east":{"uv":[7.5,1.5,10,4],"texture":"#texture"}}},{"__comment":"green*","from":[2.75,6,-1],"to":[13.25,7.5,17],"faces":{"down":{"uv":[7,2,10,4.5],"texture":"#texture"},"up":{"uv":[7,2,9.5,4],"texture":"#texture"},"north":{"uv":[6.5,1.5,9.5,4],"texture":"#texture"},"south":{"uv":[7.5,2.5,10,4.5],"texture":"#texture"},"west":{"uv":[6.5,1.5,9,3.5],"texture":"#texture"},"east":{"uv":[7.5,1.5,10,4],"texture":"#texture"}}},{"__comment":"green*","from":[12.65,5.895,-1],"to":[14.9,7.395,17],"rotation":{"origin":[12.65,7.395,-1],"axis":"z","angle":22.5},"faces":{"down":{"uv":[7,2,10,4.5],"texture":"#texture"},"up":{"uv":[7,2,9.5,4],"texture":"#texture"},"north":{"uv":[6.5,1.5,9.5,4],"texture":"#texture"},"south":{"uv":[7.5,2.5,10,4.5],"texture":"#texture"},"west":{"uv":[6.5,1.5,9,3.5],"texture":"#texture"},"east":{"uv":[7.5,1.5,10,4],"texture":"#texture"}}},{"__comment":"head*","from":[-2.5,7.5,2],"to":[18.5,9,10.625],"faces":{"down":{"uv":[1,1.5,4,4],"texture":"#texture"},"up":{"uv":[2,2,4.5,4],"texture":"#texture"},"north":{"uv":[1.5,1.5,4.5,4],"texture":"#texture"},"south":{"uv":[1.5,0.5,4.5,3],"texture":"#texture"},"west":{"uv":[2,2,4.5,4],"texture":"#texture"},"east":{"uv":[1.5,2,4,4.5],"texture":"#texture"}}},{"__comment":"head*","from":[-1,9,2],"to":[17,10.5,9.125],"faces":{"down":{"uv":[1,1.5,4,4],"texture":"#texture"},"up":{"uv":[2,2,4.5,4],"texture":"#texture"},"north":{"uv":[1.5,1.5,4.5,4],"texture":"#texture"},"south":{"uv":[1.5,0.5,4.5,3],"texture":"#texture"},"west":{"uv":[2,2,4.5,4],"texture":"#texture"},"east":{"uv":[1.5,2,4,4.5],"texture":"#texture"}}},{"__comment":"TOP_side","from":[2.375,10.0313,5.3638],"to":[13.625,11.9063,10.61385],"faces":{"down":{"uv":[1,1.5,4,4],"texture":"#texture"},"up":{"uv":[2,2,4.5,4],"texture":"#texture"},"north":{"uv":[1.5,1.5,4.5,4],"texture":"#texture"},"south":{"uv":[1.5,0.5,4.5,3],"texture":"#texture"},"west":{"uv":[2,2,4.5,4],"texture":"#texture"},"east":{"uv":[1.5,2,4,4.5],"texture":"#texture"}}},{"__comment":"head*","from":[-2.5,7.5,2],"to":[-0.385,9,14],"rotation":{"origin":[-2.5,9,2],"axis":"z","angle":45},"faces":{"down":{"uv":[1,1.5,4,4],"texture":"#texture"},"up":{"uv":[2,2,4.5,4],"texture":"#texture"},"north":{"uv":[1.5,1.5,4.5,4],"texture":"#texture"},"south":{"uv":[1.5,0.5,4.5,3],"texture":"#texture"},"west":{"uv":[2,2,4.5,4],"texture":"#texture"},"east":{"uv":[1.5,2,4,4.5],"texture":"#texture"}}},{"__comment":"head*","from":[17,9,2],"to":[19.115,10.5,8.375],"rotation":{"origin":[17,10.5,2],"axis":"z","angle":-45},"faces":{"down":{"uv":[1,1.5,4,4],"texture":"#texture"},"up":{"uv":[2,2,4.5,4],"texture":"#texture"},"north":{"uv":[1.5,1.5,4.5,4],"texture":"#texture"},"south":{"uv":[1.5,0.5,4.5,3],"texture":"#texture"},"west":{"uv":[2,2,4.5,4],"texture":"#texture"},"east":{"uv":[1.5,2,4,4.5],"texture":"#texture"}}},{"__comment":"head*","from":[-2.5,7.5,2],"to":[-0.385,9,3.5],"rotation":{"origin":[-2.5,7.5,2],"axis":"y","angle":45},"faces":{"down":{"uv":[1,1.5,4,4],"texture":"#texture"},"up":{"uv":[2,2,4.5,4],"texture":"#texture"},"north":{"uv":[1.5,1.5,4.5,4],"texture":"#texture"},"south":{"uv":[1.5,0.5,4.5,3],"texture":"#texture"},"west":{"uv":[2,2,4.5,4],"texture":"#texture"},"east":{"uv":[1.5,2,4,4.5],"texture":"#texture"}}},{"__comment":"head*","from":[17,7.5,0.5],"to":[19.115,9,2],"rotation":{"origin":[17,7.5,0.5],"axis":"y","angle":-45},"faces":{"down":{"uv":[1,1.5,4,4],"texture":"#texture"},"up":{"uv":[2,2,4.5,4],"texture":"#texture"},"north":{"uv":[1.5,1.5,4.5,4],"texture":"#texture"},"south":{"uv":[1.5,0.5,4.5,3],"texture":"#texture"},"west":{"uv":[2,2,4.5,4],"texture":"#texture"},"east":{"uv":[1.5,2,4,4.5],"texture":"#texture"}}},{"__comment":"head*","from":[-2.5,7.5,14],"to":[-1,9,16.115],"rotation":{"origin":[-2.5,7.5,14],"axis":"y","angle":45},"faces":{"down":{"uv":[1,1.5,4,4],"texture":"#texture"},"up":{"uv":[2,2,4.5,4],"texture":"#texture"},"north":{"uv":[1.5,1.5,4.5,4],"texture":"#texture"},"south":{"uv":[1.5,0.5,4.5,3],"texture":"#texture"},"west":{"uv":[2,2,4.5,4],"texture":"#texture"},"east":{"uv":[1.5,2,4,4.5],"texture":"#texture"}}},{"__comment":"head*","from":[17.45,7.5,12.95],"to":[18.95,9,15.065],"rotation":{"origin":[17.45,7.5,12.95],"axis":"y","angle":-45},"faces":{"down":{"uv":[6.75,7.25,9.75,9.75],"texture":"#texture"},"up":{"uv":[6.25,7.25,8.75,9.25],"texture":"#texture"},"north":{"uv":[7,6.75,10,9.25],"texture":"#texture"},"south":{"uv":[6.25,6.75,9.25,9.25],"texture":"#texture"},"west":{"uv":[6.5,7,9,9],"texture":"#texture"},"east":{"uv":[6.5,6.75,9,9.25],"texture":"#texture"}}},{"__comment":"head*","from":[-1,7.5,0.5],"to":[17,9,2.63],"rotation":{"origin":[-1,9,0.5],"axis":"x","angle":-45},"faces":{"down":{"uv":[1,1.5,4,4],"texture":"#texture"},"up":{"uv":[2,2,4.5,4],"texture":"#texture"},"north":{"uv":[1.5,1.5,4.5,4],"texture":"#texture"},"south":{"uv":[1.5,0.5,4.5,3],"texture":"#texture"},"west":{"uv":[2,2,4.5,4],"texture":"#texture"},"east":{"uv":[1.5,2,4,4.5],"texture":"#texture"}}},{"__comment":"head*","from":[-1,9,14],"to":[10.625,10.5,16.115],"rotation":{"origin":[-1,10.5,14],"axis":"x","angle":45},"faces":{"down":{"uv":[1,1.5,4,4],"texture":"#texture"},"up":{"uv":[2,2,4.5,4],"texture":"#texture"},"north":{"uv":[1.5,1.5,4.5,4],"texture":"#texture"},"south":{"uv":[1.5,0.5,4.5,3],"texture":"#texture"},"west":{"uv":[2,2,4.5,4],"texture":"#texture"},"east":{"uv":[1.5,2,4,4.5],"texture":"#texture"}}},{"__comment":"TOP_side","from":[2.375,9,2],"to":[13.625,10.5,5.645],"rotation":{"origin":[2.375,10.5,2],"axis":"x","angle":-22.5},"faces":{"down":{"uv":[1,1.5,4,4],"texture":"#texture"},"up":{"uv":[2,2,4.5,4],"texture":"#texture"},"north":{"uv":[1.5,1.5,4.5,4],"texture":"#texture"},"south":{"uv":[1.5,0.5,4.5,3],"texture":"#texture"},"west":{"uv":[2,2,4.5,4],"texture":"#texture"},"east":{"uv":[1.5,2,4,4.5],"texture":"#texture"}}},{"__comment":"TOP_side","from":[2.375,10.395,10.625],"to":[7.25,11.895,14.27],"rotation":{"origin":[2.375,11.895,10.625],"axis":"x","angle":22.5},"faces":{"down":{"uv":[1,1.5,4,4],"texture":"#texture"},"up":{"uv":[2,2,4.5,4],"texture":"#texture"},"north":{"uv":[1.5,1.5,4.5,4],"texture":"#texture"},"south":{"uv":[1.5,0.5,4.5,3],"texture":"#texture"},"west":{"uv":[2,2,4.5,4],"texture":"#texture"},"east":{"uv":[1.5,2,4,4.5],"texture":"#texture"}}},{"__comment":"TOP*","from":[-1,9,5.375],"to":[2.645,10.5,10.625],"rotation":{"origin":[-1,10.5,5.375],"axis":"z","angle":22.5},"faces":{"down":{"uv":[1,1.5,4,4],"texture":"#texture"},"up":{"uv":[2,2,4.5,4],"texture":"#texture"},"north":{"uv":[1.5,1.5,4.5,4],"texture":"#texture"},"south":{"uv":[1.5,0.5,4.5,3],"texture":"#texture"},"west":{"uv":[2,2,4.5,4],"texture":"#texture"},"east":{"uv":[1.5,2,4,4.5],"texture":"#texture"}}},{"__comment":"TOP*","from":[13.6178,10.4063,5.375],"to":[17.2628,11.9063,8.75],"rotation":{"origin":[13.6178,11.9063,5.375],"axis":"z","angle":-22.5},"faces":{"down":{"uv":[1,1.5,4,4],"texture":"#texture"},"up":{"uv":[2,2,4.5,4],"texture":"#texture"},"north":{"uv":[1.5,1.5,4.5,4],"texture":"#texture"},"south":{"uv":[1.5,0.5,4.5,3],"texture":"#texture"},"west":{"uv":[2,2,4.5,4],"texture":"#texture"},"east":{"uv":[1.5,2,4,4.5],"texture":"#texture"}}},{"__comment":"green*","from":[-3.25,8.25,5.375],"to":[-2.5,9,10.625],"faces":{"down":{"uv":[7,2,10,4.5],"texture":"#texture"},"up":{"uv":[7,2,9.5,4],"texture":"#texture"},"north":{"uv":[6.5,1.5,9.5,4],"texture":"#texture"},"south":{"uv":[7.5,2.5,10,4.5],"texture":"#texture"},"west":{"uv":[6.5,1.5,9,3.5],"texture":"#texture"},"east":{"uv":[7.5,1.5,10,4],"texture":"#texture"}}},{"__comment":"green*","from":[18.5,8.25,5.375],"to":[19.25,9,10.625],"faces":{"down":{"uv":[7,2,10,4.5],"texture":"#texture"},"up":{"uv":[7,2,9.5,4],"texture":"#texture"},"north":{"uv":[6.5,1.5,9.5,4],"texture":"#texture"},"south":{"uv":[7.5,2.5,10,4.5],"texture":"#texture"},"west":{"uv":[6.5,1.5,9,3.5],"texture":"#texture"},"east":{"uv":[7.5,1.5,10,4],"texture":"#texture"}}},{"__comment":"green*","from":[-2.9762,7.4062,5.75],"to":[-0.1636999,8.5312,10.25],"rotation":{"origin":[-2.97625,8.53125,5.75],"axis":"z","angle":45},"faces":{"down":{"uv":[7.5,1.75,15.75,8],"texture":"#particle","rotation":90},"up":{"uv":[7.5,1.75,15.75,8],"texture":"#particle","rotation":90},"north":{"uv":[2.25,4.25,4.125,5],"texture":"#particle"},"south":{"uv":[3.5,5,5.375,5.75],"texture":"#particle"},"west":{"uv":[2.25,5,5.25,5.75],"texture":"#particle"},"east":{"uv":[2.25,6.25,5.25,7],"texture":"#particle"}}},{"__comment":"green*","from":[-4,7.5,5.375],"to":[-2.95,8.25,10.625],"rotation":{"origin":[-4,8.25,5.375],"axis":"z","angle":45},"faces":{"down":{"uv":[7,2,10,4.5],"texture":"#texture"},"up":{"uv":[7,2,9.5,4],"texture":"#texture"},"north":{"uv":[6.5,1.5,9.5,4],"texture":"#texture"},"south":{"uv":[7.5,2.5,10,4.5],"texture":"#texture"},"west":{"uv":[6.5,1.5,9,3.5],"texture":"#texture"},"east":{"uv":[7.5,1.5,10,4],"texture":"#texture"}}},{"__comment":"green*","from":[19.25,8.25,5.375],"to":[20.3,9,10.625],"rotation":{"origin":[19.25,9,5.375],"axis":"z","angle":-45},"faces":{"down":{"uv":[7,2,10,4.5],"texture":"#texture"},"up":{"uv":[7,2,9.5,4],"texture":"#texture"},"north":{"uv":[6.5,1.5,9.5,4],"texture":"#texture"},"south":{"uv":[7.5,2.5,10,4.5],"texture":"#texture"},"west":{"uv":[6.5,1.5,9,3.5],"texture":"#texture"},"east":{"uv":[7.5,1.5,10,4],"texture":"#texture"}}},{"__comment":"green*","from":[-1.0038,9.3938,5.75],"to":[-0.53505,10.51885,10.25],"rotation":{"origin":[-1.00375,10.5188,5.75],"axis":"z","angle":22.5},"faces":{"down":{"uv":[7.5,0.25,15.75,1.75],"texture":"#particle","rotation":90},"up":{"uv":[7.25,0,15.75,1.75],"texture":"#particle","rotation":90},"north":{"uv":[2.25,4.25,4.125,5],"texture":"#particle"},"south":{"uv":[3.5,5,5.375,5.75],"texture":"#particle"},"west":{"uv":[2.25,5,5.25,5.75],"texture":"#particle"},"east":{"uv":[2.25,6.25,5.25,7],"texture":"#particle"}}},{"__comment":"green*","from":[17.0075,9.375,5.75],"to":[19.82,10.5,10.25],"rotation":{"origin":[17.0075,10.5,5.75],"axis":"z","angle":-45},"faces":{"down":{"uv":[7.5,1.75,15.75,8],"texture":"#particle","rotation":270},"up":{"uv":[7.5,1.75,15.75,8],"texture":"#particle","rotation":270},"north":{"uv":[2.25,4.25,4.125,5],"texture":"#particle"},"south":{"uv":[3.5,5,5.375,5.75],"texture":"#particle"},"west":{"uv":[2.25,5,5.25,5.75],"texture":"#particle"},"east":{"uv":[2.25,6.25,5.25,7],"texture":"#particle"}}},{"__comment":"green*","from":[16.5688,9.57,5.75],"to":[17.0375,10.695,10.25],"rotation":{"origin":[16.5688,10.695,5.75],"axis":"z","angle":-22.5},"faces":{"down":{"uv":[7.5,0.25,15.75,1.75],"texture":"#particle","rotation":90},"up":{"uv":[7.25,0,15.75,1.75],"texture":"#particle","rotation":270},"north":{"uv":[2.25,4.25,4.125,5],"texture":"#particle"},"south":{"uv":[3.5,5,5.375,5.75],"texture":"#particle"},"west":{"uv":[2.25,5,5.25,5.75],"texture":"#particle"},"east":{"uv":[2.25,6.25,5.25,7],"texture":"#particle"}}},{"__comment":"spikes","from":[-0.25,10.5,1.25],"to":[4.25,12.75,2.75],"faces":{"down":{"uv":[7,2,10,4.5],"texture":"#texture"},"up":{"uv":[7,2,9.5,4],"texture":"#texture"},"north":{"uv":[6.5,1.5,9.5,4],"texture":"#texture"},"south":{"uv":[7.5,2.5,10,4.5],"texture":"#texture"},"west":{"uv":[6.5,1.5,9,3.5],"texture":"#texture"},"east":{"uv":[7.5,1.5,10,4],"texture":"#texture"}}},{"__comment":"spikes","from":[5.375,6,2.75],"to":[10.625,12.375,5],"rotation":{"origin":[5.375,12.375,2.75],"axis":"x","angle":-22.5},"faces":{"down":{"uv":[7,2,10,4.5],"texture":"#texture"},"up":{"uv":[7,2,9.5,4],"texture":"#texture"},"north":{"uv":[6.5,1.5,9.5,4],"texture":"#texture"},"south":{"uv":[7.5,2.5,10,4.5],"texture":"#texture"},"west":{"uv":[6.5,1.5,9,3.5],"texture":"#texture"},"east":{"uv":[7.5,1.5,10,4],"texture":"#texture"}}},{"__comment":"spikes","from":[-0.25,9.5625,1.25],"to":[2.9375,12.75,2.75],"rotation":{"origin":[-0.25,12.75,1.25],"axis":"z","angle":45},"faces":{"down":{"uv":[7,2,10,4.5],"texture":"#texture"},"up":{"uv":[7,2,9.5,4],"texture":"#texture"},"north":{"uv":[6.5,1.5,9.5,4],"texture":"#texture"},"south":{"uv":[7.5,2.5,10,4.5],"texture":"#texture"},"west":{"uv":[6.5,1.5,9,3.5],"texture":"#texture"},"east":{"uv":[7.5,1.5,10,4],"texture":"#texture"}}},{"__comment":"spikes","from":[5.375,11.28,2.75],"to":[9.095,15,5],"rotation":{"origin":[5.375,15,2.75],"axis":"z","angle":45},"faces":{"down":{"uv":[7,2,10,4.5],"texture":"#texture"},"up":{"uv":[7,2,9.5,4],"texture":"#texture"},"north":{"uv":[6.5,1.5,9.5,4],"texture":"#texture"},"south":{"uv":[7.5,2.5,10,4.5],"texture":"#texture"},"west":{"uv":[6.5,1.5,9,3.5],"texture":"#texture"},"east":{"uv":[7.5,1.5,10,4],"texture":"#texture"}}},{"__comment":"spikes","from":[11.75,10.5,1.25],"to":[16.25,13.125,2.75],"faces":{"down":{"uv":[7,2,10,4.5],"texture":"#texture"},"up":{"uv":[7,2,9.5,4],"texture":"#texture"},"north":{"uv":[6.5,1.5,9.5,4],"texture":"#texture"},"south":{"uv":[7.5,2.5,10,4.5],"texture":"#texture"},"west":{"uv":[6.5,1.5,9,3.5],"texture":"#texture"},"east":{"uv":[7.5,1.5,10,4],"texture":"#texture"}}},{"__comment":"spikes","from":[11.75,9.9375,1.25],"to":[14.9375,13.125,2.75],"rotation":{"origin":[11.75,13.125,1.25],"axis":"z","angle":45},"faces":{"down":{"uv":[7,2,10,4.5],"texture":"#texture"},"up":{"uv":[7,2,9.5,4],"texture":"#texture"},"north":{"uv":[6.5,1.5,9.5,4],"texture":"#texture"},"south":{"uv":[7.5,2.5,10,4.5],"texture":"#texture"},"west":{"uv":[6.5,1.5,9,3.5],"texture":"#texture"},"east":{"uv":[7.5,1.5,10,4],"texture":"#texture"}}},{"__comment":"spikes","from":[5.375,12.375,2.75],"to":[10.625,15,5],"faces":{"down":{"uv":[7,2,10,4.5],"texture":"#texture"},"up":{"uv":[7,2,9.5,4],"texture":"#texture"},"north":{"uv":[6.5,1.5,9.5,4],"texture":"#texture"},"south":{"uv":[7.5,2.5,10,4.5],"texture":"#texture"},"west":{"uv":[6.5,1.5,9,3.5],"texture":"#texture"},"east":{"uv":[7.5,1.5,10,4],"texture":"#texture"}}},{"__comment":"spikes","from":[-0.25,5.625,1.25],"to":[4.25,10.5,2.75],"rotation":{"origin":[-0.25,10.5,1.25],"axis":"x","angle":-22.5},"faces":{"down":{"uv":[7,2,10,4.5],"texture":"#texture"},"up":{"uv":[7,2,9.5,4],"texture":"#texture"},"north":{"uv":[6.5,1.5,9.5,4],"texture":"#texture"},"south":{"uv":[7.5,2.5,10,4.5],"texture":"#texture"},"west":{"uv":[6.5,1.5,9,3.5],"texture":"#texture"},"east":{"uv":[7.5,1.5,10,4],"texture":"#texture"}}},{"__comment":"spikes","from":[11.75,5.625,1.25],"to":[16.25,10.5,2.75],"rotation":{"origin":[11.75,10.5,1.25],"axis":"x","angle":-22.5},"faces":{"down":{"uv":[7,2,10,4.5],"texture":"#texture"},"up":{"uv":[7,2,9.5,4],"texture":"#texture"},"north":{"uv":[6.5,1.5,9.5,4],"texture":"#texture"},"south":{"uv":[7.5,2.5,10,4.5],"texture":"#texture"},"west":{"uv":[6.5,1.5,9,3.5],"texture":"#texture"},"east":{"uv":[7.5,1.5,10,4],"texture":"#texture"}}},{"__comment":"veg","from":[4.25,10.5,4.25],"to":[6.875,13.125,6.125],"faces":{"down":{"uv":[1,1.5,4,4],"texture":"#texture"},"up":{"uv":[2,2,4.5,4],"texture":"#texture"},"north":{"uv":[1.5,1.5,4.5,4],"texture":"#texture"},"south":{"uv":[1.5,0.5,4.5,3],"texture":"#texture"},"west":{"uv":[2,2,4.5,4],"texture":"#texture"},"east":{"uv":[1.5,2,4,4.5],"texture":"#texture"}}},{"__comment":"veg*","from":[6.5,10.875,3.875],"to":[9.125,13.5,5.75],"faces":{"down":{"uv":[1,1.5,4,4],"texture":"#texture"},"up":{"uv":[2,2,4.5,4],"texture":"#texture"},"north":{"uv":[1.5,1.5,4.5,4],"texture":"#texture"},"south":{"uv":[1.5,0.5,4.5,3],"texture":"#texture"},"west":{"uv":[2,2,4.5,4],"texture":"#texture"},"east":{"uv":[1.5,2,4,4.5],"texture":"#texture"}}},{"__comment":"veg*","from":[8.75,10.125,4.25],"to":[11.375,12.75,6.125],"faces":{"down":{"uv":[1,1.5,4,4],"texture":"#texture"},"up":{"uv":[2,2,4.5,4],"texture":"#texture"},"north":{"uv":[1.5,1.5,4.5,4],"texture":"#texture"},"south":{"uv":[1.5,0.5,4.5,3],"texture":"#texture"},"west":{"uv":[2,2,4.5,4],"texture":"#texture"},"east":{"uv":[1.5,2,4,4.5],"texture":"#texture"}}},{"__comment":"veg*","from":[10.625,10.5,3.125],"to":[11.75,13.5,5],"faces":{"down":{"uv":[1,1.5,4,4],"texture":"#texture"},"up":{"uv":[2,2,4.5,4],"texture":"#texture"},"north":{"uv":[1.5,1.5,4.5,4],"texture":"#texture"},"south":{"uv":[1.5,0.5,4.5,3],"texture":"#texture"},"west":{"uv":[2,2,4.5,4],"texture":"#texture"},"east":{"uv":[1.5,2,4,4.5],"texture":"#texture"}}},{"__comment":"veg*","from":[9.5,9.75,2],"to":[11.375,12.75,3.875],"faces":{"down":{"uv":[1,1.5,4,4],"texture":"#texture"},"up":{"uv":[2,2,4.5,4],"texture":"#texture"},"north":{"uv":[1.5,1.5,4.5,4],"texture":"#texture"},"south":{"uv":[1.5,0.5,4.5,3],"texture":"#texture"},"west":{"uv":[2,2,4.5,4],"texture":"#texture"},"east":{"uv":[1.5,2,4,4.5],"texture":"#texture"}}},{"__comment":"veg*","from":[7.625,10.5,2.375],"to":[9.5,13.5,4.25],"faces":{"down":{"uv":[1,1.5,4,4],"texture":"#texture"},"up":{"uv":[2,2,4.5,4],"texture":"#texture"},"north":{"uv":[1.5,1.5,4.5,4],"texture":"#texture"},"south":{"uv":[1.5,0.5,4.5,3],"texture":"#texture"},"west":{"uv":[2,2,4.5,4],"texture":"#texture"},"east":{"uv":[1.5,2,4,4.5],"texture":"#texture"}}},{"__comment":"veg*","from":[6.5,9.75,1.625],"to":[10.625,11.625,2.75],"faces":{"down":{"uv":[1,1.5,4,4],"texture":"#texture"},"up":{"uv":[2,2,4.5,4],"texture":"#texture"},"north":{"uv":[1.5,1.5,4.5,4],"texture":"#texture"},"south":{"uv":[1.5,0.5,4.5,3],"texture":"#texture"},"west":{"uv":[2,2,4.5,4],"texture":"#texture"},"east":{"uv":[1.5,2,4,4.5],"texture":"#texture"}}},{"__comment":"veg*","from":[5.75,9,2],"to":[7.625,12,3.875],"faces":{"down":{"uv":[1,1.5,4,4],"texture":"#texture"},"up":{"uv":[2,2,4.5,4],"texture":"#texture"},"north":{"uv":[1.5,1.5,4.5,4],"texture":"#texture"},"south":{"uv":[1.5,0.5,4.5,3],"texture":"#texture"},"west":{"uv":[2,2,4.5,4],"texture":"#texture"},"east":{"uv":[1.5,2,4,4.5],"texture":"#texture"}}},{"__comment":"veg*","from":[4.625,9.75,2.375],"to":[6.5,12.75,4.25],"faces":{"down":{"uv":[1,1.5,4,4],"texture":"#texture"},"up":{"uv":[2,2,4.5,4],"texture":"#texture"},"north":{"uv":[1.5,1.5,4.5,4],"texture":"#texture"},"south":{"uv":[1.5,0.5,4.5,3],"texture":"#texture"},"west":{"uv":[2,2,4.5,4],"texture":"#texture"},"east":{"uv":[1.5,2,4,4.5],"texture":"#texture"}}},{"__comment":"veg*","from":[-0.625,9,1.625],"to":[2,11.625,3.5],"faces":{"down":{"uv":[1,1.5,4,4],"texture":"#texture"},"up":{"uv":[2,2,4.5,4],"texture":"#texture"},"north":{"uv":[1.5,1.5,4.5,4],"texture":"#texture"},"south":{"uv":[1.5,0.5,4.5,3],"texture":"#texture"},"west":{"uv":[2,2,4.5,4],"texture":"#texture"},"east":{"uv":[1.5,2,4,4.5],"texture":"#texture"}}},{"__comment":"head*","from":[10.625,9.375,14],"to":[17,10.5,16.115],"rotation":{"origin":[10.625,10.5,14],"axis":"x","angle":45},"faces":{"down":{"uv":[6.75,7,9.75,9.5],"texture":"#texture"},"up":{"uv":[7,7.25,9.5,9.25],"texture":"#texture"},"north":{"uv":[6.5,7,9.5,9.5],"texture":"#texture"},"south":{"uv":[6.75,6.75,9.75,9.25],"texture":"#texture"},"west":{"uv":[6.75,7,9.25,9],"texture":"#texture"},"east":{"uv":[6.75,6.5,9.25,9],"texture":"#texture"}}},{"__comment":"TOP_side*","from":[7.25,10.395,10.625],"to":[13.625,11.895,14.27],"rotation":{"origin":[7.25,11.895,10.625],"axis":"x","angle":22.5},"faces":{"down":{"uv":[6.75,7.25,9.75,9.75],"texture":"#texture"},"up":{"uv":[6.25,7.25,8.75,9.25],"texture":"#texture"},"north":{"uv":[7,6.75,10,9.25],"texture":"#texture"},"south":{"uv":[6.25,6.75,9.25,9.25],"texture":"#texture"},"west":{"uv":[6.5,7,9,9],"texture":"#texture"},"east":{"uv":[6.5,6.75,9,9.25],"texture":"#texture"}}},{"__comment":"head*","from":[12.5,7.5,5],"to":[17,9,15.5],"faces":{"down":{"uv":[6.75,7.25,9.75,9.75],"texture":"#texture"},"up":{"uv":[6.25,7.25,8.75,9.25],"texture":"#texture"},"north":{"uv":[7,6.75,10,9.25],"texture":"#texture"},"south":{"uv":[6.25,6.75,9.25,9.25],"texture":"#texture"},"west":{"uv":[6.5,7,9,9],"texture":"#texture"},"east":{"uv":[6.5,6.75,9,9.25],"texture":"#texture"}}},{"__comment":"head*","from":[12.5,7.5,0.5],"to":[17,9,5],"faces":{"down":{"uv":[1,1.5,4,4],"texture":"#texture"},"up":{"uv":[2,2,4.5,4],"texture":"#texture"},"north":{"uv":[1.5,1.5,4.5,4],"texture":"#texture"},"south":{"uv":[1.5,0.5,4.5,3],"texture":"#texture"},"west":{"uv":[2,2,4.5,4],"texture":"#texture"},"east":{"uv":[1.5,2,4,4.5],"texture":"#texture"}}},{"__comment":"head*","from":[-1,9,10.625],"to":[10.625,10.5,14],"faces":{"down":{"uv":[1,1.5,4,4],"texture":"#texture"},"up":{"uv":[2,2,4.5,4],"texture":"#texture"},"north":{"uv":[1.5,1.5,4.5,4],"texture":"#texture"},"south":{"uv":[1.5,0.5,4.5,3],"texture":"#texture"},"west":{"uv":[2,2,4.5,4],"texture":"#texture"},"east":{"uv":[1.5,2,4,4.5],"texture":"#texture"}}},{"__comment":"head*","from":[10.625,9,9.125],"to":[17,10.5,14],"faces":{"down":{"uv":[6.75,7.25,9.75,9.75],"texture":"#texture"},"up":{"uv":[6.25,7.25,8.75,9.25],"texture":"#texture"},"north":{"uv":[7,6.75,10,9.25],"texture":"#texture"},"south":{"uv":[6.25,6.75,9.25,9.25],"texture":"#texture"},"west":{"uv":[6.5,7,9,9],"texture":"#texture"},"east":{"uv":[6.5,6.75,9,9.25],"texture":"#texture"}}},{"__comment":"TOP*","from":[13.6178,10.4063,8.75],"to":[17.2628,11.9063,10.625],"rotation":{"origin":[13.6178,11.9063,8.75],"axis":"z","angle":-22.5},"faces":{"down":{"uv":[6.75,7.25,9.75,9.75],"texture":"#texture"},"up":{"uv":[6.25,7.25,8.75,9.25],"texture":"#texture"},"north":{"uv":[7,6.75,10,9.25],"texture":"#texture"},"south":{"uv":[6.25,6.75,9.25,9.25],"texture":"#texture"},"west":{"uv":[6.5,7,9,9],"texture":"#texture"},"east":{"uv":[6.5,6.75,9,9.25],"texture":"#texture"}}},{"__comment":"head*","from":[17,9,8.375],"to":[19.115,10.5,14],"rotation":{"origin":[17,10.5,8.375],"axis":"z","angle":-45},"faces":{"down":{"uv":[6.75,7.25,9.75,9.75],"texture":"#texture"},"up":{"uv":[6.25,7.25,8.75,9.25],"texture":"#texture"},"north":{"uv":[7,6.75,10,9.25],"texture":"#texture"},"south":{"uv":[6.25,6.75,9.25,9.25],"texture":"#texture"},"west":{"uv":[6.5,7,9,9],"texture":"#texture"},"east":{"uv":[6.5,6.75,9,9.25],"texture":"#texture"}}},{"__comment":"head*","from":[-2.5,7.5,10.625],"to":[8,9,14],"faces":{"down":{"uv":[1,1.5,4,4],"texture":"#texture"},"up":{"uv":[2,2,4.5,4],"texture":"#texture"},"north":{"uv":[1.5,1.5,4.5,4],"texture":"#texture"},"south":{"uv":[1.5,0.5,4.5,3],"texture":"#texture"},"west":{"uv":[2,2,4.5,4],"texture":"#texture"},"east":{"uv":[1.5,2,4,4.5],"texture":"#texture"}}},{"__comment":"head*","from":[8,7.5,10.625],"to":[18.5,9,14],"faces":{"down":{"uv":[6.75,7.25,9.75,9.75],"texture":"#texture"},"up":{"uv":[6.25,7.25,8.75,9.25],"texture":"#texture"},"north":{"uv":[7,6.75,10,9.25],"texture":"#texture"},"south":{"uv":[6.25,6.75,9.25,9.25],"texture":"#texture"},"west":{"uv":[6.5,7,9,9],"texture":"#texture"},"east":{"uv":[6.5,6.75,9,9.25],"texture":"#texture"}}},{"__comment":"Element","from":[7.625,6.75,14.0075],"to":[12.5,9,15.5075],"faces":{"down":{"uv":[2,2.25,5.75,4],"texture":"#details"},"up":{"uv":[2.5,0.75,6.75,3.25],"texture":"#details"},"north":{"uv":[1,1.75,3.75,3.5],"texture":"#details"},"south":{"uv":[0.25,3.25,7,15.75],"texture":"#details","rotation":270},"west":{"uv":[3.5,2,4.5,3.25],"texture":"#details"},"east":{"uv":[2.5,4.25,3.5,5.5],"texture":"#details"}}},{"__comment":"Element","from":[4.625,9.375,14.0075],"to":[10.625,10.5,16.1375],"rotation":{"origin":[4.625,10.5,14.0075],"axis":"x","angle":45},"faces":{"down":{"uv":[2,2.25,5.75,4],"texture":"#details"},"up":{"uv":[7,3.25,11.75,15.75],"texture":"#details","rotation":270},"north":{"uv":[1,1.75,3.75,3.5],"texture":"#details"},"south":{"uv":[0.25,3.25,5.5,5.25],"texture":"#details","rotation":270},"west":{"uv":[3.5,2,4.5,3.25],"texture":"#details"},"east":{"uv":[2.5,4.25,3.5,5.5],"texture":"#details"}}},{"__comment":"Element","from":[7.25,10.41,8.75],"to":[13.625,11.91,10.625],"faces":{"down":{"uv":[11.5,3.5,13,5.5],"texture":"#details2"},"up":{"uv":[2.5,10,7.25,3.25],"texture":"#details2","rotation":180},"north":{"uv":[8.25,2.75,11.75,3.75],"texture":"#details2"},"south":{"uv":[7.5,4.5,11,5.5],"texture":"#details2"},"west":{"uv":[9.5,5,11.5,6],"texture":"#details2"},"east":{"uv":[6.1875,8,8.1875,9],"texture":"#details2"}}},{"__comment":"veg*","from":[2.75,8.25,0.875],"to":[5.375,10.875,2.75],"faces":{"down":{"uv":[1,1.5,4,4],"texture":"#texture"},"up":{"uv":[2,2,4.5,4],"texture":"#texture"},"north":{"uv":[1.5,1.5,4.5,4],"texture":"#texture"},"south":{"uv":[1.5,0.5,4.5,3],"texture":"#texture"},"west":{"uv":[2,2,4.5,4],"texture":"#texture"},"east":{"uv":[1.5,2,4,4.5],"texture":"#texture"}}},{"__comment":"veg*","from":[0.875,9,0.5],"to":[3.5,10.125,2.375],"faces":{"down":{"uv":[1,1.5,4,4],"texture":"#texture"},"up":{"uv":[2,2,4.5,4],"texture":"#texture"},"north":{"uv":[1.5,1.5,4.5,4],"texture":"#texture"},"south":{"uv":[1.5,0.5,4.5,3],"texture":"#texture"},"west":{"uv":[2,2,4.5,4],"texture":"#texture"},"east":{"uv":[1.5,2,4,4.5],"texture":"#texture"}}},{"__comment":"veg*","from":[14,9,0.875],"to":[16.625,11.25,2],"faces":{"down":{"uv":[1,1.5,4,4],"texture":"#texture"},"up":{"uv":[2,2,4.5,4],"texture":"#texture"},"north":{"uv":[1.5,1.5,4.5,4],"texture":"#texture"},"south":{"uv":[1.5,0.5,4.5,3],"texture":"#texture"},"west":{"uv":[2,2,4.5,4],"texture":"#texture"},"east":{"uv":[1.5,2,4,4.5],"texture":"#texture"}}},{"__comment":"veg*","from":[14.375,9.375,2.375],"to":[17,11.625,3.5],"faces":{"down":{"uv":[1,1.5,4,4],"texture":"#texture"},"up":{"uv":[2,2,4.5,4],"texture":"#texture"},"north":{"uv":[1.5,1.5,4.5,4],"texture":"#texture"},"south":{"uv":[1.5,0.5,4.5,3],"texture":"#texture"},"west":{"uv":[2,2,4.5,4],"texture":"#texture"},"east":{"uv":[1.5,2,4,4.5],"texture":"#texture"}}},{"__comment":"veg*","from":[12.5,10.125,2.375],"to":[15.125,12.375,3.125],"faces":{"down":{"uv":[1,1.5,4,4],"texture":"#texture"},"up":{"uv":[2,2,4.5,4],"texture":"#texture"},"north":{"uv":[1.5,1.5,4.5,4],"texture":"#texture"},"south":{"uv":[1.5,0.5,4.5,3],"texture":"#texture"},"west":{"uv":[2,2,4.5,4],"texture":"#texture"},"east":{"uv":[1.5,2,4,4.5],"texture":"#texture"}}},{"__comment":"veg*","from":[11,8.625,0.875],"to":[12.5,10.875,2.375],"faces":{"down":{"uv":[1,1.5,4,4],"texture":"#texture"},"up":{"uv":[2,2,4.5,4],"texture":"#texture"},"north":{"uv":[1.5,1.5,4.5,4],"texture":"#texture"},"south":{"uv":[1.5,0.5,4.5,3],"texture":"#texture"},"west":{"uv":[2,2,4.5,4],"texture":"#texture"},"east":{"uv":[1.5,2,4,4.5],"texture":"#texture"}}},{"__comment":"veg*","from":[12.125,9,0.5],"to":[14.375,10.5,2],"faces":{"down":{"uv":[1,1.5,4,4],"texture":"#texture"},"up":{"uv":[2,2,4.5,4],"texture":"#texture"},"north":{"uv":[1.5,1.5,4.5,4],"texture":"#texture"},"south":{"uv":[1.5,0.5,4.5,3],"texture":"#texture"},"west":{"uv":[2,2,4.5,4],"texture":"#texture"},"east":{"uv":[1.5,2,4,4.5],"texture":"#texture"}}},{"__comment":"leg*","from":[5.75,10.5,11.75],"to":[12.125,12,13.625],"rotation":{"origin":[5.75,12,11.75],"axis":"x","angle":22.5},"faces":{"down":{"uv":[11.75,6.75,14.75,9.25],"texture":"#texture"},"up":{"uv":[12,7,14.5,9],"texture":"#texture"},"north":{"uv":[11.75,6.5,14.75,9],"texture":"#texture"},"south":{"uv":[11.75,7,14.75,9.5],"texture":"#texture"},"west":{"uv":[12,6.75,14.5,8.75],"texture":"#texture"},"east":{"uv":[12,6.75,14.5,9.25],"texture":"#texture"}}},{"__comment":"leg*","from":[3.875,10.125,12.125],"to":[10.625,11.625,12.875],"rotation":{"origin":[3.875,11.625,12.125],"axis":"x","angle":22.5},"faces":{"down":{"uv":[11.75,6.75,14.75,9.25],"texture":"#texture"},"up":{"uv":[12,7,14.5,9],"texture":"#texture"},"north":{"uv":[11.75,6.5,14.75,9],"texture":"#texture"},"south":{"uv":[11.75,7,14.75,9.5],"texture":"#texture"},"west":{"uv":[12,6.75,14.5,8.75],"texture":"#texture"},"east":{"uv":[12,6.75,14.5,9.25],"texture":"#texture"}}},{"__comment":"leg*","from":[8.75,10.125,12.125],"to":[10.25,11.625,14.4688],"rotation":{"origin":[8.75,11.625,12.125],"axis":"x","angle":22.5},"faces":{"down":{"uv":[11.75,6.75,14.75,9.25],"texture":"#texture"},"up":{"uv":[12,7,14.5,9],"texture":"#texture"},"north":{"uv":[11.75,6.5,14.75,9],"texture":"#texture"},"south":{"uv":[11.75,7,14.75,9.5],"texture":"#texture"},"west":{"uv":[12,6.75,14.5,8.75],"texture":"#texture"},"east":{"uv":[12,6.75,14.5,9.25],"texture":"#texture"}}},{"__comment":"leg*","from":[8.75,9.236199,14.2813],"to":[10.25,10.73625,15.9688],"rotation":{"origin":[8.75,10.7363,14.2813],"axis":"x","angle":45},"faces":{"down":{"uv":[11.75,6.75,14.75,9.25],"texture":"#texture"},"up":{"uv":[12,7,14.5,9],"texture":"#texture"},"north":{"uv":[11.75,6.5,14.75,9],"texture":"#texture"},"south":{"uv":[11.75,7,14.75,9.5],"texture":"#texture"},"west":{"uv":[12,6.75,14.5,8.75],"texture":"#texture"},"east":{"uv":[12,6.75,14.5,9.25],"texture":"#texture"}}},{"__comment":"leg*","from":[10.25,10.875,10.625],"to":[11.75,12.375,12.5],"rotation":{"origin":[10.25,12.375,10.625],"axis":"x","angle":22.5},"faces":{"down":{"uv":[11.75,6.75,14.75,9.25],"texture":"#texture"},"up":{"uv":[12,7,14.5,9],"texture":"#texture"},"north":{"uv":[11.75,6.5,14.75,9],"texture":"#texture"},"south":{"uv":[11.75,7,14.75,9.5],"texture":"#texture"},"west":{"uv":[12,6.75,14.5,8.75],"texture":"#texture"},"east":{"uv":[12,6.75,14.5,9.25],"texture":"#texture"}}},{"__comment":"leg*","from":[10.25,10.875,8.75],"to":[11.75,12.375,10.625],"faces":{"down":{"uv":[11.75,6.75,14.75,9.25],"texture":"#texture"},"up":{"uv":[12,7,14.5,9],"texture":"#texture"},"north":{"uv":[11.75,6.5,14.75,9],"texture":"#texture"},"south":{"uv":[11.75,7,14.75,9.5],"texture":"#texture"},"west":{"uv":[12,6.75,14.5,8.75],"texture":"#texture"},"east":{"uv":[12,6.75,14.5,9.25],"texture":"#texture"}}},{"__comment":"leg*","from":[10.625,10.3125,7.3438],"to":[11.375,11.8125,8.8438],"rotation":{"origin":[10.625,11.8125,7.34375],"axis":"x","angle":-22.5},"faces":{"down":{"uv":[11.75,6.75,14.75,9.25],"texture":"#texture"},"up":{"uv":[12,7,14.5,9],"texture":"#texture"},"north":{"uv":[11.75,6.5,14.75,9],"texture":"#texture"},"south":{"uv":[11.75,7,14.75,9.5],"texture":"#texture"},"west":{"uv":[12,6.75,14.5,8.75],"texture":"#texture"},"east":{"uv":[12,6.75,14.5,9.25],"texture":"#texture"}}},{"__comment":"leg*","from":[9.125,8.3438,14.8438],"to":[9.875,9.8438,15.9688],"rotation":{"origin":[9.125,9.84375,14.8438],"axis":"x","angle":22.5},"faces":{"down":{"uv":[11.75,6.75,14.75,9.25],"texture":"#texture"},"up":{"uv":[12,7,14.5,9],"texture":"#texture"},"north":{"uv":[11.75,6.5,14.75,9],"texture":"#texture"},"south":{"uv":[11.75,7,14.75,9.5],"texture":"#texture"},"west":{"uv":[12,6.75,14.5,8.75],"texture":"#texture"},"east":{"uv":[12,6.75,14.5,9.25],"texture":"#texture"}}},{"__comment":"leg*","from":[6.875,11.625,12.125],"to":[11.375,12.375,13.625],"rotation":{"origin":[6.875,12.375,12.125],"axis":"x","angle":22.5},"faces":{"down":{"uv":[11.75,6.75,14.75,9.25],"texture":"#texture"},"up":{"uv":[12,7,14.5,9],"texture":"#texture"},"north":{"uv":[11.75,6.5,14.75,9],"texture":"#texture"},"south":{"uv":[11.75,7,14.75,9.5],"texture":"#texture"},"west":{"uv":[12,6.75,14.5,8.75],"texture":"#texture"},"east":{"uv":[12,6.75,14.5,9.25],"texture":"#texture"}}},{"__comment":"leg*","from":[8.75,10.875,12.125],"to":[10.625,14.625,13.25],"faces":{"down":{"uv":[11.75,6.75,14.75,9.25],"texture":"#texture"},"up":{"uv":[12,7,14.5,9],"texture":"#texture"},"north":{"uv":[11.75,6.5,14.75,9],"texture":"#texture"},"south":{"uv":[11.75,7,14.75,9.5],"texture":"#texture"},"west":{"uv":[12,6.75,14.5,8.75],"texture":"#texture"},"east":{"uv":[12,6.75,14.5,9.25],"texture":"#texture"}}},{"__comment":"leg*","from":[7.5312,10.5,12.125],"to":[9.4062,11.625,13.25],"rotation":{"origin":[7.53125,11.625,12.125],"axis":"z","angle":45},"faces":{"down":{"uv":[11.75,6.75,14.75,9.25],"texture":"#texture"},"up":{"uv":[12,7,14.5,9],"texture":"#texture"},"north":{"uv":[11.75,6.5,14.75,9],"texture":"#texture"},"south":{"uv":[11.75,7,14.75,9.5],"texture":"#texture"},"west":{"uv":[12,6.75,14.5,8.75],"texture":"#texture"},"east":{"uv":[12,6.75,14.5,9.25],"texture":"#texture"}}},{"__comment":"leg*","from":[8.75,14.25,12.125],"to":[10.625,15.375,13.25],"rotation":{"origin":[8.75,15.375,12.125],"axis":"z","angle":-45},"faces":{"down":{"uv":[11.75,6.75,14.75,9.25],"texture":"#texture"},"up":{"uv":[12,7,14.5,9],"texture":"#texture"},"north":{"uv":[11.75,6.5,14.75,9],"texture":"#texture"},"south":{"uv":[11.75,7,14.75,9.5],"texture":"#texture"},"west":{"uv":[12,6.75,14.5,8.75],"texture":"#texture"},"east":{"uv":[12,6.75,14.5,9.25],"texture":"#texture"}}},{"__comment":"leg*","from":[5,14.625,11.375],"to":[10.25,15.75,13.625],"faces":{"down":{"uv":[11.75,6.75,14.75,9.25],"texture":"#texture"},"up":{"uv":[12,7,14.5,9],"texture":"#texture"},"north":{"uv":[11.75,6.5,14.75,9],"texture":"#texture"},"south":{"uv":[11.75,7,14.75,9.5],"texture":"#texture"},"west":{"uv":[12,6.75,14.5,8.75],"texture":"#texture"},"east":{"uv":[12,6.75,14.5,9.25],"texture":"#texture"}}},{"__comment":"leg*","from":[3.6875,14.0625,11.375],"to":[4.8125,15.9375,13.625],"rotation":{"origin":[3.6875,15.9375,11.375],"axis":"z","angle":45},"faces":{"down":{"uv":[11.75,6.75,14.75,9.25],"texture":"#texture"},"up":{"uv":[12,7,14.5,9],"texture":"#texture"},"north":{"uv":[11.75,6.5,14.75,9],"texture":"#texture"},"south":{"uv":[11.75,7,14.75,9.5],"texture":"#texture"},"west":{"uv":[12,6.75,14.5,8.75],"texture":"#texture"},"east":{"uv":[12,6.75,14.5,9.25],"texture":"#texture"}}},{"__comment":"leg*","from":[8.75,13.875,12.125],"to":[11.75,15.375,13.25],"rotation":{"origin":[8.75,15.375,12.125],"axis":"z","angle":22.5},"faces":{"down":{"uv":[11.75,6.75,14.75,9.25],"texture":"#texture"},"up":{"uv":[12,7,14.5,9],"texture":"#texture"},"north":{"uv":[11.75,6.5,14.75,9],"texture":"#texture"},"south":{"uv":[11.75,7,14.75,9.5],"texture":"#texture"},"west":{"uv":[12,6.75,14.5,8.75],"texture":"#texture"},"east":{"uv":[12,6.75,14.5,9.25],"texture":"#texture"}}},{"__comment":"leg*","from":[10.625,14.625,12.5],"to":[12.875,15.75,12.875],"rotation":{"origin":[10.625,15.75,12.5],"axis":"z","angle":45},"faces":{"down":{"uv":[11.75,6.75,14.75,9.25],"texture":"#texture"},"up":{"uv":[12,7,14.5,9],"texture":"#texture"},"north":{"uv":[11.75,6.5,14.75,9],"texture":"#texture"},"south":{"uv":[11.75,7,14.75,9.5],"texture":"#texture"},"west":{"uv":[12,6.75,14.5,8.75],"texture":"#texture"},"east":{"uv":[12,6.75,14.5,9.25],"texture":"#texture"}}},{"__comment":"leg*","from":[4.625,15.375,11.75],"to":[8,16.125,13.25],"faces":{"down":{"uv":[11.75,6.75,14.75,9.25],"texture":"#texture"},"up":{"uv":[12,7,14.5,9],"texture":"#texture"},"north":{"uv":[11.75,6.5,14.75,9],"texture":"#texture"},"south":{"uv":[11.75,7,14.75,9.5],"texture":"#texture"},"west":{"uv":[12,6.75,14.5,8.75],"texture":"#texture"},"east":{"uv":[12,6.75,14.5,9.25],"texture":"#texture"}}},{"__comment":"leg*","from":[8,15.375,11.75],"to":[10.25,16.125,13.25],"rotation":{"origin":[8,16.125,11.75],"axis":"z","angle":-22.5},"faces":{"down":{"uv":[11.75,6.75,14.75,9.25],"texture":"#texture"},"up":{"uv":[12,7,14.5,9],"texture":"#texture"},"north":{"uv":[11.75,6.5,14.75,9],"texture":"#texture"},"south":{"uv":[11.75,7,14.75,9.5],"texture":"#texture"},"west":{"uv":[12,6.75,14.5,8.75],"texture":"#texture"},"east":{"uv":[12,6.75,14.5,9.25],"texture":"#texture"}}},{"__comment":"leaf","from":[0.0312,16.2188,9.781199],"to":[4.7187,20.9063,14.93745],"faces":{"down":{"uv":[12.5,1.25,14.25,3.25],"texture":"#texture"},"up":{"uv":[12.25,1.75,14.75,3.75],"texture":"#texture"},"north":{"uv":[13.5,1.5,15.5,3.5],"texture":"#texture"},"south":{"uv":[12,2.25,14.25,4.25],"texture":"#texture"},"west":{"uv":[12.5,1.75,15,3.75],"texture":"#texture"},"east":{"uv":[11.75,1.25,13.5,3.25],"texture":"#texture"}}},{"__comment":"leaf","from":[3.7812,17.1563,9.3125],"to":[9.87495,19.9688,12.5938],"faces":{"down":{"uv":[12.5,1.25,14.25,3.25],"texture":"#texture"},"up":{"uv":[12.25,1.75,14.75,3.75],"texture":"#texture"},"north":{"uv":[13.5,1.5,15.5,3.5],"texture":"#texture"},"south":{"uv":[12,2.25,14.25,4.25],"texture":"#texture"},"west":{"uv":[12.5,1.75,15,3.75],"texture":"#texture"},"east":{"uv":[11.75,1.25,13.5,3.25],"texture":"#texture"}}},{"__comment":"leaf","from":[6.5938,17.625,11.1875],"to":[12.68755,20.4375,14.4688],"faces":{"down":{"uv":[12.5,1.25,14.25,3.25],"texture":"#texture"},"up":{"uv":[12.25,1.75,14.75,3.75],"texture":"#texture"},"north":{"uv":[13.5,1.5,15.5,3.5],"texture":"#texture"},"south":{"uv":[12,2.25,14.25,4.25],"texture":"#texture"},"west":{"uv":[12.5,1.75,15,3.75],"texture":"#texture"},"east":{"uv":[11.75,1.25,13.5,3.25],"texture":"#texture"}}},{"__comment":"leaf","from":[9.875,16.6875,8.8438],"to":[15.9688,19.9688,12.12505],"faces":{"down":{"uv":[12.5,1.25,14.25,3.25],"texture":"#texture"},"up":{"uv":[12.25,1.75,14.75,3.75],"texture":"#texture"},"north":{"uv":[13.5,1.5,15.5,3.5],"texture":"#texture"},"south":{"uv":[12,2.25,14.25,4.25],"texture":"#texture"},"west":{"uv":[12.5,1.75,15,3.75],"texture":"#texture"},"east":{"uv":[11.75,1.25,13.5,3.25],"texture":"#texture"}}},{"__comment":"leaf","from":[2.8438,19.5,10.25],"to":[12.21885,22.3125,13.5313],"faces":{"down":{"uv":[12.5,1.25,14.25,3.25],"texture":"#texture"},"up":{"uv":[12.25,1.75,14.75,3.75],"texture":"#texture"},"north":{"uv":[13.5,1.5,15.5,3.5],"texture":"#texture"},"south":{"uv":[12,2.25,14.25,4.25],"texture":"#texture"},"west":{"uv":[12.5,1.75,15,3.75],"texture":"#texture"},"east":{"uv":[11.75,1.25,13.5,3.25],"texture":"#texture"}}},{"__comment":"leaf","from":[8.4688,15.75,14],"to":[14.56255,18.5625,17.2813],"faces":{"down":{"uv":[12.5,1.25,14.25,3.25],"texture":"#texture"},"up":{"uv":[12.25,1.75,14.75,3.75],"texture":"#texture"},"north":{"uv":[13.5,1.5,15.5,3.5],"texture":"#texture"},"south":{"uv":[12,2.25,14.25,4.25],"texture":"#texture"},"west":{"uv":[12.5,1.75,15,3.75],"texture":"#texture"},"east":{"uv":[11.75,1.25,13.5,3.25],"texture":"#texture"}}},{"__comment":"leaf","from":[12.2188,16.2813,11.6563],"to":[16.4688,19.0313,14.4688],"faces":{"down":{"uv":[12.5,1.25,14.25,3.25],"texture":"#texture"},"up":{"uv":[12.25,1.75,14.75,3.75],"texture":"#texture"},"north":{"uv":[13.5,1.5,15.5,3.5],"texture":"#texture"},"south":{"uv":[12,2.25,14.25,4.25],"texture":"#texture"},"west":{"uv":[12.5,1.75,15,3.75],"texture":"#texture"},"east":{"uv":[11.75,1.25,13.5,3.25],"texture":"#texture"}}},{"__comment":"leaf","from":[-1.375,17.1563,10.7188],"to":[2.84375,19.9688,14],"faces":{"down":{"uv":[12.5,1.25,14.25,3.25],"texture":"#texture"},"up":{"uv":[12.25,1.75,14.75,3.75],"texture":"#texture"},"north":{"uv":[13.5,1.5,15.5,3.5],"texture":"#texture"},"south":{"uv":[12,2.25,14.25,4.25],"texture":"#texture"},"west":{"uv":[12.5,1.75,15,3.75],"texture":"#texture"},"east":{"uv":[11.75,1.25,13.5,3.25],"texture":"#texture"}}},{"__comment":"leaf","from":[5.1875,17.625,7.4375],"to":[14.5625,19.0313,10.7188],"faces":{"down":{"uv":[12.5,1.25,14.25,3.25],"texture":"#texture"},"up":{"uv":[12.25,1.75,14.75,3.75],"texture":"#texture"},"north":{"uv":[13.5,1.5,15.5,3.5],"texture":"#texture"},"south":{"uv":[12,2.25,14.25,4.25],"texture":"#texture"},"west":{"uv":[12.5,1.75,15,3.75],"texture":"#texture"},"east":{"uv":[11.75,1.25,13.5,3.25],"texture":"#texture"}}},{"__comment":"leaf","from":[3.7812,16.2188,9.781199],"to":[9.87495,17.625,10.71875],"faces":{"down":{"uv":[12.5,1.25,14.25,3.25],"texture":"#texture"},"up":{"uv":[12.25,1.75,14.75,3.75],"texture":"#texture"},"north":{"uv":[13.5,1.5,15.5,3.5],"texture":"#texture"},"south":{"uv":[12,2.25,14.25,4.25],"texture":"#texture"},"west":{"uv":[12.5,1.75,15,3.75],"texture":"#texture"},"east":{"uv":[11.75,1.25,13.5,3.25],"texture":"#texture"}}},{"__comment":"leaf","from":[10.3438,15.75,9.781199],"to":[14.5625,17.1563,11.18745],"faces":{"down":{"uv":[12.5,1.25,14.25,3.25],"texture":"#texture"},"up":{"uv":[12.25,1.75,14.75,3.75],"texture":"#texture"},"north":{"uv":[13.5,1.5,15.5,3.5],"texture":"#texture"},"south":{"uv":[12,2.25,14.25,4.25],"texture":"#texture"},"west":{"uv":[12.5,1.75,15,3.75],"texture":"#texture"},"east":{"uv":[11.75,1.25,13.5,3.25],"texture":"#texture"}}},{"__comment":"leaf*","from":[6.875,19.125,9.125],"to":[14.375,21,11.375],"faces":{"down":{"uv":[12.5,1.25,14.25,3.25],"texture":"#texture"},"up":{"uv":[12.25,1.75,14.75,3.75],"texture":"#texture"},"north":{"uv":[13.5,1.5,15.5,3.5],"texture":"#texture"},"south":{"uv":[12,2.25,14.25,4.25],"texture":"#texture"},"west":{"uv":[12.5,1.75,15,3.75],"texture":"#texture"},"east":{"uv":[11.75,1.25,13.5,3.25],"texture":"#texture"}}},{"__comment":"leaf*","from":[9.875,18,14],"to":[13.625,19.875,16.25],"faces":{"down":{"uv":[12.5,1.25,14.25,3.25],"texture":"#texture"},"up":{"uv":[12.25,1.75,14.75,3.75],"texture":"#texture"},"north":{"uv":[13.5,1.5,15.5,3.5],"texture":"#texture"},"south":{"uv":[12,2.25,14.25,4.25],"texture":"#texture"},"west":{"uv":[12.5,1.75,15,3.75],"texture":"#texture"},"east":{"uv":[11.75,1.25,13.5,3.25],"texture":"#texture"}}},{"__comment":"leaf*","from":[3.125,17.625,13.25],"to":[8.75,19.5,15.875],"faces":{"down":{"uv":[12.5,1.25,14.25,3.25],"texture":"#texture"},"up":{"uv":[12.25,1.75,14.75,3.75],"texture":"#texture"},"north":{"uv":[13.5,1.5,15.5,3.5],"texture":"#texture"},"south":{"uv":[12,2.25,14.25,4.25],"texture":"#texture"},"west":{"uv":[12.5,1.75,15,3.75],"texture":"#texture"},"east":{"uv":[11.75,1.25,13.5,3.25],"texture":"#texture"}}},{"__comment":"leaf*","from":[1.625,15.375,10.7188],"to":[4.625,17.625,14],"faces":{"down":{"uv":[12.5,1.25,14.25,3.25],"texture":"#texture"},"up":{"uv":[12.25,1.75,14.75,3.75],"texture":"#texture"},"north":{"uv":[13.5,1.5,15.5,3.5],"texture":"#texture"},"south":{"uv":[12,2.25,14.25,4.25],"texture":"#texture"},"west":{"uv":[12.5,1.75,15,3.75],"texture":"#texture"},"east":{"uv":[11.75,1.25,13.5,3.25],"texture":"#texture"}}},{"__comment":"leaf*","from":[1.625,18,8],"to":[6.125,20.25,11.375],"faces":{"down":{"uv":[12.5,1.25,14.25,3.25],"texture":"#texture"},"up":{"uv":[12.25,1.75,14.75,3.75],"texture":"#texture"},"north":{"uv":[13.5,1.5,15.5,3.5],"texture":"#texture"},"south":{"uv":[12,2.25,14.25,4.25],"texture":"#texture"},"west":{"uv":[12.5,1.75,15,3.75],"texture":"#texture"},"east":{"uv":[11.75,1.25,13.5,3.25],"texture":"#texture"}}},{"__comment":"leg_front","from":[1.5,4,15.5],"to":[5.25,6,18.33],"rotation":{"origin":[1.5,6,15.5],"axis":"x","angle":45},"faces":{"down":{"uv":[6.5,7,9.5,9.5],"texture":"#texture"},"up":{"uv":[7,7,9.5,9],"texture":"#texture"},"north":{"uv":[7,7,10,9.5],"texture":"#texture"},"south":{"uv":[6.5,7.5,9.5,10],"texture":"#texture"},"west":{"uv":[7.5,7.5,10,9.5],"texture":"#texture"},"east":{"uv":[7.5,7,10,9.5],"texture":"#texture"}}},{"__comment":"leg_front","from":[1.5,0.75,13.75],"to":[5.25,2.75,17.5],"rotation":{"origin":[1.5,2.75,13.75],"axis":"z","angle":-22.5},"faces":{"down":{"uv":[6.5,7,9.5,9.5],"texture":"#texture"},"up":{"uv":[7,7,9.5,9],"texture":"#texture"},"north":{"uv":[7,7,10,9.5],"texture":"#texture"},"south":{"uv":[6.5,7.5,9.5,10],"texture":"#texture"},"west":{"uv":[7.5,7.5,10,9.5],"texture":"#texture"},"east":{"uv":[7.5,7,10,9.5],"texture":"#texture"}}},{"__comment":"leg_front","from":[0.75,-2,13.75],"to":[4.5,0.9375,17.5],"faces":{"down":{"uv":[6.5,7,9.5,9.5],"texture":"#texture"},"up":{"uv":[7,7,9.5,9],"texture":"#texture"},"north":{"uv":[7,7,10,9.5],"texture":"#texture"},"south":{"uv":[6.5,7.5,9.5,10],"texture":"#texture"},"west":{"uv":[7.5,7.5,10,9.5],"texture":"#texture"},"east":{"uv":[7.5,7,10,9.5],"texture":"#texture"}}},{"__comment":"leg_front","from":[3.1725,1.875,13.75],"to":[5.4225,2.875,17.5],"rotation":{"origin":[3.1725,2.875,13.75],"axis":"z","angle":-22.5},"faces":{"down":{"uv":[6.5,7,9.5,9.5],"texture":"#texture"},"up":{"uv":[7,7,9.5,9],"texture":"#texture"},"north":{"uv":[7,7,10,9.5],"texture":"#texture"},"south":{"uv":[6.5,7.5,9.5,10],"texture":"#texture"},"west":{"uv":[7.5,7.5,10,9.5],"texture":"#texture"},"east":{"uv":[7.5,7,10,9.5],"texture":"#texture"}}},{"__comment":"leg_front","from":[0,-1.5,15],"to":[1.25,-0.5,16.275],"rotation":{"origin":[0,-0.5,15],"axis":"z","angle":45},"faces":{"down":{"uv":[7,2,10,4.5],"texture":"#texture"},"up":{"uv":[7,2,9.5,4],"texture":"#texture"},"north":{"uv":[6.5,1.5,9.5,4],"texture":"#texture"},"south":{"uv":[7.5,2.5,10,4.5],"texture":"#texture"},"west":{"uv":[6.5,1.5,9,3.5],"texture":"#texture"},"east":{"uv":[7.5,1.5,10,4],"texture":"#texture"}}},{"__comment":"leg_front","from":[0.25,-2,16.75],"to":[1.25,-1,17.75],"faces":{"down":{"uv":[7,2,10,4.5],"texture":"#texture"},"up":{"uv":[7,2,9.5,4],"texture":"#texture"},"north":{"uv":[6.5,1.5,9.5,4],"texture":"#texture"},"south":{"uv":[7.5,2.5,10,4.5],"texture":"#texture"},"west":{"uv":[6.5,1.5,9,3.5],"texture":"#texture"},"east":{"uv":[7.5,1.5,10,4],"texture":"#texture"}}},{"__comment":"leg_front","from":[0.25,-2,13.5],"to":[1.25,-1,14.5],"faces":{"down":{"uv":[7,2,10,4.5],"texture":"#texture"},"up":{"uv":[7,2,9.5,4],"texture":"#texture"},"north":{"uv":[6.5,1.5,9.5,4],"texture":"#texture"},"south":{"uv":[7.5,2.5,10,4.5],"texture":"#texture"},"west":{"uv":[6.5,1.5,9,3.5],"texture":"#texture"},"east":{"uv":[7.5,1.5,10,4],"texture":"#texture"}}},{"__comment":"leg_front","from":[0.25,-1.705,16.75],"to":[0.955,-0.9999999,17.75],"rotation":{"origin":[0.25,-1,16.75],"axis":"z","angle":45},"faces":{"down":{"uv":[7,2,10,4.5],"texture":"#texture"},"up":{"uv":[7,2,9.5,4],"texture":"#texture"},"north":{"uv":[6.5,1.5,9.5,4],"texture":"#texture"},"south":{"uv":[7.5,2.5,10,4.5],"texture":"#texture"},"west":{"uv":[6.5,1.5,9,3.5],"texture":"#texture"},"east":{"uv":[7.5,1.5,10,4],"texture":"#texture"}}},{"__comment":"leg_front","from":[0.25,-1.705,13.5],"to":[0.955,-0.9999999,14.5],"rotation":{"origin":[0.25,-1,13.5],"axis":"z","angle":45},"faces":{"down":{"uv":[7,2,10,4.5],"texture":"#texture"},"up":{"uv":[7,2,9.5,4],"texture":"#texture"},"north":{"uv":[6.5,1.5,9.5,4],"texture":"#texture"},"south":{"uv":[7.5,2.5,10,4.5],"texture":"#texture"},"west":{"uv":[6.5,1.5,9,3.5],"texture":"#texture"},"east":{"uv":[7.5,1.5,10,4],"texture":"#texture"}}},{"__comment":"leg_front","from":[4,-2,14.5],"to":[5,-0.5,15.75],"faces":{"down":{"uv":[7,2,10,4.5],"texture":"#texture"},"up":{"uv":[7,2,9.5,4],"texture":"#texture"},"north":{"uv":[6.5,1.5,9.5,4],"texture":"#texture"},"south":{"uv":[7.5,2.5,10,4.5],"texture":"#texture"},"west":{"uv":[6.5,1.5,9,3.5],"texture":"#texture"},"east":{"uv":[7.5,1.5,10,4],"texture":"#texture"}}},{"__comment":"leg_front","from":[4.5,-0.705,14.5],"to":[5.205,0,15.75],"rotation":{"origin":[4.5,0,14.5],"axis":"z","angle":-45},"faces":{"down":{"uv":[7,2,10,4.5],"texture":"#texture"},"up":{"uv":[7,2,9.5,4],"texture":"#texture"},"north":{"uv":[6.5,1.5,9.5,4],"texture":"#texture"},"south":{"uv":[7.5,2.5,10,4.5],"texture":"#texture"},"west":{"uv":[6.5,1.5,9,3.5],"texture":"#texture"},"east":{"uv":[7.5,1.5,10,4],"texture":"#texture"}}},{"__comment":"leg_front","from":[1.7075,1.1875,15],"to":[2.9575,3.6875,16.5],"rotation":{"origin":[1.7075,3.6875,15],"axis":"z","angle":-22.5},"faces":{"down":{"uv":[6.5,7,9.5,9.5],"texture":"#texture"},"up":{"uv":[7,7,9.5,9],"texture":"#texture"},"north":{"uv":[7,7,10,9.5],"texture":"#texture"},"south":{"uv":[6.5,7.5,9.5,10],"texture":"#texture"},"west":{"uv":[7.5,7.5,10,9.5],"texture":"#texture"},"east":{"uv":[7.5,7,10,9.5],"texture":"#texture"}}},{"__comment":"leg_front","from":[0.75,-1.125,15],"to":[2,1.375,16.5],"rotation":{"origin":[0.75,1.375,15],"axis":"z","angle":22.5},"faces":{"down":{"uv":[6.5,7,9.5,9.5],"texture":"#texture"},"up":{"uv":[7,7,9.5,9],"texture":"#texture"},"north":{"uv":[7,7,10,9.5],"texture":"#texture"},"south":{"uv":[6.5,7.5,9.5,10],"texture":"#texture"},"west":{"uv":[7.5,7.5,10,9.5],"texture":"#texture"},"east":{"uv":[7.5,7,10,9.5],"texture":"#texture"}}},{"__comment":"leg_front2","from":[1.5,2,-1.25],"to":[5.25,4,2.5],"faces":{"down":{"uv":[6.5,7,9.5,9.5],"texture":"#texture"},"up":{"uv":[7,7,9.5,9],"texture":"#texture"},"north":{"uv":[7,7,10,9.5],"texture":"#texture"},"south":{"uv":[6.5,7.5,9.5,10],"texture":"#texture"},"west":{"uv":[7.5,7.5,10,9.5],"texture":"#texture"},"east":{"uv":[7.5,7,10,9.5],"texture":"#texture"}}},{"__comment":"leg_front2","from":[0,-2,0],"to":[1,-0.5,1.275],"faces":{"down":{"uv":[7,2,10,4.5],"texture":"#texture"},"up":{"uv":[7,2,9.5,4],"texture":"#texture"},"north":{"uv":[6.5,1.5,9.5,4],"texture":"#texture"},"south":{"uv":[7.5,2.5,10,4.5],"texture":"#texture"},"west":{"uv":[6.5,1.5,9,3.5],"texture":"#texture"},"east":{"uv":[7.5,1.5,10,4],"texture":"#texture"}}},{"__comment":"leg_front2","from":[1.5,2,-1.25],"to":[5.25,4,1.58],"rotation":{"origin":[1.5,4,-1.25],"axis":"x","angle":-45},"faces":{"down":{"uv":[6.5,7,9.5,9.5],"texture":"#texture"},"up":{"uv":[7,7,9.5,9],"texture":"#texture"},"north":{"uv":[7,7,10,9.5],"texture":"#texture"},"south":{"uv":[6.5,7.5,9.5,10],"texture":"#texture"},"west":{"uv":[7.5,7.5,10,9.5],"texture":"#texture"},"east":{"uv":[7.5,7,10,9.5],"texture":"#texture"}}},{"__comment":"leg_front2","from":[1.5,0.75,-1.25],"to":[5.25,2.75,2.5],"rotation":{"origin":[1.5,2.75,-1.25],"axis":"z","angle":-22.5},"faces":{"down":{"uv":[6.5,7,9.5,9.5],"texture":"#texture"},"up":{"uv":[7,7,9.5,9],"texture":"#texture"},"north":{"uv":[7,7,10,9.5],"texture":"#texture"},"south":{"uv":[6.5,7.5,9.5,10],"texture":"#texture"},"west":{"uv":[7.5,7.5,10,9.5],"texture":"#texture"},"east":{"uv":[7.5,7,10,9.5],"texture":"#texture"}}},{"__comment":"leg_front2","from":[0.75,-2,-1.25],"to":[4.5,0.9375,2.5],"faces":{"down":{"uv":[6.5,7,9.5,9.5],"texture":"#texture"},"up":{"uv":[7,7,9.5,9],"texture":"#texture"},"north":{"uv":[7,7,10,9.5],"texture":"#texture"},"south":{"uv":[6.5,7.5,9.5,10],"texture":"#texture"},"west":{"uv":[7.5,7.5,10,9.5],"texture":"#texture"},"east":{"uv":[7.5,7,10,9.5],"texture":"#texture"}}},{"__comment":"leg_front2","from":[3.1725,1.875,-1.25],"to":[5.4225,2.875,2.5],"rotation":{"origin":[3.1725,2.875,-1.25],"axis":"z","angle":-22.5},"faces":{"down":{"uv":[6.5,7,9.5,9.5],"texture":"#texture"},"up":{"uv":[7,7,9.5,9],"texture":"#texture"},"north":{"uv":[7,7,10,9.5],"texture":"#texture"},"south":{"uv":[6.5,7.5,9.5,10],"texture":"#texture"},"west":{"uv":[7.5,7.5,10,9.5],"texture":"#texture"},"east":{"uv":[7.5,7,10,9.5],"texture":"#texture"}}},{"__comment":"leg_front2","from":[0,-1.5,0],"to":[1.25,-0.5,1.275],"rotation":{"origin":[0,-0.5,0],"axis":"z","angle":45},"faces":{"down":{"uv":[7,2,10,4.5],"texture":"#texture"},"up":{"uv":[7,2,9.5,4],"texture":"#texture"},"north":{"uv":[6.5,1.5,9.5,4],"texture":"#texture"},"south":{"uv":[7.5,2.5,10,4.5],"texture":"#texture"},"west":{"uv":[6.5,1.5,9,3.5],"texture":"#texture"},"east":{"uv":[7.5,1.5,10,4],"texture":"#texture"}}},{"__comment":"leg_front2","from":[0.25,-2,1.75],"to":[1.25,-1,2.75],"faces":{"down":{"uv":[7,2,10,4.5],"texture":"#texture"},"up":{"uv":[7,2,9.5,4],"texture":"#texture"},"north":{"uv":[6.5,1.5,9.5,4],"texture":"#texture"},"south":{"uv":[7.5,2.5,10,4.5],"texture":"#texture"},"west":{"uv":[6.5,1.5,9,3.5],"texture":"#texture"},"east":{"uv":[7.5,1.5,10,4],"texture":"#texture"}}},{"__comment":"leg_front2","from":[0.25,-2,-1.5],"to":[1.25,-1,-0.5],"faces":{"down":{"uv":[7,2,10,4.5],"texture":"#texture"},"up":{"uv":[7,2,9.5,4],"texture":"#texture"},"north":{"uv":[6.5,1.5,9.5,4],"texture":"#texture"},"south":{"uv":[7.5,2.5,10,4.5],"texture":"#texture"},"west":{"uv":[6.5,1.5,9,3.5],"texture":"#texture"},"east":{"uv":[7.5,1.5,10,4],"texture":"#texture"}}},{"__comment":"leg_front2","from":[0.25,-1.705,1.75],"to":[0.955,-0.9999999,2.75],"rotation":{"origin":[0.25,-1,1.75],"axis":"z","angle":45},"faces":{"down":{"uv":[7,2,10,4.5],"texture":"#texture"},"up":{"uv":[7,2,9.5,4],"texture":"#texture"},"north":{"uv":[6.5,1.5,9.5,4],"texture":"#texture"},"south":{"uv":[7.5,2.5,10,4.5],"texture":"#texture"},"west":{"uv":[6.5,1.5,9,3.5],"texture":"#texture"},"east":{"uv":[7.5,1.5,10,4],"texture":"#texture"}}},{"__comment":"leg_front2","from":[0.25,-1.705,-1.5],"to":[0.955,-0.9999999,-0.5],"rotation":{"origin":[0.25,-1,-1.5],"axis":"z","angle":45},"faces":{"down":{"uv":[7,2,10,4.5],"texture":"#texture"},"up":{"uv":[7,2,9.5,4],"texture":"#texture"},"north":{"uv":[6.5,1.5,9.5,4],"texture":"#texture"},"south":{"uv":[7.5,2.5,10,4.5],"texture":"#texture"},"west":{"uv":[6.5,1.5,9,3.5],"texture":"#texture"},"east":{"uv":[7.5,1.5,10,4],"texture":"#texture"}}},{"__comment":"leg_front2","from":[4,-2,0.5],"to":[5,-0.5,1.75],"faces":{"down":{"uv":[7,2,10,4.5],"texture":"#texture"},"up":{"uv":[7,2,9.5,4],"texture":"#texture"},"north":{"uv":[6.5,1.5,9.5,4],"texture":"#texture"},"south":{"uv":[7.5,2.5,10,4.5],"texture":"#texture"},"west":{"uv":[6.5,1.5,9,3.5],"texture":"#texture"},"east":{"uv":[7.5,1.5,10,4],"texture":"#texture"}}},{"__comment":"leg_front2","from":[4.5,-0.705,0.5],"to":[5.205,0,1.75],"rotation":{"origin":[4.5,0,0.5],"axis":"z","angle":-45},"faces":{"down":{"uv":[7,2,10,4.5],"texture":"#texture"},"up":{"uv":[7,2,9.5,4],"texture":"#texture"},"north":{"uv":[6.5,1.5,9.5,4],"texture":"#texture"},"south":{"uv":[7.5,2.5,10,4.5],"texture":"#texture"},"west":{"uv":[6.5,1.5,9,3.5],"texture":"#texture"},"east":{"uv":[7.5,1.5,10,4],"texture":"#texture"}}},{"__comment":"leg_front2","from":[1.7075,1.1875,0],"to":[2.9575,3.6875,1.5],"rotation":{"origin":[1.7075,3.6875,0],"axis":"z","angle":-22.5},"faces":{"down":{"uv":[6.5,7,9.5,9.5],"texture":"#texture"},"up":{"uv":[7,7,9.5,9],"texture":"#texture"},"north":{"uv":[7,7,10,9.5],"texture":"#texture"},"south":{"uv":[6.5,7.5,9.5,10],"texture":"#texture"},"west":{"uv":[7.5,7.5,10,9.5],"texture":"#texture"},"east":{"uv":[7.5,7,10,9.5],"texture":"#texture"}}},{"__comment":"leg_front2","from":[0.75,-1.125,0],"to":[2,1.375,1.5],"rotation":{"origin":[0.75,1.375,0],"axis":"z","angle":22.5},"faces":{"down":{"uv":[6.5,7,9.5,9.5],"texture":"#texture"},"up":{"uv":[7,7,9.5,9],"texture":"#texture"},"north":{"uv":[7,7,10,9.5],"texture":"#texture"},"south":{"uv":[6.5,7.5,9.5,10],"texture":"#texture"},"west":{"uv":[7.5,7.5,10,9.5],"texture":"#texture"},"east":{"uv":[7.5,7,10,9.5],"texture":"#texture"}}},{"__comment":"leg_front*","from":[11.5,2,13.75],"to":[15.25,4,17.5],"faces":{"down":{"uv":[6.5,7,9.5,9.5],"texture":"#texture"},"up":{"uv":[7,7,9.5,9],"texture":"#texture"},"north":{"uv":[7,7,10,9.5],"texture":"#texture"},"south":{"uv":[6.5,7.5,9.5,10],"texture":"#texture"},"west":{"uv":[7.5,7.5,10,9.5],"texture":"#texture"},"east":{"uv":[7.5,7,10,9.5],"texture":"#texture"}}},{"__comment":"leg_front*","from":[10,-2,15],"to":[11,-0.5,16.275],"faces":{"down":{"uv":[7,2,10,4.5],"texture":"#texture"},"up":{"uv":[7,2,9.5,4],"texture":"#texture"},"north":{"uv":[6.5,1.5,9.5,4],"texture":"#texture"},"south":{"uv":[7.5,2.5,10,4.5],"texture":"#texture"},"west":{"uv":[6.5,1.5,9,3.5],"texture":"#texture"},"east":{"uv":[7.5,1.5,10,4],"texture":"#texture"}}},{"__comment":"leg_front*","from":[11.5,4,15.5],"to":[15.25,6,18.33],"rotation":{"origin":[11.5,6,15.5],"axis":"x","angle":45},"faces":{"down":{"uv":[6.5,7,9.5,9.5],"texture":"#texture"},"up":{"uv":[7,7,9.5,9],"texture":"#texture"},"north":{"uv":[7,7,10,9.5],"texture":"#texture"},"south":{"uv":[6.5,7.5,9.5,10],"texture":"#texture"},"west":{"uv":[7.5,7.5,10,9.5],"texture":"#texture"},"east":{"uv":[7.5,7,10,9.5],"texture":"#texture"}}},{"__comment":"leg_front*","from":[11.5,0.75,13.75],"to":[15.25,2.75,17.5],"rotation":{"origin":[11.5,2.75,13.75],"axis":"z","angle":-22.5},"faces":{"down":{"uv":[6.5,7,9.5,9.5],"texture":"#texture"},"up":{"uv":[7,7,9.5,9],"texture":"#texture"},"north":{"uv":[7,7,10,9.5],"texture":"#texture"},"south":{"uv":[6.5,7.5,9.5,10],"texture":"#texture"},"west":{"uv":[7.5,7.5,10,9.5],"texture":"#texture"},"east":{"uv":[7.5,7,10,9.5],"texture":"#texture"}}},{"__comment":"leg_front*","from":[10.75,-2,13.75],"to":[14.5,0.9375,17.5],"faces":{"down":{"uv":[6.5,7,9.5,9.5],"texture":"#texture"},"up":{"uv":[7,7,9.5,9],"texture":"#texture"},"north":{"uv":[7,7,10,9.5],"texture":"#texture"},"south":{"uv":[6.5,7.5,9.5,10],"texture":"#texture"},"west":{"uv":[7.5,7.5,10,9.5],"texture":"#texture"},"east":{"uv":[7.5,7,10,9.5],"texture":"#texture"}}},{"__comment":"leg_front*","from":[13.1725,1.875,13.75],"to":[15.4225,2.875,17.5],"rotation":{"origin":[13.1725,2.875,13.75],"axis":"z","angle":-22.5},"faces":{"down":{"uv":[6.5,7,9.5,9.5],"texture":"#texture"},"up":{"uv":[7,7,9.5,9],"texture":"#texture"},"north":{"uv":[7,7,10,9.5],"texture":"#texture"},"south":{"uv":[6.5,7.5,9.5,10],"texture":"#texture"},"west":{"uv":[7.5,7.5,10,9.5],"texture":"#texture"},"east":{"uv":[7.5,7,10,9.5],"texture":"#texture"}}},{"__comment":"leg_front*","from":[10,-1.5,15],"to":[11.25,-0.5,16.275],"rotation":{"origin":[10,-0.5,15],"axis":"z","angle":45},"faces":{"down":{"uv":[7,2,10,4.5],"texture":"#texture"},"up":{"uv":[7,2,9.5,4],"texture":"#texture"},"north":{"uv":[6.5,1.5,9.5,4],"texture":"#texture"},"south":{"uv":[7.5,2.5,10,4.5],"texture":"#texture"},"west":{"uv":[6.5,1.5,9,3.5],"texture":"#texture"},"east":{"uv":[7.5,1.5,10,4],"texture":"#texture"}}},{"__comment":"leg_front*","from":[10.25,-2,16.75],"to":[11.25,-1,17.75],"faces":{"down":{"uv":[7,2,10,4.5],"texture":"#texture"},"up":{"uv":[7,2,9.5,4],"texture":"#texture"},"north":{"uv":[6.5,1.5,9.5,4],"texture":"#texture"},"south":{"uv":[7.5,2.5,10,4.5],"texture":"#texture"},"west":{"uv":[6.5,1.5,9,3.5],"texture":"#texture"},"east":{"uv":[7.5,1.5,10,4],"texture":"#texture"}}},{"__comment":"leg_front*","from":[10.25,-2,13.5],"to":[11.25,-1,14.5],"faces":{"down":{"uv":[7,2,10,4.5],"texture":"#texture"},"up":{"uv":[7,2,9.5,4],"texture":"#texture"},"north":{"uv":[6.5,1.5,9.5,4],"texture":"#texture"},"south":{"uv":[7.5,2.5,10,4.5],"texture":"#texture"},"west":{"uv":[6.5,1.5,9,3.5],"texture":"#texture"},"east":{"uv":[7.5,1.5,10,4],"texture":"#texture"}}},{"__comment":"leg_front*","from":[10.25,-1.705,16.75],"to":[10.955,-0.9999999,17.75],"rotation":{"origin":[10.25,-1,16.75],"axis":"z","angle":45},"faces":{"down":{"uv":[7,2,10,4.5],"texture":"#texture"},"up":{"uv":[7,2,9.5,4],"texture":"#texture"},"north":{"uv":[6.5,1.5,9.5,4],"texture":"#texture"},"south":{"uv":[7.5,2.5,10,4.5],"texture":"#texture"},"west":{"uv":[6.5,1.5,9,3.5],"texture":"#texture"},"east":{"uv":[7.5,1.5,10,4],"texture":"#texture"}}},{"__comment":"leg_front*","from":[10.25,-1.705,13.5],"to":[10.955,-0.9999999,14.5],"rotation":{"origin":[10.25,-1,13.5],"axis":"z","angle":45},"faces":{"down":{"uv":[7,2,10,4.5],"texture":"#texture"},"up":{"uv":[7,2,9.5,4],"texture":"#texture"},"north":{"uv":[6.5,1.5,9.5,4],"texture":"#texture"},"south":{"uv":[7.5,2.5,10,4.5],"texture":"#texture"},"west":{"uv":[6.5,1.5,9,3.5],"texture":"#texture"},"east":{"uv":[7.5,1.5,10,4],"texture":"#texture"}}},{"__comment":"leg_front*","from":[14,-2,14.5],"to":[15,-0.5,15.75],"faces":{"down":{"uv":[7,2,10,4.5],"texture":"#texture"},"up":{"uv":[7,2,9.5,4],"texture":"#texture"},"north":{"uv":[6.5,1.5,9.5,4],"texture":"#texture"},"south":{"uv":[7.5,2.5,10,4.5],"texture":"#texture"},"west":{"uv":[6.5,1.5,9,3.5],"texture":"#texture"},"east":{"uv":[7.5,1.5,10,4],"texture":"#texture"}}},{"__comment":"leg_front*","from":[14.5,-0.705,14.5],"to":[15.205,0,15.75],"rotation":{"origin":[14.5,0,14.5],"axis":"z","angle":-45},"faces":{"down":{"uv":[7,2,10,4.5],"texture":"#texture"},"up":{"uv":[7,2,9.5,4],"texture":"#texture"},"north":{"uv":[6.5,1.5,9.5,4],"texture":"#texture"},"south":{"uv":[7.5,2.5,10,4.5],"texture":"#texture"},"west":{"uv":[6.5,1.5,9,3.5],"texture":"#texture"},"east":{"uv":[7.5,1.5,10,4],"texture":"#texture"}}},{"__comment":"leg_front*","from":[11.7075,1.1875,15],"to":[12.9575,3.6875,16.5],"rotation":{"origin":[11.7075,3.6875,15],"axis":"z","angle":-22.5},"faces":{"down":{"uv":[6.5,7,9.5,9.5],"texture":"#texture"},"up":{"uv":[7,7,9.5,9],"texture":"#texture"},"north":{"uv":[7,7,10,9.5],"texture":"#texture"},"south":{"uv":[6.5,7.5,9.5,10],"texture":"#texture"},"west":{"uv":[7.5,7.5,10,9.5],"texture":"#texture"},"east":{"uv":[7.5,7,10,9.5],"texture":"#texture"}}},{"__comment":"leg_front*","from":[10.75,-1.125,15],"to":[12,1.375,16.5],"rotation":{"origin":[10.75,1.375,15],"axis":"z","angle":22.5},"faces":{"down":{"uv":[6.5,7,9.5,9.5],"texture":"#texture"},"up":{"uv":[7,7,9.5,9],"texture":"#texture"},"north":{"uv":[7,7,10,9.5],"texture":"#texture"},"south":{"uv":[6.5,7.5,9.5,10],"texture":"#texture"},"west":{"uv":[7.5,7.5,10,9.5],"texture":"#texture"},"east":{"uv":[7.5,7,10,9.5],"texture":"#texture"}}},{"__comment":"leg_front2*","from":[11.5,2,-1.25],"to":[15.25,4,2.5],"faces":{"down":{"uv":[6.5,7,9.5,9.5],"texture":"#texture"},"up":{"uv":[7,7,9.5,9],"texture":"#texture"},"north":{"uv":[7,7,10,9.5],"texture":"#texture"},"south":{"uv":[6.5,7.5,9.5,10],"texture":"#texture"},"west":{"uv":[7.5,7.5,10,9.5],"texture":"#texture"},"east":{"uv":[7.5,7,10,9.5],"texture":"#texture"}}},{"__comment":"leg_front2*","from":[10,-2,0],"to":[11,-0.5,1.275],"faces":{"down":{"uv":[7,2,10,4.5],"texture":"#texture"},"up":{"uv":[7,2,9.5,4],"texture":"#texture"},"north":{"uv":[6.5,1.5,9.5,4],"texture":"#texture"},"south":{"uv":[7.5,2.5,10,4.5],"texture":"#texture"},"west":{"uv":[6.5,1.5,9,3.5],"texture":"#texture"},"east":{"uv":[7.5,1.5,10,4],"texture":"#texture"}}},{"__comment":"leg_front2*","from":[11.5,2,-1.25],"to":[15.25,4,1.58],"rotation":{"origin":[11.5,4,-1.25],"axis":"x","angle":-45},"faces":{"down":{"uv":[6.5,7,9.5,9.5],"texture":"#texture"},"up":{"uv":[7,7,9.5,9],"texture":"#texture"},"north":{"uv":[7,7,10,9.5],"texture":"#texture"},"south":{"uv":[6.5,7.5,9.5,10],"texture":"#texture"},"west":{"uv":[7.5,7.5,10,9.5],"texture":"#texture"},"east":{"uv":[7.5,7,10,9.5],"texture":"#texture"}}},{"__comment":"leg_front2*","from":[11.5,0.75,-1.25],"to":[15.25,2.75,2.5],"rotation":{"origin":[11.5,2.75,-1.25],"axis":"z","angle":-22.5},"faces":{"down":{"uv":[6.5,7,9.5,9.5],"texture":"#texture"},"up":{"uv":[7,7,9.5,9],"texture":"#texture"},"north":{"uv":[7,7,10,9.5],"texture":"#texture"},"south":{"uv":[6.5,7.5,9.5,10],"texture":"#texture"},"west":{"uv":[7.5,7.5,10,9.5],"texture":"#texture"},"east":{"uv":[7.5,7,10,9.5],"texture":"#texture"}}},{"__comment":"leg_front2*","from":[10.75,-2,-1.25],"to":[14.5,0.9375,2.5],"faces":{"down":{"uv":[6.5,7,9.5,9.5],"texture":"#texture"},"up":{"uv":[7,7,9.5,9],"texture":"#texture"},"north":{"uv":[7,7,10,9.5],"texture":"#texture"},"south":{"uv":[6.5,7.5,9.5,10],"texture":"#texture"},"west":{"uv":[7.5,7.5,10,9.5],"texture":"#texture"},"east":{"uv":[7.5,7,10,9.5],"texture":"#texture"}}},{"__comment":"leg_front2*","from":[13.1725,1.875,-1.25],"to":[15.4225,2.875,2.5],"rotation":{"origin":[13.1725,2.875,-1.25],"axis":"z","angle":-22.5},"faces":{"down":{"uv":[6.5,7,9.5,9.5],"texture":"#texture"},"up":{"uv":[7,7,9.5,9],"texture":"#texture"},"north":{"uv":[7,7,10,9.5],"texture":"#texture"},"south":{"uv":[6.5,7.5,9.5,10],"texture":"#texture"},"west":{"uv":[7.5,7.5,10,9.5],"texture":"#texture"},"east":{"uv":[7.5,7,10,9.5],"texture":"#texture"}}},{"__comment":"leg_front2*","from":[10,-1.5,0],"to":[11.25,-0.5,1.275],"rotation":{"origin":[10,-0.5,0],"axis":"z","angle":45},"faces":{"down":{"uv":[7,2,10,4.5],"texture":"#texture"},"up":{"uv":[7,2,9.5,4],"texture":"#texture"},"north":{"uv":[6.5,1.5,9.5,4],"texture":"#texture"},"south":{"uv":[7.5,2.5,10,4.5],"texture":"#texture"},"west":{"uv":[6.5,1.5,9,3.5],"texture":"#texture"},"east":{"uv":[7.5,1.5,10,4],"texture":"#texture"}}},{"__comment":"leg_front2*","from":[10.25,-2,1.75],"to":[11.25,-1,2.75],"faces":{"down":{"uv":[7,2,10,4.5],"texture":"#texture"},"up":{"uv":[7,2,9.5,4],"texture":"#texture"},"north":{"uv":[6.5,1.5,9.5,4],"texture":"#texture"},"south":{"uv":[7.5,2.5,10,4.5],"texture":"#texture"},"west":{"uv":[6.5,1.5,9,3.5],"texture":"#texture"},"east":{"uv":[7.5,1.5,10,4],"texture":"#texture"}}},{"__comment":"leg_front2*","from":[10.25,-2,-1.5],"to":[11.25,-1,-0.5],"faces":{"down":{"uv":[7,2,10,4.5],"texture":"#texture"},"up":{"uv":[7,2,9.5,4],"texture":"#texture"},"north":{"uv":[6.5,1.5,9.5,4],"texture":"#texture"},"south":{"uv":[7.5,2.5,10,4.5],"texture":"#texture"},"west":{"uv":[6.5,1.5,9,3.5],"texture":"#texture"},"east":{"uv":[7.5,1.5,10,4],"texture":"#texture"}}},{"__comment":"leg_front2*","from":[10.25,-1.705,1.75],"to":[10.955,-0.9999999,2.75],"rotation":{"origin":[10.25,-1,1.75],"axis":"z","angle":45},"faces":{"down":{"uv":[7,2,10,4.5],"texture":"#texture"},"up":{"uv":[7,2,9.5,4],"texture":"#texture"},"north":{"uv":[6.5,1.5,9.5,4],"texture":"#texture"},"south":{"uv":[7.5,2.5,10,4.5],"texture":"#texture"},"west":{"uv":[6.5,1.5,9,3.5],"texture":"#texture"},"east":{"uv":[7.5,1.5,10,4],"texture":"#texture"}}},{"__comment":"leg_front2*","from":[10.25,-1.705,-1.5],"to":[10.955,-0.9999999,-0.5],"rotation":{"origin":[10.25,-1,-1.5],"axis":"z","angle":45},"faces":{"down":{"uv":[7,2,10,4.5],"texture":"#texture"},"up":{"uv":[7,2,9.5,4],"texture":"#texture"},"north":{"uv":[6.5,1.5,9.5,4],"texture":"#texture"},"south":{"uv":[7.5,2.5,10,4.5],"texture":"#texture"},"west":{"uv":[6.5,1.5,9,3.5],"texture":"#texture"},"east":{"uv":[7.5,1.5,10,4],"texture":"#texture"}}},{"__comment":"leg_front2*","from":[14,-2,0.5],"to":[15,-0.5,1.75],"faces":{"down":{"uv":[7,2,10,4.5],"texture":"#texture"},"up":{"uv":[7,2,9.5,4],"texture":"#texture"},"north":{"uv":[6.5,1.5,9.5,4],"texture":"#texture"},"south":{"uv":[7.5,2.5,10,4.5],"texture":"#texture"},"west":{"uv":[6.5,1.5,9,3.5],"texture":"#texture"},"east":{"uv":[7.5,1.5,10,4],"texture":"#texture"}}},{"__comment":"leg_front2*","from":[14.5,-0.705,0.5],"to":[15.205,0,1.75],"rotation":{"origin":[14.5,0,0.5],"axis":"z","angle":-45},"faces":{"down":{"uv":[7,2,10,4.5],"texture":"#texture"},"up":{"uv":[7,2,9.5,4],"texture":"#texture"},"north":{"uv":[6.5,1.5,9.5,4],"texture":"#texture"},"south":{"uv":[7.5,2.5,10,4.5],"texture":"#texture"},"west":{"uv":[6.5,1.5,9,3.5],"texture":"#texture"},"east":{"uv":[7.5,1.5,10,4],"texture":"#texture"}}},{"__comment":"leg_front2*","from":[11.7075,1.1875,0],"to":[12.9575,3.6875,1.5],"rotation":{"origin":[11.7075,3.6875,0],"axis":"z","angle":-22.5},"faces":{"down":{"uv":[6.5,7,9.5,9.5],"texture":"#texture"},"up":{"uv":[7,7,9.5,9],"texture":"#texture"},"north":{"uv":[7,7,10,9.5],"texture":"#texture"},"south":{"uv":[6.5,7.5,9.5,10],"texture":"#texture"},"west":{"uv":[7.5,7.5,10,9.5],"texture":"#texture"},"east":{"uv":[7.5,7,10,9.5],"texture":"#texture"}}},{"__comment":"leg_front2*","from":[10.75,-1.125,0],"to":[12,1.375,1.5],"rotation":{"origin":[10.75,1.375,0],"axis":"z","angle":22.5},"faces":{"down":{"uv":[6.5,7,9.5,9.5],"texture":"#texture"},"up":{"uv":[7,7,9.5,9],"texture":"#texture"},"north":{"uv":[7,7,10,9.5],"texture":"#texture"},"south":{"uv":[6.5,7.5,9.5,10],"texture":"#texture"},"west":{"uv":[7.5,7.5,10,9.5],"texture":"#texture"},"east":{"uv":[7.5,7,10,9.5],"texture":"#texture"}}}],"display":{"thirdperson_righthand":{"scale":[0.0001,0.0001,0.0001]},"thirdperson_lefthand":{"scale":[0.0001,0.0001,0.0001]},"firstperson_righthand":{"scale":[0.0001,0.0001,0.0001]},"firstperson_lefthand":{"scale":[0.0001,0.0001,0.0001]},"gui":{"rotation":[30,45,0],"translation":[0,0.6,0],"scale":[0.55,0.55,0.55]},"head":{"rotation":[0,-90,0],"translation":[0,-10,0],"scale":[3,3,3]},"ground":{"scale":[0.0001,0.0001,0.0001]},"fixed":{"scale":[0.0001,0.0001,0.0001]}}}