{"credit":"Designed by Madstonmagic with BDcraft Cubik PRO 0.96 Beta / Edit by Icelio","textures":{"texture":"pokemon_skins/regular/infernape/infernape_base","ear_back":"pokemon_skins/regular/infernape/ear_back","ear_front":"pokemon_skins/regular/infernape/ear_front","furr":"pokemon_skins/regular/infernape/furr","neck":"pokemon_skins/regular/infernape/neck","hand_detail":"pokemon_skins/regular/infernape/hand_detail","shoulder_detail":"pokemon_skins/regular/infernape/shoulder_detail","fire_base":"pokemon_skins/regular/infernape/fire_base1","head":"pokemon_skins/regular/infernape/head","fire_base2":"pokemon_skins/regular/infernape/fire_base2","fire_base3":"pokemon_skins/regular/infernape/fire_base3","particle":"pokemon_skins/regular/infernape/eye"},"elements":[{"from":[8.15,7.15,7.05],"to":[10,9.6,9.05],"rotation":{"angle":22.5,"axis":"z","origin":[9.025,7.425,8]},"faces":{"north":{"uv":[9,1,11,3],"texture":"#texture"},"east":{"uv":[9,1,11,3],"texture":"#texture"},"south":{"uv":[9,1,11,3],"texture":"#texture"},"west":{"uv":[9,1,11,3],"texture":"#texture"},"up":{"uv":[9,1,11,3],"texture":"#texture"},"down":{"uv":[9,1,11,3],"texture":"#texture"}}},{"from":[8.45,6.75,5.75],"to":[9.6,8.1,10.25],"faces":{"north":{"uv":[9,1,11,3],"texture":"#texture"},"east":{"uv":[9,1,11,3],"texture":"#texture"},"south":{"uv":[9,1,11,3],"texture":"#texture"},"west":{"uv":[9,1,11,3],"texture":"#texture"},"up":{"uv":[9,1,11,3],"texture":"#texture"},"down":{"uv":[9,1,11,3],"texture":"#texture"}}},{"from":[9.55,7.6,5.75],"to":[10.1,8.307,10.25],"rotation":{"angle":45,"axis":"z","origin":[10.1,7.6,8]},"faces":{"north":{"uv":[9,1,11,3],"texture":"#texture"},"east":{"uv":[9,1,11,3],"texture":"#texture"},"south":{"uv":[9,1,11,3],"texture":"#texture"},"west":{"uv":[9,1,11,3],"texture":"#texture"},"up":{"uv":[9,1,11,3],"texture":"#texture"},"down":{"uv":[9,1,11,3],"texture":"#texture"}}},{"from":[7.95,7.6,5.75],"to":[8.5,8.307,10.25],"rotation":{"angle":-45,"axis":"z","origin":[7.95,7.6,8]},"faces":{"north":{"uv":[9,1,11,3],"texture":"#texture"},"east":{"uv":[9,1,11,3],"texture":"#texture"},"south":{"uv":[9,1,11,3],"texture":"#texture"},"west":{"uv":[9,1,11,3],"texture":"#texture"},"up":{"uv":[9,1,11,3],"texture":"#texture"},"down":{"uv":[9,1,11,3],"texture":"#texture"}}},{"from":[7.95,6.15,5.75],"to":[10.1,7.6,10.25],"faces":{"north":{"uv":[9,1,11,3],"texture":"#texture"},"east":{"uv":[9,1,11,3],"texture":"#texture"},"south":{"uv":[9,1,11,3],"texture":"#texture"},"west":{"uv":[9,1,11,3],"texture":"#texture"},"up":{"uv":[9,1,11,3],"texture":"#texture"},"down":{"uv":[9,1,11,3],"texture":"#texture"}}},{"from":[7.95,2.85,6.6],"to":[10.1,6.75,9.4],"faces":{"north":{"uv":[9,1,11,3],"texture":"#texture"},"east":{"uv":[9,1,11,3],"texture":"#texture"},"south":{"uv":[9,1,11,3],"texture":"#texture"},"west":{"uv":[9,1,11,3],"texture":"#texture"},"up":{"uv":[9,1,11,3],"texture":"#texture"},"down":{"uv":[9,1,11,3],"texture":"#texture"}}},{"from":[7.95,3.65,5.75],"to":[10.1,6.15,7],"rotation":{"angle":-22.5,"axis":"x","origin":[7.75,6.15,5.75]},"faces":{"north":{"uv":[9,1,11,3],"texture":"#texture"},"east":{"uv":[9,1,11,3],"texture":"#texture"},"south":{"uv":[9,1,11,3],"texture":"#texture"},"west":{"uv":[9,1,11,3],"texture":"#texture"},"up":{"uv":[9,1,11,3],"texture":"#texture"},"down":{"uv":[9,1,11,3],"texture":"#texture"}}},{"from":[7.95,4.1175,9.0925],"to":[10.1,6.6175,10.3425],"rotation":{"angle":22.5,"axis":"x","origin":[7.75,6.6175,9.0925]},"faces":{"north":{"uv":[9,1,11,3],"texture":"#texture"},"east":{"uv":[9,1,11,3],"texture":"#texture"},"south":{"uv":[9,1,11,3],"texture":"#texture"},"west":{"uv":[9,1,11,3],"texture":"#texture"},"up":{"uv":[9,1,11,3],"texture":"#texture"},"down":{"uv":[9,1,11,3],"texture":"#texture"}}},{"from":[7.3,1.35,6.6],"to":[7.3625,3.15,9.4],"rotation":{"angle":-22.5,"axis":"z","origin":[7.3,1.35,7]},"faces":{"east":{"uv":[0.25,0.25,11,6.5],"texture":"#neck"},"west":{"uv":[0.25,0.25,11,6.5],"texture":"#neck"}}},{"from":[10.5125,-0.3025,6.6],"to":[10.575,1.1975,9.4],"faces":{"east":{"uv":[0.25,0.25,11,6.5],"texture":"#neck"},"west":{"uv":[0.25,0.25,11,6.5],"texture":"#neck"}}},{"from":[7.95,2.9375,5.35],"to":[10.1,3,6.65],"rotation":{"angle":-22.5,"axis":"x","origin":[7.75,3,6.65]},"faces":{"up":{"uv":[0.25,12.5,14,6.75],"texture":"#neck"},"down":{"uv":[0.25,12.5,14,6.75],"texture":"#neck","rotation":180}}},{"from":[7.95,2.9375,9.35],"to":[10.1,3,10.65],"rotation":{"angle":22.5,"axis":"x","origin":[7.75,3,9.35]},"faces":{"up":{"uv":[0.25,6.75,14,12.5],"texture":"#neck"},"down":{"uv":[0.25,6.75,14,12.5],"texture":"#neck","rotation":180}}},{"from":[10.1,3.2875,6.6],"to":[10.7,3.45,9.4],"rotation":{"angle":-45,"axis":"z","origin":[9.7,3.45,7]},"faces":{"north":{"uv":[9,1,11,3],"texture":"#texture"},"east":{"uv":[9,1,11,3],"texture":"#texture"},"south":{"uv":[9,1,11,3],"texture":"#texture"},"west":{"uv":[9,1,11,3],"texture":"#texture"},"up":{"uv":[9,1,11,3],"texture":"#texture"},"down":{"uv":[9,1,11,3],"texture":"#texture"}}},{"from":[10.45,1.09,6.6],"to":[10.6125,2.24,9.4],"faces":{"north":{"uv":[9,1,11,3],"texture":"#texture"},"east":{"uv":[9,1,11,3],"texture":"#texture"},"south":{"uv":[9,1,11,3],"texture":"#texture"},"west":{"uv":[9,1,11,3],"texture":"#texture"},"up":{"uv":[9,1,11,3],"texture":"#texture"},"down":{"uv":[9,1,11,3],"texture":"#texture"}}},{"from":[10.245,2.17,6.6],"to":[10.4075,2.72,9.4],"rotation":{"angle":22.5,"axis":"z","origin":[10.345,2.72,7]},"faces":{"north":{"uv":[9,1,11,3],"texture":"#texture"},"east":{"uv":[9,1,11,3],"texture":"#texture"},"south":{"uv":[9,1,11,3],"texture":"#texture"},"west":{"uv":[9,1,11,3],"texture":"#texture"},"up":{"uv":[9,1,11,3],"texture":"#texture"},"down":{"uv":[9,1,11,3],"texture":"#texture"}}},{"from":[8,1.5,6.75],"to":[10.25,2.85,9.25],"faces":{"north":{"uv":[1,1,3,3],"texture":"#texture"},"east":{"uv":[1,1,3,3],"texture":"#texture"},"south":{"uv":[1,1,3,3],"texture":"#texture"},"west":{"uv":[1,1,3,3],"texture":"#texture"},"up":{"uv":[1,1,3,3],"texture":"#texture"},"down":{"uv":[1,1,3,3],"texture":"#texture"}}},{"from":[9.25,1.35,2.77],"to":[10.25,2.5,7.87],"rotation":{"angle":22.5,"axis":"y","origin":[8.75,1.35,8.37]},"faces":{"north":{"uv":[1,1,3,3],"texture":"#texture"},"east":{"uv":[1,1,3,3],"texture":"#texture"},"south":{"uv":[1,1,3,3],"texture":"#texture"},"west":{"uv":[1,1,3,3],"texture":"#texture"},"up":{"uv":[1,1,3,3],"texture":"#texture"},"down":{"uv":[1,1,3,3],"texture":"#texture"}}},{"from":[9.25,1.35,8.13],"to":[10.25,2.5,13.23],"rotation":{"angle":-45,"axis":"y","origin":[8.75,1.35,7.63]},"faces":{"north":{"uv":[1,1,3,3],"texture":"#texture"},"east":{"uv":[1,1,3,3],"texture":"#texture"},"south":{"uv":[1,1,3,3],"texture":"#texture"},"west":{"uv":[1,1,3,3],"texture":"#texture"},"up":{"uv":[1,1,3,3],"texture":"#texture"},"down":{"uv":[1,1,3,3],"texture":"#texture"}}},{"from":[5.2,-0.1,11.4],"to":[6.45,2.2,12.8],"faces":{"north":{"uv":[9,1,11,3],"texture":"#texture"},"east":{"uv":[9,1,11,3],"texture":"#texture"},"south":{"uv":[9,1,11,3],"texture":"#texture"},"west":{"uv":[9,1,11,3],"texture":"#texture"},"up":{"uv":[9,1,11,3],"texture":"#texture"},"down":{"uv":[9,1,11,3],"texture":"#texture"}}},{"from":[5,-2.2,11.4],"to":[6.65,-0.1,12.8],"faces":{"north":{"uv":[9,1,11,3],"texture":"#texture"},"east":{"uv":[9,1,11,3],"texture":"#texture"},"south":{"uv":[9,1,11,3],"texture":"#texture"},"west":{"uv":[9,1,11,3],"texture":"#texture"},"up":{"uv":[9,1,11,3],"texture":"#texture"},"down":{"uv":[9,1,11,3],"texture":"#texture"}}},{"from":[6.8,-2.7,11.4],"to":[7.5,-2.2,12.8],"faces":{"north":{"uv":[9,1,11,3],"texture":"#texture"},"east":{"uv":[9,1,11,3],"texture":"#texture"},"south":{"uv":[9,1,11,3],"texture":"#texture"},"west":{"uv":[9,1,11,3],"texture":"#texture"},"up":{"uv":[9,1,11,3],"texture":"#texture"},"down":{"uv":[9,1,11,3],"texture":"#texture"}}},{"from":[5.8,-2.7,11.3],"to":[7,-2.1,12.9],"faces":{"north":{"uv":[9,1,11,3],"texture":"#texture"},"east":{"uv":[9,1,11,3],"texture":"#texture"},"south":{"uv":[9,1,11,3],"texture":"#texture"},"west":{"uv":[9,1,11,3],"texture":"#texture"},"up":{"uv":[9,1,11,3],"texture":"#texture"},"down":{"uv":[9,1,11,3],"texture":"#texture"}}},{"from":[6.2,-2.1,11.5],"to":[7,-1,12.7],"rotation":{"angle":45,"axis":"z","origin":[7,-2.1,12.1]},"faces":{"north":{"uv":[9,1,11,3],"texture":"#texture"},"east":{"uv":[9,1,11,3],"texture":"#texture"},"south":{"uv":[9,1,11,3],"texture":"#texture"},"west":{"uv":[9,1,11,3],"texture":"#texture"},"up":{"uv":[9,1,11,3],"texture":"#texture"},"down":{"uv":[9,1,11,3],"texture":"#texture"}}},{"from":[7.9,-2.1,2.5],"to":[8.7,-1,3.9],"rotation":{"angle":-45,"axis":"z","origin":[7.9,-2.1,3.2]},"faces":{"north":{"uv":[9,1,11,3],"texture":"#texture"},"east":{"uv":[9,1,11,3],"texture":"#texture"},"south":{"uv":[9,1,11,3],"texture":"#texture"},"west":{"uv":[9,1,11,3],"texture":"#texture"},"up":{"uv":[9,1,11,3],"texture":"#texture"},"down":{"uv":[9,1,11,3],"texture":"#texture"}}},{"from":[4.3,-2.5,11.4],"to":[5.4,-2.1,12.8],"rotation":{"angle":22.5,"axis":"z","origin":[4.3,-2.1,12.1]},"faces":{"north":{"uv":[9,1,11,3],"texture":"#texture"},"east":{"uv":[9,1,11,3],"texture":"#texture"},"south":{"uv":[9,1,11,3],"texture":"#texture"},"west":{"uv":[9,1,11,3],"texture":"#texture"},"up":{"uv":[9,1,11,3],"texture":"#texture"},"down":{"uv":[9,1,11,3],"texture":"#texture"}}},{"from":[4.3,-2.7,11.1],"to":[5.8,-2.1,13.1],"faces":{"north":{"uv":[9,1,11,3],"texture":"#texture"},"east":{"uv":[9,1,11,3],"texture":"#texture"},"south":{"uv":[9,1,11,3],"texture":"#texture"},"west":{"uv":[9,1,11,3],"texture":"#texture"},"up":{"uv":[9,1,11,3],"texture":"#texture"},"down":{"uv":[9,1,11,3],"texture":"#texture"}}},{"from":[8.45,5.5,2.5],"to":[9.55,6.55,6.05],"rotation":{"angle":-22.5,"axis":"x","origin":[8.25,6.75,2.5]},"faces":{"north":{"uv":[1,1,3,3],"texture":"#texture"},"east":{"uv":[1,1,3,3],"texture":"#texture"},"south":{"uv":[1,1,3,3],"texture":"#texture"},"west":{"uv":[1,1,3,3],"texture":"#texture"},"up":{"uv":[1,1,3,3],"texture":"#texture"},"down":{"uv":[1,1,3,3],"texture":"#texture"}}},{"from":[9.75,1.7,7.6],"to":[13,2.5,8.4],"rotation":{"angle":22.5,"axis":"z","origin":[9.75,2.6,7.5]},"faces":{"north":{"uv":[1,1,3,3],"texture":"#texture"},"east":{"uv":[1,1,3,3],"texture":"#texture"},"south":{"uv":[1,1,3,3],"texture":"#texture"},"west":{"uv":[1,1,3,3],"texture":"#texture"},"up":{"uv":[1,1,3,3],"texture":"#texture"},"down":{"uv":[1,1,3,3],"texture":"#texture"}}},{"from":[14.925,2.6,7.55],"to":[15.825,6.1,8.45],"rotation":{"angle":-45,"axis":"z","origin":[14.875,6.1,7.5]},"faces":{"north":{"uv":[1,1,3,3],"texture":"#texture"},"east":{"uv":[1,1,3,3],"texture":"#texture"},"south":{"uv":[1,1,3,3],"texture":"#texture"},"west":{"uv":[1,1,3,3],"texture":"#texture"},"up":{"uv":[1,1,3,3],"texture":"#texture"},"down":{"uv":[1,1,3,3],"texture":"#texture"}}},{"from":[7.94,4.4,5.74],"to":[8.0025,6.15,7.19],"rotation":{"angle":-22.5,"axis":"x","origin":[7.94,6.15,5.74]},"faces":{"west":{"uv":[13,1,1,12.5],"texture":"#shoulder_detail"}}},{"from":[7.94,5.0325,8.9325],"to":[8.0025,6.7825,10.3825],"rotation":{"angle":22.5,"axis":"x","origin":[7.94,6.7825,8.6325]},"faces":{"west":{"uv":[1,1,13,12.5],"texture":"#shoulder_detail"}}},{"from":[7.95,4.4825,9.7075],"to":[10.1,4.92,9.77],"rotation":{"angle":22.5,"axis":"x","origin":[7.75,4.92,9.7075]},"faces":{"north":{"uv":[5,1,7,3],"texture":"#texture"},"east":{"uv":[5,1,7,3],"texture":"#texture"},"south":{"uv":[5,1,7,3],"texture":"#texture"},"west":{"uv":[5,1,7,3],"texture":"#texture"},"up":{"uv":[5,1,7,3],"texture":"#texture"},"down":{"uv":[5,1,7,3],"texture":"#texture"}}},{"from":[7.95,4.5025,6.2],"to":[10.1,4.94,6.2625],"rotation":{"angle":-22.5,"axis":"x","origin":[7.75,4.94,6.2]},"faces":{"north":{"uv":[5,1,7,3],"texture":"#texture"},"east":{"uv":[5,1,7,3],"texture":"#texture"},"south":{"uv":[5,1,7,3],"texture":"#texture"},"west":{"uv":[5,1,7,3],"texture":"#texture"},"up":{"uv":[5,1,7,3],"texture":"#texture"},"down":{"uv":[5,1,7,3],"texture":"#texture"}}},{"from":[10.1,4.7125,9.1875],"to":[10.1625,5.15,9.7975],"rotation":{"angle":22.5,"axis":"x","origin":[10.1,5.15,9.1875]},"faces":{"north":{"uv":[5,1,7,3],"texture":"#texture"},"east":{"uv":[5,1,7,3],"texture":"#texture"},"south":{"uv":[5,1,7,3],"texture":"#texture"},"west":{"uv":[5,1,7,3],"texture":"#texture"},"up":{"uv":[5,1,7,3],"texture":"#texture"},"down":{"uv":[5,1,7,3],"texture":"#texture"}}},{"from":[10.1,4.505,6.2425],"to":[10.1625,4.9425,6.805],"rotation":{"angle":-22.5,"axis":"x","origin":[10.1,4.9425,6.2425]},"faces":{"north":{"uv":[5,1,7,3],"texture":"#texture"},"east":{"uv":[5,1,7,3],"texture":"#texture"},"south":{"uv":[5,1,7,3],"texture":"#texture"},"west":{"uv":[5,1,7,3],"texture":"#texture"},"up":{"uv":[5,1,7,3],"texture":"#texture"},"down":{"uv":[5,1,7,3],"texture":"#texture"}}},{"from":[10.1,4.7125,6.75],"to":[10.1625,5.15,9.1875],"faces":{"north":{"uv":[5,1,7,3],"texture":"#texture"},"east":{"uv":[5,1,7,3],"texture":"#texture"},"south":{"uv":[5,1,7,3],"texture":"#texture"},"west":{"uv":[5,1,7,3],"texture":"#texture"},"up":{"uv":[5,1,7,3],"texture":"#texture"},"down":{"uv":[5,1,7,3],"texture":"#texture"}}},{"from":[4.95,1.35,11.35],"to":[5.4,3.05,12.85],"rotation":{"angle":-22.5,"axis":"z","origin":[4.95,2,12.05]},"faces":{"north":{"uv":[5,1,7,3],"texture":"#texture"},"east":{"uv":[5,1,7,3],"texture":"#texture"},"south":{"uv":[5,1,7,3],"texture":"#texture"},"west":{"uv":[5,1,7,3],"texture":"#texture"},"up":{"uv":[5,1,7,3],"texture":"#texture"},"down":{"uv":[5,1,7,3],"texture":"#texture"}}},{"from":[4.95,1.1,11.6],"to":[5.4,3.3,12.6],"rotation":{"angle":-22.5,"axis":"z","origin":[4.95,2,12.05]},"faces":{"north":{"uv":[5,1,7,3],"texture":"#texture"},"east":{"uv":[5,1,7,3],"texture":"#texture"},"south":{"uv":[5,1,7,3],"texture":"#texture"},"west":{"uv":[5,1,7,3],"texture":"#texture"},"up":{"uv":[5,1,7,3],"texture":"#texture"},"down":{"uv":[5,1,7,3],"texture":"#texture"}}},{"from":[8.3,4.15,2.8427],"to":[9.7,4.8,3.7927],"rotation":{"angle":45,"axis":"x","origin":[8,7,2.44271]},"faces":{"north":{"uv":[1,1,3,3],"texture":"#texture"},"east":{"uv":[1,1,3,3],"texture":"#texture"},"south":{"uv":[1,1,3,3],"texture":"#texture"},"west":{"uv":[1,1,3,3],"texture":"#texture"},"up":{"uv":[1,1,3,3],"texture":"#texture"},"down":{"uv":[1,1,3,3],"texture":"#texture"}}},{"from":[8.2,2.75,2.8427],"to":[9.8,4.2,3.6927],"rotation":{"angle":45,"axis":"x","origin":[8,7,2.44271]},"faces":{"north":{"uv":[1,1,3,3],"texture":"#texture"},"east":{"uv":[1,1,3,3],"texture":"#texture"},"south":{"uv":[1,1,3,3],"texture":"#texture"},"west":{"uv":[1,1,3,3],"texture":"#texture"},"up":{"uv":[1,1,3,3],"texture":"#texture"},"down":{"uv":[1,1,3,3],"texture":"#texture"}}},{"from":[8.4,4.8,2.8427],"to":[9.6,6.8,3.7927],"rotation":{"angle":45,"axis":"x","origin":[8,7,2.44271]},"faces":{"north":{"uv":[1,1,3,3],"texture":"#texture"},"east":{"uv":[1,1,3,3],"texture":"#texture"},"south":{"uv":[1,1,3,3],"texture":"#texture"},"west":{"uv":[1,1,3,3],"texture":"#texture"},"up":{"uv":[1,1,3,3],"texture":"#texture"},"down":{"uv":[1,1,3,3],"texture":"#texture"}}},{"from":[8.075,3.4875,1.1142],"to":[9.925,5.1875,1.5142],"rotation":{"angle":45,"axis":"x","origin":[7.875,5.6875,0.91419]},"faces":{"north":{"uv":[5,1,7,3],"texture":"#texture"},"east":{"uv":[5,1,7,3],"texture":"#texture"},"south":{"uv":[5,1,7,3],"texture":"#texture"},"west":{"uv":[5,1,7,3],"texture":"#texture"},"up":{"uv":[5,1,7,3],"texture":"#texture"},"down":{"uv":[5,1,7,3],"texture":"#texture"}}},{"from":[8.275,3.2875,1.1142],"to":[9.725,5.3875,1.5142],"rotation":{"angle":45,"axis":"x","origin":[7.875,5.6875,0.91419]},"faces":{"north":{"uv":[5,1,7,3],"texture":"#texture"},"east":{"uv":[5,1,7,3],"texture":"#texture"},"south":{"uv":[5,1,7,3],"texture":"#texture"},"west":{"uv":[5,1,7,3],"texture":"#texture"},"up":{"uv":[5,1,7,3],"texture":"#texture"},"down":{"uv":[5,1,7,3],"texture":"#texture"}}},{"from":[8.125,7.2875,4.875],"to":[9.875,7.7875,5.975],"rotation":{"angle":-22.5,"axis":"x","origin":[8.125,7.7875,4.175]},"faces":{"north":{"uv":[5,1,7,3],"texture":"#texture"},"east":{"uv":[5,1,7,3],"texture":"#texture"},"south":{"uv":[5,1,7,3],"texture":"#texture"},"west":{"uv":[5,1,7,3],"texture":"#texture"},"up":{"uv":[5,1,7,3],"texture":"#texture"},"down":{"uv":[5,1,7,3],"texture":"#texture"}}},{"from":[8.425,7.2875,4.275],"to":[9.575,7.7875,4.475],"rotation":{"angle":-22.5,"axis":"x","origin":[8.125,7.7875,4.175]},"faces":{"north":{"uv":[5,1,7,3],"texture":"#texture"},"east":{"uv":[5,1,7,3],"texture":"#texture"},"south":{"uv":[5,1,7,3],"texture":"#texture"},"west":{"uv":[5,1,7,3],"texture":"#texture"},"up":{"uv":[5,1,7,3],"texture":"#texture"},"down":{"uv":[5,1,7,3],"texture":"#texture"}}},{"from":[8.325,7.2875,4.475],"to":[9.675,7.7875,6.175],"rotation":{"angle":-22.5,"axis":"x","origin":[8.125,7.7875,4.175]},"faces":{"north":{"uv":[5,1,7,3],"texture":"#texture"},"east":{"uv":[5,1,7,3],"texture":"#texture"},"south":{"uv":[5,1,7,3],"texture":"#texture"},"west":{"uv":[5,1,7,3],"texture":"#texture"},"up":{"uv":[5,1,7,3],"texture":"#texture"},"down":{"uv":[5,1,7,3],"texture":"#texture"}}},{"from":[8.45,6.45,3.15],"to":[9.5,7.25,3.2125],"rotation":{"angle":22.5,"axis":"x","origin":[9.7,7.95,3.15]},"faces":{"north":{"uv":[0.25,0.25,9.25,6],"texture":"#furr","rotation":180},"south":{"uv":[9.25,0.25,0.25,6],"texture":"#furr","rotation":180}}},{"from":[8.65,5.2375,0.675],"to":[9.35,5.3,1.6875],"rotation":{"angle":-45,"axis":"x","origin":[8,5.5,0.875]},"faces":{"up":{"uv":[5.75,8.5,8.5,11.5],"texture":"#furr"},"down":{"uv":[8.5,8.5,5.75,11.5],"texture":"#furr","rotation":180}}},{"from":[8.85,5.2375,1.675],"to":[9.15,5.3,2.0875],"rotation":{"angle":-45,"axis":"x","origin":[8,5.5,0.875]},"faces":{"up":{"uv":[0.25,7,9.25,12.75],"texture":"#furr"},"down":{"uv":[9.25,7,0.25,12.75],"texture":"#furr","rotation":180}}},{"from":[7.425,-2.575,11.4],"to":[8.425,-2.5125,12.8],"rotation":{"angle":0,"axis":"z","origin":[8.925,-2.5125,11.1]},"faces":{"up":{"uv":[0.25,0.25,11,6.5],"texture":"#neck","rotation":270},"down":{"uv":[0.25,0.25,11,6.5],"texture":"#neck","rotation":270}}},{"from":[4.94,1.35,11.6],"to":[4.94,2.75,12.6],"rotation":{"angle":-22.5,"axis":"z","origin":[4.95,2,12.1]},"faces":{"west":{"uv":[1,1,12.5,12.5],"texture":"#hand_detail"}}},{"from":[8.2125,2.2,-0.5],"to":[8.5875,2.9,-0.15],"faces":{"north":{"uv":[1,5,3,7],"texture":"#texture"},"east":{"uv":[1,5,3,7],"texture":"#texture"},"south":{"uv":[1,5,3,7],"texture":"#texture"},"west":{"uv":[1,5,3,7],"texture":"#texture"},"up":{"uv":[1,5,3,7],"texture":"#texture"},"down":{"uv":[1,5,3,7],"texture":"#texture"}}},{"from":[8.6125,1.9,-0.6],"to":[8.9875,2.7,-0.25],"faces":{"north":{"uv":[1,5,3,7],"texture":"#texture"},"east":{"uv":[1,5,3,7],"texture":"#texture"},"south":{"uv":[1,5,3,7],"texture":"#texture"},"west":{"uv":[1,5,3,7],"texture":"#texture"},"up":{"uv":[1,5,3,7],"texture":"#texture"},"down":{"uv":[1,5,3,7],"texture":"#texture"}}},{"from":[9.0125,1.9,-0.6],"to":[9.3875,2.7,-0.25],"faces":{"north":{"uv":[1,5,3,7],"texture":"#texture"},"east":{"uv":[1,5,3,7],"texture":"#texture"},"south":{"uv":[1,5,3,7],"texture":"#texture"},"west":{"uv":[1,5,3,7],"texture":"#texture"},"up":{"uv":[1,5,3,7],"texture":"#texture"},"down":{"uv":[1,5,3,7],"texture":"#texture"}}},{"from":[9.4125,1.9,-0.6],"to":[9.7875,2.7,-0.25],"faces":{"north":{"uv":[1,5,3,7],"texture":"#texture"},"east":{"uv":[1,5,3,7],"texture":"#texture"},"south":{"uv":[1,5,3,7],"texture":"#texture"},"west":{"uv":[1,5,3,7],"texture":"#texture"},"up":{"uv":[1,5,3,7],"texture":"#texture"},"down":{"uv":[1,5,3,7],"texture":"#texture"}}},{"from":[8.2125,2.9,-0.5],"to":[8.5875,3.7,-0.15],"rotation":{"angle":22.5,"axis":"x","origin":[8.2125,2.9,-0.5]},"faces":{"north":{"uv":[1,5,3,7],"texture":"#texture"},"east":{"uv":[1,5,3,7],"texture":"#texture"},"south":{"uv":[1,5,3,7],"texture":"#texture"},"west":{"uv":[1,5,3,7],"texture":"#texture"},"up":{"uv":[1,5,3,7],"texture":"#texture"},"down":{"uv":[1,5,3,7],"texture":"#texture"}}},{"from":[8.6125,2.7,-0.6],"to":[8.9875,3.8,-0.25],"rotation":{"angle":22.5,"axis":"x","origin":[9.6125,2.7,-0.6]},"faces":{"north":{"uv":[1,5,3,7],"texture":"#texture"},"east":{"uv":[1,5,3,7],"texture":"#texture"},"south":{"uv":[1,5,3,7],"texture":"#texture"},"west":{"uv":[1,5,3,7],"texture":"#texture"},"up":{"uv":[1,5,3,7],"texture":"#texture"},"down":{"uv":[1,5,3,7],"texture":"#texture"}}},{"from":[9.0125,2.7,-0.6],"to":[9.3875,3.8,-0.25],"rotation":{"angle":22.5,"axis":"x","origin":[9.5125,2.7,-0.6]},"faces":{"north":{"uv":[1,5,3,7],"texture":"#texture"},"east":{"uv":[1,5,3,7],"texture":"#texture"},"south":{"uv":[1,5,3,7],"texture":"#texture"},"west":{"uv":[1,5,3,7],"texture":"#texture"},"up":{"uv":[1,5,3,7],"texture":"#texture"},"down":{"uv":[1,5,3,7],"texture":"#texture"}}},{"from":[9.4125,2.7,-0.6],"to":[9.7875,3.8,-0.25],"rotation":{"angle":22.5,"axis":"x","origin":[9.4125,2.7,-0.6]},"faces":{"north":{"uv":[1,5,3,7],"texture":"#texture"},"east":{"uv":[1,5,3,7],"texture":"#texture"},"south":{"uv":[1,5,3,7],"texture":"#texture"},"west":{"uv":[1,5,3,7],"texture":"#texture"},"up":{"uv":[1,5,3,7],"texture":"#texture"},"down":{"uv":[1,5,3,7],"texture":"#texture"}}},{"from":[7.65,3.3,0.1],"to":[8.025,4.1,0.5],"rotation":{"angle":-45,"axis":"z","origin":[7.65,3.3,0.1]},"faces":{"north":{"uv":[1,5,3,7],"texture":"#texture"},"east":{"uv":[1,5,3,7],"texture":"#texture"},"south":{"uv":[1,5,3,7],"texture":"#texture"},"west":{"uv":[1,5,3,7],"texture":"#texture"},"up":{"uv":[1,5,3,7],"texture":"#texture"},"down":{"uv":[1,5,3,7],"texture":"#texture"}}},{"from":[7.65,2.6,0.1],"to":[8.025,3.3,0.5],"faces":{"north":{"uv":[1,5,3,7],"texture":"#texture"},"east":{"uv":[1,5,3,7],"texture":"#texture"},"south":{"uv":[1,5,3,7],"texture":"#texture"},"west":{"uv":[1,5,3,7],"texture":"#texture"},"up":{"uv":[1,5,3,7],"texture":"#texture"},"down":{"uv":[1,5,3,7],"texture":"#texture"}}},{"from":[8.6,4.175,-0.82],"to":[9.4,4.175,0.43],"rotation":{"angle":-45,"axis":"x","origin":[8,4.375,-0.42]},"faces":{"up":{"uv":[1,12.5,12.5,1],"texture":"#hand_detail"}}},{"from":[8.525,7.9125,4.25],"to":[9.475,7.9125,5.65],"rotation":{"angle":-22.5,"axis":"x","origin":[8.125,7.9125,4.425]},"faces":{"up":{"uv":[11.5,1,1,11],"texture":"#shoulder_detail","rotation":180}}},{"from":[3.225,-2.675,12.35],"to":[4.4625,-2.225,12.6625],"faces":{"north":{"uv":[1,5,3,7],"texture":"#texture"},"east":{"uv":[1,5,3,7],"texture":"#texture"},"south":{"uv":[1,5,3,7],"texture":"#texture"},"west":{"uv":[1,5,3,7],"texture":"#texture"},"up":{"uv":[1,5,3,7],"texture":"#texture"},"down":{"uv":[1,5,3,7],"texture":"#texture"}}},{"from":[3.225,-2.675,11.95],"to":[4.5,-2.225,12.2625],"faces":{"north":{"uv":[1,5,3,7],"texture":"#texture"},"east":{"uv":[1,5,3,7],"texture":"#texture"},"south":{"uv":[1,5,3,7],"texture":"#texture"},"west":{"uv":[1,5,3,7],"texture":"#texture"},"up":{"uv":[1,5,3,7],"texture":"#texture"},"down":{"uv":[1,5,3,7],"texture":"#texture"}}},{"from":[3.225,-2.675,12.75],"to":[4.45,-2.225,13.0625],"faces":{"north":{"uv":[1,5,3,7],"texture":"#texture"},"east":{"uv":[1,5,3,7],"texture":"#texture"},"south":{"uv":[1,5,3,7],"texture":"#texture"},"west":{"uv":[1,5,3,7],"texture":"#texture"},"up":{"uv":[1,5,3,7],"texture":"#texture"},"down":{"uv":[1,5,3,7],"texture":"#texture"}}},{"from":[3.225,-2.675,11.55],"to":[4.4625,-2.225,11.8625],"faces":{"north":{"uv":[1,5,3,7],"texture":"#texture"},"east":{"uv":[1,5,3,7],"texture":"#texture"},"south":{"uv":[1,5,3,7],"texture":"#texture"},"west":{"uv":[1,5,3,7],"texture":"#texture"},"up":{"uv":[1,5,3,7],"texture":"#texture"},"down":{"uv":[1,5,3,7],"texture":"#texture"}}},{"from":[3.475,-2.675,11.15],"to":[4.4625,-2.225,11.4625],"faces":{"north":{"uv":[1,5,3,7],"texture":"#texture"},"east":{"uv":[1,5,3,7],"texture":"#texture"},"south":{"uv":[1,5,3,7],"texture":"#texture"},"west":{"uv":[1,5,3,7],"texture":"#texture"},"up":{"uv":[1,5,3,7],"texture":"#texture"},"down":{"uv":[1,5,3,7],"texture":"#texture"}}},{"from":[16.4375,5.35,7.5],"to":[17.4375,10.2,8.5],"rotation":{"angle":-22.5,"axis":"z","origin":[16.4375,10.1,7.5]},"faces":{"north":{"uv":[1,1,3,3],"texture":"#texture"},"east":{"uv":[1,1,3,3],"texture":"#texture"},"south":{"uv":[1,1,3,3],"texture":"#texture"},"west":{"uv":[1,1,3,3],"texture":"#texture"},"up":{"uv":[1,1,3,3],"texture":"#texture"},"down":{"uv":[1,1,3,3],"texture":"#texture"}}},{"from":[16.25,8.95,7.45],"to":[21.25,10.05,8.55],"rotation":{"angle":45,"axis":"z","origin":[16.25,10.35,7.25]},"faces":{"north":{"uv":[1,1,3,3],"texture":"#texture"},"east":{"uv":[1,1,3,3],"texture":"#texture"},"south":{"uv":[1,1,3,3],"texture":"#texture"},"west":{"uv":[1,1,3,3],"texture":"#texture"},"up":{"uv":[1,1,3,3],"texture":"#texture"},"down":{"uv":[1,1,3,3],"texture":"#texture"}}},{"from":[8.8,-0.1,2.5],"to":[10.05,2.2,3.9],"rotation":{"angle":22.5,"axis":"z","origin":[8.4,-2.7,3.2]},"faces":{"north":{"uv":[9,1,11,3],"texture":"#texture"},"east":{"uv":[9,1,11,3],"texture":"#texture"},"south":{"uv":[9,1,11,3],"texture":"#texture"},"west":{"uv":[9,1,11,3],"texture":"#texture"},"up":{"uv":[9,1,11,3],"texture":"#texture"},"down":{"uv":[9,1,11,3],"texture":"#texture"}}},{"from":[8.6,-2.2,2.5],"to":[10.25,-0.1,3.9],"rotation":{"angle":22.5,"axis":"z","origin":[8.4,-2.7,3.2]},"faces":{"north":{"uv":[9,1,11,3],"texture":"#texture"},"east":{"uv":[9,1,11,3],"texture":"#texture"},"south":{"uv":[9,1,11,3],"texture":"#texture"},"west":{"uv":[9,1,11,3],"texture":"#texture"},"up":{"uv":[9,1,11,3],"texture":"#texture"},"down":{"uv":[9,1,11,3],"texture":"#texture"}}},{"from":[9.1,-2.1,2.6],"to":[10.2,-1.3,3.8],"rotation":{"angle":-22.5,"axis":"z","origin":[10.2,-1.3,3.2]},"faces":{"north":{"uv":[9,1,11,3],"texture":"#texture"},"east":{"uv":[9,1,11,3],"texture":"#texture"},"south":{"uv":[9,1,11,3],"texture":"#texture"},"west":{"uv":[9,1,11,3],"texture":"#texture"},"up":{"uv":[9,1,11,3],"texture":"#texture"},"down":{"uv":[9,1,11,3],"texture":"#texture"}}},{"from":[10.4,-2.7,2.5],"to":[11.1,-2.2,3.9],"rotation":{"angle":22.5,"axis":"z","origin":[8.4,-2.7,3.2]},"faces":{"north":{"uv":[9,1,11,3],"texture":"#texture"},"east":{"uv":[9,1,11,3],"texture":"#texture"},"south":{"uv":[9,1,11,3],"texture":"#texture"},"west":{"uv":[9,1,11,3],"texture":"#texture"},"up":{"uv":[9,1,11,3],"texture":"#texture"},"down":{"uv":[9,1,11,3],"texture":"#texture"}}},{"from":[11.025,-2.575,2.5],"to":[12.025,-2.5125,3.9],"rotation":{"angle":22.5,"axis":"z","origin":[8.4,-2.7,2.2]},"faces":{"up":{"uv":[0.25,0.25,11,6.5],"texture":"#neck","rotation":270},"down":{"uv":[0.25,0.25,11,6.5],"texture":"#neck","rotation":270}}},{"from":[9.4,-2.7,2.4],"to":[10.6,-2.1,4],"rotation":{"angle":22.5,"axis":"z","origin":[8.4,-2.7,3.2]},"faces":{"north":{"uv":[9,1,11,3],"texture":"#texture"},"east":{"uv":[9,1,11,3],"texture":"#texture"},"south":{"uv":[9,1,11,3],"texture":"#texture"},"west":{"uv":[9,1,11,3],"texture":"#texture"},"up":{"uv":[9,1,11,3],"texture":"#texture"},"down":{"uv":[9,1,11,3],"texture":"#texture"}}},{"from":[7.9,-2.7,2.2],"to":[8.4,-2.1,4.2],"faces":{"north":{"uv":[9,1,11,3],"texture":"#texture"},"east":{"uv":[9,1,11,3],"texture":"#texture"},"south":{"uv":[9,1,11,3],"texture":"#texture"},"west":{"uv":[9,1,11,3],"texture":"#texture"},"up":{"uv":[9,1,11,3],"texture":"#texture"},"down":{"uv":[9,1,11,3],"texture":"#texture"}}},{"from":[8.4,-2.7,2.2],"to":[9.4,-2.1,4.2],"rotation":{"angle":22.5,"axis":"z","origin":[8.4,-2.7,3.2]},"faces":{"north":{"uv":[9,1,11,3],"texture":"#texture"},"east":{"uv":[9,1,11,3],"texture":"#texture"},"south":{"uv":[9,1,11,3],"texture":"#texture"},"west":{"uv":[9,1,11,3],"texture":"#texture"},"up":{"uv":[9,1,11,3],"texture":"#texture"},"down":{"uv":[9,1,11,3],"texture":"#texture"}}},{"from":[6.825,-2.675,2.25],"to":[8.0625,-2.225,2.5625],"faces":{"north":{"uv":[1,5,3,7],"texture":"#texture"},"east":{"uv":[1,5,3,7],"texture":"#texture"},"south":{"uv":[1,5,3,7],"texture":"#texture"},"west":{"uv":[1,5,3,7],"texture":"#texture"},"up":{"uv":[1,5,3,7],"texture":"#texture"},"down":{"uv":[1,5,3,7],"texture":"#texture"}}},{"from":[6.825,-2.675,2.65],"to":[8.0625,-2.225,2.9625],"faces":{"north":{"uv":[1,5,3,7],"texture":"#texture"},"east":{"uv":[1,5,3,7],"texture":"#texture"},"south":{"uv":[1,5,3,7],"texture":"#texture"},"west":{"uv":[1,5,3,7],"texture":"#texture"},"up":{"uv":[1,5,3,7],"texture":"#texture"},"down":{"uv":[1,5,3,7],"texture":"#texture"}}},{"from":[6.825,-2.675,3.05],"to":[8.1,-2.225,3.3625],"faces":{"north":{"uv":[1,5,3,7],"texture":"#texture"},"east":{"uv":[1,5,3,7],"texture":"#texture"},"south":{"uv":[1,5,3,7],"texture":"#texture"},"west":{"uv":[1,5,3,7],"texture":"#texture"},"up":{"uv":[1,5,3,7],"texture":"#texture"},"down":{"uv":[1,5,3,7],"texture":"#texture"}}},{"from":[6.825,-2.675,3.45],"to":[8.0625,-2.225,3.7625],"faces":{"north":{"uv":[1,5,3,7],"texture":"#texture"},"east":{"uv":[1,5,3,7],"texture":"#texture"},"south":{"uv":[1,5,3,7],"texture":"#texture"},"west":{"uv":[1,5,3,7],"texture":"#texture"},"up":{"uv":[1,5,3,7],"texture":"#texture"},"down":{"uv":[1,5,3,7],"texture":"#texture"}}},{"from":[7.075,-2.675,3.85],"to":[8.05,-2.225,4.1625],"faces":{"north":{"uv":[1,5,3,7],"texture":"#texture"},"east":{"uv":[1,5,3,7],"texture":"#texture"},"south":{"uv":[1,5,3,7],"texture":"#texture"},"west":{"uv":[1,5,3,7],"texture":"#texture"},"up":{"uv":[1,5,3,7],"texture":"#texture"},"down":{"uv":[1,5,3,7],"texture":"#texture"}}},{"from":[6.85,1.1,2.7],"to":[7.3,3.3,3.7],"rotation":{"angle":-22.5,"axis":"z","origin":[6.85,2,3.15]},"faces":{"north":{"uv":[5,1,7,3],"texture":"#texture"},"east":{"uv":[5,1,7,3],"texture":"#texture"},"south":{"uv":[5,1,7,3],"texture":"#texture"},"west":{"uv":[5,1,7,3],"texture":"#texture"},"up":{"uv":[5,1,7,3],"texture":"#texture"},"down":{"uv":[5,1,7,3],"texture":"#texture"}}},{"from":[6.85,1.35,2.45],"to":[7.3,3.05,3.95],"rotation":{"angle":-22.5,"axis":"z","origin":[6.85,2,3.15]},"faces":{"north":{"uv":[5,1,7,3],"texture":"#texture"},"east":{"uv":[5,1,7,3],"texture":"#texture"},"south":{"uv":[5,1,7,3],"texture":"#texture"},"west":{"uv":[5,1,7,3],"texture":"#texture"},"up":{"uv":[5,1,7,3],"texture":"#texture"},"down":{"uv":[5,1,7,3],"texture":"#texture"}}},{"from":[6.84,1.35,2.7],"to":[6.84,2.75,3.7],"rotation":{"angle":-22.5,"axis":"z","origin":[6.85,2,3.2]},"faces":{"west":{"uv":[1,1,12.5,12.5],"texture":"#hand_detail"}}},{"from":[9.56,9.6,4.2],"to":[9.61,12,7.2],"rotation":{"angle":-45,"axis":"y","origin":[9.56,9.6,4.2]},"faces":{"east":{"uv":[0.25,0.5,14.25,15.75],"texture":"#ear_back"},"west":{"uv":[14.25,0.5,0.25,15.75],"texture":"#ear_front"}}},{"from":[7.68,11.04,5.2],"to":[7.73,12.64,8],"rotation":{"angle":-45,"axis":"z","origin":[7.68,12.64,5.2]},"faces":{"east":{"uv":[0.75,1,15.75,11.75],"texture":"#head"},"west":{"uv":[15.75,1,0.75,11.75],"texture":"#head"}}},{"from":[7.68,11.04,8],"to":[7.73,12.64,10.8],"rotation":{"angle":-45,"axis":"z","origin":[7.68,12.64,8]},"faces":{"east":{"uv":[15.75,1,0.75,11.75],"texture":"#head"},"west":{"uv":[0.75,1,15.75,11.75],"texture":"#head"}}},{"from":[7.36,9.6,9.78536],"to":[7.41,12,12.78536],"rotation":{"angle":45,"axis":"y","origin":[7.36,9.6,9.78536]},"faces":{"east":{"uv":[14.25,0.5,0.25,15.75],"texture":"#ear_back"},"west":{"uv":[0.25,0.5,14.25,15.75],"texture":"#ear_front"}}},{"from":[8.2,9.2,9.71],"to":[10.2,11.2,9.76],"rotation":{"angle":22.5,"axis":"z","origin":[8.2,11.2,9.71]},"faces":{"north":{"uv":[15.75,1,0.75,11.75],"texture":"#head","rotation":270},"south":{"uv":[0.75,1,15.75,11.75],"texture":"#head","rotation":90}}},{"from":[11.2,9.2,8],"to":[11.25,10.8,9.8],"rotation":{"angle":-45,"axis":"z","origin":[11.2,10.8,8]},"faces":{"east":{"uv":[15.75,1,0.75,11.75],"texture":"#head"},"west":{"uv":[0.75,1,15.75,11.75],"texture":"#head"}}},{"from":[11.2,9.2,6.2],"to":[11.25,10.8,8],"rotation":{"angle":-45,"axis":"z","origin":[11.2,10.8,6.2]},"faces":{"east":{"uv":[0.75,1,15.75,11.75],"texture":"#head"},"west":{"uv":[15.75,1,0.75,11.75],"texture":"#head"}}},{"from":[8.2,9.2,6.35],"to":[10.2,11.2,6.4],"rotation":{"angle":22.5,"axis":"z","origin":[8.2,11.2,6.35]},"faces":{"north":{"uv":[15.75,1,0.75,11.75],"texture":"#head","rotation":270},"south":{"uv":[0.75,1,15.75,11.75],"texture":"#head","rotation":90}}},{"from":[7.2,11.254,6.134],"to":[8.6,11.654,6.862],"rotation":{"angle":-22.5,"axis":"x","origin":[7.2,11.654,6.134]},"faces":{"north":{"uv":[9,1,11,3],"texture":"#texture"},"east":{"uv":[9,1,11,3],"texture":"#texture"},"south":{"uv":[9,1,11,3],"texture":"#texture"},"west":{"uv":[9,1,11,3],"texture":"#texture"},"up":{"uv":[9,1,11,3],"texture":"#texture"},"down":{"uv":[9,1,11,3],"texture":"#texture"}}},{"from":[7.2,10.92,6],"to":[8.6,11.52,6.2],"rotation":{"angle":-45,"axis":"x","origin":[7.2,11.52,6]},"faces":{"north":{"uv":[9,1,11,3],"texture":"#texture"},"east":{"uv":[9,1,11,3],"texture":"#texture"},"south":{"uv":[9,1,11,3],"texture":"#texture"},"west":{"uv":[9,1,11,3],"texture":"#texture"},"up":{"uv":[9,1,11,3],"texture":"#texture"},"down":{"uv":[9,1,11,3],"texture":"#texture"}}},{"from":[7.2,9.36,6],"to":[8.6,11.52,10],"faces":{"north":{"uv":[9,1,11,3],"texture":"#texture"},"east":{"uv":[9,1,11,3],"texture":"#texture"},"south":{"uv":[9,1,11,3],"texture":"#texture"},"west":{"uv":[9,1,11,3],"texture":"#texture"},"up":{"uv":[9,1,11,3],"texture":"#texture"},"down":{"uv":[9,1,11,3],"texture":"#texture"}}},{"from":[7.92,8.8,6],"to":[8.8,10.4,10],"rotation":{"angle":45,"axis":"z","origin":[7.6,10.4,6]},"faces":{"north":{"uv":[9,1,11,3],"texture":"#texture"},"east":{"uv":[9,1,11,3],"texture":"#texture"},"south":{"uv":[9,1,11,3],"texture":"#texture"},"west":{"uv":[9,1,11,3],"texture":"#texture"},"up":{"uv":[9,1,11,3],"texture":"#texture"},"down":{"uv":[9,1,11,3],"texture":"#texture"}}},{"from":[6.4,9.36,4.672],"to":[7.528,10.2,6.8],"rotation":{"angle":-45,"axis":"y","origin":[6.4,9.2,9.2]},"faces":{"north":{"uv":[9,1,11,3],"texture":"#texture"},"east":{"uv":[9,1,11,3],"texture":"#texture"},"south":{"uv":[9,1,11,3],"texture":"#texture"},"west":{"uv":[9,1,11,3],"texture":"#texture"},"up":{"uv":[9,1,11,3],"texture":"#texture"},"down":{"uv":[9,1,11,3],"texture":"#texture"}}},{"from":[8.6,9.36,6],"to":[9.6,10.2,10],"faces":{"north":{"uv":[9,1,11,3],"texture":"#texture"},"east":{"uv":[9,1,11,3],"texture":"#texture"},"south":{"uv":[9,1,11,3],"texture":"#texture"},"west":{"uv":[9,1,11,3],"texture":"#texture"},"up":{"uv":[9,1,11,3],"texture":"#texture"},"down":{"uv":[9,1,11,3],"texture":"#texture"}}},{"from":[8.6,9.36,6.8],"to":[10.4,10.2,9.2],"faces":{"north":{"uv":[9,1,11,3],"texture":"#texture"},"east":{"uv":[9,1,11,3],"texture":"#texture"},"south":{"uv":[9,1,11,3],"texture":"#texture"},"west":{"uv":[9,1,11,3],"texture":"#texture"},"up":{"uv":[9,1,11,3],"texture":"#texture"},"down":{"uv":[9,1,11,3],"texture":"#texture"}}},{"from":[9.834,8.798,6.8],"to":[10.634,9.926,9.2],"rotation":{"angle":-45,"axis":"z","origin":[9.834,9.926,6.8]},"faces":{"north":{"uv":[9,1,11,3],"texture":"#texture"},"east":{"uv":[9,1,11,3],"texture":"#texture"},"south":{"uv":[9,1,11,3],"texture":"#texture"},"west":{"uv":[9,1,11,3],"texture":"#texture"},"up":{"uv":[9,1,11,3],"texture":"#texture"},"down":{"uv":[9,1,11,3],"texture":"#texture"}}},{"from":[7.2,8.232,6],"to":[9.6,9.36,7],"rotation":{"angle":-45,"axis":"x","origin":[8.6,9.36,6]},"faces":{"north":{"uv":[9,1,11,3],"texture":"#texture"},"east":{"uv":[9,1,11,3],"texture":"#texture"},"south":{"uv":[9,1,11,3],"texture":"#texture"},"west":{"uv":[9,1,11,3],"texture":"#texture"},"up":{"uv":[9,1,11,3],"texture":"#texture"},"down":{"uv":[9,1,11,3],"texture":"#texture"}}},{"from":[6.4,9.36,6.8],"to":[7.528,10.44,8.128],"rotation":{"angle":45,"axis":"y","origin":[6.4,9.2,6.8]},"faces":{"north":{"uv":[10,0,16,10],"texture":"#furr"},"east":{"uv":[9,1,11,3],"texture":"#texture"},"south":{"uv":[9,1,11,3],"texture":"#texture"},"west":{"uv":[9,1,11,3],"texture":"#texture"},"up":{"uv":[9,1,11,3],"texture":"#texture"},"down":{"uv":[9,1,11,3],"texture":"#texture"}}},{"from":[6.38,10.04,6.8],"to":[7.18,10.88,7.8],"faces":{"east":{"uv":[0.25,0.25,9,9.5],"texture":"#particle"},"west":{"uv":[9,0.25,0.25,10.25],"texture":"#particle"}}},{"from":[7.08,10.04,6.1],"to":[7.88,10.88,7.1],"rotation":{"angle":-45,"axis":"y","origin":[7.08,9.96,6.1]},"faces":{"east":{"uv":[9,0.25,15.5,9.5],"texture":"#particle"},"west":{"uv":[15.5,0.25,9,10.25],"texture":"#particle"}}},{"from":[6.2,10.6,6.6],"to":[7,11.32,7.4],"rotation":{"angle":45,"axis":"y","origin":[6.2,10.6,6.6]},"faces":{"north":{"uv":[5,5,7,7],"texture":"#texture"},"east":{"uv":[5,5,7,7],"texture":"#texture"},"south":{"uv":[5,5,7,7],"texture":"#texture"},"west":{"uv":[5,5,7,7],"texture":"#texture"},"up":{"uv":[5,5,7,7],"texture":"#texture"},"down":{"uv":[5,5,7,7],"texture":"#texture"}}},{"from":[6.2,10.6,6.6],"to":[7,11.32,7.4],"faces":{"north":{"uv":[5,5,7,7],"texture":"#texture"},"east":{"uv":[5,5,7,7],"texture":"#texture"},"south":{"uv":[5,5,7,7],"texture":"#texture"},"west":{"uv":[5,5,7,7],"texture":"#texture"},"up":{"uv":[5,5,7,7],"texture":"#texture"},"down":{"uv":[5,5,7,7],"texture":"#texture"}}},{"from":[6.2,10.68,7.4],"to":[7,11.32,8.4],"rotation":{"angle":45,"axis":"x","origin":[6.2,11.32,7.4]},"faces":{"north":{"uv":[5,5,7,7],"texture":"#texture"},"east":{"uv":[5,5,7,7],"texture":"#texture"},"south":{"uv":[5,5,7,7],"texture":"#texture"},"west":{"uv":[5,5,7,7],"texture":"#texture"},"up":{"uv":[5,5,7,7],"texture":"#texture"},"down":{"uv":[5,5,7,7],"texture":"#texture"}}},{"from":[6.2,10.08,8],"to":[7,10.72,8.64],"rotation":{"angle":45,"axis":"x","origin":[6.2,10.72,8]},"faces":{"north":{"uv":[5,5,7,7],"texture":"#texture"},"east":{"uv":[5,5,7,7],"texture":"#texture"},"south":{"uv":[5,5,7,7],"texture":"#texture"},"west":{"uv":[5,5,7,7],"texture":"#texture"},"up":{"uv":[5,5,7,7],"texture":"#texture"},"down":{"uv":[5,5,7,7],"texture":"#texture"}}},{"from":[6.2,10.32,8.6],"to":[7,11.32,9.24],"rotation":{"angle":45,"axis":"x","origin":[6.2,11.32,8.6]},"faces":{"north":{"uv":[5,5,7,7],"texture":"#texture"},"east":{"uv":[5,5,7,7],"texture":"#texture"},"south":{"uv":[5,5,7,7],"texture":"#texture"},"west":{"uv":[5,5,7,7],"texture":"#texture"},"up":{"uv":[5,5,7,7],"texture":"#texture"},"down":{"uv":[5,5,7,7],"texture":"#texture"}}},{"from":[6.2,10.6,8.6],"to":[7,11.32,9.4],"faces":{"north":{"uv":[5,5,7,7],"texture":"#texture"},"east":{"uv":[5,5,7,7],"texture":"#texture"},"south":{"uv":[5,5,7,7],"texture":"#texture"},"west":{"uv":[5,5,7,7],"texture":"#texture"},"up":{"uv":[5,5,7,7],"texture":"#texture"},"down":{"uv":[5,5,7,7],"texture":"#texture"}}},{"from":[6.2,10.6,9.4],"to":[7,11.32,10.2],"rotation":{"angle":45,"axis":"y","origin":[6.2,10.6,9.4]},"faces":{"north":{"uv":[5,5,7,7],"texture":"#texture"},"east":{"uv":[5,5,7,7],"texture":"#texture"},"south":{"uv":[5,5,7,7],"texture":"#texture"},"west":{"uv":[5,5,7,7],"texture":"#texture"},"up":{"uv":[5,5,7,7],"texture":"#texture"},"down":{"uv":[5,5,7,7],"texture":"#texture"}}},{"from":[6.35,10.04,9.184],"to":[7.15,10.88,10.184],"rotation":{"angle":45,"axis":"y","origin":[6.35,9.96,9.184]},"faces":{"east":{"uv":[15.5,0.25,9,9.5],"texture":"#particle"},"west":{"uv":[9,0.25,15.5,10.25],"texture":"#particle"}}},{"from":[6.38,10.04,8.2],"to":[7.18,10.88,9.2],"faces":{"east":{"uv":[9,0.25,0.25,9.5],"texture":"#particle"},"west":{"uv":[0.25,0.25,9,10.25],"texture":"#particle"}}},{"from":[5.8,9.04,6.76],"to":[7.2,9.44,9.24],"rotation":{"angle":45,"axis":"z","origin":[5.8,9.44,6.6]},"faces":{"north":{"uv":[1,1,3,3],"texture":"#texture"},"east":{"uv":[1,1,3,3],"texture":"#texture"},"south":{"uv":[1,1,3,3],"texture":"#texture"},"west":{"uv":[1,1,3,3],"texture":"#texture"},"up":{"uv":[1,1,3,3],"texture":"#texture"},"down":{"uv":[1,1,3,3],"texture":"#texture"}}},{"from":[5.792,9.08,7.64],"to":[5.792,9.36,7.72],"rotation":{"angle":-22.5,"axis":"x","origin":[5.792,9.18,7.68]},"faces":{"west":{"uv":[13,5,15,7],"texture":"#texture"}}},{"from":[5.792,9.08,8.28],"to":[5.792,9.36,8.36],"rotation":{"angle":22.5,"axis":"x","origin":[5.792,9.18,8.32]},"faces":{"west":{"uv":[13,5,15,7],"texture":"#texture"}}},{"from":[5.8,9,6.76],"to":[7.2,9.44,9.24],"faces":{"north":{"uv":[1,1,3,3],"texture":"#texture"},"east":{"uv":[1,1,3,3],"texture":"#texture"},"south":{"uv":[1,1,3,3],"texture":"#texture"},"west":{"uv":[1,1,3,3],"texture":"#texture"},"up":{"uv":[1,1,3,3],"texture":"#texture"},"down":{"uv":[1,1,3,3],"texture":"#texture"}}},{"from":[5.8,9,6.76],"to":[7.2,9.44,7.56],"rotation":{"angle":22.5,"axis":"y","origin":[5.8,9,6.76]},"faces":{"north":{"uv":[1,1,3,3],"texture":"#texture"},"east":{"uv":[1,1,3,3],"texture":"#texture"},"south":{"uv":[1,1,3,3],"texture":"#texture"},"west":{"uv":[1,1,3,3],"texture":"#texture"},"up":{"uv":[1,1,3,3],"texture":"#texture"},"down":{"uv":[1,1,3,3],"texture":"#texture"}}},{"from":[6.2,8.2,6.76],"to":[7.6,8.6,9.24],"rotation":{"angle":22.5,"axis":"z","origin":[6.2,8.6,6.6]},"faces":{"north":{"uv":[1,1,3,3],"texture":"#texture"},"east":{"uv":[1,1,3,3],"texture":"#texture"},"south":{"uv":[1,1,3,3],"texture":"#texture"},"west":{"uv":[1,1,3,3],"texture":"#texture"},"up":{"uv":[1,1,3,3],"texture":"#texture"},"down":{"uv":[1,1,3,3],"texture":"#texture"}}},{"from":[6.65,9.05,6.76],"to":[7.64,9.85,9.24],"rotation":{"angle":-45,"axis":"z","origin":[6.65,9.85,6.6]},"faces":{"north":{"uv":[1,1,3,3],"texture":"#texture"},"east":{"uv":[1,1,3,3],"texture":"#texture"},"south":{"uv":[1,1,3,3],"texture":"#texture"},"west":{"uv":[1,1,3,3],"texture":"#texture"},"up":{"uv":[1,1,3,3],"texture":"#texture"},"down":{"uv":[9,5,11,7],"texture":"#texture"}}},{"from":[6.2,9,8.84],"to":[6.6,9.4,9.04],"rotation":{"angle":-45,"axis":"z","origin":[6.2,9.4,8.84]},"faces":{"north":{"uv":[9,1,11,3],"texture":"#texture"},"east":{"uv":[9,1,11,3],"texture":"#texture"},"south":{"uv":[9,1,11,3],"texture":"#texture"},"west":{"uv":[9,1,11,3],"texture":"#texture"},"up":{"uv":[9,1,11,3],"texture":"#texture"},"down":{"uv":[9,1,11,3],"texture":"#texture"}}},{"from":[5.9,8.97,6.81],"to":[6.65,9.32,9.19],"faces":{"north":{"uv":[9,5,11,7],"texture":"#texture"},"east":{"uv":[9,5,11,7],"texture":"#texture"},"south":{"uv":[9,5,11,7],"texture":"#texture"},"west":{"uv":[9,5,11,7],"texture":"#texture"},"up":{"uv":[9,5,11,7],"texture":"#texture"},"down":{"uv":[9,5,11,7],"texture":"#texture"}}},{"from":[6.2,9,6.96],"to":[6.6,9.4,7.16],"rotation":{"angle":-45,"axis":"z","origin":[6.2,9.4,6.96]},"faces":{"north":{"uv":[9,1,11,3],"texture":"#texture"},"east":{"uv":[9,1,11,3],"texture":"#texture"},"south":{"uv":[9,1,11,3],"texture":"#texture"},"west":{"uv":[9,1,11,3],"texture":"#texture"},"up":{"uv":[9,1,11,3],"texture":"#texture"},"down":{"uv":[9,1,11,3],"texture":"#texture"}}},{"from":[7.2,8.932,9.3],"to":[9.6,10.06,10.3],"rotation":{"angle":45,"axis":"x","origin":[8.6,10.06,9.3]},"faces":{"north":{"uv":[9,1,11,3],"texture":"#texture"},"east":{"uv":[9,1,11,3],"texture":"#texture"},"south":{"uv":[9,1,11,3],"texture":"#texture"},"west":{"uv":[9,1,11,3],"texture":"#texture"},"up":{"uv":[9,1,11,3],"texture":"#texture"},"down":{"uv":[9,1,11,3],"texture":"#texture"}}},{"from":[7.44,8.12,6.4],"to":[10.04,11.24,9.6],"rotation":{"angle":45,"axis":"z","origin":[6.64,11.32,6.8]},"faces":{"north":{"uv":[3.5,4.25,6.75,6],"texture":"#fire_base"},"east":{"uv":[2,4,6,5.75],"texture":"#fire_base"},"south":{"uv":[3,4.75,6.25,6.5],"texture":"#fire_base"},"west":{"uv":[3.75,4.75,7.75,6.5],"texture":"#fire_base"},"up":{"uv":[4.5,3.5,7.75,7.5],"texture":"#fire_base"},"down":{"uv":[4,3.5,7.25,7.5],"texture":"#fire_base"}}},{"from":[9.04,11.12,6.8],"to":[9.84,13.57,9.2],"rotation":{"angle":22.5,"axis":"z","origin":[9.04,13.52,7]},"faces":{"north":{"uv":[3.5,4.25,6.75,6],"texture":"#fire_base"},"east":{"uv":[2,4,6,5.75],"texture":"#fire_base"},"south":{"uv":[3,4.75,6.25,6.5],"texture":"#fire_base"},"west":{"uv":[3.75,4.75,7.75,6.5],"texture":"#fire_base"},"up":{"uv":[4.5,3.5,7.75,7.5],"texture":"#fire_base"},"down":{"uv":[4,3.5,7.25,7.5],"texture":"#fire_base"}}},{"from":[9.782,11.34,6.8],"to":[11.982,13.74,9.2],"rotation":{"angle":22.5,"axis":"z","origin":[9.782,13.74,7]},"faces":{"north":{"uv":[3.5,4.25,6.75,6],"texture":"#fire_base3"},"east":{"uv":[2,4,6,5.75],"texture":"#fire_base3"},"south":{"uv":[3,4.75,6.25,6.5],"texture":"#fire_base3"},"west":{"uv":[3.75,4.75,7.75,6.5],"texture":"#fire_base3"},"up":{"uv":[4.5,3.5,7.75,7.5],"texture":"#fire_base3"},"down":{"uv":[4,3.5,7.25,7.5],"texture":"#fire_base3"}}},{"from":[9.84,12.92,7.9],"to":[11.84,13.52,7.95],"rotation":{"angle":45,"axis":"z","origin":[9.84,13.52,7.9]},"faces":{"north":{"uv":[3.5,4.25,6.75,6],"texture":"#fire_base3"},"east":{"uv":[2,4,6,5.75],"texture":"#fire_base3"},"south":{"uv":[3,4.75,6.25,6.5],"texture":"#fire_base3"},"west":{"uv":[3.75,4.75,7.75,6.5],"texture":"#fire_base3"},"up":{"uv":[4.5,3.5,7.75,7.5],"texture":"#fire_base3"},"down":{"uv":[4,3.5,7.25,7.5],"texture":"#fire_base3"}}},{"from":[11.84,12.68,7.2],"to":[13.64,14.28,8.8],"faces":{"north":{"uv":[3.5,4.25,6.75,6],"texture":"#fire_base3"},"east":{"uv":[2,4,6,5.75],"texture":"#fire_base3"},"south":{"uv":[3,4.75,6.25,6.5],"texture":"#fire_base3"},"west":{"uv":[3.75,4.75,7.75,6.5],"texture":"#fire_base3"},"up":{"uv":[4.5,3.5,7.75,7.5],"texture":"#fire_base3"},"down":{"uv":[4,3.5,7.25,7.5],"texture":"#fire_base3"}}},{"from":[13.64,13.28,7.9],"to":[14.84,13.88,7.95],"rotation":{"angle":45,"axis":"z","origin":[13.64,13.88,7.9]},"faces":{"north":{"uv":[3.5,4.25,6.75,6],"texture":"#fire_base2"},"east":{"uv":[2,4,6,5.75],"texture":"#fire_base2"},"south":{"uv":[3,4.75,6.25,6.5],"texture":"#fire_base2"},"west":{"uv":[3.75,4.75,7.75,6.5],"texture":"#fire_base2"},"up":{"uv":[4.5,3.5,7.75,7.5],"texture":"#fire_base2"},"down":{"uv":[4,3.5,7.25,7.5],"texture":"#fire_base2"}}},{"from":[13.64,12.68,7.2],"to":[14.24,14.28,8.8],"faces":{"north":{"uv":[3.5,4.25,6.75,6],"texture":"#fire_base2"},"east":{"uv":[2,4,6,5.75],"texture":"#fire_base2"},"south":{"uv":[3,4.75,6.25,6.5],"texture":"#fire_base2"},"west":{"uv":[3.75,4.75,7.75,6.5],"texture":"#fire_base2"},"up":{"uv":[4.5,3.5,7.75,7.5],"texture":"#fire_base2"},"down":{"uv":[4,3.5,7.25,7.5],"texture":"#fire_base2"}}},{"from":[13.64,12.68,7.6],"to":[15.84,13.88,8.4],"rotation":{"angle":22.5,"axis":"z","origin":[13.64,13.88,7.6]},"faces":{"north":{"uv":[3.5,4.25,6.75,6],"texture":"#fire_base2"},"east":{"uv":[2,4,6,5.75],"texture":"#fire_base2"},"south":{"uv":[3,4.75,6.25,6.5],"texture":"#fire_base2"},"west":{"uv":[3.75,4.75,7.75,6.5],"texture":"#fire_base2"},"up":{"uv":[4.5,3.5,7.75,7.5],"texture":"#fire_base2"},"down":{"uv":[4,3.5,7.25,7.5],"texture":"#fire_base2"}}},{"from":[14.84,13.28,7.9],"to":[16.04,13.88,7.95],"rotation":{"angle":45,"axis":"z","origin":[14.84,13.88,7.9]},"faces":{"north":{"uv":[3.5,4.25,6.75,6],"texture":"#fire_base2"},"east":{"uv":[2,4,6,5.75],"texture":"#fire_base2"},"south":{"uv":[3,4.75,6.25,6.5],"texture":"#fire_base2"},"west":{"uv":[3.75,4.75,7.75,6.5],"texture":"#fire_base2"},"up":{"uv":[4.5,3.5,7.75,7.5],"texture":"#fire_base2"},"down":{"uv":[4,3.5,7.25,7.5],"texture":"#fire_base2"}}},{"from":[15.04,13.48,7.9],"to":[16.24,14.08,7.95],"rotation":{"angle":-22.5,"axis":"z","origin":[15.04,14.08,7.9]},"faces":{"north":{"uv":[3.5,4.25,6.75,6],"texture":"#fire_base2"},"east":{"uv":[2,4,6,5.75],"texture":"#fire_base2"},"south":{"uv":[3,4.75,6.25,6.5],"texture":"#fire_base2"},"west":{"uv":[3.75,4.75,7.75,6.5],"texture":"#fire_base2"},"up":{"uv":[4.5,3.5,7.75,7.5],"texture":"#fire_base2"},"down":{"uv":[4,3.5,7.25,7.5],"texture":"#fire_base2"}}},{"from":[11.84,12.88,7.9],"to":[13.84,13.48,7.95],"rotation":{"angle":-22.5,"axis":"z","origin":[11.84,13.48,7.9]},"faces":{"north":{"uv":[3.5,4.25,6.75,6],"texture":"#fire_base3"},"east":{"uv":[2,4,6,5.75],"texture":"#fire_base3"},"south":{"uv":[3,4.75,6.25,6.5],"texture":"#fire_base3"},"west":{"uv":[3.75,4.75,7.75,6.5],"texture":"#fire_base3"},"up":{"uv":[4.5,3.5,7.75,7.5],"texture":"#fire_base3"},"down":{"uv":[4,3.5,7.25,7.5],"texture":"#fire_base3"}}},{"from":[10.32,11.36,7.9],"to":[11.72,12.16,7.95],"faces":{"north":{"uv":[3.5,4.25,6.75,6],"texture":"#fire_base"},"east":{"uv":[2,4,6,5.75],"texture":"#fire_base"},"south":{"uv":[3,4.75,6.25,6.5],"texture":"#fire_base"},"west":{"uv":[3.75,4.75,7.75,6.5],"texture":"#fire_base"},"up":{"uv":[4.5,3.5,7.75,7.5],"texture":"#fire_base"},"down":{"uv":[4,3.5,7.25,7.5],"texture":"#fire_base"}}},{"from":[7.2,11.054,9.866],"to":[8.6,11.654,10.066],"rotation":{"angle":45,"axis":"x","origin":[7.2,11.654,9.866]},"faces":{"north":{"uv":[9,1,11,3],"texture":"#texture"},"east":{"uv":[9,1,11,3],"texture":"#texture"},"south":{"uv":[9,1,11,3],"texture":"#texture"},"west":{"uv":[9,1,11,3],"texture":"#texture"},"up":{"uv":[9,1,11,3],"texture":"#texture"},"down":{"uv":[9,1,11,3],"texture":"#texture"}}},{"from":[7.2,11.52,9.2],"to":[8.6,11.92,9.928],"rotation":{"angle":22.5,"axis":"x","origin":[7.2,11.92,9.2]},"faces":{"north":{"uv":[9,1,11,3],"texture":"#texture"},"east":{"uv":[9,1,11,3],"texture":"#texture"},"south":{"uv":[9,1,11,3],"texture":"#texture"},"west":{"uv":[9,1,11,3],"texture":"#texture"},"up":{"uv":[9,1,11,3],"texture":"#texture"},"down":{"uv":[9,1,11,3],"texture":"#texture"}}},{"from":[6.4,9.36,9.2],"to":[7.528,10.2,11.328],"rotation":{"angle":45,"axis":"y","origin":[6.4,9.2,6.8]},"faces":{"north":{"uv":[9,1,11,3],"texture":"#texture"},"east":{"uv":[9,1,11,3],"texture":"#texture"},"south":{"uv":[9,1,11,3],"texture":"#texture"},"west":{"uv":[9,1,11,3],"texture":"#texture"},"up":{"uv":[9,1,11,3],"texture":"#texture"},"down":{"uv":[9,1,11,3],"texture":"#texture"}}},{"from":[6.1,9,8.5],"to":[7.5,9.44,9.3],"rotation":{"angle":-22.5,"axis":"y","origin":[6.1,9,8.5]},"faces":{"north":{"uv":[1,1,3,3],"texture":"#texture"},"east":{"uv":[1,1,3,3],"texture":"#texture"},"south":{"uv":[1,1,3,3],"texture":"#texture"},"west":{"uv":[1,1,3,3],"texture":"#texture"},"up":{"uv":[1,1,3,3],"texture":"#texture"},"down":{"uv":[1,1,3,3],"texture":"#texture"}}},{"from":[6.68,10.68,8.6],"to":[7.24,11.16,9.32],"rotation":{"angle":-45,"axis":"y","origin":[6.2,10.6,9.4]},"faces":{"north":{"uv":[5,5,7,7],"texture":"#texture"},"east":{"uv":[5,5,7,7],"texture":"#texture"},"south":{"uv":[5,5,7,7],"texture":"#texture"},"west":{"uv":[5,5,7,7],"texture":"#texture"},"up":{"uv":[5,5,7,7],"texture":"#texture"},"down":{"uv":[5,5,7,7],"texture":"#texture"}}},{"from":[6.4,10.44,8.4],"to":[7.528,11.52,9.2],"rotation":{"angle":-45,"axis":"y","origin":[6.4,10.2,9.2]},"faces":{"north":{"uv":[9,1,11,3],"texture":"#texture"},"east":{"uv":[9,1,11,3],"texture":"#texture"},"south":{"uv":[9,1,11,3],"texture":"#texture"},"west":{"uv":[9,1,11,3],"texture":"#texture"},"up":{"uv":[9,1,11,3],"texture":"#texture"},"down":{"uv":[9,1,11,3],"texture":"#texture"}}},{"from":[6.4,10.72,6.8],"to":[8.6,11.52,9.2],"faces":{"north":{"uv":[9,1,11,3],"texture":"#texture"},"east":{"uv":[9,1,11,3],"texture":"#texture"},"south":{"uv":[9,1,11,3],"texture":"#texture"},"west":{"uv":[9,1,11,3],"texture":"#texture"},"up":{"uv":[9,1,11,3],"texture":"#texture"},"down":{"uv":[9,1,11,3],"texture":"#texture"}}},{"from":[6.25,8.25,6.96],"to":[7.65,8.65,9.04],"rotation":{"angle":22.5,"axis":"z","origin":[6.25,8.65,6.8]},"faces":{"north":{"uv":[5,5,7,7],"texture":"#texture"},"east":{"uv":[5,5,7,7],"texture":"#texture"},"south":{"uv":[5,5,7,7],"texture":"#texture"},"west":{"uv":[5,5,7,7],"texture":"#texture"},"up":{"uv":[5,5,7,7],"texture":"#texture"},"down":{"uv":[5,5,7,7],"texture":"#texture"}}},{"from":[6.68,10.68,6.68],"to":[7.24,11.16,7.4],"rotation":{"angle":45,"axis":"y","origin":[6.2,10.6,6.6]},"faces":{"north":{"uv":[5,5,7,7],"texture":"#texture"},"east":{"uv":[5,5,7,7],"texture":"#texture"},"south":{"uv":[5,5,7,7],"texture":"#texture"},"west":{"uv":[5,5,7,7],"texture":"#texture"},"up":{"uv":[5,5,7,7],"texture":"#texture"},"down":{"uv":[5,5,7,7],"texture":"#texture"}}},{"from":[8.56,12.44,7.9],"to":[9.16,13.84,7.95],"rotation":{"angle":-22.5,"axis":"z","origin":[8.56,13.84,7.9]},"faces":{"north":{"uv":[3.5,4.25,6.75,6],"texture":"#fire_base"},"east":{"uv":[2,4,6,5.75],"texture":"#fire_base"},"south":{"uv":[3,4.75,6.25,6.5],"texture":"#fire_base"},"west":{"uv":[3.75,4.75,7.75,6.5],"texture":"#fire_base"},"up":{"uv":[4.5,3.5,7.75,7.5],"texture":"#fire_base"},"down":{"uv":[4,3.5,7.25,7.5],"texture":"#fire_base"}}},{"from":[7.2,8.56,6.8],"to":[9.6,11.92,9.2],"faces":{"north":{"uv":[9,1,11,3],"texture":"#texture"},"east":{"uv":[9,1,11,3],"texture":"#texture"},"south":{"uv":[9,1,11,3],"texture":"#texture"},"west":{"uv":[9,1,11,3],"texture":"#texture"},"up":{"uv":[9,1,11,3],"texture":"#texture"},"down":{"uv":[9,1,11,3],"texture":"#texture"}}},{"from":[6.4,9.36,7.872],"to":[7.528,10.44,9.2],"rotation":{"angle":-45,"axis":"y","origin":[6.4,9.2,9.2]},"faces":{"north":{"uv":[9,1,11,3],"texture":"#texture"},"east":{"uv":[9,1,11,3],"texture":"#texture"},"south":{"uv":[16,0,10,10],"texture":"#furr"},"west":{"uv":[9,1,11,3],"texture":"#texture"},"up":{"uv":[9,1,11,3],"texture":"#texture"},"down":{"uv":[9,1,11,3],"texture":"#texture"}}},{"from":[6.4,10.96,6.8],"to":[7.4,11.52,9.2],"rotation":{"angle":22.5,"axis":"z","origin":[6.4,11.52,6.8]},"faces":{"north":{"uv":[9,1,11,3],"texture":"#texture"},"east":{"uv":[9,1,11,3],"texture":"#texture"},"south":{"uv":[9,1,11,3],"texture":"#texture"},"west":{"uv":[9,1,11,3],"texture":"#texture"},"up":{"uv":[9,1,11,3],"texture":"#texture"},"down":{"uv":[9,1,11,3],"texture":"#texture"}}},{"from":[6.4,10.44,6.8],"to":[7.528,11.52,7.6],"rotation":{"angle":45,"axis":"y","origin":[6.4,10.2,6.8]},"faces":{"north":{"uv":[9,1,11,3],"texture":"#texture"},"east":{"uv":[9,1,11,3],"texture":"#texture"},"south":{"uv":[9,1,11,3],"texture":"#texture"},"west":{"uv":[9,1,11,3],"texture":"#texture"},"up":{"uv":[9,1,11,3],"texture":"#texture"},"down":{"uv":[9,1,11,3],"texture":"#texture"}}},{"from":[6.4,9.2,6.8],"to":[8.6,10.64,9.2],"faces":{"north":{"uv":[1,1,3,3],"texture":"#texture"},"east":{"uv":[1,1,3,3],"texture":"#texture"},"south":{"uv":[1,1,3,3],"texture":"#texture"},"west":{"uv":[1,1,3,3],"texture":"#texture"},"up":{"uv":[1,1,3,3],"texture":"#texture"},"down":{"uv":[1,1,3,3],"texture":"#texture"}}},{"from":[8.525,7.9125,10.35],"to":[9.475,7.9125,11.75],"rotation":{"angle":22.5,"axis":"x","origin":[8.125,7.9125,11.575]},"faces":{"up":{"uv":[11.5,11,1,1],"texture":"#shoulder_detail","rotation":180}}},{"from":[8.425,7.2875,11.525],"to":[9.575,7.7875,11.725],"rotation":{"angle":22.5,"axis":"x","origin":[8.125,7.7875,11.825]},"faces":{"north":{"uv":[5,1,7,3],"texture":"#texture"},"east":{"uv":[5,1,7,3],"texture":"#texture"},"south":{"uv":[5,1,7,3],"texture":"#texture"},"west":{"uv":[5,1,7,3],"texture":"#texture"},"up":{"uv":[5,1,7,3],"texture":"#texture"},"down":{"uv":[5,1,7,3],"texture":"#texture"}}},{"from":[8.325,7.2875,9.825],"to":[9.675,7.7875,11.525],"rotation":{"angle":22.5,"axis":"x","origin":[8.125,7.7875,11.825]},"faces":{"north":{"uv":[5,1,7,3],"texture":"#texture"},"east":{"uv":[5,1,7,3],"texture":"#texture"},"south":{"uv":[5,1,7,3],"texture":"#texture"},"west":{"uv":[5,1,7,3],"texture":"#texture"},"up":{"uv":[5,1,7,3],"texture":"#texture"},"down":{"uv":[5,1,7,3],"texture":"#texture"}}},{"from":[8.125,7.2875,10.025],"to":[9.875,7.7875,11.125],"rotation":{"angle":22.5,"axis":"x","origin":[8.125,7.7875,11.825]},"faces":{"north":{"uv":[5,1,7,3],"texture":"#texture"},"east":{"uv":[5,1,7,3],"texture":"#texture"},"south":{"uv":[5,1,7,3],"texture":"#texture"},"west":{"uv":[5,1,7,3],"texture":"#texture"},"up":{"uv":[5,1,7,3],"texture":"#texture"},"down":{"uv":[5,1,7,3],"texture":"#texture"}}},{"from":[8.45,5.5,9.95],"to":[9.55,6.55,13.5],"rotation":{"angle":22.5,"axis":"x","origin":[8.25,6.75,13.5]},"faces":{"north":{"uv":[1,1,3,3],"texture":"#texture"},"east":{"uv":[1,1,3,3],"texture":"#texture"},"south":{"uv":[1,1,3,3],"texture":"#texture"},"west":{"uv":[1,1,3,3],"texture":"#texture"},"up":{"uv":[1,1,3,3],"texture":"#texture"},"down":{"uv":[1,1,3,3],"texture":"#texture"}}},{"from":[8.45,6.45,12.7875],"to":[9.5,7.25,12.85],"rotation":{"angle":-22.5,"axis":"x","origin":[9.7,7.95,12.85]},"faces":{"north":{"uv":[0.25,0.25,9.25,6],"texture":"#furr","rotation":180},"south":{"uv":[9.25,0.25,0.25,6],"texture":"#furr","rotation":180}}},{"from":[8.4,4.8,12.2073],"to":[9.6,6.8,13.1573],"rotation":{"angle":-45,"axis":"x","origin":[8,7,13.55729]},"faces":{"north":{"uv":[1,1,3,3],"texture":"#texture"},"east":{"uv":[1,1,3,3],"texture":"#texture"},"south":{"uv":[1,1,3,3],"texture":"#texture"},"west":{"uv":[1,1,3,3],"texture":"#texture"},"up":{"uv":[1,1,3,3],"texture":"#texture"},"down":{"uv":[1,1,3,3],"texture":"#texture"}}},{"from":[8.65,5.2375,14.3125],"to":[9.35,5.3,15.325],"rotation":{"angle":45,"axis":"x","origin":[8,5.5,15.125]},"faces":{"up":{"uv":[5.75,11.5,8.5,8.5],"texture":"#furr"},"down":{"uv":[8.5,11.5,5.75,8.5],"texture":"#furr","rotation":180}}},{"from":[8.85,5.2375,13.9125],"to":[9.15,5.3,14.325],"rotation":{"angle":45,"axis":"x","origin":[8,5.5,15.125]},"faces":{"up":{"uv":[0.25,12.75,9.25,7],"texture":"#furr"},"down":{"uv":[9.25,12.75,0.25,7],"texture":"#furr","rotation":180}}},{"from":[8.275,3.2875,14.4858],"to":[9.725,3.4875,14.8858],"rotation":{"angle":-45,"axis":"x","origin":[7.875,5.6875,15.08581]},"faces":{"north":{"uv":[5,1,7,3],"texture":"#texture"},"east":{"uv":[5,1,7,3],"texture":"#texture"},"south":{"uv":[5,1,7,3],"texture":"#texture"},"west":{"uv":[5,1,7,3],"texture":"#texture"},"up":{"uv":[5,1,7,3],"texture":"#texture"},"down":{"uv":[5,1,7,3],"texture":"#texture"}}},{"from":[8.275,5.1875,14.4858],"to":[9.725,5.3875,14.8858],"rotation":{"angle":-45,"axis":"x","origin":[7.875,5.6875,15.08581]},"faces":{"north":{"uv":[5,1,7,3],"texture":"#texture"},"east":{"uv":[5,1,7,3],"texture":"#texture"},"south":{"uv":[5,1,7,3],"texture":"#texture"},"west":{"uv":[5,1,7,3],"texture":"#texture"},"up":{"uv":[5,1,7,3],"texture":"#texture"},"down":{"uv":[5,1,7,3],"texture":"#texture"}}},{"from":[8.075,3.4875,14.4858],"to":[9.925,5.1875,14.8858],"rotation":{"angle":-45,"axis":"x","origin":[7.875,5.6875,15.08581]},"faces":{"north":{"uv":[5,1,7,3],"texture":"#texture"},"east":{"uv":[5,1,7,3],"texture":"#texture"},"south":{"uv":[5,1,7,3],"texture":"#texture"},"west":{"uv":[5,1,7,3],"texture":"#texture"},"up":{"uv":[5,1,7,3],"texture":"#texture"},"down":{"uv":[5,1,7,3],"texture":"#texture"}}},{"from":[8.6,4.175,15.5875],"to":[9.4,4.175,16.8375],"rotation":{"angle":45,"axis":"x","origin":[8,4.375,16.4375]},"faces":{"up":{"uv":[1,1,12.5,12.5],"texture":"#hand_detail"}}},{"from":[8.2,2.75,12.3073],"to":[9.8,4.2,13.1573],"rotation":{"angle":-45,"axis":"x","origin":[8,7,13.55729]},"faces":{"north":{"uv":[1,1,3,3],"texture":"#texture"},"east":{"uv":[1,1,3,3],"texture":"#texture"},"south":{"uv":[1,1,3,3],"texture":"#texture"},"west":{"uv":[1,1,3,3],"texture":"#texture"},"up":{"uv":[1,1,3,3],"texture":"#texture"},"down":{"uv":[1,1,3,3],"texture":"#texture"}}},{"from":[8.3,4.15,12.2073],"to":[9.7,4.8,13.1573],"rotation":{"angle":-45,"axis":"x","origin":[8,7,13.55729]},"faces":{"north":{"uv":[1,1,3,3],"texture":"#texture"},"east":{"uv":[1,1,3,3],"texture":"#texture"},"south":{"uv":[1,1,3,3],"texture":"#texture"},"west":{"uv":[1,1,3,3],"texture":"#texture"},"up":{"uv":[1,1,3,3],"texture":"#texture"},"down":{"uv":[1,1,3,3],"texture":"#texture"}}},{"from":[9.4125,2.7,16.25],"to":[9.7875,3.8,16.6],"rotation":{"angle":-22.5,"axis":"x","origin":[9.4125,2.7,16.6]},"faces":{"north":{"uv":[1,5,3,7],"texture":"#texture"},"east":{"uv":[1,5,3,7],"texture":"#texture"},"south":{"uv":[1,5,3,7],"texture":"#texture"},"west":{"uv":[1,5,3,7],"texture":"#texture"},"up":{"uv":[1,5,3,7],"texture":"#texture"},"down":{"uv":[1,5,3,7],"texture":"#texture"}}},{"from":[9.0125,2.7,16.25],"to":[9.3875,3.8,16.6],"rotation":{"angle":-22.5,"axis":"x","origin":[9.5125,2.7,16.6]},"faces":{"north":{"uv":[1,5,3,7],"texture":"#texture"},"east":{"uv":[1,5,3,7],"texture":"#texture"},"south":{"uv":[1,5,3,7],"texture":"#texture"},"west":{"uv":[1,5,3,7],"texture":"#texture"},"up":{"uv":[1,5,3,7],"texture":"#texture"},"down":{"uv":[1,5,3,7],"texture":"#texture"}}},{"from":[8.6125,2.7,16.25],"to":[8.9875,3.8,16.6],"rotation":{"angle":-22.5,"axis":"x","origin":[9.6125,2.7,16.6]},"faces":{"north":{"uv":[1,5,3,7],"texture":"#texture"},"east":{"uv":[1,5,3,7],"texture":"#texture"},"south":{"uv":[1,5,3,7],"texture":"#texture"},"west":{"uv":[1,5,3,7],"texture":"#texture"},"up":{"uv":[1,5,3,7],"texture":"#texture"},"down":{"uv":[1,5,3,7],"texture":"#texture"}}},{"from":[8.2125,2.9,16.15],"to":[8.5875,3.7,16.5],"rotation":{"angle":-22.5,"axis":"x","origin":[8.2125,2.9,16.5]},"faces":{"north":{"uv":[1,5,3,7],"texture":"#texture"},"east":{"uv":[1,5,3,7],"texture":"#texture"},"south":{"uv":[1,5,3,7],"texture":"#texture"},"west":{"uv":[1,5,3,7],"texture":"#texture"},"up":{"uv":[1,5,3,7],"texture":"#texture"},"down":{"uv":[1,5,3,7],"texture":"#texture"}}},{"from":[8.2125,2.2,16.15],"to":[8.5875,2.9,16.5],"faces":{"north":{"uv":[1,5,3,7],"texture":"#texture"},"east":{"uv":[1,5,3,7],"texture":"#texture"},"south":{"uv":[1,5,3,7],"texture":"#texture"},"west":{"uv":[1,5,3,7],"texture":"#texture"},"up":{"uv":[1,5,3,7],"texture":"#texture"},"down":{"uv":[1,5,3,7],"texture":"#texture"}}},{"from":[8.6125,1.9,16.25],"to":[8.9875,2.7,16.6],"faces":{"north":{"uv":[1,5,3,7],"texture":"#texture"},"east":{"uv":[1,5,3,7],"texture":"#texture"},"south":{"uv":[1,5,3,7],"texture":"#texture"},"west":{"uv":[1,5,3,7],"texture":"#texture"},"up":{"uv":[1,5,3,7],"texture":"#texture"},"down":{"uv":[1,5,3,7],"texture":"#texture"}}},{"from":[9.0125,1.9,16.25],"to":[9.3875,2.7,16.6],"faces":{"north":{"uv":[1,5,3,7],"texture":"#texture"},"east":{"uv":[1,5,3,7],"texture":"#texture"},"south":{"uv":[1,5,3,7],"texture":"#texture"},"west":{"uv":[1,5,3,7],"texture":"#texture"},"up":{"uv":[1,5,3,7],"texture":"#texture"},"down":{"uv":[1,5,3,7],"texture":"#texture"}}},{"from":[9.4125,1.9,16.25],"to":[9.7875,2.7,16.6],"faces":{"north":{"uv":[1,5,3,7],"texture":"#texture"},"east":{"uv":[1,5,3,7],"texture":"#texture"},"south":{"uv":[1,5,3,7],"texture":"#texture"},"west":{"uv":[1,5,3,7],"texture":"#texture"},"up":{"uv":[1,5,3,7],"texture":"#texture"},"down":{"uv":[1,5,3,7],"texture":"#texture"}}},{"from":[7.65,3.3,15.5],"to":[8.025,4.1,15.9],"rotation":{"angle":-45,"axis":"z","origin":[7.65,3.3,15.9]},"faces":{"north":{"uv":[1,5,3,7],"texture":"#texture"},"east":{"uv":[1,5,3,7],"texture":"#texture"},"south":{"uv":[1,5,3,7],"texture":"#texture"},"west":{"uv":[1,5,3,7],"texture":"#texture"},"up":{"uv":[1,5,3,7],"texture":"#texture"},"down":{"uv":[1,5,3,7],"texture":"#texture"}}},{"from":[7.65,2.6,15.5],"to":[8.025,3.3,15.9],"faces":{"north":{"uv":[1,5,3,7],"texture":"#texture"},"east":{"uv":[1,5,3,7],"texture":"#texture"},"south":{"uv":[1,5,3,7],"texture":"#texture"},"west":{"uv":[1,5,3,7],"texture":"#texture"},"up":{"uv":[1,5,3,7],"texture":"#texture"},"down":{"uv":[1,5,3,7],"texture":"#texture"}}}],"display":{"gui":{"rotation":[30,45,0],"translation":[0,1.5,0],"scale":[0.75,0.75,0.75]},"head":{"rotation":[0,-90,0],"translation":[0,-11.1,0],"scale":[3,3,3]},"thirdperson_righthand":{"scale":[0,0,0]},"thirdperson_lefthand":{"scale":[0,0,0]},"firstperson_righthand":{"scale":[0,0,0]},"firstperson_lefthand":{"scale":[0,0,0]}}}