{"credit":"Designed by Icelio using Blockbench","textures":{"0":"pokemon_skins/regular/starly/starly","1":"pokemon_skins/regular/starly/mask","2":"pokemon_skins/regular/starly/tail"},"elements":[{"from":[6,6.58,5.4],"to":[10,6.78,6.5],"rotation":{"angle":45,"axis":"x","origin":[8,3.78,8.4]},"faces":{"up":{"uv":[0,12.5,10.5,16],"texture":"#0"}}},{"from":[6,4.46,5.4],"to":[10,6.76,10.4],"rotation":{"angle":45,"axis":"x","origin":[8,3.76,8.4]},"faces":{"north":{"uv":[0.5,0.5,1.5,1.5],"texture":"#0"},"east":{"uv":[0.5,0.5,1.5,1.5],"texture":"#0"},"south":{"uv":[0.5,0.5,1.5,1.5],"texture":"#0"},"west":{"uv":[0.5,0.5,1.5,1.5],"texture":"#0"},"up":{"uv":[0.5,0.5,1.5,1.5],"texture":"#0"},"down":{"uv":[0.5,0.5,1.5,1.5],"texture":"#0"}}},{"from":[7.6,13.18,6.895],"to":[8.4,14.08,7.395],"rotation":{"angle":-22.5,"axis":"x","origin":[8,13.73,7.095]},"faces":{"north":{"uv":[2.5,0.5,3.5,1.5],"texture":"#0"},"east":{"uv":[2.5,0.5,3.5,1.5],"texture":"#0"},"south":{"uv":[2.5,0.5,3.5,1.5],"texture":"#0"},"west":{"uv":[2.5,0.5,3.5,1.5],"texture":"#0"},"up":{"uv":[2.5,0.5,3.5,1.5],"texture":"#0"},"down":{"uv":[2.5,0.5,3.5,1.5],"texture":"#0"}}},{"from":[7.7,14.1,6.4],"to":[8.3,14.5,7.2],"rotation":{"angle":22.5,"axis":"x","origin":[8,14.45,6.65]},"faces":{"north":{"uv":[2.5,0.5,3.5,1.5],"texture":"#0"},"east":{"uv":[2.5,0.5,3.5,1.5],"texture":"#0"},"south":{"uv":[2.5,0.5,3.5,1.5],"texture":"#0"},"west":{"uv":[2.5,0.5,3.5,1.5],"texture":"#0"},"up":{"uv":[2.5,0.5,3.5,1.5],"texture":"#0"},"down":{"uv":[2.5,0.5,3.5,1.5],"texture":"#0"}}},{"from":[7.6,12.95,6.995],"to":[8.4,14.15,7.595],"rotation":{"angle":-45,"axis":"x","origin":[8,13.8,7.095]},"faces":{"north":{"uv":[2.5,0.5,3.5,1.5],"texture":"#0"},"east":{"uv":[2.5,0.5,3.5,1.5],"texture":"#0"},"south":{"uv":[2.5,0.5,3.5,1.5],"texture":"#0"},"west":{"uv":[2.5,0.5,3.5,1.5],"texture":"#0"},"up":{"uv":[2.5,0.5,3.5,1.5],"texture":"#0"},"down":{"uv":[2.5,0.5,3.5,1.5],"texture":"#0"}}},{"from":[7.5,11,6.4],"to":[8.5,12.5,7.2],"rotation":{"angle":45,"axis":"x","origin":[8,11.75,6.9]},"faces":{"north":{"uv":[2.5,0.5,3.5,1.5],"texture":"#0"},"east":{"uv":[2.5,0.5,3.5,1.5],"texture":"#0"},"south":{"uv":[2.5,0.5,3.5,1.5],"texture":"#0"},"west":{"uv":[2.5,0.5,3.5,1.5],"texture":"#0"},"up":{"uv":[2.5,0.5,3.5,1.5],"texture":"#0"},"down":{"uv":[2.5,0.5,3.5,1.5],"texture":"#0"}}},{"from":[7.5,12.755,7.05],"to":[8.5,13.555,8.05],"faces":{"north":{"uv":[2.5,0.5,3.5,1.5],"texture":"#0"},"east":{"uv":[2.5,0.5,3.5,1.5],"texture":"#0"},"south":{"uv":[2.5,0.5,3.5,1.5],"texture":"#0"},"west":{"uv":[2.5,0.5,3.5,1.5],"texture":"#0"},"up":{"uv":[2.5,0.5,3.5,1.5],"texture":"#0"},"down":{"uv":[2.5,0.5,3.5,1.5],"texture":"#0"}}},{"from":[7.5,11.5,6.8],"to":[8.5,13,7.8],"rotation":{"angle":22.5,"axis":"x","origin":[8,12.25,7.3]},"faces":{"north":{"uv":[2.5,0.5,3.5,1.5],"texture":"#0"},"east":{"uv":[2.5,0.5,3.5,1.5],"texture":"#0"},"south":{"uv":[2.5,0.5,3.5,1.5],"texture":"#0"},"west":{"uv":[2.5,0.5,3.5,1.5],"texture":"#0"},"up":{"uv":[2.5,0.5,3.5,1.5],"texture":"#0"},"down":{"uv":[2.5,0.5,3.5,1.5],"texture":"#0"}}},{"from":[7.49,6.9,3.61],"to":[8.91,8,3.71],"rotation":{"angle":-45,"axis":"y","origin":[9.505,4.4,6.325]},"faces":{"north":{"uv":[0.5,12.5,5,16],"texture":"#0"}}},{"from":[7.505,6.3,3.625],"to":[8.915,7.9,5.625],"rotation":{"angle":-45,"axis":"y","origin":[9.505,4.4,6.325]},"faces":{"north":{"uv":[0.5,0.5,1.5,1.5],"texture":"#0"},"east":{"uv":[0.5,0.5,1.5,1.5],"texture":"#0"},"south":{"uv":[0.5,0.5,1.5,1.5],"texture":"#0"},"west":{"uv":[0.5,0.5,1.5,1.5],"texture":"#0"},"up":{"uv":[0.5,0.5,1.5,1.5],"texture":"#0"},"down":{"uv":[0.5,0.5,1.5,1.5],"texture":"#0"}}},{"from":[7.49,8,3.6],"to":[8.9,10.91,5.7],"rotation":{"angle":-45,"axis":"y","origin":[9.505,9.6,6.325]},"faces":{"north":{"uv":[0,4.5,3.5,12.5],"texture":"#1"}}},{"from":[7.505,7.9,3.625],"to":[8.915,10.9,5.625],"rotation":{"angle":-45,"axis":"y","origin":[9.505,9.6,6.325]},"faces":{"north":{"uv":[2.5,0.5,3.5,1.5],"texture":"#0"},"east":{"uv":[2.5,0.5,3.5,1.5],"texture":"#0"},"south":{"uv":[2.5,0.5,3.5,1.5],"texture":"#0"},"west":{"uv":[2.5,0.5,3.5,1.5],"texture":"#0"},"up":{"uv":[2.5,0.5,3.5,1.5],"texture":"#0"},"down":{"uv":[2.5,0.5,3.5,1.5],"texture":"#0"}}},{"from":[9.91,6.9,6.78],"to":[11.32,8,6.8],"rotation":{"angle":45,"axis":"y","origin":[11.91,4.4,7.48]},"faces":{"south":{"uv":[0.5,12.5,5,16],"texture":"#0"}}},{"from":[9.91,4.5,4.78],"to":[11.32,7.9,6.78],"rotation":{"angle":45,"axis":"y","origin":[11.91,4.4,7.48]},"faces":{"north":{"uv":[0.5,0.5,1.5,1.5],"texture":"#0"},"east":{"uv":[0.5,0.5,1.5,1.5],"texture":"#0"},"south":{"uv":[0.5,0.5,1.5,1.5],"texture":"#0"},"west":{"uv":[0.5,0.5,1.5,1.5],"texture":"#0"},"up":{"uv":[0.5,0.5,1.5,1.5],"texture":"#0"},"down":{"uv":[0.5,0.5,1.5,1.5],"texture":"#0"}}},{"from":[9.91,7.9,4.78],"to":[11.32,10.9,6.78],"rotation":{"angle":45,"axis":"y","origin":[11.91,9.6,7.48]},"faces":{"north":{"uv":[2.5,0.5,3.5,1.5],"texture":"#0"},"east":{"uv":[2.5,0.5,3.5,1.5],"texture":"#0"},"south":{"uv":[2.5,0.5,3.5,1.5],"texture":"#0"},"west":{"uv":[2.5,0.5,3.5,1.5],"texture":"#0"},"up":{"uv":[2.5,0.5,3.5,1.5],"texture":"#0"},"down":{"uv":[2.5,0.5,3.5,1.5],"texture":"#0"}}},{"from":[3.92,6.9,6.61],"to":[5.33,8,8.63],"rotation":{"angle":-45,"axis":"y","origin":[5.92,4.4,9.31]},"faces":{"south":{"uv":[0.5,12.5,5,16],"texture":"#0"}}},{"from":[3.92,4.5,6.61],"to":[5.33,7.9,8.61],"rotation":{"angle":-45,"axis":"y","origin":[5.92,4.4,9.31]},"faces":{"north":{"uv":[0.5,0.5,1.5,1.5],"texture":"#0"},"east":{"uv":[0.5,0.5,1.5,1.5],"texture":"#0"},"south":{"uv":[0.5,0.5,1.5,1.5],"texture":"#0"},"west":{"uv":[0.5,0.5,1.5,1.5],"texture":"#0"},"up":{"uv":[0.5,0.5,1.5,1.5],"texture":"#0"},"down":{"uv":[0.5,0.5,1.5,1.5],"texture":"#0"}}},{"from":[3.92,7.9,6.61],"to":[5.33,10.9,8.61],"rotation":{"angle":-45,"axis":"y","origin":[5.92,9.6,9.31]},"faces":{"north":{"uv":[2.5,0.5,3.5,1.5],"texture":"#0"},"east":{"uv":[2.5,0.5,3.5,1.5],"texture":"#0"},"south":{"uv":[2.5,0.5,3.5,1.5],"texture":"#0"},"west":{"uv":[2.5,0.5,3.5,1.5],"texture":"#0"},"up":{"uv":[2.5,0.5,3.5,1.5],"texture":"#0"},"down":{"uv":[2.5,0.5,3.5,1.5],"texture":"#0"}}},{"from":[6.325,6.9,1.78],"to":[7.735,8,1.88],"rotation":{"angle":45,"axis":"y","origin":[8.325,4.4,4.49]},"faces":{"north":{"uv":[0.5,12.5,5,16],"texture":"#0"}}},{"from":[6.325,6.3,1.79],"to":[7.735,7.9,3.79],"rotation":{"angle":45,"axis":"y","origin":[8.325,4.4,4.49]},"faces":{"north":{"uv":[0.5,0.5,1.5,1.5],"texture":"#0"},"east":{"uv":[0.5,0.5,1.5,1.5],"texture":"#0"},"south":{"uv":[0.5,0.5,1.5,1.5],"texture":"#0"},"west":{"uv":[0.5,0.5,1.5,1.5],"texture":"#0"},"up":{"uv":[0.5,0.5,1.5,1.5],"texture":"#0"},"down":{"uv":[0.5,0.5,1.5,1.5],"texture":"#0"}}},{"from":[6.325,8,1.77],"to":[7.755,10.91,1.87],"rotation":{"angle":45,"axis":"y","origin":[8.325,9.6,4.49]},"faces":{"north":{"uv":[12.5,4.5,16,12.5],"texture":"#1"}}},{"from":[6.325,7.9,1.79],"to":[7.735,10.9,3.79],"rotation":{"angle":45,"axis":"y","origin":[8.325,9.6,4.49]},"faces":{"north":{"uv":[2.5,0.5,3.5,1.5],"texture":"#0"},"east":{"uv":[2.5,0.5,3.5,1.5],"texture":"#0"},"south":{"uv":[2.5,0.5,3.5,1.5],"texture":"#0"},"west":{"uv":[2.5,0.5,3.5,1.5],"texture":"#0"},"up":{"uv":[2.5,0.5,3.5,1.5],"texture":"#0"},"down":{"uv":[2.5,0.5,3.5,1.5],"texture":"#0"}}},{"from":[9.3,8.6,2.96],"to":[10.1,10.05,8.36],"faces":{"north":{"uv":[10,0,16,10],"texture":"#0"}}},{"from":[5.9,8.6,2.96],"to":[6.7,10.05,8.26],"faces":{"north":{"uv":[10,0,16,10],"texture":"#0"}}},{"from":[5.99,8,2.98],"to":[10.01,10.91,8.38],"faces":{"north":{"uv":[3.5,4.5,12.5,12.5],"texture":"#1"}}},{"from":[7.8,8.6,0.6],"to":[8.2,9.1,1.2],"faces":{"north":{"uv":[2.5,0.5,3.5,1.5],"texture":"#0"},"east":{"uv":[2.5,0.5,3.5,1.5],"texture":"#0"},"south":{"uv":[2.5,0.5,3.5,1.5],"texture":"#0"},"west":{"uv":[2.5,0.5,3.5,1.5],"texture":"#0"},"up":{"uv":[2.5,0.5,3.5,1.5],"texture":"#0"},"down":{"uv":[2.5,0.5,3.5,1.5],"texture":"#0"}}},{"from":[7.6,8.6,1.2],"to":[8.4,9.2,1.8],"faces":{"north":{"uv":[2.5,0.5,3.5,1.5],"texture":"#0"},"east":{"uv":[2.5,0.5,3.5,1.5],"texture":"#0"},"south":{"uv":[2.5,0.5,3.5,1.5],"texture":"#0"},"west":{"uv":[2.5,0.5,3.5,1.5],"texture":"#0"},"up":{"uv":[2.5,0.5,3.5,1.5],"texture":"#0"},"down":{"uv":[2.5,0.5,3.5,1.5],"texture":"#0"}}},{"from":[7.55,8.95,1.9],"to":[8.45,9.45,3.1],"rotation":{"angle":-22.5,"axis":"x","origin":[8,9.15,2.5]},"faces":{"north":{"uv":[4.5,0.5,5.5,1.5],"texture":"#0"},"east":{"uv":[4.5,0.5,5.5,1.5],"texture":"#0"},"south":{"uv":[4.5,0.5,5.5,1.5],"texture":"#0"},"west":{"uv":[4.5,0.5,5.5,1.5],"texture":"#0"},"up":{"uv":[4.5,0.5,5.5,1.5],"texture":"#0"},"down":{"uv":[4.5,0.5,5.5,1.5],"texture":"#0"}}},{"from":[7.25,8.3,2.6],"to":[8.65,8.9,3.8],"rotation":{"angle":45,"axis":"y","origin":[7.95,8.6,3.2]},"faces":{"north":{"uv":[4.5,0.5,5.5,1.5],"texture":"#0"},"east":{"uv":[4.5,0.5,5.5,1.5],"texture":"#0"},"south":{"uv":[4.5,0.5,5.5,1.5],"texture":"#0"},"west":{"uv":[4.5,0.5,5.5,1.5],"texture":"#0"},"up":{"uv":[4.5,0.5,5.5,1.5],"texture":"#0"},"down":{"uv":[4.5,0.5,5.5,1.5],"texture":"#0"}}},{"from":[8,8.6,1.66],"to":[8.6,9.2,2.96],"rotation":{"angle":22.5,"axis":"y","origin":[8.9,8.9,1.96]},"faces":{"north":{"uv":[4.5,0.5,5.5,1.5],"texture":"#0"},"east":{"uv":[4.5,0.5,5.5,1.5],"texture":"#0"},"south":{"uv":[4.5,0.5,5.5,1.5],"texture":"#0"},"west":{"uv":[4.5,0.5,5.5,1.5],"texture":"#0"},"up":{"uv":[4.5,0.5,5.5,1.5],"texture":"#0"},"down":{"uv":[4.5,0.5,5.5,1.5],"texture":"#0"}}},{"from":[7.33,8.6,2.05],"to":[7.93,9.2,3.45],"rotation":{"angle":-22.5,"axis":"y","origin":[8.03,8.9,2.35]},"faces":{"north":{"uv":[4.5,0.5,5.5,1.5],"texture":"#0"},"east":{"uv":[4.5,0.5,5.5,1.5],"texture":"#0"},"south":{"uv":[4.5,0.5,5.5,1.5],"texture":"#0"},"west":{"uv":[4.5,0.5,5.5,1.5],"texture":"#0"},"up":{"uv":[4.5,0.5,5.5,1.5],"texture":"#0"},"down":{"uv":[4.5,0.5,5.5,1.5],"texture":"#0"}}},{"from":[7.5,8.6,1.8],"to":[8.5,9.2,3],"faces":{"north":{"uv":[4.5,0.5,5.5,1.5],"texture":"#0"},"east":{"uv":[4.5,0.5,5.5,1.5],"texture":"#0"},"south":{"uv":[4.5,0.5,5.5,1.5],"texture":"#0"},"west":{"uv":[4.5,0.5,5.5,1.5],"texture":"#0"},"up":{"uv":[4.5,0.5,5.5,1.5],"texture":"#0"},"down":{"uv":[4.5,0.5,5.5,1.5],"texture":"#0"}}},{"from":[6,7.9,3],"to":[10,10.9,8.4],"faces":{"north":{"uv":[2.5,0.5,3.5,1.5],"texture":"#0"},"east":{"uv":[2.5,0.5,3.5,1.5],"texture":"#0"},"south":{"uv":[2.5,0.5,3.5,1.5],"texture":"#0"},"west":{"uv":[2.5,0.5,3.5,1.5],"texture":"#0"},"up":{"uv":[2.5,0.5,3.5,1.5],"texture":"#0"},"down":{"uv":[2.5,0.5,3.5,1.5],"texture":"#0"}}},{"from":[5.61,11.36,4],"to":[7.025,12.56,7.4],"rotation":{"angle":45,"axis":"z","origin":[7.31,10.99,5.7]},"faces":{"north":{"uv":[2.5,0.5,3.5,1.5],"texture":"#0"},"east":{"uv":[2.5,0.5,3.5,1.5],"texture":"#0"},"south":{"uv":[2.5,0.5,3.5,1.5],"texture":"#0"},"west":{"uv":[2.5,0.5,3.5,1.5],"texture":"#0"},"up":{"uv":[2.5,0.5,3.5,1.5],"texture":"#0"},"down":{"uv":[2.5,0.5,3.5,1.5],"texture":"#0"}}},{"from":[8.37,9.97,4],"to":[9.785,11.17,7.4],"rotation":{"angle":-45,"axis":"z","origin":[10.07,9.57,5.7]},"faces":{"north":{"uv":[2.5,0.5,3.5,1.5],"texture":"#0"},"east":{"uv":[2.5,0.5,3.5,1.5],"texture":"#0"},"south":{"uv":[2.5,0.5,3.5,1.5],"texture":"#0"},"west":{"uv":[2.5,0.5,3.5,1.5],"texture":"#0"},"up":{"uv":[2.5,0.5,3.5,1.5],"texture":"#0"},"down":{"uv":[2.5,0.5,3.5,1.5],"texture":"#0"}}},{"from":[5,7.8,4],"to":[11,10.9,7.4],"faces":{"north":{"uv":[2.5,0.5,3.5,1.5],"texture":"#0"},"east":{"uv":[2.5,0.5,3.5,1.5],"texture":"#0"},"south":{"uv":[2.5,0.5,3.5,1.5],"texture":"#0"},"west":{"uv":[2.5,0.5,3.5,1.5],"texture":"#0"},"up":{"uv":[2.5,0.5,3.5,1.5],"texture":"#0"},"down":{"uv":[2.5,0.5,3.5,1.5],"texture":"#0"}}},{"from":[5.6,10.9,3.6],"to":[10.4,11.3,7.8],"faces":{"north":{"uv":[2.5,0.5,3.5,1.5],"texture":"#0"},"east":{"uv":[2.5,0.5,3.5,1.5],"texture":"#0"},"south":{"uv":[2.5,0.5,3.5,1.5],"texture":"#0"},"west":{"uv":[2.5,0.5,3.5,1.5],"texture":"#0"},"up":{"uv":[2.5,0.5,3.5,1.5],"texture":"#0"},"down":{"uv":[2.5,0.5,3.5,1.5],"texture":"#0"}}},{"from":[6,10.115,5.42],"to":[10,11.315,6.83],"rotation":{"angle":45,"axis":"x","origin":[8,9.215,7.12]},"faces":{"north":{"uv":[2.5,0.5,3.5,1.5],"texture":"#0"},"east":{"uv":[2.5,0.5,3.5,1.5],"texture":"#0"},"south":{"uv":[2.5,0.5,3.5,1.5],"texture":"#0"},"west":{"uv":[2.5,0.5,3.5,1.5],"texture":"#0"},"up":{"uv":[2.5,0.5,3.5,1.5],"texture":"#0"},"down":{"uv":[2.5,0.5,3.5,1.5],"texture":"#0"}}},{"from":[5.99,12.52,3.98],"to":[10.01,12.74,5.43],"rotation":{"angle":-45,"axis":"x","origin":[8,10.62,5.69]},"faces":{"up":{"uv":[3.5,4.5,12.5,0],"texture":"#1"}}},{"from":[6,11.52,3.99],"to":[10,12.72,5.4],"rotation":{"angle":-45,"axis":"x","origin":[8,10.62,5.69]},"faces":{"north":{"uv":[2.5,0.5,3.5,1.5],"texture":"#0"},"east":{"uv":[2.5,0.5,3.5,1.5],"texture":"#0"},"south":{"uv":[2.5,0.5,3.5,1.5],"texture":"#0"},"west":{"uv":[2.5,0.5,3.5,1.5],"texture":"#0"},"up":{"uv":[2.5,0.5,3.5,1.5],"texture":"#0"},"down":{"uv":[2.5,0.5,3.5,1.5],"texture":"#0"}}},{"from":[6,8,4],"to":[10,11.9,7.4],"faces":{"north":{"uv":[2.5,0.5,3.5,1.5],"texture":"#0"},"east":{"uv":[2.5,0.5,3.5,1.5],"texture":"#0"},"south":{"uv":[2.5,0.5,3.5,1.5],"texture":"#0"},"west":{"uv":[2.5,0.5,3.5,1.5],"texture":"#0"},"up":{"uv":[2.5,0.5,3.5,1.5],"texture":"#0"},"down":{"uv":[2.5,0.5,3.5,1.5],"texture":"#0"}}},{"from":[5.3,3.8,12.2],"to":[10.7,3.85,17.9],"faces":{"up":{"uv":[0,0,12.5,15],"texture":"#2"},"down":{"uv":[0,15,12.5,0],"texture":"#2"}}},{"from":[5.06,1.62,5.2],"to":[6.76,2.72,9.8],"rotation":{"angle":-45,"axis":"z","origin":[7.56,3.02,8.25]},"faces":{"north":{"uv":[0.5,0.5,1.5,1.5],"texture":"#0"},"east":{"uv":[0.5,0.5,1.5,1.5],"texture":"#0"},"south":{"uv":[0.5,0.5,1.5,1.5],"texture":"#0"},"west":{"uv":[0.5,0.5,1.5,1.5],"texture":"#0"},"up":{"uv":[0.5,0.5,1.5,1.5],"texture":"#0"},"down":{"uv":[0.5,0.5,1.5,1.5],"texture":"#0"}}},{"from":[8.42,3.61,5.2],"to":[10.02,4.71,9.8],"rotation":{"angle":45,"axis":"z","origin":[10.42,5.01,8.25]},"faces":{"north":{"uv":[0.5,0.5,1.5,1.5],"texture":"#0"},"east":{"uv":[0.5,0.5,1.5,1.5],"texture":"#0"},"south":{"uv":[0.5,0.5,1.5,1.5],"texture":"#0"},"west":{"uv":[0.5,0.5,1.5,1.5],"texture":"#0"},"up":{"uv":[0.5,0.5,1.5,1.5],"texture":"#0"},"down":{"uv":[0.5,0.5,1.5,1.5],"texture":"#0"}}},{"from":[6,3.38,9.09],"to":[10,4.28,11.78],"rotation":{"angle":-22.5,"axis":"x","origin":[8,4.78,11.39]},"faces":{"north":{"uv":[0.5,0.5,1.5,1.5],"texture":"#0"},"east":{"uv":[0.5,0.5,1.5,1.5],"texture":"#0"},"south":{"uv":[0.5,0.5,1.5,1.5],"texture":"#0"},"west":{"uv":[0.5,0.5,1.5,1.5],"texture":"#0"},"up":{"uv":[0.5,0.5,1.5,1.5],"texture":"#0"},"down":{"uv":[0.5,0.5,1.5,1.5],"texture":"#0"}}},{"from":[6,2.6,5.2],"to":[10,5.4,9.8],"faces":{"north":{"uv":[0.5,0.5,1.5,1.5],"texture":"#0"},"east":{"uv":[0.5,0.5,1.5,1.5],"texture":"#0"},"south":{"uv":[0.5,0.5,1.5,1.5],"texture":"#0"},"west":{"uv":[0.5,0.5,1.5,1.5],"texture":"#0"},"up":{"uv":[0.5,0.5,1.5,1.5],"texture":"#0"},"down":{"uv":[0.5,0.5,1.5,1.5],"texture":"#0"}}},{"from":[6,4.43,4.03],"to":[10,6.03,6.53],"rotation":{"angle":-45,"axis":"x","origin":[8,4.93,6.83]},"faces":{"north":{"uv":[0.5,0.5,1.5,1.5],"texture":"#0"},"east":{"uv":[0.5,0.5,1.5,1.5],"texture":"#0"},"south":{"uv":[0.5,0.5,1.5,1.5],"texture":"#0"},"west":{"uv":[0.5,0.5,1.5,1.5],"texture":"#0"},"up":{"uv":[0.5,0.5,1.5,1.5],"texture":"#0"},"down":{"uv":[0.5,0.5,1.5,1.5],"texture":"#0"}}},{"from":[6.6,6.4,3.04],"to":[9.3,7.2,7.44],"rotation":{"angle":-22.5,"axis":"x","origin":[8,6.6,5.26]},"faces":{"north":{"uv":[0,8,8,10],"texture":"#0"}}},{"from":[6,4.4,3.06],"to":[10,7.2,7.46],"rotation":{"angle":-22.5,"axis":"x","origin":[8,6.6,5.26]},"faces":{"north":{"uv":[0.5,0.5,1.5,1.5],"texture":"#0"},"east":{"uv":[0.5,0.5,1.5,1.5],"texture":"#0"},"south":{"uv":[0.5,0.5,1.5,1.5],"texture":"#0"},"west":{"uv":[0.5,0.5,1.5,1.5],"texture":"#0"},"up":{"uv":[0.5,0.5,1.5,1.5],"texture":"#0"},"down":{"uv":[0.5,0.5,1.5,1.5],"texture":"#0"}}},{"from":[6.6,6.3,2.99],"to":[9.3,8.1,3.09],"faces":{"north":{"uv":[0,3,8,8],"texture":"#0"}}},{"from":[5.99,6.9,2.98],"to":[10.01,8,3.08],"faces":{"north":{"uv":[0,12.5,10.5,16],"texture":"#0"}}},{"from":[6,6.3,3],"to":[10,7.9,7.4],"faces":{"north":{"uv":[0.5,0.5,1.5,1.5],"texture":"#0"},"east":{"uv":[0.5,0.5,1.5,1.5],"texture":"#0"},"south":{"uv":[0.5,0.5,1.5,1.5],"texture":"#0"},"west":{"uv":[0.5,0.5,1.5,1.5],"texture":"#0"},"up":{"uv":[0.5,0.5,1.5,1.5],"texture":"#0"},"down":{"uv":[0.5,0.5,1.5,1.5],"texture":"#0"}}},{"from":[5.6,3.15,9.2],"to":[10.5,5.8,10.6],"rotation":{"angle":0,"axis":"y","origin":[10.6,4.325,10.95]},"faces":{"north":{"uv":[2.5,0.5,3.5,1.5],"texture":"#0"},"east":{"uv":[2.5,0.5,3.5,1.5],"texture":"#0"},"south":{"uv":[2.5,0.5,3.5,1.5],"texture":"#0"},"west":{"uv":[2.5,0.5,3.5,1.5],"texture":"#0"},"up":{"uv":[2.5,0.5,3.5,1.5],"texture":"#0"},"down":{"uv":[2.5,0.5,3.5,1.5],"texture":"#0"}}},{"from":[10.17,3.75,10.24],"to":[11.27,5,12.94],"rotation":{"angle":-22.5,"axis":"y","origin":[10.47,4.325,10.79]},"faces":{"north":{"uv":[2.5,0.5,3.5,1.5],"texture":"#0"},"east":{"uv":[2.5,0.5,3.5,1.5],"texture":"#0"},"south":{"uv":[2.5,0.5,3.5,1.5],"texture":"#0"},"west":{"uv":[2.5,0.5,3.5,1.5],"texture":"#0"},"up":{"uv":[2.5,0.5,3.5,1.5],"texture":"#0"},"down":{"uv":[2.5,0.5,3.5,1.5],"texture":"#0"}}},{"from":[9.87,3.15,9.04],"to":[11.07,5.8,12.54],"rotation":{"angle":-22.5,"axis":"y","origin":[10.47,4.325,10.79]},"faces":{"north":{"uv":[2.5,0.5,3.5,1.5],"texture":"#0"},"east":{"uv":[2.5,0.5,3.5,1.5],"texture":"#0"},"south":{"uv":[2.5,0.5,3.5,1.5],"texture":"#0"},"west":{"uv":[2.5,0.5,3.5,1.5],"texture":"#0"},"up":{"uv":[2.5,0.5,3.5,1.5],"texture":"#0"},"down":{"uv":[2.5,0.5,3.5,1.5],"texture":"#0"}}},{"from":[4.71,3.75,10.33],"to":[5.81,5,13.03],"rotation":{"angle":22.5,"axis":"y","origin":[5.51,4.325,10.78]},"faces":{"north":{"uv":[2.5,0.5,3.5,1.5],"texture":"#0"},"east":{"uv":[2.5,0.5,3.5,1.5],"texture":"#0"},"south":{"uv":[2.5,0.5,3.5,1.5],"texture":"#0"},"west":{"uv":[2.5,0.5,3.5,1.5],"texture":"#0"},"up":{"uv":[2.5,0.5,3.5,1.5],"texture":"#0"},"down":{"uv":[2.5,0.5,3.5,1.5],"texture":"#0"}}},{"from":[4.91,3.15,9.03],"to":[6.11,5.8,12.53],"rotation":{"angle":22.5,"axis":"y","origin":[5.51,4.325,10.78]},"faces":{"north":{"uv":[2.5,0.5,3.5,1.5],"texture":"#0"},"east":{"uv":[2.5,0.5,3.5,1.5],"texture":"#0"},"south":{"uv":[2.5,0.5,3.5,1.5],"texture":"#0"},"west":{"uv":[2.5,0.5,3.5,1.5],"texture":"#0"},"up":{"uv":[2.5,0.5,3.5,1.5],"texture":"#0"},"down":{"uv":[2.5,0.5,3.5,1.5],"texture":"#0"}}},{"from":[4.29,7.45,7.15],"to":[11.71,8.11,8.43],"rotation":{"angle":45,"axis":"x","origin":[8,5.775,6.15]},"faces":{"north":{"uv":[2.5,0.5,3.5,1.5],"texture":"#0"},"east":{"uv":[2.5,0.5,3.5,1.5],"texture":"#0"},"south":{"uv":[2.5,0.5,3.5,1.5],"texture":"#0"},"west":{"uv":[2.5,0.5,3.5,1.5],"texture":"#0"},"up":{"uv":[2.5,0.5,3.5,1.5],"texture":"#0"},"down":{"uv":[2.5,0.5,3.5,1.5],"texture":"#0"}}},{"from":[4.3,6.63,6.01],"to":[11.7,8.08,7.81],"rotation":{"angle":45,"axis":"x","origin":[8,5.755,6.16]},"faces":{"north":{"uv":[0.5,0.5,1.5,1.5],"texture":"#0"},"east":{"uv":[0.5,0.5,1.5,1.5],"texture":"#0"},"south":{"uv":[0.5,0.5,1.5,1.5],"texture":"#0"},"west":{"uv":[0.5,0.5,1.5,1.5],"texture":"#0"},"up":{"uv":[0.5,0.5,1.5,1.5],"texture":"#0"},"down":{"uv":[0.5,0.5,1.5,1.5],"texture":"#0"}}},{"from":[4.29,4.9,7.7],"to":[11.71,6.7,8.5],"faces":{"east":{"uv":[0,12.5,10.5,16],"texture":"#0","rotation":270},"west":{"uv":[0,12.5,10.5,16],"texture":"#0","rotation":90}}},{"from":[4.29,3.15,7.7],"to":[11.71,4.95,8.5],"faces":{"east":{"uv":[0,12.5,10.5,16],"texture":"#0","rotation":270},"west":{"uv":[0,12.5,10.5,16],"texture":"#0","rotation":90}}},{"from":[4.29,3.15,8.5],"to":[11.71,5.8,9.4],"faces":{"north":{"uv":[2.5,0.5,3.5,1.5],"texture":"#0"},"east":{"uv":[2.5,0.5,3.5,1.5],"texture":"#0"},"south":{"uv":[2.5,0.5,3.5,1.5],"texture":"#0"},"west":{"uv":[2.5,0.5,3.5,1.5],"texture":"#0"},"up":{"uv":[2.5,0.5,3.5,1.5],"texture":"#0"},"down":{"uv":[2.5,0.5,3.5,1.5],"texture":"#0"}}},{"from":[4.3,3.15,7.7],"to":[11.7,5.8,8.5],"faces":{"north":{"uv":[0.5,0.5,1.5,1.5],"texture":"#0"},"east":{"uv":[0.5,0.5,1.5,1.5],"texture":"#0"},"south":{"uv":[0.5,0.5,1.5,1.5],"texture":"#0"},"west":{"uv":[0.5,0.5,1.5,1.5],"texture":"#0"},"up":{"uv":[0.5,0.5,1.5,1.5],"texture":"#0"},"down":{"uv":[0.5,0.5,1.5,1.5],"texture":"#0"}}},{"from":[4.3,3.15,5.5],"to":[11.7,7.5,7.7],"faces":{"north":{"uv":[0.5,0.5,1.5,1.5],"texture":"#0"},"east":{"uv":[0.5,0.5,1.5,1.5],"texture":"#0"},"south":{"uv":[0.5,0.5,1.5,1.5],"texture":"#0"},"west":{"uv":[0.5,0.5,1.5,1.5],"texture":"#0"},"up":{"uv":[0.5,0.5,1.5,1.5],"texture":"#0"},"down":{"uv":[0.5,0.5,1.5,1.5],"texture":"#0"}}},{"from":[5,4.45,5.05],"to":[11,5.65,8.45],"rotation":{"angle":-45,"axis":"x","origin":[8,4.7,6.75]},"faces":{"north":{"uv":[0.5,0.5,1.5,1.5],"texture":"#0"},"east":{"uv":[0.5,0.5,1.5,1.5],"texture":"#0"},"south":{"uv":[0.5,0.5,1.5,1.5],"texture":"#0"},"west":{"uv":[0.5,0.5,1.5,1.5],"texture":"#0"},"up":{"uv":[0.5,0.5,1.5,1.5],"texture":"#0"},"down":{"uv":[0.5,0.5,1.5,1.5],"texture":"#0"}}},{"from":[5,4.72,4.23],"to":[11,7.02,7.63],"rotation":{"angle":-22.5,"axis":"x","origin":[8,6.07,5.93]},"faces":{"north":{"uv":[0.5,0.5,1.5,1.5],"texture":"#0"},"east":{"uv":[0.5,0.5,1.5,1.5],"texture":"#0"},"south":{"uv":[0.5,0.5,1.5,1.5],"texture":"#0"},"west":{"uv":[0.5,0.5,1.5,1.5],"texture":"#0"},"up":{"uv":[0.5,0.5,1.5,1.5],"texture":"#0"},"down":{"uv":[0.5,0.5,1.5,1.5],"texture":"#0"}}},{"from":[5,6.3,4],"to":[11,7.8,7.4],"faces":{"north":{"uv":[0.5,0.5,1.5,1.5],"texture":"#0"},"east":{"uv":[0.5,0.5,1.5,1.5],"texture":"#0"},"south":{"uv":[0.5,0.5,1.5,1.5],"texture":"#0"},"west":{"uv":[0.5,0.5,1.5,1.5],"texture":"#0"},"up":{"uv":[0.5,0.5,1.5,1.5],"texture":"#0"},"down":{"uv":[0.5,0.5,1.5,1.5],"texture":"#0"}}},{"from":[6.49,1.59,6.6],"to":[7.01,2.21,6.7],"rotation":{"angle":-22.5,"axis":"y","origin":[6.65,1.9,7.25]},"faces":{"north":{"uv":[8.5,0.5,9.5,1.5],"texture":"#0"},"east":{"uv":[8.5,0.5,9.5,1.5],"texture":"#0"},"south":{"uv":[8.5,0.5,9.5,1.5],"texture":"#0"},"west":{"uv":[8.5,0.5,9.5,1.5],"texture":"#0"},"up":{"uv":[8.5,0.5,9.5,1.5],"texture":"#0"},"down":{"uv":[8.5,0.5,9.5,1.5],"texture":"#0"}}},{"from":[9.79,1.59,6.6],"to":[10.31,2.21,6.7],"rotation":{"angle":-22.5,"axis":"y","origin":[9.95,1.9,7.25]},"faces":{"north":{"uv":[8.5,0.5,9.5,1.5],"texture":"#0"},"east":{"uv":[8.5,0.5,9.5,1.5],"texture":"#0"},"south":{"uv":[8.5,0.5,9.5,1.5],"texture":"#0"},"west":{"uv":[8.5,0.5,9.5,1.5],"texture":"#0"},"up":{"uv":[8.5,0.5,9.5,1.5],"texture":"#0"},"down":{"uv":[8.5,0.5,9.5,1.5],"texture":"#0"}}},{"from":[6.49,1.59,7.2],"to":[7.01,2.21,7.3],"rotation":{"angle":-22.5,"axis":"y","origin":[6.65,1.9,7.25]},"faces":{"north":{"uv":[8.5,0.5,9.5,1.5],"texture":"#0"},"east":{"uv":[8.5,0.5,9.5,1.5],"texture":"#0"},"south":{"uv":[8.5,0.5,9.5,1.5],"texture":"#0"},"west":{"uv":[8.5,0.5,9.5,1.5],"texture":"#0"},"up":{"uv":[8.5,0.5,9.5,1.5],"texture":"#0"},"down":{"uv":[8.5,0.5,9.5,1.5],"texture":"#0"}}},{"from":[9.79,1.59,7.2],"to":[10.31,2.21,7.3],"rotation":{"angle":-22.5,"axis":"y","origin":[9.95,1.9,7.25]},"faces":{"north":{"uv":[8.5,0.5,9.5,1.5],"texture":"#0"},"east":{"uv":[8.5,0.5,9.5,1.5],"texture":"#0"},"south":{"uv":[8.5,0.5,9.5,1.5],"texture":"#0"},"west":{"uv":[8.5,0.5,9.5,1.5],"texture":"#0"},"up":{"uv":[8.5,0.5,9.5,1.5],"texture":"#0"},"down":{"uv":[8.5,0.5,9.5,1.5],"texture":"#0"}}},{"from":[9.8,1.6,6.2],"to":[10.3,2.2,8.1],"rotation":{"angle":-22.5,"axis":"y","origin":[9.95,1.9,7.25]},"faces":{"north":{"uv":[4.5,0.5,5.5,1.5],"texture":"#0"},"east":{"uv":[4.5,0.5,5.5,1.5],"texture":"#0"},"south":{"uv":[4.5,0.5,5.5,1.5],"texture":"#0"},"west":{"uv":[4.5,0.5,5.5,1.5],"texture":"#0"},"up":{"uv":[4.5,0.5,5.5,1.5],"texture":"#0"},"down":{"uv":[4.5,0.5,5.5,1.5],"texture":"#0"}}},{"from":[6.09,1.59,6.5],"to":[6.61,2.21,6.6],"faces":{"north":{"uv":[8.5,0.5,9.5,1.5],"texture":"#0"},"east":{"uv":[8.5,0.5,9.5,1.5],"texture":"#0"},"south":{"uv":[8.5,0.5,9.5,1.5],"texture":"#0"},"west":{"uv":[8.5,0.5,9.5,1.5],"texture":"#0"},"up":{"uv":[8.5,0.5,9.5,1.5],"texture":"#0"},"down":{"uv":[8.5,0.5,9.5,1.5],"texture":"#0"}}},{"from":[9.39,1.59,6.5],"to":[9.91,2.21,6.6],"faces":{"north":{"uv":[8.5,0.5,9.5,1.5],"texture":"#0"},"east":{"uv":[8.5,0.5,9.5,1.5],"texture":"#0"},"south":{"uv":[8.5,0.5,9.5,1.5],"texture":"#0"},"west":{"uv":[8.5,0.5,9.5,1.5],"texture":"#0"},"up":{"uv":[8.5,0.5,9.5,1.5],"texture":"#0"},"down":{"uv":[8.5,0.5,9.5,1.5],"texture":"#0"}}},{"from":[6.09,1.59,7],"to":[6.61,2.21,7.1],"faces":{"north":{"uv":[8.5,0.5,9.5,1.5],"texture":"#0"},"east":{"uv":[8.5,0.5,9.5,1.5],"texture":"#0"},"south":{"uv":[8.5,0.5,9.5,1.5],"texture":"#0"},"west":{"uv":[8.5,0.5,9.5,1.5],"texture":"#0"},"up":{"uv":[8.5,0.5,9.5,1.5],"texture":"#0"},"down":{"uv":[8.5,0.5,9.5,1.5],"texture":"#0"}}},{"from":[9.39,1.59,7],"to":[9.91,2.21,7.1],"faces":{"north":{"uv":[8.5,0.5,9.5,1.5],"texture":"#0"},"east":{"uv":[8.5,0.5,9.5,1.5],"texture":"#0"},"south":{"uv":[8.5,0.5,9.5,1.5],"texture":"#0"},"west":{"uv":[8.5,0.5,9.5,1.5],"texture":"#0"},"up":{"uv":[8.5,0.5,9.5,1.5],"texture":"#0"},"down":{"uv":[8.5,0.5,9.5,1.5],"texture":"#0"}}},{"from":[9.4,1.6,6],"to":[9.9,2.2,9.1],"faces":{"north":{"uv":[4.5,0.5,5.5,1.5],"texture":"#0"},"east":{"uv":[4.5,0.5,5.5,1.5],"texture":"#0"},"south":{"uv":[4.5,0.5,5.5,1.5],"texture":"#0"},"west":{"uv":[4.5,0.5,5.5,1.5],"texture":"#0"},"up":{"uv":[4.5,0.5,5.5,1.5],"texture":"#0"},"down":{"uv":[4.5,0.5,5.5,1.5],"texture":"#0"}}},{"from":[9.3,1.6,7],"to":[10,2.2,9.1],"faces":{"north":{"uv":[4.5,0.5,5.5,1.5],"texture":"#0"},"east":{"uv":[4.5,0.5,5.5,1.5],"texture":"#0"},"south":{"uv":[4.5,0.5,5.5,1.5],"texture":"#0"},"west":{"uv":[4.5,0.5,5.5,1.5],"texture":"#0"},"up":{"uv":[4.5,0.5,5.5,1.5],"texture":"#0"},"down":{"uv":[4.5,0.5,5.5,1.5],"texture":"#0"}}},{"from":[5.69,1.59,6.6],"to":[6.21,2.21,6.7],"rotation":{"angle":22.5,"axis":"y","origin":[6.05,1.9,7.25]},"faces":{"north":{"uv":[8.5,0.5,9.5,1.5],"texture":"#0"},"east":{"uv":[8.5,0.5,9.5,1.5],"texture":"#0"},"south":{"uv":[8.5,0.5,9.5,1.5],"texture":"#0"},"west":{"uv":[8.5,0.5,9.5,1.5],"texture":"#0"},"up":{"uv":[8.5,0.5,9.5,1.5],"texture":"#0"},"down":{"uv":[8.5,0.5,9.5,1.5],"texture":"#0"}}},{"from":[8.99,1.59,6.6],"to":[9.51,2.21,6.7],"rotation":{"angle":22.5,"axis":"y","origin":[9.35,1.9,7.25]},"faces":{"north":{"uv":[8.5,0.5,9.5,1.5],"texture":"#0"},"east":{"uv":[8.5,0.5,9.5,1.5],"texture":"#0"},"south":{"uv":[8.5,0.5,9.5,1.5],"texture":"#0"},"west":{"uv":[8.5,0.5,9.5,1.5],"texture":"#0"},"up":{"uv":[8.5,0.5,9.5,1.5],"texture":"#0"},"down":{"uv":[8.5,0.5,9.5,1.5],"texture":"#0"}}},{"from":[5.69,1.59,7.2],"to":[6.21,2.21,7.3],"rotation":{"angle":22.5,"axis":"y","origin":[6.05,1.9,7.25]},"faces":{"north":{"uv":[8.5,0.5,9.5,1.5],"texture":"#0"},"east":{"uv":[8.5,0.5,9.5,1.5],"texture":"#0"},"south":{"uv":[8.5,0.5,9.5,1.5],"texture":"#0"},"west":{"uv":[8.5,0.5,9.5,1.5],"texture":"#0"},"up":{"uv":[8.5,0.5,9.5,1.5],"texture":"#0"},"down":{"uv":[8.5,0.5,9.5,1.5],"texture":"#0"}}},{"from":[8.99,1.59,7.2],"to":[9.51,2.21,7.3],"rotation":{"angle":22.5,"axis":"y","origin":[9.35,1.9,7.25]},"faces":{"north":{"uv":[8.5,0.5,9.5,1.5],"texture":"#0"},"east":{"uv":[8.5,0.5,9.5,1.5],"texture":"#0"},"south":{"uv":[8.5,0.5,9.5,1.5],"texture":"#0"},"west":{"uv":[8.5,0.5,9.5,1.5],"texture":"#0"},"up":{"uv":[8.5,0.5,9.5,1.5],"texture":"#0"},"down":{"uv":[8.5,0.5,9.5,1.5],"texture":"#0"}}},{"from":[9,1.6,6.2],"to":[9.5,2.2,8],"rotation":{"angle":22.5,"axis":"y","origin":[9.35,1.9,7.25]},"faces":{"north":{"uv":[4.5,0.5,5.5,1.5],"texture":"#0"},"east":{"uv":[4.5,0.5,5.5,1.5],"texture":"#0"},"south":{"uv":[4.5,0.5,5.5,1.5],"texture":"#0"},"west":{"uv":[4.5,0.5,5.5,1.5],"texture":"#0"},"up":{"uv":[4.5,0.5,5.5,1.5],"texture":"#0"},"down":{"uv":[4.5,0.5,5.5,1.5],"texture":"#0"}}},{"from":[9.3,2.2,7.3],"to":[10,2.9,9.1],"rotation":{"angle":-45,"axis":"x","origin":[9.65,2.5,8.25]},"faces":{"north":{"uv":[4.5,0.5,5.5,1.5],"texture":"#0"},"east":{"uv":[4.5,0.5,5.5,1.5],"texture":"#0"},"south":{"uv":[4.5,0.5,5.5,1.5],"texture":"#0"},"west":{"uv":[4.5,0.5,5.5,1.5],"texture":"#0"},"up":{"uv":[4.5,0.5,5.5,1.5],"texture":"#0"},"down":{"uv":[4.5,0.5,5.5,1.5],"texture":"#0"}}},{"from":[6.5,1.6,6.2],"to":[7,2.2,8.1],"rotation":{"angle":-22.5,"axis":"y","origin":[6.65,1.9,7.25]},"faces":{"north":{"uv":[4.5,0.5,5.5,1.5],"texture":"#0"},"east":{"uv":[4.5,0.5,5.5,1.5],"texture":"#0"},"south":{"uv":[4.5,0.5,5.5,1.5],"texture":"#0"},"west":{"uv":[4.5,0.5,5.5,1.5],"texture":"#0"},"up":{"uv":[4.5,0.5,5.5,1.5],"texture":"#0"},"down":{"uv":[4.5,0.5,5.5,1.5],"texture":"#0"}}},{"from":[6.1,1.6,6],"to":[6.6,2.2,9.1],"faces":{"north":{"uv":[4.5,0.5,5.5,1.5],"texture":"#0"},"east":{"uv":[4.5,0.5,5.5,1.5],"texture":"#0"},"south":{"uv":[4.5,0.5,5.5,1.5],"texture":"#0"},"west":{"uv":[4.5,0.5,5.5,1.5],"texture":"#0"},"up":{"uv":[4.5,0.5,5.5,1.5],"texture":"#0"},"down":{"uv":[4.5,0.5,5.5,1.5],"texture":"#0"}}},{"from":[6,1.6,7],"to":[6.7,2.2,9.1],"faces":{"north":{"uv":[4.5,0.5,5.5,1.5],"texture":"#0"},"east":{"uv":[4.5,0.5,5.5,1.5],"texture":"#0"},"south":{"uv":[4.5,0.5,5.5,1.5],"texture":"#0"},"west":{"uv":[4.5,0.5,5.5,1.5],"texture":"#0"},"up":{"uv":[4.5,0.5,5.5,1.5],"texture":"#0"},"down":{"uv":[4.5,0.5,5.5,1.5],"texture":"#0"}}},{"from":[5.7,1.6,6.2],"to":[6.2,2.2,8],"rotation":{"angle":22.5,"axis":"y","origin":[6.05,1.9,7.25]},"faces":{"north":{"uv":[4.5,0.5,5.5,1.5],"texture":"#0"},"east":{"uv":[4.5,0.5,5.5,1.5],"texture":"#0"},"south":{"uv":[4.5,0.5,5.5,1.5],"texture":"#0"},"west":{"uv":[4.5,0.5,5.5,1.5],"texture":"#0"},"up":{"uv":[4.5,0.5,5.5,1.5],"texture":"#0"},"down":{"uv":[4.5,0.5,5.5,1.5],"texture":"#0"}}},{"from":[6,2.2,7.3],"to":[6.7,2.9,9.1],"rotation":{"angle":-45,"axis":"x","origin":[6.35,2.5,8.25]},"faces":{"north":{"uv":[4.5,0.5,5.5,1.5],"texture":"#0"},"east":{"uv":[4.5,0.5,5.5,1.5],"texture":"#0"},"south":{"uv":[4.5,0.5,5.5,1.5],"texture":"#0"},"west":{"uv":[4.5,0.5,5.5,1.5],"texture":"#0"},"up":{"uv":[4.5,0.5,5.5,1.5],"texture":"#0"},"down":{"uv":[4.5,0.5,5.5,1.5],"texture":"#0"}}},{"from":[10.85,7.65,4],"to":[11.95,7.65,7.4],"rotation":{"angle":-22.5,"axis":"z","origin":[11.4,7.65,5.7]},"faces":{"up":{"uv":[0,12.5,10.5,16],"texture":"#0","rotation":270}}},{"from":[10.6,5.4,5.55],"to":[11.7,7.15,7.45],"rotation":{"angle":-45,"axis":"x","origin":[8.2,4.975,6.05]},"faces":{"north":{"uv":[0.5,0.5,1.5,1.5],"texture":"#0"},"east":{"uv":[0.5,0.5,1.5,1.5],"texture":"#0"},"south":{"uv":[0.5,0.5,1.5,1.5],"texture":"#0"},"west":{"uv":[0.5,0.5,1.5,1.5],"texture":"#0"},"up":{"uv":[0.5,0.5,1.5,1.5],"texture":"#0"},"down":{"uv":[0.5,0.5,1.5,1.5],"texture":"#0"}}},{"from":[10.6,4.49,4.145],"to":[11.7,6.16,5.245],"faces":{"north":{"uv":[0.5,0.5,1.5,1.5],"texture":"#0"},"east":{"uv":[0.5,0.5,1.5,1.5],"texture":"#0"},"south":{"uv":[0.5,0.5,1.5,1.5],"texture":"#0"},"west":{"uv":[0.5,0.5,1.5,1.5],"texture":"#0"},"up":{"uv":[0.5,0.5,1.5,1.5],"texture":"#0"},"down":{"uv":[0.5,0.5,1.5,1.5],"texture":"#0"}}},{"from":[10.6,4.26,3.7],"to":[11.7,6.01,5.6],"rotation":{"angle":45,"axis":"x","origin":[8.2,3.835,4.2]},"faces":{"north":{"uv":[0.5,0.5,1.5,1.5],"texture":"#0"},"east":{"uv":[0.5,0.5,1.5,1.5],"texture":"#0"},"south":{"uv":[0.5,0.5,1.5,1.5],"texture":"#0"},"west":{"uv":[0.5,0.5,1.5,1.5],"texture":"#0"},"up":{"uv":[0.5,0.5,1.5,1.5],"texture":"#0"},"down":{"uv":[0.5,0.5,1.5,1.5],"texture":"#0"}}},{"from":[4.05,7.65,4],"to":[5.15,7.65,7.4],"rotation":{"angle":22.5,"axis":"z","origin":[4.6,7.65,5.7]},"faces":{"up":{"uv":[0,12.5,10.5,16],"texture":"#0","rotation":90}}},{"from":[4.3,5.4,5.55],"to":[5.4,7.15,7.45],"rotation":{"angle":-45,"axis":"x","origin":[7.8,4.975,6.05]},"faces":{"north":{"uv":[0.5,0.5,1.5,1.5],"texture":"#0"},"east":{"uv":[0.5,0.5,1.5,1.5],"texture":"#0"},"south":{"uv":[0.5,0.5,1.5,1.5],"texture":"#0"},"west":{"uv":[0.5,0.5,1.5,1.5],"texture":"#0"},"up":{"uv":[0.5,0.5,1.5,1.5],"texture":"#0"},"down":{"uv":[0.5,0.5,1.5,1.5],"texture":"#0"}}},{"from":[4.3,4.49,4.145],"to":[5.4,6.16,5.245],"faces":{"north":{"uv":[0.5,0.5,1.5,1.5],"texture":"#0"},"east":{"uv":[0.5,0.5,1.5,1.5],"texture":"#0"},"south":{"uv":[0.5,0.5,1.5,1.5],"texture":"#0"},"west":{"uv":[0.5,0.5,1.5,1.5],"texture":"#0"},"up":{"uv":[0.5,0.5,1.5,1.5],"texture":"#0"},"down":{"uv":[0.5,0.5,1.5,1.5],"texture":"#0"}}},{"from":[4.3,4.26,3.7],"to":[5.4,6.01,5.6],"rotation":{"angle":45,"axis":"x","origin":[7.8,3.835,4.2]},"faces":{"north":{"uv":[0.5,0.5,1.5,1.5],"texture":"#0"},"east":{"uv":[0.5,0.5,1.5,1.5],"texture":"#0"},"south":{"uv":[0.5,0.5,1.5,1.5],"texture":"#0"},"west":{"uv":[0.5,0.5,1.5,1.5],"texture":"#0"},"up":{"uv":[0.5,0.5,1.5,1.5],"texture":"#0"},"down":{"uv":[0.5,0.5,1.5,1.5],"texture":"#0"}}}],"display":{"thirdperson_righthand":{"scale":[0,0,0]},"thirdperson_lefthand":{"scale":[0,0,0]},"firstperson_righthand":{"scale":[0,0,0]},"firstperson_lefthand":{"scale":[0,0,0]},"head":{"scale":[1.4,1.4,1.4],"translation":[0,-34,1.5]},"gui":{"rotation":[30,130,0],"translation":[-1.75,0,0]}}}