{"credit":"Designed by Samasaurus6 with BDcraft Cubik PRO, Edit By Icelio","textures":{"0":"pokemon_skins/regular/jigglypuff/jigglypuffeye","1":"pokemon_skins/regular/jigglypuff/jigglypuffsmile","2":"pokemon_skins/regular/jigglypuff/jigglypuffear","3":"pokemon_skins/regular/jigglypuff/jigglypuffear2"},"elements":[{"from":[5.7,2,5.5],"to":[10.7,7,10.5],"faces":{"north":{"uv":[7,7,9,9],"texture":"#3"},"east":{"uv":[7,7,9,9],"texture":"#3"},"south":{"uv":[7,7,9,9],"texture":"#3"},"west":{"uv":[7,7,9,9],"texture":"#3"},"up":{"uv":[7,7,9,9],"texture":"#3"},"down":{"uv":[7,7,9,9],"texture":"#3"}}},{"from":[4.4,3,7.1],"to":[5.4,6,8.9],"faces":{"north":{"uv":[7,7,9,9],"texture":"#3"},"east":{"uv":[7,7,9,9],"texture":"#3"},"south":{"uv":[7,7,9,9],"texture":"#3"},"west":{"uv":[7,7,9,9],"texture":"#3"},"up":{"uv":[7,7,9,9],"texture":"#3"},"down":{"uv":[7,7,9,9],"texture":"#3"}}},{"from":[10.7,3,6.5],"to":[11.7,6,9.5],"faces":{"north":{"uv":[7,7,9,9],"texture":"#3"},"east":{"uv":[7,7,9,9],"texture":"#3"},"south":{"uv":[7,7,9,9],"texture":"#3"},"west":{"uv":[7,7,9,9],"texture":"#3"},"up":{"uv":[7,7,9,9],"texture":"#3"},"down":{"uv":[7,7,9,9],"texture":"#3"}}},{"from":[6.7,1,6.5],"to":[9.7,8.1,9.5],"faces":{"north":{"uv":[7,7,9,9],"texture":"#3"},"east":{"uv":[7,7,9,9],"texture":"#3"},"south":{"uv":[7,7,9,9],"texture":"#3"},"west":{"uv":[7,7,9,9],"texture":"#3"},"up":{"uv":[7,7,9,9],"texture":"#3"},"down":{"uv":[7,7,9,9],"texture":"#3"}}},{"from":[6.7,3,4.5],"to":[9.7,6,11.5],"faces":{"north":{"uv":[7,7,9,9],"texture":"#3"},"east":{"uv":[7,7,9,9],"texture":"#3"},"south":{"uv":[7,7,9,9],"texture":"#3"},"west":{"uv":[7,7,9,9],"texture":"#3"},"up":{"uv":[7,7,9,9],"texture":"#3"},"down":{"uv":[7,7,9,9],"texture":"#3"}}},{"from":[6.7,1.5,5],"to":[9.7,3,11],"faces":{"north":{"uv":[7,7,9,9],"texture":"#3"},"east":{"uv":[7,7,9,9],"texture":"#3"},"south":{"uv":[7,7,9,9],"texture":"#3"},"west":{"uv":[7,7,9,9],"texture":"#3"},"up":{"uv":[7,7,9,9],"texture":"#3"},"down":{"uv":[7,7,9,9],"texture":"#3"}}},{"from":[5.3,3,5],"to":[11.2,6,11],"faces":{"north":{"uv":[7,7,9,9],"texture":"#3"},"east":{"uv":[7,7,9,9],"texture":"#3"},"south":{"uv":[7,7,9,9],"texture":"#3"},"west":{"uv":[7,7,9,9],"texture":"#3"},"up":{"uv":[7,7,9,9],"texture":"#3"},"down":{"uv":[7,7,9,9],"texture":"#3"}}},{"from":[4.5,6,6.85],"to":[10.6,7.6,9.15],"rotation":{"angle":-45,"axis":"z","origin":[4.5,6,8]},"faces":{"north":{"uv":[7,7,9,9],"texture":"#3"},"east":{"uv":[7,7,9,9],"texture":"#3"},"south":{"uv":[7,7,9,9],"texture":"#3"},"west":{"uv":[7,7,9,9],"texture":"#3"},"up":{"uv":[7,7,9,9],"texture":"#3"},"down":{"uv":[7,7,9,9],"texture":"#3"}}},{"from":[5.2,6,6.5],"to":[11.2,7.5,9.5],"faces":{"north":{"uv":[7,7,9,9],"texture":"#3"},"east":{"uv":[7,7,9,9],"texture":"#3"},"south":{"uv":[7,7,9,9],"texture":"#3"},"west":{"uv":[7,7,9,9],"texture":"#3"},"up":{"uv":[7,7,9,9],"texture":"#3"},"down":{"uv":[7,7,9,9],"texture":"#3"}}},{"from":[5.2,1.5,6.5],"to":[11.2,3,9.5],"faces":{"north":{"uv":[7,7,9,9],"texture":"#3"},"east":{"uv":[7,7,9,9],"texture":"#3"},"south":{"uv":[7,7,9,9],"texture":"#3"},"west":{"uv":[7,7,9,9],"texture":"#3"},"up":{"uv":[7,7,9,9],"texture":"#3"},"down":{"uv":[7,7,9,9],"texture":"#3"}}},{"from":[4.8,0.8,9.7],"to":[8.2,1.3,10.70003],"rotation":{"angle":22.5,"axis":"y","origin":[5.5,0.8,9.7]},"faces":{"north":{"uv":[7,7,9,9],"texture":"#3"},"east":{"uv":[7,7,9,9],"texture":"#3"},"south":{"uv":[7,7,9,9],"texture":"#3"},"west":{"uv":[7,7,9,9],"texture":"#3"},"up":{"uv":[7,7,9,9],"texture":"#3"},"down":{"uv":[7,7,9,9],"texture":"#3"}}},{"from":[4.3,2.6,4],"to":[6.6,3.6,5],"rotation":{"angle":-22.5,"axis":"y","origin":[4.1,2.6,5]},"faces":{"north":{"uv":[7,7,9,9],"texture":"#3"},"east":{"uv":[7,7,9,9],"texture":"#3"},"south":{"uv":[7,7,9,9],"texture":"#3"},"west":{"uv":[7,7,9,9],"texture":"#3"},"up":{"uv":[7,7,9,9],"texture":"#3"},"down":{"uv":[7,7,9,9],"texture":"#3"}}},{"from":[4.3,2.6,11],"to":[6.6,3.6,12],"rotation":{"angle":22.5,"axis":"y","origin":[4.1,2.6,11]},"faces":{"north":{"uv":[7,7,9,9],"texture":"#3"},"east":{"uv":[7,7,9,9],"texture":"#3"},"south":{"uv":[7,7,9,9],"texture":"#3"},"west":{"uv":[7,7,9,9],"texture":"#3"},"up":{"uv":[7,7,9,9],"texture":"#3"},"down":{"uv":[7,7,9,9],"texture":"#3"}}},{"from":[4.5,0.5,9.6],"to":[8.2,1,11],"rotation":{"angle":22.5,"axis":"y","origin":[5.2,0.5,9.6]},"faces":{"north":{"uv":[7,7,9,9],"texture":"#3"},"east":{"uv":[7,7,9,9],"texture":"#3"},"south":{"uv":[7,7,9,9],"texture":"#3"},"west":{"uv":[7,7,9,9],"texture":"#3"},"up":{"uv":[7,7,9,9],"texture":"#3"},"down":{"uv":[7,7,9,9],"texture":"#3"}}},{"from":[4.4,3,8.9],"to":[6.5,6,11.2],"rotation":{"angle":22.5,"axis":"y","origin":[4.4,3,8.9]},"faces":{"north":{"uv":[7,7,9,9],"texture":"#3"},"east":{"uv":[7,7,9,9],"texture":"#3"},"south":{"uv":[7,7,9,9],"texture":"#3"},"west":{"uv":[7,7,9,9],"texture":"#3"},"up":{"uv":[7,7,9,9],"texture":"#3"},"down":{"uv":[7,7,9,9],"texture":"#3"}}},{"from":[4.4,3,4.8],"to":[6.1,6,7.1],"rotation":{"angle":-22.5,"axis":"y","origin":[4.4,3,7.1]},"faces":{"north":{"uv":[7,7,9,9],"texture":"#3"},"east":{"uv":[7,7,9,9],"texture":"#3"},"south":{"uv":[7,7,9,9],"texture":"#3"},"west":{"uv":[7,7,9,9],"texture":"#3"},"up":{"uv":[7,7,9,9],"texture":"#3"},"down":{"uv":[7,7,9,9],"texture":"#3"}}},{"from":[3.9,5.9,6.5],"to":[6.4,7.3,8.3],"rotation":{"angle":22.5,"axis":"z","origin":[3.9,7.3375,6.5]},"faces":{"north":{"uv":[7,7,9,9],"texture":"#3"},"east":{"uv":[7,7,9,9],"texture":"#3"},"south":{"uv":[7,7,9,9],"texture":"#3"},"west":{"uv":[7,7,9,9],"texture":"#3"},"up":{"uv":[7,7,9,9],"texture":"#3"},"down":{"uv":[7,7,9,9],"texture":"#3"}}},{"from":[5.4,6.7,6.7],"to":[7.5,8.6,9],"faces":{"north":{"uv":[7,7,9,9],"texture":"#3"},"east":{"uv":[7,7,9,9],"texture":"#3"},"south":{"uv":[7,7,9,9],"texture":"#3"},"west":{"uv":[7,7,9,9],"texture":"#3"},"up":{"uv":[7,7,9,9],"texture":"#3"},"down":{"uv":[7,7,9,9],"texture":"#3"}}},{"from":[3.3,5.5,7.5],"to":[4.3,6.5,8.8],"rotation":{"angle":22.5,"axis":"z","origin":[3.3,6.5,7.5]},"faces":{"north":{"uv":[7,7,9,9],"texture":"#3"},"east":{"uv":[7,7,9,9],"texture":"#3"},"south":{"uv":[7,7,9,9],"texture":"#3"},"west":{"uv":[7,7,9,9],"texture":"#3"},"up":{"uv":[7,7,9,9],"texture":"#3"},"down":{"uv":[7,7,9,9],"texture":"#3"}}},{"from":[4.3,4,5.2],"to":[4.35,6,7.2],"rotation":{"angle":-22.5,"axis":"y","origin":[4.3,4,7.2]},"faces":{"west":{"uv":[14,2,2,14],"texture":"#0"}}},{"from":[4.3,4,8.8],"to":[4.35,6,10.8],"rotation":{"angle":22.5,"axis":"y","origin":[4.3,4,8.8]},"faces":{"west":{"uv":[2,2,14,14],"texture":"#0"}}},{"from":[4.4,1.5,7.1],"to":[5.4,3,8.9],"rotation":{"angle":22.5,"axis":"z","origin":[4.4,3,7.1]},"faces":{"north":{"uv":[7,7,9,9],"texture":"#3"},"east":{"uv":[7,7,9,9],"texture":"#3"},"south":{"uv":[7,7,9,9],"texture":"#3"},"west":{"uv":[7,7,9,9],"texture":"#3"},"up":{"uv":[7,7,9,9],"texture":"#3"},"down":{"uv":[7,7,9,9],"texture":"#3"}}},{"from":[4.35,3.7,7.3],"to":[4.4,4,8.7],"faces":{"west":{"uv":[2,11,14,14],"texture":"#1"}}},{"from":[8.1,8,3.6],"to":[8.15,10.3,6.7],"rotation":{"angle":-45,"axis":"x","origin":[8.1,8,6.7]},"faces":{"east":{"uv":[13.5,4,3,12.5],"texture":"#3"},"west":{"uv":[13.5,4,3,12.5],"texture":"#2"}}},{"from":[8.1,8,9.3],"to":[8.15,10.3,12.4],"rotation":{"angle":45,"axis":"x","origin":[8.1,8,9.3]},"faces":{"east":{"uv":[3,4,13.5,12.5],"texture":"#3"},"west":{"uv":[3,4,13.5,12.5],"texture":"#2"}}},{"from":[6.7,4.5,4.5],"to":[9.7,6,7.5],"rotation":{"angle":-45,"axis":"x","origin":[6.7,6,4.5]},"faces":{"north":{"uv":[7,7,9,9],"texture":"#3"},"east":{"uv":[7,7,9,9],"texture":"#3"},"south":{"uv":[7,7,9,9],"texture":"#3"},"west":{"uv":[7,7,9,9],"texture":"#3"},"up":{"uv":[7,7,9,9],"texture":"#3"},"down":{"uv":[7,7,9,9],"texture":"#3"}}},{"from":[6.7,6.5625,9.4375],"to":[9.7,8.0625,12.4375],"rotation":{"angle":45,"axis":"x","origin":[6.7,8.0625,9.4375]},"faces":{"north":{"uv":[7,7,9,9],"texture":"#3"},"east":{"uv":[7,7,9,9],"texture":"#3"},"south":{"uv":[7,7,9,9],"texture":"#3"},"west":{"uv":[7,7,9,9],"texture":"#3"},"up":{"uv":[7,7,9,9],"texture":"#3"},"down":{"uv":[7,7,9,9],"texture":"#3"}}},{"from":[4.8,0.8,5.29997],"to":[8.2,1.3,6.3],"rotation":{"angle":-22.5,"axis":"y","origin":[5.5,0.8,6.3]},"faces":{"north":{"uv":[7,7,9,9],"texture":"#3"},"east":{"uv":[7,7,9,9],"texture":"#3"},"south":{"uv":[7,7,9,9],"texture":"#3"},"west":{"uv":[7,7,9,9],"texture":"#3"},"up":{"uv":[7,7,9,9],"texture":"#3"},"down":{"uv":[7,7,9,9],"texture":"#3"}}},{"from":[4.5,0.5,5],"to":[8.2,1,6.4],"rotation":{"angle":-22.5,"axis":"y","origin":[5.2,0.5,6.4]},"faces":{"north":{"uv":[7,7,9,9],"texture":"#3"},"east":{"uv":[7,7,9,9],"texture":"#3"},"south":{"uv":[7,7,9,9],"texture":"#3"},"west":{"uv":[7,7,9,9],"texture":"#3"},"up":{"uv":[7,7,9,9],"texture":"#3"},"down":{"uv":[7,7,9,9],"texture":"#3"}}}],"display":{"head":{"rotation":[0,-90,0],"translation":[0,-25,0.5],"scale":[2.4,2.4,2.4]},"gui":{"rotation":[30,50,0],"translation":[0.5,5,0],"scale":[1.5,1.5,1.5]},"thirdperson_righthand":{"scale":[0,0,0]},"thirdperson_lefthand":{"scale":[0,0,0]},"firstperson_righthand":{"scale":[0,0,0]},"firstperson_lefthand":{"scale":[0,0,0]}}}