{"__comment":"Designed by Madstonmagic with BDcraft Cubik PRO 0.96 Beta - http://bdcraft.net","textures":{"particle":"pokemon_skins/regular/shinx/eye","texture":"pokemon_skins/regular/shinx/shinx","neck":"pokemon_skins/regular/shinx/neck","ear":"pokemon_skins/regular/shinx/ear","tail":"pokemon_skins/regular/shinx/tail","tail_fur_side":"pokemon_skins/regular/shinx/tail_fur_side","tail_fur_top":"pokemon_skins/regular/shinx/tail_fur_top","fur_head":"pokemon_skins/regular/shinx/fur_head"},"elements":[{"__comment":"Element","from":[4.5,6,6.5],"to":[7.5,11,10.5],"faces":{"down":{"uv":[1,1,4.5,4.5],"texture":"#texture"},"up":{"uv":[1,1,4.5,4.5],"texture":"#texture"},"north":{"uv":[1,1,4.5,4.5],"texture":"#texture"},"south":{"uv":[1,1,4.5,4.5],"texture":"#texture"},"west":{"uv":[1,1,4.5,4.5],"texture":"#texture"},"east":{"uv":[1,1,4.5,4.5],"texture":"#texture"}}},{"__comment":"Element","from":[4.5,7,5.5],"to":[7.5,10,11.5],"faces":{"down":{"uv":[1,1,4.5,4.5],"texture":"#texture"},"up":{"uv":[1,1,4.5,4.5],"texture":"#texture"},"north":{"uv":[1,1,4.5,4.5],"texture":"#texture"},"south":{"uv":[1,1,4.5,4.5],"texture":"#texture"},"west":{"uv":[1,1,4.5,4.5],"texture":"#texture"},"east":{"uv":[1,1,4.5,4.5],"texture":"#texture"}}},{"__comment":"Element","from":[3.5,7,6.5],"to":[8.5,10,10.5],"faces":{"down":{"uv":[1,1,4.5,4.5],"texture":"#texture"},"up":{"uv":[1,1,4.5,4.5],"texture":"#texture"},"north":{"uv":[1,1,4.5,4.5],"texture":"#texture"},"south":{"uv":[1,1,4.5,4.5],"texture":"#texture"},"west":{"uv":[1,1,4.5,4.5],"texture":"#texture"},"east":{"uv":[1,1,4.5,4.5],"texture":"#texture"}}},{"__comment":"Element","from":[3.5,8.585,6.5],"to":[4.915,10,10.5],"rotation":{"origin":[3.5,10,6.5],"axis":"z","angle":45},"faces":{"down":{"uv":[1,1,4.5,4.5],"texture":"#texture"},"up":{"uv":[1,1,4.5,4.5],"texture":"#texture"},"north":{"uv":[1,1,4.5,4.5],"texture":"#texture"},"south":{"uv":[1,1,4.5,4.5],"texture":"#texture"},"west":{"uv":[1,1,4.5,4.5],"texture":"#texture"},"east":{"uv":[1,1,4.5,4.5],"texture":"#texture"}}},{"__comment":"Element","from":[7.5,9.585,6.5],"to":[8.915,11,10.5],"rotation":{"origin":[7.5,11,6.5],"axis":"z","angle":-45},"faces":{"down":{"uv":[1,1,4.5,4.5],"texture":"#texture"},"up":{"uv":[1,1,4.5,4.5],"texture":"#texture"},"north":{"uv":[1,1,4.5,4.5],"texture":"#texture"},"south":{"uv":[1,1,4.5,4.5],"texture":"#texture"},"west":{"uv":[1,1,4.5,4.5],"texture":"#texture"},"east":{"uv":[1,1,4.5,4.5],"texture":"#texture"}}},{"__comment":"Element","from":[7.5,6.585,6.5],"to":[8.915,8,10.5],"rotation":{"origin":[7.5,8,6.5],"axis":"z","angle":-45},"faces":{"down":{"uv":[1,1,4.5,4.5],"texture":"#texture"},"up":{"uv":[1,1,4.5,4.5],"texture":"#texture"},"north":{"uv":[1,1,4.5,4.5],"texture":"#texture"},"south":{"uv":[1,1,4.5,4.5],"texture":"#texture"},"west":{"uv":[1,1,4.5,4.5],"texture":"#texture"},"east":{"uv":[1,1,4.5,4.5],"texture":"#texture"}}},{"__comment":"Element","from":[3.5,5.585,6.5],"to":[4.915,7,10.5],"rotation":{"origin":[3.5,7,6.5],"axis":"z","angle":45},"faces":{"down":{"uv":[1,1,4.5,4.5],"texture":"#texture"},"up":{"uv":[1,1,4.5,4.5],"texture":"#texture"},"north":{"uv":[1,1,4.5,4.5],"texture":"#texture"},"south":{"uv":[1,1,4.5,4.5],"texture":"#texture"},"west":{"uv":[1,1,4.5,4.5],"texture":"#texture"},"east":{"uv":[1,1,4.5,4.5],"texture":"#texture"}}},{"__comment":"Element","from":[4.5,8.585,5.5],"to":[7.5,10,6.915],"rotation":{"origin":[4.5,10,5.5],"axis":"x","angle":-45},"faces":{"down":{"uv":[1,1,4.5,4.5],"texture":"#texture"},"up":{"uv":[1,1,4.5,4.5],"texture":"#texture"},"north":{"uv":[1,1,4.5,4.5],"texture":"#texture"},"south":{"uv":[1,1,4.5,4.5],"texture":"#texture"},"west":{"uv":[1,1,4.5,4.5],"texture":"#texture"},"east":{"uv":[1,1,4.5,4.5],"texture":"#texture"}}},{"__comment":"Element","from":[4.5,9.585,10.5],"to":[7.5,11,11.915],"rotation":{"origin":[4.5,11,10.5],"axis":"x","angle":45},"faces":{"down":{"uv":[1,1,4.5,4.5],"texture":"#texture"},"up":{"uv":[1,1,4.5,4.5],"texture":"#texture"},"north":{"uv":[1,1,4.5,4.5],"texture":"#texture"},"south":{"uv":[1,1,4.5,4.5],"texture":"#texture"},"west":{"uv":[1,1,4.5,4.5],"texture":"#texture"},"east":{"uv":[1,1,4.5,4.5],"texture":"#texture"}}},{"__comment":"Element","from":[4.5,6.585,10.5],"to":[7.5,8,11.915],"rotation":{"origin":[4.5,8,10.5],"axis":"x","angle":45},"faces":{"down":{"uv":[1,1,4.5,4.5],"texture":"#texture"},"up":{"uv":[1,1,4.5,4.5],"texture":"#texture"},"north":{"uv":[1,1,4.5,4.5],"texture":"#texture"},"south":{"uv":[1,1,4.5,4.5],"texture":"#texture"},"west":{"uv":[1,1,4.5,4.5],"texture":"#texture"},"east":{"uv":[1,1,4.5,4.5],"texture":"#texture"}}},{"__comment":"Element","from":[4.5,5.585,5.5],"to":[7.5,7,6.915],"rotation":{"origin":[4.5,7,5.5],"axis":"x","angle":-45},"faces":{"down":{"uv":[1,1,4.5,4.5],"texture":"#texture"},"up":{"uv":[1,1,4.5,4.5],"texture":"#texture"},"north":{"uv":[1,1,4.5,4.5],"texture":"#texture"},"south":{"uv":[1,1,4.5,4.5],"texture":"#texture"},"west":{"uv":[1,1,4.5,4.5],"texture":"#texture"},"east":{"uv":[1,1,4.5,4.5],"texture":"#texture"}}},{"__comment":"Element","from":[3.5,7,6.5],"to":[4.915,10,7.915],"rotation":{"origin":[3.5,7,6.5],"axis":"y","angle":45},"faces":{"down":{"uv":[1,1,4.5,4.5],"texture":"#texture"},"up":{"uv":[1,1,4.5,4.5],"texture":"#texture"},"north":{"uv":[1,1,4.5,4.5],"texture":"#texture"},"south":{"uv":[1,1,4.5,4.5],"texture":"#texture"},"west":{"uv":[1,1,4.5,4.5],"texture":"#texture"},"east":{"uv":[1,1,4.5,4.5],"texture":"#texture"}}},{"__comment":"Element","from":[7.5,7,5.5],"to":[8.915,10,6.915],"rotation":{"origin":[7.5,7,5.5],"axis":"y","angle":-45},"faces":{"down":{"uv":[1,1,4.5,4.5],"texture":"#texture"},"up":{"uv":[1,1,4.5,4.5],"texture":"#texture"},"north":{"uv":[1,1,4.5,4.5],"texture":"#texture"},"south":{"uv":[1,1,4.5,4.5],"texture":"#texture"},"west":{"uv":[1,1,4.5,4.5],"texture":"#texture"},"east":{"uv":[1,1,4.5,4.5],"texture":"#texture"}}},{"__comment":"Element","from":[3.5,7,10.5],"to":[4.915,10,11.915],"rotation":{"origin":[3.5,7,10.5],"axis":"y","angle":45},"faces":{"down":{"uv":[1,1,4.5,4.5],"texture":"#texture"},"up":{"uv":[1,1,4.5,4.5],"texture":"#texture"},"north":{"uv":[1,1,4.5,4.5],"texture":"#texture"},"south":{"uv":[1,1,4.5,4.5],"texture":"#texture"},"west":{"uv":[1,1,4.5,4.5],"texture":"#texture"},"east":{"uv":[1,1,4.5,4.5],"texture":"#texture"}}},{"__comment":"Element","from":[7.5,7,9.5],"to":[8.915,10,10.915],"rotation":{"origin":[7.5,7,9.5],"axis":"y","angle":-45},"faces":{"down":{"uv":[1,1,4.5,4.5],"texture":"#texture"},"up":{"uv":[1,1,4.5,4.5],"texture":"#texture"},"north":{"uv":[1,1,4.5,4.5],"texture":"#texture"},"south":{"uv":[1,1,4.5,4.5],"texture":"#texture"},"west":{"uv":[1,1,4.5,4.5],"texture":"#texture"},"east":{"uv":[1,1,4.5,4.5],"texture":"#texture"}}},{"__comment":"ear","from":[5.5,8.25,10.875],"to":[6.5,12.75,12.875],"faces":{"down":{"uv":[1,1,4.5,4.5],"texture":"#texture"},"up":{"uv":[1,1,4.5,4.5],"texture":"#texture"},"north":{"uv":[1,1,4.5,4.5],"texture":"#texture"},"south":{"uv":[1,1,4.5,4.5],"texture":"#texture"},"west":{"uv":[1,1,4.5,4.5],"texture":"#texture"},"east":{"uv":[1,1,4.5,4.5],"texture":"#texture"}}},{"__comment":"ear","from":[5.5,8.75,10.375],"to":[6.5,12.25,13.375],"faces":{"down":{"uv":[1,1,4.5,4.5],"texture":"#texture"},"up":{"uv":[1,1,4.5,4.5],"texture":"#texture"},"north":{"uv":[1,1,4.5,4.5],"texture":"#texture"},"south":{"uv":[1,1,4.5,4.5],"texture":"#texture"},"west":{"uv":[1,1,4.5,4.5],"texture":"#texture"},"east":{"uv":[1,1,4.5,4.5],"texture":"#texture"}}},{"__comment":"ear","from":[5,8.75,10.875],"to":[7,12.25,12.875],"faces":{"down":{"uv":[1,1,4.5,4.5],"texture":"#texture"},"up":{"uv":[1,1,4.5,4.5],"texture":"#texture"},"north":{"uv":[1,1,4.5,4.5],"texture":"#texture"},"south":{"uv":[1,1,4.5,4.5],"texture":"#texture"},"west":{"uv":[1,1,4.5,4.5],"texture":"#texture"},"east":{"uv":[1,1,4.5,4.5],"texture":"#texture"}}},{"__comment":"ear","from":[5,11.545,10.875],"to":[5.705,12.25,12.875],"rotation":{"origin":[5,12.25,10.875],"axis":"z","angle":45},"faces":{"down":{"uv":[1,1,4.5,4.5],"texture":"#texture"},"up":{"uv":[1,1,4.5,4.5],"texture":"#texture"},"north":{"uv":[1,1,4.5,4.5],"texture":"#texture"},"south":{"uv":[1,1,4.5,4.5],"texture":"#texture"},"west":{"uv":[1,1,4.5,4.5],"texture":"#texture"},"east":{"uv":[1,1,4.5,4.5],"texture":"#texture"}}},{"__comment":"ear","from":[6.5,12.045,10.875],"to":[7.205,12.75,12.875],"rotation":{"origin":[6.5,12.75,10.875],"axis":"z","angle":-45},"faces":{"down":{"uv":[1,1,4.5,4.5],"texture":"#texture"},"up":{"uv":[1,1,4.5,4.5],"texture":"#texture"},"north":{"uv":[1,1,4.5,4.5],"texture":"#texture"},"south":{"uv":[1,1,4.5,4.5],"texture":"#texture"},"west":{"uv":[1,1,4.5,4.5],"texture":"#texture"},"east":{"uv":[1,1,4.5,4.5],"texture":"#texture"}}},{"__comment":"ear","from":[5,8.045,10.875],"to":[5.705,8.75,12.875],"rotation":{"origin":[5,8.75,10.875],"axis":"z","angle":45},"faces":{"down":{"uv":[1,1,4.5,4.5],"texture":"#texture"},"up":{"uv":[1,1,4.5,4.5],"texture":"#texture"},"north":{"uv":[1,1,4.5,4.5],"texture":"#texture"},"south":{"uv":[1,1,4.5,4.5],"texture":"#texture"},"west":{"uv":[1,1,4.5,4.5],"texture":"#texture"},"east":{"uv":[1,1,4.5,4.5],"texture":"#texture"}}},{"__comment":"ear","from":[6.5,8.545,10.875],"to":[7.205,9.25,12.875],"rotation":{"origin":[6.5,9.25,10.875],"axis":"z","angle":-45},"faces":{"down":{"uv":[1,1,4.5,4.5],"texture":"#texture"},"up":{"uv":[1,1,4.5,4.5],"texture":"#texture"},"north":{"uv":[1,1,4.5,4.5],"texture":"#texture"},"south":{"uv":[1,1,4.5,4.5],"texture":"#texture"},"west":{"uv":[1,1,4.5,4.5],"texture":"#texture"},"east":{"uv":[1,1,4.5,4.5],"texture":"#texture"}}},{"__comment":"ear","from":[5.5,11.545,10.375],"to":[6.5,12.25,11.08],"rotation":{"origin":[5.5,12.25,10.375],"axis":"x","angle":-45},"faces":{"down":{"uv":[1,1,4.5,4.5],"texture":"#texture"},"up":{"uv":[1,1,4.5,4.5],"texture":"#texture"},"north":{"uv":[1,1,4.5,4.5],"texture":"#texture"},"south":{"uv":[1,1,4.5,4.5],"texture":"#texture"},"west":{"uv":[1,1,4.5,4.5],"texture":"#texture"},"east":{"uv":[1,1,4.5,4.5],"texture":"#texture"}}},{"__comment":"ear","from":[5.5,12.045,12.875],"to":[6.5,12.75,13.58],"rotation":{"origin":[5.5,12.75,12.875],"axis":"x","angle":45},"faces":{"down":{"uv":[1,1,4.5,4.5],"texture":"#texture"},"up":{"uv":[1,1,4.5,4.5],"texture":"#texture"},"north":{"uv":[1,1,4.5,4.5],"texture":"#texture"},"south":{"uv":[1,1,4.5,4.5],"texture":"#texture"},"west":{"uv":[1,1,4.5,4.5],"texture":"#texture"},"east":{"uv":[1,1,4.5,4.5],"texture":"#texture"}}},{"__comment":"ear","from":[5.5,8.545,12.875],"to":[6.5,9.25,13.58],"rotation":{"origin":[5.5,9.25,12.875],"axis":"x","angle":45},"faces":{"down":{"uv":[1,1,4.5,4.5],"texture":"#texture"},"up":{"uv":[1,1,4.5,4.5],"texture":"#texture"},"north":{"uv":[1,1,4.5,4.5],"texture":"#texture"},"south":{"uv":[1,1,4.5,4.5],"texture":"#texture"},"west":{"uv":[1,1,4.5,4.5],"texture":"#texture"},"east":{"uv":[1,1,4.5,4.5],"texture":"#texture"}}},{"__comment":"ear","from":[5,8.75,10.875],"to":[5.705,12.25,11.58],"rotation":{"origin":[5,8.75,10.875],"axis":"y","angle":45},"faces":{"down":{"uv":[1,1,4.5,4.5],"texture":"#texture"},"up":{"uv":[1,1,4.5,4.5],"texture":"#texture"},"north":{"uv":[1,1,4.5,4.5],"texture":"#texture"},"south":{"uv":[1,1,4.5,4.5],"texture":"#texture"},"west":{"uv":[1,1,4.5,4.5],"texture":"#texture"},"east":{"uv":[1,1,4.5,4.5],"texture":"#texture"}}},{"__comment":"ear","from":[6.5,8.75,10.375],"to":[7.205,12.25,11.08],"rotation":{"origin":[6.5,8.75,10.375],"axis":"y","angle":-45},"faces":{"down":{"uv":[1,1,4.5,4.5],"texture":"#texture"},"up":{"uv":[1,1,4.5,4.5],"texture":"#texture"},"north":{"uv":[1,1,4.5,4.5],"texture":"#texture"},"south":{"uv":[1,1,4.5,4.5],"texture":"#texture"},"west":{"uv":[1,1,4.5,4.5],"texture":"#texture"},"east":{"uv":[1,1,4.5,4.5],"texture":"#texture"}}},{"__comment":"ear","from":[5,8.75,12.875],"to":[5.705,12.25,13.58],"rotation":{"origin":[5,8.75,12.875],"axis":"y","angle":45},"faces":{"down":{"uv":[1,1,4.5,4.5],"texture":"#texture"},"up":{"uv":[1,1,4.5,4.5],"texture":"#texture"},"north":{"uv":[1,1,4.5,4.5],"texture":"#texture"},"south":{"uv":[1,1,4.5,4.5],"texture":"#texture"},"west":{"uv":[1,1,4.5,4.5],"texture":"#texture"},"east":{"uv":[1,1,4.5,4.5],"texture":"#texture"}}},{"__comment":"ear","from":[6.5,8.75,12.375],"to":[7.205,12.25,13.08],"rotation":{"origin":[6.5,8.75,12.375],"axis":"y","angle":-45},"faces":{"down":{"uv":[1,1,4.5,4.5],"texture":"#texture"},"up":{"uv":[1,1,4.5,4.5],"texture":"#texture"},"north":{"uv":[1,1,4.5,4.5],"texture":"#texture"},"south":{"uv":[1,1,4.5,4.5],"texture":"#texture"},"west":{"uv":[1,1,4.5,4.5],"texture":"#texture"},"east":{"uv":[1,1,4.5,4.5],"texture":"#texture"}}},{"__comment":"ear","from":[4.99,9.25,11.125],"to":[5.74,12.25,12.875],"faces":{"down":{"uv":[8.5,2.75,14.25,7.5],"texture":"#ear"},"up":{"uv":[9.75,2,14,5.5],"texture":"#ear"},"north":{"uv":[10.25,2.25,13.75,6.5],"texture":"#ear"},"south":{"uv":[10,1.25,13.75,4.75],"texture":"#ear"},"west":{"uv":[9.25,0.25,0.25,15.75],"texture":"#ear"},"east":{"uv":[0.25,0.25,9.25,15.75],"texture":"#ear"}}},{"__comment":"ear2","from":[5.5,8.25,4.25],"to":[6.5,12.75,6.25],"faces":{"down":{"uv":[1,1,4.5,4.5],"texture":"#texture"},"up":{"uv":[1,1,4.5,4.5],"texture":"#texture"},"north":{"uv":[1,1,4.5,4.5],"texture":"#texture"},"south":{"uv":[1,1,4.5,4.5],"texture":"#texture"},"west":{"uv":[1,1,4.5,4.5],"texture":"#texture"},"east":{"uv":[1,1,4.5,4.5],"texture":"#texture"}}},{"__comment":"ear2","from":[5.5,8.75,3.75],"to":[6.5,12.25,6.75],"faces":{"down":{"uv":[1,1,4.5,4.5],"texture":"#texture"},"up":{"uv":[1,1,4.5,4.5],"texture":"#texture"},"north":{"uv":[1,1,4.5,4.5],"texture":"#texture"},"south":{"uv":[1,1,4.5,4.5],"texture":"#texture"},"west":{"uv":[1,1,4.5,4.5],"texture":"#texture"},"east":{"uv":[1,1,4.5,4.5],"texture":"#texture"}}},{"__comment":"ear2","from":[5,8.75,4.25],"to":[7,12.25,6.25],"faces":{"down":{"uv":[1,1,4.5,4.5],"texture":"#texture"},"up":{"uv":[1,1,4.5,4.5],"texture":"#texture"},"north":{"uv":[1,1,4.5,4.5],"texture":"#texture"},"south":{"uv":[1,1,4.5,4.5],"texture":"#texture"},"west":{"uv":[1,1,4.5,4.5],"texture":"#texture"},"east":{"uv":[1,1,4.5,4.5],"texture":"#texture"}}},{"__comment":"ear2","from":[5,11.545,4.25],"to":[5.705,12.25,6.25],"rotation":{"origin":[5,12.25,4.25],"axis":"z","angle":45},"faces":{"down":{"uv":[1,1,4.5,4.5],"texture":"#texture"},"up":{"uv":[1,1,4.5,4.5],"texture":"#texture"},"north":{"uv":[1,1,4.5,4.5],"texture":"#texture"},"south":{"uv":[1,1,4.5,4.5],"texture":"#texture"},"west":{"uv":[1,1,4.5,4.5],"texture":"#texture"},"east":{"uv":[1,1,4.5,4.5],"texture":"#texture"}}},{"__comment":"ear2","from":[6.5,12.045,4.25],"to":[7.205,12.75,6.25],"rotation":{"origin":[6.5,12.75,4.25],"axis":"z","angle":-45},"faces":{"down":{"uv":[1,1,4.5,4.5],"texture":"#texture"},"up":{"uv":[1,1,4.5,4.5],"texture":"#texture"},"north":{"uv":[1,1,4.5,4.5],"texture":"#texture"},"south":{"uv":[1,1,4.5,4.5],"texture":"#texture"},"west":{"uv":[1,1,4.5,4.5],"texture":"#texture"},"east":{"uv":[1,1,4.5,4.5],"texture":"#texture"}}},{"__comment":"ear2","from":[5,8.045,4.25],"to":[5.705,8.75,6.25],"rotation":{"origin":[5,8.75,4.25],"axis":"z","angle":45},"faces":{"down":{"uv":[1,1,4.5,4.5],"texture":"#texture"},"up":{"uv":[1,1,4.5,4.5],"texture":"#texture"},"north":{"uv":[1,1,4.5,4.5],"texture":"#texture"},"south":{"uv":[1,1,4.5,4.5],"texture":"#texture"},"west":{"uv":[1,1,4.5,4.5],"texture":"#texture"},"east":{"uv":[1,1,4.5,4.5],"texture":"#texture"}}},{"__comment":"ear2","from":[6.5,8.545,4.25],"to":[7.205,9.25,6.25],"rotation":{"origin":[6.5,9.25,4.25],"axis":"z","angle":-45},"faces":{"down":{"uv":[1,1,4.5,4.5],"texture":"#texture"},"up":{"uv":[1,1,4.5,4.5],"texture":"#texture"},"north":{"uv":[1,1,4.5,4.5],"texture":"#texture"},"south":{"uv":[1,1,4.5,4.5],"texture":"#texture"},"west":{"uv":[1,1,4.5,4.5],"texture":"#texture"},"east":{"uv":[1,1,4.5,4.5],"texture":"#texture"}}},{"__comment":"ear2","from":[5.5,11.545,3.75],"to":[6.5,12.25,4.455],"rotation":{"origin":[5.5,12.25,3.75],"axis":"x","angle":-45},"faces":{"down":{"uv":[1,1,4.5,4.5],"texture":"#texture"},"up":{"uv":[1,1,4.5,4.5],"texture":"#texture"},"north":{"uv":[1,1,4.5,4.5],"texture":"#texture"},"south":{"uv":[1,1,4.5,4.5],"texture":"#texture"},"west":{"uv":[1,1,4.5,4.5],"texture":"#texture"},"east":{"uv":[1,1,4.5,4.5],"texture":"#texture"}}},{"__comment":"ear2","from":[5.5,12.045,6.25],"to":[6.5,12.75,6.955],"rotation":{"origin":[5.5,12.75,6.25],"axis":"x","angle":45},"faces":{"down":{"uv":[1,1,4.5,4.5],"texture":"#texture"},"up":{"uv":[1,1,4.5,4.5],"texture":"#texture"},"north":{"uv":[1,1,4.5,4.5],"texture":"#texture"},"south":{"uv":[1,1,4.5,4.5],"texture":"#texture"},"west":{"uv":[1,1,4.5,4.5],"texture":"#texture"},"east":{"uv":[1,1,4.5,4.5],"texture":"#texture"}}},{"__comment":"ear2","from":[5.5,8.045,3.75],"to":[6.5,8.75,4.455],"rotation":{"origin":[5.5,8.75,3.75],"axis":"x","angle":-45},"faces":{"down":{"uv":[1,1,4.5,4.5],"texture":"#texture"},"up":{"uv":[1,1,4.5,4.5],"texture":"#texture"},"north":{"uv":[1,1,4.5,4.5],"texture":"#texture"},"south":{"uv":[1,1,4.5,4.5],"texture":"#texture"},"west":{"uv":[1,1,4.5,4.5],"texture":"#texture"},"east":{"uv":[1,1,4.5,4.5],"texture":"#texture"}}},{"__comment":"ear2","from":[5,8.75,4.25],"to":[5.705,12.25,4.955],"rotation":{"origin":[5,8.75,4.25],"axis":"y","angle":45},"faces":{"down":{"uv":[1,1,4.5,4.5],"texture":"#texture"},"up":{"uv":[1,1,4.5,4.5],"texture":"#texture"},"north":{"uv":[1,1,4.5,4.5],"texture":"#texture"},"south":{"uv":[1,1,4.5,4.5],"texture":"#texture"},"west":{"uv":[1,1,4.5,4.5],"texture":"#texture"},"east":{"uv":[1,1,4.5,4.5],"texture":"#texture"}}},{"__comment":"ear2","from":[6.5,8.75,3.75],"to":[7.205,12.25,4.455],"rotation":{"origin":[6.5,8.75,3.75],"axis":"y","angle":-45},"faces":{"down":{"uv":[1,1,4.5,4.5],"texture":"#texture"},"up":{"uv":[1,1,4.5,4.5],"texture":"#texture"},"north":{"uv":[1,1,4.5,4.5],"texture":"#texture"},"south":{"uv":[1,1,4.5,4.5],"texture":"#texture"},"west":{"uv":[1,1,4.5,4.5],"texture":"#texture"},"east":{"uv":[1,1,4.5,4.5],"texture":"#texture"}}},{"__comment":"ear2","from":[5,8.75,6.25],"to":[5.705,12.25,6.955],"rotation":{"origin":[5,8.75,6.25],"axis":"y","angle":45},"faces":{"down":{"uv":[1,1,4.5,4.5],"texture":"#texture"},"up":{"uv":[1,1,4.5,4.5],"texture":"#texture"},"north":{"uv":[1,1,4.5,4.5],"texture":"#texture"},"south":{"uv":[1,1,4.5,4.5],"texture":"#texture"},"west":{"uv":[1,1,4.5,4.5],"texture":"#texture"},"east":{"uv":[1,1,4.5,4.5],"texture":"#texture"}}},{"__comment":"ear2","from":[6.5,8.75,5.75],"to":[7.205,12.25,6.455],"rotation":{"origin":[6.5,8.75,5.75],"axis":"y","angle":-45},"faces":{"down":{"uv":[1,1,4.5,4.5],"texture":"#texture"},"up":{"uv":[1,1,4.5,4.5],"texture":"#texture"},"north":{"uv":[1,1,4.5,4.5],"texture":"#texture"},"south":{"uv":[1,1,4.5,4.5],"texture":"#texture"},"west":{"uv":[1,1,4.5,4.5],"texture":"#texture"},"east":{"uv":[1,1,4.5,4.5],"texture":"#texture"}}},{"__comment":"ear2","from":[4.99,9.25,4.25],"to":[5.74,12.25,6],"faces":{"down":{"uv":[8.5,2.75,14.25,7.5],"texture":"#ear"},"up":{"uv":[9.75,2,14,5.5],"texture":"#ear"},"north":{"uv":[10.25,2.25,13.75,6.5],"texture":"#ear"},"south":{"uv":[10,1.25,13.75,4.75],"texture":"#ear"},"west":{"uv":[9.25,0.25,0.25,15.75],"texture":"#ear"},"east":{"uv":[0.25,0.25,9.25,15.75],"texture":"#ear"}}},{"__comment":"Element","from":[3.49,7.75,9.5],"to":[4.49,9.75,10.5],"faces":{"down":{"uv":[10.25,2,13,5],"texture":"#particle"},"up":{"uv":[11.25,4.5,13.75,7.5],"texture":"#particle"},"north":{"uv":[10.5,3.5,13.75,8],"texture":"#particle"},"south":{"uv":[10.75,1.25,13.75,4.75],"texture":"#particle"},"west":{"uv":[0.25,0.25,8.25,15.75],"texture":"#particle"},"east":{"uv":[8.25,0.25,0.25,15.75],"texture":"#particle"}}},{"__comment":"Element","from":[3.49,7.75,6.5],"to":[4.49,9.75,7.5],"faces":{"down":{"uv":[10.25,2,13,5],"texture":"#particle"},"up":{"uv":[11.25,4.5,13.75,7.5],"texture":"#particle"},"north":{"uv":[10.5,3.5,13.75,8],"texture":"#particle"},"south":{"uv":[10.75,1.25,13.75,4.75],"texture":"#particle"},"west":{"uv":[8.25,0.25,0.25,15.75],"texture":"#particle"},"east":{"uv":[0.25,0.25,8.25,15.75],"texture":"#particle"}}},{"__comment":"Element","from":[3.49,7.75,10.5],"to":[3.99,9.75,10.75],"rotation":{"origin":[3.49,7.75,10.5],"axis":"y","angle":45},"faces":{"down":{"uv":[10.25,2,13,5],"texture":"#particle"},"up":{"uv":[11.25,4.5,13.75,7.5],"texture":"#particle"},"north":{"uv":[10.5,3.5,13.75,8],"texture":"#particle"},"south":{"uv":[10.75,1.25,13.75,4.75],"texture":"#particle"},"west":{"uv":[8.25,0.25,9.75,15.75],"texture":"#particle"},"east":{"uv":[9.75,0.25,8.25,15.75],"texture":"#particle"}}},{"__comment":"Element","from":[3.6775,7.75,6.3125],"to":[4.1775,9.75,6.5625],"rotation":{"origin":[3.6775,7.75,6.3125],"axis":"y","angle":-45},"faces":{"down":{"uv":[10.25,2,13,5],"texture":"#particle"},"up":{"uv":[11.25,4.5,13.75,7.5],"texture":"#particle"},"north":{"uv":[10.5,3.5,13.75,8],"texture":"#particle"},"south":{"uv":[10.75,1.25,13.75,4.75],"texture":"#particle"},"west":{"uv":[9.75,0.25,8.25,15.75],"texture":"#particle"},"east":{"uv":[8.25,0.25,9.75,15.75],"texture":"#particle"}}},{"__comment":"Element","from":[3.49,8,8.125],"to":[4.49,8.25,8.875],"faces":{"down":{"uv":[6,11.25,8.75,14.25],"texture":"#texture"},"up":{"uv":[7.25,11.75,9.75,14.75],"texture":"#texture"},"north":{"uv":[6.25,11.75,10,14.25],"texture":"#texture"},"south":{"uv":[6,11.75,9,15.25],"texture":"#texture"},"west":{"uv":[6,6,15.75,11],"texture":"#texture"},"east":{"uv":[6,6,15.75,11],"texture":"#texture"}}},{"__comment":"Element","from":[3.49,7.25,7.5],"to":[4.49,7.5,9.5],"faces":{"down":{"uv":[6,11.25,8.75,14.25],"texture":"#neck"},"up":{"uv":[7.25,11.75,9.75,14.75],"texture":"#neck"},"north":{"uv":[6.25,11.75,10,14.25],"texture":"#neck"},"south":{"uv":[6,11.75,9,15.25],"texture":"#neck"},"west":{"uv":[14.25,0.25,15.75,14.25],"texture":"#neck","rotation":90},"east":{"uv":[14.25,0.25,15.75,14.25],"texture":"#neck","rotation":270}}},{"__comment":"Element","from":[3.5,10.1875,8.5],"to":[5.25,12.6875,8.5625],"rotation":{"origin":[3.5,12.6875,8.5],"axis":"z","angle":-22.5},"faces":{"down":{"uv":[12,2,14.5,4.25],"texture":"#fur_head"},"up":{"uv":[11,2.25,13.25,4.5],"texture":"#fur_head"},"north":{"uv":[10.75,0.25,0.25,12.75],"texture":"#fur_head"},"south":{"uv":[0.25,0.25,10.75,12.75],"texture":"#fur_head"},"west":{"uv":[11.75,3,14.5,5],"texture":"#fur_head"},"east":{"uv":[10.75,2,13.25,4.25],"texture":"#fur_head"}}},{"__comment":"Element","from":[5.75,7,4.75],"to":[6.25,8,5.75],"rotation":{"origin":[5.75,8,4.75],"axis":"x","angle":-45},"faces":{"down":{"uv":[1,1,4.5,4.5],"texture":"#texture"},"up":{"uv":[1,1,4.5,4.5],"texture":"#texture"},"north":{"uv":[1,1,4.5,4.5],"texture":"#texture"},"south":{"uv":[1,1,4.5,4.5],"texture":"#texture"},"west":{"uv":[1,1,4.5,4.5],"texture":"#texture"},"east":{"uv":[1,1,4.5,4.5],"texture":"#texture"}}},{"__comment":"Element","from":[5.75,7,10.75],"to":[6.25,8,11.75],"rotation":{"origin":[5.75,8,10.75],"axis":"x","angle":-45},"faces":{"down":{"uv":[1,1,4.5,4.5],"texture":"#texture"},"up":{"uv":[1,1,4.5,4.5],"texture":"#texture"},"north":{"uv":[1,1,4.5,4.5],"texture":"#texture"},"south":{"uv":[1,1,4.5,4.5],"texture":"#texture"},"west":{"uv":[1,1,4.5,4.5],"texture":"#texture"},"east":{"uv":[1,1,4.5,4.5],"texture":"#texture"}}},{"__comment":"Element","from":[5.75,6.5625,10.5625],"to":[6.25,7.5625,11.5625],"rotation":{"origin":[5.75,7.5625,10.5625],"axis":"x","angle":-22.5},"faces":{"down":{"uv":[1,1,4.5,4.5],"texture":"#texture"},"up":{"uv":[1,1,4.5,4.5],"texture":"#texture"},"north":{"uv":[1,1,4.5,4.5],"texture":"#texture"},"south":{"uv":[1,1,4.5,4.5],"texture":"#texture"},"west":{"uv":[1,1,4.5,4.5],"texture":"#texture"},"east":{"uv":[1,1,4.5,4.5],"texture":"#texture"}}},{"__comment":"Element","from":[5.75,6.875,5.5625],"to":[6.25,7.875,6.5625],"rotation":{"origin":[5.75,7.875,5.5625],"axis":"x","angle":22.5},"faces":{"down":{"uv":[1,1,4.5,4.5],"texture":"#texture"},"up":{"uv":[1,1,4.5,4.5],"texture":"#texture"},"north":{"uv":[1,1,4.5,4.5],"texture":"#texture"},"south":{"uv":[1,1,4.5,4.5],"texture":"#texture"},"west":{"uv":[1,1,4.5,4.5],"texture":"#texture"},"east":{"uv":[1,1,4.5,4.5],"texture":"#texture"}}},{"__comment":"Element","from":[8.75,3.25,6.25],"to":[11.25,5.75,10.75],"faces":{"down":{"uv":[1,6.5,4.5,10],"texture":"#texture"},"up":{"uv":[1.75,7,5.25,10.5],"texture":"#texture"},"north":{"uv":[1,7.25,4.5,10.75],"texture":"#texture"},"south":{"uv":[0.75,6.75,4.25,10.25],"texture":"#texture"},"west":{"uv":[1.25,6.75,4.75,10.25],"texture":"#texture"},"east":{"uv":[0.75,6.75,4.25,10.25],"texture":"#texture"}}},{"__comment":"Element","from":[9.5,3.25,6.75],"to":[11.75,5.75,10.25],"faces":{"down":{"uv":[1,6.5,4.5,10],"texture":"#texture"},"up":{"uv":[1.75,7,5.25,10.5],"texture":"#texture"},"north":{"uv":[1,7.25,4.5,10.75],"texture":"#texture"},"south":{"uv":[0.75,6.75,4.25,10.25],"texture":"#texture"},"west":{"uv":[1.25,6.75,4.75,10.25],"texture":"#texture"},"east":{"uv":[0.75,6.75,4.25,10.25],"texture":"#texture"}}},{"__comment":"Element","from":[8.75,2.75,6.75],"to":[11.25,6.25,10.25],"faces":{"down":{"uv":[1,6.5,4.5,10],"texture":"#texture"},"up":{"uv":[1.75,7,5.25,10.5],"texture":"#texture"},"north":{"uv":[1,7.25,4.5,10.75],"texture":"#texture"},"south":{"uv":[0.75,6.75,4.25,10.25],"texture":"#texture"},"west":{"uv":[1.25,6.75,4.75,10.25],"texture":"#texture"},"east":{"uv":[0.75,6.75,4.25,10.25],"texture":"#texture"}}},{"__comment":"Element","from":[5.5,2.75,6.75],"to":[8.75,6.25,10.25],"faces":{"down":{"uv":[1,1,4.5,4.5],"texture":"#texture"},"up":{"uv":[1,1,4.5,4.5],"texture":"#texture"},"north":{"uv":[1,1,4.5,4.5],"texture":"#texture"},"south":{"uv":[1,1,4.5,4.5],"texture":"#texture"},"west":{"uv":[1,1,4.5,4.5],"texture":"#texture"},"east":{"uv":[1,1,4.5,4.5],"texture":"#texture"}}},{"__comment":"Element","from":[5.5,3.25,6.25],"to":[8.75,5.75,10.75],"faces":{"down":{"uv":[1,1,4.5,4.5],"texture":"#texture"},"up":{"uv":[1,1,4.5,4.5],"texture":"#texture"},"north":{"uv":[1,1,4.5,4.5],"texture":"#texture"},"south":{"uv":[1,1,4.5,4.5],"texture":"#texture"},"west":{"uv":[1,1,4.5,4.5],"texture":"#texture"},"east":{"uv":[1,1,4.5,4.5],"texture":"#texture"}}},{"__comment":"Element","from":[5,3.25,6.75],"to":[8,5.75,10.25],"faces":{"down":{"uv":[1,1,4.5,4.5],"texture":"#texture"},"up":{"uv":[1,1,4.5,4.5],"texture":"#texture"},"north":{"uv":[1,1,4.5,4.5],"texture":"#texture"},"south":{"uv":[1,1,4.5,4.5],"texture":"#texture"},"west":{"uv":[1,1,4.5,4.5],"texture":"#texture"},"east":{"uv":[1,1,4.5,4.5],"texture":"#texture"}}},{"__comment":"Element","from":[5.5,5.045,6.25],"to":[8.75,5.75,6.955],"rotation":{"origin":[5.5,5.75,6.25],"axis":"x","angle":-45},"faces":{"down":{"uv":[1,1,4.5,4.5],"texture":"#texture"},"up":{"uv":[1,1,4.5,4.5],"texture":"#texture"},"north":{"uv":[1,1,4.5,4.5],"texture":"#texture"},"south":{"uv":[1,1,4.5,4.5],"texture":"#texture"},"west":{"uv":[0.75,6.5,4.25,10],"texture":"#texture"},"east":{"uv":[1,1,4.5,4.5],"texture":"#texture"}}},{"__comment":"Element","from":[5.5,5.545,10.25],"to":[8.75,6.25,10.955],"rotation":{"origin":[5.5,6.25,10.25],"axis":"x","angle":45},"faces":{"down":{"uv":[1,1,4.5,4.5],"texture":"#texture"},"up":{"uv":[1,1,4.5,4.5],"texture":"#texture"},"north":{"uv":[1,1,4.5,4.5],"texture":"#texture"},"south":{"uv":[1,1,4.5,4.5],"texture":"#texture"},"west":{"uv":[1.5,6.5,5,10],"texture":"#texture"},"east":{"uv":[1,1,4.5,4.5],"texture":"#texture"}}},{"__comment":"Element","from":[5.5,2.545,6.25],"to":[8.75,3.25,6.955],"rotation":{"origin":[5.5,3.25,6.25],"axis":"x","angle":-45},"faces":{"down":{"uv":[1,1,4.5,4.5],"texture":"#texture"},"up":{"uv":[1,1,4.5,4.5],"texture":"#texture"},"north":{"uv":[1,1,4.5,4.5],"texture":"#texture"},"south":{"uv":[1,1,4.5,4.5],"texture":"#texture"},"west":{"uv":[1,1,4.5,4.5],"texture":"#texture"},"east":{"uv":[1,1,4.5,4.5],"texture":"#texture"}}},{"__comment":"Element","from":[5.5,3.045,10.25],"to":[8.75,3.75,10.955],"rotation":{"origin":[5.5,3.75,10.25],"axis":"x","angle":45},"faces":{"down":{"uv":[1,1,4.5,4.5],"texture":"#texture"},"up":{"uv":[1,1,4.5,4.5],"texture":"#texture"},"north":{"uv":[1,1,4.5,4.5],"texture":"#texture"},"south":{"uv":[1,1,4.5,4.5],"texture":"#texture"},"west":{"uv":[1,1,4.5,4.5],"texture":"#texture"},"east":{"uv":[1,1,4.5,4.5],"texture":"#texture"}}},{"__comment":"Element","from":[5,2.545,6.75],"to":[5.705,3.25,10.25],"rotation":{"origin":[5,3.25,6.75],"axis":"z","angle":45},"faces":{"down":{"uv":[1,1,4.5,4.5],"texture":"#texture"},"up":{"uv":[1,1,4.5,4.5],"texture":"#texture"},"north":{"uv":[1,1,4.5,4.5],"texture":"#texture"},"south":{"uv":[1,1,4.5,4.5],"texture":"#texture"},"west":{"uv":[1,1,4.5,4.5],"texture":"#texture"},"east":{"uv":[1,1,4.5,4.5],"texture":"#texture"}}},{"__comment":"Element","from":[5,3.25,6.75],"to":[5.705,5.75,7.455],"rotation":{"origin":[5,3.25,6.75],"axis":"y","angle":45},"faces":{"down":{"uv":[1,1,4.5,4.5],"texture":"#texture"},"up":{"uv":[1.25,6.5,4.75,10],"texture":"#texture"},"north":{"uv":[1,1,4.5,4.5],"texture":"#texture"},"south":{"uv":[1,1,4.5,4.5],"texture":"#texture"},"west":{"uv":[1,1,4.5,4.5],"texture":"#texture"},"east":{"uv":[1,1,4.5,4.5],"texture":"#texture"}}},{"__comment":"Element","from":[5,3.25,10.25],"to":[5.705,5.75,10.955],"rotation":{"origin":[5,3.25,10.25],"axis":"y","angle":45},"faces":{"down":{"uv":[1,1,4.5,4.5],"texture":"#texture"},"up":{"uv":[0.25,6.25,3.75,9.75],"texture":"#texture"},"north":{"uv":[1,1,4.5,4.5],"texture":"#texture"},"south":{"uv":[1,1,4.5,4.5],"texture":"#texture"},"west":{"uv":[1,1,4.5,4.5],"texture":"#texture"},"east":{"uv":[1,1,4.5,4.5],"texture":"#texture"}}},{"__comment":"Element","from":[11.25,5.545,6.75],"to":[11.955,6.25,10.25],"rotation":{"origin":[11.25,6.25,6.75],"axis":"z","angle":-45},"faces":{"down":{"uv":[1,6.5,4.5,10],"texture":"#texture"},"up":{"uv":[1.75,7,5.25,10.5],"texture":"#texture"},"north":{"uv":[1,7.25,4.5,10.75],"texture":"#texture"},"south":{"uv":[0.75,6.75,4.25,10.25],"texture":"#texture"},"west":{"uv":[1.25,6.75,4.75,10.25],"texture":"#texture"},"east":{"uv":[0.75,6.75,4.25,10.25],"texture":"#texture"}}},{"__comment":"Element","from":[11.25,3.045,6.75],"to":[11.955,3.75,10.25],"rotation":{"origin":[11.25,3.75,6.75],"axis":"z","angle":-45},"faces":{"down":{"uv":[1,6.5,4.5,10],"texture":"#texture"},"up":{"uv":[1.75,7,5.25,10.5],"texture":"#texture"},"north":{"uv":[1,7.25,4.5,10.75],"texture":"#texture"},"south":{"uv":[0.75,6.75,4.25,10.25],"texture":"#texture"},"west":{"uv":[1.25,6.75,4.75,10.25],"texture":"#texture"},"east":{"uv":[0.75,6.75,4.25,10.25],"texture":"#texture"}}},{"__comment":"Element","from":[11.25,3.25,6.25],"to":[11.955,5.75,6.955],"rotation":{"origin":[11.25,3.25,6.25],"axis":"y","angle":-45},"faces":{"down":{"uv":[1,6.5,4.5,10],"texture":"#texture"},"up":{"uv":[1.75,7,5.25,10.5],"texture":"#texture"},"north":{"uv":[1,7.25,4.5,10.75],"texture":"#texture"},"south":{"uv":[0.75,6.75,4.25,10.25],"texture":"#texture"},"west":{"uv":[1.25,6.75,4.75,10.25],"texture":"#texture"},"east":{"uv":[0.75,6.75,4.25,10.25],"texture":"#texture"}}},{"__comment":"Element","from":[11.25,3.25,9.75],"to":[11.955,5.75,10.455],"rotation":{"origin":[11.25,3.25,9.75],"axis":"y","angle":-45},"faces":{"down":{"uv":[1,6.5,4.5,10],"texture":"#texture"},"up":{"uv":[1.75,7,5.25,10.5],"texture":"#texture"},"north":{"uv":[1,7.25,4.5,10.75],"texture":"#texture"},"south":{"uv":[0.75,6.75,4.25,10.25],"texture":"#texture"},"west":{"uv":[1.25,6.75,4.75,10.25],"texture":"#texture"},"east":{"uv":[0.75,6.75,4.25,10.25],"texture":"#texture"}}},{"__comment":"Element","from":[8.75,2.545,6.25],"to":[11.25,3.25,6.955],"rotation":{"origin":[8.75,3.25,6.25],"axis":"x","angle":-45},"faces":{"down":{"uv":[1,6.5,4.5,10],"texture":"#texture"},"up":{"uv":[1.75,7,5.25,10.5],"texture":"#texture"},"north":{"uv":[1,7.25,4.5,10.75],"texture":"#texture"},"south":{"uv":[0.75,6.75,4.25,10.25],"texture":"#texture"},"west":{"uv":[1.25,6.75,4.75,10.25],"texture":"#texture"},"east":{"uv":[0.75,6.75,4.25,10.25],"texture":"#texture"}}},{"__comment":"Element","from":[8.75,3.045,10.25],"to":[11.25,3.75,10.955],"rotation":{"origin":[8.75,3.75,10.25],"axis":"x","angle":45},"faces":{"down":{"uv":[1,6.5,4.5,10],"texture":"#texture"},"up":{"uv":[1.75,7,5.25,10.5],"texture":"#texture"},"north":{"uv":[1,7.25,4.5,10.75],"texture":"#texture"},"south":{"uv":[0.75,6.75,4.25,10.25],"texture":"#texture"},"west":{"uv":[1.25,6.75,4.75,10.25],"texture":"#texture"},"east":{"uv":[0.75,6.75,4.25,10.25],"texture":"#texture"}}},{"__comment":"Element","from":[8.75,5.045,6.25],"to":[11.25,5.75,6.955],"rotation":{"origin":[8.75,5.75,6.25],"axis":"x","angle":-45},"faces":{"down":{"uv":[1,6.5,4.5,10],"texture":"#texture"},"up":{"uv":[1.75,7,5.25,10.5],"texture":"#texture"},"north":{"uv":[1,7.25,4.5,10.75],"texture":"#texture"},"south":{"uv":[0.75,6.75,4.25,10.25],"texture":"#texture"},"west":{"uv":[1.25,6.75,4.75,10.25],"texture":"#texture"},"east":{"uv":[0.75,6.75,4.25,10.25],"texture":"#texture"}}},{"__comment":"Element","from":[8.75,5.545,10.25],"to":[11.25,6.25,10.955],"rotation":{"origin":[8.75,6.25,10.25],"axis":"x","angle":45},"faces":{"down":{"uv":[1,6.5,4.5,10],"texture":"#texture"},"up":{"uv":[1.75,7,5.25,10.5],"texture":"#texture"},"north":{"uv":[1,7.25,4.5,10.75],"texture":"#texture"},"south":{"uv":[0.75,6.75,4.25,10.25],"texture":"#texture"},"west":{"uv":[1.25,6.75,4.75,10.25],"texture":"#texture"},"east":{"uv":[0.75,6.75,4.25,10.25],"texture":"#texture"}}},{"__comment":"Element","from":[5.5,1.5,9.5],"to":[7,5,11],"faces":{"down":{"uv":[1,1,4.5,4.5],"texture":"#texture"},"up":{"uv":[1,1,4.5,4.5],"texture":"#texture"},"north":{"uv":[1,1,4.5,4.5],"texture":"#texture"},"south":{"uv":[1,1,4.5,4.5],"texture":"#texture"},"west":{"uv":[1,1,4.5,4.5],"texture":"#texture"},"east":{"uv":[1,1,4.5,4.5],"texture":"#texture"}}},{"__comment":"Element","from":[5.5,4,6],"to":[7,5,7.5],"faces":{"down":{"uv":[1,1,4.5,4.5],"texture":"#texture"},"up":{"uv":[1,1,4.5,4.5],"texture":"#texture"},"north":{"uv":[1,1,4.5,4.5],"texture":"#texture"},"south":{"uv":[1,1,4.5,4.5],"texture":"#texture"},"west":{"uv":[1,1,4.5,4.5],"texture":"#texture"},"east":{"uv":[1,1,4.5,4.5],"texture":"#texture"}}},{"__comment":"Element","from":[5.5,3.585,6],"to":[7,5,7.415],"rotation":{"origin":[5.5,5,6],"axis":"x","angle":-45},"faces":{"down":{"uv":[1,1,4.5,4.5],"texture":"#texture"},"up":{"uv":[1,1,4.5,4.5],"texture":"#texture"},"north":{"uv":[1,1,4.5,4.5],"texture":"#texture"},"south":{"uv":[1,1,4.5,4.5],"texture":"#texture"},"west":{"uv":[1,1,4.5,4.5],"texture":"#texture"},"east":{"uv":[1,1,4.5,4.5],"texture":"#texture"}}},{"__comment":"Element","from":[5.5,4.585,10],"to":[7,6,11.415],"rotation":{"origin":[5.5,6,10],"axis":"x","angle":45},"faces":{"down":{"uv":[1,1,4.5,4.5],"texture":"#texture"},"up":{"uv":[1,1,4.5,4.5],"texture":"#texture"},"north":{"uv":[1,1,4.5,4.5],"texture":"#texture"},"south":{"uv":[1,1,4.5,4.5],"texture":"#texture"},"west":{"uv":[1,1,4.5,4.5],"texture":"#texture"},"east":{"uv":[1,1,4.5,4.5],"texture":"#texture"}}},{"__comment":"Element","from":[6.125,2.375,6],"to":[7.375,4.875,7.5],"rotation":{"origin":[6.125,4.875,6],"axis":"z","angle":-45},"faces":{"down":{"uv":[1,1,4.5,4.5],"texture":"#texture"},"up":{"uv":[1,1,4.5,4.5],"texture":"#texture"},"north":{"uv":[1,1,4.5,4.5],"texture":"#texture"},"south":{"uv":[1,1,4.5,4.5],"texture":"#texture"},"west":{"uv":[1,1,4.5,4.5],"texture":"#texture"},"east":{"uv":[1,1,4.5,4.5],"texture":"#texture"}}},{"__comment":"Element","from":[4.365,1.8525,6],"to":[5.615,3.1025,7.5],"rotation":{"origin":[4.365,3.1025,6],"axis":"z","angle":22.5},"faces":{"down":{"uv":[1,1,4.5,4.5],"texture":"#texture"},"up":{"uv":[1,1,4.5,4.5],"texture":"#texture"},"north":{"uv":[1,1,4.5,4.5],"texture":"#texture"},"south":{"uv":[1,1,4.5,4.5],"texture":"#texture"},"west":{"uv":[1,1,4.5,4.5],"texture":"#texture"},"east":{"uv":[1,1,4.5,4.5],"texture":"#texture"}}},{"__comment":"Element","from":[4.8375,1.2075,6],"to":[6.0875,1.9575,7.5],"rotation":{"origin":[4.8375,1.9575,6],"axis":"z","angle":22.5},"faces":{"down":{"uv":[6.5,0.75,10,4.25],"texture":"#texture"},"up":{"uv":[7.25,1,10.75,4.5],"texture":"#texture"},"north":{"uv":[7.25,1.25,10.75,4.75],"texture":"#texture"},"south":{"uv":[6.5,0.75,10,4.25],"texture":"#texture"},"west":{"uv":[6.25,0.75,9.75,4.25],"texture":"#texture"},"east":{"uv":[6.5,0.75,10,4.25],"texture":"#texture"}}},{"__comment":"Element","from":[4.9,0.4475,6],"to":[6.4,1.1975,7.5],"rotation":{"origin":[4.9,1.1975,6],"axis":"z","angle":22.5},"faces":{"down":{"uv":[1,1,4.5,4.5],"texture":"#texture"},"up":{"uv":[1,1,4.5,4.5],"texture":"#texture"},"north":{"uv":[1,1,4.5,4.5],"texture":"#texture"},"south":{"uv":[1,1,4.5,4.5],"texture":"#texture"},"west":{"uv":[1,1,4.5,4.5],"texture":"#texture"},"east":{"uv":[1,1,4.5,4.5],"texture":"#texture"}}},{"__comment":"Element","from":[4.7125,0.385,6.375],"to":[5.4625,1.26,7.125],"rotation":{"origin":[4.7125,1.26,6.375],"axis":"z","angle":22.5},"faces":{"down":{"uv":[1,1,4.5,4.5],"texture":"#texture"},"up":{"uv":[1,1,4.5,4.5],"texture":"#texture"},"north":{"uv":[1,1,4.5,4.5],"texture":"#texture"},"south":{"uv":[1,1,4.5,4.5],"texture":"#texture"},"west":{"uv":[1,1,4.5,4.5],"texture":"#texture"},"east":{"uv":[1,1,4.5,4.5],"texture":"#texture"}}},{"__comment":"Element","from":[5.5,0.75,9.5],"to":[7,1.5,11],"faces":{"down":{"uv":[6.5,0.75,10,4.25],"texture":"#texture"},"up":{"uv":[7.25,1,10.75,4.5],"texture":"#texture"},"north":{"uv":[7.25,1.25,10.75,4.75],"texture":"#texture"},"south":{"uv":[6.5,0.75,10,4.25],"texture":"#texture"},"west":{"uv":[6.25,0.75,9.75,4.25],"texture":"#texture"},"east":{"uv":[6.5,0.75,10,4.25],"texture":"#texture"}}},{"__comment":"Element","from":[5.25,0,9.5],"to":[7,0.75,11],"faces":{"down":{"uv":[1,1,4.5,4.5],"texture":"#texture"},"up":{"uv":[1,1,4.5,4.5],"texture":"#texture"},"north":{"uv":[1,1,4.5,4.5],"texture":"#texture"},"south":{"uv":[1,1,4.5,4.5],"texture":"#texture"},"west":{"uv":[1,1,4.5,4.5],"texture":"#texture"},"east":{"uv":[1,1,4.5,4.5],"texture":"#texture"}}},{"__comment":"Element","from":[5.0625,0,9.875],"to":[5.8125,0.875,10.625],"faces":{"down":{"uv":[1,1,4.5,4.5],"texture":"#texture"},"up":{"uv":[1,1,4.5,4.5],"texture":"#texture"},"north":{"uv":[1,1,4.5,4.5],"texture":"#texture"},"south":{"uv":[1,1,4.5,4.5],"texture":"#texture"},"west":{"uv":[1,1,4.5,4.5],"texture":"#texture"},"east":{"uv":[1,1,4.5,4.5],"texture":"#texture"}}},{"__comment":"Element","from":[5,5.045,6.75],"to":[5.705,5.75,10.25],"rotation":{"origin":[5,5.75,6.75],"axis":"z","angle":45},"faces":{"down":{"uv":[1,6.5,4.5,10],"texture":"#texture"},"up":{"uv":[1.75,7,5.25,10.5],"texture":"#texture"},"north":{"uv":[1,7.25,4.5,10.75],"texture":"#texture"},"south":{"uv":[0.75,6.75,4.25,10.25],"texture":"#texture"},"west":{"uv":[1.25,6.75,4.75,10.25],"texture":"#texture"},"east":{"uv":[0.75,6.75,4.25,10.25],"texture":"#texture"}}},{"__comment":"Element","from":[4.99,4.52,6.75],"to":[5.99,5.77,8],"faces":{"down":{"uv":[9.25,10.75,12.25,13.25],"texture":"#neck"},"up":{"uv":[8,10,11.75,14],"texture":"#neck"},"north":{"uv":[7,9.25,11.25,13],"texture":"#neck"},"south":{"uv":[9.25,10,12.5,13],"texture":"#neck"},"west":{"uv":[0.25,0.25,10,10],"texture":"#neck"},"east":{"uv":[0.25,0.25,10,10],"texture":"#neck"}}},{"__comment":"Element","from":[4.99,4.52,9],"to":[5.99,5.77,10.25],"faces":{"down":{"uv":[9.25,10.75,12.25,13.25],"texture":"#neck"},"up":{"uv":[8,10,11.75,14],"texture":"#neck"},"north":{"uv":[7,9.25,11.25,13],"texture":"#neck"},"south":{"uv":[9.25,10,12.5,13],"texture":"#neck"},"west":{"uv":[0.25,0.25,10,10],"texture":"#neck"},"east":{"uv":[0.25,0.25,10,10],"texture":"#neck"}}},{"__comment":"Element","from":[9.5,0.75,9.5],"to":[11,4.25,11],"faces":{"down":{"uv":[1,6.5,4.5,10],"texture":"#texture"},"up":{"uv":[1.75,7,5.25,10.5],"texture":"#texture"},"north":{"uv":[1,7.25,4.5,10.75],"texture":"#texture"},"south":{"uv":[0.75,6.75,4.25,10.25],"texture":"#texture"},"west":{"uv":[1.25,6.75,4.75,10.25],"texture":"#texture"},"east":{"uv":[0.75,6.75,4.25,10.25],"texture":"#texture"}}},{"__comment":"Element","from":[9.25,0,9.5],"to":[11,0.75,11],"faces":{"down":{"uv":[1,6.5,4.5,10],"texture":"#texture"},"up":{"uv":[1.75,7,5.25,10.5],"texture":"#texture"},"north":{"uv":[1,7.25,4.5,10.75],"texture":"#texture"},"south":{"uv":[0.75,6.75,4.25,10.25],"texture":"#texture"},"west":{"uv":[1.25,6.75,4.75,10.25],"texture":"#texture"},"east":{"uv":[0.75,6.75,4.25,10.25],"texture":"#texture"}}},{"__comment":"Element","from":[9.5,3.835,10],"to":[11,5.25,11.415],"rotation":{"origin":[9.5,5.25,10],"axis":"x","angle":45},"faces":{"down":{"uv":[1,6.5,4.5,10],"texture":"#texture"},"up":{"uv":[1.75,7,5.25,10.5],"texture":"#texture"},"north":{"uv":[1,7.25,4.5,10.75],"texture":"#texture"},"south":{"uv":[0.75,6.75,4.25,10.25],"texture":"#texture"},"west":{"uv":[1.25,6.75,4.75,10.25],"texture":"#texture"},"east":{"uv":[0.75,6.75,4.25,10.25],"texture":"#texture"}}},{"__comment":"Element","from":[9.0625,0,9.875],"to":[9.8125,0.875,10.625],"faces":{"down":{"uv":[1,6.5,4.5,10],"texture":"#texture"},"up":{"uv":[1.75,7,5.25,10.5],"texture":"#texture"},"north":{"uv":[1,7.25,4.5,10.75],"texture":"#texture"},"south":{"uv":[0.75,6.75,4.25,10.25],"texture":"#texture"},"west":{"uv":[1.25,6.75,4.75,10.25],"texture":"#texture"},"east":{"uv":[0.75,6.75,4.25,10.25],"texture":"#texture"}}},{"__comment":"Element","from":[9.5,0.75,6],"to":[11,4.25,7.5],"faces":{"down":{"uv":[1,6.5,4.5,10],"texture":"#texture"},"up":{"uv":[1.75,7,5.25,10.5],"texture":"#texture"},"north":{"uv":[1,7.25,4.5,10.75],"texture":"#texture"},"south":{"uv":[0.75,6.75,4.25,10.25],"texture":"#texture"},"west":{"uv":[1.25,6.75,4.75,10.25],"texture":"#texture"},"east":{"uv":[0.75,6.75,4.25,10.25],"texture":"#texture"}}},{"__comment":"Element","from":[9.25,0,6],"to":[11,0.75,7.5],"faces":{"down":{"uv":[1,6.5,4.5,10],"texture":"#texture"},"up":{"uv":[1.75,7,5.25,10.5],"texture":"#texture"},"north":{"uv":[1,7.25,4.5,10.75],"texture":"#texture"},"south":{"uv":[0.75,6.75,4.25,10.25],"texture":"#texture"},"west":{"uv":[1.25,6.75,4.75,10.25],"texture":"#texture"},"east":{"uv":[0.75,6.75,4.25,10.25],"texture":"#texture"}}},{"__comment":"Element","from":[9.0625,0,6.375],"to":[9.8125,0.875,7.125],"faces":{"down":{"uv":[1,6.5,4.5,10],"texture":"#texture"},"up":{"uv":[1.75,7,5.25,10.5],"texture":"#texture"},"north":{"uv":[1,7.25,4.5,10.75],"texture":"#texture"},"south":{"uv":[0.75,6.75,4.25,10.25],"texture":"#texture"},"west":{"uv":[1.25,6.75,4.75,10.25],"texture":"#texture"},"east":{"uv":[0.75,6.75,4.25,10.25],"texture":"#texture"}}},{"__comment":"Element","from":[9.5,2.835,6],"to":[11,4.25,7.415],"rotation":{"origin":[9.5,4.25,6],"axis":"x","angle":-45},"faces":{"down":{"uv":[1,6.5,4.5,10],"texture":"#texture"},"up":{"uv":[1.75,7,5.25,10.5],"texture":"#texture"},"north":{"uv":[1,7.25,4.5,10.75],"texture":"#texture"},"south":{"uv":[0.75,6.75,4.25,10.25],"texture":"#texture"},"west":{"uv":[1.25,6.75,4.75,10.25],"texture":"#texture"},"east":{"uv":[0.75,6.75,4.25,10.25],"texture":"#texture"}}},{"__comment":"Element","from":[11,3.75,8],"to":[13.75,4.75,9],"rotation":{"origin":[11,4.75,8],"axis":"z","angle":45},"faces":{"down":{"uv":[1,6.5,4.5,10],"texture":"#texture"},"up":{"uv":[1.75,7,5.25,10.5],"texture":"#texture"},"north":{"uv":[1,7.25,4.5,10.75],"texture":"#texture"},"south":{"uv":[0.75,6.75,4.25,10.25],"texture":"#texture"},"west":{"uv":[1.25,6.75,4.75,10.25],"texture":"#texture"},"east":{"uv":[0.75,6.75,4.25,10.25],"texture":"#texture"}}},{"__comment":"Element","from":[12.96,5.6875,8],"to":[16.21,6.6875,9],"rotation":{"origin":[12.96,6.6875,8],"axis":"z","angle":22.5},"faces":{"down":{"uv":[1,6.5,4.5,10],"texture":"#texture"},"up":{"uv":[1.75,7,5.25,10.5],"texture":"#texture"},"north":{"uv":[1,7.25,4.5,10.75],"texture":"#texture"},"south":{"uv":[0.75,6.75,4.25,10.25],"texture":"#texture"},"west":{"uv":[1.25,6.75,4.75,10.25],"texture":"#texture"},"east":{"uv":[0.75,6.75,4.25,10.25],"texture":"#texture"}}},{"__comment":"Element","from":[15.08,4.9,6.0125],"to":[15.1425,9.9,11.0125],"rotation":{"origin":[15.08,9.9,6.0125],"axis":"z","angle":22.5},"faces":{"down":{"uv":[11.5,1.25,14.25,4],"texture":"#tail"},"up":{"uv":[11.5,0.75,14,3],"texture":"#tail"},"north":{"uv":[11.25,1.25,13.75,3],"texture":"#tail"},"south":{"uv":[11,2,13.25,3.75],"texture":"#tail"},"west":{"uv":[0.25,0.25,14.5,14.5],"texture":"#tail"},"east":{"uv":[0.25,0.25,14.5,14.5],"texture":"#tail"}}},{"__comment":"Element","from":[11.5,4,9.25],"to":[14,6.75,9.3125],"rotation":{"origin":[11.5,4,9.25],"axis":"y","angle":-22.5},"faces":{"down":{"uv":[12,5.5,14,7.5],"texture":"#tail_fur_side"},"up":{"uv":[12,8.5,14,10.75],"texture":"#tail_fur_side"},"north":{"uv":[12.75,0.25,0.5,12.5],"texture":"#tail_fur_side"},"south":{"uv":[0.5,0.25,12.75,12.5],"texture":"#tail_fur_side"},"west":{"uv":[10.5,11,12.75,13.25],"texture":"#tail_fur_side"},"east":{"uv":[11.5,9,13.25,11.25],"texture":"#tail_fur_side"}}},{"__comment":"Element","from":[11.5,4,7.75],"to":[14,6.75,7.8125],"rotation":{"origin":[11.5,4,7.75],"axis":"y","angle":22.5},"faces":{"down":{"uv":[12,5.5,14,7.5],"texture":"#tail_fur_side"},"up":{"uv":[12,8.5,14,10.75],"texture":"#tail_fur_side"},"north":{"uv":[12.75,0.25,0.5,12.5],"texture":"#tail_fur_side"},"south":{"uv":[0.5,0.25,12.75,12.5],"texture":"#tail_fur_side"},"west":{"uv":[10.5,11,12.75,13.25],"texture":"#tail_fur_side"},"east":{"uv":[11.5,9,13.25,11.25],"texture":"#tail_fur_side"}}},{"__comment":"Element","from":[11.25,5.4375,6.8125],"to":[13.5,5.5,10.3125],"rotation":{"origin":[11.25,5.5,6.8125],"axis":"z","angle":45},"faces":{"down":{"uv":[0.25,14.5,10.5,0.25],"texture":"#tail_fur_top"},"up":{"uv":[0.25,0.25,10.5,14.5],"texture":"#tail_fur_top"},"north":{"uv":[11.5,7.5,14.75,10.5],"texture":"#tail_fur_top"},"south":{"uv":[11.25,7.25,13.75,9.75],"texture":"#tail_fur_top"},"west":{"uv":[9,6.25,13,9.5],"texture":"#tail_fur_top"},"east":{"uv":[9.25,5.75,12.75,8.25],"texture":"#tail_fur_top"}}},{"__comment":"Element","from":[11.75,3.9375,6.8125],"to":[13.25,4,10.3125],"rotation":{"origin":[11.75,4,6.8125],"axis":"z","angle":22.5},"faces":{"down":{"uv":[0.25,14.5,10.5,0.25],"texture":"#tail_fur_top"},"up":{"uv":[0.25,0.25,10.5,14.5],"texture":"#tail_fur_top"},"north":{"uv":[11.5,7.5,14.75,10.5],"texture":"#tail_fur_top"},"south":{"uv":[11.25,7.25,13.75,9.75],"texture":"#tail_fur_top"},"west":{"uv":[9,6.25,13,9.5],"texture":"#tail_fur_top"},"east":{"uv":[9.25,5.75,12.75,8.25],"texture":"#tail_fur_top"}}}],"display":{"thirdperson_righthand":{"scale":[0.0001,0.0001,0.0001]},"thirdperson_lefthand":{"scale":[0.0001,0.0001,0.0001]},"firstperson_righthand":{"scale":[0.0001,0.0001,0.0001]},"firstperson_lefthand":{"scale":[0.0001,0.0001,0.0001]},"gui":{"rotation":[30,45,0],"translation":[-0.5,2,0]},"head":{"rotation":[0,-90,0],"translation":[0.9,-27.15,0],"scale":[1.8,1.8,1.8]},"ground":{"scale":[0.0001,0.0001,0.0001]},"fixed":{"scale":[0.0001,0.0001,0.0001]}}}