{"credit":"Designed by MadstonMagic /Edit by Icelio","textures":{"0":"pokemon_skins/regular/roserade/roserade","face":"pokemon_skins/regular/roserade/face","belly":"pokemon_skins/regular/roserade/belly","leaf_back":"pokemon_skins/regular/roserade/leaf_back","tail_end":"pokemon_skins/regular/roserade/cape","flower_end":"pokemon_skins/regular/roserade/flower_end","hand_end":"pokemon_skins/regular/roserade/hand_end","leaf_head":"pokemon_skins/regular/roserade/petal","leaf_back_side":"pokemon_skins/regular/roserade/leaf_back_side","particle":"pokemon_skins/regular/roserade/eye"},"elements":[{"from":[8.85,9.995,6.35],"to":[9.95,10.395,9.65],"faces":{"north":{"uv":[1,1,3,3],"texture":"#0"},"east":{"uv":[1,1,3,3],"texture":"#0"},"south":{"uv":[1,1,3,3],"texture":"#0"},"west":{"uv":[1,1,3,3],"texture":"#0"},"up":{"uv":[1,1,3,3],"texture":"#0"},"down":{"uv":[1,1,3,3],"texture":"#0"}}},{"from":[7.05,12.795,9.35],"to":[8.35,13.795,9.55],"faces":{"north":{"uv":[13,1,15,3],"texture":"#0"},"east":{"uv":[13,1,15,3],"texture":"#0"},"south":{"uv":[13,1,15,3],"texture":"#0"},"west":{"uv":[13,1,15,3],"texture":"#0"},"up":{"uv":[13,1,15,3],"texture":"#0"},"down":{"uv":[13,1,15,3],"texture":"#0"}}},{"from":[7.05,12.795,6.35],"to":[8.35,13.795,6.55],"faces":{"north":{"uv":[13,1,15,3],"texture":"#0"},"east":{"uv":[13,1,15,3],"texture":"#0"},"south":{"uv":[13,1,15,3],"texture":"#0"},"west":{"uv":[13,1,15,3],"texture":"#0"},"up":{"uv":[13,1,15,3],"texture":"#0"},"down":{"uv":[13,1,15,3],"texture":"#0"}}},{"from":[5.35,12.795,6.35],"to":[7.05,13.795,6.65],"rotation":{"angle":22.5,"axis":"y","origin":[6.5,13.245,6.6]},"faces":{"north":{"uv":[13,1,15,3],"texture":"#0"},"east":{"uv":[13,1,15,3],"texture":"#0"},"south":{"uv":[13,1,15,3],"texture":"#0"},"west":{"uv":[13,1,15,3],"texture":"#0"},"up":{"uv":[13,1,15,3],"texture":"#0"},"down":{"uv":[13,1,15,3],"texture":"#0"}}},{"from":[5.35,12.795,9.35],"to":[7.05,13.795,9.65],"rotation":{"angle":-22.5,"axis":"y","origin":[6.5,13.245,9.4]},"faces":{"north":{"uv":[13,1,15,3],"texture":"#0"},"east":{"uv":[13,1,15,3],"texture":"#0"},"south":{"uv":[13,1,15,3],"texture":"#0"},"west":{"uv":[13,1,15,3],"texture":"#0"},"up":{"uv":[13,1,15,3],"texture":"#0"},"down":{"uv":[13,1,15,3],"texture":"#0"}}},{"from":[8.25,12.795,8.45],"to":[8.75,13.795,10.15],"rotation":{"angle":-45,"axis":"y","origin":[8.5,13.245,9.6]},"faces":{"north":{"uv":[13,1,15,3],"texture":"#0"},"east":{"uv":[13,1,15,3],"texture":"#0"},"south":{"uv":[13,1,15,3],"texture":"#0"},"west":{"uv":[13,1,15,3],"texture":"#0"},"up":{"uv":[13,1,15,3],"texture":"#0"},"down":{"uv":[13,1,15,3],"texture":"#0"}}},{"from":[8.25,12.795,5.85],"to":[8.75,13.795,7.55],"rotation":{"angle":45,"axis":"y","origin":[8.5,13.245,6.4]},"faces":{"north":{"uv":[13,1,15,3],"texture":"#0"},"east":{"uv":[13,1,15,3],"texture":"#0"},"south":{"uv":[13,1,15,3],"texture":"#0"},"west":{"uv":[13,1,15,3],"texture":"#0"},"up":{"uv":[13,1,15,3],"texture":"#0"},"down":{"uv":[13,1,15,3],"texture":"#0"}}},{"from":[8.55,12.795,6.85],"to":[8.85,13.595,9.25],"faces":{"north":{"uv":[13,1,15,3],"texture":"#0"},"east":{"uv":[13,1,15,3],"texture":"#0"},"south":{"uv":[13,1,15,3],"texture":"#0"},"west":{"uv":[13,1,15,3],"texture":"#0"},"up":{"uv":[13,1,15,3],"texture":"#0"},"down":{"uv":[13,1,15,3],"texture":"#0"}}},{"from":[9.15,12.795,6.55],"to":[9.65,13.795,9.45],"faces":{"north":{"uv":[13,1,15,3],"texture":"#0"},"east":{"uv":[13,1,15,3],"texture":"#0"},"south":{"uv":[13,1,15,3],"texture":"#0"},"west":{"uv":[13,1,15,3],"texture":"#0"},"up":{"uv":[13,1,15,3],"texture":"#0"},"down":{"uv":[13,1,15,3],"texture":"#0"}}},{"from":[8.85,10.395,6.35],"to":[9.95,12.795,9.65],"faces":{"north":{"uv":[13,1,15,3],"texture":"#0"},"east":{"uv":[13,1,15,3],"texture":"#0"},"south":{"uv":[13,1,15,3],"texture":"#0"},"west":{"uv":[13,1,15,3],"texture":"#0"},"up":{"uv":[13,1,15,3],"texture":"#0"},"down":{"uv":[13,1,15,3],"texture":"#0"}}},{"from":[6.5,9.7,11.4],"to":[9.7,12.6,11.45],"rotation":{"angle":45,"axis":"x","origin":[7,12.6,11.45]},"faces":{"north":{"uv":[0.25,6,13,15.75],"texture":"#leaf_head"},"south":{"uv":[0.25,6,13,15.75],"texture":"#leaf_head"}}},{"from":[6.5,12.6,11.4],"to":[9.7,13.95,11.45],"rotation":{"angle":22.5,"axis":"x","origin":[7,12.6,11.45]},"faces":{"north":{"uv":[0.25,0.25,13,6],"texture":"#leaf_head"},"south":{"uv":[0.25,0.25,13,6],"texture":"#leaf_head"}}},{"from":[10.4,10.9,6],"to":[10.45,13.4,10],"rotation":{"angle":-22.5,"axis":"z","origin":[10.45,13.4,8]},"faces":{"east":{"uv":[0.25,6,13,15.75],"texture":"#leaf_head"},"west":{"uv":[0.25,6,13,15.75],"texture":"#leaf_head"}}},{"from":[9.4,13,6],"to":[9.45,14.25,10],"faces":{"east":{"uv":[0.25,0.25,13,6],"texture":"#leaf_head"},"west":{"uv":[0.25,0.25,13,6],"texture":"#leaf_head"}}},{"from":[10.4,13.4,6],"to":[10.45,14.65,10],"faces":{"east":{"uv":[0.25,0.25,13,6],"texture":"#leaf_head"},"west":{"uv":[0.25,0.25,13,6],"texture":"#leaf_head"}}},{"from":[6.25,9.995,5.25],"to":[8.85,10.395,10.75],"faces":{"north":{"uv":[1,1,3,3],"texture":"#0"},"east":{"uv":[1,1,3,3],"texture":"#0"},"south":{"uv":[1,1,3,3],"texture":"#0"},"west":{"uv":[1,1,3,3],"texture":"#0"},"up":{"uv":[1,1,3,3],"texture":"#0"},"down":{"uv":[1,1,3,3],"texture":"#0"}}},{"from":[5.225,14,7.05],"to":[5.65,14.9,8.95],"rotation":{"angle":-22.5,"axis":"z","origin":[5.225,14,8]},"faces":{"north":{"uv":[13,1,15,3],"texture":"#0"},"east":{"uv":[13,1,15,3],"texture":"#0"},"south":{"uv":[13,1,15,3],"texture":"#0"},"west":{"uv":[13,1,15,3],"texture":"#0"},"up":{"uv":[13,1,15,3],"texture":"#0"},"down":{"uv":[13,1,15,3],"texture":"#0"}}},{"from":[5.225,10.3,6.65],"to":[5.65,14,9.25],"faces":{"north":{"uv":[13,1,15,3],"texture":"#0"},"east":{"uv":[13,1,15,3],"texture":"#0"},"south":{"uv":[13,1,15,3],"texture":"#0"},"west":{"uv":[13,1,15,3],"texture":"#0"},"up":{"uv":[13,1,15,3],"texture":"#0"},"down":{"uv":[13,1,15,3],"texture":"#0"}}},{"from":[6.825,13.795,10],"to":[9.05,14.495,10.05],"faces":{"north":{"uv":[2.5,0.75,10.75,5.25],"texture":"#leaf_head"},"south":{"uv":[2.5,0.75,10.75,5.25],"texture":"#leaf_head"}}},{"from":[5.725,12.495,9.75],"to":[9.05,13.895,10.25],"faces":{"north":{"uv":[13,1,15,3],"texture":"#0"},"east":{"uv":[13,1,15,3],"texture":"#0"},"south":{"uv":[13,1,15,3],"texture":"#0"},"west":{"uv":[13,1,15,3],"texture":"#0"},"up":{"uv":[13,1,15,3],"texture":"#0"},"down":{"uv":[13,1,15,3],"texture":"#0"}}},{"from":[5.825,10.395,6.75],"to":[8.45,13.495,9.25],"faces":{"north":{"uv":[13,1,15,3],"texture":"#0"},"east":{"uv":[13,1,15,3],"texture":"#0"},"south":{"uv":[13,1,15,3],"texture":"#0"},"west":{"uv":[13,1,15,3],"texture":"#0"},"up":{"uv":[13,1,15,3],"texture":"#0"},"down":{"uv":[13,1,15,3],"texture":"#0"}}},{"from":[5.55,10.395,5.25],"to":[8.85,12.795,10.75],"faces":{"north":{"uv":[13,1,15,3],"texture":"#0"},"east":{"uv":[13,1,15,3],"texture":"#0"},"south":{"uv":[13,1,15,3],"texture":"#0"},"west":{"uv":[13,1,15,3],"texture":"#0"},"up":{"uv":[13,1,15,3],"texture":"#0"},"down":{"uv":[13,1,15,3],"texture":"#0"}}},{"from":[8.85,10.395,5.25],"to":[10.4065,12.795,6.8065],"rotation":{"angle":-45,"axis":"y","origin":[8.85,10.6,5.25]},"faces":{"north":{"uv":[13,1,15,3],"texture":"#0"},"east":{"uv":[13,1,15,3],"texture":"#0"},"south":{"uv":[13,1,15,3],"texture":"#0"},"west":{"uv":[13,1,15,3],"texture":"#0"},"up":{"uv":[13,1,15,3],"texture":"#0"},"down":{"uv":[1,1,3,3],"texture":"#0"}}},{"from":[7.75,9.995,4.7935],"to":[9.3065,10.395,6.35],"rotation":{"angle":-45,"axis":"y","origin":[7.75,10.2,6.35]},"faces":{"north":{"uv":[1,1,3,3],"texture":"#0"},"east":{"uv":[1,1,3,3],"texture":"#0"},"south":{"uv":[1,1,3,3],"texture":"#0"},"west":{"uv":[1,1,3,3],"texture":"#0"},"up":{"uv":[1,1,3,3],"texture":"#0"},"down":{"uv":[1,1,3,3],"texture":"#0"}}},{"from":[7.75,9.995,9.65],"to":[9.3065,10.395,11.2065],"rotation":{"angle":45,"axis":"y","origin":[7.75,10.2,9.65]},"faces":{"north":{"uv":[1,1,3,3],"texture":"#0"},"east":{"uv":[1,1,3,3],"texture":"#0"},"south":{"uv":[1,1,3,3],"texture":"#0"},"west":{"uv":[1,1,3,3],"texture":"#0"},"up":{"uv":[1,1,3,3],"texture":"#0"},"down":{"uv":[1,1,3,3],"texture":"#0"}}},{"from":[7.75,10.395,9.65],"to":[9.3065,12.795,11.2065],"rotation":{"angle":45,"axis":"y","origin":[7.75,10.6,9.65]},"faces":{"north":{"uv":[13,1,15,3],"texture":"#0"},"east":{"uv":[13,1,15,3],"texture":"#0"},"south":{"uv":[13,1,15,3],"texture":"#0"},"west":{"uv":[13,1,15,3],"texture":"#0"},"up":{"uv":[13,1,15,3],"texture":"#0"},"down":{"uv":[13,1,15,3],"texture":"#0"}}},{"from":[4.25,11.5,6.45],"to":[5.9,12.05,9.55],"rotation":{"angle":22.5,"axis":"z","origin":[4.25,12.05,8]},"faces":{"north":{"uv":[13,1,15,3],"texture":"#0"},"east":{"uv":[13,1,15,3],"texture":"#0"},"south":{"uv":[13,1,15,3],"texture":"#0"},"west":{"uv":[13,1,15,3],"texture":"#0"},"up":{"uv":[13,1,15,3],"texture":"#0"},"down":{"uv":[13,1,15,3],"texture":"#0"}}},{"from":[5.45,12.445,10.2],"to":[7.25,13.4,10.75],"rotation":{"angle":0,"axis":"y","origin":[8,8,8.1]},"faces":{"north":{"uv":[13,1,15,3],"texture":"#0"},"east":{"uv":[13,1,15,3],"texture":"#0"},"south":{"uv":[13,1,15,3],"texture":"#0"},"west":{"uv":[13,1,15,3],"texture":"#0"},"up":{"uv":[13,1,15,3],"texture":"#0"},"down":{"uv":[13,1,15,3],"texture":"#0"}}},{"from":[4.25,12.05,9.55],"to":[4.8,14.005,11.25],"rotation":{"angle":45,"axis":"y","origin":[4.25,12.55,9.55]},"faces":{"north":{"uv":[13,1,15,3],"texture":"#0"},"east":{"uv":[13,1,15,3],"texture":"#0"},"south":{"uv":[13,1,15,3],"texture":"#0"},"west":{"uv":[13,1,15,3],"texture":"#0"},"up":{"uv":[13,1,15,3],"texture":"#0"},"down":{"uv":[13,1,15,3],"texture":"#0"}}},{"from":[4.45,14.3725,8.9225],"to":[4.8,15.2725,9.3775],"rotation":{"angle":0,"axis":"x","origin":[4.625,13.6225,8.4]},"faces":{"north":{"uv":[13,1,15,3],"texture":"#0"},"east":{"uv":[13,1,15,3],"texture":"#0"},"south":{"uv":[13,1,15,3],"texture":"#0"},"west":{"uv":[13,1,15,3],"texture":"#0"},"up":{"uv":[13,1,15,3],"texture":"#0"},"down":{"uv":[13,1,15,3],"texture":"#0"}}},{"from":[4.35,14.1225,8.1725],"to":[4.9,15.4225,8.6275],"faces":{"north":{"uv":[13,1,15,3],"texture":"#0"},"east":{"uv":[13,1,15,3],"texture":"#0"},"south":{"uv":[13,1,15,3],"texture":"#0"},"west":{"uv":[13,1,15,3],"texture":"#0"},"up":{"uv":[13,1,15,3],"texture":"#0"},"down":{"uv":[13,1,15,3],"texture":"#0"}}},{"from":[4.35,14.0725,8.8225],"to":[4.9,15.3725,9.2775],"rotation":{"angle":-22.5,"axis":"x","origin":[4.625,13.7225,8.3]},"faces":{"north":{"uv":[13,1,15,3],"texture":"#0"},"east":{"uv":[13,1,15,3],"texture":"#0"},"south":{"uv":[13,1,15,3],"texture":"#0"},"west":{"uv":[13,1,15,3],"texture":"#0"},"up":{"uv":[13,1,15,3],"texture":"#0"},"down":{"uv":[13,1,15,3],"texture":"#0"}}},{"from":[4.15,14.745,5.4],"to":[4.7,15.7,7],"rotation":{"angle":-22.5,"axis":"y","origin":[4.525,14.8225,7.25]},"faces":{"north":{"uv":[13,1,15,3],"texture":"#0"},"east":{"uv":[13,1,15,3],"texture":"#0"},"south":{"uv":[13,1,15,3],"texture":"#0"},"west":{"uv":[13,1,15,3],"texture":"#0"},"up":{"uv":[13,1,15,3],"texture":"#0"},"down":{"uv":[13,1,15,3],"texture":"#0"}}},{"from":[4.25,12.645,5.65],"to":[5,14.6,7.55],"rotation":{"angle":45,"axis":"x","origin":[4.625,13.6225,7.9]},"faces":{"north":{"uv":[13,1,15,3],"texture":"#0"},"east":{"uv":[13,1,15,3],"texture":"#0"},"south":{"uv":[13,1,15,3],"texture":"#0"},"west":{"uv":[13,1,15,3],"texture":"#0"},"up":{"uv":[13,1,15,3],"texture":"#0"},"down":{"uv":[13,1,15,3],"texture":"#0"}}},{"from":[4.25,12.05,6.45],"to":[5,14.705,9.55],"faces":{"north":{"uv":[13,1,15,3],"texture":"#0"},"east":{"uv":[13,1,15,3],"texture":"#0"},"south":{"uv":[13,1,15,3],"texture":"#0"},"west":{"uv":[13,1,15,3],"texture":"#0"},"up":{"uv":[13,1,15,3],"texture":"#0"},"down":{"uv":[13,1,15,3],"texture":"#0"}}},{"from":[4.45,11.695,6.35],"to":[6.1,12.795,9.65],"faces":{"north":{"uv":[13,1,15,3],"texture":"#0"},"east":{"uv":[13,1,15,3],"texture":"#0"},"south":{"uv":[13,1,15,3],"texture":"#0"},"west":{"uv":[13,1,15,3],"texture":"#0"},"up":{"uv":[13,1,15,3],"texture":"#0"},"down":{"uv":[13,1,15,3],"texture":"#0"}}},{"from":[4.45,9.995,6.35],"to":[6.0065,12.795,7.9065],"rotation":{"angle":45,"axis":"y","origin":[4.45,10.6,6.35]},"faces":{"north":{"uv":[13,1,15,3],"texture":"#0"},"east":{"uv":[13,1,15,3],"texture":"#0"},"south":{"uv":[13,1,15,3],"texture":"#0"},"west":{"uv":[13,1,15,3],"texture":"#0"},"up":{"uv":[13,1,15,3],"texture":"#0"},"down":{"uv":[5,1,7,3],"texture":"#0"}}},{"from":[4.45,9.995,9.65],"to":[6.0065,12.795,11.2065],"rotation":{"angle":45,"axis":"y","origin":[4.45,10.6,9.65]},"faces":{"north":{"uv":[13,1,15,3],"texture":"#0"},"east":{"uv":[13,1,15,3],"texture":"#0"},"south":{"uv":[13,1,15,3],"texture":"#0"},"west":{"uv":[13,1,15,3],"texture":"#0"},"up":{"uv":[13,1,15,3],"texture":"#0"},"down":{"uv":[5,1,7,3],"texture":"#0"}}},{"from":[5.55,8.895,6.35],"to":[8.85,10.05,9.64],"faces":{"north":{"uv":[1,1,3,3],"texture":"#0"},"east":{"uv":[1,1,3,3],"texture":"#0"},"south":{"uv":[1,1,3,3],"texture":"#0"},"west":{"uv":[1,1,3,3],"texture":"#0"},"up":{"uv":[1,1,3,3],"texture":"#0"},"down":{"uv":[1,1,3,3],"texture":"#0"}}},{"from":[4.89,9.984,7.505],"to":[5.055,11.414,8.495],"rotation":{"angle":-45,"axis":"z","origin":[4.45,9.995,6.35]},"faces":{"down":{"uv":[0.5,14.25,9.25,15.25],"rotation":270,"texture":"#hand_end"}}},{"from":[4.45,9.995,6.35],"to":[6.0065,11.5515,9.65],"rotation":{"angle":-45,"axis":"z","origin":[4.45,9.995,6.35]},"faces":{"north":{"uv":[5,1,7,3],"texture":"#0"},"east":{"uv":[5,1,7,3],"texture":"#0"},"south":{"uv":[5,1,7,3],"texture":"#0"},"west":{"uv":[5,1,7,3],"texture":"#0"},"up":{"uv":[5,1,7,3],"texture":"#0"},"down":{"uv":[5,1,7,3],"texture":"#0"}}},{"from":[8.3935,9.995,6.35],"to":[9.95,11.5515,9.65],"rotation":{"angle":45,"axis":"z","origin":[9.95,9.995,6.35]},"faces":{"north":{"uv":[1,1,3,3],"texture":"#0"},"east":{"uv":[1,1,3,3],"texture":"#0"},"south":{"uv":[1,1,3,3],"texture":"#0"},"west":{"uv":[1,1,3,3],"texture":"#0"},"up":{"uv":[1,1,3,3],"texture":"#0"},"down":{"uv":[1,1,3,3],"texture":"#0"}}},{"from":[6.25,9.995,9.1935],"to":[8.85,11.5515,10.75],"rotation":{"angle":-45,"axis":"x","origin":[5.55,9.995,10.75]},"faces":{"north":{"uv":[1,1,3,3],"texture":"#0"},"east":{"uv":[1,1,3,3],"texture":"#0"},"south":{"uv":[1,1,3,3],"texture":"#0"},"west":{"uv":[1,1,3,3],"texture":"#0"},"up":{"uv":[1,1,3,3],"texture":"#0"},"down":{"uv":[1,1,3,3],"texture":"#0"}}},{"from":[6.25,9.995,5.25],"to":[8.85,11.5515,6.8065],"rotation":{"angle":45,"axis":"x","origin":[5.55,9.995,5.25]},"faces":{"north":{"uv":[1,1,3,3],"texture":"#0"},"east":{"uv":[1,1,3,3],"texture":"#0"},"south":{"uv":[1,1,3,3],"texture":"#0"},"west":{"uv":[1,1,3,3],"texture":"#0"},"up":{"uv":[1,1,3,3],"texture":"#0"},"down":{"uv":[1,1,3,3],"texture":"#0"}}},{"from":[7.2,11.2435,5.25],"to":[8.7565,12.8,6.35],"rotation":{"angle":-45,"axis":"z","origin":[7.2,12.8,5.25]},"faces":{"north":{"uv":[13,1,15,3],"texture":"#0"},"east":{"uv":[13,1,15,3],"texture":"#0"},"south":{"uv":[13,1,15,3],"texture":"#0"},"west":{"uv":[13,1,15,3],"texture":"#0"},"up":{"uv":[13,1,15,3],"texture":"#0"},"down":{"uv":[13,1,15,3],"texture":"#0"}}},{"from":[4.45,9.995,6.35],"to":[5.55,11.7,9.65],"faces":{"north":{"uv":[1,1,3,3],"texture":"#0"},"east":{"uv":[1,1,3,3],"texture":"#0"},"south":{"uv":[1,1,3,3],"texture":"#0"},"west":{"uv":[0,10,13,16],"texture":"#belly"},"up":{"uv":[1,1,3,3],"texture":"#0"},"down":{"uv":[5,1,7,3],"texture":"#0"}}},{"from":[4.417,10.215,9.639],"to":[5.9735,11.755,11.1955],"rotation":{"angle":45,"axis":"y","origin":[4.417,9.995,9.639]},"faces":{"west":{"uv":[12.75,9.5,0.5,15.5],"texture":"#particle"}}},{"from":[4.417,10.215,6.361],"to":[5.9735,11.755,7.9175],"rotation":{"angle":45,"axis":"y","origin":[4.417,9.995,6.361]},"faces":{"north":{"uv":[0.5,9.5,12.75,15.5],"texture":"#particle"}}},{"from":[4.439,9.995,9.65],"to":[5.605,11.53,11.016],"rotation":{"angle":45,"axis":"y","origin":[4.439,9.995,9.65]},"faces":{"west":{"uv":[15.75,0.25,0.25,7.25],"texture":"#face"}}},{"from":[4.439,9.995,6.34945],"to":[5.605,10.93,7.51545],"rotation":{"angle":45,"axis":"y","origin":[4.439,9.995,6.34948]},"faces":{"north":{"uv":[0.25,0.25,15.75,7.25],"texture":"#face"}}},{"from":[6.75,8.35,7.75],"to":[7.25,8.9,8.25],"faces":{"north":{"uv":[1,1,3,3],"texture":"#0"},"east":{"uv":[1,1,3,3],"texture":"#0"},"south":{"uv":[1,1,3,3],"texture":"#0"},"west":{"uv":[1,1,3,3],"texture":"#0"},"up":{"uv":[1,1,3,3],"texture":"#0"},"down":{"uv":[1,1,3,3],"texture":"#0"}}},{"from":[6.1,7.95,7.65],"to":[7.8,8.55,8.35],"faces":{"north":{"uv":[9,1,11,3],"texture":"#0"},"east":{"uv":[9,1,11,3],"texture":"#0"},"south":{"uv":[9,1,11,3],"texture":"#0"},"west":{"uv":[9,1,11,3],"texture":"#0"},"up":{"uv":[9,1,11,3],"texture":"#0"},"down":{"uv":[9,1,11,3],"texture":"#0"}}},{"from":[6.35,7.95,7.4],"to":[7.55,8.55,8.6],"faces":{"north":{"uv":[9,1,11,3],"texture":"#0"},"east":{"uv":[9,1,11,3],"texture":"#0"},"south":{"uv":[9,1,11,3],"texture":"#0"},"west":{"uv":[9,1,11,3],"texture":"#0"},"up":{"uv":[9,1,11,3],"texture":"#0"},"down":{"uv":[9,1,11,3],"texture":"#0"}}},{"from":[6.1,7.95,7.65],"to":[6.455,8.55,8.005],"rotation":{"angle":45,"axis":"y","origin":[6.1,7.95,7.65]},"faces":{"north":{"uv":[9,1,11,3],"texture":"#0"},"east":{"uv":[9,1,11,3],"texture":"#0"},"south":{"uv":[9,1,11,3],"texture":"#0"},"west":{"uv":[9,1,11,3],"texture":"#0"},"up":{"uv":[9,1,11,3],"texture":"#0"},"down":{"uv":[9,1,11,3],"texture":"#0"}}},{"from":[7.55,7.95,7.4],"to":[7.905,8.55,7.755],"rotation":{"angle":-45,"axis":"y","origin":[7.55,7.95,7.4]},"faces":{"north":{"uv":[9,1,11,3],"texture":"#0"},"east":{"uv":[9,1,11,3],"texture":"#0"},"south":{"uv":[9,1,11,3],"texture":"#0"},"west":{"uv":[9,1,11,3],"texture":"#0"},"up":{"uv":[9,1,11,3],"texture":"#0"},"down":{"uv":[9,1,11,3],"texture":"#0"}}},{"from":[6.1,7.95,8.35],"to":[6.455,8.55,8.705],"rotation":{"angle":45,"axis":"y","origin":[6.1,7.95,8.35]},"faces":{"north":{"uv":[9,1,11,3],"texture":"#0"},"east":{"uv":[9,1,11,3],"texture":"#0"},"south":{"uv":[9,1,11,3],"texture":"#0"},"west":{"uv":[9,1,11,3],"texture":"#0"},"up":{"uv":[9,1,11,3],"texture":"#0"},"down":{"uv":[9,1,11,3],"texture":"#0"}}},{"from":[7.55,7.95,8.1],"to":[7.905,8.55,8.455],"rotation":{"angle":-45,"axis":"y","origin":[7.55,7.95,8.1]},"faces":{"north":{"uv":[9,1,11,3],"texture":"#0"},"east":{"uv":[9,1,11,3],"texture":"#0"},"south":{"uv":[9,1,11,3],"texture":"#0"},"west":{"uv":[9,1,11,3],"texture":"#0"},"up":{"uv":[9,1,11,3],"texture":"#0"},"down":{"uv":[9,1,11,3],"texture":"#0"}}},{"from":[7.445,7.845,7.65],"to":[7.8,8.55,8.35],"rotation":{"angle":-45,"axis":"z","origin":[7.8,8.55,8]},"faces":{"north":{"uv":[9,1,11,3],"texture":"#0"},"east":{"uv":[9,1,11,3],"texture":"#0"},"south":{"uv":[9,1,11,3],"texture":"#0"},"west":{"uv":[9,1,11,3],"texture":"#0"},"up":{"uv":[9,1,11,3],"texture":"#0"},"down":{"uv":[9,1,11,3],"texture":"#0"}}},{"from":[6.1,7.845,7.65],"to":[6.455,8.55,8.35],"rotation":{"angle":45,"axis":"z","origin":[6.1,8.55,8]},"faces":{"north":{"uv":[9,1,11,3],"texture":"#0"},"east":{"uv":[9,1,11,3],"texture":"#0"},"south":{"uv":[9,1,11,3],"texture":"#0"},"west":{"uv":[9,1,11,3],"texture":"#0"},"up":{"uv":[9,1,11,3],"texture":"#0"},"down":{"uv":[9,1,11,3],"texture":"#0"}}},{"from":[6.1,7.595,7.65],"to":[6.455,7.95,8.35],"rotation":{"angle":45,"axis":"z","origin":[6.1,7.95,7.25]},"faces":{"north":{"uv":[9,1,11,3],"texture":"#0"},"east":{"uv":[9,1,11,3],"texture":"#0"},"south":{"uv":[9,1,11,3],"texture":"#0"},"west":{"uv":[9,1,11,3],"texture":"#0"},"up":{"uv":[9,1,11,3],"texture":"#0"},"down":{"uv":[9,1,11,3],"texture":"#0"}}},{"from":[7.55,7.845,7.65],"to":[7.905,8.2,8.35],"rotation":{"angle":-45,"axis":"z","origin":[7.55,8.2,7.25]},"faces":{"north":{"uv":[9,1,11,3],"texture":"#0"},"east":{"uv":[9,1,11,3],"texture":"#0"},"south":{"uv":[9,1,11,3],"texture":"#0"},"west":{"uv":[9,1,11,3],"texture":"#0"},"up":{"uv":[9,1,11,3],"texture":"#0"},"down":{"uv":[9,1,11,3],"texture":"#0"}}},{"from":[6.35,7.595,7.4],"to":[7.55,7.95,7.755],"rotation":{"angle":-45,"axis":"x","origin":[6.25,7.95,7.4]},"faces":{"north":{"uv":[9,1,11,3],"texture":"#0"},"east":{"uv":[9,1,11,3],"texture":"#0"},"south":{"uv":[9,1,11,3],"texture":"#0"},"west":{"uv":[9,1,11,3],"texture":"#0"},"up":{"uv":[9,1,11,3],"texture":"#0"},"down":{"uv":[9,1,11,3],"texture":"#0"}}},{"from":[6.35,7.845,8.35],"to":[7.55,8.2,8.705],"rotation":{"angle":45,"axis":"x","origin":[6.25,8.2,8.35]},"faces":{"north":{"uv":[9,1,11,3],"texture":"#0"},"east":{"uv":[9,1,11,3],"texture":"#0"},"south":{"uv":[9,1,11,3],"texture":"#0"},"west":{"uv":[9,1,11,3],"texture":"#0"},"up":{"uv":[9,1,11,3],"texture":"#0"},"down":{"uv":[9,1,11,3],"texture":"#0"}}},{"from":[5.75,10.35,10.7],"to":[9.45,11.6,10.75],"rotation":{"angle":22.5,"axis":"x","origin":[7.6,10.35,10.75]},"faces":{"north":{"uv":[0.5,8.25,13.25,0.25],"rotation":180,"texture":"#leaf_back"},"south":{"uv":[0.5,0.25,13.25,8.25],"texture":"#leaf_back"}}},{"from":[4.65,8.895,5.875],"to":[5.55,8.945,7.675],"rotation":{"angle":-22.5,"axis":"z","origin":[5.55,8.895,7.5]},"faces":{"up":{"uv":[5.25,13.75,13.75,0.25],"rotation":180,"texture":"#leaf_back_side"},"down":{"uv":[5.25,0.25,13.75,13.75],"rotation":180,"texture":"#leaf_back_side"}}},{"from":[4.65,8.895,8.325],"to":[5.55,8.945,10.125],"rotation":{"angle":-22.5,"axis":"z","origin":[5.55,8.895,8.5]},"faces":{"up":{"uv":[5.25,0.25,13.75,13.75],"rotation":180,"texture":"#leaf_back_side"},"down":{"uv":[5.25,13.75,13.75,0.25],"rotation":180,"texture":"#leaf_back_side"}}},{"from":[8,9.5125,9.2],"to":[10.6,9.5625,11.5],"rotation":{"angle":-22.5,"axis":"x","origin":[10.2,9.525,8.6]},"faces":{"up":{"uv":[0.25,13.75,13.75,0.25],"texture":"#leaf_back_side"},"down":{"uv":[0.25,0.25,13.75,13.75],"texture":"#leaf_back_side"}}},{"from":[9.95,10.395,6.35],"to":[11.45,10.445,9.65],"rotation":{"angle":22.5,"axis":"z","origin":[9.95,10.395,8]},"faces":{"up":{"uv":[0.25,0.25,13,15.75],"rotation":90,"texture":"#leaf_back"},"down":{"uv":[0.25,0.25,13,15.75],"rotation":90,"texture":"#leaf_back"}}},{"from":[4.417,10.215,6.35],"to":[4.417,11.48,7.45],"faces":{"west":{"uv":[10.25,0.5,2.75,9],"texture":"#particle"}}},{"from":[4.417,10.215,8.55],"to":[4.417,11.48,9.65],"faces":{"west":{"uv":[2.75,0.5,10.25,9],"texture":"#particle"}}},{"from":[4.406,10.215,9.639],"to":[4.406,11.48,10.1945],"rotation":{"angle":45,"axis":"y","origin":[4.406,10.38,9.639]},"faces":{"west":{"uv":[10.25,0.5,13.75,9],"texture":"#particle"}}},{"from":[4.406,10.215,6.361],"to":[4.9615,11.48,6.361],"rotation":{"angle":45,"axis":"y","origin":[4.406,10.38,6.361]},"faces":{"north":{"uv":[13.75,0.5,10.25,9],"texture":"#particle"}}},{"from":[6.45,4.4,6.55],"to":[7.55,5.95,9.45],"faces":{"north":{"uv":[1,1,3,3],"texture":"#0"},"east":{"uv":[1,1,3,3],"texture":"#0"},"south":{"uv":[1,1,3,3],"texture":"#0"},"west":{"uv":[1,1,3,3],"texture":"#0"},"up":{"uv":[1,1,3,3],"texture":"#0"},"down":{"uv":[1,1,3,3],"texture":"#0"}}},{"from":[5.55,4.4,6.178],"to":[6.75,5.95,7.45],"rotation":{"angle":-45,"axis":"y","origin":[5.55,5,7.45]},"faces":{"north":{"uv":[1,1,3,3],"texture":"#0"},"east":{"uv":[1,1,3,3],"texture":"#0"},"south":{"uv":[1,1,3,3],"texture":"#0"},"west":{"uv":[1,1,3,3],"texture":"#0"},"up":{"uv":[1,1,3,3],"texture":"#0"},"down":{"uv":[5,1,7,3],"texture":"#0"}}},{"from":[5.55,4.4,8.55],"to":[6.75,5.95,9.822],"rotation":{"angle":45,"axis":"y","origin":[5.55,5,8.55]},"faces":{"north":{"uv":[1,1,3,3],"texture":"#0"},"east":{"uv":[1,1,3,3],"texture":"#0"},"south":{"uv":[1,1,3,3],"texture":"#0"},"west":{"uv":[1,1,3,3],"texture":"#0"},"up":{"uv":[1,1,3,3],"texture":"#0"},"down":{"uv":[5,1,7,3],"texture":"#0"}}},{"from":[5.55,4.4,7.45],"to":[8.45,5.95,8.55],"faces":{"north":{"uv":[1,1,3,3],"texture":"#0"},"east":{"uv":[1,1,3,3],"texture":"#0"},"south":{"uv":[1,1,3,3],"texture":"#0"},"west":{"uv":[3,1,5,3],"rotation":90,"texture":"#0"},"up":{"uv":[1,1,3,3],"texture":"#0"},"down":{"uv":[1,1,3,3],"texture":"#0"}}},{"from":[6.45,3.5,7.45],"to":[7,5,8.55],"faces":{"north":{"uv":[1,1,3,3],"texture":"#0"},"east":{"uv":[1,1,3,3],"texture":"#0"},"south":{"uv":[1,1,3,3],"texture":"#0"},"west":{"uv":[1,1,3,3],"texture":"#0"},"up":{"uv":[1,1,3,3],"texture":"#0"},"down":{"uv":[3.75,7,9.5,9],"rotation":90,"texture":"#belly"}}},{"from":[7,3.5,7.45],"to":[7.55,5,8.55],"faces":{"north":{"uv":[1,1,3,3],"texture":"#0"},"east":{"uv":[1,1,3,3],"texture":"#0"},"south":{"uv":[1,1,3,3],"texture":"#0"},"west":{"uv":[1,1,3,3],"texture":"#0"},"up":{"uv":[1,1,3,3],"texture":"#0"},"down":{"uv":[1,1,3,3],"texture":"#0"}}},{"from":[6.45,3.5,7.65],"to":[7.55,4.772,8.55],"rotation":{"angle":45,"axis":"x","origin":[8,3.5,8.55]},"faces":{"north":{"uv":[1,1,3,3],"texture":"#0"},"east":{"uv":[1,1,3,3],"texture":"#0"},"south":{"uv":[1,1,3,3],"texture":"#0"},"west":{"uv":[1,1,3,3],"texture":"#0"},"up":{"uv":[1,1,3,3],"texture":"#0"},"down":{"uv":[1,1,3,3],"texture":"#0"}}},{"from":[6.45,3.5,7.45],"to":[7.55,4.772,8.35],"rotation":{"angle":-45,"axis":"x","origin":[8,3.5,7.45]},"faces":{"north":{"uv":[1,1,3,3],"texture":"#0"},"east":{"uv":[1,1,3,3],"texture":"#0"},"south":{"uv":[1,1,3,3],"texture":"#0"},"west":{"uv":[1,1,3,3],"texture":"#0"},"up":{"uv":[1,1,3,3],"texture":"#0"},"down":{"uv":[1,1,3,3],"texture":"#0"}}},{"from":[6.15,2.5,8.3],"to":[7.65,4.5,9.7],"faces":{"north":{"uv":[5,1,7,3],"texture":"#0"},"east":{"uv":[5,1,7,3],"texture":"#0"},"south":{"uv":[5,1,7,3],"texture":"#0"},"west":{"uv":[5,1,7,3],"texture":"#0"},"up":{"uv":[5,1,7,3],"texture":"#0"},"down":{"uv":[5,1,7,3],"texture":"#0"}}},{"from":[6.25,1.5,8.4],"to":[7.45,2.5,9.55],"faces":{"north":{"uv":[5,1,7,3],"texture":"#0"},"east":{"uv":[5,1,7,3],"texture":"#0"},"south":{"uv":[5,1,7,3],"texture":"#0"},"west":{"uv":[5,1,7,3],"texture":"#0"},"up":{"uv":[5,1,7,3],"texture":"#0"},"down":{"uv":[5,1,7,3],"texture":"#0"}}},{"from":[6.15,4.5,8.6],"to":[7.65,5.151,9.43],"faces":{"north":{"uv":[5,1,7,3],"texture":"#0"},"east":{"uv":[5,1,7,3],"texture":"#0"},"south":{"uv":[5,1,7,3],"texture":"#0"},"west":{"uv":[5,1,7,3],"texture":"#0"},"up":{"uv":[5,1,7,3],"texture":"#0"},"down":{"uv":[5,1,7,3],"texture":"#0"}}},{"from":[6.15,4.5,8.9],"to":[7.65,5.205,9.7],"rotation":{"angle":-22.5,"axis":"x","origin":[7,4.5,9.7]},"faces":{"north":{"uv":[5,1,7,3],"texture":"#0"},"east":{"uv":[5,1,7,3],"texture":"#0"},"south":{"uv":[5,1,7,3],"texture":"#0"},"west":{"uv":[5,1,7,3],"texture":"#0"},"up":{"uv":[5,1,7,3],"texture":"#0"},"down":{"uv":[5,1,7,3],"texture":"#0"}}},{"from":[6.425,0.725,8.525],"to":[7.325,1.5,9.375],"faces":{"north":{"uv":[5,1,7,3],"texture":"#0"},"east":{"uv":[5,1,7,3],"texture":"#0"},"south":{"uv":[5,1,7,3],"texture":"#0"},"west":{"uv":[5,1,7,3],"texture":"#0"},"up":{"uv":[5,1,7,3],"texture":"#0"},"down":{"uv":[5,1,7,3],"texture":"#0"}}},{"from":[6.6,0,8.65],"to":[7.2,0.725,9.15],"faces":{"north":{"uv":[9,1,11,3],"texture":"#0"},"east":{"uv":[9,1,11,3],"texture":"#0"},"south":{"uv":[9,1,11,3],"texture":"#0"},"west":{"uv":[9,1,11,3],"texture":"#0"},"up":{"uv":[9,1,11,3],"texture":"#0"},"down":{"uv":[9,1,11,3],"texture":"#0"}}},{"from":[6.45,5.95,8.45],"to":[7.55,8.2,9.45],"rotation":{"angle":-22.5,"axis":"x","origin":[8,5.95,9.45]},"faces":{"north":{"uv":[1,1,3,3],"texture":"#0"},"east":{"uv":[1,1,3,3],"texture":"#0"},"south":{"uv":[1,1,3,3],"texture":"#0"},"west":{"uv":[1,1,3,3],"texture":"#0"},"up":{"uv":[1,1,3,3],"texture":"#0"},"down":{"uv":[1,1,3,3],"texture":"#0"}}},{"from":[6.45,5.95,6.55],"to":[7.55,8.2,7.55],"rotation":{"angle":22.5,"axis":"x","origin":[8,5.95,6.55]},"faces":{"north":{"uv":[1,1,3,3],"texture":"#0"},"east":{"uv":[1,1,3,3],"texture":"#0"},"south":{"uv":[1,1,3,3],"texture":"#0"},"west":{"uv":[1,1,3,3],"texture":"#0"},"up":{"uv":[1,1,3,3],"texture":"#0"},"down":{"uv":[1,1,3,3],"texture":"#0"}}},{"from":[7.45,5.95,7.45],"to":[8.45,8.2,8.55],"rotation":{"angle":22.5,"axis":"z","origin":[8.45,5.95,8]},"faces":{"north":{"uv":[1,1,3,3],"texture":"#0"},"east":{"uv":[1,1,3,3],"texture":"#0"},"south":{"uv":[1,1,3,3],"texture":"#0"},"west":{"uv":[1,1,3,3],"texture":"#0"},"up":{"uv":[1,1,3,3],"texture":"#0"},"down":{"uv":[1,1,3,3],"texture":"#0"}}},{"from":[5.55,5.95,7.45],"to":[6.55,8.2,8.55],"rotation":{"angle":-22.5,"axis":"z","origin":[5.55,5.95,8]},"faces":{"north":{"uv":[1,1,3,3],"texture":"#0"},"east":{"uv":[1,1,3,3],"texture":"#0"},"south":{"uv":[1,1,3,3],"texture":"#0"},"west":{"uv":[1,1,3,3],"texture":"#0"},"up":{"uv":[1,1,3,3],"texture":"#0"},"down":{"uv":[1,1,3,3],"texture":"#0"}}},{"from":[5.54,5.95,7.45],"to":[5.54,6.85,8.55],"rotation":{"angle":-22.5,"axis":"z","origin":[5.54,5.95,8]},"faces":{"west":{"uv":[3.75,0.25,9.5,3],"texture":"#belly"}}},{"from":[5.54,4.4,6.55],"to":[5.54,5.95,7.45],"rotation":{"angle":-45,"axis":"y","origin":[5.54,5.175,7.45]},"faces":{"west":{"uv":[0.25,3,3.75,7.25],"texture":"#belly"}}},{"from":[5.54,4.4,8.55],"to":[5.54,5.95,9.45],"rotation":{"angle":45,"axis":"y","origin":[5.54,5.175,8.55]},"faces":{"west":{"uv":[9.5,3,13,7.25],"texture":"#belly"}}},{"from":[5.54,4.4,7.45],"to":[5.54,5.95,8.55],"faces":{"west":{"uv":[3.75,3,9.5,7.25],"texture":"#belly"}}},{"from":[6.75,6.55,3],"to":[7.25,7.45,4.4],"rotation":{"angle":45,"axis":"x","origin":[7,7.2,3.4]},"faces":{"north":{"uv":[5,1,7,3],"texture":"#0"},"east":{"uv":[5,1,7,3],"texture":"#0"},"south":{"uv":[5,1,7,3],"texture":"#0"},"west":{"uv":[5,1,7,3],"texture":"#0"},"up":{"uv":[5,1,7,3],"texture":"#0"},"down":{"uv":[5,1,7,3],"texture":"#0"}}},{"from":[6.75,6.25,3.5],"to":[7.25,6.75,5.4],"rotation":{"angle":22.5,"axis":"x","origin":[7,6.5,4.6]},"faces":{"north":{"uv":[5,1,7,3],"texture":"#0"},"east":{"uv":[5,1,7,3],"texture":"#0"},"south":{"uv":[5,1,7,3],"texture":"#0"},"west":{"uv":[5,1,7,3],"texture":"#0"},"up":{"uv":[5,1,7,3],"texture":"#0"},"down":{"uv":[5,1,7,3],"texture":"#0"}}},{"from":[6.55,5.45,3],"to":[7.45,6.95,3.9],"rotation":{"angle":-45,"axis":"z","origin":[7,6.2,3.45]},"faces":{"north":{"uv":[5,1,7,3],"texture":"#0"},"east":{"uv":[5,1,7,3],"texture":"#0"},"south":{"uv":[5,1,7,3],"texture":"#0"},"west":{"uv":[5,1,7,3],"texture":"#0"},"up":{"uv":[5,1,7,3],"texture":"#0"},"down":{"uv":[5,1,7,3],"texture":"#0"}}},{"from":[6.85,5.7,3.9],"to":[7.15,6.7,4.8],"rotation":{"angle":-45,"axis":"z","origin":[7,6.2,4.35]},"faces":{"north":{"uv":[5,1,7,3],"texture":"#0"},"east":{"uv":[5,1,7,3],"texture":"#0"},"south":{"uv":[5,1,7,3],"texture":"#0"},"west":{"uv":[5,1,7,3],"texture":"#0"},"up":{"uv":[5,1,7,3],"texture":"#0"},"down":{"uv":[5,1,7,3],"texture":"#0"}}},{"from":[6.85,5.7,3.9],"to":[7.15,6.7,4.8],"rotation":{"angle":45,"axis":"z","origin":[7,6.2,4.35]},"faces":{"north":{"uv":[5,1,7,3],"texture":"#0"},"east":{"uv":[5,1,7,3],"texture":"#0"},"south":{"uv":[5,1,7,3],"texture":"#0"},"west":{"uv":[5,1,7,3],"texture":"#0"},"up":{"uv":[5,1,7,3],"texture":"#0"},"down":{"uv":[5,1,7,3],"texture":"#0"}}},{"from":[6.55,5.45,3],"to":[7.45,6.95,3.9],"rotation":{"angle":45,"axis":"z","origin":[7,6.2,3.45]},"faces":{"north":{"uv":[5,1,7,3],"texture":"#0"},"east":{"uv":[5,1,7,3],"texture":"#0"},"south":{"uv":[5,1,7,3],"texture":"#0"},"west":{"uv":[5,1,7,3],"texture":"#0"},"up":{"uv":[5,1,7,3],"texture":"#0"},"down":{"uv":[5,1,7,3],"texture":"#0"}}},{"from":[6.75,5.95,5],"to":[7.25,6.45,5.85],"faces":{"north":{"uv":[5,1,7,3],"texture":"#0"},"east":{"uv":[5,1,7,3],"texture":"#0"},"south":{"uv":[5,1,7,3],"texture":"#0"},"west":{"uv":[5,1,7,3],"texture":"#0"},"up":{"uv":[5,1,7,3],"texture":"#0"},"down":{"uv":[5,1,7,3],"texture":"#0"}}},{"from":[6.75,7.7,4.7],"to":[7.25,8.2,7.4],"rotation":{"angle":-45,"axis":"x","origin":[7,8.2,7.4]},"faces":{"north":{"uv":[5,1,7,3],"texture":"#0"},"east":{"uv":[5,1,7,3],"texture":"#0"},"south":{"uv":[5,1,7,3],"texture":"#0"},"west":{"uv":[5,1,7,3],"texture":"#0"},"up":{"uv":[5,1,7,3],"texture":"#0"},"down":{"uv":[5,1,7,3],"texture":"#0"}}},{"from":[5.4,4.6,3.36],"to":[8.6,7.8,3.36],"faces":{"south":{"uv":[0.25,0,11.5,11.5],"texture":"#hand_end"}}},{"from":[8.9,6.8386,3.6],"to":[8.95,8.5386,12.4],"rotation":{"angle":45,"axis":"z","origin":[8.95,6.8386,8]},"faces":{"east":{"uv":[0,0,13.875,3.5],"texture":"#tail_end"},"west":{"uv":[0,0,13.875,3.5],"texture":"#tail_end"}}},{"from":[8.9,0.1386,3.6],"to":[8.95,6.8386,12.4],"rotation":{"angle":22.5,"axis":"z","origin":[8.95,6.8386,8]},"faces":{"east":{"uv":[0,3.5,13.875,16],"texture":"#tail_end"},"west":{"uv":[0,3.5,13.875,16],"texture":"#tail_end"}}},{"from":[7.375,4.4,1.29],"to":[9.075,6.1,1.29],"faces":{"north":{"uv":[0,14.5,14.5,0],"texture":"#flower_end"}}},{"from":[6.15,6.275,1.29],"to":[7.85,7.975,1.29],"rotation":{"angle":45,"axis":"z","origin":[7,7.125,1.79]},"faces":{"north":{"uv":[0,14.5,14.5,0],"texture":"#flower_end"}}},{"from":[4.975,4.4,1.29],"to":[6.675,6.1,1.29],"faces":{"north":{"uv":[0,14.5,14.5,0],"rotation":270,"texture":"#flower_end"}}},{"from":[4.975,4.4,1.3],"to":[6.675,4.9,2.148],"rotation":{"angle":45,"axis":"x","origin":[4.775,4.4,1.3]},"faces":{"north":{"uv":[5,5,7,7],"texture":"#0"},"east":{"uv":[5,5,7,7],"texture":"#0"},"south":{"uv":[5,5,7,7],"texture":"#0"},"west":{"uv":[5,5,7,7],"texture":"#0"},"up":{"uv":[5,5,7,7],"texture":"#0"},"down":{"uv":[5,5,7,7],"texture":"#0"}}},{"from":[4.975,3.8,1.9],"to":[6.675,6.7,2.75],"faces":{"north":{"uv":[5,5,7,7],"texture":"#0"},"east":{"uv":[5,5,7,7],"texture":"#0"},"south":{"uv":[5,5,7,7],"texture":"#0"},"west":{"uv":[5,5,7,7],"texture":"#0"},"up":{"uv":[5,5,7,7],"texture":"#0"},"down":{"uv":[5,5,7,7],"texture":"#0"}}},{"from":[4.375,4.4,1.9],"to":[5.223,5.105,2.75],"rotation":{"angle":-45,"axis":"z","origin":[4.375,4.4,2]},"faces":{"north":{"uv":[5,5,7,7],"texture":"#0"},"east":{"uv":[5,5,7,7],"texture":"#0"},"south":{"uv":[5,5,7,7],"texture":"#0"},"west":{"uv":[5,5,7,7],"texture":"#0"},"up":{"uv":[5,5,7,7],"texture":"#0"},"down":{"uv":[5,5,7,7],"texture":"#0"}}},{"from":[4.375,4.4,1.9],"to":[5.223,6.1,2.605],"rotation":{"angle":45,"axis":"y","origin":[4.375,6.2,1.9]},"faces":{"north":{"uv":[5,5,7,7],"texture":"#0"},"east":{"uv":[5,5,7,7],"texture":"#0"},"south":{"uv":[5,5,7,7],"texture":"#0"},"west":{"uv":[5,5,7,7],"texture":"#0"},"up":{"uv":[5,5,7,7],"texture":"#0"},"down":{"uv":[5,5,7,7],"texture":"#0"}}},{"from":[4.375,4.4,1.9],"to":[7.275,6.1,2.75],"faces":{"north":{"uv":[5,5,7,7],"texture":"#0"},"east":{"uv":[5,5,7,7],"texture":"#0"},"south":{"uv":[5,5,7,7],"texture":"#0"},"west":{"uv":[5,5,7,7],"texture":"#0"},"up":{"uv":[5,5,7,7],"texture":"#0"},"down":{"uv":[5,5,7,7],"texture":"#0"}}},{"from":[4.975,6.1,1.3],"to":[6.675,6.948,2.005],"rotation":{"angle":45,"axis":"x","origin":[4.775,6.1,1.3]},"faces":{"north":{"uv":[5,5,7,7],"texture":"#0"},"east":{"uv":[5,5,7,7],"texture":"#0"},"south":{"uv":[5,5,7,7],"texture":"#0"},"west":{"uv":[5,5,7,7],"texture":"#0"},"up":{"uv":[5,5,7,7],"texture":"#0"},"down":{"uv":[5,5,7,7],"texture":"#0"}}},{"from":[4.375,6.1,1.9],"to":[5.08,6.948,2.75],"rotation":{"angle":-45,"axis":"z","origin":[4.375,6.1,2]},"faces":{"north":{"uv":[5,5,7,7],"texture":"#0"},"east":{"uv":[5,5,7,7],"texture":"#0"},"south":{"uv":[5,5,7,7],"texture":"#0"},"west":{"uv":[5,5,7,7],"texture":"#0"},"up":{"uv":[5,5,7,7],"texture":"#0"},"down":{"uv":[5,5,7,7],"texture":"#0"}}},{"from":[4.375,4.4,2.75],"to":[5.08,6.1,3.598],"rotation":{"angle":45,"axis":"y","origin":[4.375,6.2,2.75]},"faces":{"north":{"uv":[5,5,7,7],"texture":"#0"},"east":{"uv":[5,5,7,7],"texture":"#0"},"south":{"uv":[5,5,7,7],"texture":"#0"},"west":{"uv":[5,5,7,7],"texture":"#0"},"up":{"uv":[5,5,7,7],"texture":"#0"},"down":{"uv":[5,5,7,7],"texture":"#0"}}},{"from":[4.975,3.8,2.75],"to":[6.675,4.505,3.598],"rotation":{"angle":-45,"axis":"x","origin":[4.775,3.8,2.75]},"faces":{"north":{"uv":[5,5,7,7],"texture":"#0"},"east":{"uv":[5,5,7,7],"texture":"#0"},"south":{"uv":[5,5,7,7],"texture":"#0"},"west":{"uv":[5,5,7,7],"texture":"#0"},"up":{"uv":[5,5,7,7],"texture":"#0"},"down":{"uv":[5,5,7,7],"texture":"#0"}}},{"from":[4.975,4.4,1.3],"to":[6.675,6.1,3.35],"faces":{"north":{"uv":[5,5,7,7],"texture":"#0"},"east":{"uv":[5,5,7,7],"texture":"#0"},"south":{"uv":[5,5,7,7],"texture":"#0"},"west":{"uv":[5,5,7,7],"texture":"#0"},"up":{"uv":[5,5,7,7],"texture":"#0"},"down":{"uv":[5,5,7,7],"texture":"#0"}}},{"from":[4.975,6.1,2.65],"to":[6.675,6.948,3.35],"rotation":{"angle":-45,"axis":"x","origin":[5,6.1,3.35]},"faces":{"north":{"uv":[5,5,7,7],"texture":"#0"},"east":{"uv":[5,5,7,7],"texture":"#0"},"south":{"uv":[5,5,7,7],"texture":"#0"},"west":{"uv":[5,5,7,7],"texture":"#0"},"up":{"uv":[5,5,7,7],"texture":"#0"},"down":{"uv":[5,5,7,7],"texture":"#0"}}},{"from":[6.675,3.8,1.9],"to":[7.523,4.505,2.75],"rotation":{"angle":45,"axis":"z","origin":[6.675,3.8,2]},"faces":{"north":{"uv":[5,5,7,7],"texture":"#0"},"east":{"uv":[5,5,7,7],"texture":"#0"},"south":{"uv":[5,5,7,7],"texture":"#0"},"west":{"uv":[5,5,7,7],"texture":"#0"},"up":{"uv":[5,5,7,7],"texture":"#0"},"down":{"uv":[5,5,7,7],"texture":"#0"}}},{"from":[6.775,4.4,2.25],"to":[7.48,6.1,3.098],"rotation":{"angle":-45,"axis":"y","origin":[6.775,6.2,2.25]},"faces":{"north":{"uv":[5,5,7,7],"texture":"#0"},"east":{"uv":[5,5,7,7],"texture":"#0"},"south":{"uv":[5,5,7,7],"texture":"#0"},"west":{"uv":[5,5,7,7],"texture":"#0"},"up":{"uv":[5,5,7,7],"texture":"#0"},"down":{"uv":[5,5,7,7],"texture":"#0"}}},{"from":[6.675,4.4,1.3],"to":[7.523,6.1,2.005],"rotation":{"angle":-45,"axis":"y","origin":[6.675,6.2,1.3]},"faces":{"north":{"uv":[5,5,7,7],"texture":"#0"},"east":{"uv":[5,5,7,7],"texture":"#0"},"south":{"uv":[5,5,7,7],"texture":"#0"},"west":{"uv":[5,5,7,7],"texture":"#0"},"up":{"uv":[5,5,7,7],"texture":"#0"},"down":{"uv":[5,5,7,7],"texture":"#0"}}},{"from":[7.375,4.4,1.3],"to":[9.075,4.9,2.148],"rotation":{"angle":45,"axis":"x","origin":[9.275,4.4,1.3]},"faces":{"north":{"uv":[5,5,7,7],"texture":"#0"},"east":{"uv":[5,5,7,7],"texture":"#0"},"south":{"uv":[5,5,7,7],"texture":"#0"},"west":{"uv":[5,5,7,7],"texture":"#0"},"up":{"uv":[5,5,7,7],"texture":"#0"},"down":{"uv":[5,5,7,7],"texture":"#0"}}},{"from":[7.375,3.8,1.9],"to":[9.075,6.7,2.75],"faces":{"north":{"uv":[5,5,7,7],"texture":"#0"},"east":{"uv":[5,5,7,7],"texture":"#0"},"south":{"uv":[5,5,7,7],"texture":"#0"},"west":{"uv":[5,5,7,7],"texture":"#0"},"up":{"uv":[5,5,7,7],"texture":"#0"},"down":{"uv":[5,5,7,7],"texture":"#0"}}},{"from":[8.827,4.4,1.9],"to":[9.675,5.105,2.75],"rotation":{"angle":45,"axis":"z","origin":[9.675,4.4,2]},"faces":{"north":{"uv":[5,5,7,7],"texture":"#0"},"east":{"uv":[5,5,7,7],"texture":"#0"},"south":{"uv":[5,5,7,7],"texture":"#0"},"west":{"uv":[5,5,7,7],"texture":"#0"},"up":{"uv":[5,5,7,7],"texture":"#0"},"down":{"uv":[5,5,7,7],"texture":"#0"}}},{"from":[8.827,4.4,1.9],"to":[9.675,6.1,2.605],"rotation":{"angle":-45,"axis":"y","origin":[9.675,6.2,1.9]},"faces":{"north":{"uv":[5,5,7,7],"texture":"#0"},"east":{"uv":[5,5,7,7],"texture":"#0"},"south":{"uv":[5,5,7,7],"texture":"#0"},"west":{"uv":[5,5,7,7],"texture":"#0"},"up":{"uv":[5,5,7,7],"texture":"#0"},"down":{"uv":[5,5,7,7],"texture":"#0"}}},{"from":[6.775,4.4,1.9],"to":[9.675,6.1,2.75],"faces":{"north":{"uv":[5,5,7,7],"texture":"#0"},"east":{"uv":[5,5,7,7],"texture":"#0"},"south":{"uv":[5,5,7,7],"texture":"#0"},"west":{"uv":[5,5,7,7],"texture":"#0"},"up":{"uv":[5,5,7,7],"texture":"#0"},"down":{"uv":[5,5,7,7],"texture":"#0"}}},{"from":[8.97,4.4,2.75],"to":[9.675,6.1,3.598],"rotation":{"angle":-45,"axis":"y","origin":[9.675,6.2,2.75]},"faces":{"north":{"uv":[5,5,7,7],"texture":"#0"},"east":{"uv":[5,5,7,7],"texture":"#0"},"south":{"uv":[5,5,7,7],"texture":"#0"},"west":{"uv":[5,5,7,7],"texture":"#0"},"up":{"uv":[5,5,7,7],"texture":"#0"},"down":{"uv":[5,5,7,7],"texture":"#0"}}},{"from":[7.375,6.1,2.65],"to":[9.075,6.948,3.35],"rotation":{"angle":-45,"axis":"x","origin":[9.05,6.1,3.35]},"faces":{"north":{"uv":[5,5,7,7],"texture":"#0"},"east":{"uv":[5,5,7,7],"texture":"#0"},"south":{"uv":[5,5,7,7],"texture":"#0"},"west":{"uv":[5,5,7,7],"texture":"#0"},"up":{"uv":[5,5,7,7],"texture":"#0"},"down":{"uv":[5,5,7,7],"texture":"#0"}}},{"from":[8.97,6.1,1.9],"to":[9.675,6.948,2.75],"rotation":{"angle":45,"axis":"z","origin":[9.675,6.1,2]},"faces":{"north":{"uv":[5,5,7,7],"texture":"#0"},"east":{"uv":[5,5,7,7],"texture":"#0"},"south":{"uv":[5,5,7,7],"texture":"#0"},"west":{"uv":[5,5,7,7],"texture":"#0"},"up":{"uv":[5,5,7,7],"texture":"#0"},"down":{"uv":[5,5,7,7],"texture":"#0"}}},{"from":[7.375,6.1,1.3],"to":[9.075,6.948,2.005],"rotation":{"angle":45,"axis":"x","origin":[9.275,6.1,1.3]},"faces":{"north":{"uv":[5,5,7,7],"texture":"#0"},"east":{"uv":[5,5,7,7],"texture":"#0"},"south":{"uv":[5,5,7,7],"texture":"#0"},"west":{"uv":[5,5,7,7],"texture":"#0"},"up":{"uv":[5,5,7,7],"texture":"#0"},"down":{"uv":[5,5,7,7],"texture":"#0"}}},{"from":[6.527,4.4,1.3],"to":[7.375,6.1,2.005],"rotation":{"angle":45,"axis":"y","origin":[7.375,6.2,1.3]},"faces":{"north":{"uv":[5,5,7,7],"texture":"#0"},"east":{"uv":[5,5,7,7],"texture":"#0"},"south":{"uv":[5,5,7,7],"texture":"#0"},"west":{"uv":[5,5,7,7],"texture":"#0"},"up":{"uv":[5,5,7,7],"texture":"#0"},"down":{"uv":[5,5,7,7],"texture":"#0"}}},{"from":[6.527,3.8,1.9],"to":[7.375,4.505,2.75],"rotation":{"angle":-45,"axis":"z","origin":[7.375,3.8,2]},"faces":{"north":{"uv":[5,5,7,7],"texture":"#0"},"east":{"uv":[5,5,7,7],"texture":"#0"},"south":{"uv":[5,5,7,7],"texture":"#0"},"west":{"uv":[5,5,7,7],"texture":"#0"},"up":{"uv":[5,5,7,7],"texture":"#0"},"down":{"uv":[5,5,7,7],"texture":"#0"}}},{"from":[7.375,3.8,2.75],"to":[9.075,4.505,3.598],"rotation":{"angle":-45,"axis":"x","origin":[9.275,3.8,2.75]},"faces":{"north":{"uv":[5,5,7,7],"texture":"#0"},"east":{"uv":[5,5,7,7],"texture":"#0"},"south":{"uv":[5,5,7,7],"texture":"#0"},"west":{"uv":[5,5,7,7],"texture":"#0"},"up":{"uv":[5,5,7,7],"texture":"#0"},"down":{"uv":[5,5,7,7],"texture":"#0"}}},{"from":[6.57,4.4,2.25],"to":[7.275,6.1,3.098],"rotation":{"angle":45,"axis":"y","origin":[7.275,6.2,2.25]},"faces":{"north":{"uv":[5,5,7,7],"texture":"#0"},"east":{"uv":[5,5,7,7],"texture":"#0"},"south":{"uv":[5,5,7,7],"texture":"#0"},"west":{"uv":[5,5,7,7],"texture":"#0"},"up":{"uv":[5,5,7,7],"texture":"#0"},"down":{"uv":[5,5,7,7],"texture":"#0"}}},{"from":[7.375,4.4,1.3],"to":[9.075,6.1,3.35],"faces":{"north":{"uv":[5,5,7,7],"texture":"#0"},"east":{"uv":[5,5,7,7],"texture":"#0"},"south":{"uv":[5,5,7,7],"texture":"#0"},"west":{"uv":[5,5,7,7],"texture":"#0"},"up":{"uv":[5,5,7,7],"texture":"#0"},"down":{"uv":[5,5,7,7],"texture":"#0"}}},{"from":[7.85,6.275,2.65],"to":[8.698,7.975,3.35],"rotation":{"angle":45,"axis":"y","origin":[7.85,8.15,3.35]},"faces":{"north":{"uv":[5,5,7,7],"texture":"#0"},"east":{"uv":[5,5,7,7],"texture":"#0"},"south":{"uv":[5,5,7,7],"texture":"#0"},"west":{"uv":[5,5,7,7],"texture":"#0"},"up":{"uv":[5,5,7,7],"texture":"#0"},"down":{"uv":[5,5,7,7],"texture":"#0"}}},{"from":[5.55,6.275,1.9],"to":[8.45,7.975,2.75],"faces":{"north":{"uv":[5,5,7,7],"texture":"#0"},"east":{"uv":[5,5,7,7],"texture":"#0"},"south":{"uv":[5,5,7,7],"texture":"#0"},"west":{"uv":[5,5,7,7],"texture":"#0"},"up":{"uv":[5,5,7,7],"texture":"#0"},"down":{"uv":[5,5,7,7],"texture":"#0"}}},{"from":[7.85,6.275,1.3],"to":[8.698,7.975,2.005],"rotation":{"angle":-45,"axis":"y","origin":[7.85,8.375,1.3]},"faces":{"north":{"uv":[5,5,7,7],"texture":"#0"},"east":{"uv":[5,5,7,7],"texture":"#0"},"south":{"uv":[5,5,7,7],"texture":"#0"},"west":{"uv":[5,5,7,7],"texture":"#0"},"up":{"uv":[5,5,7,7],"texture":"#0"},"down":{"uv":[5,5,7,7],"texture":"#0"}}},{"from":[7.85,7.87,1.9],"to":[8.698,8.575,2.75],"rotation":{"angle":-45,"axis":"z","origin":[7.85,8.575,2]},"faces":{"north":{"uv":[5,5,7,7],"texture":"#0"},"east":{"uv":[5,5,7,7],"texture":"#0"},"south":{"uv":[5,5,7,7],"texture":"#0"},"west":{"uv":[5,5,7,7],"texture":"#0"},"up":{"uv":[5,5,7,7],"texture":"#0"},"down":{"uv":[5,5,7,7],"texture":"#0"}}},{"from":[6.15,7.727,1.9],"to":[7.85,8.575,2.605],"rotation":{"angle":45,"axis":"x","origin":[8.05,8.575,1.9]},"faces":{"north":{"uv":[5,5,7,7],"texture":"#0"},"east":{"uv":[5,5,7,7],"texture":"#0"},"south":{"uv":[5,5,7,7],"texture":"#0"},"west":{"uv":[5,5,7,7],"texture":"#0"},"up":{"uv":[5,5,7,7],"texture":"#0"},"down":{"uv":[5,5,7,7],"texture":"#0"}}},{"from":[6.15,5.575,1.9],"to":[7.85,8.575,2.75],"faces":{"north":{"uv":[5,5,7,7],"texture":"#0"},"east":{"uv":[5,5,7,7],"texture":"#0"},"south":{"uv":[5,5,7,7],"texture":"#0"},"west":{"uv":[5,5,7,7],"texture":"#0"},"up":{"uv":[5,5,7,7],"texture":"#0"},"down":{"uv":[5,5,7,7],"texture":"#0"}}},{"from":[6.15,7.87,2.75],"to":[7.85,8.575,3.598],"rotation":{"angle":45,"axis":"x","origin":[7.95,8.575,2.75]},"faces":{"north":{"uv":[5,5,7,7],"texture":"#0"},"east":{"uv":[5,5,7,7],"texture":"#0"},"south":{"uv":[5,5,7,7],"texture":"#0"},"west":{"uv":[5,5,7,7],"texture":"#0"},"up":{"uv":[5,5,7,7],"texture":"#0"},"down":{"uv":[5,5,7,7],"texture":"#0"}}},{"from":[6.15,6.275,1.3],"to":[7.85,7.975,3.35],"faces":{"north":{"uv":[5,5,7,7],"texture":"#0"},"east":{"uv":[5,5,7,7],"texture":"#0"},"south":{"uv":[5,5,7,7],"texture":"#0"},"west":{"uv":[5,5,7,7],"texture":"#0"},"up":{"uv":[5,5,7,7],"texture":"#0"},"down":{"uv":[5,5,7,7],"texture":"#0"}}},{"from":[5.55,6.275,2.75],"to":[6.255,7.975,3.598],"rotation":{"angle":45,"axis":"y","origin":[5.55,8.375,2.75]},"faces":{"north":{"uv":[5,5,7,7],"texture":"#0"},"east":{"uv":[5,5,7,7],"texture":"#0"},"south":{"uv":[5,5,7,7],"texture":"#0"},"west":{"uv":[5,5,7,7],"texture":"#0"},"up":{"uv":[5,5,7,7],"texture":"#0"},"down":{"uv":[5,5,7,7],"texture":"#0"}}},{"from":[6.15,7.727,1.9],"to":[6.855,8.575,2.75],"rotation":{"angle":-45,"axis":"z","origin":[6.15,8.575,2]},"faces":{"north":{"uv":[5,5,7,7],"texture":"#0"},"east":{"uv":[5,5,7,7],"texture":"#0"},"south":{"uv":[5,5,7,7],"texture":"#0"},"west":{"uv":[5,5,7,7],"texture":"#0"},"up":{"uv":[5,5,7,7],"texture":"#0"},"down":{"uv":[5,5,7,7],"texture":"#0"}}},{"from":[6.15,6.275,1.3],"to":[6.65,7.975,2.148],"rotation":{"angle":-45,"axis":"y","origin":[6.15,8.375,1.3]},"faces":{"north":{"uv":[5,5,7,7],"texture":"#0"},"east":{"uv":[5,5,7,7],"texture":"#0"},"south":{"uv":[5,5,7,7],"texture":"#0"},"west":{"uv":[5,5,7,7],"texture":"#0"},"up":{"uv":[5,5,7,7],"texture":"#0"},"down":{"uv":[5,5,7,7],"texture":"#0"}}},{"from":[6.15,5.427,1.3],"to":[7.85,6.275,2.005],"rotation":{"angle":-45,"axis":"x","origin":[7.95,6.275,1.3]},"faces":{"north":{"uv":[5,5,7,7],"texture":"#0"},"east":{"uv":[5,5,7,7],"texture":"#0"},"south":{"uv":[5,5,7,7],"texture":"#0"},"west":{"uv":[5,5,7,7],"texture":"#0"},"up":{"uv":[5,5,7,7],"texture":"#0"},"down":{"uv":[5,5,7,7],"texture":"#0"}}},{"from":[6.35,7.845,8.245],"to":[7.55,8.55,8.6],"rotation":{"angle":45,"axis":"x","origin":[7,8.55,8.6]},"faces":{"north":{"uv":[9,1,11,3],"texture":"#0"},"east":{"uv":[9,1,11,3],"texture":"#0"},"south":{"uv":[9,1,11,3],"texture":"#0"},"west":{"uv":[9,1,11,3],"texture":"#0"},"up":{"uv":[9,1,11,3],"texture":"#0"},"down":{"uv":[9,1,11,3],"texture":"#0"}}},{"from":[6.35,7.845,7.4],"to":[7.55,8.55,7.755],"rotation":{"angle":-45,"axis":"x","origin":[7,8.55,7.4]},"faces":{"north":{"uv":[9,1,11,3],"texture":"#0"},"east":{"uv":[9,1,11,3],"texture":"#0"},"south":{"uv":[9,1,11,3],"texture":"#0"},"west":{"uv":[9,1,11,3],"texture":"#0"},"up":{"uv":[9,1,11,3],"texture":"#0"},"down":{"uv":[9,1,11,3],"texture":"#0"}}},{"from":[7.25,4.4,8.55],"to":[8.45,5.95,9.822],"rotation":{"angle":-45,"axis":"y","origin":[8.45,5,8.55]},"faces":{"north":{"uv":[1,1,3,3],"texture":"#0"},"east":{"uv":[1,1,3,3],"texture":"#0"},"south":{"uv":[1,1,3,3],"texture":"#0"},"west":{"uv":[1,1,3,3],"texture":"#0"},"up":{"uv":[1,1,3,3],"texture":"#0"},"down":{"uv":[1,1,3,3],"texture":"#0"}}},{"from":[7.25,4.4,6.178],"to":[8.45,5.95,7.45],"rotation":{"angle":45,"axis":"y","origin":[8.45,5,7.45]},"faces":{"north":{"uv":[1,1,3,3],"texture":"#0"},"east":{"uv":[1,1,3,3],"texture":"#0"},"south":{"uv":[1,1,3,3],"texture":"#0"},"west":{"uv":[1,1,3,3],"texture":"#0"},"up":{"uv":[1,1,3,3],"texture":"#0"},"down":{"uv":[1,1,3,3],"texture":"#0"}}},{"from":[6.45,3.5,7.45],"to":[7.35,4.772,8.55],"rotation":{"angle":45,"axis":"z","origin":[6.45,3.5,9]},"faces":{"north":{"uv":[5,1,7,3],"texture":"#0"},"east":{"uv":[5,1,7,3],"texture":"#0"},"south":{"uv":[5,1,7,3],"texture":"#0"},"west":{"uv":[3.75,7,9.5,9],"texture":"#belly"},"up":{"uv":[5,1,7,3],"texture":"#0"},"down":{"uv":[5,1,7,3],"texture":"#0"}}},{"from":[6.65,3.5,7.45],"to":[7.55,4.772,8.55],"rotation":{"angle":-45,"axis":"z","origin":[7.55,3.5,9]},"faces":{"north":{"uv":[1,1,3,3],"texture":"#0"},"east":{"uv":[1,1,3,3],"texture":"#0"},"south":{"uv":[1,1,3,3],"texture":"#0"},"west":{"uv":[1,1,3,3],"texture":"#0"},"up":{"uv":[1,1,3,3],"texture":"#0"},"down":{"uv":[1,1,3,3],"texture":"#0"}}},{"from":[6.15,4.5,6.57],"to":[7.65,5.151,7.4],"faces":{"north":{"uv":[5,1,7,3],"texture":"#0"},"east":{"uv":[5,1,7,3],"texture":"#0"},"south":{"uv":[5,1,7,3],"texture":"#0"},"west":{"uv":[5,1,7,3],"texture":"#0"},"up":{"uv":[5,1,7,3],"texture":"#0"},"down":{"uv":[5,1,7,3],"texture":"#0"}}},{"from":[6.15,4.5,6.3],"to":[7.65,5.205,7.1],"rotation":{"angle":22.5,"axis":"x","origin":[7,4.5,6.3]},"faces":{"north":{"uv":[5,1,7,3],"texture":"#0"},"east":{"uv":[5,1,7,3],"texture":"#0"},"south":{"uv":[5,1,7,3],"texture":"#0"},"west":{"uv":[5,1,7,3],"texture":"#0"},"up":{"uv":[5,1,7,3],"texture":"#0"},"down":{"uv":[5,1,7,3],"texture":"#0"}}},{"from":[6.15,2.5,6.3],"to":[7.65,4.5,7.7],"faces":{"north":{"uv":[5,1,7,3],"texture":"#0"},"east":{"uv":[5,1,7,3],"texture":"#0"},"south":{"uv":[5,1,7,3],"texture":"#0"},"west":{"uv":[5,1,7,3],"texture":"#0"},"up":{"uv":[5,1,7,3],"texture":"#0"},"down":{"uv":[5,1,7,3],"texture":"#0"}}},{"from":[6.25,1.5,6.45],"to":[7.45,2.5,7.6],"faces":{"north":{"uv":[5,1,7,3],"texture":"#0"},"east":{"uv":[5,1,7,3],"texture":"#0"},"south":{"uv":[5,1,7,3],"texture":"#0"},"west":{"uv":[5,1,7,3],"texture":"#0"},"up":{"uv":[5,1,7,3],"texture":"#0"},"down":{"uv":[5,1,7,3],"texture":"#0"}}},{"from":[6.6,0,6.85],"to":[7.2,0.725,7.35],"faces":{"north":{"uv":[9,1,11,3],"texture":"#0"},"east":{"uv":[9,1,11,3],"texture":"#0"},"south":{"uv":[9,1,11,3],"texture":"#0"},"west":{"uv":[9,1,11,3],"texture":"#0"},"up":{"uv":[9,1,11,3],"texture":"#0"},"down":{"uv":[9,1,11,3],"texture":"#0"}}},{"from":[6.425,0.725,6.625],"to":[7.325,1.5,7.475],"faces":{"north":{"uv":[5,1,7,3],"texture":"#0"},"east":{"uv":[5,1,7,3],"texture":"#0"},"south":{"uv":[5,1,7,3],"texture":"#0"},"west":{"uv":[5,1,7,3],"texture":"#0"},"up":{"uv":[5,1,7,3],"texture":"#0"},"down":{"uv":[5,1,7,3],"texture":"#0"}}},{"from":[5.75,10.35,5.25],"to":[9.45,11.6,5.3],"rotation":{"angle":-22.5,"axis":"x","origin":[7.6,10.35,5.25]},"faces":{"north":{"uv":[13.25,0.25,0.5,8.25],"texture":"#leaf_back"},"south":{"uv":[13.25,8.25,0.5,0.25],"rotation":180,"texture":"#leaf_back"}}},{"from":[8,9.5125,4.5],"to":[10.6,9.5625,6.8],"rotation":{"angle":22.5,"axis":"x","origin":[10.2,9.525,7.4]},"faces":{"up":{"uv":[0.25,0.25,13.75,13.75],"texture":"#leaf_back_side"},"down":{"uv":[0.25,13.75,13.75,0.25],"texture":"#leaf_back_side"}}},{"from":[5.55,9.995,5.25],"to":[6.25,11.5515,6.8065],"rotation":{"angle":45,"axis":"x","origin":[4.85,9.995,5.25]},"faces":{"north":{"uv":[1,1,3,3],"texture":"#0"},"east":{"uv":[1,1,3,3],"texture":"#0"},"south":{"uv":[1,1,3,3],"texture":"#0"},"west":{"uv":[5,1,7,3],"texture":"#0"},"up":{"uv":[1,1,3,3],"texture":"#0"},"down":{"uv":[0.5,15,8.5,11],"rotation":90,"texture":"#face"}}},{"from":[5.55,9.995,9.1935],"to":[6.25,11.5515,10.75],"rotation":{"angle":-45,"axis":"x","origin":[4.85,9.995,10.75]},"faces":{"north":{"uv":[1,1,3,3],"texture":"#0"},"east":{"uv":[1,1,3,3],"texture":"#0"},"south":{"uv":[1,1,3,3],"texture":"#0"},"west":{"uv":[5,1,7,3],"texture":"#0"},"up":{"uv":[1,1,3,3],"texture":"#0"},"down":{"uv":[0.5,11,8.5,15],"rotation":270,"texture":"#face"}}},{"from":[5.55,9.995,5.25],"to":[6.25,10.395,10.75],"faces":{"north":{"uv":[8.5,15,11.25,11],"rotation":270,"texture":"#face"},"east":{"uv":[1,1,3,3],"texture":"#0"},"south":{"uv":[8.5,11,11.25,15],"rotation":270,"texture":"#face"},"west":{"uv":[1,1,3,3],"texture":"#0"},"up":{"uv":[1,1,3,3],"texture":"#0"},"down":{"uv":[1,1,3,3],"texture":"#0"}}},{"from":[6.75,4.95,3],"to":[7.25,5.85,4.4],"rotation":{"angle":-45,"axis":"x","origin":[7,5.2,3.4]},"faces":{"north":{"uv":[5,1,7,3],"texture":"#0"},"east":{"uv":[5,1,7,3],"texture":"#0"},"south":{"uv":[5,1,7,3],"texture":"#0"},"west":{"uv":[5,1,7,3],"texture":"#0"},"up":{"uv":[5,1,7,3],"texture":"#0"},"down":{"uv":[5,1,7,3],"texture":"#0"}}},{"from":[6.75,5.65,3.5],"to":[7.25,6.15,5.4],"rotation":{"angle":-22.5,"axis":"x","origin":[7,5.9,4.6]},"faces":{"north":{"uv":[5,1,7,3],"texture":"#0"},"east":{"uv":[5,1,7,3],"texture":"#0"},"south":{"uv":[5,1,7,3],"texture":"#0"},"west":{"uv":[5,1,7,3],"texture":"#0"},"up":{"uv":[5,1,7,3],"texture":"#0"},"down":{"uv":[5,1,7,3],"texture":"#0"}}},{"from":[5.75,5.95,3],"to":[6.55,6.45,4.4],"rotation":{"angle":45,"axis":"y","origin":[6,6.2,3.4]},"faces":{"north":{"uv":[5,1,7,3],"texture":"#0"},"east":{"uv":[5,1,7,3],"texture":"#0"},"south":{"uv":[5,1,7,3],"texture":"#0"},"west":{"uv":[5,1,7,3],"texture":"#0"},"up":{"uv":[5,1,7,3],"texture":"#0"},"down":{"uv":[5,1,7,3],"texture":"#0"}}},{"from":[6.45,5.95,3.5],"to":[6.95,6.45,5.4],"rotation":{"angle":22.5,"axis":"y","origin":[6.7,6.2,4.6]},"faces":{"north":{"uv":[5,1,7,3],"texture":"#0"},"east":{"uv":[5,1,7,3],"texture":"#0"},"south":{"uv":[5,1,7,3],"texture":"#0"},"west":{"uv":[5,1,7,3],"texture":"#0"},"up":{"uv":[5,1,7,3],"texture":"#0"},"down":{"uv":[5,1,7,3],"texture":"#0"}}},{"from":[7.05,5.95,3.5],"to":[7.55,6.45,5.4],"rotation":{"angle":-22.5,"axis":"y","origin":[7.3,6.2,4.6]},"faces":{"north":{"uv":[5,1,7,3],"texture":"#0"},"east":{"uv":[5,1,7,3],"texture":"#0"},"south":{"uv":[5,1,7,3],"texture":"#0"},"west":{"uv":[5,1,7,3],"texture":"#0"},"up":{"uv":[5,1,7,3],"texture":"#0"},"down":{"uv":[5,1,7,3],"texture":"#0"}}},{"from":[7.35,5.95,3],"to":[8.25,6.45,4.4],"rotation":{"angle":-45,"axis":"y","origin":[8,6.2,3.4]},"faces":{"north":{"uv":[5,1,7,3],"texture":"#0"},"east":{"uv":[5,1,7,3],"texture":"#0"},"south":{"uv":[5,1,7,3],"texture":"#0"},"west":{"uv":[5,1,7,3],"texture":"#0"},"up":{"uv":[5,1,7,3],"texture":"#0"},"down":{"uv":[5,1,7,3],"texture":"#0"}}},{"from":[6.75,6.55,11.6],"to":[7.25,7.45,13],"rotation":{"angle":-45,"axis":"x","origin":[7,7.2,12.6]},"faces":{"north":{"uv":[5,1,7,3],"texture":"#0"},"east":{"uv":[5,1,7,3],"texture":"#0"},"south":{"uv":[5,1,7,3],"texture":"#0"},"west":{"uv":[5,1,7,3],"texture":"#0"},"up":{"uv":[5,1,7,3],"texture":"#0"},"down":{"uv":[5,1,7,3],"texture":"#0"}}},{"from":[6.55,5.45,12.1],"to":[7.45,6.95,13],"rotation":{"angle":45,"axis":"z","origin":[7,6.2,12.55]},"faces":{"north":{"uv":[5,1,7,3],"texture":"#0"},"east":{"uv":[5,1,7,3],"texture":"#0"},"south":{"uv":[5,1,7,3],"texture":"#0"},"west":{"uv":[5,1,7,3],"texture":"#0"},"up":{"uv":[5,1,7,3],"texture":"#0"},"down":{"uv":[5,1,7,3],"texture":"#0"}}},{"from":[6.85,5.7,11.2],"to":[7.15,6.7,12.1],"rotation":{"angle":45,"axis":"z","origin":[7,6.2,11.65]},"faces":{"north":{"uv":[5,1,7,3],"texture":"#0"},"east":{"uv":[5,1,7,3],"texture":"#0"},"south":{"uv":[5,1,7,3],"texture":"#0"},"west":{"uv":[5,1,7,3],"texture":"#0"},"up":{"uv":[5,1,7,3],"texture":"#0"},"down":{"uv":[5,1,7,3],"texture":"#0"}}},{"from":[6.75,6.25,10.6],"to":[7.25,6.75,12.5],"rotation":{"angle":-22.5,"axis":"x","origin":[7,6.5,11.4]},"faces":{"north":{"uv":[5,1,7,3],"texture":"#0"},"east":{"uv":[5,1,7,3],"texture":"#0"},"south":{"uv":[5,1,7,3],"texture":"#0"},"west":{"uv":[5,1,7,3],"texture":"#0"},"up":{"uv":[5,1,7,3],"texture":"#0"},"down":{"uv":[5,1,7,3],"texture":"#0"}}},{"from":[6.75,5.95,10.15],"to":[7.25,6.45,11],"faces":{"north":{"uv":[5,1,7,3],"texture":"#0"},"east":{"uv":[5,1,7,3],"texture":"#0"},"south":{"uv":[5,1,7,3],"texture":"#0"},"west":{"uv":[5,1,7,3],"texture":"#0"},"up":{"uv":[5,1,7,3],"texture":"#0"},"down":{"uv":[5,1,7,3],"texture":"#0"}}},{"from":[6.45,5.95,10.6],"to":[6.95,6.45,12.5],"rotation":{"angle":-22.5,"axis":"y","origin":[6.7,6.2,11.4]},"faces":{"north":{"uv":[5,1,7,3],"texture":"#0"},"east":{"uv":[5,1,7,3],"texture":"#0"},"south":{"uv":[5,1,7,3],"texture":"#0"},"west":{"uv":[5,1,7,3],"texture":"#0"},"up":{"uv":[5,1,7,3],"texture":"#0"},"down":{"uv":[5,1,7,3],"texture":"#0"}}},{"from":[6.75,7.7,8.6],"to":[7.25,8.2,11.3],"rotation":{"angle":45,"axis":"x","origin":[7,8.2,8.6]},"faces":{"north":{"uv":[5,1,7,3],"texture":"#0"},"east":{"uv":[5,1,7,3],"texture":"#0"},"south":{"uv":[5,1,7,3],"texture":"#0"},"west":{"uv":[5,1,7,3],"texture":"#0"},"up":{"uv":[5,1,7,3],"texture":"#0"},"down":{"uv":[5,1,7,3],"texture":"#0"}}},{"from":[5.75,5.95,11.6],"to":[6.55,6.45,13],"rotation":{"angle":-45,"axis":"y","origin":[6,6.2,12.6]},"faces":{"north":{"uv":[5,1,7,3],"texture":"#0"},"east":{"uv":[5,1,7,3],"texture":"#0"},"south":{"uv":[5,1,7,3],"texture":"#0"},"west":{"uv":[5,1,7,3],"texture":"#0"},"up":{"uv":[5,1,7,3],"texture":"#0"},"down":{"uv":[5,1,7,3],"texture":"#0"}}},{"from":[6.55,5.45,12.1],"to":[7.45,6.95,13],"rotation":{"angle":-45,"axis":"z","origin":[7,6.2,12.55]},"faces":{"north":{"uv":[5,1,7,3],"texture":"#0"},"east":{"uv":[5,1,7,3],"texture":"#0"},"south":{"uv":[5,1,7,3],"texture":"#0"},"west":{"uv":[5,1,7,3],"texture":"#0"},"up":{"uv":[5,1,7,3],"texture":"#0"},"down":{"uv":[5,1,7,3],"texture":"#0"}}},{"from":[6.75,5.65,10.6],"to":[7.25,6.15,12.5],"rotation":{"angle":22.5,"axis":"x","origin":[7,5.9,11.4]},"faces":{"north":{"uv":[5,1,7,3],"texture":"#0"},"east":{"uv":[5,1,7,3],"texture":"#0"},"south":{"uv":[5,1,7,3],"texture":"#0"},"west":{"uv":[5,1,7,3],"texture":"#0"},"up":{"uv":[5,1,7,3],"texture":"#0"},"down":{"uv":[5,1,7,3],"texture":"#0"}}},{"from":[6.85,5.7,11.2],"to":[7.15,6.7,12.1],"rotation":{"angle":-45,"axis":"z","origin":[7,6.2,11.65]},"faces":{"north":{"uv":[5,1,7,3],"texture":"#0"},"east":{"uv":[5,1,7,3],"texture":"#0"},"south":{"uv":[5,1,7,3],"texture":"#0"},"west":{"uv":[5,1,7,3],"texture":"#0"},"up":{"uv":[5,1,7,3],"texture":"#0"},"down":{"uv":[5,1,7,3],"texture":"#0"}}},{"from":[6.75,4.95,11.6],"to":[7.25,5.85,13],"rotation":{"angle":45,"axis":"x","origin":[7,5.2,12.6]},"faces":{"north":{"uv":[5,1,7,3],"texture":"#0"},"east":{"uv":[5,1,7,3],"texture":"#0"},"south":{"uv":[5,1,7,3],"texture":"#0"},"west":{"uv":[5,1,7,3],"texture":"#0"},"up":{"uv":[5,1,7,3],"texture":"#0"},"down":{"uv":[5,1,7,3],"texture":"#0"}}},{"from":[7.35,5.95,11.6],"to":[8.25,6.45,13],"rotation":{"angle":45,"axis":"y","origin":[8,6.2,12.6]},"faces":{"north":{"uv":[5,1,7,3],"texture":"#0"},"east":{"uv":[5,1,7,3],"texture":"#0"},"south":{"uv":[5,1,7,3],"texture":"#0"},"west":{"uv":[5,1,7,3],"texture":"#0"},"up":{"uv":[5,1,7,3],"texture":"#0"},"down":{"uv":[5,1,7,3],"texture":"#0"}}},{"from":[7.05,5.95,10.6],"to":[7.55,6.45,12.5],"rotation":{"angle":22.5,"axis":"y","origin":[7.3,6.2,11.4]},"faces":{"north":{"uv":[5,1,7,3],"texture":"#0"},"east":{"uv":[5,1,7,3],"texture":"#0"},"south":{"uv":[5,1,7,3],"texture":"#0"},"west":{"uv":[5,1,7,3],"texture":"#0"},"up":{"uv":[5,1,7,3],"texture":"#0"},"down":{"uv":[5,1,7,3],"texture":"#0"}}},{"from":[5.4,4.6,12.64],"to":[8.6,7.8,12.64],"faces":{"north":{"uv":[11.5,0,0.25,11.5],"texture":"#hand_end"}}},{"from":[6.15,6.275,14.71],"to":[7.85,7.975,14.71],"rotation":{"angle":45,"axis":"z","origin":[7,7.125,14.21]},"faces":{"south":{"uv":[14.5,14.5,0,0],"texture":"#flower_end"}}},{"from":[7.375,4.4,14.71],"to":[9.075,6.1,14.71],"faces":{"south":{"uv":[14.5,14.5,0,0],"texture":"#flower_end"}}},{"from":[4.975,4.4,14.71],"to":[6.675,6.1,14.71],"faces":{"south":{"uv":[14.5,14.5,0,0],"rotation":270,"texture":"#flower_end"}}},{"from":[4.975,6.1,12.65],"to":[6.675,6.948,13.35],"rotation":{"angle":45,"axis":"x","origin":[5,6.1,12.65]},"faces":{"north":{"uv":[1,5,3,7],"texture":"#0"},"east":{"uv":[1,5,3,7],"texture":"#0"},"south":{"uv":[1,5,3,7],"texture":"#0"},"west":{"uv":[1,5,3,7],"texture":"#0"},"up":{"uv":[1,5,3,7],"texture":"#0"},"down":{"uv":[1,5,3,7],"texture":"#0"}}},{"from":[4.975,3.8,13.25],"to":[6.675,6.7,14.1],"faces":{"north":{"uv":[1,5,3,7],"texture":"#0"},"east":{"uv":[1,5,3,7],"texture":"#0"},"south":{"uv":[1,5,3,7],"texture":"#0"},"west":{"uv":[1,5,3,7],"texture":"#0"},"up":{"uv":[1,5,3,7],"texture":"#0"},"down":{"uv":[1,5,3,7],"texture":"#0"}}},{"from":[4.375,6.1,13.25],"to":[5.08,6.948,14.1],"rotation":{"angle":-45,"axis":"z","origin":[4.375,6.1,14]},"faces":{"north":{"uv":[1,5,3,7],"texture":"#0"},"east":{"uv":[1,5,3,7],"texture":"#0"},"south":{"uv":[1,5,3,7],"texture":"#0"},"west":{"uv":[1,5,3,7],"texture":"#0"},"up":{"uv":[1,5,3,7],"texture":"#0"},"down":{"uv":[1,5,3,7],"texture":"#0"}}},{"from":[4.975,6.1,13.995],"to":[6.675,6.948,14.7],"rotation":{"angle":-45,"axis":"x","origin":[4.775,6.1,14.7]},"faces":{"north":{"uv":[1,5,3,7],"texture":"#0"},"east":{"uv":[1,5,3,7],"texture":"#0"},"south":{"uv":[1,5,3,7],"texture":"#0"},"west":{"uv":[1,5,3,7],"texture":"#0"},"up":{"uv":[1,5,3,7],"texture":"#0"},"down":{"uv":[1,5,3,7],"texture":"#0"}}},{"from":[4.375,4.4,13.395],"to":[5.223,6.1,14.1],"rotation":{"angle":-45,"axis":"y","origin":[4.375,6.2,14.1]},"faces":{"north":{"uv":[1,5,3,7],"texture":"#0"},"east":{"uv":[1,5,3,7],"texture":"#0"},"south":{"uv":[1,5,3,7],"texture":"#0"},"west":{"uv":[1,5,3,7],"texture":"#0"},"up":{"uv":[1,5,3,7],"texture":"#0"},"down":{"uv":[1,5,3,7],"texture":"#0"}}},{"from":[4.375,4.4,13.25],"to":[7.275,6.1,14.1],"faces":{"north":{"uv":[1,5,3,7],"texture":"#0"},"east":{"uv":[1,5,3,7],"texture":"#0"},"south":{"uv":[1,5,3,7],"texture":"#0"},"west":{"uv":[1,5,3,7],"texture":"#0"},"up":{"uv":[1,5,3,7],"texture":"#0"},"down":{"uv":[1,5,3,7],"texture":"#0"}}},{"from":[4.375,4.4,12.402],"to":[5.08,6.1,13.25],"rotation":{"angle":-45,"axis":"y","origin":[4.375,6.2,13.25]},"faces":{"north":{"uv":[1,5,3,7],"texture":"#0"},"east":{"uv":[1,5,3,7],"texture":"#0"},"south":{"uv":[1,5,3,7],"texture":"#0"},"west":{"uv":[1,5,3,7],"texture":"#0"},"up":{"uv":[1,5,3,7],"texture":"#0"},"down":{"uv":[1,5,3,7],"texture":"#0"}}},{"from":[4.975,4.4,12.65],"to":[6.675,6.1,14.7],"faces":{"north":{"uv":[1,5,3,7],"texture":"#0"},"east":{"uv":[1,5,3,7],"texture":"#0"},"south":{"uv":[1,5,3,7],"texture":"#0"},"west":{"uv":[1,5,3,7],"texture":"#0"},"up":{"uv":[1,5,3,7],"texture":"#0"},"down":{"uv":[1,5,3,7],"texture":"#0"}}},{"from":[6.15,6.275,12.65],"to":[7.85,7.975,14.7],"faces":{"north":{"uv":[1,5,3,7],"texture":"#0"},"east":{"uv":[1,5,3,7],"texture":"#0"},"south":{"uv":[1,5,3,7],"texture":"#0"},"west":{"uv":[1,5,3,7],"texture":"#0"},"up":{"uv":[1,5,3,7],"texture":"#0"},"down":{"uv":[1,5,3,7],"texture":"#0"}}},{"from":[5.55,6.275,12.402],"to":[6.255,7.975,13.25],"rotation":{"angle":-45,"axis":"y","origin":[5.55,8.375,13.25]},"faces":{"north":{"uv":[1,5,3,7],"texture":"#0"},"east":{"uv":[1,5,3,7],"texture":"#0"},"south":{"uv":[1,5,3,7],"texture":"#0"},"west":{"uv":[1,5,3,7],"texture":"#0"},"up":{"uv":[1,5,3,7],"texture":"#0"},"down":{"uv":[1,5,3,7],"texture":"#0"}}},{"from":[6.15,7.87,12.402],"to":[7.85,8.575,13.25],"rotation":{"angle":-45,"axis":"x","origin":[7.95,8.575,13.25]},"faces":{"north":{"uv":[1,5,3,7],"texture":"#0"},"east":{"uv":[1,5,3,7],"texture":"#0"},"south":{"uv":[1,5,3,7],"texture":"#0"},"west":{"uv":[1,5,3,7],"texture":"#0"},"up":{"uv":[1,5,3,7],"texture":"#0"},"down":{"uv":[1,5,3,7],"texture":"#0"}}},{"from":[6.15,5.575,13.25],"to":[7.85,8.575,14.1],"faces":{"north":{"uv":[1,5,3,7],"texture":"#0"},"east":{"uv":[1,5,3,7],"texture":"#0"},"south":{"uv":[1,5,3,7],"texture":"#0"},"west":{"uv":[1,5,3,7],"texture":"#0"},"up":{"uv":[1,5,3,7],"texture":"#0"},"down":{"uv":[1,5,3,7],"texture":"#0"}}},{"from":[6.15,7.727,13.25],"to":[6.855,8.575,14.1],"rotation":{"angle":-45,"axis":"z","origin":[6.15,8.575,14]},"faces":{"north":{"uv":[1,5,3,7],"texture":"#0"},"east":{"uv":[1,5,3,7],"texture":"#0"},"south":{"uv":[1,5,3,7],"texture":"#0"},"west":{"uv":[1,5,3,7],"texture":"#0"},"up":{"uv":[1,5,3,7],"texture":"#0"},"down":{"uv":[1,5,3,7],"texture":"#0"}}},{"from":[5.55,6.275,13.25],"to":[8.45,7.975,14.1],"faces":{"north":{"uv":[1,5,3,7],"texture":"#0"},"east":{"uv":[1,5,3,7],"texture":"#0"},"south":{"uv":[1,5,3,7],"texture":"#0"},"west":{"uv":[1,5,3,7],"texture":"#0"},"up":{"uv":[1,5,3,7],"texture":"#0"},"down":{"uv":[1,5,3,7],"texture":"#0"}}},{"from":[6.15,6.275,13.852],"to":[6.65,7.975,14.7],"rotation":{"angle":45,"axis":"y","origin":[6.15,8.375,14.7]},"faces":{"north":{"uv":[1,5,3,7],"texture":"#0"},"east":{"uv":[1,5,3,7],"texture":"#0"},"south":{"uv":[1,5,3,7],"texture":"#0"},"west":{"uv":[1,5,3,7],"texture":"#0"},"up":{"uv":[1,5,3,7],"texture":"#0"},"down":{"uv":[1,5,3,7],"texture":"#0"}}},{"from":[6.15,7.727,13.395],"to":[7.85,8.575,14.1],"rotation":{"angle":-45,"axis":"x","origin":[8.05,8.575,14.1]},"faces":{"north":{"uv":[1,5,3,7],"texture":"#0"},"east":{"uv":[1,5,3,7],"texture":"#0"},"south":{"uv":[1,5,3,7],"texture":"#0"},"west":{"uv":[1,5,3,7],"texture":"#0"},"up":{"uv":[1,5,3,7],"texture":"#0"},"down":{"uv":[1,5,3,7],"texture":"#0"}}},{"from":[4.975,4.4,13.852],"to":[6.675,4.9,14.7],"rotation":{"angle":-45,"axis":"x","origin":[4.775,4.4,14.7]},"faces":{"north":{"uv":[1,5,3,7],"texture":"#0"},"east":{"uv":[1,5,3,7],"texture":"#0"},"south":{"uv":[1,5,3,7],"texture":"#0"},"west":{"uv":[1,5,3,7],"texture":"#0"},"up":{"uv":[1,5,3,7],"texture":"#0"},"down":{"uv":[1,5,3,7],"texture":"#0"}}},{"from":[4.375,4.4,13.25],"to":[5.223,5.105,14.1],"rotation":{"angle":-45,"axis":"z","origin":[4.375,4.4,14]},"faces":{"north":{"uv":[1,5,3,7],"texture":"#0"},"east":{"uv":[1,5,3,7],"texture":"#0"},"south":{"uv":[1,5,3,7],"texture":"#0"},"west":{"uv":[1,5,3,7],"texture":"#0"},"up":{"uv":[1,5,3,7],"texture":"#0"},"down":{"uv":[1,5,3,7],"texture":"#0"}}},{"from":[4.975,3.8,12.402],"to":[6.675,4.505,13.25],"rotation":{"angle":45,"axis":"x","origin":[4.775,3.8,13.25]},"faces":{"north":{"uv":[1,5,3,7],"texture":"#0"},"east":{"uv":[1,5,3,7],"texture":"#0"},"south":{"uv":[1,5,3,7],"texture":"#0"},"west":{"uv":[1,5,3,7],"texture":"#0"},"up":{"uv":[1,5,3,7],"texture":"#0"},"down":{"uv":[1,5,3,7],"texture":"#0"}}},{"from":[6.527,4.4,13.995],"to":[7.375,6.1,14.7],"rotation":{"angle":-45,"axis":"y","origin":[7.375,6.2,14.7]},"faces":{"north":{"uv":[1,5,3,7],"texture":"#0"},"east":{"uv":[1,5,3,7],"texture":"#0"},"south":{"uv":[1,5,3,7],"texture":"#0"},"west":{"uv":[1,5,3,7],"texture":"#0"},"up":{"uv":[1,5,3,7],"texture":"#0"},"down":{"uv":[1,5,3,7],"texture":"#0"}}},{"from":[6.675,4.4,13.995],"to":[7.523,6.1,14.7],"rotation":{"angle":45,"axis":"y","origin":[6.675,6.2,14.7]},"faces":{"north":{"uv":[1,5,3,7],"texture":"#0"},"east":{"uv":[1,5,3,7],"texture":"#0"},"south":{"uv":[1,5,3,7],"texture":"#0"},"west":{"uv":[1,5,3,7],"texture":"#0"},"up":{"uv":[1,5,3,7],"texture":"#0"},"down":{"uv":[1,5,3,7],"texture":"#0"}}},{"from":[6.675,3.8,13.25],"to":[7.523,4.505,14.1],"rotation":{"angle":45,"axis":"z","origin":[6.675,3.8,14]},"faces":{"north":{"uv":[1,5,3,7],"texture":"#0"},"east":{"uv":[1,5,3,7],"texture":"#0"},"south":{"uv":[1,5,3,7],"texture":"#0"},"west":{"uv":[1,5,3,7],"texture":"#0"},"up":{"uv":[1,5,3,7],"texture":"#0"},"down":{"uv":[1,5,3,7],"texture":"#0"}}},{"from":[7.375,4.4,13.852],"to":[9.075,4.9,14.7],"rotation":{"angle":-45,"axis":"x","origin":[9.275,4.4,14.7]},"faces":{"north":{"uv":[1,5,3,7],"texture":"#0"},"east":{"uv":[1,5,3,7],"texture":"#0"},"south":{"uv":[1,5,3,7],"texture":"#0"},"west":{"uv":[1,5,3,7],"texture":"#0"},"up":{"uv":[1,5,3,7],"texture":"#0"},"down":{"uv":[1,5,3,7],"texture":"#0"}}},{"from":[6.527,3.8,13.25],"to":[7.375,4.505,14.1],"rotation":{"angle":-45,"axis":"z","origin":[7.375,3.8,14]},"faces":{"north":{"uv":[1,5,3,7],"texture":"#0"},"east":{"uv":[1,5,3,7],"texture":"#0"},"south":{"uv":[1,5,3,7],"texture":"#0"},"west":{"uv":[1,5,3,7],"texture":"#0"},"up":{"uv":[1,5,3,7],"texture":"#0"},"down":{"uv":[1,5,3,7],"texture":"#0"}}},{"from":[7.375,3.8,13.25],"to":[9.075,6.7,14.1],"faces":{"north":{"uv":[1,5,3,7],"texture":"#0"},"east":{"uv":[1,5,3,7],"texture":"#0"},"south":{"uv":[1,5,3,7],"texture":"#0"},"west":{"uv":[1,5,3,7],"texture":"#0"},"up":{"uv":[1,5,3,7],"texture":"#0"},"down":{"uv":[1,5,3,7],"texture":"#0"}}},{"from":[8.827,4.4,13.395],"to":[9.675,6.1,14.1],"rotation":{"angle":45,"axis":"y","origin":[9.675,6.2,14.1]},"faces":{"north":{"uv":[1,5,3,7],"texture":"#0"},"east":{"uv":[1,5,3,7],"texture":"#0"},"south":{"uv":[1,5,3,7],"texture":"#0"},"west":{"uv":[1,5,3,7],"texture":"#0"},"up":{"uv":[1,5,3,7],"texture":"#0"},"down":{"uv":[1,5,3,7],"texture":"#0"}}},{"from":[8.827,4.4,13.25],"to":[9.675,5.105,14.1],"rotation":{"angle":45,"axis":"z","origin":[9.675,4.4,14]},"faces":{"north":{"uv":[1,5,3,7],"texture":"#0"},"east":{"uv":[1,5,3,7],"texture":"#0"},"south":{"uv":[1,5,3,7],"texture":"#0"},"west":{"uv":[1,5,3,7],"texture":"#0"},"up":{"uv":[1,5,3,7],"texture":"#0"},"down":{"uv":[1,5,3,7],"texture":"#0"}}},{"from":[6.15,5.427,13.995],"to":[7.85,6.275,14.7],"rotation":{"angle":45,"axis":"x","origin":[7.95,6.275,14.7]},"faces":{"north":{"uv":[1,5,3,7],"texture":"#0"},"east":{"uv":[1,5,3,7],"texture":"#0"},"south":{"uv":[1,5,3,7],"texture":"#0"},"west":{"uv":[1,5,3,7],"texture":"#0"},"up":{"uv":[1,5,3,7],"texture":"#0"},"down":{"uv":[1,5,3,7],"texture":"#0"}}},{"from":[7.375,6.1,13.995],"to":[9.075,6.948,14.7],"rotation":{"angle":-45,"axis":"x","origin":[9.275,6.1,14.7]},"faces":{"north":{"uv":[1,5,3,7],"texture":"#0"},"east":{"uv":[1,5,3,7],"texture":"#0"},"south":{"uv":[1,5,3,7],"texture":"#0"},"west":{"uv":[1,5,3,7],"texture":"#0"},"up":{"uv":[1,5,3,7],"texture":"#0"},"down":{"uv":[1,5,3,7],"texture":"#0"}}},{"from":[8.97,6.1,13.25],"to":[9.675,6.948,14.1],"rotation":{"angle":45,"axis":"z","origin":[9.675,6.1,14]},"faces":{"north":{"uv":[1,5,3,7],"texture":"#0"},"east":{"uv":[1,5,3,7],"texture":"#0"},"south":{"uv":[1,5,3,7],"texture":"#0"},"west":{"uv":[1,5,3,7],"texture":"#0"},"up":{"uv":[1,5,3,7],"texture":"#0"},"down":{"uv":[1,5,3,7],"texture":"#0"}}},{"from":[7.85,6.275,13.995],"to":[8.698,7.975,14.7],"rotation":{"angle":45,"axis":"y","origin":[7.85,8.375,14.7]},"faces":{"north":{"uv":[1,5,3,7],"texture":"#0"},"east":{"uv":[1,5,3,7],"texture":"#0"},"south":{"uv":[1,5,3,7],"texture":"#0"},"west":{"uv":[1,5,3,7],"texture":"#0"},"up":{"uv":[1,5,3,7],"texture":"#0"},"down":{"uv":[1,5,3,7],"texture":"#0"}}},{"from":[7.375,6.1,12.65],"to":[9.075,6.948,13.35],"rotation":{"angle":45,"axis":"x","origin":[9.05,6.1,12.65]},"faces":{"north":{"uv":[1,5,3,7],"texture":"#0"},"east":{"uv":[1,5,3,7],"texture":"#0"},"south":{"uv":[1,5,3,7],"texture":"#0"},"west":{"uv":[1,5,3,7],"texture":"#0"},"up":{"uv":[1,5,3,7],"texture":"#0"},"down":{"uv":[1,5,3,7],"texture":"#0"}}},{"from":[8.97,4.4,12.402],"to":[9.675,6.1,13.25],"rotation":{"angle":45,"axis":"y","origin":[9.675,6.2,13.25]},"faces":{"north":{"uv":[1,5,3,7],"texture":"#0"},"east":{"uv":[1,5,3,7],"texture":"#0"},"south":{"uv":[1,5,3,7],"texture":"#0"},"west":{"uv":[1,5,3,7],"texture":"#0"},"up":{"uv":[1,5,3,7],"texture":"#0"},"down":{"uv":[1,5,3,7],"texture":"#0"}}},{"from":[7.375,4.4,12.65],"to":[9.075,6.1,14.7],"faces":{"north":{"uv":[1,5,3,7],"texture":"#0"},"east":{"uv":[1,5,3,7],"texture":"#0"},"south":{"uv":[1,5,3,7],"texture":"#0"},"west":{"uv":[1,5,3,7],"texture":"#0"},"up":{"uv":[1,5,3,7],"texture":"#0"},"down":{"uv":[1,5,3,7],"texture":"#0"}}},{"from":[7.375,3.8,12.402],"to":[9.075,4.505,13.25],"rotation":{"angle":45,"axis":"x","origin":[9.275,3.8,13.25]},"faces":{"north":{"uv":[1,5,3,7],"texture":"#0"},"east":{"uv":[1,5,3,7],"texture":"#0"},"south":{"uv":[1,5,3,7],"texture":"#0"},"west":{"uv":[1,5,3,7],"texture":"#0"},"up":{"uv":[1,5,3,7],"texture":"#0"},"down":{"uv":[1,5,3,7],"texture":"#0"}}},{"from":[6.57,4.4,12.902],"to":[7.275,6.1,13.75],"rotation":{"angle":-45,"axis":"y","origin":[7.275,6.2,13.75]},"faces":{"north":{"uv":[1,5,3,7],"texture":"#0"},"east":{"uv":[1,5,3,7],"texture":"#0"},"south":{"uv":[1,5,3,7],"texture":"#0"},"west":{"uv":[1,5,3,7],"texture":"#0"},"up":{"uv":[1,5,3,7],"texture":"#0"},"down":{"uv":[1,5,3,7],"texture":"#0"}}},{"from":[6.775,4.4,12.902],"to":[7.48,6.1,13.75],"rotation":{"angle":45,"axis":"y","origin":[6.775,6.2,13.75]},"faces":{"north":{"uv":[1,5,3,7],"texture":"#0"},"east":{"uv":[1,5,3,7],"texture":"#0"},"south":{"uv":[1,5,3,7],"texture":"#0"},"west":{"uv":[1,5,3,7],"texture":"#0"},"up":{"uv":[1,5,3,7],"texture":"#0"},"down":{"uv":[1,5,3,7],"texture":"#0"}}},{"from":[7.85,7.87,13.25],"to":[8.698,8.575,14.1],"rotation":{"angle":-45,"axis":"z","origin":[7.85,8.575,14]},"faces":{"north":{"uv":[1,5,3,7],"texture":"#0"},"east":{"uv":[1,5,3,7],"texture":"#0"},"south":{"uv":[1,5,3,7],"texture":"#0"},"west":{"uv":[1,5,3,7],"texture":"#0"},"up":{"uv":[1,5,3,7],"texture":"#0"},"down":{"uv":[1,5,3,7],"texture":"#0"}}},{"from":[7.85,6.275,12.65],"to":[8.698,7.975,13.35],"rotation":{"angle":-45,"axis":"y","origin":[7.85,8.15,12.65]},"faces":{"north":{"uv":[1,5,3,7],"texture":"#0"},"east":{"uv":[1,5,3,7],"texture":"#0"},"south":{"uv":[1,5,3,7],"texture":"#0"},"west":{"uv":[1,5,3,7],"texture":"#0"},"up":{"uv":[1,5,3,7],"texture":"#0"},"down":{"uv":[1,5,3,7],"texture":"#0"}}},{"from":[6.775,4.4,13.25],"to":[9.675,6.1,14.1],"faces":{"north":{"uv":[1,5,3,7],"texture":"#0"},"east":{"uv":[1,5,3,7],"texture":"#0"},"south":{"uv":[1,5,3,7],"texture":"#0"},"west":{"uv":[1,5,3,7],"texture":"#0"},"up":{"uv":[1,5,3,7],"texture":"#0"},"down":{"uv":[1,5,3,7],"texture":"#0"}}},{"from":[6.825,13.795,5.9],"to":[9.05,14.495,5.95],"faces":{"north":{"uv":[2.5,0.75,10.75,5.25],"texture":"#leaf_head"},"south":{"uv":[2.5,0.75,10.75,5.25],"texture":"#leaf_head"}}},{"from":[5.725,12.495,5.65],"to":[9.05,13.895,6.15],"faces":{"north":{"uv":[13,1,15,3],"texture":"#0"},"east":{"uv":[13,1,15,3],"texture":"#0"},"south":{"uv":[13,1,15,3],"texture":"#0"},"west":{"uv":[13,1,15,3],"texture":"#0"},"up":{"uv":[13,1,15,3],"texture":"#0"},"down":{"uv":[13,1,15,3],"texture":"#0"}}},{"from":[5.45,12.445,5.25],"to":[7.25,13.4,5.8],"rotation":{"angle":0,"axis":"y","origin":[8,8,7.9]},"faces":{"north":{"uv":[13,1,15,3],"texture":"#0"},"east":{"uv":[13,1,15,3],"texture":"#0"},"south":{"uv":[13,1,15,3],"texture":"#0"},"west":{"uv":[13,1,15,3],"texture":"#0"},"up":{"uv":[13,1,15,3],"texture":"#0"},"down":{"uv":[13,1,15,3],"texture":"#0"}}},{"from":[4.25,12.05,4.75],"to":[4.8,14.005,6.45],"rotation":{"angle":-45,"axis":"y","origin":[4.25,12.55,6.45]},"faces":{"north":{"uv":[13,1,15,3],"texture":"#0"},"east":{"uv":[13,1,15,3],"texture":"#0"},"south":{"uv":[13,1,15,3],"texture":"#0"},"west":{"uv":[13,1,15,3],"texture":"#0"},"up":{"uv":[13,1,15,3],"texture":"#0"},"down":{"uv":[13,1,15,3],"texture":"#0"}}},{"from":[6.5,9.7,4.55],"to":[9.7,12.6,4.6],"rotation":{"angle":-45,"axis":"x","origin":[7,12.6,4.55]},"faces":{"north":{"uv":[13,6,0.25,15.75],"texture":"#leaf_head"},"south":{"uv":[13,6,0.25,15.75],"texture":"#leaf_head"}}},{"from":[6.5,12.6,4.55],"to":[9.7,13.95,4.6],"rotation":{"angle":-22.5,"axis":"x","origin":[7,12.6,4.55]},"faces":{"north":{"uv":[13,0.25,0.25,6],"texture":"#leaf_head"},"south":{"uv":[13,0.25,0.25,6],"texture":"#leaf_head"}}}],"display":{"thirdperson_righthand":{"scale":[0,0,0]},"thirdperson_lefthand":{"scale":[0,0,0]},"firstperson_righthand":{"scale":[0,0,0]},"firstperson_lefthand":{"scale":[0,0,0]},"ground":{"scale":[0,0,0]},"gui":{"rotation":[30,45,0],"translation":[0.75,0.75,0],"scale":[1.1,1.1,1.1]},"head":{"rotation":[0,-90,0],"translation":[0,-27.25,2],"scale":[2,2,2]},"fixed":{"scale":[0,0,0]}}}