{"__comment":"Designed by Madstonmagic with BDcraft Cubik PRO 0.96 Beta - http://bdcraft.net","textures":{"particle":"pokemon_skins/regular/rampardos/eye","texture":"pokemon_skins/regular/rampardos/rampardos"},"elements":[{"__comment":"Element","from":[3.45,12.75,6.5],"to":[6.45,14.5,9.5],"rotation":{"origin":[3.45,14.5,6.5],"axis":"z","angle":22.5},"faces":{"down":{"uv":[0.5,1,4.5,5],"texture":"#texture"},"up":{"uv":[0.5,0.5,4.5,4.5],"texture":"#texture"},"north":{"uv":[0.5,1,4.5,5],"texture":"#texture"},"south":{"uv":[0.5,1,4.5,5],"texture":"#texture"},"west":{"uv":[1,1,5,5],"texture":"#texture"},"east":{"uv":[0.5,0.5,4.5,4.5],"texture":"#texture"}}},{"__comment":"Element","from":[4.0625,11.5156,6.4375],"to":[7.125,13.0156,9.5625],"rotation":{"origin":[4.0625,13.0156,6.4375],"axis":"z","angle":22.5},"faces":{"down":{"uv":[7.25,2.5,10.25,4.5],"texture":"#texture"},"up":{"uv":[6.75,1.25,9,4.25],"texture":"#texture"},"north":{"uv":[7,1.5,10,4.5],"texture":"#texture"},"south":{"uv":[7.25,1,10,3.75],"texture":"#texture"},"west":{"uv":[7,1.5,9.75,4],"texture":"#texture"},"east":{"uv":[6.5,2,9.5,4],"texture":"#texture"}}},{"__comment":"Element","from":[4.4375,10.25,6.375],"to":[7.5625,12,9.625],"rotation":{"origin":[4.4375,12,6.375],"axis":"z","angle":22.5},"faces":{"down":{"uv":[0.5,1,4.5,5],"texture":"#texture"},"up":{"uv":[0.5,0.5,4.5,4.5],"texture":"#texture"},"north":{"uv":[0.5,1,4.5,5],"texture":"#texture"},"south":{"uv":[0.5,1,4.5,5],"texture":"#texture"},"west":{"uv":[1,1,5,5],"texture":"#texture"},"east":{"uv":[0.5,0.5,4.5,4.5],"texture":"#texture"}}},{"__comment":"Element","from":[4.5,8.75,6.375],"to":[7.5,12,9.625],"rotation":{"origin":[4.5,12,6.375],"axis":"z","angle":-22.5},"faces":{"down":{"uv":[0.5,1,4.5,5],"texture":"#texture"},"up":{"uv":[0.5,0.5,4.5,4.5],"texture":"#texture"},"north":{"uv":[0.5,1,4.5,5],"texture":"#texture"},"south":{"uv":[0.5,1,4.5,5],"texture":"#texture"},"west":{"uv":[1,1,5,5],"texture":"#texture"},"east":{"uv":[0.5,0.5,4.5,4.5],"texture":"#texture"}}},{"__comment":"Element","from":[3.25,5.1875,6.375],"to":[9,9,9.6875],"faces":{"down":{"uv":[0.5,1,4.5,5],"texture":"#texture"},"up":{"uv":[0.5,0.5,4.5,4.5],"texture":"#texture"},"north":{"uv":[0.5,1,4.5,5],"texture":"#texture"},"south":{"uv":[0.5,1,4.5,5],"texture":"#texture"},"west":{"uv":[1,1,5,5],"texture":"#texture"},"east":{"uv":[0.5,0.5,4.5,4.5],"texture":"#texture"}}},{"__comment":"Element","from":[5.5,4.8125,6.375],"to":[7.875,11.375,9.625],"rotation":{"origin":[5.5,11.375,6.375],"axis":"z","angle":22.5},"faces":{"down":{"uv":[0.5,1,4.5,5],"texture":"#texture"},"up":{"uv":[0.5,0.5,4.5,4.5],"texture":"#texture"},"north":{"uv":[0.5,1,4.5,5],"texture":"#texture"},"south":{"uv":[0.5,1,4.5,5],"texture":"#texture"},"west":{"uv":[1,1,5,5],"texture":"#texture"},"east":{"uv":[0.5,0.5,4.5,4.5],"texture":"#texture"}}},{"__comment":"Element","from":[7.5,3.625,6.375],"to":[9.625,7.5,9.625],"rotation":{"origin":[7.5,7.5,6.375],"axis":"z","angle":45},"faces":{"down":{"uv":[0.5,1,4.5,5],"texture":"#texture"},"up":{"uv":[0.5,0.5,4.5,4.5],"texture":"#texture"},"north":{"uv":[0.5,1,4.5,5],"texture":"#texture"},"south":{"uv":[0.5,1,4.5,5],"texture":"#texture"},"west":{"uv":[1,1,5,5],"texture":"#texture"},"east":{"uv":[0.5,0.5,4.5,4.5],"texture":"#texture"}}},{"__comment":"Element","from":[4.625,5.1875,5],"to":[7.75,9,11.0625],"faces":{"down":{"uv":[0.5,1,4.5,5],"texture":"#texture"},"up":{"uv":[0.5,0.5,4.5,4.5],"texture":"#texture"},"north":{"uv":[0.5,1,4.5,5],"texture":"#texture"},"south":{"uv":[0.5,1,4.5,5],"texture":"#texture"},"west":{"uv":[1,1,5,5],"texture":"#texture"},"east":{"uv":[0.5,0.5,4.5,4.5],"texture":"#texture"}}},{"__comment":"Element","from":[4.75,8.73,6.3394],"to":[7.75,12.23,7.8394],"rotation":{"origin":[4.75,12.23,6.33939],"axis":"x","angle":22.5},"faces":{"down":{"uv":[0.5,1,4.5,5],"texture":"#texture"},"up":{"uv":[0.5,0.5,4.5,4.5],"texture":"#texture"},"north":{"uv":[0.5,1,4.5,5],"texture":"#texture"},"south":{"uv":[0.5,1,4.5,5],"texture":"#texture"},"west":{"uv":[1,1,5,5],"texture":"#texture"},"east":{"uv":[0.5,0.5,4.5,4.5],"texture":"#texture"}}},{"__comment":"Element","from":[11,4.5,6.375],"to":[12,6.5,9.625],"faces":{"down":{"uv":[0.5,1,4.5,5],"texture":"#texture"},"up":{"uv":[0.5,0.5,4.5,4.5],"texture":"#texture"},"north":{"uv":[0.5,1,4.5,5],"texture":"#texture"},"south":{"uv":[0.5,1,4.5,5],"texture":"#texture"},"west":{"uv":[1,1,5,5],"texture":"#texture"},"east":{"uv":[0.5,0.5,4.5,4.5],"texture":"#texture"}}},{"__comment":"Element","from":[12,4.5,6.375],"to":[13.25,6.5,9.625],"faces":{"down":{"uv":[7.25,2.5,10.25,4.5],"texture":"#texture"},"up":{"uv":[6.75,1.25,9,4.25],"texture":"#texture"},"north":{"uv":[7,1.5,10,4.5],"texture":"#texture"},"south":{"uv":[7.25,1,10,3.75],"texture":"#texture"},"west":{"uv":[7,1.5,9.75,4],"texture":"#texture"},"east":{"uv":[6.5,2,9.5,4],"texture":"#texture"}}},{"__comment":"Element","from":[12.5625,4.5,6.75],"to":[14.5625,6,9.25],"rotation":{"origin":[12.5625,6,6.75],"axis":"z","angle":22.5},"faces":{"down":{"uv":[0.5,1,4.5,5],"texture":"#texture"},"up":{"uv":[0.5,0.5,4.5,4.5],"texture":"#texture"},"north":{"uv":[0.5,1,4.5,5],"texture":"#texture"},"south":{"uv":[0.5,1,4.5,5],"texture":"#texture"},"west":{"uv":[1,1,5,5],"texture":"#texture"},"east":{"uv":[0.5,0.5,4.5,4.5],"texture":"#texture"}}},{"__comment":"Element","from":[14.0625,5.1875,7.25],"to":[15.8125,6.1875,8.75],"rotation":{"origin":[14.0625,6.1875,7.25],"axis":"z","angle":45},"faces":{"down":{"uv":[0.5,1,4.5,5],"texture":"#texture"},"up":{"uv":[0.5,0.5,4.5,4.5],"texture":"#texture"},"north":{"uv":[0.5,1,4.5,5],"texture":"#texture"},"south":{"uv":[0.5,1,4.5,5],"texture":"#texture"},"west":{"uv":[1,1,5,5],"texture":"#texture"},"east":{"uv":[0.5,0.5,4.5,4.5],"texture":"#texture"}}},{"__comment":"Element","from":[15.6875,6.8125,7.5],"to":[16.4375,8.3125,8.5],"rotation":{"origin":[15.6875,8.3125,7.5],"axis":"z","angle":-22.5},"faces":{"down":{"uv":[0.5,1,4.5,5],"texture":"#texture"},"up":{"uv":[0.5,0.5,4.5,4.5],"texture":"#texture"},"north":{"uv":[0.5,1,4.5,5],"texture":"#texture"},"south":{"uv":[0.5,1,4.5,5],"texture":"#texture"},"west":{"uv":[1,1,5,5],"texture":"#texture"},"east":{"uv":[0.5,0.5,4.5,4.5],"texture":"#texture"}}},{"__comment":"Element","from":[4.75,8.145,8.3325],"to":[7.75,11.645,9.8325],"rotation":{"origin":[4.75,11.645,8.3325],"axis":"x","angle":-22.5},"faces":{"down":{"uv":[0.5,1,4.5,5],"texture":"#texture"},"up":{"uv":[0.5,0.5,4.5,4.5],"texture":"#texture"},"north":{"uv":[0.5,1,4.5,5],"texture":"#texture"},"south":{"uv":[0.5,1,4.5,5],"texture":"#texture"},"west":{"uv":[1,1,5,5],"texture":"#texture"},"east":{"uv":[0.5,0.5,4.5,4.5],"texture":"#texture"}}},{"__comment":"Element","from":[5.875,5.1875,6.375],"to":[10.125,6.1875,9.625],"faces":{"down":{"uv":[0.5,1,4.5,5],"texture":"#texture"},"up":{"uv":[0.5,0.5,4.5,4.5],"texture":"#texture"},"north":{"uv":[0.5,1,4.5,5],"texture":"#texture"},"south":{"uv":[0.5,1,4.5,5],"texture":"#texture"},"west":{"uv":[1,1,5,5],"texture":"#texture"},"east":{"uv":[0.5,0.5,4.5,4.5],"texture":"#texture"}}},{"__comment":"Element","from":[3.25,5.1875,6.375],"to":[5.1875,9,7.6875],"rotation":{"origin":[3.25,5.1875,6.375],"axis":"y","angle":45},"faces":{"down":{"uv":[0.5,1,4.5,5],"texture":"#texture"},"up":{"uv":[0.5,0.5,4.5,4.5],"texture":"#texture"},"north":{"uv":[0.5,1,4.5,5],"texture":"#texture"},"south":{"uv":[0.5,1,4.5,5],"texture":"#texture"},"west":{"uv":[1,1,5,5],"texture":"#texture"},"east":{"uv":[0.5,0.5,4.5,4.5],"texture":"#texture"}}},{"__comment":"Element","from":[4.1875,5.1875,8.76],"to":[6.125,9,10.0725],"rotation":{"origin":[4.1875,5.1875,8.76],"axis":"y","angle":-45},"faces":{"down":{"uv":[0.5,1,4.5,5],"texture":"#texture"},"up":{"uv":[0.5,0.5,4.5,4.5],"texture":"#texture"},"north":{"uv":[0.5,1,4.5,5],"texture":"#texture"},"south":{"uv":[0.5,1,4.5,5],"texture":"#texture"},"west":{"uv":[1,1,5,5],"texture":"#texture"},"east":{"uv":[0.5,0.5,4.5,4.5],"texture":"#texture"}}},{"__comment":"Element","from":[7.75,5.1875,5],"to":[9.6875,9,6.3125],"rotation":{"origin":[7.75,5.1875,5],"axis":"y","angle":-45},"faces":{"down":{"uv":[0.5,1,4.5,5],"texture":"#texture"},"up":{"uv":[0.5,0.5,4.5,4.5],"texture":"#texture"},"north":{"uv":[0.5,1,4.5,5],"texture":"#texture"},"south":{"uv":[0.5,1,4.5,5],"texture":"#texture"},"west":{"uv":[1,1,5,5],"texture":"#texture"},"east":{"uv":[0.5,0.5,4.5,4.5],"texture":"#texture"}}},{"__comment":"Element","from":[3.25,2.9375,6.375],"to":[6.75,5.1875,9.6875],"rotation":{"origin":[3.25,5.1875,6.375],"axis":"z","angle":45},"faces":{"down":{"uv":[0.5,1,4.5,5],"texture":"#texture"},"up":{"uv":[0.5,0.5,4.5,4.5],"texture":"#texture"},"north":{"uv":[0.5,1,4.5,5],"texture":"#texture"},"south":{"uv":[0.5,1,4.5,5],"texture":"#texture"},"west":{"uv":[1,1,5,5],"texture":"#texture"},"east":{"uv":[0.5,0.5,4.5,4.5],"texture":"#texture"}}},{"__comment":"Element","from":[4.875,3.5625,6.375],"to":[9.125,5.8125,9.6875],"faces":{"down":{"uv":[0.5,1,4.5,5],"texture":"#texture"},"up":{"uv":[0.5,0.5,4.5,4.5],"texture":"#texture"},"north":{"uv":[0.5,1,4.5,5],"texture":"#texture"},"south":{"uv":[0.5,1,4.5,5],"texture":"#texture"},"west":{"uv":[1,1,5,5],"texture":"#texture"},"east":{"uv":[0.5,0.5,4.5,4.5],"texture":"#texture"}}},{"__comment":"Element","from":[8.4375,3.4375,6.375],"to":[11.1875,5.1875,9.625],"rotation":{"origin":[8.4375,5.1875,6.375],"axis":"z","angle":22.5},"faces":{"down":{"uv":[0.5,1,4.5,5],"texture":"#texture"},"up":{"uv":[0.5,0.5,4.5,4.5],"texture":"#texture"},"north":{"uv":[0.5,1,4.5,5],"texture":"#texture"},"south":{"uv":[0.5,1,4.5,5],"texture":"#texture"},"west":{"uv":[1,1,5,5],"texture":"#texture"},"east":{"uv":[0.5,0.5,4.5,4.5],"texture":"#texture"}}},{"__comment":"Element","from":[4.875,3.125,5],"to":[9.125,5.1875,6.5],"rotation":{"origin":[4.875,5.1875,5],"axis":"x","angle":-45},"faces":{"down":{"uv":[0.5,1,4.5,5],"texture":"#texture"},"up":{"uv":[0.5,0.5,4.5,4.5],"texture":"#texture"},"north":{"uv":[0.5,1,4.5,5],"texture":"#texture"},"south":{"uv":[0.5,1,4.5,5],"texture":"#texture"},"west":{"uv":[1,1,5,5],"texture":"#texture"},"east":{"uv":[0.5,0.5,4.5,4.5],"texture":"#texture"}}},{"__comment":"Element","from":[4.875,4.1875,10],"to":[9.125,6.25,11.5],"rotation":{"origin":[4.875,6.25,10],"axis":"x","angle":45},"faces":{"down":{"uv":[0.5,1,4.5,5],"texture":"#texture"},"up":{"uv":[0.5,0.5,4.5,4.5],"texture":"#texture"},"north":{"uv":[0.5,1,4.5,5],"texture":"#texture"},"south":{"uv":[0.5,1,4.5,5],"texture":"#texture"},"west":{"uv":[1,1,5,5],"texture":"#texture"},"east":{"uv":[0.5,0.5,4.5,4.5],"texture":"#texture"}}},{"__comment":"Element","from":[5.75,5.25,7.25],"to":[7.5,13,8.75],"rotation":{"origin":[5.75,13,7.25],"axis":"z","angle":22.5},"faces":{"down":{"uv":[7.25,2.5,10.25,4.5],"texture":"#texture"},"up":{"uv":[6.75,1.25,9,4.25],"texture":"#texture"},"north":{"uv":[7,1.5,10,4.5],"texture":"#texture"},"south":{"uv":[7.25,1,10,3.75],"texture":"#texture"},"west":{"uv":[7,1.5,9.75,4],"texture":"#texture"},"east":{"uv":[6.5,2,9.5,4],"texture":"#texture"}}},{"__comment":"leg","from":[6,1,10],"to":[8.25,3.75,12],"rotation":{"origin":[6,3.75,10],"axis":"z","angle":45},"faces":{"down":{"uv":[0.5,1,4.5,5],"texture":"#texture"},"up":{"uv":[0.5,0.5,4.5,4.5],"texture":"#texture"},"north":{"uv":[0.5,1,4.5,5],"texture":"#texture"},"south":{"uv":[0.5,1,4.5,5],"texture":"#texture"},"west":{"uv":[1,1,5,5],"texture":"#texture"},"east":{"uv":[0.5,0.5,4.5,4.5],"texture":"#texture"}}},{"__comment":"leg","from":[6.25,3.5,10],"to":[8.25,7.5,12],"faces":{"down":{"uv":[0.5,1,4.5,5],"texture":"#texture"},"up":{"uv":[0.5,0.5,4.5,4.5],"texture":"#texture"},"north":{"uv":[0.5,1,4.5,5],"texture":"#texture"},"south":{"uv":[0.5,1,4.5,5],"texture":"#texture"},"west":{"uv":[1,1,5,5],"texture":"#texture"},"east":{"uv":[0.5,0.5,4.5,4.5],"texture":"#texture"}}},{"__comment":"leg","from":[6.25,5.5,9],"to":[8.25,6.5,13],"faces":{"down":{"uv":[0.5,1,4.5,5],"texture":"#texture"},"up":{"uv":[0.5,0.5,4.5,4.5],"texture":"#texture"},"north":{"uv":[0.5,1,4.5,5],"texture":"#texture"},"south":{"uv":[0.5,1,4.5,5],"texture":"#texture"},"west":{"uv":[1,1,5,5],"texture":"#texture"},"east":{"uv":[0.5,0.5,4.5,4.5],"texture":"#texture"}}},{"__comment":"leg","from":[5.25,5.5,10],"to":[9.25,6.5,12],"faces":{"down":{"uv":[0.5,1,4.5,5],"texture":"#texture"},"up":{"uv":[0.5,0.5,4.5,4.5],"texture":"#texture"},"north":{"uv":[0.5,1,4.5,5],"texture":"#texture"},"south":{"uv":[0.5,1,4.5,5],"texture":"#texture"},"west":{"uv":[1,1,5,5],"texture":"#texture"},"east":{"uv":[0.5,0.5,4.5,4.5],"texture":"#texture"}}},{"__comment":"leg","from":[5.25,2.26,10],"to":[6.66,6.5,12],"rotation":{"origin":[5.25,6.5,10],"axis":"z","angle":45},"faces":{"down":{"uv":[0.5,1,4.5,5],"texture":"#texture"},"up":{"uv":[0.5,0.5,4.5,4.5],"texture":"#texture"},"north":{"uv":[0.5,1,4.5,5],"texture":"#texture"},"south":{"uv":[0.5,1,4.5,5],"texture":"#texture"},"west":{"uv":[1,1,5,5],"texture":"#texture"},"east":{"uv":[0.5,0.5,4.5,4.5],"texture":"#texture"}}},{"__comment":"leg","from":[8.25,3.26,10],"to":[9.66,7.5,12],"rotation":{"origin":[8.25,7.5,10],"axis":"z","angle":-45},"faces":{"down":{"uv":[0.5,1,4.5,5],"texture":"#texture"},"up":{"uv":[0.5,0.5,4.5,4.5],"texture":"#texture"},"north":{"uv":[0.5,1,4.5,5],"texture":"#texture"},"south":{"uv":[0.5,1,4.5,5],"texture":"#texture"},"west":{"uv":[1,1,5,5],"texture":"#texture"},"east":{"uv":[0.5,0.5,4.5,4.5],"texture":"#texture"}}},{"__comment":"leg","from":[6.25,2.26,9],"to":[8.25,6.5,10.41],"rotation":{"origin":[6.25,6.5,9],"axis":"x","angle":-45},"faces":{"down":{"uv":[0.5,1,4.5,5],"texture":"#texture"},"up":{"uv":[0.5,0.5,4.5,4.5],"texture":"#texture"},"north":{"uv":[0.5,1,4.5,5],"texture":"#texture"},"south":{"uv":[0.5,1,4.5,5],"texture":"#texture"},"west":{"uv":[1,1,5,5],"texture":"#texture"},"east":{"uv":[0.5,0.5,4.5,4.5],"texture":"#texture"}}},{"__comment":"leg","from":[6.25,3.26,12],"to":[8.25,7.5,13.41],"rotation":{"origin":[6.25,7.5,12],"axis":"x","angle":45},"faces":{"down":{"uv":[0.5,1,4.5,5],"texture":"#texture"},"up":{"uv":[0.5,0.5,4.5,4.5],"texture":"#texture"},"north":{"uv":[0.5,1,4.5,5],"texture":"#texture"},"south":{"uv":[0.5,1,4.5,5],"texture":"#texture"},"west":{"uv":[1,1,5,5],"texture":"#texture"},"east":{"uv":[0.5,0.5,4.5,4.5],"texture":"#texture"}}},{"__comment":"leg","from":[8.25,5.5,9],"to":[9.66,6.5,13.24],"rotation":{"origin":[8.25,5.5,9],"axis":"y","angle":-45},"faces":{"down":{"uv":[0.5,1,4.5,5],"texture":"#texture"},"up":{"uv":[0.5,0.5,4.5,4.5],"texture":"#texture"},"north":{"uv":[0.5,1,4.5,5],"texture":"#texture"},"south":{"uv":[0.5,1,4.5,5],"texture":"#texture"},"west":{"uv":[1,1,5,5],"texture":"#texture"},"east":{"uv":[0.5,0.5,4.5,4.5],"texture":"#texture"}}},{"__comment":"leg","from":[5.25,5.5,10],"to":[6.66,6.5,14.24],"rotation":{"origin":[5.25,5.5,10],"axis":"y","angle":45},"faces":{"down":{"uv":[0.5,1,4.5,5],"texture":"#texture"},"up":{"uv":[0.5,0.5,4.5,4.5],"texture":"#texture"},"north":{"uv":[0.5,1,4.5,5],"texture":"#texture"},"south":{"uv":[0.5,1,4.5,5],"texture":"#texture"},"west":{"uv":[1,1,5,5],"texture":"#texture"},"east":{"uv":[0.5,0.5,4.5,4.5],"texture":"#texture"}}},{"__comment":"leg","from":[6.5525,-0.0425,10],"to":[10.4275,0.9575,12],"rotation":{"origin":[6.5525,0.9575,10],"axis":"z","angle":45},"faces":{"down":{"uv":[0.5,1,4.5,5],"texture":"#texture"},"up":{"uv":[0.5,0.5,4.5,4.5],"texture":"#texture"},"north":{"uv":[0.5,1,4.5,5],"texture":"#texture"},"south":{"uv":[0.5,1,4.5,5],"texture":"#texture"},"west":{"uv":[1,1,5,5],"texture":"#texture"},"east":{"uv":[0.5,0.5,4.5,4.5],"texture":"#texture"}}},{"__comment":"leg","from":[6.5,0.25,10],"to":[7.25,1.25,12],"faces":{"down":{"uv":[0.5,1,4.5,5],"texture":"#texture"},"up":{"uv":[0.5,0.5,4.5,4.5],"texture":"#texture"},"north":{"uv":[0.5,1,4.5,5],"texture":"#texture"},"south":{"uv":[0.5,1,4.5,5],"texture":"#texture"},"west":{"uv":[1,1,5,5],"texture":"#texture"},"east":{"uv":[0.5,0.5,4.5,4.5],"texture":"#texture"}}},{"__comment":"leg","from":[9.2925,2.9975,10],"to":[10.0025,3.7075,12],"faces":{"down":{"uv":[0.5,1,4.5,5],"texture":"#texture"},"up":{"uv":[0.5,0.5,4.5,4.5],"texture":"#texture"},"north":{"uv":[0.5,1,4.5,5],"texture":"#texture"},"south":{"uv":[0.5,1,4.5,5],"texture":"#texture"},"west":{"uv":[1,1,5,5],"texture":"#texture"},"east":{"uv":[0.5,0.5,4.5,4.5],"texture":"#texture"}}},{"__comment":"leg","from":[5.25,0.25,10],"to":[6.5,1,10.5],"faces":{"down":{"uv":[0.5,1,4.5,5],"texture":"#texture"},"up":{"uv":[0.5,0.5,4.5,4.5],"texture":"#texture"},"north":{"uv":[0.5,1,4.5,5],"texture":"#texture"},"south":{"uv":[0.5,1,4.5,5],"texture":"#texture"},"west":{"uv":[1,1,5,5],"texture":"#texture"},"east":{"uv":[0.5,0.5,4.5,4.5],"texture":"#texture"}}},{"__comment":"leg","from":[5.25,0.25,10.75],"to":[6.5,1,11.25],"faces":{"down":{"uv":[0.5,1,4.5,5],"texture":"#texture"},"up":{"uv":[0.5,0.5,4.5,4.5],"texture":"#texture"},"north":{"uv":[0.5,1,4.5,5],"texture":"#texture"},"south":{"uv":[0.5,1,4.5,5],"texture":"#texture"},"west":{"uv":[1,1,5,5],"texture":"#texture"},"east":{"uv":[0.5,0.5,4.5,4.5],"texture":"#texture"}}},{"__comment":"leg","from":[5.25,0.25,11.5],"to":[6.5,1,12],"faces":{"down":{"uv":[0.5,1,4.5,5],"texture":"#texture"},"up":{"uv":[0.5,0.5,4.5,4.5],"texture":"#texture"},"north":{"uv":[0.5,1,4.5,5],"texture":"#texture"},"south":{"uv":[0.5,1,4.5,5],"texture":"#texture"},"west":{"uv":[1,1,5,5],"texture":"#texture"},"east":{"uv":[0.5,0.5,4.5,4.5],"texture":"#texture"}}},{"__comment":"leg","from":[5.5,0.25,10.5],"to":[6.5,0.75,11.5],"faces":{"down":{"uv":[0.5,1,4.5,5],"texture":"#texture"},"up":{"uv":[0.5,0.5,4.5,4.5],"texture":"#texture"},"north":{"uv":[0.5,1,4.5,5],"texture":"#texture"},"south":{"uv":[0.5,1,4.5,5],"texture":"#texture"},"west":{"uv":[1,1,5,5],"texture":"#texture"},"east":{"uv":[0.5,0.5,4.5,4.5],"texture":"#texture"}}},{"__comment":"leg","from":[5.8075,0.46,11.5],"to":[6.5575,0.9599999,12],"rotation":{"origin":[5.8075,0.96,11.5],"axis":"z","angle":22.5},"faces":{"down":{"uv":[0.5,1,4.5,5],"texture":"#texture"},"up":{"uv":[0.5,0.5,4.5,4.5],"texture":"#texture"},"north":{"uv":[0.5,1,4.5,5],"texture":"#texture"},"south":{"uv":[0.5,1,4.5,5],"texture":"#texture"},"west":{"uv":[1,1,5,5],"texture":"#texture"},"east":{"uv":[0.5,0.5,4.5,4.5],"texture":"#texture"}}},{"__comment":"leg","from":[5.8075,0.46,10.75],"to":[6.5575,0.9599999,11.25],"rotation":{"origin":[5.8075,0.96,10.75],"axis":"z","angle":22.5},"faces":{"down":{"uv":[0.5,1,4.5,5],"texture":"#texture"},"up":{"uv":[0.5,0.5,4.5,4.5],"texture":"#texture"},"north":{"uv":[0.5,1,4.5,5],"texture":"#texture"},"south":{"uv":[0.5,1,4.5,5],"texture":"#texture"},"west":{"uv":[1,1,5,5],"texture":"#texture"},"east":{"uv":[0.5,0.5,4.5,4.5],"texture":"#texture"}}},{"__comment":"leg","from":[5.8075,0.46,10],"to":[6.5575,0.9599999,10.5],"rotation":{"origin":[5.8075,0.96,10],"axis":"z","angle":22.5},"faces":{"down":{"uv":[0.5,1,4.5,5],"texture":"#texture"},"up":{"uv":[0.5,0.5,4.5,4.5],"texture":"#texture"},"north":{"uv":[0.5,1,4.5,5],"texture":"#texture"},"south":{"uv":[0.5,1,4.5,5],"texture":"#texture"},"west":{"uv":[1,1,5,5],"texture":"#texture"},"east":{"uv":[0.5,0.5,4.5,4.5],"texture":"#texture"}}},{"__comment":"leg","from":[5.25,0.5,11.5625],"to":[5.75,1,11.9375],"rotation":{"origin":[5.25,1,11.5625],"axis":"z","angle":-45},"faces":{"down":{"uv":[2,7.75,3.25,9.5],"texture":"#texture"},"up":{"uv":[2.5,7.5,3.75,9.25],"texture":"#texture"},"north":{"uv":[2,6.25,3.25,7.5],"texture":"#texture"},"south":{"uv":[2.5,7,3.75,8.25],"texture":"#texture"},"west":{"uv":[1.25,8,3,9.25],"texture":"#texture"},"east":{"uv":[1,7.75,2.75,9],"texture":"#texture"}}},{"__comment":"leg","from":[5.25,0.5,10.8125],"to":[5.75,1,11.1875],"rotation":{"origin":[5.25,1,10.8125],"axis":"z","angle":-45},"faces":{"down":{"uv":[2,7.75,3.25,9.5],"texture":"#texture"},"up":{"uv":[2.5,7.5,3.75,9.25],"texture":"#texture"},"north":{"uv":[2,6.25,3.25,7.5],"texture":"#texture"},"south":{"uv":[2.5,7,3.75,8.25],"texture":"#texture"},"west":{"uv":[1.25,8,3,9.25],"texture":"#texture"},"east":{"uv":[1,7.75,2.75,9],"texture":"#texture"}}},{"__comment":"leg","from":[5.25,0.5,10.0625],"to":[5.75,1,10.4375],"rotation":{"origin":[5.25,1,10.0625],"axis":"z","angle":-45},"faces":{"down":{"uv":[2,7.75,3.25,9.5],"texture":"#texture"},"up":{"uv":[2.5,7.5,3.75,9.25],"texture":"#texture"},"north":{"uv":[2,6.25,3.25,7.5],"texture":"#texture"},"south":{"uv":[2.5,7,3.75,8.25],"texture":"#texture"},"west":{"uv":[1.25,8,3,9.25],"texture":"#texture"},"east":{"uv":[1,7.75,2.75,9],"texture":"#texture"}}},{"__comment":"leg","from":[5.25,4.5,10],"to":[9.25,5.5,12],"faces":{"down":{"uv":[6.5,1.75,9,4.5],"texture":"#texture"},"up":{"uv":[6.75,1.25,9.5,4.25],"texture":"#texture"},"north":{"uv":[6.75,1,9.5,3.75],"texture":"#texture"},"south":{"uv":[7.25,1.75,9.75,3.75],"texture":"#texture"},"west":{"uv":[6.5,2,9,4.25],"texture":"#texture"},"east":{"uv":[6.75,1.25,9.5,3.5],"texture":"#texture"}}},{"__comment":"leg","from":[6.25,4.5,9],"to":[8.25,5.5,13],"faces":{"down":{"uv":[6.5,1.75,9,4.5],"texture":"#texture"},"up":{"uv":[6.75,1.25,9.5,4.25],"texture":"#texture"},"north":{"uv":[6.75,1,9.5,3.75],"texture":"#texture"},"south":{"uv":[7.25,1.75,9.75,3.75],"texture":"#texture"},"west":{"uv":[6.5,2,9,4.25],"texture":"#texture"},"east":{"uv":[6.75,1.25,9.5,3.5],"texture":"#texture"}}},{"__comment":"leg","from":[8.25,4.5,9],"to":[9.66,5.5,13.24],"rotation":{"origin":[8.25,4.5,9],"axis":"y","angle":-45},"faces":{"down":{"uv":[6.5,1.75,9,4.5],"texture":"#texture"},"up":{"uv":[6.75,1.25,9.5,4.25],"texture":"#texture"},"north":{"uv":[6.75,1,9.5,3.75],"texture":"#texture"},"south":{"uv":[7.25,1.75,9.75,3.75],"texture":"#texture"},"west":{"uv":[6.5,2,9,4.25],"texture":"#texture"},"east":{"uv":[6.75,1.25,9.5,3.5],"texture":"#texture"}}},{"__comment":"leg","from":[5.25,4.5,10],"to":[6.66,5.5,14.24],"rotation":{"origin":[5.25,4.5,10],"axis":"y","angle":45},"faces":{"down":{"uv":[6.5,1.75,9,4.5],"texture":"#texture"},"up":{"uv":[6.75,1.25,9.5,4.25],"texture":"#texture"},"north":{"uv":[6.75,1,9.5,3.75],"texture":"#texture"},"south":{"uv":[7.25,1.75,9.75,3.75],"texture":"#texture"},"west":{"uv":[6.5,2,9,4.25],"texture":"#texture"},"east":{"uv":[6.75,1.25,9.5,3.5],"texture":"#texture"}}},{"__comment":"leg","from":[4.75,5,11],"to":[6.75,6,12],"faces":{"down":{"uv":[2,7.75,3.25,9.5],"texture":"#texture"},"up":{"uv":[2.5,7.5,3.75,9.25],"texture":"#texture"},"north":{"uv":[2,6.25,3.25,7.5],"texture":"#texture"},"south":{"uv":[2.5,7,3.75,8.25],"texture":"#texture"},"west":{"uv":[1.25,8,3,9.25],"texture":"#texture"},"east":{"uv":[1,7.75,2.75,9],"texture":"#texture"}}},{"__comment":"leg","from":[4.25,5.25,11.25],"to":[5.75,5.75,11.75],"faces":{"down":{"uv":[2,7.75,3.25,9.5],"texture":"#texture"},"up":{"uv":[2.5,7.5,3.75,9.25],"texture":"#texture"},"north":{"uv":[2,6.25,3.25,7.5],"texture":"#texture"},"south":{"uv":[2.5,7,3.75,8.25],"texture":"#texture"},"west":{"uv":[1.25,8,3,9.25],"texture":"#texture"},"east":{"uv":[1,7.75,2.75,9],"texture":"#texture"}}},{"__comment":"leg2","from":[6,1,4],"to":[8.25,3.75,6],"rotation":{"origin":[6,3.75,4],"axis":"z","angle":45},"faces":{"down":{"uv":[0.5,1,4.5,5],"texture":"#texture"},"up":{"uv":[0.5,0.5,4.5,4.5],"texture":"#texture"},"north":{"uv":[0.5,1,4.5,5],"texture":"#texture"},"south":{"uv":[0.5,1,4.5,5],"texture":"#texture"},"west":{"uv":[1,1,5,5],"texture":"#texture"},"east":{"uv":[0.5,0.5,4.5,4.5],"texture":"#texture"}}},{"__comment":"leg2","from":[6.25,3.5,4],"to":[8.25,7.5,6],"faces":{"down":{"uv":[0.5,1,4.5,5],"texture":"#texture"},"up":{"uv":[0.5,0.5,4.5,4.5],"texture":"#texture"},"north":{"uv":[0.5,1,4.5,5],"texture":"#texture"},"south":{"uv":[0.5,1,4.5,5],"texture":"#texture"},"west":{"uv":[1,1,5,5],"texture":"#texture"},"east":{"uv":[0.5,0.5,4.5,4.5],"texture":"#texture"}}},{"__comment":"leg2","from":[6.25,5.5,3],"to":[8.25,6.5,7],"faces":{"down":{"uv":[0.5,1,4.5,5],"texture":"#texture"},"up":{"uv":[0.5,0.5,4.5,4.5],"texture":"#texture"},"north":{"uv":[0.5,1,4.5,5],"texture":"#texture"},"south":{"uv":[0.5,1,4.5,5],"texture":"#texture"},"west":{"uv":[1,1,5,5],"texture":"#texture"},"east":{"uv":[0.5,0.5,4.5,4.5],"texture":"#texture"}}},{"__comment":"leg2","from":[5.25,5.5,4],"to":[9.25,6.5,6],"faces":{"down":{"uv":[0.5,1,4.5,5],"texture":"#texture"},"up":{"uv":[0.5,0.5,4.5,4.5],"texture":"#texture"},"north":{"uv":[0.5,1,4.5,5],"texture":"#texture"},"south":{"uv":[0.5,1,4.5,5],"texture":"#texture"},"west":{"uv":[1,1,5,5],"texture":"#texture"},"east":{"uv":[0.5,0.5,4.5,4.5],"texture":"#texture"}}},{"__comment":"leg2","from":[5.25,2.26,4],"to":[6.66,6.5,6],"rotation":{"origin":[5.25,6.5,4],"axis":"z","angle":45},"faces":{"down":{"uv":[0.5,1,4.5,5],"texture":"#texture"},"up":{"uv":[0.5,0.5,4.5,4.5],"texture":"#texture"},"north":{"uv":[0.5,1,4.5,5],"texture":"#texture"},"south":{"uv":[0.5,1,4.5,5],"texture":"#texture"},"west":{"uv":[1,1,5,5],"texture":"#texture"},"east":{"uv":[0.5,0.5,4.5,4.5],"texture":"#texture"}}},{"__comment":"leg2","from":[8.25,3.26,4],"to":[9.66,7.5,6],"rotation":{"origin":[8.25,7.5,4],"axis":"z","angle":-45},"faces":{"down":{"uv":[0.5,1,4.5,5],"texture":"#texture"},"up":{"uv":[0.5,0.5,4.5,4.5],"texture":"#texture"},"north":{"uv":[0.5,1,4.5,5],"texture":"#texture"},"south":{"uv":[0.5,1,4.5,5],"texture":"#texture"},"west":{"uv":[1,1,5,5],"texture":"#texture"},"east":{"uv":[0.5,0.5,4.5,4.5],"texture":"#texture"}}},{"__comment":"leg2","from":[6.25,2.26,3],"to":[8.25,6.5,4.41],"rotation":{"origin":[6.25,6.5,3],"axis":"x","angle":-45},"faces":{"down":{"uv":[0.5,1,4.5,5],"texture":"#texture"},"up":{"uv":[0.5,0.5,4.5,4.5],"texture":"#texture"},"north":{"uv":[0.5,1,4.5,5],"texture":"#texture"},"south":{"uv":[0.5,1,4.5,5],"texture":"#texture"},"west":{"uv":[1,1,5,5],"texture":"#texture"},"east":{"uv":[0.5,0.5,4.5,4.5],"texture":"#texture"}}},{"__comment":"leg2","from":[6.25,3.26,6],"to":[8.25,7.5,7.41],"rotation":{"origin":[6.25,7.5,6],"axis":"x","angle":45},"faces":{"down":{"uv":[0.5,1,4.5,5],"texture":"#texture"},"up":{"uv":[0.5,0.5,4.5,4.5],"texture":"#texture"},"north":{"uv":[0.5,1,4.5,5],"texture":"#texture"},"south":{"uv":[0.5,1,4.5,5],"texture":"#texture"},"west":{"uv":[1,1,5,5],"texture":"#texture"},"east":{"uv":[0.5,0.5,4.5,4.5],"texture":"#texture"}}},{"__comment":"leg2","from":[8.25,5.5,3],"to":[9.66,6.5,7.24],"rotation":{"origin":[8.25,5.5,3],"axis":"y","angle":-45},"faces":{"down":{"uv":[0.5,1,4.5,5],"texture":"#texture"},"up":{"uv":[0.5,0.5,4.5,4.5],"texture":"#texture"},"north":{"uv":[0.5,1,4.5,5],"texture":"#texture"},"south":{"uv":[0.5,1,4.5,5],"texture":"#texture"},"west":{"uv":[1,1,5,5],"texture":"#texture"},"east":{"uv":[0.5,0.5,4.5,4.5],"texture":"#texture"}}},{"__comment":"leg2","from":[5.25,5.5,4],"to":[6.66,6.5,8.24],"rotation":{"origin":[5.25,5.5,4],"axis":"y","angle":45},"faces":{"down":{"uv":[0.5,1,4.5,5],"texture":"#texture"},"up":{"uv":[0.5,0.5,4.5,4.5],"texture":"#texture"},"north":{"uv":[0.5,1,4.5,5],"texture":"#texture"},"south":{"uv":[0.5,1,4.5,5],"texture":"#texture"},"west":{"uv":[1,1,5,5],"texture":"#texture"},"east":{"uv":[0.5,0.5,4.5,4.5],"texture":"#texture"}}},{"__comment":"leg2","from":[6.5525,-0.0425,4],"to":[10.4275,0.9575,6],"rotation":{"origin":[6.5525,0.9575,4],"axis":"z","angle":45},"faces":{"down":{"uv":[0.5,1,4.5,5],"texture":"#texture"},"up":{"uv":[0.5,0.5,4.5,4.5],"texture":"#texture"},"north":{"uv":[0.5,1,4.5,5],"texture":"#texture"},"south":{"uv":[0.5,1,4.5,5],"texture":"#texture"},"west":{"uv":[1,1,5,5],"texture":"#texture"},"east":{"uv":[0.5,0.5,4.5,4.5],"texture":"#texture"}}},{"__comment":"leg2","from":[6.5,0.25,4],"to":[7.25,1.25,6],"faces":{"down":{"uv":[0.5,1,4.5,5],"texture":"#texture"},"up":{"uv":[0.5,0.5,4.5,4.5],"texture":"#texture"},"north":{"uv":[0.5,1,4.5,5],"texture":"#texture"},"south":{"uv":[0.5,1,4.5,5],"texture":"#texture"},"west":{"uv":[1,1,5,5],"texture":"#texture"},"east":{"uv":[0.5,0.5,4.5,4.5],"texture":"#texture"}}},{"__comment":"leg2","from":[9.2925,2.9975,4],"to":[10.0025,3.7075,6],"faces":{"down":{"uv":[0.5,1,4.5,5],"texture":"#texture"},"up":{"uv":[0.5,0.5,4.5,4.5],"texture":"#texture"},"north":{"uv":[0.5,1,4.5,5],"texture":"#texture"},"south":{"uv":[0.5,1,4.5,5],"texture":"#texture"},"west":{"uv":[1,1,5,5],"texture":"#texture"},"east":{"uv":[0.5,0.5,4.5,4.5],"texture":"#texture"}}},{"__comment":"leg2","from":[5.25,0.25,4],"to":[6.5,1,4.5],"faces":{"down":{"uv":[0.5,1,4.5,5],"texture":"#texture"},"up":{"uv":[0.5,0.5,4.5,4.5],"texture":"#texture"},"north":{"uv":[0.5,1,4.5,5],"texture":"#texture"},"south":{"uv":[0.5,1,4.5,5],"texture":"#texture"},"west":{"uv":[1,1,5,5],"texture":"#texture"},"east":{"uv":[0.5,0.5,4.5,4.5],"texture":"#texture"}}},{"__comment":"leg2","from":[5.25,0.25,4.75],"to":[6.5,1,5.25],"faces":{"down":{"uv":[0.5,1,4.5,5],"texture":"#texture"},"up":{"uv":[0.5,0.5,4.5,4.5],"texture":"#texture"},"north":{"uv":[0.5,1,4.5,5],"texture":"#texture"},"south":{"uv":[0.5,1,4.5,5],"texture":"#texture"},"west":{"uv":[1,1,5,5],"texture":"#texture"},"east":{"uv":[0.5,0.5,4.5,4.5],"texture":"#texture"}}},{"__comment":"leg2","from":[5.25,0.25,5.5],"to":[6.5,1,6],"faces":{"down":{"uv":[0.5,1,4.5,5],"texture":"#texture"},"up":{"uv":[0.5,0.5,4.5,4.5],"texture":"#texture"},"north":{"uv":[0.5,1,4.5,5],"texture":"#texture"},"south":{"uv":[0.5,1,4.5,5],"texture":"#texture"},"west":{"uv":[1,1,5,5],"texture":"#texture"},"east":{"uv":[0.5,0.5,4.5,4.5],"texture":"#texture"}}},{"__comment":"leg2","from":[5.5,0.25,4.5],"to":[6.5,0.75,5.5],"faces":{"down":{"uv":[0.5,1,4.5,5],"texture":"#texture"},"up":{"uv":[0.5,0.5,4.5,4.5],"texture":"#texture"},"north":{"uv":[0.5,1,4.5,5],"texture":"#texture"},"south":{"uv":[0.5,1,4.5,5],"texture":"#texture"},"west":{"uv":[1,1,5,5],"texture":"#texture"},"east":{"uv":[0.5,0.5,4.5,4.5],"texture":"#texture"}}},{"__comment":"leg2","from":[5.8075,0.46,5.5],"to":[6.5575,0.9599999,6],"rotation":{"origin":[5.8075,0.96,5.5],"axis":"z","angle":22.5},"faces":{"down":{"uv":[0.5,1,4.5,5],"texture":"#texture"},"up":{"uv":[0.5,0.5,4.5,4.5],"texture":"#texture"},"north":{"uv":[0.5,1,4.5,5],"texture":"#texture"},"south":{"uv":[0.5,1,4.5,5],"texture":"#texture"},"west":{"uv":[1,1,5,5],"texture":"#texture"},"east":{"uv":[0.5,0.5,4.5,4.5],"texture":"#texture"}}},{"__comment":"leg2","from":[5.8075,0.46,4.75],"to":[6.5575,0.9599999,5.25],"rotation":{"origin":[5.8075,0.96,4.75],"axis":"z","angle":22.5},"faces":{"down":{"uv":[0.5,1,4.5,5],"texture":"#texture"},"up":{"uv":[0.5,0.5,4.5,4.5],"texture":"#texture"},"north":{"uv":[0.5,1,4.5,5],"texture":"#texture"},"south":{"uv":[0.5,1,4.5,5],"texture":"#texture"},"west":{"uv":[1,1,5,5],"texture":"#texture"},"east":{"uv":[0.5,0.5,4.5,4.5],"texture":"#texture"}}},{"__comment":"leg2","from":[5.8075,0.46,4],"to":[6.5575,0.9599999,4.5],"rotation":{"origin":[5.8075,0.96,4],"axis":"z","angle":22.5},"faces":{"down":{"uv":[0.5,1,4.5,5],"texture":"#texture"},"up":{"uv":[0.5,0.5,4.5,4.5],"texture":"#texture"},"north":{"uv":[0.5,1,4.5,5],"texture":"#texture"},"south":{"uv":[0.5,1,4.5,5],"texture":"#texture"},"west":{"uv":[1,1,5,5],"texture":"#texture"},"east":{"uv":[0.5,0.5,4.5,4.5],"texture":"#texture"}}},{"__comment":"leg2","from":[5.25,0.5,5.5625],"to":[5.75,1,5.9375],"rotation":{"origin":[5.25,1,5.5625],"axis":"z","angle":-45},"faces":{"down":{"uv":[2,7.75,3.25,9.5],"texture":"#texture"},"up":{"uv":[2.5,7.5,3.75,9.25],"texture":"#texture"},"north":{"uv":[2,6.25,3.25,7.5],"texture":"#texture"},"south":{"uv":[2.5,7,3.75,8.25],"texture":"#texture"},"west":{"uv":[1.25,8,3,9.25],"texture":"#texture"},"east":{"uv":[1,7.75,2.75,9],"texture":"#texture"}}},{"__comment":"leg2","from":[5.25,0.5,4.8125],"to":[5.75,1,5.1875],"rotation":{"origin":[5.25,1,4.8125],"axis":"z","angle":-45},"faces":{"down":{"uv":[2,7.75,3.25,9.5],"texture":"#texture"},"up":{"uv":[2.5,7.5,3.75,9.25],"texture":"#texture"},"north":{"uv":[2,6.25,3.25,7.5],"texture":"#texture"},"south":{"uv":[2.5,7,3.75,8.25],"texture":"#texture"},"west":{"uv":[1.25,8,3,9.25],"texture":"#texture"},"east":{"uv":[1,7.75,2.75,9],"texture":"#texture"}}},{"__comment":"leg2","from":[5.25,0.5,4.0625],"to":[5.75,1,4.4375],"rotation":{"origin":[5.25,1,4.0625],"axis":"z","angle":-45},"faces":{"down":{"uv":[2,7.75,3.25,9.5],"texture":"#texture"},"up":{"uv":[2.5,7.5,3.75,9.25],"texture":"#texture"},"north":{"uv":[2,6.25,3.25,7.5],"texture":"#texture"},"south":{"uv":[2.5,7,3.75,8.25],"texture":"#texture"},"west":{"uv":[1.25,8,3,9.25],"texture":"#texture"},"east":{"uv":[1,7.75,2.75,9],"texture":"#texture"}}},{"__comment":"leg2","from":[5.25,4.5,4],"to":[9.25,5.5,6],"faces":{"down":{"uv":[6.5,1.75,9,4.5],"texture":"#texture"},"up":{"uv":[6.75,1.25,9.5,4.25],"texture":"#texture"},"north":{"uv":[6.75,1,9.5,3.75],"texture":"#texture"},"south":{"uv":[7.25,1.75,9.75,3.75],"texture":"#texture"},"west":{"uv":[6.5,2,9,4.25],"texture":"#texture"},"east":{"uv":[6.75,1.25,9.5,3.5],"texture":"#texture"}}},{"__comment":"leg2","from":[6.25,4.5,3],"to":[8.25,5.5,7],"faces":{"down":{"uv":[6.5,1.75,9,4.5],"texture":"#texture"},"up":{"uv":[6.75,1.25,9.5,4.25],"texture":"#texture"},"north":{"uv":[6.75,1,9.5,3.75],"texture":"#texture"},"south":{"uv":[7.25,1.75,9.75,3.75],"texture":"#texture"},"west":{"uv":[6.5,2,9,4.25],"texture":"#texture"},"east":{"uv":[6.75,1.25,9.5,3.5],"texture":"#texture"}}},{"__comment":"leg2","from":[8.25,4.5,3],"to":[9.66,5.5,7.24],"rotation":{"origin":[8.25,4.5,3],"axis":"y","angle":-45},"faces":{"down":{"uv":[6.5,1.75,9,4.5],"texture":"#texture"},"up":{"uv":[6.75,1.25,9.5,4.25],"texture":"#texture"},"north":{"uv":[6.75,1,9.5,3.75],"texture":"#texture"},"south":{"uv":[7.25,1.75,9.75,3.75],"texture":"#texture"},"west":{"uv":[6.5,2,9,4.25],"texture":"#texture"},"east":{"uv":[6.75,1.25,9.5,3.5],"texture":"#texture"}}},{"__comment":"leg2","from":[5.25,4.5,4],"to":[6.66,5.5,8.24],"rotation":{"origin":[5.25,4.5,4],"axis":"y","angle":45},"faces":{"down":{"uv":[6.5,1.75,9,4.5],"texture":"#texture"},"up":{"uv":[6.75,1.25,9.5,4.25],"texture":"#texture"},"north":{"uv":[6.75,1,9.5,3.75],"texture":"#texture"},"south":{"uv":[7.25,1.75,9.75,3.75],"texture":"#texture"},"west":{"uv":[6.5,2,9,4.25],"texture":"#texture"},"east":{"uv":[6.75,1.25,9.5,3.5],"texture":"#texture"}}},{"__comment":"leg2","from":[4.75,5,4],"to":[6.75,6,5],"faces":{"down":{"uv":[2,7.75,3.25,9.5],"texture":"#texture"},"up":{"uv":[2.5,7.5,3.75,9.25],"texture":"#texture"},"north":{"uv":[2,6.25,3.25,7.5],"texture":"#texture"},"south":{"uv":[2.5,7,3.75,8.25],"texture":"#texture"},"west":{"uv":[1.25,8,3,9.25],"texture":"#texture"},"east":{"uv":[1,7.75,2.75,9],"texture":"#texture"}}},{"__comment":"leg2","from":[4.25,5.25,4.25],"to":[5.75,5.75,4.75],"faces":{"down":{"uv":[2,7.75,3.25,9.5],"texture":"#texture"},"up":{"uv":[2.5,7.5,3.75,9.25],"texture":"#texture"},"north":{"uv":[2,6.25,3.25,7.5],"texture":"#texture"},"south":{"uv":[2.5,7,3.75,8.25],"texture":"#texture"},"west":{"uv":[1.25,8,3,9.25],"texture":"#texture"},"east":{"uv":[1,7.75,2.75,9],"texture":"#texture"}}},{"__comment":"leg2*","from":[6.25,6,4],"to":[8.25,7.5,6.125],"rotation":{"origin":[6.25,7.5,4],"axis":"x","angle":-45},"faces":{"down":{"uv":[0.5,1,4.5,5],"texture":"#texture"},"up":{"uv":[0.5,0.5,4.5,4.5],"texture":"#texture"},"north":{"uv":[0.5,1,4.5,5],"texture":"#texture"},"south":{"uv":[0.5,1,4.5,5],"texture":"#texture"},"west":{"uv":[1,1,5,5],"texture":"#texture"},"east":{"uv":[0.5,0.5,4.5,4.5],"texture":"#texture"}}},{"__comment":"leg*","from":[2.6875,9.5,10.875],"to":[5.6875,10.5,12.375],"rotation":{"origin":[2.6875,9.5,10.875],"axis":"y","angle":22.5},"faces":{"down":{"uv":[0.5,1,4.5,5],"texture":"#texture"},"up":{"uv":[0.5,0.5,4.5,4.5],"texture":"#texture"},"north":{"uv":[0.5,1,4.5,5],"texture":"#texture"},"south":{"uv":[0.5,1,4.5,5],"texture":"#texture"},"west":{"uv":[1,1,5,5],"texture":"#texture"},"east":{"uv":[0.5,0.5,4.5,4.5],"texture":"#texture"}}},{"__comment":"leg*","from":[5,9.5,4.75],"to":[6.5,10.5,11.25],"faces":{"down":{"uv":[0.5,1,4.5,5],"texture":"#texture"},"up":{"uv":[0.5,0.5,4.5,4.5],"texture":"#texture"},"north":{"uv":[0.5,1,4.5,5],"texture":"#texture"},"south":{"uv":[0.5,1,4.5,5],"texture":"#texture"},"west":{"uv":[1,1,5,5],"texture":"#texture"},"east":{"uv":[0.5,0.5,4.5,4.5],"texture":"#texture"}}},{"__comment":"leg*","from":[3.25,9.5,3.75],"to":[6.25,10.5,5.25],"rotation":{"origin":[3.25,9.5,3.75],"axis":"y","angle":-22.5},"faces":{"down":{"uv":[0.5,1,4.5,5],"texture":"#texture"},"up":{"uv":[0.5,0.5,4.5,4.5],"texture":"#texture"},"north":{"uv":[0.5,1,4.5,5],"texture":"#texture"},"south":{"uv":[0.5,1,4.5,5],"texture":"#texture"},"west":{"uv":[1,1,5,5],"texture":"#texture"},"east":{"uv":[0.5,0.5,4.5,4.5],"texture":"#texture"}}},{"__comment":"leg*","from":[2.25,9.5,3.75],"to":[3.25,10.5,5.25],"faces":{"down":{"uv":[0.5,1,4.5,5],"texture":"#texture"},"up":{"uv":[0.5,0.5,4.5,4.5],"texture":"#texture"},"north":{"uv":[0.5,1,4.5,5],"texture":"#texture"},"south":{"uv":[0.5,1,4.5,5],"texture":"#texture"},"west":{"uv":[1,1,5,5],"texture":"#texture"},"east":{"uv":[0.5,0.5,4.5,4.5],"texture":"#texture"}}},{"__comment":"leg*","from":[2.25,9.5,10.75],"to":[3.25,10.5,12.25],"faces":{"down":{"uv":[0.5,1,4.5,5],"texture":"#texture"},"up":{"uv":[0.5,0.5,4.5,4.5],"texture":"#texture"},"north":{"uv":[0.5,1,4.5,5],"texture":"#texture"},"south":{"uv":[0.5,1,4.5,5],"texture":"#texture"},"west":{"uv":[1,1,5,5],"texture":"#texture"},"east":{"uv":[0.5,0.5,4.5,4.5],"texture":"#texture"}}},{"__comment":"fingers","from":[1.75,9.5,11.875],"to":[2.45,10,12.25],"rotation":{"origin":[1.75,10,11.875],"axis":"z","angle":45},"faces":{"down":{"uv":[0.5,1,4.5,5],"texture":"#texture"},"up":{"uv":[0.5,0.5,4.5,4.5],"texture":"#texture"},"north":{"uv":[0.5,1,4.5,5],"texture":"#texture"},"south":{"uv":[0.5,1,4.5,5],"texture":"#texture"},"west":{"uv":[1,1,5,5],"texture":"#texture"},"east":{"uv":[0.5,0.5,4.5,4.5],"texture":"#texture"}}},{"__comment":"fingers","from":[1.75,9.25,11.875],"to":[2,10,12.25],"faces":{"down":{"uv":[0.5,1,4.5,5],"texture":"#texture"},"up":{"uv":[0.5,0.5,4.5,4.5],"texture":"#texture"},"north":{"uv":[0.5,1,4.5,5],"texture":"#texture"},"south":{"uv":[0.5,1,4.5,5],"texture":"#texture"},"west":{"uv":[1,1,5,5],"texture":"#texture"},"east":{"uv":[0.5,0.5,4.5,4.5],"texture":"#texture"}}},{"__comment":"fingers","from":[1.75,9.25,11.3125],"to":[2,10,11.6875],"faces":{"down":{"uv":[0.5,1,4.5,5],"texture":"#texture"},"up":{"uv":[0.5,0.5,4.5,4.5],"texture":"#texture"},"north":{"uv":[0.5,1,4.5,5],"texture":"#texture"},"south":{"uv":[0.5,1,4.5,5],"texture":"#texture"},"west":{"uv":[1,1,5,5],"texture":"#texture"},"east":{"uv":[0.5,0.5,4.5,4.5],"texture":"#texture"}}},{"__comment":"fingers","from":[1.75,9.25,10.75],"to":[2,10,11.125],"faces":{"down":{"uv":[0.5,1,4.5,5],"texture":"#texture"},"up":{"uv":[0.5,0.5,4.5,4.5],"texture":"#texture"},"north":{"uv":[0.5,1,4.5,5],"texture":"#texture"},"south":{"uv":[0.5,1,4.5,5],"texture":"#texture"},"west":{"uv":[1,1,5,5],"texture":"#texture"},"east":{"uv":[0.5,0.5,4.5,4.5],"texture":"#texture"}}},{"__comment":"fingers","from":[1.885,9.6775,11.875],"to":[2.385,9.9275,12.25],"rotation":{"origin":[1.885,9.9275,11.875],"axis":"z","angle":-22.5},"faces":{"down":{"uv":[0.5,1,4.5,5],"texture":"#texture"},"up":{"uv":[0.5,0.5,4.5,4.5],"texture":"#texture"},"north":{"uv":[0.5,1,4.5,5],"texture":"#texture"},"south":{"uv":[0.5,1,4.5,5],"texture":"#texture"},"west":{"uv":[1,1,5,5],"texture":"#texture"},"east":{"uv":[0.5,0.5,4.5,4.5],"texture":"#texture"}}},{"__comment":"fingers","from":[1.75,9.5,11.3125],"to":[2.45,10,11.6875],"rotation":{"origin":[1.75,10,11.3125],"axis":"z","angle":45},"faces":{"down":{"uv":[0.5,1,4.5,5],"texture":"#texture"},"up":{"uv":[0.5,0.5,4.5,4.5],"texture":"#texture"},"north":{"uv":[0.5,1,4.5,5],"texture":"#texture"},"south":{"uv":[0.5,1,4.5,5],"texture":"#texture"},"west":{"uv":[1,1,5,5],"texture":"#texture"},"east":{"uv":[0.5,0.5,4.5,4.5],"texture":"#texture"}}},{"__comment":"fingers","from":[1.885,9.6775,11.3125],"to":[2.385,9.9275,11.6875],"rotation":{"origin":[1.885,9.9275,11.3125],"axis":"z","angle":-22.5},"faces":{"down":{"uv":[0.5,1,4.5,5],"texture":"#texture"},"up":{"uv":[0.5,0.5,4.5,4.5],"texture":"#texture"},"north":{"uv":[0.5,1,4.5,5],"texture":"#texture"},"south":{"uv":[0.5,1,4.5,5],"texture":"#texture"},"west":{"uv":[1,1,5,5],"texture":"#texture"},"east":{"uv":[0.5,0.5,4.5,4.5],"texture":"#texture"}}},{"__comment":"fingers","from":[1.75,9.5,10.75],"to":[2.45,10,11.125],"rotation":{"origin":[1.75,10,10.75],"axis":"z","angle":45},"faces":{"down":{"uv":[0.5,1,4.5,5],"texture":"#texture"},"up":{"uv":[0.5,0.5,4.5,4.5],"texture":"#texture"},"north":{"uv":[0.5,1,4.5,5],"texture":"#texture"},"south":{"uv":[0.5,1,4.5,5],"texture":"#texture"},"west":{"uv":[1,1,5,5],"texture":"#texture"},"east":{"uv":[0.5,0.5,4.5,4.5],"texture":"#texture"}}},{"__comment":"fingers","from":[1.885,9.6775,10.75],"to":[2.385,9.9275,11.125],"rotation":{"origin":[1.885,9.9275,10.75],"axis":"z","angle":-22.5},"faces":{"down":{"uv":[0.5,1,4.5,5],"texture":"#texture"},"up":{"uv":[0.5,0.5,4.5,4.5],"texture":"#texture"},"north":{"uv":[0.5,1,4.5,5],"texture":"#texture"},"south":{"uv":[0.5,1,4.5,5],"texture":"#texture"},"west":{"uv":[1,1,5,5],"texture":"#texture"},"east":{"uv":[0.5,0.5,4.5,4.5],"texture":"#texture"}}},{"__comment":"fingers2","from":[1.75,9.5,4.875],"to":[2.45,10,5.25],"rotation":{"origin":[1.75,10,4.875],"axis":"z","angle":45},"faces":{"down":{"uv":[0.5,1,4.5,5],"texture":"#texture"},"up":{"uv":[0.5,0.5,4.5,4.5],"texture":"#texture"},"north":{"uv":[0.5,1,4.5,5],"texture":"#texture"},"south":{"uv":[0.5,1,4.5,5],"texture":"#texture"},"west":{"uv":[1,1,5,5],"texture":"#texture"},"east":{"uv":[0.5,0.5,4.5,4.5],"texture":"#texture"}}},{"__comment":"fingers2","from":[1.75,9.25,4.875],"to":[2,10,5.25],"faces":{"down":{"uv":[0.5,1,4.5,5],"texture":"#texture"},"up":{"uv":[0.5,0.5,4.5,4.5],"texture":"#texture"},"north":{"uv":[0.5,1,4.5,5],"texture":"#texture"},"south":{"uv":[0.5,1,4.5,5],"texture":"#texture"},"west":{"uv":[1,1,5,5],"texture":"#texture"},"east":{"uv":[0.5,0.5,4.5,4.5],"texture":"#texture"}}},{"__comment":"fingers2","from":[1.75,9.25,4.3125],"to":[2,10,4.6875],"faces":{"down":{"uv":[0.5,1,4.5,5],"texture":"#texture"},"up":{"uv":[0.5,0.5,4.5,4.5],"texture":"#texture"},"north":{"uv":[0.5,1,4.5,5],"texture":"#texture"},"south":{"uv":[0.5,1,4.5,5],"texture":"#texture"},"west":{"uv":[1,1,5,5],"texture":"#texture"},"east":{"uv":[0.5,0.5,4.5,4.5],"texture":"#texture"}}},{"__comment":"fingers2","from":[1.75,9.25,3.75],"to":[2,10,4.125],"faces":{"down":{"uv":[0.5,1,4.5,5],"texture":"#texture"},"up":{"uv":[0.5,0.5,4.5,4.5],"texture":"#texture"},"north":{"uv":[0.5,1,4.5,5],"texture":"#texture"},"south":{"uv":[0.5,1,4.5,5],"texture":"#texture"},"west":{"uv":[1,1,5,5],"texture":"#texture"},"east":{"uv":[0.5,0.5,4.5,4.5],"texture":"#texture"}}},{"__comment":"fingers2","from":[1.885,9.6775,4.875],"to":[2.385,9.9275,5.25],"rotation":{"origin":[1.885,9.9275,4.875],"axis":"z","angle":-22.5},"faces":{"down":{"uv":[0.5,1,4.5,5],"texture":"#texture"},"up":{"uv":[0.5,0.5,4.5,4.5],"texture":"#texture"},"north":{"uv":[0.5,1,4.5,5],"texture":"#texture"},"south":{"uv":[0.5,1,4.5,5],"texture":"#texture"},"west":{"uv":[1,1,5,5],"texture":"#texture"},"east":{"uv":[0.5,0.5,4.5,4.5],"texture":"#texture"}}},{"__comment":"fingers2","from":[1.75,9.5,4.3125],"to":[2.45,10,4.6875],"rotation":{"origin":[1.75,10,4.3125],"axis":"z","angle":45},"faces":{"down":{"uv":[0.5,1,4.5,5],"texture":"#texture"},"up":{"uv":[0.5,0.5,4.5,4.5],"texture":"#texture"},"north":{"uv":[0.5,1,4.5,5],"texture":"#texture"},"south":{"uv":[0.5,1,4.5,5],"texture":"#texture"},"west":{"uv":[1,1,5,5],"texture":"#texture"},"east":{"uv":[0.5,0.5,4.5,4.5],"texture":"#texture"}}},{"__comment":"fingers2","from":[1.885,9.6775,4.3125],"to":[2.385,9.9275,4.6875],"rotation":{"origin":[1.885,9.9275,4.3125],"axis":"z","angle":-22.5},"faces":{"down":{"uv":[0.5,1,4.5,5],"texture":"#texture"},"up":{"uv":[0.5,0.5,4.5,4.5],"texture":"#texture"},"north":{"uv":[0.5,1,4.5,5],"texture":"#texture"},"south":{"uv":[0.5,1,4.5,5],"texture":"#texture"},"west":{"uv":[1,1,5,5],"texture":"#texture"},"east":{"uv":[0.5,0.5,4.5,4.5],"texture":"#texture"}}},{"__comment":"fingers2","from":[1.75,9.5,3.75],"to":[2.45,10,4.125],"rotation":{"origin":[1.75,10,3.75],"axis":"z","angle":45},"faces":{"down":{"uv":[0.5,1,4.5,5],"texture":"#texture"},"up":{"uv":[0.5,0.5,4.5,4.5],"texture":"#texture"},"north":{"uv":[0.5,1,4.5,5],"texture":"#texture"},"south":{"uv":[0.5,1,4.5,5],"texture":"#texture"},"west":{"uv":[1,1,5,5],"texture":"#texture"},"east":{"uv":[0.5,0.5,4.5,4.5],"texture":"#texture"}}},{"__comment":"fingers2","from":[1.885,9.6775,3.75],"to":[2.385,9.9275,4.125],"rotation":{"origin":[1.885,9.9275,3.75],"axis":"z","angle":-22.5},"faces":{"down":{"uv":[0.5,1,4.5,5],"texture":"#texture"},"up":{"uv":[0.5,0.5,4.5,4.5],"texture":"#texture"},"north":{"uv":[0.5,1,4.5,5],"texture":"#texture"},"south":{"uv":[0.5,1,4.5,5],"texture":"#texture"},"west":{"uv":[1,1,5,5],"texture":"#texture"},"east":{"uv":[0.5,0.5,4.5,4.5],"texture":"#texture"}}},{"__comment":"leg*","from":[6.5,9.5,4.75],"to":[8,10.5,6],"rotation":{"origin":[6.5,9.5,4.75],"axis":"y","angle":-45},"faces":{"down":{"uv":[0.5,1,4.5,5],"texture":"#texture"},"up":{"uv":[0.5,0.5,4.5,4.5],"texture":"#texture"},"north":{"uv":[0.5,1,4.5,5],"texture":"#texture"},"south":{"uv":[0.5,1,4.5,5],"texture":"#texture"},"west":{"uv":[1,1,5,5],"texture":"#texture"},"east":{"uv":[0.5,0.5,4.5,4.5],"texture":"#texture"}}},{"__comment":"leg*","from":[5.625,9.5,10.375],"to":[7.125,10.5,11.625],"rotation":{"origin":[5.625,9.5,10.375],"axis":"y","angle":45},"faces":{"down":{"uv":[0.5,1,4.5,5],"texture":"#texture"},"up":{"uv":[0.5,0.5,4.5,4.5],"texture":"#texture"},"north":{"uv":[0.5,1,4.5,5],"texture":"#texture"},"south":{"uv":[0.5,1,4.5,5],"texture":"#texture"},"west":{"uv":[1,1,5,5],"texture":"#texture"},"east":{"uv":[0.5,0.5,4.5,4.5],"texture":"#texture"}}},{"__comment":"Element","from":[3.5,9.474999,3.8125],"to":[4.125,10.5375,5.375],"rotation":{"origin":[3.5,9.475,3.8125],"axis":"y","angle":-22.5},"faces":{"down":{"uv":[7.25,2.5,10.25,4.5],"texture":"#texture"},"up":{"uv":[6.75,1.25,9,4.25],"texture":"#texture"},"north":{"uv":[7,1.5,10,4.5],"texture":"#texture"},"south":{"uv":[7.25,1,10,3.75],"texture":"#texture"},"west":{"uv":[7,1.5,9.75,4],"texture":"#texture"},"east":{"uv":[6.5,2,9.5,4],"texture":"#texture"}}},{"__comment":"Element","from":[2.875,9.474999,10.75],"to":[3.5,10.5375,12.3125],"rotation":{"origin":[2.875,9.475,10.75],"axis":"y","angle":22.5},"faces":{"down":{"uv":[7.25,2.5,10.25,4.5],"texture":"#texture"},"up":{"uv":[6.75,1.25,9,4.25],"texture":"#texture"},"north":{"uv":[7,1.5,10,4.5],"texture":"#texture"},"south":{"uv":[7.25,1,10,3.75],"texture":"#texture"},"west":{"uv":[7,1.5,9.75,4],"texture":"#texture"},"east":{"uv":[6.5,2,9.5,4],"texture":"#texture"}}},{"__comment":"Element","from":[6.48,12.73,7],"to":[7.98,13.73,9],"rotation":{"origin":[6.48,13.73,7],"axis":"z","angle":22.5},"faces":{"down":{"uv":[7.25,2.5,10.25,4.5],"texture":"#texture"},"up":{"uv":[6.75,1.25,9,4.25],"texture":"#texture"},"north":{"uv":[7,1.5,10,4.5],"texture":"#texture"},"south":{"uv":[7.25,1,10,3.75],"texture":"#texture"},"west":{"uv":[7,1.5,9.75,4],"texture":"#texture"},"east":{"uv":[6.5,2,9.5,4],"texture":"#texture"}}},{"__comment":"Element","from":[6.8125,5.1875,10.125],"to":[8.75,9,11.4375],"rotation":{"origin":[6.8125,5.1875,10.125],"axis":"y","angle":45},"faces":{"down":{"uv":[0.5,1,4.5,5],"texture":"#texture"},"up":{"uv":[0.5,0.5,4.5,4.5],"texture":"#texture"},"north":{"uv":[0.5,1,4.5,5],"texture":"#texture"},"south":{"uv":[0.5,1,4.5,5],"texture":"#texture"},"west":{"uv":[1,1,5,5],"texture":"#texture"},"east":{"uv":[0.5,0.5,4.5,4.5],"texture":"#texture"}}},{"__comment":"Element","from":[8.8125,7.9375,7.25],"to":[13.0625,9.4375,8.75],"rotation":{"origin":[8.8125,9.4375,7.25],"axis":"z","angle":-45},"faces":{"down":{"uv":[7.25,2.5,10.25,4.5],"texture":"#texture"},"up":{"uv":[6.75,1.25,9,4.25],"texture":"#texture"},"north":{"uv":[7,1.5,10,4.5],"texture":"#texture"},"south":{"uv":[7.25,1,10,3.75],"texture":"#texture"},"west":{"uv":[7,1.5,9.75,4],"texture":"#texture"},"east":{"uv":[6.5,2,9.5,4],"texture":"#texture"}}},{"__comment":"leg2*","from":[6.25,7.5,10.5],"to":[8.25,9,12.625],"rotation":{"origin":[6.25,9,10.5],"axis":"x","angle":45},"faces":{"down":{"uv":[0.5,1,4.5,5],"texture":"#texture"},"up":{"uv":[0.5,0.5,4.5,4.5],"texture":"#texture"},"north":{"uv":[0.5,1,4.5,5],"texture":"#texture"},"south":{"uv":[0.5,1,4.5,5],"texture":"#texture"},"west":{"uv":[1,1,5,5],"texture":"#texture"},"east":{"uv":[0.5,0.5,4.5,4.5],"texture":"#texture"}}},{"__comment":"HEAD","from":[3,14.75,6.5],"to":[4.41,16.25,7.91],"rotation":{"origin":[3,14.75,6.5],"axis":"y","angle":-45},"faces":{"down":{"uv":[0.75,1.5,4.25,4.5],"texture":"#texture"},"up":{"uv":[2,1.5,4.75,5],"texture":"#texture"},"north":{"uv":[0.5,1.5,3.25,4.75],"texture":"#texture"},"south":{"uv":[1,1.5,4,4.25],"texture":"#texture"},"west":{"uv":[1.75,1.25,4.75,3.5],"texture":"#texture"},"east":{"uv":[2,1.25,4.5,4.25],"texture":"#texture"}}},{"__comment":"HEAD","from":[2,14.75,7.5],"to":[3,16.25,8.5],"faces":{"down":{"uv":[0.75,1.5,4.25,4.5],"texture":"#texture"},"up":{"uv":[2,1.5,4.75,5],"texture":"#texture"},"north":{"uv":[0.5,1.5,3.25,4.75],"texture":"#texture"},"south":{"uv":[1,1.5,4,4.25],"texture":"#texture"},"west":{"uv":[1.75,1.25,4.75,3.5],"texture":"#texture"},"east":{"uv":[2,1.25,4.5,4.25],"texture":"#texture"}}},{"__comment":"HEAD","from":[3.625,13.3125,6.5],"to":[4.625,14.3125,9.5],"rotation":{"origin":[3.625,14.3125,6.5],"axis":"z","angle":45},"faces":{"down":{"uv":[0.75,1.5,4.25,4.5],"texture":"#texture"},"up":{"uv":[2,1.5,4.75,5],"texture":"#texture"},"north":{"uv":[0.5,1.5,3.25,4.75],"texture":"#texture"},"south":{"uv":[1,1.5,4,4.25],"texture":"#texture"},"west":{"uv":[1.75,1.25,4.75,3.5],"texture":"#texture"},"east":{"uv":[2,1.25,4.5,4.25],"texture":"#texture"}}},{"__comment":"HEAD","from":[2,14.75,8.5],"to":[3.41,16.25,9.91],"rotation":{"origin":[2,14.75,8.5],"axis":"y","angle":45},"faces":{"down":{"uv":[0.75,1.5,4.25,4.5],"texture":"#texture"},"up":{"uv":[2,1.5,4.75,5],"texture":"#texture"},"north":{"uv":[0.5,1.5,3.25,4.75],"texture":"#texture"},"south":{"uv":[1,1.5,4,4.25],"texture":"#texture"},"west":{"uv":[1.75,1.25,4.75,3.5],"texture":"#texture"},"east":{"uv":[2,1.25,4.5,4.25],"texture":"#texture"}}},{"__comment":"HEAD","from":[3.5,14.25,6],"to":[5.5,16.25,10],"faces":{"down":{"uv":[0.75,1.5,4.25,4.5],"texture":"#texture"},"up":{"uv":[2,1.5,4.75,5],"texture":"#texture"},"north":{"uv":[0.5,1.5,3.25,4.75],"texture":"#texture"},"south":{"uv":[1,1.5,4,4.25],"texture":"#texture"},"west":{"uv":[1.75,1.25,4.75,3.5],"texture":"#texture"},"east":{"uv":[2,1.25,4.5,4.25],"texture":"#texture"}}},{"__comment":"HEAD","from":[5.5,14.25,7],"to":[6.5,16.25,9],"faces":{"down":{"uv":[0.75,1.5,4.25,4.5],"texture":"#texture"},"up":{"uv":[2,1.5,4.75,5],"texture":"#texture"},"north":{"uv":[0.5,1.5,3.25,4.75],"texture":"#texture"},"south":{"uv":[1,1.5,4,4.25],"texture":"#texture"},"west":{"uv":[1.75,1.25,4.75,3.5],"texture":"#texture"},"east":{"uv":[2,1.25,4.5,4.25],"texture":"#texture"}}},{"__comment":"HEAD","from":[5.5,14.25,6],"to":[6.91,16.25,7.41],"rotation":{"origin":[5.5,14.25,6],"axis":"y","angle":-45},"faces":{"down":{"uv":[0.75,1.5,4.25,4.5],"texture":"#texture"},"up":{"uv":[2,1.5,4.75,5],"texture":"#texture"},"north":{"uv":[0.5,1.5,3.25,4.75],"texture":"#texture"},"south":{"uv":[1,1.5,4,4.25],"texture":"#texture"},"west":{"uv":[1.75,1.25,4.75,3.5],"texture":"#texture"},"east":{"uv":[2,1.25,4.5,4.25],"texture":"#texture"}}},{"__comment":"HEAD","from":[4.5,14.25,9],"to":[5.91,16.25,10.41],"rotation":{"origin":[4.5,14.25,9],"axis":"y","angle":45},"faces":{"down":{"uv":[0.75,1.5,4.25,4.5],"texture":"#texture"},"up":{"uv":[2,1.5,4.75,5],"texture":"#texture"},"north":{"uv":[0.5,1.5,3.25,4.75],"texture":"#texture"},"south":{"uv":[1,1.5,4,4.25],"texture":"#texture"},"west":{"uv":[1.75,1.25,4.75,3.5],"texture":"#texture"},"east":{"uv":[2,1.25,4.5,4.25],"texture":"#texture"}}},{"__comment":"HEAD","from":[2.5,14.75,7],"to":[3.91,16.25,8.41],"rotation":{"origin":[2.5,14.75,7],"axis":"y","angle":45},"faces":{"down":{"uv":[0.75,1.5,4.25,4.5],"texture":"#texture"},"up":{"uv":[2,1.5,4.75,5],"texture":"#texture"},"north":{"uv":[0.5,1.5,3.25,4.75],"texture":"#texture"},"south":{"uv":[1,1.5,4,4.25],"texture":"#texture"},"west":{"uv":[1.75,1.25,4.75,3.5],"texture":"#texture"},"east":{"uv":[2,1.25,4.5,4.25],"texture":"#texture"}}},{"__comment":"HEAD","from":[2.5,14.75,9],"to":[3.91,16.25,10.41],"rotation":{"origin":[2.5,14.75,9],"axis":"y","angle":45},"faces":{"down":{"uv":[0.75,1.5,4.25,4.5],"texture":"#texture"},"up":{"uv":[2,1.5,4.75,5],"texture":"#texture"},"north":{"uv":[0.5,1.5,3.25,4.75],"texture":"#texture"},"south":{"uv":[1,1.5,4,4.25],"texture":"#texture"},"west":{"uv":[1.75,1.25,4.75,3.5],"texture":"#texture"},"east":{"uv":[2,1.25,4.5,4.25],"texture":"#texture"}}},{"__comment":"HEAD","from":[3.75,14.25,5.75],"to":[4.75,15,10.25],"faces":{"down":{"uv":[0.75,1.5,4.25,4.5],"texture":"#texture"},"up":{"uv":[2,1.5,4.75,5],"texture":"#texture"},"north":{"uv":[0.5,1.5,3.25,4.75],"texture":"#texture"},"south":{"uv":[1,1.5,4,4.25],"texture":"#texture"},"west":{"uv":[1.75,1.25,4.75,3.5],"texture":"#texture"},"east":{"uv":[2,1.25,4.5,4.25],"texture":"#texture"}}},{"__comment":"HEAD","from":[3.75,14.295,5.75],"to":[4.455,15,10.25],"rotation":{"origin":[3.75,15,5.75],"axis":"z","angle":45},"faces":{"down":{"uv":[0.75,1.5,4.25,4.5],"texture":"#texture"},"up":{"uv":[2,1.5,4.75,5],"texture":"#texture"},"north":{"uv":[0.5,1.5,3.25,4.75],"texture":"#texture"},"south":{"uv":[1,1.5,4,4.25],"texture":"#texture"},"west":{"uv":[1.75,1.25,4.75,3.5],"texture":"#texture"},"east":{"uv":[2,1.25,4.5,4.25],"texture":"#texture"}}},{"__comment":"HEAD","from":[3.5,14,6],"to":[4.75,14.25,10],"faces":{"down":{"uv":[0.75,1.5,4.25,4.5],"texture":"#texture"},"up":{"uv":[2,1.5,4.75,5],"texture":"#texture"},"north":{"uv":[0.5,1.5,3.25,4.75],"texture":"#texture"},"south":{"uv":[1,1.5,4,4.25],"texture":"#texture"},"west":{"uv":[1.75,1.25,4.75,3.5],"texture":"#texture"},"east":{"uv":[2,1.25,4.5,4.25],"texture":"#texture"}}},{"__comment":"Element","from":[7.25,10.625,7],"to":[8.25,13.375,9],"faces":{"down":{"uv":[7.25,2.5,10.25,4.5],"texture":"#texture"},"up":{"uv":[6.75,1.25,9,4.25],"texture":"#texture"},"north":{"uv":[7,1.5,10,4.5],"texture":"#texture"},"south":{"uv":[7.25,1,10,3.75],"texture":"#texture"},"west":{"uv":[7,1.5,9.75,4],"texture":"#texture"},"east":{"uv":[6.5,2,9.5,4],"texture":"#texture"}}},{"__comment":"HEAD","from":[2.5,14.75,7],"to":[3.91,16.25,8.41],"rotation":{"origin":[2.5,14.75,7],"axis":"y","angle":45},"faces":{"down":{"uv":[0.75,1.5,4.25,4.5],"texture":"#texture"},"up":{"uv":[2,1.5,4.75,5],"texture":"#texture"},"north":{"uv":[0.5,1.5,3.25,4.75],"texture":"#texture"},"south":{"uv":[1,1.5,4,4.25],"texture":"#texture"},"west":{"uv":[1.75,1.25,4.75,3.5],"texture":"#texture"},"east":{"uv":[2,1.25,4.5,4.25],"texture":"#texture"}}},{"__comment":"HEAD","from":[2.5,14,7.25],"to":[3.91,15,8.66],"rotation":{"origin":[2.5,14,7.25],"axis":"y","angle":45},"faces":{"down":{"uv":[0.75,1.5,4.25,4.5],"texture":"#texture"},"up":{"uv":[2,1.5,4.75,5],"texture":"#texture"},"north":{"uv":[0.5,1.5,3.25,4.75],"texture":"#texture"},"south":{"uv":[1,1.5,4,4.25],"texture":"#texture"},"west":{"uv":[1.75,1.25,4.75,3.5],"texture":"#texture"},"east":{"uv":[2,1.25,4.5,4.25],"texture":"#texture"}}},{"__comment":"HEAD","from":[2.5,14,8.75],"to":[3.91,15,10.16],"rotation":{"origin":[2.5,14,8.75],"axis":"y","angle":45},"faces":{"down":{"uv":[0.75,1.5,4.25,4.5],"texture":"#texture"},"up":{"uv":[2,1.5,4.75,5],"texture":"#texture"},"north":{"uv":[0.5,1.5,3.25,4.75],"texture":"#texture"},"south":{"uv":[1,1.5,4,4.25],"texture":"#texture"},"west":{"uv":[1.75,1.25,4.75,3.5],"texture":"#texture"},"east":{"uv":[2,1.25,4.5,4.25],"texture":"#texture"}}},{"__comment":"HEAD","from":[2.5,14,7.25],"to":[3.75,15,8.75],"faces":{"down":{"uv":[0.75,1.5,4.25,4.5],"texture":"#texture"},"up":{"uv":[2,1.5,4.75,5],"texture":"#texture"},"north":{"uv":[0.5,1.5,3.25,4.75],"texture":"#texture"},"south":{"uv":[1,1.5,4,4.25],"texture":"#texture"},"west":{"uv":[1.75,1.25,4.75,3.5],"texture":"#texture"},"east":{"uv":[2,1.25,4.5,4.25],"texture":"#texture"}}},{"__comment":"HEAD","from":[2,14.045,7.5],"to":[3.25,14.75,8.205],"rotation":{"origin":[2,14.75,7.5],"axis":"x","angle":-45},"faces":{"down":{"uv":[0.75,1.5,4.25,4.5],"texture":"#texture"},"up":{"uv":[2,1.5,4.75,5],"texture":"#texture"},"north":{"uv":[0.5,1.5,3.25,4.75],"texture":"#texture"},"south":{"uv":[1,1.5,4,4.25],"texture":"#texture"},"west":{"uv":[1.75,1.25,4.75,3.5],"texture":"#texture"},"east":{"uv":[2,1.25,4.5,4.25],"texture":"#texture"}}},{"__comment":"HEAD","from":[3.625,13.875,7],"to":[6.375,14.875,9],"rotation":{"origin":[3.625,14.875,7],"axis":"z","angle":-45},"faces":{"down":{"uv":[0.75,1.5,4.25,4.5],"texture":"#texture"},"up":{"uv":[2,1.5,4.75,5],"texture":"#texture"},"north":{"uv":[0.5,1.5,3.25,4.75],"texture":"#texture"},"south":{"uv":[1,1.5,4,4.25],"texture":"#texture"},"west":{"uv":[1.75,1.25,4.75,3.5],"texture":"#texture"},"east":{"uv":[2,1.25,4.5,4.25],"texture":"#texture"}}},{"__comment":"leg*","from":[5.25,12.5,6],"to":[6,13.25,10],"rotation":{"origin":[5.25,13.25,6],"axis":"z","angle":22.5},"faces":{"down":{"uv":[2,7.75,3.25,9.5],"texture":"#texture"},"up":{"uv":[2.5,7.5,3.75,9.25],"texture":"#texture"},"north":{"uv":[2,6.25,3.25,7.5],"texture":"#texture"},"south":{"uv":[2.5,7,3.75,8.25],"texture":"#texture"},"west":{"uv":[1.25,8,3,9.25],"texture":"#texture"},"east":{"uv":[1,7.75,2.75,9],"texture":"#texture"}}},{"__comment":"leg*","from":[5.4375,12.7175,5.625],"to":[5.875,13.155,10.375],"rotation":{"origin":[5.4375,13.155,5.625],"axis":"z","angle":22.5},"faces":{"down":{"uv":[2,7.75,3.25,9.5],"texture":"#texture"},"up":{"uv":[2.5,7.5,3.75,9.25],"texture":"#texture"},"north":{"uv":[2,6.25,3.25,7.5],"texture":"#texture"},"south":{"uv":[2.5,7,3.75,8.25],"texture":"#texture"},"west":{"uv":[1.25,8,3,9.25],"texture":"#texture"},"east":{"uv":[1,7.75,2.75,9],"texture":"#texture"}}},{"__comment":"HEAD","from":[4.3125,13.6875,7],"to":[7.0625,14.6875,9],"rotation":{"origin":[4.3125,14.6875,7],"axis":"z","angle":-45},"faces":{"down":{"uv":[0.75,1.5,4.25,4.5],"texture":"#texture"},"up":{"uv":[2,1.5,4.75,5],"texture":"#texture"},"north":{"uv":[0.5,1.5,3.25,4.75],"texture":"#texture"},"south":{"uv":[1,1.5,4,4.25],"texture":"#texture"},"west":{"uv":[1.75,1.25,4.75,3.5],"texture":"#texture"},"east":{"uv":[2,1.25,4.5,4.25],"texture":"#texture"}}},{"__comment":"Element","from":[10.5625,6.125,7.25],"to":[12.5625,7.125,8.75],"rotation":{"origin":[10.5625,7.125,7.25],"axis":"z","angle":-22.5},"faces":{"down":{"uv":[7.25,2.5,10.25,4.5],"texture":"#texture"},"up":{"uv":[6.75,1.25,9,4.25],"texture":"#texture"},"north":{"uv":[7,1.5,10,4.5],"texture":"#texture"},"south":{"uv":[7.25,1,10,3.75],"texture":"#texture"},"west":{"uv":[7,1.5,9.75,4],"texture":"#texture"},"east":{"uv":[6.5,2,9.5,4],"texture":"#texture"}}},{"__comment":"HEAD","from":[1.995,15,7.5],"to":[2.995,15.25,8.5],"faces":{"down":{"uv":[11.25,10,14.5,12.25],"texture":"#particle"},"up":{"uv":[10.5,9.75,13.25,13.5],"texture":"#particle"},"north":{"uv":[9.5,9,13,12.25],"texture":"#particle"},"south":{"uv":[11,8.75,14,10.5],"texture":"#particle"},"west":{"uv":[1.25,10,8,11.75],"texture":"#particle"},"east":{"uv":[1.25,10,8,11.75],"texture":"#particle"}}},{"__comment":"HEAD","from":[3.245,15.5,6.25],"to":[4.655,16.25,7.66],"rotation":{"origin":[3.245,15.5,6.25],"axis":"y","angle":-45},"faces":{"down":{"uv":[10.5,8.25,14,11.25],"texture":"#particle"},"up":{"uv":[10.5,9.25,13.25,12.75],"texture":"#particle"},"north":{"uv":[11,9.5,13,11.25],"texture":"#particle"},"south":{"uv":[12.75,9.5,14.75,11.75],"texture":"#particle"},"west":{"uv":[15.25,0.25,0.25,7.25],"texture":"#particle"},"east":{"uv":[0.25,0.25,15.25,7.25],"texture":"#particle"}}},{"__comment":"HEAD","from":[2.245,15.5,8.75],"to":[3.655,16.25,10.16],"rotation":{"origin":[2.245,15.5,8.75],"axis":"y","angle":45},"faces":{"down":{"uv":[10.5,8.25,14,11.25],"texture":"#particle"},"up":{"uv":[10.5,9.25,13.25,12.75],"texture":"#particle"},"north":{"uv":[11,9.5,13,11.25],"texture":"#particle"},"south":{"uv":[12.75,9.5,14.75,11.75],"texture":"#particle"},"west":{"uv":[0.25,0.25,15.25,7.25],"texture":"#particle"},"east":{"uv":[15.25,0.25,0.25,7.25],"texture":"#particle"}}},{"__comment":"HEAD*","from":[3.75,13.895,5.75],"to":[5,14.25,6.105],"rotation":{"origin":[3.75,14.25,5.75],"axis":"x","angle":-45},"faces":{"down":{"uv":[0.75,1.5,4.25,4.5],"texture":"#texture"},"up":{"uv":[2,1.5,4.75,5],"texture":"#texture"},"north":{"uv":[0.5,1.5,3.25,4.75],"texture":"#texture"},"south":{"uv":[1,1.5,4,4.25],"texture":"#texture"},"west":{"uv":[1.75,1.25,4.75,3.5],"texture":"#texture"},"east":{"uv":[2,1.25,4.5,4.25],"texture":"#texture"}}},{"__comment":"HEAD*","from":[3.75,14.145,10],"to":[4.75,14.5,10.355],"rotation":{"origin":[3.75,14.5,10],"axis":"x","angle":45},"faces":{"down":{"uv":[0.75,1.5,4.25,4.5],"texture":"#texture"},"up":{"uv":[2,1.5,4.75,5],"texture":"#texture"},"north":{"uv":[0.5,1.5,3.25,4.75],"texture":"#texture"},"south":{"uv":[1,1.5,4,4.25],"texture":"#texture"},"west":{"uv":[1.75,1.25,4.75,3.5],"texture":"#texture"},"east":{"uv":[2,1.25,4.5,4.25],"texture":"#texture"}}},{"__comment":"HEAD*","from":[3.5,16.25,6.25],"to":[5.5,17,9.75],"faces":{"down":{"uv":[7,1.75,9.75,4.5],"texture":"#texture"},"up":{"uv":[6.5,1,9.5,3.5],"texture":"#texture"},"north":{"uv":[6.25,1.25,9,4.5],"texture":"#texture"},"south":{"uv":[6.75,1.25,9.75,4],"texture":"#texture"},"west":{"uv":[7.25,1.5,10.25,3.75],"texture":"#texture"},"east":{"uv":[7,1.25,9.5,4.25],"texture":"#texture"}}},{"__comment":"HEAD*","from":[3.5,17,7],"to":[5.5,17.75,9],"faces":{"down":{"uv":[7,1.75,9.75,4.5],"texture":"#texture"},"up":{"uv":[6.5,1,9.5,3.5],"texture":"#texture"},"north":{"uv":[6.25,1.25,9,4.5],"texture":"#texture"},"south":{"uv":[6.75,1.25,9.75,4],"texture":"#texture"},"west":{"uv":[7.25,1.5,10.25,3.75],"texture":"#texture"},"east":{"uv":[7,1.25,9.5,4.25],"texture":"#texture"}}},{"__comment":"HEAD*","from":[3.5,15.945,6.25],"to":[5.25,17,7.305],"rotation":{"origin":[3.5,17,6.25],"axis":"x","angle":-45},"faces":{"down":{"uv":[7,1.75,9.75,4.5],"texture":"#texture"},"up":{"uv":[6.5,1,9.5,3.5],"texture":"#texture"},"north":{"uv":[6.25,1.25,9,4.5],"texture":"#texture"},"south":{"uv":[6.75,1.25,9.75,4],"texture":"#texture"},"west":{"uv":[7.25,1.5,10.25,3.75],"texture":"#texture"},"east":{"uv":[7,1.25,9.5,4.25],"texture":"#texture"}}},{"__comment":"HEAD*","from":[3.5,16.695,9],"to":[5.5,17.75,10.055],"rotation":{"origin":[3.5,17.75,9],"axis":"x","angle":45},"faces":{"down":{"uv":[7,1.75,9.75,4.5],"texture":"#texture"},"up":{"uv":[6.5,1,9.5,3.5],"texture":"#texture"},"north":{"uv":[6.25,1.25,9,4.5],"texture":"#texture"},"south":{"uv":[6.75,1.25,9.75,4],"texture":"#texture"},"west":{"uv":[7.25,1.5,10.25,3.75],"texture":"#texture"},"east":{"uv":[7,1.25,9.5,4.25],"texture":"#texture"}}},{"__comment":"HEAD*","from":[2.75,15.945,7],"to":[3.805,17,9],"rotation":{"origin":[2.75,17,7],"axis":"z","angle":45},"faces":{"down":{"uv":[7,1.75,9.75,4.5],"texture":"#texture"},"up":{"uv":[6.5,1,9.5,3.5],"texture":"#texture"},"north":{"uv":[6.25,1.25,9,4.5],"texture":"#texture"},"south":{"uv":[6.75,1.25,9.75,4],"texture":"#texture"},"west":{"uv":[7.25,1.5,10.25,3.75],"texture":"#texture"},"east":{"uv":[7,1.25,9.5,4.25],"texture":"#texture"}}},{"__comment":"HEAD*","from":[5.5,16.695,7],"to":[6.555,17.75,9],"rotation":{"origin":[5.5,17.75,7],"axis":"z","angle":-45},"faces":{"down":{"uv":[7,1.75,9.75,4.5],"texture":"#texture"},"up":{"uv":[6.5,1,9.5,3.5],"texture":"#texture"},"north":{"uv":[6.25,1.25,9,4.5],"texture":"#texture"},"south":{"uv":[6.75,1.25,9.75,4],"texture":"#texture"},"west":{"uv":[7.25,1.5,10.25,3.75],"texture":"#texture"},"east":{"uv":[7,1.25,9.5,4.25],"texture":"#texture"}}},{"__comment":"HEAD*","from":[2.75,16.25,7],"to":[6.25,17,9],"faces":{"down":{"uv":[7,1.75,9.75,4.5],"texture":"#texture"},"up":{"uv":[6.5,1,9.5,3.5],"texture":"#texture"},"north":{"uv":[6.25,1.25,9,4.5],"texture":"#texture"},"south":{"uv":[6.75,1.25,9.75,4],"texture":"#texture"},"west":{"uv":[7.25,1.5,10.25,3.75],"texture":"#texture"},"east":{"uv":[7,1.25,9.5,4.25],"texture":"#texture"}}},{"__comment":"HEAD*","from":[2.75,16.25,7],"to":[3.805,17,8.055],"rotation":{"origin":[2.75,16.25,7],"axis":"y","angle":45},"faces":{"down":{"uv":[7,1.75,9.75,4.5],"texture":"#texture"},"up":{"uv":[6.5,1,9.5,3.5],"texture":"#texture"},"north":{"uv":[6.25,1.25,9,4.5],"texture":"#texture"},"south":{"uv":[6.75,1.25,9.75,4],"texture":"#texture"},"west":{"uv":[7.25,1.5,10.25,3.75],"texture":"#texture"},"east":{"uv":[7,1.25,9.5,4.25],"texture":"#texture"}}},{"__comment":"HEAD*","from":[5.5,16.25,6.25],"to":[6.555,17,7.305],"rotation":{"origin":[5.5,16.25,6.25],"axis":"y","angle":-45},"faces":{"down":{"uv":[7,1.75,9.75,4.5],"texture":"#texture"},"up":{"uv":[6.5,1,9.5,3.5],"texture":"#texture"},"north":{"uv":[6.25,1.25,9,4.5],"texture":"#texture"},"south":{"uv":[6.75,1.25,9.75,4],"texture":"#texture"},"west":{"uv":[7.25,1.5,10.25,3.75],"texture":"#texture"},"east":{"uv":[7,1.25,9.5,4.25],"texture":"#texture"}}},{"__comment":"HEAD*","from":[2.75,16.25,9],"to":[3.805,17,10.055],"rotation":{"origin":[2.75,16.25,9],"axis":"y","angle":45},"faces":{"down":{"uv":[7,1.75,9.75,4.5],"texture":"#texture"},"up":{"uv":[6.5,1,9.5,3.5],"texture":"#texture"},"north":{"uv":[6.25,1.25,9,4.5],"texture":"#texture"},"south":{"uv":[6.75,1.25,9.75,4],"texture":"#texture"},"west":{"uv":[7.25,1.5,10.25,3.75],"texture":"#texture"},"east":{"uv":[7,1.25,9.5,4.25],"texture":"#texture"}}},{"__comment":"HEAD*","from":[5.5,16.25,8.25],"to":[6.555,17,9.305],"rotation":{"origin":[5.5,16.25,8.25],"axis":"y","angle":-45},"faces":{"down":{"uv":[7,1.75,9.75,4.5],"texture":"#texture"},"up":{"uv":[6.5,1,9.5,3.5],"texture":"#texture"},"north":{"uv":[6.25,1.25,9,4.5],"texture":"#texture"},"south":{"uv":[6.75,1.25,9.75,4],"texture":"#texture"},"west":{"uv":[7.25,1.5,10.25,3.75],"texture":"#texture"},"east":{"uv":[7,1.25,9.5,4.25],"texture":"#texture"}}},{"__comment":"leg*","from":[5.5,15.25,6.625],"to":[6.75,16,7.375],"rotation":{"origin":[5.5,16,6.625],"axis":"z","angle":22.5},"faces":{"down":{"uv":[2,7.75,3.25,9.5],"texture":"#texture"},"up":{"uv":[2.5,7.5,3.75,9.25],"texture":"#texture"},"north":{"uv":[2,6.25,3.25,7.5],"texture":"#texture"},"south":{"uv":[2.5,7,3.75,8.25],"texture":"#texture"},"west":{"uv":[1.25,8,3,9.25],"texture":"#texture"},"east":{"uv":[1,7.75,2.75,9],"texture":"#texture"}}},{"__comment":"leg*","from":[5.5,15.25,8.625],"to":[6.75,16,9.375],"rotation":{"origin":[5.5,16,8.625],"axis":"z","angle":22.5},"faces":{"down":{"uv":[2,7.75,3.25,9.5],"texture":"#texture"},"up":{"uv":[2.5,7.5,3.75,9.25],"texture":"#texture"},"north":{"uv":[2,6.25,3.25,7.5],"texture":"#texture"},"south":{"uv":[2.5,7,3.75,8.25],"texture":"#texture"},"west":{"uv":[1.25,8,3,9.25],"texture":"#texture"},"east":{"uv":[1,7.75,2.75,9],"texture":"#texture"}}},{"__comment":"leg*","from":[6,15.625,8.75],"to":[7.25,16.125,9.25],"rotation":{"origin":[6,16.125,8.75],"axis":"z","angle":22.5},"faces":{"down":{"uv":[2,7.75,3.25,9.5],"texture":"#texture"},"up":{"uv":[2.5,7.5,3.75,9.25],"texture":"#texture"},"north":{"uv":[2,6.25,3.25,7.5],"texture":"#texture"},"south":{"uv":[2.5,7,3.75,8.25],"texture":"#texture"},"west":{"uv":[1.25,8,3,9.25],"texture":"#texture"},"east":{"uv":[1,7.75,2.75,9],"texture":"#texture"}}},{"__comment":"leg*","from":[6,15.625,6.75],"to":[7.25,16.125,7.25],"rotation":{"origin":[6,16.125,6.75],"axis":"z","angle":22.5},"faces":{"down":{"uv":[2,7.75,3.25,9.5],"texture":"#texture"},"up":{"uv":[2.5,7.5,3.75,9.25],"texture":"#texture"},"north":{"uv":[2,6.25,3.25,7.5],"texture":"#texture"},"south":{"uv":[2.5,7,3.75,8.25],"texture":"#texture"},"west":{"uv":[1.25,8,3,9.25],"texture":"#texture"},"east":{"uv":[1,7.75,2.75,9],"texture":"#texture"}}},{"__comment":"leg*","from":[2.35,15.75,8.625],"to":[2.975,16.75,9.125],"rotation":{"origin":[2.35,16.75,8.625],"axis":"z","angle":22.5},"faces":{"down":{"uv":[2,7.75,3.25,9.5],"texture":"#texture"},"up":{"uv":[2.5,7.5,3.75,9.25],"texture":"#texture"},"north":{"uv":[2,6.25,3.25,7.5],"texture":"#texture"},"south":{"uv":[2.5,7,3.75,8.25],"texture":"#texture"},"west":{"uv":[1.25,8,3,9.25],"texture":"#texture"},"east":{"uv":[1,7.75,2.75,9],"texture":"#texture"}}},{"__comment":"leg*","from":[2.35,15.75,6.875],"to":[2.975,16.75,7.375],"rotation":{"origin":[2.35,16.75,6.875],"axis":"z","angle":22.5},"faces":{"down":{"uv":[2,7.75,3.25,9.5],"texture":"#texture"},"up":{"uv":[2.5,7.5,3.75,9.25],"texture":"#texture"},"north":{"uv":[2,6.25,3.25,7.5],"texture":"#texture"},"south":{"uv":[2.5,7,3.75,8.25],"texture":"#texture"},"west":{"uv":[1.25,8,3,9.25],"texture":"#texture"},"east":{"uv":[1,7.75,2.75,9],"texture":"#texture"}}},{"__comment":"leg*","from":[2.28,16.23,8.75],"to":[2.655,17.23,9],"rotation":{"origin":[2.28,17.23,8.75],"axis":"z","angle":22.5},"faces":{"down":{"uv":[2,7.75,3.25,9.5],"texture":"#texture"},"up":{"uv":[2.5,7.5,3.75,9.25],"texture":"#texture"},"north":{"uv":[2,6.25,3.25,7.5],"texture":"#texture"},"south":{"uv":[2.5,7,3.75,8.25],"texture":"#texture"},"west":{"uv":[1.25,8,3,9.25],"texture":"#texture"},"east":{"uv":[1,7.75,2.75,9],"texture":"#texture"}}},{"__comment":"leg*","from":[2.28,16.23,7],"to":[2.655,17.23,7.25],"rotation":{"origin":[2.28,17.23,7],"axis":"z","angle":22.5},"faces":{"down":{"uv":[2,7.75,3.25,9.5],"texture":"#texture"},"up":{"uv":[2.5,7.5,3.75,9.25],"texture":"#texture"},"north":{"uv":[2,6.25,3.25,7.5],"texture":"#texture"},"south":{"uv":[2.5,7,3.75,8.25],"texture":"#texture"},"west":{"uv":[1.25,8,3,9.25],"texture":"#texture"},"east":{"uv":[1,7.75,2.75,9],"texture":"#texture"}}},{"__comment":"leg*","from":[4.625,15.875,5.25],"to":[5.75,16.875,6.75],"rotation":{"origin":[4.625,16.875,5.25],"axis":"x","angle":22.5},"faces":{"down":{"uv":[2,7.75,3.25,9.5],"texture":"#texture"},"up":{"uv":[2.5,7.5,3.75,9.25],"texture":"#texture"},"north":{"uv":[2,6.25,3.25,7.5],"texture":"#texture"},"south":{"uv":[2.5,7,3.75,8.25],"texture":"#texture"},"west":{"uv":[1.25,8,3,9.25],"texture":"#texture"},"east":{"uv":[1,7.75,2.75,9],"texture":"#texture"}}},{"__comment":"leg*","from":[4.875,16.4375,4.25],"to":[5.5,17.1875,6.25],"rotation":{"origin":[4.875,17.1875,4.25],"axis":"x","angle":22.5},"faces":{"down":{"uv":[2,7.75,3.25,9.5],"texture":"#texture"},"up":{"uv":[2.5,7.5,3.75,9.25],"texture":"#texture"},"north":{"uv":[2,6.25,3.25,7.5],"texture":"#texture"},"south":{"uv":[2.5,7,3.75,8.25],"texture":"#texture"},"west":{"uv":[1.25,8,3,9.25],"texture":"#texture"},"east":{"uv":[1,7.75,2.75,9],"texture":"#texture"}}},{"__comment":"leg*","from":[4.625,15.325,9.375],"to":[5.75,16.325,10.875],"rotation":{"origin":[4.625,16.325,9.375],"axis":"x","angle":-22.5},"faces":{"down":{"uv":[2,7.75,3.25,9.5],"texture":"#texture"},"up":{"uv":[2.5,7.5,3.75,9.25],"texture":"#texture"},"north":{"uv":[2,6.25,3.25,7.5],"texture":"#texture"},"south":{"uv":[2.5,7,3.75,8.25],"texture":"#texture"},"west":{"uv":[1.25,8,3,9.25],"texture":"#texture"},"east":{"uv":[1,7.75,2.75,9],"texture":"#texture"}}},{"__comment":"leg*","from":[4.875,15.7,9.875],"to":[5.5,16.45,11.875],"rotation":{"origin":[4.875,16.45,9.875],"axis":"x","angle":-22.5},"faces":{"down":{"uv":[2,7.75,3.25,9.5],"texture":"#texture"},"up":{"uv":[2.5,7.5,3.75,9.25],"texture":"#texture"},"north":{"uv":[2,6.25,3.25,7.5],"texture":"#texture"},"south":{"uv":[2.5,7,3.75,8.25],"texture":"#texture"},"west":{"uv":[1.25,8,3,9.25],"texture":"#texture"},"east":{"uv":[1,7.75,2.75,9],"texture":"#texture"}}},{"__comment":"HEAD*","from":[2.885,13.915,7.25],"to":[4.135,14.915,8.75],"rotation":{"origin":[2.885,14.915,7.25],"axis":"z","angle":-22.5},"faces":{"down":{"uv":[0.75,1.5,4.25,4.5],"texture":"#texture"},"up":{"uv":[2,1.5,4.75,5],"texture":"#texture"},"north":{"uv":[0.5,1.5,3.25,4.75],"texture":"#texture"},"south":{"uv":[1,1.5,4,4.25],"texture":"#texture"},"west":{"uv":[1.75,1.25,4.75,3.5],"texture":"#texture"},"east":{"uv":[2,1.25,4.5,4.25],"texture":"#texture"}}}],"display":{"thirdperson_righthand":{"scale":[0.0001,0.0001,0.0001]},"thirdperson_lefthand":{"scale":[0.0001,0.0001,0.0001]},"firstperson_righthand":{"scale":[0.0001,0.0001,0.0001]},"firstperson_lefthand":{"scale":[0.0001,0.0001,0.0001]},"gui":{"rotation":[30,45,0],"translation":[0,0.25,0],"scale":[0.9,0.9,0.9]},"head":{"rotation":[0,-90,0],"translation":[0,-11,0],"scale":[4,4,4]},"ground":{"scale":[0.0001,0.0001,0.0001]},"fixed":{"scale":[0.0001,0.0001,0.0001]}}}