{"credit":"Designed by Icelio using Blockbench","textures":{"0":"pokemon_skins/regular/vespiquen/vespiquen","1":"pokemon_skins/regular/vespiquen/wing1","2":"pokemon_skins/regular/vespiquen/wing2"},"elements":[{"from":[7.45,1.2,6.6],"to":[8.65,4.8,9.4],"faces":{"north":{"uv":[0.5,0.5,1.5,1.5],"texture":"#0"},"east":{"uv":[0.5,0.5,1.5,1.5],"texture":"#0"},"south":{"uv":[0.5,0.5,1.5,1.5],"texture":"#0"},"west":{"uv":[0.5,0.5,1.5,1.5],"texture":"#0"},"up":{"uv":[0.5,0.5,1.5,1.5],"texture":"#0"},"down":{"uv":[0.5,0.5,1.5,1.5],"texture":"#0"}}},{"from":[6.65,1.2,7.4],"to":[9.45,4.8,8.6],"rotation":{"angle":-45,"axis":"y","origin":[8.05,3,8]},"faces":{"north":{"uv":[0.5,0.5,1.5,1.5],"texture":"#0"},"east":{"uv":[0.5,0.5,1.5,1.5],"texture":"#0"},"south":{"uv":[0.5,0.5,1.5,1.5],"texture":"#0"},"west":{"uv":[0.5,0.5,1.5,1.5],"texture":"#0"},"up":{"uv":[0.5,0.5,1.5,1.5],"texture":"#0"},"down":{"uv":[0.5,0.5,1.5,1.5],"texture":"#0"}}},{"from":[6.65,1.2,7.4],"to":[9.45,4.8,8.6],"rotation":{"angle":45,"axis":"y","origin":[8.05,3,8]},"faces":{"north":{"uv":[0.5,0.5,1.5,1.5],"texture":"#0"},"east":{"uv":[0.5,0.5,1.5,1.5],"texture":"#0"},"south":{"uv":[0.5,0.5,1.5,1.5],"texture":"#0"},"west":{"uv":[0.5,0.5,1.5,1.5],"texture":"#0"},"up":{"uv":[0.5,0.5,1.5,1.5],"texture":"#0"},"down":{"uv":[0.5,0.5,1.5,1.5],"texture":"#0"}}},{"from":[7.9,0.02,7.4],"to":[9.03,2.17,8.6],"rotation":{"angle":-45,"axis":"z","origin":[8.7,2.12,8]},"faces":{"north":{"uv":[0.5,0.5,1.5,1.5],"texture":"#0"},"east":{"uv":[0.5,0.5,1.5,1.5],"texture":"#0"},"south":{"uv":[0.5,0.5,1.5,1.5],"texture":"#0"},"west":{"uv":[0.5,0.5,1.5,1.5],"texture":"#0"},"up":{"uv":[0.5,0.5,1.5,1.5],"texture":"#0"},"down":{"uv":[0.5,0.5,1.5,1.5],"texture":"#0"}}},{"from":[6.8,0.67,7.4],"to":[7.93,2.82,8.6],"rotation":{"angle":45,"axis":"z","origin":[8.05,2.77,8]},"faces":{"north":{"uv":[0.5,0.5,1.5,1.5],"texture":"#0"},"east":{"uv":[0.5,0.5,1.5,1.5],"texture":"#0"},"south":{"uv":[0.5,0.5,1.5,1.5],"texture":"#0"},"west":{"uv":[0.5,0.5,1.5,1.5],"texture":"#0"},"up":{"uv":[0.5,0.5,1.5,1.5],"texture":"#0"},"down":{"uv":[0.5,0.5,1.5,1.5],"texture":"#0"}}},{"from":[7.45,-0.18,7.187],"to":[8.65,2.62,8.317],"rotation":{"angle":-45,"axis":"x","origin":[8.05,1.82,7.187]},"faces":{"north":{"uv":[0.5,0.5,1.5,1.5],"texture":"#0"},"east":{"uv":[0.5,0.5,1.5,1.5],"texture":"#0"},"south":{"uv":[0.5,0.5,1.5,1.5],"texture":"#0"},"west":{"uv":[0.5,0.5,1.5,1.5],"texture":"#0"},"up":{"uv":[0.5,0.5,1.5,1.5],"texture":"#0"},"down":{"uv":[0.5,0.5,1.5,1.5],"texture":"#0"}}},{"from":[7.45,0.58,8],"to":[8.65,3.38,9.13],"rotation":{"angle":45,"axis":"x","origin":[8.05,2.58,8.04]},"faces":{"north":{"uv":[0.5,0.5,1.5,1.5],"texture":"#0"},"east":{"uv":[0.5,0.5,1.5,1.5],"texture":"#0"},"south":{"uv":[0.5,0.5,1.5,1.5],"texture":"#0"},"west":{"uv":[0.5,0.5,1.5,1.5],"texture":"#0"},"up":{"uv":[0.5,0.5,1.5,1.5],"texture":"#0"},"down":{"uv":[0.5,0.5,1.5,1.5],"texture":"#0"}}},{"from":[7.45,0.4,7.4],"to":[8.65,4.8,8.6],"faces":{"north":{"uv":[0.5,0.5,1.5,1.5],"texture":"#0"},"east":{"uv":[0.5,0.5,1.5,1.5],"texture":"#0"},"south":{"uv":[0.5,0.5,1.5,1.5],"texture":"#0"},"west":{"uv":[0.5,0.5,1.5,1.5],"texture":"#0"},"up":{"uv":[0.5,0.5,1.5,1.5],"texture":"#0"},"down":{"uv":[0.5,0.5,1.5,1.5],"texture":"#0"}}},{"from":[6.65,1.2,7.4],"to":[9.45,4.8,8.6],"faces":{"north":{"uv":[0.5,0.5,1.5,1.5],"texture":"#0"},"east":{"uv":[0.5,0.5,1.5,1.5],"texture":"#0"},"south":{"uv":[0.5,0.5,1.5,1.5],"texture":"#0"},"west":{"uv":[0.5,0.5,1.5,1.5],"texture":"#0"},"up":{"uv":[0.5,0.5,1.5,1.5],"texture":"#0"},"down":{"uv":[0.5,0.5,1.5,1.5],"texture":"#0"}}},{"from":[6.35,2.8,6.1],"to":[9.75,4.8,9.9],"faces":{"north":{"uv":[0.5,0.5,1.5,1.5],"texture":"#0"},"east":{"uv":[0.5,0.5,1.5,1.5],"texture":"#0"},"south":{"uv":[0.5,0.5,1.5,1.5],"texture":"#0"},"west":{"uv":[0.5,0.5,1.5,1.5],"texture":"#0"},"up":{"uv":[0.5,0.5,1.5,1.5],"texture":"#0"},"down":{"uv":[0.5,0.5,1.5,1.5],"texture":"#0"}}},{"from":[9.65,0,6.8],"to":[9.85,2.7,9.2],"faces":{"north":{"uv":[0.5,0.5,1.5,1.5],"texture":"#0"},"east":{"uv":[4.5,2.5,5.5,3.5],"texture":"#0"},"south":{"uv":[0.5,0.5,1.5,1.5],"texture":"#0"},"west":{"uv":[4.5,2.5,5.5,3.5],"texture":"#0"},"up":{"uv":[0.5,0.5,1.5,1.5],"texture":"#0"},"down":{"uv":[0.5,6.5,1.5,7.5],"texture":"#0"}}},{"from":[11.04,0,9.46],"to":[13.04,2.7,9.66],"rotation":{"angle":22.5,"axis":"y","origin":[12.04,1,8.66]},"faces":{"north":{"uv":[4.5,0.5,5.5,1.5],"texture":"#0"},"east":{"uv":[0.5,0.5,1.5,1.5],"texture":"#0"},"south":{"uv":[0.5,4.5,1.5,5.5],"texture":"#0"},"west":{"uv":[0.5,0.5,1.5,1.5],"texture":"#0"},"up":{"uv":[0.5,0.5,1.5,1.5],"texture":"#0"},"down":{"uv":[0.5,6.5,1.5,7.5],"texture":"#0"}}},{"from":[11.04,0,6.34],"to":[13.04,2.7,6.54],"rotation":{"angle":-22.5,"axis":"y","origin":[12.04,1,7.34]},"faces":{"north":{"uv":[0.5,2.5,1.5,3.5],"texture":"#0"},"east":{"uv":[0.5,0.5,1.5,1.5],"texture":"#0"},"south":{"uv":[4.5,4.5,5.5,5.5],"texture":"#0"},"west":{"uv":[0.5,0.5,1.5,1.5],"texture":"#0"},"up":{"uv":[0.5,0.5,1.5,1.5],"texture":"#0"},"down":{"uv":[0.5,6.5,1.5,7.5],"texture":"#0"}}},{"from":[13.15,0,6.8],"to":[13.35,2.7,9.2],"faces":{"north":{"uv":[0.5,0.5,1.5,1.5],"texture":"#0"},"east":{"uv":[0.5,0.5,1.5,1.5],"texture":"#0"},"south":{"uv":[0.5,0.5,1.5,1.5],"texture":"#0"},"west":{"uv":[4.5,2.5,5.5,3.5],"texture":"#0"},"up":{"uv":[0.5,0.5,1.5,1.5],"texture":"#0"},"down":{"uv":[0.5,6.5,1.5,7.5],"texture":"#0"}}},{"from":[4.9,3.4,4.6],"to":[6.7,5.195,11.4],"faces":{"north":{"uv":[2.5,0.5,3.5,1.5],"texture":"#0"},"east":{"uv":[2.5,0.5,3.5,1.5],"texture":"#0"},"south":{"uv":[2.5,0.5,3.5,1.5],"texture":"#0"},"west":{"uv":[2.5,3.5,3.5,4.5],"texture":"#0","rotation":90},"up":{"uv":[2.5,0.5,3.5,1.5],"texture":"#0"},"down":{"uv":[2.5,0.5,3.5,1.5],"texture":"#0"}}},{"from":[9.3,3.4,4.6],"to":[11.1,5.195,11.4],"faces":{"north":{"uv":[2.5,0.5,3.5,1.5],"texture":"#0"},"east":{"uv":[2.5,3.5,3.5,4.5],"texture":"#0","rotation":270},"south":{"uv":[2.5,0.5,3.5,1.5],"texture":"#0"},"west":{"uv":[2.5,0.5,3.5,1.5],"texture":"#0"},"up":{"uv":[2.5,0.5,3.5,1.5],"texture":"#0"},"down":{"uv":[2.5,0.5,3.5,1.5],"texture":"#0"}}},{"from":[8.5,4.7,7.3],"to":[10.01,7.2,8.7],"rotation":{"angle":-22.5,"axis":"z","origin":[9.85,6,7.9]},"faces":{"north":{"uv":[2.5,0.5,3.5,1.5],"texture":"#0"},"east":{"uv":[2.5,0.5,3.5,1.5],"texture":"#0"},"south":{"uv":[2.5,0.5,3.5,1.5],"texture":"#0"},"west":{"uv":[2.5,0.5,3.5,1.5],"texture":"#0"},"up":{"uv":[2.5,0.5,3.5,1.5],"texture":"#0"},"down":{"uv":[2.5,0.5,3.5,1.5],"texture":"#0"}}},{"from":[5.87,5.31,7.3],"to":[7.38,7.81,8.7],"rotation":{"angle":22.5,"axis":"z","origin":[7.62,6.61,7.9]},"faces":{"north":{"uv":[2.5,0.5,3.5,1.5],"texture":"#0"},"east":{"uv":[2.5,0.5,3.5,1.5],"texture":"#0"},"south":{"uv":[2.5,0.5,3.5,1.5],"texture":"#0"},"west":{"uv":[2.5,0.5,3.5,1.5],"texture":"#0"},"up":{"uv":[2.5,0.5,3.5,1.5],"texture":"#0"},"down":{"uv":[2.5,0.5,3.5,1.5],"texture":"#0"}}},{"from":[8.59,7.05,6.6],"to":[9.82,7.125,7.9],"rotation":{"angle":-45,"axis":"y","origin":[8.755,7.3375,7.2]},"faces":{"north":{"uv":[2.5,0.5,3.5,1.5],"texture":"#0"},"east":{"uv":[2.5,0.5,3.5,1.5],"texture":"#0"},"south":{"uv":[2.5,0.5,3.5,1.5],"texture":"#0"},"west":{"uv":[2.5,0.5,3.5,1.5],"texture":"#0"},"up":{"uv":[2.5,0.5,3.5,1.5],"texture":"#0"},"down":{"uv":[2.5,0.5,3.5,1.5],"texture":"#0"}}},{"from":[6.49,7.05,7.5],"to":[7.72,7.125,8.8],"rotation":{"angle":-45,"axis":"y","origin":[6.655,7.3375,8.1]},"faces":{"north":{"uv":[2.5,0.5,3.5,1.5],"texture":"#0"},"east":{"uv":[2.5,0.5,3.5,1.5],"texture":"#0"},"south":{"uv":[2.5,0.5,3.5,1.5],"texture":"#0"},"west":{"uv":[2.5,0.5,3.5,1.5],"texture":"#0"},"up":{"uv":[2.5,0.5,3.5,1.5],"texture":"#0"},"down":{"uv":[2.5,0.5,3.5,1.5],"texture":"#0"}}},{"from":[8.54,7.05,8.15],"to":[9.72,7.125,9.45],"rotation":{"angle":45,"axis":"y","origin":[8.705,7.3375,8.75]},"faces":{"north":{"uv":[2.5,0.5,3.5,1.5],"texture":"#0"},"east":{"uv":[2.5,0.5,3.5,1.5],"texture":"#0"},"south":{"uv":[2.5,0.5,3.5,1.5],"texture":"#0"},"west":{"uv":[2.5,0.5,3.5,1.5],"texture":"#0"},"up":{"uv":[2.5,0.5,3.5,1.5],"texture":"#0"},"down":{"uv":[2.5,0.5,3.5,1.5],"texture":"#0"}}},{"from":[6.44,7.05,7.2],"to":[7.62,7.125,8.5],"rotation":{"angle":45,"axis":"y","origin":[6.605,7.3375,7.8]},"faces":{"north":{"uv":[2.5,0.5,3.5,1.5],"texture":"#0"},"east":{"uv":[2.5,0.5,3.5,1.5],"texture":"#0"},"south":{"uv":[2.5,0.5,3.5,1.5],"texture":"#0"},"west":{"uv":[2.5,0.5,3.5,1.5],"texture":"#0"},"up":{"uv":[2.5,0.5,3.5,1.5],"texture":"#0"},"down":{"uv":[2.5,0.5,3.5,1.5],"texture":"#0"}}},{"from":[7.6,7.6,7.6],"to":[8.43,8.5,8.4],"faces":{"north":{"uv":[2.5,0.5,3.5,1.5],"texture":"#0"},"east":{"uv":[2.5,0.5,3.5,1.5],"texture":"#0"},"south":{"uv":[2.5,0.5,3.5,1.5],"texture":"#0"},"west":{"uv":[2.5,0.5,3.5,1.5],"texture":"#0"},"up":{"uv":[2.5,0.5,3.5,1.5],"texture":"#0"},"down":{"uv":[2.5,0.5,3.5,1.5],"texture":"#0"}}},{"from":[6.94,7.05,7.3],"to":[9.07,7.625,8.7],"faces":{"north":{"uv":[2.5,0.5,3.5,1.5],"texture":"#0"},"east":{"uv":[2.5,0.5,3.5,1.5],"texture":"#0"},"south":{"uv":[2.5,0.5,3.5,1.5],"texture":"#0"},"west":{"uv":[2.5,0.5,3.5,1.5],"texture":"#0"},"up":{"uv":[2.5,0.5,3.5,1.5],"texture":"#0"},"down":{"uv":[2.5,0.5,3.5,1.5],"texture":"#0"}}},{"from":[5.55,4.55,6.8],"to":[10.46,7.05,9.2],"rotation":{"angle":0,"axis":"x","origin":[7.3,5.85,7.9]},"faces":{"north":{"uv":[0.5,0.5,1.5,1.5],"texture":"#0"},"east":{"uv":[0.5,0.5,1.5,1.5],"texture":"#0"},"south":{"uv":[0.5,0.5,1.5,1.5],"texture":"#0"},"west":{"uv":[0.5,0.5,1.5,1.5],"texture":"#0"},"up":{"uv":[0.5,0.5,1.5,1.5],"texture":"#0"},"down":{"uv":[0.5,0.5,1.5,1.5],"texture":"#0"}}},{"from":[6.9,4.44,6.925],"to":[9.1,6.94,7.925],"rotation":{"angle":-22.5,"axis":"x","origin":[7.3,5.8,6.4]},"faces":{"north":{"uv":[2.5,0.5,3.5,1.5],"texture":"#0"},"east":{"uv":[2.5,0.5,3.5,1.5],"texture":"#0"},"south":{"uv":[2.5,0.5,3.5,1.5],"texture":"#0"},"west":{"uv":[2.5,0.5,3.5,1.5],"texture":"#0"},"up":{"uv":[2.5,0.5,3.5,1.5],"texture":"#0"},"down":{"uv":[2.5,0.5,3.5,1.5],"texture":"#0"}}},{"from":[6.9,5.27,8.14],"to":[9.1,7.77,9.24],"rotation":{"angle":22.5,"axis":"x","origin":[7.3,6.62,7.59]},"faces":{"north":{"uv":[2.5,0.5,3.5,1.5],"texture":"#0"},"east":{"uv":[2.5,0.5,3.5,1.5],"texture":"#0"},"south":{"uv":[2.5,0.5,3.5,1.5],"texture":"#0"},"west":{"uv":[2.5,0.5,3.5,1.5],"texture":"#0"},"up":{"uv":[2.5,0.5,3.5,1.5],"texture":"#0"},"down":{"uv":[2.5,0.5,3.5,1.5],"texture":"#0"}}},{"from":[5.9,4.55,6.45],"to":[10.1,7.05,9.55],"rotation":{"angle":0,"axis":"x","origin":[7.3,5.9,7.9]},"faces":{"north":{"uv":[0.5,0.5,1.5,1.5],"texture":"#0"},"east":{"uv":[0.5,0.5,1.5,1.5],"texture":"#0"},"south":{"uv":[0.5,0.5,1.5,1.5],"texture":"#0"},"west":{"uv":[0.5,0.5,1.5,1.5],"texture":"#0"},"up":{"uv":[0.5,0.5,1.5,1.5],"texture":"#0"},"down":{"uv":[0.5,0.5,1.5,1.5],"texture":"#0"}}},{"from":[4.6,2.7,3.925],"to":[6.3,3.5,12.07],"faces":{"north":{"uv":[2.5,0.5,3.5,1.5],"texture":"#0"},"east":{"uv":[2.5,0.5,3.5,1.5],"texture":"#0"},"south":{"uv":[2.5,0.5,3.5,1.5],"texture":"#0"},"west":{"uv":[2.5,3.5,3.5,4.5],"texture":"#0","rotation":90},"up":{"uv":[2.5,0.5,3.5,1.5],"texture":"#0"},"down":{"uv":[4.5,4.5,5.5,5.5],"texture":"#0"}}},{"from":[9.7,2.7,3.935],"to":[11.4,3.5,12.065],"faces":{"north":{"uv":[2.5,0.5,3.5,1.5],"texture":"#0"},"east":{"uv":[2.5,3.5,3.5,4.5],"texture":"#0","rotation":270},"south":{"uv":[2.5,0.5,3.5,1.5],"texture":"#0"},"west":{"uv":[2.5,0.5,3.5,1.5],"texture":"#0"},"up":{"uv":[2.5,0.5,3.5,1.5],"texture":"#0"},"down":{"uv":[4.5,4.5,5.5,5.5],"texture":"#0"}}},{"from":[4.4,0,3.8],"to":[4.6,2.7,6.2],"faces":{"north":{"uv":[0.5,0.5,1.5,1.5],"texture":"#0"},"east":{"uv":[4.5,2.5,5.5,3.5],"texture":"#0"},"south":{"uv":[0.5,0.5,1.5,1.5],"texture":"#0"},"west":{"uv":[0.5,4.5,1.5,5.5],"texture":"#0"},"up":{"uv":[0.5,0.5,1.5,1.5],"texture":"#0"},"down":{"uv":[0.5,6.5,1.5,7.5],"texture":"#0"}}},{"from":[4.706,0,6.46],"to":[6.706,2.7,6.66],"rotation":{"angle":-22.5,"axis":"y","origin":[5.706,1,5.66]},"faces":{"north":{"uv":[4.5,0.5,5.5,1.5],"texture":"#0"},"east":{"uv":[0.5,0.5,1.5,1.5],"texture":"#0"},"south":{"uv":[4.5,4.5,5.5,5.5],"texture":"#0"},"west":{"uv":[0.5,0.5,1.5,1.5],"texture":"#0"},"up":{"uv":[0.5,0.5,1.5,1.5],"texture":"#0"},"down":{"uv":[0.5,6.5,1.5,7.5],"texture":"#0"}}},{"from":[5.79,0,6.46],"to":[7.79,2.7,6.66],"rotation":{"angle":22.5,"axis":"y","origin":[6.79,1,5.66]},"faces":{"north":{"uv":[4.5,0.5,5.5,1.5],"texture":"#0"},"east":{"uv":[0.5,0.5,1.5,1.5],"texture":"#0"},"south":{"uv":[4.5,4.5,5.5,5.5],"texture":"#0"},"west":{"uv":[0.5,0.5,1.5,1.5],"texture":"#0"},"up":{"uv":[0.5,0.5,1.5,1.5],"texture":"#0"},"down":{"uv":[0.5,6.5,1.5,7.5],"texture":"#0"}}},{"from":[5.78,0,3.34],"to":[7.78,2.7,3.54],"rotation":{"angle":-22.5,"axis":"y","origin":[6.79,1,4.34]},"faces":{"north":{"uv":[0.5,2.5,1.5,3.5],"texture":"#0"},"east":{"uv":[0.5,0.5,1.5,1.5],"texture":"#0"},"south":{"uv":[4.5,4.5,5.5,5.5],"texture":"#0"},"west":{"uv":[0.5,0.5,1.5,1.5],"texture":"#0"},"up":{"uv":[0.5,0.5,1.5,1.5],"texture":"#0"},"down":{"uv":[0.5,6.5,1.5,7.5],"texture":"#0"}}},{"from":[7.9,0,3.8],"to":[8.1,2.7,6.2],"faces":{"north":{"uv":[0.5,0.5,1.5,1.5],"texture":"#0"},"east":{"uv":[4.5,2.5,5.5,3.5],"texture":"#0"},"south":{"uv":[0.5,0.5,1.5,1.5],"texture":"#0"},"west":{"uv":[4.5,2.5,5.5,3.5],"texture":"#0"},"up":{"uv":[0.5,0.5,1.5,1.5],"texture":"#0"},"down":{"uv":[0.5,6.5,1.5,7.5],"texture":"#0"}}},{"from":[8.206,0,6.46],"to":[10.206,2.7,6.66],"rotation":{"angle":-22.5,"axis":"y","origin":[9.206,1,5.66]},"faces":{"north":{"uv":[4.5,0.5,5.5,1.5],"texture":"#0"},"east":{"uv":[0.5,0.5,1.5,1.5],"texture":"#0"},"south":{"uv":[4.5,4.5,5.5,5.5],"texture":"#0"},"west":{"uv":[0.5,0.5,1.5,1.5],"texture":"#0"},"up":{"uv":[0.5,0.5,1.5,1.5],"texture":"#0"},"down":{"uv":[0.5,6.5,1.5,7.5],"texture":"#0"}}},{"from":[9.29,0,6.46],"to":[11.29,2.7,6.66],"rotation":{"angle":22.5,"axis":"y","origin":[10.29,1,5.66]},"faces":{"north":{"uv":[4.5,0.5,5.5,1.5],"texture":"#0"},"east":{"uv":[0.5,0.5,1.5,1.5],"texture":"#0"},"south":{"uv":[4.5,4.5,5.5,5.5],"texture":"#0"},"west":{"uv":[0.5,0.5,1.5,1.5],"texture":"#0"},"up":{"uv":[0.5,0.5,1.5,1.5],"texture":"#0"},"down":{"uv":[0.5,6.5,1.5,7.5],"texture":"#0"}}},{"from":[9.29,0,3.34],"to":[11.29,2.7,3.54],"rotation":{"angle":-22.5,"axis":"y","origin":[10.29,1,4.34]},"faces":{"north":{"uv":[0.5,0.5,1.5,1.5],"texture":"#0"},"east":{"uv":[0.5,0.5,1.5,1.5],"texture":"#0"},"south":{"uv":[4.5,4.5,5.5,5.5],"texture":"#0"},"west":{"uv":[0.5,0.5,1.5,1.5],"texture":"#0"},"up":{"uv":[0.5,0.5,1.5,1.5],"texture":"#0"},"down":{"uv":[0.5,6.5,1.5,7.5],"texture":"#0"}}},{"from":[8.205,0,3.34],"to":[10.205,2.7,3.54],"rotation":{"angle":22.5,"axis":"y","origin":[9.205,1,4.34]},"faces":{"north":{"uv":[0.5,2.5,1.5,3.5],"texture":"#0"},"east":{"uv":[0.5,0.5,1.5,1.5],"texture":"#0"},"south":{"uv":[4.5,4.5,5.5,5.5],"texture":"#0"},"west":{"uv":[0.5,0.5,1.5,1.5],"texture":"#0"},"up":{"uv":[0.5,0.5,1.5,1.5],"texture":"#0"},"down":{"uv":[0.5,6.5,1.5,7.5],"texture":"#0"}}},{"from":[11.4,0,3.8],"to":[11.6,2.7,6.2],"faces":{"north":{"uv":[0.5,0.5,1.5,1.5],"texture":"#0"},"east":{"uv":[0.5,4.5,1.5,5.5],"texture":"#0"},"south":{"uv":[0.5,0.5,1.5,1.5],"texture":"#0"},"west":{"uv":[4.5,2.5,5.5,3.5],"texture":"#0"},"up":{"uv":[0.5,0.5,1.5,1.5],"texture":"#0"},"down":{"uv":[0.5,6.5,1.5,7.5],"texture":"#0"}}},{"from":[4.03,3.315,6.8],"to":[6.23,5.94,9.2],"rotation":{"angle":-45,"axis":"z","origin":[6.13,4.665,8]},"faces":{"north":{"uv":[0.5,0.5,1.5,1.5],"texture":"#0"},"east":{"uv":[0.5,0.5,1.5,1.5],"texture":"#0"},"south":{"uv":[0.5,0.5,1.5,1.5],"texture":"#0"},"west":{"uv":[0.5,0.5,1.5,1.5],"texture":"#0"},"up":{"uv":[0.5,0.5,1.5,1.5],"texture":"#0"},"down":{"uv":[0.5,0.5,1.5,1.5],"texture":"#0"}}},{"from":[9.19,4.73,6.8],"to":[11.39,7.35,9.2],"rotation":{"angle":45,"axis":"z","origin":[11.29,6.08,8]},"faces":{"north":{"uv":[0.5,0.5,1.5,1.5],"texture":"#0"},"east":{"uv":[0.5,0.5,1.5,1.5],"texture":"#0"},"south":{"uv":[0.5,0.5,1.5,1.5],"texture":"#0"},"west":{"uv":[0.5,0.5,1.5,1.5],"texture":"#0"},"up":{"uv":[0.5,0.5,1.5,1.5],"texture":"#0"},"down":{"uv":[0.5,0.5,1.5,1.5],"texture":"#0"}}},{"from":[10.64,2.56,6.8],"to":[12.84,5.26,9.2],"rotation":{"angle":22.5,"axis":"z","origin":[12.74,3.91,8]},"faces":{"north":{"uv":[2.5,2.5,3.5,3.5],"texture":"#0"},"east":{"uv":[2.5,0.5,3.5,1.5],"texture":"#0"},"south":{"uv":[2.5,4.5,3.5,5.5],"texture":"#0"},"west":{"uv":[4.5,4.5,5.5,5.5],"texture":"#0"},"up":{"uv":[2.5,0.5,3.5,1.5],"texture":"#0"},"down":{"uv":[4.5,4.5,5.5,5.5],"texture":"#0"}}},{"from":[3.16,2.56,6.8],"to":[5.36,5.26,9.2],"rotation":{"angle":-22.5,"axis":"z","origin":[3.26,3.91,8]},"faces":{"north":{"uv":[2.5,2.5,3.5,3.5],"texture":"#0"},"east":{"uv":[4.5,4.5,5.5,5.5],"texture":"#0"},"south":{"uv":[2.5,4.5,3.5,5.5],"texture":"#0"},"west":{"uv":[2.5,0.5,3.5,1.5],"texture":"#0"},"up":{"uv":[2.5,0.5,3.5,1.5],"texture":"#0"},"down":{"uv":[4.5,4.5,5.5,5.5],"texture":"#0"}}},{"from":[2.65,0,6.8],"to":[2.85,2.7,9.2],"faces":{"north":{"uv":[0.5,0.5,1.5,1.5],"texture":"#0"},"east":{"uv":[4.5,2.5,5.5,3.5],"texture":"#0"},"south":{"uv":[0.5,0.5,1.5,1.5],"texture":"#0"},"west":{"uv":[0.5,0.5,1.5,1.5],"texture":"#0"},"up":{"uv":[0.5,0.5,1.5,1.5],"texture":"#0"},"down":{"uv":[0.5,6.5,1.5,7.5],"texture":"#0"}}},{"from":[2.956,0,9.46],"to":[4.956,2.7,9.66],"rotation":{"angle":-22.5,"axis":"y","origin":[3.956,1,8.66]},"faces":{"north":{"uv":[4.5,0.5,5.5,1.5],"texture":"#0"},"east":{"uv":[0.5,0.5,1.5,1.5],"texture":"#0"},"south":{"uv":[0.5,4.5,1.5,5.5],"texture":"#0"},"west":{"uv":[0.5,0.5,1.5,1.5],"texture":"#0"},"up":{"uv":[0.5,0.5,1.5,1.5],"texture":"#0"},"down":{"uv":[0.5,6.5,1.5,7.5],"texture":"#0"}}},{"from":[4.04,0,3.46],"to":[6,2.7,3.66],"rotation":{"angle":22.5,"axis":"y","origin":[5.04,1,2.66]},"faces":{"north":{"uv":[0.5,0.5,1.5,1.5],"texture":"#0"},"east":{"uv":[0.5,0.5,1.5,1.5],"texture":"#0"},"south":{"uv":[4.5,4.5,5.5,5.5],"texture":"#0"},"west":{"uv":[0.5,0.5,1.5,1.5],"texture":"#0"},"up":{"uv":[0.5,0.5,1.5,1.5],"texture":"#0"},"down":{"uv":[0.5,6.5,1.5,7.5],"texture":"#0"}}},{"from":[2.955,0,6.34],"to":[4.955,2.7,6.54],"rotation":{"angle":22.5,"axis":"y","origin":[3.955,1,7.34]},"faces":{"north":{"uv":[0.5,2.5,1.5,3.5],"texture":"#0"},"east":{"uv":[0.5,0.5,1.5,1.5],"texture":"#0"},"south":{"uv":[4.5,4.5,5.5,5.5],"texture":"#0"},"west":{"uv":[0.5,0.5,1.5,1.5],"texture":"#0"},"up":{"uv":[0.5,0.5,1.5,1.5],"texture":"#0"},"down":{"uv":[0.5,6.5,1.5,7.5],"texture":"#0"}}},{"from":[6.15,0,6.8],"to":[6.35,2.7,9.2],"faces":{"north":{"uv":[0.5,0.5,1.5,1.5],"texture":"#0"},"east":{"uv":[4.5,2.5,5.5,3.5],"texture":"#0"},"south":{"uv":[0.5,0.5,1.5,1.5],"texture":"#0"},"west":{"uv":[4.5,2.5,5.5,3.5],"texture":"#0"},"up":{"uv":[0.5,0.5,1.5,1.5],"texture":"#0"},"down":{"uv":[0.5,6.5,1.5,7.5],"texture":"#0"}}},{"from":[5.79,0,12.46],"to":[7.79,2.7,12.66],"rotation":{"angle":22.5,"axis":"y","origin":[6.79,1,11.66]},"faces":{"north":{"uv":[4.5,0.5,5.5,1.5],"texture":"#0"},"east":{"uv":[0.5,0.5,1.5,1.5],"texture":"#0"},"south":{"uv":[0.5,4.5,1.5,5.5],"texture":"#0"},"west":{"uv":[0.5,0.5,1.5,1.5],"texture":"#0"},"up":{"uv":[0.5,0.5,1.5,1.5],"texture":"#0"},"down":{"uv":[0.5,6.5,1.5,7.5],"texture":"#0"}}},{"from":[4.706,0,12.46],"to":[6.706,2.7,12.66],"rotation":{"angle":-22.5,"axis":"y","origin":[5.706,1,11.66]},"faces":{"north":{"uv":[4.5,0.5,5.5,1.5],"texture":"#0"},"east":{"uv":[0.5,0.5,1.5,1.5],"texture":"#0"},"south":{"uv":[0.5,0.5,1.5,1.5],"texture":"#0"},"west":{"uv":[0.5,0.5,1.5,1.5],"texture":"#0"},"up":{"uv":[0.5,0.5,1.5,1.5],"texture":"#0"},"down":{"uv":[0.5,6.5,1.5,7.5],"texture":"#0"}}},{"from":[4.4,0,9.8],"to":[4.6,2.7,12.2],"faces":{"north":{"uv":[0.5,0.5,1.5,1.5],"texture":"#0"},"east":{"uv":[4.5,2.5,5.5,3.5],"texture":"#0"},"south":{"uv":[0.5,0.5,1.5,1.5],"texture":"#0"},"west":{"uv":[0.5,2.5,1.5,3.5],"texture":"#0"},"up":{"uv":[0.5,0.5,1.5,1.5],"texture":"#0"},"down":{"uv":[0.5,6.5,1.5,7.5],"texture":"#0"}}},{"from":[4.04,0,9.46],"to":[6.04,2.7,9.66],"rotation":{"angle":22.5,"axis":"y","origin":[5.04,1,8.66]},"faces":{"north":{"uv":[4.5,0.5,5.5,1.5],"texture":"#0"},"east":{"uv":[0.5,0.5,1.5,1.5],"texture":"#0"},"south":{"uv":[4.5,4.5,5.5,5.5],"texture":"#0"},"west":{"uv":[0.5,0.5,1.5,1.5],"texture":"#0"},"up":{"uv":[0.5,0.5,1.5,1.5],"texture":"#0"},"down":{"uv":[0.5,6.5,1.5,7.5],"texture":"#0"}}},{"from":[5.79,0,9.34],"to":[7.79,2.7,9.54],"rotation":{"angle":-22.5,"axis":"y","origin":[6.79,1,10.34]},"faces":{"north":{"uv":[4.5,0.5,5.5,1.5],"texture":"#0"},"east":{"uv":[0.5,0.5,1.5,1.5],"texture":"#0"},"south":{"uv":[4.5,4.5,5.5,5.5],"texture":"#0"},"west":{"uv":[0.5,0.5,1.5,1.5],"texture":"#0"},"up":{"uv":[0.5,0.5,1.5,1.5],"texture":"#0"},"down":{"uv":[0.5,6.5,1.5,7.5],"texture":"#0"}}},{"from":[7.9,0,9.8],"to":[8.1,2.7,12.2],"faces":{"north":{"uv":[0.5,0.5,1.5,1.5],"texture":"#0"},"east":{"uv":[4.5,2.5,5.5,3.5],"texture":"#0"},"south":{"uv":[0.5,0.5,1.5,1.5],"texture":"#0"},"west":{"uv":[4.5,2.5,5.5,3.5],"texture":"#0"},"up":{"uv":[0.5,0.5,1.5,1.5],"texture":"#0"},"down":{"uv":[0.5,6.5,1.5,7.5],"texture":"#0"}}},{"from":[8.205,0,9.34],"to":[10.205,2.7,9.54],"rotation":{"angle":22.5,"axis":"y","origin":[9.205,1,10.34]},"faces":{"north":{"uv":[4.5,0.5,5.5,1.5],"texture":"#0"},"east":{"uv":[0.5,0.5,1.5,1.5],"texture":"#0"},"south":{"uv":[4.5,4.5,5.5,5.5],"texture":"#0"},"west":{"uv":[0.5,0.5,1.5,1.5],"texture":"#0"},"up":{"uv":[0.5,0.5,1.5,1.5],"texture":"#0"},"down":{"uv":[0.5,6.5,1.5,7.5],"texture":"#0"}}},{"from":[9.29,0,9.34],"to":[11.29,2.7,9.54],"rotation":{"angle":-22.5,"axis":"y","origin":[10.29,1,10.34]},"faces":{"north":{"uv":[4.5,0.5,5.5,1.5],"texture":"#0"},"east":{"uv":[0.5,0.5,1.5,1.5],"texture":"#0"},"south":{"uv":[4.5,4.5,5.5,5.5],"texture":"#0"},"west":{"uv":[0.5,0.5,1.5,1.5],"texture":"#0"},"up":{"uv":[0.5,0.5,1.5,1.5],"texture":"#0"},"down":{"uv":[0.5,6.5,1.5,7.5],"texture":"#0"}}},{"from":[11.4,0,9.8],"to":[11.6,2.7,12.2],"faces":{"north":{"uv":[0.5,0.5,1.5,1.5],"texture":"#0"},"east":{"uv":[0.5,2.5,1.5,3.5],"texture":"#0"},"south":{"uv":[0.5,0.5,1.5,1.5],"texture":"#0"},"west":{"uv":[4.5,2.5,5.5,3.5],"texture":"#0"},"up":{"uv":[0.5,0.5,1.5,1.5],"texture":"#0"},"down":{"uv":[0.5,6.5,1.5,7.5],"texture":"#0"}}},{"from":[9.29,0,12.46],"to":[11.29,2.7,12.66],"rotation":{"angle":22.5,"axis":"y","origin":[10.29,1,11.66]},"faces":{"north":{"uv":[4.5,0.5,5.5,1.5],"texture":"#0"},"east":{"uv":[0.5,0.5,1.5,1.5],"texture":"#0"},"south":{"uv":[0.5,0.5,1.5,1.5],"texture":"#0"},"west":{"uv":[0.5,0.5,1.5,1.5],"texture":"#0"},"up":{"uv":[0.5,0.5,1.5,1.5],"texture":"#0"},"down":{"uv":[0.5,6.5,1.5,7.5],"texture":"#0"}}},{"from":[8.206,0,12.46],"to":[10.206,2.7,12.66],"rotation":{"angle":-22.5,"axis":"y","origin":[9.206,1,11.66]},"faces":{"north":{"uv":[4.5,0.5,5.5,1.5],"texture":"#0"},"east":{"uv":[0.5,0.5,1.5,1.5],"texture":"#0"},"south":{"uv":[0.5,4.5,1.5,5.5],"texture":"#0"},"west":{"uv":[0.5,0.5,1.5,1.5],"texture":"#0"},"up":{"uv":[0.5,0.5,1.5,1.5],"texture":"#0"},"down":{"uv":[0.5,6.5,1.5,7.5],"texture":"#0"}}},{"from":[3.355,2.7,8.16],"to":[7.955,3.5,9.46],"rotation":{"angle":-22.5,"axis":"y","origin":[3.955,1,8.66]},"faces":{"north":{"uv":[2.5,0.5,3.5,1.5],"texture":"#0"},"east":{"uv":[2.5,0.5,3.5,1.5],"texture":"#0"},"south":{"uv":[2.5,4.5,3.5,5.5],"texture":"#0"},"west":{"uv":[2.5,0.5,3.5,1.5],"texture":"#0"},"up":{"uv":[2.5,0.5,3.5,1.5],"texture":"#0"},"down":{"uv":[4.5,4.5,5.5,5.5],"texture":"#0"}}},{"from":[4.15,2.7,9.74],"to":[5.925,3.5,12.34],"rotation":{"angle":-22.5,"axis":"y","origin":[5.04,3.7,13.34]},"faces":{"north":{"uv":[2.5,0.5,3.5,1.5],"texture":"#0"},"east":{"uv":[2.5,0.5,3.5,1.5],"texture":"#0"},"south":{"uv":[2.5,0.5,3.5,1.5],"texture":"#0"},"west":{"uv":[2.5,0.5,3.5,1.5],"texture":"#0"},"up":{"uv":[2.5,0.5,3.5,1.5],"texture":"#0"},"down":{"uv":[4.5,4.5,5.5,5.5],"texture":"#0"}}},{"from":[5.865,2.7,10.46],"to":[8.815,3.5,12.46],"rotation":{"angle":22.5,"axis":"y","origin":[6.79,3.7,11.66]},"faces":{"north":{"uv":[2.5,0.5,3.5,1.5],"texture":"#0"},"east":{"uv":[2.5,0.5,3.5,1.5],"texture":"#0"},"south":{"uv":[2.5,4.5,3.5,5.5],"texture":"#0"},"west":{"uv":[2.5,0.5,3.5,1.5],"texture":"#0"},"up":{"uv":[2.5,0.5,3.5,1.5],"texture":"#0"},"down":{"uv":[4.5,4.5,5.5,5.5],"texture":"#0"}}},{"from":[7.205,2.7,10.46],"to":[10.125,3.5,12.46],"rotation":{"angle":-22.5,"axis":"y","origin":[9.205,3.7,11.66]},"faces":{"north":{"uv":[2.5,0.5,3.5,1.5],"texture":"#0"},"east":{"uv":[2.5,0.5,3.5,1.5],"texture":"#0"},"south":{"uv":[2.5,4.5,3.5,5.5],"texture":"#0"},"west":{"uv":[2.5,0.5,3.5,1.5],"texture":"#0"},"up":{"uv":[2.5,0.5,3.5,1.5],"texture":"#0"},"down":{"uv":[4.5,4.5,5.5,5.5],"texture":"#0"}}},{"from":[9.37,2.7,9.16],"to":[11.16,3.5,12.46],"rotation":{"angle":22.5,"axis":"y","origin":[10.29,3.7,11.66]},"faces":{"north":{"uv":[2.5,0.5,3.5,1.5],"texture":"#0"},"east":{"uv":[2.5,0.5,3.5,1.5],"texture":"#0"},"south":{"uv":[2.5,0.5,3.5,1.5],"texture":"#0"},"west":{"uv":[2.5,0.5,3.5,1.5],"texture":"#0"},"up":{"uv":[2.5,0.5,3.5,1.5],"texture":"#0"},"down":{"uv":[4.5,4.5,5.5,5.5],"texture":"#0"}}},{"from":[7.84,2.7,8.26],"to":[12.64,3.5,9.46],"rotation":{"angle":22.5,"axis":"y","origin":[12.04,1,8.66]},"faces":{"north":{"uv":[2.5,0.5,3.5,1.5],"texture":"#0"},"east":{"uv":[2.5,0.5,3.5,1.5],"texture":"#0"},"south":{"uv":[2.5,4.5,3.5,5.5],"texture":"#0"},"west":{"uv":[2.5,0.5,3.5,1.5],"texture":"#0"},"up":{"uv":[2.5,0.5,3.5,1.5],"texture":"#0"},"down":{"uv":[4.5,4.5,5.5,5.5],"texture":"#0"}}},{"from":[3.355,2.7,6.54],"to":[7.955,3.5,7.84],"rotation":{"angle":22.5,"axis":"y","origin":[3.955,1,7.34]},"faces":{"north":{"uv":[2.5,2.5,3.5,3.5],"texture":"#0"},"east":{"uv":[2.5,0.5,3.5,1.5],"texture":"#0"},"south":{"uv":[2.5,0.5,3.5,1.5],"texture":"#0"},"west":{"uv":[2.5,0.5,3.5,1.5],"texture":"#0"},"up":{"uv":[2.5,0.5,3.5,1.5],"texture":"#0"},"down":{"uv":[4.5,4.5,5.5,5.5],"texture":"#0"}}},{"from":[4.15,2.7,3.66],"to":[5.925,3.5,6.26],"rotation":{"angle":22.5,"axis":"y","origin":[5.04,3.7,2.66]},"faces":{"north":{"uv":[2.5,0.5,3.5,1.5],"texture":"#0"},"east":{"uv":[2.5,0.5,3.5,1.5],"texture":"#0"},"south":{"uv":[2.5,0.5,3.5,1.5],"texture":"#0"},"west":{"uv":[2.5,0.5,3.5,1.5],"texture":"#0"},"up":{"uv":[2.5,0.5,3.5,1.5],"texture":"#0"},"down":{"uv":[4.5,4.5,5.5,5.5],"texture":"#0"}}},{"from":[5.865,2.7,3.54],"to":[8.815,3.5,5.54],"rotation":{"angle":-22.5,"axis":"y","origin":[6.79,3.7,4.34]},"faces":{"north":{"uv":[2.5,2.5,3.5,3.5],"texture":"#0"},"east":{"uv":[2.5,0.5,3.5,1.5],"texture":"#0"},"south":{"uv":[2.5,0.5,3.5,1.5],"texture":"#0"},"west":{"uv":[2.5,0.5,3.5,1.5],"texture":"#0"},"up":{"uv":[2.5,0.5,3.5,1.5],"texture":"#0"},"down":{"uv":[4.5,4.5,5.5,5.5],"texture":"#0"}}},{"from":[7.205,2.7,3.54],"to":[10.125,3.5,5.54],"rotation":{"angle":22.5,"axis":"y","origin":[9.205,3.7,4.34]},"faces":{"north":{"uv":[2.5,2.5,3.5,3.5],"texture":"#0"},"east":{"uv":[2.5,0.5,3.5,1.5],"texture":"#0"},"south":{"uv":[2.5,0.5,3.5,1.5],"texture":"#0"},"west":{"uv":[2.5,0.5,3.5,1.5],"texture":"#0"},"up":{"uv":[2.5,0.5,3.5,1.5],"texture":"#0"},"down":{"uv":[4.5,4.5,5.5,5.5],"texture":"#0"}}},{"from":[9.37,2.7,3.54],"to":[11.16,3.5,6.84],"rotation":{"angle":-22.5,"axis":"y","origin":[10.29,3.7,4.34]},"faces":{"north":{"uv":[2.5,0.5,3.5,1.5],"texture":"#0"},"east":{"uv":[2.5,0.5,3.5,1.5],"texture":"#0"},"south":{"uv":[2.5,0.5,3.5,1.5],"texture":"#0"},"west":{"uv":[2.5,0.5,3.5,1.5],"texture":"#0"},"up":{"uv":[2.5,0.5,3.5,1.5],"texture":"#0"},"down":{"uv":[4.5,4.5,5.5,5.5],"texture":"#0"}}},{"from":[7.84,2.7,6.54],"to":[12.64,3.5,7.74],"rotation":{"angle":-22.5,"axis":"y","origin":[12.04,1,7.34]},"faces":{"north":{"uv":[2.5,2.5,3.5,3.5],"texture":"#0"},"east":{"uv":[2.5,0.5,3.5,1.5],"texture":"#0"},"south":{"uv":[2.5,0.5,3.5,1.5],"texture":"#0"},"west":{"uv":[2.5,0.5,3.5,1.5],"texture":"#0"},"up":{"uv":[2.5,0.5,3.5,1.5],"texture":"#0"},"down":{"uv":[4.5,4.5,5.5,5.5],"texture":"#0"}}},{"from":[4.9,3,10.81],"to":[6.7,4.84,12.01],"rotation":{"angle":-22.5,"axis":"x","origin":[9.4,3.49,10.81]},"faces":{"north":{"uv":[2.5,0.5,3.5,1.5],"texture":"#0"},"east":{"uv":[2.5,4.5,3.5,5.5],"texture":"#0"},"south":{"uv":[2.5,0.5,3.5,1.5],"texture":"#0"},"west":{"uv":[2.5,2.5,3.5,3.5],"texture":"#0"},"up":{"uv":[2.5,0.5,3.5,1.5],"texture":"#0"},"down":{"uv":[2.5,0.5,3.5,1.5],"texture":"#0"}}},{"from":[6.805,3.5,10.39],"to":[8.855,5.195,11.39],"rotation":{"angle":22.5,"axis":"y","origin":[6.79,4.5,11.66]},"faces":{"north":{"uv":[2.5,0.5,3.5,1.5],"texture":"#0"},"east":{"uv":[2.5,0.5,3.5,1.5],"texture":"#0"},"south":{"uv":[2.5,4.5,3.5,5.5],"texture":"#0"},"west":{"uv":[2.5,0.5,3.5,1.5],"texture":"#0"},"up":{"uv":[2.5,0.5,3.5,1.5],"texture":"#0"},"down":{"uv":[2.5,0.5,3.5,1.5],"texture":"#0"}}},{"from":[7.205,3.5,10.49],"to":[9.195,5.195,11.39],"rotation":{"angle":-22.5,"axis":"y","origin":[9.205,4.5,11.66]},"faces":{"north":{"uv":[2.5,0.5,3.5,1.5],"texture":"#0"},"east":{"uv":[2.5,0.5,3.5,1.5],"texture":"#0"},"south":{"uv":[2.5,4.5,3.5,5.5],"texture":"#0"},"west":{"uv":[2.5,0.5,3.5,1.5],"texture":"#0"},"up":{"uv":[2.5,0.5,3.5,1.5],"texture":"#0"},"down":{"uv":[2.5,0.5,3.5,1.5],"texture":"#0"}}},{"from":[9.3,3,10.71],"to":[11.1,4.84,12.01],"rotation":{"angle":-22.5,"axis":"x","origin":[9.4,3.49,10.81]},"faces":{"north":{"uv":[2.5,0.5,3.5,1.5],"texture":"#0"},"east":{"uv":[2.5,2.5,3.5,3.5],"texture":"#0"},"south":{"uv":[2.5,0.5,3.5,1.5],"texture":"#0"},"west":{"uv":[2.5,0.5,3.5,1.5],"texture":"#0"},"up":{"uv":[2.5,0.5,3.5,1.5],"texture":"#0"},"down":{"uv":[2.5,0.5,3.5,1.5],"texture":"#0"}}},{"from":[4.9,2.94,3.99],"to":[6.7,4.84,5.19],"rotation":{"angle":22.5,"axis":"x","origin":[9.4,3.49,5.19]},"faces":{"north":{"uv":[2.5,0.5,3.5,1.5],"texture":"#0"},"east":{"uv":[2.5,2.5,3.5,3.5],"texture":"#0"},"south":{"uv":[2.5,0.5,3.5,1.5],"texture":"#0"},"west":{"uv":[2.5,4.5,3.5,5.5],"texture":"#0"},"up":{"uv":[2.5,0.5,3.5,1.5],"texture":"#0"},"down":{"uv":[2.5,0.5,3.5,1.5],"texture":"#0"}}},{"from":[6.805,3.5,4.61],"to":[8.855,5.195,5.61],"rotation":{"angle":-22.5,"axis":"y","origin":[6.79,4.5,4.34]},"faces":{"north":{"uv":[2.5,2.5,3.5,3.5],"texture":"#0"},"east":{"uv":[2.5,0.5,3.5,1.5],"texture":"#0"},"south":{"uv":[2.5,0.5,3.5,1.5],"texture":"#0"},"west":{"uv":[2.5,0.5,3.5,1.5],"texture":"#0"},"up":{"uv":[2.5,0.5,3.5,1.5],"texture":"#0"},"down":{"uv":[4.5,4.5,5.5,5.5],"texture":"#0"}}},{"from":[7.205,3.5,4.61],"to":[9.195,5.195,5.51],"rotation":{"angle":22.5,"axis":"y","origin":[9.205,4.5,4.34]},"faces":{"north":{"uv":[2.5,2.5,3.5,3.5],"texture":"#0"},"east":{"uv":[2.5,0.5,3.5,1.5],"texture":"#0"},"south":{"uv":[2.5,0.5,3.5,1.5],"texture":"#0"},"west":{"uv":[2.5,0.5,3.5,1.5],"texture":"#0"},"up":{"uv":[2.5,0.5,3.5,1.5],"texture":"#0"},"down":{"uv":[2.5,0.5,3.5,1.5],"texture":"#0"}}},{"from":[9.3,2.94,3.99],"to":[11.1,4.84,5.29],"rotation":{"angle":22.5,"axis":"x","origin":[9.4,3.49,5.19]},"faces":{"north":{"uv":[2.5,0.5,3.5,1.5],"texture":"#0"},"east":{"uv":[2.5,4.5,3.5,5.5],"texture":"#0"},"south":{"uv":[2.5,0.5,3.5,1.5],"texture":"#0"},"west":{"uv":[2.5,2.5,3.5,3.5],"texture":"#0"},"up":{"uv":[2.5,0.5,3.5,1.5],"texture":"#0"},"down":{"uv":[2.5,0.5,3.5,1.5],"texture":"#0"}}},{"from":[9.65,4.55,6.715],"to":[10.25,7.05,7.215],"rotation":{"angle":-45,"axis":"y","origin":[7.35,5.9,8.21]},"faces":{"north":{"uv":[0.5,0.5,1.5,1.5],"texture":"#0"},"east":{"uv":[0.5,0.5,1.5,1.5],"texture":"#0"},"south":{"uv":[0.5,0.5,1.5,1.5],"texture":"#0"},"west":{"uv":[0.5,0.5,1.5,1.5],"texture":"#0"},"up":{"uv":[0.5,0.5,1.5,1.5],"texture":"#0"},"down":{"uv":[0.5,0.5,1.5,1.5],"texture":"#0"}}},{"from":[7.1,5.8,6.2],"to":[10.75,6.4,7.6],"rotation":{"angle":-45,"axis":"y","origin":[7.3,6.55,8.1]},"faces":{"north":{"uv":[0.5,0.5,1.5,1.5],"texture":"#0"},"east":{"uv":[0.5,0.5,1.5,1.5],"texture":"#0"},"south":{"uv":[0.5,0.5,1.5,1.5],"texture":"#0"},"west":{"uv":[0.5,0.5,1.5,1.5],"texture":"#0"},"up":{"uv":[0.5,0.5,1.5,1.5],"texture":"#0"},"down":{"uv":[0.5,0.5,1.5,1.5],"texture":"#0"}}},{"from":[7.6,5.2,5.8],"to":[11.15,5.8,8],"rotation":{"angle":-45,"axis":"y","origin":[7.3,5.95,8.1]},"faces":{"north":{"uv":[0.5,0.5,1.5,1.5],"texture":"#0"},"east":{"uv":[0.5,0.5,1.5,1.5],"texture":"#0"},"south":{"uv":[0.5,0.5,1.5,1.5],"texture":"#0"},"west":{"uv":[0.5,0.5,1.5,1.5],"texture":"#0"},"up":{"uv":[0.5,0.5,1.5,1.5],"texture":"#0"},"down":{"uv":[0.5,0.5,1.5,1.5],"texture":"#0"}}},{"from":[5.9,3.95,8.4],"to":[10.1,6.575,10.8],"rotation":{"angle":-45,"axis":"x","origin":[7.3,5.3,9.6]},"faces":{"north":{"uv":[0.5,0.5,1.5,1.5],"texture":"#0"},"east":{"uv":[0.5,0.5,1.5,1.5],"texture":"#0"},"south":{"uv":[0.5,0.5,1.5,1.5],"texture":"#0"},"west":{"uv":[0.5,0.5,1.5,1.5],"texture":"#0"},"up":{"uv":[0.5,0.5,1.5,1.5],"texture":"#0"},"down":{"uv":[2.5,0.5,3.5,1.5],"texture":"#0"}}},{"from":[6.465,4.55,8.82],"to":[7.165,7.05,9.32],"rotation":{"angle":45,"axis":"y","origin":[6.465,5.9,10.12]},"faces":{"north":{"uv":[0.5,0.5,1.5,1.5],"texture":"#0"},"east":{"uv":[0.5,0.5,1.5,1.5],"texture":"#0"},"south":{"uv":[0.5,0.5,1.5,1.5],"texture":"#0"},"west":{"uv":[0.5,0.5,1.5,1.5],"texture":"#0"},"up":{"uv":[0.5,0.5,1.5,1.5],"texture":"#0"},"down":{"uv":[0.5,0.5,1.5,1.5],"texture":"#0"}}},{"from":[5.65,5.2,7.9],"to":[9.3,5.8,10.2],"rotation":{"angle":45,"axis":"y","origin":[6.5,5.85,10.1]},"faces":{"north":{"uv":[0.5,0.5,1.5,1.5],"texture":"#0"},"east":{"uv":[0.5,0.5,1.5,1.5],"texture":"#0"},"south":{"uv":[0.5,0.5,1.5,1.5],"texture":"#0"},"west":{"uv":[0.5,0.5,1.5,1.5],"texture":"#0"},"up":{"uv":[0.5,0.5,1.5,1.5],"texture":"#0"},"down":{"uv":[0.5,0.5,1.5,1.5],"texture":"#0"}}},{"from":[6,5.8,8.35],"to":[9.3,6.4,9.75],"rotation":{"angle":45,"axis":"y","origin":[6.5,6.55,10.1]},"faces":{"north":{"uv":[0.5,0.5,1.5,1.5],"texture":"#0"},"east":{"uv":[0.5,0.5,1.5,1.5],"texture":"#0"},"south":{"uv":[0.5,0.5,1.5,1.5],"texture":"#0"},"west":{"uv":[0.5,0.5,1.5,1.5],"texture":"#0"},"up":{"uv":[0.5,0.5,1.5,1.5],"texture":"#0"},"down":{"uv":[0.5,0.5,1.5,1.5],"texture":"#0"}}},{"from":[9.65,4.55,8.785],"to":[10.25,7.05,9.285],"rotation":{"angle":45,"axis":"y","origin":[7.35,5.9,7.79]},"faces":{"north":{"uv":[0.5,0.5,1.5,1.5],"texture":"#0"},"east":{"uv":[0.5,0.5,1.5,1.5],"texture":"#0"},"south":{"uv":[0.5,0.5,1.5,1.5],"texture":"#0"},"west":{"uv":[0.5,0.5,1.5,1.5],"texture":"#0"},"up":{"uv":[0.5,0.5,1.5,1.5],"texture":"#0"},"down":{"uv":[0.5,0.5,1.5,1.5],"texture":"#0"}}},{"from":[7.1,5.8,8.4],"to":[10.75,6.4,9.8],"rotation":{"angle":45,"axis":"y","origin":[7.3,6.55,7.9]},"faces":{"north":{"uv":[0.5,0.5,1.5,1.5],"texture":"#0"},"east":{"uv":[0.5,0.5,1.5,1.5],"texture":"#0"},"south":{"uv":[0.5,0.5,1.5,1.5],"texture":"#0"},"west":{"uv":[0.5,0.5,1.5,1.5],"texture":"#0"},"up":{"uv":[0.5,0.5,1.5,1.5],"texture":"#0"},"down":{"uv":[0.5,0.5,1.5,1.5],"texture":"#0"}}},{"from":[7.6,5.2,8],"to":[11.15,5.8,10.2],"rotation":{"angle":45,"axis":"y","origin":[7.3,5.95,7.9]},"faces":{"north":{"uv":[0.5,0.5,1.5,1.5],"texture":"#0"},"east":{"uv":[0.5,0.5,1.5,1.5],"texture":"#0"},"south":{"uv":[0.5,0.5,1.5,1.5],"texture":"#0"},"west":{"uv":[0.5,0.5,1.5,1.5],"texture":"#0"},"up":{"uv":[0.5,0.5,1.5,1.5],"texture":"#0"},"down":{"uv":[0.5,0.5,1.5,1.5],"texture":"#0"}}},{"from":[5.9,3.95,5.2],"to":[10.1,6.575,7.6],"rotation":{"angle":45,"axis":"x","origin":[7.3,5.3,6.4]},"faces":{"north":{"uv":[0.5,0.5,1.5,1.5],"texture":"#0"},"east":{"uv":[0.5,0.5,1.5,1.5],"texture":"#0"},"south":{"uv":[0.5,0.5,1.5,1.5],"texture":"#0"},"west":{"uv":[0.5,0.5,1.5,1.5],"texture":"#0"},"up":{"uv":[0.5,0.5,1.5,1.5],"texture":"#0"},"down":{"uv":[2.5,0.5,3.5,1.5],"texture":"#0"}}},{"from":[6.465,4.55,6.68],"to":[7.165,7.05,7.18],"rotation":{"angle":-45,"axis":"y","origin":[6.465,5.9,5.88]},"faces":{"north":{"uv":[0.5,0.5,1.5,1.5],"texture":"#0"},"east":{"uv":[0.5,0.5,1.5,1.5],"texture":"#0"},"south":{"uv":[0.5,0.5,1.5,1.5],"texture":"#0"},"west":{"uv":[0.5,0.5,1.5,1.5],"texture":"#0"},"up":{"uv":[0.5,0.5,1.5,1.5],"texture":"#0"},"down":{"uv":[0.5,0.5,1.5,1.5],"texture":"#0"}}},{"from":[5.65,5.2,5.8],"to":[9.3,5.8,8.1],"rotation":{"angle":-45,"axis":"y","origin":[6.5,5.85,5.9]},"faces":{"north":{"uv":[0.5,0.5,1.5,1.5],"texture":"#0"},"east":{"uv":[0.5,0.5,1.5,1.5],"texture":"#0"},"south":{"uv":[0.5,0.5,1.5,1.5],"texture":"#0"},"west":{"uv":[0.5,0.5,1.5,1.5],"texture":"#0"},"up":{"uv":[0.5,0.5,1.5,1.5],"texture":"#0"},"down":{"uv":[0.5,0.5,1.5,1.5],"texture":"#0"}}},{"from":[6,5.8,6.25],"to":[9.3,6.4,7.65],"rotation":{"angle":-45,"axis":"y","origin":[6.5,6.55,5.9]},"faces":{"north":{"uv":[0.5,0.5,1.5,1.5],"texture":"#0"},"east":{"uv":[0.5,0.5,1.5,1.5],"texture":"#0"},"south":{"uv":[0.5,0.5,1.5,1.5],"texture":"#0"},"west":{"uv":[0.5,0.5,1.5,1.5],"texture":"#0"},"up":{"uv":[0.5,0.5,1.5,1.5],"texture":"#0"},"down":{"uv":[0.5,0.5,1.5,1.5],"texture":"#0"}}},{"from":[9.725,3.5,8.94],"to":[12.025,5.195,10.14],"rotation":{"angle":22.5,"axis":"y","origin":[9.825,3.65,8.94]},"faces":{"north":{"uv":[2.5,0.5,3.5,1.5],"texture":"#0"},"east":{"uv":[2.5,0.5,3.5,1.5],"texture":"#0"},"south":{"uv":[2.5,4.5,3.5,5.5],"texture":"#0"},"west":{"uv":[2.5,0.5,3.5,1.5],"texture":"#0"},"up":{"uv":[2.5,0.5,3.5,1.5],"texture":"#0"},"down":{"uv":[2.5,0.5,3.5,1.5],"texture":"#0"}}},{"from":[4.14,3.5,8.13],"to":[6.44,5.195,9.33],"rotation":{"angle":-22.5,"axis":"y","origin":[4.24,3.65,8.13]},"faces":{"north":{"uv":[2.5,0.5,3.5,1.5],"texture":"#0"},"east":{"uv":[2.5,0.5,3.5,1.5],"texture":"#0"},"south":{"uv":[2.5,4.5,3.5,5.5],"texture":"#0"},"west":{"uv":[2.5,0.5,3.5,1.5],"texture":"#0"},"up":{"uv":[2.5,0.5,3.5,1.5],"texture":"#0"},"down":{"uv":[2.5,0.5,3.5,1.5],"texture":"#0"}}},{"from":[9.725,3.5,5.86],"to":[12.025,5.195,7.06],"rotation":{"angle":-22.5,"axis":"y","origin":[9.825,3.65,7.06]},"faces":{"north":{"uv":[2.5,2.5,3.5,3.5],"texture":"#0"},"east":{"uv":[2.5,0.5,3.5,1.5],"texture":"#0"},"south":{"uv":[2.5,0.5,3.5,1.5],"texture":"#0"},"west":{"uv":[2.5,0.5,3.5,1.5],"texture":"#0"},"up":{"uv":[2.5,0.5,3.5,1.5],"texture":"#0"},"down":{"uv":[2.5,0.5,3.5,1.5],"texture":"#0"}}},{"from":[4.14,3.5,6.67],"to":[6.44,5.195,7.87],"rotation":{"angle":22.5,"axis":"y","origin":[4.24,3.65,7.87]},"faces":{"north":{"uv":[2.5,2.5,3.5,3.5],"texture":"#0"},"east":{"uv":[2.5,0.5,3.5,1.5],"texture":"#0"},"south":{"uv":[2.5,0.5,3.5,1.5],"texture":"#0"},"west":{"uv":[2.5,0.5,3.5,1.5],"texture":"#0"},"up":{"uv":[2.5,0.5,3.5,1.5],"texture":"#0"},"down":{"uv":[2.5,0.5,3.5,1.5],"texture":"#0"}}},{"from":[7,8.5,6.5],"to":[9,12.3,9],"faces":{"north":{"uv":[0.5,0.5,1.5,1.5],"texture":"#0"},"east":{"uv":[2.5,0.5,1.5,1.5],"texture":"#0"},"south":{"uv":[2.5,0.5,3.5,1.5],"texture":"#0"},"west":{"uv":[1.5,0.5,2.5,1.5],"texture":"#0"},"up":{"uv":[1.5,0.5,2.5,1.5],"texture":"#0","rotation":90},"down":{"uv":[1.5,0.5,3,1.5],"texture":"#0","rotation":270}}},{"from":[8.508,10.147,6.5],"to":[9.89,10.854,9],"rotation":{"angle":45,"axis":"z","origin":[7.7,10.5,7.7]},"faces":{"north":{"uv":[0.5,0.5,1.5,1.5],"texture":"#0"},"east":{"uv":[2.5,0.5,1.5,1.5],"texture":"#0"},"south":{"uv":[2.5,0.5,3.5,1.5],"texture":"#0"},"west":{"uv":[1.5,0.5,2.5,1.5],"texture":"#0"},"up":{"uv":[2.5,0.5,3.5,1.5],"texture":"#0"},"down":{"uv":[2.5,0.5,3.5,1.5],"texture":"#0"}}},{"from":[6.108,9.947,6.5],"to":[7.49,10.654,9],"rotation":{"angle":45,"axis":"z","origin":[8.3,10.3,7.7]},"faces":{"north":{"uv":[0.5,0.5,1.5,1.5],"texture":"#0"},"east":{"uv":[2.5,0.5,1.5,1.5],"texture":"#0"},"south":{"uv":[2.5,0.5,3.5,1.5],"texture":"#0"},"west":{"uv":[1.5,0.5,3,1.5],"texture":"#0"},"up":{"uv":[2.5,0.5,3.5,1.5],"texture":"#0"},"down":{"uv":[2.5,0.5,3.5,1.5],"texture":"#0"}}},{"from":[6.108,10.147,6.5],"to":[7.49,10.854,9],"rotation":{"angle":-45,"axis":"z","origin":[8.3,10.5,7.7]},"faces":{"north":{"uv":[0.5,0.5,1.5,1.5],"texture":"#0"},"east":{"uv":[2.5,0.5,1.5,1.5],"texture":"#0"},"south":{"uv":[2.5,0.5,3.5,1.5],"texture":"#0"},"west":{"uv":[1.5,0.5,2.5,1.5],"texture":"#0"},"up":{"uv":[2.5,0.5,3.5,1.5],"texture":"#0"},"down":{"uv":[2.5,0.5,3.5,1.5],"texture":"#0"}}},{"from":[8.508,9.947,6.5],"to":[9.89,10.654,9],"rotation":{"angle":-45,"axis":"z","origin":[7.7,10.3,7.7]},"faces":{"north":{"uv":[0.5,0.5,1.5,1.5],"texture":"#0"},"east":{"uv":[3,0.5,1.5,1.5],"texture":"#0"},"south":{"uv":[2.5,0.5,3.5,1.5],"texture":"#0"},"west":{"uv":[1.5,0.5,2.5,1.5],"texture":"#0"},"up":{"uv":[2.5,0.5,3.5,1.5],"texture":"#0"},"down":{"uv":[2.5,0.5,3.5,1.5],"texture":"#0"}}},{"from":[7,10.147,8.508],"to":[9,10.854,9.89],"rotation":{"angle":-45,"axis":"x","origin":[8,10.5,7.7]},"faces":{"north":{"uv":[2.5,0.5,3.5,1.5],"texture":"#0"},"east":{"uv":[2.5,0.5,3.5,1.5],"texture":"#0"},"south":{"uv":[2.5,0.5,3.5,1.5],"texture":"#0"},"west":{"uv":[2.5,0.5,3.5,1.5],"texture":"#0"},"up":{"uv":[2.5,0.5,3.5,1.5],"texture":"#0"},"down":{"uv":[2.5,0.5,3.5,1.5],"texture":"#0"}}},{"from":[7,9.947,5.608],"to":[9,10.654,6.99],"rotation":{"angle":-45,"axis":"x","origin":[8,10.3,7.8]},"faces":{"north":{"uv":[0.5,0.5,1.5,1.5],"texture":"#0"},"east":{"uv":[0.5,0.5,1.5,1.5],"texture":"#0"},"south":{"uv":[0.5,0.5,1.5,1.5],"texture":"#0"},"west":{"uv":[0.5,0.5,1.5,1.5],"texture":"#0"},"up":{"uv":[0.5,0.5,1.5,1.5],"texture":"#0"},"down":{"uv":[0.5,0.5,1.5,1.5],"texture":"#0"}}},{"from":[7,10.147,5.608],"to":[9,10.854,6.99],"rotation":{"angle":45,"axis":"x","origin":[8,10.5,7.8]},"faces":{"north":{"uv":[0.5,0.5,1.5,1.5],"texture":"#0"},"east":{"uv":[0.5,0.5,1.5,1.5],"texture":"#0"},"south":{"uv":[0.5,0.5,1.5,1.5],"texture":"#0"},"west":{"uv":[0.5,0.5,1.5,1.5],"texture":"#0"},"up":{"uv":[0.5,0.5,1.5,1.5],"texture":"#0"},"down":{"uv":[0.5,0.5,1.5,1.5],"texture":"#0"}}},{"from":[7,9.947,8.508],"to":[9,10.654,9.89],"rotation":{"angle":45,"axis":"x","origin":[8,10.3,7.7]},"faces":{"north":{"uv":[2.5,0.5,3.5,1.5],"texture":"#0"},"east":{"uv":[2.5,0.5,3.5,1.5],"texture":"#0"},"south":{"uv":[2.5,0.5,3.5,1.5],"texture":"#0"},"west":{"uv":[2.5,0.5,3.5,1.5],"texture":"#0"},"up":{"uv":[2.5,0.5,3.5,1.5],"texture":"#0"},"down":{"uv":[2.5,0.5,3.5,1.5],"texture":"#0"}}},{"from":[6.65,10.8,9.15],"to":[7.05,11.4,9.5],"rotation":{"angle":-45,"axis":"y","origin":[6.9,11.1,9.45]},"faces":{"north":{"uv":[2.5,0.5,3.5,1.5],"texture":"#0"},"east":{"uv":[2.5,0.5,3.5,1.5],"texture":"#0"},"south":{"uv":[2.5,0.5,3.5,1.5],"texture":"#0"},"west":{"uv":[2.5,0.5,3.5,1.5],"texture":"#0"},"up":{"uv":[2.5,0.5,3.5,1.5],"texture":"#0"},"down":{"uv":[2.5,0.5,3.5,1.5],"texture":"#0"}}},{"from":[8.9,10.8,9.1],"to":[9.3,11.4,9.45],"rotation":{"angle":45,"axis":"y","origin":[9.15,11.1,9.4]},"faces":{"north":{"uv":[2.5,0.5,3.5,1.5],"texture":"#0"},"east":{"uv":[2.5,0.5,3.5,1.5],"texture":"#0"},"south":{"uv":[2.5,0.5,3.5,1.5],"texture":"#0"},"west":{"uv":[2.5,0.5,3.5,1.5],"texture":"#0"},"up":{"uv":[2.5,0.5,3.5,1.5],"texture":"#0"},"down":{"uv":[2.5,0.5,3.5,1.5],"texture":"#0"}}},{"from":[7,9.9,8.9],"to":[9,10,9.505],"faces":{"north":{"uv":[2.5,4.5,3.5,5.5],"texture":"#0"},"east":{"uv":[2.5,4.5,3.5,5.5],"texture":"#0"},"south":{"uv":[2.5,4.5,3.5,5.5],"texture":"#0"},"west":{"uv":[2.5,4.5,3.5,5.5],"texture":"#0"},"up":{"uv":[2.5,4.5,3.5,5.5],"texture":"#0"},"down":{"uv":[2.5,4.5,3.5,5.5],"texture":"#0"}}},{"from":[7,9,6],"to":[9,11.8,9.5],"faces":{"north":{"uv":[0.5,0.5,1.5,1.5],"texture":"#0"},"east":{"uv":[2.5,0.5,1.5,1.5],"texture":"#0"},"south":{"uv":[2.5,0.5,3.5,1.5],"texture":"#0"},"west":{"uv":[1.5,0.5,2.5,1.5],"texture":"#0"},"up":{"uv":[1.5,0.5,2.5,1.5],"texture":"#0","rotation":90},"down":{"uv":[1.5,0.5,2.5,1.5],"texture":"#0","rotation":270}}},{"from":[6.109,9,7.445],"to":[7.491,11.8,8.152],"rotation":{"angle":-45,"axis":"y","origin":[8.3,10.45,7.8]},"faces":{"north":{"uv":[0.5,0.5,1.5,1.5],"texture":"#0"},"east":{"uv":[0.5,0.5,1.5,1.5],"texture":"#0"},"south":{"uv":[0.5,0.5,1.5,1.5],"texture":"#0"},"west":{"uv":[0.5,0.5,1.5,1.5],"texture":"#0"},"up":{"uv":[0.5,0.5,1.5,1.5],"texture":"#0"},"down":{"uv":[0.5,0.5,1.5,1.5],"texture":"#0"}}},{"from":[9.796,9.9,7.345],"to":[9.896,10,8.052],"rotation":{"angle":-45,"axis":"y","origin":[7.7,10.45,7.7]},"faces":{"north":{"uv":[2.5,4.5,3.5,5.5],"texture":"#0"},"east":{"uv":[2.5,4.5,3.5,5.5],"texture":"#0"},"south":{"uv":[2.5,4.5,3.5,5.5],"texture":"#0"},"west":{"uv":[2.5,4.5,3.5,5.5],"texture":"#0"},"up":{"uv":[2.5,4.5,3.5,5.5],"texture":"#0"},"down":{"uv":[2.5,4.5,3.5,5.5],"texture":"#0"}}},{"from":[9.509,9,7.345],"to":[9.891,11.8,8.052],"rotation":{"angle":-45,"axis":"y","origin":[7.7,10.45,7.7]},"faces":{"north":{"uv":[2.5,0.5,3.5,1.5],"texture":"#0"},"east":{"uv":[2.5,0.5,3.5,1.5],"texture":"#0"},"south":{"uv":[2.5,0.5,3.5,1.5],"texture":"#0"},"west":{"uv":[2.5,0.5,3.5,1.5],"texture":"#0"},"up":{"uv":[2.5,0.5,3.5,1.5],"texture":"#0"},"down":{"uv":[2.5,0.5,3.5,1.5],"texture":"#0"}}},{"from":[6.104,9.9,7.345],"to":[6.204,10,8.052],"rotation":{"angle":45,"axis":"y","origin":[8.3,10.45,7.7]},"faces":{"north":{"uv":[2.5,4.5,3.5,5.5],"texture":"#0"},"east":{"uv":[2.5,4.5,3.5,5.5],"texture":"#0"},"south":{"uv":[2.5,4.5,3.5,5.5],"texture":"#0"},"west":{"uv":[2.5,4.5,3.5,5.5],"texture":"#0"},"up":{"uv":[2.5,4.5,3.5,5.5],"texture":"#0"},"down":{"uv":[2.5,4.5,3.5,5.5],"texture":"#0"}}},{"from":[6.109,9,7.345],"to":[7.491,11.8,8.052],"rotation":{"angle":45,"axis":"y","origin":[8.3,10.45,7.7]},"faces":{"north":{"uv":[2.5,0.5,3.5,1.5],"texture":"#0"},"east":{"uv":[2.5,0.5,3.5,1.5],"texture":"#0"},"south":{"uv":[2.5,0.5,3.5,1.5],"texture":"#0"},"west":{"uv":[2.5,0.5,3.5,1.5],"texture":"#0"},"up":{"uv":[2.5,0.5,3.5,1.5],"texture":"#0"},"down":{"uv":[2.5,0.5,3.5,1.5],"texture":"#0"}}},{"from":[8.509,9,7.445],"to":[9.891,11.8,8.152],"rotation":{"angle":45,"axis":"y","origin":[7.7,10.45,7.8]},"faces":{"north":{"uv":[0.5,0.5,1.5,1.5],"texture":"#0"},"east":{"uv":[0.5,0.5,1.5,1.5],"texture":"#0"},"south":{"uv":[0.5,0.5,1.5,1.5],"texture":"#0"},"west":{"uv":[0.5,0.5,1.5,1.5],"texture":"#0"},"up":{"uv":[0.5,0.5,1.5,1.5],"texture":"#0"},"down":{"uv":[0.5,0.5,1.5,1.5],"texture":"#0"}}},{"from":[6.2,9,7.4],"to":[9.8,11.1,8.2],"faces":{"north":{"uv":[4.5,0.5,5.5,1.5],"texture":"#0"},"east":{"uv":[4.5,0.5,5.5,1.5],"texture":"#0"},"south":{"uv":[4.5,0.5,5.5,1.5],"texture":"#0"},"west":{"uv":[4.5,0.5,5.5,1.5],"texture":"#0"},"up":{"uv":[4.5,0.5,5.5,1.5],"texture":"#0"},"down":{"uv":[4.5,0.5,5.5,1.5],"texture":"#0"}}},{"from":[6.2,10.625,7.475],"to":[9.8,11.049,8.075],"rotation":{"angle":-45,"axis":"x","origin":[8,11.225,8.075]},"faces":{"north":{"uv":[4.5,0.5,5.5,1.5],"texture":"#0"},"east":{"uv":[4.5,0.5,5.5,1.5],"texture":"#0"},"south":{"uv":[4.5,0.5,5.5,1.5],"texture":"#0"},"west":{"uv":[4.5,0.5,5.5,1.5],"texture":"#0"},"up":{"uv":[4.5,0.5,5.5,1.5],"texture":"#0"},"down":{"uv":[4.5,0.5,5.5,1.5],"texture":"#0"}}},{"from":[6.2,9.25,6.8],"to":[9.8,9.674,7.4],"rotation":{"angle":-45,"axis":"x","origin":[8,9.85,7.4]},"faces":{"north":{"uv":[4.5,0.5,5.5,1.5],"texture":"#0"},"east":{"uv":[4.5,0.5,5.5,1.5],"texture":"#0"},"south":{"uv":[4.5,0.5,5.5,1.5],"texture":"#0"},"west":{"uv":[4.5,0.5,5.5,1.5],"texture":"#0"},"up":{"uv":[4.5,0.5,5.5,1.5],"texture":"#0"},"down":{"uv":[4.5,0.5,5.5,1.5],"texture":"#0"}}},{"from":[6.2,8.825,8.025],"to":[9.8,9.249,8.625],"rotation":{"angle":45,"axis":"x","origin":[8,9.425,8.625]},"faces":{"north":{"uv":[4.5,0.5,5.5,1.5],"texture":"#0"},"east":{"uv":[4.5,0.5,5.5,1.5],"texture":"#0"},"south":{"uv":[4.5,0.5,5.5,1.5],"texture":"#0"},"west":{"uv":[4.5,0.5,5.5,1.5],"texture":"#0"},"up":{"uv":[4.5,0.5,5.5,1.5],"texture":"#0"},"down":{"uv":[4.5,0.5,5.5,1.5],"texture":"#0"}}},{"from":[6.2,10.2,7.348],"to":[9.8,10.624,7.948],"rotation":{"angle":45,"axis":"x","origin":[8,10.8,7.948]},"faces":{"north":{"uv":[4.5,0.5,5.5,1.5],"texture":"#0"},"east":{"uv":[4.5,0.5,5.5,1.5],"texture":"#0"},"south":{"uv":[4.5,0.5,5.5,1.5],"texture":"#0"},"west":{"uv":[4.5,0.5,5.5,1.5],"texture":"#0"},"up":{"uv":[4.5,0.5,5.5,1.5],"texture":"#0"},"down":{"uv":[4.5,0.5,5.5,1.5],"texture":"#0"}}},{"from":[6.2,9.3,7.1],"to":[9.8,10.8,8.5],"faces":{"north":{"uv":[4.5,0.5,5.5,1.5],"texture":"#0"},"east":{"uv":[4.5,0.5,5.5,1.5],"texture":"#0"},"south":{"uv":[4.5,0.5,5.5,1.5],"texture":"#0"},"west":{"uv":[4.5,0.5,5.5,1.5],"texture":"#0"},"up":{"uv":[4.5,0.5,5.5,1.5],"texture":"#0"},"down":{"uv":[4.5,0.5,5.5,1.5],"texture":"#0"}}},{"from":[6.49,9,7.33],"to":[9.51,9.3,7.48],"faces":{"north":{"uv":[3.5,0.5,2.5,1.5],"texture":"#0"},"east":{"uv":[3.5,0.5,2.5,1.5],"texture":"#0"},"south":{"uv":[3.5,0.5,2.5,1.5],"texture":"#0"},"west":{"uv":[3.5,0.5,2.5,1.5],"texture":"#0"},"up":{"uv":[3.5,0.5,2.5,1.5],"texture":"#0"},"down":{"uv":[3.5,0.5,2.5,1.5],"texture":"#0"}}},{"from":[6.495,9.9,7.4],"to":[9.505,10,9],"faces":{"north":{"uv":[2.5,4.5,3.5,5.5],"texture":"#0"},"east":{"uv":[2.5,4.5,3.5,5.5],"texture":"#0"},"south":{"uv":[2.5,4.5,3.5,5.5],"texture":"#0"},"west":{"uv":[2.5,4.5,3.5,5.5],"texture":"#0"},"up":{"uv":[2.5,4.5,3.5,5.5],"texture":"#0"},"down":{"uv":[2.5,4.5,3.5,5.5],"texture":"#0"}}},{"from":[6.5,9,6.5],"to":[9.5,11.8,9],"faces":{"north":{"uv":[0.5,0.5,1.5,1.5],"texture":"#0"},"east":{"uv":[2.5,0.5,1.5,1.5],"texture":"#0"},"south":{"uv":[2.5,0.5,3.5,1.5],"texture":"#0"},"west":{"uv":[1.5,0.5,2.5,1.5],"texture":"#0"},"up":{"uv":[1.5,0.5,2.5,1.5],"texture":"#0","rotation":90},"down":{"uv":[1.5,0.5,2.5,1.5],"texture":"#0","rotation":270}}},{"from":[5.7,8.2,7.4],"to":[7.3,8.5,7.7],"rotation":{"angle":45,"axis":"z","origin":[5.3,7.85,7.7]},"faces":{"north":{"uv":[3.5,0.5,2.5,1.5],"texture":"#0"},"east":{"uv":[3.5,0.5,2.5,1.5],"texture":"#0"},"south":{"uv":[3.5,0.5,2.5,1.5],"texture":"#0"},"west":{"uv":[3.5,0.5,2.5,1.5],"texture":"#0"},"up":{"uv":[3.5,0.5,2.5,1.5],"texture":"#0"},"down":{"uv":[3.5,0.5,2.5,1.5],"texture":"#0"}}},{"from":[5.2,8.15,7.3],"to":[6.3,8.55,7.75],"rotation":{"angle":45,"axis":"z","origin":[5.3,7.85,7.7]},"faces":{"north":{"uv":[3.5,0.5,2.5,1.5],"texture":"#0"},"east":{"uv":[3.5,0.5,2.5,1.5],"texture":"#0"},"south":{"uv":[3.5,0.5,2.5,1.5],"texture":"#0"},"west":{"uv":[3.5,0.5,2.5,1.5],"texture":"#0"},"up":{"uv":[3.5,0.5,2.5,1.5],"texture":"#0"},"down":{"uv":[3.5,0.5,2.5,1.5],"texture":"#0"}}},{"from":[4.35,8,6.8],"to":[4.85,8.5,7.8],"rotation":{"angle":22.5,"axis":"y","origin":[4.4,7.6,6.8]},"faces":{"north":{"uv":[3.5,0.5,2.5,1.5],"texture":"#0"},"east":{"uv":[3.5,0.5,2.5,1.5],"texture":"#0"},"south":{"uv":[3.5,0.5,2.5,1.5],"texture":"#0"},"west":{"uv":[3.5,0.5,2.5,1.5],"texture":"#0"},"up":{"uv":[3.5,0.5,2.5,1.5],"texture":"#0"},"down":{"uv":[3.5,0.5,2.5,1.5],"texture":"#0"}}},{"from":[4.15,7.9,5.3],"to":[4.85,8.6,6.8],"rotation":{"angle":22.5,"axis":"y","origin":[4.4,7.6,6.8]},"faces":{"north":{"uv":[3.5,0.5,2.5,1.5],"texture":"#0"},"east":{"uv":[3.5,0.5,2.5,1.5],"texture":"#0"},"south":{"uv":[3.5,0.5,2.5,1.5],"texture":"#0"},"west":{"uv":[3.5,0.5,2.5,1.5],"texture":"#0"},"up":{"uv":[3.5,0.5,2.5,1.5],"texture":"#0"},"down":{"uv":[3.5,0.5,2.5,1.5],"texture":"#0"}}},{"from":[3.93,8.2,5.2],"to":[4.18,8.5,5.7],"rotation":{"angle":-22.5,"axis":"x","origin":[4.03,7.7,5.6]},"faces":{"north":{"uv":[5.5,0.5,4.5,1.5],"texture":"#0"},"east":{"uv":[5.5,0.5,4.5,1.5],"texture":"#0"},"south":{"uv":[5.5,0.5,4.5,1.5],"texture":"#0"},"west":{"uv":[5.5,0.5,4.5,1.5],"texture":"#0"},"up":{"uv":[5.5,0.5,4.5,1.5],"texture":"#0"},"down":{"uv":[5.5,0.5,4.5,1.5],"texture":"#0"}}},{"from":[3.65,8.1,5.3],"to":[3.9,8.4,5.8],"rotation":{"angle":-22.5,"axis":"x","origin":[3.7,7.6,5.7]},"faces":{"north":{"uv":[5.5,0.5,4.5,1.5],"texture":"#0"},"east":{"uv":[5.5,0.5,4.5,1.5],"texture":"#0"},"south":{"uv":[5.5,0.5,4.5,1.5],"texture":"#0"},"west":{"uv":[5.5,0.5,4.5,1.5],"texture":"#0"},"up":{"uv":[5.5,0.5,4.5,1.5],"texture":"#0"},"down":{"uv":[5.5,0.5,4.5,1.5],"texture":"#0"}}},{"from":[8.7,8.2,7.4],"to":[10.3,8.5,7.7],"rotation":{"angle":-45,"axis":"z","origin":[10.7,7.85,7.7]},"faces":{"north":{"uv":[2.5,0.5,3.5,1.5],"texture":"#0"},"east":{"uv":[2.5,0.5,3.5,1.5],"texture":"#0"},"south":{"uv":[2.5,0.5,3.5,1.5],"texture":"#0"},"west":{"uv":[2.5,0.5,3.5,1.5],"texture":"#0"},"up":{"uv":[2.5,0.5,3.5,1.5],"texture":"#0"},"down":{"uv":[2.5,0.5,3.5,1.5],"texture":"#0"}}},{"from":[9.7,8.15,7.3],"to":[10.8,8.55,7.75],"rotation":{"angle":-45,"axis":"z","origin":[10.7,7.85,7.7]},"faces":{"north":{"uv":[2.5,0.5,3.5,1.5],"texture":"#0"},"east":{"uv":[2.5,0.5,3.5,1.5],"texture":"#0"},"south":{"uv":[2.5,0.5,3.5,1.5],"texture":"#0"},"west":{"uv":[2.5,0.5,3.5,1.5],"texture":"#0"},"up":{"uv":[2.5,0.5,3.5,1.5],"texture":"#0"},"down":{"uv":[2.5,0.5,3.5,1.5],"texture":"#0"}}},{"from":[11.15,8,6.8],"to":[11.65,8.5,7.8],"rotation":{"angle":-22.5,"axis":"y","origin":[11.6,7.6,6.8]},"faces":{"north":{"uv":[2.5,0.5,3.5,1.5],"texture":"#0"},"east":{"uv":[2.5,0.5,3.5,1.5],"texture":"#0"},"south":{"uv":[2.5,0.5,3.5,1.5],"texture":"#0"},"west":{"uv":[2.5,0.5,3.5,1.5],"texture":"#0"},"up":{"uv":[2.5,0.5,3.5,1.5],"texture":"#0"},"down":{"uv":[2.5,0.5,3.5,1.5],"texture":"#0"}}},{"from":[11.15,7.9,5.3],"to":[11.85,8.6,6.8],"rotation":{"angle":-22.5,"axis":"y","origin":[11.6,7.6,6.8]},"faces":{"north":{"uv":[2.5,0.5,3.5,1.5],"texture":"#0"},"east":{"uv":[2.5,0.5,3.5,1.5],"texture":"#0"},"south":{"uv":[2.5,0.5,3.5,1.5],"texture":"#0"},"west":{"uv":[2.5,0.5,3.5,1.5],"texture":"#0"},"up":{"uv":[2.5,0.5,3.5,1.5],"texture":"#0"},"down":{"uv":[2.5,0.5,3.5,1.5],"texture":"#0"}}},{"from":[11.82,8.2,5.2],"to":[12.07,8.5,5.7],"rotation":{"angle":-22.5,"axis":"x","origin":[11.97,7.7,5.6]},"faces":{"north":{"uv":[4.5,0.5,5.5,1.5],"texture":"#0"},"east":{"uv":[4.5,0.5,5.5,1.5],"texture":"#0"},"south":{"uv":[4.5,0.5,5.5,1.5],"texture":"#0"},"west":{"uv":[4.5,0.5,5.5,1.5],"texture":"#0"},"up":{"uv":[4.5,0.5,5.5,1.5],"texture":"#0"},"down":{"uv":[4.5,0.5,5.5,1.5],"texture":"#0"}}},{"from":[12.1,8.1,5.3],"to":[12.35,8.4,5.8],"rotation":{"angle":-22.5,"axis":"x","origin":[12.3,7.6,5.7]},"faces":{"north":{"uv":[4.5,0.5,5.5,1.5],"texture":"#0"},"east":{"uv":[4.5,0.5,5.5,1.5],"texture":"#0"},"south":{"uv":[4.5,0.5,5.5,1.5],"texture":"#0"},"west":{"uv":[4.5,0.5,5.5,1.5],"texture":"#0"},"up":{"uv":[4.5,0.5,5.5,1.5],"texture":"#0"},"down":{"uv":[4.5,0.5,5.5,1.5],"texture":"#0"}}},{"from":[9.6,11.2,5.5],"to":[10.5,12.2,6.9],"rotation":{"angle":22.5,"axis":"z","origin":[9,11.8,5.85]},"faces":{"north":{"uv":[2.5,0.5,3.5,1.5],"texture":"#0"},"east":{"uv":[2.5,0.5,3.5,1.5],"texture":"#0"},"south":{"uv":[2.5,0.5,3.5,1.5],"texture":"#0"},"west":{"uv":[2.5,0.5,3.5,1.5],"texture":"#0"},"up":{"uv":[2.5,0.5,3.5,1.5],"texture":"#0"},"down":{"uv":[2.5,0.5,3.5,1.5],"texture":"#0"}}},{"from":[9.6,11,5.7],"to":[10.5,12.4,6.7],"rotation":{"angle":22.5,"axis":"z","origin":[9,11.8,5.85]},"faces":{"north":{"uv":[2.5,1.5,3.5,2.5],"texture":"#0"},"east":{"uv":[2.5,1.5,3.5,2.5],"texture":"#0"},"south":{"uv":[2.5,1.5,3.5,2.5],"texture":"#0"},"west":{"uv":[2.5,0.5,3.5,1.5],"texture":"#0"},"up":{"uv":[2.5,0.5,3.5,1.5],"texture":"#0"},"down":{"uv":[2.5,0.5,3.5,1.5],"texture":"#0"}}},{"from":[10.5,11.2,5.7],"to":[10.7,12.2,6.7],"rotation":{"angle":22.5,"axis":"z","origin":[9,11.8,5.85]},"faces":{"north":{"uv":[2.5,0.5,3.5,1.5],"texture":"#0"},"east":{"uv":[2.5,0.5,3.5,1.5],"texture":"#0"},"south":{"uv":[2.5,0.5,3.5,1.5],"texture":"#0"},"west":{"uv":[2.5,0.5,3.5,1.5],"texture":"#0"},"up":{"uv":[2.5,0.5,3.5,1.5],"texture":"#0"},"down":{"uv":[2.5,0.5,3.5,1.5],"texture":"#0"}}},{"from":[7.8,11.2,5.5],"to":[9.6,12.2,6.9],"rotation":{"angle":22.5,"axis":"z","origin":[9,11.8,5.85]},"faces":{"north":{"uv":[0.5,0.5,1.5,1.5],"texture":"#0"},"east":{"uv":[0.5,0.5,1.5,1.5],"texture":"#0"},"south":{"uv":[0.5,0.5,1.5,1.5],"texture":"#0"},"west":{"uv":[0.5,0.5,1.5,1.5],"texture":"#0"},"up":{"uv":[0.5,0.5,1.5,1.5],"texture":"#0"},"down":{"uv":[0.5,0.5,1.5,1.5],"texture":"#0"}}},{"from":[7.8,11,5.7],"to":[9.6,12.4,6.7],"rotation":{"angle":22.5,"axis":"z","origin":[9,11.8,5.85]},"faces":{"north":{"uv":[0.5,1.5,1.5,2.5],"texture":"#0"},"east":{"uv":[0.5,0.5,1.5,1.5],"texture":"#0"},"south":{"uv":[0.5,1.5,1.5,2.5],"texture":"#0"},"west":{"uv":[0.5,0.5,1.5,1.5],"texture":"#0"},"up":{"uv":[0.5,0.5,1.5,1.5],"texture":"#0"},"down":{"uv":[0.5,0.5,1.5,1.5],"texture":"#0"}}},{"from":[7.5,11.1,5.04],"to":[8.5,12.7,5.05],"rotation":{"angle":22.5,"axis":"x","origin":[8,11.1,5.3]},"faces":{"north":{"uv":[0.5,8.5,16,16],"texture":"#0","rotation":90},"south":{"uv":[0.5,8.5,16,16],"texture":"#0","rotation":90}}},{"from":[5.5,11.25,5.5],"to":[6.4,12.25,6.9],"rotation":{"angle":-22.5,"axis":"z","origin":[6.8,11.85,5.85]},"faces":{"north":{"uv":[2.5,0.5,3.5,1.5],"texture":"#0"},"east":{"uv":[2.5,0.5,3.5,1.5],"texture":"#0"},"south":{"uv":[2.5,0.5,3.5,1.5],"texture":"#0"},"west":{"uv":[2.5,0.5,3.5,1.5],"texture":"#0"},"up":{"uv":[2.5,0.5,3.5,1.5],"texture":"#0"},"down":{"uv":[2.5,0.5,3.5,1.5],"texture":"#0"}}},{"from":[5.3,11.25,5.7],"to":[5.5,12.25,6.7],"rotation":{"angle":-22.5,"axis":"z","origin":[6.8,11.85,5.85]},"faces":{"north":{"uv":[2.5,0.5,3.5,1.5],"texture":"#0"},"east":{"uv":[2.5,0.5,3.5,1.5],"texture":"#0"},"south":{"uv":[2.5,0.5,3.5,1.5],"texture":"#0"},"west":{"uv":[2.5,0.5,3.5,1.5],"texture":"#0"},"up":{"uv":[2.5,0.5,3.5,1.5],"texture":"#0"},"down":{"uv":[2.5,0.5,3.5,1.5],"texture":"#0"}}},{"from":[5.5,11.05,5.7],"to":[6.4,12.45,6.7],"rotation":{"angle":-22.5,"axis":"z","origin":[6.8,11.85,5.85]},"faces":{"north":{"uv":[2.5,1.5,3.5,2.5],"texture":"#0"},"east":{"uv":[2.5,0.5,3.5,1.5],"texture":"#0"},"south":{"uv":[2.5,1.5,3.5,2.5],"texture":"#0"},"west":{"uv":[2.5,1.5,3.5,2.5],"texture":"#0"},"up":{"uv":[2.5,0.5,3.5,1.5],"texture":"#0"},"down":{"uv":[2.5,0.5,3.5,1.5],"texture":"#0"}}},{"from":[6.4,11.05,5.7],"to":[8.6,12.45,6.7],"rotation":{"angle":-22.5,"axis":"z","origin":[6.8,11.85,5.85]},"faces":{"north":{"uv":[0.5,1.5,1.5,2.5],"texture":"#0"},"east":{"uv":[0.5,0.5,1.5,1.5],"texture":"#0"},"south":{"uv":[0.5,1.5,1.5,2.5],"texture":"#0"},"west":{"uv":[0.5,0.5,1.5,1.5],"texture":"#0"},"up":{"uv":[0.5,0.5,1.5,1.5],"texture":"#0"},"down":{"uv":[0.5,0.5,1.5,1.5],"texture":"#0"}}},{"from":[6.4,11.25,5.5],"to":[8.6,12.25,6.8],"rotation":{"angle":-22.5,"axis":"z","origin":[6.8,11.85,5.85]},"faces":{"north":{"uv":[0.5,0.5,1.5,1.5],"texture":"#0"},"east":{"uv":[0.5,0.5,1.5,1.5],"texture":"#0"},"south":{"uv":[0.5,0.5,1.5,1.5],"texture":"#0"},"west":{"uv":[0.5,0.5,1.5,1.5],"texture":"#0"},"up":{"uv":[0.5,0.5,1.5,1.5],"texture":"#0"},"down":{"uv":[0.5,0.5,1.5,1.5],"texture":"#0"}}},{"from":[6.9,11.35,5.52],"to":[9.1,11.65,5.92],"rotation":{"angle":22.5,"axis":"x","origin":[7.95,11.4,5.72]},"faces":{"north":{"uv":[0.5,0.5,1.5,1.5],"texture":"#0"},"east":{"uv":[0.5,0.5,1.5,1.5],"texture":"#0"},"south":{"uv":[0.5,0.5,1.5,1.5],"texture":"#0"},"west":{"uv":[0.5,0.5,1.5,1.5],"texture":"#0"},"up":{"uv":[0.5,0.5,1.5,1.5],"texture":"#0"},"down":{"uv":[0.5,0.5,1.5,1.5],"texture":"#0"}}},{"from":[6.9,10.55,5.3],"to":[7.2,10.85,5.95],"rotation":{"angle":-45,"axis":"z","origin":[7.15,10.3,5.625]},"faces":{"north":{"uv":[0.5,0.5,1.5,1.5],"texture":"#0"},"east":{"uv":[0.5,0.5,1.5,1.5],"texture":"#0"},"south":{"uv":[0.5,0.5,1.5,1.5],"texture":"#0"},"west":{"uv":[0.5,0.5,1.5,1.5],"texture":"#0"},"up":{"uv":[0.5,0.5,1.5,1.5],"texture":"#0"},"down":{"uv":[0.5,0.5,1.5,1.5],"texture":"#0"}}},{"from":[8.8,10.55,5.3],"to":[9.1,10.85,5.95],"rotation":{"angle":45,"axis":"z","origin":[8.85,10.3,5.625]},"faces":{"north":{"uv":[0.5,0.5,1.5,1.5],"texture":"#0"},"east":{"uv":[0.5,0.5,1.5,1.5],"texture":"#0"},"south":{"uv":[0.5,0.5,1.5,1.5],"texture":"#0"},"west":{"uv":[0.5,0.5,1.5,1.5],"texture":"#0"},"up":{"uv":[0.5,0.5,1.5,1.5],"texture":"#0"},"down":{"uv":[0.5,0.5,1.5,1.5],"texture":"#0"}}},{"from":[8.6,10.15,5.3],"to":[9.1,11.25,5.95],"faces":{"north":{"uv":[0.5,0.5,1.5,1.5],"texture":"#0"},"east":{"uv":[0.5,0.5,1.5,1.5],"texture":"#0"},"south":{"uv":[0.5,0.5,1.5,1.5],"texture":"#0"},"west":{"uv":[0.5,0.5,1.5,1.5],"texture":"#0"},"up":{"uv":[0.5,0.5,1.5,1.5],"texture":"#0"},"down":{"uv":[0.5,0.5,1.5,1.5],"texture":"#0"}}},{"from":[7.1,11.2,5.31],"to":[8.901,11.725,6.06],"faces":{"north":{"uv":[0.5,0.5,1.5,1.5],"texture":"#0"},"east":{"uv":[0.5,0.5,1.5,1.5],"texture":"#0"},"south":{"uv":[0.5,0.5,1.5,1.5],"texture":"#0"},"west":{"uv":[0.5,0.5,1.5,1.5],"texture":"#0"},"up":{"uv":[0.5,0.5,1.5,1.5],"texture":"#0"},"down":{"uv":[0.5,0.5,1.5,1.5],"texture":"#0"}}},{"from":[6.967,11.075,5.31],"to":[8.317,11.593,6.06],"rotation":{"angle":-22.5,"axis":"z","origin":[7.367,11.325,5.685]},"faces":{"north":{"uv":[0.5,0.5,1.5,1.5],"texture":"#0"},"east":{"uv":[0.5,0.5,1.5,1.5],"texture":"#0"},"south":{"uv":[0.5,0.5,1.5,1.5],"texture":"#0"},"west":{"uv":[0.5,0.5,1.5,1.5],"texture":"#0"},"up":{"uv":[0.5,0.5,1.5,1.5],"texture":"#0"},"down":{"uv":[0.5,0.5,1.5,1.5],"texture":"#0"}}},{"from":[7.686,10.859,5.31],"to":[9.036,11.374,6.06],"rotation":{"angle":22.5,"axis":"z","origin":[8.086,11.209,5.685]},"faces":{"north":{"uv":[0.5,0.5,1.5,1.5],"texture":"#0"},"east":{"uv":[0.5,0.5,1.5,1.5],"texture":"#0"},"south":{"uv":[0.5,0.5,1.5,1.5],"texture":"#0"},"west":{"uv":[0.5,0.5,1.5,1.5],"texture":"#0"},"up":{"uv":[0.5,0.5,1.5,1.5],"texture":"#0"},"down":{"uv":[0.5,0.5,1.5,1.5],"texture":"#0"}}},{"from":[6.9,10.15,5.3],"to":[7.4,11.25,5.95],"faces":{"north":{"uv":[0.5,0.5,1.5,1.5],"texture":"#0"},"east":{"uv":[0.5,0.5,1.5,1.5],"texture":"#0"},"south":{"uv":[0.5,0.5,1.5,1.5],"texture":"#0"},"west":{"uv":[0.5,0.5,1.5,1.5],"texture":"#0"},"up":{"uv":[0.5,0.5,1.5,1.5],"texture":"#0"},"down":{"uv":[0.5,0.5,1.5,1.5],"texture":"#0"}}},{"from":[8.3,9.85,5.4],"to":[8.7,10.55,5.9],"rotation":{"angle":-45,"axis":"z","origin":[8.45,9.9,5.725]},"faces":{"north":{"uv":[0.5,0.5,1.5,1.5],"texture":"#0"},"east":{"uv":[0.5,0.5,1.5,1.5],"texture":"#0"},"south":{"uv":[0.5,0.5,1.5,1.5],"texture":"#0"},"west":{"uv":[0.5,0.5,1.5,1.5],"texture":"#0"},"up":{"uv":[0.5,0.5,1.5,1.5],"texture":"#0"},"down":{"uv":[0.5,0.5,1.5,1.5],"texture":"#0"}}},{"from":[7.3,9.85,5.4],"to":[7.7,10.55,5.9],"rotation":{"angle":45,"axis":"z","origin":[7.55,9.9,5.725]},"faces":{"north":{"uv":[0.5,0.5,1.5,1.5],"texture":"#0"},"east":{"uv":[0.5,0.5,1.5,1.5],"texture":"#0"},"south":{"uv":[0.5,0.5,1.5,1.5],"texture":"#0"},"west":{"uv":[0.5,0.5,1.5,1.5],"texture":"#0"},"up":{"uv":[0.5,0.5,1.5,1.5],"texture":"#0"},"down":{"uv":[0.5,0.5,1.5,1.5],"texture":"#0"}}},{"from":[7.25,10.7,5.28],"to":[7.8,11.15,5.28],"faces":{"north":{"uv":[7.5,0.5,16,7.5],"texture":"#0"}}},{"from":[8.3,10.7,5.28],"to":[8.85,11.15,5.28],"faces":{"north":{"uv":[16,0.5,7.5,7.5],"texture":"#0"}}},{"from":[7.4,10.602,5.305],"to":[8.25,11.452,6.005],"rotation":{"angle":-45,"axis":"z","origin":[8,10.852,5.755]},"faces":{"north":{"uv":[4.5,0.5,5.5,1.5],"texture":"#0"},"east":{"uv":[4.5,0.5,5.5,1.5],"texture":"#0"},"south":{"uv":[4.5,0.5,5.5,1.5],"texture":"#0"},"west":{"uv":[4.5,0.5,5.5,1.5],"texture":"#0"},"up":{"uv":[4.5,0.5,5.5,1.5],"texture":"#0"},"down":{"uv":[4.5,0.5,5.5,1.5],"texture":"#0"}}},{"from":[7.4,10.3,5.305],"to":[8.6,11.1,6.005],"faces":{"north":{"uv":[4.5,0.5,5.5,1.5],"texture":"#0"},"east":{"uv":[4.5,0.5,5.5,1.5],"texture":"#0"},"south":{"uv":[4.5,0.5,5.5,1.5],"texture":"#0"},"west":{"uv":[4.5,0.5,5.5,1.5],"texture":"#0"},"up":{"uv":[4.5,0.5,5.5,1.5],"texture":"#0"},"down":{"uv":[4.5,0.5,5.5,1.5],"texture":"#0"}}},{"from":[7.733,10.198,5.305],"to":[8.383,10.498,6.005],"rotation":{"angle":22.5,"axis":"z","origin":[8.233,10.798,5.755]},"faces":{"north":{"uv":[4.5,0.5,5.5,1.5],"texture":"#0"},"east":{"uv":[4.5,0.5,5.5,1.5],"texture":"#0"},"south":{"uv":[4.5,0.5,5.5,1.5],"texture":"#0"},"west":{"uv":[4.5,0.5,5.5,1.5],"texture":"#0"},"up":{"uv":[4.5,0.5,5.5,1.5],"texture":"#0"},"down":{"uv":[4.5,0.5,5.5,1.5],"texture":"#0"}}},{"from":[7.629,10.255,5.305],"to":[8.279,10.555,6.005],"rotation":{"angle":-22.5,"axis":"z","origin":[7.629,10.855,5.755]},"faces":{"north":{"uv":[4.5,0.5,5.5,1.5],"texture":"#0"},"east":{"uv":[4.5,0.5,5.5,1.5],"texture":"#0"},"south":{"uv":[4.5,0.5,5.5,1.5],"texture":"#0"},"west":{"uv":[4.5,0.5,5.5,1.5],"texture":"#0"},"up":{"uv":[4.5,0.5,5.5,1.5],"texture":"#0"},"down":{"uv":[4.5,0.5,5.5,1.5],"texture":"#0"}}},{"from":[7.8,11.2,5.35],"to":[8.2,12.55,5.55],"rotation":{"angle":22.5,"axis":"x","origin":[8,11.875,5.45]},"faces":{"north":{"uv":[5,9,6,10],"texture":"#0"},"east":{"uv":[5,9,6,10],"texture":"#0"},"south":{"uv":[5,9,6,10],"texture":"#0"},"west":{"uv":[5,9,6,10],"texture":"#0"},"up":{"uv":[5,9,6,10],"texture":"#0"},"down":{"uv":[5,9,6,10],"texture":"#0"}}},{"from":[7.6,11.4,5.35],"to":[8.4,12.35,5.55],"rotation":{"angle":22.5,"axis":"x","origin":[8,11.875,5.45]},"faces":{"north":{"uv":[5,9,6,10],"texture":"#0"},"east":{"uv":[5,9,6,10],"texture":"#0"},"south":{"uv":[5,9,6,10],"texture":"#0"},"west":{"uv":[5,9,6,10],"texture":"#0"},"up":{"uv":[5,9,6,10],"texture":"#0"},"down":{"uv":[5,9,6,10],"texture":"#0"}}},{"from":[7.255,11.8,5.5],"to":[8.855,12.045,6.7],"faces":{"north":{"uv":[0.5,0.5,1.5,1.5],"texture":"#0"},"east":{"uv":[0.5,0.5,1.5,1.5],"texture":"#0"},"south":{"uv":[0.5,0.5,1.5,1.5],"texture":"#0"},"west":{"uv":[0.5,0.5,1.5,1.5],"texture":"#0"},"up":{"uv":[0.5,0.5,1.5,1.5],"texture":"#0"},"down":{"uv":[0.5,0.5,1.5,1.5],"texture":"#0"}}},{"from":[7.1,11.35,5.7],"to":[8.9,12.25,6.7],"faces":{"north":{"uv":[0.5,0.5,1.5,1.5],"texture":"#0"},"east":{"uv":[0.5,0.5,1.5,1.5],"texture":"#0"},"south":{"uv":[0.5,0.5,1.5,1.5],"texture":"#0"},"west":{"uv":[0.5,0.5,1.5,1.5],"texture":"#0"},"up":{"uv":[0.5,0.5,1.5,1.5],"texture":"#0"},"down":{"uv":[0.5,0.5,1.5,1.5],"texture":"#0"}}},{"from":[9.14,9.85,9.42],"to":[12.54,12.45,9.43],"rotation":{"angle":-22.5,"axis":"y","origin":[9.11,11.15,9.47]},"faces":{"north":{"uv":[0.5,2.5,15.25,13],"texture":"#1"},"south":{"uv":[15.25,2.5,0.5,13],"texture":"#1"}}},{"from":[9.14,9.85,9.46],"to":[9.15,12.45,12.86],"rotation":{"angle":22.5,"axis":"y","origin":[9.1,11.15,9.43]},"faces":{"east":{"uv":[0.5,2.5,15.25,13],"texture":"#2"},"west":{"uv":[15.25,2.5,0.5,13],"texture":"#2"}}},{"from":[3.46,9.85,9.42],"to":[6.86,12.45,9.43],"rotation":{"angle":22.5,"axis":"y","origin":[6.89,11.15,9.47]},"faces":{"north":{"uv":[15.25,2.5,0.5,13],"texture":"#1"},"south":{"uv":[0.5,2.5,15.25,13],"texture":"#1"}}},{"from":[6.85,9.85,9.46],"to":[6.86,12.45,12.86],"rotation":{"angle":-22.5,"axis":"y","origin":[6.9,11.15,9.43]},"faces":{"east":{"uv":[0.5,2.5,15.25,13],"texture":"#2"},"west":{"uv":[15.25,2.5,0.5,13],"texture":"#2"}}}],"display":{"thirdperson_righthand":{"scale":[0,0,0]},"thirdperson_lefthand":{"scale":[0,0,0]},"firstperson_righthand":{"scale":[0,0,0]},"firstperson_lefthand":{"scale":[0,0,0]},"head":{"scale":[3.2,3.3,3.3],"translation":[0,-8.5,0]},"gui":{"scale":[1.05,1.1,1.1],"rotation":[30,135,0],"translation":[0,3,0]}}}