{"credit":"Designed by Madstonmagic with BDcraft Cubik PRO 0.96 Beta - http://bdcraft.net","textures":{"texture":"pokemon_skins/regular/shellos/west/west_base","particle":"pokemon_skins/regular/shellos/eye"},"elements":[{"from":[3.5,8.5,6.5],"to":[6.5,13.5,9.5],"faces":{"north":{"uv":[1,1,5,5],"texture":"#texture"},"west":{"uv":[7.25,1,11.25,5],"texture":"#texture"},"up":{"uv":[1,1,5,5],"texture":"#texture"},"down":{"uv":[7.25,0.75,11.25,4.75],"texture":"#texture"}}},{"from":[3.5,9.5,5.5],"to":[6.5,12.5,10.5],"faces":{"north":{"uv":[1,1,5,5],"texture":"#texture"},"south":{"uv":[1,1,5,5],"texture":"#texture"},"west":{"uv":[1,1,5,5],"texture":"#texture"},"up":{"uv":[1,1,5,5],"texture":"#texture"},"down":{"uv":[1,1,5,5],"texture":"#texture"}}},{"from":[2.5,9.5,6.5],"to":[7.5,12.5,9.5],"faces":{"north":{"uv":[1,1,5,5],"texture":"#texture"},"east":{"uv":[1,1,5,5],"texture":"#texture"},"south":{"uv":[1,1,5,5],"texture":"#texture"},"west":{"uv":[1,1,5,5],"texture":"#texture"},"up":{"uv":[1,1,5,5],"texture":"#texture"},"down":{"uv":[1,1,5,5],"texture":"#texture"}}},{"from":[2.5,6.843,6.5],"to":[3.91,12.503,9.5],"rotation":{"angle":45,"axis":"z","origin":[2.5,12.503,6.5]},"faces":{"north":{"uv":[1,1,5,5],"texture":"#texture"},"east":{"uv":[1,1,5,5],"texture":"#texture"},"south":{"uv":[1,1,5,5],"texture":"#texture"},"west":{"uv":[1,1,5,5],"texture":"#texture"},"up":{"uv":[1,1,5,5],"texture":"#texture"},"down":{"uv":[1,1,5,5],"texture":"#texture"}}},{"from":[6.5,9.61,6.5],"to":[7.91,13.5,9.5],"rotation":{"angle":-45,"axis":"z","origin":[6.5,13.5,6.5]},"faces":{"north":{"uv":[1,1,5,5],"texture":"#texture"},"east":{"uv":[1,1,5,5],"texture":"#texture"},"south":{"uv":[1,1,5,5],"texture":"#texture"},"up":{"uv":[1,1,5,5],"texture":"#texture"}}},{"from":[5,6.84,5.5],"to":[6.5,12.5,6.91],"rotation":{"angle":-45,"axis":"x","origin":[5,12.5,5.5]},"faces":{"north":{"uv":[1,1,5,5],"texture":"#texture"},"east":{"uv":[1,1,5,5],"texture":"#texture"},"south":{"uv":[1,1,5,5],"texture":"#texture"},"west":{"uv":[1,1,5,5],"texture":"#texture"},"up":{"uv":[1,1,5,5],"texture":"#texture"},"down":{"uv":[1,1,5,5],"texture":"#texture"}}},{"from":[5,7.84,9.5],"to":[6.5,13.5,10.91],"rotation":{"angle":45,"axis":"x","origin":[5,13.5,9.5]},"faces":{"north":{"uv":[1,1,5,5],"texture":"#texture"},"east":{"uv":[1,1,5,5],"texture":"#texture"},"south":{"uv":[1,1,5,5],"texture":"#texture"},"west":{"uv":[1,1,5,5],"texture":"#texture"},"up":{"uv":[1,1,5,5],"texture":"#texture"},"down":{"uv":[1,1,5,5],"texture":"#texture"}}},{"from":[2.5,9.5,6.5],"to":[3.91,12.5,12.16],"rotation":{"angle":45,"axis":"y","origin":[2.5,9.5,6.5]},"faces":{"north":{"uv":[1,1,5,5],"texture":"#texture"},"east":{"uv":[1,1,5,5],"texture":"#texture"},"south":{"uv":[1,1,5,5],"texture":"#texture"},"west":{"uv":[1,1,5,5],"texture":"#texture"},"up":{"uv":[1,1,5,5],"texture":"#texture"},"down":{"uv":[1,1,5,5],"texture":"#texture"}}},{"from":[6.5,9.5,5.5],"to":[7.91,12.5,11.16],"rotation":{"angle":-45,"axis":"y","origin":[6.5,9.5,5.5]},"faces":{"north":{"uv":[1,1,5,5],"texture":"#texture"},"east":{"uv":[1,1,5,5],"texture":"#texture"},"south":{"uv":[1,1,5,5],"texture":"#texture"},"west":{"uv":[1,1,5,5],"texture":"#texture"},"up":{"uv":[1,1,5,5],"texture":"#texture"},"down":{"uv":[1,1,5,5],"texture":"#texture"}}},{"from":[2.25,9.51,6.5],"to":[3.25,10.01,9.5],"faces":{"west":{"uv":[0.75,8,2.25,10.75],"texture":"#texture"},"up":{"uv":[2,6.75,3.5,8.5],"texture":"#texture"},"down":{"uv":[1.75,7,3.5,9.75],"texture":"#texture"}}},{"from":[2.25,9,6.5],"to":[3.25,9.5,9.5],"faces":{"west":{"uv":[0.75,8,2.25,10.75],"texture":"#texture"},"up":{"uv":[2,6.75,3.5,8.5],"texture":"#texture"},"down":{"uv":[1.75,7,3.5,9.75],"texture":"#texture"}}},{"from":[2.25,9.51,6.5],"to":[2.97,10.01,7.5],"rotation":{"angle":45,"axis":"y","origin":[2.25,9.51,6.5]},"faces":{"north":{"uv":[2.5,8.25,4.5,11.5],"texture":"#texture"},"east":{"uv":[1.5,7.75,4.5,10.5],"texture":"#texture"},"up":{"uv":[2,6.75,3.5,8.5],"texture":"#texture"},"down":{"uv":[1.75,7,3.5,9.75],"texture":"#texture"}}},{"from":[2.25,9.51,9.5],"to":[3.25,10.01,10.22],"rotation":{"angle":45,"axis":"y","origin":[2.25,9.51,9.5]},"faces":{"south":{"uv":[1.25,7,3.75,10.25],"texture":"#texture"},"west":{"uv":[0.75,8,2.25,10.75],"texture":"#texture"},"up":{"uv":[2,6.75,3.5,8.5],"texture":"#texture"},"down":{"uv":[1.75,7,3.5,9.75],"texture":"#texture"}}},{"from":[2.25,9,9.5],"to":[3.25,9.5,10.22],"rotation":{"angle":45,"axis":"y","origin":[2.25,9,9.5]},"faces":{"east":{"uv":[1.5,7.75,4.5,10.5],"texture":"#texture"},"south":{"uv":[1.25,7,3.75,10.25],"texture":"#texture"},"west":{"uv":[0.75,8,2.25,10.75],"texture":"#texture"},"up":{"uv":[2,6.75,3.5,8.5],"texture":"#texture"},"down":{"uv":[1.75,7,3.5,9.75],"texture":"#texture"}}},{"from":[2.25,9,6.5],"to":[2.97,9.5,7.5],"rotation":{"angle":45,"axis":"y","origin":[2.25,9,6.5]},"faces":{"north":{"uv":[2.5,8.25,4.5,11.5],"texture":"#texture"},"east":{"uv":[1.5,7.75,4.5,10.5],"texture":"#texture"},"south":{"uv":[1.25,7,3.75,10.25],"texture":"#texture"},"up":{"uv":[2,6.75,3.5,8.5],"texture":"#texture"},"down":{"uv":[1.75,7,3.5,9.75],"texture":"#texture"}}},{"from":[2.75,9.06,6],"to":[3,9.96,6.5],"rotation":{"angle":45,"axis":"y","origin":[2.75,9.06,6]},"faces":{"north":{"uv":[2.5,8.25,4.5,11.5],"texture":"#texture"},"east":{"uv":[1.5,7.75,4.5,10.5],"texture":"#texture"},"south":{"uv":[1.25,7,3.75,10.25],"texture":"#texture"},"up":{"uv":[2,6.75,3.5,8.5],"texture":"#texture"},"down":{"uv":[1.75,7,3.5,9.75],"texture":"#texture"}}},{"from":[2.75,9.06,10],"to":[3.5,9.96,10.3],"rotation":{"angle":45,"axis":"y","origin":[2.75,9.06,10]},"faces":{"east":{"uv":[1.5,7.75,4.5,10.5],"texture":"#texture"},"south":{"uv":[1.25,7,3.75,10.25],"texture":"#texture"},"west":{"uv":[0.75,8,2.25,10.75],"texture":"#texture"},"up":{"uv":[2,6.75,3.5,8.5],"texture":"#texture"},"down":{"uv":[1.75,7,3.5,9.75],"texture":"#texture"}}},{"from":[2.5,9.5,6.4375],"to":[3.75,12,7.1875],"rotation":{"angle":45,"axis":"y","origin":[2.5,9.5,6.4375]},"faces":{"north":{"uv":[8.5,0.25,0.25,11.5],"texture":"#particle"},"east":{"uv":[10.5,8.5,12.75,11],"texture":"#particle"},"west":{"uv":[11,10.25,14.75,12.25],"texture":"#particle"},"up":{"uv":[10.5,8.5,13.5,11],"texture":"#particle"}}},{"from":[2.49,9.5,9.5],"to":[3.24,12,10.75],"rotation":{"angle":45,"axis":"y","origin":[2.49,9.5,9.5]},"faces":{"north":{"uv":[10.75,8.75,14.5,13],"texture":"#particle"},"south":{"uv":[12,7.25,14.75,9.25],"texture":"#particle"},"west":{"uv":[0.25,0.25,8.5,11.5],"texture":"#particle"},"up":{"uv":[10.5,8.5,13.5,11],"texture":"#particle"},"down":{"uv":[12.75,7.25,14.5,10],"texture":"#particle"}}},{"from":[2.49,10.1875,7.875],"to":[3.99,10.25,8.125],"faces":{"north":{"uv":[13.75,4.75,14.75,6.25],"texture":"#texture"},"south":{"uv":[12.5,10,14.25,11.5],"texture":"#texture"},"west":{"uv":[0.25,12.25,4,13.25],"texture":"#texture"},"up":{"uv":[10.25,13.75,11.75,14.25],"texture":"#texture"},"down":{"uv":[9.5,14,11,14.5],"texture":"#texture"}}},{"from":[6.3125,8.5,6.5],"to":[7.5625,10,9.5],"rotation":{"angle":-22.5,"axis":"z","origin":[6.3125,10,6.5]},"faces":{"north":{"uv":[1,1,5,5],"texture":"#texture"},"east":{"uv":[1,1,5,5],"texture":"#texture"},"south":{"uv":[1,1,5,5],"texture":"#texture"}}},{"from":[5.5,2.38,6.5],"to":[8.25,4.5,9.5],"rotation":{"angle":45,"axis":"z","origin":[5.5,4.5,6.5]},"faces":{"north":{"uv":[1,1,5,5],"texture":"#texture"},"south":{"uv":[1,1,5,5],"texture":"#texture"}}},{"from":[7,3,6.5],"to":[12.5,6,9.5],"faces":{"north":{"uv":[1,1,5,5],"texture":"#texture"},"east":{"uv":[1,1,5,5],"texture":"#texture"},"south":{"uv":[1,1,5,5],"texture":"#texture"}}},{"from":[4.5,4.5,6.75],"to":[5.5,9,9.25],"faces":{"north":{"uv":[7,1,11,5],"texture":"#texture"},"south":{"uv":[7,1,11,5],"texture":"#texture"},"west":{"uv":[6.5,0.75,10.5,4.75],"texture":"#texture"}}},{"from":[3.25,6.5,6.75],"to":[4.25,9,9.25],"rotation":{"angle":45,"axis":"z","origin":[3.25,9,6.75]},"faces":{"north":{"uv":[7,1,11,5],"texture":"#texture"},"south":{"uv":[7,1,11,5],"texture":"#texture"},"west":{"uv":[6.5,0.75,10.5,4.75],"texture":"#texture"}}},{"from":[3.875,8.375,6.75],"to":[5.125,9.375,9.25],"rotation":{"angle":-22.5,"axis":"z","origin":[3.875,9.375,6.75]},"faces":{"north":{"uv":[7,1,11,5],"texture":"#texture"},"south":{"uv":[7,1,11,5],"texture":"#texture"},"west":{"uv":[6.5,0.75,10.5,4.75],"texture":"#texture"},"down":{"uv":[7,1,11,5],"texture":"#texture"}}},{"from":[4.5,1.75,6.75],"to":[7.25,4.5,9.25],"rotation":{"angle":45,"axis":"z","origin":[4.5,4.5,6.75]},"faces":{"north":{"uv":[7,1,11,5],"texture":"#texture"},"south":{"uv":[7,1,11,5],"texture":"#texture"},"west":{"uv":[6.5,0.75,10.5,4.75],"texture":"#texture"}}},{"from":[6.25,2.25,6.75],"to":[13,3.25,9.25],"faces":{"north":{"uv":[7,1,11,5],"texture":"#texture"},"east":{"uv":[7,1.25,11,5.25],"texture":"#texture"},"south":{"uv":[7,1,11,5],"texture":"#texture"},"west":{"uv":[6.5,0.75,10.5,4.75],"texture":"#texture"},"up":{"uv":[7,0.75,11,4.75],"texture":"#texture"},"down":{"uv":[7,1,11,5],"texture":"#texture"}}},{"from":[13.25,3,7],"to":[13.75,5.5,9],"faces":{"east":{"uv":[1,1,5,5],"texture":"#texture"},"south":{"uv":[1,1,5,5],"texture":"#texture"},"west":{"uv":[1,1,5,5],"texture":"#texture"},"down":{"uv":[1,1,5,5],"texture":"#texture"}}},{"from":[5.5,4.5,6.5],"to":[7,8.5,9.5],"faces":{"north":{"uv":[1,1,5,5],"texture":"#texture"},"east":{"uv":[1,1,5,5],"texture":"#texture"},"south":{"uv":[1,1,5,5],"texture":"#texture"}}},{"from":[5.75,4,6.5],"to":[7,8,9.5],"rotation":{"angle":22.5,"axis":"z","origin":[5.75,8,6.5]},"faces":{"north":{"uv":[1,1,5,5],"texture":"#texture"},"east":{"uv":[1,1,5,5],"texture":"#texture"},"south":{"uv":[1,1,5,5],"texture":"#texture"}}},{"from":[7,6.25,6.5],"to":[11.25,7.5,9.5],"rotation":{"angle":-22.5,"axis":"z","origin":[7,7.5,6.5]},"faces":{"north":{"uv":[1,1,5,5],"texture":"#texture"},"south":{"uv":[1,1,5,5],"texture":"#texture"},"up":{"uv":[1,1,5,5],"texture":"#texture"}}},{"from":[8.25,5.25,7],"to":[12,7.25,9],"faces":{"north":{"uv":[1,1,5,5],"texture":"#texture"},"south":{"uv":[1,1,5,5],"texture":"#texture"},"west":{"uv":[1,1,5,5],"texture":"#texture"},"up":{"uv":[1,1,5,5],"texture":"#texture"}}},{"from":[12,5,7],"to":[14.48,7.25,9],"rotation":{"angle":-45,"axis":"z","origin":[12,7.25,7]},"faces":{"north":{"uv":[1,1,5,5],"texture":"#texture"},"east":{"uv":[1,1,5,5],"texture":"#texture"},"south":{"uv":[1,1,5,5],"texture":"#texture"},"up":{"uv":[1,1,5,5],"texture":"#texture"}}},{"from":[7.375,5.625,7],"to":[8.375,6.875,9],"rotation":{"angle":22.5,"axis":"z","origin":[7.375,6.875,7]},"faces":{"north":{"uv":[1,1,5,5],"texture":"#texture"},"east":{"uv":[1,1,5,5],"texture":"#texture"},"south":{"uv":[1,1,5,5],"texture":"#texture"},"up":{"uv":[1,1,5,5],"texture":"#texture"}}},{"from":[7.25,3,5.75],"to":[9,5.5,10.25],"faces":{"north":{"uv":[1,1,5,5],"texture":"#texture"},"south":{"uv":[1,1,5,5],"texture":"#texture"},"west":{"uv":[1,1,5,5],"texture":"#texture"}}},{"from":[12.5,3,5.75],"to":[14.27,5.5,7],"rotation":{"angle":-45,"axis":"y","origin":[12.5,3,5.75]},"faces":{"north":{"uv":[1,1,5,5],"texture":"#texture"},"east":{"uv":[1,1,5,5],"texture":"#texture"},"south":{"uv":[1,1,5,5],"texture":"#texture"},"up":{"uv":[1,1,5,5],"texture":"#texture"},"down":{"uv":[1,1,5,5],"texture":"#texture"}}},{"from":[6,3.75,7],"to":[7.77,5.5,8.25],"rotation":{"angle":45,"axis":"y","origin":[6,3.75,7]},"faces":{"north":{"uv":[1,1,5,5],"texture":"#texture"},"east":{"uv":[1,1,5,5],"texture":"#texture"},"south":{"uv":[1,1,5,5],"texture":"#texture"},"west":{"uv":[1,1,5,5],"texture":"#texture"},"up":{"uv":[1,1,5,5],"texture":"#texture"},"down":{"uv":[1,1,5,5],"texture":"#texture"}}},{"from":[7.25,4.5,5.75],"to":[12.5,5.5,7.52],"rotation":{"angle":-45,"axis":"x","origin":[7.25,5.5,5.75]},"faces":{"east":{"uv":[1,1,5,5],"texture":"#texture"},"south":{"uv":[1,1,5,5],"texture":"#texture"},"west":{"uv":[1,1,5,5],"texture":"#texture"},"up":{"uv":[1,1,5,5],"texture":"#texture"},"down":{"uv":[1,1,5,5],"texture":"#texture"}}},{"from":[7.25,5.75,9],"to":[12.5,6.75,10.77],"rotation":{"angle":45,"axis":"x","origin":[7.25,6.75,9]},"faces":{"north":{"uv":[1,1,5,5],"texture":"#texture"},"east":{"uv":[1,1,5,5],"texture":"#texture"},"south":{"uv":[1,1,5,5],"texture":"#texture"},"west":{"uv":[1,1,5,5],"texture":"#texture"},"up":{"uv":[1,1,5,5],"texture":"#texture"},"down":{"uv":[1,1,5,5],"texture":"#texture"}}},{"from":[11.615,3,9.365],"to":[13.385,5.5,10.615],"rotation":{"angle":45,"axis":"y","origin":[11.615,3,9.365]},"faces":{"north":{"uv":[1,1,5,5],"texture":"#texture"},"east":{"uv":[1,1,5,5],"texture":"#texture"},"south":{"uv":[1,1,5,5],"texture":"#texture"},"up":{"uv":[1,1,5,5],"texture":"#texture"},"down":{"uv":[1,1,5,5],"texture":"#texture"}}},{"from":[9,3.75,5.75],"to":[10.75,5.5,10.25],"faces":{"north":{"uv":[1,1,5,5],"texture":"#texture"},"south":{"uv":[1,1,5,5],"texture":"#texture"}}},{"from":[10.75,3,5.75],"to":[12.5,5.5,10.25],"faces":{"north":{"uv":[1,1,5,5],"texture":"#texture"},"east":{"uv":[1,1,5,5],"texture":"#texture"},"south":{"uv":[1,1,5,5],"texture":"#texture"}}},{"from":[6.25,3.75,9.25],"to":[7.25,5.5,10.66],"rotation":{"angle":45,"axis":"y","origin":[6.25,3.75,9.25]},"faces":{"north":{"uv":[1,1,5,5],"texture":"#texture"},"east":{"uv":[1,1,5,5],"texture":"#texture"},"south":{"uv":[1,1,5,5],"texture":"#texture"},"west":{"uv":[1,1,5,5],"texture":"#texture"},"up":{"uv":[1,1,5,5],"texture":"#texture"},"down":{"uv":[1,1,5,5],"texture":"#texture"}}},{"from":[2.75,9.25,10],"to":[3.25,9.75,11.06],"rotation":{"angle":45,"axis":"y","origin":[2.75,9.25,10]},"faces":{"north":{"uv":[2.5,8.25,4.5,11.5],"texture":"#texture"},"east":{"uv":[1.5,7.75,4.5,10.5],"texture":"#texture"},"south":{"uv":[1.25,7,3.75,10.25],"texture":"#texture"},"west":{"uv":[0.75,8,2.25,10.75],"texture":"#texture"},"up":{"uv":[2,6.75,3.5,8.5],"texture":"#texture"},"down":{"uv":[1.75,7,3.5,9.75],"texture":"#texture"}}},{"from":[3.5,9.25,5.25],"to":[5,9.75,10.75],"faces":{"north":{"uv":[2.5,8.25,4.5,11.5],"texture":"#texture"},"east":{"uv":[1.5,7.75,4.5,10.5],"texture":"#texture"},"south":{"uv":[1.25,7,3.75,10.25],"texture":"#texture"},"west":{"uv":[0.75,8,2.25,10.75],"texture":"#texture"},"up":{"uv":[2,6.75,3.5,8.5],"texture":"#texture"},"down":{"uv":[1.75,7,3.5,9.75],"texture":"#texture"}}},{"from":[4.5,8.1925,10.3975],"to":[5,9.6025,10.8975],"rotation":{"angle":45,"axis":"x","origin":[4.5,9.6025,10.3975]},"faces":{"east":{"uv":[1.5,7.75,4.5,10.5],"texture":"#texture"},"south":{"uv":[1.25,7,3.75,10.25],"texture":"#texture"},"west":{"uv":[0.75,8,2.25,10.75],"texture":"#texture"},"up":{"uv":[2,6.75,3.5,8.5],"texture":"#texture"},"down":{"uv":[1.75,7,3.5,9.75],"texture":"#texture"}}},{"from":[4.5,7.02144,6.25],"to":[5,8.27144,9.75],"rotation":{"angle":45,"axis":"z","origin":[4.5,8.27144,6.25]},"faces":{"north":{"uv":[2.5,8.25,4.5,11.5],"texture":"#texture"},"east":{"uv":[1.5,7.75,4.5,10.5],"texture":"#texture"},"south":{"uv":[1.25,7,3.75,10.25],"texture":"#texture"},"west":{"uv":[0.75,8,2.25,10.75],"texture":"#texture"},"up":{"uv":[2,6.75,3.5,8.5],"texture":"#texture"}}},{"from":[5.25,8.5,6.5],"to":[6.75,9.5,9.5],"rotation":{"angle":-45,"axis":"z","origin":[5.25,9.5,6.5]},"faces":{"north":{"uv":[1,1,5,5],"texture":"#texture"},"south":{"uv":[1,1,5,5],"texture":"#texture"}}},{"from":[3.5,7.36,6.75],"to":[5,11.25,8.16],"rotation":{"angle":-45,"axis":"x","origin":[3.5,11.25,6.75]},"faces":{"north":{"uv":[1,1,5,5],"texture":"#texture"},"west":{"uv":[7,1.25,11,5.25],"texture":"#texture"},"down":{"uv":[7.25,0.5,11.25,4.5],"texture":"#texture"}}},{"from":[5.25,4.5,6.25],"to":[5.75,7.75,9.75],"faces":{"north":{"uv":[2.5,8.25,4.5,11.5],"texture":"#texture"},"east":{"uv":[1.5,7.75,4.5,10.5],"texture":"#texture"},"south":{"uv":[1.25,7,3.75,10.25],"texture":"#texture"},"west":{"uv":[0.75,8,2.25,10.75],"texture":"#texture"},"up":{"uv":[2,6.75,3.5,8.5],"texture":"#texture"}}},{"from":[4.5,8.25,9.25],"to":[5,8.5,9.75],"faces":{"east":{"uv":[1.5,7.75,4.5,10.5],"texture":"#texture"},"south":{"uv":[1.25,7,3.75,10.25],"texture":"#texture"},"west":{"uv":[0.75,8,2.25,10.75],"texture":"#texture"},"up":{"uv":[2,6.75,3.5,8.5],"texture":"#texture"},"down":{"uv":[1.75,7,3.5,9.75],"texture":"#texture"}}},{"from":[4.5,7.84,5.25],"to":[5,9.25,5.75],"rotation":{"angle":-45,"axis":"x","origin":[4.5,9.25,5.25]},"faces":{"north":{"uv":[2.5,8.25,4.5,11.5],"texture":"#texture"},"east":{"uv":[1.5,7.75,4.5,10.5],"texture":"#texture"},"west":{"uv":[0.75,8,2.25,10.75],"texture":"#texture"},"down":{"uv":[1.75,7,3.5,9.75],"texture":"#texture"}}},{"from":[4.5,8.25,6.25],"to":[5,8.5,6.75],"faces":{"north":{"uv":[2.5,8.25,4.5,11.5],"texture":"#texture"},"east":{"uv":[1.5,7.75,4.5,10.5],"texture":"#texture"},"west":{"uv":[0.75,8,2.25,10.75],"texture":"#texture"},"up":{"uv":[2,6.75,3.5,8.5],"texture":"#texture"},"down":{"uv":[1.75,7,3.5,9.75],"texture":"#texture"}}},{"from":[5.25,2.02,6.25],"to":[5.75,4.5,9.75],"rotation":{"angle":45,"axis":"z","origin":[5.25,4.5,6.25]},"faces":{"north":{"uv":[2.5,8.25,4.5,11.5],"texture":"#texture"},"east":{"uv":[1.5,7.75,4.5,10.5],"texture":"#texture"},"south":{"uv":[1.25,7,3.75,10.25],"texture":"#texture"},"west":{"uv":[0.75,8,2.25,10.75],"texture":"#texture"},"down":{"uv":[1.75,7,3.5,9.75],"texture":"#texture"}}},{"from":[7,2.75,5.75],"to":[7.25,3.25,10.25],"faces":{"west":{"uv":[0.75,8,2.25,10.75],"texture":"#texture"},"up":{"uv":[2,6.75,3.5,8.5],"texture":"#texture"}}},{"from":[7.25,2.75,5.5],"to":[9,3.25,10.5],"faces":{"north":{"uv":[2.5,8.25,4.5,11.5],"texture":"#texture"},"east":{"uv":[1.5,7.75,4.5,10.5],"texture":"#texture"},"south":{"uv":[1.25,7,3.75,10.25],"texture":"#texture"},"west":{"uv":[0.75,8,2.25,10.75],"texture":"#texture"},"up":{"uv":[2,6.75,3.5,8.5],"texture":"#texture"},"down":{"uv":[1.75,7,3.5,9.75],"texture":"#texture"}}},{"from":[9,3.25,5.5],"to":[10.75,3.75,10.5],"faces":{"north":{"uv":[2.5,8.25,4.5,11.5],"texture":"#texture"},"east":{"uv":[1.5,7.75,4.5,10.5],"texture":"#texture"},"south":{"uv":[1.25,7,3.75,10.25],"texture":"#texture"},"west":{"uv":[0.75,8,2.25,10.75],"texture":"#texture"},"up":{"uv":[2,6.75,3.5,8.5],"texture":"#texture"},"down":{"uv":[1.75,7,3.5,9.75],"texture":"#texture"}}},{"from":[10.75,2.75,5.5],"to":[12.5,3.25,10.5],"faces":{"north":{"uv":[2.5,8.25,4.5,11.5],"texture":"#texture"},"east":{"uv":[1.5,7.75,4.5,10.5],"texture":"#texture"},"south":{"uv":[1.25,7,3.75,10.25],"texture":"#texture"},"up":{"uv":[2,6.75,3.5,8.5],"texture":"#texture"},"down":{"uv":[1.75,7,3.5,9.75],"texture":"#texture"}}},{"from":[8.6475,2.605,5.5],"to":[9.3975,3.105,10.5],"rotation":{"angle":45,"axis":"z","origin":[8.6475,3.105,5.5]},"faces":{"north":{"uv":[2.5,8.25,4.5,11.5],"texture":"#texture"},"south":{"uv":[1.25,7,3.75,10.25],"texture":"#texture"},"west":{"uv":[0.75,8,2.25,10.75],"texture":"#texture"},"up":{"uv":[2,6.75,3.5,8.5],"texture":"#texture"},"down":{"uv":[1.75,7,3.5,9.75],"texture":"#texture"}}},{"from":[10.5725,3.1275,5.5],"to":[11.3225,3.6275,10.5],"rotation":{"angle":-45,"axis":"z","origin":[10.5725,3.6275,5.5]},"faces":{"north":{"uv":[2.5,8.25,4.5,11.5],"texture":"#texture"},"east":{"uv":[1.5,7.75,4.5,10.5],"texture":"#texture"},"south":{"uv":[1.25,7,3.75,10.25],"texture":"#texture"},"up":{"uv":[2,6.75,3.5,8.5],"texture":"#texture"},"down":{"uv":[1.75,7,3.5,9.75],"texture":"#texture"}}},{"from":[7,2.75,5.75],"to":[7.35,3.25,6.25],"rotation":{"angle":45,"axis":"y","origin":[7,2.75,5.75]},"faces":{"north":{"uv":[2.5,8.25,4.5,11.5],"texture":"#texture"},"east":{"uv":[1.5,7.75,4.5,10.5],"texture":"#texture"},"up":{"uv":[2,6.75,3.5,8.5],"texture":"#texture"},"down":{"uv":[1.75,7,3.5,9.75],"texture":"#texture"}}},{"from":[7,2.75,10.25],"to":[7.25,3.25,10.6],"rotation":{"angle":45,"axis":"y","origin":[7,2.75,10.25]},"faces":{"south":{"uv":[1.25,7,3.75,10.25],"texture":"#texture"},"west":{"uv":[0.75,8,2.25,10.75],"texture":"#texture"},"up":{"uv":[2,6.75,3.5,8.5],"texture":"#texture"},"down":{"uv":[1.75,7,3.5,9.75],"texture":"#texture"}}},{"from":[2.75,9.25,6],"to":[3.81,9.75,6.5],"rotation":{"angle":45,"axis":"y","origin":[2.75,9.25,6]},"faces":{"north":{"uv":[2.5,8.25,4.5,11.5],"texture":"#texture"},"east":{"uv":[1.5,7.75,4.5,10.5],"texture":"#texture"},"south":{"uv":[1.25,7,3.75,10.25],"texture":"#texture"},"west":{"uv":[0.75,8,2.25,10.75],"texture":"#texture"},"up":{"uv":[2,6.75,3.5,8.5],"texture":"#texture"},"down":{"uv":[1.75,7,3.5,9.75],"texture":"#texture"}}},{"from":[8.75,2.25,6.25],"to":[11.25,3.25,9.75],"faces":{"north":{"uv":[7,1,11,5],"texture":"#texture"},"east":{"uv":[7,1.25,11,5.25],"texture":"#texture"},"south":{"uv":[7,1,11,5],"texture":"#texture"},"west":{"uv":[6.5,0.75,10.5,4.75],"texture":"#texture"},"down":{"uv":[7,1,11,5],"texture":"#texture"}}},{"from":[6.75,1.5,5.5],"to":[8.75,2.75,7.5],"rotation":{"angle":-22.5,"axis":"x","origin":[6.75,2.75,5.5]},"faces":{"north":{"uv":[7,1,11,5],"texture":"#texture"},"east":{"uv":[7,1.25,11,5.25],"texture":"#texture"},"south":{"uv":[7,1,11,5],"texture":"#texture"},"west":{"uv":[6.5,0.75,10.5,4.75],"texture":"#texture"},"up":{"uv":[7,0.75,11,4.75],"texture":"#texture"},"down":{"uv":[7,1,11,5],"texture":"#texture"}}},{"from":[6.75,2.25,8.75],"to":[8.75,3.5,10.75],"rotation":{"angle":22.5,"axis":"x","origin":[6.75,3.5,8.75]},"faces":{"north":{"uv":[7,1,11,5],"texture":"#texture"},"east":{"uv":[7,1.25,11,5.25],"texture":"#texture"},"south":{"uv":[7,1,11,5],"texture":"#texture"},"west":{"uv":[6.5,0.75,10.5,4.75],"texture":"#texture"},"up":{"uv":[7,0.75,11,4.75],"texture":"#texture"},"down":{"uv":[7,1,11,5],"texture":"#texture"}}},{"from":[11,1.5,5.5],"to":[13,2.75,7.5],"rotation":{"angle":-22.5,"axis":"x","origin":[11,2.75,5.5]},"faces":{"north":{"uv":[7,1,11,5],"texture":"#texture"},"east":{"uv":[7,1.25,11,5.25],"texture":"#texture"},"south":{"uv":[7,1,11,5],"texture":"#texture"},"west":{"uv":[6.5,0.75,10.5,4.75],"texture":"#texture"},"up":{"uv":[7,0.75,11,4.75],"texture":"#texture"},"down":{"uv":[7,1,11,5],"texture":"#texture"}}},{"from":[11,2.25,8.75],"to":[13,3.5,10.75],"rotation":{"angle":22.5,"axis":"x","origin":[11,3.5,8.75]},"faces":{"north":{"uv":[7,1,11,5],"texture":"#texture"},"east":{"uv":[7,1.25,11,5.25],"texture":"#texture"},"south":{"uv":[7,1,11,5],"texture":"#texture"},"west":{"uv":[6.5,0.75,10.5,4.75],"texture":"#texture"},"up":{"uv":[7,0.75,11,4.75],"texture":"#texture"},"down":{"uv":[7,1,11,5],"texture":"#texture"}}},{"from":[13.5,2.75,7],"to":[14,3.25,9],"faces":{"north":{"uv":[2.5,8.25,4.5,11.5],"texture":"#texture"},"east":{"uv":[1.5,7.75,4.5,10.5],"texture":"#texture"},"south":{"uv":[1.25,7,3.75,10.25],"texture":"#texture"},"west":{"uv":[0.75,8,2.25,10.75],"texture":"#texture"},"up":{"uv":[2,6.75,3.5,8.5],"texture":"#texture"},"down":{"uv":[1.75,7,3.5,9.75],"texture":"#texture"}}},{"from":[12.5,2.75,5.5],"to":[14.62,3.25,6],"rotation":{"angle":-45,"axis":"y","origin":[12.5,2.75,5.5]},"faces":{"north":{"uv":[2.5,8.25,4.5,11.5],"texture":"#texture"},"east":{"uv":[1.5,7.75,4.5,10.5],"texture":"#texture"},"south":{"uv":[1.25,7,3.75,10.25],"texture":"#texture"},"up":{"uv":[2,6.75,3.5,8.5],"texture":"#texture"},"down":{"uv":[1.75,7,3.5,9.75],"texture":"#texture"}}},{"from":[12.15,2.75,10.14],"to":[14.27,3.25,10.64],"rotation":{"angle":45,"axis":"y","origin":[12.15,2.75,10.14]},"faces":{"north":{"uv":[2.5,8.25,4.5,11.5],"texture":"#texture"},"east":{"uv":[1.5,7.75,4.5,10.5],"texture":"#texture"},"south":{"uv":[1.25,7,3.75,10.25],"texture":"#texture"},"west":{"uv":[0.75,8,2.25,10.75],"texture":"#texture"},"up":{"uv":[2,6.75,3.5,8.5],"texture":"#texture"},"down":{"uv":[1.75,7,3.5,9.75],"texture":"#texture"}}},{"from":[3.5,8.61,5.5],"to":[5,12.5,6.91],"rotation":{"angle":-45,"axis":"x","origin":[3.5,12.5,5.5]},"faces":{"west":{"uv":[1,1,5,5],"texture":"#texture"},"up":{"uv":[1,1,5,5],"texture":"#texture"}}},{"from":[3.5,9.61,9.5],"to":[5,13.5,10.91],"rotation":{"angle":45,"axis":"x","origin":[3.5,13.5,9.5]},"faces":{"south":{"uv":[1,1,5,5],"texture":"#texture"},"west":{"uv":[0.75,1.25,4.75,5.25],"texture":"#texture"},"up":{"uv":[1,1,5,5],"texture":"#texture"}}},{"from":[3.5,8.36,8.25],"to":[5,12.25,9.66],"rotation":{"angle":45,"axis":"x","origin":[3.5,12.25,8.25]},"faces":{"south":{"uv":[1,1,5,5],"texture":"#texture"},"west":{"uv":[6.75,1.25,10.75,5.25],"texture":"#texture"},"down":{"uv":[7.25,0.5,11.25,4.5],"texture":"#texture"}}},{"from":[5.25,8.36,6.5],"to":[6.66,12.25,9.5],"rotation":{"angle":-45,"axis":"z","origin":[5.25,12.25,6.5]},"faces":{"north":{"uv":[6.5,0.5,10.5,4.5],"texture":"#texture"},"east":{"uv":[7,1,11,5],"texture":"#texture"},"south":{"uv":[7,1.25,11,5.25],"texture":"#texture"},"down":{"uv":[6.5,1.25,10.5,5.25],"texture":"#texture"}}},{"from":[6,14.5,7.25],"to":[7,15.75,8.75],"faces":{"north":{"uv":[6.75,7,10.75,11],"texture":"#texture"},"south":{"uv":[6.75,7.25,10.75,11.25],"texture":"#texture"},"up":{"uv":[7,6.75,11,10.75],"texture":"#texture"}}},{"from":[6,15.5,7.5],"to":[7,16,8.5],"faces":{"north":{"uv":[6.75,7,10.75,11],"texture":"#texture"},"west":{"uv":[7,7,11,11],"texture":"#texture"},"up":{"uv":[7,6.75,11,10.75],"texture":"#texture"}}},{"from":[5.75,15.5,7.5],"to":[6.1,15.75,8.5],"rotation":{"angle":45,"axis":"z","origin":[5.75,15.75,7.5]},"faces":{"north":{"uv":[6.75,7,10.75,11],"texture":"#texture"},"east":{"uv":[7.25,7,11.25,11],"texture":"#texture"},"south":{"uv":[6.75,7.25,10.75,11.25],"texture":"#texture"},"up":{"uv":[7,6.75,11,10.75],"texture":"#texture"}}},{"from":[6,13,7.5],"to":[7,14,8.5],"faces":{"north":{"uv":[1,1,5,5],"texture":"#texture"},"east":{"uv":[1,1,5,5],"texture":"#texture"},"south":{"uv":[1,1,5,5],"texture":"#texture"}}},{"from":[7,15.75,7.5],"to":[7.35,16,8.5],"rotation":{"angle":-45,"axis":"z","origin":[7,16,7.5]},"faces":{"north":{"uv":[6.75,7,10.75,11],"texture":"#texture"},"east":{"uv":[7.25,7,11.25,11],"texture":"#texture"},"south":{"uv":[6.75,7.25,10.75,11.25],"texture":"#texture"},"up":{"uv":[7,6.75,11,10.75],"texture":"#texture"}}},{"from":[6,15.5,7.25],"to":[7,15.75,7.6],"rotation":{"angle":-45,"axis":"x","origin":[6,15.75,7.25]},"faces":{"east":{"uv":[7.25,7,11.25,11],"texture":"#texture"},"south":{"uv":[6.75,7.25,10.75,11.25],"texture":"#texture"},"west":{"uv":[7,7,11,11],"texture":"#texture"},"up":{"uv":[7,6.75,11,10.75],"texture":"#texture"}}},{"from":[6,15.75,8.5],"to":[7,16,8.85],"rotation":{"angle":45,"axis":"x","origin":[6,16,8.5]},"faces":{"east":{"uv":[7.25,7,11.25,11],"texture":"#texture"},"south":{"uv":[6.75,7.25,10.75,11.25],"texture":"#texture"},"west":{"uv":[7,7,11,11],"texture":"#texture"},"up":{"uv":[7,6.75,11,10.75],"texture":"#texture"}}},{"from":[6,13,7.25],"to":[7,13.75,7.5],"rotation":{"angle":-45,"axis":"x","origin":[6,13.75,7.25]},"faces":{"north":{"uv":[1,1,5,5],"texture":"#texture"},"east":{"uv":[1,1,5,5],"texture":"#texture"},"west":{"uv":[1,1,5,5],"texture":"#texture"}}},{"from":[6,13.1775,8.575],"to":[7,13.9275,8.825],"rotation":{"angle":45,"axis":"x","origin":[6,13.9275,8.575]},"faces":{"east":{"uv":[1,1,5,5],"texture":"#texture"},"south":{"uv":[1,1,5,5],"texture":"#texture"},"west":{"uv":[1,1,5,5],"texture":"#texture"},"up":{"uv":[1,1,5,5],"texture":"#texture"}}},{"from":[5.75,12.75,7.5],"to":[6,13.75,8.5],"rotation":{"angle":45,"axis":"z","origin":[5.75,13.75,7.5]},"faces":{"north":{"uv":[1,1,5,5],"texture":"#texture"},"south":{"uv":[1,1,5,5],"texture":"#texture"},"west":{"uv":[1,1,5,5],"texture":"#texture"}}},{"from":[7.0625,12.9375,7.5],"to":[7.3125,13.9375,8.5],"rotation":{"angle":-45,"axis":"z","origin":[7.0625,13.9375,7.5]},"faces":{"north":{"uv":[1,1,5,5],"texture":"#texture"},"east":{"uv":[1,1,5,5],"texture":"#texture"},"south":{"uv":[1,1,5,5],"texture":"#texture"}}},{"from":[5.75,14.5,7.5],"to":[7.25,15.75,8.5],"faces":{"north":{"uv":[6.75,7,10.75,11],"texture":"#texture"},"east":{"uv":[7.25,7,11.25,11],"texture":"#texture"},"south":{"uv":[6.75,7.25,10.75,11.25],"texture":"#texture"},"west":{"uv":[7,7,11,11],"texture":"#texture"},"up":{"uv":[7,6.75,11,10.75],"texture":"#texture"}}},{"from":[6,13.75,7.25],"to":[7,14.5,8.75],"faces":{"north":{"uv":[1,1,5,5],"texture":"#texture"},"south":{"uv":[1,1,5,5],"texture":"#texture"}}},{"from":[5.75,14.5,7.5],"to":[6.1,15.75,9.27],"rotation":{"angle":45,"axis":"y","origin":[5.75,14.5,7.5]},"faces":{"east":{"uv":[7.25,7,11.25,11],"texture":"#texture"},"south":{"uv":[6.75,7.25,10.75,11.25],"texture":"#texture"},"west":{"uv":[7,7,11,11],"texture":"#texture"},"up":{"uv":[7,6.75,11,10.75],"texture":"#texture"}}},{"from":[7,14.5,7.25],"to":[7.35,15.75,9.02],"rotation":{"angle":-45,"axis":"y","origin":[7,14.5,7.25]},"faces":{"north":{"uv":[6.75,7,10.75,11],"texture":"#texture"},"east":{"uv":[7.25,7,11.25,11],"texture":"#texture"},"up":{"uv":[7,6.75,11,10.75],"texture":"#texture"}}},{"from":[5.75,13.75,7.5],"to":[6.1,14.5,9.27],"rotation":{"angle":45,"axis":"y","origin":[5.75,13.75,7.5]},"faces":{"east":{"uv":[1,1,5,5],"texture":"#texture"},"south":{"uv":[1,1,5,5],"texture":"#texture"},"west":{"uv":[1,1,5,5],"texture":"#texture"},"down":{"uv":[1,1,5,5],"texture":"#texture"}}},{"from":[7,13.75,7.25],"to":[7.35,14.5,9.02],"rotation":{"angle":-45,"axis":"y","origin":[7,13.75,7.25]},"faces":{"north":{"uv":[1,1,5,5],"texture":"#texture"},"east":{"uv":[1,1,5,5],"texture":"#texture"},"down":{"uv":[1,1,5,5],"texture":"#texture"}}},{"from":[4.5,14.5,8.75],"to":[5.5,15.75,10.25],"faces":{"north":{"uv":[6.75,7,10.75,11],"texture":"#texture"},"south":{"uv":[6.75,7.25,10.75,11.25],"texture":"#texture"},"west":{"uv":[7,7,11,11],"texture":"#texture"},"up":{"uv":[7,6.75,11,10.75],"texture":"#texture"}}},{"from":[4.5,15.5,9],"to":[5.5,16,10],"faces":{"north":{"uv":[6.75,7,10.75,11],"texture":"#texture"},"west":{"uv":[7,7,11,11],"texture":"#texture"},"up":{"uv":[7,6.75,11,10.75],"texture":"#texture"}}},{"from":[4.25,15.5,9],"to":[4.6,15.75,10],"rotation":{"angle":45,"axis":"z","origin":[4.25,15.75,9]},"faces":{"north":{"uv":[6.75,7,10.75,11],"texture":"#texture"},"east":{"uv":[7.25,7,11.25,11],"texture":"#texture"},"south":{"uv":[6.75,7.25,10.75,11.25],"texture":"#texture"},"up":{"uv":[7,6.75,11,10.75],"texture":"#texture"}}},{"from":[4.5,13,9],"to":[5.5,14,10],"faces":{"east":{"uv":[1,1,5,5],"texture":"#texture"},"south":{"uv":[1,1,5,5],"texture":"#texture"},"west":{"uv":[1,1,5,5],"texture":"#texture"}}},{"from":[5.5,15.75,9],"to":[5.85,16,10],"rotation":{"angle":-45,"axis":"z","origin":[5.5,16,9]},"faces":{"north":{"uv":[6.75,7,10.75,11],"texture":"#texture"},"east":{"uv":[7.25,7,11.25,11],"texture":"#texture"},"south":{"uv":[6.75,7.25,10.75,11.25],"texture":"#texture"},"up":{"uv":[7,6.75,11,10.75],"texture":"#texture"}}},{"from":[4.5,15.5,8.75],"to":[5.5,15.75,9.1],"rotation":{"angle":-45,"axis":"x","origin":[4.5,15.75,8.75]},"faces":{"east":{"uv":[7.25,7,11.25,11],"texture":"#texture"},"south":{"uv":[6.75,7.25,10.75,11.25],"texture":"#texture"},"west":{"uv":[7,7,11,11],"texture":"#texture"},"up":{"uv":[7,6.75,11,10.75],"texture":"#texture"}}},{"from":[4.5,15.75,10],"to":[5.5,16,10.35],"rotation":{"angle":45,"axis":"x","origin":[4.5,16,10]},"faces":{"east":{"uv":[7.25,7,11.25,11],"texture":"#texture"},"south":{"uv":[6.75,7.25,10.75,11.25],"texture":"#texture"},"west":{"uv":[7,7,11,11],"texture":"#texture"},"up":{"uv":[7,6.75,11,10.75],"texture":"#texture"}}},{"from":[4.5,13,8.75],"to":[5.5,13.75,9],"rotation":{"angle":-45,"axis":"x","origin":[4.5,13.75,8.75]},"faces":{"north":{"uv":[1,1,5,5],"texture":"#texture"},"east":{"uv":[1,1,5,5],"texture":"#texture"},"west":{"uv":[1,1,5,5],"texture":"#texture"}}},{"from":[4.5,13.1775,10.075],"to":[5.5,13.9275,10.325],"rotation":{"angle":45,"axis":"x","origin":[4.5,13.9275,10.075]},"faces":{"east":{"uv":[1,1,5,5],"texture":"#texture"},"south":{"uv":[1,1,5,5],"texture":"#texture"},"west":{"uv":[1,1,5,5],"texture":"#texture"},"up":{"uv":[1,1,5,5],"texture":"#texture"}}},{"from":[4.25,12.75,9],"to":[4.5,13.75,10],"rotation":{"angle":45,"axis":"z","origin":[4.25,13.75,9]},"faces":{"north":{"uv":[1,1,5,5],"texture":"#texture"},"south":{"uv":[1,1,5,5],"texture":"#texture"},"west":{"uv":[1,1,5,5],"texture":"#texture"}}},{"from":[5.5625,12.9375,9],"to":[5.8125,13.9375,10],"rotation":{"angle":-45,"axis":"z","origin":[5.5625,13.9375,9]},"faces":{"north":{"uv":[1,1,5,5],"texture":"#texture"},"east":{"uv":[1,1,5,5],"texture":"#texture"},"south":{"uv":[1,1,5,5],"texture":"#texture"}}},{"from":[4.25,14.5,9],"to":[5.75,15.75,10],"faces":{"east":{"uv":[7.25,7,11.25,11],"texture":"#texture"},"south":{"uv":[6.75,7.25,10.75,11.25],"texture":"#texture"},"west":{"uv":[7,7,11,11],"texture":"#texture"},"up":{"uv":[7,6.75,11,10.75],"texture":"#texture"}}},{"from":[4.5,13.75,8.75],"to":[5.5,14.5,10.25],"faces":{"north":{"uv":[1,1,5,5],"texture":"#texture"},"south":{"uv":[1,1,5,5],"texture":"#texture"},"west":{"uv":[1,1,5,5],"texture":"#texture"}}},{"from":[4.25,14.5,9],"to":[4.6,15.75,10.77],"rotation":{"angle":45,"axis":"y","origin":[4.25,14.5,9]},"faces":{"east":{"uv":[7.25,7,11.25,11],"texture":"#texture"},"south":{"uv":[6.75,7.25,10.75,11.25],"texture":"#texture"},"west":{"uv":[7,7,11,11],"texture":"#texture"},"up":{"uv":[7,6.75,11,10.75],"texture":"#texture"}}},{"from":[5.5,14.5,8.75],"to":[5.85,15.75,10.52],"rotation":{"angle":-45,"axis":"y","origin":[5.5,14.5,8.75]},"faces":{"east":{"uv":[7.25,7,11.25,11],"texture":"#texture"},"south":{"uv":[6.75,7.25,10.75,11.25],"texture":"#texture"},"west":{"uv":[7,7,11,11],"texture":"#texture"},"up":{"uv":[7,6.75,11,10.75],"texture":"#texture"}}},{"from":[4.25,13.75,9],"to":[4.6,14.5,10.77],"rotation":{"angle":45,"axis":"y","origin":[4.25,13.75,9]},"faces":{"east":{"uv":[1,1,5,5],"texture":"#texture"},"south":{"uv":[1,1,5,5],"texture":"#texture"},"west":{"uv":[1,1,5,5],"texture":"#texture"},"down":{"uv":[1,1,5,5],"texture":"#texture"}}},{"from":[5.5,13.75,8.75],"to":[5.85,14.5,10.52],"rotation":{"angle":-45,"axis":"y","origin":[5.5,13.75,8.75]},"faces":{"east":{"uv":[1,1,5,5],"texture":"#texture"},"south":{"uv":[1,1,5,5],"texture":"#texture"},"west":{"uv":[1,1,5,5],"texture":"#texture"},"down":{"uv":[1,1,5,5],"texture":"#texture"}}},{"from":[4.5,14.5,5.75],"to":[5.5,15.75,7.25],"faces":{"north":{"uv":[6.75,7,10.75,11],"texture":"#texture"},"south":{"uv":[6.75,7.25,10.75,11.25],"texture":"#texture"},"west":{"uv":[7,7,11,11],"texture":"#texture"},"up":{"uv":[7,6.75,11,10.75],"texture":"#texture"}}},{"from":[4.5,15.5,6],"to":[5.5,16,7],"faces":{"north":{"uv":[6.75,7,10.75,11],"texture":"#texture"},"west":{"uv":[7,7,11,11],"texture":"#texture"},"up":{"uv":[7,6.75,11,10.75],"texture":"#texture"}}},{"from":[4.25,15.5,6],"to":[4.6,15.75,7],"rotation":{"angle":45,"axis":"z","origin":[4.25,15.75,6]},"faces":{"north":{"uv":[6.75,7,10.75,11],"texture":"#texture"},"east":{"uv":[7.25,7,11.25,11],"texture":"#texture"},"south":{"uv":[6.75,7.25,10.75,11.25],"texture":"#texture"},"up":{"uv":[7,6.75,11,10.75],"texture":"#texture"}}},{"from":[4.5,13,6],"to":[5.5,14,7],"faces":{"north":{"uv":[1,1,5,5],"texture":"#texture"},"east":{"uv":[1,1,5,5],"texture":"#texture"},"west":{"uv":[1,1,5,5],"texture":"#texture"}}},{"from":[5.5,15.75,6],"to":[5.85,16,7],"rotation":{"angle":-45,"axis":"z","origin":[5.5,16,6]},"faces":{"north":{"uv":[6.75,7,10.75,11],"texture":"#texture"},"east":{"uv":[7.25,7,11.25,11],"texture":"#texture"},"south":{"uv":[6.75,7.25,10.75,11.25],"texture":"#texture"},"up":{"uv":[7,6.75,11,10.75],"texture":"#texture"}}},{"from":[4.5,15.5,5.75],"to":[5.5,15.75,6.1],"rotation":{"angle":-45,"axis":"x","origin":[4.5,15.75,5.75]},"faces":{"east":{"uv":[7.25,7,11.25,11],"texture":"#texture"},"south":{"uv":[6.75,7.25,10.75,11.25],"texture":"#texture"},"west":{"uv":[7,7,11,11],"texture":"#texture"},"up":{"uv":[7,6.75,11,10.75],"texture":"#texture"}}},{"from":[4.5,15.75,7],"to":[5.5,16,7.35],"rotation":{"angle":45,"axis":"x","origin":[4.5,16,7]},"faces":{"east":{"uv":[7.25,7,11.25,11],"texture":"#texture"},"south":{"uv":[6.75,7.25,10.75,11.25],"texture":"#texture"},"west":{"uv":[7,7,11,11],"texture":"#texture"},"up":{"uv":[7,6.75,11,10.75],"texture":"#texture"}}},{"from":[4.5,13,5.75],"to":[5.5,13.75,6],"rotation":{"angle":-45,"axis":"x","origin":[4.5,13.75,5.75]},"faces":{"north":{"uv":[1,1,5,5],"texture":"#texture"},"east":{"uv":[1,1,5,5],"texture":"#texture"},"west":{"uv":[1,1,5,5],"texture":"#texture"}}},{"from":[4.5,13.1775,7.075],"to":[5.5,13.9275,7.325],"rotation":{"angle":45,"axis":"x","origin":[4.5,13.9275,7.075]},"faces":{"east":{"uv":[1,1,5,5],"texture":"#texture"},"south":{"uv":[1,1,5,5],"texture":"#texture"},"west":{"uv":[1,1,5,5],"texture":"#texture"},"up":{"uv":[1,1,5,5],"texture":"#texture"}}},{"from":[4.25,12.75,6],"to":[4.5,13.75,7],"rotation":{"angle":45,"axis":"z","origin":[4.25,13.75,6]},"faces":{"north":{"uv":[1,1,5,5],"texture":"#texture"},"south":{"uv":[1,1,5,5],"texture":"#texture"},"west":{"uv":[1,1,5,5],"texture":"#texture"}}},{"from":[5.5625,12.9375,6],"to":[5.8125,13.9375,7],"rotation":{"angle":-45,"axis":"z","origin":[5.5625,13.9375,6]},"faces":{"north":{"uv":[1,1,5,5],"texture":"#texture"},"east":{"uv":[1,1,5,5],"texture":"#texture"},"south":{"uv":[1,1,5,5],"texture":"#texture"}}},{"from":[4.25,14.5,6],"to":[5.75,15.75,7],"faces":{"north":{"uv":[6.75,7,10.75,11],"texture":"#texture"},"east":{"uv":[7.25,7,11.25,11],"texture":"#texture"},"west":{"uv":[7,7,11,11],"texture":"#texture"},"up":{"uv":[7,6.75,11,10.75],"texture":"#texture"}}},{"from":[4.5,13.75,5.75],"to":[5.5,14.5,7.25],"faces":{"north":{"uv":[1,1,5,5],"texture":"#texture"},"south":{"uv":[1,1,5,5],"texture":"#texture"},"west":{"uv":[1,1,5,5],"texture":"#texture"}}},{"from":[4.25,14.5,6],"to":[4.6,15.75,7.77],"rotation":{"angle":45,"axis":"y","origin":[4.25,14.5,6]},"faces":{"north":{"uv":[6.75,7,10.75,11],"texture":"#texture"},"east":{"uv":[7.25,7,11.25,11],"texture":"#texture"},"up":{"uv":[7,6.75,11,10.75],"texture":"#texture"}}},{"from":[5.5,14.5,5.75],"to":[5.85,15.75,7.52],"rotation":{"angle":-45,"axis":"y","origin":[5.5,14.5,5.75]},"faces":{"north":{"uv":[6.75,7,10.75,11],"texture":"#texture"},"east":{"uv":[7.25,7,11.25,11],"texture":"#texture"},"up":{"uv":[7,6.75,11,10.75],"texture":"#texture"}}},{"from":[4.25,13.75,6],"to":[4.6,14.5,7.77],"rotation":{"angle":45,"axis":"y","origin":[4.25,13.75,6]},"faces":{"north":{"uv":[1,1,5,5],"texture":"#texture"},"east":{"uv":[1,1,5,5],"texture":"#texture"},"down":{"uv":[1,1,5,5],"texture":"#texture"}}},{"from":[5.5,13.75,5.75],"to":[5.85,14.5,7.52],"rotation":{"angle":-45,"axis":"y","origin":[5.5,13.75,5.75]},"faces":{"north":{"uv":[1,1,5,5],"texture":"#texture"},"east":{"uv":[1,1,5,5],"texture":"#texture"},"down":{"uv":[1,1,5,5],"texture":"#texture"}}},{"from":[4.25,13.75,9],"to":[5.75,14.5,10],"faces":{"east":{"uv":[1,1,5,5],"texture":"#texture"},"south":{"uv":[1,1,5,5],"texture":"#texture"},"west":{"uv":[1,1,5,5],"texture":"#texture"},"down":{"uv":[1,1,5,5],"texture":"#texture"}}},{"from":[4.25,13.75,6],"to":[5.75,14.5,7],"faces":{"north":{"uv":[1,1,5,5],"texture":"#texture"},"east":{"uv":[1,1,5,5],"texture":"#texture"},"west":{"uv":[1,1,5,5],"texture":"#texture"},"down":{"uv":[1,1,5,5],"texture":"#texture"}}},{"from":[5.75,13.75,7.5],"to":[7.25,14.5,8.5],"faces":{"north":{"uv":[1,1,5,5],"texture":"#texture"},"east":{"uv":[1,1,5,5],"texture":"#texture"},"south":{"uv":[1,1,5,5],"texture":"#texture"},"west":{"uv":[1,1,5,5],"texture":"#texture"},"down":{"uv":[1,1,5,5],"texture":"#texture"}}},{"from":[3,14.5,7.25],"to":[4,15.75,8.75],"faces":{"north":{"uv":[6.75,7,10.75,11],"texture":"#texture"},"south":{"uv":[6.75,7.25,10.75,11.25],"texture":"#texture"},"west":{"uv":[7,7,11,11],"texture":"#texture"},"up":{"uv":[7,6.75,11,10.75],"texture":"#texture"}}},{"from":[3,15.5,7.5],"to":[4,16,8.5],"faces":{"north":{"uv":[6.75,7,10.75,11],"texture":"#texture"},"west":{"uv":[7,7,11,11],"texture":"#texture"},"up":{"uv":[7,6.75,11,10.75],"texture":"#texture"}}},{"from":[2.75,15.5,7.5],"to":[3.1,15.75,8.5],"rotation":{"angle":45,"axis":"z","origin":[2.75,15.75,7.5]},"faces":{"north":{"uv":[6.75,7,10.75,11],"texture":"#texture"},"east":{"uv":[7.25,7,11.25,11],"texture":"#texture"},"south":{"uv":[6.75,7.25,10.75,11.25],"texture":"#texture"},"up":{"uv":[7,6.75,11,10.75],"texture":"#texture"}}},{"from":[3,13,7.5],"to":[4,14,8.5],"faces":{"north":{"uv":[1,1,5,5],"texture":"#texture"},"east":{"uv":[1,1,5,5],"texture":"#texture"},"south":{"uv":[1,1,5,5],"texture":"#texture"},"west":{"uv":[1,1,5,5],"texture":"#texture"}}},{"from":[4,15.75,7.5],"to":[4.35,16,8.5],"rotation":{"angle":-45,"axis":"z","origin":[4,16,7.5]},"faces":{"north":{"uv":[6.75,7,10.75,11],"texture":"#texture"},"east":{"uv":[7.25,7,11.25,11],"texture":"#texture"},"south":{"uv":[6.75,7.25,10.75,11.25],"texture":"#texture"},"up":{"uv":[7,6.75,11,10.75],"texture":"#texture"}}},{"from":[3,15.5,7.25],"to":[4,15.75,7.6],"rotation":{"angle":-45,"axis":"x","origin":[3,15.75,7.25]},"faces":{"east":{"uv":[7.25,7,11.25,11],"texture":"#texture"},"south":{"uv":[6.75,7.25,10.75,11.25],"texture":"#texture"},"west":{"uv":[7,7,11,11],"texture":"#texture"},"up":{"uv":[7,6.75,11,10.75],"texture":"#texture"}}},{"from":[3,15.75,8.5],"to":[4,16,8.85],"rotation":{"angle":45,"axis":"x","origin":[3,16,8.5]},"faces":{"east":{"uv":[7.25,7,11.25,11],"texture":"#texture"},"south":{"uv":[6.75,7.25,10.75,11.25],"texture":"#texture"},"west":{"uv":[7,7,11,11],"texture":"#texture"},"up":{"uv":[7,6.75,11,10.75],"texture":"#texture"}}},{"from":[3,13,7.25],"to":[4,13.75,7.5],"rotation":{"angle":-45,"axis":"x","origin":[3,13.75,7.25]},"faces":{"north":{"uv":[1,1,5,5],"texture":"#texture"},"east":{"uv":[1,1,5,5],"texture":"#texture"},"west":{"uv":[1,1,5,5],"texture":"#texture"}}},{"from":[3,13.1775,8.575],"to":[4,13.9275,8.825],"rotation":{"angle":45,"axis":"x","origin":[3,13.9275,8.575]},"faces":{"east":{"uv":[1,1,5,5],"texture":"#texture"},"south":{"uv":[1,1,5,5],"texture":"#texture"},"west":{"uv":[1,1,5,5],"texture":"#texture"},"up":{"uv":[1,1,5,5],"texture":"#texture"}}},{"from":[2.75,12.75,7.5],"to":[3,13.75,8.5],"rotation":{"angle":45,"axis":"z","origin":[2.75,13.75,7.5]},"faces":{"north":{"uv":[1,1,5,5],"texture":"#texture"},"south":{"uv":[1,1,5,5],"texture":"#texture"},"west":{"uv":[1,1,5,5],"texture":"#texture"}}},{"from":[4.0625,12.9375,7.5],"to":[4.3125,13.9375,8.5],"rotation":{"angle":-45,"axis":"z","origin":[4.0625,13.9375,7.5]},"faces":{"north":{"uv":[1,1,5,5],"texture":"#texture"},"east":{"uv":[1,1,5,5],"texture":"#texture"},"south":{"uv":[1,1,5,5],"texture":"#texture"}}},{"from":[2.75,14.5,7.5],"to":[4.25,15.75,8.5],"faces":{"east":{"uv":[7.25,7,11.25,11],"texture":"#texture"},"west":{"uv":[7,7,11,11],"texture":"#texture"},"up":{"uv":[7,6.75,11,10.75],"texture":"#texture"}}},{"from":[3,13.75,7.25],"to":[4,14.5,8.75],"faces":{"north":{"uv":[1,1,5,5],"texture":"#texture"},"south":{"uv":[1,1,5,5],"texture":"#texture"},"west":{"uv":[1,1,5,5],"texture":"#texture"}}},{"from":[2.75,14.5,7.5],"to":[3.1,15.75,9.27],"rotation":{"angle":45,"axis":"y","origin":[2.75,14.5,7.5]},"faces":{"north":{"uv":[6.75,7,10.75,11],"texture":"#texture"},"east":{"uv":[7.25,7,11.25,11],"texture":"#texture"},"up":{"uv":[7,6.75,11,10.75],"texture":"#texture"}}},{"from":[4,14.5,7.25],"to":[4.35,15.75,9.02],"rotation":{"angle":-45,"axis":"y","origin":[4,14.5,7.25]},"faces":{"east":{"uv":[7.25,7,11.25,11],"texture":"#texture"},"south":{"uv":[6.75,7.25,10.75,11.25],"texture":"#texture"},"west":{"uv":[7,7,11,11],"texture":"#texture"},"up":{"uv":[7,6.75,11,10.75],"texture":"#texture"}}},{"from":[2.75,13.75,7.5],"to":[3.1,14.5,9.27],"rotation":{"angle":45,"axis":"y","origin":[2.75,13.75,7.5]},"faces":{"north":{"uv":[1,1,5,5],"texture":"#texture"},"east":{"uv":[1,1,5,5],"texture":"#texture"},"down":{"uv":[1,1,5,5],"texture":"#texture"}}},{"from":[4,13.75,7.25],"to":[4.35,14.5,9.02],"rotation":{"angle":-45,"axis":"y","origin":[4,13.75,7.25]},"faces":{"east":{"uv":[1,1,5,5],"texture":"#texture"},"south":{"uv":[1,1,5,5],"texture":"#texture"},"west":{"uv":[1,1,5,5],"texture":"#texture"},"down":{"uv":[1,1,5,5],"texture":"#texture"}}},{"from":[2.75,13.75,7.5],"to":[4.25,14.5,8.5],"faces":{"east":{"uv":[1,1,5,5],"texture":"#texture"},"west":{"uv":[1,1,5,5],"texture":"#texture"},"down":{"uv":[1,1,5,5],"texture":"#texture"}}},{"from":[5.5,14.25,8.25],"to":[6.5,15.5,9.75],"faces":{"north":{"uv":[6.75,7,10.75,11],"texture":"#texture"},"south":{"uv":[6.75,7.25,10.75,11.25],"texture":"#texture"},"west":{"uv":[7,7,11,11],"texture":"#texture"},"up":{"uv":[7,6.75,11,10.75],"texture":"#texture"}}},{"from":[5.5,15.25,8.5],"to":[6.5,15.75,9.5],"faces":{"north":{"uv":[6.75,7,10.75,11],"texture":"#texture"},"west":{"uv":[7,7,11,11],"texture":"#texture"},"up":{"uv":[7,6.75,11,10.75],"texture":"#texture"}}},{"from":[5.25,15.25,8.5],"to":[5.6,15.5,9.5],"rotation":{"angle":45,"axis":"z","origin":[5.25,15.5,8.5]},"faces":{"north":{"uv":[6.75,7,10.75,11],"texture":"#texture"},"east":{"uv":[7.25,7,11.25,11],"texture":"#texture"},"south":{"uv":[6.75,7.25,10.75,11.25],"texture":"#texture"},"up":{"uv":[7,6.75,11,10.75],"texture":"#texture"}}},{"from":[6.5,15.5,8.5],"to":[6.85,15.75,9.5],"rotation":{"angle":-45,"axis":"z","origin":[6.5,15.75,8.5]},"faces":{"north":{"uv":[6.75,7,10.75,11],"texture":"#texture"},"east":{"uv":[7.25,7,11.25,11],"texture":"#texture"},"south":{"uv":[6.75,7.25,10.75,11.25],"texture":"#texture"},"up":{"uv":[7,6.75,11,10.75],"texture":"#texture"}}},{"from":[5.5,15.25,8.25],"to":[6.5,15.5,8.6],"rotation":{"angle":-45,"axis":"x","origin":[5.5,15.5,8.25]},"faces":{"east":{"uv":[7.25,7,11.25,11],"texture":"#texture"},"south":{"uv":[6.75,7.25,10.75,11.25],"texture":"#texture"},"west":{"uv":[7,7,11,11],"texture":"#texture"},"up":{"uv":[7,6.75,11,10.75],"texture":"#texture"}}},{"from":[5.5,15.5,9.5],"to":[6.5,15.75,9.85],"rotation":{"angle":45,"axis":"x","origin":[5.5,15.75,9.5]},"faces":{"east":{"uv":[7.25,7,11.25,11],"texture":"#texture"},"south":{"uv":[6.75,7.25,10.75,11.25],"texture":"#texture"},"west":{"uv":[7,7,11,11],"texture":"#texture"},"up":{"uv":[7,6.75,11,10.75],"texture":"#texture"}}},{"from":[5.5,12.75,8.25],"to":[6.5,13.5,8.5],"rotation":{"angle":-45,"axis":"x","origin":[5.5,13.5,8.25]},"faces":{"east":{"uv":[1,1,5,5],"texture":"#texture"},"west":{"uv":[1,1,5,5],"texture":"#texture"}}},{"from":[5.5,12.9275,9.575],"to":[6.5,13.6775,9.825],"rotation":{"angle":45,"axis":"x","origin":[5.5,13.6775,9.575]},"faces":{"east":{"uv":[1,1,5,5],"texture":"#texture"},"south":{"uv":[1,1,5,5],"texture":"#texture"},"west":{"uv":[1,1,5,5],"texture":"#texture"},"up":{"uv":[1,1,5,5],"texture":"#texture"}}},{"from":[5.25,12.5,8.5],"to":[5.5,13.5,9.5],"rotation":{"angle":45,"axis":"z","origin":[5.25,13.5,8.5]},"faces":{"north":{"uv":[1,1,5,5],"texture":"#texture"},"south":{"uv":[1,1,5,5],"texture":"#texture"}}},{"from":[6.5625,12.6875,8.5],"to":[6.8125,13.6875,9.5],"rotation":{"angle":-45,"axis":"z","origin":[6.5625,13.6875,8.5]},"faces":{"north":{"uv":[1,1,5,5],"texture":"#texture"},"east":{"uv":[1,1,5,5],"texture":"#texture"},"south":{"uv":[1,1,5,5],"texture":"#texture"}}},{"from":[5.25,14.25,8.5],"to":[6.75,15.5,9.5],"faces":{"east":{"uv":[7.25,7,11.25,11],"texture":"#texture"},"south":{"uv":[6.75,7.25,10.75,11.25],"texture":"#texture"},"west":{"uv":[7,7,11,11],"texture":"#texture"},"up":{"uv":[7,6.75,11,10.75],"texture":"#texture"}}},{"from":[5.5,13.5,8.25],"to":[6.5,14.25,9.75],"faces":{"north":{"uv":[1,1,5,5],"texture":"#texture"},"south":{"uv":[1,1,5,5],"texture":"#texture"},"west":{"uv":[1,1,5,5],"texture":"#texture"}}},{"from":[5.25,14.25,8.5],"to":[5.6,15.5,10.27],"rotation":{"angle":45,"axis":"y","origin":[5.25,14.25,8.5]},"faces":{"north":{"uv":[6.75,7,10.75,11],"texture":"#texture"},"east":{"uv":[7.25,7,11.25,11],"texture":"#texture"},"south":{"uv":[6.75,7.25,10.75,11.25],"texture":"#texture"},"west":{"uv":[7,7,11,11],"texture":"#texture"},"up":{"uv":[7,6.75,11,10.75],"texture":"#texture"}}},{"from":[6.5,14.25,8.25],"to":[6.85,15.5,10.02],"rotation":{"angle":-45,"axis":"y","origin":[6.5,14.25,8.25]},"faces":{"up":{"uv":[7,6.75,11,10.75],"texture":"#texture"}}},{"from":[5.25,13.5,8.5],"to":[5.6,14.25,10.27],"rotation":{"angle":45,"axis":"y","origin":[5.25,13.5,8.5]},"faces":{"north":{"uv":[1,1,5,5],"texture":"#texture"},"east":{"uv":[1,1,5,5],"texture":"#texture"},"south":{"uv":[1,1,5,5],"texture":"#texture"},"west":{"uv":[1,1,5,5],"texture":"#texture"},"down":{"uv":[1,1,5,5],"texture":"#texture"}}},{"from":[6.5,13.5,8.25],"to":[6.85,14.25,10.02],"rotation":{"angle":-45,"axis":"y","origin":[6.5,13.5,8.25]},"faces":{"down":{"uv":[1,1,5,5],"texture":"#texture"}}},{"from":[5.25,13.5,8.5],"to":[6.75,14.25,9.5],"faces":{"east":{"uv":[1,1,5,5],"texture":"#texture"},"south":{"uv":[1,1,5,5],"texture":"#texture"},"west":{"uv":[1,1,5,5],"texture":"#texture"},"down":{"uv":[1,1,5,5],"texture":"#texture"}}},{"from":[3.5,14.25,8.25],"to":[4.5,15.5,9.75],"faces":{"north":{"uv":[6.75,7,10.75,11],"texture":"#texture"},"south":{"uv":[6.75,7.25,10.75,11.25],"texture":"#texture"},"west":{"uv":[7,7,11,11],"texture":"#texture"},"up":{"uv":[7,6.75,11,10.75],"texture":"#texture"}}},{"from":[3.5,15.25,8.5],"to":[4.5,15.75,9.5],"faces":{"north":{"uv":[6.75,7,10.75,11],"texture":"#texture"},"west":{"uv":[7,7,11,11],"texture":"#texture"},"up":{"uv":[7,6.75,11,10.75],"texture":"#texture"}}},{"from":[3.25,15.25,8.5],"to":[3.6,15.5,9.5],"rotation":{"angle":45,"axis":"z","origin":[3.25,15.5,8.5]},"faces":{"north":{"uv":[6.75,7,10.75,11],"texture":"#texture"},"east":{"uv":[7.25,7,11.25,11],"texture":"#texture"},"south":{"uv":[6.75,7.25,10.75,11.25],"texture":"#texture"},"up":{"uv":[7,6.75,11,10.75],"texture":"#texture"}}},{"from":[4.5,15.5,8.5],"to":[4.85,15.75,9.5],"rotation":{"angle":-45,"axis":"z","origin":[4.5,15.75,8.5]},"faces":{"north":{"uv":[6.75,7,10.75,11],"texture":"#texture"},"east":{"uv":[7.25,7,11.25,11],"texture":"#texture"},"south":{"uv":[6.75,7.25,10.75,11.25],"texture":"#texture"},"up":{"uv":[7,6.75,11,10.75],"texture":"#texture"}}},{"from":[3.5,15.25,8.25],"to":[4.5,15.5,8.6],"rotation":{"angle":-45,"axis":"x","origin":[3.5,15.5,8.25]},"faces":{"east":{"uv":[7.25,7,11.25,11],"texture":"#texture"},"south":{"uv":[6.75,7.25,10.75,11.25],"texture":"#texture"},"west":{"uv":[7,7,11,11],"texture":"#texture"},"up":{"uv":[7,6.75,11,10.75],"texture":"#texture"}}},{"from":[3.5,15.5,9.5],"to":[4.5,15.75,9.85],"rotation":{"angle":45,"axis":"x","origin":[3.5,15.75,9.5]},"faces":{"east":{"uv":[7.25,7,11.25,11],"texture":"#texture"},"south":{"uv":[6.75,7.25,10.75,11.25],"texture":"#texture"},"west":{"uv":[7,7,11,11],"texture":"#texture"},"up":{"uv":[7,6.75,11,10.75],"texture":"#texture"}}},{"from":[3.5,12.75,8.25],"to":[4.5,13.5,8.5],"rotation":{"angle":-45,"axis":"x","origin":[3.5,13.5,8.25]},"faces":{"east":{"uv":[1,1,5,5],"texture":"#texture"},"west":{"uv":[1,1,5,5],"texture":"#texture"}}},{"from":[3.5,12.9275,9.575],"to":[4.5,13.6775,9.825],"rotation":{"angle":45,"axis":"x","origin":[3.5,13.6775,9.575]},"faces":{"east":{"uv":[1,1,5,5],"texture":"#texture"},"south":{"uv":[1,1,5,5],"texture":"#texture"},"west":{"uv":[1,1,5,5],"texture":"#texture"},"up":{"uv":[1,1,5,5],"texture":"#texture"}}},{"from":[3.25,12.5,8.5],"to":[3.5,13.5,9.5],"rotation":{"angle":45,"axis":"z","origin":[3.25,13.5,8.5]},"faces":{"north":{"uv":[1,1,5,5],"texture":"#texture"},"south":{"uv":[1,1,5,5],"texture":"#texture"},"west":{"uv":[1,1,5,5],"texture":"#texture"}}},{"from":[4.5625,12.6875,8.5],"to":[4.8125,13.6875,9.5],"rotation":{"angle":-45,"axis":"z","origin":[4.5625,13.6875,8.5]},"faces":{"north":{"uv":[1,1,5,5],"texture":"#texture"},"south":{"uv":[1,1,5,5],"texture":"#texture"}}},{"from":[3.25,14.25,8.5],"to":[4.75,15.5,9.5],"faces":{"north":{"uv":[6.75,7,10.75,11],"texture":"#texture"},"east":{"uv":[7.25,7,11.25,11],"texture":"#texture"},"west":{"uv":[7,7,11,11],"texture":"#texture"},"up":{"uv":[7,6.75,11,10.75],"texture":"#texture"}}},{"from":[3.5,13.5,8.25],"to":[4.5,14.25,9.75],"faces":{"north":{"uv":[1,1,5,5],"texture":"#texture"},"south":{"uv":[1,1,5,5],"texture":"#texture"},"west":{"uv":[1,1,5,5],"texture":"#texture"}}},{"from":[3.25,14.25,8.5],"to":[3.6,15.5,10.27],"rotation":{"angle":45,"axis":"y","origin":[3.25,14.25,8.5]},"faces":{"up":{"uv":[7,6.75,11,10.75],"texture":"#texture"}}},{"from":[4.5,14.25,8.25],"to":[4.85,15.5,10.02],"rotation":{"angle":-45,"axis":"y","origin":[4.5,14.25,8.25]},"faces":{"north":{"uv":[6.75,7,10.75,11],"texture":"#texture"},"east":{"uv":[7.25,7,11.25,11],"texture":"#texture"},"south":{"uv":[6.75,7.25,10.75,11.25],"texture":"#texture"},"west":{"uv":[7,7,11,11],"texture":"#texture"},"up":{"uv":[7,6.75,11,10.75],"texture":"#texture"}}},{"from":[3.25,13.5,8.5],"to":[3.6,14.25,10.27],"rotation":{"angle":45,"axis":"y","origin":[3.25,13.5,8.5]},"faces":{"down":{"uv":[1,1,5,5],"texture":"#texture"}}},{"from":[4.5,13.5,8.25],"to":[4.85,14.25,10.02],"rotation":{"angle":-45,"axis":"y","origin":[4.5,13.5,8.25]},"faces":{"north":{"uv":[1,1,5,5],"texture":"#texture"},"east":{"uv":[1,1,5,5],"texture":"#texture"},"south":{"uv":[1,1,5,5],"texture":"#texture"},"west":{"uv":[1,1,5,5],"texture":"#texture"},"down":{"uv":[1,1,5,5],"texture":"#texture"}}},{"from":[3.25,13.5,8.5],"to":[4.75,14.25,9.5],"faces":{"north":{"uv":[1,1,5,5],"texture":"#texture"},"east":{"uv":[1,1,5,5],"texture":"#texture"},"west":{"uv":[1,1,5,5],"texture":"#texture"}}},{"from":[5.5,14.25,6.25],"to":[6.5,15.5,7.75],"faces":{"north":{"uv":[6.75,7,10.75,11],"texture":"#texture"},"south":{"uv":[6.75,7.25,10.75,11.25],"texture":"#texture"},"west":{"uv":[7,7,11,11],"texture":"#texture"},"up":{"uv":[7,6.75,11,10.75],"texture":"#texture"}}},{"from":[5.5,15.25,6.5],"to":[6.5,15.75,7.5],"faces":{"north":{"uv":[6.75,7,10.75,11],"texture":"#texture"},"west":{"uv":[7,7,11,11],"texture":"#texture"},"up":{"uv":[7,6.75,11,10.75],"texture":"#texture"}}},{"from":[5.25,15.25,6.5],"to":[5.6,15.5,7.5],"rotation":{"angle":45,"axis":"z","origin":[5.25,15.5,6.5]},"faces":{"north":{"uv":[6.75,7,10.75,11],"texture":"#texture"},"east":{"uv":[7.25,7,11.25,11],"texture":"#texture"},"south":{"uv":[6.75,7.25,10.75,11.25],"texture":"#texture"},"up":{"uv":[7,6.75,11,10.75],"texture":"#texture"}}},{"from":[6.5,15.5,6.5],"to":[6.85,15.75,7.5],"rotation":{"angle":-45,"axis":"z","origin":[6.5,15.75,6.5]},"faces":{"north":{"uv":[6.75,7,10.75,11],"texture":"#texture"},"east":{"uv":[7.25,7,11.25,11],"texture":"#texture"},"south":{"uv":[6.75,7.25,10.75,11.25],"texture":"#texture"},"up":{"uv":[7,6.75,11,10.75],"texture":"#texture"}}},{"from":[5.5,15.25,6.25],"to":[6.5,15.5,6.6],"rotation":{"angle":-45,"axis":"x","origin":[5.5,15.5,6.25]},"faces":{"east":{"uv":[7.25,7,11.25,11],"texture":"#texture"},"south":{"uv":[6.75,7.25,10.75,11.25],"texture":"#texture"},"west":{"uv":[7,7,11,11],"texture":"#texture"},"up":{"uv":[7,6.75,11,10.75],"texture":"#texture"}}},{"from":[5.5,15.5,7.5],"to":[6.5,15.75,7.85],"rotation":{"angle":45,"axis":"x","origin":[5.5,15.75,7.5]},"faces":{"east":{"uv":[7.25,7,11.25,11],"texture":"#texture"},"south":{"uv":[6.75,7.25,10.75,11.25],"texture":"#texture"},"west":{"uv":[7,7,11,11],"texture":"#texture"},"up":{"uv":[7,6.75,11,10.75],"texture":"#texture"}}},{"from":[5.5,12.75,6.25],"to":[6.5,13.5,6.5],"rotation":{"angle":-45,"axis":"x","origin":[5.5,13.5,6.25]},"faces":{"north":{"uv":[1,1,5,5],"texture":"#texture"},"east":{"uv":[1,1,5,5],"texture":"#texture"},"west":{"uv":[1,1,5,5],"texture":"#texture"}}},{"from":[5.5,12.9275,7.575],"to":[6.5,13.6775,7.825],"rotation":{"angle":45,"axis":"x","origin":[5.5,13.6775,7.575]},"faces":{"east":{"uv":[1,1,5,5],"texture":"#texture"},"south":{"uv":[1,1,5,5],"texture":"#texture"},"west":{"uv":[1,1,5,5],"texture":"#texture"},"up":{"uv":[1,1,5,5],"texture":"#texture"}}},{"from":[5.25,12.5,6.5],"to":[5.5,13.5,7.5],"rotation":{"angle":45,"axis":"z","origin":[5.25,13.5,6.5]},"faces":{"north":{"uv":[1,1,5,5],"texture":"#texture"},"south":{"uv":[1,1,5,5],"texture":"#texture"}}},{"from":[6.5625,12.6875,6.5],"to":[6.8125,13.6875,7.5],"rotation":{"angle":-45,"axis":"z","origin":[6.5625,13.6875,6.5]},"faces":{"north":{"uv":[1,1,5,5],"texture":"#texture"},"east":{"uv":[1,1,5,5],"texture":"#texture"},"south":{"uv":[1,1,5,5],"texture":"#texture"}}},{"from":[5.25,14.25,6.5],"to":[6.75,15.5,7.5],"faces":{"north":{"uv":[6.75,7,10.75,11],"texture":"#texture"},"east":{"uv":[7.25,7,11.25,11],"texture":"#texture"},"west":{"uv":[7,7,11,11],"texture":"#texture"},"up":{"uv":[7,6.75,11,10.75],"texture":"#texture"}}},{"from":[5.5,13.5,6.25],"to":[6.5,14.25,7.75],"faces":{"north":{"uv":[1,1,5,5],"texture":"#texture"},"south":{"uv":[1,1,5,5],"texture":"#texture"},"west":{"uv":[1,1,5,5],"texture":"#texture"}}},{"from":[5.25,14.25,6.5],"to":[5.6,15.5,8.27],"rotation":{"angle":45,"axis":"y","origin":[5.25,14.25,6.5]},"faces":{"up":{"uv":[7,6.75,11,10.75],"texture":"#texture"}}},{"from":[6.5,14.25,6.25],"to":[6.85,15.5,8.02],"rotation":{"angle":-45,"axis":"y","origin":[6.5,14.25,6.25]},"faces":{"north":{"uv":[6.75,7,10.75,11],"texture":"#texture"},"east":{"uv":[7.25,7,11.25,11],"texture":"#texture"},"south":{"uv":[6.75,7.25,10.75,11.25],"texture":"#texture"},"west":{"uv":[7,7,11,11],"texture":"#texture"},"up":{"uv":[7,6.75,11,10.75],"texture":"#texture"}}},{"from":[5.25,13.5,6.5],"to":[5.6,14.25,8.27],"rotation":{"angle":45,"axis":"y","origin":[5.25,13.5,6.5]},"faces":{"down":{"uv":[1,1,5,5],"texture":"#texture"}}},{"from":[6.5,13.5,6.25],"to":[6.85,14.25,8.02],"rotation":{"angle":-45,"axis":"y","origin":[6.5,13.5,6.25]},"faces":{"north":{"uv":[1,1,5,5],"texture":"#texture"},"east":{"uv":[1,1,5,5],"texture":"#texture"},"south":{"uv":[1,1,5,5],"texture":"#texture"},"west":{"uv":[1,1,5,5],"texture":"#texture"},"down":{"uv":[1,1,5,5],"texture":"#texture"}}},{"from":[5.25,13.5,6.5],"to":[6.75,14.25,7.5],"faces":{"north":{"uv":[1,1,5,5],"texture":"#texture"},"east":{"uv":[1,1,5,5],"texture":"#texture"},"west":{"uv":[1,1,5,5],"texture":"#texture"},"down":{"uv":[1,1,5,5],"texture":"#texture"}}},{"from":[3.5,14.25,6.25],"to":[4.5,15.5,7.75],"faces":{"north":{"uv":[6.75,7,10.75,11],"texture":"#texture"},"south":{"uv":[6.75,7.25,10.75,11.25],"texture":"#texture"},"west":{"uv":[7,7,11,11],"texture":"#texture"},"up":{"uv":[7,6.75,11,10.75],"texture":"#texture"}}},{"from":[3.5,15.25,6.5],"to":[4.5,15.75,7.5],"faces":{"north":{"uv":[6.75,7,10.75,11],"texture":"#texture"},"west":{"uv":[7,7,11,11],"texture":"#texture"},"up":{"uv":[7,6.75,11,10.75],"texture":"#texture"}}},{"from":[3.25,15.25,6.5],"to":[3.6,15.5,7.5],"rotation":{"angle":45,"axis":"z","origin":[3.25,15.5,6.5]},"faces":{"north":{"uv":[6.75,7,10.75,11],"texture":"#texture"},"east":{"uv":[7.25,7,11.25,11],"texture":"#texture"},"south":{"uv":[6.75,7.25,10.75,11.25],"texture":"#texture"},"up":{"uv":[7,6.75,11,10.75],"texture":"#texture"}}},{"from":[4.5,15.5,6.5],"to":[4.85,15.75,7.5],"rotation":{"angle":-45,"axis":"z","origin":[4.5,15.75,6.5]},"faces":{"north":{"uv":[6.75,7,10.75,11],"texture":"#texture"},"east":{"uv":[7.25,7,11.25,11],"texture":"#texture"},"south":{"uv":[6.75,7.25,10.75,11.25],"texture":"#texture"},"up":{"uv":[7,6.75,11,10.75],"texture":"#texture"}}},{"from":[3.5,15.25,6.25],"to":[4.5,15.5,6.6],"rotation":{"angle":-45,"axis":"x","origin":[3.5,15.5,6.25]},"faces":{"east":{"uv":[7.25,7,11.25,11],"texture":"#texture"},"south":{"uv":[6.75,7.25,10.75,11.25],"texture":"#texture"},"west":{"uv":[7,7,11,11],"texture":"#texture"},"up":{"uv":[7,6.75,11,10.75],"texture":"#texture"}}},{"from":[3.5,15.5,7.5],"to":[4.5,15.75,7.85],"rotation":{"angle":45,"axis":"x","origin":[3.5,15.75,7.5]},"faces":{"east":{"uv":[7.25,7,11.25,11],"texture":"#texture"},"south":{"uv":[6.75,7.25,10.75,11.25],"texture":"#texture"},"west":{"uv":[7,7,11,11],"texture":"#texture"},"up":{"uv":[7,6.75,11,10.75],"texture":"#texture"}}},{"from":[3.5,12.75,6.25],"to":[4.5,13.5,6.5],"rotation":{"angle":-45,"axis":"x","origin":[3.5,13.5,6.25]},"faces":{"north":{"uv":[1,1,5,5],"texture":"#texture"},"east":{"uv":[1,1,5,5],"texture":"#texture"},"west":{"uv":[1,1,5,5],"texture":"#texture"}}},{"from":[3.5,12.9275,7.575],"to":[4.5,13.6775,7.825],"rotation":{"angle":45,"axis":"x","origin":[3.5,13.6775,7.575]},"faces":{"east":{"uv":[1,1,5,5],"texture":"#texture"},"south":{"uv":[1,1,5,5],"texture":"#texture"},"west":{"uv":[1,1,5,5],"texture":"#texture"},"up":{"uv":[1,1,5,5],"texture":"#texture"}}},{"from":[3.25,12.5,6.5],"to":[3.5,13.5,7.5],"rotation":{"angle":45,"axis":"z","origin":[3.25,13.5,6.5]},"faces":{"north":{"uv":[1,1,5,5],"texture":"#texture"},"south":{"uv":[1,1,5,5],"texture":"#texture"},"west":{"uv":[1,1,5,5],"texture":"#texture"}}},{"from":[4.5625,12.6875,6.5],"to":[4.8125,13.6875,7.5],"rotation":{"angle":-45,"axis":"z","origin":[4.5625,13.6875,6.5]},"faces":{"north":{"uv":[1,1,5,5],"texture":"#texture"},"south":{"uv":[1,1,5,5],"texture":"#texture"}}},{"from":[3.25,14.25,6.5],"to":[4.75,15.5,7.5],"faces":{"east":{"uv":[7.25,7,11.25,11],"texture":"#texture"},"south":{"uv":[6.75,7.25,10.75,11.25],"texture":"#texture"},"west":{"uv":[7,7,11,11],"texture":"#texture"},"up":{"uv":[7,6.75,11,10.75],"texture":"#texture"}}},{"from":[3.5,13.5,6.25],"to":[4.5,14.25,7.75],"faces":{"north":{"uv":[1,1,5,5],"texture":"#texture"},"south":{"uv":[1,1,5,5],"texture":"#texture"},"west":{"uv":[1,1,5,5],"texture":"#texture"}}},{"from":[3.25,14.25,6.5],"to":[3.6,15.5,8.27],"rotation":{"angle":45,"axis":"y","origin":[3.25,14.25,6.5]},"faces":{"north":{"uv":[6.75,7,10.75,11],"texture":"#texture"},"east":{"uv":[7.25,7,11.25,11],"texture":"#texture"},"south":{"uv":[6.75,7.25,10.75,11.25],"texture":"#texture"},"west":{"uv":[7,7,11,11],"texture":"#texture"},"up":{"uv":[7,6.75,11,10.75],"texture":"#texture"}}},{"from":[4.5,14.25,6.25],"to":[4.85,15.5,8.02],"rotation":{"angle":-45,"axis":"y","origin":[4.5,14.25,6.25]},"faces":{"up":{"uv":[7,6.75,11,10.75],"texture":"#texture"}}},{"from":[3.25,13.5,6.5],"to":[3.6,14.25,8.27],"rotation":{"angle":45,"axis":"y","origin":[3.25,13.5,6.5]},"faces":{"north":{"uv":[1,1,5,5],"texture":"#texture"},"east":{"uv":[1,1,5,5],"texture":"#texture"},"south":{"uv":[1,1,5,5],"texture":"#texture"},"west":{"uv":[1,1,5,5],"texture":"#texture"},"down":{"uv":[1,1,5,5],"texture":"#texture"}}},{"from":[4.5,13.5,6.25],"to":[4.85,14.25,8.02],"rotation":{"angle":-45,"axis":"y","origin":[4.5,13.5,6.25]},"faces":{"down":{"uv":[1,1,5,5],"texture":"#texture"}}},{"from":[3.25,13.5,6.5],"to":[4.75,14.25,7.5],"faces":{"east":{"uv":[1,1,5,5],"texture":"#texture"},"south":{"uv":[1,1,5,5],"texture":"#texture"},"west":{"uv":[1,1,5,5],"texture":"#texture"}}},{"from":[9.25,7,7.5],"to":[10.5,8.75,8.5],"rotation":{"angle":-22.5,"axis":"z","origin":[9.25,8.75,7.5]},"faces":{"north":{"uv":[1,1,5,5],"texture":"#texture"},"east":{"uv":[1,1,5,5],"texture":"#texture"},"south":{"uv":[1,1,5,5],"texture":"#texture"},"west":{"uv":[1,1,5,5],"texture":"#texture"},"up":{"uv":[1,1,5,5],"texture":"#texture"}}},{"from":[12,6.5,7.5],"to":[13.25,8.25,8.5],"rotation":{"angle":-45,"axis":"z","origin":[12,8.25,7.5]},"faces":{"north":{"uv":[1,1,5,5],"texture":"#texture"},"east":{"uv":[1,1,5,5],"texture":"#texture"},"south":{"uv":[1,1,5,5],"texture":"#texture"},"west":{"uv":[1,1,5,5],"texture":"#texture"},"up":{"uv":[1,1,5,5],"texture":"#texture"}}},{"from":[11.75,7,7.75],"to":[13,7.75,8.25],"rotation":{"angle":45,"axis":"z","origin":[11.75,7.75,7.75]},"faces":{"north":{"uv":[1,1,5,5],"texture":"#texture"},"east":{"uv":[1,1,5,5],"texture":"#texture"},"south":{"uv":[1,1,5,5],"texture":"#texture"},"up":{"uv":[1,1,5,5],"texture":"#texture"},"down":{"uv":[1,1,5,5],"texture":"#texture"}}},{"from":[9.75,7.75,7.75],"to":[10.5,9.25,8.25],"rotation":{"angle":-22.5,"axis":"z","origin":[9.75,9.25,7.75]},"faces":{"north":{"uv":[1,1,5,5],"texture":"#texture"},"east":{"uv":[1,1,5,5],"texture":"#texture"},"south":{"uv":[1,1,5,5],"texture":"#texture"},"west":{"uv":[1,1,5,5],"texture":"#texture"},"up":{"uv":[1,1,5,5],"texture":"#texture"}}},{"from":[10.25,6.5,9],"to":[11.25,8.25,10.25],"rotation":{"angle":22.5,"axis":"x","origin":[10.25,8.25,9]},"faces":{"north":{"uv":[1,1,5,5],"texture":"#texture"},"east":{"uv":[1,1,5,5],"texture":"#texture"},"south":{"uv":[1,1,5,5],"texture":"#texture"},"west":{"uv":[1,1,5,5],"texture":"#texture"},"up":{"uv":[1,1,5,5],"texture":"#texture"}}},{"from":[10.25,6,5.9375],"to":[11.25,7.75,7.1875],"rotation":{"angle":-22.5,"axis":"x","origin":[10.25,7.75,5.9375]},"faces":{"north":{"uv":[1,1,5,5],"texture":"#texture"},"east":{"uv":[1,1,5,5],"texture":"#texture"},"south":{"uv":[1,1,5,5],"texture":"#texture"},"west":{"uv":[1,1,5,5],"texture":"#texture"},"up":{"uv":[1,1,5,5],"texture":"#texture"}}},{"from":[10.5,6.9375,5.875],"to":[11,8.4375,6.625],"rotation":{"angle":-22.5,"axis":"x","origin":[10.5,8.4375,5.875]},"faces":{"north":{"uv":[1,1,5,5],"texture":"#texture"},"east":{"uv":[1,1,5,5],"texture":"#texture"},"south":{"uv":[1,1,5,5],"texture":"#texture"},"west":{"uv":[1,1,5,5],"texture":"#texture"},"up":{"uv":[1,1,5,5],"texture":"#texture"}}},{"from":[10.5,7.375,9.5],"to":[11,8.875,10.25],"rotation":{"angle":22.5,"axis":"x","origin":[10.5,8.875,9.5]},"faces":{"north":{"uv":[1,1,5,5],"texture":"#texture"},"east":{"uv":[1,1,5,5],"texture":"#texture"},"south":{"uv":[1,1,5,5],"texture":"#texture"},"west":{"uv":[1,1,5,5],"texture":"#texture"},"up":{"uv":[1,1,5,5],"texture":"#texture"}}}],"display":{"thirdperson_righthand":{"scale":[0,0,0]},"thirdperson_lefthand":{"scale":[0,0,0]},"firstperson_righthand":{"scale":[0,0,0]},"ground":{"scale":[0,0,0]},"gui":{"rotation":[30,45,0]},"head":{"rotation":[0,-90,0],"translation":[0,-32,-2],"scale":[1.5,1.5,1.5]},"fixed":{"scale":[0,0,0]}}}