{"__comment":"Created by MadstonMagic. � 2015-2018 MadstonMagic. All rights reserved.","textures":{"particle":"pokemon_skins/regular/drifblim/mouth","texture":"pokemon_skins/regular/drifblim/drifblim","belly":"pokemon_skins/regular/drifblim/belly"},"elements":[{"__comment":"top","from":[5,8.5,5],"to":[6,15,6],"faces":{"down":{"uv":[1.5,1,4.5,3.5],"texture":"#texture"},"up":{"uv":[2,1,5,4],"texture":"#texture"},"north":{"uv":[1.5,2,4.5,4.5],"texture":"#texture"},"south":{"uv":[2,1.5,5,3.5],"texture":"#texture"},"west":{"uv":[1.5,1.5,4.5,4],"texture":"#texture"},"east":{"uv":[2,1,4,3.5],"texture":"#texture"}}},{"__comment":"top","from":[3,8,5],"to":[13,13,6],"faces":{"down":{"uv":[1.5,1,4.5,3.5],"texture":"#texture"},"up":{"uv":[2,1,5,4],"texture":"#texture"},"north":{"uv":[1.5,2,4.5,4.5],"texture":"#texture"},"south":{"uv":[2,1.5,5,3.5],"texture":"#texture"},"west":{"uv":[1.5,1.5,4.5,4],"texture":"#texture"},"east":{"uv":[2,1,4,3.5],"texture":"#texture"}}},{"__comment":"top","from":[5,8,3],"to":[6,13,13],"faces":{"down":{"uv":[1.5,1,4.5,3.5],"texture":"#texture"},"up":{"uv":[2,1,5,4],"texture":"#texture"},"north":{"uv":[1.5,2,4.5,4.5],"texture":"#texture"},"south":{"uv":[2,1.5,5,3.5],"texture":"#texture"},"west":{"uv":[1.5,1.5,4.5,4],"texture":"#texture"},"east":{"uv":[2,1,4,3.5],"texture":"#texture"}}},{"__comment":"top","from":[5,10.17,3],"to":[6,13,5.83],"rotation":{"origin":[5,13,3],"axis":"x","angle":-45},"faces":{"down":{"uv":[1.5,1,4.5,3.5],"texture":"#texture"},"up":{"uv":[2,1,5,4],"texture":"#texture"},"north":{"uv":[1.5,2,4.5,4.5],"texture":"#texture"},"south":{"uv":[2,1.5,5,3.5],"texture":"#texture"},"west":{"uv":[1.5,1.5,4.5,4],"texture":"#texture"},"east":{"uv":[2,1,4,3.5],"texture":"#texture"}}},{"__comment":"top","from":[5,12.17,11],"to":[6,15,13.83],"rotation":{"origin":[5,15,11],"axis":"x","angle":45},"faces":{"down":{"uv":[1.5,1,4.5,3.5],"texture":"#texture"},"up":{"uv":[2,1,5,4],"texture":"#texture"},"north":{"uv":[1.5,2,4.5,4.5],"texture":"#texture"},"south":{"uv":[2,1.5,5,3.5],"texture":"#texture"},"west":{"uv":[1.5,1.5,4.5,4],"texture":"#texture"},"east":{"uv":[2,1,4,3.5],"texture":"#texture"}}},{"__comment":"top","from":[3,10.17,5],"to":[5.83,13,6],"rotation":{"origin":[3,13,5],"axis":"z","angle":45},"faces":{"down":{"uv":[1.5,1,4.5,3.5],"texture":"#texture"},"up":{"uv":[2,1,5,4],"texture":"#texture"},"north":{"uv":[1.5,2,4.5,4.5],"texture":"#texture"},"south":{"uv":[2,1.5,5,3.5],"texture":"#texture"},"west":{"uv":[1.5,1.5,4.5,4],"texture":"#texture"},"east":{"uv":[2,1,4,3.5],"texture":"#texture"}}},{"__comment":"top","from":[11,12.17,5],"to":[13.83,15,6],"rotation":{"origin":[11,15,5],"axis":"z","angle":-45},"faces":{"down":{"uv":[1.5,1,4.5,3.5],"texture":"#texture"},"up":{"uv":[2,1,5,4],"texture":"#texture"},"north":{"uv":[1.5,2,4.5,4.5],"texture":"#texture"},"south":{"uv":[2,1.5,5,3.5],"texture":"#texture"},"west":{"uv":[1.5,1.5,4.5,4],"texture":"#texture"},"east":{"uv":[2,1,4,3.5],"texture":"#texture"}}},{"__comment":"bottom","from":[5,7,3],"to":[6,8,13],"faces":{"down":{"uv":[7.5,1.5,10.5,4],"texture":"#texture"},"up":{"uv":[7.5,1,10.5,4],"texture":"#texture"},"north":{"uv":[7.5,1.5,10.5,4],"texture":"#texture"},"south":{"uv":[7.5,2,10.5,4],"texture":"#texture"},"west":{"uv":[7.5,2,10.5,4.5],"texture":"#texture"},"east":{"uv":[7.5,1.5,9.5,4],"texture":"#texture"}}},{"__comment":"bottom","from":[3,7,5],"to":[13,8,6],"faces":{"down":{"uv":[7.5,1.5,10.5,4],"texture":"#texture"},"up":{"uv":[7.5,1,10.5,4],"texture":"#texture"},"north":{"uv":[7.5,1.5,10.5,4],"texture":"#texture"},"south":{"uv":[7.5,2,10.5,4],"texture":"#texture"},"west":{"uv":[7.5,2,10.5,4.5],"texture":"#texture"},"east":{"uv":[7.5,1.5,9.5,4],"texture":"#texture"}}},{"__comment":"bottom","from":[5,5,5],"to":[6,6,6],"faces":{"down":{"uv":[7.5,1.5,10.5,4],"texture":"#texture"},"up":{"uv":[7.5,1,10.5,4],"texture":"#texture"},"north":{"uv":[7.5,1.5,10.5,4],"texture":"#texture"},"south":{"uv":[7.5,2,10.5,4],"texture":"#texture"},"west":{"uv":[7.5,2,10.5,4.5],"texture":"#texture"},"east":{"uv":[7.5,1.5,9.5,4],"texture":"#texture"}}},{"__comment":"bottom","from":[4,6.59,5],"to":[6.83,8,6],"rotation":{"origin":[4,8,5],"axis":"z","angle":-45},"faces":{"down":{"uv":[7.5,1.5,10.5,4],"texture":"#texture"},"up":{"uv":[7.5,1,10.5,4],"texture":"#texture"},"north":{"uv":[7.5,1.5,10.5,4],"texture":"#texture"},"south":{"uv":[7.5,2,10.5,4],"texture":"#texture"},"west":{"uv":[7.5,2,10.5,4.5],"texture":"#texture"},"east":{"uv":[7.5,1.5,9.5,4],"texture":"#texture"}}},{"__comment":"bottom","from":[10,4.59,5],"to":[12.83,6,6],"rotation":{"origin":[10,6,5],"axis":"z","angle":45},"faces":{"down":{"uv":[7.5,1.5,10.5,4],"texture":"#texture"},"up":{"uv":[7.5,1,10.5,4],"texture":"#texture"},"north":{"uv":[7.5,1.5,10.5,4],"texture":"#texture"},"south":{"uv":[7.5,2,10.5,4],"texture":"#texture"},"west":{"uv":[7.5,2,10.5,4.5],"texture":"#texture"},"east":{"uv":[7.5,1.5,9.5,4],"texture":"#texture"}}},{"__comment":"bottom","from":[5,6.59,4],"to":[6,8,6.83],"rotation":{"origin":[5,8,4],"axis":"x","angle":45},"faces":{"down":{"uv":[7.5,1.5,10.5,4],"texture":"#texture"},"up":{"uv":[7.5,1,10.5,4],"texture":"#texture"},"north":{"uv":[7.5,1.5,10.5,4],"texture":"#texture"},"south":{"uv":[7.5,2,10.5,4],"texture":"#texture"},"west":{"uv":[7.5,2,10.5,4.5],"texture":"#texture"},"east":{"uv":[7.5,1.5,9.5,4],"texture":"#texture"}}},{"__comment":"bottom","from":[5,4.59,10],"to":[6,6,12.83],"rotation":{"origin":[5,6,10],"axis":"x","angle":-45},"faces":{"down":{"uv":[7.5,1.5,10.5,4],"texture":"#texture"},"up":{"uv":[7.5,1,10.5,4],"texture":"#texture"},"north":{"uv":[7.5,1.5,10.5,4],"texture":"#texture"},"south":{"uv":[7.5,2,10.5,4],"texture":"#texture"},"west":{"uv":[7.5,2,10.5,4.5],"texture":"#texture"},"east":{"uv":[7.5,1.5,9.5,4],"texture":"#texture"}}},{"__comment":"bottom*","from":[3,7,5],"to":[5.83,8,6.41],"rotation":{"origin":[3,7,5],"axis":"y","angle":45},"faces":{"down":{"uv":[7.5,1.5,10.5,4],"texture":"#texture"},"up":{"uv":[7.5,1,10.5,4],"texture":"#texture"},"north":{"uv":[7.5,1.5,10.5,4],"texture":"#texture"},"south":{"uv":[7.5,2,10.5,4],"texture":"#texture"},"west":{"uv":[7.5,2,10.5,4.5],"texture":"#texture"},"east":{"uv":[7.5,1.5,9.5,4],"texture":"#texture"}}},{"__comment":"bottom*","from":[11,7,3],"to":[13.83,8,4.41],"rotation":{"origin":[11,7,3],"axis":"y","angle":-45},"faces":{"down":{"uv":[7.5,1.5,10.5,4],"texture":"#texture"},"up":{"uv":[7.5,1,10.5,4],"texture":"#texture"},"north":{"uv":[7.5,1.5,10.5,4],"texture":"#texture"},"south":{"uv":[7.5,2,10.5,4],"texture":"#texture"},"west":{"uv":[7.5,2,10.5,4.5],"texture":"#texture"},"east":{"uv":[7.5,1.5,9.5,4],"texture":"#texture"}}},{"__comment":"bottom*","from":[4,7,10],"to":[6.83,8,11.41],"rotation":{"origin":[4,7,10],"axis":"y","angle":-45},"faces":{"down":{"uv":[7.5,1.5,10.5,4],"texture":"#texture"},"up":{"uv":[7.5,1,10.5,4],"texture":"#texture"},"north":{"uv":[7.5,1.5,10.5,4],"texture":"#texture"},"south":{"uv":[7.5,2,10.5,4],"texture":"#texture"},"west":{"uv":[7.5,2,10.5,4.5],"texture":"#texture"},"east":{"uv":[7.5,1.5,9.5,4],"texture":"#texture"}}},{"__comment":"bottom*","from":[10,7,12],"to":[12.83,8,13.41],"rotation":{"origin":[10,7,12],"axis":"y","angle":45},"faces":{"down":{"uv":[7.5,1.5,10.5,4],"texture":"#texture"},"up":{"uv":[7.5,1,10.5,4],"texture":"#texture"},"north":{"uv":[7.5,1.5,10.5,4],"texture":"#texture"},"south":{"uv":[7.5,2,10.5,4],"texture":"#texture"},"west":{"uv":[7.5,2,10.5,4.5],"texture":"#texture"},"east":{"uv":[7.5,1.5,9.5,4],"texture":"#texture"}}},{"__comment":"top*","from":[3,8.5,5],"to":[5.83,13,6.41],"rotation":{"origin":[3,8.5,5],"axis":"y","angle":45},"faces":{"down":{"uv":[1.5,1,4.5,3.5],"texture":"#texture"},"up":{"uv":[2,1,5,4],"texture":"#texture"},"north":{"uv":[1.5,2,4.5,4.5],"texture":"#texture"},"south":{"uv":[2,1.5,5,3.5],"texture":"#texture"},"west":{"uv":[1.5,1.5,4.5,4],"texture":"#texture"},"east":{"uv":[2,1,4,3.5],"texture":"#texture"}}},{"__comment":"top*","from":[11,8.5,3],"to":[13.83,13,4.41],"rotation":{"origin":[11,8.5,3],"axis":"y","angle":-45},"faces":{"down":{"uv":[1.5,1,4.5,3.5],"texture":"#texture"},"up":{"uv":[2,1,5,4],"texture":"#texture"},"north":{"uv":[1.5,2,4.5,4.5],"texture":"#texture"},"south":{"uv":[2,1.5,5,3.5],"texture":"#texture"},"west":{"uv":[1.5,1.5,4.5,4],"texture":"#texture"},"east":{"uv":[2,1,4,3.5],"texture":"#texture"}}},{"__comment":"top*","from":[4,8.5,10],"to":[6.83,13,11.41],"rotation":{"origin":[4,8.5,10],"axis":"y","angle":-45},"faces":{"down":{"uv":[1.5,1,4.5,3.5],"texture":"#texture"},"up":{"uv":[2,1,5,4],"texture":"#texture"},"north":{"uv":[1.5,2,4.5,4.5],"texture":"#texture"},"south":{"uv":[2,1.5,5,3.5],"texture":"#texture"},"west":{"uv":[1.5,1.5,4.5,4],"texture":"#texture"},"east":{"uv":[2,1,4,3.5],"texture":"#texture"}}},{"__comment":"top*","from":[10,8.5,12],"to":[12.83,13,13.41],"rotation":{"origin":[10,8.5,12],"axis":"y","angle":45},"faces":{"down":{"uv":[1.5,1,4.5,3.5],"texture":"#texture"},"up":{"uv":[2,1,5,4],"texture":"#texture"},"north":{"uv":[1.5,2,4.5,4.5],"texture":"#texture"},"south":{"uv":[2,1.5,5,3.5],"texture":"#texture"},"west":{"uv":[1.5,1.5,4.5,4],"texture":"#texture"},"east":{"uv":[2,1,4,3.5],"texture":"#texture"}}},{"__comment":"top*","from":[3,8,10],"to":[13,13,11],"faces":{"down":{"uv":[1.5,1,4.5,3.5],"texture":"#texture"},"up":{"uv":[2,1,5,4],"texture":"#texture"},"north":{"uv":[1.5,2,4.5,4.5],"texture":"#texture"},"south":{"uv":[2,1.5,5,3.5],"texture":"#texture"},"west":{"uv":[1.5,1.5,4.5,4],"texture":"#texture"},"east":{"uv":[2,1,4,3.5],"texture":"#texture"}}},{"__comment":"top*","from":[3,8,6.125],"to":[13,13,9.875],"faces":{"down":{"uv":[1.5,1,4.5,3.5],"texture":"#texture"},"up":{"uv":[2,1,5,4],"texture":"#texture"},"north":{"uv":[1.5,2,4.5,4.5],"texture":"#texture"},"south":{"uv":[2,1.5,5,3.5],"texture":"#texture"},"west":{"uv":[1.5,1.5,4.5,4],"texture":"#texture"},"east":{"uv":[2,1,4,3.5],"texture":"#texture"}}},{"__comment":"top*","from":[3,10.17,6.125],"to":[5.83,13,9.875],"rotation":{"origin":[3,13,6.125],"axis":"z","angle":45},"faces":{"down":{"uv":[1.5,1,4.5,3.5],"texture":"#texture"},"up":{"uv":[2,1,5,4],"texture":"#texture"},"north":{"uv":[1.5,2,4.5,4.5],"texture":"#texture"},"south":{"uv":[2,1.5,5,3.5],"texture":"#texture"},"west":{"uv":[1.5,1.5,4.5,4],"texture":"#texture"},"east":{"uv":[2,1,4,3.5],"texture":"#texture"}}},{"__comment":"top*","from":[3,10.17,10],"to":[5.83,13,11],"rotation":{"origin":[3,13,10],"axis":"z","angle":45},"faces":{"down":{"uv":[1.5,1,4.5,3.5],"texture":"#texture"},"up":{"uv":[2,1,5,4],"texture":"#texture"},"north":{"uv":[1.5,2,4.5,4.5],"texture":"#texture"},"south":{"uv":[2,1.5,5,3.5],"texture":"#texture"},"west":{"uv":[1.5,1.5,4.5,4],"texture":"#texture"},"east":{"uv":[2,1,4,3.5],"texture":"#texture"}}},{"__comment":"black_top","from":[3,10.17,6],"to":[5.83,13,6.125],"rotation":{"origin":[3,13,6],"axis":"z","angle":45},"faces":{"down":{"uv":[11.5,14.25,12.5,15.5],"texture":"#particle"},"up":{"uv":[11.125,14.625,12.375,15.5],"texture":"#particle"},"north":{"uv":[11.625,14.5,12.625,15.375],"texture":"#particle"},"south":{"uv":[11.375,14.125,12.375,15.375],"texture":"#particle"},"west":{"uv":[11.25,14.25,12.375,15.375],"texture":"#particle"},"east":{"uv":[11.375,14.375,12.375,15.25],"texture":"#particle"}}},{"__comment":"black_top*","from":[3,10.17,9.875],"to":[5.83,13,10],"rotation":{"origin":[3,13,9.875],"axis":"z","angle":45},"faces":{"down":{"uv":[11.5,14.25,12.5,15.5],"texture":"#particle"},"up":{"uv":[11.125,14.625,12.375,15.5],"texture":"#particle"},"north":{"uv":[11.625,14.5,12.625,15.375],"texture":"#particle"},"south":{"uv":[11.375,14.125,12.375,15.375],"texture":"#particle"},"west":{"uv":[11.25,14.25,12.375,15.375],"texture":"#particle"},"east":{"uv":[11.375,14.375,12.375,15.25],"texture":"#particle"}}},{"__comment":"black_top*","from":[3,7,6],"to":[13,13,6.125],"faces":{"down":{"uv":[11.5,14.25,12.5,15.5],"texture":"#particle"},"up":{"uv":[11.125,14.625,12.375,15.5],"texture":"#particle"},"north":{"uv":[11.625,14.5,12.625,15.375],"texture":"#particle"},"south":{"uv":[11.375,14.125,12.375,15.375],"texture":"#particle"},"west":{"uv":[11.25,14.25,12.375,15.375],"texture":"#particle"},"east":{"uv":[11.375,14.375,12.375,15.25],"texture":"#particle"}}},{"__comment":"bottom*","from":[3,7,10],"to":[13,8,11],"faces":{"down":{"uv":[7.5,1.5,10.5,4],"texture":"#texture"},"up":{"uv":[7.5,1,10.5,4],"texture":"#texture"},"north":{"uv":[7.5,1.5,10.5,4],"texture":"#texture"},"south":{"uv":[7.5,2,10.5,4],"texture":"#texture"},"west":{"uv":[7.5,2,10.5,4.5],"texture":"#texture"},"east":{"uv":[7.5,1.5,9.5,4],"texture":"#texture"}}},{"__comment":"bottom*","from":[3,7,6.125],"to":[13,8,9.875],"faces":{"down":{"uv":[7.5,1.5,10.5,4],"texture":"#texture"},"up":{"uv":[7.5,1,10.5,4],"texture":"#texture"},"north":{"uv":[7.5,1.5,10.5,4],"texture":"#texture"},"south":{"uv":[7.5,2,10.5,4],"texture":"#texture"},"west":{"uv":[7.5,2,10.5,4.5],"texture":"#texture"},"east":{"uv":[7.5,1.5,9.5,4],"texture":"#texture"}}},{"__comment":"black_top*","from":[3,7,9.875],"to":[13,13,10],"faces":{"down":{"uv":[11.5,14.25,12.5,15.5],"texture":"#particle"},"up":{"uv":[11.125,14.625,12.375,15.5],"texture":"#particle"},"north":{"uv":[11.625,14.5,12.625,15.375],"texture":"#particle"},"south":{"uv":[11.375,14.125,12.375,15.375],"texture":"#particle"},"west":{"uv":[11.25,14.25,12.375,15.375],"texture":"#particle"},"east":{"uv":[11.375,14.375,12.375,15.25],"texture":"#particle"}}},{"__comment":"top*","from":[10,8,3],"to":[11,13,13],"faces":{"down":{"uv":[1.5,1,4.5,3.5],"texture":"#texture"},"up":{"uv":[2,1,5,4],"texture":"#texture"},"north":{"uv":[1.5,2,4.5,4.5],"texture":"#texture"},"south":{"uv":[2,1.5,5,3.5],"texture":"#texture"},"west":{"uv":[1.5,1.5,4.5,4],"texture":"#texture"},"east":{"uv":[2,1,4,3.5],"texture":"#texture"}}},{"__comment":"top*","from":[6.125,8,3],"to":[9.875,13,13],"faces":{"down":{"uv":[1.5,1,4.5,3.5],"texture":"#texture"},"up":{"uv":[2,1,5,4],"texture":"#texture"},"north":{"uv":[1.5,2,4.5,4.5],"texture":"#texture"},"south":{"uv":[2,1.5,5,3.5],"texture":"#texture"},"west":{"uv":[1.5,1.5,4.5,4],"texture":"#texture"},"east":{"uv":[2,1,4,3.5],"texture":"#texture"}}},{"__comment":"black_top","from":[6,7,3],"to":[6.125,13,13],"faces":{"down":{"uv":[11.5,14.25,12.5,15.5],"texture":"#particle"},"up":{"uv":[11.125,14.625,12.375,15.5],"texture":"#particle"},"north":{"uv":[11.625,14.5,12.625,15.375],"texture":"#particle"},"south":{"uv":[11.375,14.125,12.375,15.375],"texture":"#particle"},"west":{"uv":[11.25,14.25,12.375,15.375],"texture":"#particle"},"east":{"uv":[11.375,14.375,12.375,15.25],"texture":"#particle"}}},{"__comment":"bottom*","from":[10,7,3],"to":[11,8,13],"faces":{"down":{"uv":[7.5,1.5,10.5,4],"texture":"#texture"},"up":{"uv":[7.5,1,10.5,4],"texture":"#texture"},"north":{"uv":[7.5,1.5,10.5,4],"texture":"#texture"},"south":{"uv":[7.5,2,10.5,4],"texture":"#texture"},"west":{"uv":[7.5,2,10.5,4.5],"texture":"#texture"},"east":{"uv":[7.5,1.5,9.5,4],"texture":"#texture"}}},{"__comment":"bottom*","from":[6.125,7,3],"to":[9.875,8,13],"faces":{"down":{"uv":[7.5,1.5,10.5,4],"texture":"#texture"},"up":{"uv":[7.5,1,10.5,4],"texture":"#texture"},"north":{"uv":[7.5,1.5,10.5,4],"texture":"#texture"},"south":{"uv":[7.5,2,10.5,4],"texture":"#texture"},"west":{"uv":[7.5,2,10.5,4.5],"texture":"#texture"},"east":{"uv":[7.5,1.5,9.5,4],"texture":"#texture"}}},{"__comment":"black_top*","from":[9.875,7,3],"to":[10,13,13],"faces":{"down":{"uv":[11.5,14.25,12.5,15.5],"texture":"#particle"},"up":{"uv":[11.125,14.625,12.375,15.5],"texture":"#particle"},"north":{"uv":[11.625,14.5,12.625,15.375],"texture":"#particle"},"south":{"uv":[11.375,14.125,12.375,15.375],"texture":"#particle"},"west":{"uv":[11.25,14.25,12.375,15.375],"texture":"#particle"},"east":{"uv":[11.375,14.375,12.375,15.25],"texture":"#particle"}}},{"__comment":"top*","from":[6.125,10.5,11],"to":[9.875,15,13.83],"rotation":{"origin":[6.125,15,11],"axis":"x","angle":45},"faces":{"down":{"uv":[1.5,1,4.5,3.5],"texture":"#texture"},"up":{"uv":[2,1,5,4],"texture":"#texture"},"north":{"uv":[1.5,2,4.5,4.5],"texture":"#texture"},"south":{"uv":[2,1.5,5,3.5],"texture":"#texture"},"west":{"uv":[1.5,1.5,4.5,4],"texture":"#texture"},"east":{"uv":[2,1,4,3.5],"texture":"#texture"}}},{"__comment":"top*","from":[10,12.17,11],"to":[11,15,13.83],"rotation":{"origin":[10,15,11],"axis":"x","angle":45},"faces":{"down":{"uv":[1.5,1,4.5,3.5],"texture":"#texture"},"up":{"uv":[2,1,5,4],"texture":"#texture"},"north":{"uv":[1.5,2,4.5,4.5],"texture":"#texture"},"south":{"uv":[2,1.5,5,3.5],"texture":"#texture"},"west":{"uv":[1.5,1.5,4.5,4],"texture":"#texture"},"east":{"uv":[2,1,4,3.5],"texture":"#texture"}}},{"__comment":"black_top*","from":[6,11.5,11],"to":[6.125,15,13.83],"rotation":{"origin":[6,15,11],"axis":"x","angle":45},"faces":{"down":{"uv":[11.5,14.25,12.5,15.5],"texture":"#particle"},"up":{"uv":[11.125,14.625,12.375,15.5],"texture":"#particle"},"north":{"uv":[11.625,14.5,12.625,15.375],"texture":"#particle"},"south":{"uv":[11.375,14.125,12.375,15.375],"texture":"#particle"},"west":{"uv":[11.25,14.25,12.375,15.375],"texture":"#particle"},"east":{"uv":[11.375,14.375,12.375,15.25],"texture":"#particle"}}},{"__comment":"black_top*","from":[9.875,11.5,11],"to":[10,15,13.83],"rotation":{"origin":[9.875,15,11],"axis":"x","angle":45},"faces":{"down":{"uv":[11.5,14.25,12.5,15.5],"texture":"#particle"},"up":{"uv":[11.125,14.625,12.375,15.5],"texture":"#particle"},"north":{"uv":[11.625,14.5,12.625,15.375],"texture":"#particle"},"south":{"uv":[11.375,14.125,12.375,15.375],"texture":"#particle"},"west":{"uv":[11.25,14.25,12.375,15.375],"texture":"#particle"},"east":{"uv":[11.375,14.375,12.375,15.25],"texture":"#particle"}}},{"__comment":"black_top*","from":[6,9.5,3],"to":[6.125,13,5.83],"rotation":{"origin":[6,13,3],"axis":"x","angle":-45},"faces":{"down":{"uv":[11.5,14.25,12.5,15.5],"texture":"#particle"},"up":{"uv":[11.125,14.625,12.375,15.5],"texture":"#particle"},"north":{"uv":[11.625,14.5,12.625,15.375],"texture":"#particle"},"south":{"uv":[11.375,14.125,12.375,15.375],"texture":"#particle"},"west":{"uv":[11.25,14.25,12.375,15.375],"texture":"#particle"},"east":{"uv":[11.375,14.375,12.375,15.25],"texture":"#particle"}}},{"__comment":"top*","from":[6.125,8.5,3],"to":[9.875,13,5.83],"rotation":{"origin":[6.125,13,3],"axis":"x","angle":-45},"faces":{"down":{"uv":[1.5,1,4.5,3.5],"texture":"#texture"},"up":{"uv":[2,1,5,4],"texture":"#texture"},"north":{"uv":[1.5,2,4.5,4.5],"texture":"#texture"},"south":{"uv":[2,1.5,5,3.5],"texture":"#texture"},"west":{"uv":[1.5,1.5,4.5,4],"texture":"#texture"},"east":{"uv":[2,1,4,3.5],"texture":"#texture"}}},{"__comment":"black_top*","from":[9.875,9.5,3],"to":[10,13,5.83],"rotation":{"origin":[9.875,13,3],"axis":"x","angle":-45},"faces":{"down":{"uv":[11.5,14.25,12.5,15.5],"texture":"#particle"},"up":{"uv":[11.125,14.625,12.375,15.5],"texture":"#particle"},"north":{"uv":[11.625,14.5,12.625,15.375],"texture":"#particle"},"south":{"uv":[11.375,14.125,12.375,15.375],"texture":"#particle"},"west":{"uv":[11.25,14.25,12.375,15.375],"texture":"#particle"},"east":{"uv":[11.375,14.375,12.375,15.25],"texture":"#particle"}}},{"__comment":"top*","from":[10,10.17,3],"to":[11,13,5.83],"rotation":{"origin":[10,13,3],"axis":"x","angle":-45},"faces":{"down":{"uv":[1.5,1,4.5,3.5],"texture":"#texture"},"up":{"uv":[2,1,5,4],"texture":"#texture"},"north":{"uv":[1.5,2,4.5,4.5],"texture":"#texture"},"south":{"uv":[2,1.5,5,3.5],"texture":"#texture"},"west":{"uv":[1.5,1.5,4.5,4],"texture":"#texture"},"east":{"uv":[2,1,4,3.5],"texture":"#texture"}}},{"__comment":"top*","from":[11,12.17,10],"to":[13.83,15,11],"rotation":{"origin":[11,15,10],"axis":"z","angle":-45},"faces":{"down":{"uv":[1.5,1,4.5,3.5],"texture":"#texture"},"up":{"uv":[2,1,5,4],"texture":"#texture"},"north":{"uv":[1.5,2,4.5,4.5],"texture":"#texture"},"south":{"uv":[2,1.5,5,3.5],"texture":"#texture"},"west":{"uv":[1.5,1.5,4.5,4],"texture":"#texture"},"east":{"uv":[2,1,4,3.5],"texture":"#texture"}}},{"__comment":"black_top*","from":[11,12.17,9.875],"to":[13.83,15,10],"rotation":{"origin":[11,15,9.875],"axis":"z","angle":-45},"faces":{"down":{"uv":[11.5,14.25,12.5,15.5],"texture":"#particle"},"up":{"uv":[11.125,14.625,12.375,15.5],"texture":"#particle"},"north":{"uv":[11.625,14.5,12.625,15.375],"texture":"#particle"},"south":{"uv":[11.375,14.125,12.375,15.375],"texture":"#particle"},"west":{"uv":[11.25,14.25,12.375,15.375],"texture":"#particle"},"east":{"uv":[11.375,14.375,12.375,15.25],"texture":"#particle"}}},{"__comment":"top*","from":[11,12.17,6.125],"to":[13.83,15,9.875],"rotation":{"origin":[11,15,6.125],"axis":"z","angle":-45},"faces":{"down":{"uv":[1.5,1,4.5,3.5],"texture":"#texture"},"up":{"uv":[2,1,5,4],"texture":"#texture"},"north":{"uv":[1.5,2,4.5,4.5],"texture":"#texture"},"south":{"uv":[2,1.5,5,3.5],"texture":"#texture"},"west":{"uv":[1.5,1.5,4.5,4],"texture":"#texture"},"east":{"uv":[2,1,4,3.5],"texture":"#texture"}}},{"__comment":"black_top*","from":[11,12.17,6],"to":[13.83,15,6.125],"rotation":{"origin":[11,15,6],"axis":"z","angle":-45},"faces":{"down":{"uv":[11.5,14.25,12.5,15.5],"texture":"#particle"},"up":{"uv":[11.125,14.625,12.375,15.5],"texture":"#particle"},"north":{"uv":[11.625,14.5,12.625,15.375],"texture":"#particle"},"south":{"uv":[11.375,14.125,12.375,15.375],"texture":"#particle"},"west":{"uv":[11.25,14.25,12.375,15.375],"texture":"#particle"},"east":{"uv":[11.375,14.375,12.375,15.25],"texture":"#particle"}}},{"__comment":"bottom*","from":[4,6.59,6.125],"to":[6.83,8,9.875],"rotation":{"origin":[4,8,6.125],"axis":"z","angle":-45},"faces":{"down":{"uv":[7.5,1.5,10.5,4],"texture":"#texture"},"up":{"uv":[7.5,1,10.5,4],"texture":"#texture"},"north":{"uv":[7.5,1.5,10.5,4],"texture":"#texture"},"south":{"uv":[7.5,2,10.5,4],"texture":"#texture"},"west":{"uv":[7.5,2,10.5,4.5],"texture":"#texture"},"east":{"uv":[7.5,1.5,9.5,4],"texture":"#texture"}}},{"__comment":"bottom*","from":[4,6.59,10],"to":[6.83,8,11],"rotation":{"origin":[4,8,10],"axis":"z","angle":-45},"faces":{"down":{"uv":[7.5,1.5,10.5,4],"texture":"#texture"},"up":{"uv":[7.5,1,10.5,4],"texture":"#texture"},"north":{"uv":[7.5,1.5,10.5,4],"texture":"#texture"},"south":{"uv":[7.5,2,10.5,4],"texture":"#texture"},"west":{"uv":[7.5,2,10.5,4.5],"texture":"#texture"},"east":{"uv":[7.5,1.5,9.5,4],"texture":"#texture"}}},{"__comment":"black_bottom","from":[4,6.59,9.875],"to":[6.83,8,10],"rotation":{"origin":[4,8,9.875],"axis":"z","angle":-45},"faces":{"down":{"uv":[11.5,14.25,12.5,15.5],"texture":"#particle"},"up":{"uv":[11.125,14.625,12.375,15.5],"texture":"#particle"},"north":{"uv":[11.625,14.5,12.625,15.375],"texture":"#particle"},"south":{"uv":[11.375,14.125,12.375,15.375],"texture":"#particle"},"west":{"uv":[11.25,14.25,12.375,15.375],"texture":"#particle"},"east":{"uv":[11.375,14.375,12.375,15.25],"texture":"#particle"}}},{"__comment":"black_bottom*","from":[4,6.59,6],"to":[6.83,8,6.125],"rotation":{"origin":[4,8,6],"axis":"z","angle":-45},"faces":{"down":{"uv":[11.5,14.25,12.5,15.5],"texture":"#particle"},"up":{"uv":[11.125,14.625,12.375,15.5],"texture":"#particle"},"north":{"uv":[11.625,14.5,12.625,15.375],"texture":"#particle"},"south":{"uv":[11.375,14.125,12.375,15.375],"texture":"#particle"},"west":{"uv":[11.25,14.25,12.375,15.375],"texture":"#particle"},"east":{"uv":[11.375,14.375,12.375,15.25],"texture":"#particle"}}},{"__comment":"bottom*","from":[10,4.59,10],"to":[12.83,6,11],"rotation":{"origin":[10,6,10],"axis":"z","angle":45},"faces":{"down":{"uv":[7.5,1.5,10.5,4],"texture":"#texture"},"up":{"uv":[7.5,1,10.5,4],"texture":"#texture"},"north":{"uv":[7.5,1.5,10.5,4],"texture":"#texture"},"south":{"uv":[7.5,2,10.5,4],"texture":"#texture"},"west":{"uv":[7.5,2,10.5,4.5],"texture":"#texture"},"east":{"uv":[7.5,1.5,9.5,4],"texture":"#texture"}}},{"__comment":"bottom*","from":[10,4.59,6.125],"to":[12.83,6,9.875],"rotation":{"origin":[10,6,6.125],"axis":"z","angle":45},"faces":{"down":{"uv":[7.5,1.5,10.5,4],"texture":"#texture"},"up":{"uv":[7.5,1,10.5,4],"texture":"#texture"},"north":{"uv":[7.5,1.5,10.5,4],"texture":"#texture"},"south":{"uv":[7.5,2,10.5,4],"texture":"#texture"},"west":{"uv":[7.5,2,10.5,4.5],"texture":"#texture"},"east":{"uv":[7.5,1.5,9.5,4],"texture":"#texture"}}},{"__comment":"black_bottom*","from":[10,4.59,9.875],"to":[12.83,6,10],"rotation":{"origin":[10,6,9.875],"axis":"z","angle":45},"faces":{"down":{"uv":[11.5,14.25,12.5,15.5],"texture":"#particle"},"up":{"uv":[11.125,14.625,12.375,15.5],"texture":"#particle"},"north":{"uv":[11.625,14.5,12.625,15.375],"texture":"#particle"},"south":{"uv":[11.375,14.125,12.375,15.375],"texture":"#particle"},"west":{"uv":[11.25,14.25,12.375,15.375],"texture":"#particle"},"east":{"uv":[11.375,14.375,12.375,15.25],"texture":"#particle"}}},{"__comment":"black_bottom*","from":[10,4.59,6],"to":[12.83,6,6.125],"rotation":{"origin":[10,6,6],"axis":"z","angle":45},"faces":{"down":{"uv":[11.5,14.25,12.5,15.5],"texture":"#particle"},"up":{"uv":[11.125,14.625,12.375,15.5],"texture":"#particle"},"north":{"uv":[11.625,14.5,12.625,15.375],"texture":"#particle"},"south":{"uv":[11.375,14.125,12.375,15.375],"texture":"#particle"},"west":{"uv":[11.25,14.25,12.375,15.375],"texture":"#particle"},"east":{"uv":[11.375,14.375,12.375,15.25],"texture":"#particle"}}},{"__comment":"bottom*","from":[6.125,4.59,10],"to":[9.875,6,12.83],"rotation":{"origin":[6.125,6,10],"axis":"x","angle":-45},"faces":{"down":{"uv":[7.5,1.5,10.5,4],"texture":"#texture"},"up":{"uv":[7.5,1,10.5,4],"texture":"#texture"},"north":{"uv":[7.5,1.5,10.5,4],"texture":"#texture"},"south":{"uv":[7.5,2,10.5,4],"texture":"#texture"},"west":{"uv":[7.5,2,10.5,4.5],"texture":"#texture"},"east":{"uv":[7.5,1.5,9.5,4],"texture":"#texture"}}},{"__comment":"bottom*","from":[10,4.59,10],"to":[11,6,12.83],"rotation":{"origin":[10,6,10],"axis":"x","angle":-45},"faces":{"down":{"uv":[7.5,1.5,10.5,4],"texture":"#texture"},"up":{"uv":[7.5,1,10.5,4],"texture":"#texture"},"north":{"uv":[7.5,1.5,10.5,4],"texture":"#texture"},"south":{"uv":[7.5,2,10.5,4],"texture":"#texture"},"west":{"uv":[7.5,2,10.5,4.5],"texture":"#texture"},"east":{"uv":[7.5,1.5,9.5,4],"texture":"#texture"}}},{"__comment":"black_bottom","from":[6,4.5625,9.9375],"to":[6.125,6.0625,12.7675],"rotation":{"origin":[6,6.0625,9.9375],"axis":"x","angle":-45},"faces":{"down":{"uv":[11.5,14.25,12.5,15.5],"texture":"#particle"},"up":{"uv":[11.125,14.625,12.375,15.5],"texture":"#particle"},"north":{"uv":[11.625,14.5,12.625,15.375],"texture":"#particle"},"south":{"uv":[11.375,14.125,12.375,15.375],"texture":"#particle"},"west":{"uv":[11.25,14.25,12.375,15.375],"texture":"#particle"},"east":{"uv":[11.375,14.375,12.375,15.25],"texture":"#particle"}}},{"__comment":"black_bottom*","from":[9.875,4.5625,9.9375],"to":[10,6.0625,12.7675],"rotation":{"origin":[9.875,6.0625,9.9375],"axis":"x","angle":-45},"faces":{"down":{"uv":[11.5,14.25,12.5,15.5],"texture":"#particle"},"up":{"uv":[11.125,14.625,12.375,15.5],"texture":"#particle"},"north":{"uv":[11.625,14.5,12.625,15.375],"texture":"#particle"},"south":{"uv":[11.375,14.125,12.375,15.375],"texture":"#particle"},"west":{"uv":[11.25,14.25,12.375,15.375],"texture":"#particle"},"east":{"uv":[11.375,14.375,12.375,15.25],"texture":"#particle"}}},{"__comment":"black_bottom*","from":[6,4.17,3],"to":[6.125,7,4.41],"rotation":{"origin":[6,7,3],"axis":"x","angle":-45},"faces":{"down":{"uv":[11.5,14.25,12.5,15.5],"texture":"#particle"},"up":{"uv":[11.125,14.625,12.375,15.5],"texture":"#particle"},"north":{"uv":[11.625,14.5,12.625,15.375],"texture":"#particle"},"south":{"uv":[11.375,14.125,12.375,15.375],"texture":"#particle"},"west":{"uv":[11.25,14.25,12.375,15.375],"texture":"#particle"},"east":{"uv":[11.375,14.375,12.375,15.25],"texture":"#particle"}}},{"__comment":"bottom*","from":[6.125,6.59,4],"to":[9.875,8,6.83],"rotation":{"origin":[6.125,8,4],"axis":"x","angle":45},"faces":{"down":{"uv":[7.5,1.5,10.5,4],"texture":"#texture"},"up":{"uv":[7.5,1,10.5,4],"texture":"#texture"},"north":{"uv":[7.5,1.5,10.5,4],"texture":"#texture"},"south":{"uv":[7.5,2,10.5,4],"texture":"#texture"},"west":{"uv":[7.5,2,10.5,4.5],"texture":"#texture"},"east":{"uv":[7.5,1.5,9.5,4],"texture":"#texture"}}},{"__comment":"bottom*","from":[10,6.59,4],"to":[11,8,6.83],"rotation":{"origin":[10,8,4],"axis":"x","angle":45},"faces":{"down":{"uv":[7.5,1.5,10.5,4],"texture":"#texture"},"up":{"uv":[7.5,1,10.5,4],"texture":"#texture"},"north":{"uv":[7.5,1.5,10.5,4],"texture":"#texture"},"south":{"uv":[7.5,2,10.5,4],"texture":"#texture"},"west":{"uv":[7.5,2,10.5,4.5],"texture":"#texture"},"east":{"uv":[7.5,1.5,9.5,4],"texture":"#texture"}}},{"__comment":"black_bottom*","from":[9.875,4.17,3],"to":[10,7,4.41],"rotation":{"origin":[9.875,7,3],"axis":"x","angle":-45},"faces":{"down":{"uv":[11.5,14.25,12.5,15.5],"texture":"#particle"},"up":{"uv":[11.125,14.625,12.375,15.5],"texture":"#particle"},"north":{"uv":[11.625,14.5,12.625,15.375],"texture":"#particle"},"south":{"uv":[11.375,14.125,12.375,15.375],"texture":"#particle"},"west":{"uv":[11.25,14.25,12.375,15.375],"texture":"#particle"},"east":{"uv":[11.375,14.375,12.375,15.25],"texture":"#particle"}}},{"__comment":"top*","from":[5,10,10],"to":[6,15,11],"faces":{"down":{"uv":[1.5,1,4.5,3.5],"texture":"#texture"},"up":{"uv":[2,1,5,4],"texture":"#texture"},"north":{"uv":[1.5,2,4.5,4.5],"texture":"#texture"},"south":{"uv":[2,1.5,5,3.5],"texture":"#texture"},"west":{"uv":[1.5,1.5,4.5,4],"texture":"#texture"},"east":{"uv":[2,1,4,3.5],"texture":"#texture"}}},{"__comment":"top*","from":[10,10,10],"to":[11,15,11],"faces":{"down":{"uv":[1.5,1,4.5,3.5],"texture":"#texture"},"up":{"uv":[2,1,5,4],"texture":"#texture"},"north":{"uv":[1.5,2,4.5,4.5],"texture":"#texture"},"south":{"uv":[2,1.5,5,3.5],"texture":"#texture"},"west":{"uv":[1.5,1.5,4.5,4],"texture":"#texture"},"east":{"uv":[2,1,4,3.5],"texture":"#texture"}}},{"__comment":"top*","from":[10,10,5],"to":[11,15,6],"faces":{"down":{"uv":[1.5,1,4.5,3.5],"texture":"#texture"},"up":{"uv":[2,1,5,4],"texture":"#texture"},"north":{"uv":[1.5,2,4.5,4.5],"texture":"#texture"},"south":{"uv":[2,1.5,5,3.5],"texture":"#texture"},"west":{"uv":[1.5,1.5,4.5,4],"texture":"#texture"},"east":{"uv":[2,1,4,3.5],"texture":"#texture"}}},{"__comment":"top*","from":[6.125,10,5],"to":[9.875,15,11],"faces":{"down":{"uv":[1.5,1,4.5,3.5],"texture":"#texture"},"up":{"uv":[2,1,5,4],"texture":"#texture"},"north":{"uv":[1.5,2,4.5,4.5],"texture":"#texture"},"south":{"uv":[2,1.5,5,3.5],"texture":"#texture"},"west":{"uv":[1.5,1.5,4.5,4],"texture":"#texture"},"east":{"uv":[2,1,4,3.5],"texture":"#texture"}}},{"__comment":"top*","from":[5,10,6.125],"to":[11,15,9.875],"faces":{"down":{"uv":[1.5,1,4.5,3.5],"texture":"#texture"},"up":{"uv":[2,1,5,4],"texture":"#texture"},"north":{"uv":[1.5,2,4.5,4.5],"texture":"#texture"},"south":{"uv":[2,1.5,5,3.5],"texture":"#texture"},"west":{"uv":[1.5,1.5,4.5,4],"texture":"#texture"},"east":{"uv":[2,1,4,3.5],"texture":"#texture"}}},{"__comment":"black_top*","from":[5,5,6],"to":[6.125,15,6.125],"faces":{"down":{"uv":[11.5,14.25,12.5,15.5],"texture":"#particle"},"up":{"uv":[11.125,14.625,12.375,15.5],"texture":"#particle"},"north":{"uv":[11.625,14.5,12.625,15.375],"texture":"#particle"},"south":{"uv":[11.375,14.125,12.375,15.375],"texture":"#particle"},"west":{"uv":[11.25,14.25,12.375,15.375],"texture":"#particle"},"east":{"uv":[11.375,14.375,12.375,15.25],"texture":"#particle"}}},{"__comment":"black_top*","from":[9.875,5,6],"to":[11,15,6.125],"faces":{"down":{"uv":[11.5,14.25,12.5,15.5],"texture":"#particle"},"up":{"uv":[11.125,14.625,12.375,15.5],"texture":"#particle"},"north":{"uv":[11.625,14.5,12.625,15.375],"texture":"#particle"},"south":{"uv":[11.375,14.125,12.375,15.375],"texture":"#particle"},"west":{"uv":[11.25,14.25,12.375,15.375],"texture":"#particle"},"east":{"uv":[11.375,14.375,12.375,15.25],"texture":"#particle"}}},{"__comment":"black_top*","from":[9.875,5,9.875],"to":[11,15,10],"faces":{"down":{"uv":[11.5,14.25,12.5,15.5],"texture":"#particle"},"up":{"uv":[11.125,14.625,12.375,15.5],"texture":"#particle"},"north":{"uv":[11.625,14.5,12.625,15.375],"texture":"#particle"},"south":{"uv":[11.375,14.125,12.375,15.375],"texture":"#particle"},"west":{"uv":[11.25,14.25,12.375,15.375],"texture":"#particle"},"east":{"uv":[11.375,14.375,12.375,15.25],"texture":"#particle"}}},{"__comment":"black_top*","from":[5,5,9.875],"to":[6.125,15,10],"faces":{"down":{"uv":[11.5,14.25,12.5,15.5],"texture":"#particle"},"up":{"uv":[11.125,14.625,12.375,15.5],"texture":"#particle"},"north":{"uv":[11.625,14.5,12.625,15.375],"texture":"#particle"},"south":{"uv":[11.375,14.125,12.375,15.375],"texture":"#particle"},"west":{"uv":[11.25,14.25,12.375,15.375],"texture":"#particle"},"east":{"uv":[11.375,14.375,12.375,15.25],"texture":"#particle"}}},{"__comment":"black_top*","from":[6,5,10],"to":[6.125,15,11],"faces":{"down":{"uv":[11.5,14.25,12.5,15.5],"texture":"#particle"},"up":{"uv":[11.125,14.625,12.375,15.5],"texture":"#particle"},"north":{"uv":[11.625,14.5,12.625,15.375],"texture":"#particle"},"south":{"uv":[11.375,14.125,12.375,15.375],"texture":"#particle"},"west":{"uv":[11.25,14.25,12.375,15.375],"texture":"#particle"},"east":{"uv":[11.375,14.375,12.375,15.25],"texture":"#particle"}}},{"__comment":"black_top*","from":[9.875,5,10],"to":[10,15,11],"faces":{"down":{"uv":[11.5,14.25,12.5,15.5],"texture":"#particle"},"up":{"uv":[11.125,14.625,12.375,15.5],"texture":"#particle"},"north":{"uv":[11.625,14.5,12.625,15.375],"texture":"#particle"},"south":{"uv":[11.375,14.125,12.375,15.375],"texture":"#particle"},"west":{"uv":[11.25,14.25,12.375,15.375],"texture":"#particle"},"east":{"uv":[11.375,14.375,12.375,15.25],"texture":"#particle"}}},{"__comment":"black_top*","from":[9.875,5,5],"to":[10,15,6],"faces":{"down":{"uv":[11.5,14.25,12.5,15.5],"texture":"#particle"},"up":{"uv":[11.125,14.625,12.375,15.5],"texture":"#particle"},"north":{"uv":[11.625,14.5,12.625,15.375],"texture":"#particle"},"south":{"uv":[11.375,14.125,12.375,15.375],"texture":"#particle"},"west":{"uv":[11.25,14.25,12.375,15.375],"texture":"#particle"},"east":{"uv":[11.375,14.375,12.375,15.25],"texture":"#particle"}}},{"__comment":"black_top*","from":[6,5,5],"to":[6.125,15,6],"faces":{"down":{"uv":[11.5,14.25,12.5,15.5],"texture":"#particle"},"up":{"uv":[11.125,14.625,12.375,15.5],"texture":"#particle"},"north":{"uv":[11.625,14.5,12.625,15.375],"texture":"#particle"},"south":{"uv":[11.375,14.125,12.375,15.375],"texture":"#particle"},"west":{"uv":[11.25,14.25,12.375,15.375],"texture":"#particle"},"east":{"uv":[11.375,14.375,12.375,15.25],"texture":"#particle"}}},{"__comment":"bottom*","from":[10,5,5],"to":[11,6,6],"faces":{"down":{"uv":[7.5,1.5,10.5,4],"texture":"#texture"},"up":{"uv":[7.5,1,10.5,4],"texture":"#texture"},"north":{"uv":[7.5,1.5,10.5,4],"texture":"#texture"},"south":{"uv":[7.5,2,10.5,4],"texture":"#texture"},"west":{"uv":[7.5,2,10.5,4.5],"texture":"#texture"},"east":{"uv":[7.5,1.5,9.5,4],"texture":"#texture"}}},{"__comment":"bottom*","from":[10,5,10],"to":[11,6,11],"faces":{"down":{"uv":[7.5,1.5,10.5,4],"texture":"#texture"},"up":{"uv":[7.5,1,10.5,4],"texture":"#texture"},"north":{"uv":[7.5,1.5,10.5,4],"texture":"#texture"},"south":{"uv":[7.5,2,10.5,4],"texture":"#texture"},"west":{"uv":[7.5,2,10.5,4.5],"texture":"#texture"},"east":{"uv":[7.5,1.5,9.5,4],"texture":"#texture"}}},{"__comment":"bottom*","from":[5,5,10],"to":[6,6,11],"faces":{"down":{"uv":[7.5,1.5,10.5,4],"texture":"#texture"},"up":{"uv":[7.5,1,10.5,4],"texture":"#texture"},"north":{"uv":[7.5,1.5,10.5,4],"texture":"#texture"},"south":{"uv":[7.5,2,10.5,4],"texture":"#texture"},"west":{"uv":[7.5,2,10.5,4.5],"texture":"#texture"},"east":{"uv":[7.5,1.5,9.5,4],"texture":"#texture"}}},{"__comment":"bottom*","from":[5,5,6.125],"to":[11,6,9.875],"faces":{"down":{"uv":[7.5,1.5,10.5,4],"texture":"#texture"},"up":{"uv":[7.5,1,10.5,4],"texture":"#texture"},"north":{"uv":[7.5,1.5,10.5,4],"texture":"#texture"},"south":{"uv":[7.5,2,10.5,4],"texture":"#texture"},"west":{"uv":[7.5,2,10.5,4.5],"texture":"#texture"},"east":{"uv":[7.5,1.5,9.5,4],"texture":"#texture"}}},{"__comment":"bottom*","from":[6.125,5,5],"to":[9.875,6,11],"faces":{"down":{"uv":[7.5,1.5,10.5,4],"texture":"#texture"},"up":{"uv":[7.5,1,10.5,4],"texture":"#texture"},"north":{"uv":[7.5,1.5,10.5,4],"texture":"#texture"},"south":{"uv":[7.5,2,10.5,4],"texture":"#texture"},"west":{"uv":[7.5,2,10.5,4.5],"texture":"#texture"},"east":{"uv":[7.5,1.5,9.5,4],"texture":"#texture"}}},{"__comment":"side","from":[2.985,7.95,6.125],"to":[5.235,8.95,9.875],"faces":{"down":{"uv":[6.25,4.25,7.25,8.5],"texture":"#belly"},"up":{"uv":[6.25,5.75,7.5,9.25],"texture":"#belly"},"north":{"uv":[5.75,5,7,7.25],"texture":"#belly"},"south":{"uv":[5.75,4.75,7.5,6.75],"texture":"#belly"},"west":{"uv":[8.25,0.25,15.75,4],"texture":"#belly"},"east":{"uv":[8.25,0.25,15.75,4],"texture":"#belly"}}},{"__comment":"side*","from":[10.765,7.95,6.125],"to":[13.015,8.95,9.875],"faces":{"down":{"uv":[6.25,4.25,7.25,8.5],"texture":"#belly"},"up":{"uv":[6.25,5.75,7.5,9.25],"texture":"#belly"},"north":{"uv":[5.75,5,7,7.25],"texture":"#belly"},"south":{"uv":[5.75,4.75,7.5,6.75],"texture":"#belly"},"west":{"uv":[8.25,0.25,15.75,4],"texture":"#belly"},"east":{"uv":[8.25,0.25,15.75,4],"texture":"#belly"}}},{"__comment":"side*","from":[2.985,7.95,10],"to":[5.235,8.95,11],"faces":{"down":{"uv":[6.25,4.25,7.25,8.5],"texture":"#belly"},"up":{"uv":[6.25,5.75,7.5,9.25],"texture":"#belly"},"north":{"uv":[5.75,5,7,7.25],"texture":"#belly"},"south":{"uv":[5.75,4.75,7.5,6.75],"texture":"#belly"},"west":{"uv":[8.25,0.25,10,3.75],"texture":"#belly"},"east":{"uv":[14,0.25,15.75,3.75],"texture":"#belly"}}},{"__comment":"side*","from":[2.985,7.95,5],"to":[5.235,8.95,6],"faces":{"down":{"uv":[6.25,4.25,7.25,8.5],"texture":"#belly"},"up":{"uv":[6.25,5.75,7.5,9.25],"texture":"#belly"},"north":{"uv":[5.75,5,7,7.25],"texture":"#belly"},"south":{"uv":[5.75,4.75,7.5,6.75],"texture":"#belly"},"west":{"uv":[14,0.25,15.75,3.75],"texture":"#belly"},"east":{"uv":[8.25,0.25,10,3.75],"texture":"#belly"}}},{"__comment":"side*","from":[10.765,7.95,10],"to":[13.015,8.95,11],"faces":{"down":{"uv":[6.25,4.25,7.25,8.5],"texture":"#belly"},"up":{"uv":[6.25,5.75,7.5,9.25],"texture":"#belly"},"north":{"uv":[5.75,5,7,7.25],"texture":"#belly"},"south":{"uv":[5.75,4.75,7.5,6.75],"texture":"#belly"},"west":{"uv":[8.25,0.25,10,3.75],"texture":"#belly"},"east":{"uv":[14,0.25,15.75,3.75],"texture":"#belly"}}},{"__comment":"side*","from":[10.765,7.95,5],"to":[13.015,8.95,6],"faces":{"down":{"uv":[6.25,4.25,7.25,8.5],"texture":"#belly"},"up":{"uv":[6.25,5.75,7.5,9.25],"texture":"#belly"},"north":{"uv":[5.75,5,7,7.25],"texture":"#belly"},"south":{"uv":[5.75,4.75,7.5,6.75],"texture":"#belly"},"west":{"uv":[14,0.25,15.75,3.75],"texture":"#belly"},"east":{"uv":[8.25,0.25,10,3.75],"texture":"#belly"}}},{"__comment":"side*","from":[5,7.95,2.985],"to":[6,8.95,5.485],"faces":{"down":{"uv":[6.25,4.25,7.25,8.5],"texture":"#belly"},"up":{"uv":[6.25,5.75,7.5,9.25],"texture":"#belly"},"north":{"uv":[8.25,0.25,10,3.75],"texture":"#belly"},"south":{"uv":[14,0.25,15.75,3.75],"texture":"#belly"},"west":{"uv":[6,1.5,7.75,5],"texture":"#belly"},"east":{"uv":[6.25,0.75,8,4.25],"texture":"#belly"}}},{"__comment":"side*","from":[10,7.95,2.985],"to":[11,8.95,5.485],"faces":{"down":{"uv":[6.25,4.25,7.25,8.5],"texture":"#belly"},"up":{"uv":[6.25,5.75,7.5,9.25],"texture":"#belly"},"north":{"uv":[14,0.25,15.75,3.75],"texture":"#belly"},"south":{"uv":[8.25,0.25,10,3.75],"texture":"#belly"},"west":{"uv":[6,1.5,7.75,5],"texture":"#belly"},"east":{"uv":[6.25,0.75,8,4.25],"texture":"#belly"}}},{"__comment":"side*","from":[5,7.95,10.515],"to":[6,8.95,13.015],"faces":{"down":{"uv":[6.25,4.25,7.25,8.5],"texture":"#belly"},"up":{"uv":[6.25,5.75,7.5,9.25],"texture":"#belly"},"north":{"uv":[8.25,0.25,10,3.75],"texture":"#belly"},"south":{"uv":[14,0.25,15.75,3.75],"texture":"#belly"},"west":{"uv":[6,1.5,7.75,5],"texture":"#belly"},"east":{"uv":[6.25,0.75,8,4.25],"texture":"#belly"}}},{"__comment":"side*","from":[10,7.95,10.515],"to":[11,8.95,13.015],"faces":{"down":{"uv":[6.25,4.25,7.25,8.5],"texture":"#belly"},"up":{"uv":[6.25,5.75,7.5,9.25],"texture":"#belly"},"north":{"uv":[14,0.25,15.75,3.75],"texture":"#belly"},"south":{"uv":[8.25,0.25,10,3.75],"texture":"#belly"},"west":{"uv":[6,1.5,7.75,5],"texture":"#belly"},"east":{"uv":[6.25,0.75,8,4.25],"texture":"#belly"}}},{"__comment":"side*","from":[6.125,7.95,2.985],"to":[9.875,8.95,5.485],"faces":{"down":{"uv":[6.25,4.25,7.25,8.5],"texture":"#belly"},"up":{"uv":[6.25,5.75,7.5,9.25],"texture":"#belly"},"north":{"uv":[8.25,0.25,15.75,4.25],"texture":"#belly"},"south":{"uv":[8.25,0.25,15.75,3.75],"texture":"#belly"},"west":{"uv":[6,1.5,7.75,5],"texture":"#belly"},"east":{"uv":[6.25,0.75,8,4.25],"texture":"#belly"}}},{"__comment":"side*","from":[6.125,7.95,10.515],"to":[9.875,8.95,13.015],"faces":{"down":{"uv":[6.25,4.25,7.25,8.5],"texture":"#belly"},"up":{"uv":[6.25,5.75,7.5,9.25],"texture":"#belly"},"north":{"uv":[8.25,0.25,15.75,4.25],"texture":"#belly"},"south":{"uv":[8.25,0.25,15.75,3.75],"texture":"#belly"},"west":{"uv":[6,1.5,7.75,5],"texture":"#belly"},"east":{"uv":[6.25,0.75,8,4.25],"texture":"#belly"}}},{"__comment":"side*","from":[2.99,7.95,4.99],"to":[5.82,8.95,7.82],"rotation":{"origin":[2.99,7.95,4.99],"axis":"y","angle":45},"faces":{"down":{"uv":[6.25,4.25,7.25,8.5],"texture":"#belly"},"up":{"uv":[6.25,5.75,7.5,9.25],"texture":"#belly"},"north":{"uv":[9.5,0.25,14.5,4.25],"texture":"#belly"},"south":{"uv":[9.5,0.25,14.5,3.75],"texture":"#belly"},"west":{"uv":[5.75,3.25,7.5,6.75],"texture":"#belly"},"east":{"uv":[6,1.75,7.75,5.25],"texture":"#belly"}}},{"__comment":"side*","from":[11.01,7.95,2.99],"to":[13.84,8.95,5.82],"rotation":{"origin":[11.01,7.95,2.99],"axis":"y","angle":-45},"faces":{"down":{"uv":[6.25,4.25,7.25,8.5],"texture":"#belly"},"up":{"uv":[6.25,5.75,7.5,9.25],"texture":"#belly"},"north":{"uv":[9.5,0.25,14.5,4.25],"texture":"#belly"},"south":{"uv":[9.5,0.25,14.5,3.75],"texture":"#belly"},"west":{"uv":[5.75,3.25,7.5,6.75],"texture":"#belly"},"east":{"uv":[6,1.75,7.75,5.25],"texture":"#belly"}}},{"__comment":"side*","from":[3,7.95,11],"to":[5.83,8.95,13.83],"rotation":{"origin":[3,7.95,11],"axis":"y","angle":45},"faces":{"down":{"uv":[6.25,4.25,7.25,8.5],"texture":"#belly"},"up":{"uv":[6.25,5.75,7.5,9.25],"texture":"#belly"},"north":{"uv":[6,3.25,7.75,7],"texture":"#belly"},"south":{"uv":[5.75,1.5,7.25,5.25],"texture":"#belly"},"west":{"uv":[9.5,0.25,14.5,3.75],"texture":"#belly"},"east":{"uv":[9.5,0.25,14.5,3.75],"texture":"#belly"}}},{"__comment":"side*","from":[11,7.95,9],"to":[13.83,8.95,11.83],"rotation":{"origin":[11,7.95,9],"axis":"y","angle":-45},"faces":{"down":{"uv":[6.25,4.25,7.25,8.5],"texture":"#belly"},"up":{"uv":[6.25,5.75,7.5,9.25],"texture":"#belly"},"north":{"uv":[6,3.25,7.75,7],"texture":"#belly"},"south":{"uv":[5.75,1.5,7.25,5.25],"texture":"#belly"},"west":{"uv":[9.5,0.25,14.5,3.75],"texture":"#belly"},"east":{"uv":[9.5,0.25,14.5,3.75],"texture":"#belly"}}},{"from":[7,1.75,7],"to":[9,5,9],"faces":{"down":{"uv":[7.25,1.5,10.25,4.5],"texture":"#texture"},"up":{"uv":[7.5,2,10.5,5],"texture":"#texture"},"north":{"uv":[7.5,1.75,10.5,4.75],"texture":"#texture"},"south":{"uv":[7.75,1.5,10.75,4.5],"texture":"#texture"},"west":{"uv":[7.25,1,10.25,4],"texture":"#texture"},"east":{"uv":[7.25,0.75,10.25,3.75],"texture":"#texture"}}},{"from":[4.75,2.0625,6.5],"to":[7,5.3125,9.5],"rotation":{"origin":[4.75,5.3125,6.5],"axis":"z","angle":45},"faces":{"down":{"uv":[7.25,1.5,10.25,4.5],"texture":"#texture"},"up":{"uv":[7.5,2,10.5,5],"texture":"#texture"},"north":{"uv":[7.5,1.75,10.5,4.75],"texture":"#texture"},"south":{"uv":[7.75,1.5,10.75,4.5],"texture":"#texture"},"west":{"uv":[7.25,1,10.25,4],"texture":"#texture"},"east":{"uv":[7.25,0.75,10.25,3.75],"texture":"#texture"}}},{"from":[6.5,2,4.75],"to":[9.5,5.25,6.75],"rotation":{"origin":[6.5,5.25,4.75],"axis":"x","angle":-45},"faces":{"down":{"uv":[7.25,1.5,10.25,4.5],"texture":"#texture"},"up":{"uv":[7.5,2,10.5,5],"texture":"#texture"},"north":{"uv":[7.5,1.75,10.5,4.75],"texture":"#texture"},"south":{"uv":[7.75,1.5,10.75,4.5],"texture":"#texture"},"west":{"uv":[7.25,1,10.25,4],"texture":"#texture"},"east":{"uv":[7.25,0.75,10.25,3.75],"texture":"#texture"}}},{"from":[7,1.5625,5.9375],"to":[9,4.8125,7.1875],"rotation":{"origin":[7,4.8125,5.9375],"axis":"x","angle":-22.5},"faces":{"down":{"uv":[7.25,1.5,10.25,4.5],"texture":"#texture"},"up":{"uv":[7.5,2,10.5,5],"texture":"#texture"},"north":{"uv":[7.5,1.75,10.5,4.75],"texture":"#texture"},"south":{"uv":[7.75,1.5,10.75,4.5],"texture":"#texture"},"west":{"uv":[7.25,1,10.25,4],"texture":"#texture"},"east":{"uv":[7.25,0.75,10.25,3.75],"texture":"#texture"}}},{"from":[7,2.25,9],"to":[9,5.5,10.25],"rotation":{"origin":[7,5.5,9],"axis":"x","angle":22.5},"faces":{"down":{"uv":[7.25,1.5,10.25,4.5],"texture":"#texture"},"up":{"uv":[7.5,2,10.5,5],"texture":"#texture"},"north":{"uv":[7.5,1.75,10.5,4.75],"texture":"#texture"},"south":{"uv":[7.75,1.5,10.75,4.5],"texture":"#texture"},"west":{"uv":[7.25,1,10.25,4],"texture":"#texture"},"east":{"uv":[7.25,0.75,10.25,3.75],"texture":"#texture"}}},{"from":[6,1.6875,7],"to":[7,4.6875,9],"rotation":{"origin":[6,4.6875,7],"axis":"z","angle":22.5},"faces":{"down":{"uv":[7.25,1.5,10.25,4.5],"texture":"#texture"},"up":{"uv":[7.5,2,10.5,5],"texture":"#texture"},"north":{"uv":[7.5,1.75,10.5,4.75],"texture":"#texture"},"south":{"uv":[7.75,1.5,10.75,4.5],"texture":"#texture"},"west":{"uv":[7.25,1,10.25,4],"texture":"#texture"},"east":{"uv":[7.25,0.75,10.25,3.75],"texture":"#texture"}}},{"from":[9.0625,2,7],"to":[10.0625,5,9],"rotation":{"origin":[9.0625,5,7],"axis":"z","angle":-22.5},"faces":{"down":{"uv":[7.25,1.5,10.25,4.5],"texture":"#texture"},"up":{"uv":[7.5,2,10.5,5],"texture":"#texture"},"north":{"uv":[7.5,1.75,10.5,4.75],"texture":"#texture"},"south":{"uv":[7.75,1.5,10.75,4.5],"texture":"#texture"},"west":{"uv":[7.25,1,10.25,4],"texture":"#texture"},"east":{"uv":[7.25,0.75,10.25,3.75],"texture":"#texture"}}},{"from":[9.625,3.5625,6.5],"to":[11.875,6.8125,9.5],"rotation":{"origin":[9.625,6.8125,6.5],"axis":"z","angle":-45},"faces":{"down":{"uv":[7.25,1.5,10.25,4.5],"texture":"#texture"},"up":{"uv":[7.5,2,10.5,5],"texture":"#texture"},"north":{"uv":[7.5,1.75,10.5,4.75],"texture":"#texture"},"south":{"uv":[7.75,1.5,10.75,4.5],"texture":"#texture"},"west":{"uv":[7.25,1,10.25,4],"texture":"#texture"},"east":{"uv":[7.25,0.75,10.25,3.75],"texture":"#texture"}}},{"from":[6.5,3.4675,9.895],"to":[9.5,6.7175,11.895],"rotation":{"origin":[6.5,6.7175,9.895],"axis":"x","angle":45},"faces":{"down":{"uv":[7.25,1.5,10.25,4.5],"texture":"#texture"},"up":{"uv":[7.5,2,10.5,5],"texture":"#texture"},"north":{"uv":[7.5,1.75,10.5,4.75],"texture":"#texture"},"south":{"uv":[7.75,1.5,10.75,4.5],"texture":"#texture"},"west":{"uv":[7.25,1,10.25,4],"texture":"#texture"},"east":{"uv":[7.25,0.75,10.25,3.75],"texture":"#texture"}}},{"from":[7.25,-0.75,6.25],"to":[7.3125,2,9.75],"rotation":{"origin":[7.25,2,6.25],"axis":"z","angle":-22.5},"faces":{"down":{"uv":[8.5,11.25,9.5,12.5],"texture":"#particle"},"up":{"uv":[7.75,11,8.75,13],"texture":"#particle"},"north":{"uv":[7.75,13,8.75,14.5],"texture":"#particle"},"south":{"uv":[6.75,10.5,8.5,11.5],"texture":"#particle"},"west":{"uv":[10,0.25,15.75,13.5],"rotation":90,"texture":"#particle"},"east":{"uv":[10,0.25,15.75,13.5],"rotation":90,"texture":"#particle"}}},{"from":[8.75,-0.75,6.25],"to":[8.8125,2,9.75],"rotation":{"origin":[8.75,2,6.25],"axis":"z","angle":22.5},"faces":{"down":{"uv":[8.5,11.25,9.5,12.5],"texture":"#particle"},"up":{"uv":[7.75,11,8.75,13],"texture":"#particle"},"north":{"uv":[7.75,13,8.75,14.5],"texture":"#particle"},"south":{"uv":[6.75,10.5,8.5,11.5],"texture":"#particle"},"west":{"uv":[10,0.25,15.75,13.5],"rotation":90,"texture":"#particle"},"east":{"uv":[10,0.25,15.75,13.5],"rotation":90,"texture":"#particle"}}},{"from":[6.25,-0.75,7.25],"to":[9.75,2,7.3125],"rotation":{"origin":[6.25,2,7.25],"axis":"x","angle":22.5},"faces":{"down":{"uv":[8.5,11.25,9.5,12.5],"rotation":270,"texture":"#particle"},"up":{"uv":[7.75,11,8.75,13],"rotation":90,"texture":"#particle"},"north":{"uv":[10,0.25,15.75,13.5],"rotation":90,"texture":"#particle"},"south":{"uv":[10,0.25,15.75,13.5],"rotation":90,"texture":"#particle"},"west":{"uv":[6.75,10.5,8.5,11.5],"texture":"#particle"},"east":{"uv":[7.75,13,8.75,14.5],"texture":"#particle"}}},{"from":[6.25,-0.75,8.75],"to":[9.75,2,8.8125],"rotation":{"origin":[6.25,2,8.75],"axis":"x","angle":-22.5},"faces":{"down":{"uv":[8.5,11.25,9.5,12.5],"rotation":270,"texture":"#particle"},"up":{"uv":[7.75,11,8.75,13],"rotation":90,"texture":"#particle"},"north":{"uv":[10,0.25,15.75,13.5],"rotation":90,"texture":"#particle"},"south":{"uv":[10,0.25,15.75,13.5],"rotation":90,"texture":"#particle"},"west":{"uv":[6.75,10.5,8.5,11.5],"texture":"#particle"},"east":{"uv":[7.75,13,8.75,14.5],"texture":"#particle"}}},{"__comment":"mouth","from":[2.985,9.42,5],"to":[5.815,12.25,6.25],"rotation":{"origin":[2.985,9.42,5],"axis":"y","angle":45},"faces":{"down":{"uv":[8.25,10.25,9.25,12.75],"texture":"#particle"},"up":{"uv":[8,11,9,13.5],"texture":"#particle"},"north":{"uv":[0.25,0.25,9.75,9.75],"texture":"#particle"},"south":{"uv":[0.25,0.25,9.75,9.75],"texture":"#particle"},"west":{"uv":[7.25,11.75,9.5,13.5],"texture":"#particle"},"east":{"uv":[7.75,11.5,9.25,13.5],"texture":"#particle"}}},{"__comment":"eye","from":[6.75,10.5,2.985],"to":[7.5,12,3.985],"faces":{"down":{"uv":[7.5,9,8.5,10],"texture":"#texture"},"up":{"uv":[6,9,7,10],"texture":"#texture"},"north":{"uv":[0.5,6.5,5.5,15.5],"texture":"#texture"},"south":{"uv":[0.5,6.5,5.5,15.5],"texture":"#texture"},"west":{"uv":[6.75,9.75,7.75,11.75],"texture":"#texture"},"east":{"uv":[7,8,8,10],"texture":"#texture"}}},{"__comment":"eye*","from":[2.985,10.5,6.75],"to":[3.985,12,7.5],"faces":{"down":{"uv":[7.5,9,8.5,10],"texture":"#texture"},"up":{"uv":[6,9,7,10],"texture":"#texture"},"north":{"uv":[7,9.25,8.75,12.25],"texture":"#texture"},"south":{"uv":[7.5,9.25,9.25,12],"texture":"#texture"},"west":{"uv":[0.5,6.5,5.5,15.5],"texture":"#texture"},"east":{"uv":[0.5,6.5,5.5,15.5],"texture":"#texture"}}},{"from":[5.5,15,5.5],"to":[10.25,16,10.5],"faces":{"down":{"uv":[12.5,8.25,15.25,10.25],"texture":"#texture"},"up":{"uv":[11.5,7,14.75,9.75],"texture":"#texture"},"north":{"uv":[11.75,7,13.75,9.5],"texture":"#texture"},"south":{"uv":[12.75,8,15.25,10.25],"texture":"#texture"},"west":{"uv":[11.25,8,14.25,10.25],"texture":"#texture"},"east":{"uv":[13,8.25,15.5,10.25],"texture":"#texture"}}},{"from":[4.1875,15.5,5.75],"to":[6.9375,17,7.25],"rotation":{"origin":[4.1875,17,5.75],"axis":"z","angle":-22.5},"faces":{"down":{"uv":[12.5,8.25,15.25,10.25],"texture":"#texture"},"up":{"uv":[11.5,7,14.75,9.75],"texture":"#texture"},"north":{"uv":[11.75,7,13.75,9.5],"texture":"#texture"},"south":{"uv":[12.75,8,15.25,10.25],"texture":"#texture"},"west":{"uv":[11.25,8,14.25,10.25],"texture":"#texture"},"east":{"uv":[13,8.25,15.5,10.25],"texture":"#texture"}}},{"from":[3.70711,16.25,6],"to":[5.45711,17.25,7],"rotation":{"origin":[3.70711,17.25,6],"axis":"z","angle":-45},"faces":{"down":{"uv":[12.5,8.25,15.25,10.25],"texture":"#texture"},"up":{"uv":[11.5,7,14.75,9.75],"texture":"#texture"},"north":{"uv":[11.75,7,13.75,9.5],"texture":"#texture"},"south":{"uv":[12.75,8,15.25,10.25],"texture":"#texture"},"west":{"uv":[11.25,8,14.25,10.25],"texture":"#texture"},"east":{"uv":[13,8.25,15.5,10.25],"texture":"#texture"}}},{"from":[2.25,16.25,6.25],"to":[3,17.75,6.75],"rotation":{"origin":[2.25,17.75,6.25],"axis":"z","angle":22.5},"faces":{"down":{"uv":[12.5,8.25,15.25,10.25],"texture":"#texture"},"up":{"uv":[11.5,7,14.75,9.75],"texture":"#texture"},"north":{"uv":[11.75,7,13.75,9.5],"texture":"#texture"},"south":{"uv":[12.75,8,15.25,10.25],"texture":"#texture"},"west":{"uv":[11.25,8,14.25,10.25],"texture":"#texture"},"east":{"uv":[13,8.25,15.5,10.25],"texture":"#texture"}}},{"from":[5,15.25,9],"to":[6.75,17,10.75],"faces":{"down":{"uv":[12.5,8.25,15.25,10.25],"texture":"#texture"},"up":{"uv":[11.5,7,14.75,9.75],"texture":"#texture"},"north":{"uv":[11.75,7,13.75,9.5],"texture":"#texture"},"south":{"uv":[12.75,8,15.25,10.25],"texture":"#texture"},"west":{"uv":[11.25,8,14.25,10.25],"texture":"#texture"},"east":{"uv":[13,8.25,15.5,10.25],"texture":"#texture"}}},{"from":[6,15,9.5],"to":[7.75,16.75,11.25],"faces":{"down":{"uv":[12.5,8.25,15.25,10.25],"texture":"#texture"},"up":{"uv":[11.5,7,14.75,9.75],"texture":"#texture"},"north":{"uv":[11.75,7,13.75,9.5],"texture":"#texture"},"south":{"uv":[12.75,8,15.25,10.25],"texture":"#texture"},"west":{"uv":[11.25,8,14.25,10.25],"texture":"#texture"},"east":{"uv":[13,8.25,15.5,10.25],"texture":"#texture"}}},{"from":[5.25,14.75,7.5],"to":[9,16.5,9.5],"faces":{"down":{"uv":[12.5,8.25,15.25,10.25],"texture":"#texture"},"up":{"uv":[11.5,7,14.75,9.75],"texture":"#texture"},"north":{"uv":[11.75,7,13.75,9.5],"texture":"#texture"},"south":{"uv":[12.75,8,15.25,10.25],"texture":"#texture"},"west":{"uv":[11.25,8,14.25,10.25],"texture":"#texture"},"east":{"uv":[13,8.25,15.5,10.25],"texture":"#texture"}}},{"from":[5,15,6.5],"to":[7.75,16.75,8.25],"faces":{"down":{"uv":[12.5,8.25,15.25,10.25],"texture":"#texture"},"up":{"uv":[11.5,7,14.75,9.75],"texture":"#texture"},"north":{"uv":[11.75,7,13.75,9.5],"texture":"#texture"},"south":{"uv":[12.75,8,15.25,10.25],"texture":"#texture"},"west":{"uv":[11.25,8,14.25,10.25],"texture":"#texture"},"east":{"uv":[13,8.25,15.5,10.25],"texture":"#texture"}}},{"from":[7,14.75,9],"to":[8.75,16.5,10.75],"faces":{"down":{"uv":[12.5,8.25,15.25,10.25],"texture":"#texture"},"up":{"uv":[11.5,7,14.75,9.75],"texture":"#texture"},"north":{"uv":[11.75,7,13.75,9.5],"texture":"#texture"},"south":{"uv":[12.75,8,15.25,10.25],"texture":"#texture"},"west":{"uv":[11.25,8,14.25,10.25],"texture":"#texture"},"east":{"uv":[13,8.25,15.5,10.25],"texture":"#texture"}}},{"from":[8.25,15.25,9.5],"to":[10,17,11.25],"faces":{"down":{"uv":[12.5,8.25,15.25,10.25],"texture":"#texture"},"up":{"uv":[11.5,7,14.75,9.75],"texture":"#texture"},"north":{"uv":[11.75,7,13.75,9.5],"texture":"#texture"},"south":{"uv":[12.75,8,15.25,10.25],"texture":"#texture"},"west":{"uv":[11.25,8,14.25,10.25],"texture":"#texture"},"east":{"uv":[13,8.25,15.5,10.25],"texture":"#texture"}}},{"from":[9,14.75,8.5],"to":[10.75,16.5,10.25],"faces":{"down":{"uv":[12.5,8.25,15.25,10.25],"texture":"#texture"},"up":{"uv":[11.5,7,14.75,9.75],"texture":"#texture"},"north":{"uv":[11.75,7,13.75,9.5],"texture":"#texture"},"south":{"uv":[12.75,8,15.25,10.25],"texture":"#texture"},"west":{"uv":[11.25,8,14.25,10.25],"texture":"#texture"},"east":{"uv":[13,8.25,15.5,10.25],"texture":"#texture"}}},{"from":[8.75,15,7.25],"to":[10.5,16.75,9],"faces":{"down":{"uv":[12.5,8.25,15.25,10.25],"texture":"#texture"},"up":{"uv":[11.5,7,14.75,9.75],"texture":"#texture"},"north":{"uv":[11.75,7,13.75,9.5],"texture":"#texture"},"south":{"uv":[12.75,8,15.25,10.25],"texture":"#texture"},"west":{"uv":[11.25,8,14.25,10.25],"texture":"#texture"},"east":{"uv":[13,8.25,15.5,10.25],"texture":"#texture"}}},{"from":[9.25,15.25,6],"to":[11,17,7.75],"faces":{"down":{"uv":[12.5,8.25,15.25,10.25],"texture":"#texture"},"up":{"uv":[11.5,7,14.75,9.75],"texture":"#texture"},"north":{"uv":[11.75,7,13.75,9.5],"texture":"#texture"},"south":{"uv":[12.75,8,15.25,10.25],"texture":"#texture"},"west":{"uv":[11.25,8,14.25,10.25],"texture":"#texture"},"east":{"uv":[13,8.25,15.5,10.25],"texture":"#texture"}}},{"from":[8.75,14.75,5.25],"to":[10.5,16.5,7],"faces":{"down":{"uv":[12.5,8.25,15.25,10.25],"texture":"#texture"},"up":{"uv":[11.5,7,14.75,9.75],"texture":"#texture"},"north":{"uv":[11.75,7,13.75,9.5],"texture":"#texture"},"south":{"uv":[12.75,8,15.25,10.25],"texture":"#texture"},"west":{"uv":[11.25,8,14.25,10.25],"texture":"#texture"},"east":{"uv":[13,8.25,15.5,10.25],"texture":"#texture"}}},{"from":[7.75,15,5],"to":[9.5,16.75,7.5],"faces":{"down":{"uv":[12.5,8.25,15.25,10.25],"texture":"#texture"},"up":{"uv":[11.5,7,14.75,9.75],"texture":"#texture"},"north":{"uv":[11.75,7,13.75,9.5],"texture":"#texture"},"south":{"uv":[12.75,8,15.25,10.25],"texture":"#texture"},"west":{"uv":[11.25,8,14.25,10.25],"texture":"#texture"},"east":{"uv":[13,8.25,15.5,10.25],"texture":"#texture"}}},{"from":[6.5,15.25,5.25],"to":[8.25,17,7],"faces":{"down":{"uv":[12.5,8.25,15.25,10.25],"texture":"#texture"},"up":{"uv":[11.5,7,14.75,9.75],"texture":"#texture"},"north":{"uv":[11.75,7,13.75,9.5],"texture":"#texture"},"south":{"uv":[12.75,8,15.25,10.25],"texture":"#texture"},"west":{"uv":[11.25,8,14.25,10.25],"texture":"#texture"},"east":{"uv":[13,8.25,15.5,10.25],"texture":"#texture"}}},{"from":[5,14.75,5.75],"to":[6.75,16.5,7.5],"faces":{"down":{"uv":[12.5,8.25,15.25,10.25],"texture":"#texture"},"up":{"uv":[11.5,7,14.75,9.75],"texture":"#texture"},"north":{"uv":[11.75,7,13.75,9.5],"texture":"#texture"},"south":{"uv":[12.75,8,15.25,10.25],"texture":"#texture"},"west":{"uv":[11.25,8,14.25,10.25],"texture":"#texture"},"east":{"uv":[13,8.25,15.5,10.25],"texture":"#texture"}}},{"from":[6.25,15.25,8],"to":[8,17,9.75],"faces":{"down":{"uv":[12.5,8.25,15.25,10.25],"texture":"#texture"},"up":{"uv":[11.5,7,14.75,9.75],"texture":"#texture"},"north":{"uv":[11.75,7,13.75,9.5],"texture":"#texture"},"south":{"uv":[12.75,8,15.25,10.25],"texture":"#texture"},"west":{"uv":[11.25,8,14.25,10.25],"texture":"#texture"},"east":{"uv":[13,8.25,15.5,10.25],"texture":"#texture"}}},{"__comment":"ar_front","from":[6,7.9375,11],"to":[10,8,17],"rotation":{"origin":[6,8,11],"axis":"x","angle":45},"faces":{"down":{"uv":[0.25,0.25,6,4.75],"rotation":180,"texture":"#belly"},"up":{"uv":[0.25,0.25,6,4.75],"texture":"#belly"},"north":{"uv":[6,7,7.75,9.75],"texture":"#belly"},"south":{"uv":[5.75,5.5,7.25,8.75],"texture":"#belly"},"west":{"uv":[6.25,5.5,7.5,8.75],"texture":"#belly"},"east":{"uv":[5.75,3,7.25,7],"texture":"#belly"}}},{"__comment":"ar_front","from":[6,3.7375,15.175],"to":[10,3.8,21.175],"rotation":{"origin":[6,3.8,15.175],"axis":"x","angle":22.5},"faces":{"down":{"uv":[0,5,6,15.75],"rotation":180,"texture":"#belly"},"up":{"uv":[0.25,5,6,15.75],"texture":"#belly"},"north":{"uv":[6,7,7.75,9.75],"texture":"#belly"},"south":{"uv":[5.75,5.5,7.25,8.75],"texture":"#belly"},"west":{"uv":[6.25,5.5,7.5,8.75],"texture":"#belly"},"east":{"uv":[5.75,3,7.25,7],"texture":"#belly"}}},{"__comment":"ar_front","from":[6,3.6875,0.75],"to":[10,3.75,6.75],"rotation":{"origin":[6,3.75,0.75],"axis":"x","angle":-45},"faces":{"down":{"uv":[0.25,0.25,6,4.75],"rotation":180,"texture":"#belly"},"up":{"uv":[0.25,0.25,6,4.75],"texture":"#belly"},"north":{"uv":[6,7,7.75,9.75],"texture":"#belly"},"south":{"uv":[5.75,5.5,7.25,8.75],"texture":"#belly"},"west":{"uv":[6.25,5.5,7.5,8.75],"texture":"#belly"},"east":{"uv":[5.75,3,7.25,7],"texture":"#belly"}}},{"__comment":"ar_front","from":[6,1.42,-4.7675],"to":[10,1.4825,1.2325],"rotation":{"origin":[6,1.4825,-4.7675],"axis":"x","angle":-22.5},"faces":{"down":{"uv":[0,5,6,15.75],"texture":"#belly"},"up":{"uv":[0.25,5,6,15.75],"rotation":180,"texture":"#belly"},"north":{"uv":[6,7,7.75,9.75],"texture":"#belly"},"south":{"uv":[5.75,5.5,7.25,8.75],"texture":"#belly"},"west":{"uv":[6.25,5.5,7.5,8.75],"texture":"#belly"},"east":{"uv":[5.75,3,7.25,7],"texture":"#belly"}}},{"__comment":"ar_front*","from":[-0.5,2.44486,6],"to":[5.5,2.50736,10],"rotation":{"origin":[-0.5,2.50736,6],"axis":"z","angle":45},"faces":{"down":{"uv":[0.25,0.25,6,4.75],"rotation":90,"texture":"#belly"},"up":{"uv":[0.25,0.25,6,4.75],"rotation":90,"texture":"#belly"},"north":{"uv":[6.25,5.5,7.5,8.75],"texture":"#belly"},"south":{"uv":[5.75,3,7.25,7],"texture":"#belly"},"west":{"uv":[5.75,5.5,7.25,8.75],"texture":"#belly"},"east":{"uv":[6,7,7.75,9.75],"texture":"#belly"}}},{"__comment":"ar_front*","from":[-5.9975,0.1639,6],"to":[0.0025,0.2264,10],"rotation":{"origin":[-5.9975,0.2264,6],"axis":"z","angle":22.5},"faces":{"down":{"uv":[0,5,6,15.75],"rotation":90,"texture":"#belly"},"up":{"uv":[0.25,5,6,15.75],"rotation":90,"texture":"#belly"},"north":{"uv":[6.25,5.5,7.5,8.75],"texture":"#belly"},"south":{"uv":[5.75,3,7.25,7],"texture":"#belly"},"west":{"uv":[5.75,5.5,7.25,8.75],"texture":"#belly"},"east":{"uv":[6,7,7.75,9.75],"texture":"#belly"}}},{"__comment":"ar_front*","from":[11.2317,7.6875,6],"to":[17.2317,7.75,10],"rotation":{"origin":[11.2317,7.75,6],"axis":"z","angle":-45},"faces":{"down":{"uv":[0.25,0.25,6,4.75],"rotation":90,"texture":"#belly"},"up":{"uv":[0.25,0.25,6,4.75],"rotation":90,"texture":"#belly"},"north":{"uv":[6.25,5.5,7.5,8.75],"texture":"#belly"},"south":{"uv":[5.75,3,7.25,7],"texture":"#belly"},"west":{"uv":[5.75,5.5,7.25,8.75],"texture":"#belly"},"east":{"uv":[6,7,7.75,9.75],"texture":"#belly"}}},{"__comment":"ar_front*","from":[15.37,3.5375,6],"to":[21.37,3.6,10],"rotation":{"origin":[15.37,3.6,6],"axis":"z","angle":-22.5},"faces":{"down":{"uv":[0,5,6,15.75],"rotation":270,"texture":"#belly"},"up":{"uv":[0.25,5,6,15.75],"rotation":270,"texture":"#belly"},"north":{"uv":[6.25,5.5,7.5,8.75],"texture":"#belly"},"south":{"uv":[5.75,3,7.25,7],"texture":"#belly"},"west":{"uv":[5.75,5.5,7.25,8.75],"texture":"#belly"},"east":{"uv":[6,7,7.75,9.75],"texture":"#belly"}}}],"display":{"thirdperson_righthand":{"rotation":[0,0,0],"translation":[0,0,0],"scale":[0,0,0]},"thirdperson_lefthand":{"rotation":[0,0,0],"translation":[0,0,0],"scale":[0,0,0]},"head":{"rotation":[0,-45,0],"translation":[0,-10,0],"scale":[3,3,3]},"ground":{"rotation":[0,0,0],"translation":[0,0,0],"scale":[0,0,0]},"fixed":{"rotation":[0,0,0],"translation":[0,0,0],"scale":[0,0,0]},"firstperson_righthand":{"rotation":[0,0,0],"translation":[0,0,0],"scale":[0,0,0]},"firstperson_lefthand":{"rotation":[0,0,0],"translation":[0,0,0],"scale":[0,0,0]},"gui":{"rotation":[30,105,0],"translation":[0,1,0],"scale":[0.65,0.65,0.65]}}}