{"credit":"Designed by Icelio using Blockbench","textures":{"0":"pokemon_skins/regular/lopunny/lopunny","1":"pokemon_skins/regular/lopunny/ears","2":"pokemon_skins/regular/lopunny/brow"},"elements":[{"from":[6.11,12.77,6.65],"to":[6.164,17.27,9.62],"rotation":{"angle":45,"axis":"y","origin":[6.137,13.715,8.72]},"faces":{"east":{"uv":[0.5,0,15.5,15],"texture":"#2"},"west":{"uv":[15.5,0,0.5,15],"texture":"#2"}}},{"from":[9.8,12.77,6.65],"to":[9.854,17.27,9.62],"rotation":{"angle":-45,"axis":"y","origin":[9.827,13.715,8.72]},"faces":{"east":{"uv":[0.5,0,15.5,15],"texture":"#2"},"west":{"uv":[15.5,0,0.5,15],"texture":"#2"}}},{"from":[6.38,12.367,7.2395],"to":[9.62,13.123,9.0395],"rotation":{"angle":-22.5,"axis":"x","origin":[8,13.672,8.9045]},"faces":{"north":{"uv":[0,0,3,3],"texture":"#0"},"east":{"uv":[0,0,3,3],"texture":"#0"},"south":{"uv":[0,0,3,3],"texture":"#0"},"west":{"uv":[0,0,3,3],"texture":"#0"},"up":{"uv":[0,0,3,3],"texture":"#0"},"down":{"uv":[0,0,3,3],"texture":"#0"}}},{"from":[6.92,12.367,7.7795],"to":[9.08,13.537,9.5795],"rotation":{"angle":-22.5,"axis":"x","origin":[8,13.672,9.4445]},"faces":{"north":{"uv":[0,0,3,3],"texture":"#0"},"east":{"uv":[0,0,3,3],"texture":"#0"},"south":{"uv":[0,0,3,3],"texture":"#0"},"west":{"uv":[0,0,3,3],"texture":"#0"},"up":{"uv":[0,0,3,3],"texture":"#0"},"down":{"uv":[0,0,3,3],"texture":"#0"}}},{"from":[7.19,10.5265,9.8225],"to":[8.81,11.2015,10.2815],"rotation":{"angle":45,"axis":"x","origin":[8,11.431,10.1375]},"faces":{"north":{"uv":[0,0,3,3],"texture":"#0"},"east":{"uv":[0,0,3,3],"texture":"#0"},"south":{"uv":[0,10.5,9.5,15.5],"texture":"#0"},"west":{"uv":[0,0,3,3],"texture":"#0"},"up":{"uv":[0,0,3,3],"texture":"#0"},"down":{"uv":[0,0,3,3],"texture":"#0"}}},{"from":[6.92,10.4365,9.8225],"to":[9.08,11.2015,10.2725],"rotation":{"angle":45,"axis":"x","origin":[8,11.431,10.1375]},"faces":{"north":{"uv":[0,0,3,3],"texture":"#0"},"east":{"uv":[0,0,3,3],"texture":"#0"},"south":{"uv":[0,0,3,3],"texture":"#0"},"west":{"uv":[0,0,3,3],"texture":"#0"},"up":{"uv":[0,0,3,3],"texture":"#0"},"down":{"uv":[0,0,3,3],"texture":"#0"}}},{"from":[6.029,11.53,10.16],"to":[6.209,12.79,10.61],"rotation":{"angle":-45,"axis":"y","origin":[7.496,12.385,10.475]},"faces":{"south":{"uv":[10,0,9,8.5],"texture":"#0"}}},{"from":[6.056,11.17,10.1375],"to":[6.821,12.52,10.5875],"rotation":{"angle":-45,"axis":"y","origin":[7.496,12.025,10.4525]},"faces":{"north":{"uv":[0,0,3,3],"texture":"#0"},"east":{"uv":[0,0,3,3],"texture":"#0"},"south":{"uv":[0,0,3,3],"texture":"#0"},"west":{"uv":[0,0,3,3],"texture":"#0"},"up":{"uv":[0,0,3,3],"texture":"#0"},"down":{"uv":[0,0,3,3],"texture":"#0"}}},{"from":[9.161,11.53,9.008],"to":[9.341,12.79,9.098],"rotation":{"angle":45,"axis":"y","origin":[10.0025,12.385,8.963]},"faces":{"south":{"uv":[9,0,10,8.5],"texture":"#0"}}},{"from":[8.5625,11.17,8.639],"to":[9.3275,12.52,9.089],"rotation":{"angle":45,"axis":"y","origin":[10.0025,12.025,8.954]},"faces":{"north":{"uv":[0,0,3,3],"texture":"#0"},"east":{"uv":[0,0,3,3],"texture":"#0"},"south":{"uv":[0,0,3,3],"texture":"#0"},"west":{"uv":[0,0,3,3],"texture":"#0"},"up":{"uv":[0,0,3,3],"texture":"#0"},"down":{"uv":[0,0,3,3],"texture":"#0"}}},{"from":[7.865,11.35,9.89],"to":[8.135,11.53,10.16],"faces":{"north":{"uv":[6,0,9,3],"texture":"#0"},"east":{"uv":[6,0,9,3],"texture":"#0"},"south":{"uv":[6,0,9,3],"texture":"#0"},"west":{"uv":[6,0,9,3],"texture":"#0"},"up":{"uv":[6,0,9,3],"texture":"#0"},"down":{"uv":[6,0,9,3],"texture":"#0"}}},{"from":[7.19,11.17,9.53],"to":[8.81,11.44,10.079],"faces":{"south":{"uv":[0,12.5,9.5,13.5],"texture":"#0"}}},{"from":[6.92,11.17,9.53],"to":[9.08,12.52,10.07],"faces":{"north":{"uv":[0,0,3,3],"texture":"#0"},"east":{"uv":[0,0,3,3],"texture":"#0"},"south":{"uv":[0,0,3,3],"texture":"#0"},"west":{"uv":[0,0,3,3],"texture":"#0"},"up":{"uv":[0,0,3,3],"texture":"#0"},"down":{"uv":[0,0,3,3],"texture":"#0"}}},{"from":[6.92,10.306,5.4125],"to":[9.08,11.071,5.8625],"rotation":{"angle":-45,"axis":"x","origin":[8,11.746,5.5475]},"faces":{"north":{"uv":[0,0,3,3],"texture":"#0"},"east":{"uv":[0,0,3,3],"texture":"#0"},"south":{"uv":[0,0,3,3],"texture":"#0"},"west":{"uv":[0,0,3,3],"texture":"#0"},"up":{"uv":[0,0,3,3],"texture":"#0"},"down":{"uv":[0,0,3,3],"texture":"#0"}}},{"from":[6.1595,11.17,5.6645],"to":[6.9245,13.69,6.1145],"rotation":{"angle":45,"axis":"y","origin":[7.2395,12.61,5.7995]},"faces":{"north":{"uv":[0,0,3,3],"texture":"#0"},"east":{"uv":[0,0,3,3],"texture":"#0"},"south":{"uv":[0,0,3,3],"texture":"#0"},"west":{"uv":[0,0,3,3],"texture":"#0"},"up":{"uv":[0,0,3,3],"texture":"#0"},"down":{"uv":[0,0,3,3],"texture":"#0"}}},{"from":[8.666,11.17,6.6545],"to":[9.431,13.69,7.1045],"rotation":{"angle":-45,"axis":"y","origin":[9.746,12.61,6.7895]},"faces":{"north":{"uv":[0,0,3,3],"texture":"#0"},"east":{"uv":[0,0,3,3],"texture":"#0"},"south":{"uv":[0,0,3,3],"texture":"#0"},"west":{"uv":[0,0,3,3],"texture":"#0"},"up":{"uv":[0,0,3,3],"texture":"#0"},"down":{"uv":[0,0,3,3],"texture":"#0"}}},{"from":[6.92,13.1725,6.9065],"to":[9.08,13.9375,7.3565],"rotation":{"angle":45,"axis":"x","origin":[8,14.6125,7.0415]},"faces":{"north":{"uv":[0,0,3,3],"texture":"#0"},"east":{"uv":[0,0,3,3],"texture":"#0"},"south":{"uv":[0,0,3,3],"texture":"#0"},"west":{"uv":[0,0,3,3],"texture":"#0"},"up":{"uv":[0,0,3,3],"texture":"#0"},"down":{"uv":[0,0,3,3],"texture":"#0"}}},{"from":[6.92,11.17,5.93],"to":[9.08,13.69,6.2],"faces":{"north":{"uv":[0,0,3,3],"texture":"#0"},"east":{"uv":[0,0,3,3],"texture":"#0"},"south":{"uv":[0,0,3,3],"texture":"#0"},"west":{"uv":[0,0,3,3],"texture":"#0"},"up":{"uv":[0,0,3,3],"texture":"#0"},"down":{"uv":[0,0,3,3],"texture":"#0"}}},{"from":[6.38,11.17,6.47],"to":[9.62,12.52,9.53],"faces":{"north":{"uv":[0,0,3,3],"texture":"#0"},"east":{"uv":[0,0,3,3],"texture":"#0"},"south":{"uv":[0,0,3,3],"texture":"#0"},"west":{"uv":[0,0,3,3],"texture":"#0"},"up":{"uv":[0,0,3,3],"texture":"#0"},"down":{"uv":[0,0,3,3],"texture":"#0"}}},{"from":[6.371,11.53,8.63],"to":[9.629,12.79,9.53],"faces":{"east":{"uv":[10,0,16,8.5],"texture":"#0"},"west":{"uv":[16,0,10,8.5],"texture":"#0"}}},{"from":[6.38,11.8675,8],"to":[9.62,13.3975,9.224],"rotation":{"angle":22.5,"axis":"x","origin":[8,13.2625,8.7785]},"faces":{"north":{"uv":[0,0,3,3],"texture":"#0"},"east":{"uv":[0,0,3,3],"texture":"#0"},"south":{"uv":[0,0,3,3],"texture":"#0"},"west":{"uv":[0,0,3,3],"texture":"#0"},"up":{"uv":[0,0,3,3],"texture":"#0"},"down":{"uv":[0,0,3,3],"texture":"#0"}}},{"from":[6.92,12.4075,8],"to":[9.08,13.9375,9.6335],"rotation":{"angle":22.5,"axis":"x","origin":[8,13.8025,8.7785]},"faces":{"north":{"uv":[0,0,3,3],"texture":"#0"},"east":{"uv":[0,0,3,3],"texture":"#0"},"south":{"uv":[0,0,3,3],"texture":"#0"},"west":{"uv":[0,0,3,3],"texture":"#0"},"up":{"uv":[0,0,3,3],"texture":"#0"},"down":{"uv":[0,0,3,3],"texture":"#0"}}},{"from":[8.189,12.088,6.47],"to":[8.954,13.258,8.108],"rotation":{"angle":-45,"axis":"z","origin":[9.809,12.673,7.289]},"faces":{"north":{"uv":[0,0,3,3],"texture":"#0"},"east":{"uv":[0,0,3,3],"texture":"#0"},"south":{"uv":[0,0,3,3],"texture":"#0"},"west":{"uv":[0,0,3,3],"texture":"#0"},"up":{"uv":[0,0,3,3],"texture":"#0"},"down":{"uv":[0,0,3,3],"texture":"#0"}}},{"from":[6.317,13.834,6.47],"to":[7.082,15.004,8.108],"rotation":{"angle":45,"axis":"z","origin":[7.937,14.419,7.289]},"faces":{"north":{"uv":[0,0,3,3],"texture":"#0"},"east":{"uv":[0,0,3,3],"texture":"#0"},"south":{"uv":[0,0,3,3],"texture":"#0"},"west":{"uv":[0,0,3,3],"texture":"#0"},"up":{"uv":[0,0,3,3],"texture":"#0"},"down":{"uv":[0,0,3,3],"texture":"#0"}}},{"from":[6.38,12.52,6.47],"to":[9.62,13.69,8.108],"faces":{"north":{"uv":[0,0,3,3],"texture":"#0"},"east":{"uv":[0,0,3,3],"texture":"#0"},"south":{"uv":[0,0,3,3],"texture":"#0"},"west":{"uv":[0,0,3,3],"texture":"#0"},"up":{"uv":[0,0,3,3],"texture":"#0"},"down":{"uv":[0,0,3,3],"texture":"#0"}}},{"from":[6.92,13.96,6.47],"to":[9.08,14.23,8.108],"faces":{"north":{"uv":[0,0,3,3],"texture":"#0"},"east":{"uv":[0,0,3,3],"texture":"#0"},"south":{"uv":[0,0,3,3],"texture":"#0"},"west":{"uv":[0,0,3,3],"texture":"#0"},"up":{"uv":[0,0,3,3],"texture":"#0"},"down":{"uv":[0,0,3,3],"texture":"#0"}}},{"from":[6.0515,10.117,6.47],"to":[6.8165,10.567,9.53],"rotation":{"angle":-45,"axis":"z","origin":[7.4915,10.252,8.045]},"faces":{"north":{"uv":[0,0,3,3],"texture":"#0"},"east":{"uv":[0,0,3,3],"texture":"#0"},"south":{"uv":[0,0,3,3],"texture":"#0"},"west":{"uv":[0,0,3,3],"texture":"#0"},"up":{"uv":[0,0,3,3],"texture":"#0"},"down":{"uv":[0,0,3,3],"texture":"#0"}}},{"from":[8.5625,11.611,6.47],"to":[9.3275,12.061,9.53],"rotation":{"angle":45,"axis":"z","origin":[10.0025,11.746,8.045]},"faces":{"north":{"uv":[0,0,3,3],"texture":"#0"},"east":{"uv":[0,0,3,3],"texture":"#0"},"south":{"uv":[0,0,3,3],"texture":"#0"},"west":{"uv":[0,0,3,3],"texture":"#0"},"up":{"uv":[0,0,3,3],"texture":"#0"},"down":{"uv":[0,0,3,3],"texture":"#0"}}},{"from":[7.548,5.2,6.6],"to":[8.457,8.2,8.8],"rotation":{"angle":45,"axis":"y","origin":[7.998,6.55,7.7]},"faces":{"north":{"uv":[0,0,3,3],"texture":"#0"},"east":{"uv":[0,0,3,3],"texture":"#0"},"south":{"uv":[0,0,3,3],"texture":"#0"},"west":{"uv":[0,0,3,3],"texture":"#0"},"up":{"uv":[0,0,3,3],"texture":"#0"},"down":{"uv":[0,0,3,3],"texture":"#0"}}},{"from":[7.545,6.16,6.82],"to":[8.454,8.06,7.53],"rotation":{"angle":22.5,"axis":"x","origin":[7.9995,7.72,6.09]},"faces":{"north":{"uv":[0,0,3,3],"texture":"#0"},"east":{"uv":[0,0,3,3],"texture":"#0"},"south":{"uv":[0,0,3,3],"texture":"#0"},"west":{"uv":[0,0,3,3],"texture":"#0"},"up":{"uv":[0,0,3,3],"texture":"#0"},"down":{"uv":[0,0,3,3],"texture":"#0"}}},{"from":[7.545,5.56,7.12],"to":[8.454,7.46,7.83],"rotation":{"angle":45,"axis":"x","origin":[7.9995,7.12,6.39]},"faces":{"north":{"uv":[0,0,3,3],"texture":"#0"},"east":{"uv":[0,0,3,3],"texture":"#0"},"south":{"uv":[0,0,3,3],"texture":"#0"},"west":{"uv":[0,0,3,3],"texture":"#0"},"up":{"uv":[0,0,3,3],"texture":"#0"},"down":{"uv":[0,0,3,3],"texture":"#0"}}},{"from":[7.545,4.88,7.04],"to":[8.454,5.49,7.94],"rotation":{"angle":45,"axis":"x","origin":[7.9995,6.53,6.81]},"faces":{"north":{"uv":[0,0,3,3],"texture":"#0"},"east":{"uv":[0,0,3,3],"texture":"#0"},"south":{"uv":[0,0,3,3],"texture":"#0"},"west":{"uv":[0,0,3,3],"texture":"#0"},"up":{"uv":[0,0,3,3],"texture":"#0"},"down":{"uv":[0,0,3,3],"texture":"#0"}}},{"from":[7.545,4.855,9.145],"to":[8.454,5.765,9.645],"rotation":{"angle":45,"axis":"x","origin":[7.9995,6.505,8.545]},"faces":{"north":{"uv":[0,0,3,3],"texture":"#0"},"east":{"uv":[0,0,3,3],"texture":"#0"},"south":{"uv":[0,0,3,3],"texture":"#0"},"west":{"uv":[0,0,3,3],"texture":"#0"},"up":{"uv":[0,0,3,3],"texture":"#0"},"down":{"uv":[0,0,3,3],"texture":"#0"}}},{"from":[8.075,5.2,6.03],"to":[8.984,5.8,6.73],"rotation":{"angle":-45,"axis":"y","origin":[8.5295,5.5,6.38]},"faces":{"north":{"uv":[0,0,3,3],"texture":"#0"},"east":{"uv":[0,0,3,3],"texture":"#0"},"south":{"uv":[0,0,3,3],"texture":"#0"},"west":{"uv":[0,0,3,3],"texture":"#0"},"up":{"uv":[0,0,3,3],"texture":"#0"},"down":{"uv":[0,0,3,3],"texture":"#0"}}},{"from":[7.015,5.2,6.02],"to":[7.924,5.8,6.72],"rotation":{"angle":45,"axis":"y","origin":[7.4695,5.5,6.37]},"faces":{"north":{"uv":[0,0,3,3],"texture":"#0"},"east":{"uv":[0,0,3,3],"texture":"#0"},"south":{"uv":[0,0,3,3],"texture":"#0"},"west":{"uv":[0,0,3,3],"texture":"#0"},"up":{"uv":[0,0,3,3],"texture":"#0"},"down":{"uv":[0,0,3,3],"texture":"#0"}}},{"from":[7.81875,5.425,4.9875],"to":[8.16875,6.425,6.75625],"rotation":{"angle":-45,"axis":"y","origin":[8.31875,5.925,5.7375]},"faces":{"north":{"uv":[0,0,3,3],"texture":"#0"},"east":{"uv":[0,0,3,3],"texture":"#0"},"south":{"uv":[0,0,3,3],"texture":"#0"},"west":{"uv":[0,0,3,3],"texture":"#0"},"up":{"uv":[0,0,3,3],"texture":"#0"},"down":{"uv":[0,0,3,3],"texture":"#0"}}},{"from":[7.63125,5.425,4.525],"to":[7.98125,6.425,6.29375],"rotation":{"angle":45,"axis":"y","origin":[8.13125,5.925,5.275]},"faces":{"north":{"uv":[0,0,3,3],"texture":"#0"},"east":{"uv":[0,0,3,3],"texture":"#0"},"south":{"uv":[0,0,3,3],"texture":"#0"},"west":{"uv":[0,0,3,3],"texture":"#0"},"up":{"uv":[0,0,3,3],"texture":"#0"},"down":{"uv":[0,0,3,3],"texture":"#0"}}},{"from":[7.49375,4.99375,5.4],"to":[8.49375,6.75625,5.75],"rotation":{"angle":45,"axis":"x","origin":[7.99375,5.86875,5.65]},"faces":{"north":{"uv":[0,0,3,3],"texture":"#0"},"east":{"uv":[0,0,3,3],"texture":"#0"},"south":{"uv":[0,0,3,3],"texture":"#0"},"west":{"uv":[0,0,3,3],"texture":"#0"},"up":{"uv":[0,0,3,3],"texture":"#0"},"down":{"uv":[0,0,3,3],"texture":"#0"}}},{"from":[7.49375,5.1,5.40625],"to":[8.49375,6.8625,5.75625],"rotation":{"angle":-45,"axis":"x","origin":[7.99375,5.975,5.65625]},"faces":{"north":{"uv":[0,0,3,3],"texture":"#0"},"east":{"uv":[0,0,3,3],"texture":"#0"},"south":{"uv":[0,0,3,3],"texture":"#0"},"west":{"uv":[0,0,3,3],"texture":"#0"},"up":{"uv":[0,0,3,3],"texture":"#0"},"down":{"uv":[0,0,3,3],"texture":"#0"}}},{"from":[7.49375,5.425,4.85],"to":[8.49375,6.425,6.35],"faces":{"north":{"uv":[0,0,3,3],"texture":"#0"},"east":{"uv":[0,0,3,3],"texture":"#0"},"south":{"uv":[0,0,3,3],"texture":"#0"},"west":{"uv":[0,0,3,3],"texture":"#0"},"up":{"uv":[0,0,3,3],"texture":"#0"},"down":{"uv":[0,0,3,3],"texture":"#0"}}},{"from":[7.49375,5.175,5.1],"to":[8.49375,6.675,6.1],"faces":{"north":{"uv":[0,0,3,3],"texture":"#0"},"east":{"uv":[0,0,3,3],"texture":"#0"},"south":{"uv":[0,0,3,3],"texture":"#0"},"west":{"uv":[0,0,3,3],"texture":"#0"},"up":{"uv":[0,0,3,3],"texture":"#0"},"down":{"uv":[0,0,3,3],"texture":"#0"}}},{"from":[7.375,5.75,5.1],"to":[9.14375,6.1,6.1],"rotation":{"angle":-45,"axis":"z","origin":[8.13063,6.25,5.6]},"faces":{"north":{"uv":[0,0,3,3],"texture":"#0"},"east":{"uv":[0,0,3,3],"texture":"#0"},"south":{"uv":[0,0,3,3],"texture":"#0"},"west":{"uv":[0,0,3,3],"texture":"#0"},"up":{"uv":[0,0,3,3],"texture":"#0"},"down":{"uv":[0,0,3,3],"texture":"#0"}}},{"from":[6.91875,5.5625,5.1],"to":[8.6875,5.9125,6.1],"rotation":{"angle":45,"axis":"z","origin":[7.67438,6.0625,5.6]},"faces":{"north":{"uv":[0,0,3,3],"texture":"#0"},"east":{"uv":[0,0,3,3],"texture":"#0"},"south":{"uv":[0,0,3,3],"texture":"#0"},"west":{"uv":[0,0,3,3],"texture":"#0"},"up":{"uv":[0,0,3,3],"texture":"#0"},"down":{"uv":[0,0,3,3],"texture":"#0"}}},{"from":[7.24375,5.425,5.1],"to":[8.74375,6.425,6.1],"faces":{"north":{"uv":[0,0,3,3],"texture":"#0"},"east":{"uv":[0,0,3,3],"texture":"#0"},"south":{"uv":[0,0,3,3],"texture":"#0"},"west":{"uv":[0,0,3,3],"texture":"#0"},"up":{"uv":[0,0,3,3],"texture":"#0"},"down":{"uv":[0,0,3,3],"texture":"#0"}}},{"from":[7.545,5.2,5.8],"to":[8.454,5.8,6.5],"faces":{"north":{"uv":[0,0,3,3],"texture":"#0"},"east":{"uv":[0,0,3,3],"texture":"#0"},"south":{"uv":[0,0,3,3],"texture":"#0"},"west":{"uv":[0,0,3,3],"texture":"#0"},"up":{"uv":[0,0,3,3],"texture":"#0"},"down":{"uv":[0,0,3,3],"texture":"#0"}}},{"from":[7.545,5.2,6.6],"to":[8.454,8.2,8.8],"faces":{"north":{"uv":[0,0,3,3],"texture":"#0"},"east":{"uv":[0,0,3,3],"texture":"#0"},"south":{"uv":[0,0,3,3],"texture":"#0"},"west":{"uv":[0,0,3,3],"texture":"#0"},"up":{"uv":[0,0,3,3],"texture":"#0"},"down":{"uv":[0,0,3,3],"texture":"#0"}}},{"from":[6.9,5.2,7.245],"to":[9.1,8.2,8.154],"rotation":{"angle":45,"axis":"y","origin":[8,6.55,7.7]},"faces":{"north":{"uv":[0,0,3,3],"texture":"#0"},"east":{"uv":[0,0,3,3],"texture":"#0"},"south":{"uv":[0,0,3,3],"texture":"#0"},"west":{"uv":[0,0,3,3],"texture":"#0"},"up":{"uv":[0,0,3,3],"texture":"#0"},"down":{"uv":[0,0,3,3],"texture":"#0"}}},{"from":[6.955,4.36,6.445],"to":[7.755,5.26,8.154],"rotation":{"angle":-45,"axis":"z","origin":[8.355,3.61,7.6995]},"faces":{"north":{"uv":[0,0,3,3],"texture":"#0"},"east":{"uv":[0,0,3,3],"texture":"#0"},"south":{"uv":[0,0,3,3],"texture":"#0"},"west":{"uv":[0,0,3,3],"texture":"#0"},"up":{"uv":[0,0,3,3],"texture":"#0"},"down":{"uv":[0,0,3,3],"texture":"#0"}}},{"from":[7.745,5.56,6.445],"to":[8.245,6.46,8.154],"rotation":{"angle":45,"axis":"z","origin":[8.845,4.81,7.6995]},"faces":{"north":{"uv":[0,0,3,3],"texture":"#0"},"east":{"uv":[0,0,3,3],"texture":"#0"},"south":{"uv":[0,0,3,3],"texture":"#0"},"west":{"uv":[0,0,3,3],"texture":"#0"},"up":{"uv":[0,0,3,3],"texture":"#0"},"down":{"uv":[0,0,3,3],"texture":"#0"}}},{"from":[6.9,5.575,6.62],"to":[9.1,7.675,7.429],"rotation":{"angle":22.5,"axis":"x","origin":[8,6.125,7.0995]},"faces":{"north":{"uv":[0,0,3,3],"texture":"#0"},"east":{"uv":[0,0,3,3],"texture":"#0"},"south":{"uv":[0,0,3,3],"texture":"#0"},"west":{"uv":[0,0,3,3],"texture":"#0"},"up":{"uv":[0,0,3,3],"texture":"#0"},"down":{"uv":[0,0,3,3],"texture":"#0"}}},{"from":[6.9,5.2,6.445],"to":[9.1,5.8,7.254],"faces":{"north":{"uv":[0,0,3,3],"texture":"#0"},"east":{"uv":[0,0,3,3],"texture":"#0"},"south":{"uv":[0,0,3,3],"texture":"#0"},"west":{"uv":[0,0,3,3],"texture":"#0"},"up":{"uv":[0,0,3,3],"texture":"#0"},"down":{"uv":[0,0,3,3],"texture":"#0"}}},{"from":[6.9,5.2,7.245],"to":[9.1,8.2,8.154],"faces":{"north":{"uv":[0,0,3,3],"texture":"#0"},"east":{"uv":[0,0,3,3],"texture":"#0"},"south":{"uv":[0,0,3,3],"texture":"#0"},"west":{"uv":[0,0,3,3],"texture":"#0"},"up":{"uv":[0,0,3,3],"texture":"#0"},"down":{"uv":[0,0,3,3],"texture":"#0"}}},{"from":[7.235,7.97,7.245],"to":[8.035,9.87,8.154],"rotation":{"angle":-22.5,"axis":"z","origin":[7.635,8.92,7.645]},"faces":{"north":{"uv":[0,0,3,3],"texture":"#0"},"east":{"uv":[0,0,3,3],"texture":"#0"},"south":{"uv":[0,0,3,3],"texture":"#0"},"west":{"uv":[0,0,3,3],"texture":"#0"},"up":{"uv":[0,0,3,3],"texture":"#0"},"down":{"uv":[0,0,3,3],"texture":"#0"}}},{"from":[7.965,7.97,7.245],"to":[8.765,9.87,8.154],"rotation":{"angle":22.5,"axis":"z","origin":[8.365,8.92,7.645]},"faces":{"north":{"uv":[0,0,3,3],"texture":"#0"},"east":{"uv":[0,0,3,3],"texture":"#0"},"south":{"uv":[0,0,3,3],"texture":"#0"},"west":{"uv":[0,0,3,3],"texture":"#0"},"up":{"uv":[0,0,3,3],"texture":"#0"},"down":{"uv":[0,0,3,3],"texture":"#0"}}},{"from":[7.545,7.87,7.665],"to":[8.454,9.77,8.465],"rotation":{"angle":-22.5,"axis":"x","origin":[7.945,8.82,8.065]},"faces":{"north":{"uv":[0,0,3,3],"texture":"#0"},"east":{"uv":[0,0,3,3],"texture":"#0"},"south":{"uv":[0,0,3,3],"texture":"#0"},"west":{"uv":[0,0,3,3],"texture":"#0"},"up":{"uv":[0,0,3,3],"texture":"#0"},"down":{"uv":[0,0,3,3],"texture":"#0"}}},{"from":[7.545,7.97,6.935],"to":[8.454,9.87,7.735],"rotation":{"angle":22.5,"axis":"x","origin":[7.945,8.92,7.335]},"faces":{"north":{"uv":[0,0,3,3],"texture":"#0"},"east":{"uv":[0,0,3,3],"texture":"#0"},"south":{"uv":[0,0,3,3],"texture":"#0"},"west":{"uv":[0,0,3,3],"texture":"#0"},"up":{"uv":[0,0,3,3],"texture":"#0"},"down":{"uv":[0,0,3,3],"texture":"#0"}}},{"from":[7.545,4.56,6.445],"to":[8.454,5.16,7.254],"faces":{"north":{"uv":[0,0,3,3],"texture":"#0"},"east":{"uv":[0,0,3,3],"texture":"#0"},"south":{"uv":[0,0,3,3],"texture":"#0"},"west":{"uv":[0,0,3,3],"texture":"#0"},"up":{"uv":[0,0,3,3],"texture":"#0"},"down":{"uv":[0,0,3,3],"texture":"#0"}}},{"from":[5.995,7.86,7.445],"to":[6.504,9.96,7.954],"rotation":{"angle":-22.5,"axis":"z","origin":[6.2495,6.61,7.6995]},"faces":{"north":{"uv":[0,0,3,3],"texture":"#0"},"east":{"uv":[0,0,3,3],"texture":"#0"},"south":{"uv":[0,0,3,3],"texture":"#0"},"west":{"uv":[0,0,3,3],"texture":"#0"},"up":{"uv":[0,0,3,3],"texture":"#0"},"down":{"uv":[0,0,3,3],"texture":"#0"}}},{"from":[6.045,8.55,9.28],"to":[7.354,9.35,10.189],"rotation":{"angle":-45,"axis":"x","origin":[6.6995,8.81,10.1845]},"faces":{"north":{"uv":[0,0,3,3],"texture":"#0"},"east":{"uv":[0,0,3,3],"texture":"#0"},"south":{"uv":[0,0,3,3],"texture":"#0"},"west":{"uv":[0,0,3,3],"texture":"#0"},"up":{"uv":[0,0,3,3],"texture":"#0"},"down":{"uv":[0,0,3,3],"texture":"#0"}}},{"from":[6.045,8.61,9.56],"to":[7.354,9.41,10.469],"rotation":{"angle":22.5,"axis":"x","origin":[6.6995,8.87,10.4645]},"faces":{"north":{"uv":[0,0,3,3],"texture":"#0"},"east":{"uv":[0,0,3,3],"texture":"#0"},"south":{"uv":[0,0,3,3],"texture":"#0"},"west":{"uv":[0,0,3,3],"texture":"#0"},"up":{"uv":[0,0,3,3],"texture":"#0"},"down":{"uv":[0,0,3,3],"texture":"#0"}}},{"from":[8.645,8.61,9.56],"to":[9.954,9.41,10.469],"rotation":{"angle":22.5,"axis":"x","origin":[9.2995,8.87,10.4645]},"faces":{"north":{"uv":[0,0,3,3],"texture":"#0"},"east":{"uv":[0,0,3,3],"texture":"#0"},"south":{"uv":[0,0,3,3],"texture":"#0"},"west":{"uv":[0,0,3,3],"texture":"#0"},"up":{"uv":[0,0,3,3],"texture":"#0"},"down":{"uv":[0,0,3,3],"texture":"#0"}}},{"from":[8.645,8.55,9.28],"to":[9.954,9.35,10.189],"rotation":{"angle":-45,"axis":"x","origin":[9.2995,8.81,10.1845]},"faces":{"north":{"uv":[0,0,3,3],"texture":"#0"},"east":{"uv":[0,0,3,3],"texture":"#0"},"south":{"uv":[0,0,3,3],"texture":"#0"},"west":{"uv":[0,0,3,3],"texture":"#0"},"up":{"uv":[0,0,3,3],"texture":"#0"},"down":{"uv":[0,0,3,3],"texture":"#0"}}},{"from":[6.145,7.91,8.145],"to":[7.254,8.46,9.454],"rotation":{"angle":-22.5,"axis":"x","origin":[6.6995,8.21,9.1495]},"faces":{"north":{"uv":[0,0,3,3],"texture":"#0"},"east":{"uv":[0,0,3,3],"texture":"#0"},"south":{"uv":[0,0,3,3],"texture":"#0"},"west":{"uv":[0,0,3,3],"texture":"#0"},"up":{"uv":[0,0,3,3],"texture":"#0"},"down":{"uv":[0,0,3,3],"texture":"#0"}}},{"from":[8.745,7.91,8.145],"to":[9.854,8.46,9.454],"rotation":{"angle":-22.5,"axis":"x","origin":[9.2995,8.21,9.1495]},"faces":{"north":{"uv":[0,0,3,3],"texture":"#0"},"east":{"uv":[0,0,3,3],"texture":"#0"},"south":{"uv":[0,0,3,3],"texture":"#0"},"west":{"uv":[0,0,3,3],"texture":"#0"},"up":{"uv":[0,0,3,3],"texture":"#0"},"down":{"uv":[0,0,3,3],"texture":"#0"}}},{"from":[6.145,7.89,8.545],"to":[7.254,8.39,9.654],"rotation":{"angle":-22.5,"axis":"x","origin":[6.6995,8.14,9.4495]},"faces":{"north":{"uv":[0,0,3,3],"texture":"#0"},"east":{"uv":[0,0,3,3],"texture":"#0"},"south":{"uv":[0,0,3,3],"texture":"#0"},"west":{"uv":[0,0,3,3],"texture":"#0"},"up":{"uv":[0,0,3,3],"texture":"#0"},"down":{"uv":[0,0,3,3],"texture":"#0"}}},{"from":[8.745,7.89,8.545],"to":[9.854,8.39,9.654],"rotation":{"angle":-22.5,"axis":"x","origin":[9.2995,8.14,9.4495]},"faces":{"north":{"uv":[0,0,3,3],"texture":"#0"},"east":{"uv":[0,0,3,3],"texture":"#0"},"south":{"uv":[0,0,3,3],"texture":"#0"},"west":{"uv":[0,0,3,3],"texture":"#0"},"up":{"uv":[0,0,3,3],"texture":"#0"},"down":{"uv":[0,0,3,3],"texture":"#0"}}},{"from":[6.145,7.56,8.345],"to":[7.254,8.06,8.715],"faces":{"north":{"uv":[0,0,3,3],"texture":"#0"},"east":{"uv":[0,0,3,3],"texture":"#0"},"south":{"uv":[0,0,3,3],"texture":"#0"},"west":{"uv":[0,0,3,3],"texture":"#0"},"up":{"uv":[0,0,3,3],"texture":"#0"},"down":{"uv":[0,0,3,3],"texture":"#0"}}},{"from":[8.745,7.56,8.345],"to":[9.854,8.06,8.715],"faces":{"north":{"uv":[0,0,3,3],"texture":"#0"},"east":{"uv":[0,0,3,3],"texture":"#0"},"south":{"uv":[0,0,3,3],"texture":"#0"},"west":{"uv":[0,0,3,3],"texture":"#0"},"up":{"uv":[0,0,3,3],"texture":"#0"},"down":{"uv":[0,0,3,3],"texture":"#0"}}},{"from":[9.045,7.56,7.445],"to":[9.554,8.06,8.015],"faces":{"north":{"uv":[0,0,3,3],"texture":"#0"},"east":{"uv":[0,0,3,3],"texture":"#0"},"south":{"uv":[0,0,3,3],"texture":"#0"},"west":{"uv":[0,0,3,3],"texture":"#0"},"up":{"uv":[0,0,3,3],"texture":"#0"},"down":{"uv":[0,0,3,3],"texture":"#0"}}},{"from":[9.25,10.2,10],"to":[9.5,10.8,10.25],"rotation":{"angle":22.5,"axis":"z","origin":[9.35,10.55,10.1]},"faces":{"north":{"uv":[0,0,3,3],"texture":"#0"},"east":{"uv":[0,0,3,3],"texture":"#0"},"south":{"uv":[0,0,3,3],"texture":"#0"},"west":{"uv":[0,0,3,3],"texture":"#0"},"up":{"uv":[0,0,3,3],"texture":"#0"},"down":{"uv":[0,0,3,3],"texture":"#0"}}},{"from":[6.45,10.2,10],"to":[6.7,10.8,10.25],"rotation":{"angle":-22.5,"axis":"z","origin":[6.55,10.55,10.1]},"faces":{"north":{"uv":[0,0,3,3],"texture":"#0"},"east":{"uv":[0,0,3,3],"texture":"#0"},"south":{"uv":[0,0,3,3],"texture":"#0"},"west":{"uv":[0,0,3,3],"texture":"#0"},"up":{"uv":[0,0,3,3],"texture":"#0"},"down":{"uv":[0,0,3,3],"texture":"#0"}}},{"from":[8.9,10.2,10.25],"to":[9.15,10.8,10.5],"rotation":{"angle":-22.5,"axis":"x","origin":[9,10.55,10.35]},"faces":{"north":{"uv":[0,0,3,3],"texture":"#0"},"east":{"uv":[0,0,3,3],"texture":"#0"},"south":{"uv":[0,0,3,3],"texture":"#0"},"west":{"uv":[0,0,3,3],"texture":"#0"},"up":{"uv":[0,0,3,3],"texture":"#0"},"down":{"uv":[0,0,3,3],"texture":"#0"}}},{"from":[6.8,10.2,10.25],"to":[7.05,10.8,10.5],"rotation":{"angle":-22.5,"axis":"x","origin":[6.9,10.55,10.35]},"faces":{"north":{"uv":[0,0,3,3],"texture":"#0"},"east":{"uv":[0,0,3,3],"texture":"#0"},"south":{"uv":[0,0,3,3],"texture":"#0"},"west":{"uv":[0,0,3,3],"texture":"#0"},"up":{"uv":[0,0,3,3],"texture":"#0"},"down":{"uv":[0,0,3,3],"texture":"#0"}}},{"from":[8.9,10.2,9.8],"to":[9.15,10.8,10.05],"rotation":{"angle":22.5,"axis":"x","origin":[9,10.55,9.9]},"faces":{"north":{"uv":[0,0,3,3],"texture":"#0"},"east":{"uv":[0,0,3,3],"texture":"#0"},"south":{"uv":[0,0,3,3],"texture":"#0"},"west":{"uv":[0,0,3,3],"texture":"#0"},"up":{"uv":[0,0,3,3],"texture":"#0"},"down":{"uv":[0,0,3,3],"texture":"#0"}}},{"from":[6.8,10.2,9.8],"to":[7.05,10.8,10.05],"rotation":{"angle":22.5,"axis":"x","origin":[6.9,10.55,9.9]},"faces":{"north":{"uv":[0,0,3,3],"texture":"#0"},"east":{"uv":[0,0,3,3],"texture":"#0"},"south":{"uv":[0,0,3,3],"texture":"#0"},"west":{"uv":[0,0,3,3],"texture":"#0"},"up":{"uv":[0,0,3,3],"texture":"#0"},"down":{"uv":[0,0,3,3],"texture":"#0"}}},{"from":[6.445,7.56,7.445],"to":[6.954,8.06,8.015],"faces":{"north":{"uv":[0,0,3,3],"texture":"#0"},"east":{"uv":[0,0,3,3],"texture":"#0"},"south":{"uv":[0,0,3,3],"texture":"#0"},"west":{"uv":[0,0,3,3],"texture":"#0"},"up":{"uv":[0,0,3,3],"texture":"#0"},"down":{"uv":[0,0,3,3],"texture":"#0"}}},{"from":[6.295,7.56,7.845],"to":[7.104,8.06,8.515],"faces":{"north":{"uv":[0,0,3,3],"texture":"#0"},"east":{"uv":[0,0,3,3],"texture":"#0"},"south":{"uv":[0,0,3,3],"texture":"#0"},"west":{"uv":[0,0,3,3],"texture":"#0"},"up":{"uv":[0,0,3,3],"texture":"#0"},"down":{"uv":[0,0,3,3],"texture":"#0"}}},{"from":[8.895,7.56,7.845],"to":[9.704,8.06,8.415],"faces":{"north":{"uv":[0,0,3,3],"texture":"#0"},"east":{"uv":[0,0,3,3],"texture":"#0"},"south":{"uv":[0,0,3,3],"texture":"#0"},"west":{"uv":[0,0,3,3],"texture":"#0"},"up":{"uv":[0,0,3,3],"texture":"#0"},"down":{"uv":[0,0,3,3],"texture":"#0"}}},{"from":[9.645,9.82,7.445],"to":[10.645,10.82,7.954],"rotation":{"angle":45,"axis":"z","origin":[9.6995,7.47,7.6995]},"faces":{"north":{"uv":[0,0,3,3],"texture":"#0"},"east":{"uv":[0,0,3,3],"texture":"#0"},"south":{"uv":[0,0,3,3],"texture":"#0"},"west":{"uv":[0,0,3,3],"texture":"#0"},"up":{"uv":[0,0,3,3],"texture":"#0"},"down":{"uv":[0,0,3,3],"texture":"#0"}}},{"from":[9.495,7.86,7.445],"to":[10.004,9.96,7.954],"rotation":{"angle":22.5,"axis":"z","origin":[9.7495,6.61,7.6995]},"faces":{"north":{"uv":[0,0,3,3],"texture":"#0"},"east":{"uv":[0,0,3,3],"texture":"#0"},"south":{"uv":[0,0,3,3],"texture":"#0"},"west":{"uv":[0,0,3,3],"texture":"#0"},"up":{"uv":[0,0,3,3],"texture":"#0"},"down":{"uv":[0,0,3,3],"texture":"#0"}}},{"from":[7.545,4.56,7.245],"to":[8.454,10.86,8.154],"faces":{"north":{"uv":[0,0,3,3],"texture":"#0"},"east":{"uv":[0,0,3,3],"texture":"#0"},"south":{"uv":[0,0,3,3],"texture":"#0"},"west":{"uv":[0,0,3,3],"texture":"#0"},"up":{"uv":[0,0,3,3],"texture":"#0"},"down":{"uv":[0,0,3,3],"texture":"#0"}}},{"from":[6.92,10.63,6.47],"to":[9.08,10.9,9.53],"faces":{"north":{"uv":[0,0,3,3],"texture":"#0"},"east":{"uv":[0,0,3,3],"texture":"#0"},"south":{"uv":[0,0,3,3],"texture":"#0"},"west":{"uv":[0,0,3,3],"texture":"#0"},"up":{"uv":[0,0,3,3],"texture":"#0"},"down":{"uv":[0,0,3,3],"texture":"#0"}}},{"from":[8.32,8.9,9.67],"to":[9.2,9.78,10.55],"rotation":{"angle":45,"axis":"y","origin":[8.87,9.45,10.22]},"faces":{"north":{"uv":[3,0,6,3],"texture":"#0"},"east":{"uv":[3,0,6,3],"texture":"#0"},"south":{"uv":[3,0,6,3],"texture":"#0"},"west":{"uv":[3,0,6,3],"texture":"#0"},"up":{"uv":[3,0,6,3],"texture":"#0"},"down":{"uv":[3,0,6,3],"texture":"#0"}}},{"from":[8.87,8.89,10.11],"to":[9.75,9.77,10.99],"rotation":{"angle":-22.5,"axis":"x","origin":[9.31,9.33,10.55]},"faces":{"north":{"uv":[3,0,6,3],"texture":"#0"},"east":{"uv":[3,0,6,3],"texture":"#0"},"south":{"uv":[3,0,6,3],"texture":"#0"},"west":{"uv":[3,0,6,3],"texture":"#0"},"up":{"uv":[3,0,6,3],"texture":"#0"},"down":{"uv":[3,0,6,3],"texture":"#0"}}},{"from":[9.31,9.55,10.11],"to":[10.19,10.43,10.99],"rotation":{"angle":22.5,"axis":"y","origin":[9.86,10.1,10.66]},"faces":{"north":{"uv":[3,0,6,3],"texture":"#0"},"east":{"uv":[3,0,6,3],"texture":"#0"},"south":{"uv":[3,0,6,3],"texture":"#0"},"west":{"uv":[3,0,6,3],"texture":"#0"},"up":{"uv":[3,0,6,3],"texture":"#0"},"down":{"uv":[3,0,6,3],"texture":"#0"}}},{"from":[8.32,9.55,10.22],"to":[9.2,10.43,11.1],"rotation":{"angle":-22.5,"axis":"y","origin":[8.87,10.1,10.77]},"faces":{"north":{"uv":[3,0,6,3],"texture":"#0"},"east":{"uv":[3,0,6,3],"texture":"#0"},"south":{"uv":[3,0,6,3],"texture":"#0"},"west":{"uv":[3,0,6,3],"texture":"#0"},"up":{"uv":[3,0,6,3],"texture":"#0"},"down":{"uv":[3,0,6,3],"texture":"#0"}}},{"from":[9.53,8.9,9.67],"to":[10.41,9.78,10.55],"rotation":{"angle":45,"axis":"y","origin":[10.08,9.45,10.22]},"faces":{"north":{"uv":[3,0,6,3],"texture":"#0"},"east":{"uv":[3,0,6,3],"texture":"#0"},"south":{"uv":[3,0,6,3],"texture":"#0"},"west":{"uv":[3,0,6,3],"texture":"#0"},"up":{"uv":[3,0,6,3],"texture":"#0"},"down":{"uv":[3,0,6,3],"texture":"#0"}}},{"from":[9.805,9.66,9.34],"to":[10.465,10.54,10.22],"rotation":{"angle":45,"axis":"y","origin":[10.135,10.21,9.89]},"faces":{"north":{"uv":[3,0,6,3],"texture":"#0"},"east":{"uv":[3,0,6,3],"texture":"#0"},"south":{"uv":[3,0,6,3],"texture":"#0"},"west":{"uv":[3,0,6,3],"texture":"#0"},"up":{"uv":[3,0,6,3],"texture":"#0"},"down":{"uv":[3,0,6,3],"texture":"#0"}}},{"from":[8.87,9.55,8.8],"to":[9.75,10.43,9.68],"rotation":{"angle":-45,"axis":"x","origin":[9.42,10.1,9.35]},"faces":{"north":{"uv":[3,0,6,3],"texture":"#0"},"east":{"uv":[3,0,6,3],"texture":"#0"},"south":{"uv":[3,0,6,3],"texture":"#0"},"west":{"uv":[3,0,6,3],"texture":"#0"},"up":{"uv":[3,0,6,3],"texture":"#0"},"down":{"uv":[3,0,6,3],"texture":"#0"}}},{"from":[8.1,9.66,9.45],"to":[8.76,10.54,10.33],"rotation":{"angle":-45,"axis":"y","origin":[8.65,10.21,10]},"faces":{"north":{"uv":[3,0,6,3],"texture":"#0"},"east":{"uv":[3,0,6,3],"texture":"#0"},"south":{"uv":[3,0,6,3],"texture":"#0"},"west":{"uv":[3,0,6,3],"texture":"#0"},"up":{"uv":[3,0,6,3],"texture":"#0"},"down":{"uv":[3,0,6,3],"texture":"#0"}}},{"from":[8.65,9.55,9.67],"to":[9.97,10.33,10.33],"faces":{"north":{"uv":[3,0,6,3],"texture":"#0"},"east":{"uv":[3,0,6,3],"texture":"#0"},"south":{"uv":[3,0,6,3],"texture":"#0"},"west":{"uv":[3,0,6,3],"texture":"#0"},"up":{"uv":[3,0,6,3],"texture":"#0"},"down":{"uv":[3,0,6,3],"texture":"#0"}}},{"from":[9.42,8.79,9.12],"to":[10.3,9.67,10],"rotation":{"angle":-22.5,"axis":"y","origin":[9.805,9.175,9.505]},"faces":{"north":{"uv":[3,0,6,3],"texture":"#0"},"east":{"uv":[3,0,6,3],"texture":"#0"},"south":{"uv":[3,0,6,3],"texture":"#0"},"west":{"uv":[3,0,6,3],"texture":"#0"},"up":{"uv":[3,0,6,3],"texture":"#0"},"down":{"uv":[3,0,6,3],"texture":"#0"}}},{"from":[8.32,8.79,9.12],"to":[9.2,9.67,10],"rotation":{"angle":22.5,"axis":"y","origin":[8.705,9.175,9.505]},"faces":{"north":{"uv":[3,0,6,3],"texture":"#0"},"east":{"uv":[3,0,6,3],"texture":"#0"},"south":{"uv":[3,0,6,3],"texture":"#0"},"west":{"uv":[3,0,6,3],"texture":"#0"},"up":{"uv":[3,0,6,3],"texture":"#0"},"down":{"uv":[3,0,6,3],"texture":"#0"}}},{"from":[5.72,8.9,9.67],"to":[6.6,9.78,10.55],"rotation":{"angle":45,"axis":"y","origin":[6.27,9.45,10.22]},"faces":{"north":{"uv":[3,0,6,3],"texture":"#0"},"east":{"uv":[3,0,6,3],"texture":"#0"},"south":{"uv":[3,0,6,3],"texture":"#0"},"west":{"uv":[3,0,6,3],"texture":"#0"},"up":{"uv":[3,0,6,3],"texture":"#0"},"down":{"uv":[3,0,6,3],"texture":"#0"}}},{"from":[6.27,8.89,10.11],"to":[7.15,9.77,10.99],"rotation":{"angle":-22.5,"axis":"x","origin":[6.71,9.33,10.55]},"faces":{"north":{"uv":[3,0,6,3],"texture":"#0"},"east":{"uv":[3,0,6,3],"texture":"#0"},"south":{"uv":[3,0,6,3],"texture":"#0"},"west":{"uv":[3,0,6,3],"texture":"#0"},"up":{"uv":[3,0,6,3],"texture":"#0"},"down":{"uv":[3,0,6,3],"texture":"#0"}}},{"from":[6.71,9.55,10.11],"to":[7.59,10.43,10.99],"rotation":{"angle":22.5,"axis":"y","origin":[7.26,10.1,10.66]},"faces":{"north":{"uv":[3,0,6,3],"texture":"#0"},"east":{"uv":[3,0,6,3],"texture":"#0"},"south":{"uv":[3,0,6,3],"texture":"#0"},"west":{"uv":[3,0,6,3],"texture":"#0"},"up":{"uv":[3,0,6,3],"texture":"#0"},"down":{"uv":[3,0,6,3],"texture":"#0"}}},{"from":[5.72,9.55,10.22],"to":[6.6,10.43,11.1],"rotation":{"angle":-22.5,"axis":"y","origin":[6.27,10.1,10.77]},"faces":{"north":{"uv":[3,0,6,3],"texture":"#0"},"east":{"uv":[3,0,6,3],"texture":"#0"},"south":{"uv":[3,0,6,3],"texture":"#0"},"west":{"uv":[3,0,6,3],"texture":"#0"},"up":{"uv":[3,0,6,3],"texture":"#0"},"down":{"uv":[3,0,6,3],"texture":"#0"}}},{"from":[6.93,8.9,9.67],"to":[7.81,9.78,10.55],"rotation":{"angle":45,"axis":"y","origin":[7.48,9.45,10.22]},"faces":{"north":{"uv":[3,0,6,3],"texture":"#0"},"east":{"uv":[3,0,6,3],"texture":"#0"},"south":{"uv":[3,0,6,3],"texture":"#0"},"west":{"uv":[3,0,6,3],"texture":"#0"},"up":{"uv":[3,0,6,3],"texture":"#0"},"down":{"uv":[3,0,6,3],"texture":"#0"}}},{"from":[7.205,9.66,9.34],"to":[7.865,10.54,10.22],"rotation":{"angle":45,"axis":"y","origin":[7.535,10.21,9.89]},"faces":{"north":{"uv":[3,0,6,3],"texture":"#0"},"east":{"uv":[3,0,6,3],"texture":"#0"},"south":{"uv":[3,0,6,3],"texture":"#0"},"west":{"uv":[3,0,6,3],"texture":"#0"},"up":{"uv":[3,0,6,3],"texture":"#0"},"down":{"uv":[3,0,6,3],"texture":"#0"}}},{"from":[6.27,9.55,8.7],"to":[7.15,10.43,9.58],"rotation":{"angle":-45,"axis":"x","origin":[6.82,10.1,9.25]},"faces":{"north":{"uv":[3,0,6,3],"texture":"#0"},"east":{"uv":[3,0,6,3],"texture":"#0"},"south":{"uv":[3,0,6,3],"texture":"#0"},"west":{"uv":[3,0,6,3],"texture":"#0"},"up":{"uv":[3,0,6,3],"texture":"#0"},"down":{"uv":[3,0,6,3],"texture":"#0"}}},{"from":[5.5,9.66,9.45],"to":[6.16,10.54,10.33],"rotation":{"angle":-45,"axis":"y","origin":[6.05,10.21,10]},"faces":{"north":{"uv":[3,0,6,3],"texture":"#0"},"east":{"uv":[3,0,6,3],"texture":"#0"},"south":{"uv":[3,0,6,3],"texture":"#0"},"west":{"uv":[3,0,6,3],"texture":"#0"},"up":{"uv":[3,0,6,3],"texture":"#0"},"down":{"uv":[3,0,6,3],"texture":"#0"}}},{"from":[5.95,9.55,9.67],"to":[7.27,10.33,10.33],"faces":{"north":{"uv":[3,0,6,3],"texture":"#0"},"east":{"uv":[3,0,6,3],"texture":"#0"},"south":{"uv":[3,0,6,3],"texture":"#0"},"west":{"uv":[3,0,6,3],"texture":"#0"},"up":{"uv":[3,0,6,3],"texture":"#0"},"down":{"uv":[3,0,6,3],"texture":"#0"}}},{"from":[6.82,8.79,9.12],"to":[7.7,9.67,10],"rotation":{"angle":-22.5,"axis":"y","origin":[7.205,9.175,9.505]},"faces":{"north":{"uv":[3,0,6,3],"texture":"#0"},"east":{"uv":[3,0,6,3],"texture":"#0"},"south":{"uv":[3,0,6,3],"texture":"#0"},"west":{"uv":[3,0,6,3],"texture":"#0"},"up":{"uv":[3,0,6,3],"texture":"#0"},"down":{"uv":[3,0,6,3],"texture":"#0"}}},{"from":[5.72,8.79,9.12],"to":[6.6,9.67,10],"rotation":{"angle":22.5,"axis":"y","origin":[6.105,9.175,9.505]},"faces":{"north":{"uv":[3,0,6,3],"texture":"#0"},"east":{"uv":[3,0,6,3],"texture":"#0"},"south":{"uv":[3,0,6,3],"texture":"#0"},"west":{"uv":[3,0,6,3],"texture":"#0"},"up":{"uv":[3,0,6,3],"texture":"#0"},"down":{"uv":[3,0,6,3],"texture":"#0"}}},{"from":[6.53,5.36185,7.2865],"to":[7.275,5.78185,7.87975],"rotation":{"angle":45,"axis":"x","origin":[6.8975,4.83685,8.1265]},"faces":{"north":{"uv":[0,0,3,3],"texture":"#0"},"east":{"uv":[0,0,3,3],"texture":"#0"},"south":{"uv":[0,0,3,3],"texture":"#0"},"west":{"uv":[0,0,3,3],"texture":"#0"},"up":{"uv":[0,0,3,3],"texture":"#0"},"down":{"uv":[0,0,3,3],"texture":"#0"}}},{"from":[6.53,3.895,6.745],"to":[7.475,6.1,8.2],"faces":{"north":{"uv":[0,0,3,3],"texture":"#0"},"east":{"uv":[0,0,3,3],"texture":"#0"},"south":{"uv":[0,0,3,3],"texture":"#0"},"west":{"uv":[0,0,3,3],"texture":"#0"},"up":{"uv":[0,0,3,3],"texture":"#0"},"down":{"uv":[0,0,3,3],"texture":"#0"}}},{"from":[6.53,5.617,6.745],"to":[7.118,6.562,8.2],"rotation":{"angle":45,"axis":"z","origin":[7.3805,5.617,7.5175]},"faces":{"north":{"uv":[0,0,3,3],"texture":"#0"},"east":{"uv":[0,0,3,3],"texture":"#0"},"south":{"uv":[0,0,3,3],"texture":"#0"},"west":{"uv":[0,0,3,3],"texture":"#0"},"up":{"uv":[0,0,3,3],"texture":"#0"},"down":{"uv":[0,0,3,3],"texture":"#0"}}},{"from":[6.53,3.695,6.325],"to":[7.265,5.68,8.62],"faces":{"north":{"uv":[0,0,3,3],"texture":"#0"},"east":{"uv":[0,0,3,3],"texture":"#0"},"south":{"uv":[0,0,3,3],"texture":"#0"},"west":{"uv":[0,0,3,3],"texture":"#0"},"up":{"uv":[0,0,3,3],"texture":"#0"},"down":{"uv":[0,0,3,3],"texture":"#0"}}},{"from":[6.69275,3.065,7.84825],"to":[7.28075,5.68,8.58325],"rotation":{"angle":-45,"axis":"y","origin":[6.86075,4.84,7.69075]},"faces":{"north":{"uv":[0,0,3,3],"texture":"#0"},"east":{"uv":[0,0,3,3],"texture":"#0"},"south":{"uv":[0,0,3,3],"texture":"#0"},"west":{"uv":[0,0,3,3],"texture":"#0"},"up":{"uv":[0,0,3,3],"texture":"#0"},"down":{"uv":[0,0,3,3],"texture":"#0"}}},{"from":[6.11,3.695,6.745],"to":[7.685,5.68,8.2],"faces":{"north":{"uv":[0,0,3,3],"texture":"#0"},"east":{"uv":[0,0,3,3],"texture":"#0"},"south":{"uv":[0,0,3,3],"texture":"#0"},"west":{"uv":[0,0,3,3],"texture":"#0"},"up":{"uv":[0,0,3,3],"texture":"#0"},"down":{"uv":[0,0,3,3],"texture":"#0"}}},{"from":[6.53,3.065,7.255],"to":[7.265,3.895,8.62],"faces":{"north":{"uv":[0,0,3,3],"texture":"#0"},"east":{"uv":[0,0,3,3],"texture":"#0"},"south":{"uv":[0,0,3,3],"texture":"#0"},"west":{"uv":[0,0,3,3],"texture":"#0"},"up":{"uv":[0,0,3,3],"texture":"#0"},"down":{"uv":[0,0,3,3],"texture":"#0"}}},{"from":[6.53,6.1315,6.75025],"to":[7.475,6.5515,7.33825],"rotation":{"angle":-45,"axis":"x","origin":[6.8975,5.6065,7.59025]},"faces":{"north":{"uv":[0,0,3,3],"texture":"#0"},"east":{"uv":[0,0,3,3],"texture":"#0"},"south":{"uv":[0,0,3,3],"texture":"#0"},"west":{"uv":[0,0,3,3],"texture":"#0"},"up":{"uv":[0,0,3,3],"texture":"#0"},"down":{"uv":[0,0,3,3],"texture":"#0"}}},{"from":[5.94725,3.695,6.66625],"to":[6.5405,5.68,7.40125],"rotation":{"angle":45,"axis":"y","origin":[6.1205,4.84,6.50875]},"faces":{"north":{"uv":[0,0,3,3],"texture":"#0"},"east":{"uv":[0,0,3,3],"texture":"#0"},"south":{"uv":[0,0,3,3],"texture":"#0"},"west":{"uv":[0,0,3,3],"texture":"#0"},"up":{"uv":[0,0,3,3],"texture":"#0"},"down":{"uv":[0,0,3,3],"texture":"#0"}}},{"from":[6.5405,2.0675,6.7925],"to":[6.572,3.6375,8.2575],"rotation":{"angle":22.5,"axis":"z","origin":[6.6245,2.015,7.36]},"faces":{"east":{"uv":[7,1,16,11.5],"texture":"#1"},"west":{"uv":[16,1,7,11.5],"texture":"#1"}}},{"from":[6.215,2.855,6.85],"to":[7.58,3.905,7.27],"rotation":{"angle":-22.5,"axis":"x","origin":[6.8975,3.3275,7.06]},"faces":{"north":{"uv":[0,0,3,3],"texture":"#0"},"east":{"uv":[0,0,3,3],"texture":"#0"},"south":{"uv":[0,0,3,3],"texture":"#0"},"west":{"uv":[0,0,3,3],"texture":"#0"},"up":{"uv":[0,0,3,3],"texture":"#0"},"down":{"uv":[0,0,3,3],"texture":"#0"}}},{"from":[6.11,3.065,6.9865],"to":[7.685,3.695,8.2],"faces":{"north":{"uv":[0,0,3,3],"texture":"#0"},"east":{"uv":[0,0,3,3],"texture":"#0"},"south":{"uv":[0,0,3,3],"texture":"#0"},"west":{"uv":[0,0,3,3],"texture":"#0"},"up":{"uv":[0,0,3,3],"texture":"#0"},"down":{"uv":[0,0,3,3],"texture":"#0"}}},{"from":[6.53,2.225,6.50875],"to":[7.265,3.94175,7.45375],"rotation":{"angle":-22.5,"axis":"x","origin":[6.8975,3.36425,7.03375]},"faces":{"north":{"uv":[0,0,3,3],"texture":"#0"},"east":{"uv":[0,0,3,3],"texture":"#0"},"south":{"uv":[0,0,3,3],"texture":"#0"},"west":{"uv":[0,0,3,3],"texture":"#0"},"up":{"uv":[0,0,3,3],"texture":"#0"},"down":{"uv":[0,0,3,3],"texture":"#0"}}},{"from":[6.425,2.309,6.9865],"to":[6.95,3.359,8.2],"rotation":{"angle":22.5,"axis":"z","origin":[7.0025,2.414,7.5175]},"faces":{"north":{"uv":[0,0,3,3],"texture":"#0"},"east":{"uv":[0,0,3,3],"texture":"#0"},"south":{"uv":[0,0,3,3],"texture":"#0"},"west":{"uv":[0,0,3,3],"texture":"#0"},"up":{"uv":[0,0,3,3],"texture":"#0"},"down":{"uv":[0,0,3,3],"texture":"#0"}}},{"from":[6.7925,2.0675,6.9865],"to":[7.3175,3.1175,8.2],"rotation":{"angle":-22.5,"axis":"z","origin":[7.37,2.1725,7.5175]},"faces":{"north":{"uv":[0,0,3,3],"texture":"#0"},"east":{"uv":[0,0,3,3],"texture":"#0"},"south":{"uv":[0,0,3,3],"texture":"#0"},"west":{"uv":[0,0,3,3],"texture":"#0"},"up":{"uv":[0,0,3,3],"texture":"#0"},"down":{"uv":[0,0,3,3],"texture":"#0"}}},{"from":[6.53,1.28,7.0865],"to":[7.265,2.12,8.1],"faces":{"north":{"uv":[3,0,6,3],"texture":"#0"},"east":{"uv":[3,0,6,3],"texture":"#0"},"south":{"uv":[3,0,6,3],"texture":"#0"},"west":{"uv":[3,0,6,3],"texture":"#0"},"up":{"uv":[3,0,6,3],"texture":"#0"},"down":{"uv":[3,0,6,3],"texture":"#0"}}},{"from":[6.53,-0.81,7.16],"to":[7.265,1.28,8.1],"faces":{"north":{"uv":[3,0,6,3],"texture":"#0"},"east":{"uv":[3,0,6,3],"texture":"#0"},"south":{"uv":[3,0,6,3],"texture":"#0"},"west":{"uv":[3,0,6,3],"texture":"#0"},"up":{"uv":[3,0,6,3],"texture":"#0"},"down":{"uv":[3,0,6,3],"texture":"#0"}}},{"from":[6.53,2.2775,8.0425],"to":[7.265,3.3275,8.4625],"rotation":{"angle":22.5,"axis":"x","origin":[7.055,2.8025,7.885]},"faces":{"north":{"uv":[0,0,3,3],"texture":"#0"},"east":{"uv":[0,0,3,3],"texture":"#0"},"south":{"uv":[0,0,3,3],"texture":"#0"},"west":{"uv":[0,0,3,3],"texture":"#0"},"up":{"uv":[0,0,3,3],"texture":"#0"},"down":{"uv":[0,0,3,3],"texture":"#0"}}},{"from":[6.58775,3.065,8.0215],"to":[7.181,5.68,8.7565],"rotation":{"angle":45,"axis":"y","origin":[6.761,4.84,7.864]},"faces":{"north":{"uv":[0,0,3,3],"texture":"#0"},"east":{"uv":[0,0,3,3],"texture":"#0"},"south":{"uv":[0,0,3,3],"texture":"#0"},"west":{"uv":[0,0,3,3],"texture":"#0"},"up":{"uv":[0,0,3,3],"texture":"#0"},"down":{"uv":[0,0,3,3],"texture":"#0"}}},{"from":[7.328,3.695,6.493],"to":[7.92125,5.68,7.228],"rotation":{"angle":-45,"axis":"y","origin":[7.50125,4.84,6.3355]},"faces":{"north":{"uv":[0,0,3,3],"texture":"#0"},"east":{"uv":[0,0,3,3],"texture":"#0"},"south":{"uv":[0,0,3,3],"texture":"#0"},"west":{"uv":[0,0,3,3],"texture":"#0"},"up":{"uv":[0,0,3,3],"texture":"#0"},"down":{"uv":[0,0,3,3],"texture":"#0"}}},{"from":[8.725,5.46185,7.2865],"to":[9.47,5.88185,7.87975],"rotation":{"angle":45,"axis":"x","origin":[9.1025,4.93685,8.1265]},"faces":{"north":{"uv":[0,0,3,3],"texture":"#0"},"east":{"uv":[0,0,3,3],"texture":"#0"},"south":{"uv":[0,0,3,3],"texture":"#0"},"west":{"uv":[0,0,3,3],"texture":"#0"},"up":{"uv":[0,0,3,3],"texture":"#0"},"down":{"uv":[0,0,3,3],"texture":"#0"}}},{"from":[8.525,3.995,6.745],"to":[9.47,6.2,8.2],"faces":{"north":{"uv":[0,0,3,3],"texture":"#0"},"east":{"uv":[0,0,3,3],"texture":"#0"},"south":{"uv":[0,0,3,3],"texture":"#0"},"west":{"uv":[0,0,3,3],"texture":"#0"},"up":{"uv":[0,0,3,3],"texture":"#0"},"down":{"uv":[0,0,3,3],"texture":"#0"}}},{"from":[8.882,5.717,6.745],"to":[9.47,6.662,8.2],"rotation":{"angle":-45,"axis":"z","origin":[8.6195,5.717,7.5175]},"faces":{"north":{"uv":[0,0,3,3],"texture":"#0"},"east":{"uv":[0,0,3,3],"texture":"#0"},"south":{"uv":[0,0,3,3],"texture":"#0"},"west":{"uv":[0,0,3,3],"texture":"#0"},"up":{"uv":[0,0,3,3],"texture":"#0"},"down":{"uv":[0,0,3,3],"texture":"#0"}}},{"from":[8.735,3.795,6.325],"to":[9.47,5.78,8.62],"faces":{"north":{"uv":[0,0,3,3],"texture":"#0"},"east":{"uv":[0,0,3,3],"texture":"#0"},"south":{"uv":[0,0,3,3],"texture":"#0"},"west":{"uv":[0,0,3,3],"texture":"#0"},"up":{"uv":[0,0,3,3],"texture":"#0"},"down":{"uv":[0,0,3,3],"texture":"#0"}}},{"from":[8.71925,3.165,7.84825],"to":[9.30725,5.78,8.58325],"rotation":{"angle":45,"axis":"y","origin":[9.13925,4.94,7.69075]},"faces":{"north":{"uv":[0,0,3,3],"texture":"#0"},"east":{"uv":[0,0,3,3],"texture":"#0"},"south":{"uv":[0,0,3,3],"texture":"#0"},"west":{"uv":[0,0,3,3],"texture":"#0"},"up":{"uv":[0,0,3,3],"texture":"#0"},"down":{"uv":[0,0,3,3],"texture":"#0"}}},{"from":[8.315,3.795,6.745],"to":[9.89,5.78,8.2],"faces":{"north":{"uv":[0,0,3,3],"texture":"#0"},"east":{"uv":[0,0,3,3],"texture":"#0"},"south":{"uv":[0,0,3,3],"texture":"#0"},"west":{"uv":[0,0,3,3],"texture":"#0"},"up":{"uv":[0,0,3,3],"texture":"#0"},"down":{"uv":[0,0,3,3],"texture":"#0"}}},{"from":[8.735,3.165,7.255],"to":[9.47,3.995,8.62],"faces":{"north":{"uv":[0,0,3,3],"texture":"#0"},"east":{"uv":[0,0,3,3],"texture":"#0"},"south":{"uv":[0,0,3,3],"texture":"#0"},"west":{"uv":[0,0,3,3],"texture":"#0"},"up":{"uv":[0,0,3,3],"texture":"#0"},"down":{"uv":[0,0,3,3],"texture":"#0"}}},{"from":[8.525,6.2315,6.75025],"to":[9.47,6.6515,7.33825],"rotation":{"angle":-45,"axis":"x","origin":[9.1025,5.7065,7.59025]},"faces":{"north":{"uv":[0,0,3,3],"texture":"#0"},"east":{"uv":[0,0,3,3],"texture":"#0"},"south":{"uv":[0,0,3,3],"texture":"#0"},"west":{"uv":[0,0,3,3],"texture":"#0"},"up":{"uv":[0,0,3,3],"texture":"#0"},"down":{"uv":[0,0,3,3],"texture":"#0"}}},{"from":[9.4595,3.795,6.66625],"to":[10.05275,5.78,7.40125],"rotation":{"angle":-45,"axis":"y","origin":[9.8795,4.94,6.50875]},"faces":{"north":{"uv":[0,0,3,3],"texture":"#0"},"east":{"uv":[0,0,3,3],"texture":"#0"},"south":{"uv":[0,0,3,3],"texture":"#0"},"west":{"uv":[0,0,3,3],"texture":"#0"},"up":{"uv":[0,0,3,3],"texture":"#0"},"down":{"uv":[0,0,3,3],"texture":"#0"}}},{"from":[9.428,2.1675,6.7925],"to":[9.4595,3.7375,8.2575],"rotation":{"angle":-22.5,"axis":"z","origin":[9.3755,2.115,7.36]},"faces":{"east":{"uv":[7,1,16,11.5],"texture":"#1"},"west":{"uv":[16,1,7,11.5],"texture":"#1"}}},{"from":[8.42,2.955,6.85],"to":[9.785,4.005,7.27],"rotation":{"angle":-22.5,"axis":"x","origin":[9.1025,3.4275,7.06]},"faces":{"north":{"uv":[0,0,3,3],"texture":"#0"},"east":{"uv":[0,0,3,3],"texture":"#0"},"south":{"uv":[0,0,3,3],"texture":"#0"},"west":{"uv":[0,0,3,3],"texture":"#0"},"up":{"uv":[0,0,3,3],"texture":"#0"},"down":{"uv":[0,0,3,3],"texture":"#0"}}},{"from":[8.315,3.165,6.9865],"to":[9.89,3.795,8.2],"faces":{"north":{"uv":[0,0,3,3],"texture":"#0"},"east":{"uv":[0,0,3,3],"texture":"#0"},"south":{"uv":[0,0,3,3],"texture":"#0"},"west":{"uv":[0,0,3,3],"texture":"#0"},"up":{"uv":[0,0,3,3],"texture":"#0"},"down":{"uv":[0,0,3,3],"texture":"#0"}}},{"from":[8.735,2.325,6.50875],"to":[9.47,4.04175,7.45375],"rotation":{"angle":-22.5,"axis":"x","origin":[9.1025,3.46425,7.03375]},"faces":{"north":{"uv":[0,0,3,3],"texture":"#0"},"east":{"uv":[0,0,3,3],"texture":"#0"},"south":{"uv":[0,0,3,3],"texture":"#0"},"west":{"uv":[0,0,3,3],"texture":"#0"},"up":{"uv":[0,0,3,3],"texture":"#0"},"down":{"uv":[0,0,3,3],"texture":"#0"}}},{"from":[9.05,2.409,6.9865],"to":[9.575,3.459,8.2],"rotation":{"angle":-22.5,"axis":"z","origin":[8.9975,2.514,7.5175]},"faces":{"north":{"uv":[0,0,3,3],"texture":"#0"},"east":{"uv":[0,0,3,3],"texture":"#0"},"south":{"uv":[0,0,3,3],"texture":"#0"},"west":{"uv":[0,0,3,3],"texture":"#0"},"up":{"uv":[0,0,3,3],"texture":"#0"},"down":{"uv":[0,0,3,3],"texture":"#0"}}},{"from":[8.6825,2.1675,6.9865],"to":[9.2075,3.2175,8.2],"rotation":{"angle":22.5,"axis":"z","origin":[8.63,2.2725,7.5175]},"faces":{"north":{"uv":[0,0,3,3],"texture":"#0"},"east":{"uv":[0,0,3,3],"texture":"#0"},"south":{"uv":[0,0,3,3],"texture":"#0"},"west":{"uv":[0,0,3,3],"texture":"#0"},"up":{"uv":[0,0,3,3],"texture":"#0"},"down":{"uv":[0,0,3,3],"texture":"#0"}}},{"from":[8.735,1.38,7.0865],"to":[9.47,2.22,8.1],"faces":{"north":{"uv":[3,0,6,3],"texture":"#0"},"east":{"uv":[3,0,6,3],"texture":"#0"},"south":{"uv":[3,0,6,3],"texture":"#0"},"west":{"uv":[3,0,6,3],"texture":"#0"},"up":{"uv":[3,0,6,3],"texture":"#0"},"down":{"uv":[3,0,6,3],"texture":"#0"}}},{"from":[8.735,-0.81,7.16],"to":[9.47,1.38,8.1],"faces":{"north":{"uv":[3,0,6,3],"texture":"#0"},"east":{"uv":[3,0,6,3],"texture":"#0"},"south":{"uv":[3,0,6,3],"texture":"#0"},"west":{"uv":[3,0,6,3],"texture":"#0"},"up":{"uv":[3,0,6,3],"texture":"#0"},"down":{"uv":[3,0,6,3],"texture":"#0"}}},{"from":[8.735,2.3775,8.0425],"to":[9.47,3.4275,8.4625],"rotation":{"angle":22.5,"axis":"x","origin":[8.945,2.9025,7.885]},"faces":{"north":{"uv":[0,0,3,3],"texture":"#0"},"east":{"uv":[0,0,3,3],"texture":"#0"},"south":{"uv":[0,0,3,3],"texture":"#0"},"west":{"uv":[0,0,3,3],"texture":"#0"},"up":{"uv":[0,0,3,3],"texture":"#0"},"down":{"uv":[0,0,3,3],"texture":"#0"}}},{"from":[8.819,3.165,8.0215],"to":[9.41225,5.78,8.7565],"rotation":{"angle":-45,"axis":"y","origin":[9.239,4.94,7.864]},"faces":{"north":{"uv":[0,0,3,3],"texture":"#0"},"east":{"uv":[0,0,3,3],"texture":"#0"},"south":{"uv":[0,0,3,3],"texture":"#0"},"west":{"uv":[0,0,3,3],"texture":"#0"},"up":{"uv":[0,0,3,3],"texture":"#0"},"down":{"uv":[0,0,3,3],"texture":"#0"}}},{"from":[8.07875,3.795,6.493],"to":[8.672,5.78,7.228],"rotation":{"angle":45,"axis":"y","origin":[8.49875,4.94,6.3355]},"faces":{"north":{"uv":[0,0,3,3],"texture":"#0"},"east":{"uv":[0,0,3,3],"texture":"#0"},"south":{"uv":[0,0,3,3],"texture":"#0"},"west":{"uv":[0,0,3,3],"texture":"#0"},"up":{"uv":[0,0,3,3],"texture":"#0"},"down":{"uv":[0,0,3,3],"texture":"#0"}}},{"from":[11.88,5.07,3.94],"to":[13.18,7.57,8.56],"faces":{"north":{"uv":[3,0,6,3],"texture":"#0"},"east":{"uv":[3,0,6,3],"texture":"#0"},"south":{"uv":[3,0,6,3],"texture":"#0"},"west":{"uv":[3,0,6,3],"texture":"#0"},"up":{"uv":[3,0,6,3],"texture":"#0"},"down":{"uv":[3,0,6,3],"texture":"#0"}}},{"from":[11.88,4.9,7.83],"to":[13.18,6.32,8.63],"rotation":{"angle":-45,"axis":"x","origin":[12.53,5.66,8.23]},"faces":{"north":{"uv":[3,0,6,3],"texture":"#0"},"east":{"uv":[3,0,6,3],"texture":"#0"},"south":{"uv":[3,0,6,3],"texture":"#0"},"west":{"uv":[3,0,6,3],"texture":"#0"},"up":{"uv":[3,0,6,3],"texture":"#0"},"down":{"uv":[3,0,6,3],"texture":"#0"}}},{"from":[11.88,3.97,8.075],"to":[13.18,4.79,8.875],"rotation":{"angle":45,"axis":"x","origin":[12.53,4.38,8.475]},"faces":{"north":{"uv":[3,0,6,3],"texture":"#0"},"east":{"uv":[3,0,6,3],"texture":"#0"},"south":{"uv":[3,0,6,3],"texture":"#0"},"west":{"uv":[3,0,6,3],"texture":"#0"},"up":{"uv":[3,0,6,3],"texture":"#0"},"down":{"uv":[3,0,6,3],"texture":"#0"}}},{"from":[11.88,4.39,7.25],"to":[13.18,5.41,9.05],"faces":{"north":{"uv":[3,0,6,3],"texture":"#0"},"east":{"uv":[3,0,6,3],"texture":"#0"},"south":{"uv":[3,0,6,3],"texture":"#0"},"west":{"uv":[3,0,6,3],"texture":"#0"},"up":{"uv":[3,0,6,3],"texture":"#0"},"down":{"uv":[3,0,6,3],"texture":"#0"}}},{"from":[11.88,2.575,6.6],"to":[13.18,5.175,7.82],"faces":{"north":{"uv":[3,0,6,3],"texture":"#0"},"east":{"uv":[3,0,6,3],"texture":"#0"},"south":{"uv":[3,0,6,3],"texture":"#0"},"west":{"uv":[3,0,6,3],"texture":"#0"},"up":{"uv":[3,0,6,3],"texture":"#0"},"down":{"uv":[3,0,6,3],"texture":"#0"}}},{"from":[11.88,2.8,7.44],"to":[13.18,3.6,8.46],"rotation":{"angle":-45,"axis":"x","origin":[12.53,3.15,7.9]},"faces":{"north":{"uv":[3,0,6,3],"texture":"#0"},"east":{"uv":[3,0,6,3],"texture":"#0"},"south":{"uv":[3,0,6,3],"texture":"#0"},"west":{"uv":[3,0,6,3],"texture":"#0"},"up":{"uv":[3,0,6,3],"texture":"#0"},"down":{"uv":[3,0,6,3],"texture":"#0"}}},{"from":[11.88,3.295,7.64],"to":[13.18,4.915,8.54],"faces":{"north":{"uv":[3,0,6,3],"texture":"#0"},"east":{"uv":[3,0,6,3],"texture":"#0"},"south":{"uv":[3,0,6,3],"texture":"#0"},"west":{"uv":[3,0,6,3],"texture":"#0"},"up":{"uv":[3,0,6,3],"texture":"#0"},"down":{"uv":[3,0,6,3],"texture":"#0"}}},{"from":[11.88,2.45,4.8],"to":[13.18,3.25,6.12],"rotation":{"angle":45,"axis":"x","origin":[12.53,2.85,5.46]},"faces":{"north":{"uv":[3,0,6,3],"texture":"#0"},"east":{"uv":[3,0,6,3],"texture":"#0"},"south":{"uv":[3,0,6,3],"texture":"#0"},"west":{"uv":[3,0,6,3],"texture":"#0"},"up":{"uv":[3,0,6,3],"texture":"#0"},"down":{"uv":[3,0,6,3],"texture":"#0"}}},{"from":[11.88,4.9,3.77],"to":[13.18,6.32,4.57],"rotation":{"angle":45,"axis":"x","origin":[12.53,5.66,4.17]},"faces":{"north":{"uv":[3,0,6,3],"texture":"#0"},"east":{"uv":[3,0,6,3],"texture":"#0"},"south":{"uv":[3,0,6,3],"texture":"#0"},"west":{"uv":[3,0,6,3],"texture":"#0"},"up":{"uv":[3,0,6,3],"texture":"#0"},"down":{"uv":[3,0,6,3],"texture":"#0"}}},{"from":[11.88,4.39,3.35],"to":[13.18,5.41,5.15],"faces":{"north":{"uv":[3,0,6,3],"texture":"#0"},"east":{"uv":[3,0,6,3],"texture":"#0"},"south":{"uv":[3,0,6,3],"texture":"#0"},"west":{"uv":[3,0,6,3],"texture":"#0"},"up":{"uv":[3,0,6,3],"texture":"#0"},"down":{"uv":[3,0,6,3],"texture":"#0"}}},{"from":[11.88,2.8,3.94],"to":[13.18,3.6,4.96],"rotation":{"angle":45,"axis":"x","origin":[12.53,3.15,4.5]},"faces":{"north":{"uv":[3,0,6,3],"texture":"#0"},"east":{"uv":[3,0,6,3],"texture":"#0"},"south":{"uv":[3,0,6,3],"texture":"#0"},"west":{"uv":[3,0,6,3],"texture":"#0"},"up":{"uv":[3,0,6,3],"texture":"#0"},"down":{"uv":[3,0,6,3],"texture":"#0"}}},{"from":[11.88,3.295,3.86],"to":[13.18,4.915,4.76],"faces":{"north":{"uv":[3,0,6,3],"texture":"#0"},"east":{"uv":[3,0,6,3],"texture":"#0"},"south":{"uv":[3,0,6,3],"texture":"#0"},"west":{"uv":[3,0,6,3],"texture":"#0"},"up":{"uv":[3,0,6,3],"texture":"#0"},"down":{"uv":[3,0,6,3],"texture":"#0"}}},{"from":[11.88,3.97,3.525],"to":[13.18,4.79,4.325],"rotation":{"angle":-45,"axis":"x","origin":[12.53,4.38,3.925]},"faces":{"north":{"uv":[3,0,6,3],"texture":"#0"},"east":{"uv":[3,0,6,3],"texture":"#0"},"south":{"uv":[3,0,6,3],"texture":"#0"},"west":{"uv":[3,0,6,3],"texture":"#0"},"up":{"uv":[3,0,6,3],"texture":"#0"},"down":{"uv":[3,0,6,3],"texture":"#0"}}},{"from":[11.88,2.1,5.64],"to":[13.18,5.3,6.76],"faces":{"north":{"uv":[3,0,6,3],"texture":"#0"},"east":{"uv":[3,0,6,3],"texture":"#0"},"south":{"uv":[3,0,6,3],"texture":"#0"},"west":{"uv":[3,0,6,3],"texture":"#0"},"up":{"uv":[3,0,6,3],"texture":"#0"},"down":{"uv":[3,0,6,3],"texture":"#0"}}},{"from":[11.88,2.575,4.58],"to":[13.18,5.175,5.8],"faces":{"north":{"uv":[3,0,6,3],"texture":"#0"},"east":{"uv":[3,0,6,3],"texture":"#0"},"south":{"uv":[3,0,6,3],"texture":"#0"},"west":{"uv":[3,0,6,3],"texture":"#0"},"up":{"uv":[3,0,6,3],"texture":"#0"},"down":{"uv":[3,0,6,3],"texture":"#0"}}},{"from":[11.88,2.2,6.51],"to":[13.18,3.3,7.13],"rotation":{"angle":45,"axis":"x","origin":[12.53,2.6,6.82]},"faces":{"north":{"uv":[3,0,6,3],"texture":"#0"},"east":{"uv":[3,0,6,3],"texture":"#0"},"south":{"uv":[3,0,6,3],"texture":"#0"},"west":{"uv":[3,0,6,3],"texture":"#0"},"up":{"uv":[3,0,6,3],"texture":"#0"},"down":{"uv":[3,0,6,3],"texture":"#0"}}},{"from":[11.88,7.57,4.24],"to":[13.18,10.17,8.26],"faces":{"north":{"uv":[3,0,6,3],"texture":"#0"},"east":{"uv":[3,0,6,3],"texture":"#0"},"south":{"uv":[3,0,6,3],"texture":"#0"},"west":{"uv":[3,0,6,3],"texture":"#0"},"up":{"uv":[3,0,6,3],"texture":"#0"},"down":{"uv":[3,0,6,3],"texture":"#0"}}},{"from":[11.97,9.75,4.54],"to":[13.17,11.75,7.96],"rotation":{"angle":22.5,"axis":"z","origin":[12.12,10,6.25]},"faces":{"north":{"uv":[3,0,6,3],"texture":"#0"},"east":{"uv":[3,0,6,3],"texture":"#0"},"south":{"uv":[3,0,6,3],"texture":"#0"},"west":{"uv":[3,0,6,3],"texture":"#0"},"up":{"uv":[3,0,6,3],"texture":"#0"},"down":{"uv":[3,0,6,3],"texture":"#0"}}},{"from":[11.87,11.05,5.54],"to":[12.67,12.05,6.86],"rotation":{"angle":22.5,"axis":"z","origin":[12.22,11.7,6.2]},"faces":{"north":{"uv":[0,0,3,3],"texture":"#0"},"east":{"uv":[0,0,3,3],"texture":"#0"},"south":{"uv":[0,0,3,3],"texture":"#0"},"west":{"uv":[0,0,3,3],"texture":"#0"},"up":{"uv":[0,0,3,3],"texture":"#0"},"down":{"uv":[0,0,3,3],"texture":"#0"}}},{"from":[10.15,17.63,5.54],"to":[10.85,18.83,6.86],"rotation":{"angle":45,"axis":"z","origin":[10.5,16.08,7.25]},"faces":{"north":{"uv":[0,0,3,3],"texture":"#0"},"east":{"uv":[0,0,3,3],"texture":"#0"},"south":{"uv":[0,0,3,3],"texture":"#0"},"west":{"uv":[0,0,3,3],"texture":"#0"},"up":{"uv":[0,0,3,3],"texture":"#0"},"down":{"uv":[0,0,3,3],"texture":"#0"}}},{"from":[8.1,17.73,5.54],"to":[8.8,18.27,6.85],"faces":{"north":{"uv":[0,0,3,3],"texture":"#0"},"east":{"uv":[0,0,3,3],"texture":"#0"},"south":{"uv":[0,0,3,3],"texture":"#0"},"west":{"uv":[0,0,3,3],"texture":"#0"},"up":{"uv":[0,0,3,3],"texture":"#0"},"down":{"uv":[0,0,3,3],"texture":"#0"}}},{"from":[10.15,15.93,5.34],"to":[10.85,17.63,7.06],"rotation":{"angle":45,"axis":"z","origin":[10.5,16.08,7.25]},"faces":{"north":{"uv":[0,0,3,3],"texture":"#0"},"east":{"uv":[0,0,3,3],"texture":"#0"},"south":{"uv":[0,0,3,3],"texture":"#0"},"west":{"uv":[0,0,3,3],"texture":"#0"},"up":{"uv":[0,0,3,3],"texture":"#0"},"down":{"uv":[0,0,3,3],"texture":"#0"}}},{"from":[10.47,10.85,4.84],"to":[11.37,13.55,7.66],"rotation":{"angle":22.5,"axis":"z","origin":[11.02,14.1,7.25]},"faces":{"north":{"uv":[3,0,6,3],"texture":"#0"},"east":{"uv":[3,0,6,3],"texture":"#0"},"south":{"uv":[3,0,6,3],"texture":"#0"},"west":{"uv":[3,0,6,3],"texture":"#0"},"up":{"uv":[3,0,6,3],"texture":"#0"},"down":{"uv":[3,0,6,3],"texture":"#0"}}},{"from":[10.47,11.55,5.34],"to":[11.17,13.55,7.06],"rotation":{"angle":22.5,"axis":"z","origin":[10.82,15.4,7.25]},"faces":{"north":{"uv":[0,0,3,3],"texture":"#0"},"east":{"uv":[0,0,3,3],"texture":"#0"},"south":{"uv":[0,0,3,3],"texture":"#0"},"west":{"uv":[0,0,3,3],"texture":"#0"},"up":{"uv":[0,0,3,3],"texture":"#0"},"down":{"uv":[0,0,3,3],"texture":"#0"}}},{"from":[10.47,13.55,5.14],"to":[11.17,16.15,7.26],"rotation":{"angle":22.5,"axis":"z","origin":[10.82,15.4,7.25]},"faces":{"north":{"uv":[0,0,3,3],"texture":"#0"},"east":{"uv":[0,0,3,3],"texture":"#0"},"south":{"uv":[0,0,3,3],"texture":"#0"},"west":{"uv":[0,0,3,3],"texture":"#0"},"up":{"uv":[0,0,3,3],"texture":"#0"},"down":{"uv":[0,0,3,3],"texture":"#0"}}},{"from":[10.67,13.55,5.04],"to":[11.17,14.95,7.36],"rotation":{"angle":22.5,"axis":"z","origin":[11.02,14.1,7.25]},"faces":{"north":{"uv":[3,0,6,3],"texture":"#0"},"east":{"uv":[3,0,6,3],"texture":"#0"},"south":{"uv":[3,0,6,3],"texture":"#0"},"west":{"uv":[3,0,6,3],"texture":"#0"},"up":{"uv":[3,0,6,3],"texture":"#0"},"down":{"uv":[3,0,6,3],"texture":"#0"}}},{"from":[10.77,14.95,5.44],"to":[11.37,15.75,6.96],"rotation":{"angle":22.5,"axis":"z","origin":[11.02,14.1,7.25]},"faces":{"north":{"uv":[3,0,6,3],"texture":"#0"},"east":{"uv":[3,0,6,3],"texture":"#0"},"south":{"uv":[3,0,6,3],"texture":"#0"},"west":{"uv":[3,0,6,3],"texture":"#0"},"up":{"uv":[3,0,6,3],"texture":"#0"},"down":{"uv":[3,0,6,3],"texture":"#0"}}},{"from":[8.1,13.5,6.5],"to":[8.8,18.2,7.92],"rotation":{"angle":-22.5,"axis":"x","origin":[8.45,15.55,7.21]},"faces":{"north":{"uv":[0,0,3,3],"texture":"#0"},"east":{"uv":[0,0,3,3],"texture":"#0"},"south":{"uv":[0,0,3,3],"texture":"#0"},"west":{"uv":[0,0,3,3],"texture":"#0"},"up":{"uv":[0,0,3,3],"texture":"#0"},"down":{"uv":[0,0,3,3],"texture":"#0"}}},{"from":[8.81,13.5,6.65],"to":[8.81,17.2,7.77],"rotation":{"angle":-22.5,"axis":"x","origin":[8.46,15.55,7.21]},"faces":{"east":{"uv":[0,1,6,15.5],"texture":"#1"}}},{"from":[2.83,9.75,4.54],"to":[4.03,11.75,7.96],"rotation":{"angle":-22.5,"axis":"z","origin":[3.88,10,6.25]},"faces":{"north":{"uv":[3,0,6,3],"texture":"#0"},"east":{"uv":[3,0,6,3],"texture":"#0"},"south":{"uv":[3,0,6,3],"texture":"#0"},"west":{"uv":[3,0,6,3],"texture":"#0"},"up":{"uv":[3,0,6,3],"texture":"#0"},"down":{"uv":[3,0,6,3],"texture":"#0"}}},{"from":[2.82,4.9,7.83],"to":[4.12,6.32,8.63],"rotation":{"angle":-45,"axis":"x","origin":[3.47,5.66,8.23]},"faces":{"north":{"uv":[3,0,6,3],"texture":"#0"},"east":{"uv":[3,0,6,3],"texture":"#0"},"south":{"uv":[3,0,6,3],"texture":"#0"},"west":{"uv":[3,0,6,3],"texture":"#0"},"up":{"uv":[3,0,6,3],"texture":"#0"},"down":{"uv":[3,0,6,3],"texture":"#0"}}},{"from":[2.82,4.39,7.25],"to":[4.12,5.41,9.05],"faces":{"north":{"uv":[3,0,6,3],"texture":"#0"},"east":{"uv":[3,0,6,3],"texture":"#0"},"south":{"uv":[3,0,6,3],"texture":"#0"},"west":{"uv":[3,0,6,3],"texture":"#0"},"up":{"uv":[3,0,6,3],"texture":"#0"},"down":{"uv":[3,0,6,3],"texture":"#0"}}},{"from":[2.82,3.295,7.64],"to":[4.12,4.915,8.54],"faces":{"north":{"uv":[3,0,6,3],"texture":"#0"},"east":{"uv":[3,0,6,3],"texture":"#0"},"south":{"uv":[3,0,6,3],"texture":"#0"},"west":{"uv":[3,0,6,3],"texture":"#0"},"up":{"uv":[3,0,6,3],"texture":"#0"},"down":{"uv":[3,0,6,3],"texture":"#0"}}},{"from":[2.82,2.575,6.6],"to":[4.12,5.175,7.82],"faces":{"north":{"uv":[3,0,6,3],"texture":"#0"},"east":{"uv":[3,0,6,3],"texture":"#0"},"south":{"uv":[3,0,6,3],"texture":"#0"},"west":{"uv":[3,0,6,3],"texture":"#0"},"up":{"uv":[3,0,6,3],"texture":"#0"},"down":{"uv":[3,0,6,3],"texture":"#0"}}},{"from":[2.82,3.97,8.075],"to":[4.12,4.79,8.875],"rotation":{"angle":45,"axis":"x","origin":[3.47,4.38,8.475]},"faces":{"north":{"uv":[3,0,6,3],"texture":"#0"},"east":{"uv":[3,0,6,3],"texture":"#0"},"south":{"uv":[3,0,6,3],"texture":"#0"},"west":{"uv":[3,0,6,3],"texture":"#0"},"up":{"uv":[3,0,6,3],"texture":"#0"},"down":{"uv":[3,0,6,3],"texture":"#0"}}},{"from":[2.82,2.8,7.44],"to":[4.12,3.6,8.46],"rotation":{"angle":-45,"axis":"x","origin":[3.47,3.15,7.9]},"faces":{"north":{"uv":[3,0,6,3],"texture":"#0"},"east":{"uv":[3,0,6,3],"texture":"#0"},"south":{"uv":[3,0,6,3],"texture":"#0"},"west":{"uv":[3,0,6,3],"texture":"#0"},"up":{"uv":[3,0,6,3],"texture":"#0"},"down":{"uv":[3,0,6,3],"texture":"#0"}}},{"from":[2.82,2.1,5.64],"to":[4.12,5.3,6.76],"faces":{"north":{"uv":[3,0,6,3],"texture":"#0"},"east":{"uv":[3,0,6,3],"texture":"#0"},"south":{"uv":[3,0,6,3],"texture":"#0"},"west":{"uv":[3,0,6,3],"texture":"#0"},"up":{"uv":[3,0,6,3],"texture":"#0"},"down":{"uv":[3,0,6,3],"texture":"#0"}}},{"from":[2.82,2.2,6.51],"to":[4.12,3.3,7.13],"rotation":{"angle":45,"axis":"x","origin":[3.47,2.6,6.82]},"faces":{"north":{"uv":[3,0,6,3],"texture":"#0"},"east":{"uv":[3,0,6,3],"texture":"#0"},"south":{"uv":[3,0,6,3],"texture":"#0"},"west":{"uv":[3,0,6,3],"texture":"#0"},"up":{"uv":[3,0,6,3],"texture":"#0"},"down":{"uv":[3,0,6,3],"texture":"#0"}}},{"from":[2.82,2.45,4.8],"to":[4.12,3.25,6.12],"rotation":{"angle":45,"axis":"x","origin":[3.47,2.85,5.46]},"faces":{"north":{"uv":[3,0,6,3],"texture":"#0"},"east":{"uv":[3,0,6,3],"texture":"#0"},"south":{"uv":[3,0,6,3],"texture":"#0"},"west":{"uv":[3,0,6,3],"texture":"#0"},"up":{"uv":[3,0,6,3],"texture":"#0"},"down":{"uv":[3,0,6,3],"texture":"#0"}}},{"from":[2.82,2.575,4.58],"to":[4.12,5.175,5.8],"faces":{"north":{"uv":[3,0,6,3],"texture":"#0"},"east":{"uv":[3,0,6,3],"texture":"#0"},"south":{"uv":[3,0,6,3],"texture":"#0"},"west":{"uv":[3,0,6,3],"texture":"#0"},"up":{"uv":[3,0,6,3],"texture":"#0"},"down":{"uv":[3,0,6,3],"texture":"#0"}}},{"from":[2.82,3.295,3.86],"to":[4.12,4.915,4.76],"faces":{"north":{"uv":[3,0,6,3],"texture":"#0"},"east":{"uv":[3,0,6,3],"texture":"#0"},"south":{"uv":[3,0,6,3],"texture":"#0"},"west":{"uv":[3,0,6,3],"texture":"#0"},"up":{"uv":[3,0,6,3],"texture":"#0"},"down":{"uv":[3,0,6,3],"texture":"#0"}}},{"from":[2.82,2.8,3.94],"to":[4.12,3.6,4.96],"rotation":{"angle":45,"axis":"x","origin":[3.47,3.15,4.5]},"faces":{"north":{"uv":[3,0,6,3],"texture":"#0"},"east":{"uv":[3,0,6,3],"texture":"#0"},"south":{"uv":[3,0,6,3],"texture":"#0"},"west":{"uv":[3,0,6,3],"texture":"#0"},"up":{"uv":[3,0,6,3],"texture":"#0"},"down":{"uv":[3,0,6,3],"texture":"#0"}}},{"from":[2.82,5.07,3.94],"to":[4.12,7.57,8.56],"faces":{"north":{"uv":[3,0,6,3],"texture":"#0"},"east":{"uv":[3,0,6,3],"texture":"#0"},"south":{"uv":[3,0,6,3],"texture":"#0"},"west":{"uv":[3,0,6,3],"texture":"#0"},"up":{"uv":[3,0,6,3],"texture":"#0"},"down":{"uv":[3,0,6,3],"texture":"#0"}}},{"from":[2.82,4.9,3.77],"to":[4.12,6.32,4.57],"rotation":{"angle":45,"axis":"x","origin":[3.47,5.66,4.17]},"faces":{"north":{"uv":[3,0,6,3],"texture":"#0"},"east":{"uv":[3,0,6,3],"texture":"#0"},"south":{"uv":[3,0,6,3],"texture":"#0"},"west":{"uv":[3,0,6,3],"texture":"#0"},"up":{"uv":[3,0,6,3],"texture":"#0"},"down":{"uv":[3,0,6,3],"texture":"#0"}}},{"from":[2.82,4.39,3.35],"to":[4.12,5.41,5.15],"faces":{"north":{"uv":[3,0,6,3],"texture":"#0"},"east":{"uv":[3,0,6,3],"texture":"#0"},"south":{"uv":[3,0,6,3],"texture":"#0"},"west":{"uv":[3,0,6,3],"texture":"#0"},"up":{"uv":[3,0,6,3],"texture":"#0"},"down":{"uv":[3,0,6,3],"texture":"#0"}}},{"from":[2.82,3.97,3.525],"to":[4.12,4.79,4.325],"rotation":{"angle":-45,"axis":"x","origin":[3.47,4.38,3.925]},"faces":{"north":{"uv":[3,0,6,3],"texture":"#0"},"east":{"uv":[3,0,6,3],"texture":"#0"},"south":{"uv":[3,0,6,3],"texture":"#0"},"west":{"uv":[3,0,6,3],"texture":"#0"},"up":{"uv":[3,0,6,3],"texture":"#0"},"down":{"uv":[3,0,6,3],"texture":"#0"}}},{"from":[2.82,7.57,4.24],"to":[4.12,10.17,8.26],"faces":{"north":{"uv":[3,0,6,3],"texture":"#0"},"east":{"uv":[3,0,6,3],"texture":"#0"},"south":{"uv":[3,0,6,3],"texture":"#0"},"west":{"uv":[3,0,6,3],"texture":"#0"},"up":{"uv":[3,0,6,3],"texture":"#0"},"down":{"uv":[3,0,6,3],"texture":"#0"}}},{"from":[5.15,15.93,5.34],"to":[5.85,17.63,7.06],"rotation":{"angle":-45,"axis":"z","origin":[5.5,16.08,7.25]},"faces":{"north":{"uv":[0,0,3,3],"texture":"#0"},"east":{"uv":[0,0,3,3],"texture":"#0"},"south":{"uv":[0,0,3,3],"texture":"#0"},"west":{"uv":[0,0,3,3],"texture":"#0"},"up":{"uv":[0,0,3,3],"texture":"#0"},"down":{"uv":[0,0,3,3],"texture":"#0"}}},{"from":[4.83,13.55,5.14],"to":[5.53,16.15,7.26],"rotation":{"angle":-22.5,"axis":"z","origin":[5.18,15.4,7.25]},"faces":{"north":{"uv":[0,0,3,3],"texture":"#0"},"east":{"uv":[0,0,3,3],"texture":"#0"},"south":{"uv":[0,0,3,3],"texture":"#0"},"west":{"uv":[0,0,3,3],"texture":"#0"},"up":{"uv":[0,0,3,3],"texture":"#0"},"down":{"uv":[0,0,3,3],"texture":"#0"}}},{"from":[4.83,11.55,5.34],"to":[5.53,13.55,7.06],"rotation":{"angle":-22.5,"axis":"z","origin":[5.18,15.4,7.25]},"faces":{"north":{"uv":[0,0,3,3],"texture":"#0"},"east":{"uv":[0,0,3,3],"texture":"#0"},"south":{"uv":[0,0,3,3],"texture":"#0"},"west":{"uv":[0,0,3,3],"texture":"#0"},"up":{"uv":[0,0,3,3],"texture":"#0"},"down":{"uv":[0,0,3,3],"texture":"#0"}}},{"from":[3.33,11.05,5.54],"to":[4.13,12.05,6.86],"rotation":{"angle":-22.5,"axis":"z","origin":[3.78,11.7,6.2]},"faces":{"north":{"uv":[0,0,3,3],"texture":"#0"},"east":{"uv":[0,0,3,3],"texture":"#0"},"south":{"uv":[0,0,3,3],"texture":"#0"},"west":{"uv":[0,0,3,3],"texture":"#0"},"up":{"uv":[0,0,3,3],"texture":"#0"},"down":{"uv":[0,0,3,3],"texture":"#0"}}},{"from":[4.63,10.85,4.84],"to":[5.53,13.55,7.66],"rotation":{"angle":-22.5,"axis":"z","origin":[4.98,14.1,7.25]},"faces":{"north":{"uv":[3,0,6,3],"texture":"#0"},"east":{"uv":[3,0,6,3],"texture":"#0"},"south":{"uv":[3,0,6,3],"texture":"#0"},"west":{"uv":[3,0,6,3],"texture":"#0"},"up":{"uv":[3,0,6,3],"texture":"#0"},"down":{"uv":[3,0,6,3],"texture":"#0"}}},{"from":[4.63,14.95,5.44],"to":[5.23,15.75,6.96],"rotation":{"angle":-22.5,"axis":"z","origin":[4.98,14.1,7.25]},"faces":{"north":{"uv":[3,0,6,3],"texture":"#0"},"east":{"uv":[3,0,6,3],"texture":"#0"},"south":{"uv":[3,0,6,3],"texture":"#0"},"west":{"uv":[3,0,6,3],"texture":"#0"},"up":{"uv":[3,0,6,3],"texture":"#0"},"down":{"uv":[3,0,6,3],"texture":"#0"}}},{"from":[4.83,13.55,5.04],"to":[5.33,14.95,7.36],"rotation":{"angle":-22.5,"axis":"z","origin":[4.98,14.1,7.25]},"faces":{"north":{"uv":[3,0,6,3],"texture":"#0"},"east":{"uv":[3,0,6,3],"texture":"#0"},"south":{"uv":[3,0,6,3],"texture":"#0"},"west":{"uv":[3,0,6,3],"texture":"#0"},"up":{"uv":[3,0,6,3],"texture":"#0"},"down":{"uv":[3,0,6,3],"texture":"#0"}}},{"from":[5.15,17.63,5.54],"to":[5.85,18.83,6.86],"rotation":{"angle":-45,"axis":"z","origin":[5.5,16.08,7.25]},"faces":{"north":{"uv":[0,0,3,3],"texture":"#0"},"east":{"uv":[0,0,3,3],"texture":"#0"},"south":{"uv":[0,0,3,3],"texture":"#0"},"west":{"uv":[0,0,3,3],"texture":"#0"},"up":{"uv":[0,0,3,3],"texture":"#0"},"down":{"uv":[0,0,3,3],"texture":"#0"}}},{"from":[7.2,17.73,5.54],"to":[7.9,18.27,6.85],"faces":{"north":{"uv":[0,0,3,3],"texture":"#0"},"east":{"uv":[0,0,3,3],"texture":"#0"},"south":{"uv":[0,0,3,3],"texture":"#0"},"west":{"uv":[0,0,3,3],"texture":"#0"},"up":{"uv":[0,0,3,3],"texture":"#0"},"down":{"uv":[0,0,3,3],"texture":"#0"}}},{"from":[7.2,13.5,6.5],"to":[7.9,18.2,7.92],"rotation":{"angle":-22.5,"axis":"x","origin":[7.55,15.55,7.21]},"faces":{"north":{"uv":[0,0,3,3],"texture":"#0"},"east":{"uv":[0,0,3,3],"texture":"#0"},"south":{"uv":[0,0,3,3],"texture":"#0"},"west":{"uv":[0,0,3,3],"texture":"#0"},"up":{"uv":[0,0,3,3],"texture":"#0"},"down":{"uv":[0,0,3,3],"texture":"#0"}}},{"from":[7.19,13.5,6.65],"to":[7.19,17.2,7.77],"rotation":{"angle":-22.5,"axis":"x","origin":[7.54,15.55,7.21]},"faces":{"west":{"uv":[0,1,6,15.5],"texture":"#1"}}}],"display":{"head":{"scale":[2.2,2.1,2.2],"rotation":[0,180,0],"translation":[0,-24.5,-1.5]},"thirdperson_righthand":{"scale":[0,0,0]},"thirdperson_lefthand":{"scale":[0,0,0]},"firstperson_righthand":{"scale":[0,0,0]},"firstperson_lefthand":{"scale":[0,0,0]},"gui":{"scale":[0.85,0.85,0.85],"rotation":[30,-50,0],"translation":[-0.5,-1,0]}}}