{"__comment":"Designed by Samasaurus6 with BDcraft Cubik PRO 0.96 Beta - http://bdcraft.net","textures":{"golbat":"pokemon_skins/regular/golbat/golbat","golbatwing":"pokemon_skins/regular/golbat/wing2","wing1":"pokemon_skins/regular/golbat/wing1","wing3":"pokemon_skins/regular/golbat/wing3"},"elements":[{"from":[6,3,5],"to":[9,14,12],"faces":{"down":{"uv":[0,0,4.5,5.5],"texture":"#golbat"},"up":{"uv":[0,0,4.5,5.5],"texture":"#golbat"},"north":{"uv":[0,0,4.5,5.5],"texture":"#golbat"},"south":{"uv":[0,0,4.5,5.5],"texture":"#golbat"},"west":{"uv":[0,0,4.5,5.5],"texture":"#golbat"},"east":{"uv":[0,0,4.5,5.5],"texture":"#golbat"}}},{"from":[5.5,2,5.5],"to":[9.5,14.5,11.5],"faces":{"down":{"uv":[0,0,4.5,5.5],"texture":"#golbat"},"up":{"uv":[0,0,4.5,5.5],"texture":"#golbat"},"north":{"uv":[0,0,4.5,5.5],"texture":"#golbat"},"south":{"uv":[0,0,4.5,5.5],"texture":"#golbat"},"west":{"uv":[0,0,4.5,5.5],"texture":"#golbat"},"east":{"uv":[0,0,4.5,5.5],"texture":"#golbat"}}},{"from":[7.5,7.5,12.5],"to":[7.5625,22.5,27],"faces":{"west":{"uv":[2.5,1.5,13,13.5],"texture":"#golbatwing"},"east":{"uv":[13,1.5,2.5,13.5],"texture":"#golbatwing"}}},{"from":[5.4375,3.5,6],"to":[5.5,11.5,11],"faces":{"west":{"uv":[8.5,0.5,14.5,10.5],"texture":"#golbat"},"east":{"uv":[0,11.5,2,13],"texture":"#golbat"}}},{"from":[4.9375,12,6],"to":[5,13,7.5],"faces":{"west":{"uv":[5,14,2,15.5],"texture":"#golbat"},"east":{"uv":[0,11.5,2,13],"texture":"#golbat"}}},{"from":[4.9375,12,9.5],"to":[5,13,11],"faces":{"west":{"uv":[2,14,5,15.5],"texture":"#golbat"},"east":{"uv":[0,11.5,2,13],"texture":"#golbat"}}},{"from":[7.4375,14,5],"to":[7.5,16.5,7.5],"faces":{"west":{"uv":[13.5,14,16,16],"texture":"#golbat"},"east":{"uv":[11,14,13.5,16],"texture":"#golbat"}}},{"from":[7.4375,14,9.5],"to":[7.5,16.5,12],"faces":{"west":{"uv":[13.5,14,16,16],"texture":"#golbat"},"east":{"uv":[11,14,13.5,16],"texture":"#golbat"}}},{"from":[9.4375,2.5,6.5],"to":[9.9375,14,10.5],"faces":{"down":{"uv":[0,0,4.5,5.5],"texture":"#golbat"},"up":{"uv":[0,0,4.5,5.5],"texture":"#golbat"},"north":{"uv":[0,0,4.5,5.5],"texture":"#golbat"},"south":{"uv":[0,0,4.5,5.5],"texture":"#golbat"},"west":{"uv":[0,0,4.5,5.5],"texture":"#golbat"},"east":{"uv":[0,0,4.5,5.5],"texture":"#golbat"}}},{"from":[4.5,3,3.5],"to":[7,4,4.5],"rotation":{"origin":[4.5,3,3.5],"axis":"y","angle":-45},"faces":{"down":{"uv":[0,0,4.5,5.5],"texture":"#golbat"},"up":{"uv":[0,0,4.5,5.5],"texture":"#golbat"},"north":{"uv":[0,0,4.5,5.5],"texture":"#golbat"},"south":{"uv":[0,0,4.5,5.5],"texture":"#golbat"},"west":{"uv":[0,0,4.5,5.5],"texture":"#golbat"},"east":{"uv":[0,0,4.5,5.5],"texture":"#golbat"}}},{"from":[4,3,13],"to":[6.5,4,14],"rotation":{"origin":[4,3,13],"axis":"y","angle":45},"faces":{"down":{"uv":[0,0,4.5,5.5],"texture":"#golbat"},"up":{"uv":[0,0,4.5,5.5],"texture":"#golbat"},"north":{"uv":[0,0,4.5,5.5],"texture":"#golbat"},"south":{"uv":[0,0,4.5,5.5],"texture":"#golbat"},"west":{"uv":[0,0,4.5,5.5],"texture":"#golbat"},"east":{"uv":[0,0,4.5,5.5],"texture":"#golbat"}}},{"from":[3.3125,2.1875,13.3125],"to":[4.8125,6.6875,14.8125],"rotation":{"origin":[3.3125,2.1875,13.3125],"axis":"y","angle":45},"faces":{"down":{"uv":[0,0,4.5,5.5],"texture":"#golbat"},"up":{"uv":[0,0,4.5,5.5],"texture":"#golbat"},"north":{"uv":[0,0,4.5,5.5],"texture":"#golbat"},"south":{"uv":[0,0,4.5,5.5],"texture":"#golbat"},"west":{"uv":[0,0,4.5,5.5],"texture":"#golbat"},"east":{"uv":[0,0,4.5,5.5],"texture":"#golbat"}}},{"from":[2.875,2.1875,3.625],"to":[4.375,6.6875,5.125],"rotation":{"origin":[2.875,2.1875,3.625],"axis":"y","angle":45},"faces":{"down":{"uv":[0,0,4.5,5.5],"texture":"#golbat"},"up":{"uv":[0,0,4.5,5.5],"texture":"#golbat"},"north":{"uv":[0,0,4.5,5.5],"texture":"#golbat"},"south":{"uv":[0,0,4.5,5.5],"texture":"#golbat"},"west":{"uv":[0,0,4.5,5.5],"texture":"#golbat"},"east":{"uv":[0,0,4.5,5.5],"texture":"#golbat"}}},{"from":[6.0625,3.5,4.5],"to":[9.5625,13,12.5],"faces":{"down":{"uv":[0,0,4.5,5.5],"texture":"#golbat"},"up":{"uv":[0,0,4.5,5.5],"texture":"#golbat"},"north":{"uv":[0,0,4.5,5.5],"texture":"#golbat"},"south":{"uv":[0,0,4.5,5.5],"texture":"#golbat"},"west":{"uv":[0,0,4.5,5.5],"texture":"#golbat"},"east":{"uv":[0,0,4.5,5.5],"texture":"#golbat"}}},{"from":[9.5,3.5,5.5],"to":[10,13.5,11.5],"faces":{"down":{"uv":[0,0,4.5,5.5],"texture":"#golbat"},"up":{"uv":[0,0,4.5,5.5],"texture":"#golbat"},"north":{"uv":[0,0,4.5,5.5],"texture":"#golbat"},"south":{"uv":[0,0,4.5,5.5],"texture":"#golbat"},"west":{"uv":[0,0,4.5,5.5],"texture":"#golbat"},"east":{"uv":[0,0,4.5,5.5],"texture":"#golbat"}}},{"from":[5,11.4375,6],"to":[7,13.9375,11],"faces":{"down":{"uv":[0,0,4.5,5.5],"texture":"#golbat"},"up":{"uv":[0,0,4.5,5.5],"texture":"#golbat"},"north":{"uv":[0,0,4.5,5.5],"texture":"#golbat"},"south":{"uv":[0,0,4.5,5.5],"texture":"#golbat"},"west":{"uv":[0,0,4.5,5.5],"texture":"#golbat"},"east":{"uv":[0,0,4.5,5.5],"texture":"#golbat"}}},{"from":[5,2.5,6],"to":[7,3.5,11],"faces":{"down":{"uv":[0,0,4.5,5.5],"texture":"#golbat"},"up":{"uv":[0,0,4.5,5.5],"texture":"#golbat"},"north":{"uv":[0,0,4.5,5.5],"texture":"#golbat"},"south":{"uv":[0,0,4.5,5.5],"texture":"#golbat"},"west":{"uv":[0,0,4.5,5.5],"texture":"#golbat"},"east":{"uv":[0,0,4.5,5.5],"texture":"#golbat"}}},{"from":[9.5,4,6],"to":[10.5,13,11],"faces":{"down":{"uv":[4.5,4,4,0],"texture":"#golbat"},"up":{"uv":[0.5,0,1,3],"texture":"#golbat"},"north":{"uv":[0,0,0.5,5],"texture":"#golbat"},"south":{"uv":[0,0,0.5,4.5],"texture":"#golbat"},"west":{"uv":[0,0,3,4],"texture":"#golbat"},"east":{"uv":[0,0,3,4],"texture":"#golbat"}}},{"from":[7.5,7.5,-10],"to":[7.5625,22.5,4.5],"faces":{"west":{"uv":[13,1.5,2.5,13.5],"texture":"#golbatwing"},"east":{"uv":[2.5,1.5,13,13.5],"texture":"#golbatwing"}}},{"from":[7.5,7.5,12.5],"to":[7.5625,22.5,27],"rotation":{"origin":[7.5,7.5,12.5],"axis":"y","angle":-45},"faces":{"west":{"uv":[2.5,1.5,13,13.5],"texture":"#wing1"},"east":{"uv":[13,1.5,2.5,13.5],"texture":"#wing1"}}},{"from":[7.5,7.5,12.5],"to":[7.5625,22.5,27],"rotation":{"origin":[7.5,7.5,12.5],"axis":"y","angle":45},"faces":{"west":{"uv":[2.5,1.5,13,13.5],"texture":"#wing3"},"east":{"uv":[13,1.5,2.5,13.5],"texture":"#wing3"}}},{"from":[17.75,7.5,-5.75],"to":[17.8125,22.5,8.75],"rotation":{"origin":[17.75,7.5,-5.75],"axis":"y","angle":-45},"faces":{"west":{"uv":[13,1.5,2.5,13.5],"texture":"#wing3"},"east":{"uv":[2.5,1.5,13,13.5],"texture":"#wing3"}}},{"from":[-2.75,7.5,-5.75],"to":[-2.6875,22.5,8.75],"rotation":{"origin":[-2.75,7.5,-5.75],"axis":"y","angle":45},"faces":{"west":{"uv":[13,1.5,2.5,13.5],"texture":"#wing1"},"east":{"uv":[2.5,1.5,13,13.5],"texture":"#wing1"}}}],"display":{"head":{"rotation":[0,-90,0],"translation":[0.94,-12,0],"scale":[2,2,2]},"gui":{"rotation":[30,50,0],"translation":[0,-1.5,0],"scale":[0.5,0.5,0.5]},"thirdperson_righthand":{"scale":[0,0,0]},"thirdperson_lefthand":{"scale":[0,0,0]},"firstperson_righthand":{"scale":[0,0,0]},"firstperson_lefthand":{"scale":[0,0,0]}}}