{"__comment":"Designed by Madstonmagic with BDcraft Cubik PRO 0.96 Beta - http://bdcraft.net","textures":{"particle":"pokemon_skins/regular/stunky/eye","texture":"pokemon_skins/regular/stunky/stunky_skuntank","back":"pokemon_skins/regular/stunky/back","back_side":"pokemon_skins/regular/stunky/back_side","face_belly":"pokemon_skins/regular/stunky/face_belly","tail_1":"pokemon_skins/regular/stunky/tail_1","tail_end":"pokemon_skins/regular/stunky/tail_end","tail_end_top":"pokemon_skins/regular/stunky/tail_end_top"},"elements":[{"__comment":"face_left","from":[2.25,3.25,6],"to":[3.75,5.75,7.5],"faces":{"down":{"uv":[1,1,3,3],"texture":"#texture"},"up":{"uv":[2,2,4,4],"texture":"#texture"},"north":{"uv":[1,2.5,3,4.5],"texture":"#texture"},"south":{"uv":[1.5,1.5,3.5,3.5],"texture":"#texture"},"west":{"uv":[2,2,4,4],"texture":"#texture"},"east":{"uv":[1.5,1.5,3.5,3.5],"texture":"#texture"}}},{"__comment":"face_left","from":[1.75,3.75,6],"to":[4.25,5.25,7.5],"faces":{"down":{"uv":[1,1,3,3],"texture":"#texture"},"up":{"uv":[2,2,4,4],"texture":"#texture"},"north":{"uv":[1,2.5,3,4.5],"texture":"#texture"},"south":{"uv":[1.5,1.5,3.5,3.5],"texture":"#texture"},"west":{"uv":[2,2,4,4],"texture":"#texture"},"east":{"uv":[1.5,1.5,3.5,3.5],"texture":"#texture"}}},{"__comment":"face_left","from":[2.25,3.75,5.5],"to":[3.75,5.25,8],"faces":{"down":{"uv":[1,1,3,3],"texture":"#texture"},"up":{"uv":[2,2,4,4],"texture":"#texture"},"north":{"uv":[1,2.5,3,4.5],"texture":"#texture"},"south":{"uv":[1.5,1.5,3.5,3.5],"texture":"#texture"},"west":{"uv":[2,2,4,4],"texture":"#texture"},"east":{"uv":[1.5,1.5,3.5,3.5],"texture":"#texture"}}},{"__comment":"face_left","from":[2.25,4.54,5.5],"to":[3.75,5.25,6.21],"rotation":{"origin":[2.25,5.25,5.5],"axis":"x","angle":-45},"faces":{"down":{"uv":[1,1,3,3],"texture":"#texture"},"up":{"uv":[2,2,4,4],"texture":"#texture"},"north":{"uv":[1,2.5,3,4.5],"texture":"#texture"},"south":{"uv":[1.5,1.5,3.5,3.5],"texture":"#texture"},"west":{"uv":[2,2,4,4],"texture":"#texture"},"east":{"uv":[1.5,1.5,3.5,3.5],"texture":"#texture"}}},{"__comment":"face_left","from":[2.25,5.04,7.5],"to":[3.75,5.75,8.21],"rotation":{"origin":[2.25,5.75,7.5],"axis":"x","angle":45},"faces":{"down":{"uv":[1,1,3,3],"texture":"#texture"},"up":{"uv":[2,2,4,4],"texture":"#texture"},"north":{"uv":[1,2.5,3,4.5],"texture":"#texture"},"south":{"uv":[1.5,1.5,3.5,3.5],"texture":"#texture"},"west":{"uv":[2,2,4,4],"texture":"#texture"},"east":{"uv":[1.5,1.5,3.5,3.5],"texture":"#texture"}}},{"__comment":"face_left","from":[2.25,3.04,5.5],"to":[3.75,3.75,6.21],"rotation":{"origin":[2.25,3.75,5.5],"axis":"x","angle":-45},"faces":{"down":{"uv":[1,1,3,3],"texture":"#texture"},"up":{"uv":[2,2,4,4],"texture":"#texture"},"north":{"uv":[1,2.5,3,4.5],"texture":"#texture"},"south":{"uv":[1.5,1.5,3.5,3.5],"texture":"#texture"},"west":{"uv":[2,2,4,4],"texture":"#texture"},"east":{"uv":[1.5,1.5,3.5,3.5],"texture":"#texture"}}},{"__comment":"face_left","from":[2.25,3.54,7.5],"to":[3.75,4.25,8.21],"rotation":{"origin":[2.25,4.25,7.5],"axis":"x","angle":45},"faces":{"down":{"uv":[1,1,3,3],"texture":"#texture"},"up":{"uv":[2,2,4,4],"texture":"#texture"},"north":{"uv":[1,2.5,3,4.5],"texture":"#texture"},"south":{"uv":[1.5,1.5,3.5,3.5],"texture":"#texture"},"west":{"uv":[2,2,4,4],"texture":"#texture"},"east":{"uv":[1.5,1.5,3.5,3.5],"texture":"#texture"}}},{"__comment":"face_left","from":[1.75,4.54,6],"to":[2.46,5.25,7.5],"rotation":{"origin":[1.75,5.25,6],"axis":"z","angle":45},"faces":{"down":{"uv":[1,1,3,3],"texture":"#texture"},"up":{"uv":[2,2,4,4],"texture":"#texture"},"north":{"uv":[1,2.5,3,4.5],"texture":"#texture"},"south":{"uv":[1.5,1.5,3.5,3.5],"texture":"#texture"},"west":{"uv":[2,2,4,4],"texture":"#texture"},"east":{"uv":[1.5,1.5,3.5,3.5],"texture":"#texture"}}},{"__comment":"face_left","from":[3.75,5.04,6],"to":[4.46,5.75,7.5],"rotation":{"origin":[3.75,5.75,6],"axis":"z","angle":-45},"faces":{"down":{"uv":[1,1,3,3],"texture":"#texture"},"up":{"uv":[2,2,4,4],"texture":"#texture"},"north":{"uv":[1,2.5,3,4.5],"texture":"#texture"},"south":{"uv":[1.5,1.5,3.5,3.5],"texture":"#texture"},"west":{"uv":[2,2,4,4],"texture":"#texture"},"east":{"uv":[1.5,1.5,3.5,3.5],"texture":"#texture"}}},{"__comment":"face_left","from":[3.25,3.04,6],"to":[3.96,3.75,7.5],"rotation":{"origin":[3.25,3.75,6],"axis":"z","angle":45},"faces":{"down":{"uv":[1,1,3,3],"texture":"#texture"},"up":{"uv":[2,2,4,4],"texture":"#texture"},"north":{"uv":[1,2.5,3,4.5],"texture":"#texture"},"south":{"uv":[1.5,1.5,3.5,3.5],"texture":"#texture"},"west":{"uv":[2,2,4,4],"texture":"#texture"},"east":{"uv":[1.5,1.5,3.5,3.5],"texture":"#texture"}}},{"__comment":"face_left","from":[1.75,3.04,6],"to":[2.46,3.75,7.5],"rotation":{"origin":[1.75,3.75,6],"axis":"z","angle":45},"faces":{"down":{"uv":[1,1,3,3],"texture":"#texture"},"up":{"uv":[2,2,4,4],"texture":"#texture"},"north":{"uv":[1,2.5,3,4.5],"texture":"#texture"},"south":{"uv":[1.5,1.5,3.5,3.5],"texture":"#texture"},"west":{"uv":[2,2,4,4],"texture":"#texture"},"east":{"uv":[1.5,1.5,3.5,3.5],"texture":"#texture"}}},{"__comment":"face_left","from":[1.75,3.75,6],"to":[2.46,5.25,6.71],"rotation":{"origin":[1.75,3.75,6],"axis":"y","angle":45},"faces":{"down":{"uv":[1,1,3,3],"texture":"#texture"},"up":{"uv":[2,2,4,4],"texture":"#texture"},"north":{"uv":[1,2.5,3,4.5],"texture":"#texture"},"south":{"uv":[1.5,1.5,3.5,3.5],"texture":"#texture"},"west":{"uv":[2,2,4,4],"texture":"#texture"},"east":{"uv":[1.5,1.5,3.5,3.5],"texture":"#texture"}}},{"__comment":"face_left","from":[3.75,3.75,5.5],"to":[4.46,5.25,6.21],"rotation":{"origin":[3.75,3.75,5.5],"axis":"y","angle":-45},"faces":{"down":{"uv":[1,1,3,3],"texture":"#texture"},"up":{"uv":[2,2,4,4],"texture":"#texture"},"north":{"uv":[1,2.5,3,4.5],"texture":"#texture"},"south":{"uv":[1.5,1.5,3.5,3.5],"texture":"#texture"},"west":{"uv":[2,2,4,4],"texture":"#texture"},"east":{"uv":[1.5,1.5,3.5,3.5],"texture":"#texture"}}},{"__comment":"face_left","from":[1.75,3.75,7.5],"to":[2.46,5.25,8.21],"rotation":{"origin":[1.75,3.75,7.5],"axis":"y","angle":45},"faces":{"down":{"uv":[1,1,3,3],"texture":"#texture"},"up":{"uv":[2,2,4,4],"texture":"#texture"},"north":{"uv":[1,2.5,3,4.5],"texture":"#texture"},"south":{"uv":[1.5,1.5,3.5,3.5],"texture":"#texture"},"west":{"uv":[2,2,4,4],"texture":"#texture"},"east":{"uv":[1.5,1.5,3.5,3.5],"texture":"#texture"}}},{"__comment":"face_left","from":[3.75,3.75,7],"to":[4.46,5.25,7.71],"rotation":{"origin":[3.75,3.75,7],"axis":"y","angle":-45},"faces":{"down":{"uv":[1,1,3,3],"texture":"#texture"},"up":{"uv":[2,2,4,4],"texture":"#texture"},"north":{"uv":[1,2.5,3,4.5],"texture":"#texture"},"south":{"uv":[1.5,1.5,3.5,3.5],"texture":"#texture"},"west":{"uv":[2,2,4,4],"texture":"#texture"},"east":{"uv":[1.5,1.5,3.5,3.5],"texture":"#texture"}}},{"__comment":"face_right","from":[2.25,3.25,8.5],"to":[3.75,5.75,10],"faces":{"down":{"uv":[1,1,3,3],"texture":"#texture"},"up":{"uv":[2,2,4,4],"texture":"#texture"},"north":{"uv":[1,2.5,3,4.5],"texture":"#texture"},"south":{"uv":[1.5,1.5,3.5,3.5],"texture":"#texture"},"west":{"uv":[2,2,4,4],"texture":"#texture"},"east":{"uv":[1.5,1.5,3.5,3.5],"texture":"#texture"}}},{"__comment":"face_right","from":[1.75,3.75,8.5],"to":[4.25,5.25,10],"faces":{"down":{"uv":[1,1,3,3],"texture":"#texture"},"up":{"uv":[2,2,4,4],"texture":"#texture"},"north":{"uv":[1,2.5,3,4.5],"texture":"#texture"},"south":{"uv":[1.5,1.5,3.5,3.5],"texture":"#texture"},"west":{"uv":[2,2,4,4],"texture":"#texture"},"east":{"uv":[1.5,1.5,3.5,3.5],"texture":"#texture"}}},{"__comment":"face_right","from":[2.25,3.75,8],"to":[3.75,5.25,10.5],"faces":{"down":{"uv":[1,1,3,3],"texture":"#texture"},"up":{"uv":[2,2,4,4],"texture":"#texture"},"north":{"uv":[1,2.5,3,4.5],"texture":"#texture"},"south":{"uv":[1.5,1.5,3.5,3.5],"texture":"#texture"},"west":{"uv":[2,2,4,4],"texture":"#texture"},"east":{"uv":[1.5,1.5,3.5,3.5],"texture":"#texture"}}},{"__comment":"face_right","from":[2.25,4.54,8],"to":[3.75,5.25,8.71],"rotation":{"origin":[2.25,5.25,8],"axis":"x","angle":-45},"faces":{"down":{"uv":[1,1,3,3],"texture":"#texture"},"up":{"uv":[2,2,4,4],"texture":"#texture"},"north":{"uv":[1,2.5,3,4.5],"texture":"#texture"},"south":{"uv":[1.5,1.5,3.5,3.5],"texture":"#texture"},"west":{"uv":[2,2,4,4],"texture":"#texture"},"east":{"uv":[1.5,1.5,3.5,3.5],"texture":"#texture"}}},{"__comment":"face_right","from":[2.25,5.04,10],"to":[3.75,5.75,10.71],"rotation":{"origin":[2.25,5.75,10],"axis":"x","angle":45},"faces":{"down":{"uv":[1,1,3,3],"texture":"#texture"},"up":{"uv":[2,2,4,4],"texture":"#texture"},"north":{"uv":[1,2.5,3,4.5],"texture":"#texture"},"south":{"uv":[1.5,1.5,3.5,3.5],"texture":"#texture"},"west":{"uv":[2,2,4,4],"texture":"#texture"},"east":{"uv":[1.5,1.5,3.5,3.5],"texture":"#texture"}}},{"__comment":"face_right","from":[2.25,3.04,8],"to":[3.75,3.75,8.71],"rotation":{"origin":[2.25,3.75,8],"axis":"x","angle":-45},"faces":{"down":{"uv":[1,1,3,3],"texture":"#texture"},"up":{"uv":[2,2,4,4],"texture":"#texture"},"north":{"uv":[1,2.5,3,4.5],"texture":"#texture"},"south":{"uv":[1.5,1.5,3.5,3.5],"texture":"#texture"},"west":{"uv":[2,2,4,4],"texture":"#texture"},"east":{"uv":[1.5,1.5,3.5,3.5],"texture":"#texture"}}},{"__comment":"face_right","from":[2.25,3.54,10],"to":[3.75,4.25,10.71],"rotation":{"origin":[2.25,4.25,10],"axis":"x","angle":45},"faces":{"down":{"uv":[1,1,3,3],"texture":"#texture"},"up":{"uv":[2,2,4,4],"texture":"#texture"},"north":{"uv":[1,2.5,3,4.5],"texture":"#texture"},"south":{"uv":[1.5,1.5,3.5,3.5],"texture":"#texture"},"west":{"uv":[2,2,4,4],"texture":"#texture"},"east":{"uv":[1.5,1.5,3.5,3.5],"texture":"#texture"}}},{"__comment":"face_right","from":[1.75,4.54,8.5],"to":[2.46,5.25,10],"rotation":{"origin":[1.75,5.25,8.5],"axis":"z","angle":45},"faces":{"down":{"uv":[1,1,3,3],"texture":"#texture"},"up":{"uv":[2,2,4,4],"texture":"#texture"},"north":{"uv":[1,2.5,3,4.5],"texture":"#texture"},"south":{"uv":[1.5,1.5,3.5,3.5],"texture":"#texture"},"west":{"uv":[2,2,4,4],"texture":"#texture"},"east":{"uv":[1.5,1.5,3.5,3.5],"texture":"#texture"}}},{"__comment":"face_right","from":[3.75,5.04,8.5],"to":[4.46,5.75,10],"rotation":{"origin":[3.75,5.75,8.5],"axis":"z","angle":-45},"faces":{"down":{"uv":[1,1,3,3],"texture":"#texture"},"up":{"uv":[2,2,4,4],"texture":"#texture"},"north":{"uv":[1,2.5,3,4.5],"texture":"#texture"},"south":{"uv":[1.5,1.5,3.5,3.5],"texture":"#texture"},"west":{"uv":[2,2,4,4],"texture":"#texture"},"east":{"uv":[1.5,1.5,3.5,3.5],"texture":"#texture"}}},{"__comment":"face_right","from":[3.25,3.04,8.5],"to":[3.96,3.75,10],"rotation":{"origin":[3.25,3.75,8.5],"axis":"z","angle":45},"faces":{"down":{"uv":[1,1,3,3],"texture":"#texture"},"up":{"uv":[2,2,4,4],"texture":"#texture"},"north":{"uv":[1,2.5,3,4.5],"texture":"#texture"},"south":{"uv":[1.5,1.5,3.5,3.5],"texture":"#texture"},"west":{"uv":[2,2,4,4],"texture":"#texture"},"east":{"uv":[1.5,1.5,3.5,3.5],"texture":"#texture"}}},{"__comment":"face_right","from":[1.75,3.04,8.5],"to":[2.46,3.75,10],"rotation":{"origin":[1.75,3.75,8.5],"axis":"z","angle":45},"faces":{"down":{"uv":[1,1,3,3],"texture":"#texture"},"up":{"uv":[2,2,4,4],"texture":"#texture"},"north":{"uv":[1,2.5,3,4.5],"texture":"#texture"},"south":{"uv":[1.5,1.5,3.5,3.5],"texture":"#texture"},"west":{"uv":[2,2,4,4],"texture":"#texture"},"east":{"uv":[1.5,1.5,3.5,3.5],"texture":"#texture"}}},{"__comment":"face_right","from":[1.75,3.75,8.5],"to":[2.46,5.25,9.21],"rotation":{"origin":[1.75,3.75,8.5],"axis":"y","angle":45},"faces":{"down":{"uv":[1,1,3,3],"texture":"#texture"},"up":{"uv":[2,2,4,4],"texture":"#texture"},"north":{"uv":[1,2.5,3,4.5],"texture":"#texture"},"south":{"uv":[1.5,1.5,3.5,3.5],"texture":"#texture"},"west":{"uv":[2,2,4,4],"texture":"#texture"},"east":{"uv":[1.5,1.5,3.5,3.5],"texture":"#texture"}}},{"__comment":"face_right","from":[3.75,3.75,8],"to":[4.46,5.25,8.71],"rotation":{"origin":[3.75,3.75,8],"axis":"y","angle":-45},"faces":{"down":{"uv":[1,1,3,3],"texture":"#texture"},"up":{"uv":[2,2,4,4],"texture":"#texture"},"north":{"uv":[1,2.5,3,4.5],"texture":"#texture"},"south":{"uv":[1.5,1.5,3.5,3.5],"texture":"#texture"},"west":{"uv":[2,2,4,4],"texture":"#texture"},"east":{"uv":[1.5,1.5,3.5,3.5],"texture":"#texture"}}},{"__comment":"face_right","from":[1.75,3.75,10],"to":[2.46,5.25,10.71],"rotation":{"origin":[1.75,3.75,10],"axis":"y","angle":45},"faces":{"down":{"uv":[1,1,3,3],"texture":"#texture"},"up":{"uv":[2,2,4,4],"texture":"#texture"},"north":{"uv":[1,2.5,3,4.5],"texture":"#texture"},"south":{"uv":[1.5,1.5,3.5,3.5],"texture":"#texture"},"west":{"uv":[2,2,4,4],"texture":"#texture"},"east":{"uv":[1.5,1.5,3.5,3.5],"texture":"#texture"}}},{"__comment":"face_right","from":[3.75,3.75,9.5],"to":[4.46,5.25,10.21],"rotation":{"origin":[3.75,3.75,9.5],"axis":"y","angle":-45},"faces":{"down":{"uv":[1,1,3,3],"texture":"#texture"},"up":{"uv":[2,2,4,4],"texture":"#texture"},"north":{"uv":[1,2.5,3,4.5],"texture":"#texture"},"south":{"uv":[1.5,1.5,3.5,3.5],"texture":"#texture"},"west":{"uv":[2,2,4,4],"texture":"#texture"},"east":{"uv":[1.5,1.5,3.5,3.5],"texture":"#texture"}}},{"__comment":"face_right*","from":[2.75,3.25,7],"to":[4.25,3.75,9],"faces":{"down":{"uv":[1,1,3,3],"texture":"#texture"},"up":{"uv":[2,2,4,4],"texture":"#texture"},"north":{"uv":[1,2.5,3,4.5],"texture":"#texture"},"south":{"uv":[1.5,1.5,3.5,3.5],"texture":"#texture"},"west":{"uv":[2,2,4,4],"texture":"#texture"},"east":{"uv":[1.5,1.5,3.5,3.5],"texture":"#texture"}}},{"__comment":"face_right*","from":[2.25,3,7.25],"to":[3.75,3.75,8.75],"faces":{"down":{"uv":[1,1,3,3],"texture":"#texture"},"up":{"uv":[2,2,4,4],"texture":"#texture"},"north":{"uv":[1,2.5,3,4.5],"texture":"#texture"},"south":{"uv":[1.5,1.5,3.5,3.5],"texture":"#texture"},"west":{"uv":[2,2,4,4],"texture":"#texture"},"east":{"uv":[1.5,1.5,3.5,3.5],"texture":"#texture"}}},{"__comment":"face_left*","from":[2.5,4.5,6],"to":[4.25,5.75,10],"faces":{"down":{"uv":[1,1,3,3],"texture":"#texture"},"up":{"uv":[2,2,4,4],"texture":"#texture"},"north":{"uv":[1,2.5,3,4.5],"texture":"#texture"},"south":{"uv":[1.5,1.5,3.5,3.5],"texture":"#texture"},"west":{"uv":[2,2,4,4],"texture":"#texture"},"east":{"uv":[1.5,1.5,3.5,3.5],"texture":"#texture"}}},{"__comment":"nose","from":[1.985,4.75,7.75],"to":[2.485,5.5,8.25],"rotation":{"origin":[1.985,5.5,7.75],"axis":"z","angle":45},"faces":{"down":{"uv":[0.25,12,6.25,15.75],"texture":"#particle"},"up":{"uv":[0.25,12,6.25,15.75],"rotation":180,"texture":"#particle"},"north":{"uv":[11,9,13,11],"texture":"#particle"},"south":{"uv":[12.5,9.5,14.5,11.5],"texture":"#particle"},"west":{"uv":[2.25,9.5,5.5,11.5],"texture":"#particle"},"east":{"uv":[1.75,8.75,4.5,10.75],"texture":"#particle"}}},{"__comment":"face_right*","from":[2.25,2.9,7],"to":[3.75,3.25,7.35],"rotation":{"origin":[2.25,3.25,7],"axis":"x","angle":-45},"faces":{"down":{"uv":[1,1,3,3],"texture":"#texture"},"up":{"uv":[2,2,4,4],"texture":"#texture"},"north":{"uv":[1,2.5,3,4.5],"texture":"#texture"},"south":{"uv":[1.5,1.5,3.5,3.5],"texture":"#texture"},"west":{"uv":[2,2,4,4],"texture":"#texture"},"east":{"uv":[1.5,1.5,3.5,3.5],"texture":"#texture"}}},{"__comment":"face_right*","from":[2.25,3.15,8.75],"to":[3.75,3.5,9.1],"rotation":{"origin":[2.25,3.5,8.75],"axis":"x","angle":45},"faces":{"down":{"uv":[1,1,3,3],"texture":"#texture"},"up":{"uv":[2,2,4,4],"texture":"#texture"},"north":{"uv":[1,2.5,3,4.5],"texture":"#texture"},"south":{"uv":[1.5,1.5,3.5,3.5],"texture":"#texture"},"west":{"uv":[2,2,4,4],"texture":"#texture"},"east":{"uv":[1.5,1.5,3.5,3.5],"texture":"#texture"}}},{"__comment":"head*","from":[3.5,2.5,6.75],"to":[5.75,7,9.25],"faces":{"down":{"uv":[1,1,3,3],"texture":"#texture"},"up":{"uv":[2,2,4,4],"texture":"#texture"},"north":{"uv":[1,2.5,3,4.5],"texture":"#texture"},"south":{"uv":[1.5,1.5,3.5,3.5],"texture":"#texture"},"west":{"uv":[2,2,4,4],"texture":"#texture"},"east":{"uv":[1.5,1.5,3.5,3.5],"texture":"#texture"}}},{"__comment":"head*","from":[3.5,3.5,5.75],"to":[5.75,6,10.25],"faces":{"down":{"uv":[1,1,3,3],"texture":"#texture"},"up":{"uv":[2,2,4,4],"texture":"#texture"},"north":{"uv":[1,2.5,3,4.5],"texture":"#texture"},"south":{"uv":[1.5,1.5,3.5,3.5],"texture":"#texture"},"west":{"uv":[2,2,4,4],"texture":"#texture"},"east":{"uv":[1.5,1.5,3.5,3.5],"texture":"#texture"}}},{"__comment":"head*","from":[2.5,3.5,6.75],"to":[6.75,6,9.25],"faces":{"down":{"uv":[1,1,3,3],"texture":"#texture"},"up":{"uv":[2,2,4,4],"texture":"#texture"},"north":{"uv":[1,2.5,3,4.5],"texture":"#texture"},"south":{"uv":[1.5,1.5,3.5,3.5],"texture":"#texture"},"west":{"uv":[2,2,4,4],"texture":"#texture"},"east":{"uv":[1.5,1.5,3.5,3.5],"texture":"#texture"}}},{"__comment":"head*","from":[2.005,3.04,6.25],"to":[4.465,5.5,9.75],"rotation":{"origin":[2.005,5.5,6.25],"axis":"z","angle":45},"faces":{"down":{"uv":[1,1,3,3],"texture":"#texture"},"up":{"uv":[2,2,4,4],"texture":"#texture"},"north":{"uv":[1,2.5,3,4.5],"texture":"#texture"},"south":{"uv":[1.5,1.5,3.5,3.5],"texture":"#texture"},"west":{"uv":[2,2,4,4],"texture":"#texture"},"east":{"uv":[1.5,1.5,3.5,3.5],"texture":"#texture"}}},{"__comment":"head*","from":[3.5,3.09,6.75],"to":[4.91,4.5,9.25],"rotation":{"origin":[3.5,4.5,6.75],"axis":"z","angle":-45},"faces":{"down":{"uv":[1,1,3,3],"texture":"#texture"},"up":{"uv":[2,2,4,4],"texture":"#texture"},"north":{"uv":[1,2.5,3,4.5],"texture":"#texture"},"south":{"uv":[1.5,1.5,3.5,3.5],"texture":"#texture"},"west":{"uv":[2,2,4,4],"texture":"#texture"},"east":{"uv":[1.5,1.5,3.5,3.5],"texture":"#texture"}}},{"__comment":"head*","from":[5.75,5.59,6.75],"to":[7.16,7,9.25],"rotation":{"origin":[5.75,7,6.75],"axis":"z","angle":-45},"faces":{"down":{"uv":[1,1,3,3],"texture":"#texture"},"up":{"uv":[2,2,4,4],"texture":"#texture"},"north":{"uv":[1,2.5,3,4.5],"texture":"#texture"},"south":{"uv":[1.5,1.5,3.5,3.5],"texture":"#texture"},"west":{"uv":[2,2,4,4],"texture":"#texture"},"east":{"uv":[1.5,1.5,3.5,3.5],"texture":"#texture"}}},{"__comment":"head*","from":[4.75,2.09,6.75],"to":[6.16,3.5,9.25],"rotation":{"origin":[4.75,3.5,6.75],"axis":"z","angle":45},"faces":{"down":{"uv":[1,1,3,3],"texture":"#texture"},"up":{"uv":[2,2,4,4],"texture":"#texture"},"north":{"uv":[1,2.5,3,4.5],"texture":"#texture"},"south":{"uv":[1.5,1.5,3.5,3.5],"texture":"#texture"},"west":{"uv":[2,2,4,4],"texture":"#texture"},"east":{"uv":[1.5,1.5,3.5,3.5],"texture":"#texture"}}},{"__comment":"head*","from":[3.5,4.59,5.75],"to":[5.75,6,7.16],"rotation":{"origin":[3.5,6,5.75],"axis":"x","angle":-45},"faces":{"down":{"uv":[1,1,3,3],"texture":"#texture"},"up":{"uv":[2,2,4,4],"texture":"#texture"},"north":{"uv":[1,2.5,3,4.5],"texture":"#texture"},"south":{"uv":[1.5,1.5,3.5,3.5],"texture":"#texture"},"west":{"uv":[2,2,4,4],"texture":"#texture"},"east":{"uv":[1.5,1.5,3.5,3.5],"texture":"#texture"}}},{"__comment":"head*","from":[3.5,5.59,9.25],"to":[5.75,7,10.66],"rotation":{"origin":[3.5,7,9.25],"axis":"x","angle":45},"faces":{"down":{"uv":[1,1,3,3],"texture":"#texture"},"up":{"uv":[2,2,4,4],"texture":"#texture"},"north":{"uv":[1,2.5,3,4.5],"texture":"#texture"},"south":{"uv":[1.5,1.5,3.5,3.5],"texture":"#texture"},"west":{"uv":[2,2,4,4],"texture":"#texture"},"east":{"uv":[1.5,1.5,3.5,3.5],"texture":"#texture"}}},{"__comment":"head*","from":[3.5,3.09,6.75],"to":[5.75,4.5,8.16],"rotation":{"origin":[3.5,4.5,6.75],"axis":"x","angle":45},"faces":{"down":{"uv":[1,1,3,3],"texture":"#texture"},"up":{"uv":[2,2,4,4],"texture":"#texture"},"north":{"uv":[1,2.5,3,4.5],"texture":"#texture"},"south":{"uv":[1.5,1.5,3.5,3.5],"texture":"#texture"},"west":{"uv":[2,2,4,4],"texture":"#texture"},"east":{"uv":[1.5,1.5,3.5,3.5],"texture":"#texture"}}},{"__comment":"head*","from":[3.5,2.09298,8.25],"to":[5.75,3.50298,9.66],"rotation":{"origin":[3.5,3.50298,8.25],"axis":"x","angle":-45},"faces":{"down":{"uv":[1,1,3,3],"texture":"#texture"},"up":{"uv":[2,2,4,4],"texture":"#texture"},"north":{"uv":[1,2.5,3,4.5],"texture":"#texture"},"south":{"uv":[1.5,1.5,3.5,3.5],"texture":"#texture"},"west":{"uv":[2,2,4,4],"texture":"#texture"},"east":{"uv":[1.5,1.5,3.5,3.5],"texture":"#texture"}}},{"__comment":"head*","from":[2.5,3.5,6.75],"to":[3.91,6,8.16],"rotation":{"origin":[2.5,3.5,6.75],"axis":"y","angle":45},"faces":{"down":{"uv":[1,1,3,3],"texture":"#texture"},"up":{"uv":[2,2,4,4],"texture":"#texture"},"north":{"uv":[1,2.5,3,4.5],"texture":"#texture"},"south":{"uv":[1.5,1.5,3.5,3.5],"texture":"#texture"},"west":{"uv":[2,2,4,4],"texture":"#texture"},"east":{"uv":[1.5,1.5,3.5,3.5],"texture":"#texture"}}},{"__comment":"head*","from":[4.75,3.5,9.25],"to":[6.16,6,10.66],"rotation":{"origin":[4.75,3.5,9.25],"axis":"y","angle":45},"faces":{"down":{"uv":[1,1,3,3],"texture":"#texture"},"up":{"uv":[2,2,4,4],"texture":"#texture"},"north":{"uv":[1,2.5,3,4.5],"texture":"#texture"},"south":{"uv":[1.5,1.5,3.5,3.5],"texture":"#texture"},"west":{"uv":[2,2,4,4],"texture":"#texture"},"east":{"uv":[1.5,1.5,3.5,3.5],"texture":"#texture"}}},{"__comment":"head*","from":[5.75,3.5,5.75],"to":[7.16,6,7.16],"rotation":{"origin":[5.75,3.5,5.75],"axis":"y","angle":-45},"faces":{"down":{"uv":[1,1,3,3],"texture":"#texture"},"up":{"uv":[2,2,4,4],"texture":"#texture"},"north":{"uv":[1,2.5,3,4.5],"texture":"#texture"},"south":{"uv":[1.5,1.5,3.5,3.5],"texture":"#texture"},"west":{"uv":[2,2,4,4],"texture":"#texture"},"east":{"uv":[1.5,1.5,3.5,3.5],"texture":"#texture"}}},{"__comment":"head*","from":[2.5,3.5,9.25],"to":[3.91,6,10.66],"rotation":{"origin":[2.5,3.5,9.25],"axis":"y","angle":45},"faces":{"down":{"uv":[1,1,3,3],"texture":"#texture"},"up":{"uv":[2,2,4,4],"texture":"#texture"},"north":{"uv":[1,2.5,3,4.5],"texture":"#texture"},"south":{"uv":[1.5,1.5,3.5,3.5],"texture":"#texture"},"west":{"uv":[2,2,4,4],"texture":"#texture"},"east":{"uv":[1.5,1.5,3.5,3.5],"texture":"#texture"}}},{"__comment":"ears","from":[3.875,5,5.75],"to":[5.375,7,6.5],"faces":{"down":{"uv":[1,1,3,3],"texture":"#texture"},"up":{"uv":[2,2,4,4],"texture":"#texture"},"north":{"uv":[1,2.5,3,4.5],"texture":"#texture"},"south":{"uv":[1.5,1.5,3.5,3.5],"texture":"#texture"},"west":{"uv":[2,2,4,4],"texture":"#texture"},"east":{"uv":[1.5,1.5,3.5,3.5],"texture":"#texture"}}},{"__comment":"ears","from":[3.75,5.375,5.625],"to":[5.5,7.875,6.375],"rotation":{"origin":[3.75,7.875,5.625],"axis":"x","angle":-22.5},"faces":{"down":{"uv":[8.25,2.75,10.25,4.75],"texture":"#texture"},"up":{"uv":[8.25,1,10.25,3],"texture":"#texture"},"north":{"uv":[8.5,1.25,10.5,3.25],"texture":"#texture"},"south":{"uv":[7.5,1.75,9.5,3.75],"texture":"#texture"},"west":{"uv":[8.25,1.75,10.25,3.75],"texture":"#texture"},"east":{"uv":[8,2.25,10,4.25],"texture":"#texture"}}},{"__comment":"ears","from":[3.75,5.75,9.7175],"to":[5.5,8.25,10.4675],"rotation":{"origin":[3.75,8.25,9.7175],"axis":"x","angle":22.5},"faces":{"down":{"uv":[8.25,2.75,10.25,4.75],"texture":"#texture"},"up":{"uv":[8.25,1,10.25,3],"texture":"#texture"},"north":{"uv":[8.5,1.25,10.5,3.25],"texture":"#texture"},"south":{"uv":[7.5,1.75,9.5,3.75],"texture":"#texture"},"west":{"uv":[8.25,1.75,10.25,3.75],"texture":"#texture"},"east":{"uv":[8,2.25,10,4.25],"texture":"#texture"}}},{"__comment":"head*","from":[3.75,6.5,6.5],"to":[5.75,7.25,9.5],"faces":{"down":{"uv":[8.25,2.75,10.25,4.75],"texture":"#texture"},"up":{"uv":[8.25,1,10.25,3],"texture":"#texture"},"north":{"uv":[8.5,1.25,10.5,3.25],"texture":"#texture"},"south":{"uv":[7.5,1.75,9.5,3.75],"texture":"#texture"},"west":{"uv":[8.25,1.75,10.25,3.75],"texture":"#texture"},"east":{"uv":[8,2.25,10,4.25],"texture":"#texture"}}},{"from":[2,3.75,10],"to":[2.0625,5,12.25],"rotation":{"origin":[2,3.75,10],"axis":"y","angle":-22.5},"faces":{"down":{"uv":[12,4.75,14.25,8.5],"texture":"#face_belly"},"up":{"uv":[13.5,5.75,15,8.5],"texture":"#face_belly"},"north":{"uv":[12.25,4.75,14,6.75],"texture":"#face_belly"},"south":{"uv":[12.25,7.25,13.75,9.5],"texture":"#face_belly"},"west":{"uv":[0.25,0.25,14.25,5.5],"texture":"#face_belly"},"east":{"uv":[14.25,0.25,0.25,5.5],"texture":"#face_belly"}}},{"from":[1.125,3.75,3.9375],"to":[1.1875,5,6.1875],"rotation":{"origin":[1.125,3.75,3.9375],"axis":"y","angle":22.5},"faces":{"down":{"uv":[12,4.75,14.25,8.5],"texture":"#face_belly"},"up":{"uv":[13.5,5.75,15,8.5],"texture":"#face_belly"},"north":{"uv":[12.25,4.75,14,6.75],"texture":"#face_belly"},"south":{"uv":[12.25,7.25,13.75,9.5],"texture":"#face_belly"},"west":{"uv":[14.25,0.25,0.25,5.5],"texture":"#face_belly"},"east":{"uv":[0.25,0.25,14.25,5.5],"texture":"#face_belly"}}},{"from":[2.3125,4.8225,6.25],"to":[4.375,5.8225,9.75],"rotation":{"origin":[2.3125,5.8225,6.25],"axis":"z","angle":45},"faces":{"down":{"uv":[13,9.75,15.75,14.25],"rotation":90,"texture":"#tail_end"},"up":{"uv":[13,9.75,15.75,14.25],"rotation":90,"texture":"#tail_end"},"north":{"uv":[9.75,6.25,10.875,7.25],"texture":"#tail_end"},"south":{"uv":[10.5,6.25,11.625,7.25],"texture":"#tail_end"},"west":{"uv":[10.5,5.5,13,6.5],"texture":"#tail_end"},"east":{"uv":[9.25,6.25,11.75,7.25],"texture":"#tail_end"}}},{"__comment":"ears","from":[3.875,5,9.5],"to":[5.375,7,10.25],"faces":{"down":{"uv":[1,1,3,3],"texture":"#texture"},"up":{"uv":[2,2,4,4],"texture":"#texture"},"north":{"uv":[1,2.5,3,4.5],"texture":"#texture"},"south":{"uv":[1.5,1.5,3.5,3.5],"texture":"#texture"},"west":{"uv":[2,2,4,4],"texture":"#texture"},"east":{"uv":[1.5,1.5,3.5,3.5],"texture":"#texture"}}},{"__comment":"ears","from":[3.875,5.94,9.75],"to":[4.935,7,10.25],"rotation":{"origin":[3.875,7,9.75],"axis":"z","angle":45},"faces":{"down":{"uv":[1,1,3,3],"texture":"#texture"},"up":{"uv":[2,2,4,4],"texture":"#texture"},"north":{"uv":[1,2.5,3,4.5],"texture":"#texture"},"south":{"uv":[1.5,1.5,3.5,3.5],"texture":"#texture"},"west":{"uv":[2,2,4,4],"texture":"#texture"},"east":{"uv":[1.5,1.5,3.5,3.5],"texture":"#texture"}}},{"__comment":"ears","from":[3.875,5.94,5.75],"to":[4.935,7,6.25],"rotation":{"origin":[3.875,7,5.75],"axis":"z","angle":45},"faces":{"down":{"uv":[1,1,3,3],"texture":"#texture"},"up":{"uv":[2,2,4,4],"texture":"#texture"},"north":{"uv":[1,2.5,3,4.5],"texture":"#texture"},"south":{"uv":[1.5,1.5,3.5,3.5],"texture":"#texture"},"west":{"uv":[2,2,4,4],"texture":"#texture"},"east":{"uv":[1.5,1.5,3.5,3.5],"texture":"#texture"}}},{"__comment":"ears","from":[4.125,7.75,5.5],"to":[5.125,8.375,6.125],"rotation":{"origin":[4.125,8.375,5.5],"axis":"x","angle":-22.5},"faces":{"down":{"uv":[8.25,2.75,10.25,4.75],"texture":"#texture"},"up":{"uv":[8.25,1,10.25,3],"texture":"#texture"},"north":{"uv":[8.5,1.25,10.5,3.25],"texture":"#texture"},"south":{"uv":[7.5,1.75,9.5,3.75],"texture":"#texture"},"west":{"uv":[8.25,1.75,10.25,3.75],"texture":"#texture"},"east":{"uv":[8,2.25,10,4.25],"texture":"#texture"}}},{"__comment":"ears","from":[4.125,8,9.905],"to":[5.125,8.625,10.53],"rotation":{"origin":[4.125,8.625,9.905],"axis":"x","angle":22.5},"faces":{"down":{"uv":[8.25,2.75,10.25,4.75],"texture":"#texture"},"up":{"uv":[8.25,1,10.25,3],"texture":"#texture"},"north":{"uv":[8.5,1.25,10.5,3.25],"texture":"#texture"},"south":{"uv":[7.5,1.75,9.5,3.75],"texture":"#texture"},"west":{"uv":[8.25,1.75,10.25,3.75],"texture":"#texture"},"east":{"uv":[8,2.25,10,4.25],"texture":"#texture"}}},{"__comment":"ears","from":[3.75,3.875,5.875],"to":[5.5,6.375,6.625],"rotation":{"origin":[3.75,6.375,5.875],"axis":"x","angle":-22.5},"faces":{"down":{"uv":[8.25,2.75,10.25,4.75],"texture":"#texture"},"up":{"uv":[8.25,1,10.25,3],"texture":"#texture"},"north":{"uv":[8.5,1.25,10.5,3.25],"texture":"#texture"},"south":{"uv":[7.5,1.75,9.5,3.75],"texture":"#texture"},"west":{"uv":[8.25,1.75,10.25,3.75],"texture":"#texture"},"east":{"uv":[8,2.25,10,4.25],"texture":"#texture"}}},{"__comment":"ears","from":[3.75,4.0625,9.3125],"to":[5.5,6.5625,10.0625],"rotation":{"origin":[3.75,6.5625,9.3125],"axis":"x","angle":22.5},"faces":{"down":{"uv":[8.25,2.75,10.25,4.75],"texture":"#texture"},"up":{"uv":[8.25,1,10.25,3],"texture":"#texture"},"north":{"uv":[8.5,1.25,10.5,3.25],"texture":"#texture"},"south":{"uv":[7.5,1.75,9.5,3.75],"texture":"#texture"},"west":{"uv":[8.25,1.75,10.25,3.75],"texture":"#texture"},"east":{"uv":[8,2.25,10,4.25],"texture":"#texture"}}},{"__comment":"ears","from":[3.75,6.375,5.875],"to":[5.5,7.25,6.5],"faces":{"down":{"uv":[8.25,2.75,10.25,4.75],"texture":"#texture"},"up":{"uv":[8.25,1,10.25,3],"texture":"#texture"},"north":{"uv":[8.5,1.25,10.5,3.25],"texture":"#texture"},"south":{"uv":[7.5,1.75,9.5,3.75],"texture":"#texture"},"west":{"uv":[8.25,1.75,10.25,3.75],"texture":"#texture"},"east":{"uv":[8,2.25,10,4.25],"texture":"#texture"}}},{"__comment":"ears","from":[3.75,6.25,9.375],"to":[5.5,7.125,10],"faces":{"down":{"uv":[8.25,2.75,10.25,4.75],"texture":"#texture"},"up":{"uv":[8.25,1,10.25,3],"texture":"#texture"},"north":{"uv":[8.5,1.25,10.5,3.25],"texture":"#texture"},"south":{"uv":[7.5,1.75,9.5,3.75],"texture":"#texture"},"west":{"uv":[8.25,1.75,10.25,3.75],"texture":"#texture"},"east":{"uv":[8,2.25,10,4.25],"texture":"#texture"}}},{"__comment":"ears*","from":[4.125,7.25,6.125],"to":[5.125,8,8],"rotation":{"origin":[4.125,8,6.125],"axis":"x","angle":22.5},"faces":{"down":{"uv":[8.25,2.75,10.25,4.75],"texture":"#texture"},"up":{"uv":[8.25,1,10.25,3],"texture":"#texture"},"north":{"uv":[8.5,1.25,10.5,3.25],"texture":"#texture"},"south":{"uv":[7.5,1.75,9.5,3.75],"texture":"#texture"},"west":{"uv":[8.25,1.75,10.25,3.75],"texture":"#texture"},"east":{"uv":[8,2.25,10,4.25],"texture":"#texture"}}},{"__comment":"ears*","from":[4.125,6.375,7.875],"to":[5.125,7.125,9.75],"rotation":{"origin":[4.125,7.125,7.875],"axis":"x","angle":-22.5},"faces":{"down":{"uv":[8.25,2.75,10.25,4.75],"texture":"#texture"},"up":{"uv":[8.25,1,10.25,3],"texture":"#texture"},"north":{"uv":[8.5,1.25,10.5,3.25],"texture":"#texture"},"south":{"uv":[7.5,1.75,9.5,3.75],"texture":"#texture"},"west":{"uv":[8.25,1.75,10.25,3.75],"texture":"#texture"},"east":{"uv":[8,2.25,10,4.25],"texture":"#texture"}}},{"__comment":"eye","from":[2.73,5.5,6.25],"to":[3.73,6.25,7.75],"rotation":{"origin":[2.73,6.25,6.25],"axis":"z","angle":45},"faces":{"down":{"uv":[0.25,0.25,15.5,8.5],"texture":"#particle"},"up":{"uv":[15.5,0.25,0.25,8.5],"rotation":90,"texture":"#particle"},"north":{"uv":[2.25,9.5,4.5,10.75],"texture":"#particle"},"south":{"uv":[2.5,8.75,5.25,11],"texture":"#particle"},"west":{"uv":[5,9.75,7.25,11],"texture":"#particle"},"east":{"uv":[5.25,9,7.75,10.75],"texture":"#particle"}}},{"__comment":"eye*","from":[2.73,5.5,8.25],"to":[3.73,6.25,9.75],"rotation":{"origin":[2.73,6.25,8.25],"axis":"z","angle":45},"faces":{"down":{"uv":[15.5,0.25,0.25,8.5],"texture":"#particle"},"up":{"uv":[0.25,0.25,15.5,8.5],"rotation":90,"texture":"#particle"},"north":{"uv":[2.25,9.5,4.5,10.75],"texture":"#particle"},"south":{"uv":[2.5,8.75,5.25,11],"texture":"#particle"},"west":{"uv":[5,9.75,7.25,11],"texture":"#particle"},"east":{"uv":[5.25,9,7.75,10.75],"texture":"#particle"}}},{"__comment":"head*","from":[2,3.75,7.25],"to":[3,5.5,8.75],"faces":{"down":{"uv":[1,1,3,3],"texture":"#texture"},"up":{"uv":[2,2,4,4],"texture":"#texture"},"north":{"uv":[1,2.5,3,4.5],"texture":"#texture"},"south":{"uv":[1.5,1.5,3.5,3.5],"texture":"#texture"},"west":{"uv":[2,2,4,4],"texture":"#texture"},"east":{"uv":[1.5,1.5,3.5,3.5],"texture":"#texture"}}},{"__comment":"nose*","from":[1.985,4.75,7.75],"to":[2.485,5.5,8.25],"faces":{"down":{"uv":[4.25,9,8.75,10.5],"texture":"#particle"},"up":{"uv":[5.25,9.25,7.25,11.25],"texture":"#particle"},"north":{"uv":[11,9,13,11],"texture":"#particle"},"south":{"uv":[12.5,9.5,14.5,11.5],"texture":"#particle"},"west":{"uv":[6.5,12,13,15.75],"rotation":90,"texture":"#particle"},"east":{"uv":[6.5,12,13,15.75],"rotation":90,"texture":"#particle"}}},{"__comment":"head*","from":[5.4375,3.125,6],"to":[8.9375,6.125,7],"rotation":{"origin":[5.4375,6.125,6],"axis":"z","angle":-22.5},"faces":{"down":{"uv":[1,1,3,3],"texture":"#texture"},"up":{"uv":[2,2,4,4],"texture":"#texture"},"north":{"uv":[1,2.5,3,4.5],"texture":"#texture"},"south":{"uv":[1.5,1.5,3.5,3.5],"texture":"#texture"},"west":{"uv":[2,2,4,4],"texture":"#texture"},"east":{"uv":[1.5,1.5,3.5,3.5],"texture":"#texture"}}},{"__comment":"head*","from":[7.5,2,6],"to":[14.5,5,6.5],"faces":{"down":{"uv":[1,1,3,3],"texture":"#texture"},"up":{"uv":[2,2,4,4],"texture":"#texture"},"north":{"uv":[1,2.5,3,4.5],"texture":"#texture"},"south":{"uv":[1.5,1.5,3.5,3.5],"texture":"#texture"},"west":{"uv":[2,2,4,4],"texture":"#texture"},"east":{"uv":[1.5,1.5,3.5,3.5],"texture":"#texture"}}},{"__comment":"head*","from":[5.75,6,6.5],"to":[9.5,7.25,9.5],"rotation":{"origin":[5.75,7.25,6.5],"axis":"z","angle":-22.5},"faces":{"down":{"uv":[8.25,2.75,10.25,4.75],"texture":"#texture"},"up":{"uv":[8.25,1,10.25,3],"texture":"#texture"},"north":{"uv":[8.5,1.25,10.5,3.25],"texture":"#texture"},"south":{"uv":[7.5,1.75,9.5,3.75],"texture":"#texture"},"west":{"uv":[8.25,1.75,10.25,3.75],"texture":"#texture"},"east":{"uv":[8,2.25,10,4.25],"texture":"#texture"}}},{"__comment":"head*","from":[8.25,5,6.5],"to":[15,6,9.5],"faces":{"down":{"uv":[8.25,2.75,10.25,4.75],"texture":"#texture"},"up":{"uv":[8.25,1,10.25,3],"texture":"#texture"},"north":{"uv":[8.5,1.25,10.5,3.25],"texture":"#texture"},"south":{"uv":[7.5,1.75,9.5,3.75],"texture":"#texture"},"west":{"uv":[8.25,1.75,10.25,3.75],"texture":"#texture"},"east":{"uv":[8,2.25,10,4.25],"texture":"#texture"}}},{"from":[7.5,5.75,8],"to":[12.25,7.75,8.0625],"faces":{"down":{"uv":[4.25,14.25,8.75,14.75],"texture":"#back"},"up":{"uv":[6.5,14.25,11,14.75],"texture":"#back"},"north":{"uv":[12,0.25,0.25,13],"texture":"#back"},"south":{"uv":[0.25,0.25,12,13],"texture":"#back"},"west":{"uv":[13.25,8,13.75,10.5],"texture":"#back"},"east":{"uv":[13.75,7.5,14.25,10],"texture":"#back"}}},{"__comment":"head*","from":[13.76,4.24,6.5],"to":[17.635,5.75,9.5],"rotation":{"origin":[13.76,5.75,6.5],"axis":"z","angle":45},"faces":{"down":{"uv":[8.25,2.75,10.25,4.75],"texture":"#texture"},"up":{"uv":[8.25,1,10.25,3],"texture":"#texture"},"north":{"uv":[8.5,1.25,10.5,3.25],"texture":"#texture"},"south":{"uv":[7.5,1.75,9.5,3.75],"texture":"#texture"},"west":{"uv":[8.25,1.75,10.25,3.75],"texture":"#texture"},"east":{"uv":[8,2.25,10,4.25],"texture":"#texture"}}},{"__comment":"head*","from":[13.5,2.75,6],"to":[18.8125,4,10],"rotation":{"origin":[13.5,4,6],"axis":"z","angle":45},"faces":{"down":{"uv":[1,1,3,3],"texture":"#texture"},"up":{"uv":[2,2,4,4],"texture":"#texture"},"north":{"uv":[1,2.5,3,4.5],"texture":"#texture"},"south":{"uv":[1.5,1.5,3.5,3.5],"texture":"#texture"},"west":{"uv":[2,2,4,4],"texture":"#texture"},"east":{"uv":[1.5,1.5,3.5,3.5],"texture":"#texture"}}},{"__comment":"head*","from":[13.5,5,6],"to":[14.5,6,10],"faces":{"down":{"uv":[8.25,2.75,10.25,4.75],"texture":"#texture"},"up":{"uv":[8.25,1,10.25,3],"texture":"#texture"},"north":{"uv":[1.5,1,3.5,3],"texture":"#texture"},"south":{"uv":[1.5,1.75,3.5,3.75],"texture":"#texture"},"west":{"uv":[8.25,1.75,10.25,3.75],"texture":"#texture"},"east":{"uv":[8,2.25,10,4.25],"texture":"#texture"}}},{"__comment":"head*","from":[11.65,5,6.77],"to":[13.65,6,7.77],"rotation":{"origin":[11.65,5,6.77],"axis":"y","angle":22.5},"faces":{"down":{"uv":[8.25,2.75,10.25,4.75],"texture":"#texture"},"up":{"uv":[8.25,1,10.25,3],"texture":"#texture"},"north":{"uv":[8.5,1.25,10.5,3.25],"texture":"#texture"},"south":{"uv":[7.5,1.75,9.5,3.75],"texture":"#texture"},"west":{"uv":[8.25,1.75,10.25,3.75],"texture":"#texture"},"east":{"uv":[8,2.25,10,4.25],"texture":"#texture"}}},{"__comment":"head*","from":[12.04,5,8.31],"to":[14.04,6,9.31],"rotation":{"origin":[12.04,5,8.31],"axis":"y","angle":-22.5},"faces":{"down":{"uv":[8.25,2.75,10.25,4.75],"texture":"#texture"},"up":{"uv":[8.25,1,10.25,3],"texture":"#texture"},"north":{"uv":[8.5,1.25,10.5,3.25],"texture":"#texture"},"south":{"uv":[7.5,1.75,9.5,3.75],"texture":"#texture"},"west":{"uv":[8.25,1.75,10.25,3.75],"texture":"#texture"},"east":{"uv":[8,2.25,10,4.25],"texture":"#texture"}}},{"__comment":"leg","from":[6.25,0.5,5],"to":[7.75,3.75,6.5],"faces":{"down":{"uv":[1,1,3,3],"texture":"#texture"},"up":{"uv":[2,2,4,4],"texture":"#texture"},"north":{"uv":[1,2.5,3,4.5],"texture":"#texture"},"south":{"uv":[1.5,1.5,3.5,3.5],"texture":"#texture"},"west":{"uv":[2,2,4,4],"texture":"#texture"},"east":{"uv":[1.5,1.5,3.5,3.5],"texture":"#texture"}}},{"__comment":"leg","from":[6.25,2.5,5],"to":[7.75,3.75,6.77],"rotation":{"origin":[6.25,3.75,5],"axis":"x","angle":-45},"faces":{"down":{"uv":[1,1,3,3],"texture":"#texture"},"up":{"uv":[2,2,4,4],"texture":"#texture"},"north":{"uv":[1,2.5,3,4.5],"texture":"#texture"},"south":{"uv":[1.5,1.5,3.5,3.5],"texture":"#texture"},"west":{"uv":[2,2,4,4],"texture":"#texture"},"east":{"uv":[1.5,1.5,3.5,3.5],"texture":"#texture"}}},{"__comment":"head*","from":[7.5,2,9.5],"to":[14.5,5,10],"faces":{"down":{"uv":[1,1,3,3],"texture":"#texture"},"up":{"uv":[2,2,4,4],"texture":"#texture"},"north":{"uv":[1,2.5,3,4.5],"texture":"#texture"},"south":{"uv":[1.5,1.5,3.5,3.5],"texture":"#texture"},"west":{"uv":[2,2,4,4],"texture":"#texture"},"east":{"uv":[1.5,1.5,3.5,3.5],"texture":"#texture"}}},{"__comment":"head*","from":[7.5,2,6.5],"to":[14.5,5,9.5],"faces":{"down":{"uv":[8,1.75,10,3.75],"texture":"#texture"},"up":{"uv":[2,2,4,4],"texture":"#texture"},"north":{"uv":[1,2.5,3,4.5],"texture":"#texture"},"south":{"uv":[1.5,1.5,3.5,3.5],"texture":"#texture"},"west":{"uv":[7.25,1.75,9.25,3.75],"texture":"#texture"},"east":{"uv":[1.5,1.5,3.5,3.5],"texture":"#texture"}}},{"__comment":"head*","from":[5.4375,3.125,9],"to":[8.9375,6.125,10],"rotation":{"origin":[5.4375,6.125,9],"axis":"z","angle":-22.5},"faces":{"down":{"uv":[1,1,3,3],"texture":"#texture"},"up":{"uv":[2,2,4,4],"texture":"#texture"},"north":{"uv":[1,2.5,3,4.5],"texture":"#texture"},"south":{"uv":[1.5,1.5,3.5,3.5],"texture":"#texture"},"west":{"uv":[2,2,4,4],"texture":"#texture"},"east":{"uv":[1.5,1.5,3.5,3.5],"texture":"#texture"}}},{"__comment":"head*","from":[5.4375,3.125,7],"to":[8.9375,6.125,9],"rotation":{"origin":[5.4375,6.125,7],"axis":"z","angle":-22.5},"faces":{"down":{"uv":[7.25,2.25,9.25,4.25],"texture":"#texture"},"up":{"uv":[2,2,4,4],"texture":"#texture"},"north":{"uv":[1,2.5,3,4.5],"texture":"#texture"},"south":{"uv":[1.5,1.5,3.5,3.5],"texture":"#texture"},"west":{"uv":[2,2,4,4],"texture":"#texture"},"east":{"uv":[1.5,1.5,3.5,3.5],"texture":"#texture"}}},{"from":[4.25,6,5.74],"to":[5,7.25,6.24],"faces":{"down":{"uv":[8,9.25,11.5,11],"texture":"#particle"},"up":{"uv":[10.25,9.25,13.5,10.5],"texture":"#particle"},"north":{"uv":[0.25,12,13,15.75],"rotation":90,"texture":"#particle"},"south":{"uv":[0.25,12,13,15.75],"rotation":270,"texture":"#particle"},"west":{"uv":[5.5,8.75,9,10.5],"texture":"#particle"},"east":{"uv":[6.5,9.25,9,10.5],"texture":"#particle"}}},{"from":[4.25,6,9.76],"to":[5,7.25,10.26],"faces":{"down":{"uv":[8,9.25,11.5,11],"texture":"#particle"},"up":{"uv":[10.25,9.25,13.5,10.5],"texture":"#particle"},"north":{"uv":[0.25,12,13,15.75],"rotation":270,"texture":"#particle"},"south":{"uv":[0.25,15.75,13,12],"rotation":90,"texture":"#particle"},"west":{"uv":[5.5,8.75,9,10.5],"texture":"#particle"},"east":{"uv":[6.5,9.25,9,10.5],"texture":"#particle"}}},{"__comment":"leg","from":[6,0,5],"to":[7.25,0.5,6.5],"faces":{"down":{"uv":[1,1,3,3],"texture":"#texture"},"up":{"uv":[2,2,4,4],"texture":"#texture"},"north":{"uv":[1,2.5,3,4.5],"texture":"#texture"},"south":{"uv":[1.5,1.5,3.5,3.5],"texture":"#texture"},"west":{"uv":[2,2,4,4],"texture":"#texture"},"east":{"uv":[1.5,1.5,3.5,3.5],"texture":"#texture"}}},{"__comment":"leg","from":[6.75,-0.21,5],"to":[7.46,0.5,6.5],"rotation":{"origin":[6.75,0.5,5],"axis":"z","angle":45},"faces":{"down":{"uv":[1,1,3,3],"texture":"#texture"},"up":{"uv":[2,2,4,4],"texture":"#texture"},"north":{"uv":[1,2.5,3,4.5],"texture":"#texture"},"south":{"uv":[1.5,1.5,3.5,3.5],"texture":"#texture"},"west":{"uv":[2,2,4,4],"texture":"#texture"},"east":{"uv":[1.5,1.5,3.5,3.5],"texture":"#texture"}}},{"__comment":"leg","from":[5.875,0,5.125],"to":[6.375,0.625,5.375],"faces":{"down":{"uv":[1.5,7.125,3.5,9.125],"texture":"#texture"},"up":{"uv":[1.375,8.375,3.375,10.375],"texture":"#texture"},"north":{"uv":[1.25,7.5,3.25,9.5],"texture":"#texture"},"south":{"uv":[1.375,7.125,3.375,9.125],"texture":"#texture"},"west":{"uv":[2.125,7.375,4.125,9.375],"texture":"#texture"},"east":{"uv":[1.75,7.5,3.75,9.5],"texture":"#texture"}}},{"__comment":"leg","from":[5.875,0,6.125],"to":[6.375,0.625,6.375],"faces":{"down":{"uv":[1.5,7.125,3.5,9.125],"texture":"#texture"},"up":{"uv":[1.375,8.375,3.375,10.375],"texture":"#texture"},"north":{"uv":[1.25,7.5,3.25,9.5],"texture":"#texture"},"south":{"uv":[1.375,7.125,3.375,9.125],"texture":"#texture"},"west":{"uv":[2.125,7.375,4.125,9.375],"texture":"#texture"},"east":{"uv":[1.75,7.5,3.75,9.5],"texture":"#texture"}}},{"__comment":"leg","from":[5.875,0,5.625],"to":[6.375,0.625,5.875],"faces":{"down":{"uv":[1.5,7.125,3.5,9.125],"texture":"#texture"},"up":{"uv":[1.375,8.375,3.375,10.375],"texture":"#texture"},"north":{"uv":[1.25,7.5,3.25,9.5],"texture":"#texture"},"south":{"uv":[1.375,7.125,3.375,9.125],"texture":"#texture"},"west":{"uv":[2.125,7.375,4.125,9.375],"texture":"#texture"},"east":{"uv":[1.75,7.5,3.75,9.5],"texture":"#texture"}}},{"__comment":"leg","from":[5.875,0.125,6.125],"to":[6.375,0.625,6.375],"rotation":{"origin":[5.875,0.625,6.125],"axis":"z","angle":-45},"faces":{"down":{"uv":[1.5,7.125,3.5,9.125],"texture":"#texture"},"up":{"uv":[1.375,8.375,3.375,10.375],"texture":"#texture"},"north":{"uv":[1.25,7.5,3.25,9.5],"texture":"#texture"},"south":{"uv":[1.375,7.125,3.375,9.125],"texture":"#texture"},"west":{"uv":[2.125,7.375,4.125,9.375],"texture":"#texture"},"east":{"uv":[1.75,7.5,3.75,9.5],"texture":"#texture"}}},{"__comment":"leg","from":[5.875,0.125,5.625],"to":[6.375,0.625,5.875],"rotation":{"origin":[5.875,0.625,5.625],"axis":"z","angle":-45},"faces":{"down":{"uv":[1.5,7.125,3.5,9.125],"texture":"#texture"},"up":{"uv":[1.375,8.375,3.375,10.375],"texture":"#texture"},"north":{"uv":[1.25,7.5,3.25,9.5],"texture":"#texture"},"south":{"uv":[1.375,7.125,3.375,9.125],"texture":"#texture"},"west":{"uv":[2.125,7.375,4.125,9.375],"texture":"#texture"},"east":{"uv":[1.75,7.5,3.75,9.5],"texture":"#texture"}}},{"__comment":"leg","from":[5.875,0.125,5.125],"to":[6.375,0.625,5.375],"rotation":{"origin":[5.875,0.625,5.125],"axis":"z","angle":-45},"faces":{"down":{"uv":[1.5,7.125,3.5,9.125],"texture":"#texture"},"up":{"uv":[1.375,8.375,3.375,10.375],"texture":"#texture"},"north":{"uv":[1.25,7.5,3.25,9.5],"texture":"#texture"},"south":{"uv":[1.375,7.125,3.375,9.125],"texture":"#texture"},"west":{"uv":[2.125,7.375,4.125,9.375],"texture":"#texture"},"east":{"uv":[1.75,7.5,3.75,9.5],"texture":"#texture"}}},{"__comment":"leg_2","from":[6.25,0.5,9.5],"to":[7.75,3.75,11],"faces":{"down":{"uv":[1,1,3,3],"texture":"#texture"},"up":{"uv":[2,2,4,4],"texture":"#texture"},"north":{"uv":[1,2.5,3,4.5],"texture":"#texture"},"south":{"uv":[1.5,1.5,3.5,3.5],"texture":"#texture"},"west":{"uv":[2,2,4,4],"texture":"#texture"},"east":{"uv":[1.5,1.5,3.5,3.5],"texture":"#texture"}}},{"__comment":"leg_2","from":[6,0,9.5],"to":[7.25,0.5,11],"faces":{"down":{"uv":[1,1,3,3],"texture":"#texture"},"up":{"uv":[2,2,4,4],"texture":"#texture"},"north":{"uv":[1,2.5,3,4.5],"texture":"#texture"},"south":{"uv":[1.5,1.5,3.5,3.5],"texture":"#texture"},"west":{"uv":[2,2,4,4],"texture":"#texture"},"east":{"uv":[1.5,1.5,3.5,3.5],"texture":"#texture"}}},{"__comment":"leg_2","from":[6.75,-0.21,9.5],"to":[7.46,0.5,11],"rotation":{"origin":[6.75,0.5,9.5],"axis":"z","angle":45},"faces":{"down":{"uv":[1,1,3,3],"texture":"#texture"},"up":{"uv":[2,2,4,4],"texture":"#texture"},"north":{"uv":[1,2.5,3,4.5],"texture":"#texture"},"south":{"uv":[1.5,1.5,3.5,3.5],"texture":"#texture"},"west":{"uv":[2,2,4,4],"texture":"#texture"},"east":{"uv":[1.5,1.5,3.5,3.5],"texture":"#texture"}}},{"__comment":"leg_2","from":[5.875,0,9.625],"to":[6.375,0.625,9.875],"faces":{"down":{"uv":[1.5,7.125,3.5,9.125],"texture":"#texture"},"up":{"uv":[1.375,8.375,3.375,10.375],"texture":"#texture"},"north":{"uv":[1.25,7.5,3.25,9.5],"texture":"#texture"},"south":{"uv":[1.375,7.125,3.375,9.125],"texture":"#texture"},"west":{"uv":[2.125,7.375,4.125,9.375],"texture":"#texture"},"east":{"uv":[1.75,7.5,3.75,9.5],"texture":"#texture"}}},{"__comment":"leg_2","from":[5.875,0,10.625],"to":[6.375,0.625,10.875],"faces":{"down":{"uv":[1.5,7.125,3.5,9.125],"texture":"#texture"},"up":{"uv":[1.375,8.375,3.375,10.375],"texture":"#texture"},"north":{"uv":[1.25,7.5,3.25,9.5],"texture":"#texture"},"south":{"uv":[1.375,7.125,3.375,9.125],"texture":"#texture"},"west":{"uv":[2.125,7.375,4.125,9.375],"texture":"#texture"},"east":{"uv":[1.75,7.5,3.75,9.5],"texture":"#texture"}}},{"__comment":"leg_2","from":[5.875,0,10.125],"to":[6.375,0.625,10.375],"faces":{"down":{"uv":[1.5,7.125,3.5,9.125],"texture":"#texture"},"up":{"uv":[1.375,8.375,3.375,10.375],"texture":"#texture"},"north":{"uv":[1.25,7.5,3.25,9.5],"texture":"#texture"},"south":{"uv":[1.375,7.125,3.375,9.125],"texture":"#texture"},"west":{"uv":[2.125,7.375,4.125,9.375],"texture":"#texture"},"east":{"uv":[1.75,7.5,3.75,9.5],"texture":"#texture"}}},{"__comment":"leg_2","from":[5.875,0.125,10.625],"to":[6.375,0.625,10.875],"rotation":{"origin":[5.875,0.625,10.625],"axis":"z","angle":-45},"faces":{"down":{"uv":[1.5,7.125,3.5,9.125],"texture":"#texture"},"up":{"uv":[1.375,8.375,3.375,10.375],"texture":"#texture"},"north":{"uv":[1.25,7.5,3.25,9.5],"texture":"#texture"},"south":{"uv":[1.375,7.125,3.375,9.125],"texture":"#texture"},"west":{"uv":[2.125,7.375,4.125,9.375],"texture":"#texture"},"east":{"uv":[1.75,7.5,3.75,9.5],"texture":"#texture"}}},{"__comment":"leg_2","from":[5.875,0.125,10.125],"to":[6.375,0.625,10.375],"rotation":{"origin":[5.875,0.625,10.125],"axis":"z","angle":-45},"faces":{"down":{"uv":[1.5,7.125,3.5,9.125],"texture":"#texture"},"up":{"uv":[1.375,8.375,3.375,10.375],"texture":"#texture"},"north":{"uv":[1.25,7.5,3.25,9.5],"texture":"#texture"},"south":{"uv":[1.375,7.125,3.375,9.125],"texture":"#texture"},"west":{"uv":[2.125,7.375,4.125,9.375],"texture":"#texture"},"east":{"uv":[1.75,7.5,3.75,9.5],"texture":"#texture"}}},{"__comment":"leg_2","from":[5.875,0.125,9.625],"to":[6.375,0.625,9.875],"rotation":{"origin":[5.875,0.625,9.625],"axis":"z","angle":-45},"faces":{"down":{"uv":[1.5,7.125,3.5,9.125],"texture":"#texture"},"up":{"uv":[1.375,8.375,3.375,10.375],"texture":"#texture"},"north":{"uv":[1.25,7.5,3.25,9.5],"texture":"#texture"},"south":{"uv":[1.375,7.125,3.375,9.125],"texture":"#texture"},"west":{"uv":[2.125,7.375,4.125,9.375],"texture":"#texture"},"east":{"uv":[1.75,7.5,3.75,9.5],"texture":"#texture"}}},{"__comment":"leg_2","from":[6.25,3.75,9.75],"to":[7.75,5,11.52],"rotation":{"origin":[6.25,5,9.75],"axis":"x","angle":45},"faces":{"down":{"uv":[1,1,3,3],"texture":"#texture"},"up":{"uv":[2,2,4,4],"texture":"#texture"},"north":{"uv":[1,2.5,3,4.5],"texture":"#texture"},"south":{"uv":[1.5,1.5,3.5,3.5],"texture":"#texture"},"west":{"uv":[2,2,4,4],"texture":"#texture"},"east":{"uv":[1.5,1.5,3.5,3.5],"texture":"#texture"}}},{"__comment":"head*","from":[11.75,2.75,9.75],"to":[14.5,4,11],"faces":{"down":{"uv":[1,1,3,3],"texture":"#texture"},"up":{"uv":[2,2,4,4],"texture":"#texture"},"north":{"uv":[1,2.5,3,4.5],"texture":"#texture"},"south":{"uv":[1.5,1.5,3.5,3.5],"texture":"#texture"},"west":{"uv":[2,2,4,4],"texture":"#texture"},"east":{"uv":[1.5,1.5,3.5,3.5],"texture":"#texture"}}},{"__comment":"head*","from":[11.75,2.75,5],"to":[14.5,4,6.25],"faces":{"down":{"uv":[1,1,3,3],"texture":"#texture"},"up":{"uv":[2,2,4,4],"texture":"#texture"},"north":{"uv":[1,2.5,3,4.5],"texture":"#texture"},"south":{"uv":[1.5,1.5,3.5,3.5],"texture":"#texture"},"west":{"uv":[2,2,4,4],"texture":"#texture"},"east":{"uv":[1.5,1.5,3.5,3.5],"texture":"#texture"}}},{"__comment":"head*","from":[11.75,2.59,5],"to":[14.5,4,6.41],"rotation":{"origin":[11.75,4,5],"axis":"x","angle":-45},"faces":{"down":{"uv":[1,1,3,3],"texture":"#texture"},"up":{"uv":[2,2,4,4],"texture":"#texture"},"north":{"uv":[1,2.5,3,4.5],"texture":"#texture"},"south":{"uv":[1.5,1.5,3.5,3.5],"texture":"#texture"},"west":{"uv":[2,2,4,4],"texture":"#texture"},"east":{"uv":[1.5,1.5,3.5,3.5],"texture":"#texture"}}},{"__comment":"head*","from":[11.75,3.59,10],"to":[14.5,5,11.41],"rotation":{"origin":[11.75,5,10],"axis":"x","angle":45},"faces":{"down":{"uv":[1,1,3,3],"texture":"#texture"},"up":{"uv":[2,2,4,4],"texture":"#texture"},"north":{"uv":[1,2.5,3,4.5],"texture":"#texture"},"south":{"uv":[1.5,1.5,3.5,3.5],"texture":"#texture"},"west":{"uv":[2,2,4,4],"texture":"#texture"},"east":{"uv":[1.5,1.5,3.5,3.5],"texture":"#texture"}}},{"__comment":"leg_back","from":[12.5,0,5],"to":[13.75,0.5,6.5],"faces":{"down":{"uv":[1,1,3,3],"texture":"#texture"},"up":{"uv":[2,2,4,4],"texture":"#texture"},"north":{"uv":[1,2.5,3,4.5],"texture":"#texture"},"south":{"uv":[1.5,1.5,3.5,3.5],"texture":"#texture"},"west":{"uv":[2,2,4,4],"texture":"#texture"},"east":{"uv":[1.5,1.5,3.5,3.5],"texture":"#texture"}}},{"__comment":"leg_back","from":[13.25,-0.21,5],"to":[13.96,0.5,6.5],"rotation":{"origin":[13.25,0.5,5],"axis":"z","angle":45},"faces":{"down":{"uv":[1,1,3,3],"texture":"#texture"},"up":{"uv":[2,2,4,4],"texture":"#texture"},"north":{"uv":[1,2.5,3,4.5],"texture":"#texture"},"south":{"uv":[1.5,1.5,3.5,3.5],"texture":"#texture"},"west":{"uv":[2,2,4,4],"texture":"#texture"},"east":{"uv":[1.5,1.5,3.5,3.5],"texture":"#texture"}}},{"__comment":"leg_back","from":[12.375,0,5.125],"to":[12.875,0.625,5.375],"faces":{"down":{"uv":[1.5,7.125,3.5,9.125],"texture":"#texture"},"up":{"uv":[1.375,8.375,3.375,10.375],"texture":"#texture"},"north":{"uv":[1.25,7.5,3.25,9.5],"texture":"#texture"},"south":{"uv":[1.375,7.125,3.375,9.125],"texture":"#texture"},"west":{"uv":[2.125,7.375,4.125,9.375],"texture":"#texture"},"east":{"uv":[1.75,7.5,3.75,9.5],"texture":"#texture"}}},{"__comment":"leg_back","from":[12.375,0,6.125],"to":[12.875,0.625,6.375],"faces":{"down":{"uv":[1.5,7.125,3.5,9.125],"texture":"#texture"},"up":{"uv":[1.375,8.375,3.375,10.375],"texture":"#texture"},"north":{"uv":[1.25,7.5,3.25,9.5],"texture":"#texture"},"south":{"uv":[1.375,7.125,3.375,9.125],"texture":"#texture"},"west":{"uv":[2.125,7.375,4.125,9.375],"texture":"#texture"},"east":{"uv":[1.75,7.5,3.75,9.5],"texture":"#texture"}}},{"__comment":"leg_back","from":[12.375,0,5.625],"to":[12.875,0.625,5.875],"faces":{"down":{"uv":[1.5,7.125,3.5,9.125],"texture":"#texture"},"up":{"uv":[1.375,8.375,3.375,10.375],"texture":"#texture"},"north":{"uv":[1.25,7.5,3.25,9.5],"texture":"#texture"},"south":{"uv":[1.375,7.125,3.375,9.125],"texture":"#texture"},"west":{"uv":[2.125,7.375,4.125,9.375],"texture":"#texture"},"east":{"uv":[1.75,7.5,3.75,9.5],"texture":"#texture"}}},{"__comment":"leg_back","from":[12.375,0.125,6.125],"to":[12.875,0.625,6.375],"rotation":{"origin":[12.375,0.625,6.125],"axis":"z","angle":-45},"faces":{"down":{"uv":[1.5,7.125,3.5,9.125],"texture":"#texture"},"up":{"uv":[1.375,8.375,3.375,10.375],"texture":"#texture"},"north":{"uv":[1.25,7.5,3.25,9.5],"texture":"#texture"},"south":{"uv":[1.375,7.125,3.375,9.125],"texture":"#texture"},"west":{"uv":[2.125,7.375,4.125,9.375],"texture":"#texture"},"east":{"uv":[1.75,7.5,3.75,9.5],"texture":"#texture"}}},{"__comment":"leg_back","from":[12.375,0.125,5.625],"to":[12.875,0.625,5.875],"rotation":{"origin":[12.375,0.625,5.625],"axis":"z","angle":-45},"faces":{"down":{"uv":[1.5,7.125,3.5,9.125],"texture":"#texture"},"up":{"uv":[1.375,8.375,3.375,10.375],"texture":"#texture"},"north":{"uv":[1.25,7.5,3.25,9.5],"texture":"#texture"},"south":{"uv":[1.375,7.125,3.375,9.125],"texture":"#texture"},"west":{"uv":[2.125,7.375,4.125,9.375],"texture":"#texture"},"east":{"uv":[1.75,7.5,3.75,9.5],"texture":"#texture"}}},{"__comment":"leg_back","from":[12.375,0.125,5.125],"to":[12.875,0.625,5.375],"rotation":{"origin":[12.375,0.625,5.125],"axis":"z","angle":-45},"faces":{"down":{"uv":[1.5,7.125,3.5,9.125],"texture":"#texture"},"up":{"uv":[1.375,8.375,3.375,10.375],"texture":"#texture"},"north":{"uv":[1.25,7.5,3.25,9.5],"texture":"#texture"},"south":{"uv":[1.375,7.125,3.375,9.125],"texture":"#texture"},"west":{"uv":[2.125,7.375,4.125,9.375],"texture":"#texture"},"east":{"uv":[1.75,7.5,3.75,9.5],"texture":"#texture"}}},{"__comment":"leg_back_2","from":[12.75,0.5,9.5],"to":[14.25,2,11],"faces":{"down":{"uv":[1,1,3,3],"texture":"#texture"},"up":{"uv":[2,2,4,4],"texture":"#texture"},"north":{"uv":[1,2.5,3,4.5],"texture":"#texture"},"south":{"uv":[1.5,1.5,3.5,3.5],"texture":"#texture"},"west":{"uv":[2,2,4,4],"texture":"#texture"},"east":{"uv":[1.5,1.5,3.5,3.5],"texture":"#texture"}}},{"__comment":"leg_back_2","from":[12.5,0,9.5],"to":[13.75,0.5,11],"faces":{"down":{"uv":[1,1,3,3],"texture":"#texture"},"up":{"uv":[2,2,4,4],"texture":"#texture"},"north":{"uv":[1,2.5,3,4.5],"texture":"#texture"},"south":{"uv":[1.5,1.5,3.5,3.5],"texture":"#texture"},"west":{"uv":[2,2,4,4],"texture":"#texture"},"east":{"uv":[1.5,1.5,3.5,3.5],"texture":"#texture"}}},{"__comment":"leg_back_2","from":[13.25,-0.21,9.5],"to":[13.96,0.5,11],"rotation":{"origin":[13.25,0.5,9.5],"axis":"z","angle":45},"faces":{"down":{"uv":[1,1,3,3],"texture":"#texture"},"up":{"uv":[2,2,4,4],"texture":"#texture"},"north":{"uv":[1,2.5,3,4.5],"texture":"#texture"},"south":{"uv":[1.5,1.5,3.5,3.5],"texture":"#texture"},"west":{"uv":[2,2,4,4],"texture":"#texture"},"east":{"uv":[1.5,1.5,3.5,3.5],"texture":"#texture"}}},{"__comment":"leg_back_2","from":[12.375,0,9.625],"to":[12.875,0.625,9.875],"faces":{"down":{"uv":[1.5,7.125,3.5,9.125],"texture":"#texture"},"up":{"uv":[1.375,8.375,3.375,10.375],"texture":"#texture"},"north":{"uv":[1.25,7.5,3.25,9.5],"texture":"#texture"},"south":{"uv":[1.375,7.125,3.375,9.125],"texture":"#texture"},"west":{"uv":[2.125,7.375,4.125,9.375],"texture":"#texture"},"east":{"uv":[1.75,7.5,3.75,9.5],"texture":"#texture"}}},{"__comment":"leg_back_2","from":[12.375,0,10.625],"to":[12.875,0.625,10.875],"faces":{"down":{"uv":[1.5,7.125,3.5,9.125],"texture":"#texture"},"up":{"uv":[1.375,8.375,3.375,10.375],"texture":"#texture"},"north":{"uv":[1.25,7.5,3.25,9.5],"texture":"#texture"},"south":{"uv":[1.375,7.125,3.375,9.125],"texture":"#texture"},"west":{"uv":[2.125,7.375,4.125,9.375],"texture":"#texture"},"east":{"uv":[1.75,7.5,3.75,9.5],"texture":"#texture"}}},{"__comment":"leg_back_2","from":[12.375,0,10.125],"to":[12.875,0.625,10.375],"faces":{"down":{"uv":[1.5,7.125,3.5,9.125],"texture":"#texture"},"up":{"uv":[1.375,8.375,3.375,10.375],"texture":"#texture"},"north":{"uv":[1.25,7.5,3.25,9.5],"texture":"#texture"},"south":{"uv":[1.375,7.125,3.375,9.125],"texture":"#texture"},"west":{"uv":[2.125,7.375,4.125,9.375],"texture":"#texture"},"east":{"uv":[1.75,7.5,3.75,9.5],"texture":"#texture"}}},{"__comment":"leg_back_2","from":[12.375,0.125,10.625],"to":[12.875,0.625,10.875],"rotation":{"origin":[12.375,0.625,10.625],"axis":"z","angle":-45},"faces":{"down":{"uv":[1.5,7.125,3.5,9.125],"texture":"#texture"},"up":{"uv":[1.375,8.375,3.375,10.375],"texture":"#texture"},"north":{"uv":[1.25,7.5,3.25,9.5],"texture":"#texture"},"south":{"uv":[1.375,7.125,3.375,9.125],"texture":"#texture"},"west":{"uv":[2.125,7.375,4.125,9.375],"texture":"#texture"},"east":{"uv":[1.75,7.5,3.75,9.5],"texture":"#texture"}}},{"__comment":"leg_back_2","from":[12.375,0.125,10.125],"to":[12.875,0.625,10.375],"rotation":{"origin":[12.375,0.625,10.125],"axis":"z","angle":-45},"faces":{"down":{"uv":[1.5,7.125,3.5,9.125],"texture":"#texture"},"up":{"uv":[1.375,8.375,3.375,10.375],"texture":"#texture"},"north":{"uv":[1.25,7.5,3.25,9.5],"texture":"#texture"},"south":{"uv":[1.375,7.125,3.375,9.125],"texture":"#texture"},"west":{"uv":[2.125,7.375,4.125,9.375],"texture":"#texture"},"east":{"uv":[1.75,7.5,3.75,9.5],"texture":"#texture"}}},{"__comment":"leg_back_2","from":[12.375,0.125,9.625],"to":[12.875,0.625,9.875],"rotation":{"origin":[12.375,0.625,9.625],"axis":"z","angle":-45},"faces":{"down":{"uv":[1.5,7.125,3.5,9.125],"texture":"#texture"},"up":{"uv":[1.375,8.375,3.375,10.375],"texture":"#texture"},"north":{"uv":[1.25,7.5,3.25,9.5],"texture":"#texture"},"south":{"uv":[1.375,7.125,3.375,9.125],"texture":"#texture"},"west":{"uv":[2.125,7.375,4.125,9.375],"texture":"#texture"},"east":{"uv":[1.75,7.5,3.75,9.5],"texture":"#texture"}}},{"__comment":"leg_back_2*","from":[12.1875,1.2925,9.5],"to":[13.6875,3.0625,11],"rotation":{"origin":[12.1875,3.0625,9.5],"axis":"z","angle":22.5},"faces":{"down":{"uv":[1,1,3,3],"texture":"#texture"},"up":{"uv":[2,2,4,4],"texture":"#texture"},"north":{"uv":[1,2.5,3,4.5],"texture":"#texture"},"south":{"uv":[1.5,1.5,3.5,3.5],"texture":"#texture"},"west":{"uv":[2,2,4,4],"texture":"#texture"},"east":{"uv":[1.5,1.5,3.5,3.5],"texture":"#texture"}}},{"__comment":"head*","from":[12.0625,2.6875,9.75],"to":[13.5625,3.4375,11],"rotation":{"origin":[12.0625,3.4375,9.75],"axis":"z","angle":-22.5},"faces":{"down":{"uv":[1,1,3,3],"texture":"#texture"},"up":{"uv":[2,2,4,4],"texture":"#texture"},"north":{"uv":[1,2.5,3,4.5],"texture":"#texture"},"south":{"uv":[1.5,1.5,3.5,3.5],"texture":"#texture"},"west":{"uv":[2,2,4,4],"texture":"#texture"},"east":{"uv":[1.5,1.5,3.5,3.5],"texture":"#texture"}}},{"__comment":"head*","from":[12.75,2.4375,9.75],"to":[13.75,3.4375,11],"rotation":{"origin":[12.75,3.4375,9.75],"axis":"z","angle":-45},"faces":{"down":{"uv":[1,1,3,3],"texture":"#texture"},"up":{"uv":[2,2,4,4],"texture":"#texture"},"north":{"uv":[1,2.5,3,4.5],"texture":"#texture"},"south":{"uv":[1.5,1.5,3.5,3.5],"texture":"#texture"},"west":{"uv":[2,2,4,4],"texture":"#texture"},"east":{"uv":[1.5,1.5,3.5,3.5],"texture":"#texture"}}},{"__comment":"head*","from":[13.26,1.8225,9.75],"to":[14.26,2.5725,11],"rotation":{"origin":[13.26,2.5725,9.75],"axis":"z","angle":45},"faces":{"down":{"uv":[1,1,3,3],"texture":"#texture"},"up":{"uv":[2,2,4,4],"texture":"#texture"},"north":{"uv":[1,2.5,3,4.5],"texture":"#texture"},"south":{"uv":[1.5,1.5,3.5,3.5],"texture":"#texture"},"west":{"uv":[2,2,4,4],"texture":"#texture"},"east":{"uv":[1.5,1.5,3.5,3.5],"texture":"#texture"}}},{"__comment":"leg_back_2*","from":[12.75,0.5,5],"to":[14.25,2,6.5],"faces":{"down":{"uv":[1,1,3,3],"texture":"#texture"},"up":{"uv":[2,2,4,4],"texture":"#texture"},"north":{"uv":[1,2.5,3,4.5],"texture":"#texture"},"south":{"uv":[1.5,1.5,3.5,3.5],"texture":"#texture"},"west":{"uv":[2,2,4,4],"texture":"#texture"},"east":{"uv":[1.5,1.5,3.5,3.5],"texture":"#texture"}}},{"__comment":"leg_back_2*","from":[12.1875,1.2925,5],"to":[13.6875,3.0625,6.5],"rotation":{"origin":[12.1875,3.0625,5],"axis":"z","angle":22.5},"faces":{"down":{"uv":[1,1,3,3],"texture":"#texture"},"up":{"uv":[2,2,4,4],"texture":"#texture"},"north":{"uv":[1,2.5,3,4.5],"texture":"#texture"},"south":{"uv":[1.5,1.5,3.5,3.5],"texture":"#texture"},"west":{"uv":[2,2,4,4],"texture":"#texture"},"east":{"uv":[1.5,1.5,3.5,3.5],"texture":"#texture"}}},{"__comment":"head*","from":[12.0625,2.6875,5],"to":[13.5625,3.4375,6.25],"rotation":{"origin":[12.0625,3.4375,5],"axis":"z","angle":-22.5},"faces":{"down":{"uv":[1,1,3,3],"texture":"#texture"},"up":{"uv":[2,2,4,4],"texture":"#texture"},"north":{"uv":[1,2.5,3,4.5],"texture":"#texture"},"south":{"uv":[1.5,1.5,3.5,3.5],"texture":"#texture"},"west":{"uv":[2,2,4,4],"texture":"#texture"},"east":{"uv":[1.5,1.5,3.5,3.5],"texture":"#texture"}}},{"__comment":"head*","from":[12.75,2.4375,5],"to":[13.75,3.4375,6.25],"rotation":{"origin":[12.75,3.4375,5],"axis":"z","angle":-45},"faces":{"down":{"uv":[1,1,3,3],"texture":"#texture"},"up":{"uv":[2,2,4,4],"texture":"#texture"},"north":{"uv":[1,2.5,3,4.5],"texture":"#texture"},"south":{"uv":[1.5,1.5,3.5,3.5],"texture":"#texture"},"west":{"uv":[2,2,4,4],"texture":"#texture"},"east":{"uv":[1.5,1.5,3.5,3.5],"texture":"#texture"}}},{"__comment":"head*","from":[13.26,1.8225,5],"to":[14.26,2.5725,6.25],"rotation":{"origin":[13.26,2.5725,5],"axis":"z","angle":45},"faces":{"down":{"uv":[1,1,3,3],"texture":"#texture"},"up":{"uv":[2,2,4,4],"texture":"#texture"},"north":{"uv":[1,2.5,3,4.5],"texture":"#texture"},"south":{"uv":[1.5,1.5,3.5,3.5],"texture":"#texture"},"west":{"uv":[2,2,4,4],"texture":"#texture"},"east":{"uv":[1.5,1.5,3.5,3.5],"texture":"#texture"}}},{"__comment":"head*","from":[16.5,7.75,7],"to":[20.75,8.5,9],"faces":{"down":{"uv":[8.25,2.75,10.25,4.75],"texture":"#texture"},"up":{"uv":[8.25,1,10.25,3],"texture":"#texture"},"north":{"uv":[8.5,1.25,10.5,3.25],"texture":"#texture"},"south":{"uv":[7.5,1.75,9.5,3.75],"texture":"#texture"},"west":{"uv":[8.25,1.75,10.25,3.75],"texture":"#texture"},"east":{"uv":[8,2.25,10,4.25],"texture":"#texture"}}},{"__comment":"head*","from":[17.25,6.5,6],"to":[23.25,7.75,10],"faces":{"down":{"uv":[1,1,3,3],"texture":"#texture"},"up":{"uv":[2,2,4,4],"texture":"#texture"},"north":{"uv":[1,2.5,3,4.5],"texture":"#texture"},"south":{"uv":[1.5,1.5,3.5,3.5],"texture":"#texture"},"west":{"uv":[2,2,4,4],"texture":"#texture"},"east":{"uv":[1.5,1.5,3.5,3.5],"texture":"#texture"}}},{"__comment":"head*","from":[16.5,7.75,6],"to":[23.25,8.5,7],"faces":{"down":{"uv":[2.25,2,4.25,4],"texture":"#texture"},"up":{"uv":[2,2,4,4],"texture":"#texture"},"north":{"uv":[0.5,2,2.5,4],"texture":"#texture"},"south":{"uv":[2,2,4,4],"texture":"#texture"},"west":{"uv":[2,2,4,4],"texture":"#texture"},"east":{"uv":[2,2.75,4,4.75],"texture":"#texture"}}},{"__comment":"head*","from":[16.5,7.75,9],"to":[23.25,8.5,10],"faces":{"down":{"uv":[2.25,2,4.25,4],"texture":"#texture"},"up":{"uv":[2,2,4,4],"texture":"#texture"},"north":{"uv":[0.5,2,2.5,4],"texture":"#texture"},"south":{"uv":[2,2,4,4],"texture":"#texture"},"west":{"uv":[2,2,4,4],"texture":"#texture"},"east":{"uv":[2,2.75,4,4.75],"texture":"#texture"}}},{"__comment":"head*","from":[13.76,4.24,6],"to":[17.635,5.75,6.5],"rotation":{"origin":[13.76,5.75,6],"axis":"z","angle":45},"faces":{"down":{"uv":[2.75,1.75,4.75,3.75],"texture":"#texture"},"up":{"uv":[3,1.25,5,3.25],"texture":"#texture"},"north":{"uv":[1.25,1.5,3.25,3.5],"texture":"#texture"},"south":{"uv":[1.5,2,3.5,4],"texture":"#texture"},"west":{"uv":[3.5,2.25,5.5,4.25],"texture":"#texture"},"east":{"uv":[0.5,3,2.5,5],"texture":"#texture"}}},{"__comment":"head*","from":[13.76,4.24,9.5],"to":[17.635,5.75,10],"rotation":{"origin":[13.76,5.75,9.5],"axis":"z","angle":45},"faces":{"down":{"uv":[2.75,1.75,4.75,3.75],"texture":"#texture"},"up":{"uv":[3,1.25,5,3.25],"texture":"#texture"},"north":{"uv":[1.25,1.5,3.25,3.5],"texture":"#texture"},"south":{"uv":[1.5,2,3.5,4],"texture":"#texture"},"west":{"uv":[3.5,2.25,5.5,4.25],"texture":"#texture"},"east":{"uv":[0.5,3,2.5,5],"texture":"#texture"}}},{"__comment":"head*","from":[20.75,7.75,7],"to":[23.25,8.5,9],"faces":{"down":{"uv":[2.25,2,4.25,4],"texture":"#texture"},"up":{"uv":[2,2,4,4],"texture":"#texture"},"north":{"uv":[0.5,2,2.5,4],"texture":"#texture"},"south":{"uv":[2,2,4,4],"texture":"#texture"},"west":{"uv":[2,2,4,4],"texture":"#texture"},"east":{"uv":[2,2.75,4,4.75],"texture":"#texture"}}},{"__comment":"head*","from":[23.25,7,6.5],"to":[23.75,8,9.5],"faces":{"down":{"uv":[2.25,2,4.25,4],"texture":"#texture"},"up":{"uv":[2,2,4,4],"texture":"#texture"},"north":{"uv":[0.5,2,2.5,4],"texture":"#texture"},"south":{"uv":[2,2,4,4],"texture":"#texture"},"west":{"uv":[2,2,4,4],"texture":"#texture"},"east":{"uv":[2,2.75,4,4.75],"texture":"#texture"}}},{"__comment":"head*","from":[23.25,7.79,6.5],"to":[23.96,8.5,9.5],"rotation":{"origin":[23.25,8.5,6.5],"axis":"z","angle":-45},"faces":{"down":{"uv":[2.25,2,4.25,4],"texture":"#texture"},"up":{"uv":[2,2,4,4],"texture":"#texture"},"north":{"uv":[0.5,2,2.5,4],"texture":"#texture"},"south":{"uv":[2,2,4,4],"texture":"#texture"},"west":{"uv":[2,2,4,4],"texture":"#texture"},"east":{"uv":[2,2.75,4,4.75],"texture":"#texture"}}},{"__comment":"head*","from":[23.25,6.79,6.5],"to":[23.96,7.5,9.5],"rotation":{"origin":[23.25,7.5,6.5],"axis":"z","angle":-45},"faces":{"down":{"uv":[2.25,2,4.25,4],"texture":"#texture"},"up":{"uv":[2,2,4,4],"texture":"#texture"},"north":{"uv":[0.5,2,2.5,4],"texture":"#texture"},"south":{"uv":[2,2,4,4],"texture":"#texture"},"west":{"uv":[2,2,4,4],"texture":"#texture"},"east":{"uv":[2,2.75,4,4.75],"texture":"#texture"}}},{"__comment":"head*","from":[23.25,7,6],"to":[23.96,8,6.71],"rotation":{"origin":[23.25,7,6],"axis":"y","angle":-45},"faces":{"down":{"uv":[2.25,2,4.25,4],"texture":"#texture"},"up":{"uv":[2,2,4,4],"texture":"#texture"},"north":{"uv":[0.5,2,2.5,4],"texture":"#texture"},"south":{"uv":[2,2,4,4],"texture":"#texture"},"west":{"uv":[2,2,4,4],"texture":"#texture"},"east":{"uv":[2,2.75,4,4.75],"texture":"#texture"}}},{"__comment":"head*","from":[23.25,7,9],"to":[23.96,8,9.71],"rotation":{"origin":[23.25,7,9],"axis":"y","angle":-45},"faces":{"down":{"uv":[2.25,2,4.25,4],"texture":"#texture"},"up":{"uv":[2,2,4,4],"texture":"#texture"},"north":{"uv":[0.5,2,2.5,4],"texture":"#texture"},"south":{"uv":[2,2,4,4],"texture":"#texture"},"west":{"uv":[2,2,4,4],"texture":"#texture"},"east":{"uv":[2,2.75,4,4.75],"texture":"#texture"}}},{"from":[13.25,4.1875,9.75],"to":[18.75,4.25,12.5],"rotation":{"origin":[13.25,4.25,9.75],"axis":"z","angle":45},"faces":{"down":{"uv":[0.25,0.25,13,13.5],"rotation":270,"texture":"#tail_1"},"up":{"uv":[0.25,13.5,13,0.25],"rotation":90,"texture":"#tail_1"},"north":{"uv":[6.75,14.5,11,15],"texture":"#tail_1"},"south":{"uv":[5.75,14.5,10,15],"texture":"#tail_1"},"west":{"uv":[8,14.25,10.5,14.75],"texture":"#tail_1"},"east":{"uv":[7.25,14,9.75,14.5],"texture":"#tail_1"}}},{"from":[13.25,4.1875,3.5],"to":[18.75,4.25,6.25],"rotation":{"origin":[13.25,4.25,3.5],"axis":"z","angle":45},"faces":{"down":{"uv":[0.25,13.5,13,0.25],"rotation":90,"texture":"#tail_1"},"up":{"uv":[0.25,0.25,13,13.5],"rotation":270,"texture":"#tail_1"},"north":{"uv":[6.75,14.5,11,15],"texture":"#tail_1"},"south":{"uv":[5.75,14.5,10,15],"texture":"#tail_1"},"west":{"uv":[8,14.25,10.5,14.75],"texture":"#tail_1"},"east":{"uv":[7.25,14,9.75,14.5],"texture":"#tail_1"}}},{"from":[16.75,8.1875,9.75],"to":[21,8.25,12.5],"rotation":{"origin":[16.75,8.25,9.75],"axis":"x","angle":22.5},"faces":{"down":{"uv":[0.25,13.5,13,0.25],"rotation":270,"texture":"#tail_1"},"up":{"uv":[0.25,0.25,13,13.5],"rotation":90,"texture":"#tail_1"},"north":{"uv":[6.75,14.5,11,15],"texture":"#tail_1"},"south":{"uv":[5.75,14.5,10,15],"texture":"#tail_1"},"west":{"uv":[8,14.25,10.5,14.75],"texture":"#tail_1"},"east":{"uv":[7.25,14,9.75,14.5],"texture":"#tail_1"}}},{"from":[16.75,7.1875,3.5],"to":[21,7.25,6.25],"rotation":{"origin":[16.75,7.25,3.5],"axis":"x","angle":-22.5},"faces":{"down":{"uv":[0.25,0.25,13,13.5],"rotation":90,"texture":"#tail_1"},"up":{"uv":[0.25,13.5,13,0.25],"rotation":270,"texture":"#tail_1"},"north":{"uv":[6.75,14.5,11,15],"texture":"#tail_1"},"south":{"uv":[5.75,14.5,10,15],"texture":"#tail_1"},"west":{"uv":[8,14.25,10.5,14.75],"texture":"#tail_1"},"east":{"uv":[7.25,14,9.75,14.5],"texture":"#tail_1"}}},{"__comment":"head*","from":[14.5,2.5,6],"to":[15,4.5,10],"faces":{"down":{"uv":[1,1,3,3],"texture":"#texture"},"up":{"uv":[2,2,4,4],"texture":"#texture"},"north":{"uv":[1,2.5,3,4.5],"texture":"#texture"},"south":{"uv":[1.5,1.5,3.5,3.5],"texture":"#texture"},"west":{"uv":[2,2,4,4],"texture":"#texture"},"east":{"uv":[1.5,1.5,3.5,3.5],"texture":"#texture"}}},{"__comment":"head*","from":[14,1.79,9.5],"to":[14.71,2.5,10],"rotation":{"origin":[14,2.5,9.5],"axis":"z","angle":45},"faces":{"down":{"uv":[1,1,3,3],"texture":"#texture"},"up":{"uv":[2,2,4,4],"texture":"#texture"},"north":{"uv":[1,2.5,3,4.5],"texture":"#texture"},"south":{"uv":[1.5,1.5,3.5,3.5],"texture":"#texture"},"west":{"uv":[2,2,4,4],"texture":"#texture"},"east":{"uv":[1.5,1.5,3.5,3.5],"texture":"#texture"}}},{"__comment":"head*","from":[14,1.79,6],"to":[14.71,2.5,6.5],"rotation":{"origin":[14,2.5,6],"axis":"z","angle":45},"faces":{"down":{"uv":[1,1,3,3],"texture":"#texture"},"up":{"uv":[2,2,4,4],"texture":"#texture"},"north":{"uv":[1,2.5,3,4.5],"texture":"#texture"},"south":{"uv":[1.5,1.5,3.5,3.5],"texture":"#texture"},"west":{"uv":[2,2,4,4],"texture":"#texture"},"east":{"uv":[1.5,1.5,3.5,3.5],"texture":"#texture"}}},{"__comment":"head*","from":[14,1.79,6.5],"to":[14.71,2.5,9.5],"rotation":{"origin":[14,2.5,6.5],"axis":"z","angle":45},"faces":{"down":{"uv":[8.5,2.25,10.5,4.25],"texture":"#texture"},"up":{"uv":[8.25,2.5,10.25,4.5],"texture":"#texture"},"north":{"uv":[7.25,2,9.25,4],"texture":"#texture"},"south":{"uv":[8.25,2.25,10.25,4.25],"texture":"#texture"},"west":{"uv":[7.5,1.25,9.5,3.25],"texture":"#texture"},"east":{"uv":[7.75,1.75,9.75,3.75],"texture":"#texture"}}},{"from":[14.01,2.49,6.5],"to":[15.01,3.24,9.5],"faces":{"down":{"uv":[13.25,6.5,14.25,9.5],"texture":"#face_belly"},"up":{"uv":[12.5,5.75,13.5,8.75],"texture":"#face_belly"},"north":{"uv":[13.25,11,14.25,11.75],"texture":"#face_belly"},"south":{"uv":[13.5,9.25,14.5,10],"texture":"#face_belly"},"west":{"uv":[0.25,8,13,15.75],"texture":"#face_belly"},"east":{"uv":[0.25,8,13,15.75],"texture":"#face_belly"}}},{"from":[20.5,8.1875,9.71142],"to":[24.25,8.25,12.4614],"rotation":{"origin":[20.5,8.25,9.71142],"axis":"x","angle":22.5},"faces":{"down":{"uv":[0.25,14,12.5,0.25],"rotation":270,"texture":"#tail_end"},"up":{"uv":[0.25,0.25,12.5,14],"rotation":90,"texture":"#tail_end"},"north":{"uv":[6.75,14.5,11,15],"texture":"#tail_end"},"south":{"uv":[5.75,14.5,10,15],"texture":"#tail_end"},"west":{"uv":[8,14.25,10.5,14.75],"texture":"#tail_end"},"east":{"uv":[7.25,14,9.75,14.5],"texture":"#tail_end"}}},{"from":[20.5,7.1875,3.5],"to":[24.25,7.25,6.25],"rotation":{"origin":[20.5,7.25,3.5],"axis":"x","angle":-22.5},"faces":{"down":{"uv":[0.25,0.25,12.5,14],"rotation":90,"texture":"#tail_end"},"up":{"uv":[0.25,14,12.5,0.25],"rotation":270,"texture":"#tail_end"},"north":{"uv":[6.75,14.5,11,15],"texture":"#tail_end"},"south":{"uv":[5.75,14.5,10,15],"texture":"#tail_end"},"west":{"uv":[8,14.25,10.5,14.75],"texture":"#tail_end"},"east":{"uv":[7.25,14,9.75,14.5],"texture":"#tail_end"}}},{"from":[22,7.6875,6],"to":[25.75,7.75,8],"faces":{"down":{"uv":[0.25,0.25,12.5,14],"rotation":90,"texture":"#tail_end"},"up":{"uv":[0.25,14,12.5,0.25],"rotation":270,"texture":"#tail_end"},"north":{"uv":[6.75,14.5,11,15],"texture":"#tail_end"},"south":{"uv":[5.75,14.5,10,15],"texture":"#tail_end"},"west":{"uv":[8,14.25,10.5,14.75],"texture":"#tail_end"},"east":{"uv":[7.25,14,9.75,14.5],"texture":"#tail_end"}}},{"from":[22,7.6875,8],"to":[25.75,7.75,10],"faces":{"down":{"uv":[0.25,14,12.5,0.25],"rotation":270,"texture":"#tail_end"},"up":{"uv":[0.25,0.25,12.5,14],"rotation":90,"texture":"#tail_end"},"north":{"uv":[6.75,14.5,11,15],"texture":"#tail_end"},"south":{"uv":[5.75,14.5,10,15],"texture":"#tail_end"},"west":{"uv":[8,14.25,10.5,14.75],"texture":"#tail_end"},"east":{"uv":[7.25,14,9.75,14.5],"texture":"#tail_end"}}},{"from":[20.75,7.6875,5.25],"to":[24.75,7.75,7.5],"faces":{"down":{"uv":[0.25,0.25,12.5,14],"rotation":90,"texture":"#tail_end"},"up":{"uv":[0.25,14,12.5,0.25],"rotation":270,"texture":"#tail_end"},"north":{"uv":[6.75,14.5,11,15],"texture":"#tail_end"},"south":{"uv":[5.75,14.5,10,15],"texture":"#tail_end"},"west":{"uv":[8,14.25,10.5,14.75],"texture":"#tail_end"},"east":{"uv":[7.25,14,9.75,14.5],"texture":"#tail_end"}}},{"from":[20.75,7.6875,8.5],"to":[24.75,7.75,10.75],"faces":{"down":{"uv":[0.25,14,12.5,0.25],"rotation":270,"texture":"#tail_end"},"up":{"uv":[0.25,0.25,12.5,14],"rotation":90,"texture":"#tail_end"},"north":{"uv":[6.75,14.5,11,15],"texture":"#tail_end"},"south":{"uv":[5.75,14.5,10,15],"texture":"#tail_end"},"west":{"uv":[8,14.25,10.5,14.75],"texture":"#tail_end"},"east":{"uv":[7.25,14,9.75,14.5],"texture":"#tail_end"}}},{"from":[16.5,7.51,8.75],"to":[20,8.51,10],"faces":{"down":{"uv":[9.25,12,11.5,14],"rotation":90,"texture":"#back_side"},"up":{"uv":[15.75,13.25,0.25,0.25],"rotation":270,"texture":"#back_side"},"north":{"uv":[7.5,12.25,9.5,13],"texture":"#back_side"},"south":{"uv":[0.75,0.75,2.75,2],"texture":"#back_side"},"west":{"uv":[0.5,0.5,2,1.75],"texture":"#back_side"},"east":{"uv":[0.5,0.5,3.25,2.25],"texture":"#back_side"}}},{"from":[16.5,7.51,6],"to":[20,8.51,7.25],"faces":{"down":{"uv":[8,12,10,14],"rotation":270,"texture":"#back_side"},"up":{"uv":[15.75,0.25,0.25,13.25],"rotation":90,"texture":"#back_side"},"north":{"uv":[7.5,12.25,9.5,13],"texture":"#back_side"},"south":{"uv":[0.75,0.75,2.75,2],"texture":"#back_side"},"west":{"uv":[0.5,0.5,2,1.75],"texture":"#back_side"},"east":{"uv":[0.5,0.5,3.25,2.25],"texture":"#back_side"}}},{"from":[20.7,7.51,7],"to":[23.2,8.51,9],"faces":{"down":{"uv":[11,6,13,8],"rotation":270,"texture":"#tail_end_top"},"up":{"uv":[0.25,0.25,14,14.5],"rotation":90,"texture":"#tail_end_top"},"north":{"uv":[11.5,6,13.5,6.75],"texture":"#tail_end_top"},"south":{"uv":[0.75,0.75,2.75,2],"texture":"#tail_end_top"},"west":{"uv":[0.5,0.5,2,1.75],"texture":"#tail_end_top"},"east":{"uv":[0.5,0.5,3.25,2.25],"texture":"#tail_end_top"}}}],"display":{"thirdperson_righthand":{"rotation":[0,0,0],"translation":[0,0,0],"scale":[0,0,0]},"thirdperson_lefthand":{"rotation":[0,0,0],"translation":[0,0,0],"scale":[0,0,0]},"head":{"rotation":[0,-90,0],"translation":[0,-27,0],"scale":[1.8,1.8,1.8]},"ground":{"rotation":[0,0,0],"translation":[0,0,0],"scale":[0,0,0]},"fixed":{"rotation":[0,0,0],"translation":[0,0,0],"scale":[0,0,0]},"firstperson_righthand":{"rotation":[0,0,0],"translation":[0,0,0],"scale":[0,0,0]},"firstperson_lefthand":{"rotation":[0,0,0],"translation":[0,0,0],"scale":[0,0,0]},"gui":{"rotation":[30,45,0],"translation":[-2.5,0.5,0],"scale":[0.75,0.75,0.75]}}}