{"credit":"Designed by Madstonmagic with BDcraft Cubik PRO 0.96 Beta - http://bdcraft.net","textures":{"texture":"pokemon_skins/regular/stunky/stunky_skuntank","triangle":"pokemon_skins/regular/skuntank/triangle","foot_side":"pokemon_skins/regular/skuntank/foot_side","head_side":"pokemon_skins/regular/skuntank/head_side","tail_top":"pokemon_skins/regular/skuntank/tail_top","tail_side":"pokemon_skins/regular/skuntank/tail_side","tail_side_2":"pokemon_skins/regular/skuntank/tail_side_2","particle":"pokemon_skins/regular/skuntank/eye"},"elements":[{"from":[2.25,3,6.5],"to":[3.5,4.5,7.5],"faces":{"up":{"uv":[6.5,1.75,9,4.25],"texture":"#texture"},"down":{"uv":[7.5,1,9.5,3.5],"texture":"#texture"}}},{"from":[1.75,3.5,6.5],"to":[3.75,4,7.5],"faces":{"west":{"uv":[7.75,1.5,10.5,3.75],"texture":"#texture"}}},{"from":[2.25,3.5,6],"to":[3.5,4,10],"faces":{"north":{"uv":[7.75,1.75,9.5,3.5],"texture":"#texture"},"south":{"uv":[7.75,1.75,9.75,3.75],"texture":"#texture"}}},{"from":[2.25,3.29,6],"to":[3.5,4,6.71],"rotation":{"angle":-45,"axis":"x","origin":[2.25,4,6]},"faces":{"east":{"uv":[7.25,1.5,10,3.25],"texture":"#texture"},"south":{"uv":[7.75,1.75,9.75,3.75],"texture":"#texture"},"west":{"uv":[7.75,1.5,10.5,3.75],"texture":"#texture"},"up":{"uv":[6.5,1.75,9,4.25],"texture":"#texture"}}},{"from":[2.25,3,8.5],"to":[3.5,4.5,9.5],"faces":{"up":{"uv":[6.5,1.75,9,4.25],"texture":"#texture"},"down":{"uv":[7.5,1,9.5,3.5],"texture":"#texture"}}},{"from":[1.75,3.5,8.5],"to":[3.75,4,9.5],"faces":{"west":{"uv":[7.75,1.5,10.5,3.75],"texture":"#texture"}}},{"from":[2.25,3.79,7.5],"to":[3.25,4.5,8.21],"rotation":{"angle":45,"axis":"x","origin":[2.25,4.5,7.5]},"faces":{"east":{"uv":[7.25,1.5,10,3.25],"texture":"#texture"},"west":{"uv":[7.75,1.5,10.5,3.75],"texture":"#texture"},"up":{"uv":[6.5,1.75,9,4.25],"texture":"#texture"}}},{"from":[2.25,3.29,8],"to":[3.25,4,8.71],"rotation":{"angle":-45,"axis":"x","origin":[2.25,4,8]},"faces":{"east":{"uv":[7.25,1.5,10,3.25],"texture":"#texture"},"south":{"uv":[7.75,1.75,9.75,3.75],"texture":"#texture"},"west":{"uv":[7.75,1.5,10.5,3.75],"texture":"#texture"},"up":{"uv":[6.5,1.75,9,4.25],"texture":"#texture"}}},{"from":[2.25,3.79,9.5],"to":[3.5,4.5,10.21],"rotation":{"angle":45,"axis":"x","origin":[2.25,4.5,9.5]},"faces":{"east":{"uv":[7.25,1.5,10,3.25],"texture":"#texture"},"south":{"uv":[7.75,1.75,9.75,3.75],"texture":"#texture"},"west":{"uv":[7.75,1.5,10.5,3.75],"texture":"#texture"},"up":{"uv":[6.5,1.75,9,4.25],"texture":"#texture"}}},{"from":[2.25,3.29,9.5],"to":[3.5,4,10.21],"rotation":{"angle":45,"axis":"x","origin":[2.25,4,9.5]},"faces":{"east":{"uv":[7.25,1.5,10,3.25],"texture":"#texture"},"south":{"uv":[7.75,1.75,9.75,3.75],"texture":"#texture"},"west":{"uv":[7.75,1.5,10.5,3.75],"texture":"#texture"},"up":{"uv":[6.5,1.75,9,4.25],"texture":"#texture"},"down":{"uv":[7.5,1,9.5,3.5],"texture":"#texture"}}},{"from":[2.25,3.29,7.5],"to":[3.25,4,8.21],"rotation":{"angle":45,"axis":"x","origin":[2.25,4,7.5]},"faces":{"east":{"uv":[7.25,1.5,10,3.25],"texture":"#texture"},"south":{"uv":[7.75,1.75,9.75,3.75],"texture":"#texture"},"west":{"uv":[7.75,1.5,10.5,3.75],"texture":"#texture"},"up":{"uv":[6.5,1.75,9,4.25],"texture":"#texture"},"down":{"uv":[7.5,1,9.5,3.5],"texture":"#texture"}}},{"from":[2.25,2.79,6],"to":[3.5,3.5,6.71],"rotation":{"angle":-45,"axis":"x","origin":[2.25,3.5,6]},"faces":{"north":{"uv":[7.75,1.75,9.5,3.5],"texture":"#texture"},"east":{"uv":[7.25,1.5,10,3.25],"texture":"#texture"},"west":{"uv":[7.75,1.5,10.5,3.75],"texture":"#texture"},"down":{"uv":[7.5,1,9.5,3.5],"texture":"#texture"}}},{"from":[2.25,2.79,8],"to":[3.25,3.5,8.71],"rotation":{"angle":-45,"axis":"x","origin":[2.25,3.5,8]},"faces":{"north":{"uv":[7.75,1.75,9.5,3.5],"texture":"#texture"},"east":{"uv":[7.25,1.5,10,3.25],"texture":"#texture"},"west":{"uv":[7.75,1.5,10.5,3.75],"texture":"#texture"},"down":{"uv":[7.5,1,9.5,3.5],"texture":"#texture"}}},{"from":[1.75,3.29,8.5],"to":[2.46,4,9.5],"rotation":{"angle":45,"axis":"z","origin":[1.75,4,8.5]},"faces":{"north":{"uv":[7.75,1.75,9.5,3.5],"texture":"#texture"},"east":{"uv":[7.25,1.5,10,3.25],"texture":"#texture"},"south":{"uv":[7.75,1.75,9.75,3.75],"texture":"#texture"},"up":{"uv":[6.5,1.75,9,4.25],"texture":"#texture"}}},{"from":[3.25,3.79,8.5],"to":[3.96,4.5,9.5],"rotation":{"angle":-45,"axis":"z","origin":[3.25,4.5,8.5]},"faces":{"north":{"uv":[7.75,1.75,9.5,3.5],"texture":"#texture"},"south":{"uv":[7.75,1.75,9.75,3.75],"texture":"#texture"}}},{"from":[1.75,2.79,8.5],"to":[2.46,3.5,9.5],"rotation":{"angle":45,"axis":"z","origin":[1.75,3.5,8.5]},"faces":{"north":{"uv":[7.75,1.75,9.5,3.5],"texture":"#texture"},"south":{"uv":[7.75,1.75,9.75,3.75],"texture":"#texture"},"west":{"uv":[7.75,1.5,10.5,3.75],"texture":"#texture"},"down":{"uv":[7.5,1,9.5,3.5],"texture":"#texture"}}},{"from":[1.75,3.29,6.5],"to":[2.46,4,7.5],"rotation":{"angle":45,"axis":"z","origin":[1.75,4,6.5]},"faces":{"north":{"uv":[7.75,1.75,9.5,3.5],"texture":"#texture"},"east":{"uv":[7.25,1.5,10,3.25],"texture":"#texture"},"south":{"uv":[7.75,1.75,9.75,3.75],"texture":"#texture"},"up":{"uv":[6.5,1.75,9,4.25],"texture":"#texture"}}},{"from":[3.25,3.79,6.5],"to":[3.96,4.5,7.5],"rotation":{"angle":-45,"axis":"z","origin":[3.25,4.5,6.5]},"faces":{"north":{"uv":[7.75,1.75,9.5,3.5],"texture":"#texture"},"south":{"uv":[7.75,1.75,9.75,3.75],"texture":"#texture"}}},{"from":[2.25,3.29,6.5],"to":[2.96,4,7.5],"rotation":{"angle":-45,"axis":"z","origin":[2.25,4,6.5]},"faces":{"north":{"uv":[7.75,1.75,9.5,3.5],"texture":"#texture"},"east":{"uv":[7.25,1.5,10,3.25],"texture":"#texture"},"south":{"uv":[7.75,1.75,9.75,3.75],"texture":"#texture"},"west":{"uv":[7.75,1.5,10.5,3.75],"texture":"#texture"},"down":{"uv":[7.5,1,9.5,3.5],"texture":"#texture"}}},{"from":[1.75,3.5,6.5],"to":[2.46,4,7.21],"rotation":{"angle":45,"axis":"y","origin":[1.75,3.5,6.5]},"faces":{"north":{"uv":[7.75,1.75,9.5,3.5],"texture":"#texture"},"east":{"uv":[7.25,1.5,10,3.25],"texture":"#texture"},"up":{"uv":[6.5,1.75,9,4.25],"texture":"#texture"},"down":{"uv":[7.5,1,9.5,3.5],"texture":"#texture"}}},{"from":[2.25,3.5,7],"to":[2.96,4,7.71],"rotation":{"angle":-45,"axis":"y","origin":[2.25,3.5,7]},"faces":{"south":{"uv":[7.75,1.75,9.75,3.75],"texture":"#texture"},"west":{"uv":[7.75,1.5,10.5,3.75],"texture":"#texture"},"up":{"uv":[6.5,1.75,9,4.25],"texture":"#texture"},"down":{"uv":[7.5,1,9.5,3.5],"texture":"#texture"}}},{"from":[3.25,3,7],"to":[3.96,4,7.71],"rotation":{"angle":-45,"axis":"y","origin":[3.25,3,7]},"faces":{"up":{"uv":[6.5,1.75,9,4.25],"texture":"#texture"},"down":{"uv":[7.5,1,9.5,3.5],"texture":"#texture"}}},{"from":[1.75,3.5,9.5],"to":[2.46,4,10.21],"rotation":{"angle":45,"axis":"y","origin":[1.75,3.5,9.5]},"faces":{"south":{"uv":[7.75,1.75,9.75,3.75],"texture":"#texture"},"west":{"uv":[7.75,1.5,10.5,3.75],"texture":"#texture"},"up":{"uv":[6.5,1.75,9,4.25],"texture":"#texture"},"down":{"uv":[7.5,1,9.5,3.5],"texture":"#texture"}}},{"from":[1.75,3.5,8.5],"to":[2.46,4,9.21],"rotation":{"angle":45,"axis":"y","origin":[1.75,3.5,8.5]},"faces":{"north":{"uv":[7.75,1.75,9.5,3.5],"texture":"#texture"},"up":{"uv":[6.5,1.75,9,4.25],"texture":"#texture"},"down":{"uv":[7.5,1,9.5,3.5],"texture":"#texture"}}},{"from":[3.25,3,8],"to":[3.96,4,8.71],"rotation":{"angle":-45,"axis":"y","origin":[3.25,3,8]},"faces":{"up":{"uv":[6.5,1.75,9,4.25],"texture":"#texture"},"down":{"uv":[7.5,1,9.5,3.5],"texture":"#texture"}}},{"from":[2.5,4,7.5],"to":[3.5,5.5,8.5],"rotation":{"angle":-22.5,"axis":"z","origin":[2.5,5.5,7.5]},"faces":{"north":{"uv":[9.25,12.75,11,14.5],"texture":"#particle"},"south":{"uv":[9.25,12,11.25,14],"texture":"#particle"},"west":{"uv":[9,12,11.75,14.25],"texture":"#particle"},"down":{"uv":[9.75,12,11.75,14.5],"texture":"#particle"}}},{"from":[3.5,3,6],"to":[4.5,5.25,10],"faces":{"north":{"uv":[1.25,1,3,2.75],"texture":"#texture"},"south":{"uv":[1.25,1.75,3.25,3.75],"texture":"#texture"},"west":{"uv":[1.75,2,4.5,4.25],"texture":"#texture"},"down":{"uv":[1.75,1.75,3.75,4.25],"texture":"#texture"}}},{"from":[2.5,3,7],"to":[4.5,5.25,9],"faces":{"west":{"uv":[1.75,2,4.5,4.25],"texture":"#texture"}}},{"from":[2.5,3.5,7],"to":[3.91,5.25,8.41],"rotation":{"angle":45,"axis":"y","origin":[2.5,3.5,7]},"faces":{"north":{"uv":[1.25,1,3,2.75],"texture":"#texture"},"east":{"uv":[1.25,1.5,4,3.25],"texture":"#texture"},"up":{"uv":[2.75,1.75,5.25,4.25],"texture":"#texture"},"down":{"uv":[7.25,1.5,9.25,4],"texture":"#texture"}}},{"from":[2.5,3.5,9],"to":[3.91,5.25,10.41],"rotation":{"angle":45,"axis":"y","origin":[2.5,3.5,9]},"faces":{"south":{"uv":[1.25,1.75,3.25,3.75],"texture":"#texture"},"west":{"uv":[1.75,2,4.5,4.25],"texture":"#texture"},"up":{"uv":[2.75,1.75,5.25,4.25],"texture":"#texture"},"down":{"uv":[8.5,3.25,10.5,5.75],"texture":"#texture"}}},{"from":[1.9375,4,7.5],"to":[3.1875,4.125,8.5],"faces":{"north":{"uv":[9.25,12.75,11,14.5],"texture":"#particle"},"south":{"uv":[9.25,12,11.25,14],"texture":"#particle"},"west":{"uv":[9,12,11.75,14.25],"texture":"#particle"},"down":{"uv":[9.75,12,11.75,14.5],"texture":"#particle"}}},{"from":[3.75,4.25,5.99],"to":[4.25,5.5,6.99],"faces":{"north":{"uv":[0.25,10.5,13,15.25],"rotation":90,"texture":"#particle"},"east":{"uv":[2,9,3,10.25],"texture":"#particle"},"west":{"uv":[0.5,8.25,1.5,9.5],"texture":"#particle"},"up":{"uv":[1.25,1.25,4,3.5],"texture":"#particle"},"down":{"uv":[1.25,1.25,3.5,3.25],"texture":"#particle"}}},{"from":[3.75,4.25,9.01],"to":[4.25,5.5,10.01],"faces":{"east":{"uv":[2,9,3,10.25],"texture":"#particle"},"south":{"uv":[0.25,10.5,13,15.25],"rotation":90,"texture":"#particle"},"west":{"uv":[0.5,8.25,1.5,9.5],"texture":"#particle"},"up":{"uv":[1.25,1.25,4,3.5],"texture":"#particle"},"down":{"uv":[1.25,1.25,3.5,3.25],"texture":"#particle"}}},{"from":[2.49,4.5,8.75],"to":[3.49,5.25,9],"faces":{"north":{"uv":[2,1.5,3,2.25],"texture":"#particle"},"west":{"uv":[0.25,0.25,2.5,9.5],"texture":"#particle"}}},{"from":[2.49,4.5,7],"to":[3.49,5.25,7.25],"faces":{"south":{"uv":[1,1,2,1.75],"texture":"#particle"},"west":{"uv":[2.5,0.25,0.25,9.5],"texture":"#particle"}}},{"from":[2.49,4.5,9],"to":[3.99,5.25,10.25],"rotation":{"angle":45,"axis":"y","origin":[2.49,4.5,9]},"faces":{"south":{"uv":[1,1,2,1.75],"texture":"#particle"},"west":{"uv":[2.5,0.25,15.5,9.5],"texture":"#particle"},"up":{"uv":[2.25,1.5,3.25,2.5],"texture":"#particle"},"down":{"uv":[2,1.75,3,2.75],"texture":"#particle"}}},{"from":[2.49,4.5,7],"to":[3.74,5.25,8.5],"rotation":{"angle":45,"axis":"y","origin":[2.49,4.5,7]},"faces":{"north":{"uv":[15.5,0.25,2.5,9.5],"texture":"#particle"},"east":{"uv":[0.5,1,2.5,2.5],"texture":"#particle"},"up":{"uv":[2.25,1.5,3.25,2.5],"texture":"#particle"},"down":{"uv":[2,1.75,3,2.75],"texture":"#particle"}}},{"from":[2.5,2.5,7.25],"to":[4,3,7.75],"faces":{"west":{"uv":[1.75,2,4.5,4.25],"texture":"#texture"},"down":{"uv":[1.75,1.75,3.75,4.25],"texture":"#texture"}}},{"from":[2.5,2.5,8.25],"to":[4,3,8.75],"faces":{"west":{"uv":[1.75,2,4.5,4.25],"texture":"#texture"},"down":{"uv":[1.75,1.75,3.75,4.25],"texture":"#texture"}}},{"from":[2.5,2.29,7.25],"to":[4,3,7.96],"rotation":{"angle":-45,"axis":"x","origin":[2.5,3,7.25]},"faces":{"north":{"uv":[1.25,1,3,2.75],"texture":"#texture"},"east":{"uv":[1.25,1.5,4,3.25],"texture":"#texture"},"west":{"uv":[1.75,2,4.5,4.25],"texture":"#texture"},"down":{"uv":[1.75,1.75,3.75,4.25],"texture":"#texture"}}},{"from":[2.5,2.79,8.25],"to":[4,3.5,8.96],"rotation":{"angle":45,"axis":"x","origin":[2.5,3.5,8.25]},"faces":{"east":{"uv":[1.25,1.5,4,3.25],"texture":"#texture"},"south":{"uv":[1.25,1.75,3.25,3.75],"texture":"#texture"},"west":{"uv":[1.75,2,4.5,4.25],"texture":"#texture"},"down":{"uv":[1.75,1.75,3.75,4.25],"texture":"#texture"}}},{"from":[2.5,2.79,7.25],"to":[4,3.5,7.96],"rotation":{"angle":45,"axis":"x","origin":[2.5,3.5,7.25]},"faces":{"north":{"uv":[1.25,1,3,2.75],"texture":"#texture"},"east":{"uv":[1.25,1.5,4,3.25],"texture":"#texture"},"south":{"uv":[1.25,1.75,3.25,3.75],"texture":"#texture"},"west":{"uv":[1.75,2,4.5,4.25],"texture":"#texture"},"down":{"uv":[1.75,1.75,3.75,4.25],"texture":"#texture"}}},{"from":[2.5,2.29,8.25],"to":[4,3,8.96],"rotation":{"angle":-45,"axis":"x","origin":[2.5,3,8.25]},"faces":{"north":{"uv":[1.25,1,3,2.75],"texture":"#texture"},"east":{"uv":[1.25,1.5,4,3.25],"texture":"#texture"},"west":{"uv":[1.75,2,4.5,4.25],"texture":"#texture"},"down":{"uv":[1.75,1.75,3.75,4.25],"texture":"#texture"}}},{"from":[3.5,3,9.98169],"to":[3.5625,4.5,11.9817],"rotation":{"angle":45,"axis":"y","origin":[3.5,3,9.98169]},"faces":{"east":{"uv":[0.25,0.25,15.5,14.5],"rotation":270,"texture":"#head_side"},"south":{"uv":[0.25,0.25,1.5,1.75],"texture":"#head_side"},"west":{"uv":[15.5,0.25,0.25,14.5],"rotation":90,"texture":"#head_side"},"up":{"uv":[1.5,0.75,3.5,2.25],"texture":"#head_side"},"down":{"uv":[1.75,1.25,3.5,2.5],"texture":"#head_side"}}},{"from":[4.875,3,4.625],"to":[4.9375,4.5,6.625],"rotation":{"angle":-45,"axis":"y","origin":[4.875,3,4.625]},"faces":{"north":{"uv":[0.75,0.5,2.5,1.75],"texture":"#head_side"},"east":{"uv":[0.25,0.25,15.5,14.5],"rotation":90,"texture":"#head_side"},"south":{"uv":[0.25,0.25,1.5,1.75],"texture":"#head_side"},"west":{"uv":[15.5,0.25,0.25,14.5],"rotation":270,"texture":"#head_side"},"up":{"uv":[1.5,0.75,3.5,2.25],"texture":"#head_side"},"down":{"uv":[1.75,1.25,3.5,2.5],"texture":"#head_side"}}},{"from":[3.5,4.79,6],"to":[4.21,5.5,10],"rotation":{"angle":45,"axis":"z","origin":[3.5,5.5,6]},"faces":{"north":{"uv":[1.25,1,3,2.75],"texture":"#texture"},"east":{"uv":[1.25,1.5,4,3.25],"texture":"#texture"},"south":{"uv":[1.25,1.75,3.25,3.75],"texture":"#texture"},"up":{"uv":[2.75,1.75,5.25,4.25],"texture":"#texture"},"down":{"uv":[1.75,1.75,3.75,4.25],"texture":"#texture"}}},{"from":[3.5,4.5,6],"to":[4.5,5.5,10],"faces":{"north":{"uv":[1.25,1,3,2.75],"texture":"#texture"},"east":{"uv":[1.25,1.5,4,3.25],"texture":"#texture"},"south":{"uv":[1.25,1.75,3.25,3.75],"texture":"#texture"},"west":{"uv":[1.75,2,4.5,4.25],"texture":"#texture"}}},{"from":[4,2.5,6.5],"to":[4.5,3,9.5],"faces":{"north":{"uv":[1.25,1,3,2.75],"texture":"#texture"},"south":{"uv":[1.25,1.75,3.25,3.75],"texture":"#texture"},"down":{"uv":[1.75,1.75,3.75,4.25],"texture":"#texture"}}},{"from":[2.625,2.9375,9.25],"to":[3,3.25,9.75],"faces":{"north":{"uv":[1.75,7.5,4,10],"texture":"#texture"},"east":{"uv":[1.5,7.25,3.75,10.25],"texture":"#texture"},"south":{"uv":[1.25,7.25,4.5,10],"texture":"#texture"},"west":{"uv":[1.75,7.5,3.75,10],"texture":"#texture"},"down":{"uv":[0.75,7.75,4,10],"texture":"#texture"}}},{"from":[2.6875,2.75,9.375],"to":[2.9375,3.0625,9.625],"faces":{"north":{"uv":[1.75,7.5,4,10],"texture":"#texture"},"east":{"uv":[1.5,7.25,3.75,10.25],"texture":"#texture"},"south":{"uv":[1.25,7.25,4.5,10],"texture":"#texture"},"west":{"uv":[1.75,7.5,3.75,10],"texture":"#texture"},"down":{"uv":[0.75,7.75,4,10],"texture":"#texture"}}},{"from":[2.625,2.9375,6.25],"to":[3,3.25,6.75],"faces":{"north":{"uv":[1.75,7.5,4,10],"texture":"#texture"},"east":{"uv":[1.5,7.25,3.75,10.25],"texture":"#texture"},"south":{"uv":[1.25,7.25,4.5,10],"texture":"#texture"},"west":{"uv":[1.75,7.5,3.75,10],"texture":"#texture"},"down":{"uv":[0.75,7.75,4,10],"texture":"#texture"}}},{"from":[2.6875,2.75,6.375],"to":[2.9375,3.0625,6.625],"faces":{"north":{"uv":[1.75,7.5,4,10],"texture":"#texture"},"east":{"uv":[1.5,7.25,3.75,10.25],"texture":"#texture"},"south":{"uv":[1.25,7.25,4.5,10],"texture":"#texture"},"west":{"uv":[1.75,7.5,3.75,10],"texture":"#texture"},"down":{"uv":[0.75,7.75,4,10],"texture":"#texture"}}},{"from":[4.5,3,9],"to":[5.21,5,9.71],"rotation":{"angle":-45,"axis":"y","origin":[4.5,3,9]},"faces":{"north":{"uv":[1.25,1,3,2.75],"texture":"#texture"},"east":{"uv":[1.25,1.5,4,3.25],"texture":"#texture"},"south":{"uv":[1.25,1.75,3.25,3.75],"texture":"#texture"},"up":{"uv":[2.75,1.75,5.25,4.25],"texture":"#texture"},"down":{"uv":[1.75,1.75,3.75,4.25],"texture":"#texture"}}},{"from":[4.5,3,6],"to":[5.21,5,6.71],"rotation":{"angle":-45,"axis":"y","origin":[4.5,3,6]},"faces":{"north":{"uv":[1.25,1,3,2.75],"texture":"#texture"},"east":{"uv":[1.25,1.5,4,3.25],"texture":"#texture"},"up":{"uv":[2.75,1.75,5.25,4.25],"texture":"#texture"},"down":{"uv":[1.75,1.75,3.75,4.25],"texture":"#texture"}}},{"from":[4,2.29,6.5],"to":[4.71,3,9.5],"rotation":{"angle":45,"axis":"z","origin":[4,3,6.5]},"faces":{"north":{"uv":[1.25,1,3,2.75],"texture":"#texture"},"south":{"uv":[1.25,1.75,3.25,3.75],"texture":"#texture"},"west":{"uv":[1.75,2,4.5,4.25],"texture":"#texture"},"down":{"uv":[1.75,1.75,3.75,4.25],"texture":"#texture"}}},{"from":[4.5,4.79,6.5],"to":[5.21,5.5,9.5],"rotation":{"angle":-45,"axis":"z","origin":[4.5,5.5,6.5]},"faces":{"north":{"uv":[1.25,1,3,2.75],"texture":"#texture"},"south":{"uv":[1.25,1.75,3.25,3.75],"texture":"#texture"}}},{"from":[4,2.79,6.5],"to":[4.71,3.5,9.5],"rotation":{"angle":-45,"axis":"z","origin":[4,3.5,6.5]},"faces":{"north":{"uv":[1.25,1,3,2.75],"texture":"#texture"},"east":{"uv":[1.25,1.5,4,3.25],"texture":"#texture"},"south":{"uv":[1.25,1.75,3.25,3.75],"texture":"#texture"},"west":{"uv":[1.75,2,4.5,4.25],"texture":"#texture"},"down":{"uv":[1.75,1.75,3.75,4.25],"texture":"#texture"}}},{"from":[4.5625,2.875,6.5],"to":[7.3125,4.375,9.5],"rotation":{"angle":-22.5,"axis":"z","origin":[4.5625,4.375,6.5]},"faces":{"north":{"uv":[1.25,1,3,2.75],"texture":"#texture"},"east":{"uv":[7.25,2.75,10,4.5],"texture":"#texture"},"south":{"uv":[1.25,1.75,3.25,3.75],"texture":"#texture"},"up":{"uv":[2.75,1.75,5.25,4.25],"texture":"#texture"},"down":{"uv":[1.75,1.75,3.75,4.25],"texture":"#texture"}}},{"from":[6.5,2,6.5],"to":[11.75,3.5,9.5],"faces":{"east":{"uv":[1.25,1.5,4,3.25],"texture":"#texture"},"down":{"uv":[8.25,1.5,10.25,4],"texture":"#texture"}}},{"from":[3.0625,3.75,6.5],"to":[5.6875,5.25,9.5],"rotation":{"angle":22.5,"axis":"z","origin":[3.0625,5.25,6.5]},"faces":{"north":{"uv":[1.25,1,3,2.75],"texture":"#texture"},"east":{"uv":[1.25,1.5,4,3.25],"texture":"#texture"},"south":{"uv":[1.25,1.75,3.25,3.75],"texture":"#texture"},"west":{"uv":[1.75,2,4.5,4.25],"texture":"#texture"},"down":{"uv":[1.75,1.75,3.75,4.25],"texture":"#texture"}}},{"from":[6.75,3,6.5],"to":[12.25,5.5,9.5],"faces":{"north":{"uv":[1.25,1,3,2.75],"texture":"#texture"},"south":{"uv":[1.25,1.75,3.25,3.75],"texture":"#texture"},"up":{"uv":[2.75,1.75,5.25,4.25],"texture":"#texture"}}},{"from":[5.5,3.75,6.5],"to":[11.5,6.25,9.5],"faces":{"north":{"uv":[1.25,1,3,2.75],"texture":"#texture"},"south":{"uv":[1.25,1.75,3.25,3.75],"texture":"#texture"},"west":{"uv":[1.75,2,4.5,4.25],"texture":"#texture"},"down":{"uv":[1.75,1.75,3.75,4.25],"texture":"#texture"}}},{"from":[11.5,5.19,6.5],"to":[12.56,6.25,9.5],"rotation":{"angle":-45,"axis":"z","origin":[11.5,6.25,6.5]},"faces":{"north":{"uv":[1.25,1,3,2.75],"texture":"#texture"},"east":{"uv":[1.25,1.5,4,3.25],"texture":"#texture"},"south":{"uv":[1.25,1.75,3.25,3.75],"texture":"#texture"},"up":{"uv":[2.75,1.75,5.25,4.25],"texture":"#texture"}}},{"from":[10.75,1.59,6.5],"to":[12.16,3,9.5],"rotation":{"angle":45,"axis":"z","origin":[10.75,3,6.5]},"faces":{"north":{"uv":[9.25,1.25,11,3],"texture":"#texture"},"south":{"uv":[7.5,1.25,9.5,3.25],"texture":"#texture"},"down":{"uv":[7,1.5,9,4],"texture":"#texture"}}},{"from":[6.5,2.5,6],"to":[11.75,2.75,10],"faces":{"north":{"uv":[7.5,1.5,9.25,3.25],"texture":"#texture"},"south":{"uv":[8.75,1.75,10.75,3.75],"texture":"#texture"}}},{"from":[6.5,2.75,6],"to":[11.75,4.5,10],"faces":{"north":{"uv":[1.25,1,3,2.75],"texture":"#texture"},"south":{"uv":[1.25,1.75,3.25,3.75],"texture":"#texture"},"west":{"uv":[1.75,2,4.5,4.25],"texture":"#texture"}}},{"from":[7.5,4.5,6],"to":[11.75,5.25,10],"faces":{"north":{"uv":[1.25,1,3,2.75],"texture":"#texture"},"south":{"uv":[1.25,1.75,3.25,3.75],"texture":"#texture"},"west":{"uv":[1.75,2,4.5,4.25],"texture":"#texture"}}},{"from":[8,5.25,6],"to":[11.25,5.75,10],"faces":{"north":{"uv":[1.25,1,3,2.75],"texture":"#texture"},"south":{"uv":[1.25,1.75,3.25,3.75],"texture":"#texture"}}},{"from":[7.5,4.54,6],"to":[8.21,5.25,10],"rotation":{"angle":45,"axis":"z","origin":[7.5,5.25,6]},"faces":{"north":{"uv":[1.25,1,3,2.75],"texture":"#texture"},"east":{"uv":[1.25,1.5,4,3.25],"texture":"#texture"},"south":{"uv":[1.25,1.75,3.25,3.75],"texture":"#texture"},"up":{"uv":[2.75,1.75,5.25,4.25],"texture":"#texture"}}},{"from":[11.25,5.04,6],"to":[11.96,5.75,10],"rotation":{"angle":-45,"axis":"z","origin":[11.25,5.75,6]},"faces":{"north":{"uv":[1.25,1,3,2.75],"texture":"#texture"},"east":{"uv":[1.25,1.5,4,3.25],"texture":"#texture"},"south":{"uv":[1.25,1.75,3.25,3.75],"texture":"#texture"},"up":{"uv":[2.75,1.75,5.25,4.25],"texture":"#texture"}}},{"from":[9,3.75,6],"to":[10.25,4.5,10],"rotation":{"angle":45,"axis":"z","origin":[9,4.5,6]},"faces":{"north":{"uv":[1.25,1,3,2.75],"texture":"#texture"},"south":{"uv":[1.25,1.75,3.25,3.75],"texture":"#texture"}}},{"from":[8.25,3.75,6],"to":[9.75,4.5,10],"rotation":{"angle":22.5,"axis":"z","origin":[8.25,4.5,6]},"faces":{"north":{"uv":[1.25,1,3,2.75],"texture":"#texture"},"south":{"uv":[1.25,1.75,3.25,3.75],"texture":"#texture"}}},{"from":[6.5,2.29,9.5],"to":[11.75,3,10.21],"rotation":{"angle":45,"axis":"x","origin":[6.5,3,9.5]},"faces":{"east":{"uv":[1.25,1.5,4,3.25],"texture":"#texture"},"south":{"uv":[8.75,1.75,10.75,3.75],"texture":"#texture"},"west":{"uv":[1.75,2,4.5,4.25],"texture":"#texture"},"up":{"uv":[2.75,1.75,5.25,4.25],"texture":"#texture"},"down":{"uv":[8.25,1.5,10.25,4],"texture":"#texture"}}},{"from":[6.5,1.79,6],"to":[11.75,2.5,6.71],"rotation":{"angle":-45,"axis":"x","origin":[6.5,2.5,6]},"faces":{"north":{"uv":[7.5,1.5,9.25,3.25],"texture":"#texture"},"east":{"uv":[1.25,1.5,4,3.25],"texture":"#texture"},"west":{"uv":[1.75,2,4.5,4.25],"texture":"#texture"},"down":{"uv":[8.25,1.5,10.25,4],"texture":"#texture"}}},{"from":[6.5,3.79,6],"to":[11.75,4.5,6.71],"rotation":{"angle":-45,"axis":"x","origin":[6.5,4.5,6]},"faces":{"east":{"uv":[1.25,1.5,4,3.25],"texture":"#texture"},"west":{"uv":[1.75,2,4.5,4.25],"texture":"#texture"},"up":{"uv":[2.75,1.75,5.25,4.25],"texture":"#texture"}}},{"from":[6.5,4.29,9.5],"to":[11.75,5,10.21],"rotation":{"angle":45,"axis":"x","origin":[6.5,5,9.5]},"faces":{"east":{"uv":[1.25,1.5,4,3.25],"texture":"#texture"},"south":{"uv":[1.25,1.75,3.25,3.75],"texture":"#texture"},"west":{"uv":[1.75,2,4.5,4.25],"texture":"#texture"},"up":{"uv":[2.75,1.75,5.25,4.25],"texture":"#texture"}}},{"from":[8,5.54,9.5],"to":[11.25,6.25,10.21],"rotation":{"angle":45,"axis":"x","origin":[8,6.25,9.5]},"faces":{"east":{"uv":[1.25,1.5,4,3.25],"texture":"#texture"},"south":{"uv":[1.25,1.75,3.25,3.75],"texture":"#texture"},"west":{"uv":[1.75,2,4.5,4.25],"texture":"#texture"},"up":{"uv":[2.75,1.75,5.25,4.25],"texture":"#texture"}}},{"from":[8,5.04,6],"to":[11.25,5.75,6.71],"rotation":{"angle":-45,"axis":"x","origin":[8,5.75,6]},"faces":{"east":{"uv":[1.25,1.5,4,3.25],"texture":"#texture"},"west":{"uv":[1.75,2,4.5,4.25],"texture":"#texture"},"up":{"uv":[2.75,1.75,5.25,4.25],"texture":"#texture"}}},{"from":[11.25,2.5,9.5],"to":[11.96,5.25,10.21],"rotation":{"angle":45,"axis":"y","origin":[11.25,2.5,9.5]},"faces":{"north":{"uv":[1.25,1,3,2.75],"texture":"#texture"},"east":{"uv":[1.25,1.5,4,3.25],"texture":"#texture"},"south":{"uv":[1.25,1.75,3.25,3.75],"texture":"#texture"},"west":{"uv":[1.75,2,4.5,4.25],"texture":"#texture"},"up":{"uv":[2.75,1.75,5.25,4.25],"texture":"#texture"},"down":{"uv":[1.75,1.75,3.75,4.25],"texture":"#texture"}}},{"from":[11.75,2.5,6],"to":[12.46,5.25,6.71],"rotation":{"angle":-45,"axis":"y","origin":[11.75,2.5,6]},"faces":{"north":{"uv":[1.25,1,3,2.75],"texture":"#texture"},"east":{"uv":[1.25,1.5,4,3.25],"texture":"#texture"},"up":{"uv":[2.75,1.75,5.25,4.25],"texture":"#texture"},"down":{"uv":[1.75,1.75,3.75,4.25],"texture":"#texture"}}},{"from":[6.5,2.5,9],"to":[7.21,4.5,9.71],"rotation":{"angle":-45,"axis":"y","origin":[6.5,2.5,9]},"faces":{"east":{"uv":[1.25,1.5,4,3.25],"texture":"#texture"},"south":{"uv":[1.25,1.75,3.25,3.75],"texture":"#texture"},"west":{"uv":[1.75,2,4.5,4.25],"texture":"#texture"},"up":{"uv":[2.75,1.75,5.25,4.25],"texture":"#texture"},"down":{"uv":[1.75,1.75,3.75,4.25],"texture":"#texture"}}},{"from":[6,2.5,6.5],"to":[6.71,4.5,7.21],"rotation":{"angle":45,"axis":"y","origin":[6,2.5,6.5]},"faces":{"north":{"uv":[1.25,1,3,2.75],"texture":"#texture"},"east":{"uv":[1.25,1.5,4,3.25],"texture":"#texture"},"west":{"uv":[1.75,2,4.5,4.25],"texture":"#texture"},"up":{"uv":[2.75,1.75,5.25,4.25],"texture":"#texture"},"down":{"uv":[1.75,1.75,3.75,4.25],"texture":"#texture"}}},{"from":[5.75,1.75,5.5],"to":[7,3.25,6.5],"faces":{"north":{"uv":[1.25,1,3,2.75],"texture":"#texture"},"east":{"uv":[1.25,1.5,4,3.25],"texture":"#texture"},"south":{"uv":[1.25,1.75,3.25,3.75],"texture":"#texture"},"west":{"uv":[1.75,2,4.5,4.25],"texture":"#texture"},"down":{"uv":[1.75,1.75,3.75,4.25],"texture":"#texture"}}},{"from":[5.75,2,5.5],"to":[7,3.25,7.25],"rotation":{"angle":-45,"axis":"x","origin":[5.75,3.25,5.5]},"faces":{"east":{"uv":[1.25,1.5,4,3.25],"texture":"#texture"},"south":{"uv":[1.25,1.75,3.25,3.75],"texture":"#texture"},"west":{"uv":[1.75,2,4.5,4.25],"texture":"#texture"},"up":{"uv":[2.75,1.75,5.25,4.25],"texture":"#texture"},"down":{"uv":[1.75,1.75,3.75,4.25],"texture":"#texture"}}},{"from":[4.75,3.75,6.5],"to":[5.75,4.75,9.5],"faces":{"north":{"uv":[1.25,1,3,2.75],"texture":"#texture"},"south":{"uv":[1.25,1.75,3.25,3.75],"texture":"#texture"},"west":{"uv":[1.75,2,4.5,4.25],"texture":"#texture"}}},{"from":[5.5,1.54,5.5],"to":[6.91,2.25,6.5],"rotation":{"angle":-45,"axis":"z","origin":[5.5,2.25,5.5]},"faces":{"north":{"uv":[8,1.75,9.75,3.5],"texture":"#texture"},"east":{"uv":[7.25,1.5,10,3.25],"texture":"#texture"},"south":{"uv":[8,1.75,10,3.75],"texture":"#texture"},"west":{"uv":[7.5,1.25,10.25,3.5],"texture":"#texture"}}},{"from":[4,0.75,5.5],"to":[6,1.375,6.5],"faces":{"north":{"uv":[8,1.75,9.75,3.5],"texture":"#texture"},"east":{"uv":[7.25,1.5,10,3.25],"texture":"#texture"},"south":{"uv":[8,1.75,10,3.75],"texture":"#texture"},"west":{"uv":[7.5,1.25,10.25,3.5],"texture":"#texture"},"down":{"uv":[7.75,1.25,9.75,3.75],"texture":"#texture"}}},{"from":[4,0.75,5.5],"to":[5.4375,1.375,6.5],"rotation":{"angle":22.5,"axis":"z","origin":[4,1.375,5.5]},"faces":{"north":{"uv":[8,1.75,9.75,3.5],"texture":"#texture"},"south":{"uv":[8,1.75,10,3.75],"texture":"#texture"},"up":{"uv":[7.5,1.5,10,4],"texture":"#texture"}}},{"from":[3.75,0.75,5.5],"to":[4,1.25,5.75],"faces":{"north":{"uv":[1.75,7.5,4,10],"texture":"#texture"},"south":{"uv":[1.25,7.25,4.5,10],"texture":"#texture"},"west":{"uv":[1.75,7.5,3.75,10],"texture":"#texture"},"up":{"uv":[2,7.5,4.5,10.5],"texture":"#texture"},"down":{"uv":[0.75,7.75,4,10],"texture":"#texture"}}},{"from":[3.75,0.75,6.25],"to":[4,1.25,6.5],"faces":{"north":{"uv":[1.75,7.5,4,10],"texture":"#texture"},"south":{"uv":[1.25,7.25,4.5,10],"texture":"#texture"},"west":{"uv":[1.75,7.5,3.75,10],"texture":"#texture"},"up":{"uv":[2,7.5,4.5,10.5],"texture":"#texture"},"down":{"uv":[0.75,7.75,4,10],"texture":"#texture"}}},{"from":[3.75,0.75,5.875],"to":[4,1.25,6.125],"faces":{"north":{"uv":[1.75,7.5,4,10],"texture":"#texture"},"south":{"uv":[1.25,7.25,4.5,10],"texture":"#texture"},"west":{"uv":[1.75,7.5,3.75,10],"texture":"#texture"},"up":{"uv":[2,7.5,4.5,10.5],"texture":"#texture"},"down":{"uv":[0.75,7.75,4,10],"texture":"#texture"}}},{"from":[3.5,0.75,6.25],"to":[3.75,1,6.5],"faces":{"north":{"uv":[1.75,7.5,4,10],"texture":"#texture"},"south":{"uv":[1.25,7.25,4.5,10],"texture":"#texture"},"west":{"uv":[1.75,7.5,3.75,10],"texture":"#texture"},"down":{"uv":[0.75,7.75,4,10],"texture":"#texture"}}},{"from":[3.5,0.75,5.875],"to":[3.75,1,6.125],"faces":{"north":{"uv":[1.75,7.5,4,10],"texture":"#texture"},"south":{"uv":[1.25,7.25,4.5,10],"texture":"#texture"},"west":{"uv":[1.75,7.5,3.75,10],"texture":"#texture"},"down":{"uv":[0.75,7.75,4,10],"texture":"#texture"}}},{"from":[3.5,0.75,5.5],"to":[3.75,1,5.75],"faces":{"north":{"uv":[1.75,7.5,4,10],"texture":"#texture"},"south":{"uv":[1.25,7.25,4.5,10],"texture":"#texture"},"west":{"uv":[1.75,7.5,3.75,10],"texture":"#texture"},"down":{"uv":[0.75,7.75,4,10],"texture":"#texture"}}},{"from":[3.5,0.65,6.25],"to":[3.85,1,6.5],"rotation":{"angle":45,"axis":"z","origin":[3.5,1,6.25]},"faces":{"north":{"uv":[1.75,7.5,4,10],"texture":"#texture"},"east":{"uv":[1.5,7.25,3.75,10.25],"texture":"#texture"},"south":{"uv":[1.25,7.25,4.5,10],"texture":"#texture"},"up":{"uv":[2,7.5,4.5,10.5],"texture":"#texture"}}},{"from":[3.5,0.65,5.875],"to":[3.85,1,6.125],"rotation":{"angle":45,"axis":"z","origin":[3.5,1,5.875]},"faces":{"north":{"uv":[1.75,7.5,4,10],"texture":"#texture"},"east":{"uv":[1.5,7.25,3.75,10.25],"texture":"#texture"},"south":{"uv":[1.25,7.25,4.5,10],"texture":"#texture"},"up":{"uv":[2,7.5,4.5,10.5],"texture":"#texture"}}},{"from":[3.5,0.65,5.5],"to":[3.85,1,5.75],"rotation":{"angle":45,"axis":"z","origin":[3.5,1,5.5]},"faces":{"north":{"uv":[1.75,7.5,4,10],"texture":"#texture"},"east":{"uv":[1.5,7.25,3.75,10.25],"texture":"#texture"},"south":{"uv":[1.25,7.25,4.5,10],"texture":"#texture"},"up":{"uv":[2,7.5,4.5,10.5],"texture":"#texture"}}},{"from":[6,2.04,5.5],"to":[7.41,2.75,6.5],"rotation":{"angle":-45,"axis":"z","origin":[6,2.75,5.5]},"faces":{"north":{"uv":[1.75,1.75,3.5,3.5],"texture":"#texture"},"east":{"uv":[1.5,2.125,4.25,3.875],"texture":"#texture"},"south":{"uv":[1.625,2.375,3.625,4.375],"texture":"#texture"}}},{"from":[5.75,1.8,5.5],"to":[7.18,2.51,6.5],"rotation":{"angle":-45,"axis":"z","origin":[5.75,2.51,5.5]},"faces":{"north":{"uv":[0.25,0.25,15.75,8.25],"texture":"#foot_side"},"east":{"uv":[0.25,0.25,6.75,8.25],"texture":"#foot_side"},"south":{"uv":[0.25,0.25,15.75,8.25],"texture":"#foot_side"},"west":{"uv":[11.25,0.25,15.75,8.25],"texture":"#foot_side"},"up":{"uv":[5,9.25,8.5,12.25],"texture":"#foot_side"},"down":{"uv":[5.5,9.25,8.75,13.5],"texture":"#foot_side"}}},{"from":[5.75,1.79,5.49],"to":[7.16,2.5,6.51],"rotation":{"angle":-45,"axis":"z","origin":[5.75,2.5,5.49]},"faces":{"north":{"uv":[0.25,0.25,15.75,8.25],"texture":"#foot_side"},"east":{"uv":[0.25,0.25,6.75,8.25],"texture":"#foot_side"},"south":{"uv":[0.25,0.25,15.75,8.25],"texture":"#foot_side"},"west":{"uv":[11.25,0.25,15.75,8.25],"texture":"#foot_side"},"up":{"uv":[5,9.25,8.5,12.25],"texture":"#foot_side"},"down":{"uv":[5.5,9.25,8.75,13.5],"texture":"#foot_side"}}},{"from":[5.75,1.75,9.5],"to":[7,3.25,10.5],"faces":{"north":{"uv":[1.25,1,3,2.75],"texture":"#texture"},"east":{"uv":[1.25,1.5,4,3.25],"texture":"#texture"},"south":{"uv":[1.25,1.75,3.25,3.75],"texture":"#texture"},"west":{"uv":[1.75,2,4.5,4.25],"texture":"#texture"},"up":{"uv":[2.75,1.75,5.25,4.25],"texture":"#texture"},"down":{"uv":[1.75,1.75,3.75,4.25],"texture":"#texture"}}},{"from":[5.75,3.25,9.25],"to":[7,4.5,11],"rotation":{"angle":45,"axis":"x","origin":[5.75,4.5,9.25]},"faces":{"north":{"uv":[1.25,1,3,2.75],"texture":"#texture"},"east":{"uv":[1.25,1.5,4,3.25],"texture":"#texture"},"south":{"uv":[1.25,1.75,3.25,3.75],"texture":"#texture"},"west":{"uv":[1.75,2,4.5,4.25],"texture":"#texture"},"up":{"uv":[2.75,1.75,5.25,4.25],"texture":"#texture"},"down":{"uv":[1.75,1.75,3.75,4.25],"texture":"#texture"}}},{"from":[5.5,1.54,9.5],"to":[6.91,2.25,10.5],"rotation":{"angle":-45,"axis":"z","origin":[5.5,2.25,9.5]},"faces":{"north":{"uv":[8,1.75,9.75,3.5],"texture":"#texture"},"east":{"uv":[7.25,1.5,10,3.25],"texture":"#texture"},"south":{"uv":[8,1.75,10,3.75],"texture":"#texture"},"west":{"uv":[7.5,1.25,10.25,3.5],"texture":"#texture"}}},{"from":[4,0.75,9.5],"to":[6,1.375,10.5],"faces":{"north":{"uv":[8,1.75,9.75,3.5],"texture":"#texture"},"east":{"uv":[7.25,1.5,10,3.25],"texture":"#texture"},"south":{"uv":[8,1.75,10,3.75],"texture":"#texture"},"west":{"uv":[7.5,1.25,10.25,3.5],"texture":"#texture"},"down":{"uv":[7.75,1.25,9.75,3.75],"texture":"#texture"}}},{"from":[4,0.75,9.5],"to":[5.4375,1.375,10.5],"rotation":{"angle":22.5,"axis":"z","origin":[4,1.375,9.5]},"faces":{"north":{"uv":[8,1.75,9.75,3.5],"texture":"#texture"},"south":{"uv":[8,1.75,10,3.75],"texture":"#texture"},"up":{"uv":[7.5,1.5,10,4],"texture":"#texture"}}},{"from":[3.75,0.75,9.5],"to":[4,1.25,9.75],"faces":{"north":{"uv":[1.75,7.5,4,10],"texture":"#texture"},"south":{"uv":[1.25,7.25,4.5,10],"texture":"#texture"},"west":{"uv":[1.75,7.5,3.75,10],"texture":"#texture"},"up":{"uv":[2,7.5,4.5,10.5],"texture":"#texture"},"down":{"uv":[0.75,7.75,4,10],"texture":"#texture"}}},{"from":[3.75,0.75,10.25],"to":[4,1.25,10.5],"faces":{"north":{"uv":[1.75,7.5,4,10],"texture":"#texture"},"south":{"uv":[1.25,7.25,4.5,10],"texture":"#texture"},"west":{"uv":[1.75,7.5,3.75,10],"texture":"#texture"},"up":{"uv":[2,7.5,4.5,10.5],"texture":"#texture"},"down":{"uv":[0.75,7.75,4,10],"texture":"#texture"}}},{"from":[3.75,0.75,9.875],"to":[4,1.25,10.125],"faces":{"north":{"uv":[1.75,7.5,4,10],"texture":"#texture"},"south":{"uv":[1.25,7.25,4.5,10],"texture":"#texture"},"west":{"uv":[1.75,7.5,3.75,10],"texture":"#texture"},"up":{"uv":[2,7.5,4.5,10.5],"texture":"#texture"},"down":{"uv":[0.75,7.75,4,10],"texture":"#texture"}}},{"from":[3.5,0.75,10.25],"to":[3.75,1,10.5],"faces":{"north":{"uv":[1.75,7.5,4,10],"texture":"#texture"},"south":{"uv":[1.25,7.25,4.5,10],"texture":"#texture"},"west":{"uv":[1.75,7.5,3.75,10],"texture":"#texture"},"down":{"uv":[0.75,7.75,4,10],"texture":"#texture"}}},{"from":[3.5,0.75,9.875],"to":[3.75,1,10.125],"faces":{"north":{"uv":[1.75,7.5,4,10],"texture":"#texture"},"south":{"uv":[1.25,7.25,4.5,10],"texture":"#texture"},"west":{"uv":[1.75,7.5,3.75,10],"texture":"#texture"},"down":{"uv":[0.75,7.75,4,10],"texture":"#texture"}}},{"from":[3.5,0.75,9.5],"to":[3.75,1,9.75],"faces":{"north":{"uv":[1.75,7.5,4,10],"texture":"#texture"},"south":{"uv":[1.25,7.25,4.5,10],"texture":"#texture"},"west":{"uv":[1.75,7.5,3.75,10],"texture":"#texture"},"down":{"uv":[0.75,7.75,4,10],"texture":"#texture"}}},{"from":[3.5,0.65,10.25],"to":[3.85,1,10.5],"rotation":{"angle":45,"axis":"z","origin":[3.5,1,10.25]},"faces":{"north":{"uv":[1.75,7.5,4,10],"texture":"#texture"},"east":{"uv":[1.5,7.25,3.75,10.25],"texture":"#texture"},"south":{"uv":[1.25,7.25,4.5,10],"texture":"#texture"},"up":{"uv":[2,7.5,4.5,10.5],"texture":"#texture"}}},{"from":[3.5,0.65,9.875],"to":[3.85,1,10.125],"rotation":{"angle":45,"axis":"z","origin":[3.5,1,9.875]},"faces":{"north":{"uv":[1.75,7.5,4,10],"texture":"#texture"},"east":{"uv":[1.5,7.25,3.75,10.25],"texture":"#texture"},"south":{"uv":[1.25,7.25,4.5,10],"texture":"#texture"},"up":{"uv":[2,7.5,4.5,10.5],"texture":"#texture"}}},{"from":[3.5,0.65,9.5],"to":[3.85,1,9.75],"rotation":{"angle":45,"axis":"z","origin":[3.5,1,9.5]},"faces":{"north":{"uv":[1.75,7.5,4,10],"texture":"#texture"},"east":{"uv":[1.5,7.25,3.75,10.25],"texture":"#texture"},"south":{"uv":[1.25,7.25,4.5,10],"texture":"#texture"},"up":{"uv":[2,7.5,4.5,10.5],"texture":"#texture"}}},{"from":[6,2.04,9.5],"to":[7.41,2.75,10.5],"rotation":{"angle":-45,"axis":"z","origin":[6,2.75,9.5]},"faces":{"north":{"uv":[1.75,1.75,3.5,3.5],"texture":"#texture"},"east":{"uv":[1.5,2.125,4.25,3.875],"texture":"#texture"},"south":{"uv":[1.625,2.375,3.625,4.375],"texture":"#texture"}}},{"from":[5.75,1.8,9.5],"to":[7.18,2.51,10.5],"rotation":{"angle":-45,"axis":"z","origin":[5.75,2.51,9.5]},"faces":{"north":{"uv":[0.25,0.25,15.75,8.25],"texture":"#foot_side"},"east":{"uv":[0.25,0.25,6.75,8.25],"texture":"#foot_side"},"south":{"uv":[0.25,0.25,15.75,8.25],"texture":"#foot_side"},"west":{"uv":[11.25,0.25,15.75,8.25],"texture":"#foot_side"},"up":{"uv":[5,9.25,8.5,12.25],"texture":"#foot_side"},"down":{"uv":[5.5,9.25,8.75,13.5],"texture":"#foot_side"}}},{"from":[5.75,1.79,9.49],"to":[7.16,2.5,10.51],"rotation":{"angle":-45,"axis":"z","origin":[5.75,2.5,9.49]},"faces":{"north":{"uv":[0.25,0.25,15.75,8.25],"texture":"#foot_side"},"east":{"uv":[0.25,0.25,6.75,8.25],"texture":"#foot_side"},"south":{"uv":[0.25,0.25,15.75,8.25],"texture":"#foot_side"},"west":{"uv":[11.25,0.25,15.75,8.25],"texture":"#foot_side"},"up":{"uv":[5,9.25,8.5,12.25],"texture":"#foot_side"},"down":{"uv":[5.5,9.25,8.75,13.5],"texture":"#foot_side"}}},{"from":[9.25,0.75,10],"to":[10.0625,1.375,11],"faces":{"north":{"uv":[8,1.75,9.75,3.5],"texture":"#texture"},"south":{"uv":[8,1.75,10,3.75],"texture":"#texture"},"west":{"uv":[7.5,1.25,10.25,3.5],"texture":"#texture"},"up":{"uv":[7.5,1.5,10,4],"texture":"#texture"},"down":{"uv":[7.75,1.25,9.75,3.75],"texture":"#texture"}}},{"from":[9,0.75,10],"to":[9.25,1.25,10.25],"faces":{"north":{"uv":[1.75,7.5,4,10],"texture":"#texture"},"south":{"uv":[1.25,7.25,4.5,10],"texture":"#texture"},"west":{"uv":[1.75,7.5,3.75,10],"texture":"#texture"},"up":{"uv":[2,7.5,4.5,10.5],"texture":"#texture"},"down":{"uv":[0.75,7.75,4,10],"texture":"#texture"}}},{"from":[9,0.75,10.75],"to":[9.25,1.25,11],"faces":{"north":{"uv":[1.75,7.5,4,10],"texture":"#texture"},"south":{"uv":[1.25,7.25,4.5,10],"texture":"#texture"},"west":{"uv":[1.75,7.5,3.75,10],"texture":"#texture"},"up":{"uv":[2,7.5,4.5,10.5],"texture":"#texture"},"down":{"uv":[0.75,7.75,4,10],"texture":"#texture"}}},{"from":[9,0.75,10.375],"to":[9.25,1.25,10.625],"faces":{"north":{"uv":[1.75,7.5,4,10],"texture":"#texture"},"south":{"uv":[1.25,7.25,4.5,10],"texture":"#texture"},"west":{"uv":[1.75,7.5,3.75,10],"texture":"#texture"},"up":{"uv":[2,7.5,4.5,10.5],"texture":"#texture"},"down":{"uv":[0.75,7.75,4,10],"texture":"#texture"}}},{"from":[8.75,0.75,10.75],"to":[9,1,11],"faces":{"north":{"uv":[1.75,7.5,4,10],"texture":"#texture"},"south":{"uv":[1.25,7.25,4.5,10],"texture":"#texture"},"west":{"uv":[1.75,7.5,3.75,10],"texture":"#texture"},"down":{"uv":[0.75,7.75,4,10],"texture":"#texture"}}},{"from":[8.75,0.75,10.375],"to":[9,1,10.625],"faces":{"north":{"uv":[1.75,7.5,4,10],"texture":"#texture"},"south":{"uv":[1.25,7.25,4.5,10],"texture":"#texture"},"west":{"uv":[1.75,7.5,3.75,10],"texture":"#texture"},"down":{"uv":[0.75,7.75,4,10],"texture":"#texture"}}},{"from":[8.75,0.75,10],"to":[9,1,10.25],"faces":{"north":{"uv":[1.75,7.5,4,10],"texture":"#texture"},"south":{"uv":[1.25,7.25,4.5,10],"texture":"#texture"},"west":{"uv":[1.75,7.5,3.75,10],"texture":"#texture"},"down":{"uv":[0.75,7.75,4,10],"texture":"#texture"}}},{"from":[8.75,0.65,10.75],"to":[9.1,1,11],"rotation":{"angle":45,"axis":"z","origin":[8.75,1,10.75]},"faces":{"north":{"uv":[1.75,7.5,4,10],"texture":"#texture"},"east":{"uv":[1.5,7.25,3.75,10.25],"texture":"#texture"},"south":{"uv":[1.25,7.25,4.5,10],"texture":"#texture"},"up":{"uv":[2,7.5,4.5,10.5],"texture":"#texture"}}},{"from":[8.75,0.65,10.375],"to":[9.1,1,10.625],"rotation":{"angle":45,"axis":"z","origin":[8.75,1,10.375]},"faces":{"north":{"uv":[1.75,7.5,4,10],"texture":"#texture"},"east":{"uv":[1.5,7.25,3.75,10.25],"texture":"#texture"},"south":{"uv":[1.25,7.25,4.5,10],"texture":"#texture"},"up":{"uv":[2,7.5,4.5,10.5],"texture":"#texture"}}},{"from":[8.75,0.65,10],"to":[9.1,1,10.25],"rotation":{"angle":45,"axis":"z","origin":[8.75,1,10]},"faces":{"north":{"uv":[1.75,7.5,4,10],"texture":"#texture"},"east":{"uv":[1.5,7.25,3.75,10.25],"texture":"#texture"},"south":{"uv":[1.25,7.25,4.5,10],"texture":"#texture"},"up":{"uv":[2,7.5,4.5,10.5],"texture":"#texture"}}},{"from":[9.625,0.5625,10],"to":[11.035,1.1875,11],"rotation":{"angle":45,"axis":"z","origin":[9.625,1.1875,10]},"faces":{"north":{"uv":[8,1.75,9.75,3.5],"texture":"#texture"},"south":{"uv":[8,1.75,10,3.75],"texture":"#texture"},"west":{"uv":[7.5,1.25,10.25,3.5],"texture":"#texture"},"up":{"uv":[7.5,1.5,10,4],"texture":"#texture"},"down":{"uv":[7.75,1.25,9.75,3.75],"texture":"#texture"}}},{"from":[9.625,0.875,10],"to":[10.25,2.25,11],"rotation":{"angle":45,"axis":"z","origin":[9.625,2.25,10]},"faces":{"north":{"uv":[8,1.75,9.75,3.5],"texture":"#texture"},"south":{"uv":[8,1.75,10,3.75],"texture":"#texture"},"west":{"uv":[7.5,1.25,10.25,3.5],"texture":"#texture"}}},{"from":[9.625,2.25,10],"to":[11,4.25,11],"faces":{"south":{"uv":[0.875,1.875,2.875,3.875],"texture":"#texture"},"up":{"uv":[0.75,1.125,3.25,3.625],"texture":"#texture"}}},{"from":[10.5,1.75,10],"to":[11,2.25,11],"faces":{"north":{"uv":[8,1.75,9.75,3.5],"texture":"#texture"},"south":{"uv":[8,1.75,10,3.75],"texture":"#texture"}}},{"from":[10.625,1.5,10],"to":[11.125,2,11],"rotation":{"angle":45,"axis":"z","origin":[10.625,2,10]},"faces":{"north":{"uv":[8,1.75,9.75,3.5],"texture":"#texture"},"east":{"uv":[7.25,1.5,10,3.25],"texture":"#texture"},"south":{"uv":[8,1.75,10,3.75],"texture":"#texture"},"west":{"uv":[7.5,1.25,10.25,3.5],"texture":"#texture"},"down":{"uv":[7.75,1.25,9.75,3.75],"texture":"#texture"}}},{"from":[9.615,2.25,10],"to":[11.005,2.875,11],"faces":{"north":{"uv":[0.25,0.25,15.75,8.25],"texture":"#foot_side"},"east":{"uv":[0.25,0.25,6.75,8.25],"texture":"#foot_side"},"south":{"uv":[0.25,0.25,15.75,8.25],"texture":"#foot_side"},"west":{"uv":[11.25,0.25,15.75,8.25],"texture":"#foot_side"},"up":{"uv":[5,9.25,8.5,12.25],"texture":"#foot_side"},"down":{"uv":[5.5,9.25,8.75,13.5],"texture":"#foot_side"}}},{"from":[9.625,2.25,9.995],"to":[11,2.875,11.005],"faces":{"north":{"uv":[0.25,0.25,15.75,8.25],"texture":"#foot_side"},"east":{"uv":[0.25,0.25,6.75,8.25],"texture":"#foot_side"},"south":{"uv":[0.25,0.25,15.75,8.25],"texture":"#foot_side"},"west":{"uv":[11.25,0.25,15.75,8.25],"texture":"#foot_side"},"up":{"uv":[5,9.25,8.5,12.25],"texture":"#foot_side"},"down":{"uv":[5.5,9.25,8.75,13.5],"texture":"#foot_side"}}},{"from":[9.125,2.75,10],"to":[11.5,4.25,10.5],"faces":{"east":{"uv":[1.375,2.25,4.125,4],"texture":"#texture"},"west":{"uv":[0.75,3,3.5,5.25],"texture":"#texture"},"down":{"uv":[2.25,1.125,4.25,3.625],"texture":"#texture"}}},{"from":[9.625,3.84,10],"to":[11,5.25,11.41],"rotation":{"angle":45,"axis":"x","origin":[9.625,5.25,10]},"faces":{"east":{"uv":[1.375,2.25,4.125,4],"texture":"#texture"},"south":{"uv":[0.875,1.875,2.875,3.875],"texture":"#texture"},"west":{"uv":[0.75,3,3.5,5.25],"texture":"#texture"},"up":{"uv":[0.75,1.125,3.25,3.625],"texture":"#texture"}}},{"from":[9.125,3.54,10],"to":[9.835,4.25,10.5],"rotation":{"angle":45,"axis":"z","origin":[9.125,4.25,10]},"faces":{"north":{"uv":[3,1.875,4.75,3.625],"texture":"#texture"},"east":{"uv":[1.375,2.25,4.125,4],"texture":"#texture"},"south":{"uv":[0.875,1.875,2.875,3.875],"texture":"#texture"},"up":{"uv":[0.75,1.125,3.25,3.625],"texture":"#texture"}}},{"from":[11,4.04,10],"to":[11.71,4.75,10.5],"rotation":{"angle":-45,"axis":"z","origin":[11,4.75,10]},"faces":{"north":{"uv":[3,1.875,4.75,3.625],"texture":"#texture"},"east":{"uv":[1.375,2.25,4.125,4],"texture":"#texture"},"south":{"uv":[0.875,1.875,2.875,3.875],"texture":"#texture"},"west":{"uv":[0.75,3,3.5,5.25],"texture":"#texture"},"up":{"uv":[0.75,1.125,3.25,3.625],"texture":"#texture"}}},{"from":[9.125,2.75,10.5],"to":[9.835,4.25,11.21],"rotation":{"angle":45,"axis":"y","origin":[9.125,2.75,10.5]},"faces":{"south":{"uv":[0.875,1.875,2.875,3.875],"texture":"#texture"},"west":{"uv":[0.75,3,3.5,5.25],"texture":"#texture"},"up":{"uv":[0.75,1.125,3.25,3.625],"texture":"#texture"},"down":{"uv":[2.25,1.125,4.25,3.625],"texture":"#texture"}}},{"from":[11,2.75,10],"to":[11.71,4.25,10.71],"rotation":{"angle":-45,"axis":"y","origin":[11,2.75,10]},"faces":{"north":{"uv":[3,1.875,4.75,3.625],"texture":"#texture"},"east":{"uv":[1.375,2.25,4.125,4],"texture":"#texture"},"south":{"uv":[0.875,1.875,2.875,3.875],"texture":"#texture"},"up":{"uv":[0.75,1.125,3.25,3.625],"texture":"#texture"},"down":{"uv":[2.25,1.125,4.25,3.625],"texture":"#texture"}}},{"from":[9.25,0.75,5],"to":[10.0625,1.375,6],"faces":{"north":{"uv":[8,1.75,9.75,3.5],"texture":"#texture"},"south":{"uv":[8,1.75,10,3.75],"texture":"#texture"},"west":{"uv":[7.5,1.25,10.25,3.5],"texture":"#texture"},"up":{"uv":[7.5,1.5,10,4],"texture":"#texture"},"down":{"uv":[7.75,1.25,9.75,3.75],"texture":"#texture"}}},{"from":[9,0.75,5],"to":[9.25,1.25,5.25],"faces":{"north":{"uv":[1.75,7.5,4,10],"texture":"#texture"},"south":{"uv":[1.25,7.25,4.5,10],"texture":"#texture"},"west":{"uv":[1.75,7.5,3.75,10],"texture":"#texture"},"up":{"uv":[2,7.5,4.5,10.5],"texture":"#texture"},"down":{"uv":[0.75,7.75,4,10],"texture":"#texture"}}},{"from":[9,0.75,5.75],"to":[9.25,1.25,6],"faces":{"north":{"uv":[1.75,7.5,4,10],"texture":"#texture"},"south":{"uv":[1.25,7.25,4.5,10],"texture":"#texture"},"west":{"uv":[1.75,7.5,3.75,10],"texture":"#texture"},"up":{"uv":[2,7.5,4.5,10.5],"texture":"#texture"},"down":{"uv":[0.75,7.75,4,10],"texture":"#texture"}}},{"from":[9,0.75,5.375],"to":[9.25,1.25,5.625],"faces":{"north":{"uv":[1.75,7.5,4,10],"texture":"#texture"},"south":{"uv":[1.25,7.25,4.5,10],"texture":"#texture"},"west":{"uv":[1.75,7.5,3.75,10],"texture":"#texture"},"up":{"uv":[2,7.5,4.5,10.5],"texture":"#texture"},"down":{"uv":[0.75,7.75,4,10],"texture":"#texture"}}},{"from":[8.75,0.75,5.75],"to":[9,1,6],"faces":{"north":{"uv":[1.75,7.5,4,10],"texture":"#texture"},"south":{"uv":[1.25,7.25,4.5,10],"texture":"#texture"},"west":{"uv":[1.75,7.5,3.75,10],"texture":"#texture"},"down":{"uv":[0.75,7.75,4,10],"texture":"#texture"}}},{"from":[8.75,0.75,5.375],"to":[9,1,5.625],"faces":{"north":{"uv":[1.75,7.5,4,10],"texture":"#texture"},"south":{"uv":[1.25,7.25,4.5,10],"texture":"#texture"},"west":{"uv":[1.75,7.5,3.75,10],"texture":"#texture"},"down":{"uv":[0.75,7.75,4,10],"texture":"#texture"}}},{"from":[8.75,0.75,5],"to":[9,1,5.25],"faces":{"north":{"uv":[1.75,7.5,4,10],"texture":"#texture"},"south":{"uv":[1.25,7.25,4.5,10],"texture":"#texture"},"west":{"uv":[1.75,7.5,3.75,10],"texture":"#texture"},"down":{"uv":[0.75,7.75,4,10],"texture":"#texture"}}},{"from":[8.75,0.65,5.75],"to":[9.1,1,6],"rotation":{"angle":45,"axis":"z","origin":[8.75,1,5.75]},"faces":{"north":{"uv":[1.75,7.5,4,10],"texture":"#texture"},"east":{"uv":[1.5,7.25,3.75,10.25],"texture":"#texture"},"south":{"uv":[1.25,7.25,4.5,10],"texture":"#texture"},"up":{"uv":[2,7.5,4.5,10.5],"texture":"#texture"}}},{"from":[8.75,0.65,5.375],"to":[9.1,1,5.625],"rotation":{"angle":45,"axis":"z","origin":[8.75,1,5.375]},"faces":{"north":{"uv":[1.75,7.5,4,10],"texture":"#texture"},"east":{"uv":[1.5,7.25,3.75,10.25],"texture":"#texture"},"south":{"uv":[1.25,7.25,4.5,10],"texture":"#texture"},"up":{"uv":[2,7.5,4.5,10.5],"texture":"#texture"}}},{"from":[8.75,0.65,5],"to":[9.1,1,5.25],"rotation":{"angle":45,"axis":"z","origin":[8.75,1,5]},"faces":{"north":{"uv":[1.75,7.5,4,10],"texture":"#texture"},"east":{"uv":[1.5,7.25,3.75,10.25],"texture":"#texture"},"south":{"uv":[1.25,7.25,4.5,10],"texture":"#texture"},"up":{"uv":[2,7.5,4.5,10.5],"texture":"#texture"}}},{"from":[9.625,0.5625,5],"to":[11.035,1.1875,6],"rotation":{"angle":45,"axis":"z","origin":[9.625,1.1875,5]},"faces":{"north":{"uv":[8,1.75,9.75,3.5],"texture":"#texture"},"south":{"uv":[8,1.75,10,3.75],"texture":"#texture"},"west":{"uv":[7.5,1.25,10.25,3.5],"texture":"#texture"},"up":{"uv":[7.5,1.5,10,4],"texture":"#texture"},"down":{"uv":[7.75,1.25,9.75,3.75],"texture":"#texture"}}},{"from":[9.625,0.875,5],"to":[10.25,2.25,6],"rotation":{"angle":45,"axis":"z","origin":[9.625,2.25,5]},"faces":{"north":{"uv":[8,1.75,9.75,3.5],"texture":"#texture"},"south":{"uv":[8,1.75,10,3.75],"texture":"#texture"},"west":{"uv":[7.5,1.25,10.25,3.5],"texture":"#texture"}}},{"from":[9.625,2.25,5],"to":[11,4.25,6],"faces":{"north":{"uv":[3,1.875,4.75,3.625],"texture":"#texture"}}},{"from":[10.5,1.75,5],"to":[11,2.25,6],"faces":{"north":{"uv":[8,1.75,9.75,3.5],"texture":"#texture"},"south":{"uv":[8,1.75,10,3.75],"texture":"#texture"}}},{"from":[10.625,1.5,5],"to":[11.125,2,6],"rotation":{"angle":45,"axis":"z","origin":[10.625,2,5]},"faces":{"north":{"uv":[8,1.75,9.75,3.5],"texture":"#texture"},"east":{"uv":[7.25,1.5,10,3.25],"texture":"#texture"},"south":{"uv":[8,1.75,10,3.75],"texture":"#texture"},"west":{"uv":[7.5,1.25,10.25,3.5],"texture":"#texture"},"down":{"uv":[7.75,1.25,9.75,3.75],"texture":"#texture"}}},{"from":[9.615,2.25,5],"to":[11.005,2.875,6],"faces":{"north":{"uv":[0.25,0.25,15.75,8.25],"texture":"#foot_side"},"east":{"uv":[0.25,0.25,6.75,8.25],"texture":"#foot_side"},"south":{"uv":[0.25,0.25,15.75,8.25],"texture":"#foot_side"},"west":{"uv":[11.25,0.25,15.75,8.25],"texture":"#foot_side"},"up":{"uv":[5,9.25,8.5,12.25],"texture":"#foot_side"},"down":{"uv":[5.5,9.25,8.75,13.5],"texture":"#foot_side"}}},{"from":[9.625,2.25,4.995],"to":[11,2.875,6.005],"faces":{"north":{"uv":[0.25,0.25,15.75,8.25],"texture":"#foot_side"},"east":{"uv":[0.25,0.25,6.75,8.25],"texture":"#foot_side"},"south":{"uv":[0.25,0.25,15.75,8.25],"texture":"#foot_side"},"west":{"uv":[11.25,0.25,15.75,8.25],"texture":"#foot_side"},"up":{"uv":[5,9.25,8.5,12.25],"texture":"#foot_side"},"down":{"uv":[5.5,9.25,8.75,13.5],"texture":"#foot_side"}}},{"from":[9.125,2.75,5.5],"to":[11.5,4.25,6],"faces":{"east":{"uv":[1.375,2.25,4.125,4],"texture":"#texture"},"west":{"uv":[0.75,3,3.5,5.25],"texture":"#texture"},"down":{"uv":[2.25,1.125,4.25,3.625],"texture":"#texture"}}},{"from":[9.625,2.84,5],"to":[11,4.25,6.41],"rotation":{"angle":-45,"axis":"x","origin":[9.625,4.25,5]},"faces":{"east":{"uv":[1.375,2.25,4.125,4],"texture":"#texture"},"south":{"uv":[0.875,1.875,2.875,3.875],"texture":"#texture"},"west":{"uv":[0.75,3,3.5,5.25],"texture":"#texture"},"up":{"uv":[0.75,1.125,3.25,3.625],"texture":"#texture"}}},{"from":[9.125,3.54,5.5],"to":[9.835,4.25,6],"rotation":{"angle":45,"axis":"z","origin":[9.125,4.25,5.5]},"faces":{"north":{"uv":[3,1.875,4.75,3.625],"texture":"#texture"},"east":{"uv":[1.375,2.25,4.125,4],"texture":"#texture"},"south":{"uv":[0.875,1.875,2.875,3.875],"texture":"#texture"},"up":{"uv":[0.75,1.125,3.25,3.625],"texture":"#texture"}}},{"from":[11,4.04,5.5],"to":[11.71,4.75,6],"rotation":{"angle":-45,"axis":"z","origin":[11,4.75,5.5]},"faces":{"north":{"uv":[3,1.875,4.75,3.625],"texture":"#texture"},"east":{"uv":[1.375,2.25,4.125,4],"texture":"#texture"},"south":{"uv":[0.875,1.875,2.875,3.875],"texture":"#texture"},"west":{"uv":[0.75,3,3.5,5.25],"texture":"#texture"},"up":{"uv":[0.75,1.125,3.25,3.625],"texture":"#texture"}}},{"from":[9.125,2.75,5.5],"to":[9.835,4.25,6.21],"rotation":{"angle":45,"axis":"y","origin":[9.125,2.75,5.5]},"faces":{"north":{"uv":[3,1.875,4.75,3.625],"texture":"#texture"},"east":{"uv":[1.375,2.25,4.125,4],"texture":"#texture"},"up":{"uv":[0.75,1.125,3.25,3.625],"texture":"#texture"},"down":{"uv":[2.25,1.125,4.25,3.625],"texture":"#texture"}}},{"from":[11,2.75,5],"to":[11.71,4.25,5.71],"rotation":{"angle":-45,"axis":"y","origin":[11,2.75,5]},"faces":{"north":{"uv":[3,1.875,4.75,3.625],"texture":"#texture"},"east":{"uv":[1.375,2.25,4.125,4],"texture":"#texture"},"up":{"uv":[0.75,1.125,3.25,3.625],"texture":"#texture"},"down":{"uv":[2.25,1.125,4.25,3.625],"texture":"#texture"}}},{"from":[12.25,3,6.5],"to":[13.25,6.25,9.5],"faces":{"north":{"uv":[9.25,1.25,11,3],"texture":"#texture"},"east":{"uv":[7,1.5,9.75,3.25],"texture":"#texture"},"south":{"uv":[7.5,1.25,9.5,3.25],"texture":"#texture"},"west":{"uv":[7.75,2,10.5,4.25],"texture":"#texture"},"down":{"uv":[7,1.5,9,4],"texture":"#texture"}}},{"from":[5.4375,6.25,6.5],"to":[11.75,6.75,9.5],"faces":{"north":{"uv":[9.25,1.25,11,3],"texture":"#texture"},"south":{"uv":[7.5,1.25,9.5,3.25],"texture":"#texture"},"west":{"uv":[7.75,2,10.5,4.25],"texture":"#texture"},"up":{"uv":[8.5,1.25,11,3.75],"texture":"#texture"},"down":{"uv":[7,1.5,9,4],"texture":"#texture"}}},{"from":[12.25,6.02,6.5],"to":[13.66,7.25,9.5],"rotation":{"angle":-45,"axis":"z","origin":[12.25,7.25,6.5]},"faces":{"north":{"uv":[9.25,1.25,11,3],"texture":"#texture"},"south":{"uv":[7.5,1.25,9.5,3.25],"texture":"#texture"},"down":{"uv":[7,1.5,9,4],"texture":"#texture"}}},{"from":[3,5.25,6.5],"to":[5.625,5.75,9.5],"rotation":{"angle":22.5,"axis":"z","origin":[3,5.75,6.5]},"faces":{"north":{"uv":[9.25,1.25,11,3],"texture":"#texture"},"east":{"uv":[7,1.5,9.75,3.25],"texture":"#texture"},"south":{"uv":[7.5,1.25,9.5,3.25],"texture":"#texture"},"west":{"uv":[7.75,2,10.5,4.25],"texture":"#texture"},"up":{"uv":[8.5,1.25,11,3.75],"texture":"#texture"},"down":{"uv":[7,1.5,9,4],"texture":"#texture"}}},{"from":[1.5,5.25,6.5],"to":[3,6.5,9.5],"faces":{"north":{"uv":[9.25,1.25,11,3],"texture":"#texture"},"east":{"uv":[7,1.5,9.75,3.25],"texture":"#texture"},"south":{"uv":[7.5,1.25,9.5,3.25],"texture":"#texture"},"west":{"uv":[7.75,2,10.5,4.25],"texture":"#texture"},"up":{"uv":[8.5,1.25,11,3.75],"texture":"#texture"},"down":{"uv":[7,1.5,9,4],"texture":"#texture"}}},{"from":[2.875,5.4375,6.5],"to":[3.375,5.6875,9.5],"rotation":{"angle":22.5,"axis":"z","origin":[2.875,5.6875,6.5]},"faces":{"north":{"uv":[9.25,1.25,11,3],"texture":"#texture"},"south":{"uv":[7.5,1.25,9.5,3.25],"texture":"#texture"},"up":{"uv":[8.5,1.25,11,3.75],"texture":"#texture"}}},{"from":[2.9075,5.2,6.5],"to":[3.4075,5.45,9.5],"rotation":{"angle":22.5,"axis":"z","origin":[2.9075,5.45,6.5]},"faces":{"north":{"uv":[9.25,1.25,11,3],"texture":"#texture"},"south":{"uv":[7.5,1.25,9.5,3.25],"texture":"#texture"},"west":{"uv":[7.75,2,10.5,4.25],"texture":"#texture"},"down":{"uv":[7,1.5,9,4],"texture":"#texture"}}},{"from":[3,5.75,6.5],"to":[4.25,6.5,9.5],"faces":{"north":{"uv":[9.25,1.25,11,3],"texture":"#texture"},"south":{"uv":[7.5,1.25,9.5,3.25],"texture":"#texture"}}},{"from":[4.25,6.25,6.5],"to":[5,6.5,9.5],"faces":{"north":{"uv":[9.25,1.25,11,3],"texture":"#texture"},"south":{"uv":[7.5,1.25,9.5,3.25],"texture":"#texture"},"up":{"uv":[8.5,1.25,11,3.75],"texture":"#texture"}}},{"from":[0,6,7.25],"to":[2.0625,7,8.75],"rotation":{"angle":-22.5,"axis":"z","origin":[0,7,7.25]},"faces":{"north":{"uv":[9.25,1.25,11,3],"texture":"#texture"},"south":{"uv":[7.5,1.25,9.5,3.25],"texture":"#texture"},"west":{"uv":[7.75,2,10.5,4.25],"texture":"#texture"},"down":{"uv":[7,1.5,9,4],"texture":"#texture"}}},{"from":[-0.875,7.0625,7.5],"to":[0.875,7.8125,8.5],"rotation":{"angle":-45,"axis":"z","origin":[-0.875,7.8125,7.5]},"faces":{"north":{"uv":[9.25,1.25,11,3],"texture":"#texture"},"south":{"uv":[7.5,1.25,9.5,3.25],"texture":"#texture"},"west":{"uv":[7.75,2,10.5,4.25],"texture":"#texture"},"down":{"uv":[7,1.5,9,4],"texture":"#texture"}}},{"from":[0.5,6.25,6.5],"to":[2.5,7,7.75],"rotation":{"angle":-22.5,"axis":"z","origin":[0.5,7,6.5]},"faces":{"north":{"uv":[9.25,1.25,11,3],"texture":"#texture"},"south":{"uv":[7.5,1.25,9.5,3.25],"texture":"#texture"},"west":{"uv":[7.75,2,10.5,4.25],"texture":"#texture"},"up":{"uv":[8.5,1.25,11,3.75],"texture":"#texture"},"down":{"uv":[7,1.5,9,4],"texture":"#texture"}}},{"from":[0.5,6.25,8.25],"to":[2.5,7,9.5],"rotation":{"angle":-22.5,"axis":"z","origin":[0.5,7,8.25]},"faces":{"north":{"uv":[9.25,1.25,11,3],"texture":"#texture"},"south":{"uv":[7.5,1.25,9.5,3.25],"texture":"#texture"},"west":{"uv":[7.75,2,10.5,4.25],"texture":"#texture"},"up":{"uv":[8.5,1.25,11,3.75],"texture":"#texture"},"down":{"uv":[7,1.5,9,4],"texture":"#texture"}}},{"from":[0,7,6.75],"to":[1.5,7.5,7.5],"rotation":{"angle":-45,"axis":"z","origin":[0,7.5,6.75]},"faces":{"north":{"uv":[9.25,1.25,11,3],"texture":"#texture"},"east":{"uv":[7,1.5,9.75,3.25],"texture":"#texture"},"south":{"uv":[7.5,1.25,9.5,3.25],"texture":"#texture"},"west":{"uv":[7.75,2,10.5,4.25],"texture":"#texture"},"down":{"uv":[7,1.5,9,4],"texture":"#texture"}}},{"from":[0,7,8.5],"to":[1.5,7.5,9.25],"rotation":{"angle":-45,"axis":"z","origin":[0,7.5,8.5]},"faces":{"north":{"uv":[9.25,1.25,11,3],"texture":"#texture"},"east":{"uv":[7,1.5,9.75,3.25],"texture":"#texture"},"south":{"uv":[7.5,1.25,9.5,3.25],"texture":"#texture"},"west":{"uv":[7.75,2,10.5,4.25],"texture":"#texture"},"down":{"uv":[7,1.5,9,4],"texture":"#texture"}}},{"from":[-0.875,7.0625,7.5],"to":[2.875,7.8125,8.5],"rotation":{"angle":-22.5,"axis":"z","origin":[-0.875,7.8125,7.5]},"faces":{"north":{"uv":[9.25,1.25,11,3],"texture":"#texture"},"south":{"uv":[7.5,1.25,9.5,3.25],"texture":"#texture"},"up":{"uv":[8.5,1.25,11,3.75],"texture":"#texture"}}},{"from":[0,7,8.5],"to":[3.25,7.5,9.25],"rotation":{"angle":-22.5,"axis":"z","origin":[0,7.5,8.5]},"faces":{"north":{"uv":[9.25,1.25,11,3],"texture":"#texture"},"south":{"uv":[7.5,1.25,9.5,3.25],"texture":"#texture"},"up":{"uv":[8.5,1.25,11,3.75],"texture":"#texture"}}},{"from":[0,7,6.75],"to":[3.25,7.5,7.5],"rotation":{"angle":-22.5,"axis":"z","origin":[0,7.5,6.75]},"faces":{"north":{"uv":[9.25,1.25,11,3],"texture":"#texture"},"south":{"uv":[7.5,1.25,9.5,3.25],"texture":"#texture"},"up":{"uv":[8.5,1.25,11,3.75],"texture":"#texture"}}},{"from":[1,6,8.5],"to":[2.75,7,9.25],"faces":{"north":{"uv":[9.25,1.25,11,3],"texture":"#texture"},"south":{"uv":[7.5,1.25,9.5,3.25],"texture":"#texture"},"up":{"uv":[8.5,1.25,11,3.75],"texture":"#texture"}}},{"from":[1,6.25,6.75],"to":[2.75,7,7.5],"faces":{"north":{"uv":[9.25,1.25,11,3],"texture":"#texture"},"up":{"uv":[8.5,1.25,11,3.75],"texture":"#texture"}}},{"from":[0.5,6.25,7.25],"to":[4.25,7.25,8.75],"faces":{"north":{"uv":[9.25,1.25,11,3],"texture":"#texture"},"south":{"uv":[7.5,1.25,9.5,3.25],"texture":"#texture"},"west":{"uv":[7.75,2,10.5,4.25],"texture":"#texture"},"up":{"uv":[8.5,1.25,11,3.75],"texture":"#texture"}}},{"from":[4,6.42,6.5],"to":[6.5,7.5,9.5],"rotation":{"angle":22.5,"axis":"z","origin":[4,7.5,6.5]},"faces":{"north":{"uv":[2.5,2,4.25,3.75],"texture":"#texture"},"south":{"uv":[3,2,5,4],"texture":"#texture"},"west":{"uv":[2,1.75,4.75,4],"texture":"#texture"},"up":{"uv":[1.75,1,4.25,3.5],"texture":"#texture"},"down":{"uv":[2.5,1,4.5,3.5],"texture":"#texture"}}},{"from":[2.7,6.5,6.5],"to":[4.1375,7,9.5],"faces":{"north":{"uv":[7.5,2,9.25,3.75],"texture":"#texture"},"south":{"uv":[7.5,1.75,9.5,3.75],"texture":"#texture"},"west":{"uv":[6.25,1.25,9,3.5],"texture":"#texture"},"up":{"uv":[8.5,1.5,11,4],"texture":"#texture"}}},{"from":[2.73,5.72,6.5],"to":[4.11,6.97,9.5],"rotation":{"angle":22.5,"axis":"z","origin":[2.73,6.97,6.5]},"faces":{"north":{"uv":[7.5,2,9.25,3.75],"texture":"#texture"},"east":{"uv":[6.5,2.5,9.25,4.25],"texture":"#texture"},"south":{"uv":[7.5,1.75,9.5,3.75],"texture":"#texture"},"up":{"uv":[8.5,1.5,11,4],"texture":"#texture"}}},{"from":[4.4375,6.5,6.5],"to":[4.8125,7.5,9.5],"faces":{"north":{"uv":[2.5,2,4.25,3.75],"texture":"#texture"},"east":{"uv":[1.25,2.5,4,4.25],"texture":"#texture"},"south":{"uv":[3,2,5,4],"texture":"#texture"},"west":{"uv":[2,1.75,4.75,4],"texture":"#texture"}}},{"from":[4.72,6.49,6.5],"to":[6.845,6.74,9.5],"rotation":{"angle":22.5,"axis":"z","origin":[4.72,6.74,6.5]},"faces":{"north":{"uv":[2.5,2,4.25,3.75],"texture":"#texture"},"south":{"uv":[3,2,5,4],"texture":"#texture"},"west":{"uv":[2,1.75,4.75,4],"texture":"#texture"},"down":{"uv":[2.5,1,4.5,3.5],"texture":"#texture"}}},{"from":[5.25,7,6.5],"to":[11.5,7.75,9.5],"faces":{"north":{"uv":[2.5,2,4.25,3.75],"texture":"#texture"},"south":{"uv":[3,2,5,4],"texture":"#texture"},"down":{"uv":[2.5,1,4.5,3.5],"texture":"#texture"}}},{"from":[6.25,7.75,6.5],"to":[11.75,8.5,9.5],"faces":{"north":{"uv":[2.5,2,4.25,3.75],"texture":"#texture"},"south":{"uv":[3,2,5,4],"texture":"#texture"},"west":{"uv":[2,1.75,4.75,4],"texture":"#texture"},"up":{"uv":[1.75,1,4.25,3.5],"texture":"#texture"}}},{"from":[12.04,2.55,6.5],"to":[13.04,3.3,9.5],"rotation":{"angle":22.5,"axis":"z","origin":[12.04,3.3,6.5]},"faces":{"north":{"uv":[9.25,1.25,11,3],"texture":"#texture"},"east":{"uv":[7,1.5,9.75,3.25],"texture":"#texture"},"south":{"uv":[7.5,1.25,9.5,3.25],"texture":"#texture"},"down":{"uv":[7,1.5,9,4],"texture":"#texture"}}},{"from":[11.75,7.25,6.5],"to":[12.25,8.5,9.5],"faces":{"north":{"uv":[2.5,2,4.25,3.75],"texture":"#texture"},"south":{"uv":[3,2,5,4],"texture":"#texture"},"up":{"uv":[1.75,1,4.25,3.5],"texture":"#texture"}}},{"from":[11.22,6.53,6.5],"to":[11.9075,7.28,9.5],"rotation":{"angle":45,"axis":"z","origin":[11.22,7.28,6.5]},"faces":{"north":{"uv":[2.5,2,4.25,3.75],"texture":"#texture"},"south":{"uv":[3,2,5,4],"texture":"#texture"},"west":{"uv":[2,1.75,4.75,4],"texture":"#texture"}}},{"from":[12.4925,7.45,6.5],"to":[14.9625,8.5,9.5],"rotation":{"angle":-45,"axis":"z","origin":[12.4925,8.5,6.5]},"faces":{"north":{"uv":[2.5,2,4.25,3.75],"texture":"#texture"},"east":{"uv":[1.25,2.5,4,4.25],"texture":"#texture"},"south":{"uv":[3,2,5,4],"texture":"#texture"},"up":{"uv":[1.75,1,4.25,3.5],"texture":"#texture"},"down":{"uv":[2.5,1,4.5,3.5],"texture":"#texture"}}},{"from":[13.3125,3.25,7],"to":[14.3125,5.75,9],"rotation":{"angle":-22.5,"axis":"z","origin":[13.3125,5.75,7]},"faces":{"north":{"uv":[2.5,2,4.25,3.75],"texture":"#texture"},"east":{"uv":[1.25,2.5,4,4.25],"texture":"#texture"},"south":{"uv":[3,2,5,4],"texture":"#texture"}}},{"from":[12,8,6.5],"to":[12.5,8.5,9.5],"faces":{"north":{"uv":[2.5,2,4.25,3.75],"texture":"#texture"},"east":{"uv":[1.25,2.5,4,4.25],"texture":"#texture"},"south":{"uv":[3,2,5,4],"texture":"#texture"},"up":{"uv":[1.75,1,4.25,3.5],"texture":"#texture"}}},{"from":[12,7.65,6.5],"to":[12.35,8,9.5],"rotation":{"angle":45,"axis":"z","origin":[12,8,6.5]},"faces":{"north":{"uv":[2.5,2,4.25,3.75],"texture":"#texture"},"south":{"uv":[3,2,5,4],"texture":"#texture"}}},{"from":[13.75,5.5,7],"to":[14.9375,7.5,9],"rotation":{"angle":-22.5,"axis":"z","origin":[13.75,7.5,7]},"faces":{"north":{"uv":[2.5,2,4.25,3.75],"texture":"#texture"},"east":{"uv":[1.25,2.5,4,4.25],"texture":"#texture"},"south":{"uv":[3,2,5,4],"texture":"#texture"},"west":{"uv":[2,1.75,4.75,4],"texture":"#texture"},"up":{"uv":[1.75,1,4.25,3.5],"texture":"#texture"}}},{"from":[13.875,7,7.25],"to":[14.625,8.5,8.75],"faces":{"north":{"uv":[2.5,2,4.25,3.75],"texture":"#texture"},"east":{"uv":[1.25,2.5,4,4.25],"texture":"#texture"},"south":{"uv":[3,2,5,4],"texture":"#texture"},"west":{"uv":[2,1.75,4.75,4],"texture":"#texture"},"up":{"uv":[1.75,1,4.25,3.5],"texture":"#texture"}}},{"from":[13.6875,7.9375,7.5],"to":[14.1875,8.9375,8.5],"rotation":{"angle":22.5,"axis":"z","origin":[13.6875,8.9375,7.5]},"faces":{"north":{"uv":[2.5,2,4.25,3.75],"texture":"#texture"},"east":{"uv":[1.25,2.5,4,4.25],"texture":"#texture"},"south":{"uv":[3,2,5,4],"texture":"#texture"},"west":{"uv":[2,1.75,4.75,4],"texture":"#texture"},"up":{"uv":[1.75,1,4.25,3.5],"texture":"#texture"}}},{"from":[10.75,7.5,7.25],"to":[12,10.25,8.75],"faces":{"north":{"uv":[2.5,2,4.25,3.75],"texture":"#texture"},"east":{"uv":[1.25,2.5,4,4.25],"texture":"#texture"},"south":{"uv":[3,2,5,4],"texture":"#texture"},"west":{"uv":[2,1.75,4.75,4],"texture":"#texture"},"up":{"uv":[1.75,1,4.25,3.5],"texture":"#texture"}}},{"from":[10.5,9.5,7.5],"to":[11.5,11,8.5],"rotation":{"angle":22.5,"axis":"z","origin":[10.5,11,7.5]},"faces":{"north":{"uv":[2.5,2,4.25,3.75],"texture":"#texture"},"east":{"uv":[1.25,2.5,4,4.25],"texture":"#texture"},"south":{"uv":[3,2,5,4],"texture":"#texture"},"west":{"uv":[2,1.75,4.75,4],"texture":"#texture"},"up":{"uv":[1.75,1,4.25,3.5],"texture":"#texture"}}},{"from":[10.3125,11.5,7.75],"to":[11.8125,12.25,8.25],"rotation":{"angle":-45,"axis":"z","origin":[10.3125,12.25,7.75]},"faces":{"north":{"uv":[2.5,2,4.25,3.75],"texture":"#texture"},"south":{"uv":[3,2,5,4],"texture":"#texture"},"west":{"uv":[2,1.75,4.75,4],"texture":"#texture"},"up":{"uv":[1.75,1,4.25,3.5],"texture":"#texture"},"down":{"uv":[2.5,1,4.5,3.5],"texture":"#texture"}}},{"from":[10.75,6.5,7.25],"to":[12,9.25,8.75],"rotation":{"angle":22.5,"axis":"z","origin":[10.75,9.25,7.25]},"faces":{"north":{"uv":[2.5,2,4.25,3.75],"texture":"#texture"},"east":{"uv":[1.25,2.5,4,4.25],"texture":"#texture"},"south":{"uv":[3,2,5,4],"texture":"#texture"}}},{"from":[10.5,7,7.25],"to":[11.75,9.75,8.75],"rotation":{"angle":-22.5,"axis":"z","origin":[10.5,9.75,7.25]},"faces":{"north":{"uv":[2.5,2,4.25,3.75],"texture":"#texture"},"south":{"uv":[3,2,5,4],"texture":"#texture"},"west":{"uv":[2,1.75,4.75,4],"texture":"#texture"},"up":{"uv":[1.75,1,4.25,3.5],"texture":"#texture"}}},{"from":[12.5,6.5,7],"to":[13.5,8.5,9],"faces":{"north":{"uv":[2.5,2,4.25,3.75],"texture":"#texture"},"east":{"uv":[1.25,2.5,4,4.25],"texture":"#texture"},"south":{"uv":[3,2,5,4],"texture":"#texture"}}},{"from":[7.5625,5.9375,7],"to":[9.3125,9.1875,9],"rotation":{"angle":45,"axis":"z","origin":[7.5625,9.1875,7]},"faces":{"north":{"uv":[2.5,2,4.25,3.75],"texture":"#texture"},"east":{"uv":[1.25,2.5,4,4.25],"texture":"#texture"},"south":{"uv":[3,2,5,4],"texture":"#texture"},"west":{"uv":[2,1.75,4.75,4],"texture":"#texture"},"up":{"uv":[1.75,1,4.25,3.5],"texture":"#texture"}}},{"from":[7.375,9.625,7.25],"to":[9.125,10.875,8.75],"rotation":{"angle":-22.5,"axis":"z","origin":[7.375,10.875,7.25]},"faces":{"north":{"uv":[2.5,2,4.25,3.75],"texture":"#texture"},"south":{"uv":[3,2,5,4],"texture":"#texture"},"west":{"uv":[2,1.75,4.75,4],"texture":"#texture"},"up":{"uv":[1.75,1,4.25,3.5],"texture":"#texture"},"down":{"uv":[2.5,1,4.5,3.5],"texture":"#texture"}}},{"from":[6.25,9.875,7.5],"to":[7.4375,10.6875,8.5],"faces":{"north":{"uv":[2.5,2,4.25,3.75],"texture":"#texture"},"south":{"uv":[3,2,5,4],"texture":"#texture"},"west":{"uv":[2,1.75,4.75,4],"texture":"#texture"},"up":{"uv":[1.75,1,4.25,3.5],"texture":"#texture"},"down":{"uv":[2.5,1,4.5,3.5],"texture":"#texture"}}},{"from":[8.75,8.75,7],"to":[12.75,10,9],"rotation":{"angle":-22.5,"axis":"z","origin":[8.75,10,7]},"faces":{"north":{"uv":[2.5,2,4.25,3.75],"texture":"#texture"},"south":{"uv":[3,2,5,4],"texture":"#texture"},"up":{"uv":[1.75,1,4.25,3.5],"texture":"#texture"}}},{"from":[8,7,7],"to":[9.75,9.5,9],"rotation":{"angle":-22.5,"axis":"z","origin":[8,9.5,7]},"faces":{"north":{"uv":[2.5,2,4.25,3.75],"texture":"#texture"},"south":{"uv":[3,2,5,4],"texture":"#texture"},"west":{"uv":[2,2,4.75,4.25],"texture":"#texture"}}},{"from":[13,5.25,6.75],"to":[14.25,6.75,9.25],"faces":{"north":{"uv":[2.5,2,4.25,3.75],"texture":"#texture"},"east":{"uv":[1.25,2.5,4,4.25],"texture":"#texture"},"south":{"uv":[3,2,5,4],"texture":"#texture"},"up":{"uv":[1.75,1,4.25,3.5],"texture":"#texture"},"down":{"uv":[2.5,1,4.5,3.5],"texture":"#texture"}}},{"from":[5.75,8.25,7.25],"to":[9,9.75,8.75],"rotation":{"angle":-22.5,"axis":"z","origin":[5.75,9.75,7.25]},"faces":{"north":{"uv":[2.5,2,4.25,3.75],"texture":"#texture"},"south":{"uv":[3,2,5,4],"texture":"#texture"},"west":{"uv":[2,1.75,4.75,4],"texture":"#texture"},"up":{"uv":[1.75,1,4.25,3.5],"texture":"#texture"},"down":{"uv":[2.5,1,4.5,3.5],"texture":"#texture"}}},{"from":[3.75,8.75,7.75],"to":[5,9.25,8.25],"faces":{"north":{"uv":[2.5,2,4.25,3.75],"texture":"#texture"},"south":{"uv":[3,2,5,4],"texture":"#texture"},"west":{"uv":[2,1.75,4.75,4],"texture":"#texture"},"up":{"uv":[1.75,1,4.25,3.5],"texture":"#texture"},"down":{"uv":[2.5,1,4.5,3.5],"texture":"#texture"}}},{"from":[4.5,8.5,7.5],"to":[5.75,9.5,8.5],"faces":{"north":{"uv":[2.5,2,4.25,3.75],"texture":"#texture"},"south":{"uv":[3,2,5,4],"texture":"#texture"},"west":{"uv":[2,1.75,4.75,4],"texture":"#texture"},"up":{"uv":[1.75,1,4.25,3.5],"texture":"#texture"},"down":{"uv":[2.5,1,4.5,3.5],"texture":"#texture"}}},{"from":[4.25,6.5,7],"to":[7.5,8,9],"rotation":{"angle":-22.5,"axis":"z","origin":[4.25,8,7]},"faces":{"north":{"uv":[2.5,2,4.25,3.75],"texture":"#texture"},"east":{"uv":[1.25,2.5,4,4.25],"texture":"#texture"},"south":{"uv":[3,2,5,4],"texture":"#texture"},"west":{"uv":[2,1.75,4.75,4],"texture":"#texture"},"up":{"uv":[1.75,1,4.25,3.5],"texture":"#texture"}}},{"from":[2.75,6.25,7.28],"to":[4.25,7.25,8.7175],"rotation":{"angle":22.5,"axis":"z","origin":[2.75,7.25,7.28]},"faces":{"north":{"uv":[2.5,2,4.25,3.75],"texture":"#texture"},"east":{"uv":[1.25,2.5,4,4.25],"texture":"#texture"},"south":{"uv":[3,2,5,4],"texture":"#texture"},"up":{"uv":[1.75,1,4.25,3.5],"texture":"#texture"}}},{"from":[1.25,6.4475,7.25],"to":[2.875,7.26,8.75],"faces":{"north":{"uv":[8.5,14.75,10.75,15.5],"texture":"#tail_top"},"east":{"uv":[4.75,14.75,6.25,15.5],"texture":"#tail_top"},"south":{"uv":[5,14.5,7.25,15.25],"texture":"#tail_top"},"west":{"uv":[3.5,15,5,15.75],"texture":"#tail_top"},"up":{"uv":[0.25,0.25,15.75,14.5],"rotation":90,"texture":"#tail_top"}}},{"from":[12.5,7.25,7],"to":[13.75,9.25,9],"rotation":{"angle":-22.5,"axis":"z","origin":[12.5,9.25,7]},"faces":{"north":{"uv":[2.5,2,4.25,3.75],"texture":"#texture"},"east":{"uv":[1.25,2.5,4,4.25],"texture":"#texture"},"south":{"uv":[3,2,5,4],"texture":"#texture"},"west":{"uv":[2,1.75,4.75,4],"texture":"#texture"},"up":{"uv":[1.75,1,4.25,3.5],"texture":"#texture"}}},{"from":[12.5,8.75,7.25],"to":[13.5,10.25,8.75],"faces":{"north":{"uv":[2.5,2,4.25,3.75],"texture":"#texture"},"east":{"uv":[1.25,2.5,4,4.25],"texture":"#texture"},"south":{"uv":[3,2,5,4],"texture":"#texture"},"west":{"uv":[2,1.75,4.75,4],"texture":"#texture"},"up":{"uv":[1.75,1,4.25,3.5],"texture":"#texture"}}},{"from":[12.25,9.75,7.5],"to":[13,11,8.5],"rotation":{"angle":22.5,"axis":"z","origin":[12.25,11,7.5]},"faces":{"north":{"uv":[2.5,2,4.25,3.75],"texture":"#texture"},"east":{"uv":[1.25,2.5,4,4.25],"texture":"#texture"},"south":{"uv":[3,2,5,4],"texture":"#texture"},"west":{"uv":[2,1.75,4.75,4],"texture":"#texture"},"up":{"uv":[1.75,1,4.25,3.5],"texture":"#texture"}}},{"from":[13.1975,3.2075,7],"to":[14.1975,5.4575,9],"rotation":{"angle":-22.5,"axis":"z","origin":[13.1975,5.4575,7]},"faces":{"north":{"uv":[13.25,8.5,14.25,11.25],"texture":"#triangle"},"east":{"uv":[0.25,0.25,11.25,14],"texture":"#triangle"},"south":{"uv":[13,8.75,14,11.5],"texture":"#triangle"},"up":{"uv":[14.5,6.25,15.5,8.25],"texture":"#triangle"},"down":{"uv":[14.25,6.5,15.25,8.5],"texture":"#triangle"}}},{"from":[7,2.5,9.01],"to":[9.75,3.5,10.01],"faces":{"south":{"uv":[0.25,0.25,15.75,8.25],"texture":"#foot_side"},"west":{"uv":[4.75,10.75,5.75,11.75],"texture":"#foot_side"},"up":{"uv":[6.75,9.75,9.5,10.75],"texture":"#foot_side"},"down":{"uv":[6.5,10,9.25,11],"texture":"#foot_side"}}},{"from":[7,2.5,5.99],"to":[9.75,3.5,6.99],"faces":{"north":{"uv":[0.25,0.25,15.75,8.25],"texture":"#foot_side"},"west":{"uv":[4.75,10.75,5.75,11.75],"texture":"#foot_side"},"up":{"uv":[6.75,9.75,9.5,10.75],"texture":"#foot_side"},"down":{"uv":[6.5,10,9.25,11],"texture":"#foot_side"}}},{"from":[5.0625,2.625,7],"to":[7.0625,3.625,9],"rotation":{"angle":-22.5,"axis":"z","origin":[5.0625,3.625,7]},"faces":{"north":{"uv":[13.25,8.5,14.25,11.25],"texture":"#triangle"},"east":{"uv":[0.25,0.25,2.5,2.5],"texture":"#triangle"},"south":{"uv":[13,8.75,14,11.5],"texture":"#triangle"},"down":{"uv":[0.25,0.25,11.25,14],"rotation":270,"texture":"#triangle"}}},{"from":[8.5,5.75,9.26],"to":[11.25,6.5,10.26],"rotation":{"angle":45,"axis":"x","origin":[8.5,6.5,9.26]},"faces":{"east":{"uv":[12,8.75,12.75,9.5],"texture":"#tail_side_2"},"south":{"uv":[0.75,0.75,3,2.75],"texture":"#tail_side_2"},"west":{"uv":[13,4.75,13.75,5.5],"texture":"#tail_side_2"},"up":{"uv":[13.75,0.25,0.25,13.25],"rotation":180,"texture":"#tail_side_2"}}},{"from":[8.5,5.06,6.05],"to":[11.25,5.81,7.05],"rotation":{"angle":-45,"axis":"x","origin":[8.5,5.81,6.05]},"faces":{"north":{"uv":[13,10.25,14.75,12.5],"texture":"#tail_side_2"},"east":{"uv":[12,8.75,12.75,9.5],"texture":"#tail_side_2"},"west":{"uv":[13,4.75,13.75,5.5],"texture":"#tail_side_2"},"up":{"uv":[0.25,0.25,13.75,13.25],"texture":"#tail_side_2"}}},{"from":[9.5,6,8.51],"to":[11.75,8.25,9.51],"rotation":{"angle":22.5,"axis":"z","origin":[9.5,8.25,8.51]},"faces":{"north":{"uv":[0.25,0.25,8.75,14.75],"texture":"#tail_side"},"east":{"uv":[9.75,9.75,10.75,11.75],"texture":"#tail_side"},"south":{"uv":[8.75,0.25,0.25,14.75],"texture":"#tail_side"},"west":{"uv":[9.75,9.25,10.75,11.25],"texture":"#tail_side"},"up":{"uv":[10,10.25,12,11.25],"texture":"#tail_side"},"down":{"uv":[9,9.5,11,10.5],"texture":"#tail_side"}}},{"from":[9.5,6,6.49],"to":[11.75,8.25,7.49],"rotation":{"angle":22.5,"axis":"z","origin":[9.5,8.25,6.49]},"faces":{"north":{"uv":[0.25,0.25,8.75,14.75],"texture":"#tail_side"},"east":{"uv":[9.75,9.75,10.75,11.75],"texture":"#tail_side"},"south":{"uv":[8.75,0.25,0.25,14.75],"texture":"#tail_side"},"west":{"uv":[9.75,9.25,10.75,11.25],"texture":"#tail_side"},"up":{"uv":[10,10.25,12,11.25],"texture":"#tail_side"},"down":{"uv":[9,9.5,11,10.5],"texture":"#tail_side"}}},{"from":[12.25,6.25,8.51],"to":[13.25,7.75,9.51],"faces":{"north":{"uv":[0.25,0.25,8.75,14.75],"texture":"#tail_side"},"east":{"uv":[9.75,9.75,10.75,11.75],"texture":"#tail_side"},"south":{"uv":[8.75,0.25,0.25,14.75],"texture":"#tail_side"},"west":{"uv":[9.75,9.25,10.75,11.25],"texture":"#tail_side"},"up":{"uv":[10,10.25,12,11.25],"texture":"#tail_side"},"down":{"uv":[9,9.5,11,10.5],"texture":"#tail_side"}}},{"from":[12.25,6.25,6.49],"to":[13.25,7.75,7.49],"faces":{"north":{"uv":[0.25,0.25,8.75,14.75],"texture":"#tail_side"},"east":{"uv":[9.75,9.75,10.75,11.75],"texture":"#tail_side"},"south":{"uv":[8.75,0.25,0.25,14.75],"texture":"#tail_side"},"west":{"uv":[9.75,9.25,10.75,11.25],"texture":"#tail_side"},"up":{"uv":[10,10.25,12,11.25],"texture":"#tail_side"},"down":{"uv":[9,9.5,11,10.5],"texture":"#tail_side"}}},{"from":[13.625,3.75,8.01],"to":[14.625,5.25,9.01],"rotation":{"angle":-45,"axis":"z","origin":[13.625,5.25,8.01]},"faces":{"north":{"uv":[0.25,0.25,8.75,14.75],"texture":"#tail_side"},"east":{"uv":[9.75,9.75,10.75,11.75],"texture":"#tail_side"},"south":{"uv":[8.75,0.25,0.25,14.75],"texture":"#tail_side"},"west":{"uv":[9.75,9.25,10.75,11.25],"texture":"#tail_side"},"up":{"uv":[10,10.25,12,11.25],"texture":"#tail_side"},"down":{"uv":[9,9.5,11,10.5],"texture":"#tail_side"}}},{"from":[13.625,3.75,6.99],"to":[14.625,5.25,7.99],"rotation":{"angle":-45,"axis":"z","origin":[13.625,5.25,6.99]},"faces":{"north":{"uv":[0.25,0.25,8.75,14.75],"texture":"#tail_side"},"east":{"uv":[9.75,9.75,10.75,11.75],"texture":"#tail_side"},"south":{"uv":[8.75,0.25,0.25,14.75],"texture":"#tail_side"},"west":{"uv":[9.75,9.25,10.75,11.25],"texture":"#tail_side"},"up":{"uv":[10,10.25,12,11.25],"texture":"#tail_side"},"down":{"uv":[9,9.5,11,10.5],"texture":"#tail_side"}}},{"from":[7.5,6.75,6.5],"to":[11.25,7,9.5],"faces":{"north":{"uv":[9.25,1.25,11,3],"texture":"#texture"},"east":{"uv":[7,1.5,9.75,3.25],"texture":"#texture"},"south":{"uv":[7.5,1.25,9.5,3.25],"texture":"#texture"},"west":{"uv":[7.75,2,10.5,4.25],"texture":"#texture"}}},{"from":[5.25,6.75,6.5],"to":[7.25,7.5,9.5],"faces":{"north":{"uv":[2.5,2,4.25,3.75],"texture":"#texture"},"east":{"uv":[1.25,2.5,4,4.25],"texture":"#texture"},"south":{"uv":[3,2,5,4],"texture":"#texture"},"down":{"uv":[2.5,1,4.5,3.5],"texture":"#texture"}}},{"from":[7.25,6.9,6.5],"to":[7.6,7.25,9.5],"rotation":{"angle":-45,"axis":"z","origin":[7.25,7.25,6.5]},"faces":{"north":{"uv":[2.5,2,4.25,3.75],"texture":"#texture"},"east":{"uv":[1.25,2.5,4,4.25],"texture":"#texture"},"south":{"uv":[3,2,5,4],"texture":"#texture"}}},{"from":[7.25,6.4,6.5],"to":[7.6,6.75,9.5],"rotation":{"angle":45,"axis":"z","origin":[7.25,6.75,6.5]},"faces":{"north":{"uv":[9.25,1.25,11,3],"texture":"#texture"},"east":{"uv":[7,1.5,9.75,3.25],"texture":"#texture"},"south":{"uv":[7.5,1.25,9.5,3.25],"texture":"#texture"},"up":{"uv":[8.5,1.25,11,3.75],"texture":"#texture"}}},{"from":[9.25,5.75,8.52],"to":[10.25,7.25,9.52],"rotation":{"angle":45,"axis":"z","origin":[9.25,7.25,8.52]},"faces":{"north":{"uv":[0.25,0.25,8.75,14.75],"texture":"#tail_side"},"east":{"uv":[9.75,9.75,10.75,11.75],"texture":"#tail_side"},"south":{"uv":[8.75,0.25,0.25,14.75],"texture":"#tail_side"},"west":{"uv":[9.75,9.25,10.75,11.25],"texture":"#tail_side"},"up":{"uv":[10,10.25,12,11.25],"texture":"#tail_side"},"down":{"uv":[9,9.5,11,10.5],"texture":"#tail_side"}}},{"from":[9.25,5.75,6.49],"to":[10.25,7.25,7.49],"rotation":{"angle":45,"axis":"z","origin":[9.25,7.25,6.49]},"faces":{"north":{"uv":[0.25,0.25,8.75,14.75],"texture":"#tail_side"},"south":{"uv":[8.75,0.25,0.25,14.75],"texture":"#tail_side"},"west":{"uv":[9.75,9.25,10.75,11.25],"texture":"#tail_side"},"up":{"uv":[10,10.25,12,11.25],"texture":"#tail_side"},"down":{"uv":[9,9.5,11,10.5],"texture":"#tail_side"}}}],"display":{"thirdperson_righthand":{"scale":[0,0,0]},"thirdperson_lefthand":{"scale":[0,0,0]},"firstperson_righthand":{"scale":[0,0,0]},"firstperson_lefthand":{"scale":[0,0,0]},"ground":{"scale":[0,0,0]},"gui":{"rotation":[30,45,0],"translation":[0.85,2.25,0],"scale":[1.16,1.16,1.16]},"head":{"rotation":[0,-90,0],"translation":[0,-12,0],"scale":[4,4,4]},"fixed":{"scale":[0,0,0]}}}