{"credit":"Designed by Samasaurus6 with BDcraft Cubik PRO, Edit By Icelio","textures":{"0":"pokemon_skins/regular/oddish/oddish","1":"pokemon_skins/regular/oddish/oddish_leaf1","2":"pokemon_skins/regular/oddish/oddish_leaf2"},"elements":[{"from":[4,5.5,6.5],"to":[10,7.9,11],"faces":{"north":{"uv":[1,1,3,3],"texture":"#0"},"east":{"uv":[1,1,3,3],"texture":"#0"},"south":{"uv":[1,1,3,3],"texture":"#0"},"west":{"uv":[1,1,3,3],"texture":"#0"},"up":{"uv":[1,1,3,3],"texture":"#0"},"down":{"uv":[1,1,3,3],"texture":"#0"}}},{"from":[4.75,5,6.25],"to":[9.3,8.5,11.3],"faces":{"north":{"uv":[1,1,3,3],"texture":"#0"},"east":{"uv":[1,1,3,3],"texture":"#0"},"south":{"uv":[1,1,3,3],"texture":"#0"},"west":{"uv":[1,1,3,3],"texture":"#0"},"up":{"uv":[1,1,3,3],"texture":"#0"},"down":{"uv":[1,1,3,3],"texture":"#0"}}},{"from":[4.5,5.5,6],"to":[9.5,7.9,11.5],"faces":{"north":{"uv":[1,1,3,3],"texture":"#0"},"east":{"uv":[1,1,3,3],"texture":"#0"},"south":{"uv":[1,1,3,3],"texture":"#0"},"west":{"uv":[1,1,3,3],"texture":"#0"},"up":{"uv":[1,1,3,3],"texture":"#0"},"down":{"uv":[1,1,3,3],"texture":"#0"}}},{"from":[4.25,5,6.6],"to":[9.75,8.5,10.8],"faces":{"north":{"uv":[1,1,3,3],"texture":"#0"},"east":{"uv":[1,1,3,3],"texture":"#0"},"south":{"uv":[1,1,3,3],"texture":"#0"},"west":{"uv":[1,1,3,3],"texture":"#0"},"up":{"uv":[1,1,3,3],"texture":"#0"},"down":{"uv":[1,1,3,3],"texture":"#0"}}},{"from":[4.7,4.7,7.1],"to":[9.3,8.95,10.3],"faces":{"north":{"uv":[1,1,3,3],"texture":"#0"},"east":{"uv":[1,1,3,3],"texture":"#0"},"south":{"uv":[1,1,3,3],"texture":"#0"},"west":{"uv":[1,1,3,3],"texture":"#0"},"up":{"uv":[1,1,3,3],"texture":"#0"},"down":{"uv":[1,1,3,3],"texture":"#0"}}},{"from":[5.2,4.7,6.7],"to":[8.85,8.95,10.8],"faces":{"north":{"uv":[1,1,3,3],"texture":"#0"},"east":{"uv":[1,1,3,3],"texture":"#0"},"south":{"uv":[1,1,3,3],"texture":"#0"},"west":{"uv":[1,1,3,3],"texture":"#0"},"up":{"uv":[1,1,3,3],"texture":"#0"},"down":{"uv":[1,1,3,3],"texture":"#0"}}},{"from":[5.1,3.2,7.7],"to":[6.9,4.1,11.3],"rotation":{"angle":-22.5,"axis":"y","origin":[5,3.1,7.7]},"faces":{"north":{"uv":[1,1,3,3],"texture":"#0"},"east":{"uv":[1,1,3,3],"texture":"#0"},"south":{"uv":[1,1,3,3],"texture":"#0"},"west":{"uv":[1,1,3,3],"texture":"#0"},"up":{"uv":[1,1,3,3],"texture":"#0"},"down":{"uv":[1,1,3,3],"texture":"#0"}}},{"from":[5.3,6.8,11.5],"to":[6,7.5,11.55],"faces":{"south":{"uv":[0,12,4,16],"texture":"#0"}}},{"from":[8,6.8,11.5],"to":[8.7,7.5,11.55],"faces":{"south":{"uv":[4,12,0,16],"texture":"#0"}}},{"from":[6.6,5.7,11.55],"to":[7.4,6.6,11.6],"faces":{"south":{"uv":[0.5,5,4,8.5],"texture":"#0"}}},{"from":[7.2,3.2,8.5],"to":[9,4.1,12.1],"rotation":{"angle":22.5,"axis":"y","origin":[7.1,3.1,8.5]},"faces":{"north":{"uv":[1,1,3,3],"texture":"#0"},"east":{"uv":[1,1,3,3],"texture":"#0"},"south":{"uv":[1,1,3,3],"texture":"#0"},"west":{"uv":[1,1,3,3],"texture":"#0"},"up":{"uv":[1,1,3,3],"texture":"#0"},"down":{"uv":[1,1,3,3],"texture":"#0"}}},{"from":[5.2,3.9,8.3],"to":[6.2,4.9,9.3],"faces":{"north":{"uv":[1,1,3,3],"texture":"#0"},"east":{"uv":[1,1,3,3],"texture":"#0"},"south":{"uv":[1,1,3,3],"texture":"#0"},"west":{"uv":[1,1,3,3],"texture":"#0"},"up":{"uv":[1,1,3,3],"texture":"#0"},"down":{"uv":[1,1,3,3],"texture":"#0"}}},{"from":[7.8,4,8.3],"to":[8.8,5,9.3],"faces":{"north":{"uv":[1,1,3,3],"texture":"#0"},"east":{"uv":[1,1,3,3],"texture":"#0"},"south":{"uv":[1,1,3,3],"texture":"#0"},"west":{"uv":[1,1,3,3],"texture":"#0"},"up":{"uv":[1,1,3,3],"texture":"#0"},"down":{"uv":[1,1,3,3],"texture":"#0"}}},{"from":[7.3,8.4,8.7],"to":[13.6,15.2,8.75],"rotation":{"angle":22.5,"axis":"y","origin":[7.3,9.2,8.7]},"faces":{"north":{"uv":[15,0,0,15.5],"texture":"#2"},"south":{"uv":[0,0,15,15.5],"texture":"#2"}}},{"from":[11.9,8.4,8.8],"to":[14.7,12.2,8.85],"rotation":{"angle":22.5,"axis":"y","origin":[11.9,9.2,8.85]},"faces":{"north":{"uv":[16,1,10,9],"texture":"#1"},"south":{"uv":[10,1,16,9],"texture":"#1"}}},{"from":[7.3,8.4,8.8],"to":[11.9,12.2,8.85],"rotation":{"angle":0,"axis":"y","origin":[9,9.2,8.8]},"faces":{"north":{"uv":[10,1,0,9],"texture":"#1"},"south":{"uv":[0,1,10,9],"texture":"#1"}}},{"from":[5.3,16.17,5.54],"to":[8.7,16.22,7.54],"rotation":{"angle":-22.5,"axis":"x","origin":[7,16.22,7.54]},"faces":{"up":{"uv":[7.5,0,14,3.5],"texture":"#0"},"down":{"uv":[14,0,7.5,3.5],"texture":"#0","rotation":180}}},{"from":[5.3,12.8,8.9],"to":[8.7,16.5,8.95],"rotation":{"angle":-22.5,"axis":"x","origin":[7,12.8,8.95]},"faces":{"north":{"uv":[14,3.5,7.5,9.5],"texture":"#0"},"south":{"uv":[7.5,3.5,14,9.5],"texture":"#0"}}},{"from":[5.3,9.2,8.9],"to":[8.7,12.8,8.95],"rotation":{"angle":0,"axis":"y","origin":[7,9.2,8.9]},"faces":{"north":{"uv":[14,9.5,7.5,16],"texture":"#0"},"south":{"uv":[7.5,9.5,14,16],"texture":"#0"}}},{"from":[5.8,8.3,7.3],"to":[8.25,9.25,10.2],"faces":{"north":{"uv":[1,1,3,3],"texture":"#0"},"east":{"uv":[1,1,3,3],"texture":"#0"},"south":{"uv":[1,1,3,3],"texture":"#0"},"west":{"uv":[1,1,3,3],"texture":"#0"},"up":{"uv":[1,1,3,3],"texture":"#0"},"down":{"uv":[1,1,3,3],"texture":"#0"}}},{"from":[5.3,8.3,7.7],"to":[8.7,9.25,9.7],"faces":{"north":{"uv":[1,1,3,3],"texture":"#0"},"east":{"uv":[1,1,3,3],"texture":"#0"},"south":{"uv":[1,1,3,3],"texture":"#0"},"west":{"uv":[1,1,3,3],"texture":"#0"},"up":{"uv":[1,1,3,3],"texture":"#0"},"down":{"uv":[1,1,3,3],"texture":"#0"}}},{"from":[5,4.7,6.5],"to":[9.05,5.95,11],"faces":{"north":{"uv":[1,1,3,3],"texture":"#0"},"east":{"uv":[1,1,3,3],"texture":"#0"},"south":{"uv":[1,1,3,3],"texture":"#0"},"west":{"uv":[1,1,3,3],"texture":"#0"},"up":{"uv":[1,1,3,3],"texture":"#0"},"down":{"uv":[1,1,3,3],"texture":"#0"}}},{"from":[4.5,4.7,6.9],"to":[9.5,5.95,10.5],"faces":{"north":{"uv":[1,1,3,3],"texture":"#0"},"east":{"uv":[1,1,3,3],"texture":"#0"},"south":{"uv":[1,1,3,3],"texture":"#0"},"west":{"uv":[1,1,3,3],"texture":"#0"},"up":{"uv":[1,1,3,3],"texture":"#0"},"down":{"uv":[1,1,3,3],"texture":"#0"}}},{"from":[0.4,8.4,8.7],"to":[6.7,15.2,8.75],"rotation":{"angle":-22.5,"axis":"y","origin":[6.7,9.2,8.7]},"faces":{"north":{"uv":[0,0,15,15.5],"texture":"#2"},"south":{"uv":[15,0,0,15.5],"texture":"#2"}}},{"from":[-0.7,8.4,8.8],"to":[2.1,12.2,8.85],"rotation":{"angle":-22.5,"axis":"y","origin":[2.1,9.2,8.85]},"faces":{"north":{"uv":[10,1,16,9],"texture":"#1"},"south":{"uv":[16,1,10,9],"texture":"#1"}}},{"from":[2.1,8.4,8.8],"to":[6.7,12.2,8.85],"rotation":{"angle":0,"axis":"y","origin":[5,9.2,8.8]},"faces":{"north":{"uv":[0,1,10,9],"texture":"#1"},"south":{"uv":[10,1,0,9],"texture":"#1"}}}],"display":{"head":{"rotation":[0,180,0],"translation":[-2,-34.5,1.5],"scale":[1.8,1.8,1.8]},"gui":{"rotation":[30,-50,0],"translation":[1,-1.5,0],"scale":[1.1,1.1,1.1]},"thirdperson_righthand":{"scale":[0,0,0]},"thirdperson_lefthand":{"scale":[0,0,0]},"firstperson_righthand":{"scale":[0,0,0]},"firstperson_lefthand":{"scale":[0,0,0]}}}