{"credit":"Designed by Madstonmagic with BDcraft Cubik PRO 0.96 Beta - http://bdcraft.net","textures":{"texture":"pokemon_skins/regular/gible/gible","tooth":"pokemon_skins/regular/gible/tooth","particle":"pokemon_skins/regular/gible/eye"},"elements":[{"from":[3,9,7],"to":[4,10,9],"faces":{"south":{"uv":[1,1,4,4],"texture":"#texture"},"west":{"uv":[1,1,4,4],"texture":"#texture"},"down":{"uv":[1,1,4,4],"texture":"#texture"}}},{"from":[3,9,7],"to":[4.41,10,8.41],"rotation":{"angle":45,"axis":"y","origin":[3,9,7]},"faces":{"north":{"uv":[1,1,4,4],"texture":"#texture"},"east":{"uv":[1,1,4,4],"texture":"#texture"},"up":{"uv":[1,1,4,4],"texture":"#texture"},"down":{"uv":[1,1,4,4],"texture":"#texture"}}},{"from":[3.99702,9,8],"to":[5.40702,10,9.41],"rotation":{"angle":-45,"axis":"y","origin":[3.99702,9,8]},"faces":{"east":{"uv":[1,1,4,4],"texture":"#texture"},"south":{"uv":[1,1,4,4],"texture":"#texture"},"up":{"uv":[1,1,4,4],"texture":"#texture"},"down":{"uv":[1,1,4,4],"texture":"#texture"}}},{"from":[8,9.75,6],"to":[12.58,11,10],"rotation":{"angle":-45,"axis":"z","origin":[8,11,6]},"faces":{"north":{"uv":[1,1,4,4],"texture":"#texture"},"east":{"uv":[1,1,4,4],"texture":"#texture"},"south":{"uv":[1,1,4,4],"texture":"#texture"},"up":{"uv":[1,1,4,4],"texture":"#texture"}}},{"from":[9.5,6.75,6],"to":[11.25,7.75,10],"faces":{"north":{"uv":[1,1,4,4],"texture":"#texture"},"east":{"uv":[1,1,4,4],"texture":"#texture"},"south":{"uv":[1,1,4,4],"texture":"#texture"},"up":{"uv":[1,1,4,4],"texture":"#texture"}}},{"from":[3.75,9.25368,6.5],"to":[6.75,10.5037,9.5],"rotation":{"angle":45,"axis":"z","origin":[3.75,10.5037,6.5]},"faces":{"north":{"uv":[1,1,4,4],"texture":"#texture"},"east":{"uv":[1,1,4,4],"texture":"#texture"},"south":{"uv":[1,1,4,4],"texture":"#texture"},"west":{"uv":[1,1,4,4],"texture":"#texture"},"up":{"uv":[1,1,4,4],"texture":"#texture"}}},{"from":[5.875,11.555,7],"to":[12.055,12.625,9],"rotation":{"angle":22.5,"axis":"z","origin":[5.875,12.625,7]},"faces":{"north":{"uv":[1,1,4,4],"texture":"#texture"},"east":{"uv":[1,1,4,4],"texture":"#texture"},"south":{"uv":[1,1,4,4],"texture":"#texture"},"west":{"uv":[1,1,4,4],"texture":"#texture"},"up":{"uv":[1,1,4,4],"texture":"#texture"},"down":{"uv":[1,1,4,4],"texture":"#texture"}}},{"from":[9.5,13.25,7],"to":[12,14,9],"faces":{"north":{"uv":[1,1,4,4],"texture":"#texture"},"east":{"uv":[1,1,4,4],"texture":"#texture"},"south":{"uv":[1,1,4,4],"texture":"#texture"},"up":{"uv":[1,1,4,4],"texture":"#texture"},"down":{"uv":[1,1,4,4],"texture":"#texture"}}},{"from":[9.6875,12.75,7],"to":[12.1875,13.5,9],"rotation":{"angle":-22.5,"axis":"z","origin":[9.6875,13.5,7]},"faces":{"north":{"uv":[1,1,4,4],"texture":"#texture"},"east":{"uv":[1,1,4,4],"texture":"#texture"},"south":{"uv":[1,1,4,4],"texture":"#texture"},"up":{"uv":[1,1,4,4],"texture":"#texture"}}},{"from":[6.25,11.5,7],"to":[12,12.5,9],"faces":{"north":{"uv":[1,1,4,4],"texture":"#texture"},"east":{"uv":[1,1,4,4],"texture":"#texture"},"south":{"uv":[1,1,4,4],"texture":"#texture"},"up":{"uv":[1,1,4,4],"texture":"#texture"}}},{"from":[8.115,8.335,7],"to":[11.865,10.085,9],"rotation":{"angle":45,"axis":"z","origin":[8.115,10.085,7]},"faces":{"north":{"uv":[1,1,4,4],"texture":"#texture"},"east":{"uv":[1,1,4,4],"texture":"#texture"},"south":{"uv":[1,1,4,4],"texture":"#texture"},"down":{"uv":[1,1,4,4],"texture":"#texture"}}},{"from":[5,10,6.5],"to":[8.25,11.75,9.5],"faces":{"east":{"uv":[1.5,2,4.5,5],"rotation":90,"texture":"#texture"}}},{"from":[8.75,12.75,7],"to":[10.25,13.25,9],"faces":{"north":{"uv":[1,1,4,4],"rotation":90,"texture":"#texture"},"south":{"uv":[1,1,4,4],"rotation":270,"texture":"#texture"}}},{"from":[5,10,6.5],"to":[6.75,11.75,9.5],"faces":{"north":{"uv":[1,1,4,4],"rotation":90,"texture":"#texture"},"south":{"uv":[1,1,4,4],"rotation":270,"texture":"#texture"}}},{"from":[4,9,6],"to":[8.25,10,10],"faces":{"north":{"uv":[1,1,4,4],"rotation":90,"texture":"#texture"},"south":{"uv":[1,1,4,4],"rotation":270,"texture":"#texture"},"west":{"uv":[1,1.5,4,4.5],"rotation":90,"texture":"#texture"},"up":{"uv":[1.5,1.5,4.5,4.5],"rotation":270,"texture":"#texture"},"down":{"uv":[2,1.5,5,4.5],"rotation":270,"texture":"#texture"}}},{"from":[8,10.25,4.5],"to":[9.41,11,5.91],"rotation":{"angle":-45,"axis":"y","origin":[8,10.25,4.5]},"faces":{"north":{"uv":[1,1,4,4],"rotation":90,"texture":"#texture"},"east":{"uv":[1.5,2,4.5,5],"rotation":90,"texture":"#texture"},"west":{"uv":[1,1.5,4,4.5],"rotation":90,"texture":"#texture"},"up":{"uv":[1.5,1.5,4.5,4.5],"rotation":270,"texture":"#texture"},"down":{"uv":[2,1.5,5,4.5],"rotation":270,"texture":"#texture"}}},{"from":[8,10.25,9.5],"to":[9.41,11,10.91],"rotation":{"angle":-45,"axis":"y","origin":[8,10.25,9.5]},"faces":{"east":{"uv":[1,1,4,4],"texture":"#texture"},"south":{"uv":[1,1,4,4],"texture":"#texture"},"up":{"uv":[1,1,4,4],"texture":"#texture"},"down":{"uv":[1,1,4,4],"texture":"#texture"}}},{"from":[5.75,10.25,10.5],"to":[7.16,11,11.91],"rotation":{"angle":45,"axis":"y","origin":[5.75,10.25,10.5]},"faces":{"south":{"uv":[1,1,4,4],"texture":"#texture"},"west":{"uv":[1,1,4,4],"texture":"#texture"},"up":{"uv":[1,1,4,4],"texture":"#texture"},"down":{"uv":[1,1,4,4],"texture":"#texture"}}},{"from":[5.75,10.25,5.5],"to":[7.16,11,6.91],"rotation":{"angle":45,"axis":"y","origin":[5.75,10.25,5.5]},"faces":{"north":{"uv":[1,1,4,4],"rotation":90,"texture":"#texture"},"east":{"uv":[1.5,2,4.5,5],"rotation":90,"texture":"#texture"},"up":{"uv":[1.5,1.5,4.5,4.5],"rotation":270,"texture":"#texture"},"down":{"uv":[2,1.5,5,4.5],"rotation":270,"texture":"#texture"}}},{"from":[6.75,10.1875,4.7925],"to":[8,10.9375,6.2025],"rotation":{"angle":22.5,"axis":"x","origin":[6.75,10.9375,4.7925]},"faces":{"east":{"uv":[1,1,4,4],"texture":"#texture"},"south":{"uv":[1,1,4,4],"texture":"#texture"},"west":{"uv":[1,1,4,4],"texture":"#texture"},"down":{"uv":[1,1,4,4],"texture":"#texture"}}},{"from":[6.75,9.645,9.9075],"to":[8,10.395,11.3175],"rotation":{"angle":-22.5,"axis":"x","origin":[6.75,10.395,9.9075]},"faces":{"north":{"uv":[1,1,4,4],"rotation":90,"texture":"#texture"},"east":{"uv":[1.5,2,4.5,5],"rotation":90,"texture":"#texture"},"west":{"uv":[1,1.5,4,4.5],"rotation":90,"texture":"#texture"},"down":{"uv":[2,1.5,5,4.5],"rotation":270,"texture":"#texture"}}},{"from":[6.75,10.25,4.5],"to":[8,11,7.25],"rotation":{"angle":-22.5,"axis":"x","origin":[6.75,11,4.5]},"faces":{"east":{"uv":[1,1,4,4],"texture":"#texture"},"west":{"uv":[1,1,4,4],"texture":"#texture"},"up":{"uv":[1,1,4,4],"texture":"#texture"}}},{"from":[6.75,11.3,8.95],"to":[8,12.05,11.7],"rotation":{"angle":22.5,"axis":"x","origin":[6.75,12.05,8.95]},"faces":{"east":{"uv":[1,1,4,4],"texture":"#texture"},"west":{"uv":[1,1,4,4],"texture":"#texture"},"up":{"uv":[1,1,4,4],"texture":"#texture"}}},{"from":[6.25,10,5.25],"to":[8.25,11,7.5],"rotation":{"angle":-45,"axis":"x","origin":[6.25,11,5.25]},"faces":{"north":{"uv":[1,1,4,4],"texture":"#texture"},"east":{"uv":[1,1,4,4],"texture":"#texture"},"south":{"uv":[1,1,4,4],"texture":"#texture"},"west":{"uv":[1,1,4,4],"texture":"#texture"},"up":{"uv":[1,1,4,4],"texture":"#texture"}}},{"from":[6.25,11.5,9.25],"to":[8.25,12.5,11.4375],"rotation":{"angle":45,"axis":"x","origin":[6.25,12.5,9.25]},"faces":{"north":{"uv":[1,1,4,4],"texture":"#texture"},"east":{"uv":[1,1,4,4],"texture":"#texture"},"south":{"uv":[1,1,4,4],"texture":"#texture"},"west":{"uv":[1,1,4,4],"texture":"#texture"},"up":{"uv":[1,1,4,4],"texture":"#texture"},"down":{"uv":[1,1,4,4],"texture":"#texture"}}},{"from":[4,10.25,6.25],"to":[6.5,10.5,9.75],"rotation":{"angle":45,"axis":"z","origin":[4,10.5,6.25]},"faces":{"north":{"uv":[1,1,4,4],"texture":"#texture"},"east":{"uv":[1,1,4,4],"texture":"#texture"},"south":{"uv":[1,1,4,4],"texture":"#texture"},"up":{"uv":[1,1,4,4],"texture":"#texture"},"down":{"uv":[1,1,4,4],"texture":"#texture"}}},{"from":[6.75,9.75,11.75],"to":[8,11.5,12.5],"faces":{"up":{"uv":[7,1,10,4],"texture":"#texture"},"down":{"uv":[7,1,10,4],"texture":"#texture"}}},{"from":[6.75,10.25,11.25],"to":[8,11,13],"faces":{"south":{"uv":[7,1,10,4],"texture":"#texture"}}},{"from":[6.75,10.79,12.5],"to":[8,11.5,13.21],"rotation":{"angle":45,"axis":"x","origin":[6.75,11.5,12.5]},"faces":{"south":{"uv":[7,1,10,4],"texture":"#texture"},"up":{"uv":[7,1,10,4],"texture":"#texture"}}},{"from":[6.75,10.04,12.5],"to":[8,10.75,13.21],"rotation":{"angle":45,"axis":"x","origin":[6.75,10.75,12.5]},"faces":{"south":{"uv":[7,1,10,4],"texture":"#texture"},"up":{"uv":[7,1,10,4],"texture":"#texture"},"down":{"uv":[7,1,10,4],"texture":"#texture"}}},{"from":[6.75,10.29,11.25],"to":[8,11,11.96],"rotation":{"angle":-45,"axis":"x","origin":[6.75,11,11.25]},"faces":{"south":{"uv":[7,1,10,4],"texture":"#texture"},"up":{"uv":[7,1,10,4],"texture":"#texture"}}},{"from":[6.75,9.54,11.25],"to":[8,10.25,11.96],"rotation":{"angle":-45,"axis":"x","origin":[6.75,10.25,11.25]},"faces":{"north":{"uv":[7,1,10,4],"texture":"#texture"},"down":{"uv":[7,1,10,4],"texture":"#texture"}}},{"from":[5.75,9.75,11.75],"to":[6.75,11.5,12.5],"faces":{"up":{"uv":[1,1,4,4],"texture":"#texture"},"down":{"uv":[1,1,4,4],"texture":"#texture"}}},{"from":[5.75,10.25,11.25],"to":[6.75,11,13],"faces":{"north":{"uv":[1,1,4,4],"texture":"#texture"},"south":{"uv":[1,1,4,4],"texture":"#texture"}}},{"from":[5.75,10.29,11.25],"to":[6.75,11,11.96],"rotation":{"angle":-45,"axis":"x","origin":[5.75,11,11.25]},"faces":{"south":{"uv":[1,1,4,4],"rotation":270,"texture":"#texture"},"west":{"uv":[1,1.5,4,4.5],"rotation":90,"texture":"#texture"},"up":{"uv":[1.5,1.5,4.5,4.5],"rotation":270,"texture":"#texture"}}},{"from":[5.75,10.79,12.5],"to":[6.75,11.5,13.21],"rotation":{"angle":45,"axis":"x","origin":[5.75,11.5,12.5]},"faces":{"south":{"uv":[1,1,4,4],"texture":"#texture"},"west":{"uv":[1,1,4,4],"texture":"#texture"},"up":{"uv":[1,1,4,4],"texture":"#texture"}}},{"from":[5.75,10.04,12.5],"to":[6.75,10.75,13.21],"rotation":{"angle":45,"axis":"x","origin":[5.75,10.75,12.5]},"faces":{"south":{"uv":[1,1,4,4],"rotation":270,"texture":"#texture"},"west":{"uv":[1,1.5,4,4.5],"rotation":90,"texture":"#texture"},"up":{"uv":[1.5,1.5,4.5,4.5],"rotation":270,"texture":"#texture"},"down":{"uv":[2,1.5,5,4.5],"rotation":270,"texture":"#texture"}}},{"from":[5.75,9.54,11.25],"to":[6.75,10.25,11.96],"rotation":{"angle":-45,"axis":"x","origin":[5.75,10.25,11.25]},"faces":{"north":{"uv":[1,1,4,4],"rotation":90,"texture":"#texture"},"west":{"uv":[1,1.5,4,4.5],"rotation":90,"texture":"#texture"},"down":{"uv":[2,1.5,5,4.5],"rotation":270,"texture":"#texture"}}},{"from":[5.5,10,11.75],"to":[9.25,11.25,12.5],"faces":{"east":{"uv":[1,1,4,4],"texture":"#texture"},"west":{"uv":[1,1,4,4],"texture":"#texture"}}},{"from":[5.5,10.25,11.5],"to":[9.25,11,12.75],"faces":{"east":{"uv":[1.5,2,4.5,5],"rotation":90,"texture":"#texture"},"west":{"uv":[1,1.5,4,4.5],"rotation":90,"texture":"#texture"}}},{"from":[5.5,10.25,11.5],"to":[5.855,11,11.855],"rotation":{"angle":45,"axis":"y","origin":[5.5,10.25,11.5]},"faces":{"north":{"uv":[1,1,4,4],"rotation":90,"texture":"#texture"},"east":{"uv":[1.5,2,4.5,5],"rotation":90,"texture":"#texture"},"up":{"uv":[1.5,1.5,4.5,4.5],"rotation":270,"texture":"#texture"},"down":{"uv":[2,1.5,5,4.5],"rotation":270,"texture":"#texture"}}},{"from":[5.5,10.25,12.75],"to":[5.855,11,13.105],"rotation":{"angle":45,"axis":"y","origin":[5.5,10.25,12.75]},"faces":{"south":{"uv":[1,1,4,4],"rotation":270,"texture":"#texture"},"west":{"uv":[1,1.5,4,4.5],"rotation":90,"texture":"#texture"},"up":{"uv":[1.5,1.5,4.5,4.5],"rotation":270,"texture":"#texture"},"down":{"uv":[2,1.5,5,4.5],"rotation":270,"texture":"#texture"}}},{"from":[5.5,10.895,11.75],"to":[5.855,11.25,12.5],"rotation":{"angle":45,"axis":"z","origin":[5.5,11.25,11.75]},"faces":{"north":{"uv":[1,1,4,4],"rotation":90,"texture":"#texture"},"east":{"uv":[1.5,2,4.5,5],"rotation":90,"texture":"#texture"},"south":{"uv":[1,1,4,4],"rotation":270,"texture":"#texture"},"up":{"uv":[1.5,1.5,4.5,4.5],"rotation":270,"texture":"#texture"}}},{"from":[5.5,9.645,11.75],"to":[5.855,10,12.5],"rotation":{"angle":45,"axis":"z","origin":[5.5,10,11.75]},"faces":{"north":{"uv":[1,1,4,4],"rotation":90,"texture":"#texture"},"south":{"uv":[1,1,4,4],"rotation":270,"texture":"#texture"},"west":{"uv":[1,1.5,4,4.5],"rotation":90,"texture":"#texture"},"down":{"uv":[2,1.5,5,4.5],"rotation":270,"texture":"#texture"}}},{"from":[5.25,10.25,12],"to":[9.5,11,12.25],"faces":{"east":{"uv":[1,1,4,4],"texture":"#texture"},"west":{"uv":[1,1,4,4],"texture":"#texture"}}},{"from":[5.25,10.5,11.75],"to":[9.5,10.75,12.5],"faces":{"east":{"uv":[1.5,2,4.5,5],"rotation":90,"texture":"#texture"},"west":{"uv":[1,1.5,4,4.5],"rotation":90,"texture":"#texture"}}},{"from":[5.25,10.645,12],"to":[5.605,11,12.25],"rotation":{"angle":45,"axis":"z","origin":[5.25,11,12]},"faces":{"north":{"uv":[1,1,4,4],"rotation":90,"texture":"#texture"},"south":{"uv":[1,1,4,4],"rotation":270,"texture":"#texture"},"up":{"uv":[1.5,1.5,4.5,4.5],"rotation":270,"texture":"#texture"}}},{"from":[5.25,9.895,12],"to":[5.605,10.25,12.25],"rotation":{"angle":45,"axis":"z","origin":[5.25,10.25,12]},"faces":{"north":{"uv":[1,1,4,4],"rotation":90,"texture":"#texture"},"south":{"uv":[1,1,4,4],"rotation":270,"texture":"#texture"},"west":{"uv":[1,1.5,4,4.5],"rotation":90,"texture":"#texture"}}},{"from":[5.25,10.5,11.75],"to":[5.605,10.75,12.105],"rotation":{"angle":45,"axis":"y","origin":[5.25,10.5,11.75]},"faces":{"north":{"uv":[1,1,4,4],"rotation":90,"texture":"#texture"},"up":{"uv":[1.5,1.5,4.5,4.5],"rotation":270,"texture":"#texture"},"down":{"uv":[2,1.5,5,4.5],"rotation":270,"texture":"#texture"}}},{"from":[5.25,10.5,12.5],"to":[5.605,10.75,12.855],"rotation":{"angle":45,"axis":"y","origin":[5.25,10.5,12.5]},"faces":{"west":{"uv":[1,1.5,4,4.5],"rotation":90,"texture":"#texture"},"up":{"uv":[1.5,1.5,4.5,4.5],"rotation":270,"texture":"#texture"},"down":{"uv":[2,1.5,5,4.5],"rotation":270,"texture":"#texture"}}},{"from":[5.5,10.895,12.5],"to":[9.25,11.25,12.855],"rotation":{"angle":45,"axis":"x","origin":[5.5,11.25,12.5]},"faces":{"east":{"uv":[1,1,4,4],"texture":"#texture"},"south":{"uv":[1,1,4,4],"texture":"#texture"},"west":{"uv":[1,1,4,4],"texture":"#texture"},"up":{"uv":[1,1,4,4],"texture":"#texture"}}},{"from":[5.5,10.645,11.5],"to":[9.25,11,11.855],"rotation":{"angle":-45,"axis":"x","origin":[5.5,11,11.5]},"faces":{"east":{"uv":[1.5,2,4.5,5],"rotation":90,"texture":"#texture"},"south":{"uv":[1,1,4,4],"rotation":270,"texture":"#texture"},"west":{"uv":[1,1.5,4,4.5],"rotation":90,"texture":"#texture"},"up":{"uv":[1.5,1.5,4.5,4.5],"rotation":270,"texture":"#texture"}}},{"from":[5.5,9.895,11.5],"to":[9.25,10.25,11.855],"rotation":{"angle":-45,"axis":"x","origin":[5.5,10.25,11.5]},"faces":{"north":{"uv":[1,1,4,4],"rotation":90,"texture":"#texture"},"east":{"uv":[1.5,2,4.5,5],"rotation":90,"texture":"#texture"},"west":{"uv":[1,1.5,4,4.5],"rotation":90,"texture":"#texture"},"down":{"uv":[2,1.5,5,4.5],"rotation":270,"texture":"#texture"}}},{"from":[5.5,10.145,12.5],"to":[9.25,10.5,12.855],"rotation":{"angle":45,"axis":"x","origin":[5.5,10.5,12.5]},"faces":{"east":{"uv":[1,1,4,4],"texture":"#texture"},"south":{"uv":[1,1,4,4],"texture":"#texture"},"west":{"uv":[1,1,4,4],"texture":"#texture"},"up":{"uv":[1,1,4,4],"texture":"#texture"},"down":{"uv":[1,1,4,4],"texture":"#texture"}}},{"from":[5.25,10.645,12.25],"to":[9.5,11,12.605],"rotation":{"angle":45,"axis":"x","origin":[5.25,11,12.25]},"faces":{"east":{"uv":[1,1,4,4],"texture":"#texture"},"south":{"uv":[1,1,4,4],"texture":"#texture"},"west":{"uv":[1,1,4,4],"texture":"#texture"},"up":{"uv":[1,1,4,4],"texture":"#texture"}}},{"from":[5.25,10.395,12.25],"to":[9.5,10.75,12.605],"rotation":{"angle":45,"axis":"x","origin":[5.25,10.75,12.25]},"faces":{"east":{"uv":[1.5,2,4.5,5],"rotation":90,"texture":"#texture"},"south":{"uv":[1,1,4,4],"rotation":270,"texture":"#texture"},"west":{"uv":[1,1.5,4,4.5],"rotation":90,"texture":"#texture"},"up":{"uv":[1.5,1.5,4.5,4.5],"rotation":270,"texture":"#texture"},"down":{"uv":[2,1.5,5,4.5],"rotation":270,"texture":"#texture"}}},{"from":[5.25,10.395,11.75],"to":[9.5,10.75,12.105],"rotation":{"angle":-45,"axis":"x","origin":[5.25,10.75,11.75]},"faces":{"east":{"uv":[1,1,4,4],"texture":"#texture"},"south":{"uv":[1,1,4,4],"texture":"#texture"},"west":{"uv":[1,1,4,4],"texture":"#texture"},"up":{"uv":[1,1,4,4],"texture":"#texture"}}},{"from":[5.25,10.145,11.75],"to":[9.5,10.5,12.105],"rotation":{"angle":-45,"axis":"x","origin":[5.25,10.5,11.75]},"faces":{"north":{"uv":[1,1,4,4],"rotation":90,"texture":"#texture"},"east":{"uv":[1.5,2,4.5,5],"rotation":90,"texture":"#texture"},"west":{"uv":[1,1.5,4,4.5],"rotation":90,"texture":"#texture"},"down":{"uv":[2,1.5,5,4.5],"rotation":270,"texture":"#texture"}}},{"from":[8,9.75,11.75],"to":[9,11.5,12.5],"faces":{"up":{"uv":[1.5,1.5,4.5,4.5],"rotation":270,"texture":"#texture"},"down":{"uv":[2,1.5,5,4.5],"rotation":270,"texture":"#texture"}}},{"from":[8,10.25,11.25],"to":[9,11,13],"faces":{"north":{"uv":[1,1,4,4],"texture":"#texture"},"south":{"uv":[1,1,4,4],"texture":"#texture"}}},{"from":[8,10.29,11.25],"to":[9,11,11.96],"rotation":{"angle":-45,"axis":"x","origin":[8,11,11.25]},"faces":{"east":{"uv":[1.5,2,4.5,5],"rotation":90,"texture":"#texture"},"south":{"uv":[1,1,4,4],"rotation":270,"texture":"#texture"},"up":{"uv":[1.5,1.5,4.5,4.5],"rotation":270,"texture":"#texture"}}},{"from":[8,10.79,12.5],"to":[9,11.5,13.21],"rotation":{"angle":45,"axis":"x","origin":[8,11.5,12.5]},"faces":{"east":{"uv":[1,1,4,4],"texture":"#texture"},"south":{"uv":[1,1,4,4],"texture":"#texture"},"up":{"uv":[1,1,4,4],"texture":"#texture"}}},{"from":[8,10.04,12.5],"to":[9,10.75,13.21],"rotation":{"angle":45,"axis":"x","origin":[8,10.75,12.5]},"faces":{"east":{"uv":[1.5,2,4.5,5],"rotation":90,"texture":"#texture"},"south":{"uv":[1,1,4,4],"rotation":270,"texture":"#texture"},"up":{"uv":[1.5,1.5,4.5,4.5],"rotation":270,"texture":"#texture"},"down":{"uv":[2,1.5,5,4.5],"rotation":270,"texture":"#texture"}}},{"from":[8,9.54,11.25],"to":[9,10.25,11.96],"rotation":{"angle":-45,"axis":"x","origin":[8,10.25,11.25]},"faces":{"north":{"uv":[1,1,4,4],"rotation":90,"texture":"#texture"},"east":{"uv":[1.5,2,4.5,5],"rotation":90,"texture":"#texture"},"down":{"uv":[2,1.5,5,4.5],"rotation":270,"texture":"#texture"}}},{"from":[9,11.145,11.75],"to":[9.355,11.5,12.5],"rotation":{"angle":-45,"axis":"z","origin":[9,11.5,11.75]},"faces":{"north":{"uv":[1,1,4,4],"texture":"#texture"},"east":{"uv":[1,1,4,4],"texture":"#texture"},"south":{"uv":[1,1,4,4],"texture":"#texture"},"up":{"uv":[1,1,4,4],"texture":"#texture"}}},{"from":[9.25,10.895,12],"to":[9.605,11.25,12.25],"rotation":{"angle":-45,"axis":"z","origin":[9.25,11.25,12]},"faces":{"north":{"uv":[1,1,4,4],"texture":"#texture"},"east":{"uv":[1,1,4,4],"texture":"#texture"},"south":{"uv":[1,1,4,4],"texture":"#texture"},"up":{"uv":[1,1,4,4],"texture":"#texture"}}},{"from":[9,9.895,12],"to":[9.355,10.25,12.25],"rotation":{"angle":45,"axis":"z","origin":[9,10.25,12]},"faces":{"north":{"uv":[1,1,4,4],"rotation":90,"texture":"#texture"},"east":{"uv":[1.5,2,4.5,5],"rotation":90,"texture":"#texture"},"south":{"uv":[1,1,4,4],"rotation":270,"texture":"#texture"},"down":{"uv":[2,1.5,5,4.5],"rotation":270,"texture":"#texture"}}},{"from":[8.75,9.645,11.75],"to":[9.105,10,12.5],"rotation":{"angle":45,"axis":"z","origin":[8.75,10,11.75]},"faces":{"north":{"uv":[1,1,4,4],"rotation":90,"texture":"#texture"},"east":{"uv":[1.5,2,4.5,5],"rotation":90,"texture":"#texture"},"south":{"uv":[1,1,4,4],"rotation":270,"texture":"#texture"},"west":{"uv":[1,1.5,4,4.5],"rotation":90,"texture":"#texture"},"down":{"uv":[2,1.5,5,4.5],"rotation":270,"texture":"#texture"}}},{"from":[8.75,10.25,12.75],"to":[9.105,11,13.105],"rotation":{"angle":45,"axis":"y","origin":[8.75,10.25,12.75]},"faces":{"east":{"uv":[1,1,4,4],"texture":"#texture"},"south":{"uv":[1,1,4,4],"texture":"#texture"},"west":{"uv":[1,1,4,4],"texture":"#texture"},"up":{"uv":[1,1,4,4],"texture":"#texture"},"down":{"uv":[1,1,4,4],"texture":"#texture"}}},{"from":[9,10.25,11.25],"to":[9.355,11,11.605],"rotation":{"angle":-45,"axis":"y","origin":[9,10.25,11.25]},"faces":{"north":{"uv":[1,1,4,4],"rotation":90,"texture":"#texture"},"east":{"uv":[1.5,2,4.5,5],"rotation":90,"texture":"#texture"},"up":{"uv":[1.5,1.5,4.5,4.5],"rotation":270,"texture":"#texture"},"down":{"uv":[2,1.5,5,4.5],"rotation":270,"texture":"#texture"}}},{"from":[9.25,10.5,11.5],"to":[9.605,10.75,11.855],"rotation":{"angle":-45,"axis":"y","origin":[9.25,10.5,11.5]},"faces":{"north":{"uv":[1,1,4,4],"rotation":90,"texture":"#texture"},"east":{"uv":[1.5,2,4.5,5],"rotation":90,"texture":"#texture"},"up":{"uv":[1.5,1.5,4.5,4.5],"rotation":270,"texture":"#texture"},"down":{"uv":[2,1.5,5,4.5],"rotation":270,"texture":"#texture"}}},{"from":[9.25,10.5,12.25],"to":[9.605,10.75,12.605],"rotation":{"angle":-45,"axis":"y","origin":[9.25,10.5,12.25]},"faces":{"north":{"uv":[1,1,4,4],"texture":"#texture"},"east":{"uv":[1,1,4,4],"texture":"#texture"},"up":{"uv":[1,1,4,4],"texture":"#texture"},"down":{"uv":[1,1,4,4],"texture":"#texture"}}},{"from":[6.75,9.75,3.5],"to":[8,11.5,4.25],"faces":{"up":{"uv":[7,1,10,4],"texture":"#texture"},"down":{"uv":[7,1,10,4],"texture":"#texture"}}},{"from":[6.75,10.25,3],"to":[8,11,4.75],"faces":{"north":{"uv":[7,1,10,4],"texture":"#texture"}}},{"from":[6.75,10.79,4.25],"to":[8,11.5,4.96],"rotation":{"angle":45,"axis":"x","origin":[6.75,11.5,4.25]},"faces":{"up":{"uv":[7,1,10,4],"texture":"#texture"}}},{"from":[6.75,10.04,4.25],"to":[8,10.75,4.96],"rotation":{"angle":45,"axis":"x","origin":[6.75,10.75,4.25]},"faces":{"south":{"uv":[7,1,10,4],"texture":"#texture"},"down":{"uv":[7,1,10,4],"texture":"#texture"}}},{"from":[6.75,10.29,3],"to":[8,11,3.71],"rotation":{"angle":-45,"axis":"x","origin":[6.75,11,3]},"faces":{"south":{"uv":[7,1,10,4],"texture":"#texture"},"up":{"uv":[7,1,10,4],"texture":"#texture"}}},{"from":[6.75,9.54,3],"to":[8,10.25,3.71],"rotation":{"angle":-45,"axis":"x","origin":[6.75,10.25,3]},"faces":{"north":{"uv":[7,1,10,4],"texture":"#texture"},"down":{"uv":[7,1,10,4],"texture":"#texture"}}},{"from":[5.75,9.75,3.5],"to":[6.75,11.5,4.25],"faces":{"up":{"uv":[1,1,4,4],"texture":"#texture"},"down":{"uv":[1,1,4,4],"texture":"#texture"}}},{"from":[5.75,10.25,3],"to":[6.75,11,4.75],"faces":{"north":{"uv":[1,1,4,4],"rotation":90,"texture":"#texture"},"south":{"uv":[1,1,4,4],"rotation":270,"texture":"#texture"}}},{"from":[5.75,10.29,3],"to":[6.75,11,3.71],"rotation":{"angle":-45,"axis":"x","origin":[5.75,11,3]},"faces":{"south":{"uv":[1,1,4,4],"texture":"#texture"},"west":{"uv":[1,1,4,4],"texture":"#texture"},"up":{"uv":[1,1,4,4],"texture":"#texture"}}},{"from":[5.75,10.79,4.25],"to":[6.75,11.5,4.96],"rotation":{"angle":45,"axis":"x","origin":[5.75,11.5,4.25]},"faces":{"south":{"uv":[1,1,4,4],"texture":"#texture"},"west":{"uv":[1,1,4,4],"texture":"#texture"},"up":{"uv":[1,1,4,4],"texture":"#texture"}}},{"from":[5.75,10.04,4.25],"to":[6.75,10.75,4.96],"rotation":{"angle":45,"axis":"x","origin":[5.75,10.75,4.25]},"faces":{"south":{"uv":[1,1,4,4],"texture":"#texture"},"west":{"uv":[1,1,4,4],"texture":"#texture"},"up":{"uv":[1,1,4,4],"texture":"#texture"},"down":{"uv":[1,1,4,4],"texture":"#texture"}}},{"from":[5.75,9.54,3],"to":[6.75,10.25,3.71],"rotation":{"angle":-45,"axis":"x","origin":[5.75,10.25,3]},"faces":{"north":{"uv":[1,1,4,4],"texture":"#texture"},"west":{"uv":[1,1,4,4],"texture":"#texture"},"down":{"uv":[1,1,4,4],"texture":"#texture"}}},{"from":[5.5,10,3.5],"to":[9.25,11.25,4.25],"faces":{"east":{"uv":[1,1,4,4],"texture":"#texture"},"west":{"uv":[1,1,4,4],"texture":"#texture"}}},{"from":[5.5,10.25,3.25],"to":[9.25,11,4.5],"faces":{"east":{"uv":[1.5,2,4.5,5],"rotation":90,"texture":"#texture"},"west":{"uv":[1,1.5,4,4.5],"rotation":90,"texture":"#texture"}}},{"from":[5.5,10.25,3.25],"to":[5.855,11,3.605],"rotation":{"angle":45,"axis":"y","origin":[5.5,10.25,3.25]},"faces":{"north":{"uv":[1,1,4,4],"texture":"#texture"},"east":{"uv":[1,1,4,4],"texture":"#texture"},"up":{"uv":[1,1,4,4],"texture":"#texture"},"down":{"uv":[1,1,4,4],"texture":"#texture"}}},{"from":[5.5,10.25,4.5],"to":[5.855,11,4.855],"rotation":{"angle":45,"axis":"y","origin":[5.5,10.25,4.5]},"faces":{"south":{"uv":[1,1,4,4],"texture":"#texture"},"west":{"uv":[1,1,4,4],"texture":"#texture"},"up":{"uv":[1,1,4,4],"texture":"#texture"},"down":{"uv":[1,1,4,4],"texture":"#texture"}}},{"from":[5.5,10.895,3.5],"to":[5.855,11.25,4.25],"rotation":{"angle":45,"axis":"z","origin":[5.5,11.25,3.5]},"faces":{"north":{"uv":[1,1,4,4],"texture":"#texture"},"east":{"uv":[1,1,4,4],"texture":"#texture"},"south":{"uv":[1,1,4,4],"texture":"#texture"},"up":{"uv":[1,1,4,4],"texture":"#texture"}}},{"from":[5.5,9.645,3.5],"to":[5.855,10,4.25],"rotation":{"angle":45,"axis":"z","origin":[5.5,10,3.5]},"faces":{"north":{"uv":[1,1,4,4],"texture":"#texture"},"south":{"uv":[1,1,4,4],"texture":"#texture"},"west":{"uv":[1,1,4,4],"texture":"#texture"},"down":{"uv":[1,1,4,4],"texture":"#texture"}}},{"from":[5.25,10.25,3.75],"to":[9.5,11,4],"faces":{"east":{"uv":[1.5,2,4.5,5],"rotation":90,"texture":"#texture"},"west":{"uv":[1,1.5,4,4.5],"rotation":90,"texture":"#texture"}}},{"from":[5.25,10.5,3.5],"to":[9.5,10.75,4.25],"faces":{"east":{"uv":[1,1,4,4],"texture":"#texture"},"west":{"uv":[1,1,4,4],"texture":"#texture"}}},{"from":[5.25,10.645,3.75],"to":[5.605,11,4],"rotation":{"angle":45,"axis":"z","origin":[5.25,11,3.75]},"faces":{"north":{"uv":[1,1,4,4],"texture":"#texture"},"south":{"uv":[1,1,4,4],"texture":"#texture"},"up":{"uv":[1,1,4,4],"texture":"#texture"}}},{"from":[5.25,9.895,3.75],"to":[5.605,10.25,4],"rotation":{"angle":45,"axis":"z","origin":[5.25,10.25,3.75]},"faces":{"north":{"uv":[1,1,4,4],"rotation":90,"texture":"#texture"},"south":{"uv":[1,1,4,4],"rotation":270,"texture":"#texture"},"west":{"uv":[1,1.5,4,4.5],"rotation":90,"texture":"#texture"}}},{"from":[5.25,10.5,3.5],"to":[5.605,10.75,3.855],"rotation":{"angle":45,"axis":"y","origin":[5.25,10.5,3.5]},"faces":{"north":{"uv":[1,1,4,4],"texture":"#texture"},"up":{"uv":[1,1,4,4],"texture":"#texture"},"down":{"uv":[1,1,4,4],"texture":"#texture"}}},{"from":[5.25,10.5,4.25],"to":[5.605,10.75,4.605],"rotation":{"angle":45,"axis":"y","origin":[5.25,10.5,4.25]},"faces":{"west":{"uv":[1,1,4,4],"texture":"#texture"},"up":{"uv":[1,1,4,4],"texture":"#texture"},"down":{"uv":[1,1,4,4],"texture":"#texture"}}},{"from":[5.5,10.895,4.25],"to":[9.25,11.25,4.605],"rotation":{"angle":45,"axis":"x","origin":[5.5,11.25,4.25]},"faces":{"east":{"uv":[1,1,4,4],"texture":"#texture"},"south":{"uv":[1,1,4,4],"texture":"#texture"},"west":{"uv":[1,1,4,4],"texture":"#texture"},"up":{"uv":[1,1,4,4],"texture":"#texture"}}},{"from":[5.5,10.645,3.25],"to":[9.25,11,3.605],"rotation":{"angle":-45,"axis":"x","origin":[5.5,11,3.25]},"faces":{"east":{"uv":[1,1,4,4],"texture":"#texture"},"south":{"uv":[1,1,4,4],"texture":"#texture"},"west":{"uv":[1,1,4,4],"texture":"#texture"},"up":{"uv":[1,1,4,4],"texture":"#texture"}}},{"from":[5.5,9.895,3.25],"to":[9.25,10.25,3.605],"rotation":{"angle":-45,"axis":"x","origin":[5.5,10.25,3.25]},"faces":{"north":{"uv":[1,1,4,4],"texture":"#texture"},"east":{"uv":[1,1,4,4],"texture":"#texture"},"west":{"uv":[1,1,4,4],"texture":"#texture"},"down":{"uv":[1,1,4,4],"texture":"#texture"}}},{"from":[5.5,10.145,4.25],"to":[9.25,10.5,4.605],"rotation":{"angle":45,"axis":"x","origin":[5.5,10.5,4.25]},"faces":{"east":{"uv":[1,1,4,4],"texture":"#texture"},"south":{"uv":[1,1,4,4],"texture":"#texture"},"west":{"uv":[1,1,4,4],"texture":"#texture"},"up":{"uv":[1,1,4,4],"texture":"#texture"},"down":{"uv":[1,1,4,4],"texture":"#texture"}}},{"from":[5.25,10.645,4],"to":[9.5,11,4.355],"rotation":{"angle":45,"axis":"x","origin":[5.25,11,4]},"faces":{"east":{"uv":[1,1,4,4],"texture":"#texture"},"south":{"uv":[1,1,4,4],"texture":"#texture"},"west":{"uv":[1,1,4,4],"texture":"#texture"},"up":{"uv":[1,1,4,4],"texture":"#texture"}}},{"from":[5.25,10.395,4],"to":[9.5,10.75,4.355],"rotation":{"angle":45,"axis":"x","origin":[5.25,10.75,4]},"faces":{"east":{"uv":[1,1,4,4],"texture":"#texture"},"south":{"uv":[1,1,4,4],"texture":"#texture"},"west":{"uv":[1,1,4,4],"texture":"#texture"},"up":{"uv":[1,1,4,4],"texture":"#texture"},"down":{"uv":[1,1,4,4],"texture":"#texture"}}},{"from":[5.25,10.395,3.5],"to":[9.5,10.75,3.855],"rotation":{"angle":-45,"axis":"x","origin":[5.25,10.75,3.5]},"faces":{"east":{"uv":[1,1,4,4],"texture":"#texture"},"south":{"uv":[1,1,4,4],"texture":"#texture"},"west":{"uv":[1,1,4,4],"texture":"#texture"},"up":{"uv":[1,1,4,4],"texture":"#texture"}}},{"from":[5.25,10.145,3.5],"to":[9.5,10.5,3.855],"rotation":{"angle":-45,"axis":"x","origin":[5.25,10.5,3.5]},"faces":{"north":{"uv":[1,1,4,4],"texture":"#texture"},"east":{"uv":[1,1,4,4],"texture":"#texture"},"west":{"uv":[1,1,4,4],"texture":"#texture"},"down":{"uv":[1,1,4,4],"texture":"#texture"}}},{"from":[8,9.75,3.5],"to":[9,11.5,4.25],"faces":{"up":{"uv":[1,1,4,4],"texture":"#texture"},"down":{"uv":[1,1,4,4],"texture":"#texture"}}},{"from":[8,10.25,3],"to":[9,11,4.75],"faces":{"north":{"uv":[1,1,4,4],"texture":"#texture"},"south":{"uv":[1,1,4,4],"texture":"#texture"}}},{"from":[8,10.29,3],"to":[9,11,3.71],"rotation":{"angle":-45,"axis":"x","origin":[8,11,3]},"faces":{"east":{"uv":[1,1,4,4],"texture":"#texture"},"south":{"uv":[1,1,4,4],"texture":"#texture"},"up":{"uv":[1,1,4,4],"texture":"#texture"}}},{"from":[8,10.79,4.25],"to":[9,11.5,4.96],"rotation":{"angle":45,"axis":"x","origin":[8,11.5,4.25]},"faces":{"east":{"uv":[1,1,4,4],"texture":"#texture"},"south":{"uv":[1,1,4,4],"texture":"#texture"},"up":{"uv":[1,1,4,4],"texture":"#texture"}}},{"from":[8,10.04,4.25],"to":[9,10.75,4.96],"rotation":{"angle":45,"axis":"x","origin":[8,10.75,4.25]},"faces":{"east":{"uv":[1,1,4,4],"texture":"#texture"},"south":{"uv":[1,1,4,4],"texture":"#texture"},"up":{"uv":[1,1,4,4],"texture":"#texture"},"down":{"uv":[1,1,4,4],"texture":"#texture"}}},{"from":[8,9.54,3],"to":[9,10.25,3.71],"rotation":{"angle":-45,"axis":"x","origin":[8,10.25,3]},"faces":{"north":{"uv":[1,1,4,4],"texture":"#texture"},"east":{"uv":[1,1,4,4],"texture":"#texture"},"down":{"uv":[1,1,4,4],"texture":"#texture"}}},{"from":[9,11.145,3.5],"to":[9.355,11.5,4.25],"rotation":{"angle":-45,"axis":"z","origin":[9,11.5,3.5]},"faces":{"north":{"uv":[1,1,4,4],"rotation":90,"texture":"#texture"},"east":{"uv":[1.5,2,4.5,5],"rotation":90,"texture":"#texture"},"south":{"uv":[1,1,4,4],"rotation":270,"texture":"#texture"},"up":{"uv":[1.5,1.5,4.5,4.5],"rotation":270,"texture":"#texture"}}},{"from":[9.25,10.895,3.75],"to":[9.605,11.25,4],"rotation":{"angle":-45,"axis":"z","origin":[9.25,11.25,3.75]},"faces":{"north":{"uv":[1,1,4,4],"texture":"#texture"},"east":{"uv":[1,1,4,4],"texture":"#texture"},"south":{"uv":[1,1,4,4],"texture":"#texture"},"up":{"uv":[1,1,4,4],"texture":"#texture"}}},{"from":[9,9.895,3.75],"to":[9.355,10.25,4],"rotation":{"angle":45,"axis":"z","origin":[9,10.25,3.75]},"faces":{"north":{"uv":[1,1,4,4],"rotation":90,"texture":"#texture"},"east":{"uv":[1.5,2,4.5,5],"rotation":90,"texture":"#texture"},"south":{"uv":[1,1,4,4],"rotation":270,"texture":"#texture"},"down":{"uv":[2,1.5,5,4.5],"rotation":270,"texture":"#texture"}}},{"from":[8.75,9.645,3.5],"to":[9.105,10,4.25],"rotation":{"angle":45,"axis":"z","origin":[8.75,10,3.5]},"faces":{"north":{"uv":[1,1,4,4],"rotation":90,"texture":"#texture"},"east":{"uv":[1.5,2,4.5,5],"rotation":90,"texture":"#texture"},"south":{"uv":[1,1,4,4],"rotation":270,"texture":"#texture"},"west":{"uv":[1,1.5,4,4.5],"rotation":90,"texture":"#texture"},"down":{"uv":[2,1.5,5,4.5],"rotation":270,"texture":"#texture"}}},{"from":[8.75,10.25,4.5],"to":[9.105,11,4.855],"rotation":{"angle":45,"axis":"y","origin":[8.75,10.25,4.5]},"faces":{"east":{"uv":[1,1,4,4],"texture":"#texture"},"south":{"uv":[1,1,4,4],"texture":"#texture"},"west":{"uv":[1,1,4,4],"texture":"#texture"},"up":{"uv":[1,1,4,4],"texture":"#texture"},"down":{"uv":[1,1,4,4],"texture":"#texture"}}},{"from":[9,10.25,3],"to":[9.355,11,3.355],"rotation":{"angle":-45,"axis":"y","origin":[9,10.25,3]},"faces":{"north":{"uv":[1,1,4,4],"texture":"#texture"},"east":{"uv":[1,1,4,4],"texture":"#texture"},"up":{"uv":[1,1,4,4],"texture":"#texture"},"down":{"uv":[1,1,4,4],"texture":"#texture"}}},{"from":[9.25,10.5,3.25],"to":[9.605,10.75,3.605],"rotation":{"angle":-45,"axis":"y","origin":[9.25,10.5,3.25]},"faces":{"north":{"uv":[1,1,4,4],"texture":"#texture"},"east":{"uv":[1,1,4,4],"texture":"#texture"},"up":{"uv":[1,1,4,4],"texture":"#texture"},"down":{"uv":[1,1,4,4],"texture":"#texture"}}},{"from":[9.25,10.5,4],"to":[9.605,10.75,4.355],"rotation":{"angle":-45,"axis":"y","origin":[9.25,10.5,4]},"faces":{"north":{"uv":[1,1,4,4],"texture":"#texture"},"east":{"uv":[1,1,4,4],"texture":"#texture"},"up":{"uv":[1,1,4,4],"texture":"#texture"},"down":{"uv":[1,1,4,4],"texture":"#texture"}}},{"from":[4.75,10.25,8.6],"to":[5.75,11.5,9.6],"faces":{"north":{"uv":[0.25,0.25,10.5,15.25],"texture":"#particle"},"east":{"uv":[11.5,1,14.5,3.75],"texture":"#particle"},"south":{"uv":[10.5,0.25,0.25,15.25],"texture":"#particle"},"west":{"uv":[11.25,1.5,14,5.25],"texture":"#particle"},"up":{"uv":[11.75,3.75,14.5,7],"texture":"#particle"},"down":{"uv":[12,2.75,14.75,6.25],"texture":"#particle"}}},{"from":[4.75,10.25,6.4],"to":[5.75,11.5,7.4],"faces":{"north":{"uv":[0.25,0.25,10.5,15.25],"texture":"#particle"},"east":{"uv":[11.5,1,14.5,3.75],"texture":"#particle"},"south":{"uv":[10.5,0.25,0.25,15.25],"texture":"#particle"},"west":{"uv":[11.25,1.5,14,5.25],"texture":"#particle"},"up":{"uv":[11.75,3.75,14.5,7],"texture":"#particle"},"down":{"uv":[12,2.75,14.75,6.25],"texture":"#particle"}}},{"from":[3.75,9.5,6.5],"to":[8.75,10.5,9.5],"faces":{"north":{"uv":[1,1,4,4],"texture":"#texture"},"south":{"uv":[1,1,4,4],"texture":"#texture"},"west":{"uv":[1,1,4,4],"texture":"#texture"},"up":{"uv":[1,1,4,4],"texture":"#texture"},"down":{"uv":[1,1,4,4],"texture":"#texture"}}},{"from":[4,10,6.25],"to":[4.25,10.5,9.75],"faces":{"north":{"uv":[1,1,4,4],"rotation":90,"texture":"#texture"},"south":{"uv":[1,1,4,4],"rotation":270,"texture":"#texture"},"west":{"uv":[1,1.5,4,4.5],"rotation":90,"texture":"#texture"}}},{"from":[4.25,10,6.25],"to":[5.5,10.5,9.75],"rotation":{"angle":-22.5,"axis":"z","origin":[4.25,10.5,6.25]},"faces":{"north":{"uv":[1,1,4,4],"texture":"#texture"},"east":{"uv":[1,1,4,4],"texture":"#texture"},"south":{"uv":[1,1,4,4],"texture":"#texture"},"up":{"uv":[1,1,4,4],"texture":"#texture"}}},{"from":[5.75,10.25,5.5],"to":[9,11,10.5],"faces":{"north":{"uv":[1,1,4,4],"texture":"#texture"},"east":{"uv":[1,1,4,4],"texture":"#texture"},"south":{"uv":[1,1,4,4],"texture":"#texture"},"west":{"uv":[1,1,4,4],"texture":"#texture"},"up":{"uv":[1,1,4,4],"texture":"#texture"},"down":{"uv":[1,1,4,4],"texture":"#texture"}}},{"from":[4,8.98,6.25],"to":[8.5,9.98,9.75],"faces":{"north":{"uv":[12,7,13,8],"texture":"#texture"},"south":{"uv":[12,7,13,8],"texture":"#texture"},"west":{"uv":[12,7,13,8],"texture":"#texture"},"down":{"uv":[12,7,13,8],"texture":"#texture"}}},{"from":[3.25,8.98,7],"to":[4,9.98,9],"faces":{"west":{"uv":[12,7,13,8],"texture":"#texture"},"down":{"uv":[12,7,13,8],"texture":"#texture"}}},{"from":[3.25,8.98,7],"to":[4.31,9.98,8.06],"rotation":{"angle":45,"axis":"y","origin":[3.25,8.98,7]},"faces":{"north":{"uv":[12,7,13,8],"texture":"#texture"},"east":{"uv":[12,7,13,8],"texture":"#texture"},"down":{"uv":[12,7,13,8],"texture":"#texture"}}},{"from":[3.25,8.98,9],"to":[4.31,9.98,10.06],"rotation":{"angle":45,"axis":"y","origin":[3.25,8.98,9]},"faces":{"south":{"uv":[12,7,13,8],"texture":"#texture"},"west":{"uv":[12,7,13,8],"texture":"#texture"},"up":{"uv":[12,7,13,8],"texture":"#texture"},"down":{"uv":[12,7,13,8],"texture":"#texture"}}},{"from":[7.5,4.5,6],"to":[9.5,9,10],"faces":{"north":{"uv":[1,1,4,4],"rotation":90,"texture":"#texture"},"south":{"uv":[1,1,4,4],"rotation":270,"texture":"#texture"},"west":{"uv":[1,1.5,4,4.5],"rotation":90,"texture":"#texture"}}},{"from":[5.75,4.5,6],"to":[6.5,7.25,10],"faces":{"north":{"uv":[1,7,4,10],"texture":"#texture"},"south":{"uv":[1,7,4,10],"texture":"#texture"}}},{"from":[7,7.75,6],"to":[7.5,8.5,10],"faces":{"up":{"uv":[1.75,7,4.75,10],"rotation":270,"texture":"#texture"}}},{"from":[6.5,9,6],"to":[8.5,9.75,10],"rotation":{"angle":-22.5,"axis":"z","origin":[6.5,9.75,6]},"faces":{"north":{"uv":[1,1,4,4],"rotation":90,"texture":"#texture"},"south":{"uv":[1,1,4,4],"rotation":270,"texture":"#texture"},"down":{"uv":[2,1.5,5,4.5],"rotation":270,"texture":"#texture"}}},{"from":[4,6.25,6],"to":[6.5,7.25,10],"faces":{"north":{"uv":[1,7,4,10],"texture":"#texture"},"south":{"uv":[1,7,4,10],"texture":"#texture"},"west":{"uv":[1,7,4,10],"texture":"#texture"},"up":{"uv":[1,7,4,10],"texture":"#texture"}}},{"from":[3.25,6.25,6.75],"to":[4,7.25,9.25],"faces":{"west":{"uv":[1,7,4,10],"texture":"#texture"},"up":{"uv":[1,7,4,10],"texture":"#texture"}}},{"from":[3.25,6.25,6.75],"to":[4.31,7.25,7.81],"rotation":{"angle":45,"axis":"y","origin":[3.25,6.25,6.75]},"faces":{"north":{"uv":[1,7,4,10],"texture":"#texture"},"east":{"uv":[1,7,4,10],"texture":"#texture"},"up":{"uv":[1,7,4,10],"texture":"#texture"},"down":{"uv":[1,7,4,10],"texture":"#texture"}}},{"from":[3.25,6.25,9.25],"to":[5.02,7.25,10.31],"rotation":{"angle":45,"axis":"y","origin":[3.25,6.25,9.25]},"faces":{"south":{"uv":[1,7,4,10],"texture":"#texture"},"west":{"uv":[1,7,4,10],"texture":"#texture"},"up":{"uv":[1,7,4,10],"texture":"#texture"},"down":{"uv":[1,7,4,10],"texture":"#texture"}}},{"from":[5.75,6.75,6],"to":[7.52,7.25,10],"rotation":{"angle":45,"axis":"z","origin":[5.75,7.25,6]},"faces":{"north":{"uv":[1,7,4,10],"texture":"#texture"},"south":{"uv":[1,7,4,10],"texture":"#texture"},"up":{"uv":[1,7,4,10],"texture":"#texture"}}},{"from":[4,5.75,6],"to":[6.25,6.25,10],"faces":{"north":{"uv":[1,7,4,10],"texture":"#texture"},"south":{"uv":[1,7,4,10],"texture":"#texture"},"west":{"uv":[1,7,4,10],"texture":"#texture"}}},{"from":[5,4.5,6],"to":[5.75,6.25,10],"faces":{"north":{"uv":[1,7,4,10],"texture":"#texture"},"south":{"uv":[1,7,4,10],"texture":"#texture"},"west":{"uv":[1,7,4,10],"texture":"#texture"}}},{"from":[6.75,7.25,6],"to":[7,8,10],"faces":{"north":{"uv":[1.25,6.75,4.25,9.75],"rotation":90,"texture":"#texture"},"south":{"uv":[1.25,7.25,4.25,10.25],"rotation":270,"texture":"#texture"}}},{"from":[6.25,7.25,6],"to":[6.75,7.75,10],"faces":{"north":{"uv":[1.25,6.75,4.25,9.75],"rotation":90,"texture":"#texture"},"south":{"uv":[1.25,7.25,4.25,10.25],"rotation":270,"texture":"#texture"}}},{"from":[4,4.25,6],"to":[5.75,5.75,10],"rotation":{"angle":45,"axis":"z","origin":[4,5.75,6]},"faces":{"north":{"uv":[1,7,4,10],"texture":"#texture"},"south":{"uv":[1,7,4,10],"texture":"#texture"},"west":{"uv":[1,7,4,10],"texture":"#texture"}}},{"from":[3.25,3.77,6.75],"to":[4.5,6.25,9.25],"rotation":{"angle":45,"axis":"z","origin":[3.25,6.25,6.75]},"faces":{"north":{"uv":[1,7,4,10],"texture":"#texture"},"south":{"uv":[1,7,4,10],"texture":"#texture"},"west":{"uv":[1,7,4,10],"texture":"#texture"}}},{"from":[6.5,4.5,6],"to":[7,6.75,10],"faces":{"north":{"uv":[1,1,4,4],"rotation":90,"texture":"#texture"},"south":{"uv":[1,1,4,4],"rotation":270,"texture":"#texture"}}},{"from":[6.5,5.98,6],"to":[7.91,6.75,10],"rotation":{"angle":45,"axis":"z","origin":[6.5,6.75,6]},"faces":{"north":{"uv":[1,1,4,4],"rotation":90,"texture":"#texture"},"south":{"uv":[1,1,4,4],"rotation":270,"texture":"#texture"}}},{"from":[6,6.54,6],"to":[7.41,7.25,10],"rotation":{"angle":45,"axis":"z","origin":[6,7.25,6]},"faces":{"north":{"uv":[1,7,4,10],"texture":"#texture"},"south":{"uv":[1,7,4,10],"texture":"#texture"}}},{"from":[7.035,7.9625,6],"to":[7.535,8.7125,10],"rotation":{"angle":-22.5,"axis":"z","origin":[7.035,8.7125,6]},"faces":{"north":{"uv":[1,7,4,10],"texture":"#texture"},"east":{"uv":[1,7,4,10],"texture":"#texture"},"south":{"uv":[1,7,4,10],"texture":"#texture"},"west":{"uv":[1,7,4,10],"texture":"#texture"},"up":{"uv":[1,7,4,10],"texture":"#texture"}}},{"from":[6.5,8.9375,6.25],"to":[8.25,9.4375,9.75],"rotation":{"angle":-22.5,"axis":"z","origin":[6.5,9.4375,6.25]},"faces":{"north":{"uv":[12,7,13,8],"texture":"#texture"},"south":{"uv":[12,7,13,8],"texture":"#texture"},"west":{"uv":[12,7,13,8],"texture":"#texture"},"down":{"uv":[12,7,13,8],"texture":"#texture"}}},{"from":[4.25,6.27,6.25],"to":[6.5,7.27,9.75],"faces":{"north":{"uv":[12,7,13,8],"texture":"#texture"},"south":{"uv":[12,7,13,8],"texture":"#texture"},"west":{"uv":[12,7,13,8],"texture":"#texture"},"up":{"uv":[12,7,13,8],"texture":"#texture"}}},{"from":[5.6875,6.25,6.25],"to":[7.9375,7.25,9.75],"rotation":{"angle":45,"axis":"z","origin":[5.6875,7.25,6.25]},"faces":{"north":{"uv":[12,7,13,8],"texture":"#texture"},"south":{"uv":[12,7,13,8],"texture":"#texture"},"up":{"uv":[12,7,13,8],"texture":"#texture"}}},{"from":[3.5,6.27,7],"to":[4.25,7.27,9],"faces":{"west":{"uv":[12,7,13,8],"texture":"#texture"},"up":{"uv":[12,7,13,8],"texture":"#texture"}}},{"from":[3.5,6.27,7],"to":[4.56,7.27,8.06],"rotation":{"angle":45,"axis":"y","origin":[3.5,6.27,7]},"faces":{"north":{"uv":[12,7,13,8],"texture":"#texture"},"east":{"uv":[12,7,13,8],"texture":"#texture"},"up":{"uv":[12,7,13,8],"texture":"#texture"},"down":{"uv":[12,7,13,8],"texture":"#texture"}}},{"from":[3.5,6.27,9],"to":[4.56,7.27,10.06],"rotation":{"angle":45,"axis":"y","origin":[3.5,6.27,9]},"faces":{"south":{"uv":[12,7,13,8],"texture":"#texture"},"west":{"uv":[12,7,13,8],"texture":"#texture"},"up":{"uv":[12,7,13,8],"texture":"#texture"}}},{"from":[7.25,8.3125,6.25],"to":[8,9.3125,9.75],"rotation":{"angle":-22.5,"axis":"z","origin":[7.25,9.3125,6.25]},"faces":{"north":{"uv":[12,7,13,8],"texture":"#texture"},"south":{"uv":[12,7,13,8],"texture":"#texture"},"west":{"uv":[12,7,13,8],"texture":"#texture"}}},{"from":[4.75,6.5,6],"to":[6.52,7,10],"rotation":{"angle":22.5,"axis":"z","origin":[4.75,7,6]},"faces":{"north":{"uv":[1,7,4,10],"texture":"#texture"},"south":{"uv":[1,7,4,10],"texture":"#texture"},"up":{"uv":[1,7,4,10],"texture":"#texture"}}},{"from":[5,6.375,6.25],"to":[6.75,7.125,9.75],"rotation":{"angle":22.5,"axis":"z","origin":[5,7.125,6.25]},"faces":{"north":{"uv":[12,7,13,8],"texture":"#texture"},"south":{"uv":[12,7,13,8],"texture":"#texture"},"up":{"uv":[12,7,13,8],"texture":"#texture"}}},{"from":[4.5,6.75,6.75],"to":[6.75,7.75,9.25],"faces":{"north":{"uv":[8,7,9,8],"texture":"#texture"},"south":{"uv":[8,7,9,8],"texture":"#texture"},"up":{"uv":[8,7,9,8],"texture":"#texture"}}},{"from":[4.5,7,6.75],"to":[5.25,7.75,9.25],"rotation":{"angle":-45,"axis":"z","origin":[4.5,7.75,6.75]},"faces":{"north":{"uv":[8,7,9,8],"texture":"#texture"},"south":{"uv":[8,7,9,8],"texture":"#texture"},"west":{"uv":[8,7,9,8],"texture":"#texture"}}},{"from":[5.75,7,6.75],"to":[7.25,7.75,9.25],"rotation":{"angle":22.5,"axis":"z","origin":[5.75,7.75,6.75]},"faces":{"north":{"uv":[8,7,9,8],"texture":"#texture"},"south":{"uv":[8,7,9,8],"texture":"#texture"},"up":{"uv":[8,7,9,8],"texture":"#texture"}}},{"from":[5.25,8.25,9.93],"to":[5.75,9,9.9925],"faces":{"north":{"uv":[0.5,0.5,10,14.5],"texture":"#tooth"},"east":{"uv":[9.75,7.25,11.5,9.75],"texture":"#tooth"},"south":{"uv":[0.5,0.5,10,14.5],"texture":"#tooth"},"west":{"uv":[9.5,6.5,12,9.75],"texture":"#tooth"},"down":{"uv":[11,7,14,9.25],"texture":"#tooth"}}},{"from":[5.875,8.4375,9.93],"to":[6.25,9,9.9925],"faces":{"north":{"uv":[0.5,0.5,10,14.5],"texture":"#tooth"},"east":{"uv":[9.75,7.25,11.5,9.75],"texture":"#tooth"},"south":{"uv":[0.5,0.5,10,14.5],"texture":"#tooth"},"west":{"uv":[9.5,6.5,12,9.75],"texture":"#tooth"},"down":{"uv":[11,7,14,9.25],"texture":"#tooth"}}},{"from":[4.875,7.125,9.93],"to":[5.625,8.125,9.9925],"rotation":{"angle":22.5,"axis":"z","origin":[4.875,8.125,9.93]},"faces":{"north":{"uv":[0.5,0.5,10,14.5],"rotation":180,"texture":"#tooth"},"east":{"uv":[9.75,7.25,11.5,9.75],"texture":"#tooth"},"south":{"uv":[0.5,0.5,10,14.5],"rotation":180,"texture":"#tooth"},"west":{"uv":[9.5,6.5,12,9.75],"texture":"#tooth"},"up":{"uv":[10.25,7.25,13,9.75],"texture":"#tooth"}}},{"from":[5.25,8.25,6.01],"to":[5.75,9,6.0725],"faces":{"north":{"uv":[0.5,0.5,10,14.5],"texture":"#tooth"},"east":{"uv":[9.75,7.25,11.5,9.75],"texture":"#tooth"},"south":{"uv":[0.5,0.5,10,14.5],"texture":"#tooth"},"west":{"uv":[9.5,6.5,12,9.75],"texture":"#tooth"},"down":{"uv":[11,7,14,9.25],"texture":"#tooth"}}},{"from":[5.875,8.4375,6.01],"to":[6.25,9,6.0725],"faces":{"north":{"uv":[0.5,0.5,10,14.5],"texture":"#tooth"},"east":{"uv":[9.75,7.25,11.5,9.75],"texture":"#tooth"},"south":{"uv":[0.5,0.5,10,14.5],"texture":"#tooth"},"west":{"uv":[9.5,6.5,12,9.75],"texture":"#tooth"},"down":{"uv":[11,7,14,9.25],"texture":"#tooth"}}},{"from":[4.875,7.125,6.01],"to":[5.625,8.125,6.0725],"rotation":{"angle":22.5,"axis":"z","origin":[4.875,8.125,6.01]},"faces":{"north":{"uv":[0.5,0.5,10,14.5],"rotation":180,"texture":"#tooth"},"east":{"uv":[9.75,7.25,11.5,9.75],"texture":"#tooth"},"south":{"uv":[0.5,0.5,10,14.5],"rotation":180,"texture":"#tooth"},"west":{"uv":[9.5,6.5,12,9.75],"texture":"#tooth"},"up":{"uv":[10.25,7.25,13,9.75],"texture":"#tooth"}}},{"from":[7,4.5,5],"to":[10.25,7.75,11],"faces":{"north":{"uv":[1,1,4,4],"texture":"#texture"},"east":{"uv":[1,1,4,4],"texture":"#texture"},"south":{"uv":[1,1,4,4],"texture":"#texture"},"up":{"uv":[1,1,4,4],"texture":"#texture"},"down":{"uv":[1,1,4,4],"texture":"#texture"}}},{"from":[8.5,7.75,6],"to":[10.25,8.75,10],"faces":{"north":{"uv":[1,1,4,4],"rotation":90,"texture":"#texture"}}},{"from":[7,6.34,5],"to":[10.25,7.75,6.41],"rotation":{"angle":-45,"axis":"x","origin":[7,7.75,5]},"faces":{"east":{"uv":[1,1,4,4],"texture":"#texture"},"south":{"uv":[1,1,4,4],"texture":"#texture"},"west":{"uv":[1,1,4,4],"texture":"#texture"},"up":{"uv":[1,1,4,4],"texture":"#texture"}}},{"from":[7,7.34,10],"to":[10.25,8.75,11.41],"rotation":{"angle":45,"axis":"x","origin":[7,8.75,10]},"faces":{"north":{"uv":[1,1,4,4],"texture":"#texture"},"east":{"uv":[1,1,4,4],"texture":"#texture"},"south":{"uv":[1,1,4,4],"texture":"#texture"},"west":{"uv":[1,1,4,4],"texture":"#texture"},"up":{"uv":[1,1,4,4],"texture":"#texture"}}},{"from":[10.25,6.75,5],"to":[11.66,7.75,6.41],"rotation":{"angle":-45,"axis":"y","origin":[10.25,6.75,5]},"faces":{"north":{"uv":[1,1,4,4],"texture":"#texture"},"east":{"uv":[1,1,4,4],"texture":"#texture"},"up":{"uv":[1,1,4,4],"texture":"#texture"}}},{"from":[9.25,6.75,10],"to":[10.66,7.75,11.41],"rotation":{"angle":45,"axis":"y","origin":[9.25,6.75,10]},"faces":{"south":{"uv":[1,1,4,4],"texture":"#texture"},"up":{"uv":[1,1,4,4],"texture":"#texture"}}},{"from":[5.5,4,6],"to":[9,4.5,10],"faces":{"north":{"uv":[1,7,4,10],"texture":"#texture"},"south":{"uv":[1,7,4,10],"texture":"#texture"},"down":{"uv":[1,7,4,10],"texture":"#texture"}}},{"from":[5,3.79,6],"to":[5.71,4.5,10],"rotation":{"angle":45,"axis":"z","origin":[5,4.5,6]},"faces":{"north":{"uv":[1,7,4,10],"texture":"#texture"},"south":{"uv":[1,7,4,10],"texture":"#texture"},"west":{"uv":[1,7,4,10],"texture":"#texture"},"down":{"uv":[1,7,4,10],"texture":"#texture"}}},{"from":[9,4,6],"to":[10.75,4.5,10],"faces":{"north":{"uv":[1,1,4,4],"rotation":90,"texture":"#texture"},"east":{"uv":[1.5,2,4.5,5],"rotation":90,"texture":"#texture"},"south":{"uv":[1,1,4,4],"rotation":270,"texture":"#texture"},"down":{"uv":[2,1.5,5,4.5],"rotation":270,"texture":"#texture"}}},{"from":[7.25,3.5,4.5],"to":[10,5.5,6.25],"faces":{"north":{"uv":[1,1,4,4],"texture":"#texture"},"east":{"uv":[1,1,4,4],"texture":"#texture"},"south":{"uv":[1,1,4,4],"texture":"#texture"},"west":{"uv":[1,1,4,4],"texture":"#texture"},"up":{"uv":[1,1,4,4],"texture":"#texture"},"down":{"uv":[1,1,4,4],"texture":"#texture"}}},{"from":[7.25,3.5,9.75],"to":[10,5.5,11.5],"faces":{"north":{"uv":[1,1,4,4],"texture":"#texture"},"east":{"uv":[1,1,4,4],"texture":"#texture"},"south":{"uv":[1,1,4,4],"texture":"#texture"},"west":{"uv":[1,1,4,4],"texture":"#texture"},"up":{"uv":[1,1,4,4],"texture":"#texture"},"down":{"uv":[1,1,4,4],"texture":"#texture"}}},{"from":[7,4.5,4.75],"to":[8.25,7,11.25],"faces":{"north":{"uv":[1,1,4,4],"texture":"#texture"},"south":{"uv":[1,1,4,4],"texture":"#texture"},"west":{"uv":[1,1,4,4],"texture":"#texture"},"up":{"uv":[1,1,4,4],"texture":"#texture"},"down":{"uv":[1,1,4,4],"texture":"#texture"}}},{"from":[6.75,6.5,3.5],"to":[8,7.75,12.5],"faces":{"east":{"uv":[1,1,4,4],"texture":"#texture"},"west":{"uv":[1,1,4,4],"texture":"#texture"},"up":{"uv":[1,1,4,4],"texture":"#texture"},"down":{"uv":[1,1,4,4],"texture":"#texture"}}},{"from":[6.75,7,12.5],"to":[8,8,13],"faces":{"north":{"uv":[1,1,4,4],"rotation":90,"texture":"#texture"},"east":{"uv":[1.5,2,4.5,5],"rotation":90,"texture":"#texture"},"south":{"uv":[1,1,4,4],"rotation":270,"texture":"#texture"},"west":{"uv":[1,1.5,4,4.5],"rotation":90,"texture":"#texture"}}},{"from":[6.3125,6.75,12.5],"to":[6.8125,8,13],"rotation":{"angle":45,"axis":"z","origin":[6.3125,8,12.5]},"faces":{"north":{"uv":[1,1,4,4],"rotation":90,"texture":"#texture"},"east":{"uv":[1.5,2,4.5,5],"rotation":90,"texture":"#texture"},"south":{"uv":[1,1,4,4],"rotation":270,"texture":"#texture"},"west":{"uv":[1,1.5,4,4.5],"rotation":90,"texture":"#texture"},"up":{"uv":[1.5,1.5,4.5,4.5],"rotation":270,"texture":"#texture"}}},{"from":[8.125,7.125,12.5],"to":[8.625,8.375,13],"rotation":{"angle":-45,"axis":"z","origin":[8.125,8.375,12.5]},"faces":{"north":{"uv":[1,1,4,4],"rotation":90,"texture":"#texture"},"east":{"uv":[1.5,2,4.5,5],"rotation":90,"texture":"#texture"},"south":{"uv":[1,1,4,4],"rotation":270,"texture":"#texture"},"west":{"uv":[1,1.5,4,4.5],"rotation":90,"texture":"#texture"},"up":{"uv":[1.5,1.5,4.5,4.5],"rotation":270,"texture":"#texture"}}},{"from":[7,8,12.5],"to":[7.75,8.5,13],"faces":{"north":{"uv":[1,1,4,4],"rotation":90,"texture":"#texture"},"east":{"uv":[1.5,2,4.5,5],"rotation":90,"texture":"#texture"},"south":{"uv":[1,1,4,4],"rotation":270,"texture":"#texture"},"west":{"uv":[1,1.5,4,4.5],"rotation":90,"texture":"#texture"},"up":{"uv":[1.5,1.5,4.5,4.5],"rotation":270,"texture":"#texture"}}},{"from":[6.75,6.29,12],"to":[8,7,12.71],"rotation":{"angle":-45,"axis":"x","origin":[6.75,7,12]},"faces":{"north":{"uv":[1,1,4,4],"rotation":90,"texture":"#texture"},"east":{"uv":[1.5,2,4.5,5],"rotation":90,"texture":"#texture"},"south":{"uv":[1,1,4,4],"rotation":270,"texture":"#texture"},"west":{"uv":[1,1.5,4,4.5],"rotation":90,"texture":"#texture"},"down":{"uv":[2,1.5,5,4.5],"rotation":270,"texture":"#texture"}}},{"from":[6.75,6.79,3.5],"to":[8,7.5,4.21],"rotation":{"angle":45,"axis":"x","origin":[6.75,7.5,3.5]},"faces":{"north":{"uv":[1,1,4,4],"rotation":90,"texture":"#texture"},"east":{"uv":[1.5,2,4.5,5],"rotation":90,"texture":"#texture"},"south":{"uv":[1,1,4,4],"rotation":270,"texture":"#texture"},"west":{"uv":[1,1.5,4,4.5],"rotation":90,"texture":"#texture"},"down":{"uv":[2,1.5,5,4.5],"rotation":270,"texture":"#texture"}}},{"from":[6.75,7,3],"to":[8,8,3.5],"faces":{"north":{"uv":[1,1,4,4],"texture":"#texture"},"east":{"uv":[1,1,4,4],"texture":"#texture"},"south":{"uv":[1,1,4,4],"texture":"#texture"},"west":{"uv":[1,1,4,4],"texture":"#texture"}}},{"from":[6.3125,6.75,3],"to":[6.8125,8,3.5],"rotation":{"angle":45,"axis":"z","origin":[6.3125,8,3]},"faces":{"north":{"uv":[1,1,4,4],"texture":"#texture"},"east":{"uv":[1,1,4,4],"texture":"#texture"},"south":{"uv":[1,1,4,4],"texture":"#texture"},"west":{"uv":[1,1,4,4],"texture":"#texture"},"up":{"uv":[1,1,4,4],"texture":"#texture"}}},{"from":[8.125,7.125,3],"to":[8.625,8.375,3.5],"rotation":{"angle":-45,"axis":"z","origin":[8.125,8.375,3]},"faces":{"north":{"uv":[1,1,4,4],"texture":"#texture"},"east":{"uv":[1,1,4,4],"texture":"#texture"},"south":{"uv":[1,1,4,4],"texture":"#texture"},"west":{"uv":[1,1,4,4],"texture":"#texture"},"up":{"uv":[1,1,4,4],"texture":"#texture"}}},{"from":[7,8,3],"to":[7.75,8.5,3.5],"faces":{"north":{"uv":[1,1,4,4],"texture":"#texture"},"east":{"uv":[1,1,4,4],"texture":"#texture"},"south":{"uv":[1,1,4,4],"texture":"#texture"},"west":{"uv":[1,1,4,4],"texture":"#texture"},"up":{"uv":[1,1,4,4],"texture":"#texture"}}},{"from":[9.5,4.5,6],"to":[11.25,5.5,10],"faces":{"north":{"uv":[1,1,4,4],"texture":"#texture"},"east":{"uv":[1,1,4,4],"texture":"#texture"},"south":{"uv":[1,1,4,4],"texture":"#texture"},"down":{"uv":[1,1,4,4],"texture":"#texture"}}},{"from":[9.25,4.5,10],"to":[10.66,5.5,11.41],"rotation":{"angle":45,"axis":"y","origin":[9.25,4.5,10]},"faces":{"south":{"uv":[1,1,4,4],"texture":"#texture"},"down":{"uv":[1,1,4,4],"texture":"#texture"}}},{"from":[10.25,4.5,5],"to":[11.66,5.5,6.41],"rotation":{"angle":-45,"axis":"y","origin":[10.25,4.5,5]},"faces":{"north":{"uv":[1,1,4,4],"texture":"#texture"},"east":{"uv":[1,1,4,4],"texture":"#texture"},"down":{"uv":[1,1,4,4],"texture":"#texture"}}},{"from":[10.25,5.5,5],"to":[11.66,6.75,6.41],"rotation":{"angle":-45,"axis":"y","origin":[10.25,5.5,5]},"faces":{"north":{"uv":[7.75,1.5,10.75,4.5],"rotation":90,"texture":"#texture"},"east":{"uv":[7.75,1.5,10.75,4.5],"rotation":90,"texture":"#texture"}}},{"from":[9.25,5.5,10],"to":[10.66,6.75,11.41],"rotation":{"angle":45,"axis":"y","origin":[9.25,5.5,10]},"faces":{"south":{"uv":[7.5,1.75,10.5,4.75],"rotation":270,"texture":"#texture"}}},{"from":[9.5,5.5,6],"to":[11.25,6.75,10],"faces":{"north":{"uv":[7,1.75,10,4.75],"rotation":90,"texture":"#texture"},"east":{"uv":[7,0.75,10,3.75],"rotation":90,"texture":"#texture"},"south":{"uv":[7.5,1,10.5,4],"rotation":270,"texture":"#texture"}}},{"from":[10.1875,3.875,6.75],"to":[12.6875,5.375,9.25],"rotation":{"angle":22.5,"axis":"z","origin":[10.1875,5.375,6.75]},"faces":{"north":{"uv":[1,1,4,4],"texture":"#texture"},"east":{"uv":[1,1,4,4],"texture":"#texture"},"south":{"uv":[1,1,4,4],"texture":"#texture"},"west":{"uv":[1,1,4,4],"texture":"#texture"},"up":{"uv":[1,1,4,4],"texture":"#texture"},"down":{"uv":[1,1,4,4],"texture":"#texture"}}},{"from":[13.2374,5.25,7.5],"to":[14.2374,7,8.5],"rotation":{"angle":-45,"axis":"z","origin":[13.2374,7,7.5]},"faces":{"north":{"uv":[1,1,4,4],"texture":"#texture"},"east":{"uv":[1,1,4,4],"texture":"#texture"},"south":{"uv":[1,1,4,4],"texture":"#texture"},"west":{"uv":[1,1,4,4],"texture":"#texture"},"up":{"uv":[1,1,4,4],"texture":"#texture"}}},{"from":[8.25,5.5,4.75],"to":[10.25,7,11.25],"rotation":{"angle":-45,"axis":"z","origin":[8.25,7,4.75]},"faces":{"north":{"uv":[1,1,4,4],"texture":"#texture"},"east":{"uv":[1,1,4,4],"texture":"#texture"},"south":{"uv":[1,1,4,4],"texture":"#texture"},"up":{"uv":[1,1,4,4],"texture":"#texture"}}},{"from":[7,2.5,9.75],"to":[8.5,3.25,11.5],"faces":{"north":{"uv":[1,1,4,4],"texture":"#texture"},"east":{"uv":[1,1,4,4],"texture":"#texture"},"south":{"uv":[1,1,4,4],"texture":"#texture"},"west":{"uv":[1,1,4,4],"texture":"#texture"},"up":{"uv":[1,1,4,4],"texture":"#texture"},"down":{"uv":[1,1,4,4],"texture":"#texture"}}},{"from":[7.25,2.5,9.75],"to":[9.6875,3.5,11.5],"rotation":{"angle":22.5,"axis":"z","origin":[7.25,3.5,9.75]},"faces":{"north":{"uv":[1,1,4,4],"texture":"#texture"},"south":{"uv":[1,1,4,4],"texture":"#texture"},"west":{"uv":[1,1,4,4],"texture":"#texture"},"down":{"uv":[1,1,4,4],"texture":"#texture"}}},{"from":[7.97,2.2825,9.75],"to":[9.22,3.0325,11.5],"rotation":{"angle":45,"axis":"z","origin":[7.97,3.0325,9.75]},"faces":{"north":{"uv":[1,1,4,4],"texture":"#texture"},"south":{"uv":[1,1,4,4],"texture":"#texture"},"west":{"uv":[1,1,4,4],"texture":"#texture"},"down":{"uv":[1,1,4,4],"texture":"#texture"}}},{"from":[6.5,2.5,9.75],"to":[7,3.25,10.25],"faces":{"north":{"uv":[1,1,4,4],"texture":"#texture"},"south":{"uv":[1,1,4,4],"texture":"#texture"},"west":{"uv":[1,1,4,4],"texture":"#texture"},"up":{"uv":[1,1,4,4],"texture":"#texture"},"down":{"uv":[1,1,4,4],"texture":"#texture"}}},{"from":[6.5,2.5,11],"to":[7,3.25,11.5],"faces":{"north":{"uv":[1,1,4,4],"texture":"#texture"},"south":{"uv":[1,1,4,4],"texture":"#texture"},"west":{"uv":[1,1,4,4],"texture":"#texture"},"up":{"uv":[1,1,4,4],"texture":"#texture"},"down":{"uv":[1,1,4,4],"texture":"#texture"}}},{"from":[6.375,2.5,10.375],"to":[7,3.25,10.875],"faces":{"north":{"uv":[1,1,4,4],"texture":"#texture"},"south":{"uv":[1,1,4,4],"texture":"#texture"},"west":{"uv":[1,1,4,4],"texture":"#texture"},"up":{"uv":[1,1,4,4],"texture":"#texture"},"down":{"uv":[1,1,4,4],"texture":"#texture"}}},{"from":[7,2.5,4.5],"to":[8.5,3.25,6.25],"faces":{"north":{"uv":[1,1,4,4],"texture":"#texture"},"east":{"uv":[1,1,4,4],"texture":"#texture"},"south":{"uv":[1,1,4,4],"texture":"#texture"},"west":{"uv":[1,1,4,4],"texture":"#texture"},"up":{"uv":[1,1,4,4],"texture":"#texture"},"down":{"uv":[1,1,4,4],"texture":"#texture"}}},{"from":[7.25,2.5,4.5],"to":[9.6875,3.5,6.25],"rotation":{"angle":22.5,"axis":"z","origin":[7.25,3.5,4.5]},"faces":{"north":{"uv":[1,1,4,4],"texture":"#texture"},"south":{"uv":[1,1,4,4],"texture":"#texture"},"west":{"uv":[1,1,4,4],"texture":"#texture"},"down":{"uv":[1,1,4,4],"texture":"#texture"}}},{"from":[7.97,2.2825,4.5],"to":[9.22,3.0325,6.25],"rotation":{"angle":45,"axis":"z","origin":[7.97,3.0325,4.5]},"faces":{"north":{"uv":[1,1,4,4],"texture":"#texture"},"south":{"uv":[1,1,4,4],"texture":"#texture"},"west":{"uv":[1,1,4,4],"texture":"#texture"},"down":{"uv":[1,1,4,4],"texture":"#texture"}}},{"from":[6.5,2.5,4.5],"to":[7,3.25,5],"faces":{"north":{"uv":[1,1,4,4],"texture":"#texture"},"south":{"uv":[1,1,4,4],"texture":"#texture"},"west":{"uv":[1,1,4,4],"texture":"#texture"},"up":{"uv":[1,1,4,4],"texture":"#texture"},"down":{"uv":[1,1,4,4],"texture":"#texture"}}},{"from":[6.5,2.5,5.75],"to":[7,3.25,6.25],"faces":{"north":{"uv":[1,1,4,4],"texture":"#texture"},"south":{"uv":[1,1,4,4],"texture":"#texture"},"west":{"uv":[1,1,4,4],"texture":"#texture"},"up":{"uv":[1,1,4,4],"texture":"#texture"},"down":{"uv":[1,1,4,4],"texture":"#texture"}}},{"from":[6.375,2.5,5.125],"to":[7,3.25,5.625],"faces":{"north":{"uv":[1,1,4,4],"texture":"#texture"},"south":{"uv":[1,1,4,4],"texture":"#texture"},"west":{"uv":[1,1,4,4],"texture":"#texture"},"up":{"uv":[1,1,4,4],"texture":"#texture"},"down":{"uv":[1,1,4,4],"texture":"#texture"}}},{"from":[6.5,9.625,5.75],"to":[7.625,10.5,10.25],"faces":{"north":{"uv":[1,1,4,4],"texture":"#texture"},"east":{"uv":[1,1,4,4],"texture":"#texture"},"south":{"uv":[1,1,4,4],"texture":"#texture"},"west":{"uv":[1,1,4,4],"texture":"#texture"},"down":{"uv":[1,1,4,4],"texture":"#texture"}}},{"from":[3.25,9,7],"to":[4.25,10,9],"rotation":{"angle":45,"axis":"z","origin":[3.25,10,7]},"faces":{"north":{"uv":[1,1,4,4],"texture":"#texture"},"south":{"uv":[1,1,4,4],"texture":"#texture"},"up":{"uv":[1,1,4,4],"texture":"#texture"}}},{"from":[3,9,7],"to":[4,10,9],"rotation":{"angle":22.5,"axis":"z","origin":[3,10,7]},"faces":{"north":{"uv":[1,1,4,4],"texture":"#texture"},"south":{"uv":[1,1,4,4],"texture":"#texture"},"up":{"uv":[1,1,4,4],"texture":"#texture"}}},{"from":[8.25,10.25,7],"to":[10.75,11.75,9],"faces":{"north":{"uv":[1,1,4,4],"rotation":90,"texture":"#texture"},"south":{"uv":[1,1,4,4],"rotation":270,"texture":"#texture"}}},{"from":[8,12.25,7],"to":[10.5,12.75,9],"faces":{"north":{"uv":[1,1,4,4],"texture":"#texture"},"south":{"uv":[1,1,4,4],"texture":"#texture"}}}],"display":{"thirdperson_righthand":{"scale":[0,0,0]},"thirdperson_lefthand":{"scale":[0,0,0]},"firstperson_righthand":{"scale":[0,0,0]},"firstperson_lefthand":{"scale":[0,0,0]},"ground":{"scale":[0,0,0]},"gui":{"rotation":[30,45,0],"translation":[0,-0.65,0],"scale":[1.1,1.1,1.1]},"head":{"rotation":[0,-90,0],"translation":[0,-30,0],"scale":[2,2,2.25]},"fixed":{"scale":[0,0,0]}}}