{"credit":"Designed by Madstonmagic with BDcraft Cubik PRO 0.96 Beta - http://bdcraft.net","textures":{"texture":"pokemon_skins/regular/garchomp/garchomp","belly":"pokemon_skins/regular/garchomp/belly","belly_bottom":"pokemon_skins/regular/garchomp/belly_bottom","arm_under":"pokemon_skins/regular/garchomp/arm_under","fin_arm":"pokemon_skins/regular/garchomp/fin_arm","fin_back":"pokemon_skins/regular/garchomp/fin_back","fin_tail":"pokemon_skins/regular/garchomp/fin_tail","tooth":"pokemon_skins/regular/garchomp/tooth","leg":"pokemon_skins/regular/garchomp/leg","particle":"pokemon_skins/regular/garchomp/eye"},"elements":[{"from":[1.5,12,7],"to":[2.75,12.5625,9],"faces":{"north":{"uv":[1,1,3,3],"texture":"#texture"},"south":{"uv":[1,1,3,3],"texture":"#texture"},"west":{"uv":[1,1,3,3],"texture":"#texture"}}},{"from":[2.75,12.25,6],"to":[4.5,13,10],"faces":{"north":{"uv":[1,1,3,3],"texture":"#texture"},"east":{"uv":[1,1,3,3],"texture":"#texture"},"south":{"uv":[1,1,3,3],"texture":"#texture"},"west":{"uv":[1,1,3,3],"texture":"#texture"},"up":{"uv":[1,1,3,3],"texture":"#texture"},"down":{"uv":[1,1,3,3],"texture":"#texture"}}},{"from":[1.75,12.25,7],"to":[3.81,13,8],"rotation":{"angle":22.5,"axis":"y","origin":[1.75,12.25,7]},"faces":{"north":{"uv":[1,3,4,4],"texture":"#texture"},"east":{"uv":[1,1.75,3,2.75],"texture":"#texture"},"south":{"uv":[1,3,4,4],"texture":"#texture"},"west":{"uv":[2.5,2.25,4.5,3.25],"texture":"#texture"},"up":{"uv":[1.5,2.25,4.5,4.25],"texture":"#texture"},"down":{"uv":[1.5,2.75,4.5,4.75],"texture":"#texture"}}},{"from":[2.1325,12.25,8.0775],"to":[4.1925,13,9.0775],"rotation":{"angle":-22.5,"axis":"y","origin":[2.1325,12.25,8.0775]},"faces":{"north":{"uv":[1,3,4,4],"texture":"#texture"},"east":{"uv":[1,1.75,3,2.75],"texture":"#texture"},"south":{"uv":[1,3,4,4],"texture":"#texture"},"west":{"uv":[2.5,2.25,4.5,3.25],"texture":"#texture"},"up":{"uv":[1.5,2.25,4.5,4.25],"texture":"#texture"},"down":{"uv":[1.5,2.75,4.5,4.75],"texture":"#texture"}}},{"from":[2.3438,12.25,6.7495],"to":[3.4038,13,7.8095],"rotation":{"angle":45,"axis":"y","origin":[2.34375,12.25,6.74953]},"faces":{"north":{"uv":[1,1,3,3],"texture":"#texture"},"up":{"uv":[1,1,3,3],"texture":"#texture"},"down":{"uv":[1,1,3,3],"texture":"#texture"}}},{"from":[3.0938,12.25,8.5],"to":[4.1538,13,9.56],"rotation":{"angle":-45,"axis":"y","origin":[3.09375,12.25,8.5]},"faces":{"south":{"uv":[1,1,3,3],"texture":"#texture"},"up":{"uv":[1,1,3,3],"texture":"#texture"},"down":{"uv":[1,1,3,3],"texture":"#texture"}}},{"from":[3.5,12.25,5.25],"to":[4,13,10.75],"faces":{"east":{"uv":[1,1.75,3,2.75],"texture":"#texture"},"west":{"uv":[2.5,2.25,4.5,3.25],"texture":"#texture"}}},{"from":[2.75,12.25,6.2495],"to":[3.81,13,7.3095],"rotation":{"angle":45,"axis":"y","origin":[2.75,12.25,6.24953]},"faces":{"north":{"uv":[1,3,4,4],"texture":"#texture"},"west":{"uv":[2.5,2.25,4.5,3.25],"texture":"#texture"},"up":{"uv":[1.5,2.25,4.5,4.25],"texture":"#texture"},"down":{"uv":[1.5,2.75,4.5,4.75],"texture":"#texture"}}},{"from":[2.75,12.25,9.75],"to":[3.81,13,10.81],"rotation":{"angle":45,"axis":"y","origin":[2.75,12.25,9.75]},"faces":{"west":{"uv":[2.5,2.25,4.5,3.25],"texture":"#texture"},"up":{"uv":[1.5,2.25,4.5,4.25],"texture":"#texture"},"down":{"uv":[1.5,2.75,4.5,4.75],"texture":"#texture"}}},{"from":[4,12.25,5.5],"to":[5.06,13,6.56],"rotation":{"angle":-45,"axis":"y","origin":[4,12.25,5.5]},"faces":{"north":{"uv":[1,1,3,3],"texture":"#texture"},"east":{"uv":[1,1,3,3],"texture":"#texture"},"up":{"uv":[1,1,3,3],"texture":"#texture"},"down":{"uv":[1,1,3,3],"texture":"#texture"}}},{"from":[4.5,12.25,6.25],"to":[4.75,13,9.75],"faces":{"north":{"uv":[1,1,3,3],"texture":"#texture"},"east":{"uv":[1,1,3,3],"texture":"#texture"},"south":{"uv":[1,1,3,3],"texture":"#texture"},"up":{"uv":[1,1,3,3],"texture":"#texture"},"down":{"uv":[1,1,3,3],"texture":"#texture"}}},{"from":[4,12.25,9],"to":[5.06,13,10.06],"rotation":{"angle":-45,"axis":"y","origin":[4,12.25,9]},"faces":{"east":{"uv":[1,1.75,3,2.75],"texture":"#texture"},"up":{"uv":[1.5,2.25,4.5,4.25],"texture":"#texture"},"down":{"uv":[1.5,2.75,4.5,4.75],"texture":"#texture"}}},{"from":[3.2488,12.111,10.1138],"to":[4.47705,13.3393,10.728],"faces":{"north":{"uv":[1,1,3,3],"texture":"#texture"},"west":{"uv":[1,1,3,3],"texture":"#texture"},"up":{"uv":[1,1,3,3],"texture":"#texture"},"down":{"uv":[1,1,3,3],"texture":"#texture"}}},{"from":[3.2488,12.418,9.8068],"to":[4.47705,13.0321,11.03502],"faces":{"north":{"uv":[1,1,3,3],"texture":"#texture"},"south":{"uv":[1,1,3,3],"texture":"#texture"},"west":{"uv":[1,1,3,3],"texture":"#texture"}}},{"from":[3.2488,12.5961,9.8068],"to":[4.47705,13.0321,10.24282],"rotation":{"angle":-45,"axis":"x","origin":[3.24875,13.0321,9.80678]},"faces":{"north":{"uv":[1,1,3,3],"texture":"#texture"},"south":{"uv":[1,1,3,3],"texture":"#texture"},"west":{"uv":[1,1,3,3],"texture":"#texture"},"up":{"uv":[1,1,3,3],"texture":"#texture"}}},{"from":[3.2488,12.9032,10.728],"to":[4.47705,13.3393,11.164],"rotation":{"angle":45,"axis":"x","origin":[3.24875,13.3393,10.728]},"faces":{"south":{"uv":[1,1,3,3],"texture":"#texture"},"west":{"uv":[1,1,3,3],"texture":"#texture"},"up":{"uv":[1,1,3,3],"texture":"#texture"}}},{"from":[3.2488,12.289,10.728],"to":[4.47705,12.7251,11.164],"rotation":{"angle":45,"axis":"x","origin":[3.24875,12.7251,10.728]},"faces":{"south":{"uv":[1,1,3,3],"texture":"#texture"},"west":{"uv":[1,1,3,3],"texture":"#texture"},"up":{"uv":[1,1,3,3],"texture":"#texture"},"down":{"uv":[1,1,3,3],"texture":"#texture"}}},{"from":[3.2488,11.982,9.8068],"to":[4.47705,12.4181,10.24282],"rotation":{"angle":-45,"axis":"x","origin":[3.24875,12.4181,9.80678]},"faces":{"north":{"uv":[1,1,3,3],"texture":"#texture"},"west":{"uv":[1,1,3,3],"texture":"#texture"},"down":{"uv":[1,1,3,3],"texture":"#texture"}}},{"from":[3.218,12.111,10.1138],"to":[3.248,13.3393,10.728],"faces":{"north":{"uv":[7,7,9,9],"texture":"#texture"},"east":{"uv":[7,7,9,9],"texture":"#texture"},"up":{"uv":[7,7,9,9],"texture":"#texture"},"down":{"uv":[7,7,9,9],"texture":"#texture"}}},{"from":[3.218,12.418,9.8068],"to":[3.248,13.0321,11.03502],"faces":{"north":{"uv":[7,7,9,9],"texture":"#texture"},"east":{"uv":[7,7,9,9],"texture":"#texture"},"south":{"uv":[7,7,9,9],"texture":"#texture"}}},{"from":[3.218,12.5961,9.8068],"to":[3.248,13.0321,10.24282],"rotation":{"angle":-45,"axis":"x","origin":[3.21804,13.0321,9.80678]},"faces":{"north":{"uv":[7,7,9,9],"texture":"#texture"},"east":{"uv":[7,7,9,9],"texture":"#texture"},"south":{"uv":[7,7,9,9],"texture":"#texture"},"up":{"uv":[7,7,9,9],"texture":"#texture"}}},{"from":[3.218,12.9032,10.728],"to":[3.248,13.3393,11.164],"rotation":{"angle":45,"axis":"x","origin":[3.21804,13.3393,10.728]},"faces":{"east":{"uv":[7,7,9,9],"texture":"#texture"},"south":{"uv":[7,7,9,9],"texture":"#texture"},"up":{"uv":[7,7,9,9],"texture":"#texture"}}},{"from":[3.218,12.289,10.728],"to":[3.248,12.7251,11.164],"rotation":{"angle":45,"axis":"x","origin":[3.21804,12.7251,10.728]},"faces":{"east":{"uv":[7,7,9,9],"texture":"#texture"},"south":{"uv":[7,7,9,9],"texture":"#texture"},"west":{"uv":[7,7,9,9],"texture":"#texture"},"up":{"uv":[7,7,9,9],"texture":"#texture"},"down":{"uv":[7,7,9,9],"texture":"#texture"}}},{"from":[3.218,11.982,9.8068],"to":[3.248,12.4181,10.24282],"rotation":{"angle":-45,"axis":"x","origin":[3.21804,12.4181,9.80678]},"faces":{"north":{"uv":[7,7,9,9],"texture":"#texture"},"east":{"uv":[7,7,9,9],"texture":"#texture"},"west":{"uv":[7,7,9,9],"texture":"#texture"},"down":{"uv":[7,7,9,9],"texture":"#texture"}}},{"from":[4.477,12.111,10.1138],"to":[4.507,13.3393,10.728],"faces":{"north":{"uv":[7,7,9,9],"texture":"#texture"},"east":{"uv":[7,7,9,9],"texture":"#texture"},"up":{"uv":[7,7,9,9],"texture":"#texture"},"down":{"uv":[7,7,9,9],"texture":"#texture"}}},{"from":[4.477,12.418,9.8068],"to":[4.507,13.0321,11.03502],"faces":{"north":{"uv":[7,7,9,9],"texture":"#texture"},"east":{"uv":[7,7,9,9],"texture":"#texture"},"south":{"uv":[7,7,9,9],"texture":"#texture"},"down":{"uv":[7,7,9,9],"texture":"#texture"}}},{"from":[4.477,12.5961,9.8068],"to":[4.507,13.0321,10.24282],"rotation":{"angle":-45,"axis":"x","origin":[4.477,13.0321,9.80678]},"faces":{"north":{"uv":[7,7,9,9],"texture":"#texture"},"east":{"uv":[7,7,9,9],"texture":"#texture"},"south":{"uv":[7,7,9,9],"texture":"#texture"},"up":{"uv":[7,7,9,9],"texture":"#texture"}}},{"from":[4.477,12.9032,10.728],"to":[4.507,13.3393,11.164],"rotation":{"angle":45,"axis":"x","origin":[4.477,13.3393,10.728]},"faces":{"east":{"uv":[7,7,9,9],"texture":"#texture"},"south":{"uv":[7,7,9,9],"texture":"#texture"},"up":{"uv":[7,7,9,9],"texture":"#texture"}}},{"from":[4.477,12.289,10.728],"to":[4.507,12.7251,11.164],"rotation":{"angle":45,"axis":"x","origin":[4.477,12.7251,10.728]},"faces":{"east":{"uv":[7,7,9,9],"texture":"#texture"},"south":{"uv":[7,7,9,9],"texture":"#texture"},"up":{"uv":[7,7,9,9],"texture":"#texture"},"down":{"uv":[7,7,9,9],"texture":"#texture"}}},{"from":[4.477,11.982,9.8068],"to":[4.507,12.4181,10.24282],"rotation":{"angle":-45,"axis":"x","origin":[4.477,12.4181,9.80678]},"faces":{"north":{"uv":[7,7,9,9],"texture":"#texture"},"east":{"uv":[7,7,9,9],"texture":"#texture"},"down":{"uv":[7,7,9,9],"texture":"#texture"}}},{"from":[2.7882,12.418,9.8068],"to":[3.21808,13.0321,11.03502],"faces":{"north":{"uv":[1,1,3,3],"texture":"#texture"},"south":{"uv":[1,1,3,3],"texture":"#texture"},"west":{"uv":[1,1,3,3],"texture":"#texture"}}},{"from":[2.7882,12.111,10.1138],"to":[3.21808,13.3393,10.728],"faces":{"north":{"uv":[1,1,3,3],"texture":"#texture"},"west":{"uv":[1,1,3,3],"texture":"#texture"},"up":{"uv":[1,1,3,3],"texture":"#texture"},"down":{"uv":[1,1,3,3],"texture":"#texture"}}},{"from":[2.7882,12.5961,9.8068],"to":[3.21808,13.0321,10.24282],"rotation":{"angle":-45,"axis":"x","origin":[2.78816,13.0321,9.80678]},"faces":{"north":{"uv":[1,1,3,3],"texture":"#texture"},"south":{"uv":[1,1,3,3],"texture":"#texture"},"west":{"uv":[1,1,3,3],"texture":"#texture"},"up":{"uv":[1,1,3,3],"texture":"#texture"}}},{"from":[2.7882,12.9032,10.728],"to":[3.21808,13.3393,11.164],"rotation":{"angle":45,"axis":"x","origin":[2.78816,13.3393,10.728]},"faces":{"south":{"uv":[1,1,3,3],"texture":"#texture"},"west":{"uv":[1,1,3,3],"texture":"#texture"},"up":{"uv":[1,1,3,3],"texture":"#texture"}}},{"from":[2.7882,12.289,10.1138],"to":[3.21808,12.7251,10.5499],"rotation":{"angle":45,"axis":"x","origin":[2.78816,12.7251,10.1138]},"faces":{"east":{"uv":[1,1,3,3],"texture":"#texture"},"south":{"uv":[1,1,3,3],"texture":"#texture"},"west":{"uv":[1,1,3,3],"texture":"#texture"},"down":{"uv":[1,1,3,3],"texture":"#texture"}}},{"from":[2.7882,11.982,10.4209],"to":[3.21808,12.4181,10.8569],"rotation":{"angle":-45,"axis":"x","origin":[2.78816,12.4181,10.4209]},"faces":{"north":{"uv":[1,1,3,3],"texture":"#texture"},"east":{"uv":[1,1,3,3],"texture":"#texture"},"south":{"uv":[1,1,3,3],"texture":"#texture"},"west":{"uv":[1,1,3,3],"texture":"#texture"},"down":{"uv":[1,1,3,3],"texture":"#texture"}}},{"from":[2.6346,12.418,9.9603],"to":[5.0911,13.0321,10.88149],"faces":{"north":{"uv":[1,1,3,3],"texture":"#texture"},"east":{"uv":[1,1,3,3],"texture":"#texture"},"south":{"uv":[1,1,3,3],"texture":"#texture"},"west":{"uv":[1,1,3,3],"texture":"#texture"},"up":{"uv":[1,1,3,3],"texture":"#texture"},"down":{"uv":[1,1,3,3],"texture":"#texture"}}},{"from":[2.6346,12.2645,10.1138],"to":[5.0911,13.1857,10.728],"faces":{"north":{"uv":[1,1,3,3],"texture":"#texture"},"east":{"uv":[1,1,3,3],"texture":"#texture"},"south":{"uv":[1,1,3,3],"texture":"#texture"},"west":{"uv":[1,1,3,3],"texture":"#texture"},"up":{"uv":[1,1,3,3],"texture":"#texture"},"down":{"uv":[1,1,3,3],"texture":"#texture"}}},{"from":[4.5077,12.418,9.8068],"to":[4.93758,13.0321,11.03502],"faces":{"north":{"uv":[1,1,3,3],"texture":"#texture"},"east":{"uv":[1,1,3,3],"texture":"#texture"},"south":{"uv":[1,1,3,3],"texture":"#texture"},"west":{"uv":[1,1,3,3],"texture":"#texture"},"down":{"uv":[1,1,3,3],"texture":"#texture"}}},{"from":[4.5077,12.111,10.1138],"to":[4.93758,13.3393,10.728],"faces":{"north":{"uv":[1,1,3,3],"texture":"#texture"},"east":{"uv":[1,1,3,3],"texture":"#texture"},"west":{"uv":[1,1,3,3],"texture":"#texture"},"up":{"uv":[1,1,3,3],"texture":"#texture"},"down":{"uv":[1,1,3,3],"texture":"#texture"}}},{"from":[4.5077,12.5961,9.8068],"to":[4.93758,13.0321,10.24282],"rotation":{"angle":-45,"axis":"x","origin":[4.50771,13.0321,9.80678]},"faces":{"north":{"uv":[1,1,3,3],"texture":"#texture"},"east":{"uv":[1,1,3,3],"texture":"#texture"},"south":{"uv":[1,1,3,3],"texture":"#texture"},"west":{"uv":[1,1,3,3],"texture":"#texture"},"up":{"uv":[1,1,3,3],"texture":"#texture"}}},{"from":[4.5077,12.9032,10.728],"to":[4.93758,13.3393,11.164],"rotation":{"angle":45,"axis":"x","origin":[4.50771,13.3393,10.728]},"faces":{"east":{"uv":[1,1,3,3],"texture":"#texture"},"south":{"uv":[1,1,3,3],"texture":"#texture"},"west":{"uv":[1,1,3,3],"texture":"#texture"},"up":{"uv":[1,1,3,3],"texture":"#texture"}}},{"from":[4.5154,12.289,10.1138],"to":[4.94529,12.7251,10.5499],"rotation":{"angle":45,"axis":"x","origin":[4.51538,12.7251,10.1138]},"faces":{"north":{"uv":[1,1,3,3],"texture":"#texture"},"east":{"uv":[1,1,3,3],"texture":"#texture"},"south":{"uv":[1,1,3,3],"texture":"#texture"},"west":{"uv":[1,1,3,3],"texture":"#texture"},"down":{"uv":[1,1,3,3],"texture":"#texture"}}},{"from":[4.5077,11.982,10.4209],"to":[4.93758,12.4181,10.8569],"rotation":{"angle":-45,"axis":"x","origin":[4.50771,12.4181,10.4209]},"faces":{"north":{"uv":[1,1,3,3],"texture":"#texture"},"east":{"uv":[1,1,3,3],"texture":"#texture"},"south":{"uv":[1,1,3,3],"texture":"#texture"},"west":{"uv":[1,1,3,3],"texture":"#texture"},"down":{"uv":[1,1,3,3],"texture":"#texture"}}},{"from":[2.6346,12.8172,9.9603],"to":[5.0911,13.0321,10.17529],"rotation":{"angle":-45,"axis":"x","origin":[2.63462,13.0321,9.96031]},"faces":{"east":{"uv":[1,1,3,3],"texture":"#texture"},"south":{"uv":[1,1,3,3],"texture":"#texture"},"west":{"uv":[1,1,3,3],"texture":"#texture"},"up":{"uv":[1,1,3,3],"texture":"#texture"}}},{"from":[2.6346,12.9707,10.728],"to":[5.0911,13.1857,10.9429],"rotation":{"angle":45,"axis":"x","origin":[2.63462,13.1857,10.728]},"faces":{"east":{"uv":[1,1,3,3],"texture":"#texture"},"south":{"uv":[1,1,3,3],"texture":"#texture"},"west":{"uv":[1,1,3,3],"texture":"#texture"},"up":{"uv":[1,1,3,3],"texture":"#texture"}}},{"from":[2.6346,12.3566,10.728],"to":[5.0911,12.5716,10.9429],"rotation":{"angle":45,"axis":"x","origin":[2.63462,12.5716,10.728]},"faces":{"east":{"uv":[1,1,3,3],"texture":"#texture"},"south":{"uv":[1,1,3,3],"texture":"#texture"},"west":{"uv":[1,1,3,3],"texture":"#texture"}}},{"from":[2.6346,12.2031,9.9603],"to":[5.0911,12.4181,10.17529],"rotation":{"angle":-45,"axis":"x","origin":[2.63462,12.4181,9.96031]},"faces":{"north":{"uv":[1,1,3,3],"texture":"#texture"},"east":{"uv":[1,1,3,3],"texture":"#texture"},"west":{"uv":[1,1,3,3],"texture":"#texture"},"down":{"uv":[1,1,3,3],"texture":"#texture"}}},{"from":[2.6346,12.9707,10.1138],"to":[2.84955,13.1857,10.728],"rotation":{"angle":45,"axis":"z","origin":[2.63462,13.1857,10.1138]},"faces":{"north":{"uv":[1,1,3,3],"texture":"#texture"},"east":{"uv":[1,1,3,3],"texture":"#texture"},"south":{"uv":[1,1,3,3],"texture":"#texture"},"up":{"uv":[1,1,3,3],"texture":"#texture"}}},{"from":[2.6346,12.0496,10.1138],"to":[2.84955,12.2645,10.728],"rotation":{"angle":45,"axis":"z","origin":[2.63462,12.2645,10.1138]},"faces":{"north":{"uv":[1,1,3,3],"texture":"#texture"},"south":{"uv":[1,1,3,3],"texture":"#texture"},"west":{"uv":[1,1,3,3],"texture":"#texture"},"up":{"uv":[1,1,3,3],"texture":"#texture"},"down":{"uv":[1,1,3,3],"texture":"#texture"}}},{"from":[4.7841,12.0496,10.1138],"to":[4.99905,12.2645,10.728],"rotation":{"angle":45,"axis":"z","origin":[4.78406,12.2645,10.1138]},"faces":{"north":{"uv":[1,1,3,3],"texture":"#texture"},"south":{"uv":[1,1,3,3],"texture":"#texture"},"down":{"uv":[1,1,3,3],"texture":"#texture"}}},{"from":[4.7841,12.9707,10.1138],"to":[4.99905,13.1857,10.728],"rotation":{"angle":45,"axis":"z","origin":[4.78406,13.1857,10.1138]},"faces":{"north":{"uv":[1,1,3,3],"texture":"#texture"},"east":{"uv":[1,1,3,3],"texture":"#texture"},"south":{"uv":[1,1,3,3],"texture":"#texture"}}},{"from":[2.4811,12.418,10.2674],"to":[5.24466,13.0321,10.5744],"faces":{"north":{"uv":[1,3,4,4],"texture":"#texture"},"south":{"uv":[1,3,4,4],"texture":"#texture"},"west":{"uv":[2.5,2.25,4.5,3.25],"texture":"#texture"},"down":{"uv":[1.5,2.75,4.5,4.75],"texture":"#texture"}}},{"from":[2.3276,12.4426,10.2674],"to":[2.76363,12.8786,10.5744],"rotation":{"angle":45,"axis":"z","origin":[2.32756,12.8786,10.2674]},"faces":{"north":{"uv":[1,1,3,3],"texture":"#texture"},"south":{"uv":[1,1,3,3],"texture":"#texture"},"west":{"uv":[1,1,3,3],"texture":"#texture"},"up":{"uv":[1,1,3,3],"texture":"#texture"}}},{"from":[5.0911,12.7497,10.2674],"to":[5.52713,13.1857,10.5744],"rotation":{"angle":-45,"axis":"z","origin":[5.09112,13.1857,10.2674]},"faces":{"north":{"uv":[1,1,3,3],"texture":"#texture"},"east":{"uv":[1,1,3,3],"texture":"#texture"},"south":{"uv":[1,1,3,3],"texture":"#texture"},"west":{"uv":[1,1,3,3],"texture":"#texture"},"up":{"uv":[1,1,3,3],"texture":"#texture"}}},{"from":[2.3276,12.1355,10.2674],"to":[2.76363,12.5716,10.5744],"rotation":{"angle":45,"axis":"z","origin":[2.32756,12.5716,10.2674]},"faces":{"north":{"uv":[1,1,3,3],"texture":"#texture"},"south":{"uv":[1,1,3,3],"texture":"#texture"},"west":{"uv":[1,1,3,3],"texture":"#texture"},"up":{"uv":[1,1,3,3],"texture":"#texture"}}},{"from":[5.0911,12.4426,10.2674],"to":[5.52713,12.8786,10.5744],"rotation":{"angle":-45,"axis":"z","origin":[5.09112,12.8786,10.2674]},"faces":{"north":{"uv":[1,1,3,3],"texture":"#texture"},"east":{"uv":[1,1,3,3],"texture":"#texture"},"south":{"uv":[1,1,3,3],"texture":"#texture"},"up":{"uv":[1,1,3,3],"texture":"#texture"},"down":{"uv":[1,1,3,3],"texture":"#texture"}}},{"from":[2.3276,12.5716,10.2674],"to":[2.76363,12.8786,10.7034],"rotation":{"angle":45,"axis":"y","origin":[2.32756,12.5716,10.2674]},"faces":{"north":{"uv":[1,1,3,3],"texture":"#texture"},"west":{"uv":[1,1,3,3],"texture":"#texture"},"up":{"uv":[1,1,3,3],"texture":"#texture"},"down":{"uv":[1,1,3,3],"texture":"#texture"}}},{"from":[2.3276,12.5716,10.5744],"to":[2.76363,12.8786,11.0105],"rotation":{"angle":45,"axis":"y","origin":[2.32756,12.5716,10.5744]},"faces":{"north":{"uv":[1,1,3,3],"texture":"#texture"},"west":{"uv":[1,1,3,3],"texture":"#texture"},"up":{"uv":[1,1,3,3],"texture":"#texture"},"down":{"uv":[1,1,3,3],"texture":"#texture"}}},{"from":[5.0911,12.5716,9.9603],"to":[5.52713,12.8786,10.39629],"rotation":{"angle":-45,"axis":"y","origin":[5.09112,12.5716,9.96031]},"faces":{"north":{"uv":[1,1,3,3],"texture":"#texture"},"east":{"uv":[1,1,3,3],"texture":"#texture"},"west":{"uv":[1,1,3,3],"texture":"#texture"},"up":{"uv":[1,1,3,3],"texture":"#texture"},"down":{"uv":[1,1,3,3],"texture":"#texture"}}},{"from":[5.0911,12.5716,10.2674],"to":[5.52713,12.8786,10.7034],"rotation":{"angle":-45,"axis":"y","origin":[5.09112,12.5716,10.2674]},"faces":{"north":{"uv":[1,1,3,3],"texture":"#texture"},"east":{"uv":[1,1,3,3],"texture":"#texture"},"south":{"uv":[1,1,3,3],"texture":"#texture"},"up":{"uv":[1,1,3,3],"texture":"#texture"},"down":{"uv":[1,1,3,3],"texture":"#texture"}}},{"from":[2.6346,12.418,9.9603],"to":[2.84955,13.0321,10.17529],"rotation":{"angle":45,"axis":"y","origin":[2.63462,12.418,9.96031]},"faces":{"north":{"uv":[1,1,3,3],"texture":"#texture"},"east":{"uv":[1,1,3,3],"texture":"#texture"},"up":{"uv":[1,1,3,3],"texture":"#texture"},"down":{"uv":[1,1,3,3],"texture":"#texture"}}},{"from":[2.6346,12.418,10.8815],"to":[2.84955,13.0321,11.0964],"rotation":{"angle":45,"axis":"y","origin":[2.63462,12.418,10.8815]},"faces":{"north":{"uv":[1,1,3,3],"texture":"#texture"},"south":{"uv":[1,1,3,3],"texture":"#texture"},"west":{"uv":[1,1,3,3],"texture":"#texture"},"up":{"uv":[1,1,3,3],"texture":"#texture"},"down":{"uv":[1,1,3,3],"texture":"#texture"}}},{"from":[4.9376,12.418,9.8068],"to":[5.15255,13.0321,10.02172],"rotation":{"angle":-45,"axis":"y","origin":[4.93759,12.418,9.80678]},"faces":{"north":{"uv":[1,1,3,3],"texture":"#texture"},"east":{"uv":[1,1,3,3],"texture":"#texture"},"up":{"uv":[1,1,3,3],"texture":"#texture"},"down":{"uv":[1,1,3,3],"texture":"#texture"}}},{"from":[4.9376,12.418,10.728],"to":[5.15255,13.0321,10.9429],"rotation":{"angle":-45,"axis":"y","origin":[4.93759,12.418,10.728]},"faces":{"east":{"uv":[1,1,3,3],"texture":"#texture"},"south":{"uv":[1,1,3,3],"texture":"#texture"},"up":{"uv":[1,1,3,3],"texture":"#texture"},"down":{"uv":[1,1,3,3],"texture":"#texture"}}},{"from":[2.4811,12.6637,10.1138],"to":[5.24466,12.8786,10.3288],"rotation":{"angle":-45,"axis":"x","origin":[2.48109,12.8786,10.1138]},"faces":{"east":{"uv":[1,1,3,3],"texture":"#texture"},"south":{"uv":[1,1,3,3],"texture":"#texture"},"west":{"uv":[1,1,3,3],"texture":"#texture"},"up":{"uv":[1,1,3,3],"texture":"#texture"}}},{"from":[2.4811,12.8172,10.5744],"to":[5.24466,13.0321,10.7894],"rotation":{"angle":45,"axis":"x","origin":[2.48109,13.0321,10.5744]},"faces":{"east":{"uv":[1,1,3,3],"texture":"#texture"},"south":{"uv":[1,1,3,3],"texture":"#texture"},"west":{"uv":[1,1,3,3],"texture":"#texture"},"up":{"uv":[1,1,3,3],"texture":"#texture"}}},{"from":[2.4811,12.3566,10.1138],"to":[5.24466,12.5716,10.3288],"rotation":{"angle":-45,"axis":"x","origin":[2.48109,12.5716,10.1138]},"faces":{"north":{"uv":[1,1,3,3],"texture":"#texture"},"east":{"uv":[1,1,3,3],"texture":"#texture"},"west":{"uv":[1,1,3,3],"texture":"#texture"},"down":{"uv":[1,1,3,3],"texture":"#texture"}}},{"from":[2.4811,12.5101,10.5744],"to":[5.24466,12.7251,10.7894],"rotation":{"angle":45,"axis":"x","origin":[2.48109,12.7251,10.5744]},"faces":{"east":{"uv":[1,1,3,3],"texture":"#texture"},"south":{"uv":[1,1,3,3],"texture":"#texture"},"west":{"uv":[1,1,3,3],"texture":"#texture"}}},{"from":[2.3276,12.5716,10.2674],"to":[5.39822,12.8786,10.5744],"faces":{"north":{"uv":[1,1,3,3],"texture":"#texture"},"east":{"uv":[1,1,3,3],"texture":"#texture"},"south":{"uv":[1,1,3,3],"texture":"#texture"},"west":{"uv":[1,1,3,3],"texture":"#texture"},"up":{"uv":[1,1,3,3],"texture":"#texture"},"down":{"uv":[1,1,3,3],"texture":"#texture"}}},{"from":[3.2488,12.111,5.272],"to":[4.47705,13.3393,5.88613],"faces":{"north":{"uv":[1,1.75,3,2.75],"texture":"#texture"},"south":{"uv":[1,1.75,3,2.75],"texture":"#texture"},"west":{"uv":[1,1.75,3,2.75],"texture":"#texture"},"up":{"uv":[1,1.75,3,2.75],"texture":"#texture"},"down":{"uv":[1,1.75,3,2.75],"texture":"#texture"}}},{"from":[3.2488,12.418,4.965],"to":[4.47705,13.0321,6.19325],"faces":{"north":{"uv":[1,1.75,3,2.75],"texture":"#texture"},"south":{"uv":[1,1.75,3,2.75],"texture":"#texture"},"west":{"uv":[1,1.75,3,2.75],"texture":"#texture"},"up":{"uv":[1,1.75,3,2.75],"texture":"#texture"},"down":{"uv":[1,1.75,3,2.75],"texture":"#texture"}}},{"from":[3.2488,12.5961,4.965],"to":[4.47705,13.0321,5.40103],"rotation":{"angle":-45,"axis":"x","origin":[3.24875,13.0321,4.96497]},"faces":{"north":{"uv":[1,1.75,3,2.75],"texture":"#texture"},"south":{"uv":[1,1.75,3,2.75],"texture":"#texture"},"west":{"uv":[1,1.75,3,2.75],"texture":"#texture"},"up":{"uv":[1,1.75,3,2.75],"texture":"#texture"}}},{"from":[3.2488,12.9032,5.8862],"to":[4.47705,13.3393,6.32223],"rotation":{"angle":45,"axis":"x","origin":[3.24875,13.3393,5.88616]},"faces":{"north":{"uv":[1,1.75,3,2.75],"texture":"#texture"},"south":{"uv":[1,1.75,3,2.75],"texture":"#texture"},"west":{"uv":[1,1.75,3,2.75],"texture":"#texture"},"up":{"uv":[1,1.75,3,2.75],"texture":"#texture"}}},{"from":[3.2488,12.289,5.8862],"to":[4.47705,12.7251,6.32223],"rotation":{"angle":45,"axis":"x","origin":[3.24875,12.7251,5.88616]},"faces":{"south":{"uv":[1,1.75,3,2.75],"texture":"#texture"},"west":{"uv":[1,1.75,3,2.75],"texture":"#texture"},"down":{"uv":[1,1.75,3,2.75],"texture":"#texture"}}},{"from":[3.2488,11.982,4.965],"to":[4.47705,12.4181,5.40103],"rotation":{"angle":-45,"axis":"x","origin":[3.24875,12.4181,4.96497]},"faces":{"north":{"uv":[1,1.75,3,2.75],"texture":"#texture"},"west":{"uv":[1,1.75,3,2.75],"texture":"#texture"},"up":{"uv":[1,1.75,3,2.75],"texture":"#texture"},"down":{"uv":[1,1.75,3,2.75],"texture":"#texture"}}},{"from":[3.218,12.111,5.272],"to":[3.248,13.3393,5.88613],"faces":{"north":{"uv":[7,7,9,9],"texture":"#texture"},"east":{"uv":[7,7,9,9],"texture":"#texture"},"south":{"uv":[7,7,9,9],"texture":"#texture"},"up":{"uv":[7,7,9,9],"texture":"#texture"},"down":{"uv":[7,7,9,9],"texture":"#texture"}}},{"from":[3.218,12.418,4.965],"to":[3.248,13.0321,6.19325],"faces":{"north":{"uv":[7,7,9,9],"texture":"#texture"},"east":{"uv":[7,7,9,9],"texture":"#texture"},"south":{"uv":[7,7,9,9],"texture":"#texture"},"up":{"uv":[7,7,9,9],"texture":"#texture"},"down":{"uv":[7,7,9,9],"texture":"#texture"}}},{"from":[3.218,12.5961,4.965],"to":[3.248,13.0321,5.40103],"rotation":{"angle":-45,"axis":"x","origin":[3.21804,13.0321,4.96497]},"faces":{"north":{"uv":[7,7,9,9],"texture":"#texture"},"east":{"uv":[7,7,9,9],"texture":"#texture"},"south":{"uv":[7,7,9,9],"texture":"#texture"},"up":{"uv":[7,7,9,9],"texture":"#texture"}}},{"from":[3.218,12.9032,5.8862],"to":[3.248,13.3393,6.32223],"rotation":{"angle":45,"axis":"x","origin":[3.21804,13.3393,5.88616]},"faces":{"north":{"uv":[7,7,9,9],"texture":"#texture"},"east":{"uv":[7,7,9,9],"texture":"#texture"},"south":{"uv":[7,7,9,9],"texture":"#texture"},"up":{"uv":[7,7,9,9],"texture":"#texture"}}},{"from":[3.218,12.289,5.8862],"to":[3.248,12.7251,6.32223],"rotation":{"angle":45,"axis":"x","origin":[3.21804,12.7251,5.88616]},"faces":{"east":{"uv":[7,7,9,9],"texture":"#texture"},"south":{"uv":[7,7,9,9],"texture":"#texture"},"west":{"uv":[7,7,9,9],"texture":"#texture"},"down":{"uv":[7,7,9,9],"texture":"#texture"}}},{"from":[3.218,11.982,4.965],"to":[3.248,12.4181,5.40103],"rotation":{"angle":-45,"axis":"x","origin":[3.21804,12.4181,4.96497]},"faces":{"north":{"uv":[7,7,9,9],"texture":"#texture"},"east":{"uv":[7,7,9,9],"texture":"#texture"},"west":{"uv":[7,7,9,9],"texture":"#texture"},"up":{"uv":[7,7,9,9],"texture":"#texture"},"down":{"uv":[7,7,9,9],"texture":"#texture"}}},{"from":[4.477,12.111,5.272],"to":[4.507,13.3393,5.88613],"faces":{"north":{"uv":[7,7,9,9],"texture":"#texture"},"east":{"uv":[7,7,9,9],"texture":"#texture"},"south":{"uv":[7,7,9,9],"texture":"#texture"},"up":{"uv":[7,7,9,9],"texture":"#texture"},"down":{"uv":[7,7,9,9],"texture":"#texture"}}},{"from":[4.477,12.418,4.965],"to":[4.507,13.0321,6.19325],"faces":{"north":{"uv":[7,7,9,9],"texture":"#texture"},"east":{"uv":[7,7,9,9],"texture":"#texture"},"south":{"uv":[7,7,9,9],"texture":"#texture"},"up":{"uv":[7,7,9,9],"texture":"#texture"},"down":{"uv":[7,7,9,9],"texture":"#texture"}}},{"from":[4.477,12.5961,4.965],"to":[4.507,13.0321,5.40103],"rotation":{"angle":-45,"axis":"x","origin":[4.477,13.0321,4.96497]},"faces":{"north":{"uv":[7,7,9,9],"texture":"#texture"},"east":{"uv":[7,7,9,9],"texture":"#texture"},"south":{"uv":[7,7,9,9],"texture":"#texture"},"up":{"uv":[7,7,9,9],"texture":"#texture"}}},{"from":[4.477,12.9032,5.8862],"to":[4.507,13.3393,6.32223],"rotation":{"angle":45,"axis":"x","origin":[4.477,13.3393,5.88616]},"faces":{"north":{"uv":[7,7,9,9],"texture":"#texture"},"east":{"uv":[7,7,9,9],"texture":"#texture"},"south":{"uv":[7,7,9,9],"texture":"#texture"},"up":{"uv":[7,7,9,9],"texture":"#texture"}}},{"from":[4.477,12.289,5.8862],"to":[4.507,12.7251,6.32223],"rotation":{"angle":45,"axis":"x","origin":[4.477,12.7251,5.88616]},"faces":{"east":{"uv":[7,7,9,9],"texture":"#texture"},"south":{"uv":[7,7,9,9],"texture":"#texture"},"up":{"uv":[7,7,9,9],"texture":"#texture"},"down":{"uv":[7,7,9,9],"texture":"#texture"}}},{"from":[4.477,11.982,4.965],"to":[4.507,12.4181,5.40103],"rotation":{"angle":-45,"axis":"x","origin":[4.477,12.4181,4.96497]},"faces":{"north":{"uv":[7,7,9,9],"texture":"#texture"},"east":{"uv":[7,7,9,9],"texture":"#texture"},"up":{"uv":[7,7,9,9],"texture":"#texture"},"down":{"uv":[7,7,9,9],"texture":"#texture"}}},{"from":[2.7882,12.418,4.965],"to":[3.21808,13.0321,6.19325],"faces":{"north":{"uv":[1,1.75,3,2.75],"texture":"#texture"},"south":{"uv":[1,1.75,3,2.75],"texture":"#texture"},"west":{"uv":[1,1.75,3,2.75],"texture":"#texture"},"up":{"uv":[1,1.75,3,2.75],"texture":"#texture"}}},{"from":[2.7882,12.111,5.272],"to":[3.21808,13.3393,5.88613],"faces":{"north":{"uv":[1,1.75,3,2.75],"texture":"#texture"},"south":{"uv":[1,1.75,3,2.75],"texture":"#texture"},"west":{"uv":[1,1.75,3,2.75],"texture":"#texture"},"up":{"uv":[1,1.75,3,2.75],"texture":"#texture"},"down":{"uv":[1,1.75,3,2.75],"texture":"#texture"}}},{"from":[2.7882,12.5961,4.965],"to":[3.21808,13.0321,5.40103],"rotation":{"angle":-45,"axis":"x","origin":[2.78816,13.0321,4.96497]},"faces":{"north":{"uv":[1,1.75,3,2.75],"texture":"#texture"},"south":{"uv":[1,1.75,3,2.75],"texture":"#texture"},"west":{"uv":[1,1.75,3,2.75],"texture":"#texture"},"up":{"uv":[1,1.75,3,2.75],"texture":"#texture"}}},{"from":[2.7882,12.9032,5.8862],"to":[3.21808,13.3393,6.32223],"rotation":{"angle":45,"axis":"x","origin":[2.78816,13.3393,5.88616]},"faces":{"north":{"uv":[1,1.75,3,2.75],"texture":"#texture"},"south":{"uv":[1,1.75,3,2.75],"texture":"#texture"},"west":{"uv":[1,1.75,3,2.75],"texture":"#texture"},"up":{"uv":[1,1.75,3,2.75],"texture":"#texture"}}},{"from":[2.7882,12.289,5.272],"to":[3.21808,12.7251,5.70803],"rotation":{"angle":45,"axis":"x","origin":[2.78816,12.7251,5.27203]},"faces":{"north":{"uv":[1,1.75,3,2.75],"texture":"#texture"},"east":{"uv":[1,1.75,3,2.75],"texture":"#texture"},"south":{"uv":[1,1.75,3,2.75],"texture":"#texture"},"west":{"uv":[1,1.75,3,2.75],"texture":"#texture"},"down":{"uv":[1,1.75,3,2.75],"texture":"#texture"}}},{"from":[2.7882,11.982,5.5791],"to":[3.21808,12.4181,6.01513],"rotation":{"angle":-45,"axis":"x","origin":[2.78816,12.4181,5.57909]},"faces":{"north":{"uv":[1,1.75,3,2.75],"texture":"#texture"},"east":{"uv":[1,1.75,3,2.75],"texture":"#texture"},"west":{"uv":[1,1.75,3,2.75],"texture":"#texture"},"down":{"uv":[1,1.75,3,2.75],"texture":"#texture"}}},{"from":[2.6346,12.418,5.1185],"to":[5.0911,13.0321,6.03969],"faces":{"north":{"uv":[1,1.75,3,2.75],"texture":"#texture"},"east":{"uv":[1,1.75,3,2.75],"texture":"#texture"},"south":{"uv":[1,1.75,3,2.75],"texture":"#texture"},"west":{"uv":[1,1.75,3,2.75],"texture":"#texture"},"up":{"uv":[1,1.75,3,2.75],"texture":"#texture"},"down":{"uv":[1,1.75,3,2.75],"texture":"#texture"}}},{"from":[2.6346,12.2645,5.272],"to":[5.0911,13.1857,5.88613],"faces":{"north":{"uv":[1,1.75,3,2.75],"texture":"#texture"},"east":{"uv":[1,1.75,3,2.75],"texture":"#texture"},"south":{"uv":[1,1.75,3,2.75],"texture":"#texture"},"west":{"uv":[1,1.75,3,2.75],"texture":"#texture"},"up":{"uv":[1,1.75,3,2.75],"texture":"#texture"},"down":{"uv":[1,1.75,3,2.75],"texture":"#texture"}}},{"from":[4.5077,12.418,4.965],"to":[4.93758,13.0321,6.19325],"faces":{"north":{"uv":[1,1.75,3,2.75],"texture":"#texture"},"east":{"uv":[1,1.75,3,2.75],"texture":"#texture"},"south":{"uv":[1,1.75,3,2.75],"texture":"#texture"},"west":{"uv":[1,1.75,3,2.75],"texture":"#texture"},"up":{"uv":[1,1.75,3,2.75],"texture":"#texture"},"down":{"uv":[1,1.75,3,2.75],"texture":"#texture"}}},{"from":[4.5077,12.111,5.272],"to":[4.93758,13.3393,5.88613],"faces":{"north":{"uv":[1,1.75,3,2.75],"texture":"#texture"},"east":{"uv":[1,1.75,3,2.75],"texture":"#texture"},"south":{"uv":[1,1.75,3,2.75],"texture":"#texture"},"west":{"uv":[1,1.75,3,2.75],"texture":"#texture"},"up":{"uv":[1,1.75,3,2.75],"texture":"#texture"},"down":{"uv":[1,1.75,3,2.75],"texture":"#texture"}}},{"from":[4.5077,12.5961,4.965],"to":[4.93758,13.0321,5.40103],"rotation":{"angle":-45,"axis":"x","origin":[4.50771,13.0321,4.96497]},"faces":{"north":{"uv":[1,1.75,3,2.75],"texture":"#texture"},"east":{"uv":[1,1.75,3,2.75],"texture":"#texture"},"south":{"uv":[1,1.75,3,2.75],"texture":"#texture"},"west":{"uv":[1,1.75,3,2.75],"texture":"#texture"},"up":{"uv":[1,1.75,3,2.75],"texture":"#texture"}}},{"from":[4.5077,12.9032,5.8862],"to":[4.93758,13.3393,6.32223],"rotation":{"angle":45,"axis":"x","origin":[4.50771,13.3393,5.88616]},"faces":{"north":{"uv":[1,1.75,3,2.75],"texture":"#texture"},"east":{"uv":[1,1.75,3,2.75],"texture":"#texture"},"south":{"uv":[1,1.75,3,2.75],"texture":"#texture"},"west":{"uv":[1,1.75,3,2.75],"texture":"#texture"},"up":{"uv":[1,1.75,3,2.75],"texture":"#texture"}}},{"from":[4.5154,12.289,5.272],"to":[4.94529,12.7251,5.70803],"rotation":{"angle":45,"axis":"x","origin":[4.51538,12.7251,5.27203]},"faces":{"north":{"uv":[1,1.75,3,2.75],"texture":"#texture"},"east":{"uv":[1,1.75,3,2.75],"texture":"#texture"},"south":{"uv":[1,1.75,3,2.75],"texture":"#texture"},"west":{"uv":[1,1.75,3,2.75],"texture":"#texture"},"down":{"uv":[1,1.75,3,2.75],"texture":"#texture"}}},{"from":[4.5077,11.982,5.5791],"to":[4.93758,12.4181,6.01513],"rotation":{"angle":-45,"axis":"x","origin":[4.50771,12.4181,5.57909]},"faces":{"north":{"uv":[1,1.75,3,2.75],"texture":"#texture"},"east":{"uv":[1,1.75,3,2.75],"texture":"#texture"},"south":{"uv":[1,1.75,3,2.75],"texture":"#texture"},"west":{"uv":[1,1.75,3,2.75],"texture":"#texture"},"down":{"uv":[1,1.75,3,2.75],"texture":"#texture"}}},{"from":[2.6346,12.8172,5.1185],"to":[5.0911,13.0321,5.33344],"rotation":{"angle":-45,"axis":"x","origin":[2.63462,13.0321,5.1185]},"faces":{"east":{"uv":[1,1.75,3,2.75],"texture":"#texture"},"south":{"uv":[1,1.75,3,2.75],"texture":"#texture"},"west":{"uv":[1,1.75,3,2.75],"texture":"#texture"},"up":{"uv":[1,1.75,3,2.75],"texture":"#texture"}}},{"from":[2.6346,12.9707,5.8862],"to":[5.0911,13.1857,6.10114],"rotation":{"angle":45,"axis":"x","origin":[2.63462,13.1857,5.88616]},"faces":{"north":{"uv":[1,1.75,3,2.75],"texture":"#texture"},"east":{"uv":[1,1.75,3,2.75],"texture":"#texture"},"south":{"uv":[1,1.75,3,2.75],"texture":"#texture"},"west":{"uv":[1,1.75,3,2.75],"texture":"#texture"},"up":{"uv":[1,1.75,3,2.75],"texture":"#texture"}}},{"from":[2.6346,12.3566,5.8862],"to":[5.0911,12.5716,6.10114],"rotation":{"angle":45,"axis":"x","origin":[2.63462,12.5716,5.88616]},"faces":{"east":{"uv":[1,1.75,3,2.75],"texture":"#texture"},"south":{"uv":[1,1.75,3,2.75],"texture":"#texture"},"west":{"uv":[1,1.75,3,2.75],"texture":"#texture"},"down":{"uv":[1,1.75,3,2.75],"texture":"#texture"}}},{"from":[2.6346,12.2031,5.1185],"to":[5.0911,12.4181,5.33344],"rotation":{"angle":-45,"axis":"x","origin":[2.63462,12.4181,5.1185]},"faces":{"north":{"uv":[1,1.75,3,2.75],"texture":"#texture"},"east":{"uv":[1,1.75,3,2.75],"texture":"#texture"},"west":{"uv":[1,1.75,3,2.75],"texture":"#texture"},"down":{"uv":[1,1.75,3,2.75],"texture":"#texture"}}},{"from":[2.6346,12.9707,5.272],"to":[2.84955,13.1857,5.88613],"rotation":{"angle":45,"axis":"z","origin":[2.63462,13.1857,5.27203]},"faces":{"north":{"uv":[1,1.75,3,2.75],"texture":"#texture"},"east":{"uv":[1,1.75,3,2.75],"texture":"#texture"},"south":{"uv":[1,1.75,3,2.75],"texture":"#texture"},"up":{"uv":[1,1.75,3,2.75],"texture":"#texture"}}},{"from":[2.6346,12.0496,5.272],"to":[2.84955,12.2645,5.88613],"rotation":{"angle":45,"axis":"z","origin":[2.63462,12.2645,5.27203]},"faces":{"north":{"uv":[1,1.75,3,2.75],"texture":"#texture"},"south":{"uv":[1,1.75,3,2.75],"texture":"#texture"},"west":{"uv":[1,1.75,3,2.75],"texture":"#texture"},"up":{"uv":[1,1.75,3,2.75],"texture":"#texture"},"down":{"uv":[1,1.75,3,2.75],"texture":"#texture"}}},{"from":[4.7841,12.0496,5.272],"to":[4.99905,12.2645,5.88613],"rotation":{"angle":45,"axis":"z","origin":[4.78406,12.2645,5.27203]},"faces":{"north":{"uv":[1,1.75,3,2.75],"texture":"#texture"},"south":{"uv":[1,1.75,3,2.75],"texture":"#texture"},"down":{"uv":[1,1.75,3,2.75],"texture":"#texture"}}},{"from":[4.7841,12.9707,5.272],"to":[4.99905,13.1857,5.88613],"rotation":{"angle":45,"axis":"z","origin":[4.78406,13.1857,5.27203]},"faces":{"north":{"uv":[1,1.75,3,2.75],"texture":"#texture"},"east":{"uv":[1,1.75,3,2.75],"texture":"#texture"},"south":{"uv":[1,1.75,3,2.75],"texture":"#texture"}}},{"from":[2.4811,12.418,5.4256],"to":[5.24466,13.0321,5.73266],"faces":{"north":{"uv":[1,3,4,4],"texture":"#texture"},"south":{"uv":[1,3,4,4],"texture":"#texture"},"west":{"uv":[2.5,2.25,4.5,3.25],"texture":"#texture"},"down":{"uv":[1.5,2.75,4.5,4.75],"texture":"#texture"}}},{"from":[2.3276,12.4426,5.4256],"to":[2.76363,12.8786,5.73266],"rotation":{"angle":45,"axis":"z","origin":[2.32756,12.8786,5.42556]},"faces":{"north":{"uv":[1,1.75,3,2.75],"texture":"#texture"},"south":{"uv":[1,1.75,3,2.75],"texture":"#texture"},"west":{"uv":[1,1.75,3,2.75],"texture":"#texture"},"up":{"uv":[1,1.75,3,2.75],"texture":"#texture"}}},{"from":[5.0911,12.7497,5.4256],"to":[5.52713,13.1857,5.73266],"rotation":{"angle":-45,"axis":"z","origin":[5.09112,13.1857,5.42556]},"faces":{"north":{"uv":[1,1.75,3,2.75],"texture":"#texture"},"east":{"uv":[1,1.75,3,2.75],"texture":"#texture"},"south":{"uv":[1,1.75,3,2.75],"texture":"#texture"},"west":{"uv":[1,1.75,3,2.75],"texture":"#texture"},"up":{"uv":[1,1.75,3,2.75],"texture":"#texture"}}},{"from":[2.3276,12.1355,5.4256],"to":[2.76363,12.5716,5.73266],"rotation":{"angle":45,"axis":"z","origin":[2.32756,12.5716,5.42556]},"faces":{"north":{"uv":[1,1.75,3,2.75],"texture":"#texture"},"south":{"uv":[1,1.75,3,2.75],"texture":"#texture"},"west":{"uv":[1,1.75,3,2.75],"texture":"#texture"},"up":{"uv":[1,1.75,3,2.75],"texture":"#texture"}}},{"from":[5.0911,12.4426,5.4256],"to":[5.52713,12.8786,5.73266],"rotation":{"angle":-45,"axis":"z","origin":[5.09112,12.8786,5.42556]},"faces":{"north":{"uv":[1,1.75,3,2.75],"texture":"#texture"},"east":{"uv":[1,1.75,3,2.75],"texture":"#texture"},"south":{"uv":[1,1.75,3,2.75],"texture":"#texture"},"up":{"uv":[1,1.75,3,2.75],"texture":"#texture"},"down":{"uv":[1,1.75,3,2.75],"texture":"#texture"}}},{"from":[2.3276,12.5716,5.4256],"to":[2.76363,12.8786,5.86163],"rotation":{"angle":45,"axis":"y","origin":[2.32756,12.5716,5.42556]},"faces":{"north":{"uv":[1,1.75,3,2.75],"texture":"#texture"},"west":{"uv":[1,1.75,3,2.75],"texture":"#texture"},"up":{"uv":[1,1.75,3,2.75],"texture":"#texture"},"down":{"uv":[1,1.75,3,2.75],"texture":"#texture"}}},{"from":[2.3276,12.5716,5.7326],"to":[2.76363,12.8786,6.16862],"rotation":{"angle":45,"axis":"y","origin":[2.32756,12.5716,5.73263]},"faces":{"north":{"uv":[1,1.75,3,2.75],"texture":"#texture"},"west":{"uv":[1,1.75,3,2.75],"texture":"#texture"},"up":{"uv":[1,1.75,3,2.75],"texture":"#texture"},"down":{"uv":[1,1.75,3,2.75],"texture":"#texture"}}},{"from":[5.0911,12.5716,5.1185],"to":[5.52713,12.8786,5.55453],"rotation":{"angle":-45,"axis":"y","origin":[5.09112,12.5716,5.1185]},"faces":{"north":{"uv":[1,1.75,3,2.75],"texture":"#texture"},"east":{"uv":[1,1.75,3,2.75],"texture":"#texture"},"west":{"uv":[1,1.75,3,2.75],"texture":"#texture"},"up":{"uv":[1,1.75,3,2.75],"texture":"#texture"},"down":{"uv":[1,1.75,3,2.75],"texture":"#texture"}}},{"from":[5.0911,12.5716,5.4256],"to":[5.52713,12.8786,5.86163],"rotation":{"angle":-45,"axis":"y","origin":[5.09112,12.5716,5.42556]},"faces":{"north":{"uv":[1,1.75,3,2.75],"texture":"#texture"},"east":{"uv":[1,1.75,3,2.75],"texture":"#texture"},"south":{"uv":[1,1.75,3,2.75],"texture":"#texture"},"up":{"uv":[1,1.75,3,2.75],"texture":"#texture"},"down":{"uv":[1,1.75,3,2.75],"texture":"#texture"}}},{"from":[2.6346,12.418,5.1185],"to":[2.84955,13.0321,5.33344],"rotation":{"angle":45,"axis":"y","origin":[2.63462,12.418,5.1185]},"faces":{"north":{"uv":[1,1.75,3,2.75],"texture":"#texture"},"east":{"uv":[1,1.75,3,2.75],"texture":"#texture"},"up":{"uv":[1,1.75,3,2.75],"texture":"#texture"},"down":{"uv":[1,1.75,3,2.75],"texture":"#texture"}}},{"from":[2.6346,12.418,6.0397],"to":[2.84955,13.0321,6.25464],"rotation":{"angle":45,"axis":"y","origin":[2.63462,12.418,6.03969]},"faces":{"north":{"uv":[1,1.75,3,2.75],"texture":"#texture"},"south":{"uv":[1,1.75,3,2.75],"texture":"#texture"},"west":{"uv":[1,1.75,3,2.75],"texture":"#texture"},"up":{"uv":[1,1.75,3,2.75],"texture":"#texture"},"down":{"uv":[1,1.75,3,2.75],"texture":"#texture"}}},{"from":[4.9376,12.418,4.965],"to":[5.15255,13.0321,5.17994],"rotation":{"angle":-45,"axis":"y","origin":[4.93759,12.418,4.96497]},"faces":{"north":{"uv":[1,1.75,3,2.75],"texture":"#texture"},"east":{"uv":[1,1.75,3,2.75],"texture":"#texture"},"up":{"uv":[1,1.75,3,2.75],"texture":"#texture"},"down":{"uv":[1,1.75,3,2.75],"texture":"#texture"}}},{"from":[4.9376,12.418,5.8862],"to":[5.15255,13.0321,6.10114],"rotation":{"angle":-45,"axis":"y","origin":[4.93759,12.418,5.88616]},"faces":{"east":{"uv":[1,1.75,3,2.75],"texture":"#texture"},"up":{"uv":[1,1.75,3,2.75],"texture":"#texture"},"down":{"uv":[1,1.75,3,2.75],"texture":"#texture"}}},{"from":[2.4811,12.6637,5.272],"to":[5.24466,12.8786,5.48695],"rotation":{"angle":-45,"axis":"x","origin":[2.48109,12.8786,5.27203]},"faces":{"east":{"uv":[1,1.75,3,2.75],"texture":"#texture"},"south":{"uv":[1,1.75,3,2.75],"texture":"#texture"},"west":{"uv":[1,1.75,3,2.75],"texture":"#texture"},"up":{"uv":[1,1.75,3,2.75],"texture":"#texture"}}},{"from":[2.4811,12.8172,5.7326],"to":[5.24466,13.0321,5.94754],"rotation":{"angle":45,"axis":"x","origin":[2.48109,13.0321,5.73263]},"faces":{"north":{"uv":[1,1.75,3,2.75],"texture":"#texture"},"east":{"uv":[1,1.75,3,2.75],"texture":"#texture"},"south":{"uv":[1,1.75,3,2.75],"texture":"#texture"},"west":{"uv":[1,1.75,3,2.75],"texture":"#texture"},"up":{"uv":[1,1.75,3,2.75],"texture":"#texture"}}},{"from":[2.4811,12.3566,5.272],"to":[5.24466,12.5716,5.48695],"rotation":{"angle":-45,"axis":"x","origin":[2.48109,12.5716,5.27203]},"faces":{"north":{"uv":[1,1.75,3,2.75],"texture":"#texture"},"east":{"uv":[1,1.75,3,2.75],"texture":"#texture"},"west":{"uv":[1,1.75,3,2.75],"texture":"#texture"},"up":{"uv":[1,1.75,3,2.75],"texture":"#texture"},"down":{"uv":[1,1.75,3,2.75],"texture":"#texture"}}},{"from":[2.4811,12.5101,5.7326],"to":[5.24466,12.7251,5.94754],"rotation":{"angle":45,"axis":"x","origin":[2.48109,12.7251,5.73263]},"faces":{"east":{"uv":[1,1.75,3,2.75],"texture":"#texture"},"south":{"uv":[1,1.75,3,2.75],"texture":"#texture"},"west":{"uv":[1,1.75,3,2.75],"texture":"#texture"}}},{"from":[2.3276,12.5716,5.4256],"to":[5.39822,12.8786,5.73266],"faces":{"north":{"uv":[1,1.75,3,2.75],"texture":"#texture"},"east":{"uv":[1,1.75,3,2.75],"texture":"#texture"},"south":{"uv":[1,1.75,3,2.75],"texture":"#texture"},"west":{"uv":[1,1.75,3,2.75],"texture":"#texture"},"up":{"uv":[1,1.75,3,2.75],"texture":"#texture"},"down":{"uv":[1,1.75,3,2.75],"texture":"#texture"}}},{"from":[1.5,10.59,7],"to":[2.25,12,7.75],"rotation":{"angle":-45,"axis":"x","origin":[1.5,12,7]},"faces":{"north":{"uv":[1,1,3,3],"texture":"#texture"},"east":{"uv":[1,1,3,3],"texture":"#texture"},"west":{"uv":[1,1,3,3],"texture":"#texture"},"down":{"uv":[1,1,3,3],"texture":"#texture"}}},{"from":[1.75,12.25,7],"to":[4,13,9],"faces":{"west":{"uv":[1,1,3,3],"texture":"#texture"},"up":{"uv":[1,1,3,3],"texture":"#texture"}}},{"from":[1.5,12.5025,7],"to":[1.85,12.7525,9],"rotation":{"angle":45,"axis":"z","origin":[1.5,12.7525,7]},"faces":{"north":{"uv":[1,7,3,9],"texture":"#texture"},"east":{"uv":[1,7,3,9],"texture":"#texture"},"south":{"uv":[1,7,3,9],"texture":"#texture"},"west":{"uv":[1,7,3,9],"texture":"#texture"},"up":{"uv":[1,7,3,9],"texture":"#texture"}}},{"from":[1.75,11.5,7.25],"to":[2.46,12.25,7.96],"rotation":{"angle":45,"axis":"y","origin":[1.75,11.5,7.25]},"faces":{"north":{"uv":[1,1,3,3],"texture":"#texture"},"east":{"uv":[1,1,3,3],"texture":"#texture"},"up":{"uv":[1,1,3,3],"texture":"#texture"},"down":{"uv":[1,1,3,3],"texture":"#texture"}}},{"from":[1.75,11.5,8.75],"to":[2.46,12.25,9.46],"rotation":{"angle":45,"axis":"y","origin":[1.75,11.5,8.75]},"faces":{"south":{"uv":[1,1,3,3],"texture":"#texture"},"west":{"uv":[1,1,3,3],"texture":"#texture"},"up":{"uv":[1,1,3,3],"texture":"#texture"},"down":{"uv":[1,1,3,3],"texture":"#texture"}}},{"from":[1.75,11.5,7.25],"to":[2.25,12.25,8.75],"faces":{"west":{"uv":[1,1,3,3],"texture":"#texture"},"down":{"uv":[1,1,3,3],"texture":"#texture"}}},{"from":[2.25,11.5,6.75],"to":[4.75,12.25,9.25],"faces":{"north":{"uv":[1,1,3,3],"texture":"#texture"},"south":{"uv":[1,1,3,3],"texture":"#texture"},"down":{"uv":[1,1,3,3],"texture":"#texture"}}},{"from":[3.75,9.32,6.75],"to":[5,11.75,9.25],"rotation":{"angle":22.5,"axis":"z","origin":[3.75,11.75,6.75]},"faces":{"north":{"uv":[1,1,3,3],"texture":"#texture"},"east":{"uv":[1,1,3,3],"texture":"#texture"},"south":{"uv":[1,1,3,3],"texture":"#texture"},"west":{"uv":[1,1,3,3],"texture":"#texture"}}},{"from":[1.99,11.75,9.01],"to":[3.97,12.25,9.36],"rotation":{"angle":45,"axis":"y","origin":[1.99,11.75,9.01]},"faces":{"west":{"uv":[0.25,0.25,2.75,6.5],"texture":"#particle"}}},{"from":[2.23,11.75,8.76],"to":[2.98,12.25,9.26],"faces":{"south":{"uv":[2.75,0.25,14,6.5],"texture":"#particle"}}},{"from":[1.99,11.75,6.99],"to":[2.34,12.25,7.34],"rotation":{"angle":45,"axis":"y","origin":[1.99,11.75,6.99]},"faces":{"north":{"uv":[2.75,0.25,0.25,6.5],"texture":"#particle"}}},{"from":[2.24,11.75,6.74],"to":[2.99,12.25,7.24],"faces":{"north":{"uv":[14,0.25,2.75,6.5],"texture":"#particle"}}},{"from":[2.75,10.75,7],"to":[4.75,11.5,9],"faces":{"north":{"uv":[7,1,9,3],"texture":"#texture"},"south":{"uv":[7,1,9,3],"texture":"#texture"},"down":{"uv":[7,1,9,3],"texture":"#texture"}}},{"from":[2.25,11.25,7],"to":[2.75,11.5,9],"faces":{"north":{"uv":[7,1,9,3],"texture":"#texture"},"south":{"uv":[7,1,9,3],"texture":"#texture"},"west":{"uv":[7,1,9,3],"texture":"#texture"}}},{"from":[2.25,10.54,7],"to":[2.96,11.25,9],"rotation":{"angle":45,"axis":"z","origin":[2.25,11.25,7]},"faces":{"north":{"uv":[7,1,9,3],"texture":"#texture"},"south":{"uv":[7,1,9,3],"texture":"#texture"},"west":{"uv":[7,1,9,3],"texture":"#texture"},"down":{"uv":[7,1,9,3],"texture":"#texture"}}},{"from":[3.5,8.75,7],"to":[4.5,10.75,9],"rotation":{"angle":22.5,"axis":"z","origin":[3.5,10.75,7]},"faces":{"north":{"uv":[7,1,9,3],"texture":"#texture"},"south":{"uv":[7,1,9,3],"texture":"#texture"},"west":{"uv":[7,1,9,3],"texture":"#texture"}}},{"from":[4.5,9.25,6.75],"to":[6,10.25,9.25],"faces":{"north":{"uv":[1,1,3,3],"texture":"#texture"},"east":{"uv":[1,1,3,3],"texture":"#texture"},"south":{"uv":[1,1,3,3],"texture":"#texture"},"west":{"uv":[1,1,3,3],"texture":"#texture"},"up":{"uv":[1,1,3,3],"texture":"#texture"}}},{"from":[4,6,7],"to":[4.5,9.75,9],"faces":{"west":{"uv":[7,1,9,3],"texture":"#texture"}}},{"from":[4.75,12.29,6.75],"to":[5.46,13,9.25],"rotation":{"angle":-45,"axis":"z","origin":[4.75,13,6.75]},"faces":{"north":{"uv":[1,1,3,3],"texture":"#texture"},"east":{"uv":[1,1,3,3],"texture":"#texture"},"south":{"uv":[1,1,3,3],"texture":"#texture"},"up":{"uv":[1,1,3,3],"texture":"#texture"}}},{"from":[1.5,11.12,8.47],"to":[2.25,12.53,9.22],"rotation":{"angle":45,"axis":"x","origin":[1.5,12.53,8.47]},"faces":{"east":{"uv":[1,1,3,3],"texture":"#texture"},"south":{"uv":[1,1,3,3],"texture":"#texture"},"west":{"uv":[1,1,3,3],"texture":"#texture"},"up":{"uv":[1,1,3,3],"texture":"#texture"},"down":{"uv":[1,1,3,3],"texture":"#texture"}}},{"from":[1.49,11.4375,7.6875],"to":[2.49,11.75,7.8125],"faces":{"west":{"uv":[11.5,7.25,13.5,11.25],"texture":"#particle"}}},{"from":[1.49,11.4375,8.1875],"to":[2.49,11.75,8.3125],"faces":{"west":{"uv":[13.75,7.25,15.75,11.25],"texture":"#particle"}}},{"from":[1.5,12.5625,7],"to":[2.5,12.75,9],"faces":{"north":{"uv":[1,7,3,9],"texture":"#texture"},"south":{"uv":[1,7,3,9],"texture":"#texture"},"west":{"uv":[1,7,3,9],"texture":"#texture"},"up":{"uv":[1,7,3,9],"texture":"#texture"}}},{"from":[1.49,11.625,7.25],"to":[1.99,12.625,8.75],"faces":{"west":{"uv":[0.25,4.75,14.25,12.5],"texture":"#belly"}}},{"from":[2.3125,12.57,7.615],"to":[3.0625,13,9.115],"rotation":{"angle":-22.5,"axis":"y","origin":[2.3125,12.57,7.615]},"faces":{"south":{"uv":[0.25,4.75,14,12.5],"rotation":270,"texture":"#belly"}}},{"from":[1.74,12.01,6.625],"to":[2.99,13.01,7.875],"faces":{"up":{"uv":[0.25,7.25,9.25,15.75],"rotation":90,"texture":"#arm_under"}}},{"from":[1.74,12.01,8.125],"to":[2.99,13.01,9.375],"faces":{"up":{"uv":[9.25,7.25,0.25,15.75],"rotation":90,"texture":"#arm_under"}}},{"from":[3.25,11,8.385],"to":[3.625,11.5,9.01],"faces":{"south":{"uv":[0.5,0.5,10,14.5],"texture":"#tooth"}}},{"from":[2.95,11.125,8.385],"to":[3.2,11.5,9.01],"faces":{"south":{"uv":[0.5,0.5,10,14.5],"texture":"#tooth"}}},{"from":[3.25,11,6.99],"to":[3.625,11.5,7.615],"faces":{"north":{"uv":[0.5,0.5,10,14.5],"texture":"#tooth"}}},{"from":[2.95,11.125,6.99],"to":[3.2,11.5,7.615],"faces":{"north":{"uv":[0.5,0.5,10,14.5],"texture":"#tooth"}}},{"from":[4.1875,9.9375,8.26],"to":[5.4375,10.6875,9.26],"rotation":{"angle":22.5,"axis":"z","origin":[4.1875,10.6875,8.26]},"faces":{"south":{"uv":[0.25,8.25,6,15.75],"rotation":270,"texture":"#particle"}}},{"from":[4.1875,9.9375,6.74],"to":[5.4375,10.6875,7.74],"rotation":{"angle":22.5,"axis":"z","origin":[4.1875,10.6875,6.74]},"faces":{"north":{"uv":[0.25,8.25,6,15.75],"rotation":90,"texture":"#particle"}}},{"from":[4.6575,10.125,6.75],"to":[5.4075,10.875,9.27],"rotation":{"angle":22.5,"axis":"z","origin":[4.6575,10.875,6.75]},"faces":{"east":{"uv":[0.25,8.25,6,15.75],"rotation":90,"texture":"#particle"}}},{"from":[4.5,7.75,5.75],"to":[6,9,6.75],"faces":{"north":{"uv":[1,1,3,3],"texture":"#texture"},"east":{"uv":[1,1,3,3],"texture":"#texture"},"south":{"uv":[1,1,3,3],"texture":"#texture"},"west":{"uv":[1,1,3,3],"texture":"#texture"},"up":{"uv":[1,1,3,3],"texture":"#texture"},"down":{"uv":[1,1,3,3],"texture":"#texture"}}},{"from":[4.5,7.75,9.25],"to":[6,9,10.25],"faces":{"north":{"uv":[1,1,3,3],"texture":"#texture"},"east":{"uv":[1,1,3,3],"texture":"#texture"},"south":{"uv":[1,1,3,3],"texture":"#texture"},"west":{"uv":[1,1,3,3],"texture":"#texture"},"up":{"uv":[1,1,3,3],"texture":"#texture"},"down":{"uv":[1,1,3,3],"texture":"#texture"}}},{"from":[4.5,7.75,5.75],"to":[6,9,7.52],"rotation":{"angle":-45,"axis":"x","origin":[4.5,9,5.75]},"faces":{"north":{"uv":[1,1,3,3],"texture":"#texture"},"east":{"uv":[1,1,3,3],"texture":"#texture"},"south":{"uv":[1,1,3,3],"texture":"#texture"},"west":{"uv":[1,1,3,3],"texture":"#texture"},"up":{"uv":[1,1,3,3],"texture":"#texture"}}},{"from":[4.5,9,9],"to":[6,10.25,10.77],"rotation":{"angle":45,"axis":"x","origin":[4.5,10.25,9]},"faces":{"east":{"uv":[1,1,3,3],"texture":"#texture"},"south":{"uv":[1,1,3,3],"texture":"#texture"},"west":{"uv":[1,1,3,3],"texture":"#texture"},"up":{"uv":[1,1,3,3],"texture":"#texture"}}},{"from":[4.5,7.645,6.23],"to":[6,8.895,8],"rotation":{"angle":22.5,"axis":"x","origin":[4.5,8.895,6.23]},"faces":{"north":{"uv":[1,1,3,3],"texture":"#texture"},"east":{"uv":[1,1,3,3],"texture":"#texture"},"west":{"uv":[1,1,3,3],"texture":"#texture"},"down":{"uv":[1,1,3,3],"texture":"#texture"}}},{"from":[4.5,6.9775,8.125],"to":[6,8.2275,9.895],"rotation":{"angle":-22.5,"axis":"x","origin":[4.5,8.2275,8.125]},"faces":{"east":{"uv":[1,1,3,3],"texture":"#texture"},"south":{"uv":[1,1,3,3],"texture":"#texture"},"west":{"uv":[1,1,3,3],"texture":"#texture"},"down":{"uv":[1,1,3,3],"texture":"#texture"}}},{"from":[4.75,5.69,3.75],"to":[5.75,6.75,6.58],"rotation":{"angle":-45,"axis":"x","origin":[4.75,6.75,3.75]},"faces":{"east":{"uv":[1,1,3,3],"texture":"#texture"},"south":{"uv":[1,1,3,3],"texture":"#texture"},"west":{"uv":[1,1,3,3],"texture":"#texture"},"up":{"uv":[1,1,3,3],"texture":"#texture"},"down":{"uv":[1,1,3,3],"texture":"#texture"}}},{"from":[4.75,6,11.5],"to":[5.75,6.75,12.25],"faces":{"east":{"uv":[1,1,3,3],"texture":"#texture"},"south":{"uv":[1,1,3,3],"texture":"#texture"},"west":{"uv":[1,1,3,3],"texture":"#texture"}}},{"from":[4.75,7.69,10.25],"to":[5.75,8.75,13.08],"rotation":{"angle":45,"axis":"x","origin":[4.75,8.75,10.25]},"faces":{"north":{"uv":[1,1,3,3],"texture":"#texture"},"east":{"uv":[1,1,3,3],"texture":"#texture"},"south":{"uv":[1,1,3,3],"texture":"#texture"},"west":{"uv":[1,1,3,3],"texture":"#texture"},"up":{"uv":[1,1,3,3],"texture":"#texture"},"down":{"uv":[1,1,3,3],"texture":"#texture"}}},{"from":[4.75,6,3.75],"to":[5.75,6.75,4.5],"faces":{"north":{"uv":[1,3,4,4],"texture":"#texture"},"east":{"uv":[1,1.75,3,2.75],"texture":"#texture"},"west":{"uv":[2.5,2.25,4.5,3.25],"texture":"#texture"},"down":{"uv":[1.5,2.75,4.5,4.75],"texture":"#texture"}}},{"from":[2.25,5.75,1.25],"to":[3.25,6.75,2.25],"faces":{"north":{"uv":[1,1,3,3],"texture":"#texture"},"east":{"uv":[1,1,3,3],"texture":"#texture"},"south":{"uv":[1,1,3,3],"texture":"#texture"},"west":{"uv":[1,1,3,3],"texture":"#texture"},"up":{"uv":[1,1,3,3],"texture":"#texture"},"down":{"uv":[1,1,3,3],"texture":"#texture"}}},{"from":[2.25,5.75,13.75],"to":[3.25,6.75,14.75],"faces":{"north":{"uv":[1,1,3,3],"texture":"#texture"},"east":{"uv":[1,1,3,3],"texture":"#texture"},"south":{"uv":[1,1,3,3],"texture":"#texture"},"west":{"uv":[1,1,3,3],"texture":"#texture"},"up":{"uv":[1,1,3,3],"texture":"#texture"},"down":{"uv":[1,1,3,3],"texture":"#texture"}}},{"from":[5.04,6,11.54],"to":[6.04,6.75,15.07],"rotation":{"angle":-45,"axis":"y","origin":[5.04,6,11.54]},"faces":{"east":{"uv":[1,1,3,3],"texture":"#texture"},"south":{"uv":[1,1,3,3],"texture":"#texture"},"west":{"uv":[1,1,3,3],"texture":"#texture"},"up":{"uv":[1,1,3,3],"texture":"#texture"},"down":{"uv":[1,1,3,3],"texture":"#texture"}}},{"from":[3.25,6,1.25],"to":[6.78,6.75,2.25],"rotation":{"angle":-45,"axis":"y","origin":[3.25,6,1.25]},"faces":{"north":{"uv":[1,1,3,3],"texture":"#texture"},"east":{"uv":[1,1,3,3],"texture":"#texture"},"south":{"uv":[1,1,3,3],"texture":"#texture"},"up":{"uv":[1,1,3,3],"texture":"#texture"},"down":{"uv":[1,1,3,3],"texture":"#texture"}}},{"from":[4.75,5.52,11],"to":[5.75,6.52,12],"rotation":{"angle":-22.5,"axis":"x","origin":[4.75,6.52,11]},"faces":{"north":{"uv":[1,1,3,3],"texture":"#texture"},"east":{"uv":[1,1,3,3],"texture":"#texture"},"south":{"uv":[1,1,3,3],"texture":"#texture"},"west":{"uv":[1,1,3,3],"texture":"#texture"},"down":{"uv":[1,1,3,3],"texture":"#texture"}}},{"from":[4.75,5.9375,4.125],"to":[5.75,6.9375,5.125],"rotation":{"angle":22.5,"axis":"x","origin":[4.75,6.9375,4.125]},"faces":{"north":{"uv":[1,1,3,3],"texture":"#texture"},"east":{"uv":[1,1,3,3],"texture":"#texture"},"south":{"uv":[1,1,3,3],"texture":"#texture"},"west":{"uv":[1,1,3,3],"texture":"#texture"},"down":{"uv":[1,1,3,3],"texture":"#texture"}}},{"from":[3,1,1.75],"to":[6.75,6,1.8125],"rotation":{"angle":-45,"axis":"y","origin":[3,1,1.75]},"faces":{"north":{"uv":[13,0.25,0.25,15.75],"texture":"#fin_arm"},"south":{"uv":[0.25,0.25,13,15.75],"texture":"#fin_arm"}}},{"from":[2.875,1,14.125],"to":[6.625,6,14.1875],"rotation":{"angle":45,"axis":"y","origin":[2.875,1,14.125]},"faces":{"north":{"uv":[13,0.25,0.25,15.75],"texture":"#fin_arm"},"south":{"uv":[0.25,0.25,13,15.75],"texture":"#fin_arm"}}},{"from":[4.5,3,6.25],"to":[6,6,7],"faces":{"north":{"uv":[1,1,3,3],"texture":"#texture"},"east":{"uv":[1,1,3,3],"texture":"#texture"},"west":{"uv":[1,1,3,3],"texture":"#texture"}}},{"from":[4.5,5.29,6.25],"to":[6,6,6.96],"rotation":{"angle":-45,"axis":"x","origin":[4.5,6,6.25]},"faces":{"east":{"uv":[1,1,3,3],"texture":"#texture"},"west":{"uv":[1,1,3,3],"texture":"#texture"},"up":{"uv":[1,1,3,3],"texture":"#texture"}}},{"from":[4.5,5.79,9.25],"to":[6,6.5,9.96],"rotation":{"angle":45,"axis":"x","origin":[4.5,6.5,9.25]},"faces":{"east":{"uv":[1,1,3,3],"texture":"#texture"},"south":{"uv":[1,1,3,3],"texture":"#texture"},"west":{"uv":[1,1,3,3],"texture":"#texture"},"up":{"uv":[1,1,3,3],"texture":"#texture"}}},{"from":[4.5,3,9],"to":[6,6,9.75],"faces":{"east":{"uv":[1,1,3,3],"texture":"#texture"},"south":{"uv":[1,1,3,3],"texture":"#texture"},"west":{"uv":[1,1,3,3],"texture":"#texture"}}},{"from":[4,4.75,7],"to":[6,6,9],"faces":{"west":{"uv":[7,1,9,3],"texture":"#texture"}}},{"from":[4,4.75,7],"to":[4.71,6,7.71],"rotation":{"angle":45,"axis":"y","origin":[4,4.75,7]},"faces":{"north":{"uv":[1,1,3,3.25],"texture":"#texture"},"up":{"uv":[1,1,3,3.25],"texture":"#texture"},"down":{"uv":[1,1,3,3.25],"texture":"#texture"}}},{"from":[4,4.75,9],"to":[4.71,6,9.71],"rotation":{"angle":45,"axis":"y","origin":[4,4.75,9]},"faces":{"west":{"uv":[1,1,3,3.25],"texture":"#texture"},"up":{"uv":[1,1,3,3.25],"texture":"#texture"},"down":{"uv":[1,1,3,3.25],"texture":"#texture"}}},{"from":[3.99,3.25,7],"to":[5.24,5.75,9],"faces":{"west":{"uv":[2.75,0.25,11.25,12.5],"texture":"#belly"}}},{"from":[3.99,3.5,7],"to":[4.49,5.75,8],"rotation":{"angle":45,"axis":"y","origin":[3.99,3.5,7]},"faces":{"north":{"uv":[0.25,0.25,2.75,12.5],"texture":"#belly"}}},{"from":[3.99,3.5,9],"to":[5.24,5.75,9.5],"rotation":{"angle":45,"axis":"y","origin":[3.99,3.5,9]},"faces":{"west":{"uv":[11.25,0.25,14,12.5],"texture":"#belly"}}},{"from":[3.98,3,7],"to":[5.23,5,9],"faces":{"west":{"uv":[2.75,0.25,11.5,9],"texture":"#belly_bottom"}}},{"from":[3.98,3,7],"to":[4.71,5,7.03],"rotation":{"angle":45,"axis":"y","origin":[3.98,3,7]},"faces":{"north":{"uv":[0.25,0.25,2.75,9],"texture":"#belly_bottom"}}},{"from":[3.98,3,9],"to":[4.01,5,9.73],"rotation":{"angle":45,"axis":"y","origin":[3.98,3,9]},"faces":{"west":{"uv":[11.5,0.25,14,9],"texture":"#belly_bottom"}}},{"from":[4,3,7],"to":[4.71,4.75,7.71],"rotation":{"angle":45,"axis":"y","origin":[4,3,7]},"faces":{"north":{"uv":[0.75,2,2.5,4.75],"texture":"#texture"},"east":{"uv":[2,1.5,4.5,3.75],"texture":"#texture"},"south":{"uv":[1.25,1.75,3.25,4.25],"texture":"#texture"},"west":{"uv":[3,1.75,5,3.75],"texture":"#texture"},"up":{"uv":[1.25,1.75,3.75,4],"texture":"#texture"},"down":{"uv":[2,0.75,4.25,3.75],"texture":"#texture"}}},{"from":[4,3,9],"to":[4.71,4.75,9.71],"rotation":{"angle":45,"axis":"y","origin":[4,3,9]},"faces":{"north":{"uv":[0.75,2,2.5,4.75],"texture":"#texture"},"east":{"uv":[2,1.5,4.5,3.75],"texture":"#texture"},"south":{"uv":[1.25,1.75,3.25,4.25],"texture":"#texture"},"west":{"uv":[3,1.75,5,3.75],"texture":"#texture"},"up":{"uv":[1.25,1.75,3.75,4],"texture":"#texture"},"down":{"uv":[2,0.75,4.25,3.75],"texture":"#texture"}}},{"from":[3.75,2.25,9.25],"to":[6.5,5.5,9.75],"faces":{"north":{"uv":[1,1,3,3],"texture":"#texture"},"east":{"uv":[1,1,3,3],"texture":"#texture"},"south":{"uv":[1,1,3,3],"texture":"#texture"},"west":{"uv":[1,1,3,3],"texture":"#texture"},"up":{"uv":[1,1,3,3],"texture":"#texture"},"down":{"uv":[1,1,3,3],"texture":"#texture"}}},{"from":[3.75,2.25,6.25],"to":[6.5,5.5,6.75],"faces":{"north":{"uv":[1,1,3,3],"texture":"#texture"},"east":{"uv":[1,1,3,3],"texture":"#texture"},"south":{"uv":[1,1,3,3],"texture":"#texture"},"west":{"uv":[1,1,3,3],"texture":"#texture"},"up":{"uv":[1,1,3,3],"texture":"#texture"},"down":{"uv":[1,1,3,3],"texture":"#texture"}}},{"from":[3.75,3.25,5.25],"to":[6.5,4.5,6.25],"faces":{"north":{"uv":[1,1,3,3],"texture":"#texture"},"east":{"uv":[1,1,3,3],"texture":"#texture"},"west":{"uv":[1,1,3,3],"texture":"#texture"},"up":{"uv":[1,1,3,3],"texture":"#texture"}}},{"from":[3.75,3.25,9.75],"to":[6.5,4.5,10.75],"faces":{"east":{"uv":[1,1,3,3],"texture":"#texture"},"south":{"uv":[1,1,3,3],"texture":"#texture"},"west":{"uv":[1,1,3,3],"texture":"#texture"},"up":{"uv":[1,1,3,3],"texture":"#texture"}}},{"from":[3.75,1.84,5.25],"to":[6.5,3.25,5.96],"rotation":{"angle":-45,"axis":"x","origin":[3.75,3.25,5.25]},"faces":{"north":{"uv":[1,1,3,3],"texture":"#texture"},"east":{"uv":[1,1,3,3],"texture":"#texture"},"west":{"uv":[1,1,3,3],"texture":"#texture"},"down":{"uv":[1,1,3,3],"texture":"#texture"}}},{"from":[3.75,2.34,10.25],"to":[6.5,3.75,10.96],"rotation":{"angle":45,"axis":"x","origin":[3.75,3.75,10.25]},"faces":{"east":{"uv":[1,1,3,3],"texture":"#texture"},"south":{"uv":[1,1,3,3],"texture":"#texture"},"west":{"uv":[1,1,3,3],"texture":"#texture"},"up":{"uv":[1,1,3,3],"texture":"#texture"},"down":{"uv":[1,1,3,3],"texture":"#texture"}}},{"from":[3.75,4.09,6.25],"to":[6.5,5.5,6.96],"rotation":{"angle":45,"axis":"x","origin":[3.75,5.5,6.25]},"faces":{"north":{"uv":[1,1,3,3],"texture":"#texture"},"east":{"uv":[1,1,3,3],"texture":"#texture"},"south":{"uv":[1,1,3,3],"texture":"#texture"},"west":{"uv":[1,1,3,3],"texture":"#texture"},"up":{"uv":[1,1,3,3],"texture":"#texture"},"down":{"uv":[1,1,3,3],"texture":"#texture"}}},{"from":[3.75,3.59,9.25],"to":[6.5,5,9.96],"rotation":{"angle":-45,"axis":"x","origin":[3.75,5,9.25]},"faces":{"east":{"uv":[1,1,3,3],"texture":"#texture"},"south":{"uv":[1,1,3,3],"texture":"#texture"},"west":{"uv":[1,1,3,3],"texture":"#texture"},"up":{"uv":[1,1,3,3],"texture":"#texture"},"down":{"uv":[1,1,3,3],"texture":"#texture"}}},{"from":[4.25,2.34,7.25],"to":[5.75,3.75,7.96],"rotation":{"angle":45,"axis":"x","origin":[4.25,3.75,7.25]},"faces":{"north":{"uv":[1,1,3,3.25],"texture":"#texture"},"east":{"uv":[1,1,3,3.25],"texture":"#texture"},"south":{"uv":[1,1,3,3.25],"texture":"#texture"},"west":{"uv":[1,1,3,3.25],"texture":"#texture"},"down":{"uv":[1,1,3,3.25],"texture":"#texture"}}},{"from":[4.25,1.84,8.25],"to":[5.75,3.25,8.96],"rotation":{"angle":-45,"axis":"x","origin":[4.25,3.25,8.25]},"faces":{"north":{"uv":[1,1,3,3.25],"texture":"#texture"},"east":{"uv":[1,1,3,3.25],"texture":"#texture"},"south":{"uv":[1,1,3,3.25],"texture":"#texture"},"west":{"uv":[1,1,3,3.25],"texture":"#texture"},"down":{"uv":[1,1,3,3.25],"texture":"#texture"}}},{"from":[4,1.59,7],"to":[5.41,3,9],"rotation":{"angle":45,"axis":"z","origin":[4,3,7]},"faces":{"north":{"uv":[1,1,3,3.25],"texture":"#texture"},"south":{"uv":[1,1,3,3.25],"texture":"#texture"},"west":{"uv":[1,1,3,3.25],"texture":"#texture"},"down":{"uv":[1,1,3,3.25],"texture":"#texture"}}},{"from":[5,2,6.75],"to":[6.75,3.25,9.25],"faces":{"north":{"uv":[1,1,3,3.25],"texture":"#texture"},"east":{"uv":[1,1,3,3.25],"texture":"#texture"},"south":{"uv":[1,1,3,3.25],"texture":"#texture"},"west":{"uv":[1,1,3,3.25],"texture":"#texture"},"down":{"uv":[1,1,3,3.25],"texture":"#texture"}}},{"from":[4.5,1.75,5.25],"to":[5.75,4.5,6.75],"rotation":{"angle":22.5,"axis":"x","origin":[4.5,4.5,5.25]},"faces":{"north":{"uv":[1,1,3,3],"texture":"#texture"},"east":{"uv":[1,1,3,3],"texture":"#texture"},"south":{"uv":[1,1,3,3],"texture":"#texture"},"west":{"uv":[1,1,3,3],"texture":"#texture"},"down":{"uv":[1,1,3,3],"texture":"#texture"}}},{"from":[4.5,1.1875,9.375],"to":[5.75,3.9375,10.875],"rotation":{"angle":-22.5,"axis":"x","origin":[4.5,3.9375,9.375]},"faces":{"north":{"uv":[1,1,3,3],"texture":"#texture"},"east":{"uv":[1,1,3,3],"texture":"#texture"},"south":{"uv":[1,1,3,3],"texture":"#texture"},"west":{"uv":[1,1,3,3],"texture":"#texture"},"up":{"uv":[1,1,3,3],"texture":"#texture"},"down":{"uv":[1,1,3,3],"texture":"#texture"}}},{"from":[3.25,1.25,10.75],"to":[4.75,2.25,10.8125],"faces":{"north":{"uv":[10,0.5,0.5,15.5],"rotation":90,"texture":"#leg"},"south":{"uv":[0.5,0.5,10,15.5],"rotation":270,"texture":"#leg"}}},{"from":[4.885,1.1775,10],"to":[6.8225,2.1775,11.75],"rotation":{"angle":-22.5,"axis":"z","origin":[4.885,2.1775,10]},"faces":{"north":{"uv":[1,1,3,3],"texture":"#texture"},"east":{"uv":[1,1,3,3],"texture":"#texture"},"south":{"uv":[1,1,3,3],"texture":"#texture"},"west":{"uv":[1,1,3,3],"texture":"#texture"},"up":{"uv":[1,1,3,3],"texture":"#texture"},"down":{"uv":[1,1,3,3],"texture":"#texture"}}},{"from":[4.5,1.25,10],"to":[5.75,2.75,11.25],"faces":{"north":{"uv":[1,1,3,3],"texture":"#texture"},"east":{"uv":[1,1,3,3],"texture":"#texture"},"west":{"uv":[1,1,3,3],"texture":"#texture"},"down":{"uv":[1,1,3,3],"texture":"#texture"}}},{"from":[4.5,-0.75,10],"to":[5.5,-0.25,11.75],"faces":{"north":{"uv":[1,1,3,3],"texture":"#texture"},"east":{"uv":[1,1,3,3],"texture":"#texture"},"south":{"uv":[1,1,3,3],"texture":"#texture"},"west":{"uv":[1,1,3,3],"texture":"#texture"},"down":{"uv":[1,1,3,3],"texture":"#texture"}}},{"from":[5.135,-0.895,10],"to":[6.8225,-0.395,11.75],"rotation":{"angle":45,"axis":"z","origin":[5.135,-0.395,10]},"faces":{"north":{"uv":[1,1,3,3],"texture":"#texture"},"east":{"uv":[1,1,3,3],"texture":"#texture"},"south":{"uv":[1,1,3,3],"texture":"#texture"},"down":{"uv":[1,1,3,3],"texture":"#texture"}}},{"from":[4.5,1.25,11.25],"to":[5.75,2,11.75],"faces":{"east":{"uv":[1,1,3,3],"texture":"#texture"},"south":{"uv":[1,1,3,3],"texture":"#texture"},"west":{"uv":[1,1,3,3],"texture":"#texture"},"down":{"uv":[1,1,3,3],"texture":"#texture"}}},{"from":[6.6675,0.6925,10],"to":[7.3825,1.4425,11.75],"rotation":{"angle":-45,"axis":"z","origin":[6.6675,1.4425,10]},"faces":{"north":{"uv":[1,1,3,3],"texture":"#texture"},"east":{"uv":[1,1,3,3],"texture":"#texture"},"south":{"uv":[1,1,3,3],"texture":"#texture"},"west":{"uv":[1,1,3,3],"texture":"#texture"},"up":{"uv":[1,1,3,3],"texture":"#texture"}}},{"from":[4.5,-0.75,10],"to":[6,-0.25,11.75],"rotation":{"angle":22.5,"axis":"z","origin":[4.5,-0.25,10]},"faces":{"north":{"uv":[1,1,3,3],"texture":"#texture"},"south":{"uv":[1,1,3,3],"texture":"#texture"},"up":{"uv":[1,1,3,3],"texture":"#texture"}}},{"from":[5.875,-0.625,10],"to":[6.25,0.875,11.75],"rotation":{"angle":-45,"axis":"z","origin":[5.875,0.875,10]},"faces":{"north":{"uv":[1,1,3,3],"texture":"#texture"},"south":{"uv":[1,1,3,3],"texture":"#texture"},"west":{"uv":[1,1,3,3],"texture":"#texture"}}},{"from":[4,-0.75,11.375],"to":[4.5,-0.5,11.75],"faces":{"north":{"uv":[5,1.75,7,3.75],"texture":"#tooth"},"south":{"uv":[5,1.75,7,3.75],"texture":"#tooth"},"west":{"uv":[5,1.75,7,3.75],"texture":"#tooth"},"up":{"uv":[5,1.75,7,3.75],"texture":"#tooth"},"down":{"uv":[5,1.75,7,3.75],"texture":"#tooth"}}},{"from":[4,-0.75,10.6875],"to":[4.5,-0.5,11.0625],"faces":{"north":{"uv":[5,1.75,7,3.75],"texture":"#tooth"},"south":{"uv":[5,1.75,7,3.75],"texture":"#tooth"},"west":{"uv":[5,1.75,7,3.75],"texture":"#tooth"},"up":{"uv":[5,1.75,7,3.75],"texture":"#tooth"},"down":{"uv":[5,1.75,7,3.75],"texture":"#tooth"}}},{"from":[4,-0.75,10],"to":[4.5,-0.5,10.375],"faces":{"north":{"uv":[5,1.75,7,3.75],"texture":"#tooth"},"south":{"uv":[5,1.75,7,3.75],"texture":"#tooth"},"west":{"uv":[5,1.75,7,3.75],"texture":"#tooth"},"up":{"uv":[5,1.75,7,3.75],"texture":"#tooth"},"down":{"uv":[5,1.75,7,3.75],"texture":"#tooth"}}},{"from":[3.625,-0.75,10.0625],"to":[4,-0.5,10.3125],"faces":{"north":{"uv":[5,1.75,7,3.75],"texture":"#tooth"},"south":{"uv":[5,1.75,7,3.75],"texture":"#tooth"},"west":{"uv":[5,1.75,7,3.75],"texture":"#tooth"},"up":{"uv":[5,1.75,7,3.75],"texture":"#tooth"},"down":{"uv":[5,1.75,7,3.75],"texture":"#tooth"}}},{"from":[3.625,-0.75,11.4375],"to":[4,-0.5,11.6875],"faces":{"north":{"uv":[5,1.75,7,3.75],"texture":"#tooth"},"south":{"uv":[5,1.75,7,3.75],"texture":"#tooth"},"west":{"uv":[5,1.75,7,3.75],"texture":"#tooth"},"down":{"uv":[5,1.75,7,3.75],"texture":"#tooth"}}},{"from":[3.625,-0.75,10.75],"to":[4,-0.5,11],"faces":{"north":{"uv":[5,1.75,7,3.75],"texture":"#tooth"},"south":{"uv":[5,1.75,7,3.75],"texture":"#tooth"},"west":{"uv":[5,1.75,7,3.75],"texture":"#tooth"},"up":{"uv":[5,1.75,7,3.75],"texture":"#tooth"},"down":{"uv":[5,1.75,7,3.75],"texture":"#tooth"}}},{"from":[3.625,-0.75,11.4375],"to":[4.275,-0.5,11.6875],"rotation":{"angle":22.5,"axis":"z","origin":[3.625,-0.5,11.4375]},"faces":{"north":{"uv":[5,1.75,7,3.75],"texture":"#tooth"},"south":{"uv":[5,1.75,7,3.75],"texture":"#tooth"},"up":{"uv":[5,1.75,7,3.75],"texture":"#tooth"}}},{"from":[4.22,-0.75,11.4375],"to":[4.595,-0.25,11.6875],"faces":{"north":{"uv":[5,1.75,7,3.75],"texture":"#tooth"},"south":{"uv":[5,1.75,7,3.75],"texture":"#tooth"},"west":{"uv":[5,1.75,7,3.75],"texture":"#tooth"},"up":{"uv":[5,1.75,7,3.75],"texture":"#tooth"}}},{"from":[3.625,-0.7487,10.0625],"to":[4.275,-0.4987,10.3125],"rotation":{"angle":22.5,"axis":"z","origin":[3.625,-0.49874,10.0625]},"faces":{"north":{"uv":[5,1.75,7,3.75],"texture":"#tooth"},"east":{"uv":[5,1.75,7,3.75],"texture":"#tooth"},"south":{"uv":[5,1.75,7,3.75],"texture":"#tooth"},"west":{"uv":[5,1.75,7,3.75],"texture":"#tooth"},"up":{"uv":[5,1.75,7,3.75],"texture":"#tooth"}}},{"from":[4.25,-0.75,10.0625],"to":[4.625,-0.25,10.3125],"faces":{"north":{"uv":[5,1.75,7,3.75],"texture":"#tooth"},"south":{"uv":[5,1.75,7,3.75],"texture":"#tooth"},"west":{"uv":[5,1.75,7,3.75],"texture":"#tooth"},"up":{"uv":[5,1.75,7,3.75],"texture":"#tooth"}}},{"from":[3.625,-0.7487,10.75],"to":[4.275,-0.4987,11],"rotation":{"angle":22.5,"axis":"z","origin":[3.625,-0.49874,10.75]},"faces":{"north":{"uv":[5,1.75,7,3.75],"texture":"#tooth"},"east":{"uv":[5,1.75,7,3.75],"texture":"#tooth"},"south":{"uv":[5,1.75,7,3.75],"texture":"#tooth"},"west":{"uv":[5,1.75,7,3.75],"texture":"#tooth"},"up":{"uv":[5,1.75,7,3.75],"texture":"#tooth"}}},{"from":[4.25,-0.75,10.75],"to":[4.625,-0.25,11],"faces":{"north":{"uv":[5,1.75,7,3.75],"texture":"#tooth"},"south":{"uv":[5,1.75,7,3.75],"texture":"#tooth"},"west":{"uv":[5,1.75,7,3.75],"texture":"#tooth"},"up":{"uv":[5,1.75,7,3.75],"texture":"#tooth"}}},{"from":[5.3125,1,9.99],"to":[6.1875,2,11.77],"rotation":{"angle":-22.5,"axis":"z","origin":[5.3125,2,9.99]},"faces":{"north":{"uv":[0.25,8.25,6,15.75],"texture":"#particle"},"south":{"uv":[0.25,8.25,6,15.75],"texture":"#particle"}}},{"from":[5.3175,0.995,9.9975],"to":[6.1875,2.005,11.7675],"rotation":{"angle":-22.5,"axis":"z","origin":[5.3175,2.005,9.9975]},"faces":{"up":{"uv":[0.25,8.25,6,15.75],"texture":"#particle"},"down":{"uv":[0.25,8.25,6,15.75],"texture":"#particle"}}},{"from":[4.885,1.1775,4.25],"to":[6.8225,2.1775,6],"rotation":{"angle":-22.5,"axis":"z","origin":[4.885,2.1775,4.25]},"faces":{"north":{"uv":[1,1,3,3],"texture":"#texture"},"east":{"uv":[1,1,3,3],"texture":"#texture"},"south":{"uv":[1,1,3,3],"texture":"#texture"},"west":{"uv":[1,1,3,3],"texture":"#texture"},"up":{"uv":[1,1,3,3],"texture":"#texture"},"down":{"uv":[1,1,3,3],"texture":"#texture"}}},{"from":[4.5,1.25,4.75],"to":[5.75,2.75,6],"faces":{"east":{"uv":[1,1,3,3],"texture":"#texture"},"south":{"uv":[1,1,3,3],"texture":"#texture"},"west":{"uv":[1,1,3,3],"texture":"#texture"},"down":{"uv":[1,1,3,3],"texture":"#texture"}}},{"from":[4.5,-0.75,4.25],"to":[5.5,-0.25,6],"faces":{"north":{"uv":[1,1,3,3],"texture":"#texture"},"east":{"uv":[1,1,3,3],"texture":"#texture"},"south":{"uv":[1,1,3,3],"texture":"#texture"},"west":{"uv":[1,1,3,3],"texture":"#texture"},"down":{"uv":[1,1,3,3],"texture":"#texture"}}},{"from":[5.135,-0.895,4.25],"to":[6.8225,-0.395,6],"rotation":{"angle":45,"axis":"z","origin":[5.135,-0.395,4.25]},"faces":{"north":{"uv":[1,1,3,3],"texture":"#texture"},"east":{"uv":[1,1,3,3],"texture":"#texture"},"south":{"uv":[1,1,3,3],"texture":"#texture"},"down":{"uv":[1,1,3,3],"texture":"#texture"}}},{"from":[4.5,1.25,4.25],"to":[5.75,2,4.75],"faces":{"north":{"uv":[1,1,3,3],"texture":"#texture"},"east":{"uv":[1,1,3,3],"texture":"#texture"},"west":{"uv":[1,1,3,3],"texture":"#texture"},"down":{"uv":[1,1,3,3],"texture":"#texture"}}},{"from":[6.6675,0.6925,4.25],"to":[7.3825,1.4425,6],"rotation":{"angle":-45,"axis":"z","origin":[6.6675,1.4425,4.25]},"faces":{"north":{"uv":[1,1,3,3],"texture":"#texture"},"east":{"uv":[1,1,3,3],"texture":"#texture"},"south":{"uv":[1,1,3,3],"texture":"#texture"},"west":{"uv":[1,1,3,3],"texture":"#texture"},"up":{"uv":[1,1,3,3],"texture":"#texture"}}},{"from":[4.5,-0.75,4.25],"to":[6,-0.25,6],"rotation":{"angle":22.5,"axis":"z","origin":[4.5,-0.25,4.25]},"faces":{"north":{"uv":[1,1,3,3],"texture":"#texture"},"south":{"uv":[1,1,3,3],"texture":"#texture"},"up":{"uv":[1,1,3,3],"texture":"#texture"}}},{"from":[5.875,-0.625,4.25],"to":[6.25,0.875,6],"rotation":{"angle":-45,"axis":"z","origin":[5.875,0.875,4.25]},"faces":{"north":{"uv":[1,1,3,3],"texture":"#texture"},"south":{"uv":[1,1,3,3],"texture":"#texture"},"west":{"uv":[1,1,3,3],"texture":"#texture"}}},{"from":[4,-0.75,5.625],"to":[4.5,-0.5,6],"faces":{"north":{"uv":[5,1.75,7,3.75],"texture":"#tooth"},"south":{"uv":[5,1.75,7,3.75],"texture":"#tooth"},"west":{"uv":[5,1.75,7,3.75],"texture":"#tooth"},"up":{"uv":[5,1.75,7,3.75],"texture":"#tooth"},"down":{"uv":[5,1.75,7,3.75],"texture":"#tooth"}}},{"from":[4,-0.75,4.9375],"to":[4.5,-0.5,5.3125],"faces":{"north":{"uv":[5,1.75,7,3.75],"texture":"#tooth"},"south":{"uv":[5,1.75,7,3.75],"texture":"#tooth"},"west":{"uv":[5,1.75,7,3.75],"texture":"#tooth"},"up":{"uv":[5,1.75,7,3.75],"texture":"#tooth"},"down":{"uv":[5,1.75,7,3.75],"texture":"#tooth"}}},{"from":[4,-0.75,4.25],"to":[4.5,-0.5,4.625],"faces":{"north":{"uv":[5,1.75,7,3.75],"texture":"#tooth"},"south":{"uv":[5,1.75,7,3.75],"texture":"#tooth"},"west":{"uv":[5,1.75,7,3.75],"texture":"#tooth"},"up":{"uv":[5,1.75,7,3.75],"texture":"#tooth"},"down":{"uv":[5,1.75,7,3.75],"texture":"#tooth"}}},{"from":[3.625,-0.75,4.3125],"to":[4,-0.5,4.5625],"faces":{"north":{"uv":[5,1.75,7,3.75],"texture":"#tooth"},"south":{"uv":[5,1.75,7,3.75],"texture":"#tooth"},"west":{"uv":[5,1.75,7,3.75],"texture":"#tooth"},"up":{"uv":[5,1.75,7,3.75],"texture":"#tooth"},"down":{"uv":[5,1.75,7,3.75],"texture":"#tooth"}}},{"from":[3.625,-0.75,5.6875],"to":[4,-0.5,5.9375],"faces":{"north":{"uv":[5,1.75,7,3.75],"texture":"#tooth"},"south":{"uv":[5,1.75,7,3.75],"texture":"#tooth"},"west":{"uv":[5,1.75,7,3.75],"texture":"#tooth"},"down":{"uv":[5,1.75,7,3.75],"texture":"#tooth"}}},{"from":[3.625,-0.75,5],"to":[4,-0.5,5.25],"faces":{"north":{"uv":[5,1.75,7,3.75],"texture":"#tooth"},"south":{"uv":[5,1.75,7,3.75],"texture":"#tooth"},"west":{"uv":[5,1.75,7,3.75],"texture":"#tooth"},"up":{"uv":[5,1.75,7,3.75],"texture":"#tooth"},"down":{"uv":[5,1.75,7,3.75],"texture":"#tooth"}}},{"from":[3.625,-0.75,5.6875],"to":[4.275,-0.5,5.9375],"rotation":{"angle":22.5,"axis":"z","origin":[3.625,-0.5,5.6875]},"faces":{"north":{"uv":[5,1.75,7,3.75],"texture":"#tooth"},"south":{"uv":[5,1.75,7,3.75],"texture":"#tooth"},"up":{"uv":[5,1.75,7,3.75],"texture":"#tooth"}}},{"from":[4.22,-0.75,5.6875],"to":[4.595,-0.25,5.9375],"faces":{"north":{"uv":[5,1.75,7,3.75],"texture":"#tooth"},"south":{"uv":[5,1.75,7,3.75],"texture":"#tooth"},"west":{"uv":[5,1.75,7,3.75],"texture":"#tooth"},"up":{"uv":[5,1.75,7,3.75],"texture":"#tooth"}}},{"from":[3.625,-0.7487,4.3125],"to":[4.275,-0.4987,4.5625],"rotation":{"angle":22.5,"axis":"z","origin":[3.625,-0.49874,4.3125]},"faces":{"north":{"uv":[5,1.75,7,3.75],"texture":"#tooth"},"east":{"uv":[5,1.75,7,3.75],"texture":"#tooth"},"south":{"uv":[5,1.75,7,3.75],"texture":"#tooth"},"west":{"uv":[5,1.75,7,3.75],"texture":"#tooth"},"up":{"uv":[5,1.75,7,3.75],"texture":"#tooth"}}},{"from":[4.25,-0.75,4.3125],"to":[4.625,-0.25,4.5625],"faces":{"north":{"uv":[5,1.75,7,3.75],"texture":"#tooth"},"south":{"uv":[5,1.75,7,3.75],"texture":"#tooth"},"west":{"uv":[5,1.75,7,3.75],"texture":"#tooth"},"up":{"uv":[5,1.75,7,3.75],"texture":"#tooth"}}},{"from":[3.625,-0.7487,5],"to":[4.275,-0.4987,5.25],"rotation":{"angle":22.5,"axis":"z","origin":[3.625,-0.49874,5]},"faces":{"north":{"uv":[5,1.75,7,3.75],"texture":"#tooth"},"east":{"uv":[5,1.75,7,3.75],"texture":"#tooth"},"south":{"uv":[5,1.75,7,3.75],"texture":"#tooth"},"west":{"uv":[5,1.75,7,3.75],"texture":"#tooth"},"up":{"uv":[5,1.75,7,3.75],"texture":"#tooth"}}},{"from":[4.25,-0.75,5],"to":[4.625,-0.25,5.25],"faces":{"north":{"uv":[5,1.75,7,3.75],"texture":"#tooth"},"south":{"uv":[5,1.75,7,3.75],"texture":"#tooth"},"west":{"uv":[5,1.75,7,3.75],"texture":"#tooth"},"up":{"uv":[5,1.75,7,3.75],"texture":"#tooth"}}},{"from":[5.3125,1,4.24],"to":[6.1875,2,6.02],"rotation":{"angle":-22.5,"axis":"z","origin":[5.3125,2,4.24]},"faces":{"north":{"uv":[0.25,8.25,6,15.75],"texture":"#particle"},"south":{"uv":[0.25,8.25,6,15.75],"texture":"#particle"}}},{"from":[5.3175,0.995,4.2475],"to":[6.1875,2.005,6.0175],"rotation":{"angle":-22.5,"axis":"z","origin":[5.3175,2.005,4.2475]},"faces":{"up":{"uv":[0.25,8.25,6,15.75],"texture":"#particle"},"down":{"uv":[0.25,8.25,6,15.75],"texture":"#particle"}}},{"from":[4,6,7],"to":[4.35,9.75,7.35],"rotation":{"angle":45,"axis":"y","origin":[4,6,7]},"faces":{"north":{"uv":[7,1,9,3],"texture":"#texture"},"east":{"uv":[7,1,9,3],"texture":"#texture"},"up":{"uv":[7,1,9,3],"texture":"#texture"}}},{"from":[4,6,9],"to":[4.35,9.75,9.35],"rotation":{"angle":45,"axis":"y","origin":[4,6,9]},"faces":{"south":{"uv":[7,1,9,3],"texture":"#texture"},"west":{"uv":[7,1,9,3],"texture":"#texture"},"up":{"uv":[7,1,9,3],"texture":"#texture"}}},{"from":[4.25,5.75,6.75],"to":[4.75,9.75,9.25],"faces":{"north":{"uv":[7,1,9,3],"texture":"#texture"},"south":{"uv":[7,1,9,3],"texture":"#texture"},"west":{"uv":[7,1,9,3],"texture":"#texture"},"up":{"uv":[7,1,9,3],"texture":"#texture"},"down":{"uv":[7,1,9,3],"texture":"#texture"}}},{"from":[4.75,6,6.75],"to":[6,9.75,9.25],"faces":{"north":{"uv":[1,1,3,3],"texture":"#texture"},"south":{"uv":[1,1,3,3],"texture":"#texture"}}},{"from":[4.875,2.875,6.75],"to":[6,9.375,9.25],"rotation":{"angle":22.5,"axis":"z","origin":[4.875,9.375,6.75]},"faces":{"north":{"uv":[1,1,3,3],"texture":"#texture"},"east":{"uv":[1,1,3,3],"texture":"#texture"},"south":{"uv":[1,1,3,3],"texture":"#texture"}}},{"from":[9,2.5,7],"to":[12.25,4,9],"faces":{"north":{"uv":[1,1,3,3.25],"texture":"#texture"},"east":{"uv":[1,1,3,3.25],"texture":"#texture"},"south":{"uv":[1,1,3,3.25],"texture":"#texture"},"up":{"uv":[1,1,3,3.25],"texture":"#texture"},"down":{"uv":[1,1,3,3.25],"texture":"#texture"}}},{"from":[5.875,3.25,6.75],"to":[7.5,5.75,9.25],"faces":{"north":{"uv":[1,1,3,3],"texture":"#texture"},"south":{"uv":[1,1,3,3],"texture":"#texture"}}},{"from":[7.5,4.34,6.75],"to":[10.33,5.75,9.25],"rotation":{"angle":-45,"axis":"z","origin":[7.5,5.75,6.75]},"faces":{"north":{"uv":[1,1,3,3],"texture":"#texture"},"east":{"uv":[1,1,3,3],"texture":"#texture"},"south":{"uv":[1,1,3,3],"texture":"#texture"},"up":{"uv":[1,1,3,3],"texture":"#texture"}}},{"from":[6.75,2.5,6.75],"to":[9.5,3.75,9.25],"faces":{"north":{"uv":[1,1,3,3.25],"texture":"#texture"},"east":{"uv":[1,1,3,3.25],"texture":"#texture"},"south":{"uv":[1,1,3,3.25],"texture":"#texture"},"down":{"uv":[1,1,3,3.25],"texture":"#texture"}}},{"from":[6.2075,1.8975,6.75],"to":[7.6175,3.3075,9.25],"rotation":{"angle":22.5,"axis":"z","origin":[6.2075,3.3075,6.75]},"faces":{"north":{"uv":[1,1,3,3],"texture":"#texture"},"south":{"uv":[1,1,3,3],"texture":"#texture"},"down":{"uv":[1,1,3,3],"texture":"#texture"}}},{"from":[11.5,2.5,7.25],"to":[14.75,3.75,8.75],"rotation":{"angle":22.5,"axis":"z","origin":[11.5,3.75,7.25]},"faces":{"north":{"uv":[1,1,3,3.75],"texture":"#texture"},"east":{"uv":[1,1,3,3.75],"texture":"#texture"},"south":{"uv":[1,1,3,3.75],"texture":"#texture"},"up":{"uv":[1,1,3,3.75],"texture":"#texture"},"down":{"uv":[1,1,3,3.75],"texture":"#texture"}}},{"from":[14.25,3.75,7.5],"to":[16.75,4.75,8.5],"rotation":{"angle":22.5,"axis":"z","origin":[14.25,4.75,7.5]},"faces":{"north":{"uv":[1,1,3,3.75],"texture":"#texture"},"east":{"uv":[1,1,3,3.75],"texture":"#texture"},"south":{"uv":[1,1,3,3.75],"texture":"#texture"},"up":{"uv":[1,1,3,3.75],"texture":"#texture"},"down":{"uv":[1,1,3,3.75],"texture":"#texture"}}},{"from":[5.25,6.3125,3.0625],"to":[5.3125,7.3125,4.0625],"rotation":{"angle":-45,"axis":"x","origin":[5.25,7.3125,3.0625]},"faces":{"east":{"uv":[10,0.5,0.5,15.5],"texture":"#leg"},"west":{"uv":[0.5,0.5,10,15.5],"texture":"#leg"}}},{"from":[5.25,7,4],"to":[5.3125,8,4.75],"rotation":{"angle":-45,"axis":"x","origin":[5.25,8,4]},"faces":{"east":{"uv":[10,0.5,0.5,15.5],"texture":"#leg"},"west":{"uv":[0.5,0.5,10,15.5],"texture":"#leg"}}},{"from":[5.25,7.5,11.5],"to":[5.3125,8.5,12.25],"rotation":{"angle":45,"axis":"x","origin":[5.25,8.5,11.5]},"faces":{"east":{"uv":[0.5,0.5,10,15.5],"texture":"#leg"},"west":{"uv":[10,0.5,0.5,15.5],"texture":"#leg"}}},{"from":[5.25,7,12.25],"to":[5.3125,8,13.25],"rotation":{"angle":45,"axis":"x","origin":[5.25,8,12.25]},"faces":{"east":{"uv":[0.5,0.5,10,15.5],"texture":"#leg"},"west":{"uv":[10,0.5,0.5,15.5],"texture":"#leg"}}},{"from":[4.49,7.5,5.75],"to":[5.49,9.5,7],"faces":{"west":{"uv":[0.25,0.25,13.5,7],"rotation":90,"texture":"#arm_under"}}},{"from":[4.49,7.5,9],"to":[5.49,9.5,10.25],"faces":{"west":{"uv":[0.25,0.25,13.5,7],"rotation":270,"texture":"#arm_under"}}},{"from":[4.75,11.25,6.75],"to":[5.25,12.5,9.25],"faces":{"north":{"uv":[1,1,3,3],"texture":"#texture"},"east":{"uv":[1,1,3,3],"texture":"#texture"},"south":{"uv":[1,1,3,3],"texture":"#texture"}}},{"from":[3.25,1.25,5],"to":[4.75,2.25,5.0625],"faces":{"north":{"uv":[10,0.5,0.5,15.5],"rotation":90,"texture":"#leg"},"south":{"uv":[0.5,0.5,10,15.5],"rotation":270,"texture":"#leg"}}},{"from":[3.9,2.625,10.75],"to":[4.9,3.375,10.8125],"rotation":{"angle":-22.5,"axis":"z","origin":[3.9,3.375,10.75]},"faces":{"north":{"uv":[10,0.5,0.5,15.5],"rotation":90,"texture":"#leg"},"south":{"uv":[0.5,0.5,10,15.5],"rotation":270,"texture":"#leg"}}},{"from":[3.9,2.625,5],"to":[4.9,3.375,5.0625],"rotation":{"angle":-22.5,"axis":"z","origin":[3.9,3.375,5]},"faces":{"north":{"uv":[10,0.5,0.5,15.5],"rotation":90,"texture":"#leg"},"south":{"uv":[0.5,0.5,10,15.5],"rotation":270,"texture":"#leg"}}},{"from":[17.75,5,7.75],"to":[18.5,7,8.25],"rotation":{"angle":-45,"axis":"z","origin":[17.75,7,7.75]},"faces":{"north":{"uv":[1,1,3,3.75],"texture":"#texture"},"east":{"uv":[1,1,3,3.75],"texture":"#texture"},"south":{"uv":[1,1,3,3.75],"texture":"#texture"},"west":{"uv":[1,1,3,3.75],"texture":"#texture"},"up":{"uv":[1,1,3,3.75],"texture":"#texture"},"down":{"uv":[1,1,3,3.75],"texture":"#texture"}}},{"from":[12.735,3.005,7.24],"to":[13.985,4.265,8.76],"rotation":{"angle":22.5,"axis":"z","origin":[12.735,4.265,7.24]},"faces":{"north":{"uv":[0.25,8.25,6,15.75],"texture":"#particle"},"south":{"uv":[0.25,8.25,6,15.75],"texture":"#particle"}}},{"from":[12.735,3.005,7.245],"to":[13.985,4.265,8.755],"rotation":{"angle":22.5,"axis":"z","origin":[12.735,4.265,7.245]},"faces":{"up":{"uv":[0.25,8.25,6,15.75],"texture":"#particle"},"down":{"uv":[0.25,8.25,6,15.75],"texture":"#particle"}}},{"from":[11.625,5.25,8],"to":[16.25,15.375,8.0625],"rotation":{"angle":-45,"axis":"z","origin":[11.625,15.375,8]},"faces":{"north":{"uv":[6,0.25,0.125,15.875],"texture":"#fin_back"},"south":{"uv":[0.125,0.25,6,15.875],"texture":"#fin_back"}}},{"from":[13.5,4.625,8],"to":[15.75,7.125,8.0625],"rotation":{"angle":22.5,"axis":"z","origin":[13.5,7.125,8]},"faces":{"north":{"uv":[13,0.25,0.25,16],"texture":"#fin_tail"},"south":{"uv":[0.25,0.25,13,15.75],"texture":"#fin_tail"}}},{"from":[14.75,1.5,8],"to":[17,4,8.0625],"rotation":{"angle":22.5,"axis":"z","origin":[14.75,4,8]},"faces":{"north":{"uv":[0.25,0.25,13,16],"rotation":180,"texture":"#fin_tail"},"south":{"uv":[13,0.25,0.25,15.75],"rotation":180,"texture":"#fin_tail"}}},{"from":[8.25,4,7],"to":[11.5,5,9],"rotation":{"angle":-22.5,"axis":"z","origin":[8.25,5,7]},"faces":{"north":{"uv":[1,1,3,3.25],"texture":"#texture"},"south":{"uv":[1,1,3,3.25],"texture":"#texture"},"up":{"uv":[1,1,3,3.25],"texture":"#texture"}}},{"from":[3.99,2,7],"to":[5.24,3,9],"rotation":{"angle":45,"axis":"z","origin":[3.99,3,7]},"faces":{"west":{"uv":[2.75,9,11.5,13],"texture":"#belly_bottom"}}},{"from":[5.75,5.5,6.75],"to":[6.875,6.75,9.25],"faces":{"north":{"uv":[1,1,3,3],"texture":"#texture"},"south":{"uv":[1,1,3,3],"texture":"#texture"}}},{"from":[1.625,5.875,1.375],"to":[2.625,6.625,2.125],"faces":{"north":{"uv":[5,12,7,14],"texture":"#leg"},"south":{"uv":[5,12,7,14],"texture":"#leg"},"west":{"uv":[5,12,7,14],"texture":"#leg"},"up":{"uv":[5,12,7,14],"texture":"#leg"},"down":{"uv":[5,12,7,14],"texture":"#leg"}}},{"from":[1.625,5.875,13.875],"to":[2.625,6.625,14.625],"faces":{"north":{"uv":[5,12,7,14],"texture":"#leg"},"south":{"uv":[5,12,7,14],"texture":"#leg"},"west":{"uv":[5,12,7,14],"texture":"#leg"},"up":{"uv":[5,12,7,14],"texture":"#leg"},"down":{"uv":[5,12,7,14],"texture":"#leg"}}},{"from":[1.25,5.375,14],"to":[1.9375,6.125,14.5],"rotation":{"angle":45,"axis":"z","origin":[1.25,6.125,14]},"faces":{"north":{"uv":[5,12,7,14],"texture":"#leg"},"south":{"uv":[5,12,7,14],"texture":"#leg"},"west":{"uv":[5,12,7,14],"texture":"#leg"},"up":{"uv":[5,12,7,14],"texture":"#leg"},"down":{"uv":[5,12,7,14],"texture":"#leg"}}},{"from":[1.25,5.375,1.5],"to":[1.9375,6.125,2],"rotation":{"angle":45,"axis":"z","origin":[1.25,6.125,1.5]},"faces":{"north":{"uv":[5,12,7,14],"texture":"#leg"},"south":{"uv":[5,12,7,14],"texture":"#leg"},"west":{"uv":[5,12,7,14],"texture":"#leg"},"up":{"uv":[5,12,7,14],"texture":"#leg"},"down":{"uv":[5,12,7,14],"texture":"#leg"}}},{"from":[1.375,4.25,14.1875],"to":[2.125,6.25,14.25],"rotation":{"angle":-45,"axis":"z","origin":[1.375,6.25,14.1875]},"faces":{"north":{"uv":[0.5,0.5,10,15.5],"rotation":180,"texture":"#leg"},"south":{"uv":[10,0.5,0.5,15.5],"rotation":180,"texture":"#leg"}}},{"from":[1.375,4.25,1.75],"to":[2.125,6.25,1.8125],"rotation":{"angle":-45,"axis":"z","origin":[1.375,6.25,1.75]},"faces":{"north":{"uv":[0.5,0.5,10,15.5],"rotation":180,"texture":"#leg"},"south":{"uv":[10,0.5,0.5,15.5],"rotation":180,"texture":"#leg"}}},{"from":[4,3,7],"to":[6,4.75,9],"faces":{"north":{"uv":[0.75,2,2.5,4.75],"texture":"#texture"},"south":{"uv":[1.25,1.75,3.25,4.25],"texture":"#texture"}}},{"from":[2.4811,12.5716,10.1138],"to":[5.24466,12.8786,10.728],"faces":{"north":{"uv":[1,3,4,4],"texture":"#texture"},"east":{"uv":[1,1.75,3,2.75],"texture":"#texture"},"south":{"uv":[1,3,4,4],"texture":"#texture"},"west":{"uv":[2.5,2.25,4.5,3.25],"texture":"#texture"},"up":{"uv":[1.5,2.25,4.5,4.25],"texture":"#texture"},"down":{"uv":[1.5,2.75,4.5,4.75],"texture":"#texture"}}},{"from":[2.4811,12.5716,5.272],"to":[5.24466,12.8786,5.88613],"faces":{"north":{"uv":[1,3,4,4],"texture":"#texture"},"east":{"uv":[1,1.75,3,2.75],"texture":"#texture"},"south":{"uv":[1,3,4,4],"texture":"#texture"},"west":{"uv":[2.5,2.25,4.5,3.25],"texture":"#texture"},"up":{"uv":[1.5,2.25,4.5,4.25],"texture":"#texture"},"down":{"uv":[1.5,2.75,4.5,4.75],"texture":"#texture"}}},{"from":[1.74,12.57,7],"to":[2.49,13,8.5],"rotation":{"angle":22.5,"axis":"y","origin":[1.74,12.57,7]},"faces":{"north":{"uv":[0.25,4.75,14,12.5],"rotation":90,"texture":"#belly"}}}],"display":{"thirdperson_righthand":{"scale":[0,0,0]},"thirdperson_lefthand":{"scale":[0,0,0]},"firstperson_righthand":{"scale":[0,0,0]},"firstperson_lefthand":{"scale":[0,0,0]},"gui":{"rotation":[30,45,0],"translation":[1,1.5,0],"scale":[0.9,0.9,0.9]},"head":{"rotation":[0,-90,0],"translation":[0,-8,8],"scale":[4,4,4]}}}