{"__comment":"Designed by Madstonmagic with BDcraft Cubik PRO 0.96 Beta - http://bdcraft.net","textures":{"particle":"pokemon_skins/regular/hippopotas/eye","texture":"pokemon_skins/regular/hippopotas/hippopotas","back_1":"pokemon_skins/regular/hippopotas/back_1","back_2":"pokemon_skins/regular/hippopotas/back_2","back_3":"pokemon_skins/regular/hippopotas/back_3","back_5":"pokemon_skins/regular/hippopotas/back_5","back_6":"pokemon_skins/regular/hippopotas/back_6","back_7":"pokemon_skins/regular/hippopotas/back_7"},"elements":[{"from":[-3,2,6],"to":[2,10,10],"faces":{"down":{"uv":[0.5,0.5,4,4],"texture":"#texture"},"up":{"uv":[1,0.5,4.5,3.5],"texture":"#texture"},"north":{"uv":[1,1.5,4.5,4.5],"texture":"#texture"},"south":{"uv":[0.5,1,5,4.5],"texture":"#texture"},"west":{"uv":[1,1,4,4],"texture":"#texture"},"east":{"uv":[1,0.5,4,4],"texture":"#texture"}}},{"from":[-5,4,6],"to":[4,8,10],"faces":{"down":{"uv":[0.5,0.5,4,4],"texture":"#texture"},"up":{"uv":[1,0.5,4.5,3.5],"texture":"#texture"},"north":{"uv":[1,1.5,4.5,4.5],"texture":"#texture"},"south":{"uv":[0.5,1,5,4.5],"texture":"#texture"},"west":{"uv":[1,1,4,4],"texture":"#texture"},"east":{"uv":[1,0.5,4,4],"texture":"#texture"}}},{"from":[-3,4,4],"to":[2,8,12],"faces":{"down":{"uv":[0.5,0.5,4,4],"texture":"#texture"},"up":{"uv":[1,0.5,4.5,3.5],"texture":"#texture"},"north":{"uv":[1,1.5,4.5,4.5],"texture":"#texture"},"south":{"uv":[0.5,1,5,4.5],"texture":"#texture"},"west":{"uv":[1,1,4,4],"texture":"#texture"},"east":{"uv":[1,0.5,4,4],"texture":"#texture"}}},{"from":[-3,5.17,4],"to":[2,8,6.83],"rotation":{"origin":[-3,8,4],"axis":"x","angle":-45},"faces":{"down":{"uv":[0.5,0.5,4,4],"texture":"#texture"},"up":{"uv":[1,0.5,4.5,3.5],"texture":"#texture"},"north":{"uv":[1,1.5,4.5,4.5],"texture":"#texture"},"south":{"uv":[0.5,1,5,4.5],"texture":"#texture"},"west":{"uv":[1,1,4,4],"texture":"#texture"},"east":{"uv":[1,0.5,4,4],"texture":"#texture"}}},{"from":[-3,7.17,10],"to":[2,10,12.83],"rotation":{"origin":[-3,10,10],"axis":"x","angle":45},"faces":{"down":{"uv":[0.5,0.5,4,4],"texture":"#texture"},"up":{"uv":[1,0.5,4.5,3.5],"texture":"#texture"},"north":{"uv":[1,1.5,4.5,4.5],"texture":"#texture"},"south":{"uv":[0.5,1,5,4.5],"texture":"#texture"},"west":{"uv":[1,1,4,4],"texture":"#texture"},"east":{"uv":[1,0.5,4,4],"texture":"#texture"}}},{"from":[-3,3.17,10],"to":[2,6,12.83],"rotation":{"origin":[-3,6,10],"axis":"x","angle":45},"faces":{"down":{"uv":[0.5,0.5,4,4],"texture":"#texture"},"up":{"uv":[1,0.5,4.5,3.5],"texture":"#texture"},"north":{"uv":[1,1.5,4.5,4.5],"texture":"#texture"},"south":{"uv":[0.5,1,5,4.5],"texture":"#texture"},"west":{"uv":[1,1,4,4],"texture":"#texture"},"east":{"uv":[1,0.5,4,4],"texture":"#texture"}}},{"from":[-3,1.17,4],"to":[2,4,6.83],"rotation":{"origin":[-3,4,4],"axis":"x","angle":-45},"faces":{"down":{"uv":[0.5,0.5,4,4],"texture":"#texture"},"up":{"uv":[1,0.5,4.5,3.5],"texture":"#texture"},"north":{"uv":[1,1.5,4.5,4.5],"texture":"#texture"},"south":{"uv":[0.5,1,5,4.5],"texture":"#texture"},"west":{"uv":[1,1,4,4],"texture":"#texture"},"east":{"uv":[1,0.5,4,4],"texture":"#texture"}}},{"from":[-5,5.17,6],"to":[-2.17,8,10],"rotation":{"origin":[-5,8,6],"axis":"z","angle":45},"faces":{"down":{"uv":[0.5,0.5,4,4],"texture":"#texture"},"up":{"uv":[1,0.5,4.5,3.5],"texture":"#texture"},"north":{"uv":[1,1.5,4.5,4.5],"texture":"#texture"},"south":{"uv":[0.5,1,5,4.5],"texture":"#texture"},"west":{"uv":[1,1,4,4],"texture":"#texture"},"east":{"uv":[1,0.5,4,4],"texture":"#texture"}}},{"from":[2,7.17,6],"to":[4.83,10,10],"rotation":{"origin":[2,10,6],"axis":"z","angle":-45},"faces":{"down":{"uv":[0.5,0.5,4,4],"texture":"#texture"},"up":{"uv":[1,0.5,4.5,3.5],"texture":"#texture"},"north":{"uv":[1,1.5,4.5,4.5],"texture":"#texture"},"south":{"uv":[0.5,1,5,4.5],"texture":"#texture"},"west":{"uv":[1,1,4,4],"texture":"#texture"},"east":{"uv":[1,0.5,4,4],"texture":"#texture"}}},{"from":[2,3.17,6],"to":[4.83,6,10],"rotation":{"origin":[2,6,6],"axis":"z","angle":-45},"faces":{"down":{"uv":[0.5,0.5,4,4],"texture":"#texture"},"up":{"uv":[1,0.5,4.5,3.5],"texture":"#texture"},"north":{"uv":[1,1.5,4.5,4.5],"texture":"#texture"},"south":{"uv":[0.5,1,5,4.5],"texture":"#texture"},"west":{"uv":[1,1,4,4],"texture":"#texture"},"east":{"uv":[1,0.5,4,4],"texture":"#texture"}}},{"from":[-5,1.17,6],"to":[-2.17,4,10],"rotation":{"origin":[-5,4,6],"axis":"z","angle":45},"faces":{"down":{"uv":[0.5,0.5,4,4],"texture":"#texture"},"up":{"uv":[1,0.5,4.5,3.5],"texture":"#texture"},"north":{"uv":[1,1.5,4.5,4.5],"texture":"#texture"},"south":{"uv":[0.5,1,5,4.5],"texture":"#texture"},"west":{"uv":[1,1,4,4],"texture":"#texture"},"east":{"uv":[1,0.5,4,4],"texture":"#texture"}}},{"from":[-5,4,6],"to":[-2.17,8,8.83],"rotation":{"origin":[-5,4,6],"axis":"y","angle":45},"faces":{"down":{"uv":[0.5,0.5,4,4],"texture":"#texture"},"up":{"uv":[1,0.5,4.5,3.5],"texture":"#texture"},"north":{"uv":[1,1.5,4.5,4.5],"texture":"#texture"},"south":{"uv":[0.5,1,5,4.5],"texture":"#texture"},"west":{"uv":[1,1,4,4],"texture":"#texture"},"east":{"uv":[1,0.5,4,4],"texture":"#texture"}}},{"from":[2,4,4],"to":[4.83,8,6.83],"rotation":{"origin":[2,4,4],"axis":"y","angle":-45},"faces":{"down":{"uv":[0.5,0.5,4,4],"texture":"#texture"},"up":{"uv":[1,0.5,4.5,3.5],"texture":"#texture"},"north":{"uv":[1,1.5,4.5,4.5],"texture":"#texture"},"south":{"uv":[0.5,1,5,4.5],"texture":"#texture"},"west":{"uv":[1,1,4,4],"texture":"#texture"},"east":{"uv":[1,0.5,4,4],"texture":"#texture"}}},{"from":[2,4,8],"to":[4.83,8,10.83],"rotation":{"origin":[2,4,8],"axis":"y","angle":-45},"faces":{"down":{"uv":[0.5,0.5,4,4],"texture":"#texture"},"up":{"uv":[1,0.5,4.5,3.5],"texture":"#texture"},"north":{"uv":[1,1.5,4.5,4.5],"texture":"#texture"},"south":{"uv":[0.5,1,5,4.5],"texture":"#texture"},"west":{"uv":[1,1,4,4],"texture":"#texture"},"east":{"uv":[1,0.5,4,4],"texture":"#texture"}}},{"from":[-5,4,10],"to":[-2.17,8,12.83],"rotation":{"origin":[-5,4,10],"axis":"y","angle":45},"faces":{"down":{"uv":[0.5,0.5,4,4],"texture":"#texture"},"up":{"uv":[1,0.5,4.5,3.5],"texture":"#texture"},"north":{"uv":[1,1.5,4.5,4.5],"texture":"#texture"},"south":{"uv":[0.5,1,5,4.5],"texture":"#texture"},"west":{"uv":[1,1,4,4],"texture":"#texture"},"east":{"uv":[1,0.5,4,4],"texture":"#texture"}}},{"from":[3,3.75,5],"to":[16,8.25,11],"faces":{"down":{"uv":[0.5,0.5,4,4],"texture":"#texture"},"up":{"uv":[1,0.5,4.5,3.5],"texture":"#texture"},"north":{"uv":[1,1.5,4.5,4.5],"texture":"#texture"},"south":{"uv":[0.5,1,5,4.5],"texture":"#texture"},"west":{"uv":[1,1,4,4],"texture":"#texture"},"east":{"uv":[1,0.5,4,4],"texture":"#texture"}}},{"from":[5,3.5,5],"to":[14,10.25,11],"faces":{"down":{"uv":[0.5,0.5,4,4],"texture":"#texture"},"up":{"uv":[1,0.5,4.5,3.5],"texture":"#texture"},"north":{"uv":[1,1.5,4.5,4.5],"texture":"#texture"},"south":{"uv":[0.5,1,5,4.5],"texture":"#texture"},"west":{"uv":[1,1,4,4],"texture":"#texture"},"east":{"uv":[1,0.5,4,4],"texture":"#texture"}}},{"from":[5,3.75,3],"to":[14,8.25,13],"faces":{"down":{"uv":[0.5,0.5,4,4],"texture":"#texture"},"up":{"uv":[1,0.5,4.5,3.5],"texture":"#texture"},"north":{"uv":[1,1.5,4.5,4.5],"texture":"#texture"},"south":{"uv":[0.5,1,5,4.5],"texture":"#texture"},"west":{"uv":[1,1,4,4],"texture":"#texture"},"east":{"uv":[1,0.5,4,4],"texture":"#texture"}}},{"from":[5,5.42,3],"to":[14,8.25,5.83],"rotation":{"origin":[5,8.25,3],"axis":"x","angle":-45},"faces":{"down":{"uv":[0.5,0.5,4,4],"texture":"#texture"},"up":{"uv":[1,0.5,4.5,3.5],"texture":"#texture"},"north":{"uv":[1,1.5,4.5,4.5],"texture":"#texture"},"south":{"uv":[0.5,1,5,4.5],"texture":"#texture"},"west":{"uv":[1,1,4,4],"texture":"#texture"},"east":{"uv":[1,0.5,4,4],"texture":"#texture"}}},{"from":[5,7.42,11],"to":[14,10.25,13.83],"rotation":{"origin":[5,10.25,11],"axis":"x","angle":45},"faces":{"down":{"uv":[0.5,0.5,4,4],"texture":"#texture"},"up":{"uv":[1,0.5,4.5,3.5],"texture":"#texture"},"north":{"uv":[1,1.5,4.5,4.5],"texture":"#texture"},"south":{"uv":[0.5,1,5,4.5],"texture":"#texture"},"west":{"uv":[1,1,4,4],"texture":"#texture"},"east":{"uv":[1,0.5,4,4],"texture":"#texture"}}},{"from":[5,2.92,11],"to":[7.5,5.75,13.83],"rotation":{"origin":[5,5.75,11],"axis":"x","angle":45},"faces":{"down":{"uv":[0.5,0.5,4,4],"texture":"#texture"},"up":{"uv":[1,0.5,4.5,3.5],"texture":"#texture"},"north":{"uv":[1,1.5,4.5,4.5],"texture":"#texture"},"south":{"uv":[0.5,1,5,4.5],"texture":"#texture"},"west":{"uv":[1,1,4,4],"texture":"#texture"},"east":{"uv":[1,0.5,4,4],"texture":"#texture"}}},{"from":[5,0.92,3],"to":[7.5,3.75,5.83],"rotation":{"origin":[5,3.75,3],"axis":"x","angle":-45},"faces":{"down":{"uv":[0.5,0.5,4,4],"texture":"#texture"},"up":{"uv":[1,0.5,4.5,3.5],"texture":"#texture"},"north":{"uv":[1,1.5,4.5,4.5],"texture":"#texture"},"south":{"uv":[0.5,1,5,4.5],"texture":"#texture"},"west":{"uv":[1,1,4,4],"texture":"#texture"},"east":{"uv":[1,0.5,4,4],"texture":"#texture"}}},{"from":[3,5.42,5],"to":[5.83,8.25,11],"rotation":{"origin":[3,8.25,5],"axis":"z","angle":45},"faces":{"down":{"uv":[0.5,0.5,4,4],"texture":"#texture"},"up":{"uv":[1,0.5,4.5,3.5],"texture":"#texture"},"north":{"uv":[1,1.5,4.5,4.5],"texture":"#texture"},"south":{"uv":[0.5,1,5,4.5],"texture":"#texture"},"west":{"uv":[1,1,4,4],"texture":"#texture"},"east":{"uv":[1,0.5,4,4],"texture":"#texture"}}},{"from":[14,7.42,5],"to":[16.83,10.25,11],"rotation":{"origin":[14,10.25,5],"axis":"z","angle":-45},"faces":{"down":{"uv":[0.5,0.5,4,4],"texture":"#texture"},"up":{"uv":[1,0.5,4.5,3.5],"texture":"#texture"},"north":{"uv":[1,1.5,4.5,4.5],"texture":"#texture"},"south":{"uv":[0.5,1,5,4.5],"texture":"#texture"},"west":{"uv":[1,1,4,4],"texture":"#texture"},"east":{"uv":[1,0.5,4,4],"texture":"#texture"}}},{"from":[14,2.92,5],"to":[16.83,5.75,11],"rotation":{"origin":[14,5.75,5],"axis":"z","angle":-45},"faces":{"down":{"uv":[0.5,0.5,4,4],"texture":"#texture"},"up":{"uv":[1,0.5,4.5,3.5],"texture":"#texture"},"north":{"uv":[1,1.5,4.5,4.5],"texture":"#texture"},"south":{"uv":[0.5,1,5,4.5],"texture":"#texture"},"west":{"uv":[1,1,4,4],"texture":"#texture"},"east":{"uv":[1,0.5,4,4],"texture":"#texture"}}},{"from":[3,0.92,5],"to":[5.83,3.75,11],"rotation":{"origin":[3,3.75,5],"axis":"z","angle":45},"faces":{"down":{"uv":[0.5,0.5,4,4],"texture":"#texture"},"up":{"uv":[1,0.5,4.5,3.5],"texture":"#texture"},"north":{"uv":[1,1.5,4.5,4.5],"texture":"#texture"},"south":{"uv":[0.5,1,5,4.5],"texture":"#texture"},"west":{"uv":[1,1,4,4],"texture":"#texture"},"east":{"uv":[1,0.5,4,4],"texture":"#texture"}}},{"from":[3,3.75,5],"to":[5.83,8.25,7.83],"rotation":{"origin":[3,3.75,5],"axis":"y","angle":45},"faces":{"down":{"uv":[0.5,0.5,4,4],"texture":"#texture"},"up":{"uv":[1,0.5,4.5,3.5],"texture":"#texture"},"north":{"uv":[1,1.5,4.5,4.5],"texture":"#texture"},"south":{"uv":[0.5,1,5,4.5],"texture":"#texture"},"west":{"uv":[1,1,4,4],"texture":"#texture"},"east":{"uv":[1,0.5,4,4],"texture":"#texture"}}},{"from":[14,3.75,3],"to":[16.83,8.25,5.83],"rotation":{"origin":[14,3.75,3],"axis":"y","angle":-45},"faces":{"down":{"uv":[0.5,0.5,4,4],"texture":"#texture"},"up":{"uv":[1,0.5,4.5,3.5],"texture":"#texture"},"north":{"uv":[1,1.5,4.5,4.5],"texture":"#texture"},"south":{"uv":[0.5,1,5,4.5],"texture":"#texture"},"west":{"uv":[1,1,4,4],"texture":"#texture"},"east":{"uv":[1,0.5,4,4],"texture":"#texture"}}},{"from":[14,3.75,9],"to":[16.83,8.25,11.83],"rotation":{"origin":[14,3.75,9],"axis":"y","angle":-45},"faces":{"down":{"uv":[0.5,0.5,4,4],"texture":"#texture"},"up":{"uv":[1,0.5,4.5,3.5],"texture":"#texture"},"north":{"uv":[1,1.5,4.5,4.5],"texture":"#texture"},"south":{"uv":[0.5,1,5,4.5],"texture":"#texture"},"west":{"uv":[1,1,4,4],"texture":"#texture"},"east":{"uv":[1,0.5,4,4],"texture":"#texture"}}},{"from":[3,3.75,11],"to":[5.83,8.25,13.83],"rotation":{"origin":[3,3.75,11],"axis":"y","angle":45},"faces":{"down":{"uv":[0.5,0.5,4,4],"texture":"#texture"},"up":{"uv":[1,0.5,4.5,3.5],"texture":"#texture"},"north":{"uv":[1,1.5,4.5,4.5],"texture":"#texture"},"south":{"uv":[0.5,1,5,4.5],"texture":"#texture"},"west":{"uv":[1,1,4,4],"texture":"#texture"},"east":{"uv":[1,0.5,4,4],"texture":"#texture"}}},{"from":[0,7.5,5.5],"to":[2.25,10.25,10.5],"faces":{"down":{"uv":[1.5,0.5,4.5,3],"texture":"#texture"},"up":{"uv":[1.5,1,4,3.5],"texture":"#texture"},"north":{"uv":[1,1,3.5,3.5],"texture":"#texture"},"south":{"uv":[1.5,1,5,4],"texture":"#texture"},"west":{"uv":[1,1.5,4,4.5],"texture":"#texture"},"east":{"uv":[1.5,1.5,4.5,4],"texture":"#texture"}}},{"from":[2,9,5.5],"to":[5.5,10.75,10.5],"rotation":{"origin":[2,10.75,5.5],"axis":"z","angle":-45},"faces":{"down":{"uv":[1.5,0.5,4.5,3],"texture":"#texture"},"up":{"uv":[1.5,1,4,3.5],"texture":"#texture"},"north":{"uv":[1,1,3.5,3.5],"texture":"#texture"},"south":{"uv":[1.5,1,5,4],"texture":"#texture"},"west":{"uv":[1,1.5,4,4.5],"texture":"#texture"},"east":{"uv":[1.5,1.5,4.5,4],"texture":"#texture"}}},{"from":[0.25,10.25,5.5],"to":[2,10.5,6],"faces":{"down":{"uv":[1.5,0.5,4.5,3],"texture":"#texture"},"up":{"uv":[1.5,1,4,3.5],"texture":"#texture"},"north":{"uv":[1,1,3.5,3.5],"texture":"#texture"},"south":{"uv":[1.5,1,5,4],"texture":"#texture"},"west":{"uv":[1,1.5,4,4.5],"texture":"#texture"},"east":{"uv":[1.5,1.5,4.5,4],"texture":"#texture"}}},{"from":[0.25,10.5,5.5],"to":[2,10.75,5.75],"faces":{"down":{"uv":[1.5,0.5,4.5,3],"texture":"#texture"},"up":{"uv":[1.5,1,4,3.5],"texture":"#texture"},"north":{"uv":[1,1,3.5,3.5],"texture":"#texture"},"south":{"uv":[1.5,1,5,4],"texture":"#texture"},"west":{"uv":[1,1.5,4,4.5],"texture":"#texture"},"east":{"uv":[1.5,1.5,4.5,4],"texture":"#texture"}}},{"from":[0.25,10.5,10.25],"to":[2,10.75,10.5],"faces":{"down":{"uv":[1.5,0.5,4.5,3],"texture":"#texture"},"up":{"uv":[1.5,1,4,3.5],"texture":"#texture"},"north":{"uv":[1,1,3.5,3.5],"texture":"#texture"},"south":{"uv":[1.5,1,5,4],"texture":"#texture"},"west":{"uv":[1,1.5,4,4.5],"texture":"#texture"},"east":{"uv":[1.5,1.5,4.5,4],"texture":"#texture"}}},{"from":[0.25,10.25,10],"to":[2,10.5,10.5],"faces":{"down":{"uv":[1.5,0.5,4.5,3],"texture":"#texture"},"up":{"uv":[1.5,1,4,3.5],"texture":"#texture"},"north":{"uv":[1,1,3.5,3.5],"texture":"#texture"},"south":{"uv":[1.5,1,5,4],"texture":"#texture"},"west":{"uv":[1,1.5,4,4.5],"texture":"#texture"},"east":{"uv":[1.5,1.5,4.5,4],"texture":"#texture"}}},{"from":[0.25,10.25,6],"to":[2,10.5,10],"faces":{"down":{"uv":[6.75,0.75,9.75,3.25],"texture":"#texture"},"up":{"uv":[7.25,1.5,9.75,4],"texture":"#texture"},"north":{"uv":[6.75,1.25,9.25,3.75],"texture":"#texture"},"south":{"uv":[6.25,1.25,9.75,4.25],"texture":"#texture"},"west":{"uv":[6.5,0.75,9.5,3.75],"texture":"#texture"},"east":{"uv":[6.25,1,9.25,3.5],"texture":"#texture"}}},{"from":[0.25,10.5,5.75],"to":[2,10.75,10.25],"faces":{"down":{"uv":[6.75,0.75,9.75,3.25],"texture":"#texture"},"up":{"uv":[7.25,1.5,9.75,4],"texture":"#texture"},"north":{"uv":[6.75,1.25,9.25,3.75],"texture":"#texture"},"south":{"uv":[6.25,1.25,9.75,4.25],"texture":"#texture"},"west":{"uv":[6.5,0.75,9.5,3.75],"texture":"#texture"},"east":{"uv":[6.25,1,9.25,3.5],"texture":"#texture"}}},{"from":[0.25,10.75,5.5],"to":[2,11,10.5],"faces":{"down":{"uv":[6.75,0.75,9.75,3.25],"texture":"#texture"},"up":{"uv":[7.25,1.5,9.75,4],"texture":"#texture"},"north":{"uv":[6.75,1.25,9.25,3.75],"texture":"#texture"},"south":{"uv":[6.25,1.25,9.75,4.25],"texture":"#texture"},"west":{"uv":[6.5,0.75,9.5,3.75],"texture":"#texture"},"east":{"uv":[6.25,1,9.25,3.5],"texture":"#texture"}}},{"from":[0.25,11,6],"to":[2,11.5,10],"faces":{"down":{"uv":[6.75,0.75,9.75,3.25],"texture":"#texture"},"up":{"uv":[7.25,1.5,9.75,4],"texture":"#texture"},"north":{"uv":[6.75,1.25,9.25,3.75],"texture":"#texture"},"south":{"uv":[6.25,1.25,9.75,4.25],"texture":"#texture"},"west":{"uv":[6.5,0.75,9.5,3.75],"texture":"#texture"},"east":{"uv":[6.25,1,9.25,3.5],"texture":"#texture"}}},{"from":[0.25,10.29,5.5],"to":[2,11,6.21],"rotation":{"origin":[0.25,11,5.5],"axis":"x","angle":-45},"faces":{"down":{"uv":[6.75,0.75,9.75,3.25],"texture":"#texture"},"up":{"uv":[7.25,1.5,9.75,4],"texture":"#texture"},"north":{"uv":[6.75,1.25,9.25,3.75],"texture":"#texture"},"south":{"uv":[6.25,1.25,9.75,4.25],"texture":"#texture"},"west":{"uv":[6.5,0.75,9.5,3.75],"texture":"#texture"},"east":{"uv":[6.25,1,9.25,3.5],"texture":"#texture"}}},{"from":[0.25,10.79,10],"to":[2,11.5,10.71],"rotation":{"origin":[0.25,11.5,10],"axis":"x","angle":45},"faces":{"down":{"uv":[6.75,0.75,9.75,3.25],"texture":"#texture"},"up":{"uv":[7.25,1.5,9.75,4],"texture":"#texture"},"north":{"uv":[6.75,1.25,9.25,3.75],"texture":"#texture"},"south":{"uv":[6.25,1.25,9.75,4.25],"texture":"#texture"},"west":{"uv":[6.5,0.75,9.5,3.75],"texture":"#texture"},"east":{"uv":[6.25,1,9.25,3.5],"texture":"#texture"}}},{"from":[0,9.54,5.5],"to":[0.71,10.25,10.5],"rotation":{"origin":[0,10.25,5.5],"axis":"z","angle":45},"faces":{"down":{"uv":[1.5,0.5,4.5,3],"texture":"#texture"},"up":{"uv":[1.5,1,4,3.5],"texture":"#texture"},"north":{"uv":[1,1,3.5,3.5],"texture":"#texture"},"south":{"uv":[1.5,1,5,4],"texture":"#texture"},"west":{"uv":[1,1.5,4,4.5],"texture":"#texture"},"east":{"uv":[1.5,1.5,4.5,4],"texture":"#texture"}}},{"__comment":"eye_right","from":[0.5,11.5,6.75],"to":[1.75,14,7.25],"faces":{"down":{"uv":[6.75,0.75,9.75,3.25],"texture":"#texture"},"up":{"uv":[7.25,1.5,9.75,4],"texture":"#texture"},"north":{"uv":[6.75,1.25,9.25,3.75],"texture":"#texture"},"south":{"uv":[6.25,1.25,9.75,4.25],"texture":"#texture"},"west":{"uv":[6.5,0.75,9.5,3.75],"texture":"#texture"},"east":{"uv":[6.25,1,9.25,3.5],"texture":"#texture"}}},{"__comment":"eye_right","from":[0.5,11.5,6.25],"to":[1.75,13.5,7.75],"faces":{"down":{"uv":[6.75,0.75,9.75,3.25],"texture":"#texture"},"up":{"uv":[7.25,1.5,9.75,4],"texture":"#texture"},"north":{"uv":[6.75,1.25,9.25,3.75],"texture":"#texture"},"south":{"uv":[6.25,1.25,9.75,4.25],"texture":"#texture"},"west":{"uv":[6.5,0.75,9.5,3.75],"texture":"#texture"},"east":{"uv":[6.25,1,9.25,3.5],"texture":"#texture"}}},{"__comment":"eye_right","from":[0.5,12.79,6.25],"to":[1.75,13.5,6.96],"rotation":{"origin":[0.5,13.5,6.25],"axis":"x","angle":-45},"faces":{"down":{"uv":[6.75,0.75,9.75,3.25],"texture":"#texture"},"up":{"uv":[7.25,1.5,9.75,4],"texture":"#texture"},"north":{"uv":[6.75,1.25,9.25,3.75],"texture":"#texture"},"south":{"uv":[6.25,1.25,9.75,4.25],"texture":"#texture"},"west":{"uv":[6.5,0.75,9.5,3.75],"texture":"#texture"},"east":{"uv":[6.25,1,9.25,3.5],"texture":"#texture"}}},{"__comment":"eye_right","from":[0.5,13.29,7.25],"to":[1.75,14,7.96],"rotation":{"origin":[0.5,14,7.25],"axis":"x","angle":45},"faces":{"down":{"uv":[6.75,0.75,9.75,3.25],"texture":"#texture"},"up":{"uv":[7.25,1.5,9.75,4],"texture":"#texture"},"north":{"uv":[6.75,1.25,9.25,3.75],"texture":"#texture"},"south":{"uv":[6.25,1.25,9.75,4.25],"texture":"#texture"},"west":{"uv":[6.5,0.75,9.5,3.75],"texture":"#texture"},"east":{"uv":[6.25,1,9.25,3.5],"texture":"#texture"}}},{"__comment":"eye_right","from":[0.485,12,6.5],"to":[1.485,13.5,7.5],"faces":{"down":{"uv":[11.25,3.25,14,7],"texture":"#particle"},"up":{"uv":[10,5.25,12.5,8.25],"texture":"#particle"},"north":{"uv":[11.25,3,13.75,7.25],"texture":"#particle"},"south":{"uv":[10,2.75,12.5,6.75],"texture":"#particle"},"west":{"uv":[0.25,0.25,9,15.75],"texture":"#particle"},"east":{"uv":[0.25,0.25,9,15.75],"texture":"#particle"}}},{"__comment":"eye_left","from":[0.5,11.5,8.75],"to":[1.75,14,9.25],"faces":{"down":{"uv":[6.75,0.75,9.75,3.25],"texture":"#texture"},"up":{"uv":[7.25,1.5,9.75,4],"texture":"#texture"},"north":{"uv":[6.75,1.25,9.25,3.75],"texture":"#texture"},"south":{"uv":[6.25,1.25,9.75,4.25],"texture":"#texture"},"west":{"uv":[6.5,0.75,9.5,3.75],"texture":"#texture"},"east":{"uv":[6.25,1,9.25,3.5],"texture":"#texture"}}},{"__comment":"eye_left","from":[0.5,11.5,8.25],"to":[1.75,13.5,9.75],"faces":{"down":{"uv":[6.75,0.75,9.75,3.25],"texture":"#texture"},"up":{"uv":[7.25,1.5,9.75,4],"texture":"#texture"},"north":{"uv":[6.75,1.25,9.25,3.75],"texture":"#texture"},"south":{"uv":[6.25,1.25,9.75,4.25],"texture":"#texture"},"west":{"uv":[6.5,0.75,9.5,3.75],"texture":"#texture"},"east":{"uv":[6.25,1,9.25,3.5],"texture":"#texture"}}},{"__comment":"eye_left","from":[0.5,12.79,8.25],"to":[1.75,13.5,8.96],"rotation":{"origin":[0.5,13.5,8.25],"axis":"x","angle":-45},"faces":{"down":{"uv":[6.75,0.75,9.75,3.25],"texture":"#texture"},"up":{"uv":[7.25,1.5,9.75,4],"texture":"#texture"},"north":{"uv":[6.75,1.25,9.25,3.75],"texture":"#texture"},"south":{"uv":[6.25,1.25,9.75,4.25],"texture":"#texture"},"west":{"uv":[6.5,0.75,9.5,3.75],"texture":"#texture"},"east":{"uv":[6.25,1,9.25,3.5],"texture":"#texture"}}},{"__comment":"eye_left","from":[0.5,13.29,9.25],"to":[1.75,14,9.96],"rotation":{"origin":[0.5,14,9.25],"axis":"x","angle":45},"faces":{"down":{"uv":[6.75,0.75,9.75,3.25],"texture":"#texture"},"up":{"uv":[7.25,1.5,9.75,4],"texture":"#texture"},"north":{"uv":[6.75,1.25,9.25,3.75],"texture":"#texture"},"south":{"uv":[6.25,1.25,9.75,4.25],"texture":"#texture"},"west":{"uv":[6.5,0.75,9.5,3.75],"texture":"#texture"},"east":{"uv":[6.25,1,9.25,3.5],"texture":"#texture"}}},{"__comment":"eye_left","from":[0.485,12,8.5],"to":[1.485,13.5,9.5],"faces":{"down":{"uv":[11.25,3.25,14,7],"texture":"#particle"},"up":{"uv":[10,5.25,12.5,8.25],"texture":"#particle"},"north":{"uv":[11.25,3,13.75,7.25],"texture":"#particle"},"south":{"uv":[10,2.75,12.5,6.75],"texture":"#particle"},"west":{"uv":[0.25,0.25,9,15.75],"texture":"#particle"},"east":{"uv":[0.25,0.25,9,15.75],"texture":"#particle"}}},{"__comment":"eye_left*","from":[0.5,10,5.25],"to":[1.75,11.75,6],"rotation":{"origin":[0.5,11.75,5.25],"axis":"x","angle":-45},"faces":{"down":{"uv":[6.75,0.75,9.75,3.25],"texture":"#texture"},"up":{"uv":[7.25,1.5,9.75,4],"texture":"#texture"},"north":{"uv":[6.75,1.25,9.25,3.75],"texture":"#texture"},"south":{"uv":[6.25,1.25,9.75,4.25],"texture":"#texture"},"west":{"uv":[6.5,0.75,9.5,3.75],"texture":"#texture"},"east":{"uv":[6.25,1,9.25,3.5],"texture":"#texture"}}},{"__comment":"eye_left*","from":[0.5,10.5,10.25],"to":[1.75,12.25,11],"rotation":{"origin":[0.5,12.25,10.25],"axis":"x","angle":45},"faces":{"down":{"uv":[6.75,0.75,9.75,3.25],"texture":"#texture"},"up":{"uv":[7.25,1.5,9.75,4],"texture":"#texture"},"north":{"uv":[6.75,1.25,9.25,3.75],"texture":"#texture"},"south":{"uv":[6.25,1.25,9.75,4.25],"texture":"#texture"},"west":{"uv":[6.5,0.75,9.5,3.75],"texture":"#texture"},"east":{"uv":[6.25,1,9.25,3.5],"texture":"#texture"}}},{"__comment":"eye_right*","from":[0.5,11.29,7.75],"to":[1.75,12,8.46],"rotation":{"origin":[0.5,12,7.75],"axis":"x","angle":45},"faces":{"down":{"uv":[6.75,0.75,9.75,3.25],"texture":"#texture"},"up":{"uv":[7.25,1.5,9.75,4],"texture":"#texture"},"north":{"uv":[6.75,1.25,9.25,3.75],"texture":"#texture"},"south":{"uv":[6.25,1.25,9.75,4.25],"texture":"#texture"},"west":{"uv":[6.5,0.75,9.5,3.75],"texture":"#texture"},"east":{"uv":[6.25,1,9.25,3.5],"texture":"#texture"}}},{"__comment":"eye_right*","from":[0.5,10.79,7.75],"to":[1.75,11.5,8.46],"rotation":{"origin":[0.5,11.5,7.75],"axis":"x","angle":-45},"faces":{"down":{"uv":[6.75,0.75,9.75,3.25],"texture":"#texture"},"up":{"uv":[7.25,1.5,9.75,4],"texture":"#texture"},"north":{"uv":[6.75,1.25,9.25,3.75],"texture":"#texture"},"south":{"uv":[6.25,1.25,9.75,4.25],"texture":"#texture"},"west":{"uv":[6.5,0.75,9.5,3.75],"texture":"#texture"},"east":{"uv":[6.25,1,9.25,3.5],"texture":"#texture"}}},{"__comment":"nose_left","from":[-5.5,6.75,9.5],"to":[-3.25,7,10.75],"faces":{"down":{"uv":[6.75,0.75,9.75,3.25],"texture":"#texture"},"up":{"uv":[7.25,1.5,9.75,4],"texture":"#texture"},"north":{"uv":[6.75,1.25,9.25,3.75],"texture":"#texture"},"south":{"uv":[6.25,1.25,9.75,4.25],"texture":"#texture"},"west":{"uv":[6.5,0.75,9.5,3.75],"texture":"#texture"},"east":{"uv":[6.25,1,9.25,3.5],"texture":"#texture"}}},{"__comment":"nose_left","from":[-5.25,5.5,9],"to":[-3,6.75,11.25],"faces":{"down":{"uv":[6.75,0.75,9.75,3.25],"texture":"#texture"},"up":{"uv":[7.25,1.5,9.75,4],"texture":"#texture"},"north":{"uv":[6.75,1.25,9.25,3.75],"texture":"#texture"},"south":{"uv":[6.25,1.25,9.75,4.25],"texture":"#texture"},"west":{"uv":[6.5,0.75,9.5,3.75],"texture":"#texture"},"east":{"uv":[6.25,1,9.25,3.5],"texture":"#texture"}}},{"__comment":"nose_left","from":[-5.25,5,9.5],"to":[-3,7.25,10.75],"faces":{"down":{"uv":[6.75,0.75,9.75,3.25],"texture":"#texture"},"up":{"uv":[7.25,1.5,9.75,4],"texture":"#texture"},"north":{"uv":[6.75,1.25,9.25,3.75],"texture":"#texture"},"south":{"uv":[6.25,1.25,9.75,4.25],"texture":"#texture"},"west":{"uv":[6.5,0.75,9.5,3.75],"texture":"#texture"},"east":{"uv":[6.25,1,9.25,3.5],"texture":"#texture"}}},{"__comment":"nose_left","from":[-5.5,5.25,9.5],"to":[-3.25,5.5,10.75],"faces":{"down":{"uv":[6.75,0.75,9.75,3.25],"texture":"#texture"},"up":{"uv":[7.25,1.5,9.75,4],"texture":"#texture"},"north":{"uv":[6.75,1.25,9.25,3.75],"texture":"#texture"},"south":{"uv":[6.25,1.25,9.75,4.25],"texture":"#texture"},"west":{"uv":[6.5,0.75,9.5,3.75],"texture":"#texture"},"east":{"uv":[6.25,1,9.25,3.5],"texture":"#texture"}}},{"__comment":"nose_left","from":[-5.5,5.5,9.25],"to":[-3.25,6.75,9.5],"faces":{"down":{"uv":[6.75,0.75,9.75,3.25],"texture":"#texture"},"up":{"uv":[7.25,1.5,9.75,4],"texture":"#texture"},"north":{"uv":[6.75,1.25,9.25,3.75],"texture":"#texture"},"south":{"uv":[6.25,1.25,9.75,4.25],"texture":"#texture"},"west":{"uv":[6.5,0.75,9.5,3.75],"texture":"#texture"},"east":{"uv":[6.25,1,9.25,3.5],"texture":"#texture"}}},{"__comment":"nose_left","from":[-5.5,5.5,10.75],"to":[-3.25,6.75,11],"faces":{"down":{"uv":[6.75,0.75,9.75,3.25],"texture":"#texture"},"up":{"uv":[7.25,1.5,9.75,4],"texture":"#texture"},"north":{"uv":[6.75,1.25,9.25,3.75],"texture":"#texture"},"south":{"uv":[6.25,1.25,9.75,4.25],"texture":"#texture"},"west":{"uv":[6.5,0.75,9.5,3.75],"texture":"#texture"},"east":{"uv":[6.25,1,9.25,3.5],"texture":"#texture"}}},{"__comment":"nose_left","from":[-5.25,6.54,10.75],"to":[-3,7.25,11.46],"rotation":{"origin":[-5.25,7.25,10.75],"axis":"x","angle":45},"faces":{"down":{"uv":[6.75,0.75,9.75,3.25],"texture":"#texture"},"up":{"uv":[7.25,1.5,9.75,4],"texture":"#texture"},"north":{"uv":[6.75,1.25,9.25,3.75],"texture":"#texture"},"south":{"uv":[6.25,1.25,9.75,4.25],"texture":"#texture"},"west":{"uv":[6.5,0.75,9.5,3.75],"texture":"#texture"},"east":{"uv":[6.25,1,9.25,3.5],"texture":"#texture"}}},{"__comment":"nose_left","from":[-5.25,6.04,9],"to":[-3,6.75,9.71],"rotation":{"origin":[-5.25,6.75,9],"axis":"x","angle":-45},"faces":{"down":{"uv":[6.75,0.75,9.75,3.25],"texture":"#texture"},"up":{"uv":[7.25,1.5,9.75,4],"texture":"#texture"},"north":{"uv":[6.75,1.25,9.25,3.75],"texture":"#texture"},"south":{"uv":[6.25,1.25,9.75,4.25],"texture":"#texture"},"west":{"uv":[6.5,0.75,9.5,3.75],"texture":"#texture"},"east":{"uv":[6.25,1,9.25,3.5],"texture":"#texture"}}},{"__comment":"nose_left","from":[-5.25,4.79,9],"to":[-3,5.5,9.71],"rotation":{"origin":[-5.25,5.5,9],"axis":"x","angle":-45},"faces":{"down":{"uv":[6.75,0.75,9.75,3.25],"texture":"#texture"},"up":{"uv":[7.25,1.5,9.75,4],"texture":"#texture"},"north":{"uv":[6.75,1.25,9.25,3.75],"texture":"#texture"},"south":{"uv":[6.25,1.25,9.75,4.25],"texture":"#texture"},"west":{"uv":[6.5,0.75,9.5,3.75],"texture":"#texture"},"east":{"uv":[6.25,1,9.25,3.5],"texture":"#texture"}}},{"__comment":"nose_left","from":[-5.25,5.29,10.75],"to":[-3,6,11.46],"rotation":{"origin":[-5.25,6,10.75],"axis":"x","angle":45},"faces":{"down":{"uv":[6.75,0.75,9.75,3.25],"texture":"#texture"},"up":{"uv":[7.25,1.5,9.75,4],"texture":"#texture"},"north":{"uv":[6.75,1.25,9.25,3.75],"texture":"#texture"},"south":{"uv":[6.25,1.25,9.75,4.25],"texture":"#texture"},"west":{"uv":[6.5,0.75,9.5,3.75],"texture":"#texture"},"east":{"uv":[6.25,1,9.25,3.5],"texture":"#texture"}}},{"__comment":"nose_left","from":[-5.5,6.65,9.5],"to":[-5.15,7,10.75],"rotation":{"origin":[-5.5,7,9.5],"axis":"z","angle":45},"faces":{"down":{"uv":[6.75,0.75,9.75,3.25],"texture":"#texture"},"up":{"uv":[7.25,1.5,9.75,4],"texture":"#texture"},"north":{"uv":[6.75,1.25,9.25,3.75],"texture":"#texture"},"south":{"uv":[6.25,1.25,9.75,4.25],"texture":"#texture"},"west":{"uv":[6.5,0.75,9.5,3.75],"texture":"#texture"},"east":{"uv":[6.25,1,9.25,3.5],"texture":"#texture"}}},{"__comment":"nose_left","from":[-5.5,4.9,9.5],"to":[-5.15,5.25,10.75],"rotation":{"origin":[-5.5,5.25,9.5],"axis":"z","angle":45},"faces":{"down":{"uv":[6.75,0.75,9.75,3.25],"texture":"#texture"},"up":{"uv":[7.25,1.5,9.75,4],"texture":"#texture"},"north":{"uv":[6.75,1.25,9.25,3.75],"texture":"#texture"},"south":{"uv":[6.25,1.25,9.75,4.25],"texture":"#texture"},"west":{"uv":[6.5,0.75,9.5,3.75],"texture":"#texture"},"east":{"uv":[6.25,1,9.25,3.5],"texture":"#texture"}}},{"__comment":"nose_left","from":[-5.5,5.5,9.25],"to":[-5.15,6.75,9.6],"rotation":{"origin":[-5.5,5.5,9.25],"axis":"y","angle":45},"faces":{"down":{"uv":[6.75,0.75,9.75,3.25],"texture":"#texture"},"up":{"uv":[7.25,1.5,9.75,4],"texture":"#texture"},"north":{"uv":[6.75,1.25,9.25,3.75],"texture":"#texture"},"south":{"uv":[6.25,1.25,9.75,4.25],"texture":"#texture"},"west":{"uv":[6.5,0.75,9.5,3.75],"texture":"#texture"},"east":{"uv":[6.25,1,9.25,3.5],"texture":"#texture"}}},{"__comment":"nose_left","from":[-5.5,5.5,11],"to":[-5.15,6.75,11.35],"rotation":{"origin":[-5.5,5.5,11],"axis":"y","angle":45},"faces":{"down":{"uv":[6.75,0.75,9.75,3.25],"texture":"#texture"},"up":{"uv":[7.25,1.5,9.75,4],"texture":"#texture"},"north":{"uv":[6.75,1.25,9.25,3.75],"texture":"#texture"},"south":{"uv":[6.25,1.25,9.75,4.25],"texture":"#texture"},"west":{"uv":[6.5,0.75,9.5,3.75],"texture":"#texture"},"east":{"uv":[6.25,1,9.25,3.5],"texture":"#texture"}}},{"__comment":"nose_left","from":[-5.35,5.5,9.5],"to":[-4.35,6.75,10.75],"faces":{"down":{"uv":[6.75,0.75,9.75,3.25],"texture":"#texture"},"up":{"uv":[7.25,1.5,9.75,4],"texture":"#texture"},"north":{"uv":[6.75,1.25,9.25,3.75],"texture":"#texture"},"south":{"uv":[6.25,1.25,9.75,4.25],"texture":"#texture"},"west":{"uv":[1.25,6.25,4.25,9.25],"texture":"#texture"},"east":{"uv":[0.75,7.25,3.75,9.75],"texture":"#texture"}}},{"__comment":"nose_right","from":[-5.5,6.75,5.25],"to":[-3.25,7,6.5],"faces":{"down":{"uv":[6.75,0.75,9.75,3.25],"texture":"#texture"},"up":{"uv":[7.25,1.5,9.75,4],"texture":"#texture"},"north":{"uv":[6.75,1.25,9.25,3.75],"texture":"#texture"},"south":{"uv":[6.25,1.25,9.75,4.25],"texture":"#texture"},"west":{"uv":[6.5,0.75,9.5,3.75],"texture":"#texture"},"east":{"uv":[6.25,1,9.25,3.5],"texture":"#texture"}}},{"__comment":"nose_right","from":[-5.25,5.5,4.75],"to":[-3,6.75,7],"faces":{"down":{"uv":[6.75,0.75,9.75,3.25],"texture":"#texture"},"up":{"uv":[7.25,1.5,9.75,4],"texture":"#texture"},"north":{"uv":[6.75,1.25,9.25,3.75],"texture":"#texture"},"south":{"uv":[6.25,1.25,9.75,4.25],"texture":"#texture"},"west":{"uv":[6.5,0.75,9.5,3.75],"texture":"#texture"},"east":{"uv":[6.25,1,9.25,3.5],"texture":"#texture"}}},{"__comment":"nose_right","from":[-5.25,5,5.25],"to":[-3,7.25,6.5],"faces":{"down":{"uv":[6.75,0.75,9.75,3.25],"texture":"#texture"},"up":{"uv":[7.25,1.5,9.75,4],"texture":"#texture"},"north":{"uv":[6.75,1.25,9.25,3.75],"texture":"#texture"},"south":{"uv":[6.25,1.25,9.75,4.25],"texture":"#texture"},"west":{"uv":[6.5,0.75,9.5,3.75],"texture":"#texture"},"east":{"uv":[6.25,1,9.25,3.5],"texture":"#texture"}}},{"__comment":"nose_right","from":[-5.5,5.25,5.25],"to":[-3.25,5.5,6.5],"faces":{"down":{"uv":[6.75,0.75,9.75,3.25],"texture":"#texture"},"up":{"uv":[7.25,1.5,9.75,4],"texture":"#texture"},"north":{"uv":[6.75,1.25,9.25,3.75],"texture":"#texture"},"south":{"uv":[6.25,1.25,9.75,4.25],"texture":"#texture"},"west":{"uv":[6.5,0.75,9.5,3.75],"texture":"#texture"},"east":{"uv":[6.25,1,9.25,3.5],"texture":"#texture"}}},{"__comment":"nose_right","from":[-5.5,5.5,5],"to":[-3.25,6.75,5.25],"faces":{"down":{"uv":[6.75,0.75,9.75,3.25],"texture":"#texture"},"up":{"uv":[7.25,1.5,9.75,4],"texture":"#texture"},"north":{"uv":[6.75,1.25,9.25,3.75],"texture":"#texture"},"south":{"uv":[6.25,1.25,9.75,4.25],"texture":"#texture"},"west":{"uv":[6.5,0.75,9.5,3.75],"texture":"#texture"},"east":{"uv":[6.25,1,9.25,3.5],"texture":"#texture"}}},{"__comment":"nose_right","from":[-5.5,5.5,6.5],"to":[-3.25,6.75,6.75],"faces":{"down":{"uv":[6.75,0.75,9.75,3.25],"texture":"#texture"},"up":{"uv":[7.25,1.5,9.75,4],"texture":"#texture"},"north":{"uv":[6.75,1.25,9.25,3.75],"texture":"#texture"},"south":{"uv":[6.25,1.25,9.75,4.25],"texture":"#texture"},"west":{"uv":[6.5,0.75,9.5,3.75],"texture":"#texture"},"east":{"uv":[6.25,1,9.25,3.5],"texture":"#texture"}}},{"__comment":"nose_right","from":[-5.25,6.54,6.5],"to":[-3,7.25,7.21],"rotation":{"origin":[-5.25,7.25,6.5],"axis":"x","angle":45},"faces":{"down":{"uv":[6.75,0.75,9.75,3.25],"texture":"#texture"},"up":{"uv":[7.25,1.5,9.75,4],"texture":"#texture"},"north":{"uv":[6.75,1.25,9.25,3.75],"texture":"#texture"},"south":{"uv":[6.25,1.25,9.75,4.25],"texture":"#texture"},"west":{"uv":[6.5,0.75,9.5,3.75],"texture":"#texture"},"east":{"uv":[6.25,1,9.25,3.5],"texture":"#texture"}}},{"__comment":"nose_right","from":[-5.25,6.04,4.75],"to":[-3,6.75,5.46],"rotation":{"origin":[-5.25,6.75,4.75],"axis":"x","angle":-45},"faces":{"down":{"uv":[6.75,0.75,9.75,3.25],"texture":"#texture"},"up":{"uv":[7.25,1.5,9.75,4],"texture":"#texture"},"north":{"uv":[6.75,1.25,9.25,3.75],"texture":"#texture"},"south":{"uv":[6.25,1.25,9.75,4.25],"texture":"#texture"},"west":{"uv":[6.5,0.75,9.5,3.75],"texture":"#texture"},"east":{"uv":[6.25,1,9.25,3.5],"texture":"#texture"}}},{"__comment":"nose_right","from":[-5.25,4.79,4.75],"to":[-3,5.5,5.46],"rotation":{"origin":[-5.25,5.5,4.75],"axis":"x","angle":-45},"faces":{"down":{"uv":[6.75,0.75,9.75,3.25],"texture":"#texture"},"up":{"uv":[7.25,1.5,9.75,4],"texture":"#texture"},"north":{"uv":[6.75,1.25,9.25,3.75],"texture":"#texture"},"south":{"uv":[6.25,1.25,9.75,4.25],"texture":"#texture"},"west":{"uv":[6.5,0.75,9.5,3.75],"texture":"#texture"},"east":{"uv":[6.25,1,9.25,3.5],"texture":"#texture"}}},{"__comment":"nose_right","from":[-5.25,5.29,6.5],"to":[-3,6,7.21],"rotation":{"origin":[-5.25,6,6.5],"axis":"x","angle":45},"faces":{"down":{"uv":[6.75,0.75,9.75,3.25],"texture":"#texture"},"up":{"uv":[7.25,1.5,9.75,4],"texture":"#texture"},"north":{"uv":[6.75,1.25,9.25,3.75],"texture":"#texture"},"south":{"uv":[6.25,1.25,9.75,4.25],"texture":"#texture"},"west":{"uv":[6.5,0.75,9.5,3.75],"texture":"#texture"},"east":{"uv":[6.25,1,9.25,3.5],"texture":"#texture"}}},{"__comment":"nose_right","from":[-5.5,6.65,5.25],"to":[-5.15,7,6.5],"rotation":{"origin":[-5.5,7,5.25],"axis":"z","angle":45},"faces":{"down":{"uv":[6.75,0.75,9.75,3.25],"texture":"#texture"},"up":{"uv":[7.25,1.5,9.75,4],"texture":"#texture"},"north":{"uv":[6.75,1.25,9.25,3.75],"texture":"#texture"},"south":{"uv":[6.25,1.25,9.75,4.25],"texture":"#texture"},"west":{"uv":[6.5,0.75,9.5,3.75],"texture":"#texture"},"east":{"uv":[6.25,1,9.25,3.5],"texture":"#texture"}}},{"__comment":"nose_right","from":[-5.5,4.9,5.25],"to":[-5.15,5.25,6.5],"rotation":{"origin":[-5.5,5.25,5.25],"axis":"z","angle":45},"faces":{"down":{"uv":[6.75,0.75,9.75,3.25],"texture":"#texture"},"up":{"uv":[7.25,1.5,9.75,4],"texture":"#texture"},"north":{"uv":[6.75,1.25,9.25,3.75],"texture":"#texture"},"south":{"uv":[6.25,1.25,9.75,4.25],"texture":"#texture"},"west":{"uv":[6.5,0.75,9.5,3.75],"texture":"#texture"},"east":{"uv":[6.25,1,9.25,3.5],"texture":"#texture"}}},{"__comment":"nose_right","from":[-5.5,5.5,5],"to":[-5.15,6.75,5.35],"rotation":{"origin":[-5.5,5.5,5],"axis":"y","angle":45},"faces":{"down":{"uv":[6.75,0.75,9.75,3.25],"texture":"#texture"},"up":{"uv":[7.25,1.5,9.75,4],"texture":"#texture"},"north":{"uv":[6.75,1.25,9.25,3.75],"texture":"#texture"},"south":{"uv":[6.25,1.25,9.75,4.25],"texture":"#texture"},"west":{"uv":[6.5,0.75,9.5,3.75],"texture":"#texture"},"east":{"uv":[6.25,1,9.25,3.5],"texture":"#texture"}}},{"__comment":"nose_right","from":[-5.5,5.5,6.75],"to":[-5.15,6.75,7.1],"rotation":{"origin":[-5.5,5.5,6.75],"axis":"y","angle":45},"faces":{"down":{"uv":[6.75,0.75,9.75,3.25],"texture":"#texture"},"up":{"uv":[7.25,1.5,9.75,4],"texture":"#texture"},"north":{"uv":[6.75,1.25,9.25,3.75],"texture":"#texture"},"south":{"uv":[6.25,1.25,9.75,4.25],"texture":"#texture"},"west":{"uv":[6.5,0.75,9.5,3.75],"texture":"#texture"},"east":{"uv":[6.25,1,9.25,3.5],"texture":"#texture"}}},{"__comment":"nose_right","from":[-5.35,5.5,5.25],"to":[-4.35,6.75,6.5],"faces":{"down":{"uv":[6.75,0.75,9.75,3.25],"texture":"#texture"},"up":{"uv":[7.25,1.5,9.75,4],"texture":"#texture"},"north":{"uv":[6.75,1.25,9.25,3.75],"texture":"#texture"},"south":{"uv":[6.25,1.25,9.75,4.25],"texture":"#texture"},"west":{"uv":[1.25,6.25,4.25,9.25],"texture":"#texture"},"east":{"uv":[0.75,7.25,3.75,9.75],"texture":"#texture"}}},{"from":[8,10.25,6.5],"to":[11,11.5,9.5],"faces":{"down":{"uv":[1.5,6.75,4.5,9.25],"texture":"#texture"},"up":{"uv":[1.75,7,4.25,9.5],"texture":"#texture"},"north":{"uv":[6.75,1.25,9.25,3.75],"texture":"#texture"},"south":{"uv":[6.25,1.25,9.75,4.25],"texture":"#texture"},"west":{"uv":[6.5,0.75,9.5,3.75],"texture":"#texture"},"east":{"uv":[6.25,1,9.25,3.5],"texture":"#texture"}}},{"from":[8.5,9.75,6],"to":[10.5,11.25,10],"faces":{"down":{"uv":[6.75,0.75,9.75,3.25],"texture":"#texture"},"up":{"uv":[7.25,1.5,9.75,4],"texture":"#texture"},"north":{"uv":[6.75,1.25,9.25,3.75],"texture":"#texture"},"south":{"uv":[6.25,1.25,9.75,4.25],"texture":"#texture"},"west":{"uv":[6.5,0.75,9.5,3.75],"texture":"#texture"},"east":{"uv":[6.25,1,9.25,3.5],"texture":"#texture"}}},{"from":[7.5,9.75,7],"to":[11.5,11.25,9],"faces":{"down":{"uv":[6.75,0.75,9.75,3.25],"texture":"#texture"},"up":{"uv":[7.25,1.5,9.75,4],"texture":"#texture"},"north":{"uv":[6.75,1.25,9.25,3.75],"texture":"#texture"},"south":{"uv":[6.25,1.25,9.75,4.25],"texture":"#texture"},"west":{"uv":[6.5,0.75,9.5,3.75],"texture":"#texture"},"east":{"uv":[6.25,1,9.25,3.5],"texture":"#texture"}}},{"from":[7.5,9.75,7],"to":[8.915,11.25,8.415],"rotation":{"origin":[7.5,9.75,7],"axis":"y","angle":45},"faces":{"down":{"uv":[6.75,0.75,9.75,3.25],"texture":"#texture"},"up":{"uv":[7.25,1.5,9.75,4],"texture":"#texture"},"north":{"uv":[6.75,1.25,9.25,3.75],"texture":"#texture"},"south":{"uv":[6.25,1.25,9.75,4.25],"texture":"#texture"},"west":{"uv":[6.5,0.75,9.5,3.75],"texture":"#texture"},"east":{"uv":[6.25,1,9.25,3.5],"texture":"#texture"}}},{"from":[10.5,9.75,6],"to":[11.915,11.25,7.415],"rotation":{"origin":[10.5,9.75,6],"axis":"y","angle":-45},"faces":{"down":{"uv":[6.75,0.75,9.75,3.25],"texture":"#texture"},"up":{"uv":[7.25,1.5,9.75,4],"texture":"#texture"},"north":{"uv":[6.75,1.25,9.25,3.75],"texture":"#texture"},"south":{"uv":[6.25,1.25,9.75,4.25],"texture":"#texture"},"west":{"uv":[6.5,0.75,9.5,3.75],"texture":"#texture"},"east":{"uv":[6.25,1,9.25,3.5],"texture":"#texture"}}},{"from":[10.5,9.75,8],"to":[11.915,11.25,9.415],"rotation":{"origin":[10.5,9.75,8],"axis":"y","angle":-45},"faces":{"down":{"uv":[6.75,0.75,9.75,3.25],"texture":"#texture"},"up":{"uv":[7.25,1.5,9.75,4],"texture":"#texture"},"north":{"uv":[6.75,1.25,9.25,3.75],"texture":"#texture"},"south":{"uv":[6.25,1.25,9.75,4.25],"texture":"#texture"},"west":{"uv":[6.5,0.75,9.5,3.75],"texture":"#texture"},"east":{"uv":[6.25,1,9.25,3.5],"texture":"#texture"}}},{"from":[7.5,9.75,9],"to":[8.915,11.25,10.415],"rotation":{"origin":[7.5,9.75,9],"axis":"y","angle":45},"faces":{"down":{"uv":[6.75,0.75,9.75,3.25],"texture":"#texture"},"up":{"uv":[7.25,1.5,9.75,4],"texture":"#texture"},"north":{"uv":[6.75,1.25,9.25,3.75],"texture":"#texture"},"south":{"uv":[6.25,1.25,9.75,4.25],"texture":"#texture"},"west":{"uv":[6.5,0.75,9.5,3.75],"texture":"#texture"},"east":{"uv":[6.25,1,9.25,3.5],"texture":"#texture"}}},{"from":[8.5,11.25,6],"to":[10.5,11.75,6.5],"faces":{"down":{"uv":[6.75,0.75,9.75,3.25],"texture":"#texture"},"up":{"uv":[7.25,1.5,9.75,4],"texture":"#texture"},"north":{"uv":[6.75,1.25,9.25,3.75],"texture":"#texture"},"south":{"uv":[6.25,1.25,9.75,4.25],"texture":"#texture"},"west":{"uv":[6.5,0.75,9.5,3.75],"texture":"#texture"},"east":{"uv":[6.25,1,9.25,3.5],"texture":"#texture"}}},{"from":[8.5,11.25,9.5],"to":[10.5,11.75,10],"faces":{"down":{"uv":[6.75,0.75,9.75,3.25],"texture":"#texture"},"up":{"uv":[7.25,1.5,9.75,4],"texture":"#texture"},"north":{"uv":[6.75,1.25,9.25,3.75],"texture":"#texture"},"south":{"uv":[6.25,1.25,9.75,4.25],"texture":"#texture"},"west":{"uv":[6.5,0.75,9.5,3.75],"texture":"#texture"},"east":{"uv":[6.25,1,9.25,3.5],"texture":"#texture"}}},{"from":[7.5,11.25,7],"to":[8,11.75,9],"faces":{"down":{"uv":[6.75,0.75,9.75,3.25],"texture":"#texture"},"up":{"uv":[7.25,1.5,9.75,4],"texture":"#texture"},"north":{"uv":[6.75,1.25,9.25,3.75],"texture":"#texture"},"south":{"uv":[6.25,1.25,9.75,4.25],"texture":"#texture"},"west":{"uv":[6.5,0.75,9.5,3.75],"texture":"#texture"},"east":{"uv":[6.25,1,9.25,3.5],"texture":"#texture"}}},{"from":[11,11.25,7],"to":[11.5,11.75,9],"faces":{"down":{"uv":[6.75,0.75,9.75,3.25],"texture":"#texture"},"up":{"uv":[7.25,1.5,9.75,4],"texture":"#texture"},"north":{"uv":[6.75,1.25,9.25,3.75],"texture":"#texture"},"south":{"uv":[6.25,1.25,9.75,4.25],"texture":"#texture"},"west":{"uv":[6.5,0.75,9.5,3.75],"texture":"#texture"},"east":{"uv":[6.25,1,9.25,3.5],"texture":"#texture"}}},{"from":[7.5,11.25,7],"to":[8.91,11.75,7.5],"rotation":{"origin":[7.5,11.25,7],"axis":"y","angle":45},"faces":{"down":{"uv":[6.75,0.75,9.75,3.25],"texture":"#texture"},"up":{"uv":[7.25,1.5,9.75,4],"texture":"#texture"},"north":{"uv":[6.75,1.25,9.25,3.75],"texture":"#texture"},"south":{"uv":[6.25,1.25,9.75,4.25],"texture":"#texture"},"west":{"uv":[6.5,0.75,9.5,3.75],"texture":"#texture"},"east":{"uv":[6.25,1,9.25,3.5],"texture":"#texture"}}},{"from":[10.5,11.25,6],"to":[11.91,11.75,6.5],"rotation":{"origin":[10.5,11.25,6],"axis":"y","angle":-45},"faces":{"down":{"uv":[6.75,0.75,9.75,3.25],"texture":"#texture"},"up":{"uv":[7.25,1.5,9.75,4],"texture":"#texture"},"north":{"uv":[6.75,1.25,9.25,3.75],"texture":"#texture"},"south":{"uv":[6.25,1.25,9.75,4.25],"texture":"#texture"},"west":{"uv":[6.5,0.75,9.5,3.75],"texture":"#texture"},"east":{"uv":[6.25,1,9.25,3.5],"texture":"#texture"}}},{"from":[7.5,11.25,9],"to":[8,11.75,10.415],"rotation":{"origin":[7.5,11.25,9],"axis":"y","angle":45},"faces":{"down":{"uv":[6.75,0.75,9.75,3.25],"texture":"#texture"},"up":{"uv":[7.25,1.5,9.75,4],"texture":"#texture"},"north":{"uv":[6.75,1.25,9.25,3.75],"texture":"#texture"},"south":{"uv":[6.25,1.25,9.75,4.25],"texture":"#texture"},"west":{"uv":[6.5,0.75,9.5,3.75],"texture":"#texture"},"east":{"uv":[6.25,1,9.25,3.5],"texture":"#texture"}}},{"from":[11.1475,11.25,8.6475],"to":[11.6475,11.75,10.0625],"rotation":{"origin":[11.1475,11.25,8.6475],"axis":"y","angle":-45},"faces":{"down":{"uv":[6.75,0.75,9.75,3.25],"texture":"#texture"},"up":{"uv":[7.25,1.5,9.75,4],"texture":"#texture"},"north":{"uv":[6.75,1.25,9.25,3.75],"texture":"#texture"},"south":{"uv":[6.25,1.25,9.75,4.25],"texture":"#texture"},"west":{"uv":[6.5,0.75,9.5,3.75],"texture":"#texture"},"east":{"uv":[6.25,1,9.25,3.5],"texture":"#texture"}}},{"__comment":"spot_top1","from":[8.75,9.78,8.765],"to":[12,10.28,11.015],"faces":{"down":{"uv":[11.25,0.25,0.25,2.25],"rotation":180,"texture":"#back_1"},"up":{"uv":[0.25,0.25,11.25,2.25],"texture":"#back_1"},"north":{"uv":[4,13.5,6.5,14.25],"texture":"#back_1"},"south":{"uv":[13.25,5,15.75,5.75],"texture":"#back_1"},"west":{"uv":[12.25,3.75,13.75,4.5],"texture":"#back_1"},"east":{"uv":[11.25,3.75,12.75,4.5],"texture":"#back_1"}}},{"__comment":"spot_top1*","from":[8.75,9.78,11.015],"to":[12,10.28,13.845],"rotation":{"origin":[8.75,10.28,11.015],"axis":"x","angle":45},"faces":{"down":{"uv":[11.25,2.25,0.25,12.25],"rotation":180,"texture":"#back_1"},"up":{"uv":[0.25,2.25,11.25,12.25],"texture":"#back_1"},"north":{"uv":[4,13.5,6.5,14.25],"texture":"#back_1"},"south":{"uv":[13.25,5,15.75,5.75],"texture":"#back_1"},"west":{"uv":[12.25,3.75,13.75,4.5],"texture":"#back_1"},"east":{"uv":[11.25,3.75,12.75,4.5],"texture":"#back_1"}}},{"__comment":"spot_top1*","from":[8.75,9.78,4.985],"to":[12,10.28,7.235],"faces":{"down":{"uv":[0.25,0.25,11.25,2.25],"texture":"#back_1"},"up":{"uv":[11.25,0.25,0.25,2.25],"rotation":180,"texture":"#back_1"},"north":{"uv":[4,13.5,6.5,14.25],"texture":"#back_1"},"south":{"uv":[13.25,5,15.75,5.75],"texture":"#back_1"},"west":{"uv":[12.25,3.75,13.75,4.5],"texture":"#back_1"},"east":{"uv":[11.25,3.75,12.75,4.5],"texture":"#back_1"}}},{"__comment":"spot_top1*","from":[8.75,7.78,2.985],"to":[12,8.28,5.815],"rotation":{"origin":[8.75,8.28,2.985],"axis":"x","angle":-45},"faces":{"down":{"uv":[0.25,2.25,11.25,12.25],"texture":"#back_1"},"up":{"uv":[11.25,2.25,0.25,12.25],"rotation":180,"texture":"#back_1"},"north":{"uv":[4,13.5,6.5,14.25],"texture":"#back_1"},"south":{"uv":[13.25,5,15.75,5.75],"texture":"#back_1"},"west":{"uv":[12.25,3.75,13.75,4.5],"texture":"#back_1"},"east":{"uv":[11.25,3.75,12.75,4.5],"texture":"#back_1"}}},{"from":[15,5,7],"to":[17.5,7,9],"rotation":{"origin":[15,7,7],"axis":"z","angle":-22.5},"faces":{"down":{"uv":[0.5,0.5,4,4],"texture":"#texture"},"up":{"uv":[1,0.5,4.5,3.5],"texture":"#texture"},"north":{"uv":[1,1.5,4.5,4.5],"texture":"#texture"},"south":{"uv":[0.5,1,5,4.5],"texture":"#texture"},"west":{"uv":[1,1,4,4],"texture":"#texture"},"east":{"uv":[1,0.5,4,4],"texture":"#texture"}}},{"from":[16,4.5,7.5],"to":[18.5,5.75,8.5],"faces":{"down":{"uv":[0.5,0.5,4,4],"texture":"#texture"},"up":{"uv":[1,0.5,4.5,3.5],"texture":"#texture"},"north":{"uv":[1,1.5,4.5,4.5],"texture":"#texture"},"south":{"uv":[0.5,1,5,4.5],"texture":"#texture"},"west":{"uv":[1,1,4,4],"texture":"#texture"},"east":{"uv":[1,0.5,4,4],"texture":"#texture"}}},{"__comment":"leg_1","from":[4,0,11.25],"to":[6.5,4.25,13.75],"faces":{"down":{"uv":[0.5,0.5,4,4],"texture":"#texture"},"up":{"uv":[1,0.5,4.5,3.5],"texture":"#texture"},"north":{"uv":[1,1.5,4.5,4.5],"texture":"#texture"},"south":{"uv":[0.5,1,5,4.5],"texture":"#texture"},"west":{"uv":[1,1,4,4],"texture":"#texture"},"east":{"uv":[1,0.5,4,4],"texture":"#texture"}}},{"__comment":"leg_2","from":[4,0,2.25],"to":[6.5,4.25,4.75],"faces":{"down":{"uv":[0.5,0.5,4,4],"texture":"#texture"},"up":{"uv":[1,0.5,4.5,3.5],"texture":"#texture"},"north":{"uv":[1,1.5,4.5,4.5],"texture":"#texture"},"south":{"uv":[0.5,1,5,4.5],"texture":"#texture"},"west":{"uv":[1,1,4,4],"texture":"#texture"},"east":{"uv":[1,0.5,4,4],"texture":"#texture"}}},{"__comment":"leg_2","from":[4,2.5,2.25],"to":[6.5,4.25,5.08],"rotation":{"origin":[4,4.25,2.25],"axis":"x","angle":-45},"faces":{"down":{"uv":[0.5,0.5,4,4],"texture":"#texture"},"up":{"uv":[1,0.5,4.5,3.5],"texture":"#texture"},"north":{"uv":[1,1.5,4.5,4.5],"texture":"#texture"},"south":{"uv":[0.5,1,5,4.5],"texture":"#texture"},"west":{"uv":[1,1,4,4],"texture":"#texture"},"east":{"uv":[1,0.5,4,4],"texture":"#texture"}}},{"__comment":"leg_1","from":[4,4.5,11.75],"to":[6.5,6.25,14.58],"rotation":{"origin":[4,6.25,11.75],"axis":"x","angle":45},"faces":{"down":{"uv":[0.5,0.5,4,4],"texture":"#texture"},"up":{"uv":[1,0.5,4.5,3.5],"texture":"#texture"},"north":{"uv":[1,1.5,4.5,4.5],"texture":"#texture"},"south":{"uv":[0.5,1,5,4.5],"texture":"#texture"},"west":{"uv":[1,1,4,4],"texture":"#texture"},"east":{"uv":[1,0.5,4,4],"texture":"#texture"}}},{"__comment":"leg_1","from":[3.75,2,11.5],"to":[4,3.75,13.5],"faces":{"down":{"uv":[0.5,0.5,4,4],"texture":"#texture"},"up":{"uv":[1,0.5,4.5,3.5],"texture":"#texture"},"north":{"uv":[1,1.5,4.5,4.5],"texture":"#texture"},"south":{"uv":[0.5,1,5,4.5],"texture":"#texture"},"west":{"uv":[1,1,4,4],"texture":"#texture"},"east":{"uv":[1,0.5,4,4],"texture":"#texture"}}},{"__comment":"leg_1","from":[3.75,3.4,11.5],"to":[4.1,3.75,13.5],"rotation":{"origin":[3.75,3.75,11.5],"axis":"z","angle":45},"faces":{"down":{"uv":[0.5,0.5,4,4],"texture":"#texture"},"up":{"uv":[1,0.5,4.5,3.5],"texture":"#texture"},"north":{"uv":[1,1.5,4.5,4.5],"texture":"#texture"},"south":{"uv":[0.5,1,5,4.5],"texture":"#texture"},"west":{"uv":[1,1,4,4],"texture":"#texture"},"east":{"uv":[1,0.5,4,4],"texture":"#texture"}}},{"__comment":"leg_1","from":[3.75,1.65,11.5],"to":[4.1,2,13.5],"rotation":{"origin":[3.75,2,11.5],"axis":"z","angle":45},"faces":{"down":{"uv":[0.5,0.5,4,4],"texture":"#texture"},"up":{"uv":[1,0.5,4.5,3.5],"texture":"#texture"},"north":{"uv":[1,1.5,4.5,4.5],"texture":"#texture"},"south":{"uv":[0.5,1,5,4.5],"texture":"#texture"},"west":{"uv":[1,1,4,4],"texture":"#texture"},"east":{"uv":[1,0.5,4,4],"texture":"#texture"}}},{"__comment":"leg_1","from":[3.75,2,11.5],"to":[4.1,3.75,11.85],"rotation":{"origin":[3.75,2,11.5],"axis":"y","angle":45},"faces":{"down":{"uv":[0.5,0.5,4,4],"texture":"#texture"},"up":{"uv":[1,0.5,4.5,3.5],"texture":"#texture"},"north":{"uv":[1,1.5,4.5,4.5],"texture":"#texture"},"south":{"uv":[0.5,1,5,4.5],"texture":"#texture"},"west":{"uv":[1,1,4,4],"texture":"#texture"},"east":{"uv":[1,0.5,4,4],"texture":"#texture"}}},{"__comment":"leg_1","from":[3.75,2,13.5],"to":[4.1,3.75,13.85],"rotation":{"origin":[3.75,2,13.5],"axis":"y","angle":45},"faces":{"down":{"uv":[0.5,0.5,4,4],"texture":"#texture"},"up":{"uv":[1,0.5,4.5,3.5],"texture":"#texture"},"north":{"uv":[1,1.5,4.5,4.5],"texture":"#texture"},"south":{"uv":[0.5,1,5,4.5],"texture":"#texture"},"west":{"uv":[1,1,4,4],"texture":"#texture"},"east":{"uv":[1,0.5,4,4],"texture":"#texture"}}},{"__comment":"leg_1","from":[3.5,0,11.25],"to":[4,0.75,12],"faces":{"down":{"uv":[12,0.75,14.75,3.5],"texture":"#texture"},"up":{"uv":[11.5,1.25,14,3.75],"texture":"#texture"},"north":{"uv":[12,1,15.5,4],"texture":"#texture"},"south":{"uv":[12,1.5,14.75,4.25],"texture":"#texture"},"west":{"uv":[12,1.25,14.75,4],"texture":"#texture"},"east":{"uv":[12.25,1.5,14.5,4],"texture":"#texture"}}},{"__comment":"leg_1","from":[3.5,0,11.3125],"to":[4.25,0.75,11.9375],"rotation":{"origin":[3.5,0.75,11.3125],"axis":"z","angle":45},"faces":{"down":{"uv":[12,0.75,14.75,3.5],"texture":"#texture"},"up":{"uv":[11.5,1.25,14,3.75],"texture":"#texture"},"north":{"uv":[12,1,15.5,4],"texture":"#texture"},"south":{"uv":[12,1.5,14.75,4.25],"texture":"#texture"},"west":{"uv":[12,1.25,14.75,4],"texture":"#texture"},"east":{"uv":[12.25,1.5,14.5,4],"texture":"#texture"}}},{"__comment":"leg_1","from":[3.5,0,13],"to":[4,0.75,13.75],"faces":{"down":{"uv":[12,0.75,14.75,3.5],"texture":"#texture"},"up":{"uv":[11.5,1.25,14,3.75],"texture":"#texture"},"north":{"uv":[12,1,15.5,4],"texture":"#texture"},"south":{"uv":[12,1.5,14.75,4.25],"texture":"#texture"},"west":{"uv":[12,1.25,14.75,4],"texture":"#texture"},"east":{"uv":[12.25,1.5,14.5,4],"texture":"#texture"}}},{"__comment":"leg_1","from":[3.5,0,13.0625],"to":[4.25,0.75,13.6875],"rotation":{"origin":[3.5,0.75,13.0625],"axis":"z","angle":45},"faces":{"down":{"uv":[12,0.75,14.75,3.5],"texture":"#texture"},"up":{"uv":[11.5,1.25,14,3.75],"texture":"#texture"},"north":{"uv":[12,1,15.5,4],"texture":"#texture"},"south":{"uv":[12,1.5,14.75,4.25],"texture":"#texture"},"west":{"uv":[12,1.25,14.75,4],"texture":"#texture"},"east":{"uv":[12.25,1.5,14.5,4],"texture":"#texture"}}},{"__comment":"leg_2","from":[3.75,2,2.5],"to":[4,3.75,4.5],"faces":{"down":{"uv":[0.5,0.5,4,4],"texture":"#texture"},"up":{"uv":[1,0.5,4.5,3.5],"texture":"#texture"},"north":{"uv":[1,1.5,4.5,4.5],"texture":"#texture"},"south":{"uv":[0.5,1,5,4.5],"texture":"#texture"},"west":{"uv":[1,1,4,4],"texture":"#texture"},"east":{"uv":[1,0.5,4,4],"texture":"#texture"}}},{"__comment":"leg_2","from":[3.75,3.4,2.5],"to":[4.1,3.75,4.5],"rotation":{"origin":[3.75,3.75,2.5],"axis":"z","angle":45},"faces":{"down":{"uv":[0.5,0.5,4,4],"texture":"#texture"},"up":{"uv":[1,0.5,4.5,3.5],"texture":"#texture"},"north":{"uv":[1,1.5,4.5,4.5],"texture":"#texture"},"south":{"uv":[0.5,1,5,4.5],"texture":"#texture"},"west":{"uv":[1,1,4,4],"texture":"#texture"},"east":{"uv":[1,0.5,4,4],"texture":"#texture"}}},{"__comment":"leg_2","from":[3.75,1.65,2.5],"to":[4.1,2,4.5],"rotation":{"origin":[3.75,2,2.5],"axis":"z","angle":45},"faces":{"down":{"uv":[0.5,0.5,4,4],"texture":"#texture"},"up":{"uv":[1,0.5,4.5,3.5],"texture":"#texture"},"north":{"uv":[1,1.5,4.5,4.5],"texture":"#texture"},"south":{"uv":[0.5,1,5,4.5],"texture":"#texture"},"west":{"uv":[1,1,4,4],"texture":"#texture"},"east":{"uv":[1,0.5,4,4],"texture":"#texture"}}},{"__comment":"leg_2","from":[3.75,2,2.5],"to":[4.1,3.75,2.85],"rotation":{"origin":[3.75,2,2.5],"axis":"y","angle":45},"faces":{"down":{"uv":[0.5,0.5,4,4],"texture":"#texture"},"up":{"uv":[1,0.5,4.5,3.5],"texture":"#texture"},"north":{"uv":[1,1.5,4.5,4.5],"texture":"#texture"},"south":{"uv":[0.5,1,5,4.5],"texture":"#texture"},"west":{"uv":[1,1,4,4],"texture":"#texture"},"east":{"uv":[1,0.5,4,4],"texture":"#texture"}}},{"__comment":"leg_2","from":[3.75,2,4.5],"to":[4.1,3.75,4.85],"rotation":{"origin":[3.75,2,4.5],"axis":"y","angle":45},"faces":{"down":{"uv":[0.5,0.5,4,4],"texture":"#texture"},"up":{"uv":[1,0.5,4.5,3.5],"texture":"#texture"},"north":{"uv":[1,1.5,4.5,4.5],"texture":"#texture"},"south":{"uv":[0.5,1,5,4.5],"texture":"#texture"},"west":{"uv":[1,1,4,4],"texture":"#texture"},"east":{"uv":[1,0.5,4,4],"texture":"#texture"}}},{"__comment":"leg_2","from":[3.5,0,2.25],"to":[4,0.75,3],"faces":{"down":{"uv":[12,0.75,14.75,3.5],"texture":"#texture"},"up":{"uv":[11.5,1.25,14,3.75],"texture":"#texture"},"north":{"uv":[12,1,15.5,4],"texture":"#texture"},"south":{"uv":[12,1.5,14.75,4.25],"texture":"#texture"},"west":{"uv":[12,1.25,14.75,4],"texture":"#texture"},"east":{"uv":[12.25,1.5,14.5,4],"texture":"#texture"}}},{"__comment":"leg_2","from":[3.5,0,2.3125],"to":[4.25,0.75,2.9375],"rotation":{"origin":[3.5,0.75,2.3125],"axis":"z","angle":45},"faces":{"down":{"uv":[12,0.75,14.75,3.5],"texture":"#texture"},"up":{"uv":[11.5,1.25,14,3.75],"texture":"#texture"},"north":{"uv":[12,1,15.5,4],"texture":"#texture"},"south":{"uv":[12,1.5,14.75,4.25],"texture":"#texture"},"west":{"uv":[12,1.25,14.75,4],"texture":"#texture"},"east":{"uv":[12.25,1.5,14.5,4],"texture":"#texture"}}},{"__comment":"leg_2","from":[3.5,0,4],"to":[4,0.75,4.75],"faces":{"down":{"uv":[12,0.75,14.75,3.5],"texture":"#texture"},"up":{"uv":[11.5,1.25,14,3.75],"texture":"#texture"},"north":{"uv":[12,1,15.5,4],"texture":"#texture"},"south":{"uv":[12,1.5,14.75,4.25],"texture":"#texture"},"west":{"uv":[12,1.25,14.75,4],"texture":"#texture"},"east":{"uv":[12.25,1.5,14.5,4],"texture":"#texture"}}},{"__comment":"leg_2","from":[3.5,0,4.0625],"to":[4.25,0.75,4.6875],"rotation":{"origin":[3.5,0.75,4.0625],"axis":"z","angle":45},"faces":{"down":{"uv":[12,0.75,14.75,3.5],"texture":"#texture"},"up":{"uv":[11.5,1.25,14,3.75],"texture":"#texture"},"north":{"uv":[12,1,15.5,4],"texture":"#texture"},"south":{"uv":[12,1.5,14.75,4.25],"texture":"#texture"},"west":{"uv":[12,1.25,14.75,4],"texture":"#texture"},"east":{"uv":[12.25,1.5,14.5,4],"texture":"#texture"}}},{"__comment":"leg_3","from":[12,0,11.25],"to":[14.5,4.25,13.75],"faces":{"down":{"uv":[0.5,0.5,4,4],"texture":"#texture"},"up":{"uv":[1,0.5,4.5,3.5],"texture":"#texture"},"north":{"uv":[1,1.5,4.5,4.5],"texture":"#texture"},"south":{"uv":[0.5,1,5,4.5],"texture":"#texture"},"west":{"uv":[1,1,4,4],"texture":"#texture"},"east":{"uv":[1,0.5,4,4],"texture":"#texture"}}},{"__comment":"leg_4","from":[12,0,2.25],"to":[14.5,4.25,4.75],"faces":{"down":{"uv":[0.5,0.5,4,4],"texture":"#texture"},"up":{"uv":[1,0.5,4.5,3.5],"texture":"#texture"},"north":{"uv":[1,1.5,4.5,4.5],"texture":"#texture"},"south":{"uv":[0.5,1,5,4.5],"texture":"#texture"},"west":{"uv":[1,1,4,4],"texture":"#texture"},"east":{"uv":[1,0.5,4,4],"texture":"#texture"}}},{"__comment":"leg_4","from":[12,2.5,2.25],"to":[14.5,4.25,5.08],"rotation":{"origin":[12,4.25,2.25],"axis":"x","angle":-45},"faces":{"down":{"uv":[0.5,0.5,4,4],"texture":"#texture"},"up":{"uv":[1,0.5,4.5,3.5],"texture":"#texture"},"north":{"uv":[1,1.5,4.5,4.5],"texture":"#texture"},"south":{"uv":[0.5,1,5,4.5],"texture":"#texture"},"west":{"uv":[1,1,4,4],"texture":"#texture"},"east":{"uv":[1,0.5,4,4],"texture":"#texture"}}},{"__comment":"leg_3","from":[12,4.5,11.75],"to":[14.5,6.25,14.58],"rotation":{"origin":[12,6.25,11.75],"axis":"x","angle":45},"faces":{"down":{"uv":[0.5,0.5,4,4],"texture":"#texture"},"up":{"uv":[1,0.5,4.5,3.5],"texture":"#texture"},"north":{"uv":[1,1.5,4.5,4.5],"texture":"#texture"},"south":{"uv":[0.5,1,5,4.5],"texture":"#texture"},"west":{"uv":[1,1,4,4],"texture":"#texture"},"east":{"uv":[1,0.5,4,4],"texture":"#texture"}}},{"__comment":"leg_3","from":[11.75,2,11.5],"to":[12,3.75,13.5],"faces":{"down":{"uv":[0.5,0.5,4,4],"texture":"#texture"},"up":{"uv":[1,0.5,4.5,3.5],"texture":"#texture"},"north":{"uv":[1,1.5,4.5,4.5],"texture":"#texture"},"south":{"uv":[0.5,1,5,4.5],"texture":"#texture"},"west":{"uv":[1,1,4,4],"texture":"#texture"},"east":{"uv":[1,0.5,4,4],"texture":"#texture"}}},{"__comment":"leg_3","from":[11.75,3.4,11.5],"to":[12.1,3.75,13.5],"rotation":{"origin":[11.75,3.75,11.5],"axis":"z","angle":45},"faces":{"down":{"uv":[0.5,0.5,4,4],"texture":"#texture"},"up":{"uv":[1,0.5,4.5,3.5],"texture":"#texture"},"north":{"uv":[1,1.5,4.5,4.5],"texture":"#texture"},"south":{"uv":[0.5,1,5,4.5],"texture":"#texture"},"west":{"uv":[1,1,4,4],"texture":"#texture"},"east":{"uv":[1,0.5,4,4],"texture":"#texture"}}},{"__comment":"leg_3","from":[11.75,1.65,11.5],"to":[12.1,2,13.5],"rotation":{"origin":[11.75,2,11.5],"axis":"z","angle":45},"faces":{"down":{"uv":[0.5,0.5,4,4],"texture":"#texture"},"up":{"uv":[1,0.5,4.5,3.5],"texture":"#texture"},"north":{"uv":[1,1.5,4.5,4.5],"texture":"#texture"},"south":{"uv":[0.5,1,5,4.5],"texture":"#texture"},"west":{"uv":[1,1,4,4],"texture":"#texture"},"east":{"uv":[1,0.5,4,4],"texture":"#texture"}}},{"__comment":"leg_3","from":[11.75,2,11.5],"to":[12.1,3.75,11.85],"rotation":{"origin":[11.75,2,11.5],"axis":"y","angle":45},"faces":{"down":{"uv":[0.5,0.5,4,4],"texture":"#texture"},"up":{"uv":[1,0.5,4.5,3.5],"texture":"#texture"},"north":{"uv":[1,1.5,4.5,4.5],"texture":"#texture"},"south":{"uv":[0.5,1,5,4.5],"texture":"#texture"},"west":{"uv":[1,1,4,4],"texture":"#texture"},"east":{"uv":[1,0.5,4,4],"texture":"#texture"}}},{"__comment":"leg_3","from":[11.75,2,13.5],"to":[12.1,3.75,13.85],"rotation":{"origin":[11.75,2,13.5],"axis":"y","angle":45},"faces":{"down":{"uv":[0.5,0.5,4,4],"texture":"#texture"},"up":{"uv":[1,0.5,4.5,3.5],"texture":"#texture"},"north":{"uv":[1,1.5,4.5,4.5],"texture":"#texture"},"south":{"uv":[0.5,1,5,4.5],"texture":"#texture"},"west":{"uv":[1,1,4,4],"texture":"#texture"},"east":{"uv":[1,0.5,4,4],"texture":"#texture"}}},{"__comment":"leg_3","from":[11.5,0,11.25],"to":[12,0.75,12],"faces":{"down":{"uv":[12,0.75,14.75,3.5],"texture":"#texture"},"up":{"uv":[11.5,1.25,14,3.75],"texture":"#texture"},"north":{"uv":[12,1,15.5,4],"texture":"#texture"},"south":{"uv":[12,1.5,14.75,4.25],"texture":"#texture"},"west":{"uv":[12,1.25,14.75,4],"texture":"#texture"},"east":{"uv":[12.25,1.5,14.5,4],"texture":"#texture"}}},{"__comment":"leg_3","from":[11.5,0,11.3125],"to":[12.25,0.75,11.9375],"rotation":{"origin":[11.5,0.75,11.3125],"axis":"z","angle":45},"faces":{"down":{"uv":[12,0.75,14.75,3.5],"texture":"#texture"},"up":{"uv":[11.5,1.25,14,3.75],"texture":"#texture"},"north":{"uv":[12,1,15.5,4],"texture":"#texture"},"south":{"uv":[12,1.5,14.75,4.25],"texture":"#texture"},"west":{"uv":[12,1.25,14.75,4],"texture":"#texture"},"east":{"uv":[12.25,1.5,14.5,4],"texture":"#texture"}}},{"__comment":"leg_3","from":[11.5,0,13],"to":[12,0.75,13.75],"faces":{"down":{"uv":[12,0.75,14.75,3.5],"texture":"#texture"},"up":{"uv":[11.5,1.25,14,3.75],"texture":"#texture"},"north":{"uv":[12,1,15.5,4],"texture":"#texture"},"south":{"uv":[12,1.5,14.75,4.25],"texture":"#texture"},"west":{"uv":[12,1.25,14.75,4],"texture":"#texture"},"east":{"uv":[12.25,1.5,14.5,4],"texture":"#texture"}}},{"__comment":"leg_3","from":[11.5,0,13.0625],"to":[12.25,0.75,13.6875],"rotation":{"origin":[11.5,0.75,13.0625],"axis":"z","angle":45},"faces":{"down":{"uv":[12,0.75,14.75,3.5],"texture":"#texture"},"up":{"uv":[11.5,1.25,14,3.75],"texture":"#texture"},"north":{"uv":[12,1,15.5,4],"texture":"#texture"},"south":{"uv":[12,1.5,14.75,4.25],"texture":"#texture"},"west":{"uv":[12,1.25,14.75,4],"texture":"#texture"},"east":{"uv":[12.25,1.5,14.5,4],"texture":"#texture"}}},{"__comment":"leg_4","from":[11.75,2,2.5],"to":[12,3.75,4.5],"faces":{"down":{"uv":[0.5,0.5,4,4],"texture":"#texture"},"up":{"uv":[1,0.5,4.5,3.5],"texture":"#texture"},"north":{"uv":[1,1.5,4.5,4.5],"texture":"#texture"},"south":{"uv":[0.5,1,5,4.5],"texture":"#texture"},"west":{"uv":[1,1,4,4],"texture":"#texture"},"east":{"uv":[1,0.5,4,4],"texture":"#texture"}}},{"__comment":"leg_4","from":[11.75,3.4,2.5],"to":[12.1,3.75,4.5],"rotation":{"origin":[11.75,3.75,2.5],"axis":"z","angle":45},"faces":{"down":{"uv":[0.5,0.5,4,4],"texture":"#texture"},"up":{"uv":[1,0.5,4.5,3.5],"texture":"#texture"},"north":{"uv":[1,1.5,4.5,4.5],"texture":"#texture"},"south":{"uv":[0.5,1,5,4.5],"texture":"#texture"},"west":{"uv":[1,1,4,4],"texture":"#texture"},"east":{"uv":[1,0.5,4,4],"texture":"#texture"}}},{"__comment":"leg_4","from":[11.75,1.65,2.5],"to":[12.1,2,4.5],"rotation":{"origin":[11.75,2,2.5],"axis":"z","angle":45},"faces":{"down":{"uv":[0.5,0.5,4,4],"texture":"#texture"},"up":{"uv":[1,0.5,4.5,3.5],"texture":"#texture"},"north":{"uv":[1,1.5,4.5,4.5],"texture":"#texture"},"south":{"uv":[0.5,1,5,4.5],"texture":"#texture"},"west":{"uv":[1,1,4,4],"texture":"#texture"},"east":{"uv":[1,0.5,4,4],"texture":"#texture"}}},{"__comment":"leg_4","from":[11.75,2,2.5],"to":[12.1,3.75,2.85],"rotation":{"origin":[11.75,2,2.5],"axis":"y","angle":45},"faces":{"down":{"uv":[0.5,0.5,4,4],"texture":"#texture"},"up":{"uv":[1,0.5,4.5,3.5],"texture":"#texture"},"north":{"uv":[1,1.5,4.5,4.5],"texture":"#texture"},"south":{"uv":[0.5,1,5,4.5],"texture":"#texture"},"west":{"uv":[1,1,4,4],"texture":"#texture"},"east":{"uv":[1,0.5,4,4],"texture":"#texture"}}},{"__comment":"leg_4","from":[11.75,2,4.5],"to":[12.1,3.75,4.85],"rotation":{"origin":[11.75,2,4.5],"axis":"y","angle":45},"faces":{"down":{"uv":[0.5,0.5,4,4],"texture":"#texture"},"up":{"uv":[1,0.5,4.5,3.5],"texture":"#texture"},"north":{"uv":[1,1.5,4.5,4.5],"texture":"#texture"},"south":{"uv":[0.5,1,5,4.5],"texture":"#texture"},"west":{"uv":[1,1,4,4],"texture":"#texture"},"east":{"uv":[1,0.5,4,4],"texture":"#texture"}}},{"__comment":"leg_4","from":[11.5,0,2.25],"to":[12,0.75,3],"faces":{"down":{"uv":[12,0.75,14.75,3.5],"texture":"#texture"},"up":{"uv":[11.5,1.25,14,3.75],"texture":"#texture"},"north":{"uv":[12,1,15.5,4],"texture":"#texture"},"south":{"uv":[12,1.5,14.75,4.25],"texture":"#texture"},"west":{"uv":[12,1.25,14.75,4],"texture":"#texture"},"east":{"uv":[12.25,1.5,14.5,4],"texture":"#texture"}}},{"__comment":"leg_4","from":[11.5,0,2.3125],"to":[12.25,0.75,2.9375],"rotation":{"origin":[11.5,0.75,2.3125],"axis":"z","angle":45},"faces":{"down":{"uv":[12,0.75,14.75,3.5],"texture":"#texture"},"up":{"uv":[11.5,1.25,14,3.75],"texture":"#texture"},"north":{"uv":[12,1,15.5,4],"texture":"#texture"},"south":{"uv":[12,1.5,14.75,4.25],"texture":"#texture"},"west":{"uv":[12,1.25,14.75,4],"texture":"#texture"},"east":{"uv":[12.25,1.5,14.5,4],"texture":"#texture"}}},{"__comment":"leg_4","from":[11.5,0,4],"to":[12,0.75,4.75],"faces":{"down":{"uv":[12,0.75,14.75,3.5],"texture":"#texture"},"up":{"uv":[11.5,1.25,14,3.75],"texture":"#texture"},"north":{"uv":[12,1,15.5,4],"texture":"#texture"},"south":{"uv":[12,1.5,14.75,4.25],"texture":"#texture"},"west":{"uv":[12,1.25,14.75,4],"texture":"#texture"},"east":{"uv":[12.25,1.5,14.5,4],"texture":"#texture"}}},{"__comment":"leg_4","from":[11.5,0,4.0625],"to":[12.25,0.75,4.6875],"rotation":{"origin":[11.5,0.75,4.0625],"axis":"z","angle":45},"faces":{"down":{"uv":[12,0.75,14.75,3.5],"texture":"#texture"},"up":{"uv":[11.5,1.25,14,3.75],"texture":"#texture"},"north":{"uv":[12,1,15.5,4],"texture":"#texture"},"south":{"uv":[12,1.5,14.75,4.25],"texture":"#texture"},"west":{"uv":[12,1.25,14.75,4],"texture":"#texture"},"east":{"uv":[12.25,1.5,14.5,4],"texture":"#texture"}}},{"from":[14,9.015,5],"to":[16.83,10.265,11],"rotation":{"origin":[14,10.265,5],"axis":"z","angle":-45},"faces":{"down":{"uv":[15.75,6,0.25,12.5],"rotation":270,"texture":"#back_7"},"up":{"uv":[0.25,6,16,12.5],"rotation":270,"texture":"#back_7"},"north":{"uv":[6,13,8.8125,14.25],"texture":"#back_7"},"south":{"uv":[5.75,12.25,8.5625,13.5],"texture":"#back_7"},"west":{"uv":[2.5,13.75,8.5,15],"texture":"#back_7"},"east":{"uv":[3.25,13.5,9.25,14.75],"texture":"#back_7"}}},{"from":[7.5,9.015,5],"to":[14,10.265,11],"faces":{"down":{"uv":[15.75,2.25,0.25,6.25],"rotation":270,"texture":"#back_7"},"up":{"uv":[0.25,2.25,15.75,6.25],"rotation":270,"texture":"#back_7"},"north":{"uv":[6,13,8.8125,14.25],"texture":"#back_7"},"south":{"uv":[5.75,12.25,8.5625,13.5],"texture":"#back_7"},"west":{"uv":[2.5,13.75,8.5,15],"texture":"#back_7"},"east":{"uv":[3.25,13.5,9.25,14.75],"texture":"#back_7"}}},{"__comment":"spot_top3","from":[5,9.765,8.765],"to":[10.5,10.265,11.015],"faces":{"down":{"uv":[12.5,0.25,0.25,4],"rotation":180,"texture":"#back_3"},"up":{"uv":[0.25,0.25,12.5,4],"texture":"#back_3"},"north":{"uv":[2.75,13.75,5.25,14.5],"texture":"#back_3"},"south":{"uv":[12.5,4.75,15,5.5],"texture":"#back_3"},"west":{"uv":[12.25,3.75,13.75,4.5],"texture":"#back_3"},"east":{"uv":[11.25,3.75,12.75,4.5],"texture":"#back_3"}}},{"__comment":"spot_top3","from":[5,9.765,11.015],"to":[10.5,10.265,13.845],"rotation":{"origin":[5,10.265,11.015],"axis":"x","angle":45},"faces":{"down":{"uv":[12.5,4,0.5,10],"rotation":180,"texture":"#back_3"},"up":{"uv":[0.25,4,12.5,10],"texture":"#back_3"},"north":{"uv":[2.75,13.75,5.25,14.5],"texture":"#back_3"},"south":{"uv":[12.5,4.75,15,5.5],"texture":"#back_3"},"west":{"uv":[12.25,3.75,13.75,4.5],"texture":"#back_3"},"east":{"uv":[11.25,3.75,12.75,4.5],"texture":"#back_3"}}},{"__comment":"spot_top3","from":[5,4.53,12.515],"to":[10.5,8.28,13.015],"faces":{"down":{"uv":[12.5,4,14.75,6.5],"rotation":180,"texture":"#back_3"},"up":{"uv":[12,2,13.75,3.25],"texture":"#back_3"},"north":{"uv":[0.25,10,12.5,15.5],"texture":"#back_3"},"south":{"uv":[0.25,10,12.5,15.5],"texture":"#back_3"},"west":{"uv":[12.25,3.75,13.75,4.5],"texture":"#back_3"},"east":{"uv":[11.25,3.75,12.75,4.5],"texture":"#back_3"}}},{"__comment":"spot_top3*","from":[5,4.515,2.985],"to":[10.5,8.265,3.485],"faces":{"down":{"uv":[12.5,4,14.75,6.5],"rotation":180,"texture":"#back_3"},"up":{"uv":[12,2,13.75,3.25],"texture":"#back_3"},"north":{"uv":[12.5,10,0.25,15.5],"texture":"#back_3"},"south":{"uv":[0.25,10,12.5,15.5],"texture":"#back_3"},"west":{"uv":[12.25,3.75,13.75,4.5],"texture":"#back_3"},"east":{"uv":[11.25,3.75,12.75,4.5],"texture":"#back_3"}}},{"__comment":"spot_top3*","from":[5,7.765,2.985],"to":[10.5,8.265,5.815],"rotation":{"origin":[5,8.265,2.985],"axis":"x","angle":-45},"faces":{"down":{"uv":[12.5,10,0.5,4],"rotation":180,"texture":"#back_3"},"up":{"uv":[0.25,10,12.5,4],"texture":"#back_3"},"north":{"uv":[2.75,13.75,5.25,14.5],"texture":"#back_3"},"south":{"uv":[12.5,4.75,15,5.5],"texture":"#back_3"},"west":{"uv":[12.25,3.75,13.75,4.5],"texture":"#back_3"},"east":{"uv":[11.25,3.75,12.75,4.5],"texture":"#back_3"}}},{"__comment":"spot_top3*","from":[5,9.78,4.985],"to":[10.5,10.28,7.235],"faces":{"down":{"uv":[12.5,4,0.25,0.25],"rotation":180,"texture":"#back_3"},"up":{"uv":[0.25,4,12.5,0.25],"texture":"#back_3"},"north":{"uv":[2.75,13.75,5.25,14.5],"texture":"#back_3"},"south":{"uv":[12.5,4.75,15,5.5],"texture":"#back_3"},"west":{"uv":[12.25,3.75,13.75,4.5],"texture":"#back_3"},"east":{"uv":[11.25,3.75,12.75,4.5],"texture":"#back_3"}}},{"from":[5,9.015,5.5],"to":[6.25,10.265,10.25],"faces":{"down":{"uv":[15.75,0.25,0.25,9],"rotation":270,"texture":"#back_7"},"up":{"uv":[0.25,0.25,15.75,9],"rotation":270,"texture":"#back_7"},"north":{"uv":[6,13,8.8125,14.25],"texture":"#back_7"},"south":{"uv":[5.75,12.25,8.5625,13.5],"texture":"#back_7"},"west":{"uv":[2.5,13.75,8.5,15],"texture":"#back_7"},"east":{"uv":[3.25,13.5,9.25,14.75],"texture":"#back_7"}}},{"from":[6,9.015,5.5],"to":[7.25,10.265,10.25],"faces":{"down":{"uv":[15.75,0.25,0.25,9],"rotation":90,"texture":"#back_7"},"up":{"uv":[0.25,0.25,15.75,9],"rotation":90,"texture":"#back_7"},"north":{"uv":[6,13,8.8125,14.25],"texture":"#back_7"},"south":{"uv":[5.75,12.25,8.5625,13.5],"texture":"#back_7"},"west":{"uv":[2.5,13.75,8.5,15],"texture":"#back_7"},"east":{"uv":[3.25,13.5,9.25,14.75],"texture":"#back_7"}}},{"from":[10.75,2.92,11],"to":[14,5.75,13.83],"rotation":{"origin":[10.75,5.75,11],"axis":"x","angle":45},"faces":{"down":{"uv":[0.5,0.5,4,4],"texture":"#texture"},"up":{"uv":[1,0.5,4.5,3.5],"texture":"#texture"},"north":{"uv":[1,1.5,4.5,4.5],"texture":"#texture"},"south":{"uv":[0.5,1,5,4.5],"texture":"#texture"},"west":{"uv":[1,1,4,4],"texture":"#texture"},"east":{"uv":[1,0.5,4,4],"texture":"#texture"}}},{"from":[10.75,0.92,3],"to":[14,3.75,5.83],"rotation":{"origin":[10.75,3.75,3],"axis":"x","angle":-45},"faces":{"down":{"uv":[0.5,0.5,4,4],"texture":"#texture"},"up":{"uv":[1,0.5,4.5,3.5],"texture":"#texture"},"north":{"uv":[1,1.5,4.5,4.5],"texture":"#texture"},"south":{"uv":[0.5,1,5,4.5],"texture":"#texture"},"west":{"uv":[1,1,4,4],"texture":"#texture"},"east":{"uv":[1,0.5,4,4],"texture":"#texture"}}},{"from":[7.5,0.92,3],"to":[10.75,3.75,5.83],"rotation":{"origin":[7.5,3.75,3],"axis":"x","angle":-45},"faces":{"down":{"uv":[6.25,1,9.75,4.5],"texture":"#texture"},"up":{"uv":[6.5,2,10,5],"texture":"#texture"},"north":{"uv":[6,1,9.5,4],"texture":"#texture"},"south":{"uv":[6.75,1.25,9.75,4.25],"texture":"#texture"},"west":{"uv":[6.25,0.75,9.25,3.75],"texture":"#texture"},"east":{"uv":[6,1,9,4.5],"texture":"#texture"}}},{"from":[7.5,2.92,11],"to":[10.75,5.75,13.83],"rotation":{"origin":[7.5,5.75,11],"axis":"x","angle":45},"faces":{"down":{"uv":[6.25,1,9.75,4.5],"texture":"#texture"},"up":{"uv":[6.5,2,10,5],"texture":"#texture"},"north":{"uv":[6,1,9.5,4],"texture":"#texture"},"south":{"uv":[6.75,1.25,9.75,4.25],"texture":"#texture"},"west":{"uv":[6.25,0.75,9.25,3.75],"texture":"#texture"},"east":{"uv":[6,1,9,4.5],"texture":"#texture"}}},{"from":[5,1.75,5],"to":[7.5,3.5,11],"faces":{"down":{"uv":[0.5,0.5,4,4],"texture":"#texture"},"up":{"uv":[1,0.5,4.5,3.5],"texture":"#texture"},"north":{"uv":[1,1.5,4.5,4.5],"texture":"#texture"},"south":{"uv":[0.5,1,5,4.5],"texture":"#texture"},"west":{"uv":[1,1,4,4],"texture":"#texture"},"east":{"uv":[1,0.5,4,4],"texture":"#texture"}}},{"from":[10.75,1.75,5],"to":[14,3.5,11],"faces":{"down":{"uv":[0.5,0.5,4,4],"texture":"#texture"},"up":{"uv":[1,0.5,4.5,3.5],"texture":"#texture"},"north":{"uv":[1,1.5,4.5,4.5],"texture":"#texture"},"south":{"uv":[0.5,1,5,4.5],"texture":"#texture"},"west":{"uv":[1,1,4,4],"texture":"#texture"},"east":{"uv":[1,0.5,4,4],"texture":"#texture"}}},{"from":[7.5,1.75,5],"to":[10.75,3.5,11],"faces":{"down":{"uv":[6.5,1.5,9.75,4.75],"texture":"#texture"},"up":{"uv":[6.75,1.25,10.25,4.25],"texture":"#texture"},"north":{"uv":[6.75,1.25,10.25,4.25],"texture":"#texture"},"south":{"uv":[7.25,1,9.5,4.25],"texture":"#texture"},"west":{"uv":[7,1.75,10,4.75],"texture":"#texture"},"east":{"uv":[6,1,9,4.5],"texture":"#texture"}}},{"__comment":"spot_side*","from":[6.5,3.72,12.53],"to":[11.75,5.47,13.03],"faces":{"down":{"uv":[12.75,3,14.75,4.75],"rotation":180,"texture":"#back_2"},"up":{"uv":[11.75,5.25,13.75,7.25],"texture":"#back_2"},"north":{"uv":[0.25,10.75,8,15.75],"texture":"#back_2"},"south":{"uv":[0.25,10.75,8,15.75],"texture":"#back_2"},"west":{"uv":[12.25,3.75,13.75,4.5],"texture":"#back_2"},"east":{"uv":[9,8.25,11.75,10.75],"texture":"#back_2"}}},{"__comment":"spot_side*","from":[6.5,3.72,2.97],"to":[11.75,5.47,3.47],"faces":{"down":{"uv":[12.75,3,14.75,4.75],"rotation":180,"texture":"#back_2"},"up":{"uv":[11.75,5.25,13.75,7.25],"texture":"#back_2"},"north":{"uv":[0.25,10.75,8,15.75],"texture":"#back_2"},"south":{"uv":[0.25,10.75,8,15.75],"texture":"#back_2"},"west":{"uv":[12.25,3.75,13.75,4.5],"texture":"#back_2"},"east":{"uv":[9,8.25,11.75,10.75],"texture":"#back_2"}}},{"__comment":"spot_side*","from":[5.5,6.25,12.53],"to":[8.25,8.25,13.03],"faces":{"down":{"uv":[12.75,3,14.75,4.75],"rotation":180,"texture":"#back_2"},"up":{"uv":[11.75,5.25,13.75,7.25],"texture":"#back_2"},"north":{"uv":[10.75,0.25,0.25,9.75],"texture":"#back_2"},"south":{"uv":[0.25,0.25,10.75,9.75],"texture":"#back_2"},"west":{"uv":[12.25,3.75,13.75,4.5],"texture":"#back_2"},"east":{"uv":[9,8.25,11.75,10.75],"texture":"#back_2"}}},{"__comment":"spot_side*","from":[5.5,6.25,2.97],"to":[8.25,8.25,3.47],"faces":{"down":{"uv":[12.75,3,14.75,4.75],"rotation":180,"texture":"#back_2"},"up":{"uv":[11.75,5.25,13.75,7.25],"texture":"#back_2"},"north":{"uv":[10.75,0.25,0.25,9.75],"texture":"#back_2"},"south":{"uv":[0.25,0.25,10.75,9.75],"texture":"#back_2"},"west":{"uv":[12.25,3.75,13.75,4.5],"texture":"#back_2"},"east":{"uv":[9,8.25,11.75,10.75],"texture":"#back_2"}}},{"__comment":"spot_side*","from":[4.985,4.75,12.515],"to":[6.735,6.5,13.015],"faces":{"down":{"uv":[12.75,3,14.75,4.75],"rotation":180,"texture":"#back_5"},"up":{"uv":[11.75,5.25,13.75,7.25],"texture":"#back_5"},"north":{"uv":[4.25,0.25,9.25,10],"texture":"#back_5"},"south":{"uv":[4.25,0.25,9.25,10],"texture":"#back_5"},"west":{"uv":[12.25,3.75,13.75,4.5],"texture":"#back_5"},"east":{"uv":[10.5,9.75,13.25,12.25],"texture":"#back_5"}}},{"__comment":"spot_side*","from":[4.985,4.75,2.985],"to":[6.735,6.5,3.485],"faces":{"down":{"uv":[12.75,3,14.75,4.75],"rotation":180,"texture":"#back_5"},"up":{"uv":[11.75,5.25,13.75,7.25],"texture":"#back_5"},"north":{"uv":[9.25,0.25,4.25,10],"texture":"#back_5"},"south":{"uv":[4.25,0.25,9.25,10],"texture":"#back_5"},"west":{"uv":[12.25,3.75,13.75,4.5],"texture":"#back_5"},"east":{"uv":[10.5,9.75,13.25,12.25],"texture":"#back_5"}}},{"__comment":"spot_side*","from":[4,4.75,3.985],"to":[5.41,6.5,5.395],"rotation":{"origin":[4,4.75,3.985],"axis":"y","angle":45},"faces":{"down":{"uv":[12.75,3,14.75,4.75],"rotation":180,"texture":"#back_5"},"up":{"uv":[11.75,5.25,13.75,7.25],"texture":"#back_5"},"north":{"uv":[4.25,0.25,0.25,10],"texture":"#back_5"},"south":{"uv":[0.25,0.25,4.25,10],"texture":"#back_5"},"west":{"uv":[12.25,3.75,13.75,4.5],"texture":"#back_5"},"east":{"uv":[10.5,9.75,13.25,12.25],"texture":"#back_5"}}},{"__comment":"spot_side*","from":[4,4.75,12.015],"to":[5.41,6.5,13.425],"rotation":{"origin":[4,4.75,12.015],"axis":"y","angle":45},"faces":{"down":{"uv":[12.75,3,14.75,4.75],"rotation":180,"texture":"#back_5"},"up":{"uv":[11.75,5.25,13.75,7.25],"texture":"#back_5"},"north":{"uv":[10,10,12.75,13.25],"texture":"#back_5"},"south":{"uv":[9.75,8.75,12.75,11.5],"texture":"#back_5"},"west":{"uv":[0.25,0.25,4.25,10],"texture":"#back_5"},"east":{"uv":[4.25,0.25,0.25,10],"texture":"#back_5"}}},{"from":[14.015,4.75,3],"to":[16.845,7,5.83],"rotation":{"origin":[14.015,4.75,3],"axis":"y","angle":-45},"faces":{"down":{"uv":[3,10.25,5.8125,13.0625],"texture":"#back_6"},"up":{"uv":[3,11.25,5.8125,14.0625],"texture":"#back_6"},"north":{"uv":[11.75,0.25,0.25,10.25],"texture":"#back_6"},"south":{"uv":[0.25,0.25,11.75,10.25],"texture":"#back_6"},"west":{"uv":[1.75,13.75,4.5625,16],"texture":"#back_6"},"east":{"uv":[2.5,11.75,5.3125,14],"texture":"#back_6"}}},{"from":[12.015,4.75,11],"to":[14.845,7,13.83],"rotation":{"origin":[12.015,4.75,11],"axis":"y","angle":45},"faces":{"down":{"uv":[3,10.25,5.8125,13.0625],"texture":"#back_6"},"up":{"uv":[3,11.25,5.8125,14.0625],"texture":"#back_6"},"north":{"uv":[11.75,0.25,0.25,10.25],"texture":"#back_6"},"south":{"uv":[0.25,0.25,11.75,10.25],"texture":"#back_6"},"west":{"uv":[1.75,13.75,4.5625,16],"texture":"#back_6"},"east":{"uv":[2.5,11.75,5.3125,14],"texture":"#back_6"}}},{"__comment":"spot_top1*","from":[11.25,6.715,3.5],"to":[14,8.765,5.55],"rotation":{"origin":[11.25,8.765,3.5],"axis":"x","angle":-45},"faces":{"down":{"uv":[0.25,0.25,15.75,7.5],"texture":"#back_7"},"up":{"uv":[0.25,0.25,15.75,7.5],"texture":"#back_7"},"north":{"uv":[4.25,13.25,7,13.75],"texture":"#back_7"},"south":{"uv":[7.5,12.75,10.25,13.25],"texture":"#back_7"},"west":{"uv":[5.25,13,8.0625,13.5],"texture":"#back_7"},"east":{"uv":[6.25,13.75,9.0625,14.25],"texture":"#back_7"}}},{"__comment":"spot_top1*","from":[11.25,8.215,11],"to":[14,10.265,13.05],"rotation":{"origin":[11.25,10.265,11],"axis":"x","angle":45},"faces":{"down":{"uv":[0.25,0.25,15.75,7.5],"texture":"#back_7"},"up":{"uv":[15.75,0.25,0.25,7.5],"rotation":180,"texture":"#back_7"},"north":{"uv":[4.25,13.25,7,13.75],"texture":"#back_7"},"south":{"uv":[7.5,12.75,10.25,13.25],"texture":"#back_7"},"west":{"uv":[5.25,13,8.0625,13.5],"texture":"#back_7"},"east":{"uv":[6.25,13.75,9.0625,14.25],"texture":"#back_7"}}}],"display":{"thirdperson_righthand":{"rotation":[0,0,0],"translation":[0,0,0],"scale":[0,0,0]},"thirdperson_lefthand":{"rotation":[0,0,0],"translation":[0,0,0],"scale":[0,0,0]},"head":{"rotation":[0,-90,0],"translation":[0,-21,0],"scale":[2.5,2.5,2.5]},"ground":{"rotation":[0,0,0],"translation":[0,0,0],"scale":[0,0,0]},"fixed":{"rotation":[0,0,0],"translation":[0,0,0],"scale":[0,0,0]},"firstperson_righthand":{"rotation":[0,0,0],"translation":[0,0,0],"scale":[0,0,0]},"firstperson_lefthand":{"rotation":[0,0,0],"translation":[0,0,0],"scale":[0,0,0]},"gui":{"rotation":[30,45,0],"translation":[1,2,0],"scale":[0.76,0.76,0.76]}}}