{"__comment":"Designed by Madstonmagic with BDcraft Cubik PRO 0.96 Beta - http://bdcraft.net","textures":{"particle":"pokemon_skins/regular/finneon/eye","texture":"pokemon_skins/regular/finneon/finneon","eye_triangle":"pokemon_skins/regular/finneon/eye_triangle","fin":"pokemon_skins/regular/finneon/fin","fin_back_bottom":"pokemon_skins/regular/finneon/fin_back_bottom","fin_back_top":"pokemon_skins/regular/finneon/fin_back_top"},"elements":[{"__comment":"Element","from":[2,5,6.5],"to":[9,7,9.5],"faces":{"down":{"uv":[7.5,1.5,10.5,4.5],"texture":"#texture"},"up":{"uv":[7.5,1.5,10.5,4.5],"texture":"#texture"},"north":{"uv":[7.5,1.5,10.5,4.5],"texture":"#texture"},"south":{"uv":[7.5,1.5,10.5,4.5],"texture":"#texture"},"west":{"uv":[7.5,1.5,10.5,4.5],"texture":"#texture"},"east":{"uv":[7.5,1.5,10.5,4.5],"texture":"#texture"}}},{"__comment":"Element","from":[2,6,5.5],"to":[9,7,10.5],"faces":{"down":{"uv":[7.5,1.5,10.5,4.5],"texture":"#texture"},"up":{"uv":[7.5,1.5,10.5,4.5],"texture":"#texture"},"north":{"uv":[7.5,1.5,10.5,4.5],"texture":"#texture"},"south":{"uv":[7.5,1.5,10.5,4.5],"texture":"#texture"},"west":{"uv":[7.5,1.5,10.5,4.5],"texture":"#texture"},"east":{"uv":[7.5,1.5,10.5,4.5],"texture":"#texture"}}},{"__comment":"Element","from":[1,6,6.5],"to":[10,7,9.5],"faces":{"down":{"uv":[7.5,1.5,10.5,4.5],"texture":"#texture"},"up":{"uv":[7.5,1.5,10.5,4.5],"texture":"#texture"},"north":{"uv":[7.5,1.5,10.5,4.5],"texture":"#texture"},"south":{"uv":[7.5,1.5,10.5,4.5],"texture":"#texture"},"west":{"uv":[7.5,1.5,10.5,4.5],"texture":"#texture"},"east":{"uv":[7.5,1.5,10.5,4.5],"texture":"#texture"}}},{"__comment":"Element","from":[2.5,4.5,7],"to":[8.5,5,9],"faces":{"down":{"uv":[7.5,1.5,10.5,4.5],"texture":"#texture"},"up":{"uv":[7.5,1.5,10.5,4.5],"texture":"#texture"},"north":{"uv":[7.5,1.5,10.5,4.5],"texture":"#texture"},"south":{"uv":[7.5,1.5,10.5,4.5],"texture":"#texture"},"west":{"uv":[7.5,1.5,10.5,4.5],"texture":"#texture"},"east":{"uv":[7.5,1.5,10.5,4.5],"texture":"#texture"}}},{"__comment":"Element","from":[1,6,6.5],"to":[2.415,7,7.915],"rotation":{"origin":[1,6,6.5],"axis":"y","angle":45},"faces":{"down":{"uv":[7.5,1.5,10.5,4.5],"texture":"#texture"},"up":{"uv":[7.5,1.5,10.5,4.5],"texture":"#texture"},"north":{"uv":[7.5,1.5,10.5,4.5],"texture":"#texture"},"south":{"uv":[7.5,1.5,10.5,4.5],"texture":"#texture"},"west":{"uv":[7.5,1.5,10.5,4.5],"texture":"#texture"},"east":{"uv":[7.5,1.5,10.5,4.5],"texture":"#texture"}}},{"__comment":"Element","from":[9,6,5.5],"to":[10.415,7,6.915],"rotation":{"origin":[9,6,5.5],"axis":"y","angle":-45},"faces":{"down":{"uv":[7.5,1.5,10.5,4.5],"texture":"#texture"},"up":{"uv":[7.5,1.5,10.5,4.5],"texture":"#texture"},"north":{"uv":[7.5,1.5,10.5,4.5],"texture":"#texture"},"south":{"uv":[7.5,1.5,10.5,4.5],"texture":"#texture"},"west":{"uv":[7.5,1.5,10.5,4.5],"texture":"#texture"},"east":{"uv":[7.5,1.5,10.5,4.5],"texture":"#texture"}}},{"__comment":"Element","from":[1,6,9.5],"to":[2.415,7,10.915],"rotation":{"origin":[1,6,9.5],"axis":"y","angle":45},"faces":{"down":{"uv":[7.5,1.5,10.5,4.5],"texture":"#texture"},"up":{"uv":[7.5,1.5,10.5,4.5],"texture":"#texture"},"north":{"uv":[7.5,1.5,10.5,4.5],"texture":"#texture"},"south":{"uv":[7.5,1.5,10.5,4.5],"texture":"#texture"},"west":{"uv":[7.5,1.5,10.5,4.5],"texture":"#texture"},"east":{"uv":[7.5,1.5,10.5,4.5],"texture":"#texture"}}},{"__comment":"Element","from":[9,6,8.5],"to":[10.415,7,9.915],"rotation":{"origin":[9,6,8.5],"axis":"y","angle":-45},"faces":{"down":{"uv":[7.5,1.5,10.5,4.5],"texture":"#texture"},"up":{"uv":[7.5,1.5,10.5,4.5],"texture":"#texture"},"north":{"uv":[7.5,1.5,10.5,4.5],"texture":"#texture"},"south":{"uv":[7.5,1.5,10.5,4.5],"texture":"#texture"},"west":{"uv":[7.5,1.5,10.5,4.5],"texture":"#texture"},"east":{"uv":[7.5,1.5,10.5,4.5],"texture":"#texture"}}},{"__comment":"Element","from":[1,4.585,6.5],"to":[2.415,6,9.5],"rotation":{"origin":[1,6,6.5],"axis":"z","angle":45},"faces":{"down":{"uv":[7.5,1.5,10.5,4.5],"texture":"#texture"},"up":{"uv":[7.5,1.5,10.5,4.5],"texture":"#texture"},"north":{"uv":[7.5,1.5,10.5,4.5],"texture":"#texture"},"south":{"uv":[7.5,1.5,10.5,4.5],"texture":"#texture"},"west":{"uv":[7.5,1.5,10.5,4.5],"texture":"#texture"},"east":{"uv":[7.5,1.5,10.5,4.5],"texture":"#texture"}}},{"__comment":"Element","from":[9,5.585,6.5],"to":[10.415,7,9.5],"rotation":{"origin":[9,7,6.5],"axis":"z","angle":-45},"faces":{"down":{"uv":[7.5,1.5,10.5,4.5],"texture":"#texture"},"up":{"uv":[7.5,1.5,10.5,4.5],"texture":"#texture"},"north":{"uv":[7.5,1.5,10.5,4.5],"texture":"#texture"},"south":{"uv":[7.5,1.5,10.5,4.5],"texture":"#texture"},"west":{"uv":[7.5,1.5,10.5,4.5],"texture":"#texture"},"east":{"uv":[7.5,1.5,10.5,4.5],"texture":"#texture"}}},{"__comment":"Element","from":[2,4.585,5.5],"to":[9,6,6.915],"rotation":{"origin":[2,6,5.5],"axis":"x","angle":-45},"faces":{"down":{"uv":[7.5,1.5,10.5,4.5],"texture":"#texture"},"up":{"uv":[7.5,1.5,10.5,4.5],"texture":"#texture"},"north":{"uv":[7.5,1.5,10.5,4.5],"texture":"#texture"},"south":{"uv":[7.5,1.5,10.5,4.5],"texture":"#texture"},"west":{"uv":[7.5,1.5,10.5,4.5],"texture":"#texture"},"east":{"uv":[7.5,1.5,10.5,4.5],"texture":"#texture"}}},{"__comment":"Element","from":[2,5.585,9.5],"to":[9,7,10.915],"rotation":{"origin":[2,7,9.5],"axis":"x","angle":45},"faces":{"down":{"uv":[7.5,1.5,10.5,4.5],"texture":"#texture"},"up":{"uv":[7.5,1.5,10.5,4.5],"texture":"#texture"},"north":{"uv":[7.5,1.5,10.5,4.5],"texture":"#texture"},"south":{"uv":[7.5,1.5,10.5,4.5],"texture":"#texture"},"west":{"uv":[7.5,1.5,10.5,4.5],"texture":"#texture"},"east":{"uv":[7.5,1.5,10.5,4.5],"texture":"#texture"}}},{"__comment":"Element","from":[2.5,4.295,6.5],"to":[8.5,5,7.205],"rotation":{"origin":[2.5,5,6.5],"axis":"x","angle":-45},"faces":{"down":{"uv":[7.5,1.5,10.5,4.5],"texture":"#texture"},"up":{"uv":[7.5,1.5,10.5,4.5],"texture":"#texture"},"north":{"uv":[7.5,1.5,10.5,4.5],"texture":"#texture"},"south":{"uv":[7.5,1.5,10.5,4.5],"texture":"#texture"},"west":{"uv":[7.5,1.5,10.5,4.5],"texture":"#texture"},"east":{"uv":[7.5,1.5,10.5,4.5],"texture":"#texture"}}},{"__comment":"Element","from":[2.5,4.795,9],"to":[8.5,5.5,9.705],"rotation":{"origin":[2.5,5.5,9],"axis":"x","angle":45},"faces":{"down":{"uv":[7.5,1.5,10.5,4.5],"texture":"#texture"},"up":{"uv":[7.5,1.5,10.5,4.5],"texture":"#texture"},"north":{"uv":[7.5,1.5,10.5,4.5],"texture":"#texture"},"south":{"uv":[7.5,1.5,10.5,4.5],"texture":"#texture"},"west":{"uv":[7.5,1.5,10.5,4.5],"texture":"#texture"},"east":{"uv":[7.5,1.5,10.5,4.5],"texture":"#texture"}}},{"__comment":"Element","from":[2,4.295,7],"to":[2.705,5,9],"rotation":{"origin":[2,5,7],"axis":"z","angle":45},"faces":{"down":{"uv":[7.5,1.5,10.5,4.5],"texture":"#texture"},"up":{"uv":[7.5,1.5,10.5,4.5],"texture":"#texture"},"north":{"uv":[7.5,1.5,10.5,4.5],"texture":"#texture"},"south":{"uv":[7.5,1.5,10.5,4.5],"texture":"#texture"},"west":{"uv":[7.5,1.5,10.5,4.5],"texture":"#texture"},"east":{"uv":[7.5,1.5,10.5,4.5],"texture":"#texture"}}},{"__comment":"Element","from":[8.5,4.795,7],"to":[9.205,5.5,9],"rotation":{"origin":[8.5,5.5,7],"axis":"z","angle":-45},"faces":{"down":{"uv":[7.5,1.5,10.5,4.5],"texture":"#texture"},"up":{"uv":[7.5,1.5,10.5,4.5],"texture":"#texture"},"north":{"uv":[7.5,1.5,10.5,4.5],"texture":"#texture"},"south":{"uv":[7.5,1.5,10.5,4.5],"texture":"#texture"},"west":{"uv":[7.5,1.5,10.5,4.5],"texture":"#texture"},"east":{"uv":[7.5,1.5,10.5,4.5],"texture":"#texture"}}},{"__comment":"Element","from":[1.5,7,5.5],"to":[9.5,7.75,10.5],"faces":{"down":{"uv":[1.5,7.5,4.5,10.5],"texture":"#texture"},"up":{"uv":[1.5,7.5,4.5,10.5],"texture":"#texture"},"north":{"uv":[1.5,7.5,4.5,10.5],"texture":"#texture"},"south":{"uv":[1.5,7.5,4.5,10.5],"texture":"#texture"},"west":{"uv":[1.5,7.5,4.5,10.5],"texture":"#texture"},"east":{"uv":[1.5,7.5,4.5,10.5],"texture":"#texture"}}},{"__comment":"Element","from":[0.5,7,6.5],"to":[10.5,7.75,9.5],"faces":{"down":{"uv":[1.5,7.5,4.5,10.5],"texture":"#texture"},"up":{"uv":[1.5,7.5,4.5,10.5],"texture":"#texture"},"north":{"uv":[1.5,7.5,4.5,10.5],"texture":"#texture"},"south":{"uv":[1.5,7.5,4.5,10.5],"texture":"#texture"},"west":{"uv":[1.5,7.5,4.5,10.5],"texture":"#texture"},"east":{"uv":[1.5,7.5,4.5,10.5],"texture":"#texture"}}},{"__comment":"Element","from":[0.5,7,6.5],"to":[1.915,7.75,7.915],"rotation":{"origin":[0.5,7,6.5],"axis":"y","angle":45},"faces":{"down":{"uv":[1.5,7.5,4.5,10.5],"texture":"#texture"},"up":{"uv":[1.5,7.5,4.5,10.5],"texture":"#texture"},"north":{"uv":[1.5,7.5,4.5,10.5],"texture":"#texture"},"south":{"uv":[1.5,7.5,4.5,10.5],"texture":"#texture"},"west":{"uv":[1.5,7.5,4.5,10.5],"texture":"#texture"},"east":{"uv":[1.5,7.5,4.5,10.5],"texture":"#texture"}}},{"__comment":"Element","from":[9.5,7,5.5],"to":[10.915,7.75,6.915],"rotation":{"origin":[9.5,7,5.5],"axis":"y","angle":-45},"faces":{"down":{"uv":[1.5,7.5,4.5,10.5],"texture":"#texture"},"up":{"uv":[1.5,7.5,4.5,10.5],"texture":"#texture"},"north":{"uv":[1.5,7.5,4.5,10.5],"texture":"#texture"},"south":{"uv":[1.5,7.5,4.5,10.5],"texture":"#texture"},"west":{"uv":[1.5,7.5,4.5,10.5],"texture":"#texture"},"east":{"uv":[1.5,7.5,4.5,10.5],"texture":"#texture"}}},{"__comment":"Element","from":[0.5,7,9.5],"to":[1.915,7.75,10.915],"rotation":{"origin":[0.5,7,9.5],"axis":"y","angle":45},"faces":{"down":{"uv":[1.5,7.5,4.5,10.5],"texture":"#texture"},"up":{"uv":[1.5,7.5,4.5,10.5],"texture":"#texture"},"north":{"uv":[1.5,7.5,4.5,10.5],"texture":"#texture"},"south":{"uv":[1.5,7.5,4.5,10.5],"texture":"#texture"},"west":{"uv":[1.5,7.5,4.5,10.5],"texture":"#texture"},"east":{"uv":[1.5,7.5,4.5,10.5],"texture":"#texture"}}},{"__comment":"Element","from":[9.5,7,8.5],"to":[10.915,7.75,9.915],"rotation":{"origin":[9.5,7,8.5],"axis":"y","angle":-45},"faces":{"down":{"uv":[1.5,7.5,4.5,10.5],"texture":"#texture"},"up":{"uv":[1.5,7.5,4.5,10.5],"texture":"#texture"},"north":{"uv":[1.5,7.5,4.5,10.5],"texture":"#texture"},"south":{"uv":[1.5,7.5,4.5,10.5],"texture":"#texture"},"west":{"uv":[1.5,7.5,4.5,10.5],"texture":"#texture"},"east":{"uv":[1.5,7.5,4.5,10.5],"texture":"#texture"}}},{"__comment":"Element","from":[2,7.75,5.5],"to":[9,8.75,10.5],"faces":{"down":{"uv":[1.75,1.5,4.75,4.5],"texture":"#texture"},"up":{"uv":[1.75,1.25,4.75,4.25],"texture":"#texture"},"north":{"uv":[1.75,1.25,4.75,4.25],"texture":"#texture"},"south":{"uv":[1.75,1.25,4.75,4.25],"texture":"#texture"},"west":{"uv":[1.25,1.75,4.25,4.75],"texture":"#texture"},"east":{"uv":[1.5,1.75,4.5,4.75],"texture":"#texture"}}},{"__comment":"Element","from":[1,7.25,6.5],"to":[10,8.75,9.5],"faces":{"down":{"uv":[1.75,1.5,4.75,4.5],"texture":"#texture"},"up":{"uv":[1.75,1.25,4.75,4.25],"texture":"#texture"},"north":{"uv":[1.75,1.25,4.75,4.25],"texture":"#texture"},"south":{"uv":[1.75,1.25,4.75,4.25],"texture":"#texture"},"west":{"uv":[1.25,1.75,4.25,4.75],"texture":"#texture"},"east":{"uv":[1.5,1.75,4.5,4.75],"texture":"#texture"}}},{"__comment":"Element","from":[1,7.75,6.5],"to":[2.415,8.75,7.915],"rotation":{"origin":[1,7.75,6.5],"axis":"y","angle":45},"faces":{"down":{"uv":[1.75,1.5,4.75,4.5],"texture":"#texture"},"up":{"uv":[1.75,1.25,4.75,4.25],"texture":"#texture"},"north":{"uv":[1.75,1.25,4.75,4.25],"texture":"#texture"},"south":{"uv":[1.75,1.25,4.75,4.25],"texture":"#texture"},"west":{"uv":[1.25,1.75,4.25,4.75],"texture":"#texture"},"east":{"uv":[1.5,1.75,4.5,4.75],"texture":"#texture"}}},{"__comment":"Element","from":[9,7.75,5.5],"to":[10.415,8.75,6.915],"rotation":{"origin":[9,7.75,5.5],"axis":"y","angle":-45},"faces":{"down":{"uv":[1.75,1.5,4.75,4.5],"texture":"#texture"},"up":{"uv":[1.75,1.25,4.75,4.25],"texture":"#texture"},"north":{"uv":[1.75,1.25,4.75,4.25],"texture":"#texture"},"south":{"uv":[1.75,1.25,4.75,4.25],"texture":"#texture"},"west":{"uv":[1.25,1.75,4.25,4.75],"texture":"#texture"},"east":{"uv":[1.5,1.75,4.5,4.75],"texture":"#texture"}}},{"__comment":"Element","from":[1,7.75,9.5],"to":[2.415,8.75,10.915],"rotation":{"origin":[1,7.75,9.5],"axis":"y","angle":45},"faces":{"down":{"uv":[1.75,1.5,4.75,4.5],"texture":"#texture"},"up":{"uv":[1.75,1.25,4.75,4.25],"texture":"#texture"},"north":{"uv":[1.75,1.25,4.75,4.25],"texture":"#texture"},"south":{"uv":[1.75,1.25,4.75,4.25],"texture":"#texture"},"west":{"uv":[1.25,1.75,4.25,4.75],"texture":"#texture"},"east":{"uv":[1.5,1.75,4.5,4.75],"texture":"#texture"}}},{"__comment":"Element","from":[9,7.75,8.5],"to":[10.415,8.75,9.915],"rotation":{"origin":[9,7.75,8.5],"axis":"y","angle":-45},"faces":{"down":{"uv":[1.75,1.5,4.75,4.5],"texture":"#texture"},"up":{"uv":[1.75,1.25,4.75,4.25],"texture":"#texture"},"north":{"uv":[1.75,1.25,4.75,4.25],"texture":"#texture"},"south":{"uv":[1.75,1.25,4.75,4.25],"texture":"#texture"},"west":{"uv":[1.25,1.75,4.25,4.75],"texture":"#texture"},"east":{"uv":[1.5,1.75,4.5,4.75],"texture":"#texture"}}},{"__comment":"Element","from":[0.5,5.585,6.5],"to":[1.915,7,9.5],"rotation":{"origin":[0.5,7,6.5],"axis":"z","angle":45},"faces":{"down":{"uv":[7.5,1.5,10.5,4.5],"texture":"#texture"},"up":{"uv":[7.5,1.5,10.5,4.5],"texture":"#texture"},"north":{"uv":[7.5,1.5,10.5,4.5],"texture":"#texture"},"south":{"uv":[7.5,1.5,10.5,4.5],"texture":"#texture"},"west":{"uv":[7.5,1.5,10.5,4.5],"texture":"#texture"},"east":{"uv":[7.5,1.5,10.5,4.5],"texture":"#texture"}}},{"__comment":"Element","from":[0.5,6.335,6.5],"to":[1.915,7.75,9.5],"rotation":{"origin":[0.5,7.75,6.5],"axis":"z","angle":45},"faces":{"down":{"uv":[1.75,1.5,4.75,4.5],"texture":"#texture"},"up":{"uv":[1.75,1.25,4.75,4.25],"texture":"#texture"},"north":{"uv":[1.75,1.25,4.75,4.25],"texture":"#texture"},"south":{"uv":[1.75,1.25,4.75,4.25],"texture":"#texture"},"west":{"uv":[1.25,1.75,4.25,4.75],"texture":"#texture"},"east":{"uv":[1.5,1.75,4.5,4.75],"texture":"#texture"}}},{"__comment":"Element","from":[9.4381,7.335,6.5],"to":[10.85314,8.75,9.5],"rotation":{"origin":[9.43806,8.75,6.5],"axis":"z","angle":-45},"faces":{"down":{"uv":[1.75,1.5,4.75,4.5],"texture":"#texture"},"up":{"uv":[1.75,1.25,4.75,4.25],"texture":"#texture"},"north":{"uv":[1.75,1.25,4.75,4.25],"texture":"#texture"},"south":{"uv":[1.75,1.25,4.75,4.25],"texture":"#texture"},"west":{"uv":[1.25,1.75,4.25,4.75],"texture":"#texture"},"east":{"uv":[1.5,1.75,4.5,4.75],"texture":"#texture"}}},{"__comment":"Element","from":[8.5,5.585,6.5],"to":[9.915,7,9.5],"rotation":{"origin":[8.5,7,6.5],"axis":"z","angle":45},"faces":{"down":{"uv":[7.5,1.5,10.5,4.5],"texture":"#texture"},"up":{"uv":[7.5,1.5,10.5,4.5],"texture":"#texture"},"north":{"uv":[7.5,1.5,10.5,4.5],"texture":"#texture"},"south":{"uv":[7.5,1.5,10.5,4.5],"texture":"#texture"},"west":{"uv":[7.5,1.5,10.5,4.5],"texture":"#texture"},"east":{"uv":[7.5,1.5,10.5,4.5],"texture":"#texture"}}},{"__comment":"Element","from":[2,7.335,5.5],"to":[9,8.75,6.915],"rotation":{"origin":[2,8.75,5.5],"axis":"x","angle":-45},"faces":{"down":{"uv":[1.75,1.5,4.75,4.5],"texture":"#texture"},"up":{"uv":[1.75,1.25,4.75,4.25],"texture":"#texture"},"north":{"uv":[1.75,1.25,4.75,4.25],"texture":"#texture"},"south":{"uv":[1.75,1.25,4.75,4.25],"texture":"#texture"},"west":{"uv":[1.25,1.75,4.25,4.75],"texture":"#texture"},"east":{"uv":[1.5,1.75,4.5,4.75],"texture":"#texture"}}},{"__comment":"Element","from":[2,8.335,9.5],"to":[9,9.75,10.915],"rotation":{"origin":[2,9.75,9.5],"axis":"x","angle":45},"faces":{"down":{"uv":[1.75,1.5,4.75,4.5],"texture":"#texture"},"up":{"uv":[1.75,1.25,4.75,4.25],"texture":"#texture"},"north":{"uv":[1.75,1.25,4.75,4.25],"texture":"#texture"},"south":{"uv":[1.75,1.25,4.75,4.25],"texture":"#texture"},"west":{"uv":[1.25,1.75,4.25,4.75],"texture":"#texture"},"east":{"uv":[1.5,1.75,4.5,4.75],"texture":"#texture"}}},{"__comment":"Element","from":[1,7.335,6.5],"to":[2.415,8.75,9.5],"rotation":{"origin":[1,8.75,6.5],"axis":"z","angle":45},"faces":{"down":{"uv":[1.75,1.5,4.75,4.5],"texture":"#texture"},"up":{"uv":[1.75,1.25,4.75,4.25],"texture":"#texture"},"north":{"uv":[1.75,1.25,4.75,4.25],"texture":"#texture"},"south":{"uv":[1.75,1.25,4.75,4.25],"texture":"#texture"},"west":{"uv":[1.25,1.75,4.25,4.75],"texture":"#texture"},"east":{"uv":[1.5,1.75,4.5,4.75],"texture":"#texture"}}},{"__comment":"Element","from":[9,8.335,6.5],"to":[10.415,9.75,9.5],"rotation":{"origin":[9,9.75,6.5],"axis":"z","angle":-45},"faces":{"down":{"uv":[1.75,1.5,4.75,4.5],"texture":"#texture"},"up":{"uv":[1.75,1.25,4.75,4.25],"texture":"#texture"},"north":{"uv":[1.75,1.25,4.75,4.25],"texture":"#texture"},"south":{"uv":[1.75,1.25,4.75,4.25],"texture":"#texture"},"west":{"uv":[1.25,1.75,4.25,4.75],"texture":"#texture"},"east":{"uv":[1.5,1.75,4.5,4.75],"texture":"#texture"}}},{"__comment":"Element","from":[2,7.75,6.5],"to":[9,9.75,9.5],"faces":{"down":{"uv":[1.75,1.5,4.75,4.5],"texture":"#texture"},"up":{"uv":[1.75,1.25,4.75,4.25],"texture":"#texture"},"north":{"uv":[1.75,1.25,4.75,4.25],"texture":"#texture"},"south":{"uv":[1.75,1.25,4.75,4.25],"texture":"#texture"},"west":{"uv":[1.25,1.75,4.25,4.75],"texture":"#texture"},"east":{"uv":[1.5,1.75,4.5,4.75],"texture":"#texture"}}},{"__comment":"Element","from":[2.5,9.75,7],"to":[8.5,10.25,9],"faces":{"down":{"uv":[1.75,1.5,4.75,4.5],"texture":"#texture"},"up":{"uv":[1.75,1.25,4.75,4.25],"texture":"#texture"},"north":{"uv":[1.75,1.25,4.75,4.25],"texture":"#texture"},"south":{"uv":[1.75,1.25,4.75,4.25],"texture":"#texture"},"west":{"uv":[1.25,1.75,4.25,4.75],"texture":"#texture"},"east":{"uv":[1.5,1.75,4.5,4.75],"texture":"#texture"}}},{"__comment":"Element","from":[2,9.045,7],"to":[2.705,9.75,9],"rotation":{"origin":[2,9.75,7],"axis":"z","angle":45},"faces":{"down":{"uv":[1.75,1.5,4.75,4.5],"texture":"#texture"},"up":{"uv":[1.75,1.25,4.75,4.25],"texture":"#texture"},"north":{"uv":[1.75,1.25,4.75,4.25],"texture":"#texture"},"south":{"uv":[1.75,1.25,4.75,4.25],"texture":"#texture"},"west":{"uv":[1.25,1.75,4.25,4.75],"texture":"#texture"},"east":{"uv":[1.5,1.75,4.5,4.75],"texture":"#texture"}}},{"__comment":"Element","from":[8.5,9.545,7],"to":[9.205,10.25,9],"rotation":{"origin":[8.5,10.25,7],"axis":"z","angle":-45},"faces":{"down":{"uv":[1.75,1.5,4.75,4.5],"texture":"#texture"},"up":{"uv":[1.75,1.25,4.75,4.25],"texture":"#texture"},"north":{"uv":[1.75,1.25,4.75,4.25],"texture":"#texture"},"south":{"uv":[1.75,1.25,4.75,4.25],"texture":"#texture"},"west":{"uv":[1.25,1.75,4.25,4.75],"texture":"#texture"},"east":{"uv":[1.5,1.75,4.5,4.75],"texture":"#texture"}}},{"__comment":"Element","from":[2.5,9.045,6.5],"to":[8.5,9.75,7.205],"rotation":{"origin":[2.5,9.75,6.5],"axis":"x","angle":-45},"faces":{"down":{"uv":[1.75,1.5,4.75,4.5],"texture":"#texture"},"up":{"uv":[1.75,1.25,4.75,4.25],"texture":"#texture"},"north":{"uv":[1.75,1.25,4.75,4.25],"texture":"#texture"},"south":{"uv":[1.75,1.25,4.75,4.25],"texture":"#texture"},"west":{"uv":[1.25,1.75,4.25,4.75],"texture":"#texture"},"east":{"uv":[1.5,1.75,4.5,4.75],"texture":"#texture"}}},{"__comment":"Element","from":[2.5,9.545,9],"to":[8.5,10.25,9.705],"rotation":{"origin":[2.5,10.25,9],"axis":"x","angle":45},"faces":{"down":{"uv":[1.75,1.5,4.75,4.5],"texture":"#texture"},"up":{"uv":[1.75,1.25,4.75,4.25],"texture":"#texture"},"north":{"uv":[1.75,1.25,4.75,4.25],"texture":"#texture"},"south":{"uv":[1.75,1.25,4.75,4.25],"texture":"#texture"},"west":{"uv":[1.25,1.75,4.25,4.75],"texture":"#texture"},"east":{"uv":[1.5,1.75,4.5,4.75],"texture":"#texture"}}},{"__comment":"Element","from":[2.5,6.5,9.51],"to":[3.5,8.5,10.51],"faces":{"down":{"uv":[12.5,1,14.75,4],"texture":"#particle"},"up":{"uv":[12,1.25,14,3.5],"texture":"#particle"},"north":{"uv":[0.25,0.25,11.5,15.75],"texture":"#particle"},"south":{"uv":[11.5,0.25,0.25,15.75],"texture":"#particle"},"west":{"uv":[11.75,3,14.25,7.5],"texture":"#particle"},"east":{"uv":[12.5,1.5,14.5,6.5],"texture":"#particle"}}},{"__comment":"Element","from":[2.5,6.5,5.49],"to":[3.5,8.5,6.49],"faces":{"down":{"uv":[12.5,1,14.75,4],"texture":"#particle"},"up":{"uv":[12,1.25,14,3.5],"texture":"#particle"},"north":{"uv":[0.25,0.25,11.5,15.75],"texture":"#particle"},"south":{"uv":[11.5,0.25,0.25,15.75],"texture":"#particle"},"west":{"uv":[11.75,3,14.25,7.5],"texture":"#particle"},"east":{"uv":[12.5,1.5,14.5,6.5],"texture":"#particle"}}},{"__comment":"Element","from":[2.75,9.25,6.25],"to":[5.25,10.5,7.75],"rotation":{"origin":[2.75,10.5,6.25],"axis":"z","angle":22.5},"faces":{"down":{"uv":[1.75,1.5,4.75,4.5],"texture":"#texture"},"up":{"uv":[1.75,1.25,4.75,4.25],"texture":"#texture"},"north":{"uv":[1.75,1.25,4.75,4.25],"texture":"#texture"},"south":{"uv":[1.75,1.25,4.75,4.25],"texture":"#texture"},"west":{"uv":[1.25,1.75,4.25,4.75],"texture":"#texture"},"east":{"uv":[1.5,1.75,4.5,4.75],"texture":"#texture"}}},{"__comment":"Element","from":[2.75,9.25,8.25],"to":[5.25,10.5,9.75],"rotation":{"origin":[2.75,10.5,8.25],"axis":"z","angle":22.5},"faces":{"down":{"uv":[1.75,1.5,4.75,4.5],"texture":"#texture"},"up":{"uv":[1.75,1.25,4.75,4.25],"texture":"#texture"},"north":{"uv":[1.75,1.25,4.75,4.25],"texture":"#texture"},"south":{"uv":[1.75,1.25,4.75,4.25],"texture":"#texture"},"west":{"uv":[1.25,1.75,4.25,4.75],"texture":"#texture"},"east":{"uv":[1.5,1.75,4.5,4.75],"texture":"#texture"}}},{"__comment":"Element","from":[2.5,9.25,6.5],"to":[5.625,10.25,7.5],"rotation":{"origin":[2.5,10.25,6.5],"axis":"z","angle":22.5},"faces":{"down":{"uv":[1.75,1.5,4.75,4.5],"texture":"#texture"},"up":{"uv":[1.75,1.25,4.75,4.25],"texture":"#texture"},"north":{"uv":[1.75,1.25,4.75,4.25],"texture":"#texture"},"south":{"uv":[1.75,1.25,4.75,4.25],"texture":"#texture"},"west":{"uv":[1.25,1.75,4.25,4.75],"texture":"#texture"},"east":{"uv":[1.5,1.75,4.5,4.75],"texture":"#texture"}}},{"__comment":"Element","from":[2.5,9.25,8.5],"to":[5.5625,10.25,9.5],"rotation":{"origin":[2.5,10.25,8.5],"axis":"z","angle":22.5},"faces":{"down":{"uv":[1.75,1.5,4.75,4.5],"texture":"#texture"},"up":{"uv":[1.75,1.25,4.75,4.25],"texture":"#texture"},"north":{"uv":[1.75,1.25,4.75,4.25],"texture":"#texture"},"south":{"uv":[1.75,1.25,4.75,4.25],"texture":"#texture"},"west":{"uv":[1.25,1.75,4.25,4.75],"texture":"#texture"},"east":{"uv":[1.5,1.75,4.5,4.75],"texture":"#texture"}}},{"__comment":"Element","from":[2.75,9,8.5],"to":[5,10.75,9.5],"rotation":{"origin":[2.75,10.75,8.5],"axis":"z","angle":22.5},"faces":{"down":{"uv":[1.75,1.5,4.75,4.5],"texture":"#texture"},"up":{"uv":[1.75,1.25,4.75,4.25],"texture":"#texture"},"north":{"uv":[1.75,1.25,4.75,4.25],"texture":"#texture"},"south":{"uv":[1.75,1.25,4.75,4.25],"texture":"#texture"},"west":{"uv":[1.25,1.75,4.25,4.75],"texture":"#texture"},"east":{"uv":[1.5,1.75,4.5,4.75],"texture":"#texture"}}},{"__comment":"Element","from":[2.75,9,6.5],"to":[5,10.75,7.5],"rotation":{"origin":[2.75,10.75,6.5],"axis":"z","angle":22.5},"faces":{"down":{"uv":[1.75,1.5,4.75,4.5],"texture":"#texture"},"up":{"uv":[1.75,1.25,4.75,4.25],"texture":"#texture"},"north":{"uv":[1.75,1.25,4.75,4.25],"texture":"#texture"},"south":{"uv":[1.75,1.25,4.75,4.25],"texture":"#texture"},"west":{"uv":[1.25,1.75,4.25,4.75],"texture":"#texture"},"east":{"uv":[1.5,1.75,4.5,4.75],"texture":"#texture"}}},{"__comment":"fin","from":[4,4.75,10.25],"to":[4.0625,7,13.25],"rotation":{"origin":[4,4.75,10.25],"axis":"y","angle":45},"faces":{"down":{"uv":[11,10,13.75,12.25],"texture":"#fin"},"up":{"uv":[8,10.75,10.5,12.5],"texture":"#fin"},"north":{"uv":[9,9.5,11.5,11.5],"texture":"#fin"},"south":{"uv":[9.5,10,12.25,11.75],"texture":"#fin"},"west":{"uv":[15.75,0.25,0.25,9.75],"texture":"#fin"},"east":{"uv":[0.25,0.25,15.75,9.75],"texture":"#fin"}}},{"__comment":"fin*","from":[6.125,4.75,3.5],"to":[6.1875,7,6.5],"rotation":{"origin":[6.125,4.75,3.5],"axis":"y","angle":-45},"faces":{"down":{"uv":[11,10,13.75,12.25],"texture":"#fin"},"up":{"uv":[8,10.75,10.5,12.5],"texture":"#fin"},"north":{"uv":[9,9.5,11.5,11.5],"texture":"#fin"},"south":{"uv":[9.5,10,12.25,11.75],"texture":"#fin"},"west":{"uv":[0.25,0.25,15.75,9.75],"texture":"#fin"},"east":{"uv":[15.75,0.25,0.25,9.75],"texture":"#fin"}}},{"__comment":"fin_back_top","from":[10.3,4.5,7.75],"to":[16.3,16,7.8125],"rotation":{"origin":[10.3,4.5,7.75],"axis":"y","angle":45},"faces":{"down":{"uv":[12.5,1.5,14.5,3.5],"texture":"#fin_back_top"},"up":{"uv":[12,2.5,14,4.5],"texture":"#fin_back_top"},"north":{"uv":[0.125,0.125,12.75,14.375],"texture":"#fin_back_top"},"south":{"uv":[12.75,0.125,0.125,14.375],"texture":"#fin_back_top"},"west":{"uv":[13,1.5,15.5,4],"texture":"#fin_back_top"},"east":{"uv":[13.25,2.5,15,4.75],"texture":"#fin_back_top"}}},{"__comment":"fin_back_top*","from":[10.3,4.5,8.25],"to":[16.3,16,8.3125],"rotation":{"origin":[10.3,4.5,8.25],"axis":"y","angle":-45},"faces":{"down":{"uv":[12.5,1.5,14.5,3.5],"texture":"#fin_back_top"},"up":{"uv":[12,2.5,14,4.5],"texture":"#fin_back_top"},"north":{"uv":[0.125,0.125,12.75,14.375],"texture":"#fin_back_top"},"south":{"uv":[12.75,0.125,0.125,14.375],"texture":"#fin_back_top"},"west":{"uv":[13,1.5,15.5,4],"texture":"#fin_back_top"},"east":{"uv":[13.25,2.5,15,4.75],"texture":"#fin_back_top"}}},{"__comment":"Element","from":[3.5,7,9.51],"to":[4.5,7.75,10.51],"faces":{"down":{"uv":[2,10.5,5,13],"texture":"#eye_triangle"},"up":{"uv":[2.25,10.5,4.75,13.25],"texture":"#eye_triangle"},"north":{"uv":[13.75,0.25,0.25,12],"texture":"#eye_triangle"},"south":{"uv":[13.75,0.25,0.25,12],"texture":"#eye_triangle"},"west":{"uv":[3.5,10,6.75,12.75],"texture":"#eye_triangle"},"east":{"uv":[3.75,11.5,6.5,13.5],"texture":"#eye_triangle"}}},{"__comment":"Element","from":[3.5,7,5.49],"to":[4.5,7.75,6.49],"faces":{"down":{"uv":[2,10.5,5,13],"texture":"#eye_triangle"},"up":{"uv":[2.25,10.5,4.75,13.25],"texture":"#eye_triangle"},"north":{"uv":[0.25,0.25,13.75,12],"texture":"#eye_triangle"},"south":{"uv":[13.75,0.25,0.25,12],"texture":"#eye_triangle"},"west":{"uv":[3.5,10,6.75,12.75],"texture":"#eye_triangle"},"east":{"uv":[3.75,11.5,6.5,13.5],"texture":"#eye_triangle"}}},{"__comment":"fin_back_top*","from":[10.28,1.5,7.75],"to":[13.78,6.5,7.8125],"rotation":{"origin":[10.28,1.5,7.75],"axis":"y","angle":45},"faces":{"down":{"uv":[12.5,1.5,14.5,3.5],"texture":"#fin_back_bottom"},"up":{"uv":[12.5,4,14.5,6],"texture":"#fin_back_bottom"},"north":{"uv":[12.25,0.125,0.125,14.625],"texture":"#fin_back_bottom"},"south":{"uv":[0.125,0.125,12.125,14.625],"texture":"#fin_back_bottom"},"west":{"uv":[13,1.5,15.5,4],"texture":"#fin_back_bottom"},"east":{"uv":[13.25,2.5,15,4.75],"texture":"#fin_back_bottom"}}},{"__comment":"fin_back_top*","from":[10.2817,1.5,8.25],"to":[13.7817,6.5,8.3125],"rotation":{"origin":[10.2817,1.5,8.25],"axis":"y","angle":-45},"faces":{"down":{"uv":[12.5,1.5,14.5,3.5],"texture":"#fin_back_bottom"},"up":{"uv":[12.5,4,14.5,6],"texture":"#fin_back_bottom"},"north":{"uv":[12.25,0.125,0.125,14.625],"texture":"#fin_back_bottom"},"south":{"uv":[0.125,0.125,12.125,14.625],"texture":"#fin_back_bottom"},"west":{"uv":[13,1.5,15.5,4],"texture":"#fin_back_bottom"},"east":{"uv":[13.25,2.5,15,4.75],"texture":"#fin_back_bottom"}}}],"display":{"thirdperson_righthand":{"scale":[0.0001,0.0001,0.0001]},"thirdperson_lefthand":{"scale":[0.0001,0.0001,0.0001]},"firstperson_righthand":{"scale":[0.0001,0.0001,0.0001]},"firstperson_lefthand":{"scale":[0.0001,0.0001,0.0001]},"gui":{"rotation":[30,40,0],"translation":[0,-2,0],"scale":[0.9,0.9,0.9]},"head":{"rotation":[0,-90,0],"translation":[0,-28,0],"scale":[1.5,1.5,1.5]},"ground":{"scale":[0.0001,0.0001,0.0001]},"fixed":{"scale":[0.0001,0.0001,0.0001]}}}