{"__comment":"Designed by MadstonMagic with BDcraft Cubik PRO 1.00 for MC1.8 - http://bdcraft.net","textures":{"particle":"pokemon_skins/regular/magnezone/eye","texture":"pokemon_skins/regular/magnezone/magnezone","circle_top":"pokemon_skins/regular/magnezone/circle_top","screw":"pokemon_skins/regular/magnezone/screw"},"elements":[{"__comment":"Element","from":[3.5,7,4],"to":[12.5,9,12],"faces":{"down":{"uv":[7,1.5,10.5,5],"texture":"#texture"},"up":{"uv":[7,1,10.5,4.5],"texture":"#texture"},"north":{"uv":[6.5,0.5,10,4],"texture":"#texture"},"south":{"uv":[7,0.5,10.5,4],"texture":"#texture"},"west":{"uv":[6.5,1,10,4.5],"texture":"#texture"},"east":{"uv":[6,1,9.5,4.5],"texture":"#texture"}}},{"__comment":"Element","from":[5.5,7,2],"to":[10.5,9,14],"faces":{"down":{"uv":[7,1.5,10.5,5],"texture":"#texture"},"up":{"uv":[7,1,10.5,4.5],"texture":"#texture"},"north":{"uv":[6.5,0.5,10,4],"texture":"#texture"},"south":{"uv":[7,0.5,10.5,4],"texture":"#texture"},"west":{"uv":[6.5,1,10,4.5],"texture":"#texture"},"east":{"uv":[6,1,9.5,4.5],"texture":"#texture"}}},{"__comment":"Element","from":[5.5,5,4],"to":[10.5,7,12],"faces":{"down":{"uv":[7,1.5,10.5,5],"texture":"#texture"},"up":{"uv":[7,1,10.5,4.5],"texture":"#texture"},"north":{"uv":[6.5,0.5,10,4],"texture":"#texture"},"south":{"uv":[7,0.5,10.5,4],"texture":"#texture"},"west":{"uv":[6.5,1,10,4.5],"texture":"#texture"},"east":{"uv":[6,1,9.5,4.5],"texture":"#texture"}}},{"__comment":"Element","from":[3.5,7,4],"to":[6.33,9,6.83],"rotation":{"origin":[3.5,7,4],"axis":"y","angle":45},"faces":{"down":{"uv":[7,1.5,10.5,5],"texture":"#texture"},"up":{"uv":[7,1,10.5,4.5],"texture":"#texture"},"north":{"uv":[6.5,0.5,10,4],"texture":"#texture"},"south":{"uv":[7,0.5,10.5,4],"texture":"#texture"},"west":{"uv":[6.5,1,10,4.5],"texture":"#texture"},"east":{"uv":[6,1,9.5,4.5],"texture":"#texture"}}},{"__comment":"Element","from":[10.5,7,2],"to":[13.33,9,4.83],"rotation":{"origin":[10.5,7,2],"axis":"y","angle":-45},"faces":{"down":{"uv":[7,1.5,10.5,5],"texture":"#texture"},"up":{"uv":[7,1,10.5,4.5],"texture":"#texture"},"north":{"uv":[6.5,0.5,10,4],"texture":"#texture"},"south":{"uv":[7,0.5,10.5,4],"texture":"#texture"},"west":{"uv":[6.5,1,10,4.5],"texture":"#texture"},"east":{"uv":[6,1,9.5,4.5],"texture":"#texture"}}},{"__comment":"Element","from":[10.5,7,10],"to":[13.33,9,12.83],"rotation":{"origin":[10.5,7,10],"axis":"y","angle":-45},"faces":{"down":{"uv":[7,1.5,10.5,5],"texture":"#texture"},"up":{"uv":[7,1,10.5,4.5],"texture":"#texture"},"north":{"uv":[6.5,0.5,10,4],"texture":"#texture"},"south":{"uv":[7,0.5,10.5,4],"texture":"#texture"},"west":{"uv":[6.5,1,10,4.5],"texture":"#texture"},"east":{"uv":[6,1,9.5,4.5],"texture":"#texture"}}},{"__comment":"Element","from":[3.5,7,12],"to":[6.33,9,14.83],"rotation":{"origin":[3.5,7,12],"axis":"y","angle":45},"faces":{"down":{"uv":[7,1.5,10.5,5],"texture":"#texture"},"up":{"uv":[7,1,10.5,4.5],"texture":"#texture"},"north":{"uv":[6.5,0.5,10,4],"texture":"#texture"},"south":{"uv":[7,0.5,10.5,4],"texture":"#texture"},"west":{"uv":[6.5,1,10,4.5],"texture":"#texture"},"east":{"uv":[6,1,9.5,4.5],"texture":"#texture"}}},{"__comment":"Element","from":[5.5,4.17,2],"to":[10.5,7,4.83],"rotation":{"origin":[5.5,7,2],"axis":"x","angle":-45},"faces":{"down":{"uv":[7,1.5,10.5,5],"texture":"#texture"},"up":{"uv":[7,1,10.5,4.5],"texture":"#texture"},"north":{"uv":[6.5,0.5,10,4],"texture":"#texture"},"south":{"uv":[7,0.5,10.5,4],"texture":"#texture"},"west":{"uv":[6.5,1,10,4.5],"texture":"#texture"},"east":{"uv":[6,1,9.5,4.5],"texture":"#texture"}}},{"__comment":"Element","from":[5.5,6.17,12],"to":[10.5,9,14.83],"rotation":{"origin":[5.5,9,12],"axis":"x","angle":45},"faces":{"down":{"uv":[7,1.5,10.5,5],"texture":"#texture"},"up":{"uv":[7,1,10.5,4.5],"texture":"#texture"},"north":{"uv":[6.5,0.5,10,4],"texture":"#texture"},"south":{"uv":[7,0.5,10.5,4],"texture":"#texture"},"west":{"uv":[6.5,1,10,4.5],"texture":"#texture"},"east":{"uv":[6,1,9.5,4.5],"texture":"#texture"}}},{"__comment":"Element","from":[3.5,4.17,4],"to":[6.33,7,12],"rotation":{"origin":[3.5,7,4],"axis":"z","angle":45},"faces":{"down":{"uv":[7,1.5,10.5,5],"texture":"#texture"},"up":{"uv":[7,1,10.5,4.5],"texture":"#texture"},"north":{"uv":[6.5,0.5,10,4],"texture":"#texture"},"south":{"uv":[7,0.5,10.5,4],"texture":"#texture"},"west":{"uv":[6.5,1,10,4.5],"texture":"#texture"},"east":{"uv":[6,1,9.5,4.5],"texture":"#texture"}}},{"__comment":"Element","from":[10.5,6.17,4],"to":[13.33,9,12],"rotation":{"origin":[10.5,9,4],"axis":"z","angle":-45},"faces":{"down":{"uv":[7,1.5,10.5,5],"texture":"#texture"},"up":{"uv":[7,1,10.5,4.5],"texture":"#texture"},"north":{"uv":[6.5,0.5,10,4],"texture":"#texture"},"south":{"uv":[7,0.5,10.5,4],"texture":"#texture"},"west":{"uv":[6.5,1,10,4.5],"texture":"#texture"},"east":{"uv":[6,1,9.5,4.5],"texture":"#texture"}}},{"__comment":"Element","from":[3.5,9,4],"to":[12.5,11,12],"faces":{"down":{"uv":[1,1,4.5,4.5],"texture":"#texture"},"up":{"uv":[1,1,4.5,4.5],"texture":"#texture"},"north":{"uv":[1,1,4.5,4.5],"texture":"#texture"},"south":{"uv":[1,1,4.5,4.5],"texture":"#texture"},"west":{"uv":[1,1,4.5,4.5],"texture":"#texture"},"east":{"uv":[1,1,4.5,4.5],"texture":"#texture"}}},{"__comment":"Element","from":[5.5,9,2],"to":[10.5,11,14],"faces":{"down":{"uv":[1,1,4.5,4.5],"texture":"#texture"},"up":{"uv":[1,1,4.5,4.5],"texture":"#texture"},"north":{"uv":[1,1,4.5,4.5],"texture":"#texture"},"south":{"uv":[1,1,4.5,4.5],"texture":"#texture"},"west":{"uv":[1,1,4.5,4.5],"texture":"#texture"},"east":{"uv":[1,1,4.5,4.5],"texture":"#texture"}}},{"__comment":"Element","from":[5.5,11,4],"to":[10.5,13,12],"faces":{"down":{"uv":[1,1,4.5,4.5],"texture":"#texture"},"up":{"uv":[0.75,6.5,4.25,10],"texture":"#texture"},"north":{"uv":[0.5,6.75,4,10.25],"texture":"#texture"},"south":{"uv":[0.75,7,4.25,10.5],"texture":"#texture"},"west":{"uv":[1,6.5,4.5,10],"texture":"#texture"},"east":{"uv":[0.5,6.25,4,9.75],"texture":"#texture"}}},{"__comment":"Element","from":[3.5,9.585,4],"to":[4.915,11,12],"rotation":{"origin":[3.5,11,4],"axis":"z","angle":45},"faces":{"down":{"uv":[1,1,4.5,4.5],"texture":"#texture"},"up":{"uv":[1,1,4.5,4.5],"texture":"#texture"},"north":{"uv":[1,1,4.5,4.5],"texture":"#texture"},"south":{"uv":[1,1,4.5,4.5],"texture":"#texture"},"west":{"uv":[1,1,4.5,4.5],"texture":"#texture"},"east":{"uv":[1,1,4.5,4.5],"texture":"#texture"}}},{"__comment":"Element","from":[11.5,10.585,4],"to":[12.915,12,12],"rotation":{"origin":[11.5,12,4],"axis":"z","angle":-45},"faces":{"down":{"uv":[1,1,4.5,4.5],"texture":"#texture"},"up":{"uv":[1,1,4.5,4.5],"texture":"#texture"},"north":{"uv":[1,1,4.5,4.5],"texture":"#texture"},"south":{"uv":[1,1,4.5,4.5],"texture":"#texture"},"west":{"uv":[1,1,4.5,4.5],"texture":"#texture"},"east":{"uv":[1,1,4.5,4.5],"texture":"#texture"}}},{"__comment":"Element","from":[5.5,9.585,2],"to":[10.5,11,3.415],"rotation":{"origin":[5.5,11,2],"axis":"x","angle":-45},"faces":{"down":{"uv":[1,1,4.5,4.5],"texture":"#texture"},"up":{"uv":[1,1,4.5,4.5],"texture":"#texture"},"north":{"uv":[1,1,4.5,4.5],"texture":"#texture"},"south":{"uv":[1,1,4.5,4.5],"texture":"#texture"},"west":{"uv":[1,1,4.5,4.5],"texture":"#texture"},"east":{"uv":[1,1,4.5,4.5],"texture":"#texture"}}},{"__comment":"Element","from":[5.5,10.585,13],"to":[10.5,12,14.415],"rotation":{"origin":[5.5,12,13],"axis":"x","angle":45},"faces":{"down":{"uv":[1,1,4.5,4.5],"texture":"#texture"},"up":{"uv":[1,1,4.5,4.5],"texture":"#texture"},"north":{"uv":[1,1,4.5,4.5],"texture":"#texture"},"south":{"uv":[1,1,4.5,4.5],"texture":"#texture"},"west":{"uv":[1,1,4.5,4.5],"texture":"#texture"},"east":{"uv":[1,1,4.5,4.5],"texture":"#texture"}}},{"__comment":"Element","from":[3.5,9,4],"to":[6.33,11,6.83],"rotation":{"origin":[3.5,9,4],"axis":"y","angle":45},"faces":{"down":{"uv":[1,1,4.5,4.5],"texture":"#texture"},"up":{"uv":[1,1,4.5,4.5],"texture":"#texture"},"north":{"uv":[1,1,4.5,4.5],"texture":"#texture"},"south":{"uv":[1,1,4.5,4.5],"texture":"#texture"},"west":{"uv":[1,1,4.5,4.5],"texture":"#texture"},"east":{"uv":[1,1,4.5,4.5],"texture":"#texture"}}},{"__comment":"Element","from":[10.5,9,2],"to":[13.33,11,4.83],"rotation":{"origin":[10.5,9,2],"axis":"y","angle":-45},"faces":{"down":{"uv":[1,1,4.5,4.5],"texture":"#texture"},"up":{"uv":[1,1,4.5,4.5],"texture":"#texture"},"north":{"uv":[1,1,4.5,4.5],"texture":"#texture"},"south":{"uv":[1,1,4.5,4.5],"texture":"#texture"},"west":{"uv":[1,1,4.5,4.5],"texture":"#texture"},"east":{"uv":[1,1,4.5,4.5],"texture":"#texture"}}},{"__comment":"Element","from":[10.5,9,10],"to":[13.33,11,12.83],"rotation":{"origin":[10.5,9,10],"axis":"y","angle":-45},"faces":{"down":{"uv":[1,1,4.5,4.5],"texture":"#texture"},"up":{"uv":[1,1,4.5,4.5],"texture":"#texture"},"north":{"uv":[1,1,4.5,4.5],"texture":"#texture"},"south":{"uv":[1,1,4.5,4.5],"texture":"#texture"},"west":{"uv":[1,1,4.5,4.5],"texture":"#texture"},"east":{"uv":[1,1,4.5,4.5],"texture":"#texture"}}},{"__comment":"Element","from":[3.5,9,12],"to":[6.33,11,14.83],"rotation":{"origin":[3.5,9,12],"axis":"y","angle":45},"faces":{"down":{"uv":[1,1,4.5,4.5],"texture":"#texture"},"up":{"uv":[1,1,4.5,4.5],"texture":"#texture"},"north":{"uv":[1,1,4.5,4.5],"texture":"#texture"},"south":{"uv":[1,1,4.5,4.5],"texture":"#texture"},"west":{"uv":[1,1,4.5,4.5],"texture":"#texture"},"east":{"uv":[1,1,4.5,4.5],"texture":"#texture"}}},{"__comment":"Element","from":[2.5,8.5,4],"to":[13.5,9,12],"faces":{"down":{"uv":[7,1.5,10.5,5],"texture":"#texture"},"up":{"uv":[7,1,10.5,4.5],"texture":"#texture"},"north":{"uv":[6.5,0.5,10,4],"texture":"#texture"},"south":{"uv":[7,0.5,10.5,4],"texture":"#texture"},"west":{"uv":[6.5,1,10,4.5],"texture":"#texture"},"east":{"uv":[6,1,9.5,4.5],"texture":"#texture"}}},{"__comment":"Element","from":[5.5,8.5,-2],"to":[10.5,9,18],"faces":{"down":{"uv":[7,1.5,10.5,5],"texture":"#texture"},"up":{"uv":[7,1,10.5,4.5],"texture":"#texture"},"north":{"uv":[6.5,0.5,10,4],"texture":"#texture"},"south":{"uv":[7,0.5,10.5,4],"texture":"#texture"},"west":{"uv":[6.5,1,10,4.5],"texture":"#texture"},"east":{"uv":[6,1,9.5,4.5],"texture":"#texture"}}},{"__comment":"Element","from":[2.5,8.5,4],"to":[6.74,9,8.24],"rotation":{"origin":[2.5,8.5,4],"axis":"y","angle":45},"faces":{"down":{"uv":[7,1.5,10.5,5],"texture":"#texture"},"up":{"uv":[7,1,10.5,4.5],"texture":"#texture"},"north":{"uv":[6.5,0.5,10,4],"texture":"#texture"},"south":{"uv":[7,0.5,10.5,4],"texture":"#texture"},"west":{"uv":[6.5,1,10,4.5],"texture":"#texture"},"east":{"uv":[6,1,9.5,4.5],"texture":"#texture"}}},{"__comment":"Element","from":[10.5,8.5,1],"to":[14.74,9,5.24],"rotation":{"origin":[10.5,8.5,1],"axis":"y","angle":-45},"faces":{"down":{"uv":[7,1.5,10.5,5],"texture":"#texture"},"up":{"uv":[7,1,10.5,4.5],"texture":"#texture"},"north":{"uv":[6.5,0.5,10,4],"texture":"#texture"},"south":{"uv":[7,0.5,10.5,4],"texture":"#texture"},"west":{"uv":[6.5,1,10,4.5],"texture":"#texture"},"east":{"uv":[6,1,9.5,4.5],"texture":"#texture"}}},{"__comment":"Element","from":[10.5,8.5,9],"to":[14.74,9,13.24],"rotation":{"origin":[10.5,8.5,9],"axis":"y","angle":-45},"faces":{"down":{"uv":[7,1.5,10.5,5],"texture":"#texture"},"up":{"uv":[7,1,10.5,4.5],"texture":"#texture"},"north":{"uv":[6.5,0.5,10,4],"texture":"#texture"},"south":{"uv":[7,0.5,10.5,4],"texture":"#texture"},"west":{"uv":[6.5,1,10,4.5],"texture":"#texture"},"east":{"uv":[6,1,9.5,4.5],"texture":"#texture"}}},{"__comment":"Element","from":[2.5,8.5,12],"to":[6.74,9,16.24],"rotation":{"origin":[2.5,8.5,12],"axis":"y","angle":45},"faces":{"down":{"uv":[7,1.5,10.5,5],"texture":"#texture"},"up":{"uv":[7,1,10.5,4.5],"texture":"#texture"},"north":{"uv":[6.5,0.5,10,4],"texture":"#texture"},"south":{"uv":[7,0.5,10.5,4],"texture":"#texture"},"west":{"uv":[6.5,1,10,4.5],"texture":"#texture"},"east":{"uv":[6,1,9.5,4.5],"texture":"#texture"}}},{"__comment":"Element","from":[6.5,9,14.5],"to":[9.5,11,17],"faces":{"down":{"uv":[1,1,4.5,4.5],"texture":"#texture"},"up":{"uv":[1,1,4.5,4.5],"texture":"#texture"},"north":{"uv":[1,1,4.5,4.5],"texture":"#texture"},"south":{"uv":[1,1,4.5,4.5],"texture":"#texture"},"west":{"uv":[1,1,4.5,4.5],"texture":"#texture"},"east":{"uv":[1,1,4.5,4.5],"texture":"#texture"}}},{"__comment":"Element","from":[6.5,9,13.5],"to":[9.5,10,18],"faces":{"down":{"uv":[1,1,4.5,4.5],"texture":"#texture"},"up":{"uv":[1,1,4.5,4.5],"texture":"#texture"},"north":{"uv":[1,1,4.5,4.5],"texture":"#texture"},"south":{"uv":[1,1,4.5,4.5],"texture":"#texture"},"west":{"uv":[1,1,4.5,4.5],"texture":"#texture"},"east":{"uv":[1,1,4.5,4.5],"texture":"#texture"}}},{"__comment":"Element","from":[5.5,9,14.5],"to":[10.5,10,17],"faces":{"down":{"uv":[1,1,4.5,4.5],"texture":"#texture"},"up":{"uv":[1,1,4.5,4.5],"texture":"#texture"},"north":{"uv":[1,1,4.5,4.5],"texture":"#texture"},"south":{"uv":[1,1,4.5,4.5],"texture":"#texture"},"west":{"uv":[1,1,4.5,4.5],"texture":"#texture"},"east":{"uv":[1,1,4.5,4.5],"texture":"#texture"}}},{"__comment":"Element","from":[5.5,9,-1],"to":[10.5,10,1.5],"faces":{"down":{"uv":[1,1,4.5,4.5],"texture":"#texture"},"up":{"uv":[1,1,4.5,4.5],"texture":"#texture"},"north":{"uv":[1,1,4.5,4.5],"texture":"#texture"},"south":{"uv":[1,1,4.5,4.5],"texture":"#texture"},"west":{"uv":[1,1,4.5,4.5],"texture":"#texture"},"east":{"uv":[1,1,4.5,4.5],"texture":"#texture"}}},{"__comment":"Element","from":[6.5,9,-1],"to":[9.5,11,1.5],"faces":{"down":{"uv":[1,1,4.5,4.5],"texture":"#texture"},"up":{"uv":[1,1,4.5,4.5],"texture":"#texture"},"north":{"uv":[1,1,4.5,4.5],"texture":"#texture"},"south":{"uv":[1,1,4.5,4.5],"texture":"#texture"},"west":{"uv":[1,1,4.5,4.5],"texture":"#texture"},"east":{"uv":[1,1,4.5,4.5],"texture":"#texture"}}},{"__comment":"Element","from":[6.5,9,-2],"to":[9.5,10,2.5],"faces":{"down":{"uv":[1,1,4.5,4.5],"texture":"#texture"},"up":{"uv":[1,1,4.5,4.5],"texture":"#texture"},"north":{"uv":[1,1,4.5,4.5],"texture":"#texture"},"south":{"uv":[1,1,4.5,4.5],"texture":"#texture"},"west":{"uv":[1,1,4.5,4.5],"texture":"#texture"},"east":{"uv":[1,1,4.5,4.5],"texture":"#texture"}}},{"__comment":"Element","from":[6,8.5,-2.5],"to":[10,9,18.5],"faces":{"down":{"uv":[7,1.5,10.5,5],"texture":"#texture"},"up":{"uv":[7,1,10.5,4.5],"texture":"#texture"},"north":{"uv":[6.5,0.5,10,4],"texture":"#texture"},"south":{"uv":[7,0.5,10.5,4],"texture":"#texture"},"west":{"uv":[6.5,1,10,4.5],"texture":"#texture"},"east":{"uv":[6,1,9.5,4.5],"texture":"#texture"}}},{"__comment":"Element","from":[5,8.5,-1.5],"to":[11,9,17.5],"faces":{"down":{"uv":[7,1.5,10.5,5],"texture":"#texture"},"up":{"uv":[7,1,10.5,4.5],"texture":"#texture"},"north":{"uv":[6.5,0.5,10,4],"texture":"#texture"},"south":{"uv":[7,0.5,10.5,4],"texture":"#texture"},"west":{"uv":[6.5,1,10,4.5],"texture":"#texture"},"east":{"uv":[6,1,9.5,4.5],"texture":"#texture"}}},{"__comment":"Element","from":[5,8.5,-1.5],"to":[6.415,9,-0.08500004],"rotation":{"origin":[5,8.5,-1.5],"axis":"y","angle":45},"faces":{"down":{"uv":[7,1.5,10.5,5],"texture":"#texture"},"up":{"uv":[7,1,10.5,4.5],"texture":"#texture"},"north":{"uv":[6.5,0.5,10,4],"texture":"#texture"},"south":{"uv":[7,0.5,10.5,4],"texture":"#texture"},"west":{"uv":[6.5,1,10,4.5],"texture":"#texture"},"east":{"uv":[6,1,9.5,4.5],"texture":"#texture"}}},{"__comment":"Element","from":[10,8.5,-2.5],"to":[11.415,9,-1.085],"rotation":{"origin":[10,8.5,-2.5],"axis":"y","angle":-45},"faces":{"down":{"uv":[7,1.5,10.5,5],"texture":"#texture"},"up":{"uv":[7,1,10.5,4.5],"texture":"#texture"},"north":{"uv":[6.5,0.5,10,4],"texture":"#texture"},"south":{"uv":[7,0.5,10.5,4],"texture":"#texture"},"west":{"uv":[6.5,1,10,4.5],"texture":"#texture"},"east":{"uv":[6,1,9.5,4.5],"texture":"#texture"}}},{"__comment":"Element","from":[10,8.5,16.5],"to":[11.415,9,17.915],"rotation":{"origin":[10,8.5,16.5],"axis":"y","angle":-45},"faces":{"down":{"uv":[7,1.5,10.5,5],"texture":"#texture"},"up":{"uv":[7,1,10.5,4.5],"texture":"#texture"},"north":{"uv":[6.5,0.5,10,4],"texture":"#texture"},"south":{"uv":[7,0.5,10.5,4],"texture":"#texture"},"west":{"uv":[6.5,1,10,4.5],"texture":"#texture"},"east":{"uv":[6,1,9.5,4.5],"texture":"#texture"}}},{"__comment":"Element","from":[5,8.5,17.5],"to":[6.415,9,18.915],"rotation":{"origin":[5,8.5,17.5],"axis":"y","angle":45},"faces":{"down":{"uv":[7,1.5,10.5,5],"texture":"#texture"},"up":{"uv":[7,1,10.5,4.5],"texture":"#texture"},"north":{"uv":[6.5,0.5,10,4],"texture":"#texture"},"south":{"uv":[7,0.5,10.5,4],"texture":"#texture"},"west":{"uv":[6.5,1,10,4.5],"texture":"#texture"},"east":{"uv":[6,1,9.5,4.5],"texture":"#texture"}}},{"__comment":"Element","from":[5.5,8.585,14.5],"to":[6.915,10,17],"rotation":{"origin":[5.5,10,14.5],"axis":"z","angle":45},"faces":{"down":{"uv":[1,1,4.5,4.5],"texture":"#texture"},"up":{"uv":[1,1,4.5,4.5],"texture":"#texture"},"north":{"uv":[1,1,4.5,4.5],"texture":"#texture"},"south":{"uv":[1,1,4.5,4.5],"texture":"#texture"},"west":{"uv":[1,1,4.5,4.5],"texture":"#texture"},"east":{"uv":[1,1,4.5,4.5],"texture":"#texture"}}},{"__comment":"Element","from":[9.5,9.585,14.5],"to":[10.915,11,17],"rotation":{"origin":[9.5,11,14.5],"axis":"z","angle":-45},"faces":{"down":{"uv":[1,1,4.5,4.5],"texture":"#texture"},"up":{"uv":[1,1,4.5,4.5],"texture":"#texture"},"north":{"uv":[1,1,4.5,4.5],"texture":"#texture"},"south":{"uv":[1,1,4.5,4.5],"texture":"#texture"},"west":{"uv":[1,1,4.5,4.5],"texture":"#texture"},"east":{"uv":[1,1,4.5,4.5],"texture":"#texture"}}},{"__comment":"Element","from":[6.5,8.585,13.5],"to":[9.5,10,14.915],"rotation":{"origin":[6.5,10,13.5],"axis":"x","angle":-45},"faces":{"down":{"uv":[1,1,4.5,4.5],"texture":"#texture"},"up":{"uv":[1,1,4.5,4.5],"texture":"#texture"},"north":{"uv":[1,1,4.5,4.5],"texture":"#texture"},"south":{"uv":[1,1,4.5,4.5],"texture":"#texture"},"west":{"uv":[1,1,4.5,4.5],"texture":"#texture"},"east":{"uv":[1,1,4.5,4.5],"texture":"#texture"}}},{"__comment":"Element","from":[6.5,9.585,17],"to":[9.5,11,18.415],"rotation":{"origin":[6.5,11,17],"axis":"x","angle":45},"faces":{"down":{"uv":[1,1,4.5,4.5],"texture":"#texture"},"up":{"uv":[1,1,4.5,4.5],"texture":"#texture"},"north":{"uv":[1,1,4.5,4.5],"texture":"#texture"},"south":{"uv":[1,1,4.5,4.5],"texture":"#texture"},"west":{"uv":[1,1,4.5,4.5],"texture":"#texture"},"east":{"uv":[1,1,4.5,4.5],"texture":"#texture"}}},{"__comment":"Element","from":[5.5,9,14.5],"to":[6.915,10,15.915],"rotation":{"origin":[5.5,9,14.5],"axis":"y","angle":45},"faces":{"down":{"uv":[1,1,4.5,4.5],"texture":"#texture"},"up":{"uv":[1,1,4.5,4.5],"texture":"#texture"},"north":{"uv":[1,1,4.5,4.5],"texture":"#texture"},"south":{"uv":[1,1,4.5,4.5],"texture":"#texture"},"west":{"uv":[1,1,4.5,4.5],"texture":"#texture"},"east":{"uv":[1,1,4.5,4.5],"texture":"#texture"}}},{"__comment":"Element","from":[9.5,9,13.5],"to":[10.915,10,14.915],"rotation":{"origin":[9.5,9,13.5],"axis":"y","angle":-45},"faces":{"down":{"uv":[1,1,4.5,4.5],"texture":"#texture"},"up":{"uv":[1,1,4.5,4.5],"texture":"#texture"},"north":{"uv":[1,1,4.5,4.5],"texture":"#texture"},"south":{"uv":[1,1,4.5,4.5],"texture":"#texture"},"west":{"uv":[1,1,4.5,4.5],"texture":"#texture"},"east":{"uv":[1,1,4.5,4.5],"texture":"#texture"}}},{"__comment":"Element","from":[9.5,9,16],"to":[10.915,10,17.415],"rotation":{"origin":[9.5,9,16],"axis":"y","angle":-45},"faces":{"down":{"uv":[1,1,4.5,4.5],"texture":"#texture"},"up":{"uv":[1,1,4.5,4.5],"texture":"#texture"},"north":{"uv":[1,1,4.5,4.5],"texture":"#texture"},"south":{"uv":[1,1,4.5,4.5],"texture":"#texture"},"west":{"uv":[1,1,4.5,4.5],"texture":"#texture"},"east":{"uv":[1,1,4.5,4.5],"texture":"#texture"}}},{"__comment":"Element","from":[5.5,9,17],"to":[6.915,10,18.415],"rotation":{"origin":[5.5,9,17],"axis":"y","angle":45},"faces":{"down":{"uv":[1,1,4.5,4.5],"texture":"#texture"},"up":{"uv":[1,1,4.5,4.5],"texture":"#texture"},"north":{"uv":[1,1,4.5,4.5],"texture":"#texture"},"south":{"uv":[1,1,4.5,4.5],"texture":"#texture"},"west":{"uv":[1,1,4.5,4.5],"texture":"#texture"},"east":{"uv":[1,1,4.5,4.5],"texture":"#texture"}}},{"__comment":"Element","from":[9.5,9,-2],"to":[10.915,10,-0.585],"rotation":{"origin":[9.5,9,-2],"axis":"y","angle":-45},"faces":{"down":{"uv":[1,1,4.5,4.5],"texture":"#texture"},"up":{"uv":[1,1,4.5,4.5],"texture":"#texture"},"north":{"uv":[1,1,4.5,4.5],"texture":"#texture"},"south":{"uv":[1,1,4.5,4.5],"texture":"#texture"},"west":{"uv":[1,1,4.5,4.5],"texture":"#texture"},"east":{"uv":[1,1,4.5,4.5],"texture":"#texture"}}},{"__comment":"Element","from":[5.5,9,-1],"to":[6.915,10,0.415],"rotation":{"origin":[5.5,9,-1],"axis":"y","angle":45},"faces":{"down":{"uv":[1,1,4.5,4.5],"texture":"#texture"},"up":{"uv":[1,1,4.5,4.5],"texture":"#texture"},"north":{"uv":[1,1,4.5,4.5],"texture":"#texture"},"south":{"uv":[1,1,4.5,4.5],"texture":"#texture"},"west":{"uv":[1,1,4.5,4.5],"texture":"#texture"},"east":{"uv":[1,1,4.5,4.5],"texture":"#texture"}}},{"__comment":"Element","from":[5.5,9,1.5],"to":[6.915,10,2.915],"rotation":{"origin":[5.5,9,1.5],"axis":"y","angle":45},"faces":{"down":{"uv":[1,1,4.5,4.5],"texture":"#texture"},"up":{"uv":[1,1,4.5,4.5],"texture":"#texture"},"north":{"uv":[1,1,4.5,4.5],"texture":"#texture"},"south":{"uv":[1,1,4.5,4.5],"texture":"#texture"},"west":{"uv":[1,1,4.5,4.5],"texture":"#texture"},"east":{"uv":[1,1,4.5,4.5],"texture":"#texture"}}},{"__comment":"Element","from":[9.5,9,0.5],"to":[10.915,10,1.915],"rotation":{"origin":[9.5,9,0.5],"axis":"y","angle":-45},"faces":{"down":{"uv":[1,1,4.5,4.5],"texture":"#texture"},"up":{"uv":[1,1,4.5,4.5],"texture":"#texture"},"north":{"uv":[1,1,4.5,4.5],"texture":"#texture"},"south":{"uv":[1,1,4.5,4.5],"texture":"#texture"},"west":{"uv":[1,1,4.5,4.5],"texture":"#texture"},"east":{"uv":[1,1,4.5,4.5],"texture":"#texture"}}},{"__comment":"Element","from":[6.5,9.585,1.5],"to":[9.5,11,2.915],"rotation":{"origin":[6.5,11,1.5],"axis":"x","angle":45},"faces":{"down":{"uv":[1,1,4.5,4.5],"texture":"#texture"},"up":{"uv":[1,1,4.5,4.5],"texture":"#texture"},"north":{"uv":[1,1,4.5,4.5],"texture":"#texture"},"south":{"uv":[1,1,4.5,4.5],"texture":"#texture"},"west":{"uv":[1,1,4.5,4.5],"texture":"#texture"},"east":{"uv":[1,1,4.5,4.5],"texture":"#texture"}}},{"__comment":"Element","from":[6.5,8.585,-2],"to":[9.5,10,-0.585],"rotation":{"origin":[6.5,10,-2],"axis":"x","angle":-45},"faces":{"down":{"uv":[1,1,4.5,4.5],"texture":"#texture"},"up":{"uv":[1,1,4.5,4.5],"texture":"#texture"},"north":{"uv":[1,1,4.5,4.5],"texture":"#texture"},"south":{"uv":[1,1,4.5,4.5],"texture":"#texture"},"west":{"uv":[1,1,4.5,4.5],"texture":"#texture"},"east":{"uv":[1,1,4.5,4.5],"texture":"#texture"}}},{"__comment":"Element","from":[9.5,9.585,-1],"to":[10.915,11,1.5],"rotation":{"origin":[9.5,11,-1],"axis":"z","angle":-45},"faces":{"down":{"uv":[1,1,4.5,4.5],"texture":"#texture"},"up":{"uv":[1,1,4.5,4.5],"texture":"#texture"},"north":{"uv":[1,1,4.5,4.5],"texture":"#texture"},"south":{"uv":[1,1,4.5,4.5],"texture":"#texture"},"west":{"uv":[1,1,4.5,4.5],"texture":"#texture"},"east":{"uv":[1,1,4.5,4.5],"texture":"#texture"}}},{"__comment":"Element","from":[5.5,8.585,-1],"to":[6.915,10,1.5],"rotation":{"origin":[5.5,10,-1],"axis":"z","angle":45},"faces":{"down":{"uv":[1,1,4.5,4.5],"texture":"#texture"},"up":{"uv":[1,1,4.5,4.5],"texture":"#texture"},"north":{"uv":[1,1,4.5,4.5],"texture":"#texture"},"south":{"uv":[1,1,4.5,4.5],"texture":"#texture"},"west":{"uv":[1,1,4.5,4.5],"texture":"#texture"},"east":{"uv":[1,1,4.5,4.5],"texture":"#texture"}}},{"__comment":"side_head_bottom","from":[5.5,8,-1],"to":[10.5,9,1.5],"faces":{"down":{"uv":[6.5,1,10,4.5],"texture":"#texture"},"up":{"uv":[6.5,1,10,4.5],"texture":"#texture"},"north":{"uv":[6.5,1,10,4.5],"texture":"#texture"},"south":{"uv":[6.5,1,10,4.5],"texture":"#texture"},"west":{"uv":[6.5,1,10,4.5],"texture":"#texture"},"east":{"uv":[6.5,1,10,4.5],"texture":"#texture"}}},{"__comment":"side_head_bottom","from":[6.5,8,-2],"to":[9.5,9,2.5],"faces":{"down":{"uv":[6.5,1,10,4.5],"texture":"#texture"},"up":{"uv":[6.5,1,10,4.5],"texture":"#texture"},"north":{"uv":[6.5,1,10,4.5],"texture":"#texture"},"south":{"uv":[6.5,1,10,4.5],"texture":"#texture"},"west":{"uv":[6.5,1,10,4.5],"texture":"#texture"},"east":{"uv":[6.5,1,10,4.5],"texture":"#texture"}}},{"__comment":"side_head_bottom","from":[6.5,7,-1],"to":[9.5,9,1.5],"faces":{"down":{"uv":[6.5,1,10,4.5],"texture":"#texture"},"up":{"uv":[6.5,1,10,4.5],"texture":"#texture"},"north":{"uv":[6.5,1,10,4.5],"texture":"#texture"},"south":{"uv":[6.5,1,10,4.5],"texture":"#texture"},"west":{"uv":[6.5,1,10,4.5],"texture":"#texture"},"east":{"uv":[6.5,1,10,4.5],"texture":"#texture"}}},{"__comment":"side_head_bottom","from":[6.5,6.585,-2],"to":[9.5,8,-0.585],"rotation":{"origin":[6.5,8,-2],"axis":"x","angle":-45},"faces":{"down":{"uv":[6.5,1,10,4.5],"texture":"#texture"},"up":{"uv":[6.5,1,10,4.5],"texture":"#texture"},"north":{"uv":[6.5,1,10,4.5],"texture":"#texture"},"south":{"uv":[6.5,1,10,4.5],"texture":"#texture"},"west":{"uv":[6.5,1,10,4.5],"texture":"#texture"},"east":{"uv":[6.5,1,10,4.5],"texture":"#texture"}}},{"__comment":"side_head_bottom","from":[6.5,7.585,1.5],"to":[9.5,9,2.915],"rotation":{"origin":[6.5,9,1.5],"axis":"x","angle":45},"faces":{"down":{"uv":[6.5,1,10,4.5],"texture":"#texture"},"up":{"uv":[6.5,1,10,4.5],"texture":"#texture"},"north":{"uv":[6.5,1,10,4.5],"texture":"#texture"},"south":{"uv":[6.5,1,10,4.5],"texture":"#texture"},"west":{"uv":[6.5,1,10,4.5],"texture":"#texture"},"east":{"uv":[6.5,1,10,4.5],"texture":"#texture"}}},{"__comment":"side_head_bottom","from":[5.5,6.585,-1],"to":[6.915,8,1.5],"rotation":{"origin":[5.5,8,-1],"axis":"z","angle":45},"faces":{"down":{"uv":[6.5,1,10,4.5],"texture":"#texture"},"up":{"uv":[6.5,1,10,4.5],"texture":"#texture"},"north":{"uv":[6.5,1,10,4.5],"texture":"#texture"},"south":{"uv":[6.5,1,10,4.5],"texture":"#texture"},"west":{"uv":[6.5,1,10,4.5],"texture":"#texture"},"east":{"uv":[6.5,1,10,4.5],"texture":"#texture"}}},{"__comment":"side_head_bottom","from":[9.5,7.585,-1],"to":[10.915,9,1.5],"rotation":{"origin":[9.5,9,-1],"axis":"z","angle":-45},"faces":{"down":{"uv":[6.5,1,10,4.5],"texture":"#texture"},"up":{"uv":[6.5,1,10,4.5],"texture":"#texture"},"north":{"uv":[6.5,1,10,4.5],"texture":"#texture"},"south":{"uv":[6.5,1,10,4.5],"texture":"#texture"},"west":{"uv":[6.5,1,10,4.5],"texture":"#texture"},"east":{"uv":[6.5,1,10,4.5],"texture":"#texture"}}},{"__comment":"side_head_bottom","from":[5.5,8,-1],"to":[6.915,8.5,0.415],"rotation":{"origin":[5.5,8,-1],"axis":"y","angle":45},"faces":{"down":{"uv":[6.5,1,10,4.5],"texture":"#texture"},"up":{"uv":[6.5,1,10,4.5],"texture":"#texture"},"north":{"uv":[6.5,1,10,4.5],"texture":"#texture"},"south":{"uv":[6.5,1,10,4.5],"texture":"#texture"},"west":{"uv":[6.5,1,10,4.5],"texture":"#texture"},"east":{"uv":[6.5,1,10,4.5],"texture":"#texture"}}},{"__comment":"side_head_bottom","from":[9.5,8,-2],"to":[10.915,8.5,-0.585],"rotation":{"origin":[9.5,8,-2],"axis":"y","angle":-45},"faces":{"down":{"uv":[6.5,1,10,4.5],"texture":"#texture"},"up":{"uv":[6.5,1,10,4.5],"texture":"#texture"},"north":{"uv":[6.5,1,10,4.5],"texture":"#texture"},"south":{"uv":[6.5,1,10,4.5],"texture":"#texture"},"west":{"uv":[6.5,1,10,4.5],"texture":"#texture"},"east":{"uv":[6.5,1,10,4.5],"texture":"#texture"}}},{"__comment":"side_head_bottom","from":[5.5,8,1.5],"to":[6.915,8.5,2.915],"rotation":{"origin":[5.5,8,1.5],"axis":"y","angle":45},"faces":{"down":{"uv":[6.5,1,10,4.5],"texture":"#texture"},"up":{"uv":[6.5,1,10,4.5],"texture":"#texture"},"north":{"uv":[6.5,1,10,4.5],"texture":"#texture"},"south":{"uv":[6.5,1,10,4.5],"texture":"#texture"},"west":{"uv":[6.5,1,10,4.5],"texture":"#texture"},"east":{"uv":[6.5,1,10,4.5],"texture":"#texture"}}},{"__comment":"side_head_bottom","from":[9.5,8,0.5],"to":[10.915,8.5,1.915],"rotation":{"origin":[9.5,8,0.5],"axis":"y","angle":-45},"faces":{"down":{"uv":[6.5,1,10,4.5],"texture":"#texture"},"up":{"uv":[6.5,1,10,4.5],"texture":"#texture"},"north":{"uv":[6.5,1,10,4.5],"texture":"#texture"},"south":{"uv":[6.5,1,10,4.5],"texture":"#texture"},"west":{"uv":[6.5,1,10,4.5],"texture":"#texture"},"east":{"uv":[6.5,1,10,4.5],"texture":"#texture"}}},{"__comment":"side_head_bottom2","from":[5.5,8,14.5],"to":[10.5,9,17],"faces":{"down":{"uv":[6.5,1,10,4.5],"texture":"#texture"},"up":{"uv":[6.5,1,10,4.5],"texture":"#texture"},"north":{"uv":[6.5,1,10,4.5],"texture":"#texture"},"south":{"uv":[6.5,1,10,4.5],"texture":"#texture"},"west":{"uv":[6.5,1,10,4.5],"texture":"#texture"},"east":{"uv":[6.5,1,10,4.5],"texture":"#texture"}}},{"__comment":"side_head_bottom2","from":[6.5,8,13.5],"to":[9.5,9,18],"faces":{"down":{"uv":[6.5,1,10,4.5],"texture":"#texture"},"up":{"uv":[6.5,1,10,4.5],"texture":"#texture"},"north":{"uv":[6.5,1,10,4.5],"texture":"#texture"},"south":{"uv":[6.5,1,10,4.5],"texture":"#texture"},"west":{"uv":[6.5,1,10,4.5],"texture":"#texture"},"east":{"uv":[6.5,1,10,4.5],"texture":"#texture"}}},{"__comment":"side_head_bottom2","from":[6.5,7,14.5],"to":[9.5,9,17],"faces":{"down":{"uv":[6.5,1,10,4.5],"texture":"#texture"},"up":{"uv":[6.5,1,10,4.5],"texture":"#texture"},"north":{"uv":[6.5,1,10,4.5],"texture":"#texture"},"south":{"uv":[6.5,1,10,4.5],"texture":"#texture"},"west":{"uv":[6.5,1,10,4.5],"texture":"#texture"},"east":{"uv":[6.5,1,10,4.5],"texture":"#texture"}}},{"__comment":"side_head_bottom2","from":[6.5,6.585,13.5],"to":[9.5,8,14.915],"rotation":{"origin":[6.5,8,13.5],"axis":"x","angle":-45},"faces":{"down":{"uv":[6.5,1,10,4.5],"texture":"#texture"},"up":{"uv":[6.5,1,10,4.5],"texture":"#texture"},"north":{"uv":[6.5,1,10,4.5],"texture":"#texture"},"south":{"uv":[6.5,1,10,4.5],"texture":"#texture"},"west":{"uv":[6.5,1,10,4.5],"texture":"#texture"},"east":{"uv":[6.5,1,10,4.5],"texture":"#texture"}}},{"__comment":"side_head_bottom2","from":[6.5,7.585,17],"to":[9.5,9,18.415],"rotation":{"origin":[6.5,9,17],"axis":"x","angle":45},"faces":{"down":{"uv":[6.5,1,10,4.5],"texture":"#texture"},"up":{"uv":[6.5,1,10,4.5],"texture":"#texture"},"north":{"uv":[6.5,1,10,4.5],"texture":"#texture"},"south":{"uv":[6.5,1,10,4.5],"texture":"#texture"},"west":{"uv":[6.5,1,10,4.5],"texture":"#texture"},"east":{"uv":[6.5,1,10,4.5],"texture":"#texture"}}},{"__comment":"side_head_bottom2","from":[5.5,6.585,14.5],"to":[6.915,8,17],"rotation":{"origin":[5.5,8,14.5],"axis":"z","angle":45},"faces":{"down":{"uv":[6.5,1,10,4.5],"texture":"#texture"},"up":{"uv":[6.5,1,10,4.5],"texture":"#texture"},"north":{"uv":[6.5,1,10,4.5],"texture":"#texture"},"south":{"uv":[6.5,1,10,4.5],"texture":"#texture"},"west":{"uv":[6.5,1,10,4.5],"texture":"#texture"},"east":{"uv":[6.5,1,10,4.5],"texture":"#texture"}}},{"__comment":"side_head_bottom2","from":[9.5,7.585,14.5],"to":[10.915,9,17],"rotation":{"origin":[9.5,9,14.5],"axis":"z","angle":-45},"faces":{"down":{"uv":[6.5,1,10,4.5],"texture":"#texture"},"up":{"uv":[6.5,1,10,4.5],"texture":"#texture"},"north":{"uv":[6.5,1,10,4.5],"texture":"#texture"},"south":{"uv":[6.5,1,10,4.5],"texture":"#texture"},"west":{"uv":[6.5,1,10,4.5],"texture":"#texture"},"east":{"uv":[6.5,1,10,4.5],"texture":"#texture"}}},{"__comment":"side_head_bottom2","from":[5.5,8,14.5],"to":[6.915,8.5,15.915],"rotation":{"origin":[5.5,8,14.5],"axis":"y","angle":45},"faces":{"down":{"uv":[6.5,1,10,4.5],"texture":"#texture"},"up":{"uv":[6.5,1,10,4.5],"texture":"#texture"},"north":{"uv":[6.5,1,10,4.5],"texture":"#texture"},"south":{"uv":[6.5,1,10,4.5],"texture":"#texture"},"west":{"uv":[6.5,1,10,4.5],"texture":"#texture"},"east":{"uv":[6.5,1,10,4.5],"texture":"#texture"}}},{"__comment":"side_head_bottom2","from":[9.5,8,13.5],"to":[10.915,8.5,14.915],"rotation":{"origin":[9.5,8,13.5],"axis":"y","angle":-45},"faces":{"down":{"uv":[6.5,1,10,4.5],"texture":"#texture"},"up":{"uv":[6.5,1,10,4.5],"texture":"#texture"},"north":{"uv":[6.5,1,10,4.5],"texture":"#texture"},"south":{"uv":[6.5,1,10,4.5],"texture":"#texture"},"west":{"uv":[6.5,1,10,4.5],"texture":"#texture"},"east":{"uv":[6.5,1,10,4.5],"texture":"#texture"}}},{"__comment":"side_head_bottom2","from":[5.5,8,17],"to":[6.915,8.5,18.415],"rotation":{"origin":[5.5,8,17],"axis":"y","angle":45},"faces":{"down":{"uv":[6.5,1,10,4.5],"texture":"#texture"},"up":{"uv":[6.5,1,10,4.5],"texture":"#texture"},"north":{"uv":[6.5,1,10,4.5],"texture":"#texture"},"south":{"uv":[6.5,1,10,4.5],"texture":"#texture"},"west":{"uv":[6.5,1,10,4.5],"texture":"#texture"},"east":{"uv":[6.5,1,10,4.5],"texture":"#texture"}}},{"__comment":"side_head_bottom2","from":[9.5,8,16],"to":[10.915,8.5,17.415],"rotation":{"origin":[9.5,8,16],"axis":"y","angle":-45},"faces":{"down":{"uv":[6.5,1,10,4.5],"texture":"#texture"},"up":{"uv":[6.5,1,10,4.5],"texture":"#texture"},"north":{"uv":[6.5,1,10,4.5],"texture":"#texture"},"south":{"uv":[6.5,1,10,4.5],"texture":"#texture"},"west":{"uv":[6.5,1,10,4.5],"texture":"#texture"},"east":{"uv":[6.5,1,10,4.5],"texture":"#texture"}}},{"__comment":"Element","from":[9.75,8.25,15],"to":[13.5,9.5,16.5],"rotation":{"origin":[9.75,9.5,15],"axis":"z","angle":45},"faces":{"down":{"uv":[7,9.75,15.5,14.25],"texture":"#particle","rotation":180},"up":{"uv":[7,9.75,15.5,14.25],"texture":"#particle","rotation":180},"north":{"uv":[7,9.75,15.5,14.25],"texture":"#particle"},"south":{"uv":[7,9.75,15.5,14.25],"texture":"#particle","rotation":180},"west":{"uv":[12,10.75,14.5,13],"texture":"#particle"},"east":{"uv":[12.25,10.75,15,13.5],"texture":"#particle"}}},{"__comment":"Element","from":[9.75,8.25,-0.5],"to":[13.5,9.5,1],"rotation":{"origin":[9.75,9.5,-0.5],"axis":"z","angle":45},"faces":{"down":{"uv":[7,9.75,15.5,14.25],"texture":"#particle","rotation":180},"up":{"uv":[7,9.75,15.5,14.25],"texture":"#particle","rotation":180},"north":{"uv":[7,9.75,15.5,14.25],"texture":"#particle"},"south":{"uv":[7,9.75,15.5,14.25],"texture":"#particle","rotation":180},"west":{"uv":[12,10.75,14.5,13],"texture":"#particle"},"east":{"uv":[12.25,10.75,15,13.5],"texture":"#particle"}}},{"__comment":"Element","from":[12.4464,12,14.375],"to":[14.9464,13.25,16.875],"rotation":{"origin":[12.4464,13.25,14.375],"axis":"z","angle":-45},"faces":{"down":{"uv":[0.75,7,4.5,9.25],"texture":"#texture","rotation":180},"up":{"uv":[1.75,6.5,5.25,9.25],"texture":"#texture","rotation":180},"north":{"uv":[1.5,7,4.5,9.75],"texture":"#texture"},"south":{"uv":[0.75,6.5,4.5,9.75],"texture":"#texture","rotation":180},"west":{"uv":[1.5,7,4,9.25],"texture":"#texture"},"east":{"uv":[1,6.5,3.75,9.25],"texture":"#texture"}}},{"__comment":"Element","from":[12.5,12,-1],"to":[15,13.25,1.5],"rotation":{"origin":[12.5,13.25,-1],"axis":"z","angle":-45},"faces":{"down":{"uv":[0.75,7,4.5,9.25],"texture":"#texture","rotation":180},"up":{"uv":[1.75,6.5,5.25,9.25],"texture":"#texture","rotation":180},"north":{"uv":[1.5,7,4.5,9.75],"texture":"#texture"},"south":{"uv":[0.75,6.5,4.5,9.75],"texture":"#texture","rotation":180},"west":{"uv":[1.5,7,4,9.25],"texture":"#texture"},"east":{"uv":[1,6.5,3.75,9.25],"texture":"#texture"}}},{"__comment":"Element","from":[12.75,12,14.625],"to":[14.8125,13.25,16.625],"rotation":{"origin":[12.75,13.25,14.625],"axis":"z","angle":-45},"faces":{"down":{"uv":[0.75,7,4.5,9.25],"texture":"#texture","rotation":180},"up":{"uv":[1.75,6.5,5.25,9.25],"texture":"#texture","rotation":180},"north":{"uv":[1.5,7,4.5,9.75],"texture":"#texture"},"south":{"uv":[0.75,6.5,4.5,9.75],"texture":"#texture","rotation":180},"west":{"uv":[1.5,7,4,9.25],"texture":"#texture"},"east":{"uv":[1,6.5,3.75,9.25],"texture":"#texture"}}},{"__comment":"Element","from":[12.75,12,-0.75],"to":[14.8125,13.25,1.25],"rotation":{"origin":[12.75,13.25,-0.75],"axis":"z","angle":-45},"faces":{"down":{"uv":[0.75,7,4.5,9.25],"texture":"#texture","rotation":180},"up":{"uv":[1.75,6.5,5.25,9.25],"texture":"#texture","rotation":180},"north":{"uv":[1.5,7,4.5,9.75],"texture":"#texture"},"south":{"uv":[0.75,6.5,4.5,9.75],"texture":"#texture","rotation":180},"west":{"uv":[1.5,7,4,9.25],"texture":"#texture"},"east":{"uv":[1,6.5,3.75,9.25],"texture":"#texture"}}},{"__comment":"Element","from":[12.25,12.25,14.5],"to":[15,13.25,16.75],"rotation":{"origin":[12.25,13.25,14.5],"axis":"z","angle":-45},"faces":{"down":{"uv":[0.75,7,4.5,9.25],"texture":"#texture","rotation":180},"up":{"uv":[1.75,6.5,5.25,9.25],"texture":"#texture","rotation":180},"north":{"uv":[1.5,7,4.5,9.75],"texture":"#texture"},"south":{"uv":[0.75,6.5,4.5,9.75],"texture":"#texture","rotation":180},"west":{"uv":[1.5,7,4,9.25],"texture":"#texture"},"east":{"uv":[1,6.5,3.75,9.25],"texture":"#texture"}}},{"__comment":"Element","from":[12.5,12,14.25],"to":[14.625,13,17],"rotation":{"origin":[12.5,13,14.25],"axis":"z","angle":-45},"faces":{"down":{"uv":[0.75,7,4.5,9.25],"texture":"#texture","rotation":180},"up":{"uv":[1.75,6.5,5.25,9.25],"texture":"#texture","rotation":180},"north":{"uv":[1.5,7,4.5,9.75],"texture":"#texture"},"south":{"uv":[0.75,6.5,4.5,9.75],"texture":"#texture","rotation":180},"west":{"uv":[1.5,7,4,9.25],"texture":"#texture"},"east":{"uv":[1,6.5,3.75,9.25],"texture":"#texture"}}},{"__comment":"Element","from":[12.25,12.25,-0.875],"to":[15,13.25,1.375],"rotation":{"origin":[12.25,13.25,-0.875],"axis":"z","angle":-45},"faces":{"down":{"uv":[0.75,7,4.5,9.25],"texture":"#texture","rotation":180},"up":{"uv":[1.75,6.5,5.25,9.25],"texture":"#texture","rotation":180},"north":{"uv":[1.5,7,4.5,9.75],"texture":"#texture"},"south":{"uv":[0.75,6.5,4.5,9.75],"texture":"#texture","rotation":180},"west":{"uv":[1.5,7,4,9.25],"texture":"#texture"},"east":{"uv":[1,6.5,3.75,9.25],"texture":"#texture"}}},{"__comment":"Element","from":[12.5,12,-1.125],"to":[14.625,13,1.625],"rotation":{"origin":[12.5,13,-1.125],"axis":"z","angle":-45},"faces":{"down":{"uv":[0.75,7,4.5,9.25],"texture":"#texture","rotation":180},"up":{"uv":[1.75,6.5,5.25,9.25],"texture":"#texture","rotation":180},"north":{"uv":[1.5,7,4.5,9.75],"texture":"#texture"},"south":{"uv":[0.75,6.5,4.5,9.75],"texture":"#texture","rotation":180},"west":{"uv":[1.5,7,4,9.25],"texture":"#texture"},"east":{"uv":[1,6.5,3.75,9.25],"texture":"#texture"}}},{"__comment":"screw_top","from":[12.76,12.01,14.625],"to":[14.8225,13.26,16.625],"rotation":{"origin":[12.76,13.26,14.625],"axis":"z","angle":-45},"faces":{"down":{"uv":[1.5,13.25,5.25,15.5],"texture":"#screw","rotation":180},"up":{"uv":[0.5,0.5,12,12],"texture":"#screw","rotation":180},"north":{"uv":[0.75,11,3.75,13.75],"texture":"#screw"},"south":{"uv":[11,9.25,13.75,12],"texture":"#screw","rotation":180},"west":{"uv":[1,12.75,3.5,15],"texture":"#screw"},"east":{"uv":[1.5,11.75,4.25,14.5],"texture":"#screw"}}},{"__comment":"screw_top","from":[12.76,12.01,-0.75],"to":[14.8225,13.26,1.25],"rotation":{"origin":[12.76,13.26,-0.75],"axis":"z","angle":-45},"faces":{"down":{"uv":[1.5,13.25,5.25,15.5],"texture":"#screw","rotation":180},"up":{"uv":[0.5,0.5,12,12],"texture":"#screw","rotation":180},"north":{"uv":[0.75,11,3.75,13.75],"texture":"#screw"},"south":{"uv":[11,9.25,13.75,12],"texture":"#screw","rotation":180},"west":{"uv":[1,12.75,3.5,15],"texture":"#screw"},"east":{"uv":[1.5,11.75,4.25,14.5],"texture":"#screw"}}},{"__comment":"eye_bottom","from":[3.49,9.25,5.75],"to":[4.49,11,10.25],"faces":{"down":{"uv":[13,6.25,14.5,8.25],"texture":"#particle"},"up":{"uv":[13,5,14.5,8],"texture":"#particle"},"north":{"uv":[13.75,5.75,15.25,8],"texture":"#particle"},"south":{"uv":[13.5,5.75,15.75,8.5],"texture":"#particle"},"west":{"uv":[0.25,3.75,13.75,9.25],"texture":"#particle"},"east":{"uv":[0.25,3.75,13.75,9.25],"texture":"#particle"}}},{"__comment":"eye_bottom*","from":[3.49,9.585,5.75],"to":[4.905,11,10.25],"rotation":{"origin":[3.49,11,5.75],"axis":"z","angle":45},"faces":{"down":{"uv":[13.25,5.75,15.25,8],"texture":"#particle"},"up":{"uv":[0.25,0.25,13.75,3.75],"texture":"#particle","rotation":90},"north":{"uv":[13.75,5.75,15.25,8],"texture":"#particle"},"south":{"uv":[13.5,5.75,15.75,8.5],"texture":"#particle"},"west":{"uv":[13.25,6.25,14.75,8],"texture":"#particle"},"east":{"uv":[13.25,6,15,8.25],"texture":"#particle"}}},{"__comment":"Element","from":[5.5,10.585,3],"to":[10.5,12,4.415],"rotation":{"origin":[5.5,12,3],"axis":"x","angle":-45},"faces":{"down":{"uv":[1.5,6.25,5,9.75],"texture":"#texture"},"up":{"uv":[1,6.25,4.5,9.75],"texture":"#texture"},"north":{"uv":[1.5,6.5,5,10],"texture":"#texture"},"south":{"uv":[1.25,6.75,4.75,10.25],"texture":"#texture"},"west":{"uv":[1.25,6.25,4.75,9.75],"texture":"#texture"},"east":{"uv":[0.75,7,4.25,10.5],"texture":"#texture"}}},{"__comment":"Element","from":[5.5,11.585,12],"to":[10.5,13,13.415],"rotation":{"origin":[5.5,13,12],"axis":"x","angle":45},"faces":{"down":{"uv":[1.5,6.25,5,9.75],"texture":"#texture"},"up":{"uv":[1,6.25,4.5,9.75],"texture":"#texture"},"north":{"uv":[1.5,6.5,5,10],"texture":"#texture"},"south":{"uv":[1.25,6.75,4.75,10.25],"texture":"#texture"},"west":{"uv":[1.25,6.25,4.75,9.75],"texture":"#texture"},"east":{"uv":[0.75,7,4.25,10.5],"texture":"#texture"}}},{"__comment":"Element","from":[4.5,10.585,4],"to":[5.915,12,12],"rotation":{"origin":[4.5,12,4],"axis":"z","angle":45},"faces":{"down":{"uv":[0.75,6.5,4.25,10],"texture":"#texture"},"up":{"uv":[1,6,4.5,9.5],"texture":"#texture"},"north":{"uv":[1.25,6.25,4.75,9.75],"texture":"#texture"},"south":{"uv":[1,6.5,4.5,10],"texture":"#texture"},"west":{"uv":[0.75,6.5,4.25,10],"texture":"#texture"},"east":{"uv":[1,6.25,4.5,9.75],"texture":"#texture"}}},{"__comment":"Element","from":[10.5,11.585,4],"to":[11.915,13,12],"rotation":{"origin":[10.5,13,4],"axis":"z","angle":-45},"faces":{"down":{"uv":[0.75,6.5,4.25,10],"texture":"#texture"},"up":{"uv":[1,6,4.5,9.5],"texture":"#texture"},"north":{"uv":[1.25,6.25,4.75,9.75],"texture":"#texture"},"south":{"uv":[1,6.5,4.5,10],"texture":"#texture"},"west":{"uv":[0.75,6.5,4.25,10],"texture":"#texture"},"east":{"uv":[1,6.25,4.5,9.75],"texture":"#texture"}}},{"__comment":"Element","from":[6.75,12.6875,6.4375],"to":[9.25,14,9.5625],"faces":{"down":{"uv":[1,1,4.5,4.5],"texture":"#texture"},"up":{"uv":[0.75,6.5,4.25,10],"texture":"#texture"},"north":{"uv":[0.5,6.75,4,10.25],"texture":"#texture"},"south":{"uv":[0.75,7,4.25,10.5],"texture":"#texture"},"west":{"uv":[1,6.5,4.5,10],"texture":"#texture"},"east":{"uv":[0.5,6.25,4,9.75],"texture":"#texture"}}},{"__comment":"Element","from":[6.75,12,4],"to":[9.25,13,6.625],"rotation":{"origin":[6.75,13,4],"axis":"x","angle":-22.5},"faces":{"down":{"uv":[1,1,4.5,4.5],"texture":"#texture"},"up":{"uv":[0.75,6.5,4.25,10],"texture":"#texture"},"north":{"uv":[0.5,6.75,4,10.25],"texture":"#texture"},"south":{"uv":[0.75,7,4.25,10.5],"texture":"#texture"},"west":{"uv":[1,6.5,4.5,10],"texture":"#texture"},"east":{"uv":[0.5,6.25,4,9.75],"texture":"#texture"}}},{"__comment":"Element","from":[6.75,13,9.5625],"to":[9.25,14,12.1875],"rotation":{"origin":[6.75,14,9.5625],"axis":"x","angle":22.5},"faces":{"down":{"uv":[1,1,4.5,4.5],"texture":"#texture"},"up":{"uv":[0.75,6.5,4.25,10],"texture":"#texture"},"north":{"uv":[0.5,6.75,4,10.25],"texture":"#texture"},"south":{"uv":[0.75,7,4.25,10.5],"texture":"#texture"},"west":{"uv":[1,6.5,4.5,10],"texture":"#texture"},"east":{"uv":[0.5,6.25,4,9.75],"texture":"#texture"}}},{"__comment":"Element","from":[5.5,11.585,6.4375],"to":[6.915,13,9.5625],"rotation":{"origin":[5.5,13,6.4375],"axis":"z","angle":45},"faces":{"down":{"uv":[1,1,4.5,4.5],"texture":"#texture"},"up":{"uv":[0.75,6.5,4.25,10],"texture":"#texture"},"north":{"uv":[0.5,6.75,4,10.25],"texture":"#texture"},"south":{"uv":[0.75,7,4.25,10.5],"texture":"#texture"},"west":{"uv":[1,6.5,4.5,10],"texture":"#texture"},"east":{"uv":[0.5,6.25,4,9.75],"texture":"#texture"}}},{"__comment":"Element","from":[9.5,12.585,6.4375],"to":[10.915,14,9.5625],"rotation":{"origin":[9.5,14,6.4375],"axis":"z","angle":-45},"faces":{"down":{"uv":[1,1,4.5,4.5],"texture":"#texture"},"up":{"uv":[0.75,6.5,4.25,10],"texture":"#texture"},"north":{"uv":[0.5,6.75,4,10.25],"texture":"#texture"},"south":{"uv":[0.75,7,4.25,10.5],"texture":"#texture"},"west":{"uv":[1,6.5,4.5,10],"texture":"#texture"},"east":{"uv":[0.5,6.25,4,9.75],"texture":"#texture"}}},{"__comment":"Element","from":[6.5,12.75,6.4375],"to":[9.5,14,9.5625],"faces":{"down":{"uv":[1,1,4.5,4.5],"texture":"#texture"},"up":{"uv":[0.75,6.5,4.25,10],"texture":"#texture"},"north":{"uv":[0.5,6.75,4,10.25],"texture":"#texture"},"south":{"uv":[0.75,7,4.25,10.5],"texture":"#texture"},"west":{"uv":[1,6.5,4.5,10],"texture":"#texture"},"east":{"uv":[0.5,6.25,4,9.75],"texture":"#texture"}}},{"__comment":"Element","from":[7.5,14,7.5],"to":[8.5,16,8.5],"faces":{"down":{"uv":[0.75,11.75,4.25,15.25],"texture":"#texture"},"up":{"uv":[0.75,11.75,4.25,15.25],"texture":"#texture"},"north":{"uv":[0.5,11.75,4,15.25],"texture":"#texture"},"south":{"uv":[0.75,12,4.25,15.5],"texture":"#texture"},"west":{"uv":[0.75,11.75,4.25,15.25],"texture":"#texture"},"east":{"uv":[1,11.5,4.5,15],"texture":"#texture"}}},{"__comment":"Element","from":[7.375,17.375,7.375],"to":[8.625,18.625,8.625],"faces":{"down":{"uv":[0.75,11.75,4.25,15.25],"texture":"#texture"},"up":{"uv":[0.75,11.75,4.25,15.25],"texture":"#texture"},"north":{"uv":[0.5,11.75,4,15.25],"texture":"#texture"},"south":{"uv":[0.75,12,4.25,15.5],"texture":"#texture"},"west":{"uv":[0.75,11.75,4.25,15.25],"texture":"#texture"},"east":{"uv":[1,11.5,4.5,15],"texture":"#texture"}}},{"__comment":"Element","from":[7.5,13.25,7.5],"to":[8.5,15.5,8.25],"rotation":{"origin":[7.5,15.5,7.5],"axis":"x","angle":22.5},"faces":{"down":{"uv":[0.75,11.75,4.25,15.25],"texture":"#texture"},"up":{"uv":[0.75,11.75,4.25,15.25],"texture":"#texture"},"north":{"uv":[0.5,11.75,4,15.25],"texture":"#texture"},"south":{"uv":[0.75,12,4.25,15.5],"texture":"#texture"},"west":{"uv":[0.75,11.75,4.25,15.25],"texture":"#texture"},"east":{"uv":[1,11.5,4.5,15],"texture":"#texture"}}},{"__comment":"Element","from":[7.5,12.9375,7.8125],"to":[8.5,15.1875,8.5625],"rotation":{"origin":[7.5,15.1875,7.8125],"axis":"x","angle":-22.5},"faces":{"down":{"uv":[0.75,11.75,4.25,15.25],"texture":"#texture"},"up":{"uv":[0.75,11.75,4.25,15.25],"texture":"#texture"},"north":{"uv":[0.5,11.75,4,15.25],"texture":"#texture"},"south":{"uv":[0.75,12,4.25,15.5],"texture":"#texture"},"west":{"uv":[0.75,11.75,4.25,15.25],"texture":"#texture"},"east":{"uv":[1,11.5,4.5,15],"texture":"#texture"}}},{"__comment":"Element","from":[7.5,13,7.5],"to":[8.25,15.5,8.5],"rotation":{"origin":[7.5,15.5,7.5],"axis":"z","angle":-22.5},"faces":{"down":{"uv":[0.75,11.75,4.25,15.25],"texture":"#texture"},"up":{"uv":[0.75,11.75,4.25,15.25],"texture":"#texture"},"north":{"uv":[0.5,11.75,4,15.25],"texture":"#texture"},"south":{"uv":[0.75,12,4.25,15.5],"texture":"#texture"},"west":{"uv":[0.75,11.75,4.25,15.25],"texture":"#texture"},"east":{"uv":[1,11.5,4.5,15],"texture":"#texture"}}},{"__comment":"Element","from":[7.8125,12.6875,7.5],"to":[8.5625,15.1875,8.5],"rotation":{"origin":[7.8125,15.1875,7.5],"axis":"z","angle":22.5},"faces":{"down":{"uv":[0.75,11.75,4.25,15.25],"texture":"#texture"},"up":{"uv":[0.75,11.75,4.25,15.25],"texture":"#texture"},"north":{"uv":[0.5,11.75,4,15.25],"texture":"#texture"},"south":{"uv":[0.75,12,4.25,15.5],"texture":"#texture"},"west":{"uv":[0.75,11.75,4.25,15.25],"texture":"#texture"},"east":{"uv":[1,11.5,4.5,15],"texture":"#texture"}}},{"__comment":"Element","from":[7.75,16,7.75],"to":[8.25,18,8.25],"faces":{"down":{"uv":[0.75,11.75,4.25,15.25],"texture":"#texture"},"up":{"uv":[0.75,11.75,4.25,15.25],"texture":"#texture"},"north":{"uv":[0.5,11.75,4,15.25],"texture":"#texture"},"south":{"uv":[0.75,12,4.25,15.5],"texture":"#texture"},"west":{"uv":[0.75,11.75,4.25,15.25],"texture":"#texture"},"east":{"uv":[1,11.5,4.5,15],"texture":"#texture"}}},{"__comment":"Element","from":[7.875,15.9175,7.75],"to":[8.25,16.9175,8.25],"rotation":{"origin":[7.875,16.9175,7.75],"axis":"z","angle":-22.5},"faces":{"down":{"uv":[0.75,11.75,4.25,15.25],"texture":"#texture"},"up":{"uv":[0.75,11.75,4.25,15.25],"texture":"#texture"},"north":{"uv":[0.5,11.75,4,15.25],"texture":"#texture"},"south":{"uv":[0.75,12,4.25,15.5],"texture":"#texture"},"west":{"uv":[0.75,11.75,4.25,15.25],"texture":"#texture"},"east":{"uv":[1,11.5,4.5,15],"texture":"#texture"}}},{"__comment":"Element","from":[7.77,15.7725,7.75],"to":[8.145,16.7725,8.25],"rotation":{"origin":[7.77,16.7725,7.75],"axis":"z","angle":22.5},"faces":{"down":{"uv":[0.75,11.75,4.25,15.25],"texture":"#texture"},"up":{"uv":[0.75,11.75,4.25,15.25],"texture":"#texture"},"north":{"uv":[0.5,11.75,4,15.25],"texture":"#texture"},"south":{"uv":[0.75,12,4.25,15.5],"texture":"#texture"},"west":{"uv":[0.75,11.75,4.25,15.25],"texture":"#texture"},"east":{"uv":[1,11.5,4.5,15],"texture":"#texture"}}},{"__comment":"Element","from":[7.75,15.9175,7.875],"to":[8.25,16.9175,8.25],"rotation":{"origin":[7.75,16.9175,7.875],"axis":"x","angle":22.5},"faces":{"down":{"uv":[0.75,11.75,4.25,15.25],"texture":"#texture"},"up":{"uv":[0.75,11.75,4.25,15.25],"texture":"#texture"},"north":{"uv":[0.5,11.75,4,15.25],"texture":"#texture"},"south":{"uv":[0.75,12,4.25,15.5],"texture":"#texture"},"west":{"uv":[0.75,11.75,4.25,15.25],"texture":"#texture"},"east":{"uv":[1,11.5,4.5,15],"texture":"#texture"}}},{"__comment":"Element","from":[7.75,15.7725,7.77],"to":[8.25,16.7725,8.145],"rotation":{"origin":[7.75,16.7725,7.77],"axis":"x","angle":-22.5},"faces":{"down":{"uv":[0.75,11.75,4.25,15.25],"texture":"#texture"},"up":{"uv":[0.75,11.75,4.25,15.25],"texture":"#texture"},"north":{"uv":[0.5,11.75,4,15.25],"texture":"#texture"},"south":{"uv":[0.75,12,4.25,15.5],"texture":"#texture"},"west":{"uv":[0.75,11.75,4.25,15.25],"texture":"#texture"},"east":{"uv":[1,11.5,4.5,15],"texture":"#texture"}}},{"__comment":"Element","from":[7.5,17.25,7.5],"to":[8.5,18.75,8.5],"faces":{"down":{"uv":[0.75,11.75,4.25,15.25],"texture":"#texture"},"up":{"uv":[0.75,11.75,4.25,15.25],"texture":"#texture"},"north":{"uv":[0.5,11.75,4,15.25],"texture":"#texture"},"south":{"uv":[0.75,12,4.25,15.5],"texture":"#texture"},"west":{"uv":[0.75,11.75,4.25,15.25],"texture":"#texture"},"east":{"uv":[1,11.5,4.5,15],"texture":"#texture"}}},{"__comment":"Element","from":[7.5,17.5,7.25],"to":[8.5,18.5,8.75],"faces":{"down":{"uv":[0.75,11.75,4.25,15.25],"texture":"#texture"},"up":{"uv":[0.75,11.75,4.25,15.25],"texture":"#texture"},"north":{"uv":[0.5,11.75,4,15.25],"texture":"#texture"},"south":{"uv":[0.75,12,4.25,15.5],"texture":"#texture"},"west":{"uv":[0.75,11.75,4.25,15.25],"texture":"#texture"},"east":{"uv":[1,11.5,4.5,15],"texture":"#texture"}}},{"__comment":"Element","from":[7.25,17.5,7.5],"to":[8.75,18.5,8.5],"faces":{"down":{"uv":[0.75,11.75,4.25,15.25],"texture":"#texture"},"up":{"uv":[0.75,11.75,4.25,15.25],"texture":"#texture"},"north":{"uv":[0.5,11.75,4,15.25],"texture":"#texture"},"south":{"uv":[0.75,12,4.25,15.5],"texture":"#texture"},"west":{"uv":[0.75,11.75,4.25,15.25],"texture":"#texture"},"east":{"uv":[1,11.5,4.5,15],"texture":"#texture"}}},{"__comment":"eye_bottom*","from":[5.49,9.25,15],"to":[6.49,10,16.5],"faces":{"down":{"uv":[13,6.25,14.5,8.25],"texture":"#particle"},"up":{"uv":[13,5,14.5,8],"texture":"#particle"},"north":{"uv":[13.75,5.75,15.25,8],"texture":"#particle"},"south":{"uv":[13.5,5.75,15.75,8.5],"texture":"#particle"},"west":{"uv":[0.25,12.5,6.5,15.75],"texture":"#particle"},"east":{"uv":[0.25,12.5,6.5,15.75],"texture":"#particle"}}},{"__comment":"eye_bottom*","from":[5.49,9.25,15],"to":[6.24,10,16.5],"rotation":{"origin":[5.49,10,15],"axis":"z","angle":45},"faces":{"down":{"uv":[12.75,6.75,14.75,9],"texture":"#particle"},"up":{"uv":[0.25,9.5,6.5,12.75],"texture":"#particle","rotation":90},"north":{"uv":[13.75,5.75,15.25,8],"texture":"#particle"},"south":{"uv":[13.5,5.75,15.75,8.5],"texture":"#particle"},"west":{"uv":[13,6.25,15.25,8.25],"texture":"#particle"},"east":{"uv":[13,6.75,15,9],"texture":"#particle"}}},{"__comment":"eye_bottom*","from":[5.49,9.25,-0.5],"to":[6.49,10,1],"faces":{"down":{"uv":[13,6.25,14.5,8.25],"texture":"#particle"},"up":{"uv":[13,5,14.5,8],"texture":"#particle"},"north":{"uv":[13.75,5.75,15.25,8],"texture":"#particle"},"south":{"uv":[13.5,5.75,15.75,8.5],"texture":"#particle"},"west":{"uv":[0.25,12.5,6.5,15.75],"texture":"#particle"},"east":{"uv":[0.25,12.5,6.5,15.75],"texture":"#particle"}}},{"__comment":"eye_bottom*","from":[5.49,9.25,-0.5],"to":[6.24,10,1],"rotation":{"origin":[5.49,10,-0.5],"axis":"z","angle":45},"faces":{"down":{"uv":[12.75,6.75,14.75,9],"texture":"#particle"},"up":{"uv":[0.25,9.5,6.5,12.75],"texture":"#particle","rotation":90},"north":{"uv":[13.75,5.75,15.25,8],"texture":"#particle"},"south":{"uv":[13.5,5.75,15.75,8.5],"texture":"#particle"},"west":{"uv":[13,6.25,15.25,8.25],"texture":"#particle"},"east":{"uv":[13,6.75,15,9],"texture":"#particle"}}},{"__comment":"magnet_1","from":[1,8,15.5],"to":[4.5,9,16.5],"faces":{"down":{"uv":[6.5,6.75,9.25,9.25],"texture":"#texture"},"up":{"uv":[7,7.75,9.5,9.75],"texture":"#texture"},"north":{"uv":[7.5,7,9.75,9.5],"texture":"#texture"},"south":{"uv":[7,6.5,9.5,8.75],"texture":"#texture"},"west":{"uv":[12,1,15,4],"texture":"#texture"},"east":{"uv":[7.5,7.75,10,9.75],"texture":"#texture"}}},{"__comment":"magnet_1","from":[4.25,5.75,15.5],"to":[5.5,8,16.5],"faces":{"down":{"uv":[6.75,7,8.75,9.25],"texture":"#texture"},"up":{"uv":[7.75,8.25,9.5,10],"texture":"#texture"},"north":{"uv":[7,6.5,9.25,9.25],"texture":"#texture"},"south":{"uv":[6.75,6.25,9.25,9.5],"texture":"#texture"},"west":{"uv":[6.5,6.75,8.5,9.75],"texture":"#texture"},"east":{"uv":[7.75,6.5,10,9.5],"texture":"#texture"}}},{"__comment":"magnet_1","from":[1,4.75,15.5],"to":[4.5,5.75,16.5],"faces":{"down":{"uv":[6.5,6.75,9.25,9.25],"texture":"#texture"},"up":{"uv":[7,7.75,9.5,9.75],"texture":"#texture"},"north":{"uv":[7.5,7,9.75,9.5],"texture":"#texture"},"south":{"uv":[7,6.5,9.5,8.75],"texture":"#texture"},"west":{"uv":[12,6.25,15,9.25],"texture":"#texture"},"east":{"uv":[7.5,7.75,10,9.75],"texture":"#texture"}}},{"__comment":"magnet_1","from":[4.5,7.585,15.5],"to":[5.915,9,16.5],"rotation":{"origin":[4.5,9,15.5],"axis":"z","angle":-45},"faces":{"down":{"uv":[6.75,7,8.75,9.25],"texture":"#texture"},"up":{"uv":[7.75,8.25,9.5,10],"texture":"#texture"},"north":{"uv":[7,6.5,9.25,9.25],"texture":"#texture"},"south":{"uv":[6.75,6.25,9.25,9.5],"texture":"#texture"},"west":{"uv":[6.5,6.75,8.5,9.75],"texture":"#texture"},"east":{"uv":[7.75,6.5,10,9.5],"texture":"#texture"}}},{"__comment":"magnet_1","from":[3.5,4.335,15.5],"to":[4.915,5.75,16.5],"rotation":{"origin":[3.5,5.75,15.5],"axis":"z","angle":45},"faces":{"down":{"uv":[6.75,7,8.75,9.25],"texture":"#texture"},"up":{"uv":[7.75,8.25,9.5,10],"texture":"#texture"},"north":{"uv":[7,6.5,9.25,9.25],"texture":"#texture"},"south":{"uv":[6.75,6.25,9.25,9.5],"texture":"#texture"},"west":{"uv":[6.5,6.75,8.5,9.75],"texture":"#texture"},"east":{"uv":[7.75,6.5,10,9.5],"texture":"#texture"}}},{"__comment":"magnet_2","from":[1,8,0.5],"to":[4.5,9,1.5],"faces":{"down":{"uv":[6.5,6.75,9.25,9.25],"texture":"#texture"},"up":{"uv":[7,7.75,9.5,9.75],"texture":"#texture"},"north":{"uv":[7.5,7,9.75,9.5],"texture":"#texture"},"south":{"uv":[7,6.5,9.5,8.75],"texture":"#texture"},"west":{"uv":[12,1,15,4],"texture":"#texture"},"east":{"uv":[7.5,7.75,10,9.75],"texture":"#texture"}}},{"__comment":"magnet_2","from":[4.25,5.75,0.5],"to":[5.5,8,1.5],"faces":{"down":{"uv":[6.75,7,8.75,9.25],"texture":"#texture"},"up":{"uv":[7.75,8.25,9.5,10],"texture":"#texture"},"north":{"uv":[7,6.5,9.25,9.25],"texture":"#texture"},"south":{"uv":[6.75,6.25,9.25,9.5],"texture":"#texture"},"west":{"uv":[6.5,6.75,8.5,9.75],"texture":"#texture"},"east":{"uv":[7.75,6.5,10,9.5],"texture":"#texture"}}},{"__comment":"magnet_2","from":[1,4.75,0.5],"to":[4.5,5.75,1.5],"faces":{"down":{"uv":[6.5,6.75,9.25,9.25],"texture":"#texture"},"up":{"uv":[7,7.75,9.5,9.75],"texture":"#texture"},"north":{"uv":[7.5,7,9.75,9.5],"texture":"#texture"},"south":{"uv":[7,6.5,9.5,8.75],"texture":"#texture"},"west":{"uv":[12,6.25,15,9.25],"texture":"#texture"},"east":{"uv":[7.5,7.75,10,9.75],"texture":"#texture"}}},{"__comment":"magnet_2","from":[4.5,7.585,0.5],"to":[5.915,9,1.5],"rotation":{"origin":[4.5,9,0.5],"axis":"z","angle":-45},"faces":{"down":{"uv":[6.75,7,8.75,9.25],"texture":"#texture"},"up":{"uv":[7.75,8.25,9.5,10],"texture":"#texture"},"north":{"uv":[7,6.5,9.25,9.25],"texture":"#texture"},"south":{"uv":[6.75,6.25,9.25,9.5],"texture":"#texture"},"west":{"uv":[6.5,6.75,8.5,9.75],"texture":"#texture"},"east":{"uv":[7.75,6.5,10,9.5],"texture":"#texture"}}},{"__comment":"magnet_2","from":[3.5,4.335,0.5],"to":[4.915,5.75,1.5],"rotation":{"origin":[3.5,5.75,0.5],"axis":"z","angle":45},"faces":{"down":{"uv":[6.75,7,8.75,9.25],"texture":"#texture"},"up":{"uv":[7.75,8.25,9.5,10],"texture":"#texture"},"north":{"uv":[7,6.5,9.25,9.25],"texture":"#texture"},"south":{"uv":[6.75,6.25,9.25,9.5],"texture":"#texture"},"west":{"uv":[6.5,6.75,8.5,9.75],"texture":"#texture"},"east":{"uv":[7.75,6.5,10,9.5],"texture":"#texture"}}},{"__comment":"magnet_1*","from":[14.3325,7.03,7.5],"to":[17.5825,8.029999,8.5],"rotation":{"origin":[14.3325,8.03,7.5],"axis":"z","angle":-22.5},"faces":{"down":{"uv":[6.5,6.75,9.25,9.25],"texture":"#texture"},"up":{"uv":[7,7.75,9.5,9.75],"texture":"#texture"},"north":{"uv":[7.5,7,9.75,9.5],"texture":"#texture"},"south":{"uv":[7,6.5,9.5,8.75],"texture":"#texture"},"west":{"uv":[6.75,6.75,9.75,9.75],"texture":"#texture"},"east":{"uv":[7.5,7.75,10,9.75],"texture":"#texture"}}},{"__comment":"magnet_1*","from":[13,5,7.5],"to":[14.25,7.5,8.5],"rotation":{"origin":[13,7.5,7.5],"axis":"z","angle":-22.5},"faces":{"down":{"uv":[6.5,6.75,9.25,9.25],"texture":"#texture"},"up":{"uv":[7,7.75,9.5,9.75],"texture":"#texture"},"north":{"uv":[7.5,7,9.75,9.5],"texture":"#texture"},"south":{"uv":[7,6.5,9.5,8.75],"texture":"#texture"},"west":{"uv":[6.75,6.75,9.75,9.75],"texture":"#texture"},"east":{"uv":[7.5,7.75,10,9.75],"texture":"#texture"}}},{"__comment":"magnet_1*","from":[13,6.085,7.5],"to":[14.415,7.5,8.5],"rotation":{"origin":[13,7.5,7.5],"axis":"z","angle":22.5},"faces":{"down":{"uv":[6.75,7,8.75,9.25],"texture":"#texture"},"up":{"uv":[7.75,8.25,9.5,10],"texture":"#texture"},"north":{"uv":[7,6.5,9.25,9.25],"texture":"#texture"},"south":{"uv":[6.75,6.25,9.25,9.5],"texture":"#texture"},"west":{"uv":[6.5,6.75,8.5,9.75],"texture":"#texture"},"east":{"uv":[7.75,6.5,10,9.5],"texture":"#texture"}}},{"__comment":"magnet_1*","from":[12.9775,3.8125,7.5],"to":[16.4775,4.8125,8.5],"rotation":{"origin":[12.9775,4.8125,7.5],"axis":"z","angle":-22.5},"faces":{"down":{"uv":[6.5,6.75,9.25,9.25],"texture":"#texture"},"up":{"uv":[7,7.75,9.5,9.75],"texture":"#texture"},"north":{"uv":[7.5,7,9.75,9.5],"texture":"#texture"},"south":{"uv":[7,6.5,9.5,8.75],"texture":"#texture"},"west":{"uv":[6.75,6.75,9.75,9.75],"texture":"#texture"},"east":{"uv":[7.5,7.75,10,9.75],"texture":"#texture"}}},{"__comment":"magnet_1*","from":[12.065,3.7525,7.5],"to":[13.48,5.1675,8.5],"rotation":{"origin":[12.065,5.1675,7.5],"axis":"z","angle":22.5},"faces":{"down":{"uv":[6.75,7,8.75,9.25],"texture":"#texture"},"up":{"uv":[7.75,8.25,9.5,10],"texture":"#texture"},"north":{"uv":[7,6.5,9.25,9.25],"texture":"#texture"},"south":{"uv":[6.75,6.25,9.25,9.5],"texture":"#texture"},"west":{"uv":[6.5,6.75,8.5,9.75],"texture":"#texture"},"east":{"uv":[7.75,6.5,10,9.5],"texture":"#texture"}}},{"__comment":"Element","from":[4.49,10.585,4.75],"to":[5.905,12,6.25],"rotation":{"origin":[4.49,12,4.75],"axis":"z","angle":45},"faces":{"down":{"uv":[9.75,12.5,12,15.25],"texture":"#circle_top"},"up":{"uv":[0.25,0.25,12.25,12.25],"texture":"#circle_top"},"north":{"uv":[9.5,11.75,12,13.75],"texture":"#circle_top"},"south":{"uv":[8.25,12.5,10.75,14.75],"texture":"#circle_top"},"west":{"uv":[9.5,12.5,11.75,14.75],"texture":"#circle_top"},"east":{"uv":[9.5,12.75,12,15.25],"texture":"#circle_top"}}},{"__comment":"Element","from":[4.49,10.585,9.75],"to":[5.905,12,11.25],"rotation":{"origin":[4.49,12,9.75],"axis":"z","angle":45},"faces":{"down":{"uv":[9.75,12.5,12,15.25],"texture":"#circle_top"},"up":{"uv":[0.25,0.25,12.25,12.25],"texture":"#circle_top"},"north":{"uv":[9.5,11.75,12,13.75],"texture":"#circle_top"},"south":{"uv":[8.25,12.5,10.75,14.75],"texture":"#circle_top"},"west":{"uv":[9.5,12.5,11.75,14.75],"texture":"#circle_top"},"east":{"uv":[9.5,12.75,12,15.25],"texture":"#circle_top"}}},{"__comment":"Element","from":[10.51,11.585,9.75],"to":[11.925,13,11.25],"rotation":{"origin":[10.51,13,9.75],"axis":"z","angle":-45},"faces":{"down":{"uv":[9.75,12.5,12,15.25],"texture":"#circle_top"},"up":{"uv":[0.25,0.25,12.25,12.25],"texture":"#circle_top"},"north":{"uv":[9.5,11.75,12,13.75],"texture":"#circle_top"},"south":{"uv":[8.25,12.5,10.75,14.75],"texture":"#circle_top"},"west":{"uv":[9.5,12.5,11.75,14.75],"texture":"#circle_top"},"east":{"uv":[9.5,12.75,12,15.25],"texture":"#circle_top"}}},{"__comment":"Element","from":[10.51,11.585,4.75],"to":[11.925,13,6.25],"rotation":{"origin":[10.51,13,4.75],"axis":"z","angle":-45},"faces":{"down":{"uv":[9.75,12.5,12,15.25],"texture":"#circle_top"},"up":{"uv":[0.25,0.25,12.25,12.25],"texture":"#circle_top"},"north":{"uv":[9.5,11.75,12,13.75],"texture":"#circle_top"},"south":{"uv":[8.25,12.5,10.75,14.75],"texture":"#circle_top"},"west":{"uv":[9.5,12.5,11.75,14.75],"texture":"#circle_top"},"east":{"uv":[9.5,12.75,12,15.25],"texture":"#circle_top"}}}],"display":{"thirdperson_righthand":{"scale":[0.0001,0.0001,0.0001]},"thirdperson_lefthand":{"scale":[0.0001,0.0001,0.0001]},"firstperson_righthand":{"scale":[0.0001,0.0001,0.0001]},"firstperson_lefthand":{"scale":[0.0001,0.0001,0.0001]},"gui":{"rotation":[30,45,0],"translation":[-0.125,0,0],"scale":[0.75,0.75,0.75]},"head":{"rotation":[0,-90,0],"translation":[0,-5,0],"scale":[3,3,3]},"ground":{"scale":[0.0001,0.0001,0.0001]},"fixed":{"scale":[0.0001,0.0001,0.0001]}}}