{"__comment":"Designed by MadstonMagic with BDcraft Cubik PRO 1.00 for MC1.8 - http://bdcraft.net","textures":{"particle":"pokemon_skins/regular/tangrowth/eye","texture":"pokemon_skins/regular/tangrowth/tangrowth"},"elements":[{"__comment":"Element","from":[5,3.5,4],"to":[11,17.5,12],"faces":{"down":{"uv":[2,8.25,5.5,11.75],"texture":"#texture"},"up":{"uv":[1,1,5,5],"texture":"#texture"},"north":{"uv":[1,2,4.5,5.5],"texture":"#texture"},"south":{"uv":[2,1.5,4.5,4.5],"texture":"#texture"},"west":{"uv":[1.5,1,5,5],"texture":"#texture"},"east":{"uv":[2,1.5,5,5.5],"texture":"#texture"}}},{"__comment":"Element","from":[5,3.5,2],"to":[11,15.5,14],"faces":{"down":{"uv":[1.5,8.75,5,12.25],"texture":"#texture"},"up":{"uv":[1,1,5,5],"texture":"#texture"},"north":{"uv":[1,2,4.5,5.5],"texture":"#texture"},"south":{"uv":[2,1.5,4.5,4.5],"texture":"#texture"},"west":{"uv":[1.5,1,5,5],"texture":"#texture"},"east":{"uv":[2,1.5,5,5.5],"texture":"#texture"}}},{"__comment":"Element","from":[3,13,4],"to":[13,15.5,12],"faces":{"down":{"uv":[1,1,4.5,4.5],"texture":"#texture"},"up":{"uv":[1,1,5,5],"texture":"#texture"},"north":{"uv":[1,2,4.5,5.5],"texture":"#texture"},"south":{"uv":[2,1.5,4.5,4.5],"texture":"#texture"},"west":{"uv":[1.5,1,5,5],"texture":"#texture"},"east":{"uv":[2,1.5,5,5.5],"texture":"#texture"}}},{"__comment":"Element","from":[5,14.67,12],"to":[11,17.5,14.83],"rotation":{"origin":[5,17.5,12],"axis":"x","angle":45},"faces":{"down":{"uv":[1,1,4.5,4.5],"texture":"#texture"},"up":{"uv":[1,1,5,5],"texture":"#texture"},"north":{"uv":[1,2,4.5,5.5],"texture":"#texture"},"south":{"uv":[2,1.5,4.5,4.5],"texture":"#texture"},"west":{"uv":[1.5,1,5,5],"texture":"#texture"},"east":{"uv":[2,1.5,5,5.5],"texture":"#texture"}}},{"__comment":"Element","from":[5,12.67,2],"to":[11,15.5,4.83],"rotation":{"origin":[5,15.5,2],"axis":"x","angle":-45},"faces":{"down":{"uv":[1,1,4.5,4.5],"texture":"#texture"},"up":{"uv":[1,1,5,5],"texture":"#texture"},"north":{"uv":[1,2,4.5,5.5],"texture":"#texture"},"south":{"uv":[2,1.5,4.5,4.5],"texture":"#texture"},"west":{"uv":[1.5,1,5,5],"texture":"#texture"},"east":{"uv":[2,1.5,5,5.5],"texture":"#texture"}}},{"__comment":"Element","from":[3,12.67,4],"to":[5.83,15.5,12],"rotation":{"origin":[3,15.5,4],"axis":"z","angle":45},"faces":{"down":{"uv":[1,1,4.5,4.5],"texture":"#texture"},"up":{"uv":[1,1,5,5],"texture":"#texture"},"north":{"uv":[1,2,4.5,5.5],"texture":"#texture"},"south":{"uv":[2,1.5,4.5,4.5],"texture":"#texture"},"west":{"uv":[1.5,1,5,5],"texture":"#texture"},"east":{"uv":[2,1.5,5,5.5],"texture":"#texture"}}},{"__comment":"Element","from":[11,14.67,4],"to":[13.83,17.5,12],"rotation":{"origin":[11,17.5,4],"axis":"z","angle":-45},"faces":{"down":{"uv":[1,1,4.5,4.5],"texture":"#texture"},"up":{"uv":[1,1,5,5],"texture":"#texture"},"north":{"uv":[1,2,4.5,5.5],"texture":"#texture"},"south":{"uv":[2,1.5,4.5,4.5],"texture":"#texture"},"west":{"uv":[1.5,1,5,5],"texture":"#texture"},"east":{"uv":[2,1.5,5,5.5],"texture":"#texture"}}},{"__comment":"Element","from":[3,3.5,4],"to":[5.83,15.5,6.83],"rotation":{"origin":[3,3.5,4],"axis":"y","angle":45},"faces":{"down":{"uv":[1.5,8.75,5,12.25],"texture":"#texture"},"up":{"uv":[1,1,5,5],"texture":"#texture"},"north":{"uv":[1,2,4.5,5.5],"texture":"#texture"},"south":{"uv":[2,1.5,4.5,4.5],"texture":"#texture"},"west":{"uv":[1.5,1,5,5],"texture":"#texture"},"east":{"uv":[2,1.5,5,5.5],"texture":"#texture"}}},{"__comment":"Element","from":[11,3.5,2],"to":[13.83,15.5,4.83],"rotation":{"origin":[11,3.5,2],"axis":"y","angle":-45},"faces":{"down":{"uv":[1.5,8.75,5,12.25],"texture":"#texture"},"up":{"uv":[1,1,5,5],"texture":"#texture"},"north":{"uv":[1,2,4.5,5.5],"texture":"#texture"},"south":{"uv":[2,1.5,4.5,4.5],"texture":"#texture"},"west":{"uv":[1.5,1,5,5],"texture":"#texture"},"east":{"uv":[2,1.5,5,5.5],"texture":"#texture"}}},{"__comment":"Element","from":[3,3.5,12],"to":[5.83,15.5,14.83],"rotation":{"origin":[3,3.5,12],"axis":"y","angle":45},"faces":{"down":{"uv":[1.5,8.75,5,12.25],"texture":"#texture"},"up":{"uv":[1,1,5,5],"texture":"#texture"},"north":{"uv":[1,2,4.5,5.5],"texture":"#texture"},"south":{"uv":[2,1.5,4.5,4.5],"texture":"#texture"},"west":{"uv":[1.5,1,5,5],"texture":"#texture"},"east":{"uv":[2,1.5,5,5.5],"texture":"#texture"}}},{"__comment":"Element","from":[11,3.5,10],"to":[13.83,15.5,12.83],"rotation":{"origin":[11,3.5,10],"axis":"y","angle":-45},"faces":{"down":{"uv":[1.5,8.75,5,12.25],"texture":"#texture"},"up":{"uv":[1,1,5,5],"texture":"#texture"},"north":{"uv":[1,2,4.5,5.5],"texture":"#texture"},"south":{"uv":[2,1.5,4.5,4.5],"texture":"#texture"},"west":{"uv":[1.5,1,5,5],"texture":"#texture"},"east":{"uv":[2,1.5,5,5.5],"texture":"#texture"}}},{"__comment":"feet","from":[5.5,2.5,3],"to":[10.5,4,13],"faces":{"down":{"uv":[1.5,8.5,5,12],"texture":"#texture"},"up":{"uv":[1.5,7.5,5.5,11.5],"texture":"#texture"},"north":{"uv":[1,7.5,4.5,11],"texture":"#texture"},"south":{"uv":[2,8.5,4.5,11.5],"texture":"#texture"},"west":{"uv":[1.5,8,5,12],"texture":"#texture"},"east":{"uv":[1.5,8,4.5,12],"texture":"#texture"}}},{"__comment":"feet","from":[6.75,1,3],"to":[9.25,2.5,5.5],"faces":{"down":{"uv":[1.5,8.5,5,12],"texture":"#texture"},"up":{"uv":[1.5,7.5,5.5,11.5],"texture":"#texture"},"north":{"uv":[1,7.5,4.5,11],"texture":"#texture"},"south":{"uv":[2,8.5,4.5,11.5],"texture":"#texture"},"west":{"uv":[1.5,8,5,12],"texture":"#texture"},"east":{"uv":[1.5,8,4.5,12],"texture":"#texture"}}},{"__comment":"feet","from":[6.75,1,10.5],"to":[9.25,2.5,13],"faces":{"down":{"uv":[1.5,8.5,5,12],"texture":"#texture"},"up":{"uv":[1.5,7.5,5.5,11.5],"texture":"#texture"},"north":{"uv":[1,7.5,4.5,11],"texture":"#texture"},"south":{"uv":[2,8.5,4.5,11.5],"texture":"#texture"},"west":{"uv":[1.5,8,5,12],"texture":"#texture"},"east":{"uv":[1.5,8,4.5,12],"texture":"#texture"}}},{"__comment":"feet","from":[6.75,0,3],"to":[9.25,1,5.5],"faces":{"down":{"uv":[8,1.5,11.5,5],"texture":"#texture"},"up":{"uv":[7.5,1,11.5,5],"texture":"#texture"},"north":{"uv":[8.5,1.5,12,5],"texture":"#texture"},"south":{"uv":[8,2,10.5,5],"texture":"#texture"},"west":{"uv":[8.5,1,12,5],"texture":"#texture"},"east":{"uv":[8.5,1.5,11.5,5.5],"texture":"#texture"}}},{"__comment":"feet","from":[6.75,0,10.5],"to":[9.25,1,13],"faces":{"down":{"uv":[8,1.5,11.5,5],"texture":"#texture"},"up":{"uv":[7.5,1,11.5,5],"texture":"#texture"},"north":{"uv":[8.5,1.5,12,5],"texture":"#texture"},"south":{"uv":[8,2,10.5,5],"texture":"#texture"},"west":{"uv":[8.5,1,12,5],"texture":"#texture"},"east":{"uv":[8.5,1.5,11.5,5.5],"texture":"#texture"}}},{"__comment":"feet","from":[6.75,2.67,5.5],"to":[9.25,5.5,8.33],"rotation":{"origin":[6.75,5.5,5.5],"axis":"x","angle":45},"faces":{"down":{"uv":[1.5,8.5,5,12],"texture":"#texture"},"up":{"uv":[1.5,7.5,5.5,11.5],"texture":"#texture"},"north":{"uv":[1,7.5,4.5,11],"texture":"#texture"},"south":{"uv":[2,8.5,4.5,11.5],"texture":"#texture"},"west":{"uv":[1.5,8,5,12],"texture":"#texture"},"east":{"uv":[1.5,8,4.5,12],"texture":"#texture"}}},{"__comment":"feet","from":[6.75,0.67,8.5],"to":[9.25,3.5,11.33],"rotation":{"origin":[6.75,3.5,8.5],"axis":"x","angle":-45},"faces":{"down":{"uv":[1.5,8.5,5,12],"texture":"#texture"},"up":{"uv":[1.5,7.5,5.5,11.5],"texture":"#texture"},"north":{"uv":[1,7.5,4.5,11],"texture":"#texture"},"south":{"uv":[2,8.5,4.5,11.5],"texture":"#texture"},"west":{"uv":[1.5,8,5,12],"texture":"#texture"},"east":{"uv":[1.5,8,4.5,12],"texture":"#texture"}}},{"__comment":"feet","from":[4,1.67,3],"to":[6.83,4.5,13],"rotation":{"origin":[4,4.5,3],"axis":"z","angle":45},"faces":{"down":{"uv":[1.5,8.5,5,12],"texture":"#texture"},"up":{"uv":[1.5,7.5,5.5,11.5],"texture":"#texture"},"north":{"uv":[1,7.5,4.5,11],"texture":"#texture"},"south":{"uv":[2,8.5,4.5,11.5],"texture":"#texture"},"west":{"uv":[1.5,8,5,12],"texture":"#texture"},"east":{"uv":[1.5,8,4.5,12],"texture":"#texture"}}},{"__comment":"feet","from":[10,3.67,3],"to":[12.83,6.5,13],"rotation":{"origin":[10,6.5,3],"axis":"z","angle":-45},"faces":{"down":{"uv":[1.5,8.5,5,12],"texture":"#texture"},"up":{"uv":[1.5,7.5,5.5,11.5],"texture":"#texture"},"north":{"uv":[1,7.5,4.5,11],"texture":"#texture"},"south":{"uv":[2,8.5,4.5,11.5],"texture":"#texture"},"west":{"uv":[1.5,8,5,12],"texture":"#texture"},"east":{"uv":[1.5,8,4.5,12],"texture":"#texture"}}},{"__comment":"Element","from":[3,3.5,4],"to":[13,9.5,12],"faces":{"down":{"uv":[1.5,8.75,5,12.25],"texture":"#texture"},"up":{"uv":[1,1,5,5],"texture":"#texture"},"north":{"uv":[1,2,4.5,5.5],"texture":"#texture"},"south":{"uv":[2,1.5,4.5,4.5],"texture":"#texture"},"west":{"uv":[1.5,1,5,5],"texture":"#texture"},"east":{"uv":[2,1.5,5,5.5],"texture":"#texture"}}},{"__comment":"Element","from":[3,9.5,4],"to":[13,13,5.5],"faces":{"down":{"uv":[1,1,4.5,4.5],"texture":"#texture"},"up":{"uv":[1,1,5,5],"texture":"#texture"},"north":{"uv":[1,2,4.5,5.5],"texture":"#texture"},"south":{"uv":[2,1.5,4.5,4.5],"texture":"#texture"},"west":{"uv":[1.5,1,5,5],"texture":"#texture"},"east":{"uv":[2,1.5,5,5.5],"texture":"#texture"}}},{"__comment":"Element","from":[3,9.5,10.5],"to":[13,13,12],"faces":{"down":{"uv":[1,1,4.5,4.5],"texture":"#texture"},"up":{"uv":[1,1,5,5],"texture":"#texture"},"north":{"uv":[1,2,4.5,5.5],"texture":"#texture"},"south":{"uv":[2,1.5,4.5,4.5],"texture":"#texture"},"west":{"uv":[1.5,1,5,5],"texture":"#texture"},"east":{"uv":[2,1.5,5,5.5],"texture":"#texture"}}},{"__comment":"Element","from":[3.5,9.5,5.5],"to":[10,13,10.5],"faces":{"down":{"uv":[1.5,8,5,11.5],"texture":"#texture"},"up":{"uv":[1.5,8.5,5.5,12.5],"texture":"#texture"},"north":{"uv":[1,7.5,4.5,11],"texture":"#texture"},"south":{"uv":[2,8,4.5,11],"texture":"#texture"},"west":{"uv":[1.5,7.5,5,11.5],"texture":"#texture"},"east":{"uv":[2,1.5,5,5.5],"texture":"#texture"}}},{"__comment":"Element","from":[7,9,5.5],"to":[13,13,10.5],"faces":{"down":{"uv":[1,1,4.5,4.5],"texture":"#texture"},"up":{"uv":[1,1,5,5],"texture":"#texture"},"north":{"uv":[1,2,4.5,5.5],"texture":"#texture"},"south":{"uv":[2,1.5,4.5,4.5],"texture":"#texture"},"west":{"uv":[1.5,1,5,5],"texture":"#texture"},"east":{"uv":[2,1.5,5,5.5],"texture":"#texture"}}},{"__comment":"Element","from":[3,9.085,5.5],"to":[8,10.5,6.915],"rotation":{"origin":[3,10.5,5.5],"axis":"x","angle":45},"faces":{"down":{"uv":[1,1,4.5,4.5],"texture":"#texture"},"up":{"uv":[1,1,5,5],"texture":"#texture"},"north":{"uv":[1,2,4.5,5.5],"texture":"#texture"},"south":{"uv":[2,1.5,4.5,4.5],"texture":"#texture"},"west":{"uv":[1.5,1,5,5],"texture":"#texture"},"east":{"uv":[2,1.5,5,5.5],"texture":"#texture"}}},{"__comment":"Element","from":[3,8.085,9.5],"to":[8,9.5,10.915],"rotation":{"origin":[3,9.5,9.5],"axis":"x","angle":-45},"faces":{"down":{"uv":[1,1,4.5,4.5],"texture":"#texture"},"up":{"uv":[1,1,5,5],"texture":"#texture"},"north":{"uv":[1,2,4.5,5.5],"texture":"#texture"},"south":{"uv":[2,1.5,4.5,4.5],"texture":"#texture"},"west":{"uv":[1.5,1,5,5],"texture":"#texture"},"east":{"uv":[2,1.5,5,5.5],"texture":"#texture"}}},{"__comment":"Element","from":[3,8.585,6],"to":[8,10,7.415],"rotation":{"origin":[3,10,6],"axis":"x","angle":22.5},"faces":{"down":{"uv":[1,1,4.5,4.5],"texture":"#texture"},"up":{"uv":[1,1,5,5],"texture":"#texture"},"north":{"uv":[1,2,4.5,5.5],"texture":"#texture"},"south":{"uv":[2,1.5,4.5,4.5],"texture":"#texture"},"west":{"uv":[1.5,1,5,5],"texture":"#texture"},"east":{"uv":[2,1.5,5,5.5],"texture":"#texture"}}},{"__comment":"Element","from":[3,8.0225,8.6875],"to":[8,9.4375,10.1025],"rotation":{"origin":[3,9.4375,8.6875],"axis":"x","angle":-22.5},"faces":{"down":{"uv":[1,1,4.5,4.5],"texture":"#texture"},"up":{"uv":[1,1,5,5],"texture":"#texture"},"north":{"uv":[1,2,4.5,5.5],"texture":"#texture"},"south":{"uv":[2,1.5,4.5,4.5],"texture":"#texture"},"west":{"uv":[1.5,1,5,5],"texture":"#texture"},"east":{"uv":[2,1.5,5,5.5],"texture":"#texture"}}},{"__comment":"Element","from":[3,12.585,5.5],"to":[8,14,6.915],"rotation":{"origin":[3,14,5.5],"axis":"x","angle":45},"faces":{"down":{"uv":[1,1,4.5,4.5],"texture":"#texture"},"up":{"uv":[1,1,5,5],"texture":"#texture"},"north":{"uv":[1,2,4.5,5.5],"texture":"#texture"},"south":{"uv":[2,1.5,4.5,4.5],"texture":"#texture"},"west":{"uv":[1.5,1,5,5],"texture":"#texture"},"east":{"uv":[2,1.5,5,5.5],"texture":"#texture"}}},{"__comment":"Element","from":[3,11.585,9.5],"to":[8,13,10.915],"rotation":{"origin":[3,13,9.5],"axis":"x","angle":-45},"faces":{"down":{"uv":[1,1,4.5,4.5],"texture":"#texture"},"up":{"uv":[1,1,5,5],"texture":"#texture"},"north":{"uv":[1,2,4.5,5.5],"texture":"#texture"},"south":{"uv":[2,1.5,4.5,4.5],"texture":"#texture"},"west":{"uv":[1.5,1,5,5],"texture":"#texture"},"east":{"uv":[2,1.5,5,5.5],"texture":"#texture"}}},{"__comment":"eye","from":[3.48,10.75,8.5],"to":[4.48,12,9.75],"faces":{"down":{"uv":[13.5,1,14.5,2.5],"texture":"#particle"},"up":{"uv":[13.5,1,14.5,2.5],"texture":"#particle"},"north":{"uv":[13.5,0.5,14.5,2],"texture":"#particle"},"south":{"uv":[14,0.5,15,2],"texture":"#particle"},"west":{"uv":[0.25,0.25,14.5,14.5],"texture":"#particle"},"east":{"uv":[0.25,0.25,14.5,14.5],"texture":"#particle"}}},{"__comment":"eye*","from":[3.48,10.75,6.25],"to":[4.48,12,7.5],"faces":{"down":{"uv":[13.5,1,14.5,2.5],"texture":"#particle"},"up":{"uv":[13.5,1,14.5,2.5],"texture":"#particle"},"north":{"uv":[13.5,0.5,14.5,2],"texture":"#particle"},"south":{"uv":[14,0.5,15,2],"texture":"#particle"},"west":{"uv":[14.5,0.25,0.25,14.5],"texture":"#particle"},"east":{"uv":[0.25,14.5,14.5,0.25],"texture":"#particle"}}},{"__comment":"Element","from":[2.5,13,8.5],"to":[3.5,15,9.5],"faces":{"down":{"uv":[1,1,4.5,4.5],"texture":"#texture"},"up":{"uv":[1,1,5,5],"texture":"#texture"},"north":{"uv":[1,2,4.5,5.5],"texture":"#texture"},"south":{"uv":[2,1.5,4.5,4.5],"texture":"#texture"},"west":{"uv":[1.5,1,5,5],"texture":"#texture"},"east":{"uv":[2,1.5,5,5.5],"texture":"#texture"}}},{"__comment":"Element","from":[2.5,10.5,8.5],"to":[3.5,13,9.5],"rotation":{"origin":[2.5,13,8.5],"axis":"z","angle":45},"faces":{"down":{"uv":[1,1,4.5,4.5],"texture":"#texture"},"up":{"uv":[1,1,5,5],"texture":"#texture"},"north":{"uv":[1,2,4.5,5.5],"texture":"#texture"},"south":{"uv":[2,1.5,4.5,4.5],"texture":"#texture"},"west":{"uv":[1.5,1,5,5],"texture":"#texture"},"east":{"uv":[2,1.5,5,5.5],"texture":"#texture"}}},{"__comment":"Element","from":[2.5,14,8.5],"to":[4,15,9.5],"rotation":{"origin":[2.5,15,8.5],"axis":"z","angle":45},"faces":{"down":{"uv":[1,1,4.5,4.5],"texture":"#texture"},"up":{"uv":[1,1,5,5],"texture":"#texture"},"north":{"uv":[1,2,4.5,5.5],"texture":"#texture"},"south":{"uv":[2,1.5,4.5,4.5],"texture":"#texture"},"west":{"uv":[1.5,1,5,5],"texture":"#texture"},"east":{"uv":[2,1.5,5,5.5],"texture":"#texture"}}},{"__comment":"Element","from":[2.5,12,5.75],"to":[3.5,13,8.75],"rotation":{"origin":[2.5,13,5.75],"axis":"x","angle":-22.5},"faces":{"down":{"uv":[1,1,4.5,4.5],"texture":"#texture"},"up":{"uv":[1,1,5,5],"texture":"#texture"},"north":{"uv":[1,2,4.5,5.5],"texture":"#texture"},"south":{"uv":[2,1.5,4.5,4.5],"texture":"#texture"},"west":{"uv":[1.5,1,5,5],"texture":"#texture"},"east":{"uv":[2,1.5,5,5.5],"texture":"#texture"}}},{"__comment":"Element","from":[2,10,10],"to":[3,14,11],"faces":{"down":{"uv":[1,1,4.5,4.5],"texture":"#texture"},"up":{"uv":[1,1,5,5],"texture":"#texture"},"north":{"uv":[1,2,4.5,5.5],"texture":"#texture"},"south":{"uv":[2,1.5,4.5,4.5],"texture":"#texture"},"west":{"uv":[1.5,1,5,5],"texture":"#texture"},"east":{"uv":[2,1.5,5,5.5],"texture":"#texture"}}},{"__comment":"Element","from":[2.5,13,9],"to":[3.5,14,11],"rotation":{"origin":[2.5,14,9],"axis":"x","angle":22.5},"faces":{"down":{"uv":[1,1,4.5,4.5],"texture":"#texture"},"up":{"uv":[1,1,5,5],"texture":"#texture"},"north":{"uv":[1,2,4.5,5.5],"texture":"#texture"},"south":{"uv":[2,1.5,4.5,4.5],"texture":"#texture"},"west":{"uv":[1.5,1,5,5],"texture":"#texture"},"east":{"uv":[2,1.5,5,5.5],"texture":"#texture"}}},{"__comment":"Element","from":[2.5,14,10],"to":[3.5,15,11.415],"rotation":{"origin":[2.5,15,10],"axis":"x","angle":45},"faces":{"down":{"uv":[1,1,4.5,4.5],"texture":"#texture"},"up":{"uv":[1,1,5,5],"texture":"#texture"},"north":{"uv":[1,2,4.5,5.5],"texture":"#texture"},"south":{"uv":[2,1.5,4.5,4.5],"texture":"#texture"},"west":{"uv":[1.5,1,5,5],"texture":"#texture"},"east":{"uv":[2,1.5,5,5.5],"texture":"#texture"}}},{"__comment":"Element","from":[2.5,14.5,9.5],"to":[3.5,15,10],"faces":{"down":{"uv":[1,1,4.5,4.5],"texture":"#texture"},"up":{"uv":[1,1,5,5],"texture":"#texture"},"north":{"uv":[1,2,4.5,5.5],"texture":"#texture"},"south":{"uv":[2,1.5,4.5,4.5],"texture":"#texture"},"west":{"uv":[1.5,1,5,5],"texture":"#texture"},"east":{"uv":[2,1.5,5,5.5],"texture":"#texture"}}},{"__comment":"Element","from":[2.25,8.75,10],"to":[3.25,10,11],"rotation":{"origin":[2.25,10,10],"axis":"x","angle":-45},"faces":{"down":{"uv":[1,1,4.5,4.5],"texture":"#texture"},"up":{"uv":[1,1,5,5],"texture":"#texture"},"north":{"uv":[1,2,4.5,5.5],"texture":"#texture"},"south":{"uv":[2,1.5,4.5,4.5],"texture":"#texture"},"west":{"uv":[1.5,1,5,5],"texture":"#texture"},"east":{"uv":[2,1.5,5,5.5],"texture":"#texture"}}},{"__comment":"Element","from":[2.5,9.25,10.75],"to":[3.5,10.25,11.75],"faces":{"down":{"uv":[1,1,4.5,4.5],"texture":"#texture"},"up":{"uv":[1,1,5,5],"texture":"#texture"},"north":{"uv":[1,2,4.5,5.5],"texture":"#texture"},"south":{"uv":[2,1.5,4.5,4.5],"texture":"#texture"},"west":{"uv":[1.5,1,5,5],"texture":"#texture"},"east":{"uv":[2,1.5,5,5.5],"texture":"#texture"}}},{"__comment":"Element","from":[2.75,8.9375,11.0625],"to":[3.75,9.9375,12.0625],"rotation":{"origin":[2.75,9.9375,11.0625],"axis":"x","angle":-45},"faces":{"down":{"uv":[1,1,4.5,4.5],"texture":"#texture"},"up":{"uv":[1,1,5,5],"texture":"#texture"},"north":{"uv":[1,2,4.5,5.5],"texture":"#texture"},"south":{"uv":[2,1.5,4.5,4.5],"texture":"#texture"},"west":{"uv":[1.5,1,5,5],"texture":"#texture"},"east":{"uv":[2,1.5,5,5.5],"texture":"#texture"}}},{"__comment":"Element","from":[2,9.75,5.25],"to":[3,13.75,6.25],"faces":{"down":{"uv":[1,1,4.5,4.5],"texture":"#texture"},"up":{"uv":[1,1,5,5],"texture":"#texture"},"north":{"uv":[1,2,4.5,5.5],"texture":"#texture"},"south":{"uv":[2,1.5,4.5,4.5],"texture":"#texture"},"west":{"uv":[1.5,1,5,5],"texture":"#texture"},"east":{"uv":[2,1.5,5,5.5],"texture":"#texture"}}},{"__comment":"Element","from":[2.25,9.1875,5.5625],"to":[3.25,10.4375,6.5625],"rotation":{"origin":[2.25,10.4375,5.5625],"axis":"x","angle":45},"faces":{"down":{"uv":[1,1,4.5,4.5],"texture":"#texture"},"up":{"uv":[1,1,5,5],"texture":"#texture"},"north":{"uv":[1,2,4.5,5.5],"texture":"#texture"},"south":{"uv":[2,1.5,4.5,4.5],"texture":"#texture"},"west":{"uv":[1.5,1,5,5],"texture":"#texture"},"east":{"uv":[2,1.5,5,5.5],"texture":"#texture"}}},{"__comment":"Element","from":[2.5,8.875,4.375],"to":[3.5,9.875,5.375],"faces":{"down":{"uv":[1,1,4.5,4.5],"texture":"#texture"},"up":{"uv":[1,1,5,5],"texture":"#texture"},"north":{"uv":[1,2,4.5,5.5],"texture":"#texture"},"south":{"uv":[2,1.5,4.5,4.5],"texture":"#texture"},"west":{"uv":[1.5,1,5,5],"texture":"#texture"},"east":{"uv":[2,1.5,5,5.5],"texture":"#texture"}}},{"__comment":"Element","from":[2.75,8.5625,3.625],"to":[3.75,9.5625,4.625],"rotation":{"origin":[2.75,9.5625,3.625],"axis":"x","angle":-45},"faces":{"down":{"uv":[1,1,4.5,4.5],"texture":"#texture"},"up":{"uv":[1,1,5,5],"texture":"#texture"},"north":{"uv":[1,2,4.5,5.5],"texture":"#texture"},"south":{"uv":[2,1.5,4.5,4.5],"texture":"#texture"},"west":{"uv":[1.5,1,5,5],"texture":"#texture"},"east":{"uv":[2,1.5,5,5.5],"texture":"#texture"}}},{"__comment":"Element","from":[2,12.5,5.25],"to":[3.5,13.75,6.25],"rotation":{"origin":[2,13.75,5.25],"axis":"z","angle":45},"faces":{"down":{"uv":[1,1,4.5,4.5],"texture":"#texture"},"up":{"uv":[1,1,5,5],"texture":"#texture"},"north":{"uv":[1,2,4.5,5.5],"texture":"#texture"},"south":{"uv":[2,1.5,4.5,4.5],"texture":"#texture"},"west":{"uv":[1.5,1,5,5],"texture":"#texture"},"east":{"uv":[2,1.5,5,5.5],"texture":"#texture"}}},{"__comment":"Element","from":[2.5,9.25,5.75],"to":[3,10.25,8],"rotation":{"origin":[2.5,10.25,5.75],"axis":"x","angle":22.5},"faces":{"down":{"uv":[1,1,4.5,4.5],"texture":"#texture"},"up":{"uv":[1,1,5,5],"texture":"#texture"},"north":{"uv":[1,2,4.5,5.5],"texture":"#texture"},"south":{"uv":[2,1.5,4.5,4.5],"texture":"#texture"},"west":{"uv":[1.5,1,5,5],"texture":"#texture"},"east":{"uv":[2,1.5,5,5.5],"texture":"#texture"}}},{"__comment":"Element","from":[2.5,8.5,8],"to":[3,9.5,10.75],"rotation":{"origin":[2.5,9.5,8],"axis":"x","angle":-22.5},"faces":{"down":{"uv":[1,1,4.5,4.5],"texture":"#texture"},"up":{"uv":[1,1,5,5],"texture":"#texture"},"north":{"uv":[1,2,4.5,5.5],"texture":"#texture"},"south":{"uv":[2,1.5,4.5,4.5],"texture":"#texture"},"west":{"uv":[1.5,1,5,5],"texture":"#texture"},"east":{"uv":[2,1.5,5,5.5],"texture":"#texture"}}},{"__comment":"Element","from":[2.5,8.5,7.4375],"to":[3,9.5,8.375],"faces":{"down":{"uv":[1,1,4.5,4.5],"texture":"#texture"},"up":{"uv":[1,1,5,5],"texture":"#texture"},"north":{"uv":[1,2,4.5,5.5],"texture":"#texture"},"south":{"uv":[2,1.5,4.5,4.5],"texture":"#texture"},"west":{"uv":[1.5,1,5,5],"texture":"#texture"},"east":{"uv":[2,1.5,5,5.5],"texture":"#texture"}}},{"__comment":"Element","from":[2.5,7,9.75],"to":[3.5,9.5,10.75],"rotation":{"origin":[2.5,9.5,9.75],"axis":"x","angle":-22.5},"faces":{"down":{"uv":[1,1,4.5,4.5],"texture":"#texture"},"up":{"uv":[1,1,5,5],"texture":"#texture"},"north":{"uv":[1,2,4.5,5.5],"texture":"#texture"},"south":{"uv":[2,1.5,4.5,4.5],"texture":"#texture"},"west":{"uv":[1.5,1,5,5],"texture":"#texture"},"east":{"uv":[2,1.5,5,5.5],"texture":"#texture"}}},{"__comment":"Element","from":[2.5,5.1875,10.625],"to":[3.5,7.6875,11.625],"faces":{"down":{"uv":[1,1,4.5,4.5],"texture":"#texture"},"up":{"uv":[1,1,5,5],"texture":"#texture"},"north":{"uv":[1,2,4.5,5.5],"texture":"#texture"},"south":{"uv":[2,1.5,4.5,4.5],"texture":"#texture"},"west":{"uv":[1.5,1,5,5],"texture":"#texture"},"east":{"uv":[2,1.5,5,5.5],"texture":"#texture"}}},{"__comment":"Element","from":[3.25,2.25,11.25],"to":[4.25,4.75,12.25],"rotation":{"origin":[3.25,4.75,11.25],"axis":"z","angle":-22.5},"faces":{"down":{"uv":[1,1,4.5,4.5],"texture":"#texture"},"up":{"uv":[1,1,5,5],"texture":"#texture"},"north":{"uv":[1,2,4.5,5.5],"texture":"#texture"},"south":{"uv":[2,1.5,4.5,4.5],"texture":"#texture"},"west":{"uv":[1.5,1,5,5],"texture":"#texture"},"east":{"uv":[2,1.5,5,5.5],"texture":"#texture"}}},{"__comment":"Element","from":[3.25,2.75,9.75],"to":[4.25,5.25,10.75],"rotation":{"origin":[3.25,5.25,9.75],"axis":"z","angle":-45},"faces":{"down":{"uv":[1,1,4.5,4.5],"texture":"#texture"},"up":{"uv":[1,1,5,5],"texture":"#texture"},"north":{"uv":[1,2,4.5,5.5],"texture":"#texture"},"south":{"uv":[2,1.5,4.5,4.5],"texture":"#texture"},"west":{"uv":[1.5,1,5,5],"texture":"#texture"},"east":{"uv":[2,1.5,5,5.5],"texture":"#texture"}}},{"__comment":"Element","from":[3.25,2.75,8],"to":[4.25,5.25,9],"rotation":{"origin":[3.25,5.25,8],"axis":"z","angle":-22.5},"faces":{"down":{"uv":[1,1,4.5,4.5],"texture":"#texture"},"up":{"uv":[1,1,5,5],"texture":"#texture"},"north":{"uv":[1,2,4.5,5.5],"texture":"#texture"},"south":{"uv":[2,1.5,4.5,4.5],"texture":"#texture"},"west":{"uv":[1.5,1,5,5],"texture":"#texture"},"east":{"uv":[2,1.5,5,5.5],"texture":"#texture"}}},{"__comment":"Element","from":[3.25,2.5,6.5],"to":[4.25,5,7.5],"rotation":{"origin":[3.25,5,6.5],"axis":"z","angle":-22.5},"faces":{"down":{"uv":[1,1,4.5,4.5],"texture":"#texture"},"up":{"uv":[1,1,5,5],"texture":"#texture"},"north":{"uv":[1,2,4.5,5.5],"texture":"#texture"},"south":{"uv":[2,1.5,4.5,4.5],"texture":"#texture"},"west":{"uv":[1.5,1,5,5],"texture":"#texture"},"east":{"uv":[2,1.5,5,5.5],"texture":"#texture"}}},{"__comment":"Element","from":[2.5,2.25,5],"to":[3.5,4.75,6],"faces":{"down":{"uv":[1,1,4.5,4.5],"texture":"#texture"},"up":{"uv":[1,1,5,5],"texture":"#texture"},"north":{"uv":[1,2,4.5,5.5],"texture":"#texture"},"south":{"uv":[2,1.5,4.5,4.5],"texture":"#texture"},"west":{"uv":[1.5,1,5,5],"texture":"#texture"},"east":{"uv":[2,1.5,5,5.5],"texture":"#texture"}}},{"__comment":"Element","from":[3.75,2.5,3.75],"to":[4.75,5,4.75],"rotation":{"origin":[3.75,5,3.75],"axis":"z","angle":-45},"faces":{"down":{"uv":[1,1,4.5,4.5],"texture":"#texture"},"up":{"uv":[1,1,5,5],"texture":"#texture"},"north":{"uv":[1,2,4.5,5.5],"texture":"#texture"},"south":{"uv":[2,1.5,4.5,4.5],"texture":"#texture"},"west":{"uv":[1.5,1,5,5],"texture":"#texture"},"east":{"uv":[2,1.5,5,5.5],"texture":"#texture"}}},{"__comment":"Element","from":[12,2,9.75],"to":[13,4.5,10.75],"rotation":{"origin":[12,4.5,9.75],"axis":"z","angle":22.5},"faces":{"down":{"uv":[1,1,4.5,4.5],"texture":"#texture"},"up":{"uv":[1,1,5,5],"texture":"#texture"},"north":{"uv":[1,2,4.5,5.5],"texture":"#texture"},"south":{"uv":[2,1.5,4.5,4.5],"texture":"#texture"},"west":{"uv":[1.5,1,5,5],"texture":"#texture"},"east":{"uv":[2,1.5,5,5.5],"texture":"#texture"}}},{"__comment":"Element","from":[11.75,1.75,11.25],"to":[12.75,4.25,12.25],"rotation":{"origin":[11.75,4.25,11.25],"axis":"z","angle":45},"faces":{"down":{"uv":[1,1,4.5,4.5],"texture":"#texture"},"up":{"uv":[1,1,5,5],"texture":"#texture"},"north":{"uv":[1,2,4.5,5.5],"texture":"#texture"},"south":{"uv":[2,1.5,4.5,4.5],"texture":"#texture"},"west":{"uv":[1.5,1,5,5],"texture":"#texture"},"east":{"uv":[2,1.5,5,5.5],"texture":"#texture"}}},{"__comment":"Element","from":[12,2.5,8],"to":[13,5,9],"rotation":{"origin":[12,5,8],"axis":"z","angle":22.5},"faces":{"down":{"uv":[1,1,4.5,4.5],"texture":"#texture"},"up":{"uv":[1,1,5,5],"texture":"#texture"},"north":{"uv":[1,2,4.5,5.5],"texture":"#texture"},"south":{"uv":[2,1.5,4.5,4.5],"texture":"#texture"},"west":{"uv":[1.5,1,5,5],"texture":"#texture"},"east":{"uv":[2,1.5,5,5.5],"texture":"#texture"}}},{"__comment":"Element","from":[12.5,2.5,6.5],"to":[13.5,5,7.5],"faces":{"down":{"uv":[1,1,4.5,4.5],"texture":"#texture"},"up":{"uv":[1,1,5,5],"texture":"#texture"},"north":{"uv":[1,2,4.5,5.5],"texture":"#texture"},"south":{"uv":[2,1.5,4.5,4.5],"texture":"#texture"},"west":{"uv":[1.5,1,5,5],"texture":"#texture"},"east":{"uv":[2,1.5,5,5.5],"texture":"#texture"}}},{"__comment":"Element","from":[12,1.75,5],"to":[13,4.25,6],"rotation":{"origin":[12,4.25,5],"axis":"z","angle":45},"faces":{"down":{"uv":[1,1,4.5,4.5],"texture":"#texture"},"up":{"uv":[1,1,5,5],"texture":"#texture"},"north":{"uv":[1,2,4.5,5.5],"texture":"#texture"},"south":{"uv":[2,1.5,4.5,4.5],"texture":"#texture"},"west":{"uv":[1.5,1,5,5],"texture":"#texture"},"east":{"uv":[2,1.5,5,5.5],"texture":"#texture"}}},{"__comment":"Element","from":[11.75,2.25,3.75],"to":[12.75,4.75,4.75],"rotation":{"origin":[11.75,4.75,3.75],"axis":"z","angle":22.5},"faces":{"down":{"uv":[1,1,4.5,4.5],"texture":"#texture"},"up":{"uv":[1,1,5,5],"texture":"#texture"},"north":{"uv":[1,2,4.5,5.5],"texture":"#texture"},"south":{"uv":[2,1.5,4.5,4.5],"texture":"#texture"},"west":{"uv":[1.5,1,5,5],"texture":"#texture"},"east":{"uv":[2,1.5,5,5.5],"texture":"#texture"}}},{"__comment":"Element","from":[11.625,4.4375,6.5],"to":[12.625,6.9375,7.5],"rotation":{"origin":[11.625,6.9375,6.5],"axis":"z","angle":22.5},"faces":{"down":{"uv":[1,1,4.5,4.5],"texture":"#texture"},"up":{"uv":[1,1,5,5],"texture":"#texture"},"north":{"uv":[1,2,4.5,5.5],"texture":"#texture"},"south":{"uv":[2,1.5,4.5,4.5],"texture":"#texture"},"west":{"uv":[1.5,1,5,5],"texture":"#texture"},"east":{"uv":[2,1.5,5,5.5],"texture":"#texture"}}},{"__comment":"Element","from":[3.4375,4.5625,5],"to":[4.4375,7.0625,6],"rotation":{"origin":[3.4375,7.0625,5],"axis":"z","angle":-22.5},"faces":{"down":{"uv":[1,1,4.5,4.5],"texture":"#texture"},"up":{"uv":[1,1,5,5],"texture":"#texture"},"north":{"uv":[1,2,4.5,5.5],"texture":"#texture"},"south":{"uv":[2,1.5,4.5,4.5],"texture":"#texture"},"west":{"uv":[1.5,1,5,5],"texture":"#texture"},"east":{"uv":[2,1.5,5,5.5],"texture":"#texture"}}},{"__comment":"Element","from":[3,6.5,5],"to":[4.25,10.5,6],"rotation":{"origin":[3,10.5,5],"axis":"x","angle":45},"faces":{"down":{"uv":[1,1,4.5,4.5],"texture":"#texture"},"up":{"uv":[1,1,5,5],"texture":"#texture"},"north":{"uv":[1,2,4.5,5.5],"texture":"#texture"},"south":{"uv":[2,1.5,4.5,4.5],"texture":"#texture"},"west":{"uv":[1.5,1,5,5],"texture":"#texture"},"east":{"uv":[2,1.5,5,5.5],"texture":"#texture"}}},{"__comment":"Element","from":[3,5.1875,2.1875],"to":[4.25,7.6875,3.1875],"rotation":{"origin":[3,7.6875,2.1875],"axis":"x","angle":22.5},"faces":{"down":{"uv":[1,1,4.5,4.5],"texture":"#texture"},"up":{"uv":[1,1,5,5],"texture":"#texture"},"north":{"uv":[1,2,4.5,5.5],"texture":"#texture"},"south":{"uv":[2,1.5,4.5,4.5],"texture":"#texture"},"west":{"uv":[1.5,1,5,5],"texture":"#texture"},"east":{"uv":[2,1.5,5,5.5],"texture":"#texture"}}},{"__comment":"Element","from":[3,11,11],"to":[4.25,15,12],"rotation":{"origin":[3,15,11],"axis":"x","angle":-22.5},"faces":{"down":{"uv":[1,1,4.5,4.5],"texture":"#texture"},"up":{"uv":[1,1,5,5],"texture":"#texture"},"north":{"uv":[1,2,4.5,5.5],"texture":"#texture"},"south":{"uv":[2,1.5,4.5,4.5],"texture":"#texture"},"west":{"uv":[1.5,1,5,5],"texture":"#texture"},"east":{"uv":[2,1.5,5,5.5],"texture":"#texture"}}},{"__comment":"Element","from":[3,8.8125,12.5],"to":[4.25,11.3125,13.5],"rotation":{"origin":[3,11.3125,12.5],"axis":"x","angle":-45},"faces":{"down":{"uv":[1,1,4.5,4.5],"texture":"#texture"},"up":{"uv":[1,1,5,5],"texture":"#texture"},"north":{"uv":[1,2,4.5,5.5],"texture":"#texture"},"south":{"uv":[2,1.5,4.5,4.5],"texture":"#texture"},"west":{"uv":[1.5,1,5,5],"texture":"#texture"},"east":{"uv":[2,1.5,5,5.5],"texture":"#texture"}}},{"__comment":"Element","from":[3,5,11],"to":[4.25,7.5,12],"rotation":{"origin":[3,7.5,11],"axis":"x","angle":-45},"faces":{"down":{"uv":[1,1,4.5,4.5],"texture":"#texture"},"up":{"uv":[1,1,5,5],"texture":"#texture"},"north":{"uv":[1,2,4.5,5.5],"texture":"#texture"},"south":{"uv":[2,1.5,4.5,4.5],"texture":"#texture"},"west":{"uv":[1.5,1,5,5],"texture":"#texture"},"east":{"uv":[2,1.5,5,5.5],"texture":"#texture"}}},{"__comment":"Element","from":[3,11.5,4],"to":[4.25,14,5],"rotation":{"origin":[3,14,4],"axis":"x","angle":22.5},"faces":{"down":{"uv":[1,1,4.5,4.5],"texture":"#texture"},"up":{"uv":[1,1,5,5],"texture":"#texture"},"north":{"uv":[1,2,4.5,5.5],"texture":"#texture"},"south":{"uv":[2,1.5,4.5,4.5],"texture":"#texture"},"west":{"uv":[1.5,1,5,5],"texture":"#texture"},"east":{"uv":[2,1.5,5,5.5],"texture":"#texture"}}},{"__comment":"Element","from":[3,9.75,3.5],"to":[4.25,12.25,4.5],"rotation":{"origin":[3,12.25,3.5],"axis":"x","angle":45},"faces":{"down":{"uv":[1,1,4.5,4.5],"texture":"#texture"},"up":{"uv":[1,1,5,5],"texture":"#texture"},"north":{"uv":[1,2,4.5,5.5],"texture":"#texture"},"south":{"uv":[2,1.5,4.5,4.5],"texture":"#texture"},"west":{"uv":[1.5,1,5,5],"texture":"#texture"},"east":{"uv":[2,1.5,5,5.5],"texture":"#texture"}}},{"__comment":"Element","from":[5.5,10,1.25],"to":[10.25,14.5,2.25],"faces":{"down":{"uv":[1,1,4.5,4.5],"texture":"#texture"},"up":{"uv":[1,1,5,5],"texture":"#texture"},"north":{"uv":[1,2,4.5,5.5],"texture":"#texture"},"south":{"uv":[2,1.5,4.5,4.5],"texture":"#texture"},"west":{"uv":[1.5,1,5,5],"texture":"#texture"},"east":{"uv":[2,1.5,5,5.5],"texture":"#texture"}}},{"__comment":"Element","from":[5.5,5.25,13.75],"to":[10.25,9.75,14.75],"faces":{"down":{"uv":[1,1,4.5,4.5],"texture":"#texture"},"up":{"uv":[1,1,5,5],"texture":"#texture"},"north":{"uv":[1,2,4.5,5.5],"texture":"#texture"},"south":{"uv":[2,1.5,4.5,4.5],"texture":"#texture"},"west":{"uv":[1.5,1,5,5],"texture":"#texture"},"east":{"uv":[2,1.5,5,5.5],"texture":"#texture"}}},{"__comment":"Element","from":[5.5,9.335,13.75],"to":[10.25,10.75,15.165],"rotation":{"origin":[5.5,10.75,13.75],"axis":"x","angle":45},"faces":{"down":{"uv":[1,1,4.5,4.5],"texture":"#texture"},"up":{"uv":[1,1,5,5],"texture":"#texture"},"north":{"uv":[1,2,4.5,5.5],"texture":"#texture"},"south":{"uv":[2,1.5,4.5,4.5],"texture":"#texture"},"west":{"uv":[1.5,1,5,5],"texture":"#texture"},"east":{"uv":[2,1.5,5,5.5],"texture":"#texture"}}},{"__comment":"Element","from":[5.5,4.835,13.75],"to":[10.25,6.25,15.165],"rotation":{"origin":[5.5,6.25,13.75],"axis":"x","angle":45},"faces":{"down":{"uv":[1,1,4.5,4.5],"texture":"#texture"},"up":{"uv":[1,1,5,5],"texture":"#texture"},"north":{"uv":[1,2,4.5,5.5],"texture":"#texture"},"south":{"uv":[2,1.5,4.5,4.5],"texture":"#texture"},"west":{"uv":[1.5,1,5,5],"texture":"#texture"},"east":{"uv":[2,1.5,5,5.5],"texture":"#texture"}}},{"__comment":"Element","from":[5.5,8.585,1.25],"to":[10.25,10,2.665],"rotation":{"origin":[5.5,10,1.25],"axis":"x","angle":-45},"faces":{"down":{"uv":[1,1,4.5,4.5],"texture":"#texture"},"up":{"uv":[1,1,5,5],"texture":"#texture"},"north":{"uv":[1,2,4.5,5.5],"texture":"#texture"},"south":{"uv":[2,1.5,4.5,4.5],"texture":"#texture"},"west":{"uv":[1.5,1,5,5],"texture":"#texture"},"east":{"uv":[2,1.5,5,5.5],"texture":"#texture"}}},{"__comment":"Element","from":[5.5,13.085,1.25],"to":[10.25,14.5,2.665],"rotation":{"origin":[5.5,14.5,1.25],"axis":"x","angle":-45},"faces":{"down":{"uv":[1,1,4.5,4.5],"texture":"#texture"},"up":{"uv":[1,1,5,5],"texture":"#texture"},"north":{"uv":[1,2,4.5,5.5],"texture":"#texture"},"south":{"uv":[2,1.5,4.5,4.5],"texture":"#texture"},"west":{"uv":[1.5,1,5,5],"texture":"#texture"},"east":{"uv":[2,1.5,5,5.5],"texture":"#texture"}}},{"__comment":"Element","from":[5.5,5,1],"to":[10.25,8.25,2],"faces":{"down":{"uv":[1,1,4.5,4.5],"texture":"#texture"},"up":{"uv":[1,1,5,5],"texture":"#texture"},"north":{"uv":[1,2,4.5,5.5],"texture":"#texture"},"south":{"uv":[2,1.5,4.5,4.5],"texture":"#texture"},"west":{"uv":[1.5,1,5,5],"texture":"#texture"},"east":{"uv":[2,1.5,5,5.5],"texture":"#texture"}}},{"__comment":"Element","from":[5.5,6.835,1],"to":[10.25,8.25,2.415],"rotation":{"origin":[5.5,8.25,1],"axis":"x","angle":-45},"faces":{"down":{"uv":[1,1,4.5,4.5],"texture":"#texture"},"up":{"uv":[1,1,5,5],"texture":"#texture"},"north":{"uv":[1,2,4.5,5.5],"texture":"#texture"},"south":{"uv":[2,1.5,4.5,4.5],"texture":"#texture"},"west":{"uv":[1.5,1,5,5],"texture":"#texture"},"east":{"uv":[2,1.5,5,5.5],"texture":"#texture"}}},{"__comment":"Element","from":[5.5,3.585,1],"to":[10.25,5,2.415],"rotation":{"origin":[5.5,5,1],"axis":"x","angle":-45},"faces":{"down":{"uv":[1,1,4.5,4.5],"texture":"#texture"},"up":{"uv":[1,1,5,5],"texture":"#texture"},"north":{"uv":[1,2,4.5,5.5],"texture":"#texture"},"south":{"uv":[2,1.5,4.5,4.5],"texture":"#texture"},"west":{"uv":[1.5,1,5,5],"texture":"#texture"},"east":{"uv":[2,1.5,5,5.5],"texture":"#texture"}}},{"__comment":"Element","from":[5.5,11.25,14],"to":[10.25,14.25,15],"faces":{"down":{"uv":[1,1,4.5,4.5],"texture":"#texture"},"up":{"uv":[1,1,5,5],"texture":"#texture"},"north":{"uv":[1,2,4.5,5.5],"texture":"#texture"},"south":{"uv":[2,1.5,4.5,4.5],"texture":"#texture"},"west":{"uv":[1.5,1,5,5],"texture":"#texture"},"east":{"uv":[2,1.5,5,5.5],"texture":"#texture"}}},{"__comment":"Element","from":[5.5,13.835,14],"to":[10.25,15.25,15.415],"rotation":{"origin":[5.5,15.25,14],"axis":"x","angle":45},"faces":{"down":{"uv":[1,1,4.5,4.5],"texture":"#texture"},"up":{"uv":[1,1,5,5],"texture":"#texture"},"north":{"uv":[1,2,4.5,5.5],"texture":"#texture"},"south":{"uv":[2,1.5,4.5,4.5],"texture":"#texture"},"west":{"uv":[1.5,1,5,5],"texture":"#texture"},"east":{"uv":[2,1.5,5,5.5],"texture":"#texture"}}},{"__comment":"Element","from":[5.5,10.835,14],"to":[10.25,12.25,15.415],"rotation":{"origin":[5.5,12.25,14],"axis":"x","angle":45},"faces":{"down":{"uv":[1,1,4.5,4.5],"texture":"#texture"},"up":{"uv":[1,1,5,5],"texture":"#texture"},"north":{"uv":[1,2,4.5,5.5],"texture":"#texture"},"south":{"uv":[2,1.5,4.5,4.5],"texture":"#texture"},"west":{"uv":[1.5,1,5,5],"texture":"#texture"},"east":{"uv":[2,1.5,5,5.5],"texture":"#texture"}}},{"__comment":"Element","from":[5.5,17.5,4],"to":[10.25,18.25,7.5],"faces":{"down":{"uv":[1,1,4.5,4.5],"texture":"#texture"},"up":{"uv":[1,1,5,5],"texture":"#texture"},"north":{"uv":[1,2,4.5,5.5],"texture":"#texture"},"south":{"uv":[2,1.5,4.5,4.5],"texture":"#texture"},"west":{"uv":[1.5,1,5,5],"texture":"#texture"},"east":{"uv":[2,1.5,5,5.5],"texture":"#texture"}}},{"__comment":"Element","from":[5.5,16.835,7.5],"to":[10.25,18.25,8.915],"rotation":{"origin":[5.5,18.25,7.5],"axis":"x","angle":45},"faces":{"down":{"uv":[1,1,4.5,4.5],"texture":"#texture"},"up":{"uv":[1,1,5,5],"texture":"#texture"},"north":{"uv":[1,2,4.5,5.5],"texture":"#texture"},"south":{"uv":[2,1.5,4.5,4.5],"texture":"#texture"},"west":{"uv":[1.5,1,5,5],"texture":"#texture"},"east":{"uv":[2,1.5,5,5.5],"texture":"#texture"}}},{"__comment":"Element","from":[5.5,15.835,3],"to":[10.25,17.25,4.415],"rotation":{"origin":[5.5,17.25,3],"axis":"x","angle":-45},"faces":{"down":{"uv":[1,1,4.5,4.5],"texture":"#texture"},"up":{"uv":[1,1,5,5],"texture":"#texture"},"north":{"uv":[1,2,4.5,5.5],"texture":"#texture"},"south":{"uv":[2,1.5,4.5,4.5],"texture":"#texture"},"west":{"uv":[1.5,1,5,5],"texture":"#texture"},"east":{"uv":[2,1.5,5,5.5],"texture":"#texture"}}},{"__comment":"Element","from":[5.5,16.25,3],"to":[10.25,17.25,4],"faces":{"down":{"uv":[1,1,4.5,4.5],"texture":"#texture"},"up":{"uv":[1,1,5,5],"texture":"#texture"},"north":{"uv":[1,2,4.5,5.5],"texture":"#texture"},"south":{"uv":[2,1.5,4.5,4.5],"texture":"#texture"},"west":{"uv":[1.5,1,5,5],"texture":"#texture"},"east":{"uv":[2,1.5,5,5.5],"texture":"#texture"}}},{"__comment":"Element","from":[5.5,17,9.5],"to":[10.25,18.25,12.25],"faces":{"down":{"uv":[1,1,4.5,4.5],"texture":"#texture"},"up":{"uv":[1,1,5,5],"texture":"#texture"},"north":{"uv":[1,2,4.5,5.5],"texture":"#texture"},"south":{"uv":[2,1.5,4.5,4.5],"texture":"#texture"},"west":{"uv":[1.5,1,5,5],"texture":"#texture"},"east":{"uv":[2,1.5,5,5.5],"texture":"#texture"}}},{"__comment":"Element","from":[5.5,16.835,9.5],"to":[10.25,18.25,10.915],"rotation":{"origin":[5.5,18.25,9.5],"axis":"x","angle":45},"faces":{"down":{"uv":[1,1,4.5,4.5],"texture":"#texture"},"up":{"uv":[1,1,5,5],"texture":"#texture"},"north":{"uv":[1,2,4.5,5.5],"texture":"#texture"},"south":{"uv":[2,1.5,4.5,4.5],"texture":"#texture"},"west":{"uv":[1.5,1,5,5],"texture":"#texture"},"east":{"uv":[2,1.5,5,5.5],"texture":"#texture"}}},{"__comment":"Element","from":[5.5,16.835,12.25],"to":[10.25,18.25,13.665],"rotation":{"origin":[5.5,18.25,12.25],"axis":"x","angle":45},"faces":{"down":{"uv":[1,1,4.5,4.5],"texture":"#texture"},"up":{"uv":[1,1,5,5],"texture":"#texture"},"north":{"uv":[1,2,4.5,5.5],"texture":"#texture"},"south":{"uv":[2,1.5,4.5,4.5],"texture":"#texture"},"west":{"uv":[1.5,1,5,5],"texture":"#texture"},"east":{"uv":[2,1.5,5,5.5],"texture":"#texture"}}},{"__comment":"Element","from":[5.5,14.875,12.3125],"to":[10.25,16.875,13.3125],"rotation":{"origin":[5.5,16.875,12.3125],"axis":"x","angle":-22.5},"faces":{"down":{"uv":[1,1,4.5,4.5],"texture":"#texture"},"up":{"uv":[1,1,5,5],"texture":"#texture"},"north":{"uv":[1,2,4.5,5.5],"texture":"#texture"},"south":{"uv":[2,1.5,4.5,4.5],"texture":"#texture"},"west":{"uv":[1.5,1,5,5],"texture":"#texture"},"east":{"uv":[2,1.5,5,5.5],"texture":"#texture"}}},{"__comment":"Element","from":[2.75,15.5,5.75],"to":[6,16.75,7],"rotation":{"origin":[2.75,16.75,5.75],"axis":"z","angle":22.5},"faces":{"down":{"uv":[1,1,4.5,4.5],"texture":"#texture"},"up":{"uv":[1,1,5,5],"texture":"#texture"},"north":{"uv":[1,2,4.5,5.5],"texture":"#texture"},"south":{"uv":[2,1.5,4.5,4.5],"texture":"#texture"},"west":{"uv":[1.5,1,5,5],"texture":"#texture"},"east":{"uv":[2,1.5,5,5.5],"texture":"#texture"}}},{"__comment":"Element","from":[2.75,13.5,5.75],"to":[3.75,16.75,7],"rotation":{"origin":[2.75,16.75,5.75],"axis":"z","angle":-22.5},"faces":{"down":{"uv":[1,1,4.5,4.5],"texture":"#texture"},"up":{"uv":[1,1,5,5],"texture":"#texture"},"north":{"uv":[1,2,4.5,5.5],"texture":"#texture"},"south":{"uv":[2,1.5,4.5,4.5],"texture":"#texture"},"west":{"uv":[1.5,1,5,5],"texture":"#texture"},"east":{"uv":[2,1.5,5,5.5],"texture":"#texture"}}},{"__comment":"Element","from":[2.75,12.75,3.5],"to":[3.75,16,4.75],"rotation":{"origin":[2.75,16,3.5],"axis":"z","angle":-22.5},"faces":{"down":{"uv":[1,1,4.5,4.5],"texture":"#texture"},"up":{"uv":[1,1,5,5],"texture":"#texture"},"north":{"uv":[1,2,4.5,5.5],"texture":"#texture"},"south":{"uv":[2,1.5,4.5,4.5],"texture":"#texture"},"west":{"uv":[1.5,1,5,5],"texture":"#texture"},"east":{"uv":[2,1.5,5,5.5],"texture":"#texture"}}},{"__comment":"Element","from":[2.75,14.75,3.5],"to":[6,16,4.75],"rotation":{"origin":[2.75,16,3.5],"axis":"z","angle":22.5},"faces":{"down":{"uv":[1,1,4.5,4.5],"texture":"#texture"},"up":{"uv":[1,1,5,5],"texture":"#texture"},"north":{"uv":[1,2,4.5,5.5],"texture":"#texture"},"south":{"uv":[2,1.5,4.5,4.5],"texture":"#texture"},"west":{"uv":[1.5,1,5,5],"texture":"#texture"},"east":{"uv":[2,1.5,5,5.5],"texture":"#texture"}}},{"__comment":"Element","from":[12.5,10.25,4],"to":[14,14,7.75],"faces":{"down":{"uv":[1,1,4.5,4.5],"texture":"#texture"},"up":{"uv":[1,1,5,5],"texture":"#texture"},"north":{"uv":[1,2,4.5,5.5],"texture":"#texture"},"south":{"uv":[2,1.5,4.5,4.5],"texture":"#texture"},"west":{"uv":[1.5,1,5,5],"texture":"#texture"},"east":{"uv":[2,1.5,5,5.5],"texture":"#texture"}}},{"__comment":"Element","from":[13,13.585,4],"to":[14.415,15,7.75],"rotation":{"origin":[13,15,4],"axis":"z","angle":-45},"faces":{"down":{"uv":[1,1,4.5,4.5],"texture":"#texture"},"up":{"uv":[1,1,5,5],"texture":"#texture"},"north":{"uv":[1,2,4.5,5.5],"texture":"#texture"},"south":{"uv":[2,1.5,4.5,4.5],"texture":"#texture"},"west":{"uv":[1.5,1,5,5],"texture":"#texture"},"east":{"uv":[2,1.5,5,5.5],"texture":"#texture"}}},{"__comment":"Element","from":[12,8.835,4],"to":[13.415,10.25,7.75],"rotation":{"origin":[12,10.25,4],"axis":"z","angle":45},"faces":{"down":{"uv":[1,1,4.5,4.5],"texture":"#texture"},"up":{"uv":[1,1,5,5],"texture":"#texture"},"north":{"uv":[1,2,4.5,5.5],"texture":"#texture"},"south":{"uv":[2,1.5,4.5,4.5],"texture":"#texture"},"west":{"uv":[1.5,1,5,5],"texture":"#texture"},"east":{"uv":[2,1.5,5,5.5],"texture":"#texture"}}},{"__comment":"Element","from":[12.25,6,7],"to":[13.75,9.75,10.75],"faces":{"down":{"uv":[1,1,4.5,4.5],"texture":"#texture"},"up":{"uv":[1,1,5,5],"texture":"#texture"},"north":{"uv":[1,2,4.5,5.5],"texture":"#texture"},"south":{"uv":[2,1.5,4.5,4.5],"texture":"#texture"},"west":{"uv":[1.5,1,5,5],"texture":"#texture"},"east":{"uv":[2,1.5,5,5.5],"texture":"#texture"}}},{"__comment":"Element","from":[12.75,9.335,7],"to":[14.165,10.75,10.75],"rotation":{"origin":[12.75,10.75,7],"axis":"z","angle":-45},"faces":{"down":{"uv":[1,1,4.5,4.5],"texture":"#texture"},"up":{"uv":[1,1,5,5],"texture":"#texture"},"north":{"uv":[1,2,4.5,5.5],"texture":"#texture"},"south":{"uv":[2,1.5,4.5,4.5],"texture":"#texture"},"west":{"uv":[1.5,1,5,5],"texture":"#texture"},"east":{"uv":[2,1.5,5,5.5],"texture":"#texture"}}},{"__comment":"Element","from":[11.75,4.585,7],"to":[13.165,6,10.75],"rotation":{"origin":[11.75,6,7],"axis":"z","angle":45},"faces":{"down":{"uv":[1,1,4.5,4.5],"texture":"#texture"},"up":{"uv":[1,1,5,5],"texture":"#texture"},"north":{"uv":[1,2,4.5,5.5],"texture":"#texture"},"south":{"uv":[2,1.5,4.5,4.5],"texture":"#texture"},"west":{"uv":[1.5,1,5,5],"texture":"#texture"},"east":{"uv":[2,1.5,5,5.5],"texture":"#texture"}}},{"__comment":"Element","from":[12.75,8.75,5],"to":[14,12.75,6],"rotation":{"origin":[12.75,12.75,5],"axis":"z","angle":22.5},"faces":{"down":{"uv":[1,1,4.5,4.5],"texture":"#texture"},"up":{"uv":[1,1,5,5],"texture":"#texture"},"north":{"uv":[1,2,4.5,5.5],"texture":"#texture"},"south":{"uv":[2,1.5,4.5,4.5],"texture":"#texture"},"west":{"uv":[1.5,1,5,5],"texture":"#texture"},"east":{"uv":[2,1.5,5,5.5],"texture":"#texture"}}},{"__comment":"Element","from":[14.25,6.25,5],"to":[15.5,9,6],"rotation":{"origin":[14.25,9,5],"axis":"z","angle":45},"faces":{"down":{"uv":[1,1,4.5,4.5],"texture":"#texture"},"up":{"uv":[1,1,5,5],"texture":"#texture"},"north":{"uv":[1,2,4.5,5.5],"texture":"#texture"},"south":{"uv":[2,1.5,4.5,4.5],"texture":"#texture"},"west":{"uv":[1.5,1,5,5],"texture":"#texture"},"east":{"uv":[2,1.5,5,5.5],"texture":"#texture"}}},{"__comment":"Element","from":[11.75,9.25,9],"to":[12.75,12.75,10],"rotation":{"origin":[11.75,12.75,9],"axis":"z","angle":45},"faces":{"down":{"uv":[1,1,4.5,4.5],"texture":"#texture"},"up":{"uv":[1,1,5,5],"texture":"#texture"},"north":{"uv":[1,2,4.5,5.5],"texture":"#texture"},"south":{"uv":[2,1.5,4.5,4.5],"texture":"#texture"},"west":{"uv":[1.5,1,5,5],"texture":"#texture"},"east":{"uv":[2,1.5,5,5.5],"texture":"#texture"}}},{"__comment":"Element","from":[14,7.875,9],"to":[15,10.625,10],"rotation":{"origin":[14,10.625,9],"axis":"z","angle":22.5},"faces":{"down":{"uv":[1,1,4.5,4.5],"texture":"#texture"},"up":{"uv":[1,1,5,5],"texture":"#texture"},"north":{"uv":[1,2,4.5,5.5],"texture":"#texture"},"south":{"uv":[2,1.5,4.5,4.5],"texture":"#texture"},"west":{"uv":[1.5,1,5,5],"texture":"#texture"},"east":{"uv":[2,1.5,5,5.5],"texture":"#texture"}}},{"__comment":"Element","from":[12.25,10.75,8.25],"to":[13.25,14.25,9.25],"rotation":{"origin":[12.25,14.25,8.25],"axis":"z","angle":22.5},"faces":{"down":{"uv":[1,1,4.5,4.5],"texture":"#texture"},"up":{"uv":[1,1,5,5],"texture":"#texture"},"north":{"uv":[1,2,4.5,5.5],"texture":"#texture"},"south":{"uv":[2,1.5,4.5,4.5],"texture":"#texture"},"west":{"uv":[1.5,1,5,5],"texture":"#texture"},"east":{"uv":[2,1.5,5,5.5],"texture":"#texture"}}},{"__comment":"Element","from":[13,8.75,8.25],"to":[14.25,11.25,9.25],"rotation":{"origin":[13,11.25,8.25],"axis":"z","angle":45},"faces":{"down":{"uv":[1,1,4.5,4.5],"texture":"#texture"},"up":{"uv":[1,1,5,5],"texture":"#texture"},"north":{"uv":[1,2,4.5,5.5],"texture":"#texture"},"south":{"uv":[2,1.5,4.5,4.5],"texture":"#texture"},"west":{"uv":[1.5,1,5,5],"texture":"#texture"},"east":{"uv":[2,1.5,5,5.5],"texture":"#texture"}}},{"__comment":"Element","from":[13,10.5,9.25],"to":[14.25,11.75,13.25],"rotation":{"origin":[13,10.5,9.25],"axis":"y","angle":-22.5},"faces":{"down":{"uv":[1,1,4.5,4.5],"texture":"#texture"},"up":{"uv":[1,1,5,5],"texture":"#texture"},"north":{"uv":[1,2,4.5,5.5],"texture":"#texture"},"south":{"uv":[2,1.5,4.5,4.5],"texture":"#texture"},"west":{"uv":[1.5,1,5,5],"texture":"#texture"},"east":{"uv":[2,1.5,5,5.5],"texture":"#texture"}}},{"__comment":"Element","from":[9.625,10.5,13.3125],"to":[12.375,11.75,14.5625],"rotation":{"origin":[9.625,10.5,13.3125],"axis":"y","angle":22.5},"faces":{"down":{"uv":[1,1,4.5,4.5],"texture":"#texture"},"up":{"uv":[1,1,5,5],"texture":"#texture"},"north":{"uv":[1,2,4.5,5.5],"texture":"#texture"},"south":{"uv":[2,1.5,4.5,4.5],"texture":"#texture"},"west":{"uv":[1.5,1,5,5],"texture":"#texture"},"east":{"uv":[2,1.5,5,5.5],"texture":"#texture"}}},{"__comment":"Element","from":[10.75,7.25,12.5],"to":[12,10.5,13.5],"rotation":{"origin":[10.75,10.5,12.5],"axis":"x","angle":-22.5},"faces":{"down":{"uv":[1,1,4.5,4.5],"texture":"#texture"},"up":{"uv":[1,1,5,5],"texture":"#texture"},"north":{"uv":[1,2,4.5,5.5],"texture":"#texture"},"south":{"uv":[2,1.5,4.5,4.5],"texture":"#texture"},"west":{"uv":[1.5,1,5,5],"texture":"#texture"},"east":{"uv":[2,1.5,5,5.5],"texture":"#texture"}}},{"__comment":"Element","from":[4.5,1.75,13],"to":[5.5,4.25,14],"rotation":{"origin":[4.5,4.25,13],"axis":"x","angle":-45},"faces":{"down":{"uv":[1,1,4.5,4.5],"texture":"#texture"},"up":{"uv":[1,1,5,5],"texture":"#texture"},"north":{"uv":[1,2,4.5,5.5],"texture":"#texture"},"south":{"uv":[2,1.5,4.5,4.5],"texture":"#texture"},"west":{"uv":[1.5,1,5,5],"texture":"#texture"},"east":{"uv":[2,1.5,5,5.5],"texture":"#texture"}}},{"__comment":"Element","from":[6,2,13],"to":[7,4.5,14],"rotation":{"origin":[6,4.5,13],"axis":"x","angle":-22.5},"faces":{"down":{"uv":[1,1,4.5,4.5],"texture":"#texture"},"up":{"uv":[1,1,5,5],"texture":"#texture"},"north":{"uv":[1,2,4.5,5.5],"texture":"#texture"},"south":{"uv":[2,1.5,4.5,4.5],"texture":"#texture"},"west":{"uv":[1.5,1,5,5],"texture":"#texture"},"east":{"uv":[2,1.5,5,5.5],"texture":"#texture"}}},{"__comment":"Element","from":[7.5,2.75,13],"to":[8.5,5.25,14],"rotation":{"origin":[7.5,5.25,13],"axis":"x","angle":-22.5},"faces":{"down":{"uv":[1,1,4.5,4.5],"texture":"#texture"},"up":{"uv":[1,1,5,5],"texture":"#texture"},"north":{"uv":[1,2,4.5,5.5],"texture":"#texture"},"south":{"uv":[2,1.5,4.5,4.5],"texture":"#texture"},"west":{"uv":[1.5,1,5,5],"texture":"#texture"},"east":{"uv":[2,1.5,5,5.5],"texture":"#texture"}}},{"__comment":"Element","from":[9,2.75,13.5],"to":[10,5.25,14.5],"faces":{"down":{"uv":[1,1,4.5,4.5],"texture":"#texture"},"up":{"uv":[1,1,5,5],"texture":"#texture"},"north":{"uv":[1,2,4.5,5.5],"texture":"#texture"},"south":{"uv":[2,1.5,4.5,4.5],"texture":"#texture"},"west":{"uv":[1.5,1,5,5],"texture":"#texture"},"east":{"uv":[2,1.5,5,5.5],"texture":"#texture"}}},{"__comment":"Element","from":[9,1.5,13.5],"to":[10,2.75,14.5],"rotation":{"origin":[9,2.75,13.5],"axis":"x","angle":-22.5},"faces":{"down":{"uv":[1,1,4.5,4.5],"texture":"#texture"},"up":{"uv":[1,1,5,5],"texture":"#texture"},"north":{"uv":[1,2,4.5,5.5],"texture":"#texture"},"south":{"uv":[2,1.5,4.5,4.5],"texture":"#texture"},"west":{"uv":[1.5,1,5,5],"texture":"#texture"},"east":{"uv":[2,1.5,5,5.5],"texture":"#texture"}}},{"__comment":"Element","from":[10.5,2.25,12.75],"to":[11.5,4.75,13.75],"rotation":{"origin":[10.5,4.75,12.75],"axis":"x","angle":-22.5},"faces":{"down":{"uv":[1,1,4.5,4.5],"texture":"#texture"},"up":{"uv":[1,1,5,5],"texture":"#texture"},"north":{"uv":[1,2,4.5,5.5],"texture":"#texture"},"south":{"uv":[2,1.5,4.5,4.5],"texture":"#texture"},"west":{"uv":[1.5,1,5,5],"texture":"#texture"},"east":{"uv":[2,1.5,5,5.5],"texture":"#texture"}}},{"__comment":"Element","from":[4.5,2.75,2.25],"to":[5.5,5.25,3.25],"rotation":{"origin":[4.5,5.25,2.25],"axis":"x","angle":22.5},"faces":{"down":{"uv":[1,1,4.5,4.5],"texture":"#texture"},"up":{"uv":[1,1,5,5],"texture":"#texture"},"north":{"uv":[1,2,4.5,5.5],"texture":"#texture"},"south":{"uv":[2,1.5,4.5,4.5],"texture":"#texture"},"west":{"uv":[1.5,1,5,5],"texture":"#texture"},"east":{"uv":[2,1.5,5,5.5],"texture":"#texture"}}},{"__comment":"Element","from":[6,2.75,2.5],"to":[7,5.25,3.5],"rotation":{"origin":[6,5.25,2.5],"axis":"x","angle":45},"faces":{"down":{"uv":[1,1,4.5,4.5],"texture":"#texture"},"up":{"uv":[1,1,5,5],"texture":"#texture"},"north":{"uv":[1,2,4.5,5.5],"texture":"#texture"},"south":{"uv":[2,1.5,4.5,4.5],"texture":"#texture"},"west":{"uv":[1.5,1,5,5],"texture":"#texture"},"east":{"uv":[2,1.5,5,5.5],"texture":"#texture"}}},{"__comment":"Element","from":[7.5,2,2],"to":[8.5,4.5,3],"rotation":{"origin":[7.5,4.5,2],"axis":"x","angle":22.5},"faces":{"down":{"uv":[1,1,4.5,4.5],"texture":"#texture"},"up":{"uv":[1,1,5,5],"texture":"#texture"},"north":{"uv":[1,2,4.5,5.5],"texture":"#texture"},"south":{"uv":[2,1.5,4.5,4.5],"texture":"#texture"},"west":{"uv":[1.5,1,5,5],"texture":"#texture"},"east":{"uv":[2,1.5,5,5.5],"texture":"#texture"}}},{"__comment":"Element","from":[9,2.25,2],"to":[10,4.75,3],"rotation":{"origin":[9,4.75,2],"axis":"x","angle":45},"faces":{"down":{"uv":[1,1,4.5,4.5],"texture":"#texture"},"up":{"uv":[1,1,5,5],"texture":"#texture"},"north":{"uv":[1,2,4.5,5.5],"texture":"#texture"},"south":{"uv":[2,1.5,4.5,4.5],"texture":"#texture"},"west":{"uv":[1.5,1,5,5],"texture":"#texture"},"east":{"uv":[2,1.5,5,5.5],"texture":"#texture"}}},{"__comment":"Element","from":[10.5,2.25,2.5],"to":[11.5,6.25,3.5],"rotation":{"origin":[10.5,6.25,2.5],"axis":"x","angle":22.5},"faces":{"down":{"uv":[1,1,4.5,4.5],"texture":"#texture"},"up":{"uv":[1,1,5,5],"texture":"#texture"},"north":{"uv":[1,2,4.5,5.5],"texture":"#texture"},"south":{"uv":[2,1.5,4.5,4.5],"texture":"#texture"},"west":{"uv":[1.5,1,5,5],"texture":"#texture"},"east":{"uv":[2,1.5,5,5.5],"texture":"#texture"}}},{"__comment":"Element","from":[11.75,8,10.75],"to":[13.165,9,12.165],"rotation":{"origin":[11.75,8,10.75],"axis":"y","angle":45},"faces":{"down":{"uv":[1,1,4.5,4.5],"texture":"#texture"},"up":{"uv":[1,1,5,5],"texture":"#texture"},"north":{"uv":[1,2,4.5,5.5],"texture":"#texture"},"south":{"uv":[2,1.5,4.5,4.5],"texture":"#texture"},"west":{"uv":[1.5,1,5,5],"texture":"#texture"},"east":{"uv":[2,1.5,5,5.5],"texture":"#texture"}}},{"__comment":"Element","from":[12.75,6,10.25],"to":[14.165,7,11.665],"rotation":{"origin":[12.75,6,10.25],"axis":"y","angle":-45},"faces":{"down":{"uv":[1,1,4.5,4.5],"texture":"#texture"},"up":{"uv":[1,1,5,5],"texture":"#texture"},"north":{"uv":[1,2,4.5,5.5],"texture":"#texture"},"south":{"uv":[2,1.5,4.5,4.5],"texture":"#texture"},"west":{"uv":[1.5,1,5,5],"texture":"#texture"},"east":{"uv":[2,1.5,5,5.5],"texture":"#texture"}}},{"__comment":"Element","from":[13,6,10.75],"to":[13.75,7,11.25],"faces":{"down":{"uv":[1,1,4.5,4.5],"texture":"#texture"},"up":{"uv":[1,1,5,5],"texture":"#texture"},"north":{"uv":[1,2,4.5,5.5],"texture":"#texture"},"south":{"uv":[2,1.5,4.5,4.5],"texture":"#texture"},"west":{"uv":[1.5,1,5,5],"texture":"#texture"},"east":{"uv":[2,1.5,5,5.5],"texture":"#texture"}}},{"__comment":"Element","from":[11.75,8.75,7],"to":[13.165,9.75,8.415],"rotation":{"origin":[11.75,8.75,7],"axis":"y","angle":45},"faces":{"down":{"uv":[1,1,4.5,4.5],"texture":"#texture"},"up":{"uv":[1,1,5,5],"texture":"#texture"},"north":{"uv":[1,2,4.5,5.5],"texture":"#texture"},"south":{"uv":[2,1.5,4.5,4.5],"texture":"#texture"},"west":{"uv":[1.5,1,5,5],"texture":"#texture"},"east":{"uv":[2,1.5,5,5.5],"texture":"#texture"}}},{"__comment":"Element","from":[10.25,16.75,9.5],"to":[13.5,18,10.75],"rotation":{"origin":[10.25,18,9.5],"axis":"z","angle":-22.5},"faces":{"down":{"uv":[1,1,4.5,4.5],"texture":"#texture"},"up":{"uv":[1,1,5,5],"texture":"#texture"},"north":{"uv":[1,2,4.5,5.5],"texture":"#texture"},"south":{"uv":[2,1.5,4.5,4.5],"texture":"#texture"},"west":{"uv":[1.5,1,5,5],"texture":"#texture"},"east":{"uv":[2,1.5,5,5.5],"texture":"#texture"}}},{"__comment":"Element","from":[12.335,13.375,9.5],"to":[13.335,16.375,10.75],"rotation":{"origin":[12.335,16.375,9.5],"axis":"z","angle":22.5},"faces":{"down":{"uv":[1,1,4.5,4.5],"texture":"#texture"},"up":{"uv":[1,1,5,5],"texture":"#texture"},"north":{"uv":[1,2,4.5,5.5],"texture":"#texture"},"south":{"uv":[2,1.5,4.5,4.5],"texture":"#texture"},"west":{"uv":[1.5,1,5,5],"texture":"#texture"},"east":{"uv":[2,1.5,5,5.5],"texture":"#texture"}}},{"__comment":"Element","from":[10.25,16.75,6.5],"to":[12.25,18,7.75],"rotation":{"origin":[10.25,18,6.5],"axis":"z","angle":-22.5},"faces":{"down":{"uv":[1,1,4.5,4.5],"texture":"#texture"},"up":{"uv":[1,1,5,5],"texture":"#texture"},"north":{"uv":[1,2,4.5,5.5],"texture":"#texture"},"south":{"uv":[2,1.5,4.5,4.5],"texture":"#texture"},"west":{"uv":[1.5,1,5,5],"texture":"#texture"},"east":{"uv":[2,1.5,5,5.5],"texture":"#texture"}}},{"__comment":"Element","from":[10.9375,13.75,6.5],"to":[12.1875,16.75,7.75],"rotation":{"origin":[10.9375,16.75,6.5],"axis":"z","angle":22.5},"faces":{"down":{"uv":[1,1,4.5,4.5],"texture":"#texture"},"up":{"uv":[1,1,5,5],"texture":"#texture"},"north":{"uv":[1,2,4.5,5.5],"texture":"#texture"},"south":{"uv":[2,1.5,4.5,4.5],"texture":"#texture"},"west":{"uv":[1.5,1,5,5],"texture":"#texture"},"east":{"uv":[2,1.5,5,5.5],"texture":"#texture"}}},{"__comment":"Element","from":[10.25,17,4.75],"to":[12.25,18.25,6],"rotation":{"origin":[10.25,18.25,4.75],"axis":"z","angle":-45},"faces":{"down":{"uv":[1,1,4.5,4.5],"texture":"#texture"},"up":{"uv":[1,1,5,5],"texture":"#texture"},"north":{"uv":[1,2,4.5,5.5],"texture":"#texture"},"south":{"uv":[2,1.5,4.5,4.5],"texture":"#texture"},"west":{"uv":[1.5,1,5,5],"texture":"#texture"},"east":{"uv":[2,1.5,5,5.5],"texture":"#texture"}}},{"__comment":"Element","from":[3.9375,15.875,10.5],"to":[6.1875,16.625,11.75],"rotation":{"origin":[3.9375,16.625,10.5],"axis":"z","angle":45},"faces":{"down":{"uv":[1,1,4.5,4.5],"texture":"#texture"},"up":{"uv":[1,1,5,5],"texture":"#texture"},"north":{"uv":[1,2,4.5,5.5],"texture":"#texture"},"south":{"uv":[2,1.5,4.5,4.5],"texture":"#texture"},"west":{"uv":[1.5,1,5,5],"texture":"#texture"},"east":{"uv":[2,1.5,5,5.5],"texture":"#texture"}}},{"__comment":"Element","from":[3.9375,14.625,10.5],"to":[4.6875,16.625,11.75],"rotation":{"origin":[3.9375,16.625,10.5],"axis":"z","angle":-22.5},"faces":{"down":{"uv":[1,1,4.5,4.5],"texture":"#texture"},"up":{"uv":[1,1,5,5],"texture":"#texture"},"north":{"uv":[1,2,4.5,5.5],"texture":"#texture"},"south":{"uv":[2,1.5,4.5,4.5],"texture":"#texture"},"west":{"uv":[1.5,1,5,5],"texture":"#texture"},"east":{"uv":[2,1.5,5,5.5],"texture":"#texture"}}},{"__comment":"Element","from":[7,9.6875,14],"to":[9,10.9375,18.25],"rotation":{"origin":[7,10.9375,14],"axis":"x","angle":45},"faces":{"down":{"uv":[1,1,4.5,4.5],"texture":"#texture"},"up":{"uv":[1,1,5,5],"texture":"#texture"},"north":{"uv":[1,2,4.5,5.5],"texture":"#texture"},"south":{"uv":[2,1.5,4.5,4.5],"texture":"#texture"},"west":{"uv":[1.5,1,5,5],"texture":"#texture"},"east":{"uv":[2,1.5,5,5.5],"texture":"#texture"}}},{"__comment":"Element","from":[7,6.9375,16.625],"to":[9,8.1875,18.625],"rotation":{"origin":[7,8.1875,16.625],"axis":"x","angle":22.5},"faces":{"down":{"uv":[1,1,4.5,4.5],"texture":"#texture"},"up":{"uv":[1,1,5,5],"texture":"#texture"},"north":{"uv":[1,2,4.5,5.5],"texture":"#texture"},"south":{"uv":[2,1.5,4.5,4.5],"texture":"#texture"},"west":{"uv":[1.5,1,5,5],"texture":"#texture"},"east":{"uv":[2,1.5,5,5.5],"texture":"#texture"}}},{"__comment":"Element","from":[7,6.25,18],"to":[9,7.5,19.25],"faces":{"down":{"uv":[1,1,4.5,4.5],"texture":"#texture"},"up":{"uv":[1,1,5,5],"texture":"#texture"},"north":{"uv":[1,2,4.5,5.5],"texture":"#texture"},"south":{"uv":[2,1.5,4.5,4.5],"texture":"#texture"},"west":{"uv":[1.5,1,5,5],"texture":"#texture"},"east":{"uv":[2,1.5,5,5.5],"texture":"#texture"}}},{"__comment":"Element","from":[6.25,6.25,19.25],"to":[9.75,7.5,20.75],"faces":{"down":{"uv":[1,1,4.5,4.5],"texture":"#texture"},"up":{"uv":[1,1,5,5],"texture":"#texture"},"north":{"uv":[1,2,4.5,5.5],"texture":"#texture"},"south":{"uv":[2,1.5,4.5,4.5],"texture":"#texture"},"west":{"uv":[1.5,1,5,5],"texture":"#texture"},"east":{"uv":[2,1.5,5,5.5],"texture":"#texture"}}},{"__comment":"Element","from":[6.25,6.25,19.1881],"to":[7.665,7.5,20.6031],"rotation":{"origin":[6.25,6.25,19.1881],"axis":"y","angle":45},"faces":{"down":{"uv":[1,1,4.5,4.5],"texture":"#texture"},"up":{"uv":[1,1,5,5],"texture":"#texture"},"north":{"uv":[1,2,4.5,5.5],"texture":"#texture"},"south":{"uv":[2,1.5,4.5,4.5],"texture":"#texture"},"west":{"uv":[1.5,1,5,5],"texture":"#texture"},"east":{"uv":[2,1.5,5,5.5],"texture":"#texture"}}},{"__comment":"Element","from":[8.75,6.25,18.25],"to":[10.165,7.5,19.665],"rotation":{"origin":[8.75,6.25,18.25],"axis":"y","angle":-45},"faces":{"down":{"uv":[1,1,4.5,4.5],"texture":"#texture"},"up":{"uv":[1,1,5,5],"texture":"#texture"},"north":{"uv":[1,2,4.5,5.5],"texture":"#texture"},"south":{"uv":[2,1.5,4.5,4.5],"texture":"#texture"},"west":{"uv":[1.5,1,5,5],"texture":"#texture"},"east":{"uv":[2,1.5,5,5.5],"texture":"#texture"}}},{"__comment":"Element","from":[6.25,6.25,20.75],"to":[7.25,7.5,22.5],"faces":{"down":{"uv":[1,1,4.5,4.5],"texture":"#texture"},"up":{"uv":[1,1,5,5],"texture":"#texture"},"north":{"uv":[1,2,4.5,5.5],"texture":"#texture"},"south":{"uv":[2,1.5,4.5,4.5],"texture":"#texture"},"west":{"uv":[1.5,1,5,5],"texture":"#texture"},"east":{"uv":[2,1.5,5,5.5],"texture":"#texture"}}},{"__comment":"Element","from":[7.5,6.25,20.75],"to":[8.5,7.5,22.5],"faces":{"down":{"uv":[1,1,4.5,4.5],"texture":"#texture"},"up":{"uv":[1,1,5,5],"texture":"#texture"},"north":{"uv":[1,2,4.5,5.5],"texture":"#texture"},"south":{"uv":[2,1.5,4.5,4.5],"texture":"#texture"},"west":{"uv":[1.5,1,5,5],"texture":"#texture"},"east":{"uv":[2,1.5,5,5.5],"texture":"#texture"}}},{"__comment":"Element","from":[8.75,6.25,20.75],"to":[9.75,7.5,22.5],"faces":{"down":{"uv":[1,1,4.5,4.5],"texture":"#texture"},"up":{"uv":[1,1,5,5],"texture":"#texture"},"north":{"uv":[1,2,4.5,5.5],"texture":"#texture"},"south":{"uv":[2,1.5,4.5,4.5],"texture":"#texture"},"west":{"uv":[1.5,1,5,5],"texture":"#texture"},"east":{"uv":[2,1.5,5,5.5],"texture":"#texture"}}},{"__comment":"Element","from":[6.25,6.25,22.5],"to":[7.25,7.5,24.25],"faces":{"down":{"uv":[8,1.75,11.5,5.25],"texture":"#texture"},"up":{"uv":[8.5,1,12.5,5],"texture":"#texture"},"north":{"uv":[8.5,1.5,12,5],"texture":"#texture"},"south":{"uv":[8.25,1.25,10.75,4.25],"texture":"#texture"},"west":{"uv":[8.5,1.25,12,5.25],"texture":"#texture"},"east":{"uv":[8,1.25,11,5.25],"texture":"#texture"}}},{"__comment":"Element","from":[7.5,6.25,22.5],"to":[8.5,7.5,24.25],"faces":{"down":{"uv":[8,1.75,11.5,5.25],"texture":"#texture"},"up":{"uv":[8.5,1,12.5,5],"texture":"#texture"},"north":{"uv":[8.5,1.5,12,5],"texture":"#texture"},"south":{"uv":[8.25,1.25,10.75,4.25],"texture":"#texture"},"west":{"uv":[8.5,1.25,12,5.25],"texture":"#texture"},"east":{"uv":[8,1.25,11,5.25],"texture":"#texture"}}},{"__comment":"Element","from":[8.75,6.25,22.5],"to":[9.75,7.5,24.25],"faces":{"down":{"uv":[8,1.75,11.5,5.25],"texture":"#texture"},"up":{"uv":[8.5,1,12.5,5],"texture":"#texture"},"north":{"uv":[8.5,1.5,12,5],"texture":"#texture"},"south":{"uv":[8.25,1.25,10.75,4.25],"texture":"#texture"},"west":{"uv":[8.5,1.25,12,5.25],"texture":"#texture"},"east":{"uv":[8,1.25,11,5.25],"texture":"#texture"}}},{"__comment":"Element","from":[7.25,14.5,-4],"to":[8.5,16.75,-2],"faces":{"down":{"uv":[1,1,4.5,4.5],"texture":"#texture"},"up":{"uv":[1,1,5,5],"texture":"#texture"},"north":{"uv":[1,2,4.5,5.5],"texture":"#texture"},"south":{"uv":[2,1.5,4.5,4.5],"texture":"#texture"},"west":{"uv":[1.5,1,5,5],"texture":"#texture"},"east":{"uv":[2,1.5,5,5.5],"texture":"#texture"}}},{"__comment":"Element","from":[7.25,16.75,-4.75],"to":[8.5,19.75,-1.25],"faces":{"down":{"uv":[1,1,4.5,4.5],"texture":"#texture"},"up":{"uv":[1,1,5,5],"texture":"#texture"},"north":{"uv":[1,2,4.5,5.5],"texture":"#texture"},"south":{"uv":[2,1.5,4.5,4.5],"texture":"#texture"},"west":{"uv":[1.5,1,5,5],"texture":"#texture"},"east":{"uv":[2,1.5,5,5.5],"texture":"#texture"}}},{"__comment":"Element","from":[7.25,19.75,-4.75],"to":[8.5,21,-3.75],"faces":{"down":{"uv":[1,1,4.5,4.5],"texture":"#texture"},"up":{"uv":[1,1,5,5],"texture":"#texture"},"north":{"uv":[1,2,4.5,5.5],"texture":"#texture"},"south":{"uv":[2,1.5,4.5,4.5],"texture":"#texture"},"west":{"uv":[1.5,1,5,5],"texture":"#texture"},"east":{"uv":[2,1.5,5,5.5],"texture":"#texture"}}},{"__comment":"Element","from":[7.25,19.75,-3.5],"to":[8.5,21,-2.5],"faces":{"down":{"uv":[1,1,4.5,4.5],"texture":"#texture"},"up":{"uv":[1,1,5,5],"texture":"#texture"},"north":{"uv":[1,2,4.5,5.5],"texture":"#texture"},"south":{"uv":[2,1.5,4.5,4.5],"texture":"#texture"},"west":{"uv":[1.5,1,5,5],"texture":"#texture"},"east":{"uv":[2,1.5,5,5.5],"texture":"#texture"}}},{"__comment":"Element","from":[7.25,19.75,-2.25],"to":[8.5,21,-1.25],"faces":{"down":{"uv":[1,1,4.5,4.5],"texture":"#texture"},"up":{"uv":[1,1,5,5],"texture":"#texture"},"north":{"uv":[1,2,4.5,5.5],"texture":"#texture"},"south":{"uv":[2,1.5,4.5,4.5],"texture":"#texture"},"west":{"uv":[1.5,1,5,5],"texture":"#texture"},"east":{"uv":[2,1.5,5,5.5],"texture":"#texture"}}},{"__comment":"Element","from":[7.25,21,-4.75],"to":[8.5,23.25,-3.75],"faces":{"down":{"uv":[8,1.75,11.5,5.25],"texture":"#texture"},"up":{"uv":[8.5,1,12.5,5],"texture":"#texture"},"north":{"uv":[8.5,1.5,12,5],"texture":"#texture"},"south":{"uv":[8.25,1.25,10.75,4.25],"texture":"#texture"},"west":{"uv":[8.5,1.25,12,5.25],"texture":"#texture"},"east":{"uv":[8,1.25,11,5.25],"texture":"#texture"}}},{"__comment":"Element","from":[7.25,21,-3.5],"to":[8.5,23.25,-2.5],"faces":{"down":{"uv":[8,1.75,11.5,5.25],"texture":"#texture"},"up":{"uv":[8.5,1,12.5,5],"texture":"#texture"},"north":{"uv":[8.5,1.5,12,5],"texture":"#texture"},"south":{"uv":[8.25,1.25,10.75,4.25],"texture":"#texture"},"west":{"uv":[8.5,1.25,12,5.25],"texture":"#texture"},"east":{"uv":[8,1.25,11,5.25],"texture":"#texture"}}},{"__comment":"Element","from":[7.25,21,-2.25],"to":[8.5,23.25,-1.25],"faces":{"down":{"uv":[8,1.75,11.5,5.25],"texture":"#texture"},"up":{"uv":[8.5,1,12.5,5],"texture":"#texture"},"north":{"uv":[8.5,1.5,12,5],"texture":"#texture"},"south":{"uv":[8.25,1.25,10.75,4.25],"texture":"#texture"},"west":{"uv":[8.5,1.25,12,5.25],"texture":"#texture"},"east":{"uv":[8,1.25,11,5.25],"texture":"#texture"}}},{"__comment":"Element","from":[7.25,15.335,-4.75],"to":[8.5,16.75,-3.335],"rotation":{"origin":[7.25,16.75,-4.75],"axis":"x","angle":-45},"faces":{"down":{"uv":[1,1,4.5,4.5],"texture":"#texture"},"up":{"uv":[1,1,5,5],"texture":"#texture"},"north":{"uv":[1,2,4.5,5.5],"texture":"#texture"},"south":{"uv":[2,1.5,4.5,4.5],"texture":"#texture"},"west":{"uv":[1.5,1,5,5],"texture":"#texture"},"east":{"uv":[2,1.5,5,5.5],"texture":"#texture"}}},{"__comment":"Element","from":[7.25,16.335,-2.25],"to":[8.5,17.75,-0.835],"rotation":{"origin":[7.25,17.75,-2.25],"axis":"x","angle":45},"faces":{"down":{"uv":[1,1,4.5,4.5],"texture":"#texture"},"up":{"uv":[1,1,5,5],"texture":"#texture"},"north":{"uv":[1,2,4.5,5.5],"texture":"#texture"},"south":{"uv":[2,1.5,4.5,4.5],"texture":"#texture"},"west":{"uv":[1.5,1,5,5],"texture":"#texture"},"east":{"uv":[2,1.5,5,5.5],"texture":"#texture"}}},{"__comment":"Element","from":[7.25,10.75,-3.875],"to":[8.5,14.5,-2.125],"rotation":{"origin":[7.25,14.5,-3.875],"axis":"x","angle":-22.5},"faces":{"down":{"uv":[1,1,4.5,4.5],"texture":"#texture"},"up":{"uv":[1,1,5,5],"texture":"#texture"},"north":{"uv":[1,2,4.5,5.5],"texture":"#texture"},"south":{"uv":[2,1.5,4.5,4.5],"texture":"#texture"},"west":{"uv":[1.5,1,5,5],"texture":"#texture"},"east":{"uv":[2,1.5,5,5.5],"texture":"#texture"}}},{"__comment":"Element","from":[7.25,5.3125,-2.4375],"to":[8.5,11.0625,-0.6875],"rotation":{"origin":[7.25,11.0625,-2.4375],"axis":"x","angle":-45},"faces":{"down":{"uv":[1,1,4.5,4.5],"texture":"#texture"},"up":{"uv":[1,1,5,5],"texture":"#texture"},"north":{"uv":[1,2,4.5,5.5],"texture":"#texture"},"south":{"uv":[2,1.5,4.5,4.5],"texture":"#texture"},"west":{"uv":[1.5,1,5,5],"texture":"#texture"},"east":{"uv":[2,1.5,5,5.5],"texture":"#texture"}}},{"__comment":"Element","from":[6.5,11.25,14],"to":[7.5,14,15],"rotation":{"origin":[6.5,14,14],"axis":"x","angle":-22.5},"faces":{"down":{"uv":[1,1,4.5,4.5],"texture":"#texture"},"up":{"uv":[1,1,5,5],"texture":"#texture"},"north":{"uv":[1,2,4.5,5.5],"texture":"#texture"},"south":{"uv":[2,1.5,4.5,4.5],"texture":"#texture"},"west":{"uv":[1.5,1,5,5],"texture":"#texture"},"east":{"uv":[2,1.5,5,5.5],"texture":"#texture"}}},{"__comment":"Element","from":[6.5,10.125,15],"to":[7.5,11.875,16],"faces":{"down":{"uv":[1,1,4.5,4.5],"texture":"#texture"},"up":{"uv":[1,1,5,5],"texture":"#texture"},"north":{"uv":[1,2,4.5,5.5],"texture":"#texture"},"south":{"uv":[2,1.5,4.5,4.5],"texture":"#texture"},"west":{"uv":[1.5,1,5,5],"texture":"#texture"},"east":{"uv":[2,1.5,5,5.5],"texture":"#texture"}}},{"__comment":"Element","from":[9.25,8.75,13.25],"to":[10.25,11.5,14.25],"rotation":{"origin":[9.25,11.5,13.25],"axis":"x","angle":-45},"faces":{"down":{"uv":[1,1,4.5,4.5],"texture":"#texture"},"up":{"uv":[1,1,5,5],"texture":"#texture"},"north":{"uv":[1,2,4.5,5.5],"texture":"#texture"},"south":{"uv":[2,1.5,4.5,4.5],"texture":"#texture"},"west":{"uv":[1.5,1,5,5],"texture":"#texture"},"east":{"uv":[2,1.5,5,5.5],"texture":"#texture"}}},{"__comment":"Element","from":[9.25,9.5,15.5],"to":[10.25,10.5,17.25],"rotation":{"origin":[9.25,10.5,15.5],"axis":"x","angle":22.5},"faces":{"down":{"uv":[1,1,4.5,4.5],"texture":"#texture"},"up":{"uv":[1,1,5,5],"texture":"#texture"},"north":{"uv":[1,2,4.5,5.5],"texture":"#texture"},"south":{"uv":[2,1.5,4.5,4.5],"texture":"#texture"},"west":{"uv":[1.5,1,5,5],"texture":"#texture"},"east":{"uv":[2,1.5,5,5.5],"texture":"#texture"}}},{"__comment":"Element","from":[9.25,9.4375,0.125],"to":[10.25,10.4375,3.375],"rotation":{"origin":[9.25,10.4375,0.125],"axis":"x","angle":-22.5},"faces":{"down":{"uv":[1,1,4.5,4.5],"texture":"#texture"},"up":{"uv":[1,1,5,5],"texture":"#texture"},"north":{"uv":[1,2,4.5,5.5],"texture":"#texture"},"south":{"uv":[2,1.5,4.5,4.5],"texture":"#texture"},"west":{"uv":[1.5,1,5,5],"texture":"#texture"},"east":{"uv":[2,1.5,5,5.5],"texture":"#texture"}}},{"__comment":"Element","from":[9.25,9.5,-1.25],"to":[10.25,10.5,0.5],"faces":{"down":{"uv":[1,1,4.5,4.5],"texture":"#texture"},"up":{"uv":[1,1,5,5],"texture":"#texture"},"north":{"uv":[1,2,4.5,5.5],"texture":"#texture"},"south":{"uv":[2,1.5,4.5,4.5],"texture":"#texture"},"west":{"uv":[1.5,1,5,5],"texture":"#texture"},"east":{"uv":[2,1.5,5,5.5],"texture":"#texture"}}},{"__comment":"Element","from":[6.25,9.25,-0.25],"to":[7.25,11.5,0.75],"rotation":{"origin":[6.25,11.5,-0.25],"axis":"x","angle":-45},"faces":{"down":{"uv":[1,1,4.5,4.5],"texture":"#texture"},"up":{"uv":[1,1,5,5],"texture":"#texture"},"north":{"uv":[1,2,4.5,5.5],"texture":"#texture"},"south":{"uv":[2,1.5,4.5,4.5],"texture":"#texture"},"west":{"uv":[1.5,1,5,5],"texture":"#texture"},"east":{"uv":[2,1.5,5,5.5],"texture":"#texture"}}},{"__comment":"Element","from":[6.25,11.3125,-1.0625],"to":[7.25,13.5625,-0.0625],"rotation":{"origin":[6.25,13.5625,-1.0625],"axis":"x","angle":-22.5},"faces":{"down":{"uv":[1,1,4.5,4.5],"texture":"#texture"},"up":{"uv":[1,1,5,5],"texture":"#texture"},"north":{"uv":[1,2,4.5,5.5],"texture":"#texture"},"south":{"uv":[2,1.5,4.5,4.5],"texture":"#texture"},"west":{"uv":[1.5,1,5,5],"texture":"#texture"},"east":{"uv":[2,1.5,5,5.5],"texture":"#texture"}}},{"__comment":"Element","from":[7.75,7,-0.75],"to":[8.75,8,1.5],"rotation":{"origin":[7.75,8,-0.75],"axis":"x","angle":-22.5},"faces":{"down":{"uv":[1,1,4.5,4.5],"texture":"#texture"},"up":{"uv":[1,1,5,5],"texture":"#texture"},"north":{"uv":[1,2,4.5,5.5],"texture":"#texture"},"south":{"uv":[2,1.5,4.5,4.5],"texture":"#texture"},"west":{"uv":[1.5,1,5,5],"texture":"#texture"},"east":{"uv":[2,1.5,5,5.5],"texture":"#texture"}}},{"__comment":"Element","from":[7.75,6.0625,-1.625],"to":[8.75,7.0625,-0.375],"rotation":{"origin":[7.75,7.0625,-1.625],"axis":"x","angle":-45},"faces":{"down":{"uv":[1,1,4.5,4.5],"texture":"#texture"},"up":{"uv":[1,1,5,5],"texture":"#texture"},"north":{"uv":[1,2,4.5,5.5],"texture":"#texture"},"south":{"uv":[2,1.5,4.5,4.5],"texture":"#texture"},"west":{"uv":[1.5,1,5,5],"texture":"#texture"},"east":{"uv":[2,1.5,5,5.5],"texture":"#texture"}}},{"__comment":"Element","from":[7.75,7.5,14.5],"to":[8.75,8.5,16.75],"rotation":{"origin":[7.75,8.5,14.5],"axis":"x","angle":45},"faces":{"down":{"uv":[1,1,4.5,4.5],"texture":"#texture"},"up":{"uv":[1,1,5,5],"texture":"#texture"},"north":{"uv":[1,2,4.5,5.5],"texture":"#texture"},"south":{"uv":[2,1.5,4.5,4.5],"texture":"#texture"},"west":{"uv":[1.5,1,5,5],"texture":"#texture"},"east":{"uv":[2,1.5,5,5.5],"texture":"#texture"}}},{"__comment":"Element","from":[7.75,4.5,15.1875],"to":[8.75,6.5,16.1875],"rotation":{"origin":[7.75,6.5,15.1875],"axis":"x","angle":-22.5},"faces":{"down":{"uv":[1,1,4.5,4.5],"texture":"#texture"},"up":{"uv":[1,1,5,5],"texture":"#texture"},"north":{"uv":[1,2,4.5,5.5],"texture":"#texture"},"south":{"uv":[2,1.5,4.5,4.5],"texture":"#texture"},"west":{"uv":[1.5,1,5,5],"texture":"#texture"},"east":{"uv":[2,1.5,5,5.5],"texture":"#texture"}}},{"__comment":"feet","from":[5.75,1.085,10.5],"to":[7.165,2.5,13],"rotation":{"origin":[5.75,2.5,10.5],"axis":"z","angle":45},"faces":{"down":{"uv":[1.5,8.5,5,12],"texture":"#texture"},"up":{"uv":[1.5,7.5,5.5,11.5],"texture":"#texture"},"north":{"uv":[1,7.5,4.5,11],"texture":"#texture"},"south":{"uv":[2,8.5,4.5,11.5],"texture":"#texture"},"west":{"uv":[1.5,8,5,12],"texture":"#texture"},"east":{"uv":[1.5,8,4.5,12],"texture":"#texture"}}},{"__comment":"feet","from":[9.25,2.085,10.5],"to":[10.665,3.5,13],"rotation":{"origin":[9.25,3.5,10.5],"axis":"z","angle":-45},"faces":{"down":{"uv":[1.5,8.5,5,12],"texture":"#texture"},"up":{"uv":[1.5,7.5,5.5,11.5],"texture":"#texture"},"north":{"uv":[1,7.5,4.5,11],"texture":"#texture"},"south":{"uv":[2,8.5,4.5,11.5],"texture":"#texture"},"west":{"uv":[1.5,8,5,12],"texture":"#texture"},"east":{"uv":[1.5,8,4.5,12],"texture":"#texture"}}},{"__comment":"feet","from":[8.25,1.085,3],"to":[9.665,2.5,5.5],"rotation":{"origin":[8.25,2.5,3],"axis":"z","angle":45},"faces":{"down":{"uv":[1.5,8.5,5,12],"texture":"#texture"},"up":{"uv":[1.5,7.5,5.5,11.5],"texture":"#texture"},"north":{"uv":[1,7.5,4.5,11],"texture":"#texture"},"south":{"uv":[2,8.5,4.5,11.5],"texture":"#texture"},"west":{"uv":[1.5,8,5,12],"texture":"#texture"},"east":{"uv":[1.5,8,4.5,12],"texture":"#texture"}}},{"__comment":"feet","from":[5.75,1.085,3],"to":[7.165,2.5,5.5],"rotation":{"origin":[5.75,2.5,3],"axis":"z","angle":45},"faces":{"down":{"uv":[1.5,8.5,5,12],"texture":"#texture"},"up":{"uv":[1.5,7.5,5.5,11.5],"texture":"#texture"},"north":{"uv":[1,7.5,4.5,11],"texture":"#texture"},"south":{"uv":[2,8.5,4.5,11.5],"texture":"#texture"},"west":{"uv":[1.5,8,5,12],"texture":"#texture"},"east":{"uv":[1.5,8,4.5,12],"texture":"#texture"}}}],"display":{"thirdperson_righthand":{"scale":[0.0001,0.0001,0.0001]},"thirdperson_lefthand":{"scale":[0.0001,0.0001,0.0001]},"firstperson_righthand":{"scale":[0.0001,0.0001,0.0001]},"firstperson_lefthand":{"scale":[0.0001,0.0001,0.0001]},"gui":{"rotation":[30,45,0],"translation":[-1,-2.5,0],"scale":[0.6,0.6,0.6]},"head":{"rotation":[0,-90,0],"translation":[0,-13.25,0],"scale":[3.5,3.5,3.5]},"ground":{"scale":[0.0001,0.0001,0.0001]},"fixed":{"scale":[0.0001,0.0001,0.0001]}}}