{"credit":"Designed by Icelio using Blockbench","textures":{"0":"pokemon_skins/regular/togekiss/togekiss","1":"pokemon_skins/regular/togekiss/triangle"},"elements":[{"from":[7.8,7.4,15.2],"to":[8.2,8.2,16],"rotation":{"angle":45,"axis":"x","origin":[8,7,15.3]},"faces":{"north":{"uv":[0,0,2,2],"texture":"#0"},"east":{"uv":[0,0,2,2],"texture":"#0"},"south":{"uv":[0,0,2,2],"texture":"#0"},"west":{"uv":[0,0,2,2],"texture":"#0"},"up":{"uv":[0,0,2,2],"texture":"#0"},"down":{"uv":[0,0,2,2],"texture":"#0"}}},{"from":[7.8,7.095,15.86],"to":[8.2,7.395,16.51],"rotation":{"angle":22.5,"axis":"x","origin":[8,6.395,15.21]},"faces":{"north":{"uv":[0,0,2,2],"texture":"#0"},"east":{"uv":[0,0,2,2],"texture":"#0"},"south":{"uv":[0,0,2,2],"texture":"#0"},"west":{"uv":[0,0,2,2],"texture":"#0"},"up":{"uv":[0,0,2,2],"texture":"#0"},"down":{"uv":[0,0,2,2],"texture":"#0"}}},{"from":[7.8,6.31,16.16],"to":[8.2,6.96,16.46],"rotation":{"angle":-22.5,"axis":"x","origin":[8,7.61,15.56]},"faces":{"north":{"uv":[0,0,2,2],"texture":"#0"},"east":{"uv":[0,0,2,2],"texture":"#0"},"south":{"uv":[0,0,2,2],"texture":"#0"},"west":{"uv":[0,0,2,2],"texture":"#0"},"up":{"uv":[0,0,2,2],"texture":"#0"},"down":{"uv":[0,0,2,2],"texture":"#0"}}},{"from":[7.8,7.65,15.9],"to":[8.2,7.95,16.6],"rotation":{"angle":45,"axis":"x","origin":[8,7,15.3]},"faces":{"north":{"uv":[0,0,2,2],"texture":"#0"},"east":{"uv":[0,0,2,2],"texture":"#0"},"south":{"uv":[0,0,2,2],"texture":"#0"},"west":{"uv":[0,0,2,2],"texture":"#0"},"up":{"uv":[0,0,2,2],"texture":"#0"},"down":{"uv":[0,0,2,2],"texture":"#0"}}},{"from":[7.6,7.15,17.42],"to":[8.4,7.55,18.47],"faces":{"north":{"uv":[0,0,2,2],"texture":"#0"},"east":{"uv":[0,0,2,2],"texture":"#0"},"south":{"uv":[0,0,2,2],"texture":"#0"},"west":{"uv":[0,0,2,2],"texture":"#0"},"up":{"uv":[0,0,2,2],"texture":"#0"},"down":{"uv":[0,0,2,2],"texture":"#0"}}},{"from":[7.6,8.37,17.76],"to":[8.4,8.77,18.81],"rotation":{"angle":45,"axis":"x","origin":[8,8.37,17.21]},"faces":{"north":{"uv":[0,0,2,2],"texture":"#0"},"east":{"uv":[0,0,2,2],"texture":"#0"},"south":{"uv":[0,0,2,2],"texture":"#0"},"west":{"uv":[0,0,2,2],"texture":"#0"},"up":{"uv":[0,0,2,2],"texture":"#0"},"down":{"uv":[0,0,2,2],"texture":"#0"}}},{"from":[7.6,7.8,17.3],"to":[8.4,8.2,18.6],"rotation":{"angle":22.5,"axis":"x","origin":[8,7.8,16.9]},"faces":{"north":{"uv":[0,0,2,2],"texture":"#0"},"east":{"uv":[0,0,2,2],"texture":"#0"},"south":{"uv":[0,0,2,2],"texture":"#0"},"west":{"uv":[0,0,2,2],"texture":"#0"},"up":{"uv":[0,0,2,2],"texture":"#0"},"down":{"uv":[0,0,2,2],"texture":"#0"}}},{"from":[7.6,7.4,14.8],"to":[8.4,8.6,17.64],"rotation":{"angle":22.5,"axis":"x","origin":[8,7.8,16.9]},"faces":{"north":{"uv":[0,0,2,2],"texture":"#0"},"east":{"uv":[0,0,2,2],"texture":"#0"},"south":{"uv":[0,0,2,2],"texture":"#0"},"west":{"uv":[0,0,2,2],"texture":"#0"},"up":{"uv":[0,0,2,2],"texture":"#0"},"down":{"uv":[0,0,2,2],"texture":"#0"}}},{"from":[7.4,8.435,18.865],"to":[8.6,9.035,20.17],"rotation":{"angle":-22.5,"axis":"x","origin":[8,8.735,19.015]},"faces":{"north":{"uv":[0,0,2,2],"texture":"#0"},"east":{"uv":[0,0,2,2],"texture":"#0"},"south":{"uv":[0,0,2,2],"texture":"#0"},"west":{"uv":[0,0,2,2],"texture":"#0"},"up":{"uv":[0,0,2,2],"texture":"#0"},"down":{"uv":[0,0,2,2],"texture":"#0"}}},{"from":[7.4,9.365,18.87],"to":[8.6,9.965,20.175],"rotation":{"angle":22.5,"axis":"x","origin":[8,9.665,19.02]},"faces":{"north":{"uv":[0,0,2,2],"texture":"#0"},"east":{"uv":[0,0,2,2],"texture":"#0"},"south":{"uv":[0,0,2,2],"texture":"#0"},"west":{"uv":[0,0,2,2],"texture":"#0"},"up":{"uv":[0,0,2,2],"texture":"#0"},"down":{"uv":[0,0,2,2],"texture":"#0"}}},{"from":[7.4,8.9,19],"to":[8.6,9.5,20.2],"faces":{"north":{"uv":[0,0,2,2],"texture":"#0"},"east":{"uv":[0,0,2,2],"texture":"#0"},"south":{"uv":[0,0,2,2],"texture":"#0"},"west":{"uv":[0,0,2,2],"texture":"#0"},"up":{"uv":[0,0,2,2],"texture":"#0"},"down":{"uv":[0,0,2,2],"texture":"#0"}}},{"from":[7.4,8.4,16],"to":[8.6,10,19],"faces":{"north":{"uv":[0,0,2,2],"texture":"#0"},"east":{"uv":[0,0,2,2],"texture":"#0"},"south":{"uv":[0,0,2,2],"texture":"#0"},"west":{"uv":[0,0,2,2],"texture":"#0"},"up":{"uv":[0,0,2,2],"texture":"#0"},"down":{"uv":[0,0,2,2],"texture":"#0"}}},{"from":[6.7,6.08,13.765],"to":[9.3,8.24,15.765],"rotation":{"angle":22.5,"axis":"x","origin":[8.1,7.44,14.765]},"faces":{"north":{"uv":[0,0,2,2],"texture":"#0"},"east":{"uv":[0,0,2,2],"texture":"#0"},"south":{"uv":[0,0,2,2],"texture":"#0"},"west":{"uv":[0,0,2,2],"texture":"#0"},"up":{"uv":[0,0,2,2],"texture":"#0"},"down":{"uv":[0,0,2,2],"texture":"#0"}}},{"from":[4.3,7.8,13.4],"to":[7.9,10,15.2],"rotation":{"angle":-45,"axis":"y","origin":[6.3,8.9,14.2]},"faces":{"north":{"uv":[0,0,2,2],"texture":"#0"},"east":{"uv":[0,0,2,2],"texture":"#0"},"south":{"uv":[0,0,2,2],"texture":"#0"},"west":{"uv":[0,0,2,2],"texture":"#0"},"up":{"uv":[0,0,2,2],"texture":"#0"},"down":{"uv":[0,0,2,2],"texture":"#0"}}},{"from":[8.125,7.8,13.16],"to":[12.125,10,15.16],"rotation":{"angle":45,"axis":"y","origin":[9.725,8.9,14.16]},"faces":{"north":{"uv":[0,0,2,2],"texture":"#0"},"east":{"uv":[0,0,2,2],"texture":"#0"},"south":{"uv":[0,0,2,2],"texture":"#0"},"west":{"uv":[0,0,2,2],"texture":"#0"},"up":{"uv":[0,0,2,2],"texture":"#0"},"down":{"uv":[0,0,2,2],"texture":"#0"}}},{"from":[6.7,7.8,14],"to":[9.3,10,16],"faces":{"north":{"uv":[0,0,2,2],"texture":"#0"},"east":{"uv":[0,0,2,2],"texture":"#0"},"south":{"uv":[0,0,2,2],"texture":"#0"},"west":{"uv":[0,0,2,2],"texture":"#0"},"up":{"uv":[0,0,2,2],"texture":"#0"},"down":{"uv":[0,0,2,2],"texture":"#0"}}},{"from":[7,11.8,3.05],"to":[9,15.95,3.9],"rotation":{"angle":22.5,"axis":"x","origin":[8,16,2.3]},"faces":{"north":{"uv":[0,0,2,2],"texture":"#0"},"east":{"uv":[0,0,2,2],"texture":"#0"},"south":{"uv":[0,0,2,2],"texture":"#0"},"west":{"uv":[0,0,2,2],"texture":"#0"},"up":{"uv":[0,0,2,2],"texture":"#0"},"down":{"uv":[0,0,2,2],"texture":"#0"}}},{"from":[7,11.8,3.7],"to":[9,17.43,4.1],"rotation":{"angle":22.5,"axis":"x","origin":[8,16,2.4]},"faces":{"north":{"uv":[0,0,2,2],"texture":"#0"},"east":{"uv":[0,0,2,2],"texture":"#0"},"south":{"uv":[0,0,2,2],"texture":"#0"},"west":{"uv":[0,0,2,2],"texture":"#0"},"up":{"uv":[0,0,2,2],"texture":"#0"},"down":{"uv":[0,0,2,2],"texture":"#0"}}},{"from":[9.91,13.7,1.65],"to":[11.18,14.1,2.45],"rotation":{"angle":-22.5,"axis":"x","origin":[11.28,13.7,3.95]},"faces":{"north":{"uv":[0,0,2,2],"texture":"#0"},"east":{"uv":[0,0,2,2],"texture":"#0"},"south":{"uv":[0,0,2,2],"texture":"#0"},"west":{"uv":[0,0,2,2],"texture":"#0"},"up":{"uv":[0,0,2,2],"texture":"#0"},"down":{"uv":[0,0,2,2],"texture":"#0"}}},{"from":[4.82,13.7,1.55],"to":[6.09,14.1,2.35],"rotation":{"angle":-22.5,"axis":"x","origin":[4.72,13.7,3.85]},"faces":{"north":{"uv":[0,0,2,2],"texture":"#0"},"east":{"uv":[0,0,2,2],"texture":"#0"},"south":{"uv":[0,0,2,2],"texture":"#0"},"west":{"uv":[0,0,2,2],"texture":"#0"},"up":{"uv":[0,0,2,2],"texture":"#0"},"down":{"uv":[0,0,2,2],"texture":"#0"}}},{"from":[7,15.4,3.3],"to":[9,16,3.9],"faces":{"north":{"uv":[0,0,2,2],"texture":"#0"},"east":{"uv":[0,0,2,2],"texture":"#0"},"south":{"uv":[0,0,2,2],"texture":"#0"},"west":{"uv":[0,0,2,2],"texture":"#0"},"up":{"uv":[0,0,2,2],"texture":"#0"},"down":{"uv":[0,0,2,2],"texture":"#0"}}},{"from":[7,14.2,-0.2],"to":[9,15.1,3],"rotation":{"angle":-45,"axis":"x","origin":[8,14.7,3.1]},"faces":{"north":{"uv":[0,0,2,2],"texture":"#0"},"east":{"uv":[0,0,2,2],"texture":"#0"},"south":{"uv":[0,0,2,2],"texture":"#0"},"west":{"uv":[0,0,2,2],"texture":"#0"},"up":{"uv":[0,0,2,2],"texture":"#0"},"down":{"uv":[0,0,2,2],"texture":"#0"}}},{"from":[7,15.1,-0.2],"to":[9,15.5,5.5],"rotation":{"angle":-45,"axis":"x","origin":[8,14.7,3.1]},"faces":{"north":{"uv":[0,0,2,2],"texture":"#0"},"east":{"uv":[0,0,2,2],"texture":"#0"},"south":{"uv":[0,0,2,2],"texture":"#0"},"west":{"uv":[0,0,2,2],"texture":"#0"},"up":{"uv":[0,0,2,2],"texture":"#0"},"down":{"uv":[0,0,2,2],"texture":"#0"}}},{"from":[5.8,5.8,13.9],"to":[10.2,7.8,15.1],"faces":{"north":{"uv":[0,0,2,2],"texture":"#0"},"east":{"uv":[0,0,2,2],"texture":"#0"},"south":{"uv":[0,0,2,2],"texture":"#0"},"west":{"uv":[0,0,2,2],"texture":"#0"},"up":{"uv":[0,0,2,2],"texture":"#0"},"down":{"uv":[0,0,2,2],"texture":"#0"}}},{"from":[5.8,5.195,10.3],"to":[10.2,9.195,14.49],"rotation":{"angle":-22.5,"axis":"x","origin":[8,7.195,13.3]},"faces":{"north":{"uv":[0,0,2,2],"texture":"#0"},"east":{"uv":[0,0,2,2],"texture":"#0"},"south":{"uv":[0,0,2,2],"texture":"#0"},"west":{"uv":[0,0,2,2],"texture":"#0"},"up":{"uv":[0,0,2,2],"texture":"#0"},"down":{"uv":[0,0,2,2],"texture":"#0"}}},{"from":[5.8,7.19,0.31],"to":[10.2,9.39,3.01],"rotation":{"angle":-22.5,"axis":"x","origin":[8,9.19,3.91]},"faces":{"north":{"uv":[0,0,2,2],"texture":"#0"},"east":{"uv":[0,0,2,2],"texture":"#0"},"south":{"uv":[0,0,2,2],"texture":"#0"},"west":{"uv":[0,0,2,2],"texture":"#0"},"up":{"uv":[0,0,2,2],"texture":"#0"},"down":{"uv":[0,0,2,2],"texture":"#0"}}},{"from":[4.7,7.2,1.74],"to":[11.3,9.1,3.74],"rotation":{"angle":-22.5,"axis":"x","origin":[7,9.2,3.94]},"faces":{"north":{"uv":[0,0,2,2],"texture":"#0"},"east":{"uv":[0,0,2,2],"texture":"#0"},"south":{"uv":[0,0,2,2],"texture":"#0"},"west":{"uv":[0,0,2,2],"texture":"#0"},"up":{"uv":[0,0,2,2],"texture":"#0"},"down":{"uv":[0,0,2,2],"texture":"#0"}}},{"from":[4.7,5.52,3.27],"to":[11.3,9.52,6.47],"rotation":{"angle":22.5,"axis":"x","origin":[7,7.52,5.47]},"faces":{"north":{"uv":[0,0,2,2],"texture":"#0"},"east":{"uv":[0,0,2,2],"texture":"#0"},"south":{"uv":[0,0,2,2],"texture":"#0"},"west":{"uv":[0,0,2,2],"texture":"#0"},"up":{"uv":[0,0,2,2],"texture":"#0"},"down":{"uv":[0,0,2,2],"texture":"#0"}}},{"from":[5.8,4.43,1.84],"to":[10.2,5.73,6.44],"rotation":{"angle":22.5,"axis":"x","origin":[8,6.43,5.44]},"faces":{"north":{"uv":[0,0,2,2],"texture":"#0"},"east":{"uv":[11,8,13,16],"texture":"#1","rotation":270},"south":{"uv":[0,0,2,2],"texture":"#0"},"west":{"uv":[1,8,3,16],"texture":"#1","rotation":90},"up":{"uv":[0,0,2,2],"texture":"#0"},"down":{"uv":[3,8,11,16],"texture":"#1"}}},{"from":[7,6.11,-1.38],"to":[9,10.11,3.07],"rotation":{"angle":45,"axis":"x","origin":[8,8.11,2.02]},"faces":{"north":{"uv":[0,0,2,2],"texture":"#0"},"east":{"uv":[0,0,2,2],"texture":"#0"},"south":{"uv":[0,0,2,2],"texture":"#0"},"west":{"uv":[0,0,2,2],"texture":"#0"},"up":{"uv":[0,0,2,2],"texture":"#0"},"down":{"uv":[0,0,2,2],"texture":"#0"}}},{"from":[5.4,10.7,0.55],"to":[10.6,12.56,2.86],"faces":{"north":{"uv":[0,0,2,2],"texture":"#0"},"east":{"uv":[0,0,2,2],"texture":"#0"},"south":{"uv":[0,0,2,2],"texture":"#0"},"west":{"uv":[0,0,2,2],"texture":"#0"},"up":{"uv":[0,0,2,2],"texture":"#0"},"down":{"uv":[0,0,2,2],"texture":"#0"}}},{"from":[6.2,11.38,-1.16],"to":[9.8,13.58,1.04],"rotation":{"angle":-45,"axis":"x","origin":[6,12.48,2.04]},"faces":{"north":{"uv":[0,0,2,2],"texture":"#0"},"east":{"uv":[0,0,2,2],"texture":"#0"},"south":{"uv":[0,0,2,2],"texture":"#0"},"west":{"uv":[0,0,2,2],"texture":"#0"},"up":{"uv":[0,0,2,2],"texture":"#0"},"down":{"uv":[0,0,2,2],"texture":"#0"}}},{"from":[7,11.5,-2],"to":[9,13.7,0.8],"rotation":{"angle":-45,"axis":"x","origin":[8,12.6,1.4]},"faces":{"north":{"uv":[0,0,2,2],"texture":"#0"},"east":{"uv":[0,0,2,2],"texture":"#0"},"south":{"uv":[0,0,2,2],"texture":"#0"},"west":{"uv":[0,0,2,2],"texture":"#0"},"up":{"uv":[0,0,2,2],"texture":"#0"},"down":{"uv":[0,0,2,2],"texture":"#0"}}},{"from":[9.1,9.8,-1.72],"to":[9.6,11,-1.62],"rotation":{"angle":-45,"axis":"y","origin":[9.1,10.4,-1.72]},"faces":{"north":{"uv":[11,0,16,11],"texture":"#0"}}},{"from":[7.1,9.2,-1.82],"to":[8.9,9.6,4.98],"faces":{"north":{"uv":[0,4,8.5,6],"texture":"#0"}}},{"from":[6.4,9.8,-1.72],"to":[6.9,11,-1.62],"rotation":{"angle":45,"axis":"y","origin":[6.9,10.4,-1.72]},"faces":{"north":{"uv":[11,0,16,11],"texture":"#0"}}},{"from":[7,9.1,-1.8],"to":[9,11,5],"faces":{"north":{"uv":[0,0,2,2],"texture":"#0"},"east":{"uv":[0,0,2,2],"texture":"#0"},"south":{"uv":[0,0,2,2],"texture":"#0"},"west":{"uv":[0,0,2,2],"texture":"#0"},"up":{"uv":[0,0,2,2],"texture":"#0"},"down":{"uv":[0,0,2,2],"texture":"#0"}}},{"from":[-5,8,8.8],"to":[19.45,11,12.8],"faces":{"north":{"uv":[0,0,2,2],"texture":"#0"},"east":{"uv":[0,0,2,2],"texture":"#0"},"south":{"uv":[0,0,2,2],"texture":"#0"},"west":{"uv":[0,0,2,2],"texture":"#0"},"up":{"uv":[0,0,2,2],"texture":"#0"},"down":{"uv":[0,0,2,2],"texture":"#0"}}},{"from":[-0.7,8,4.8],"to":[16.75,11,14],"faces":{"north":{"uv":[0,0,2,2],"texture":"#0"},"east":{"uv":[0,0,2,2],"texture":"#0"},"south":{"uv":[0,0,2,2],"texture":"#0"},"west":{"uv":[0,0,2,2],"texture":"#0"},"up":{"uv":[0,0,2,2],"texture":"#0"},"down":{"uv":[0,0,2,2],"texture":"#0"}}},{"from":[1.305,8,6.365],"to":[5.005,11,12.465],"rotation":{"angle":-45,"axis":"y","origin":[3.305,10,2.465]},"faces":{"north":{"uv":[0,0,2,2],"texture":"#0"},"east":{"uv":[0,0,2,2],"texture":"#0"},"south":{"uv":[0,0,2,2],"texture":"#0"},"west":{"uv":[0,0,2,2],"texture":"#0"},"up":{"uv":[0,0,2,2],"texture":"#0"},"down":{"uv":[0,0,2,2],"texture":"#0"}}},{"from":[0.2,8,5.18],"to":[6.9,11,9.18],"rotation":{"angle":22.5,"axis":"y","origin":[-3.8,10,7.18]},"faces":{"north":{"uv":[0,0,2,2],"texture":"#0"},"east":{"uv":[0,0,2,2],"texture":"#0"},"south":{"uv":[0,0,2,2],"texture":"#0"},"west":{"uv":[0,0,2,2],"texture":"#0"},"up":{"uv":[0,0,2,2],"texture":"#0"},"down":{"uv":[0,0,2,2],"texture":"#0"}}},{"from":[9.14,8,-5],"to":[12.54,11,-2.1],"rotation":{"angle":-45,"axis":"y","origin":[3.84,10,-3]},"faces":{"north":{"uv":[0,0,2,2],"texture":"#0"},"east":{"uv":[0,0,2,2],"texture":"#0"},"south":{"uv":[0,0,2,2],"texture":"#0"},"west":{"uv":[0,0,2,2],"texture":"#0"},"up":{"uv":[0,0,2,2],"texture":"#0"},"down":{"uv":[0,0,2,2],"texture":"#0"}}},{"from":[6.9,8,4.24],"to":[10.7,11,7.94],"rotation":{"angle":45,"axis":"y","origin":[2.9,10,6.24]},"faces":{"north":{"uv":[0,0,2,2],"texture":"#0"},"east":{"uv":[0,0,2,2],"texture":"#0"},"south":{"uv":[0,0,2,2],"texture":"#0"},"west":{"uv":[0,0,2,2],"texture":"#0"},"up":{"uv":[0,0,2,2],"texture":"#0"},"down":{"uv":[0,0,2,2],"texture":"#0"}}},{"from":[10.38,8,-0.87],"to":[17.08,11,3.83],"rotation":{"angle":-22.5,"axis":"y","origin":[5.08,10,1.13]},"faces":{"north":{"uv":[0,0,2,2],"texture":"#0"},"east":{"uv":[0,0,2,2],"texture":"#0"},"south":{"uv":[0,0,2,2],"texture":"#0"},"west":{"uv":[0,0,2,2],"texture":"#0"},"up":{"uv":[0,0,2,2],"texture":"#0"},"down":{"uv":[0,0,2,2],"texture":"#0"}}},{"from":[10.29,8,6.46],"to":[14.69,11,12.46],"rotation":{"angle":45,"axis":"y","origin":[12.69,10,2.46]},"faces":{"north":{"uv":[0,0,2,2],"texture":"#0"},"east":{"uv":[0,0,2,2],"texture":"#0"},"south":{"uv":[0,0,2,2],"texture":"#0"},"west":{"uv":[0,0,2,2],"texture":"#0"},"up":{"uv":[0,0,2,2],"texture":"#0"},"down":{"uv":[0,0,2,2],"texture":"#0"}}},{"from":[13.2,7.98,9],"to":[18.8,9.78,13.6],"faces":{"down":{"uv":[0,16,11,7],"texture":"#0"}}},{"from":[12.4,6.38,9],"to":[18,8.18,13.6],"rotation":{"angle":22.5,"axis":"z","origin":[13.4,9.2,9.4]},"faces":{"down":{"uv":[0,16,11,7],"texture":"#0"}}},{"from":[9.6,6.4,5.6],"to":[17.9,9.2,13.6],"rotation":{"angle":22.5,"axis":"z","origin":[13.4,9.2,9.4]},"faces":{"north":{"uv":[0,0,2,2],"texture":"#0"},"east":{"uv":[0,0,2,2],"texture":"#0"},"south":{"uv":[0,0,2,2],"texture":"#0"},"west":{"uv":[0,0,2,2],"texture":"#0"},"up":{"uv":[0,0,2,2],"texture":"#0"},"down":{"uv":[0,0,2,2],"texture":"#0"}}},{"from":[-2.9,7.98,9],"to":[2.9,10.83,13.6],"faces":{"down":{"uv":[11,16,0,7],"texture":"#0"}}},{"from":[-2.1,6.38,9],"to":[3.7,9.23,13.6],"rotation":{"angle":-22.5,"axis":"z","origin":[2.5,9.2,9.4]},"faces":{"down":{"uv":[11,16,0,7],"texture":"#0"}}},{"from":[-1.9,6.44,5.6],"to":[6.4,9.24,13.6],"rotation":{"angle":-22.5,"axis":"z","origin":[2.5,9.19,9.4]},"faces":{"north":{"uv":[0,0,2,2],"texture":"#0"},"east":{"uv":[0,0,2,2],"texture":"#0"},"south":{"uv":[0,0,2,2],"texture":"#0"},"west":{"uv":[0,0,2,2],"texture":"#0"},"up":{"uv":[0,0,2,2],"texture":"#0"},"down":{"uv":[0,0,2,2],"texture":"#0"}}},{"from":[6.5,2.4,12.1],"to":[7.9,5,13.1],"faces":{"north":{"uv":[0,0,2,2],"texture":"#0"},"east":{"uv":[0,0,2,2],"texture":"#0"},"south":{"uv":[0,0,2,2],"texture":"#0"},"west":{"uv":[0,0,2,2],"texture":"#0"},"up":{"uv":[0,0,2,2],"texture":"#0"},"down":{"uv":[0,0,2,2],"texture":"#0"}}},{"from":[7.1,2.39,12.09],"to":[7.3,3.24,13.11],"faces":{"north":{"uv":[0,10,0.5,10.5],"texture":"#0"},"east":{"uv":[0,10,0.5,10.5],"texture":"#0"},"south":{"uv":[0,10,0.5,10.5],"texture":"#0"},"west":{"uv":[0,10,0.5,10.5],"texture":"#0"},"up":{"uv":[0,10,0.5,10.5],"texture":"#0"},"down":{"uv":[0,10,0.5,10.5],"texture":"#0"}}},{"from":[8.7,2.39,12.09],"to":[8.9,3.24,13.11],"faces":{"north":{"uv":[0,10,0.5,10.5],"texture":"#0"},"east":{"uv":[0,10,0.5,10.5],"texture":"#0"},"south":{"uv":[0,10,0.5,10.5],"texture":"#0"},"west":{"uv":[0,10,0.5,10.5],"texture":"#0"},"up":{"uv":[0,10,0.5,10.5],"texture":"#0"},"down":{"uv":[0,10,0.5,10.5],"texture":"#0"}}},{"from":[8.1,2.4,12.1],"to":[9.5,5,13.1],"faces":{"north":{"uv":[0,0,2,2],"texture":"#0"},"east":{"uv":[0,0,2,2],"texture":"#0"},"south":{"uv":[0,0,2,2],"texture":"#0"},"west":{"uv":[0,0,2,2],"texture":"#0"},"up":{"uv":[0,0,2,2],"texture":"#0"},"down":{"uv":[0,0,2,2],"texture":"#0"}}},{"from":[5.41,10.125,2.8],"to":[6.61,11.025,12.5],"rotation":{"angle":45,"axis":"z","origin":[5.61,10.575,8.35]},"faces":{"north":{"uv":[0,0,2,2],"texture":"#0"},"east":{"uv":[0,0,2,2],"texture":"#0"},"south":{"uv":[0,0,2,2],"texture":"#0"},"west":{"uv":[0,0,2,2],"texture":"#0"},"up":{"uv":[0,0,2,2],"texture":"#0"},"down":{"uv":[0,0,2,2],"texture":"#0"}}},{"from":[9.625,10.69,2.8],"to":[10.825,11.59,12.5],"rotation":{"angle":-45,"axis":"z","origin":[9.825,11.14,8.35]},"faces":{"north":{"uv":[0,0,2,2],"texture":"#0"},"east":{"uv":[0,0,2,2],"texture":"#0"},"south":{"uv":[0,0,2,2],"texture":"#0"},"west":{"uv":[0,0,2,2],"texture":"#0"},"up":{"uv":[0,0,2,2],"texture":"#0"},"down":{"uv":[0,0,2,2],"texture":"#0"}}},{"from":[6,10.7,4.5],"to":[10,11.6,12.5],"faces":{"north":{"uv":[0,0,2,2],"texture":"#0"},"east":{"uv":[0,0,2,2],"texture":"#0"},"south":{"uv":[0,0,2,2],"texture":"#0"},"west":{"uv":[0,0,2,2],"texture":"#0"},"up":{"uv":[0,0,2,2],"texture":"#0"},"down":{"uv":[0,0,2,2],"texture":"#0"}}},{"from":[6,8.695,11.05],"to":[10,11.295,12.65],"rotation":{"angle":22.5,"axis":"x","origin":[8,7.795,12.55]},"faces":{"north":{"uv":[0,0,2,2],"texture":"#0"},"east":{"uv":[0,0,2,2],"texture":"#0"},"south":{"uv":[0,0,2,2],"texture":"#0"},"west":{"uv":[0,0,2,2],"texture":"#0"},"up":{"uv":[0,0,2,2],"texture":"#0"},"down":{"uv":[0,0,2,2],"texture":"#0"}}},{"from":[6.7,8.05,12.235],"to":[9.3,10.65,14.735],"rotation":{"angle":22.5,"axis":"x","origin":[8,7.15,13.735]},"faces":{"north":{"uv":[0,0,2,2],"texture":"#0"},"east":{"uv":[0,0,2,2],"texture":"#0"},"south":{"uv":[0,0,2,2],"texture":"#0"},"west":{"uv":[0,0,2,2],"texture":"#0"},"up":{"uv":[0,0,2,2],"texture":"#0"},"down":{"uv":[0,0,2,2],"texture":"#0"}}},{"from":[6,7.9,1],"to":[10,10.7,5.4],"rotation":{"angle":22.5,"axis":"x","origin":[8,7,6.6]},"faces":{"north":{"uv":[0,0,2,2],"texture":"#0"},"east":{"uv":[0,0,2,2],"texture":"#0"},"south":{"uv":[0,0,2,2],"texture":"#0"},"west":{"uv":[0,0,2,2],"texture":"#0"},"up":{"uv":[0,0,2,2],"texture":"#0"},"down":{"uv":[0,0,2,2],"texture":"#0"}}},{"from":[5.05,5.16,5.6],"to":[10.96,9.66,13.6],"faces":{"north":{"uv":[0,0,2,2],"texture":"#0"},"east":{"uv":[0,0,2,2],"texture":"#0"},"south":{"uv":[0,0,2,2],"texture":"#0"},"west":{"uv":[0,0,2,2],"texture":"#0"},"up":{"uv":[0,0,2,2],"texture":"#0"},"down":{"uv":[0,0,2,2],"texture":"#0"}}},{"from":[8.41,3.13,5.6],"to":[10.11,4.53,11.3],"rotation":{"angle":45,"axis":"z","origin":[8.01,5.83,8.5]},"faces":{"north":{"uv":[0,0,2,2],"texture":"#0"},"east":{"uv":[0,0,2,2],"texture":"#0"},"south":{"uv":[0,0,2,2],"texture":"#0"},"west":{"uv":[0,0,2,2],"texture":"#0"},"up":{"uv":[0,0,2,2],"texture":"#0"},"down":{"uv":[11,0,13,8],"texture":"#1"}}},{"from":[6.62,4.89,5.6],"to":[8.32,8.29,11.3],"rotation":{"angle":-45,"axis":"z","origin":[6.22,7.59,8.5]},"faces":{"north":{"uv":[0,0,2,2],"texture":"#0"},"east":{"uv":[0,0,2,2],"texture":"#0"},"south":{"uv":[0,0,2,2],"texture":"#0"},"west":{"uv":[0,0,2,2],"texture":"#0"},"up":{"uv":[0,0,2,2],"texture":"#0"},"down":{"uv":[1,0,3,8],"texture":"#1"}}},{"from":[9.71,6.5,3.6],"to":[13.86,9.6,8],"rotation":{"angle":-45,"axis":"y","origin":[11.46,6.9,5.1]},"faces":{"north":{"uv":[0,0,2,2],"texture":"#0"},"east":{"uv":[0,0,2,2],"texture":"#0"},"south":{"uv":[0,0,2,2],"texture":"#0"},"west":{"uv":[0,0,2,2],"texture":"#0"},"up":{"uv":[0,0,2,2],"texture":"#0"},"down":{"uv":[0,0,2,2],"texture":"#0"}}},{"from":[2.38,6.5,4],"to":[6.48,9.6,8.4],"rotation":{"angle":45,"axis":"y","origin":[4.06,6.9,5.5]},"faces":{"north":{"uv":[0,0,2,2],"texture":"#0"},"east":{"uv":[0,0,2,2],"texture":"#0"},"south":{"uv":[0,0,2,2],"texture":"#0"},"west":{"uv":[0,0,2,2],"texture":"#0"},"up":{"uv":[0,0,2,2],"texture":"#0"},"down":{"uv":[0,0,2,2],"texture":"#0"}}},{"from":[5.8,4.2,5.6],"to":[10.2,9.6,11.3],"faces":{"north":{"uv":[0,0,2,2],"texture":"#0"},"east":{"uv":[0,0,2,2],"texture":"#0"},"south":{"uv":[0,0,2,2],"texture":"#0"},"west":{"uv":[0,0,2,2],"texture":"#0"},"up":{"uv":[0,0,2,2],"texture":"#0"},"down":{"uv":[3,0,11,8],"texture":"#1"}}},{"from":[-2.7,11,10.3],"to":[1.8,11.02,13.7],"faces":{"up":{"uv":[11,7,0,16],"texture":"#0"}}},{"from":[-1.39,8,11.34],"to":[3.21,11,14.34],"rotation":{"angle":-22.5,"axis":"y","origin":[2.11,10,4.34]},"faces":{"north":{"uv":[0,0,2,2],"texture":"#0"},"east":{"uv":[0,0,2,2],"texture":"#0"},"south":{"uv":[0,0,2,2],"texture":"#0"},"west":{"uv":[0,0,2,2],"texture":"#0"},"up":{"uv":[0,0,2,2],"texture":"#0"},"down":{"uv":[0,0,2,2],"texture":"#0"}}},{"from":[-9.25,8,11.3],"to":[-5.05,11,14.3],"rotation":{"angle":22.5,"axis":"y","origin":[-5.35,10,4.3]},"faces":{"north":{"uv":[0,0,2,2],"texture":"#0"},"east":{"uv":[0,0,2,2],"texture":"#0"},"south":{"uv":[0,0,2,2],"texture":"#0"},"west":{"uv":[0,0,2,2],"texture":"#0"},"up":{"uv":[0,0,2,2],"texture":"#0"},"down":{"uv":[0,0,2,2],"texture":"#0"}}},{"from":[-3.6,8,13.89],"to":[-1.6,11,16.49],"rotation":{"angle":-22.5,"axis":"y","origin":[0.3,10,6.89]},"faces":{"north":{"uv":[0,0,2,2],"texture":"#0"},"east":{"uv":[0,0,2,2],"texture":"#0"},"south":{"uv":[0,0,2,2],"texture":"#0"},"west":{"uv":[0,0,2,2],"texture":"#0"},"up":{"uv":[0,0,2,2],"texture":"#0"},"down":{"uv":[0,0,2,2],"texture":"#0"}}},{"from":[-6.98,8,12.465],"to":[-5.18,11,14.265],"faces":{"north":{"uv":[0,0,2,2],"texture":"#0"},"east":{"uv":[0,0,2,2],"texture":"#0"},"south":{"uv":[0,0,2,2],"texture":"#0"},"west":{"uv":[0,0,2,2],"texture":"#0"},"up":{"uv":[0,0,2,2],"texture":"#0"},"down":{"uv":[0,0,2,2],"texture":"#0"}}},{"from":[-3.8,8,9.195],"to":[0.3,11,13.895],"rotation":{"angle":-22.5,"axis":"y","origin":[-1.8,10,5.185]},"faces":{"north":{"uv":[0,0,2,2],"texture":"#0"},"east":{"uv":[0,0,2,2],"texture":"#0"},"south":{"uv":[0,0,2,2],"texture":"#0"},"west":{"uv":[0,0,2,2],"texture":"#0"},"up":{"uv":[0,0,2,2],"texture":"#0"},"down":{"uv":[0,0,2,2],"texture":"#0"}}},{"from":[14.2,11,10.3],"to":[18.7,11.02,13.7],"faces":{"up":{"uv":[0,7,11,16],"texture":"#0"}}},{"from":[12.84,8,11.34],"to":[17.44,11,14.34],"rotation":{"angle":22.5,"axis":"y","origin":[13.94,10,4.34]},"faces":{"north":{"uv":[0,0,2,2],"texture":"#0"},"east":{"uv":[0,0,2,2],"texture":"#0"},"south":{"uv":[0,0,2,2],"texture":"#0"},"west":{"uv":[0,0,2,2],"texture":"#0"},"up":{"uv":[0,0,2,2],"texture":"#0"},"down":{"uv":[0,0,2,2],"texture":"#0"}}},{"from":[21.05,8,11.3],"to":[25.25,11,14.3],"rotation":{"angle":-22.5,"axis":"y","origin":[21.35,10,4.3]},"faces":{"north":{"uv":[0,0,2,2],"texture":"#0"},"east":{"uv":[0,0,2,2],"texture":"#0"},"south":{"uv":[0,0,2,2],"texture":"#0"},"west":{"uv":[0,0,2,2],"texture":"#0"},"up":{"uv":[0,0,2,2],"texture":"#0"},"down":{"uv":[0,0,2,2],"texture":"#0"}}},{"from":[17.6,8,13.89],"to":[19.6,11,16.49],"rotation":{"angle":22.5,"axis":"y","origin":[15.7,10,6.89]},"faces":{"north":{"uv":[0,0,2,2],"texture":"#0"},"east":{"uv":[0,0,2,2],"texture":"#0"},"south":{"uv":[0,0,2,2],"texture":"#0"},"west":{"uv":[0,0,2,2],"texture":"#0"},"up":{"uv":[0,0,2,2],"texture":"#0"},"down":{"uv":[0,0,2,2],"texture":"#0"}}},{"from":[21.18,8,12.465],"to":[22.98,11,14.265],"faces":{"north":{"uv":[0,0,2,2],"texture":"#0"},"east":{"uv":[0,0,2,2],"texture":"#0"},"south":{"uv":[0,0,2,2],"texture":"#0"},"west":{"uv":[0,0,2,2],"texture":"#0"},"up":{"uv":[0,0,2,2],"texture":"#0"},"down":{"uv":[0,0,2,2],"texture":"#0"}}},{"from":[15.7,8,9.19],"to":[19.8,11,13.89],"rotation":{"angle":22.5,"axis":"y","origin":[17.8,10,5.19]},"faces":{"north":{"uv":[0,0,2,2],"texture":"#0"},"east":{"uv":[0,0,2,2],"texture":"#0"},"south":{"uv":[0,0,2,2],"texture":"#0"},"west":{"uv":[0,0,2,2],"texture":"#0"},"up":{"uv":[0,0,2,2],"texture":"#0"},"down":{"uv":[0,0,2,2],"texture":"#0"}}},{"from":[10.515,9.1,-0.271],"to":[12.015,11,3.029],"rotation":{"angle":22.5,"axis":"y","origin":[11.765,9.95,3.129]},"faces":{"north":{"uv":[0,0,2,2],"texture":"#0"},"east":{"uv":[0,0,2,2],"texture":"#0"},"south":{"uv":[0,0,2,2],"texture":"#0"},"west":{"uv":[0,0,2,2],"texture":"#0"},"up":{"uv":[0,0,2,2],"texture":"#0"},"down":{"uv":[0,0,2,2],"texture":"#0"}}},{"from":[6.23,9.1,-1.914],"to":[8.63,11,4.886],"rotation":{"angle":-45,"axis":"y","origin":[7.48,9.95,1.486]},"faces":{"north":{"uv":[0,0,2,2],"texture":"#0"},"east":{"uv":[0,0,2,2],"texture":"#0"},"south":{"uv":[0,0,2,2],"texture":"#0"},"west":{"uv":[0,0,2,2],"texture":"#0"},"up":{"uv":[0,0,2,2],"texture":"#0"},"down":{"uv":[0,0,2,2],"texture":"#0"}}},{"from":[3.98,9.1,-0.265],"to":[5.48,11,3.035],"rotation":{"angle":-22.5,"axis":"y","origin":[4.23,9.95,3.135]},"faces":{"north":{"uv":[0,0,2,2],"texture":"#0"},"east":{"uv":[0,0,2,2],"texture":"#0"},"south":{"uv":[0,0,2,2],"texture":"#0"},"west":{"uv":[0,0,2,2],"texture":"#0"},"up":{"uv":[0,0,2,2],"texture":"#0"},"down":{"uv":[0,0,2,2],"texture":"#0"}}},{"from":[7.37,9.1,-1.912],"to":[9.77,11,4.888],"rotation":{"angle":45,"axis":"y","origin":[8.52,9.95,1.488]},"faces":{"north":{"uv":[0,0,2,2],"texture":"#0"},"east":{"uv":[0,0,2,2],"texture":"#0"},"south":{"uv":[0,0,2,2],"texture":"#0"},"west":{"uv":[0,0,2,2],"texture":"#0"},"up":{"uv":[0,0,2,2],"texture":"#0"},"down":{"uv":[0,0,2,2],"texture":"#0"}}},{"from":[9.91,12.29,0.55],"to":[11.18,13.01,2.25],"faces":{"north":{"uv":[0,0,2,2],"texture":"#0"},"east":{"uv":[0,0,2,2],"texture":"#0"},"south":{"uv":[0,0,2,2],"texture":"#0"},"west":{"uv":[0,0,2,2],"texture":"#0"},"up":{"uv":[0,0,2,2],"texture":"#0"},"down":{"uv":[0,0,2,2],"texture":"#0"}}},{"from":[9.6,9.9,0.55],"to":[11,12.4,2.25],"rotation":{"angle":-22.5,"axis":"z","origin":[10.8,11.9,0.35]},"faces":{"north":{"uv":[0,0,2,2],"texture":"#0"},"east":{"uv":[0,0,2,2],"texture":"#0"},"south":{"uv":[0,0,2,2],"texture":"#0"},"west":{"uv":[0,0,2,2],"texture":"#0"},"up":{"uv":[0,0,2,2],"texture":"#0"},"down":{"uv":[0,0,2,2],"texture":"#0"}}},{"from":[9.7,9.7,0.55],"to":[10.9,12.1,2.85],"rotation":{"angle":-45,"axis":"z","origin":[10.9,12.3,0.35]},"faces":{"north":{"uv":[0,0,2,2],"texture":"#0"},"east":{"uv":[0,0,2,2],"texture":"#0"},"south":{"uv":[0,0,2,2],"texture":"#0"},"west":{"uv":[0,0,2,2],"texture":"#0"},"up":{"uv":[0,0,2,2],"texture":"#0"},"down":{"uv":[0,0,2,2],"texture":"#0"}}},{"from":[9.91,13.88,0.61],"to":[11.18,14.33,5.76],"rotation":{"angle":-22.5,"axis":"x","origin":[11.28,13.53,3.91]},"faces":{"north":{"uv":[0,0,2,2],"texture":"#0"},"east":{"uv":[0,0,2,2],"texture":"#0"},"south":{"uv":[0,0,2,2],"texture":"#0"},"west":{"uv":[0,0,2,2],"texture":"#0"},"up":{"uv":[0,0,2,2],"texture":"#0"},"down":{"uv":[0,0,2,2],"texture":"#0"}}},{"from":[9.9,13.78,2.81],"to":[11.19,14.34,4.92],"rotation":{"angle":-22.5,"axis":"x","origin":[11.28,13.53,3.91]},"faces":{"east":{"uv":[15,2,13.75,3.25],"texture":"#1","rotation":90},"west":{"uv":[16,2,14.75,3.25],"texture":"#1","rotation":270},"up":{"uv":[8,0,6,2],"texture":"#0"}}},{"from":[9.9,13.88,4.91],"to":[11.19,14.34,5.77],"rotation":{"angle":-22.5,"axis":"x","origin":[11.28,13.53,3.91]},"faces":{"north":{"uv":[8,0,6,2],"texture":"#0"},"east":{"uv":[8,0,6,2],"texture":"#0"},"south":{"uv":[8,0,6,2],"texture":"#0"},"west":{"uv":[8,0,6,2],"texture":"#0"},"up":{"uv":[8,0,6,2],"texture":"#0"},"down":{"uv":[8,0,6,2],"texture":"#0"}}},{"from":[9.9,13.88,1.11],"to":[11.19,14.34,2.81],"rotation":{"angle":-22.5,"axis":"x","origin":[11.28,13.53,3.91]},"faces":{"up":{"uv":[16,2,13.75,3.25],"texture":"#1"}}},{"from":[9.9,13.68,4.91],"to":[11.19,13.89,5.28],"rotation":{"angle":-22.5,"axis":"x","origin":[11.28,13.53,3.91]},"faces":{"north":{"uv":[8,0,6,2],"texture":"#0"},"east":{"uv":[8,0,6,2],"texture":"#0"},"south":{"uv":[8,0,6,2],"texture":"#0"},"west":{"uv":[8,0,6,2],"texture":"#0"},"up":{"uv":[8,0,6,2],"texture":"#0"},"down":{"uv":[8,0,6,2],"texture":"#0"}}},{"from":[9.9,13.03,5.43],"to":[11.19,13.48,5.955],"rotation":{"angle":-45,"axis":"x","origin":[11.29,13.24,3.88]},"faces":{"north":{"uv":[8,0,6,2],"texture":"#0"},"east":{"uv":[8,0,6,2],"texture":"#0"},"south":{"uv":[8,0,6,2],"texture":"#0"},"west":{"uv":[8,0,6,2],"texture":"#0"},"up":{"uv":[8,0,6,2],"texture":"#0"},"down":{"uv":[8,0,6,2],"texture":"#0"}}},{"from":[9.91,13.04,1.38],"to":[10.78,13.49,5.95],"rotation":{"angle":-45,"axis":"x","origin":[11.28,13.24,3.88]},"faces":{"north":{"uv":[0,0,2,2],"texture":"#0"},"east":{"uv":[0,0,2,2],"texture":"#0"},"south":{"uv":[0,0,2,2],"texture":"#0"},"west":{"uv":[0,0,2,2],"texture":"#0"},"up":{"uv":[0,0,2,2],"texture":"#0"},"down":{"uv":[0,0,2,2],"texture":"#0"}}},{"from":[10.78,13.04,3.68],"to":[11.18,13.49,5.95],"rotation":{"angle":-45,"axis":"x","origin":[11.28,13.24,3.88]},"faces":{"north":{"uv":[0,0,2,2],"texture":"#0"},"east":{"uv":[0,0,2,2],"texture":"#0"},"south":{"uv":[0,0,2,2],"texture":"#0"},"west":{"uv":[0,0,2,2],"texture":"#0"},"up":{"uv":[0,0,2,2],"texture":"#0"},"down":{"uv":[0,0,2,2],"texture":"#0"}}},{"from":[9.91,13.02,1.91],"to":[11.18,13.92,3.68],"rotation":{"angle":-22.5,"axis":"x","origin":[11.28,13.52,3.91]},"faces":{"north":{"uv":[0,0,2,2],"texture":"#0"},"east":{"uv":[0,0,2,2],"texture":"#0"},"south":{"uv":[0,0,2,2],"texture":"#0"},"west":{"uv":[0,0,2,2],"texture":"#0"},"up":{"uv":[0,0,2,2],"texture":"#0"},"down":{"uv":[0,0,2,2],"texture":"#0"}}},{"from":[9.91,13.2,1.45],"to":[10.78,13.9,5.05],"rotation":{"angle":-45,"axis":"x","origin":[11.28,13.2,3.95]},"faces":{"north":{"uv":[0,0,2,2],"texture":"#0"},"east":{"uv":[0,0,2,2],"texture":"#0"},"south":{"uv":[0,0,2,2],"texture":"#0"},"west":{"uv":[0,0,2,2],"texture":"#0"},"up":{"uv":[0,0,2,2],"texture":"#0"},"down":{"uv":[0,0,2,2],"texture":"#0"}}},{"from":[10.78,13.2,3.85],"to":[11.18,13.9,5.05],"rotation":{"angle":-45,"axis":"x","origin":[11.28,13.2,3.95]},"faces":{"north":{"uv":[0,0,2,2],"texture":"#0"},"east":{"uv":[0,0,2,2],"texture":"#0"},"south":{"uv":[0,0,2,2],"texture":"#0"},"west":{"uv":[0,0,2,2],"texture":"#0"},"up":{"uv":[0,0,2,2],"texture":"#0"},"down":{"uv":[0,0,2,2],"texture":"#0"}}},{"from":[4.82,12.29,0.55],"to":[6.09,13.01,2.25],"faces":{"north":{"uv":[0,0,2,2],"texture":"#0"},"east":{"uv":[0,0,2,2],"texture":"#0"},"south":{"uv":[0,0,2,2],"texture":"#0"},"west":{"uv":[0,0,2,2],"texture":"#0"},"up":{"uv":[0,0,2,2],"texture":"#0"},"down":{"uv":[0,0,2,2],"texture":"#0"}}},{"from":[5,9.9,0.55],"to":[6.4,12.4,2.25],"rotation":{"angle":22.5,"axis":"z","origin":[5.2,11.9,0.35]},"faces":{"north":{"uv":[0,0,2,2],"texture":"#0"},"east":{"uv":[0,0,2,2],"texture":"#0"},"south":{"uv":[0,0,2,2],"texture":"#0"},"west":{"uv":[0,0,2,2],"texture":"#0"},"up":{"uv":[0,0,2,2],"texture":"#0"},"down":{"uv":[0,0,2,2],"texture":"#0"}}},{"from":[5.1,9.7,0.55],"to":[6.3,12.1,2.85],"rotation":{"angle":45,"axis":"z","origin":[5.1,12.3,0.35]},"faces":{"north":{"uv":[0,0,2,2],"texture":"#0"},"east":{"uv":[0,0,2,2],"texture":"#0"},"south":{"uv":[0,0,2,2],"texture":"#0"},"west":{"uv":[0,0,2,2],"texture":"#0"},"up":{"uv":[0,0,2,2],"texture":"#0"},"down":{"uv":[0,0,2,2],"texture":"#0"}}},{"from":[4.82,13.88,0.61],"to":[6.09,14.33,5.76],"rotation":{"angle":-22.5,"axis":"x","origin":[4.72,13.53,3.91]},"faces":{"north":{"uv":[0,0,2,2],"texture":"#0"},"east":{"uv":[0,0,2,2],"texture":"#0"},"south":{"uv":[0,0,2,2],"texture":"#0"},"west":{"uv":[0,0,2,2],"texture":"#0"},"up":{"uv":[0,0,2,2],"texture":"#0"},"down":{"uv":[0,0,2,2],"texture":"#0"}}},{"from":[4.81,13.78,2.81],"to":[6.1,14.34,4.92],"rotation":{"angle":-22.5,"axis":"x","origin":[4.72,13.53,3.91]},"faces":{"east":{"uv":[14.75,0,16,1.25],"texture":"#1","rotation":90},"west":{"uv":[13.75,0,15,1.25],"texture":"#1","rotation":270},"up":{"uv":[3,0,5,2],"texture":"#0"}}},{"from":[4.81,13.88,4.91],"to":[6.1,14.34,5.77],"rotation":{"angle":-22.5,"axis":"x","origin":[4.72,13.53,3.91]},"faces":{"north":{"uv":[3,0,5,2],"texture":"#0"},"east":{"uv":[3,0,5,2],"texture":"#0"},"south":{"uv":[3,0,5,2],"texture":"#0"},"west":{"uv":[3,0,5,2],"texture":"#0"},"up":{"uv":[3,0,5,2],"texture":"#0"},"down":{"uv":[3,0,5,2],"texture":"#0"}}},{"from":[4.81,13.88,1.11],"to":[6.1,14.34,2.81],"rotation":{"angle":-22.5,"axis":"x","origin":[4.72,13.53,3.91]},"faces":{"up":{"uv":[13.75,0,16,1.25],"texture":"#1"}}},{"from":[4.81,13.68,4.91],"to":[6.1,13.89,5.28],"rotation":{"angle":-22.5,"axis":"x","origin":[4.72,13.53,3.91]},"faces":{"north":{"uv":[3,0,5,2],"texture":"#0"},"east":{"uv":[3,0,5,2],"texture":"#0"},"south":{"uv":[3,0,5,2],"texture":"#0"},"west":{"uv":[3,0,5,2],"texture":"#0"},"up":{"uv":[3,0,5,2],"texture":"#0"},"down":{"uv":[3,0,5,2],"texture":"#0"}}},{"from":[4.81,13.03,5.43],"to":[6.1,13.48,5.955],"rotation":{"angle":-45,"axis":"x","origin":[4.71,13.24,3.88]},"faces":{"north":{"uv":[3,0,5,2],"texture":"#0"},"east":{"uv":[3,0,5,2],"texture":"#0"},"south":{"uv":[3,0,5,2],"texture":"#0"},"west":{"uv":[3,0,5,2],"texture":"#0"},"up":{"uv":[3,0,5,2],"texture":"#0"},"down":{"uv":[3,0,5,2],"texture":"#0"}}},{"from":[5.22,13.04,1.38],"to":[6.09,13.49,5.95],"rotation":{"angle":-45,"axis":"x","origin":[4.72,13.24,3.88]},"faces":{"north":{"uv":[0,0,2,2],"texture":"#0"},"east":{"uv":[0,0,2,2],"texture":"#0"},"south":{"uv":[0,0,2,2],"texture":"#0"},"west":{"uv":[0,0,2,2],"texture":"#0"},"up":{"uv":[0,0,2,2],"texture":"#0"},"down":{"uv":[0,0,2,2],"texture":"#0"}}},{"from":[4.82,13.04,3.68],"to":[5.22,13.49,5.95],"rotation":{"angle":-45,"axis":"x","origin":[4.72,13.24,3.88]},"faces":{"north":{"uv":[0,0,2,2],"texture":"#0"},"east":{"uv":[0,0,2,2],"texture":"#0"},"south":{"uv":[0,0,2,2],"texture":"#0"},"west":{"uv":[0,0,2,2],"texture":"#0"},"up":{"uv":[0,0,2,2],"texture":"#0"},"down":{"uv":[0,0,2,2],"texture":"#0"}}},{"from":[4.82,13.02,1.91],"to":[6.09,13.92,3.68],"rotation":{"angle":-22.5,"axis":"x","origin":[4.72,13.52,3.91]},"faces":{"north":{"uv":[0,0,2,2],"texture":"#0"},"east":{"uv":[0,0,2,2],"texture":"#0"},"south":{"uv":[0,0,2,2],"texture":"#0"},"west":{"uv":[0,0,2,2],"texture":"#0"},"up":{"uv":[0,0,2,2],"texture":"#0"},"down":{"uv":[0,0,2,2],"texture":"#0"}}},{"from":[5.22,13.2,1.45],"to":[6.09,13.9,5.05],"rotation":{"angle":-45,"axis":"x","origin":[4.72,13.2,3.95]},"faces":{"north":{"uv":[0,0,2,2],"texture":"#0"},"east":{"uv":[0,0,2,2],"texture":"#0"},"south":{"uv":[0,0,2,2],"texture":"#0"},"west":{"uv":[0,0,2,2],"texture":"#0"},"up":{"uv":[0,0,2,2],"texture":"#0"},"down":{"uv":[0,0,2,2],"texture":"#0"}}},{"from":[4.82,13.2,3.85],"to":[5.22,13.9,5.05],"rotation":{"angle":-45,"axis":"x","origin":[4.72,13.2,3.95]},"faces":{"north":{"uv":[0,0,2,2],"texture":"#0"},"east":{"uv":[0,0,2,2],"texture":"#0"},"south":{"uv":[0,0,2,2],"texture":"#0"},"west":{"uv":[0,0,2,2],"texture":"#0"},"up":{"uv":[0,0,2,2],"texture":"#0"},"down":{"uv":[0,0,2,2],"texture":"#0"}}}],"display":{"thirdperson_righthand":{"scale":[0,0,0]},"thirdperson_lefthand":{"scale":[0,0,0]},"firstperson_righthand":{"scale":[0,0,0]},"firstperson_lefthand":{"scale":[0,0,0]},"head":{"scale":[2.5,2.5,2.4],"translation":[0,-7.5,-1.5]},"gui":{"scale":[0.65,0.65,0.65],"rotation":[30,130,0],"translation":[-1.75,-1,0]}}}