{"credit":"Designed by Madstonmagic with BDcraft Cubik PRO 0.96 Beta / Edit by Icelio","textures":{"texture":"pokemon_skins/regular/gliscor/gliscor","wing":"pokemon_skins/regular/gliscor/wing","tooth":"pokemon_skins/regular/gliscor/tooth","neck":"pokemon_skins/regular/gliscor/neck","red_triangle":"pokemon_skins/regular/gliscor/red_triangle","claw":"pokemon_skins/regular/gliscor/claw","ear":"pokemon_skins/regular/gliscor/ear","mouth":"pokemon_skins/regular/gliscor/mouth","particle":"pokemon_skins/regular/gliscor/eye"},"elements":[{"from":[10.5,10.5,5],"to":[11.05,12,11],"faces":{"north":{"uv":[1.5,1.5,5,5],"texture":"#texture"},"east":{"uv":[1.5,1.5,5,5],"texture":"#texture"},"south":{"uv":[1.5,1.5,5,5],"texture":"#texture"},"west":{"uv":[1.5,1.5,5,5],"texture":"#texture"},"up":{"uv":[1.5,1.5,5,5],"texture":"#texture"},"down":{"uv":[1.5,1.5,5,5],"texture":"#texture"}}},{"from":[9,10.5,5],"to":[9.5,12,11],"faces":{"north":{"uv":[1.5,1.5,5,5],"texture":"#texture"},"east":{"uv":[1.5,1.5,5,5],"texture":"#texture"},"south":{"uv":[1.5,1.5,5,5],"texture":"#texture"},"west":{"uv":[1.5,1.5,5,5],"texture":"#texture"},"up":{"uv":[1.5,1.5,5,5],"texture":"#texture"},"down":{"uv":[1.5,1.5,5,5],"texture":"#texture"}}},{"from":[9,8.6,6.9],"to":[9.5,11,9.1],"faces":{"north":{"uv":[1.5,1.5,5,5],"texture":"#texture"},"south":{"uv":[1.5,1.5,5,5],"texture":"#texture"},"west":{"uv":[1.5,1.5,5,5],"texture":"#texture"},"down":{"uv":[1.5,1.5,5,5],"texture":"#texture"}}},{"from":[9,7.8,5],"to":[9.5,10.5,7],"rotation":{"angle":-45,"axis":"x","origin":[9,10.5,5]},"faces":{"north":{"uv":[1,1,3,3],"texture":"#texture"},"east":{"uv":[1,1,3,3],"texture":"#texture"},"south":{"uv":[1,1,3,3],"texture":"#texture"},"west":{"uv":[1,1,3,3],"texture":"#texture"},"up":{"uv":[1,1,3,3],"texture":"#texture"},"down":{"uv":[1,1,3,3],"texture":"#texture"}}},{"from":[9,9.2175,9.5825],"to":[9.5,11.9175,11.5825],"rotation":{"angle":45,"axis":"x","origin":[9,11.9175,9.5825]},"faces":{"north":{"uv":[1,1,3,3],"texture":"#texture"},"east":{"uv":[1,1,3,3],"texture":"#texture"},"south":{"uv":[1,1,3,3],"texture":"#texture"},"west":{"uv":[1,1,3,3],"texture":"#texture"},"up":{"uv":[1,1,3,3],"texture":"#texture"},"down":{"uv":[1,1,3,3],"texture":"#texture"}}},{"from":[9.5,12,5],"to":[10.5,12.5,11],"faces":{"north":{"uv":[1.5,1.5,5,5],"texture":"#texture"},"south":{"uv":[1.5,1.5,5,5],"texture":"#texture"},"west":{"uv":[1.5,1.5,5,5],"texture":"#texture"},"up":{"uv":[1.5,1.5,5,5],"texture":"#texture"}}},{"from":[9,11.295,5],"to":[9.705,12,11],"rotation":{"angle":45,"axis":"z","origin":[9,12,5]},"faces":{"north":{"uv":[1.5,1.5,5,5],"texture":"#texture"},"east":{"uv":[1.5,1.5,5,5],"texture":"#texture"},"south":{"uv":[1.5,1.5,5,5],"texture":"#texture"},"up":{"uv":[1.5,1.5,5,5],"texture":"#texture"}}},{"from":[10.5,11.795,5],"to":[11.205,12.5,11],"rotation":{"angle":-45,"axis":"z","origin":[10.5,12.5,5]},"faces":{"north":{"uv":[1.5,1.5,5,5],"texture":"#texture"},"east":{"uv":[1.5,1.5,5,5],"texture":"#texture"},"south":{"uv":[1.5,1.5,5,5],"texture":"#texture"},"up":{"uv":[1.5,1.5,5,5],"texture":"#texture"}}},{"from":[11,9,7.5],"to":[11.75,12,8.5],"faces":{"east":{"uv":[1.5,1.5,5,5],"texture":"#texture"},"up":{"uv":[1.5,1.5,5,5],"texture":"#texture"}}},{"from":[10.75,9,6.5],"to":[12.165,12,7.915],"rotation":{"angle":-45,"axis":"y","origin":[10.75,9,6.5]},"faces":{"north":{"uv":[1.5,1.5,5,5],"texture":"#texture"},"east":{"uv":[1.5,1.5,5,5],"texture":"#texture"},"west":{"uv":[1.5,1.5,5,5],"texture":"#texture"},"up":{"uv":[1.5,1.5,5,5],"texture":"#texture"},"down":{"uv":[1.5,1.5,5,5],"texture":"#texture"}}},{"from":[11.45,7.6,7.5],"to":[11.75,9.5,8.5],"rotation":{"angle":22.5,"axis":"z","origin":[11.75,9,8]},"faces":{"north":{"uv":[1,1,3,3],"texture":"#texture"},"east":{"uv":[1,1,3,3],"texture":"#texture"},"south":{"uv":[1,1,3,3],"texture":"#texture"},"west":{"uv":[1,1,3,3],"texture":"#texture"},"up":{"uv":[1,1,3,3],"texture":"#texture"},"down":{"uv":[1,1,3,3],"texture":"#texture"}}},{"from":[10.5,11.18,7.5],"to":[11.82,12.5,8.5],"rotation":{"angle":-22.5,"axis":"z","origin":[10.5,12.5,7.5]},"faces":{"north":{"uv":[1.5,1.5,5,5],"texture":"#texture"},"south":{"uv":[1.5,1.5,5,5],"texture":"#texture"},"up":{"uv":[1.5,1.5,5,5],"texture":"#texture"}}},{"from":[10.05,9,8.5],"to":[11.165,12,9.915],"rotation":{"angle":45,"axis":"y","origin":[9.75,9,8.5]},"faces":{"east":{"uv":[1.5,1.5,5,5],"texture":"#texture"},"south":{"uv":[1.5,1.5,5,5],"texture":"#texture"},"west":{"uv":[1.5,1.5,5,5],"texture":"#texture"},"up":{"uv":[1.5,1.5,5,5],"texture":"#texture"},"down":{"uv":[1.5,1.5,5,5],"texture":"#texture"}}},{"from":[9.1,8.9,5.75],"to":[9.45,9.8,6.8],"faces":{"north":{"uv":[1,1,3,3],"texture":"#texture"},"east":{"uv":[1,1,3,3],"texture":"#texture"},"south":{"uv":[1,1,3,3],"texture":"#texture"},"west":{"uv":[1,1,3,3],"texture":"#texture"},"up":{"uv":[1,1,3,3],"texture":"#texture"},"down":{"uv":[1,1,3,3],"texture":"#texture"}}},{"from":[9.1,8.9,9.2],"to":[9.45,9.8,10.25],"faces":{"north":{"uv":[1,1,3,3],"texture":"#texture"},"east":{"uv":[1,1,3,3],"texture":"#texture"},"south":{"uv":[1,1,3,3],"texture":"#texture"},"west":{"uv":[1,1,3,3],"texture":"#texture"},"up":{"uv":[1,1,3,3],"texture":"#texture"},"down":{"uv":[1,1,3,3],"texture":"#texture"}}},{"from":[9.25,7.2,7.25],"to":[10.5,8.55,8.75],"faces":{"north":{"uv":[0.75,0.75,9.75,14.75],"texture":"#neck"},"east":{"uv":[0.75,0.75,9.75,14.75],"texture":"#neck"},"south":{"uv":[0.75,0.75,9.75,14.75],"texture":"#neck"},"west":{"uv":[0.75,0.75,9.75,14.75],"texture":"#neck"},"down":{"uv":[11.5,4.25,15,7.75],"texture":"#neck"}}},{"from":[9.25,5.5,6.75],"to":[10.5,6.75,9.25],"faces":{"north":{"uv":[1.5,1.5,5,5],"texture":"#texture"},"east":{"uv":[1.5,1.5,5,5],"texture":"#texture"},"south":{"uv":[1.5,1.5,5,5],"texture":"#texture"},"west":{"uv":[1.5,1.5,5,5],"texture":"#texture"},"down":{"uv":[1.5,1.5,5,5],"texture":"#texture"}}},{"from":[8.75,5.5,7.25],"to":[11,6.75,8.75],"faces":{"north":{"uv":[1.5,1.5,5,5],"texture":"#texture"},"east":{"uv":[1.5,1.5,5,5],"texture":"#texture"},"south":{"uv":[1.5,1.5,5,5],"texture":"#texture"},"west":{"uv":[1.5,1.5,5,5],"texture":"#texture"},"up":{"uv":[1.5,1.5,5,5],"texture":"#texture"},"down":{"uv":[1.5,1.5,5,5],"texture":"#texture"}}},{"from":[9.25,5,7.25],"to":[10.5,5.5,8.75],"faces":{"north":{"uv":[1.5,1.5,5,5],"texture":"#texture"},"east":{"uv":[1.5,1.5,5,5],"texture":"#texture"},"south":{"uv":[1.5,1.5,5,5],"texture":"#texture"},"west":{"uv":[1.5,1.5,5,5],"texture":"#texture"},"down":{"uv":[1.5,1.5,5,5],"texture":"#texture"}}},{"from":[9.25,4.795,6.75],"to":[10.5,5.5,7.455],"rotation":{"angle":-45,"axis":"x","origin":[9.25,5.5,6.75]},"faces":{"north":{"uv":[1.5,1.5,5,5],"texture":"#texture"},"east":{"uv":[1.5,1.5,5,5],"texture":"#texture"},"west":{"uv":[1.5,1.5,5,5],"texture":"#texture"},"down":{"uv":[1.5,1.5,5,5],"texture":"#texture"}}},{"from":[9.25,5.295,8.75],"to":[10.5,6,9.455],"rotation":{"angle":45,"axis":"x","origin":[9.25,6,8.75]},"faces":{"east":{"uv":[1.5,1.5,5,5],"texture":"#texture"},"south":{"uv":[1.5,1.5,5,5],"texture":"#texture"},"west":{"uv":[1.5,1.5,5,5],"texture":"#texture"}}},{"from":[8.75,4.795,7.25],"to":[9.455,5.5,8.75],"rotation":{"angle":45,"axis":"z","origin":[8.75,5.5,7.25]},"faces":{"north":{"uv":[1.5,1.5,5,5],"texture":"#texture"},"south":{"uv":[1.5,1.5,5,5],"texture":"#texture"},"west":{"uv":[1.5,1.5,5,5],"texture":"#texture"},"down":{"uv":[1.5,1.5,5,5],"texture":"#texture"}}},{"from":[10.5,5.295,7.25],"to":[11.205,6,8.75],"rotation":{"angle":-45,"axis":"z","origin":[10.5,6,7.25]},"faces":{"north":{"uv":[1.5,1.5,5,5],"texture":"#texture"},"east":{"uv":[1.5,1.5,5,5],"texture":"#texture"},"south":{"uv":[1.5,1.5,5,5],"texture":"#texture"}}},{"from":[8.75,5.5,7.25],"to":[9.455,6.75,7.955],"rotation":{"angle":45,"axis":"y","origin":[8.75,5.5,7.25]},"faces":{"north":{"uv":[1.5,1.5,5,5],"texture":"#texture"},"east":{"uv":[1.5,1.5,5,5],"texture":"#texture"},"up":{"uv":[1.5,1.5,5,5],"texture":"#texture"},"down":{"uv":[1.5,1.5,5,5],"texture":"#texture"}}},{"from":[10.5,5.5,6.75],"to":[11.205,6.75,7.455],"rotation":{"angle":-45,"axis":"y","origin":[10.5,5.5,6.75]},"faces":{"north":{"uv":[1.5,1.5,5,5],"texture":"#texture"},"east":{"uv":[1.5,1.5,5,5],"texture":"#texture"},"up":{"uv":[1.5,1.5,5,5],"texture":"#texture"},"down":{"uv":[1.5,1.5,5,5],"texture":"#texture"}}},{"from":[8.75,5.5,8.75],"to":[9.455,6.75,9.455],"rotation":{"angle":45,"axis":"y","origin":[8.75,5.5,8.75]},"faces":{"south":{"uv":[1.5,1.5,5,5],"texture":"#texture"},"west":{"uv":[1.5,1.5,5,5],"texture":"#texture"},"up":{"uv":[1.5,1.5,5,5],"texture":"#texture"},"down":{"uv":[1.5,1.5,5,5],"texture":"#texture"}}},{"from":[10.5,5.5,8.25],"to":[11.205,6.75,8.955],"rotation":{"angle":-45,"axis":"y","origin":[10.5,5.5,8.25]},"faces":{"east":{"uv":[1.5,1.5,5,5],"texture":"#texture"},"up":{"uv":[1.5,1.5,5,5],"texture":"#texture"},"down":{"uv":[1.5,1.5,5,5],"texture":"#texture"}}},{"from":[9.25,6.395,6.75],"to":[10.5,6.75,7.105],"rotation":{"angle":-45,"axis":"x","origin":[9.25,6.75,6.75]},"faces":{"east":{"uv":[1.5,1.5,5,5],"texture":"#texture"},"west":{"uv":[1.5,1.5,5,5],"texture":"#texture"},"up":{"uv":[1.5,1.5,5,5],"texture":"#texture"}}},{"from":[9.25,6.645,9],"to":[10.5,7,9.355],"rotation":{"angle":45,"axis":"x","origin":[9.25,7,9]},"faces":{"east":{"uv":[1.5,1.5,5,5],"texture":"#texture"},"south":{"uv":[1.5,1.5,5,5],"texture":"#texture"},"west":{"uv":[1.5,1.5,5,5],"texture":"#texture"},"up":{"uv":[1.5,1.5,5,5],"texture":"#texture"}}},{"from":[9.25,6.645,7],"to":[10.5,7,7.355],"rotation":{"angle":-45,"axis":"x","origin":[9.25,7,7]},"faces":{"east":{"uv":[8,1,11.5,4.5],"texture":"#texture"},"west":{"uv":[8,1.5,11.5,5],"texture":"#texture"},"up":{"uv":[8.25,1.25,11.75,4.75],"texture":"#texture"},"down":{"uv":[8.25,1.25,11.75,4.75],"texture":"#texture"}}},{"from":[9.25,6.895,8.75],"to":[10.5,7.25,9.105],"rotation":{"angle":45,"axis":"x","origin":[9.25,7.25,8.75]},"faces":{"north":{"uv":[8.25,1.25,11.75,4.75],"texture":"#texture"},"east":{"uv":[8,1,11.5,4.5],"texture":"#texture"},"west":{"uv":[8,1.5,11.5,5],"texture":"#texture"},"up":{"uv":[8.25,1.25,11.75,4.75],"texture":"#texture"},"down":{"uv":[8.25,1.25,11.75,4.75],"texture":"#texture"}}},{"from":[8.75,6.395,7.25],"to":[9.105,6.75,8.75],"rotation":{"angle":45,"axis":"z","origin":[8.75,6.75,7.25]},"faces":{"north":{"uv":[1.5,1.5,5,5],"texture":"#texture"},"south":{"uv":[1.5,1.5,5,5],"texture":"#texture"},"up":{"uv":[1.5,1.5,5,5],"texture":"#texture"}}},{"from":[10.75,6.645,7.25],"to":[11.105,7,8.75],"rotation":{"angle":-45,"axis":"z","origin":[10.75,7,7.25]},"faces":{"north":{"uv":[1.5,1.5,5,5],"texture":"#texture"},"east":{"uv":[1.5,1.5,5,5],"texture":"#texture"},"south":{"uv":[1.5,1.5,5,5],"texture":"#texture"},"up":{"uv":[1.5,1.5,5,5],"texture":"#texture"}}},{"from":[10.5,6.895,7.25],"to":[10.855,7.25,8.75],"rotation":{"angle":-45,"axis":"z","origin":[10.5,7.25,7.25]},"faces":{"north":{"uv":[8.25,1.25,11.75,4.75],"texture":"#texture"},"south":{"uv":[7.75,1.25,11.25,4.75],"texture":"#texture"},"west":{"uv":[9,1,12.5,4.5],"texture":"#texture"},"up":{"uv":[7.75,1,11.25,4.5],"texture":"#texture"},"down":{"uv":[7.75,1,11.25,4.5],"texture":"#texture"}}},{"from":[9,6.645,7.25],"to":[9.355,7,8.75],"rotation":{"angle":45,"axis":"z","origin":[9,7,7.25]},"faces":{"north":{"uv":[8.25,1.25,11.75,4.75],"texture":"#texture"},"south":{"uv":[7.75,1.25,11.25,4.75],"texture":"#texture"},"up":{"uv":[7.75,1,11.25,4.5],"texture":"#texture"},"down":{"uv":[7.75,1,11.25,4.5],"texture":"#texture"}}},{"from":[8.99,8.5,8.4],"to":[8.99,12,8.45],"rotation":{"angle":-22.5,"axis":"x","origin":[8.99,10.3,8.41875]},"faces":{"west":{"uv":[3,7,5,9],"texture":"#texture"}}},{"from":[8.99,8.5,7.55],"to":[8.99,12,7.6],"rotation":{"angle":22.5,"axis":"x","origin":[8.99,10.3,7.58125]},"faces":{"west":{"uv":[3,7,5,9],"texture":"#texture"}}},{"from":[8.74,6.38,7.625],"to":[9.11,6.75,8.375],"rotation":{"angle":45,"axis":"z","origin":[8.74,6.75,7.625]},"faces":{"up":{"uv":[0.5,0.5,13,9],"texture":"#red_triangle","rotation":90}}},{"from":[8.74,6.5,7.625],"to":[8.99,6.75,8.375],"faces":{"west":{"uv":[0.5,9,13,13],"texture":"#red_triangle"}}},{"from":[9.5,4.5,9.25],"to":[10.25,6.5,10.25],"faces":{"north":{"uv":[1.5,1.5,5,5],"texture":"#texture"},"east":{"uv":[1.5,1.5,5,5],"texture":"#texture"},"south":{"uv":[1.5,1.5,5,5],"texture":"#texture"},"west":{"uv":[1.5,1.5,5,5],"texture":"#texture"},"up":{"uv":[1.5,1.5,5,5],"texture":"#texture"},"down":{"uv":[1.5,1.5,5,5],"texture":"#texture"}}},{"from":[9,5,9.25],"to":[10.75,6,10.25],"faces":{"north":{"uv":[1.5,1.5,5,5],"texture":"#texture"},"east":{"uv":[1.5,1.5,5,5],"texture":"#texture"},"south":{"uv":[1.5,1.5,5,5],"texture":"#texture"},"west":{"uv":[1.5,1.5,5,5],"texture":"#texture"},"up":{"uv":[1.5,1.5,5,5],"texture":"#texture"},"down":{"uv":[1.5,1.5,5,5],"texture":"#texture"}}},{"from":[9.5,5,8.75],"to":[10.25,6,10.75],"faces":{"east":{"uv":[1.5,1.5,5,5],"texture":"#texture"},"south":{"uv":[1.5,1.5,5,5],"texture":"#texture"},"west":{"uv":[1.5,1.5,5,5],"texture":"#texture"},"up":{"uv":[1.5,1.5,5,5],"texture":"#texture"},"down":{"uv":[1.5,1.5,5,5],"texture":"#texture"}}},{"from":[9.5,5.795,10.25],"to":[10.25,6.5,10.955],"rotation":{"angle":45,"axis":"x","origin":[9.5,6.5,10.25]},"faces":{"east":{"uv":[1.5,1.5,5,5],"texture":"#texture"},"south":{"uv":[1.5,1.5,5,5],"texture":"#texture"},"west":{"uv":[1.5,1.5,5,5],"texture":"#texture"},"up":{"uv":[1.5,1.5,5,5],"texture":"#texture"}}},{"from":[9.5,4.295,9.75],"to":[10.25,5,10.455],"rotation":{"angle":-45,"axis":"x","origin":[9.5,5,9.75]},"faces":{"east":{"uv":[1.5,1.5,5,5],"texture":"#texture"},"west":{"uv":[1.5,1.5,5,5],"texture":"#texture"},"down":{"uv":[1.5,1.5,5,5],"texture":"#texture"}}},{"from":[9.5,4.295,8.75],"to":[10.25,5,9.455],"rotation":{"angle":-45,"axis":"x","origin":[9.5,5,8.75]},"faces":{"north":{"uv":[1.5,1.5,5,5],"texture":"#texture"},"east":{"uv":[1.5,1.5,5,5],"texture":"#texture"},"west":{"uv":[1.5,1.5,5,5],"texture":"#texture"},"down":{"uv":[1.5,1.5,5,5],"texture":"#texture"}}},{"from":[9,4.295,9.25],"to":[9.705,5,10.25],"rotation":{"angle":45,"axis":"z","origin":[9,5,9.25]},"faces":{"north":{"uv":[1.5,1.5,5,5],"texture":"#texture"},"south":{"uv":[1.5,1.5,5,5],"texture":"#texture"},"west":{"uv":[1.5,1.5,5,5],"texture":"#texture"},"down":{"uv":[1.5,1.5,5,5],"texture":"#texture"}}},{"from":[10.25,4.795,9.25],"to":[10.955,5.5,10.25],"rotation":{"angle":-45,"axis":"z","origin":[10.25,5.5,9.25]},"faces":{"north":{"uv":[1.5,1.5,5,5],"texture":"#texture"},"east":{"uv":[1.5,1.5,5,5],"texture":"#texture"},"south":{"uv":[1.5,1.5,5,5],"texture":"#texture"}}},{"from":[10.25,5.795,9.25],"to":[10.955,6.5,10.25],"rotation":{"angle":-45,"axis":"z","origin":[10.25,6.5,9.25]},"faces":{"north":{"uv":[1.5,1.5,5,5],"texture":"#texture"},"east":{"uv":[1.5,1.5,5,5],"texture":"#texture"},"south":{"uv":[1.5,1.5,5,5],"texture":"#texture"},"up":{"uv":[1.5,1.5,5,5],"texture":"#texture"}}},{"from":[9,5.295,9.25],"to":[9.705,6,10.25],"rotation":{"angle":45,"axis":"z","origin":[9,6,9.25]},"faces":{"north":{"uv":[1.5,1.5,5,5],"texture":"#texture"},"east":{"uv":[1.5,1.5,5,5],"texture":"#texture"},"south":{"uv":[1.5,1.5,5,5],"texture":"#texture"},"up":{"uv":[1.5,1.5,5,5],"texture":"#texture"}}},{"from":[9,5,9.25],"to":[9.705,6,9.955],"rotation":{"angle":45,"axis":"y","origin":[9,5,9.25]},"faces":{"north":{"uv":[1.5,1.5,5,5],"texture":"#texture"},"east":{"uv":[1.5,1.5,5,5],"texture":"#texture"},"up":{"uv":[1.5,1.5,5,5],"texture":"#texture"},"down":{"uv":[1.5,1.5,5,5],"texture":"#texture"}}},{"from":[10.25,5,8.75],"to":[10.955,6,9.455],"rotation":{"angle":-45,"axis":"y","origin":[10.25,5,8.75]},"faces":{"north":{"uv":[1.5,1.5,5,5],"texture":"#texture"},"east":{"uv":[1.5,1.5,5,5],"texture":"#texture"},"up":{"uv":[1.5,1.5,5,5],"texture":"#texture"},"down":{"uv":[1.5,1.5,5,5],"texture":"#texture"}}},{"from":[9,5,10.25],"to":[9.705,6,10.955],"rotation":{"angle":45,"axis":"y","origin":[9,5,10.25]},"faces":{"south":{"uv":[1.5,1.5,5,5],"texture":"#texture"},"west":{"uv":[1.5,1.5,5,5],"texture":"#texture"},"up":{"uv":[1.5,1.5,5,5],"texture":"#texture"},"down":{"uv":[1.5,1.5,5,5],"texture":"#texture"}}},{"from":[10.25,5,9.75],"to":[10.955,6,10.455],"rotation":{"angle":-45,"axis":"y","origin":[10.25,5,9.75]},"faces":{"east":{"uv":[1.5,1.5,5,5],"texture":"#texture"},"up":{"uv":[1.5,1.5,5,5],"texture":"#texture"},"down":{"uv":[1.5,1.5,5,5],"texture":"#texture"}}},{"from":[9.5,4.5,5.75],"to":[10.25,6.5,6.75],"faces":{"north":{"uv":[1.5,1.5,5,5],"texture":"#texture"},"east":{"uv":[1.5,1.5,5,5],"texture":"#texture"},"south":{"uv":[1.5,1.5,5,5],"texture":"#texture"},"west":{"uv":[1.5,1.5,5,5],"texture":"#texture"},"up":{"uv":[1.5,1.5,5,5],"texture":"#texture"},"down":{"uv":[1.5,1.5,5,5],"texture":"#texture"}}},{"from":[9,5,5.75],"to":[10.75,6,6.75],"faces":{"north":{"uv":[1.5,1.5,5,5],"texture":"#texture"},"east":{"uv":[1.5,1.5,5,5],"texture":"#texture"},"south":{"uv":[1.5,1.5,5,5],"texture":"#texture"},"west":{"uv":[1.5,1.5,5,5],"texture":"#texture"},"up":{"uv":[1.5,1.5,5,5],"texture":"#texture"},"down":{"uv":[1.5,1.5,5,5],"texture":"#texture"}}},{"from":[9.5,5,5.25],"to":[10.25,6,7.25],"faces":{"north":{"uv":[1.5,1.5,5,5],"texture":"#texture"},"east":{"uv":[1.5,1.5,5,5],"texture":"#texture"},"west":{"uv":[1.5,1.5,5,5],"texture":"#texture"},"down":{"uv":[1.5,1.5,5,5],"texture":"#texture"}}},{"from":[9.5,5.295,5.25],"to":[10.25,6,5.955],"rotation":{"angle":-45,"axis":"x","origin":[9.5,6,5.25]},"faces":{"east":{"uv":[1.5,1.5,5,5],"texture":"#texture"},"south":{"uv":[1.5,1.5,5,5],"texture":"#texture"},"west":{"uv":[1.5,1.5,5,5],"texture":"#texture"},"up":{"uv":[1.5,1.5,5,5],"texture":"#texture"}}},{"from":[9.5,4.295,6.25],"to":[10.25,5,6.955],"rotation":{"angle":-45,"axis":"x","origin":[9.5,5,6.25]},"faces":{"east":{"uv":[1.5,1.5,5,5],"texture":"#texture"},"west":{"uv":[1.5,1.5,5,5],"texture":"#texture"},"down":{"uv":[1.5,1.5,5,5],"texture":"#texture"}}},{"from":[9.5,4.295,5.25],"to":[10.25,5,5.955],"rotation":{"angle":-45,"axis":"x","origin":[9.5,5,5.25]},"faces":{"north":{"uv":[1.5,1.5,5,5],"texture":"#texture"},"east":{"uv":[1.5,1.5,5,5],"texture":"#texture"},"west":{"uv":[1.5,1.5,5,5],"texture":"#texture"},"down":{"uv":[1.5,1.5,5,5],"texture":"#texture"}}},{"from":[9,4.295,5.75],"to":[9.705,5,6.75],"rotation":{"angle":45,"axis":"z","origin":[9,5,5.75]},"faces":{"north":{"uv":[1.5,1.5,5,5],"texture":"#texture"},"south":{"uv":[1.5,1.5,5,5],"texture":"#texture"},"west":{"uv":[1.5,1.5,5,5],"texture":"#texture"},"down":{"uv":[1.5,1.5,5,5],"texture":"#texture"}}},{"from":[10.25,4.795,5.75],"to":[10.955,5.5,6.75],"rotation":{"angle":-45,"axis":"z","origin":[10.25,5.5,5.75]},"faces":{"north":{"uv":[1.5,1.5,5,5],"texture":"#texture"},"east":{"uv":[1.5,1.5,5,5],"texture":"#texture"},"south":{"uv":[1.5,1.5,5,5],"texture":"#texture"}}},{"from":[10.25,5.795,5.75],"to":[10.955,6.5,6.75],"rotation":{"angle":-45,"axis":"z","origin":[10.25,6.5,5.75]},"faces":{"north":{"uv":[1.5,1.5,5,5],"texture":"#texture"},"east":{"uv":[1.5,1.5,5,5],"texture":"#texture"},"south":{"uv":[1.5,1.5,5,5],"texture":"#texture"},"up":{"uv":[1.5,1.5,5,5],"texture":"#texture"}}},{"from":[9,5.2965,5.75],"to":[9.705,6.0015,6.75],"rotation":{"angle":45,"axis":"z","origin":[9,6.00149,5.75]},"faces":{"north":{"uv":[1.5,1.5,5,5],"texture":"#texture"},"east":{"uv":[1.5,1.5,5,5],"texture":"#texture"},"south":{"uv":[1.5,1.5,5,5],"texture":"#texture"},"west":{"uv":[1.5,1.5,5,5],"texture":"#texture"},"up":{"uv":[1.5,1.5,5,5],"texture":"#texture"}}},{"from":[9,5,5.75],"to":[9.705,6,6.455],"rotation":{"angle":45,"axis":"y","origin":[9,5,5.75]},"faces":{"north":{"uv":[1.5,1.5,5,5],"texture":"#texture"},"east":{"uv":[1.5,1.5,5,5],"texture":"#texture"},"up":{"uv":[1.5,1.5,5,5],"texture":"#texture"},"down":{"uv":[1.5,1.5,5,5],"texture":"#texture"}}},{"from":[10.25,5,5.25],"to":[10.955,6,5.955],"rotation":{"angle":-45,"axis":"y","origin":[10.25,5,5.25]},"faces":{"north":{"uv":[1.5,1.5,5,5],"texture":"#texture"},"east":{"uv":[1.5,1.5,5,5],"texture":"#texture"},"up":{"uv":[1.5,1.5,5,5],"texture":"#texture"},"down":{"uv":[1.5,1.5,5,5],"texture":"#texture"}}},{"from":[9,5,6.75],"to":[9.705,6,7.455],"rotation":{"angle":45,"axis":"y","origin":[9,5,6.75]},"faces":{"south":{"uv":[1.5,1.5,5,5],"texture":"#texture"},"west":{"uv":[1.5,1.5,5,5],"texture":"#texture"},"up":{"uv":[1.5,1.5,5,5],"texture":"#texture"},"down":{"uv":[1.5,1.5,5,5],"texture":"#texture"}}},{"from":[10.25,5,6.25],"to":[10.955,6,6.955],"rotation":{"angle":-45,"axis":"y","origin":[10.25,5,6.25]},"faces":{"east":{"uv":[1.5,1.5,5,5],"texture":"#texture"},"up":{"uv":[1.5,1.5,5,5],"texture":"#texture"},"down":{"uv":[1.5,1.5,5,5],"texture":"#texture"}}},{"from":[7.5,3.5,9.25],"to":[8.25,5,10.75],"rotation":{"angle":45,"axis":"z","origin":[7.5,5,9.25]},"faces":{"north":{"uv":[1.5,1.5,5,5],"texture":"#texture"},"east":{"uv":[1.5,1.5,5,5],"texture":"#texture"},"south":{"uv":[1.5,1.5,5,5],"texture":"#texture"},"west":{"uv":[1.5,1.5,5,5],"texture":"#texture"},"up":{"uv":[1.5,1.5,5,5],"texture":"#texture"},"down":{"uv":[1.5,1.5,5,5],"texture":"#texture"}}},{"from":[7.25,4,9.25],"to":[7.75,5.25,9.75],"rotation":{"angle":45,"axis":"z","origin":[7.25,5.25,9.25]},"faces":{"north":{"uv":[1.5,1.5,5,5],"texture":"#texture"},"east":{"uv":[1.5,1.5,5,5],"texture":"#texture"},"south":{"uv":[1.5,1.5,5,5],"texture":"#texture"},"west":{"uv":[1.5,1.5,5,5],"texture":"#texture"},"up":{"uv":[1.5,1.5,5,5],"texture":"#texture"}}},{"from":[7.25,4,10.25],"to":[7.75,5.25,10.75],"rotation":{"angle":45,"axis":"z","origin":[7.25,5.25,10.25]},"faces":{"north":{"uv":[1.5,1.5,5,5],"texture":"#texture"},"east":{"uv":[1.5,1.5,5,5],"texture":"#texture"},"south":{"uv":[1.5,1.5,5,5],"texture":"#texture"},"west":{"uv":[1.5,1.5,5,5],"texture":"#texture"},"up":{"uv":[1.5,1.5,5,5],"texture":"#texture"}}},{"from":[8,3.5,9.5],"to":[8.75,3.7,10.5],"rotation":{"angle":45,"axis":"z","origin":[8,4.5,9.5]},"faces":{"north":{"uv":[1.5,1.5,5,5],"texture":"#texture"},"east":{"uv":[1.5,1.5,5,5],"texture":"#texture"},"south":{"uv":[1.5,1.5,5,5],"texture":"#texture"},"west":{"uv":[1.5,1.5,5,5],"texture":"#texture"},"down":{"uv":[1.5,1.5,5,5],"texture":"#texture"}}},{"from":[8.25,4,9.5],"to":[10,5,10.5],"rotation":{"angle":22.5,"axis":"z","origin":[8.25,5,9.5]},"faces":{"north":{"uv":[1.5,1.5,5,5],"texture":"#texture"},"east":{"uv":[1.5,1.5,5,5],"texture":"#texture"},"south":{"uv":[1.5,1.5,5,5],"texture":"#texture"},"up":{"uv":[1.5,1.5,5,5],"texture":"#texture"},"down":{"uv":[1.5,1.5,5,5],"texture":"#texture"}}},{"from":[7.25,4.125,10.375],"to":[7.5625,5.375,10.625],"rotation":{"angle":45,"axis":"z","origin":[7.25,5.375,10.375]},"faces":{"north":{"uv":[1.5,1.5,5,5],"texture":"#texture"},"east":{"uv":[1.5,1.5,5,5],"texture":"#texture"},"south":{"uv":[1.5,1.5,5,5],"texture":"#texture"},"west":{"uv":[1.5,1.5,5,5],"texture":"#texture"},"up":{"uv":[1.5,1.5,5,5],"texture":"#texture"}}},{"from":[7.25,4.125,9.375],"to":[7.5625,5.375,9.625],"rotation":{"angle":45,"axis":"z","origin":[7.25,5.375,9.375]},"faces":{"north":{"uv":[1.5,1.5,5,5],"texture":"#texture"},"east":{"uv":[1.5,1.5,5,5],"texture":"#texture"},"south":{"uv":[1.5,1.5,5,5],"texture":"#texture"},"west":{"uv":[1.5,1.5,5,5],"texture":"#texture"},"up":{"uv":[1.5,1.5,5,5],"texture":"#texture"}}},{"from":[7.5,3.5,5.25],"to":[8.25,5,6.75],"rotation":{"angle":45,"axis":"z","origin":[7.5,5,5.25]},"faces":{"north":{"uv":[1.5,1.5,5,5],"texture":"#texture"},"east":{"uv":[1.5,1.5,5,5],"texture":"#texture"},"south":{"uv":[1.5,1.5,5,5],"texture":"#texture"},"west":{"uv":[1.5,1.5,5,5],"texture":"#texture"},"up":{"uv":[1.5,1.5,5,5],"texture":"#texture"},"down":{"uv":[1.5,1.5,5,5],"texture":"#texture"}}},{"from":[7.25,4,5.25],"to":[7.75,5.25,5.75],"rotation":{"angle":45,"axis":"z","origin":[7.25,5.25,5.25]},"faces":{"north":{"uv":[1.5,1.5,5,5],"texture":"#texture"},"east":{"uv":[1.5,1.5,5,5],"texture":"#texture"},"south":{"uv":[1.5,1.5,5,5],"texture":"#texture"},"west":{"uv":[1.5,1.5,5,5],"texture":"#texture"},"up":{"uv":[1.5,1.5,5,5],"texture":"#texture"}}},{"from":[7.25,4,6.25],"to":[7.75,5.25,6.75],"rotation":{"angle":45,"axis":"z","origin":[7.25,5.25,6.25]},"faces":{"north":{"uv":[1.5,1.5,5,5],"texture":"#texture"},"east":{"uv":[1.5,1.5,5,5],"texture":"#texture"},"south":{"uv":[1.5,1.5,5,5],"texture":"#texture"},"west":{"uv":[1.5,1.5,5,5],"texture":"#texture"},"up":{"uv":[1.5,1.5,5,5],"texture":"#texture"}}},{"from":[8,3.5,5.5],"to":[8.75,3.7,6.5],"rotation":{"angle":45,"axis":"z","origin":[8,4.5,5.5]},"faces":{"north":{"uv":[1.5,1.5,5,5],"texture":"#texture"},"east":{"uv":[1.5,1.5,5,5],"texture":"#texture"},"south":{"uv":[1.5,1.5,5,5],"texture":"#texture"},"west":{"uv":[1.5,1.5,5,5],"texture":"#texture"},"down":{"uv":[1.5,1.5,5,5],"texture":"#texture"}}},{"from":[8.25,4,5.5],"to":[10,5,6.5],"rotation":{"angle":22.5,"axis":"z","origin":[8.25,5,5.5]},"faces":{"north":{"uv":[1.5,1.5,5,5],"texture":"#texture"},"east":{"uv":[1.5,1.5,5,5],"texture":"#texture"},"south":{"uv":[1.5,1.5,5,5],"texture":"#texture"},"up":{"uv":[1.5,1.5,5,5],"texture":"#texture"},"down":{"uv":[1.5,1.5,5,5],"texture":"#texture"}}},{"from":[7.25,4.125,6.375],"to":[7.5625,5.375,6.625],"rotation":{"angle":45,"axis":"z","origin":[7.25,5.375,6.375]},"faces":{"north":{"uv":[1.5,1.5,5,5],"texture":"#texture"},"east":{"uv":[1.5,1.5,5,5],"texture":"#texture"},"south":{"uv":[1.5,1.5,5,5],"texture":"#texture"},"west":{"uv":[1.5,1.5,5,5],"texture":"#texture"},"up":{"uv":[1.5,1.5,5,5],"texture":"#texture"}}},{"from":[7.25,4.125,5.375],"to":[7.5625,5.375,5.625],"rotation":{"angle":45,"axis":"z","origin":[7.25,5.375,5.375]},"faces":{"north":{"uv":[1.5,1.5,5,5],"texture":"#texture"},"east":{"uv":[1.5,1.5,5,5],"texture":"#texture"},"south":{"uv":[1.5,1.5,5,5],"texture":"#texture"},"west":{"uv":[1.5,1.5,5,5],"texture":"#texture"},"up":{"uv":[1.5,1.5,5,5],"texture":"#texture"}}},{"from":[9.5,4.2,-1.25],"to":[9.5625,13.5,8],"rotation":{"angle":22.5,"axis":"z","origin":[9.5,13.5,-1.25]},"faces":{"east":{"uv":[0.25,0.25,15.75,14.25],"texture":"#wing"},"west":{"uv":[15.75,0.25,0.25,14.25],"texture":"#wing"}}},{"from":[9.5,4.2,8],"to":[9.5625,13.5,17.25],"rotation":{"angle":22.5,"axis":"z","origin":[9.5,13.5,8]},"faces":{"east":{"uv":[15.75,0.25,0.25,14.25],"texture":"#wing"},"west":{"uv":[0.25,0.25,15.75,14.25],"texture":"#wing"}}},{"from":[8,9.1,1.85],"to":[8.75,10.1,4.25],"rotation":{"angle":45,"axis":"y","origin":[8,9.1,1.75]},"faces":{"north":{"uv":[1.25,1.25,2.75,3.5],"texture":"#neck"},"east":{"uv":[0.75,0.75,9.75,14.75],"texture":"#neck","rotation":270},"south":{"uv":[2.25,2.25,3.5,3.25],"texture":"#neck"},"west":{"uv":[0.75,0.75,9.75,14.75],"texture":"#neck","rotation":90},"up":{"uv":[0.75,0.75,9.75,14.75],"texture":"#neck","rotation":180},"down":{"uv":[0.75,0.75,9.75,14.75],"texture":"#neck"}}},{"from":[9.5,9.0375,3.125],"to":[10.25,10.0375,5.625],"rotation":{"angle":-22.5,"axis":"x","origin":[9.5,10.0375,3.125]},"faces":{"north":{"uv":[1.25,1.25,2.75,3.5],"texture":"#neck"},"east":{"uv":[0.75,0.75,9.75,14.75],"texture":"#neck","rotation":270},"west":{"uv":[0.75,0.75,9.75,14.75],"texture":"#neck","rotation":90},"up":{"uv":[0.75,0.75,9.75,14.75],"texture":"#neck","rotation":180},"down":{"uv":[0.75,0.75,9.75,14.75],"texture":"#neck"}}},{"from":[9.75,9.1,12.4375],"to":[10.5,10.1,14.9375],"rotation":{"angle":-45,"axis":"y","origin":[9.75,9.1,12.4375]},"faces":{"north":{"uv":[1.25,1.25,2.75,3.5],"texture":"#neck"},"east":{"uv":[0.75,0.75,9.75,14.75],"texture":"#neck","rotation":270},"west":{"uv":[0.75,0.75,9.75,14.75],"texture":"#neck","rotation":90},"up":{"uv":[0.75,0.75,9.75,14.75],"texture":"#neck","rotation":180},"down":{"uv":[0.75,0.75,9.75,14.75],"texture":"#neck"}}},{"from":[9.5,9.975,10.5625],"to":[10.25,10.975,13.0625],"rotation":{"angle":22.5,"axis":"x","origin":[9.5,10.975,10.5625]},"faces":{"east":{"uv":[0.75,0.75,9.75,14.75],"texture":"#neck","rotation":270},"south":{"uv":[2.25,2.25,3.5,3.25],"texture":"#neck"},"west":{"uv":[0.75,0.75,9.75,14.75],"texture":"#neck","rotation":90},"up":{"uv":[0.75,0.75,9.75,14.75],"texture":"#neck","rotation":180},"down":{"uv":[0.75,0.75,9.75,14.75],"texture":"#neck"}}},{"from":[9.5,9.1,3],"to":[10.25,10.1,3.5],"faces":{"east":{"uv":[0.75,0.75,3.25,1.75],"texture":"#neck","rotation":270},"south":{"uv":[2.25,2.25,3.5,3.25],"texture":"#neck"},"west":{"uv":[0.75,0.75,3.25,4.5],"texture":"#neck","rotation":90},"up":{"uv":[2,2.25,5,4.25],"texture":"#neck","rotation":180},"down":{"uv":[0.75,0.75,3.25,3],"texture":"#neck"}}},{"from":[9.5,9.1,12.5],"to":[10.25,10.1,13],"faces":{"north":{"uv":[1.25,1.25,2.75,3.5],"texture":"#neck"},"east":{"uv":[0.75,0.75,3.25,1.75],"texture":"#neck","rotation":270},"south":{"uv":[2.25,2.25,3.5,3.25],"texture":"#neck"},"west":{"uv":[0.75,0.75,3.25,4.5],"texture":"#neck","rotation":90},"up":{"uv":[2,2.25,5,4.25],"texture":"#neck","rotation":180},"down":{"uv":[0.75,0.75,3.25,3],"texture":"#neck"}}},{"from":[7.75,8.975,1.25],"to":[8.75,10.225,2.5],"faces":{"north":{"uv":[1.5,1.5,5,5],"texture":"#texture"},"east":{"uv":[1.5,1.5,5,5],"texture":"#texture"},"south":{"uv":[1.5,1.5,5,5],"texture":"#texture"},"up":{"uv":[1.5,1.5,5,5],"texture":"#texture"},"down":{"uv":[1.5,1.5,5,5],"texture":"#texture"}}},{"from":[7.75,8.975,13.5],"to":[8.75,10.225,14.75],"faces":{"north":{"uv":[1.5,1.5,5,5],"texture":"#texture"},"east":{"uv":[1.5,1.5,5,5],"texture":"#texture"},"south":{"uv":[1.5,1.5,5,5],"texture":"#texture"},"up":{"uv":[1.5,1.5,5,5],"texture":"#texture"},"down":{"uv":[1.5,1.5,5,5],"texture":"#texture"}}},{"from":[5.2,8.3,1.9],"to":[7.75,10.65,2.65],"faces":{"north":{"uv":[1,1,3,3],"texture":"#texture"},"east":{"uv":[1,1,3,3],"texture":"#texture"},"south":{"uv":[1,1,3,3],"texture":"#texture"},"west":{"uv":[1,1,3,3],"texture":"#texture"},"up":{"uv":[1,1,3,3],"texture":"#texture"},"down":{"uv":[1,1,3,3],"texture":"#texture"}}},{"from":[5.2,8.8,2.4],"to":[7.75,10.15,3.15],"faces":{"north":{"uv":[1,1,3,3],"texture":"#texture"},"east":{"uv":[1,1,3,3],"texture":"#texture"},"south":{"uv":[1,1,3,3],"texture":"#texture"},"west":{"uv":[1,1,3,3],"texture":"#texture"},"up":{"uv":[1,1,3,3],"texture":"#texture"},"down":{"uv":[1,1,3,3],"texture":"#texture"}}},{"from":[5,8.85,0.65],"to":[7.75,10.1,1.9],"faces":{"north":{"uv":[1,1,3,3],"texture":"#texture"},"east":{"uv":[1,1,3,3],"texture":"#texture"},"south":{"uv":[1,1,3,3],"texture":"#texture"},"west":{"uv":[1,1,3,3],"texture":"#texture"},"up":{"uv":[1,1,3,3],"texture":"#texture"},"down":{"uv":[1,1,3,3],"texture":"#texture"}}},{"from":[4.5,9,1.45],"to":[4.8,9.85,2.3],"rotation":{"angle":45,"axis":"x","origin":[4.65,9.475,1.925]},"faces":{"north":{"uv":[1,1,3,3],"texture":"#texture"},"east":{"uv":[1,1,3,3],"texture":"#texture"},"south":{"uv":[1,1,3,3],"texture":"#texture"},"west":{"uv":[1,1,3,3],"texture":"#texture"},"up":{"uv":[1,1,3,3],"texture":"#texture"},"down":{"uv":[1,1,3,3],"texture":"#texture"}}},{"from":[4.5,8.85,1.15],"to":[8.25,10.1,1.9],"faces":{"north":{"uv":[1,1,3,3],"texture":"#texture"},"east":{"uv":[1,1,3,3],"texture":"#texture"},"south":{"uv":[1,1,3,3],"texture":"#texture"},"west":{"uv":[1,1,3,3],"texture":"#texture"},"up":{"uv":[1,1,3,3],"texture":"#texture"},"down":{"uv":[1,1,3,3],"texture":"#texture"}}},{"from":[4.7,8.8,1.9],"to":[8.25,10.15,2.65],"faces":{"north":{"uv":[1,1,3,3],"texture":"#texture"},"east":{"uv":[1,1,3,3],"texture":"#texture"},"south":{"uv":[1,1,3,3],"texture":"#texture"},"west":{"uv":[1,1,3,3],"texture":"#texture"},"up":{"uv":[1,1,3,3],"texture":"#texture"},"down":{"uv":[1,1,3,3],"texture":"#texture"}}},{"from":[4.5,8.85,1.15],"to":[5.205,10.1,1.855],"rotation":{"angle":45,"axis":"y","origin":[4.5,8.85,1.15]},"faces":{"north":{"uv":[1,1,3,3],"texture":"#texture"},"east":{"uv":[1,1,3,3],"texture":"#texture"},"south":{"uv":[1,1,3,3],"texture":"#texture"},"west":{"uv":[1,1,3,3],"texture":"#texture"},"up":{"uv":[1,1,3,3],"texture":"#texture"},"down":{"uv":[1,1,3,3],"texture":"#texture"}}},{"from":[5,8.35,1.15],"to":[7.75,9.055,1.855],"rotation":{"angle":-45,"axis":"x","origin":[5,8.35,1.15]},"faces":{"north":{"uv":[1,1,3,3],"texture":"#texture"},"east":{"uv":[1,1,3,3],"texture":"#texture"},"south":{"uv":[1,1,3,3],"texture":"#texture"},"west":{"uv":[1,1,3,3],"texture":"#texture"},"up":{"uv":[1,1,3,3],"texture":"#texture"},"down":{"uv":[1,1,3,3],"texture":"#texture"}}},{"from":[5,10.1,0.65],"to":[7.75,10.805,1.355],"rotation":{"angle":45,"axis":"x","origin":[5,10.1,0.65]},"faces":{"north":{"uv":[1,1,3,3],"texture":"#texture"},"east":{"uv":[1,1,3,3],"texture":"#texture"},"south":{"uv":[1,1,3,3],"texture":"#texture"},"west":{"uv":[1,1,3,3],"texture":"#texture"},"up":{"uv":[1,1,3,3],"texture":"#texture"},"down":{"uv":[1,1,3,3],"texture":"#texture"}}},{"from":[4.5,8.85,1.15],"to":[5.205,9.555,1.9],"rotation":{"angle":-45,"axis":"z","origin":[4.5,8.85,1.9]},"faces":{"north":{"uv":[1,1,3,3],"texture":"#texture"},"east":{"uv":[1,1,3,3],"texture":"#texture"},"south":{"uv":[1,1,3,3],"texture":"#texture"},"west":{"uv":[1,1,3,3],"texture":"#texture"},"up":{"uv":[1,1,3,3],"texture":"#texture"},"down":{"uv":[1,1,3,3],"texture":"#texture"}}},{"from":[7.75,8.35,1.15],"to":[8.455,9.055,1.9],"rotation":{"angle":45,"axis":"z","origin":[7.75,8.35,1.9]},"faces":{"north":{"uv":[1,1,3,3],"texture":"#texture"},"east":{"uv":[1,1,3,3],"texture":"#texture"},"south":{"uv":[1,1,3,3],"texture":"#texture"},"west":{"uv":[1,1,3,3],"texture":"#texture"},"up":{"uv":[1,1,3,3],"texture":"#texture"},"down":{"uv":[1,1,3,3],"texture":"#texture"}}},{"from":[7.75,8.85,0.65],"to":[8.455,10.1,1.355],"rotation":{"angle":-45,"axis":"y","origin":[7.75,8.85,0.65]},"faces":{"north":{"uv":[1,1,3,3],"texture":"#texture"},"east":{"uv":[1,1,3,3],"texture":"#texture"},"south":{"uv":[1,1,3,3],"texture":"#texture"},"west":{"uv":[1,1,3,3],"texture":"#texture"},"up":{"uv":[1,1,3,3],"texture":"#texture"},"down":{"uv":[1,1,3,3],"texture":"#texture"}}},{"from":[7.75,9.6,1.15],"to":[8.455,10.305,1.9],"rotation":{"angle":45,"axis":"z","origin":[7.75,9.6,1.9]},"faces":{"north":{"uv":[1,1,3,3],"texture":"#texture"},"east":{"uv":[1,1,3,3],"texture":"#texture"},"south":{"uv":[1,1,3,3],"texture":"#texture"},"west":{"uv":[1,1,3,3],"texture":"#texture"},"up":{"uv":[1,1,3,3],"texture":"#texture"},"down":{"uv":[1,1,3,3],"texture":"#texture"}}},{"from":[4.7,8.8,1.9],"to":[5.405,9.505,2.65],"rotation":{"angle":-45,"axis":"z","origin":[4.7,8.8,2.65]},"faces":{"north":{"uv":[1,1,3,3],"texture":"#texture"},"east":{"uv":[1,1,3,3],"texture":"#texture"},"south":{"uv":[1,1,3,3],"texture":"#texture"},"west":{"uv":[1,1,3,3],"texture":"#texture"},"up":{"uv":[1,1,3,3],"texture":"#texture"},"down":{"uv":[1,1,3,3],"texture":"#texture"}}},{"from":[7.75,8.3,1.9],"to":[8.455,9.005,2.65],"rotation":{"angle":45,"axis":"z","origin":[7.75,8.3,2.65]},"faces":{"north":{"uv":[1,1,3,3],"texture":"#texture"},"east":{"uv":[1,1,3,3],"texture":"#texture"},"south":{"uv":[1,1,3,3],"texture":"#texture"},"west":{"uv":[1,1,3,3],"texture":"#texture"},"up":{"uv":[1,1,3,3],"texture":"#texture"},"down":{"uv":[1,1,3,3],"texture":"#texture"}}},{"from":[7.75,9.65,1.9],"to":[8.455,10.355,2.65],"rotation":{"angle":45,"axis":"z","origin":[7.75,9.65,2.65]},"faces":{"north":{"uv":[1,1,3,3],"texture":"#texture"},"east":{"uv":[1,1,3,3],"texture":"#texture"},"south":{"uv":[1,1,3,3],"texture":"#texture"},"west":{"uv":[1,1,3,3],"texture":"#texture"},"up":{"uv":[1,1,3,3],"texture":"#texture"},"down":{"uv":[1,1,3,3],"texture":"#texture"}}},{"from":[5.2,8.3,2.65],"to":[7.75,9.005,3.355],"rotation":{"angle":-45,"axis":"x","origin":[5,8.3,2.65]},"faces":{"north":{"uv":[1,1,3,3],"texture":"#texture"},"east":{"uv":[1,1,3,3],"texture":"#texture"},"south":{"uv":[1,1,3,3],"texture":"#texture"},"west":{"uv":[1,1,3,3],"texture":"#texture"},"up":{"uv":[1,1,3,3],"texture":"#texture"},"down":{"uv":[1,1,3,3],"texture":"#texture"}}},{"from":[5.2,10.15,2.15],"to":[7.75,10.855,2.855],"rotation":{"angle":45,"axis":"x","origin":[5,10.15,2.15]},"faces":{"north":{"uv":[1,1,3,3],"texture":"#texture"},"east":{"uv":[1,1,3,3],"texture":"#texture"},"south":{"uv":[1,1,3,3],"texture":"#texture"},"west":{"uv":[1,1,3,3],"texture":"#texture"},"up":{"uv":[1,1,3,3],"texture":"#texture"},"down":{"uv":[1,1,3,3],"texture":"#texture"}}},{"from":[7.75,8.8,2.15],"to":[8.455,10.15,2.855],"rotation":{"angle":-45,"axis":"y","origin":[7.75,8.6,2.15]},"faces":{"north":{"uv":[1,1,3,3],"texture":"#texture"},"east":{"uv":[1,1,3,3],"texture":"#texture"},"south":{"uv":[1,1,3,3],"texture":"#texture"},"west":{"uv":[1,1,3,3],"texture":"#texture"},"up":{"uv":[1,1,3,3],"texture":"#texture"},"down":{"uv":[1,1,3,3],"texture":"#texture"}}},{"from":[10.65,9.25,9.25],"to":[11,10.75,10.25],"rotation":{"angle":22.5,"axis":"z","origin":[10.25,10.75,9.25]},"faces":{"north":{"uv":[1.5,1.5,5,5],"texture":"#texture"},"east":{"uv":[1.5,1.5,5,5],"texture":"#texture"},"south":{"uv":[1.5,1.5,5,5],"texture":"#texture"},"west":{"uv":[1.5,1.5,5,5],"texture":"#texture"},"down":{"uv":[1.5,1.5,5,5],"texture":"#texture"}}},{"from":[10.25,9.25,5.75],"to":[11,10.75,6.75],"rotation":{"angle":22.5,"axis":"z","origin":[10.25,10.75,5.75]},"faces":{"north":{"uv":[1.5,1.5,5,5],"texture":"#texture"},"east":{"uv":[1.5,1.5,5,5],"texture":"#texture"},"south":{"uv":[1.5,1.5,5,5],"texture":"#texture"},"west":{"uv":[1.5,1.5,5,5],"texture":"#texture"},"down":{"uv":[1.5,1.5,5,5],"texture":"#texture"}}},{"from":[5.2,9.86,1.15],"to":[6.45,10.61,1.9],"faces":{"up":{"uv":[0.5,0.5,13,13],"texture":"#claw"}}},{"from":[6.55,9.86,1.15],"to":[7.75,10.61,1.9],"faces":{"up":{"uv":[0.5,0.5,13,13],"texture":"#claw"}}},{"from":[5.2,8.34,1.15],"to":[6.45,9.09,1.9],"faces":{"down":{"uv":[0.5,0.5,13,13],"texture":"#claw","rotation":180}}},{"from":[6.55,8.34,1.15],"to":[7.75,9.09,1.9],"faces":{"down":{"uv":[0.5,0.5,13,13],"texture":"#claw","rotation":180}}},{"from":[9.75,3.5,7.5],"to":[10.75,5.5,8.5],"faces":{"north":{"uv":[1.5,1.5,5,5],"texture":"#texture"}}},{"from":[9.75,4,7],"to":[10.75,5,9],"faces":{"north":{"uv":[1.5,1.5,5,5],"texture":"#texture"},"east":{"uv":[1.5,1.5,5,5],"texture":"#texture"},"south":{"uv":[1.5,1.5,5,5],"texture":"#texture"},"west":{"uv":[1.5,1.5,5,5],"texture":"#texture"},"up":{"uv":[1.5,1.5,5,5],"texture":"#texture"},"down":{"uv":[1.5,1.5,5,5],"texture":"#texture"}}},{"from":[9.25,4,7.5],"to":[11.25,5,8.5],"faces":{"north":{"uv":[1.5,1.5,5,5],"texture":"#texture"},"east":{"uv":[1.5,1.5,5,5],"texture":"#texture"},"south":{"uv":[1.5,1.5,5,5],"texture":"#texture"},"west":{"uv":[1.5,1.5,5,5],"texture":"#texture"},"up":{"uv":[1.5,1.5,5,5],"texture":"#texture"},"down":{"uv":[1.5,1.5,5,5],"texture":"#texture"}}},{"from":[9.25,4.295,7.5],"to":[9.955,5,8.5],"rotation":{"angle":45,"axis":"z","origin":[9.25,5,7.5]},"faces":{"north":{"uv":[1.5,1.5,5,5],"texture":"#texture"},"south":{"uv":[1.5,1.5,5,5],"texture":"#texture"}}},{"from":[10.75,4.795,7.5],"to":[11.455,5.5,8.5],"rotation":{"angle":-45,"axis":"z","origin":[10.75,5.5,7.5]},"faces":{"north":{"uv":[1.5,1.5,5,5],"texture":"#texture"},"east":{"uv":[1.5,1.5,5,5],"texture":"#texture"},"south":{"uv":[1.5,1.5,5,5],"texture":"#texture"},"up":{"uv":[1.5,1.5,5,5],"texture":"#texture"}}},{"from":[9.25,3.295,7.5],"to":[9.955,4,8.5],"rotation":{"angle":45,"axis":"z","origin":[9.25,4,7.5]},"faces":{"north":{"uv":[1.5,1.5,5,5],"texture":"#texture"},"south":{"uv":[1.5,1.5,5,5],"texture":"#texture"}}},{"from":[10.75,3.795,7.5],"to":[11.455,4.5,8.5],"rotation":{"angle":-45,"axis":"z","origin":[10.75,4.5,7.5]},"faces":{"north":{"uv":[1.5,1.5,5,5],"texture":"#texture"},"east":{"uv":[1.5,1.5,5,5],"texture":"#texture"},"south":{"uv":[1.5,1.5,5,5],"texture":"#texture"}}},{"from":[9.75,4.295,7],"to":[10.75,5,7.705],"rotation":{"angle":-45,"axis":"x","origin":[9.75,5,7]},"faces":{"east":{"uv":[1.5,1.5,5,5],"texture":"#texture"},"south":{"uv":[1.5,1.5,5,5],"texture":"#texture"},"west":{"uv":[1.5,1.5,5,5],"texture":"#texture"},"up":{"uv":[1.5,1.5,5,5],"texture":"#texture"}}},{"from":[9.75,4.795,8.5],"to":[10.75,5.5,9.205],"rotation":{"angle":45,"axis":"x","origin":[9.75,5.5,8.5]},"faces":{"east":{"uv":[1.5,1.5,5,5],"texture":"#texture"},"south":{"uv":[1.5,1.5,5,5],"texture":"#texture"},"west":{"uv":[1.5,1.5,5,5],"texture":"#texture"},"up":{"uv":[1.5,1.5,5,5],"texture":"#texture"}}},{"from":[9.75,3.295,7],"to":[10.75,4,7.705],"rotation":{"angle":-45,"axis":"x","origin":[9.75,4,7]},"faces":{"north":{"uv":[1.5,1.5,5,5],"texture":"#texture"},"east":{"uv":[1.5,1.5,5,5],"texture":"#texture"},"down":{"uv":[1.5,1.5,5,5],"texture":"#texture"}}},{"from":[9.75,3.795,8.5],"to":[10.75,4.5,9.205],"rotation":{"angle":45,"axis":"x","origin":[9.75,4.5,8.5]},"faces":{"east":{"uv":[1.5,1.5,5,5],"texture":"#texture"},"south":{"uv":[1.5,1.5,5,5],"texture":"#texture"}}},{"from":[9.25,4,7.5],"to":[9.955,5,8.205],"rotation":{"angle":45,"axis":"y","origin":[9.25,4,7.5]},"faces":{"north":{"uv":[1.5,1.5,5,5],"texture":"#texture"},"east":{"uv":[1.5,1.5,5,5],"texture":"#texture"},"up":{"uv":[1.5,1.5,5,5],"texture":"#texture"},"down":{"uv":[1.5,1.5,5,5],"texture":"#texture"}}},{"from":[10.75,4,7],"to":[11.455,5,7.705],"rotation":{"angle":-45,"axis":"y","origin":[10.75,4,7]},"faces":{"north":{"uv":[1.5,1.5,5,5],"texture":"#texture"},"east":{"uv":[1.5,1.5,5,5],"texture":"#texture"},"up":{"uv":[1.5,1.5,5,5],"texture":"#texture"},"down":{"uv":[1.5,1.5,5,5],"texture":"#texture"}}},{"from":[9.25,4,8.5],"to":[9.955,5,9.205],"rotation":{"angle":45,"axis":"y","origin":[9.25,4,8.5]},"faces":{"south":{"uv":[1.5,1.5,5,5],"texture":"#texture"},"west":{"uv":[1.5,1.5,5,5],"texture":"#texture"},"up":{"uv":[1.5,1.5,5,5],"texture":"#texture"},"down":{"uv":[1.5,1.5,5,5],"texture":"#texture"}}},{"from":[10.75,4,8],"to":[11.455,5,8.705],"rotation":{"angle":-45,"axis":"y","origin":[10.75,4,8]},"faces":{"east":{"uv":[1.5,1.5,5,5],"texture":"#texture"},"up":{"uv":[1.5,1.5,5,5],"texture":"#texture"},"down":{"uv":[1.5,1.5,5,5],"texture":"#texture"}}},{"from":[9.25,2.5,7.5],"to":[10.25,4.5,8.5],"faces":{"north":{"uv":[1.5,1.5,5,5],"texture":"#texture"},"east":{"uv":[1.5,1.5,5,5],"texture":"#texture"},"south":{"uv":[1.5,1.5,5,5],"texture":"#texture"},"down":{"uv":[1.5,1.5,5,5],"texture":"#texture"}}},{"from":[9.25,3,7],"to":[10.25,4,9],"faces":{"north":{"uv":[1.5,1.5,5,5],"texture":"#texture"},"east":{"uv":[1.5,1.5,5,5],"texture":"#texture"},"south":{"uv":[1.5,1.5,5,5],"texture":"#texture"},"west":{"uv":[1.5,1.5,5,5],"texture":"#texture"},"up":{"uv":[1.5,1.5,5,5],"texture":"#texture"},"down":{"uv":[1.5,1.5,5,5],"texture":"#texture"}}},{"from":[8.75,3,7.5],"to":[10.75,4,8.5],"faces":{"north":{"uv":[1.5,1.5,5,5],"texture":"#texture"},"east":{"uv":[1.5,1.5,5,5],"texture":"#texture"},"south":{"uv":[1.5,1.5,5,5],"texture":"#texture"},"west":{"uv":[1.5,1.5,5,5],"texture":"#texture"},"down":{"uv":[1.5,1.5,5,5],"texture":"#texture"}}},{"from":[8.75,3.295,7.5],"to":[9.455,4,8.5],"rotation":{"angle":45,"axis":"z","origin":[8.75,4,7.5]},"faces":{"north":{"uv":[1.5,1.5,5,5],"texture":"#texture"},"east":{"uv":[1.5,1.5,5,5],"texture":"#texture"},"south":{"uv":[1.5,1.5,5,5],"texture":"#texture"},"up":{"uv":[1.5,1.5,5,5],"texture":"#texture"}}},{"from":[10.25,3.795,7.5],"to":[10.955,4.5,8.5],"rotation":{"angle":-45,"axis":"z","origin":[10.25,4.5,7.5]},"faces":{"north":{"uv":[1.5,1.5,5,5],"texture":"#texture"},"south":{"uv":[1.5,1.5,5,5],"texture":"#texture"}}},{"from":[8.75,2.295,7.5],"to":[9.455,3,8.5],"rotation":{"angle":45,"axis":"z","origin":[8.75,3,7.5]},"faces":{"north":{"uv":[1.5,1.5,5,5],"texture":"#texture"},"south":{"uv":[1.5,1.5,5,5],"texture":"#texture"}}},{"from":[10.25,2.795,7.5],"to":[10.955,3.5,8.5],"rotation":{"angle":-45,"axis":"z","origin":[10.25,3.5,7.5]},"faces":{"north":{"uv":[1.5,1.5,5,5],"texture":"#texture"},"east":{"uv":[1.5,1.5,5,5],"texture":"#texture"},"south":{"uv":[1.5,1.5,5,5],"texture":"#texture"}}},{"from":[9.25,3.295,7],"to":[10.25,4,7.705],"rotation":{"angle":-45,"axis":"x","origin":[9.25,4,7]},"faces":{"south":{"uv":[1.5,1.5,5,5],"texture":"#texture"},"west":{"uv":[1.5,1.5,5,5],"texture":"#texture"},"up":{"uv":[1.5,1.5,5,5],"texture":"#texture"}}},{"from":[9.25,3.795,8.5],"to":[10.25,4.5,9.205],"rotation":{"angle":45,"axis":"x","origin":[9.25,4.5,8.5]},"faces":{"south":{"uv":[1.5,1.5,5,5],"texture":"#texture"},"west":{"uv":[1.5,1.5,5,5],"texture":"#texture"},"up":{"uv":[1.5,1.5,5,5],"texture":"#texture"}}},{"from":[9.25,2.295,7],"to":[10.25,3,7.705],"rotation":{"angle":-45,"axis":"x","origin":[9.25,3,7]},"faces":{"north":{"uv":[1.5,1.5,5,5],"texture":"#texture"},"east":{"uv":[1.5,1.5,5,5],"texture":"#texture"},"down":{"uv":[1.5,1.5,5,5],"texture":"#texture"}}},{"from":[9.25,2.795,8.5],"to":[10.25,3.5,9.205],"rotation":{"angle":45,"axis":"x","origin":[9.25,3.5,8.5]},"faces":{"east":{"uv":[1.5,1.5,5,5],"texture":"#texture"},"south":{"uv":[1.5,1.5,5,5],"texture":"#texture"}}},{"from":[8.75,3,7.5],"to":[9.455,4,8.205],"rotation":{"angle":45,"axis":"y","origin":[8.75,3,7.5]},"faces":{"north":{"uv":[1.5,1.5,5,5],"texture":"#texture"},"east":{"uv":[1.5,1.5,5,5],"texture":"#texture"},"up":{"uv":[1.5,1.5,5,5],"texture":"#texture"},"down":{"uv":[1.5,1.5,5,5],"texture":"#texture"}}},{"from":[10.25,3,7],"to":[10.955,4,7.705],"rotation":{"angle":-45,"axis":"y","origin":[10.25,3,7]},"faces":{"north":{"uv":[1.5,1.5,5,5],"texture":"#texture"},"east":{"uv":[1.5,1.5,5,5],"texture":"#texture"},"up":{"uv":[1.5,1.5,5,5],"texture":"#texture"},"down":{"uv":[1.5,1.5,5,5],"texture":"#texture"}}},{"from":[8.75,3,8.5],"to":[9.455,4,9.205],"rotation":{"angle":45,"axis":"y","origin":[8.75,3,8.5]},"faces":{"south":{"uv":[1.5,1.5,5,5],"texture":"#texture"},"west":{"uv":[1.5,1.5,5,5],"texture":"#texture"},"up":{"uv":[1.5,1.5,5,5],"texture":"#texture"},"down":{"uv":[1.5,1.5,5,5],"texture":"#texture"}}},{"from":[10.25,3,8],"to":[10.955,4,8.705],"rotation":{"angle":-45,"axis":"y","origin":[10.25,3,8]},"faces":{"east":{"uv":[1.5,1.5,5,5],"texture":"#texture"},"up":{"uv":[1.5,1.5,5,5],"texture":"#texture"},"down":{"uv":[1.5,1.5,5,5],"texture":"#texture"}}},{"from":[8.25,1.5,7.5],"to":[9.25,3.5,8.5],"faces":{"north":{"uv":[1.5,1.5,5,5],"texture":"#texture"},"east":{"uv":[1.5,1.5,5,5],"texture":"#texture"},"south":{"uv":[1.5,1.5,5,5],"texture":"#texture"},"west":{"uv":[1.5,1.5,5,5],"texture":"#texture"},"up":{"uv":[1.5,1.5,5,5],"texture":"#texture"},"down":{"uv":[1.5,1.5,5,5],"texture":"#texture"}}},{"from":[8.25,2,7],"to":[9.25,3,9],"faces":{"north":{"uv":[1.5,1.5,5,5],"texture":"#texture"},"east":{"uv":[1.5,1.5,5,5],"texture":"#texture"},"south":{"uv":[1.5,1.5,5,5],"texture":"#texture"},"west":{"uv":[1.5,1.5,5,5],"texture":"#texture"},"up":{"uv":[1.5,1.5,5,5],"texture":"#texture"},"down":{"uv":[1.5,1.5,5,5],"texture":"#texture"}}},{"from":[7.75,2,7.5],"to":[9.75,3,8.5],"faces":{"north":{"uv":[1.5,1.5,5,5],"texture":"#texture"},"east":{"uv":[1.5,1.5,5,5],"texture":"#texture"},"south":{"uv":[1.5,1.5,5,5],"texture":"#texture"},"down":{"uv":[1.5,1.5,5,5],"texture":"#texture"}}},{"from":[7.75,2.295,7.5],"to":[8.455,3,8.5],"rotation":{"angle":45,"axis":"z","origin":[7.75,3,7.5]},"faces":{"north":{"uv":[1.5,1.5,5,5],"texture":"#texture"},"east":{"uv":[1.5,1.5,5,5],"texture":"#texture"},"south":{"uv":[1.5,1.5,5,5],"texture":"#texture"},"up":{"uv":[1.5,1.5,5,5],"texture":"#texture"}}},{"from":[9.25,2.795,7.5],"to":[9.955,3.5,8.5],"rotation":{"angle":-45,"axis":"z","origin":[9.25,3.5,7.5]},"faces":{"north":{"uv":[1.5,1.5,5,5],"texture":"#texture"},"south":{"uv":[1.5,1.5,5,5],"texture":"#texture"}}},{"from":[7.75,1.295,7.5],"to":[8.455,2,8.5],"rotation":{"angle":45,"axis":"z","origin":[7.75,2,7.5]},"faces":{"north":{"uv":[1.5,1.5,5,5],"texture":"#texture"},"south":{"uv":[1.5,1.5,5,5],"texture":"#texture"}}},{"from":[9.25,1.795,7.5],"to":[9.955,2.5,8.5],"rotation":{"angle":-45,"axis":"z","origin":[9.25,2.5,7.5]},"faces":{"north":{"uv":[1.5,1.5,5,5],"texture":"#texture"},"east":{"uv":[1.5,1.5,5,5],"texture":"#texture"},"south":{"uv":[1.5,1.5,5,5],"texture":"#texture"}}},{"from":[8.25,2.295,7],"to":[9.25,3,7.705],"rotation":{"angle":-45,"axis":"x","origin":[8.25,3,7]},"faces":{"south":{"uv":[1.5,1.5,5,5],"texture":"#texture"},"west":{"uv":[1.5,1.5,5,5],"texture":"#texture"},"up":{"uv":[1.5,1.5,5,5],"texture":"#texture"}}},{"from":[8.25,2.795,8.5],"to":[9.25,3.5,9.205],"rotation":{"angle":45,"axis":"x","origin":[8.25,3.5,8.5]},"faces":{"south":{"uv":[1.5,1.5,5,5],"texture":"#texture"},"west":{"uv":[1.5,1.5,5,5],"texture":"#texture"},"up":{"uv":[1.5,1.5,5,5],"texture":"#texture"}}},{"from":[8.25,1.295,7],"to":[9.25,2,7.705],"rotation":{"angle":-45,"axis":"x","origin":[8.25,2,7]},"faces":{"north":{"uv":[1.5,1.5,5,5],"texture":"#texture"},"east":{"uv":[1.5,1.5,5,5],"texture":"#texture"},"west":{"uv":[1.5,1.5,5,5],"texture":"#texture"},"down":{"uv":[1.5,1.5,5,5],"texture":"#texture"}}},{"from":[8.25,1.795,8.5],"to":[9.25,2.5,9.205],"rotation":{"angle":45,"axis":"x","origin":[8.25,2.5,8.5]},"faces":{"east":{"uv":[1.5,1.5,5,5],"texture":"#texture"},"south":{"uv":[1.5,1.5,5,5],"texture":"#texture"},"west":{"uv":[1.5,1.5,5,5],"texture":"#texture"}}},{"from":[7.75,2,7.5],"to":[8.455,3,8.205],"rotation":{"angle":45,"axis":"y","origin":[7.75,2,7.5]},"faces":{"north":{"uv":[1.5,1.5,5,5],"texture":"#texture"},"east":{"uv":[1.5,1.5,5,5],"texture":"#texture"},"up":{"uv":[1.5,1.5,5,5],"texture":"#texture"},"down":{"uv":[1.5,1.5,5,5],"texture":"#texture"}}},{"from":[9.25,2,7],"to":[9.955,3,7.705],"rotation":{"angle":-45,"axis":"y","origin":[9.25,2,7]},"faces":{"north":{"uv":[1.5,1.5,5,5],"texture":"#texture"},"east":{"uv":[1.5,1.5,5,5],"texture":"#texture"},"up":{"uv":[1.5,1.5,5,5],"texture":"#texture"},"down":{"uv":[1.5,1.5,5,5],"texture":"#texture"}}},{"from":[7.75,2,8.5],"to":[8.455,3,9.205],"rotation":{"angle":45,"axis":"y","origin":[7.75,2,8.5]},"faces":{"south":{"uv":[1.5,1.5,5,5],"texture":"#texture"},"west":{"uv":[1.5,1.5,5,5],"texture":"#texture"},"up":{"uv":[1.5,1.5,5,5],"texture":"#texture"},"down":{"uv":[1.5,1.5,5,5],"texture":"#texture"}}},{"from":[9.25,2,8],"to":[9.955,3,8.705],"rotation":{"angle":-45,"axis":"y","origin":[9.25,2,8]},"faces":{"east":{"uv":[1.5,1.5,5,5],"texture":"#texture"},"up":{"uv":[1.5,1.5,5,5],"texture":"#texture"},"down":{"uv":[1.5,1.5,5,5],"texture":"#texture"}}},{"from":[7.25,1,7.5],"to":[8.25,3,8.5],"faces":{"north":{"uv":[1.5,1.5,5,5],"texture":"#texture"},"east":{"uv":[1.5,1.5,5,5],"texture":"#texture"},"south":{"uv":[1.5,1.5,5,5],"texture":"#texture"},"west":{"uv":[1.5,1.5,5,5],"texture":"#texture"},"up":{"uv":[1.5,1.5,5,5],"texture":"#texture"},"down":{"uv":[1.5,1.5,5,5],"texture":"#texture"}}},{"from":[7.25,1.5,7],"to":[8.25,2.5,9],"faces":{"north":{"uv":[1.5,1.5,5,5],"texture":"#texture"},"east":{"uv":[1.5,1.5,5,5],"texture":"#texture"},"south":{"uv":[1.5,1.5,5,5],"texture":"#texture"},"west":{"uv":[1.5,1.5,5,5],"texture":"#texture"},"up":{"uv":[1.5,1.5,5,5],"texture":"#texture"},"down":{"uv":[1.5,1.5,5,5],"texture":"#texture"}}},{"from":[6.75,1.795,7.5],"to":[7.455,2.5,8.5],"rotation":{"angle":45,"axis":"z","origin":[6.75,2.5,7.5]},"faces":{"north":{"uv":[1.5,1.5,5,5],"texture":"#texture"},"east":{"uv":[1.5,1.5,5,5],"texture":"#texture"},"south":{"uv":[1.5,1.5,5,5],"texture":"#texture"},"up":{"uv":[1.5,1.5,5,5],"texture":"#texture"}}},{"from":[8.25,2.295,7.5],"to":[8.955,3,8.5],"rotation":{"angle":-45,"axis":"z","origin":[8.25,3,7.5]},"faces":{"north":{"uv":[1.5,1.5,5,5],"texture":"#texture"},"south":{"uv":[1.5,1.5,5,5],"texture":"#texture"}}},{"from":[6.75,0.795,7.5],"to":[7.455,1.5,8.5],"rotation":{"angle":45,"axis":"z","origin":[6.75,1.5,7.5]},"faces":{"north":{"uv":[1.5,1.5,5,5],"texture":"#texture"},"south":{"uv":[1.5,1.5,5,5],"texture":"#texture"},"west":{"uv":[1.5,1.5,5,5],"texture":"#texture"},"down":{"uv":[1.5,1.5,5,5],"texture":"#texture"}}},{"from":[8.25,1.295,7.5],"to":[8.955,2,8.5],"rotation":{"angle":-45,"axis":"z","origin":[8.25,2,7.5]},"faces":{"north":{"uv":[1.5,1.5,5,5],"texture":"#texture"},"east":{"uv":[1.5,1.5,5,5],"texture":"#texture"},"south":{"uv":[1.5,1.5,5,5],"texture":"#texture"}}},{"from":[7.25,1.795,7],"to":[8.25,2.5,7.705],"rotation":{"angle":-45,"axis":"x","origin":[7.25,2.5,7]},"faces":{"east":{"uv":[1.5,1.5,5,5],"texture":"#texture"},"south":{"uv":[1.5,1.5,5,5],"texture":"#texture"},"west":{"uv":[1.5,1.5,5,5],"texture":"#texture"},"up":{"uv":[1.5,1.5,5,5],"texture":"#texture"}}},{"from":[7.25,2.295,8.5],"to":[8.25,3,9.205],"rotation":{"angle":45,"axis":"x","origin":[7.25,3,8.5]},"faces":{"east":{"uv":[1.5,1.5,5,5],"texture":"#texture"},"south":{"uv":[1.5,1.5,5,5],"texture":"#texture"},"west":{"uv":[1.5,1.5,5,5],"texture":"#texture"},"up":{"uv":[1.5,1.5,5,5],"texture":"#texture"}}},{"from":[7.25,0.795,7],"to":[8.25,1.5,7.705],"rotation":{"angle":-45,"axis":"x","origin":[7.25,1.5,7]},"faces":{"north":{"uv":[1.5,1.5,5,5],"texture":"#texture"},"east":{"uv":[1.5,1.5,5,5],"texture":"#texture"},"west":{"uv":[1.5,1.5,5,5],"texture":"#texture"},"down":{"uv":[1.5,1.5,5,5],"texture":"#texture"}}},{"from":[7.25,1.295,8.5],"to":[8.25,2,9.205],"rotation":{"angle":45,"axis":"x","origin":[7.25,2,8.5]},"faces":{"east":{"uv":[1.5,1.5,5,5],"texture":"#texture"},"south":{"uv":[1.5,1.5,5,5],"texture":"#texture"},"west":{"uv":[1.5,1.5,5,5],"texture":"#texture"}}},{"from":[6.75,1.5,7.5],"to":[7.455,2.5,8.205],"rotation":{"angle":45,"axis":"y","origin":[6.75,1.5,7.5]},"faces":{"north":{"uv":[1.5,1.5,5,5],"texture":"#texture"},"east":{"uv":[1.5,1.5,5,5],"texture":"#texture"},"up":{"uv":[1.5,1.5,5,5],"texture":"#texture"},"down":{"uv":[1.5,1.5,5,5],"texture":"#texture"}}},{"from":[8.25,1.5,7],"to":[8.955,2.5,7.705],"rotation":{"angle":-45,"axis":"y","origin":[8.25,1.5,7]},"faces":{"north":{"uv":[1.5,1.5,5,5],"texture":"#texture"},"east":{"uv":[1.5,1.5,5,5],"texture":"#texture"},"up":{"uv":[1.5,1.5,5,5],"texture":"#texture"},"down":{"uv":[1.5,1.5,5,5],"texture":"#texture"}}},{"from":[6.75,1.5,8.5],"to":[7.455,2.5,9.205],"rotation":{"angle":45,"axis":"y","origin":[6.75,1.5,8.5]},"faces":{"south":{"uv":[1.5,1.5,5,5],"texture":"#texture"},"west":{"uv":[1.5,1.5,5,5],"texture":"#texture"},"up":{"uv":[1.5,1.5,5,5],"texture":"#texture"},"down":{"uv":[1.5,1.5,5,5],"texture":"#texture"}}},{"from":[8.25,1.5,8],"to":[8.955,2.5,8.705],"rotation":{"angle":-45,"axis":"y","origin":[8.25,1.5,8]},"faces":{"east":{"uv":[1.5,1.5,5,5],"texture":"#texture"},"up":{"uv":[1.5,1.5,5,5],"texture":"#texture"},"down":{"uv":[1.5,1.5,5,5],"texture":"#texture"}}},{"from":[4.5,1.25,6.5],"to":[6.5,2.75,9.5],"faces":{"north":{"uv":[1.5,1.5,5,5],"texture":"#texture"},"east":{"uv":[1.5,1.5,5,5],"texture":"#texture"},"south":{"uv":[1.5,1.5,5,5],"texture":"#texture"},"west":{"uv":[1.5,1.5,5,5],"texture":"#texture"},"up":{"uv":[1.5,1.5,5,5],"texture":"#texture"},"down":{"uv":[1.5,1.5,5,5],"texture":"#texture"}}},{"from":[4.5,0.75,7],"to":[6.5,3.25,9],"faces":{"north":{"uv":[1.5,1.5,5,5],"texture":"#texture"},"east":{"uv":[1.5,1.5,5,5],"texture":"#texture"},"south":{"uv":[1.5,1.5,5,5],"texture":"#texture"},"west":{"uv":[1.5,1.5,5,5],"texture":"#texture"},"up":{"uv":[1.5,1.5,5,5],"texture":"#texture"},"down":{"uv":[1.5,1.5,5,5],"texture":"#texture"}}},{"from":[4,1.25,7],"to":[7,2.75,9],"faces":{"north":{"uv":[1.5,1.5,5,5],"texture":"#texture"},"east":{"uv":[1.5,1.5,5,5],"texture":"#texture"},"south":{"uv":[1.5,1.5,5,5],"texture":"#texture"},"west":{"uv":[1.5,1.5,5,5],"texture":"#texture"},"up":{"uv":[1.5,1.5,5,5],"texture":"#texture"},"down":{"uv":[1.5,1.5,5,5],"texture":"#texture"}}},{"from":[4,2.0465,7],"to":[4.705,2.7515,9],"rotation":{"angle":45,"axis":"z","origin":[4,2.75149,7]},"faces":{"north":{"uv":[1.5,1.5,5,5],"texture":"#texture"},"east":{"uv":[1.5,1.5,5,5],"texture":"#texture"},"south":{"uv":[1.5,1.5,5,5],"texture":"#texture"},"west":{"uv":[1.5,1.5,5,5],"texture":"#texture"},"up":{"uv":[1.5,1.5,5,5],"texture":"#texture"}}},{"from":[4,0.545,7],"to":[4.705,1.25,9],"rotation":{"angle":45,"axis":"z","origin":[4,1.25,7]},"faces":{"north":{"uv":[1.5,1.5,5,5],"texture":"#texture"},"south":{"uv":[1.5,1.5,5,5],"texture":"#texture"},"west":{"uv":[1.5,1.5,5,5],"texture":"#texture"},"down":{"uv":[1.5,1.5,5,5],"texture":"#texture"}}},{"from":[6.5,2.545,7],"to":[7.205,3.25,9],"rotation":{"angle":-45,"axis":"z","origin":[6.5,3.25,7]},"faces":{"north":{"uv":[1.5,1.5,5,5],"texture":"#texture"},"east":{"uv":[1.5,1.5,5,5],"texture":"#texture"},"south":{"uv":[1.5,1.5,5,5],"texture":"#texture"},"up":{"uv":[1.5,1.5,5,5],"texture":"#texture"}}},{"from":[6,0.545,7],"to":[6.705,1.25,9],"rotation":{"angle":45,"axis":"z","origin":[6,1.25,7]},"faces":{"north":{"uv":[1.5,1.5,5,5],"texture":"#texture"},"south":{"uv":[1.5,1.5,5,5],"texture":"#texture"},"down":{"uv":[1.5,1.5,5,5],"texture":"#texture"}}},{"from":[4.5,2.045,6.5],"to":[6.5,2.75,7.205],"rotation":{"angle":-45,"axis":"x","origin":[4.5,2.75,6.5]},"faces":{"east":{"uv":[1.5,1.5,5,5],"texture":"#texture"},"south":{"uv":[1.5,1.5,5,5],"texture":"#texture"},"west":{"uv":[1.5,1.5,5,5],"texture":"#texture"},"up":{"uv":[1.5,1.5,5,5],"texture":"#texture"}}},{"from":[4.5,2.545,9],"to":[6.5,3.25,9.705],"rotation":{"angle":45,"axis":"x","origin":[4.5,3.25,9]},"faces":{"east":{"uv":[1.5,1.5,5,5],"texture":"#texture"},"south":{"uv":[1.5,1.5,5,5],"texture":"#texture"},"west":{"uv":[1.5,1.5,5,5],"texture":"#texture"},"up":{"uv":[1.5,1.5,5,5],"texture":"#texture"}}},{"from":[4.5,0.545,6.5],"to":[6.5,1.25,7.205],"rotation":{"angle":-45,"axis":"x","origin":[4.5,1.25,6.5]},"faces":{"north":{"uv":[1.5,1.5,5,5],"texture":"#texture"},"east":{"uv":[1.5,1.5,5,5],"texture":"#texture"},"west":{"uv":[1.5,1.5,5,5],"texture":"#texture"},"down":{"uv":[1.5,1.5,5,5],"texture":"#texture"}}},{"from":[4.5,1.045,9],"to":[6.5,1.75,9.705],"rotation":{"angle":45,"axis":"x","origin":[4.5,1.75,9]},"faces":{"east":{"uv":[1.5,1.5,5,5],"texture":"#texture"},"south":{"uv":[1.5,1.5,5,5],"texture":"#texture"},"west":{"uv":[1.5,1.5,5,5],"texture":"#texture"}}},{"from":[4,1.25,7],"to":[4.705,2.75,7.705],"rotation":{"angle":45,"axis":"y","origin":[4,1.25,7]},"faces":{"north":{"uv":[1.5,1.5,5,5],"texture":"#texture"},"east":{"uv":[1.5,1.5,5,5],"texture":"#texture"},"up":{"uv":[1.5,1.5,5,5],"texture":"#texture"},"down":{"uv":[1.5,1.5,5,5],"texture":"#texture"}}},{"from":[6.5,1.25,6.5],"to":[7.205,2.75,7.205],"rotation":{"angle":-45,"axis":"y","origin":[6.5,1.25,6.5]},"faces":{"north":{"uv":[1.5,1.5,5,5],"texture":"#texture"},"east":{"uv":[1.5,1.5,5,5],"texture":"#texture"},"up":{"uv":[1.5,1.5,5,5],"texture":"#texture"},"down":{"uv":[1.5,1.5,5,5],"texture":"#texture"}}},{"from":[4,1.25,9],"to":[4.705,2.75,9.705],"rotation":{"angle":45,"axis":"y","origin":[4,1.25,9]},"faces":{"south":{"uv":[1.5,1.5,5,5],"texture":"#texture"},"west":{"uv":[1.5,1.5,5,5],"texture":"#texture"},"up":{"uv":[1.5,1.5,5,5],"texture":"#texture"},"down":{"uv":[1.5,1.5,5,5],"texture":"#texture"}}},{"from":[6.5,1.25,8.5],"to":[7.205,2.75,9.205],"rotation":{"angle":-45,"axis":"y","origin":[6.5,1.25,8.5]},"faces":{"east":{"uv":[1.5,1.5,5,5],"texture":"#texture"},"up":{"uv":[1.5,1.5,5,5],"texture":"#texture"},"down":{"uv":[1.5,1.5,5,5],"texture":"#texture"}}},{"from":[3.75,1.5,6.25],"to":[5.75,2.5,7.25],"rotation":{"angle":-22.5,"axis":"y","origin":[3.75,1.5,6.25]},"faces":{"north":{"uv":[1.5,1.5,5,5],"texture":"#texture"},"south":{"uv":[1.5,1.5,5,5],"texture":"#texture"},"west":{"uv":[1.5,1.5,5,5],"texture":"#texture"},"up":{"uv":[1.5,1.5,5,5],"texture":"#texture"},"down":{"uv":[1.5,1.5,5,5],"texture":"#texture"}}},{"from":[3.375,1.5,8.8125],"to":[5.375,2.5,9.8125],"rotation":{"angle":22.5,"axis":"y","origin":[3.375,1.5,8.8125]},"faces":{"north":{"uv":[1.5,1.5,5,5],"texture":"#texture"},"south":{"uv":[1.5,1.5,5,5],"texture":"#texture"},"west":{"uv":[1.5,1.5,5,5],"texture":"#texture"},"up":{"uv":[1.5,1.5,5,5],"texture":"#texture"},"down":{"uv":[1.5,1.5,5,5],"texture":"#texture"}}},{"from":[3.5,1.625,6.25],"to":[5.25,2.375,7],"rotation":{"angle":-22.5,"axis":"y","origin":[3.5,1.625,6.25]},"faces":{"north":{"uv":[1.5,1.5,5,5],"texture":"#texture"},"south":{"uv":[1.5,1.5,5,5],"texture":"#texture"},"west":{"uv":[1.5,1.5,5,5],"texture":"#texture"},"up":{"uv":[1.5,1.5,5,5],"texture":"#texture"},"down":{"uv":[1.5,1.5,5,5],"texture":"#texture"}}},{"from":[3.1875,1.625,9.0125],"to":[4.9375,2.375,9.7625],"rotation":{"angle":22.5,"axis":"y","origin":[3.1875,1.625,9.0125]},"faces":{"north":{"uv":[1.5,1.5,5,5],"texture":"#texture"},"south":{"uv":[1.5,1.5,5,5],"texture":"#texture"},"west":{"uv":[1.5,1.5,5,5],"texture":"#texture"},"up":{"uv":[1.5,1.5,5,5],"texture":"#texture"},"down":{"uv":[1.5,1.5,5,5],"texture":"#texture"}}},{"from":[7.75,10.5,6.5],"to":[9.75,13.75,9.5],"faces":{"north":{"uv":[1,1,3,3],"texture":"#texture"},"east":{"uv":[1,1,3,3],"texture":"#texture"},"south":{"uv":[1,1,3,3],"texture":"#texture"},"west":{"uv":[1,1,3,3],"texture":"#texture"},"up":{"uv":[1,1,3,3],"texture":"#texture"},"down":{"uv":[1,1,3,3],"texture":"#texture"}}},{"from":[7.25,11,6.5],"to":[10.25,13.25,9.5],"faces":{"north":{"uv":[1.5,1.5,5,5],"texture":"#texture"},"east":{"uv":[1.5,1.5,5,5],"texture":"#texture"},"south":{"uv":[1.5,1.5,5,5],"texture":"#texture"},"west":{"uv":[1.5,1.5,5,5],"texture":"#texture"},"up":{"uv":[1.5,1.5,5,5],"texture":"#texture"}}},{"from":[7.75,11,6],"to":[9.75,13.25,10],"faces":{"north":{"uv":[1.5,1.5,5,5],"texture":"#texture"},"east":{"uv":[1.5,1.5,5,5],"texture":"#texture"},"south":{"uv":[1.5,1.5,5,5],"texture":"#texture"},"west":{"uv":[1.5,1.5,5,5],"texture":"#texture"},"up":{"uv":[1.5,1.5,5,5],"texture":"#texture"},"down":{"uv":[1.5,1.5,5,5],"texture":"#texture"}}},{"from":[7.75,13.045,9.5],"to":[8.25,13.75,10.205],"rotation":{"angle":45,"axis":"x","origin":[7.15,13.75,9.5]},"faces":{"north":{"uv":[7,1,9,3],"texture":"#texture"},"east":{"uv":[7,1,9,3],"texture":"#texture"},"south":{"uv":[7,1,9,3],"texture":"#texture"},"west":{"uv":[7,1,9,3],"texture":"#texture"},"up":{"uv":[7,1,9,3],"texture":"#texture"},"down":{"uv":[7,1,9,3],"texture":"#texture"}}},{"from":[8.35,13.045,9.5],"to":[9.75,13.75,10.205],"rotation":{"angle":45,"axis":"x","origin":[7.75,13.75,9.5]},"faces":{"east":{"uv":[1.5,1.5,5,5],"texture":"#texture"},"south":{"uv":[1.5,1.5,5,5],"texture":"#texture"},"west":{"uv":[1.5,1.5,5,5],"texture":"#texture"},"up":{"uv":[1.5,1.5,5,5],"texture":"#texture"}}},{"from":[7.75,10.295,6],"to":[9.75,11,6.705],"rotation":{"angle":-45,"axis":"x","origin":[7.75,11,6]},"faces":{"north":{"uv":[1.5,1.5,5,5],"texture":"#texture"},"east":{"uv":[1.5,1.5,5,5],"texture":"#texture"},"west":{"uv":[1.5,1.5,5,5],"texture":"#texture"},"down":{"uv":[1.5,1.5,5,5],"texture":"#texture"}}},{"from":[7.75,10.795,9.5],"to":[9.75,11.5,10.205],"rotation":{"angle":45,"axis":"x","origin":[7.75,11.5,9.5]},"faces":{"east":{"uv":[1.5,1.5,5,5],"texture":"#texture"},"south":{"uv":[1.5,1.5,5,5],"texture":"#texture"},"west":{"uv":[1.5,1.5,5,5],"texture":"#texture"}}},{"from":[9.7,9.95,5.4],"to":[10.25,11,10.6],"faces":{"north":{"uv":[7,1,9,3],"texture":"#texture"},"east":{"uv":[7,1,9,3],"texture":"#texture"},"south":{"uv":[7,1,9,3],"texture":"#texture"},"west":{"uv":[7,1,9,3],"texture":"#texture"},"up":{"uv":[7,1,9,3],"texture":"#texture"},"down":{"uv":[7,1,9,3],"texture":"#texture"}}},{"from":[9.5,8.55,7],"to":[10.7,12.1,9],"faces":{"north":{"uv":[7,1,9,3],"texture":"#texture"},"east":{"uv":[7,1,9,3],"texture":"#texture"},"south":{"uv":[7,1,9,3],"texture":"#texture"},"west":{"uv":[7,1,9,3],"texture":"#texture"},"up":{"uv":[7,1,9,3],"texture":"#texture"},"down":{"uv":[7,1,9,3],"texture":"#texture"}}},{"from":[7.25,12.545,6.5],"to":[7.955,13.25,9.5],"rotation":{"angle":45,"axis":"z","origin":[7.25,13.25,6.5]},"faces":{"north":{"uv":[1.5,1.5,5,5],"texture":"#texture"},"east":{"uv":[1.5,1.5,5,5],"texture":"#texture"},"south":{"uv":[1.5,1.5,5,5],"texture":"#texture"},"up":{"uv":[1.5,1.5,5,5],"texture":"#texture"}}},{"from":[9.75,13.045,6.5],"to":[10.455,13.75,9.5],"rotation":{"angle":-45,"axis":"z","origin":[9.75,13.75,6.5]},"faces":{"north":{"uv":[1.5,1.5,5,5],"texture":"#texture"},"east":{"uv":[1.5,1.5,5,5],"texture":"#texture"},"south":{"uv":[1.5,1.5,5,5],"texture":"#texture"},"up":{"uv":[1.5,1.5,5,5],"texture":"#texture"}}},{"from":[7.25,10.295,6.5],"to":[7.955,11,9.5],"rotation":{"angle":45,"axis":"z","origin":[7.25,11,6.5]},"faces":{"north":{"uv":[1.5,1.5,5,5],"texture":"#texture"},"south":{"uv":[1.5,1.5,5,5],"texture":"#texture"},"west":{"uv":[1.5,1.5,5,5],"texture":"#texture"}}},{"from":[7.25,11,6.5],"to":[7.955,13.25,7.205],"rotation":{"angle":45,"axis":"y","origin":[7.25,11,6.5]},"faces":{"north":{"uv":[1.5,1.5,5,5],"texture":"#texture"},"east":{"uv":[1.5,1.5,5,5],"texture":"#texture"},"up":{"uv":[1.5,1.5,5,5],"texture":"#texture"},"down":{"uv":[1.5,1.5,5,5],"texture":"#texture"}}},{"from":[9.75,11,6],"to":[10.455,13.25,6.705],"rotation":{"angle":-45,"axis":"y","origin":[9.75,11,6]},"faces":{"north":{"uv":[1.5,1.5,5,5],"texture":"#texture"},"east":{"uv":[1.5,1.5,5,5],"texture":"#texture"},"up":{"uv":[1.5,1.5,5,5],"texture":"#texture"},"down":{"uv":[1.5,1.5,5,5],"texture":"#texture"}}},{"from":[7.25,11,9.5],"to":[7.955,13.25,10.205],"rotation":{"angle":45,"axis":"y","origin":[7.25,11,9.5]},"faces":{"south":{"uv":[1.5,1.5,5,5],"texture":"#texture"},"west":{"uv":[1.5,1.5,5,5],"texture":"#texture"},"up":{"uv":[1.5,1.5,5,5],"texture":"#texture"},"down":{"uv":[1.5,1.5,5,5],"texture":"#texture"}}},{"from":[9.75,11,9],"to":[10.455,13.25,9.705],"rotation":{"angle":-45,"axis":"y","origin":[9.75,11,9]},"faces":{"east":{"uv":[1.5,1.5,5,5],"texture":"#texture"},"up":{"uv":[1.5,1.5,5,5],"texture":"#texture"},"down":{"uv":[1.5,1.5,5,5],"texture":"#texture"}}},{"from":[7.5,13.32,9.23],"to":[9,14.02,11.455],"rotation":{"angle":-22.5,"axis":"x","origin":[8,14.02,9.23]},"faces":{"north":{"uv":[1,1,3,3],"texture":"#texture"},"east":{"uv":[1,1,3,3],"texture":"#texture"},"south":{"uv":[1,1,3,3],"texture":"#texture"},"west":{"uv":[1,1,3,3],"texture":"#texture"},"up":{"uv":[1,1,3,3],"texture":"#texture"},"down":{"uv":[1,1,3,3],"texture":"#texture"}}},{"from":[7.2,12.15,8.35],"to":[9,12.85,10.3],"rotation":{"angle":-45,"axis":"x","origin":[8,12.15,8.35]},"faces":{"north":{"uv":[1,1,3,3],"texture":"#texture"},"east":{"uv":[1,1,3,3],"texture":"#texture"},"south":{"uv":[1,1,3,3],"texture":"#texture"},"west":{"uv":[1,1,3,3],"texture":"#texture"},"up":{"uv":[1,1,3,3],"texture":"#texture"},"down":{"uv":[1,1,3,3],"texture":"#texture"}}},{"from":[7.2,12.15,7.65],"to":[9,12.75,8.35],"faces":{"north":{"uv":[1.5,1.5,5,5],"texture":"#texture"},"south":{"uv":[1.5,1.5,5,5],"texture":"#texture"},"west":{"uv":[1.5,1.5,5,5],"texture":"#texture"},"down":{"uv":[1.5,1.5,5,5],"texture":"#texture"}}},{"from":[7.24,11.875,8.25],"to":[8.24,13,9.5],"faces":{"west":{"uv":[2,0,12,13.25],"texture":"#particle"}}},{"from":[8.15,11.3625,10.1125],"to":[9,12.3625,12.2625],"rotation":{"angle":-45,"axis":"x","origin":[7.5,11.5625,8.8125]},"faces":{"north":{"uv":[1,1,3,3],"texture":"#texture"},"east":{"uv":[1,1,3,3],"texture":"#texture"},"south":{"uv":[1,1,3,3],"texture":"#texture"},"west":{"uv":[1,2.5,9.5,9.5],"texture":"#ear","rotation":90},"up":{"uv":[1,1,3,3],"texture":"#texture"},"down":{"uv":[1,1,3,3],"texture":"#texture"}}},{"from":[8.1,11.0625,8.8125],"to":[9,11.3625,11.5625],"rotation":{"angle":-45,"axis":"x","origin":[7.5,11.5625,8.8125]},"faces":{"north":{"uv":[1,1,3,3],"texture":"#texture"},"east":{"uv":[1,1,3,3],"texture":"#texture"},"south":{"uv":[1,1,3,3],"texture":"#texture"},"west":{"uv":[1,1,3,3],"texture":"#texture"},"up":{"uv":[1,1,3,3],"texture":"#texture"},"down":{"uv":[1,1,3,3],"texture":"#texture"}}},{"from":[8.1,13.154,10.81],"to":[9,14.312,11.11],"rotation":{"angle":22.5,"axis":"x","origin":[8.25,13.154,11.11]},"faces":{"north":{"uv":[1,1,3,3],"texture":"#texture"},"east":{"uv":[1,1,3,3],"texture":"#texture"},"south":{"uv":[1,1,3,3],"texture":"#texture"},"west":{"uv":[1,1,3,3],"texture":"#texture"},"up":{"uv":[1,1,3,3],"texture":"#texture"},"down":{"uv":[1,1,3,3],"texture":"#texture"}}},{"from":[7.24,11.125,6.875],"to":[8.24,11.5,9.125],"faces":{"west":{"uv":[0.25,0.25,15.75,4],"texture":"#mouth"}}},{"from":[7.24,11.125,6.75],"to":[7.3025,11.5,7.125],"rotation":{"angle":-22.5,"axis":"z","origin":[7.24,11.5,6.75]},"faces":{"west":{"uv":[0.5,0.5,13,13],"texture":"#tooth"}}},{"from":[7.24,11.125,8.875],"to":[7.3025,11.5,9.25],"rotation":{"angle":-22.5,"axis":"z","origin":[7.24,11.5,8.875]},"faces":{"west":{"uv":[0.5,0.5,13,13],"texture":"#tooth"}}},{"from":[7.24,11.25,7.225],"to":[7.3025,11.5,7.475],"rotation":{"angle":-22.5,"axis":"z","origin":[7.24,11.5,7.225]},"faces":{"west":{"uv":[0.5,0.5,13,13],"texture":"#tooth"}}},{"from":[7.24,11.25,8.525],"to":[7.3025,11.5,8.775],"rotation":{"angle":-22.5,"axis":"z","origin":[7.24,11.5,8.525]},"faces":{"west":{"uv":[0.5,0.5,13,13],"texture":"#tooth"}}},{"from":[7.24,11.275,7.575],"to":[7.3025,11.5,7.8],"rotation":{"angle":-22.5,"axis":"z","origin":[7.24,11.5,7.575]},"faces":{"west":{"uv":[0.5,13,13,0.5],"texture":"#claw"}}},{"from":[7.24,11.275,8.2],"to":[7.3025,11.5,8.425],"rotation":{"angle":-22.5,"axis":"z","origin":[7.24,11.5,8.3]},"faces":{"west":{"uv":[0.5,13,13,0.5],"texture":"#claw"}}},{"from":[5,8.35,1.15],"to":[7.75,10.6,1.9],"faces":{"north":{"uv":[1,1,3,3],"texture":"#texture"},"east":{"uv":[1,1,3,3],"texture":"#texture"},"south":{"uv":[1,1,3,3],"texture":"#texture"},"west":{"uv":[1,1,3,3],"texture":"#texture"},"up":{"uv":[1,1,3,3],"texture":"#texture"},"down":{"uv":[1,1,3,3],"texture":"#texture"}}},{"from":[8.35,13.045,5.795],"to":[9.75,13.75,6.5],"rotation":{"angle":-45,"axis":"x","origin":[7.75,13.75,6.5]},"faces":{"north":{"uv":[5,1.5,1.5,5],"texture":"#texture"},"east":{"uv":[5,1.5,1.5,5],"texture":"#texture"},"west":{"uv":[5,1.5,1.5,5],"texture":"#texture"},"up":{"uv":[1.5,5,5,1.5],"texture":"#texture"}}},{"from":[7.2,12.15,5.7],"to":[9,12.85,7.65],"rotation":{"angle":45,"axis":"x","origin":[8,12.15,7.65]},"faces":{"north":{"uv":[3,1,1,3],"texture":"#texture"},"east":{"uv":[3,1,1,3],"texture":"#texture"},"south":{"uv":[3,1,1,3],"texture":"#texture"},"west":{"uv":[3,1,1,3],"texture":"#texture"},"up":{"uv":[1,3,3,1],"texture":"#texture"},"down":{"uv":[1,3,3,1],"texture":"#texture"}}},{"from":[7.5,13.32,4.545],"to":[9,14.02,6.77],"rotation":{"angle":22.5,"axis":"x","origin":[8,14.02,6.77]},"faces":{"north":{"uv":[3,1,1,3],"texture":"#texture"},"east":{"uv":[3,1,1,3],"texture":"#texture"},"south":{"uv":[3,1,1,3],"texture":"#texture"},"west":{"uv":[3,1,1,3],"texture":"#texture"},"up":{"uv":[1,3,3,1],"texture":"#texture"},"down":{"uv":[1,3,3,1],"texture":"#texture"}}},{"from":[8.1,13.154,4.89],"to":[9,14.312,5.19],"rotation":{"angle":-22.5,"axis":"x","origin":[8.25,13.154,4.89]},"faces":{"north":{"uv":[3,1,1,3],"texture":"#texture"},"east":{"uv":[3,1,1,3],"texture":"#texture"},"south":{"uv":[3,1,1,3],"texture":"#texture"},"west":{"uv":[3,1,1,3],"texture":"#texture"},"up":{"uv":[1,3,3,1],"texture":"#texture"},"down":{"uv":[1,3,3,1],"texture":"#texture"}}},{"from":[8.1,11.0625,4.4375],"to":[9,11.3625,7.1875],"rotation":{"angle":45,"axis":"x","origin":[7.5,11.5625,7.1875]},"faces":{"north":{"uv":[3,1,1,3],"texture":"#texture"},"east":{"uv":[3,1,1,3],"texture":"#texture"},"south":{"uv":[3,1,1,3],"texture":"#texture"},"west":{"uv":[3,1,1,3],"texture":"#texture"},"up":{"uv":[1,3,3,1],"texture":"#texture"},"down":{"uv":[1,3,3,1],"texture":"#texture"}}},{"from":[8.15,11.3625,3.7375],"to":[9,12.3625,5.8875],"rotation":{"angle":45,"axis":"x","origin":[7.5,11.5625,7.1875]},"faces":{"north":{"uv":[3,1,1,3],"texture":"#texture"},"east":{"uv":[3,1,1,3],"texture":"#texture"},"south":{"uv":[3,1,1,3],"texture":"#texture"},"west":{"uv":[9.5,2.5,1,9.5],"texture":"#ear","rotation":270},"up":{"uv":[1,3,3,1],"texture":"#texture"},"down":{"uv":[1,3,3,1],"texture":"#texture"}}},{"from":[7.75,13.045,5.795],"to":[8.25,13.75,6.5],"rotation":{"angle":-45,"axis":"x","origin":[7.15,13.75,6.5]},"faces":{"north":{"uv":[9,1,7,3],"texture":"#texture"},"east":{"uv":[9,1,7,3],"texture":"#texture"},"south":{"uv":[9,1,7,3],"texture":"#texture"},"west":{"uv":[9,1,7,3],"texture":"#texture"},"up":{"uv":[7,3,9,1],"texture":"#texture"},"down":{"uv":[7,3,9,1],"texture":"#texture"}}},{"from":[7.24,11.875,6.5],"to":[8.24,13,7.65],"faces":{"west":{"uv":[12,0,2,13.25],"texture":"#particle"}}},{"from":[4.495,9.65,1.9],"to":[5.2,10.355,2.65],"rotation":{"angle":-45,"axis":"z","origin":[5.2,9.65,2.65]},"faces":{"north":{"uv":[1,1,3,3],"texture":"#texture"},"east":{"uv":[1,1,3,3],"texture":"#texture"},"south":{"uv":[1,1,3,3],"texture":"#texture"},"west":{"uv":[1,1,3,3],"texture":"#texture"},"up":{"uv":[1,1,3,3],"texture":"#texture"},"down":{"uv":[1,1,3,3],"texture":"#texture"}}},{"from":[4.295,9.6,1.15],"to":[5,10.305,1.9],"rotation":{"angle":-45,"axis":"z","origin":[5,9.6,1.9]},"faces":{"north":{"uv":[1,1,3,3],"texture":"#texture"},"east":{"uv":[1,1,3,3],"texture":"#texture"},"south":{"uv":[1,1,3,3],"texture":"#texture"},"west":{"uv":[1,1,3,3],"texture":"#texture"},"up":{"uv":[1,1,3,3],"texture":"#texture"},"down":{"uv":[1,1,3,3],"texture":"#texture"}}},{"from":[4.495,8.8,2.15],"to":[5.2,10.15,2.855],"rotation":{"angle":45,"axis":"y","origin":[5.2,8.6,2.15]},"faces":{"north":{"uv":[1,1,3,3],"texture":"#texture"},"east":{"uv":[1,1,3,3],"texture":"#texture"},"south":{"uv":[1,1,3,3],"texture":"#texture"},"west":{"uv":[1,1,3,3],"texture":"#texture"},"up":{"uv":[1,1,3,3],"texture":"#texture"},"down":{"uv":[1,1,3,3],"texture":"#texture"}}},{"from":[6.55,9.86,14.1],"to":[7.75,10.61,14.85],"faces":{"up":{"uv":[0.5,13,13,0.5],"texture":"#claw"}}},{"from":[5.2,9.86,14.1],"to":[6.45,10.61,14.85],"faces":{"up":{"uv":[0.5,13,13,0.5],"texture":"#claw"}}},{"from":[5.2,8.3,13.35],"to":[7.75,10.65,14.1],"faces":{"north":{"uv":[1,1,3,3],"texture":"#texture"},"east":{"uv":[1,1,3,3],"texture":"#texture"},"south":{"uv":[1,1,3,3],"texture":"#texture"},"west":{"uv":[1,1,3,3],"texture":"#texture"},"up":{"uv":[1,1,3,3],"texture":"#texture"},"down":{"uv":[1,1,3,3],"texture":"#texture"}}},{"from":[4.495,9.65,13.35],"to":[5.2,10.355,14.1],"rotation":{"angle":-45,"axis":"z","origin":[5.2,9.65,13.35]},"faces":{"north":{"uv":[1,1,3,3],"texture":"#texture"},"east":{"uv":[1,1,3,3],"texture":"#texture"},"south":{"uv":[1,1,3,3],"texture":"#texture"},"west":{"uv":[1,1,3,3],"texture":"#texture"},"up":{"uv":[1,1,3,3],"texture":"#texture"},"down":{"uv":[1,1,3,3],"texture":"#texture"}}},{"from":[4.295,9.6,14.1],"to":[5,10.305,14.85],"rotation":{"angle":-45,"axis":"z","origin":[5,9.6,14.1]},"faces":{"north":{"uv":[1,1,3,3],"texture":"#texture"},"east":{"uv":[1,1,3,3],"texture":"#texture"},"south":{"uv":[1,1,3,3],"texture":"#texture"},"west":{"uv":[1,1,3,3],"texture":"#texture"},"up":{"uv":[1,1,3,3],"texture":"#texture"},"down":{"uv":[1,1,3,3],"texture":"#texture"}}},{"from":[5,8.35,14.1],"to":[7.75,10.6,14.85],"faces":{"north":{"uv":[1,1,3,3],"texture":"#texture"},"east":{"uv":[1,1,3,3],"texture":"#texture"},"south":{"uv":[1,1,3,3],"texture":"#texture"},"west":{"uv":[1,1,3,3],"texture":"#texture"},"up":{"uv":[1,1,3,3],"texture":"#texture"},"down":{"uv":[1,1,3,3],"texture":"#texture"}}},{"from":[5,10.1,14.645],"to":[7.75,10.805,15.35],"rotation":{"angle":-45,"axis":"x","origin":[5,10.1,15.35]},"faces":{"north":{"uv":[1,1,3,3],"texture":"#texture"},"east":{"uv":[1,1,3,3],"texture":"#texture"},"south":{"uv":[1,1,3,3],"texture":"#texture"},"west":{"uv":[1,1,3,3],"texture":"#texture"},"up":{"uv":[1,1,3,3],"texture":"#texture"},"down":{"uv":[1,1,3,3],"texture":"#texture"}}},{"from":[5,8.85,14.1],"to":[7.75,10.1,15.35],"faces":{"north":{"uv":[1,1,3,3],"texture":"#texture"},"east":{"uv":[1,1,3,3],"texture":"#texture"},"south":{"uv":[1,1,3,3],"texture":"#texture"},"west":{"uv":[1,1,3,3],"texture":"#texture"},"up":{"uv":[1,1,3,3],"texture":"#texture"},"down":{"uv":[1,1,3,3],"texture":"#texture"}}},{"from":[4.5,8.85,14.145],"to":[5.205,10.1,14.85],"rotation":{"angle":-45,"axis":"y","origin":[4.5,8.85,14.85]},"faces":{"north":{"uv":[1,1,3,3],"texture":"#texture"},"east":{"uv":[1,1,3,3],"texture":"#texture"},"south":{"uv":[1,1,3,3],"texture":"#texture"},"west":{"uv":[1,1,3,3],"texture":"#texture"},"up":{"uv":[1,1,3,3],"texture":"#texture"},"down":{"uv":[1,1,3,3],"texture":"#texture"}}},{"from":[4.7,8.8,13.35],"to":[8.25,10.15,14.1],"faces":{"north":{"uv":[1,1,3,3],"texture":"#texture"},"east":{"uv":[1,1,3,3],"texture":"#texture"},"south":{"uv":[1,1,3,3],"texture":"#texture"},"west":{"uv":[1,1,3,3],"texture":"#texture"},"up":{"uv":[1,1,3,3],"texture":"#texture"},"down":{"uv":[1,1,3,3],"texture":"#texture"}}},{"from":[4.5,9,13.7],"to":[4.8,9.85,14.55],"rotation":{"angle":-45,"axis":"x","origin":[4.65,9.475,14.075]},"faces":{"north":{"uv":[1,1,3,3],"texture":"#texture"},"east":{"uv":[1,1,3,3],"texture":"#texture"},"south":{"uv":[1,1,3,3],"texture":"#texture"},"west":{"uv":[1,1,3,3],"texture":"#texture"},"up":{"uv":[1,1,3,3],"texture":"#texture"},"down":{"uv":[1,1,3,3],"texture":"#texture"}}},{"from":[5.2,8.3,12.645],"to":[7.75,9.005,13.35],"rotation":{"angle":45,"axis":"x","origin":[5,8.3,13.35]},"faces":{"north":{"uv":[1,1,3,3],"texture":"#texture"},"east":{"uv":[1,1,3,3],"texture":"#texture"},"south":{"uv":[1,1,3,3],"texture":"#texture"},"west":{"uv":[1,1,3,3],"texture":"#texture"},"up":{"uv":[1,1,3,3],"texture":"#texture"},"down":{"uv":[1,1,3,3],"texture":"#texture"}}},{"from":[5.2,8.8,12.85],"to":[7.75,10.15,13.6],"faces":{"north":{"uv":[1,1,3,3],"texture":"#texture"},"east":{"uv":[1,1,3,3],"texture":"#texture"},"south":{"uv":[1,1,3,3],"texture":"#texture"},"west":{"uv":[1,1,3,3],"texture":"#texture"},"up":{"uv":[1,1,3,3],"texture":"#texture"},"down":{"uv":[1,1,3,3],"texture":"#texture"}}},{"from":[4.495,8.8,13.145],"to":[5.2,10.15,13.85],"rotation":{"angle":-45,"axis":"y","origin":[5.2,8.6,13.85]},"faces":{"north":{"uv":[1,1,3,3],"texture":"#texture"},"east":{"uv":[1,1,3,3],"texture":"#texture"},"south":{"uv":[1,1,3,3],"texture":"#texture"},"west":{"uv":[1,1,3,3],"texture":"#texture"},"up":{"uv":[1,1,3,3],"texture":"#texture"},"down":{"uv":[1,1,3,3],"texture":"#texture"}}},{"from":[5.2,10.15,13.145],"to":[7.75,10.855,13.85],"rotation":{"angle":-45,"axis":"x","origin":[5,10.15,13.85]},"faces":{"north":{"uv":[1,1,3,3],"texture":"#texture"},"east":{"uv":[1,1,3,3],"texture":"#texture"},"south":{"uv":[1,1,3,3],"texture":"#texture"},"west":{"uv":[1,1,3,3],"texture":"#texture"},"up":{"uv":[1,1,3,3],"texture":"#texture"},"down":{"uv":[1,1,3,3],"texture":"#texture"}}},{"from":[4.7,8.8,13.35],"to":[5.405,9.505,14.1],"rotation":{"angle":-45,"axis":"z","origin":[4.7,8.8,13.35]},"faces":{"north":{"uv":[1,1,3,3],"texture":"#texture"},"east":{"uv":[1,1,3,3],"texture":"#texture"},"south":{"uv":[1,1,3,3],"texture":"#texture"},"west":{"uv":[1,1,3,3],"texture":"#texture"},"up":{"uv":[1,1,3,3],"texture":"#texture"},"down":{"uv":[1,1,3,3],"texture":"#texture"}}},{"from":[4.5,8.85,14.1],"to":[5.205,9.555,14.85],"rotation":{"angle":-45,"axis":"z","origin":[4.5,8.85,14.1]},"faces":{"north":{"uv":[1,1,3,3],"texture":"#texture"},"east":{"uv":[1,1,3,3],"texture":"#texture"},"south":{"uv":[1,1,3,3],"texture":"#texture"},"west":{"uv":[1,1,3,3],"texture":"#texture"},"up":{"uv":[1,1,3,3],"texture":"#texture"},"down":{"uv":[1,1,3,3],"texture":"#texture"}}},{"from":[5,8.35,14.145],"to":[7.75,9.055,14.85],"rotation":{"angle":45,"axis":"x","origin":[5,8.35,14.85]},"faces":{"north":{"uv":[1,1,3,3],"texture":"#texture"},"east":{"uv":[1,1,3,3],"texture":"#texture"},"south":{"uv":[1,1,3,3],"texture":"#texture"},"west":{"uv":[1,1,3,3],"texture":"#texture"},"up":{"uv":[1,1,3,3],"texture":"#texture"},"down":{"uv":[1,1,3,3],"texture":"#texture"}}},{"from":[6.55,8.34,14.1],"to":[7.75,9.09,14.85],"faces":{"down":{"uv":[0.5,13,13,0.5],"texture":"#claw","rotation":180}}},{"from":[5.2,8.34,14.1],"to":[6.45,9.09,14.85],"faces":{"down":{"uv":[0.5,13,13,0.5],"texture":"#claw","rotation":180}}},{"from":[7.75,8.3,13.35],"to":[8.455,9.005,14.1],"rotation":{"angle":45,"axis":"z","origin":[7.75,8.3,13.35]},"faces":{"north":{"uv":[1,1,3,3],"texture":"#texture"},"east":{"uv":[1,1,3,3],"texture":"#texture"},"south":{"uv":[1,1,3,3],"texture":"#texture"},"west":{"uv":[1,1,3,3],"texture":"#texture"},"up":{"uv":[1,1,3,3],"texture":"#texture"},"down":{"uv":[1,1,3,3],"texture":"#texture"}}},{"from":[7.75,8.35,14.1],"to":[8.455,9.055,14.85],"rotation":{"angle":45,"axis":"z","origin":[7.75,8.35,14.1]},"faces":{"north":{"uv":[1,1,3,3],"texture":"#texture"},"east":{"uv":[1,1,3,3],"texture":"#texture"},"south":{"uv":[1,1,3,3],"texture":"#texture"},"west":{"uv":[1,1,3,3],"texture":"#texture"},"up":{"uv":[1,1,3,3],"texture":"#texture"},"down":{"uv":[1,1,3,3],"texture":"#texture"}}},{"from":[7.75,8.85,14.645],"to":[8.455,10.1,15.35],"rotation":{"angle":45,"axis":"y","origin":[7.75,8.85,15.35]},"faces":{"north":{"uv":[1,1,3,3],"texture":"#texture"},"east":{"uv":[1,1,3,3],"texture":"#texture"},"south":{"uv":[1,1,3,3],"texture":"#texture"},"west":{"uv":[1,1,3,3],"texture":"#texture"},"up":{"uv":[1,1,3,3],"texture":"#texture"},"down":{"uv":[1,1,3,3],"texture":"#texture"}}},{"from":[4.5,8.85,14.1],"to":[8.25,10.1,14.85],"faces":{"north":{"uv":[1,1,3,3],"texture":"#texture"},"east":{"uv":[1,1,3,3],"texture":"#texture"},"south":{"uv":[1,1,3,3],"texture":"#texture"},"west":{"uv":[1,1,3,3],"texture":"#texture"},"up":{"uv":[1,1,3,3],"texture":"#texture"},"down":{"uv":[1,1,3,3],"texture":"#texture"}}},{"from":[7.75,9.6,14.1],"to":[8.455,10.305,14.85],"rotation":{"angle":45,"axis":"z","origin":[7.75,9.6,14.1]},"faces":{"north":{"uv":[1,1,3,3],"texture":"#texture"},"east":{"uv":[1,1,3,3],"texture":"#texture"},"south":{"uv":[1,1,3,3],"texture":"#texture"},"west":{"uv":[1,1,3,3],"texture":"#texture"},"up":{"uv":[1,1,3,3],"texture":"#texture"},"down":{"uv":[1,1,3,3],"texture":"#texture"}}},{"from":[7.75,9.65,13.35],"to":[8.455,10.355,14.1],"rotation":{"angle":45,"axis":"z","origin":[7.75,9.65,13.35]},"faces":{"north":{"uv":[1,1,3,3],"texture":"#texture"},"east":{"uv":[1,1,3,3],"texture":"#texture"},"south":{"uv":[1,1,3,3],"texture":"#texture"},"west":{"uv":[1,1,3,3],"texture":"#texture"},"up":{"uv":[1,1,3,3],"texture":"#texture"},"down":{"uv":[1,1,3,3],"texture":"#texture"}}},{"from":[7.75,8.8,13.145],"to":[8.455,10.15,13.85],"rotation":{"angle":45,"axis":"y","origin":[7.75,8.6,13.85]},"faces":{"north":{"uv":[1,1,3,3],"texture":"#texture"},"east":{"uv":[1,1,3,3],"texture":"#texture"},"south":{"uv":[1,1,3,3],"texture":"#texture"},"west":{"uv":[1,1,3,3],"texture":"#texture"},"up":{"uv":[1,1,3,3],"texture":"#texture"},"down":{"uv":[1,1,3,3],"texture":"#texture"}}}],"display":{"thirdperson_righthand":{"scale":[0,0,0]},"thirdperson_lefthand":{"scale":[0,0,0]},"firstperson_righthand":{"scale":[0,0,0]},"firstperson_lefthand":{"scale":[0,0,0]},"ground":{"scale":[0,0,0]},"gui":{"rotation":[30,45,0],"translation":[-0.15,-0.35,0],"scale":[0.95,0.95,0.95]},"head":{"rotation":[0,-90,0],"translation":[0,-5,-2],"scale":[3.5,3.5,3.5]},"fixed":{"scale":[0,0,0]}}}