{"credit":"Designed by Madstonmagic with BDcraft Cubik PRO 0.96 Beta - http://bdcraft.net","textures":{"texture":"pokemon_skins/regular/froslass/froslass","back":"pokemon_skins/regular/froslass/back","arm":"pokemon_skins/regular/froslass/arm","head":"pokemon_skins/regular/froslass/head","head_2":"pokemon_skins/regular/froslass/head_2","particle":"pokemon_skins/regular/froslass/eye"},"elements":[{"from":[6.5,10.5,6.5],"to":[9.5,15.5,9.5],"faces":{"north":{"uv":[1,1,4,4],"texture":"#texture"},"east":{"uv":[1,1,4,4],"texture":"#texture"},"south":{"uv":[1,1,4,4],"texture":"#texture"},"west":{"uv":[1,1,4,4],"texture":"#texture"},"up":{"uv":[1,1,4,4],"texture":"#texture"},"down":{"uv":[4,1,10,4],"texture":"#texture"}}},{"from":[6.5,11.5,5.5],"to":[9.5,14.5,10.5],"faces":{"north":{"uv":[10,1,4,4],"texture":"#texture"},"east":{"uv":[6,1,9,4],"texture":"#texture"},"south":{"uv":[4,1,10,4],"texture":"#texture"},"west":{"uv":[1,1,4,4],"texture":"#texture"},"up":{"uv":[1,1,4,4],"texture":"#texture"},"down":{"uv":[1,1,4,4],"texture":"#texture"}}},{"from":[5.5,11.5,6.5],"to":[10.5,14.5,9.5],"faces":{"north":{"uv":[1,1,4,4],"texture":"#texture"},"east":{"uv":[1,1,4,4],"texture":"#texture"},"south":{"uv":[1,1,4,4],"texture":"#texture"},"west":{"uv":[1,1,4,4],"texture":"#texture"},"up":{"uv":[1,1,4,4],"texture":"#texture"},"down":{"uv":[1,1,4,4],"texture":"#texture"}}},{"from":[6.5,10.085,5.5],"to":[9.5,11.5,6.915],"rotation":{"angle":-45,"axis":"x","origin":[6.5,11.5,5.5]},"faces":{"north":{"uv":[10,1,4,4],"texture":"#texture"},"east":{"uv":[6,1,9,4],"texture":"#texture"},"south":{"uv":[1,1,4,4],"texture":"#texture"},"west":{"uv":[1,1,4,4],"texture":"#texture"},"up":{"uv":[1,1,4,4],"texture":"#texture"},"down":{"uv":[1,1,4,4],"texture":"#texture"}}},{"from":[6.5,11.085,9.5],"to":[9.5,12.5,10.915],"rotation":{"angle":45,"axis":"x","origin":[6.5,12.5,9.5]},"faces":{"north":{"uv":[1,1,4,4],"texture":"#texture"},"east":{"uv":[6,1,9,4],"texture":"#texture"},"south":{"uv":[4,1,10,4],"texture":"#texture"},"west":{"uv":[1,1,4,4],"texture":"#texture"},"up":{"uv":[1,1,4,4],"texture":"#texture"},"down":{"uv":[1,1,4,4],"texture":"#texture"}}},{"from":[5.5,10.085,6.5],"to":[6.915,11.5,9.5],"rotation":{"angle":45,"axis":"z","origin":[5.5,11.5,6.5]},"faces":{"north":{"uv":[1,1,4,4],"texture":"#texture"},"east":{"uv":[1,1,4,4],"texture":"#texture"},"south":{"uv":[1,1,4,4],"texture":"#texture"},"west":{"uv":[1,1,4,4],"texture":"#texture"},"up":{"uv":[1,1,4,4],"texture":"#texture"},"down":{"uv":[1,1,4,4],"texture":"#texture"}}},{"from":[9.5,11.085,6.5],"to":[10.915,12.5,9.5],"rotation":{"angle":-45,"axis":"z","origin":[9.5,12.5,6.5]},"faces":{"north":{"uv":[6,1,9,4],"texture":"#texture"},"east":{"uv":[6,1,9,4],"texture":"#texture"},"south":{"uv":[6,1,9,4],"texture":"#texture"},"west":{"uv":[6,1,9,4],"texture":"#texture"},"up":{"uv":[6,1,9,4],"texture":"#texture"},"down":{"uv":[6,1,9,4],"texture":"#texture"}}},{"from":[5.5,11.5,6.5],"to":[6.915,14.5,7.915],"rotation":{"angle":45,"axis":"y","origin":[5.5,11.5,6.5]},"faces":{"north":{"uv":[1,1,4,4],"texture":"#texture"},"east":{"uv":[1,1,4,4],"texture":"#texture"},"south":{"uv":[1,1,4,4],"texture":"#texture"},"west":{"uv":[1,1,4,4],"texture":"#texture"},"up":{"uv":[1,1,4,4],"texture":"#texture"},"down":{"uv":[1,1,4,4],"texture":"#texture"}}},{"from":[5.5,11.5,9.5],"to":[6.915,14.5,10.915],"rotation":{"angle":45,"axis":"y","origin":[5.5,11.5,9.5]},"faces":{"north":{"uv":[1,1,4,4],"texture":"#texture"},"east":{"uv":[1,1,4,4],"texture":"#texture"},"south":{"uv":[1,1,4,4],"texture":"#texture"},"west":{"uv":[1,1,4,4],"texture":"#texture"},"up":{"uv":[1,1,4,4],"texture":"#texture"},"down":{"uv":[1,1,4,4],"texture":"#texture"}}},{"from":[6.5,15.5,6.5],"to":[9.5,16.5,9.5],"faces":{"north":{"uv":[6,6,9,9],"texture":"#texture"},"east":{"uv":[6,6,9,9],"texture":"#texture"},"south":{"uv":[6,6,9,9],"texture":"#texture"},"west":{"uv":[6,6,9,9],"texture":"#texture"},"up":{"uv":[6,6,9,9],"texture":"#texture"},"down":{"uv":[6,6,9,9],"texture":"#texture"}}},{"from":[6.5,12.5,5],"to":[9.5,15,11],"faces":{"north":{"uv":[6,6,9,9],"texture":"#texture"},"east":{"uv":[6,6,9,9],"texture":"#texture"},"south":{"uv":[6,6,9,9],"texture":"#texture"},"west":{"uv":[6,6,9,9],"texture":"#texture"},"up":{"uv":[6,6,9,9],"texture":"#texture"},"down":{"uv":[6,6,9,9],"texture":"#texture"}}},{"from":[6.5,12.875,5],"to":[9.5,15,7.125],"rotation":{"angle":-45,"axis":"x","origin":[6.5,15,5]},"faces":{"north":{"uv":[6,6,9,9],"texture":"#texture"},"east":{"uv":[6,6,9,9],"texture":"#texture"},"south":{"uv":[6,6,9,9],"texture":"#texture"},"west":{"uv":[6,6,9,9],"texture":"#texture"},"up":{"uv":[6,6,9,9],"texture":"#texture"},"down":{"uv":[6,6,9,9],"texture":"#texture"}}},{"from":[6.5,14.375,9.5],"to":[9.5,16.5,11.625],"rotation":{"angle":45,"axis":"x","origin":[6.5,16.5,9.5]},"faces":{"north":{"uv":[6,6,9,9],"texture":"#texture"},"east":{"uv":[6,6,9,9],"texture":"#texture"},"south":{"uv":[6,6,9,9],"texture":"#texture"},"west":{"uv":[6,6,9,9],"texture":"#texture"},"up":{"uv":[6,6,9,9],"texture":"#texture"},"down":{"uv":[6,6,9,9],"texture":"#texture"}}},{"from":[10,12.5,6.5],"to":[11,15,9.5],"faces":{"north":{"uv":[6,6,9,9],"texture":"#texture"},"east":{"uv":[6,6,9,9],"texture":"#texture"},"south":{"uv":[6,6,9,9],"texture":"#texture"},"west":{"uv":[6,6,9,9],"texture":"#texture"},"up":{"uv":[6,6,9,9],"texture":"#texture"},"down":{"uv":[6,6,9,9],"texture":"#texture"}}},{"from":[5,12,6.5],"to":[8.8,15,9.5],"faces":{"north":{"uv":[6,6,9,9],"texture":"#texture"},"east":{"uv":[6,6,9,9],"texture":"#texture"},"south":{"uv":[6,6,9,9],"texture":"#texture"},"west":{"uv":[6,6,9,9],"texture":"#texture"},"up":{"uv":[6,6,9,9],"texture":"#texture"},"down":{"uv":[6,6,9,9],"texture":"#texture"}}},{"from":[5,12.875,6.5],"to":[7.125,15,9.5],"rotation":{"angle":45,"axis":"z","origin":[5,15,6.5]},"faces":{"north":{"uv":[6,6,9,9],"texture":"#texture"},"east":{"uv":[6,6,9,9],"texture":"#texture"},"south":{"uv":[6,6,9,9],"texture":"#texture"},"west":{"uv":[6,6,9,9],"texture":"#texture"},"up":{"uv":[6,6,9,9],"texture":"#texture"},"down":{"uv":[6,6,9,9],"texture":"#texture"}}},{"from":[9.5,14.375,6.5],"to":[11.625,16.5,9.5],"rotation":{"angle":-45,"axis":"z","origin":[9.5,16.5,6.5]},"faces":{"north":{"uv":[6,6,9,9],"texture":"#texture"},"east":{"uv":[6,6,9,9],"texture":"#texture"},"south":{"uv":[6,6,9,9],"texture":"#texture"},"west":{"uv":[6,6,9,9],"texture":"#texture"},"up":{"uv":[6,6,9,9],"texture":"#texture"},"down":{"uv":[6,6,9,9],"texture":"#texture"}}},{"from":[9.8,11.5,5.375],"to":[12.015,12.5,6.79],"rotation":{"angle":-45,"axis":"y","origin":[9.5,11.5,5.075]},"faces":{"north":{"uv":[6,1,9,4],"texture":"#texture"},"east":{"uv":[6,1,9,4],"texture":"#texture"},"south":{"uv":[6,1,9,4],"texture":"#texture"},"west":{"uv":[6,1,9,4],"texture":"#texture"},"up":{"uv":[6,1,9,4],"texture":"#texture"},"down":{"uv":[6,1,9,4],"texture":"#texture"}}},{"from":[9.5,12.5,5],"to":[11.625,15,7.125],"rotation":{"angle":-45,"axis":"y","origin":[9.5,11.5,5]},"faces":{"north":{"uv":[6,6,9,9],"texture":"#texture"},"east":{"uv":[6,6,9,9],"texture":"#texture"},"south":{"uv":[6,6,9,9],"texture":"#texture"},"west":{"uv":[6,6,9,9],"texture":"#texture"},"up":{"uv":[6,6,9,9],"texture":"#texture"},"down":{"uv":[6,6,9,9],"texture":"#texture"}}},{"from":[8.304,11.5,9.83],"to":[10.419,12.5,11.245],"rotation":{"angle":45,"axis":"y","origin":[8.004,11.5,9.43]},"faces":{"north":{"uv":[6,1,9,4],"texture":"#texture"},"east":{"uv":[6,1,9,4],"texture":"#texture"},"south":{"uv":[6,1,9,4],"texture":"#texture"},"west":{"uv":[6,1,9,4],"texture":"#texture"},"up":{"uv":[6,1,9,4],"texture":"#texture"},"down":{"uv":[6,1,9,4],"texture":"#texture"}}},{"from":[8,12.5,9.5],"to":[10.125,15,11.625],"rotation":{"angle":45,"axis":"y","origin":[8,11.5,9.5]},"faces":{"north":{"uv":[6,6,9,9],"texture":"#texture"},"east":{"uv":[6,6,9,9],"texture":"#texture"},"south":{"uv":[6,6,9,9],"texture":"#texture"},"west":{"uv":[6,6,9,9],"texture":"#texture"},"up":{"uv":[6,6,9,9],"texture":"#texture"},"down":{"uv":[6,6,9,9],"texture":"#texture"}}},{"from":[5,12,6.5],"to":[7.125,15,8.625],"rotation":{"angle":45,"axis":"y","origin":[5,12.5,6.5]},"faces":{"north":{"uv":[6,6,9,9],"texture":"#texture"},"east":{"uv":[6,6,9,9],"texture":"#texture"},"south":{"uv":[6,6,9,9],"texture":"#texture"},"west":{"uv":[6,6,9,9],"texture":"#texture"},"up":{"uv":[6,6,9,9],"texture":"#texture"},"down":{"uv":[6,6,9,9],"texture":"#texture"}}},{"from":[5.78,11.505,5.725],"to":[6.13,12.005,10.275],"faces":{"north":{"uv":[6,6,9,9],"texture":"#texture"},"east":{"uv":[6,6,9,9],"texture":"#texture"},"south":{"uv":[6,6,9,9],"texture":"#texture"},"west":{"uv":[6,6,9,9],"texture":"#texture"},"up":{"uv":[6,6,9,9],"texture":"#texture"},"down":{"uv":[6,6,9,9],"texture":"#texture"}}},{"from":[5,11.5,4.375],"to":[5.35,12,5.4],"rotation":{"angle":-45,"axis":"y","origin":[5,12.5,6.5]},"faces":{"north":{"uv":[6,6,9,9],"texture":"#texture"},"east":{"uv":[6,6,9,9],"texture":"#texture"},"south":{"uv":[6,6,9,9],"texture":"#texture"},"west":{"uv":[6,6,9,9],"texture":"#texture"},"up":{"uv":[6,6,9,9],"texture":"#texture"},"down":{"uv":[6,6,9,9],"texture":"#texture"}}},{"from":[5,11.5,10.6],"to":[5.35,12,11.625],"rotation":{"angle":45,"axis":"y","origin":[5,12.5,9.5]},"faces":{"north":{"uv":[6,6,9,9],"texture":"#texture"},"east":{"uv":[6,6,9,9],"texture":"#texture"},"south":{"uv":[6,6,9,9],"texture":"#texture"},"west":{"uv":[6,6,9,9],"texture":"#texture"},"up":{"uv":[6,6,9,9],"texture":"#texture"},"down":{"uv":[6,6,9,9],"texture":"#texture"}}},{"from":[5,12,9.5],"to":[7.125,15,11.625],"rotation":{"angle":45,"axis":"y","origin":[5,12.5,9.5]},"faces":{"north":{"uv":[6,6,9,9],"texture":"#texture"},"east":{"uv":[6,6,9,9],"texture":"#texture"},"south":{"uv":[6,6,9,9],"texture":"#texture"},"west":{"uv":[6,6,9,9],"texture":"#texture"},"up":{"uv":[6,6,9,9],"texture":"#texture"},"down":{"uv":[6,6,9,9],"texture":"#texture"}}},{"from":[6.341,11.85,5],"to":[7.841,12.35,11],"rotation":{"angle":45,"axis":"z","origin":[7.042,12.35,8]},"faces":{"north":{"uv":[6,6,9,9],"texture":"#texture"},"east":{"uv":[6,6,9,9],"texture":"#texture"},"south":{"uv":[6,6,9,9],"texture":"#texture"},"west":{"uv":[6,6,9,9],"texture":"#texture"},"up":{"uv":[6,6,9,9],"texture":"#texture"},"down":{"uv":[6,6,9,9],"texture":"#texture"}}},{"from":[6.5,12.2,5],"to":[7.4,12.5,11],"faces":{"north":{"uv":[6,6,9,9],"texture":"#texture"},"east":{"uv":[6,6,9,9],"texture":"#texture"},"south":{"uv":[6,6,9,9],"texture":"#texture"},"west":{"uv":[6,6,9,9],"texture":"#texture"},"up":{"uv":[6,6,9,9],"texture":"#texture"},"down":{"uv":[6,6,9,9],"texture":"#texture"}}},{"from":[6.5,11.5,5],"to":[6.9,12.5,11],"faces":{"north":{"uv":[6,6,9,9],"texture":"#texture"},"east":{"uv":[6,6,9,9],"texture":"#texture"},"south":{"uv":[6,6,9,9],"texture":"#texture"},"west":{"uv":[6,6,9,9],"texture":"#texture"},"up":{"uv":[6,6,9,9],"texture":"#texture"},"down":{"uv":[6,6,9,9],"texture":"#texture"}}},{"from":[5,11.3,7.4],"to":[5.5,12,8.6],"faces":{"north":{"uv":[6,6,9,9],"texture":"#texture"},"east":{"uv":[6,6,9,9],"texture":"#texture"},"south":{"uv":[6,6,9,9],"texture":"#texture"},"west":{"uv":[6,6,9,9],"texture":"#texture"},"up":{"uv":[6,6,9,9],"texture":"#texture"},"down":{"uv":[6,6,9,9],"texture":"#texture"}}},{"from":[5,10.995,6.7],"to":[5.5,12,7.405],"rotation":{"angle":-45,"axis":"x","origin":[5,12,6.7]},"faces":{"north":{"uv":[6,6,9,9],"texture":"#texture"},"east":{"uv":[6,6,9,9],"texture":"#texture"},"south":{"uv":[6,6,9,9],"texture":"#texture"},"west":{"uv":[6,6,9,9],"texture":"#texture"},"up":{"uv":[6,6,9,9],"texture":"#texture"},"down":{"uv":[6,6,9,9],"texture":"#texture"}}},{"from":[5,11.495,8.8],"to":[5.5,12.5,9.505],"rotation":{"angle":45,"axis":"x","origin":[5,12.5,8.8]},"faces":{"north":{"uv":[6,6,9,9],"texture":"#texture"},"east":{"uv":[6,6,9,9],"texture":"#texture"},"south":{"uv":[6,6,9,9],"texture":"#texture"},"west":{"uv":[6,6,9,9],"texture":"#texture"},"up":{"uv":[6,6,9,9],"texture":"#texture"},"down":{"uv":[6,6,9,9],"texture":"#texture"}}},{"from":[4.99,14,7],"to":[6.44,15,9],"rotation":{"angle":45,"axis":"z","origin":[4.99,15,7]},"faces":{"up":{"uv":[0.25,0.25,14,7.25],"texture":"#head","rotation":90}}},{"from":[4.99,13.85,7],"to":[5.99,15,9],"faces":{"west":{"uv":[0.25,7.25,14,14],"texture":"#head"}}},{"from":[4.99,12.25,8.7],"to":[5.99,14.45,9.5],"faces":{"west":{"uv":[12.75,1.25,8.25,11.75],"texture":"#head_2"}}},{"from":[4.99,12.25,6.5],"to":[5.99,14.45,7.4],"faces":{"west":{"uv":[8.25,1.25,12.75,11.75],"texture":"#head_2"}}},{"from":[4.99,12.25,9.5],"to":[6.24,14.45,10.95],"rotation":{"angle":45,"axis":"y","origin":[4.99,12.55,9.5]},"faces":{"west":{"uv":[8.25,1.25,0.75,11.75],"texture":"#head_2"}}},{"from":[4.99,12.25,6.5],"to":[6.44,14.45,7.75],"rotation":{"angle":45,"axis":"y","origin":[4.99,12.55,6.5]},"faces":{"north":{"uv":[0.25,1.25,8.25,11.75],"texture":"#head_2"}}},{"from":[10.2,14.4,6.7],"to":[12.35,15.5,9.3],"rotation":{"angle":-22.5,"axis":"z","origin":[10.9,15.9,6.5]},"faces":{"north":{"uv":[6,6,9,9],"texture":"#texture"},"east":{"uv":[6,6,9,9],"texture":"#texture"},"south":{"uv":[6,6,9,9],"texture":"#texture"},"west":{"uv":[6,6,9,9],"texture":"#texture"},"up":{"uv":[6,6,9,9],"texture":"#texture"},"down":{"uv":[6,6,9,9],"texture":"#texture"}}},{"from":[10.245,14.06,6.7],"to":[12.545,15.1975,9.3],"faces":{"north":{"uv":[6,6,9,9],"texture":"#texture"},"east":{"uv":[6,6,9,9],"texture":"#texture"},"south":{"uv":[6,6,9,9],"texture":"#texture"},"west":{"uv":[6,6,9,9],"texture":"#texture"},"up":{"uv":[6,6,9,9],"texture":"#texture"},"down":{"uv":[6,6,9,9],"texture":"#texture"}}},{"from":[9.97,12.0675,6.7],"to":[12.2075,13.4675,9.3],"rotation":{"angle":45,"axis":"z","origin":[9.97,13.4675,6.5]},"faces":{"north":{"uv":[6,6,9,9],"texture":"#texture"},"east":{"uv":[6,6,9,9],"texture":"#texture"},"south":{"uv":[6,6,9,9],"texture":"#texture"},"west":{"uv":[6,6,9,9],"texture":"#texture"},"up":{"uv":[6,6,9,9],"texture":"#texture"},"down":{"uv":[6,6,9,9],"texture":"#texture"}}},{"from":[11.2,13.6375,7.0625],"to":[12.9,14.7625,8.9625],"rotation":{"angle":22.5,"axis":"z","origin":[11.2,14.7625,7.0625]},"faces":{"north":{"uv":[6,6,9,9],"texture":"#texture"},"east":{"uv":[6,6,9,9],"texture":"#texture"},"south":{"uv":[6,6,9,9],"texture":"#texture"},"west":{"uv":[6,6,9,9],"texture":"#texture"},"up":{"uv":[6,6,9,9],"texture":"#texture"},"down":{"uv":[6,6,9,9],"texture":"#texture"}}},{"from":[12.35,15.0375,7.5625],"to":[13.47,15.7875,8.4625],"rotation":{"angle":22.5,"axis":"z","origin":[13.85,15.7875,7.5625]},"faces":{"north":{"uv":[6,6,9,9],"texture":"#texture"},"east":{"uv":[6,6,9,9],"texture":"#texture"},"south":{"uv":[6,6,9,9],"texture":"#texture"},"west":{"uv":[6,6,9,9],"texture":"#texture"},"up":{"uv":[6,6,9,9],"texture":"#texture"},"down":{"uv":[6,6,9,9],"texture":"#texture"}}},{"from":[8.925,10.385,6.75],"to":[10.675,11.885,9.25],"rotation":{"angle":22.5,"axis":"z","origin":[8.925,11.885,6.75]},"faces":{"north":{"uv":[6,1,9,4],"texture":"#texture"},"east":{"uv":[6,1,9,4],"texture":"#texture"},"south":{"uv":[6,1,9,4],"texture":"#texture"},"west":{"uv":[6,1,9,4],"texture":"#texture"},"up":{"uv":[6,1,9,4],"texture":"#texture"},"down":{"uv":[6,1,9,4],"texture":"#texture"}}},{"from":[10.41,10.875,6.85],"to":[11.9725,12.375,9.15],"rotation":{"angle":45,"axis":"z","origin":[10.41,11.875,6.75]},"faces":{"north":{"uv":[6,1,9,4],"texture":"#texture"},"east":{"uv":[6,1,9,4],"texture":"#texture"},"south":{"uv":[6,1,9,4],"texture":"#texture"},"west":{"uv":[6,1,9,4],"texture":"#texture"},"up":{"uv":[6,1,9,4],"texture":"#texture"},"down":{"uv":[6,1,9,4],"texture":"#texture"}}},{"from":[12.91,13.25,7.65],"to":[13.46,15.95,8.35],"rotation":{"angle":-45,"axis":"z","origin":[12.41,15.0625,6.75]},"faces":{"north":{"uv":[6,1,9,4],"texture":"#texture"},"east":{"uv":[6,1,9,4],"texture":"#texture"},"south":{"uv":[6,1,9,4],"texture":"#texture"},"west":{"uv":[6,1,9,4],"texture":"#texture"},"up":{"uv":[6,1,9,4],"texture":"#texture"},"down":{"uv":[6,1,9,4],"texture":"#texture"}}},{"from":[11.992,12.517,7.15],"to":[12.992,14.9295,8.85],"rotation":{"angle":-22.5,"axis":"z","origin":[11.992,14.3295,6.75]},"faces":{"north":{"uv":[6,1,9,4],"texture":"#texture"},"east":{"uv":[6,1,9,4],"texture":"#texture"},"south":{"uv":[6,1,9,4],"texture":"#texture"},"west":{"uv":[6,1,9,4],"texture":"#texture"},"up":{"uv":[6,1,9,4],"texture":"#texture"},"down":{"uv":[6,1,9,4],"texture":"#texture"}}},{"from":[6,13.5625,4.8125],"to":[7.25,16.0625,6.0625],"rotation":{"angle":-45,"axis":"x","origin":[6,16.0625,4.8125]},"faces":{"north":{"uv":[6,1,9,4],"texture":"#texture"},"east":{"uv":[6,1,9,4],"texture":"#texture"},"south":{"uv":[6,1,9,4],"texture":"#texture"},"west":{"uv":[6,1,9,4],"texture":"#texture"},"up":{"uv":[6,1,9,4],"texture":"#texture"},"down":{"uv":[6,1,9,4],"texture":"#texture"}}},{"from":[6,14.4375,10.3125],"to":[7.25,16.9375,11.5625],"rotation":{"angle":45,"axis":"x","origin":[6,16.9375,10.3125]},"faces":{"north":{"uv":[6,1,9,4],"texture":"#texture"},"east":{"uv":[6,1,9,4],"texture":"#texture"},"south":{"uv":[6,1,9,4],"texture":"#texture"},"west":{"uv":[6,1,9,4],"texture":"#texture"},"up":{"uv":[6,1,9,4],"texture":"#texture"},"down":{"uv":[6,1,9,4],"texture":"#texture"}}},{"from":[4.98,12.55,6.5],"to":[5.98,13.55,7.1],"faces":{"west":{"uv":[10.25,0.25,15.75,12],"texture":"#particle"}}},{"from":[4.98,12.55,8.9],"to":[5.98,13.55,9.5],"faces":{"west":{"uv":[15.75,0.25,10,12],"texture":"#particle"}}},{"from":[4.98,12.55,9.5],"to":[5.98,13.55,10.5],"rotation":{"angle":45,"axis":"y","origin":[4.98,12.55,9.5]},"faces":{"west":{"uv":[10,0.25,0.25,12],"texture":"#particle"}}},{"from":[4.98,12.55,6.5],"to":[5.98,13.55,7.5],"rotation":{"angle":45,"axis":"y","origin":[4.98,12.55,6.5]},"faces":{"north":{"uv":[0.25,0.25,10,12],"texture":"#particle"}}},{"from":[7.35,9.95,7.35],"to":[8.4,10.5,8.65],"faces":{"north":{"uv":[6,1,9,4],"texture":"#texture"},"east":{"uv":[6,1,9,4],"texture":"#texture"},"south":{"uv":[6,1,9,4],"texture":"#texture"},"west":{"uv":[6,1,9,4],"texture":"#texture"},"up":{"uv":[6,1,9,4],"texture":"#texture"},"down":{"uv":[6,1,9,4],"texture":"#texture"}}},{"from":[7.25,9.25,7.25],"to":[8.5,9.95,8.75],"faces":{"north":{"uv":[6,6,9,9],"texture":"#texture"},"east":{"uv":[6,6,9,9],"texture":"#texture"},"south":{"uv":[6,6,9,9],"texture":"#texture"},"west":{"uv":[6,6,9,9],"texture":"#texture"},"up":{"uv":[6,6,9,9],"texture":"#texture"},"down":{"uv":[6,6,9,9],"texture":"#texture"}}},{"from":[6.75,7,7.25],"to":[9,8.75,8.75],"faces":{"north":{"uv":[6,6,9,9],"texture":"#texture"},"east":{"uv":[6,6,9,9],"texture":"#texture"},"south":{"uv":[6,6,9,9],"texture":"#texture"},"west":{"uv":[6,6,9,9],"texture":"#texture"},"up":{"uv":[6,6,9,9],"texture":"#texture"},"down":{"uv":[6,6,9,9],"texture":"#texture"}}},{"from":[6.75,8.75,7.25],"to":[7.455,10.055,8.75],"rotation":{"angle":-22.5,"axis":"z","origin":[6.75,8.75,7.25]},"faces":{"north":{"uv":[6,6,9,9],"texture":"#texture"},"east":{"uv":[6,6,9,9],"texture":"#texture"},"south":{"uv":[6,6,9,9],"texture":"#texture"},"west":{"uv":[6,6,9,9],"texture":"#texture"},"up":{"uv":[6,6,9,9],"texture":"#texture"},"down":{"uv":[6,6,9,9],"texture":"#texture"}}},{"from":[7.795,8.645,7.25],"to":[8.5,9.95,8.75],"rotation":{"angle":22.5,"axis":"z","origin":[8.5,9.95,7.25]},"faces":{"north":{"uv":[6,6,9,9],"texture":"#texture"},"east":{"uv":[6,6,9,9],"texture":"#texture"},"south":{"uv":[6,6,9,9],"texture":"#texture"},"west":{"uv":[6,6,9,9],"texture":"#texture"},"up":{"uv":[6,6,9,9],"texture":"#texture"},"down":{"uv":[6,6,9,9],"texture":"#texture"}}},{"from":[7.25,8.75,6.75],"to":[8.5,10.055,7.455],"rotation":{"angle":22.5,"axis":"x","origin":[7.25,8.75,6.75]},"faces":{"north":{"uv":[6,6,9,9],"texture":"#texture"},"east":{"uv":[6,6,9,9],"texture":"#texture"},"south":{"uv":[6,6,9,9],"texture":"#texture"},"west":{"uv":[6,6,9,9],"texture":"#texture"},"up":{"uv":[6,6,9,9],"texture":"#texture"},"down":{"uv":[6,6,9,9],"texture":"#texture"}}},{"from":[7.25,8.645,8.045],"to":[8.5,9.95,8.75],"rotation":{"angle":-22.5,"axis":"x","origin":[7.25,9.95,8.75]},"faces":{"north":{"uv":[6,6,9,9],"texture":"#texture"},"east":{"uv":[6,6,9,9],"texture":"#texture"},"south":{"uv":[6,6,9,9],"texture":"#texture"},"west":{"uv":[6,6,9,9],"texture":"#texture"},"up":{"uv":[6,6,9,9],"texture":"#texture"},"down":{"uv":[6,6,9,9],"texture":"#texture"}}},{"from":[7.25,7,6.75],"to":[8.5,8.75,9.25],"faces":{"north":{"uv":[6,6,9,9],"texture":"#texture"},"east":{"uv":[6,6,9,9],"texture":"#texture"},"south":{"uv":[6,6,9,9],"texture":"#texture"},"west":{"uv":[6,6,9,9],"texture":"#texture"},"up":{"uv":[6,6,9,9],"texture":"#texture"},"down":{"uv":[6,6,9,9],"texture":"#texture"}}},{"from":[6.75,4.75,7],"to":[9,7,9],"faces":{"north":{"uv":[1,6,4,9],"texture":"#texture"},"east":{"uv":[1,6,4,9],"texture":"#texture"},"south":{"uv":[1,6,4,9],"texture":"#texture"},"west":{"uv":[1,6,4,9],"texture":"#texture"},"up":{"uv":[1,6,4,9],"texture":"#texture"},"down":{"uv":[1,6,4,9],"texture":"#texture"}}},{"from":[7,4.75,6.75],"to":[8.75,7,9.25],"faces":{"north":{"uv":[1,6,4,9],"texture":"#texture"},"east":{"uv":[1,6,4,9],"texture":"#texture"},"south":{"uv":[1,6,4,9],"texture":"#texture"},"west":{"uv":[1,6,4,9],"texture":"#texture"},"up":{"uv":[1,6,4,9],"texture":"#texture"},"down":{"uv":[1,6,4,9],"texture":"#texture"}}},{"from":[6.75,7,7.25],"to":[7.455,8.75,7.955],"rotation":{"angle":45,"axis":"y","origin":[6.75,7,7.25]},"faces":{"north":{"uv":[6,6,9,9],"texture":"#texture"},"east":{"uv":[6,6,9,9],"texture":"#texture"},"south":{"uv":[6,6,9,9],"texture":"#texture"},"west":{"uv":[6,6,9,9],"texture":"#texture"},"up":{"uv":[6,6,9,9],"texture":"#texture"},"down":{"uv":[6,6,9,9],"texture":"#texture"}}},{"from":[8.5,7,6.75],"to":[9.205,8.75,7.455],"rotation":{"angle":-45,"axis":"y","origin":[8.5,7,6.75]},"faces":{"north":{"uv":[6,6,9,9],"texture":"#texture"},"east":{"uv":[6,6,9,9],"texture":"#texture"},"south":{"uv":[6,6,9,9],"texture":"#texture"},"west":{"uv":[6,6,9,9],"texture":"#texture"},"up":{"uv":[6,6,9,9],"texture":"#texture"},"down":{"uv":[6,6,9,9],"texture":"#texture"}}},{"from":[8,7,8.75],"to":[8.705,8.75,9.455],"rotation":{"angle":45,"axis":"y","origin":[8,7,8.75]},"faces":{"north":{"uv":[6,6,9,9],"texture":"#texture"},"east":{"uv":[6,6,9,9],"texture":"#texture"},"south":{"uv":[6,6,9,9],"texture":"#texture"},"west":{"uv":[6,6,9,9],"texture":"#texture"},"up":{"uv":[6,6,9,9],"texture":"#texture"},"down":{"uv":[6,6,9,9],"texture":"#texture"}}},{"from":[6.75,7,8.75],"to":[7.455,8.75,9.455],"rotation":{"angle":45,"axis":"y","origin":[6.75,7,8.75]},"faces":{"north":{"uv":[6,6,9,9],"texture":"#texture"},"east":{"uv":[6,6,9,9],"texture":"#texture"},"south":{"uv":[6,6,9,9],"texture":"#texture"},"west":{"uv":[6,6,9,9],"texture":"#texture"},"up":{"uv":[6,6,9,9],"texture":"#texture"},"down":{"uv":[6,6,9,9],"texture":"#texture"}}},{"from":[6.75,4.75,7],"to":[7.105,7,7.355],"rotation":{"angle":45,"axis":"y","origin":[6.75,4.75,7]},"faces":{"north":{"uv":[1,6,4,9],"texture":"#texture"},"east":{"uv":[1,6,4,9],"texture":"#texture"},"south":{"uv":[1,6,4,9],"texture":"#texture"},"west":{"uv":[1,6,4,9],"texture":"#texture"},"up":{"uv":[1,6,4,9],"texture":"#texture"},"down":{"uv":[1,6,4,9],"texture":"#texture"}}},{"from":[8.75,5,6.75],"to":[9.105,7,7.105],"rotation":{"angle":-45,"axis":"y","origin":[8.75,5,6.75]},"faces":{"north":{"uv":[1,6,4,9],"texture":"#texture"},"east":{"uv":[1,6,4,9],"texture":"#texture"},"south":{"uv":[1,6,4,9],"texture":"#texture"},"west":{"uv":[1,6,4,9],"texture":"#texture"},"up":{"uv":[1,6,4,9],"texture":"#texture"},"down":{"uv":[1,6,4,9],"texture":"#texture"}}},{"from":[6.75,4.75,9],"to":[7.105,7,9.355],"rotation":{"angle":45,"axis":"y","origin":[6.75,4.75,9]},"faces":{"north":{"uv":[1,6,4,9],"texture":"#texture"},"east":{"uv":[1,6,4,9],"texture":"#texture"},"south":{"uv":[1,6,4,9],"texture":"#texture"},"west":{"uv":[1,6,4,9],"texture":"#texture"},"up":{"uv":[1,6,4,9],"texture":"#texture"},"down":{"uv":[1,6,4,9],"texture":"#texture"}}},{"from":[8.75,5,8.75],"to":[9.105,7,9.105],"rotation":{"angle":-45,"axis":"y","origin":[8.75,5,8.75]},"faces":{"north":{"uv":[1,6,4,9],"texture":"#texture"},"east":{"uv":[1,6,4,9],"texture":"#texture"},"south":{"uv":[1,6,4,9],"texture":"#texture"},"west":{"uv":[1,6,4,9],"texture":"#texture"},"up":{"uv":[1,6,4,9],"texture":"#texture"},"down":{"uv":[1,6,4,9],"texture":"#texture"}}},{"from":[6.5,0.75,7],"to":[9.25,4.75,9],"rotation":{"angle":22.5,"axis":"z","origin":[6.5,4.75,7]},"faces":{"north":{"uv":[6,6,9,9],"texture":"#texture"},"east":{"uv":[6,6,9,9],"texture":"#texture"},"south":{"uv":[6,6,9,9],"texture":"#texture"},"west":{"uv":[6,6,9,9],"texture":"#texture"},"up":{"uv":[6,6,9,9],"texture":"#texture"},"down":{"uv":[6,6,9,9],"texture":"#texture"}}},{"from":[6.73,0.915,6.5],"to":[8.98,4.8525,9.5],"rotation":{"angle":22.5,"axis":"z","origin":[6.73,4.8525,6.5]},"faces":{"north":{"uv":[6,6,9,9],"texture":"#texture"},"east":{"uv":[6,6,9,9],"texture":"#texture"},"south":{"uv":[6,6,9,9],"texture":"#texture"},"west":{"uv":[6,6,9,9],"texture":"#texture"},"up":{"uv":[6,6,9,9],"texture":"#texture"},"down":{"uv":[6,6,9,9],"texture":"#texture"}}},{"from":[8.2,-0.5,6.75],"to":[10.4,1.1,7.15],"rotation":{"angle":45,"axis":"z","origin":[8,1.25,6.75]},"faces":{"north":{"uv":[6,6,9,9],"texture":"#texture"},"east":{"uv":[6,6,9,9],"texture":"#texture"},"south":{"uv":[6,6,9,9],"texture":"#texture"},"west":{"uv":[6,6,9,9],"texture":"#texture"},"up":{"uv":[6,6,9,9],"texture":"#texture"},"down":{"uv":[6,6,9,9],"texture":"#texture"}}},{"from":[8.5,-0.8,6.55],"to":[10,1.25,6.9],"rotation":{"angle":45,"axis":"z","origin":[8,1.25,5.95]},"faces":{"north":{"uv":[6,6,9,9],"texture":"#texture"},"east":{"uv":[6,6,9,9],"texture":"#texture"},"south":{"uv":[6,6,9,9],"texture":"#texture"},"west":{"uv":[6,6,9,9],"texture":"#texture"},"up":{"uv":[6,6,9,9],"texture":"#texture"},"down":{"uv":[6,6,9,9],"texture":"#texture"}}},{"from":[8.5,-0.8,9.1],"to":[10,1.25,9.45],"rotation":{"angle":45,"axis":"z","origin":[8,1.25,8.5]},"faces":{"north":{"uv":[6,6,9,9],"texture":"#texture"},"east":{"uv":[6,6,9,9],"texture":"#texture"},"south":{"uv":[6,6,9,9],"texture":"#texture"},"west":{"uv":[6,6,9,9],"texture":"#texture"},"up":{"uv":[6,6,9,9],"texture":"#texture"},"down":{"uv":[6,6,9,9],"texture":"#texture"}}},{"from":[8.2,-0.5,8.85],"to":[10.4,1.1,9.25],"rotation":{"angle":45,"axis":"z","origin":[8,1.25,8.5]},"faces":{"north":{"uv":[6,6,9,9],"texture":"#texture"},"east":{"uv":[6,6,9,9],"texture":"#texture"},"south":{"uv":[6,6,9,9],"texture":"#texture"},"west":{"uv":[6,6,9,9],"texture":"#texture"},"up":{"uv":[6,6,9,9],"texture":"#texture"},"down":{"uv":[6,6,9,9],"texture":"#texture"}}},{"from":[8,-0.7,7.025],"to":[8.4,1.25,8.975],"rotation":{"angle":45,"axis":"z","origin":[8,1.25,7.625]},"faces":{"north":{"uv":[6,6,9,9],"texture":"#texture"},"east":{"uv":[6,6,9,9],"texture":"#texture"},"south":{"uv":[6,6,9,9],"texture":"#texture"},"west":{"uv":[6,6,9,9],"texture":"#texture"},"up":{"uv":[6,6,9,9],"texture":"#texture"},"down":{"uv":[6,6,9,9],"texture":"#texture"}}},{"from":[7.9,-1,7.325],"to":[8.25,1.1,8.675],"rotation":{"angle":45,"axis":"z","origin":[8,1.25,7.625]},"faces":{"north":{"uv":[6,6,9,9],"texture":"#texture"},"east":{"uv":[6,6,9,9],"texture":"#texture"},"south":{"uv":[6,6,9,9],"texture":"#texture"},"west":{"uv":[6,6,9,9],"texture":"#texture"},"up":{"uv":[6,6,9,9],"texture":"#texture"},"down":{"uv":[6,6,9,9],"texture":"#texture"}}},{"from":[10.4,-1,7.325],"to":[10.75,1.25,8.675],"rotation":{"angle":45,"axis":"z","origin":[8,1.25,7.625]},"faces":{"north":{"uv":[6,6,9,9],"texture":"#texture"},"east":{"uv":[6,6,9,9],"texture":"#texture"},"south":{"uv":[6,6,9,9],"texture":"#texture"},"west":{"uv":[6,6,9,9],"texture":"#texture"},"up":{"uv":[6,6,9,9],"texture":"#texture"},"down":{"uv":[6,6,9,9],"texture":"#texture"}}},{"from":[10.2,-0.7,7.025],"to":[10.6,1.25,8.975],"rotation":{"angle":45,"axis":"z","origin":[8,1.25,7.625]},"faces":{"north":{"uv":[6,6,9,9],"texture":"#texture"},"east":{"uv":[6,6,9,9],"texture":"#texture"},"south":{"uv":[6,6,9,9],"texture":"#texture"},"west":{"uv":[6,6,9,9],"texture":"#texture"},"up":{"uv":[6,6,9,9],"texture":"#texture"},"down":{"uv":[6,6,9,9],"texture":"#texture"}}},{"from":[6.25,14.5,4.75],"to":[7,16.5,5.5],"rotation":{"angle":-45,"axis":"x","origin":[6.25,16.5,4.75]},"faces":{"north":{"uv":[6,1,9,4],"texture":"#texture"},"east":{"uv":[6,1,9,4],"texture":"#texture"},"south":{"uv":[6,1,9,4],"texture":"#texture"},"west":{"uv":[6,1,9,4],"texture":"#texture"},"up":{"uv":[6,1,9,4],"texture":"#texture"},"down":{"uv":[6,1,9,4],"texture":"#texture"}}},{"from":[6.25,15,10.75],"to":[7,17,11.5],"rotation":{"angle":45,"axis":"x","origin":[6.25,17,10.75]},"faces":{"north":{"uv":[6,1,9,4],"texture":"#texture"},"east":{"uv":[6,1,9,4],"texture":"#texture"},"south":{"uv":[6,1,9,4],"texture":"#texture"},"west":{"uv":[6,1,9,4],"texture":"#texture"},"up":{"uv":[6,1,9,4],"texture":"#texture"},"down":{"uv":[6,1,9,4],"texture":"#texture"}}},{"from":[6.25,15.25,9.75],"to":[7,16.75,11.5],"rotation":{"angle":45,"axis":"x","origin":[6.25,16.75,9.75]},"faces":{"north":{"uv":[6,1,9,4],"texture":"#texture"},"east":{"uv":[6,1,9,4],"texture":"#texture"},"south":{"uv":[6,1,9,4],"texture":"#texture"},"west":{"uv":[6,1,9,4],"texture":"#texture"},"up":{"uv":[6,1,9,4],"texture":"#texture"},"down":{"uv":[6,1,9,4],"texture":"#texture"}}},{"from":[6.25,14,5],"to":[7,15.5,6.75],"rotation":{"angle":-45,"axis":"x","origin":[6.25,15.5,5]},"faces":{"north":{"uv":[6,1,9,4],"texture":"#texture"},"east":{"uv":[6,1,9,4],"texture":"#texture"},"south":{"uv":[6,1,9,4],"texture":"#texture"},"west":{"uv":[6,1,9,4],"texture":"#texture"},"up":{"uv":[6,1,9,4],"texture":"#texture"},"down":{"uv":[6,1,9,4],"texture":"#texture"}}},{"from":[5.75,14,5.25],"to":[7.5,16,6],"rotation":{"angle":-45,"axis":"x","origin":[5.75,16,5.25]},"faces":{"north":{"uv":[6,1,9,4],"texture":"#texture"},"east":{"uv":[6,1,9,4],"texture":"#texture"},"south":{"uv":[6,1,9,4],"texture":"#texture"},"west":{"uv":[6,1,9,4],"texture":"#texture"},"up":{"uv":[6,1,9,4],"texture":"#texture"},"down":{"uv":[6,1,9,4],"texture":"#texture"}}},{"from":[5.75,14.5,10.25],"to":[7.5,16.5,11],"rotation":{"angle":45,"axis":"x","origin":[5.75,16.5,10.25]},"faces":{"north":{"uv":[6,1,9,4],"texture":"#texture"},"east":{"uv":[6,1,9,4],"texture":"#texture"},"south":{"uv":[6,1,9,4],"texture":"#texture"},"west":{"uv":[6,1,9,4],"texture":"#texture"},"up":{"uv":[6,1,9,4],"texture":"#texture"},"down":{"uv":[6,1,9,4],"texture":"#texture"}}},{"from":[6.875,1,10.3875],"to":[11.875,13,10.45],"rotation":{"angle":-22.5,"axis":"y","origin":[6.875,0,10.45]},"faces":{"north":{"uv":[10.1875,0.0625,3.125,15.9375],"texture":"#arm"},"south":{"uv":[3.125,0.0625,10.1875,15.9375],"texture":"#arm"}}},{"from":[6.5,1,3.625],"to":[11.5,13,3.6875],"rotation":{"angle":22.5,"axis":"y","origin":[11.5,0,3.625]},"faces":{"north":{"uv":[10.1875,0.0625,3.125,15.9375],"texture":"#arm"},"south":{"uv":[3.125,0.0625,10.1875,15.9375],"texture":"#arm"}}},{"from":[8.55,5.15,9.5],"to":[11.5,8.7,9.55],"rotation":{"angle":-45,"axis":"y","origin":[9.875,6.925,9.525]},"faces":{"north":{"uv":[12.5,0.5,0.5,15.75],"texture":"#back"},"south":{"uv":[0.5,0.5,12.5,15.75],"texture":"#back"}}},{"from":[8.55,5.15,6.5],"to":[11.5,8.7,6.55],"rotation":{"angle":45,"axis":"y","origin":[9.875,6.925,6.525]},"faces":{"north":{"uv":[12.5,0.5,0.5,15.75],"texture":"#back"},"south":{"uv":[0.5,0.5,12.5,15.75],"texture":"#back"}}}],"display":{"thirdperson_righthand":{"scale":[0,0,0]},"thirdperson_lefthand":{"scale":[0,0,0]},"firstperson_righthand":{"scale":[0,0,0]},"firstperson_lefthand":{"scale":[0,0,0]},"gui":{"rotation":[30,50,0],"translation":[-0.25,-1,0]},"head":{"rotation":[0,-90,0],"translation":[0,-14.6,0],"scale":[2.25,2.25,2.25]}}}