{"credit":"Designed by MadstonMagic with BDcraft Cubik PRO 1.00 for MC1.8 - http://bdcraft.net","textures":{"texture":"pokemon_skins/regular/cresselia/cresselia","tail":"pokemon_skins/regular/cresselia/tail","wing_side":"pokemon_skins/regular/cresselia/wing_side","head_side":"pokemon_skins/regular/cresselia/head_side","particle":"pokemon_skins/regular/cresselia/eye"},"elements":[{"from":[1,11,7],"to":[2.5,14,9],"faces":{"north":{"uv":[9.5,2.5,12.5,6],"texture":"#texture"},"east":{"uv":[9,1.5,12.5,4.5],"texture":"#texture"},"south":{"uv":[10.5,1.5,13.5,5],"texture":"#texture"},"west":{"uv":[10,3,12.5,5.5],"texture":"#texture"},"up":{"uv":[9.5,2,12.5,5],"texture":"#texture"}}},{"from":[0.635,13.34,7.25],"to":[2.135,14.59,8.75],"rotation":{"angle":22.5,"axis":"z","origin":[0.635,14.59,7.25]},"faces":{"north":{"uv":[9.5,2.5,12.5,6],"texture":"#texture"},"east":{"uv":[9,1.5,12.5,4.5],"texture":"#texture"},"south":{"uv":[10.5,1.5,13.5,5],"texture":"#texture"},"west":{"uv":[10,3,12.5,5.5],"texture":"#texture"},"up":{"uv":[9.5,2,12.5,5],"texture":"#texture"},"down":{"uv":[10,1.5,13,4.5],"texture":"#texture"}}},{"from":[0.1875,13.8125,7.5],"to":[1.5625,15.0625,8.5],"rotation":{"angle":45,"axis":"z","origin":[0.1875,15.0625,7.5]},"faces":{"north":{"uv":[9.5,2.5,12.5,6],"texture":"#texture"},"east":{"uv":[9,1.5,12.5,4.5],"texture":"#texture"},"south":{"uv":[10.5,1.5,13.5,5],"texture":"#texture"},"west":{"uv":[10,3,12.5,5.5],"texture":"#texture"},"up":{"uv":[9.5,2,12.5,5],"texture":"#texture"},"down":{"uv":[10,1.5,13,4.5],"texture":"#texture"}}},{"from":[0,15.25,7.75],"to":[1.25,16.5,8.25],"rotation":{"angle":-22.5,"axis":"z","origin":[0,16.5,7.75]},"faces":{"north":{"uv":[9.5,2.5,12.5,6],"texture":"#texture"},"south":{"uv":[10.5,1.5,13.5,5],"texture":"#texture"},"west":{"uv":[10,3,12.5,5.5],"texture":"#texture"},"up":{"uv":[9.5,2,12.5,5],"texture":"#texture"},"down":{"uv":[10,1.5,13,4.5],"texture":"#texture"}}},{"from":[1,12,6.75],"to":[2.5,13,9.25],"faces":{"north":{"uv":[9.5,2.5,12.5,6],"texture":"#texture"},"east":{"uv":[9,1.5,12.5,4.5],"texture":"#texture"},"south":{"uv":[10.5,1.5,13.5,5],"texture":"#texture"},"west":{"uv":[10,3,12.5,5.5],"texture":"#texture"}}},{"from":[1,10.5,6.5],"to":[2.5,12,9.5],"faces":{"north":{"uv":[9.5,2.5,12.5,6],"texture":"#texture"},"east":{"uv":[9,1.5,12.5,4.5],"texture":"#texture"},"south":{"uv":[10.5,1.5,13.5,5],"texture":"#texture"},"west":{"uv":[10,3,12.5,5.5],"texture":"#texture"},"up":{"uv":[9.5,2,12.5,5],"texture":"#texture"}}},{"from":[1,10.5,6.25],"to":[2.5,11,7.5],"faces":{"north":{"uv":[9.5,2.5,12.5,6],"texture":"#texture"},"east":{"uv":[9,1.5,12.5,4.5],"texture":"#texture"},"up":{"uv":[9.5,2,12.5,5],"texture":"#texture"}}},{"from":[1,10,6.25],"to":[2.5,11,7.5],"rotation":{"angle":-22.5,"axis":"z","origin":[1,11,6.25]},"faces":{"north":{"uv":[9.5,2.5,12.5,6],"texture":"#texture"},"east":{"uv":[9,1.5,12.5,4.5],"texture":"#texture"},"south":{"uv":[10.5,1.5,13.5,5],"texture":"#texture"},"west":{"uv":[10,3,12.5,5.5],"texture":"#texture"},"down":{"uv":[10,1.5,13,4.5],"texture":"#texture"}}},{"from":[1.25,9.25,6.5],"to":[2.25,10.5,7.25],"rotation":{"angle":-45,"axis":"z","origin":[1.25,10.5,6.5]},"faces":{"north":{"uv":[9.5,2.5,12.5,6],"texture":"#texture"},"east":{"uv":[9,1.5,12.5,4.5],"texture":"#texture"},"south":{"uv":[10.5,1.5,13.5,5],"texture":"#texture"},"west":{"uv":[10,3,12.5,5.5],"texture":"#texture"},"down":{"uv":[10,1.5,13,4.5],"texture":"#texture"}}},{"from":[-0.25,8.5,6.75],"to":[1,9.25,7],"rotation":{"angle":22.5,"axis":"z","origin":[-0.25,9.25,6.75]},"faces":{"north":{"uv":[9.5,2.5,12.5,6],"texture":"#texture"},"south":{"uv":[10.5,1.5,13.5,5],"texture":"#texture"},"west":{"uv":[10,3,12.5,5.5],"texture":"#texture"},"up":{"uv":[9.5,2,12.5,5],"texture":"#texture"},"down":{"uv":[10,1.5,13,4.5],"texture":"#texture"}}},{"from":[1,10.5,8.5],"to":[2.5,11,9.75],"faces":{"east":{"uv":[9,1.5,12.5,4.5],"texture":"#texture"},"south":{"uv":[10.5,1.5,13.5,5],"texture":"#texture"},"up":{"uv":[9.5,2,12.5,5],"texture":"#texture"}}},{"from":[1,10,8.5],"to":[2.5,11,9.75],"rotation":{"angle":-22.5,"axis":"z","origin":[1,11,8.5]},"faces":{"north":{"uv":[9.5,2.5,12.5,6],"texture":"#texture"},"east":{"uv":[9,1.5,12.5,4.5],"texture":"#texture"},"south":{"uv":[10.5,1.5,13.5,5],"texture":"#texture"},"west":{"uv":[10,3,12.5,5.5],"texture":"#texture"},"down":{"uv":[10,1.5,13,4.5],"texture":"#texture"}}},{"from":[1.25,9.25,8.75],"to":[2.25,10.5,9.5],"rotation":{"angle":-45,"axis":"z","origin":[1.25,10.5,8.75]},"faces":{"north":{"uv":[9.5,2.5,12.5,6],"texture":"#texture"},"east":{"uv":[9,1.5,12.5,4.5],"texture":"#texture"},"south":{"uv":[10.5,1.5,13.5,5],"texture":"#texture"},"west":{"uv":[10,3,12.5,5.5],"texture":"#texture"},"down":{"uv":[10,1.5,13,4.5],"texture":"#texture"}}},{"from":[-0.5,8.5,9],"to":[0.75,9.25,9.25],"rotation":{"angle":22.5,"axis":"z","origin":[-0.5,9.25,9]},"faces":{"north":{"uv":[9.5,2.5,12.5,6],"texture":"#texture"},"east":{"uv":[9,1.5,12.5,4.5],"texture":"#texture"},"south":{"uv":[10.5,1.5,13.5,5],"texture":"#texture"},"west":{"uv":[10,3,12.5,5.5],"texture":"#texture"},"up":{"uv":[9.5,2,12.5,5],"texture":"#texture"},"down":{"uv":[10,1.5,13,4.5],"texture":"#texture"}}},{"from":[1,10.8225,7.115],"to":[2.5,13.0725,7.865],"rotation":{"angle":22.5,"axis":"x","origin":[1,13.0725,7.115]},"faces":{"north":{"uv":[9.5,2.5,12.5,6],"texture":"#texture"},"east":{"uv":[9,1.5,12.5,4.5],"texture":"#texture"},"west":{"uv":[10,3,12.5,5.5],"texture":"#texture"}}},{"from":[1,11.8225,7.365],"to":[2.5,14.0725,8.115],"rotation":{"angle":22.5,"axis":"x","origin":[1,14.0725,7.365]},"faces":{"north":{"uv":[9.5,2.5,12.5,6],"texture":"#texture"},"east":{"uv":[9,1.5,12.5,4.5],"texture":"#texture"},"west":{"uv":[10,3,12.5,5.5],"texture":"#texture"}}},{"from":[1,12.885,7.3175],"to":[2.5,14.385,8.0675],"rotation":{"angle":22.5,"axis":"x","origin":[1,14.385,7.3175]},"faces":{"north":{"uv":[9.5,2.5,12.5,6],"texture":"#texture"},"east":{"uv":[9,1.5,12.5,4.5],"texture":"#texture"},"south":{"uv":[10.5,1.5,13.5,5],"texture":"#texture"},"west":{"uv":[10,3,12.5,5.5],"texture":"#texture"},"up":{"uv":[9.5,2,12.5,5],"texture":"#texture"},"down":{"uv":[10,1.5,13,4.5],"texture":"#texture"}}},{"from":[1,10.5325,8.1975],"to":[2.5,12.7825,8.9475],"rotation":{"angle":-22.5,"axis":"x","origin":[1,12.7825,8.1975]},"faces":{"east":{"uv":[9,1.5,12.5,4.5],"texture":"#texture"},"south":{"uv":[10.5,1.5,13.5,5],"texture":"#texture"},"west":{"uv":[10,3,12.5,5.5],"texture":"#texture"},"down":{"uv":[10,1.5,13,4.5],"texture":"#texture"}}},{"from":[1,11.5425,7.9475],"to":[2.5,13.7925,8.6975],"rotation":{"angle":-22.5,"axis":"x","origin":[1,13.7925,7.9475]},"faces":{"east":{"uv":[9,1.5,12.5,4.5],"texture":"#texture"},"south":{"uv":[10.5,1.5,13.5,5],"texture":"#texture"},"west":{"uv":[10,3,12.5,5.5],"texture":"#texture"},"down":{"uv":[10,1.5,13,4.5],"texture":"#texture"}}},{"from":[1,12.595,7.99],"to":[2.5,14.095,8.74],"rotation":{"angle":-22.5,"axis":"x","origin":[1,14.095,7.99]},"faces":{"north":{"uv":[9.5,2.5,12.5,6],"texture":"#texture"},"east":{"uv":[9,1.5,12.5,4.5],"texture":"#texture"},"south":{"uv":[10.5,1.5,13.5,5],"texture":"#texture"},"west":{"uv":[10,3,12.5,5.5],"texture":"#texture"},"up":{"uv":[9.5,2,12.5,5],"texture":"#texture"},"down":{"uv":[10,1.5,13,4.5],"texture":"#texture"}}},{"from":[-1.25,11.25,7.25],"to":[0.5,12.25,8.75],"faces":{"north":{"uv":[9.5,2.5,12.5,6],"texture":"#texture"},"south":{"uv":[10.5,1.5,13.5,5],"texture":"#texture"},"west":{"uv":[10,3,12.5,5.5],"texture":"#texture"}}},{"from":[-1.25,11.5,7.25],"to":[1.5,12.25,8.75],"rotation":{"angle":22.5,"axis":"z","origin":[-1.25,12.25,7.25]},"faces":{"north":{"uv":[9.5,2.5,12.5,6],"texture":"#texture"},"south":{"uv":[10.5,1.5,13.5,5],"texture":"#texture"},"up":{"uv":[9.5,2,12.5,5],"texture":"#texture"}}},{"from":[0.5,11,7.25],"to":[1,12.5,8.75],"faces":{"north":{"uv":[9.5,2.5,12.5,6],"texture":"#texture"},"south":{"uv":[10.5,1.5,13.5,5],"texture":"#texture"}}},{"from":[-1.25,11.25,7.25],"to":[-0.19,12.25,8.31],"rotation":{"angle":-45,"axis":"y","origin":[-1.25,11.25,7.25]},"faces":{"south":{"uv":[10.5,1.5,13.5,5],"texture":"#texture"},"west":{"uv":[10,3,12.5,5.5],"texture":"#texture"},"up":{"uv":[9.5,2,12.5,5],"texture":"#texture"},"down":{"uv":[10,1.5,13,4.5],"texture":"#texture"}}},{"from":[-0.963,11.1875,7.25],"to":[0.287,11.9375,8.75],"rotation":{"angle":-22.5,"axis":"z","origin":[-0.96299,11.9375,7.25]},"faces":{"north":{"uv":[9.5,2.5,12.5,6],"texture":"#texture"},"south":{"uv":[10.5,1.5,13.5,5],"texture":"#texture"},"west":{"uv":[10,3,12.5,5.5],"texture":"#texture"},"down":{"uv":[10,1.5,13,4.5],"texture":"#texture"}}},{"from":[0.9375,10.125,7.25],"to":[2,11.125,8.75],"rotation":{"angle":22.5,"axis":"z","origin":[0.9375,11.125,7.25]},"faces":{"north":{"uv":[9.5,2.5,12.5,6],"texture":"#texture"},"south":{"uv":[10.5,1.5,13.5,5],"texture":"#texture"}}},{"from":[-0.25,12.25,7.5],"to":[1.25,13.25,8.5],"rotation":{"angle":22.5,"axis":"z","origin":[-0.25,13.25,7.5]},"faces":{"north":{"uv":[3,9.75,6,13.25],"texture":"#texture"},"south":{"uv":[1.75,9,4.75,12.5],"texture":"#texture"},"up":{"uv":[3.75,9.75,6.75,12.75],"texture":"#texture"}}},{"from":[-0.25,12.25,7.5],"to":[0.5,13.25,8.5],"rotation":{"angle":-22.5,"axis":"z","origin":[-0.25,13.25,7.5]},"faces":{"north":{"uv":[3,9.75,6,13.25],"texture":"#texture"},"south":{"uv":[1.75,9,4.75,12.5],"texture":"#texture"},"west":{"uv":[2.25,9.5,4.75,12],"texture":"#texture"}}},{"from":[2,10.25,8.5],"to":[2.5,10.5,9.75],"faces":{"north":{"uv":[9.5,2.5,12.5,6],"texture":"#texture"},"east":{"uv":[9,1.5,12.5,4.5],"texture":"#texture"},"south":{"uv":[10.5,1.5,13.5,5],"texture":"#texture"},"down":{"uv":[10,1.5,13,4.5],"texture":"#texture"}}},{"from":[2,10.25,6.25],"to":[2.5,10.5,7.5],"faces":{"north":{"uv":[9.5,2.5,12.5,6],"texture":"#texture"},"east":{"uv":[9,1.5,12.5,4.5],"texture":"#texture"},"south":{"uv":[10.5,1.5,13.5,5],"texture":"#texture"},"down":{"uv":[10,1.5,13,4.5],"texture":"#texture"}}},{"from":[-1.25,10.75,7.76],"to":[0.3125,12,8.76],"faces":{"east":{"uv":[2.25,11.75,6,14],"texture":"#head_side"},"south":{"uv":[0.5,0.5,15.5,13],"texture":"#head_side"},"west":{"uv":[2.5,11,6.5,14],"texture":"#head_side"},"up":{"uv":[1,9.75,3,12.75],"texture":"#head_side"},"down":{"uv":[3.75,11.25,7.25,14.5],"texture":"#head_side"}}},{"from":[0.1875,10.7075,7.25],"to":[1.4375,11.4575,8.75],"rotation":{"angle":-22.5,"axis":"z","origin":[0.1875,11.4575,7.25]},"faces":{"north":{"uv":[2,2.25,5,5.75],"texture":"#texture"},"south":{"uv":[1.5,2.25,4.5,5.75],"texture":"#texture"},"down":{"uv":[9.5,1.75,12.5,4.75],"texture":"#texture"}}},{"from":[1,9.75,7],"to":[3.25,10.5,9],"rotation":{"angle":22.5,"axis":"z","origin":[1,10.5,7]},"faces":{"north":{"uv":[2,2.25,5,5.75],"texture":"#texture"},"east":{"uv":[2.5,1.75,6,4.75],"texture":"#texture"},"south":{"uv":[1.5,2.25,4.5,5.75],"texture":"#texture"},"up":{"uv":[2.75,2.5,5.75,5.5],"texture":"#texture"}}},{"from":[0.75,2.25,7.25],"to":[2.25,10.5,8.75],"rotation":{"angle":22.5,"axis":"z","origin":[0.75,10.5,7.25]},"faces":{"north":{"uv":[9.5,2.5,12.5,6],"texture":"#texture"},"south":{"uv":[10.5,1.5,13.5,5],"texture":"#texture"},"west":{"uv":[10,3,12.5,5.5],"texture":"#texture"}}},{"from":[1.25,10.5,7],"to":[2.5,12.5,9],"rotation":{"angle":22.5,"axis":"z","origin":[1.25,12.5,7]},"faces":{"north":{"uv":[2,2.25,5,5.75],"texture":"#texture"},"east":{"uv":[2.5,1.75,6,4.75],"texture":"#texture"},"south":{"uv":[1.5,2.25,4.5,5.75],"texture":"#texture"}}},{"from":[-0.75,12,7.76],"to":[0.25,12.5,8.76],"faces":{"east":{"uv":[2.5,12.25,5,13.75],"texture":"#particle"},"south":{"uv":[14.5,0.25,0.25,10.25],"texture":"#particle"},"west":{"uv":[3.5,9.5,6.75,11.75],"texture":"#particle"},"up":{"uv":[3.25,9.5,6.5,12.5],"texture":"#particle"}}},{"from":[0.5,11,7.76],"to":[1.75,12,8.76],"rotation":{"angle":45,"axis":"z","origin":[0.5,12,7.76]},"faces":{"south":{"uv":[12.5,5.25,14.25,8.5],"texture":"#head_side"},"up":{"uv":[1,9.75,3,12.75],"texture":"#head_side"}}},{"from":[0.5,10.75,7.76],"to":[1,11.75,8.76],"faces":{"south":{"uv":[12.5,5.25,14.25,8.5],"texture":"#head_side"},"west":{"uv":[2.5,11,6.5,14],"texture":"#head_side"},"down":{"uv":[3.75,11.25,7.25,14.5],"texture":"#head_side"}}},{"from":[-0.25,10.75,7.76],"to":[1,11.75,8.76],"rotation":{"angle":22.5,"axis":"z","origin":[-0.25,11.75,7.76]},"faces":{"south":{"uv":[12.5,5.25,14.25,8.5],"texture":"#head_side"},"up":{"uv":[1,9.75,3,12.75],"texture":"#head_side"},"down":{"uv":[3.75,11.25,7.25,14.5],"texture":"#head_side"}}},{"from":[-1.25,10.75,7.24],"to":[0.3125,12,8.24],"faces":{"north":{"uv":[15.5,0.5,0.5,13],"texture":"#head_side"},"east":{"uv":[2.25,11.75,6,14],"texture":"#head_side"},"west":{"uv":[2.5,11,6.5,14],"texture":"#head_side"},"up":{"uv":[1,9.75,3,12.75],"texture":"#head_side"},"down":{"uv":[3.75,11.25,7.25,14.5],"texture":"#head_side"}}},{"from":[0.5,11,7.24],"to":[1.75,12,8.24],"rotation":{"angle":45,"axis":"z","origin":[0.5,12,7.24]},"faces":{"north":{"uv":[10.5,4.5,14.25,7.75],"texture":"#head_side"},"up":{"uv":[1,9.75,3,12.75],"texture":"#head_side"}}},{"from":[0.5,10.75,7.24],"to":[1,11.75,8.24],"faces":{"north":{"uv":[10.5,4.5,14.25,7.75],"texture":"#head_side"},"west":{"uv":[2.5,11,6.5,14],"texture":"#head_side"},"down":{"uv":[3.75,11.25,7.25,14.5],"texture":"#head_side"}}},{"from":[-0.25,10.75,7.24],"to":[1,11.75,8.24],"rotation":{"angle":22.5,"axis":"z","origin":[-0.25,11.75,7.24]},"faces":{"north":{"uv":[10.5,4.5,14.25,7.75],"texture":"#head_side"},"up":{"uv":[1,9.75,3,12.75],"texture":"#head_side"},"down":{"uv":[3.75,11.25,7.25,14.5],"texture":"#head_side"}}},{"from":[-0.75,12,7.24],"to":[0.25,12.5,8.24],"faces":{"north":{"uv":[0.25,0.25,14.5,10.25],"texture":"#particle"},"east":{"uv":[2.5,12.25,5,13.75],"texture":"#particle"},"west":{"uv":[3.5,9.5,6.75,11.75],"texture":"#particle"},"up":{"uv":[3.25,9.5,6.5,12.5],"texture":"#particle"}}},{"from":[4,1.5,5],"to":[11,4.5,11],"faces":{"north":{"uv":[2,2.25,5,5.75],"texture":"#texture"},"south":{"uv":[1.5,2.25,4.5,5.75],"texture":"#texture"}}},{"from":[4,0.5,6],"to":[11,5.5,10],"faces":{"up":{"uv":[2.75,2.5,5.75,5.5],"texture":"#texture"},"down":{"uv":[2.5,2.25,5.5,5.25],"texture":"#texture"}}},{"from":[3,1.5,6],"to":[12,4.5,10],"faces":{"west":{"uv":[4,2.5,6.5,5],"texture":"#texture"}}},{"from":[11,4.085,6],"to":[12.415,5.5,10],"rotation":{"angle":-45,"axis":"z","origin":[11,5.5,6]},"faces":{"north":{"uv":[2,2.25,5,5.75],"texture":"#texture"},"south":{"uv":[1.5,2.25,4.5,5.75],"texture":"#texture"},"up":{"uv":[2.75,2.5,5.75,5.5],"texture":"#texture"}}},{"from":[11,1.085,6],"to":[12.415,2.5,10],"rotation":{"angle":-45,"axis":"z","origin":[11,2.5,6]},"faces":{"north":{"uv":[2,2.25,5,5.75],"texture":"#texture"},"east":{"uv":[2.5,1.75,6,4.75],"texture":"#texture"},"south":{"uv":[1.5,2.25,4.5,5.75],"texture":"#texture"},"down":{"uv":[2.5,2.25,5.5,5.25],"texture":"#texture"}}},{"from":[3,0.085,6],"to":[4.415,1.5,10],"rotation":{"angle":45,"axis":"z","origin":[3,1.5,6]},"faces":{"north":{"uv":[2,2.25,5,5.75],"texture":"#texture"},"south":{"uv":[1.5,2.25,4.5,5.75],"texture":"#texture"},"west":{"uv":[4,2.5,6.5,5],"texture":"#texture"},"down":{"uv":[2.5,2.25,5.5,5.25],"texture":"#texture"}}},{"from":[3,3.085,6],"to":[4.415,4.5,10],"rotation":{"angle":45,"axis":"z","origin":[3,4.5,6]},"faces":{"north":{"uv":[2,2.25,5,5.75],"texture":"#texture"},"east":{"uv":[2.5,1.75,6,4.75],"texture":"#texture"},"south":{"uv":[1.5,2.25,4.5,5.75],"texture":"#texture"},"up":{"uv":[2.75,2.5,5.75,5.5],"texture":"#texture"}}},{"from":[4,3.085,5],"to":[11,4.5,6.415],"rotation":{"angle":-45,"axis":"x","origin":[4,4.5,5]},"faces":{"east":{"uv":[2.5,1.75,6,4.75],"texture":"#texture"},"south":{"uv":[1.5,2.25,4.5,5.75],"texture":"#texture"},"west":{"uv":[4,2.5,6.5,5],"texture":"#texture"},"up":{"uv":[2.75,2.5,5.75,5.5],"texture":"#texture"}}},{"from":[4,4.085,10],"to":[11,5.5,11.415],"rotation":{"angle":45,"axis":"x","origin":[4,5.5,10]},"faces":{"east":{"uv":[2.5,1.75,6,4.75],"texture":"#texture"},"south":{"uv":[1.5,2.25,4.5,5.75],"texture":"#texture"},"west":{"uv":[4,2.5,6.5,5],"texture":"#texture"},"up":{"uv":[2.75,2.5,5.75,5.5],"texture":"#texture"}}},{"from":[4,0.085,5],"to":[11,1.5,6.415],"rotation":{"angle":-45,"axis":"x","origin":[4,1.5,5]},"faces":{"north":{"uv":[2,2.25,5,5.75],"texture":"#texture"},"east":{"uv":[2.5,1.75,6,4.75],"texture":"#texture"},"west":{"uv":[4,2.5,6.5,5],"texture":"#texture"},"down":{"uv":[2.5,2.25,5.5,5.25],"texture":"#texture"}}},{"from":[4,1.085,10],"to":[11,2.5,11.415],"rotation":{"angle":45,"axis":"x","origin":[4,2.5,10]},"faces":{"east":{"uv":[2.5,1.75,6,4.75],"texture":"#texture"},"south":{"uv":[1.5,2.25,4.5,5.75],"texture":"#texture"},"west":{"uv":[4,2.5,6.5,5],"texture":"#texture"},"up":{"uv":[2.75,2.5,5.75,5.5],"texture":"#texture"},"down":{"uv":[2.5,2.25,5.5,5.25],"texture":"#texture"}}},{"from":[3,1.5,6],"to":[4.415,4.5,7.415],"rotation":{"angle":45,"axis":"y","origin":[3,1.5,6]},"faces":{"north":{"uv":[2,2.25,5,5.75],"texture":"#texture"},"east":{"uv":[2.5,1.75,6,4.75],"texture":"#texture"},"up":{"uv":[2.75,2.5,5.75,5.5],"texture":"#texture"},"down":{"uv":[2.5,2.25,5.5,5.25],"texture":"#texture"}}},{"from":[11,1.5,5],"to":[12.415,4.5,6.415],"rotation":{"angle":-45,"axis":"y","origin":[11,1.5,5]},"faces":{"north":{"uv":[2,2.25,5,5.75],"texture":"#texture"},"east":{"uv":[2.5,1.75,6,4.75],"texture":"#texture"},"up":{"uv":[2.75,2.5,5.75,5.5],"texture":"#texture"},"down":{"uv":[2.5,2.25,5.5,5.25],"texture":"#texture"}}},{"from":[3,1.5,10],"to":[4.415,4.5,11.415],"rotation":{"angle":45,"axis":"y","origin":[3,1.5,10]},"faces":{"south":{"uv":[1.5,2.25,4.5,5.75],"texture":"#texture"},"west":{"uv":[4,2.5,6.5,5],"texture":"#texture"},"up":{"uv":[2.75,2.5,5.75,5.5],"texture":"#texture"},"down":{"uv":[2.5,2.25,5.5,5.25],"texture":"#texture"}}},{"from":[11,1.5,9],"to":[12.415,4.5,10.415],"rotation":{"angle":-45,"axis":"y","origin":[11,1.5,9]},"faces":{"north":{"uv":[2,2.25,5,5.75],"texture":"#texture"},"east":{"uv":[2.5,1.75,6,4.75],"texture":"#texture"},"south":{"uv":[1.5,2.25,4.5,5.75],"texture":"#texture"},"up":{"uv":[2.75,2.5,5.75,5.5],"texture":"#texture"},"down":{"uv":[2.5,2.25,5.5,5.25],"texture":"#texture"}}},{"from":[4.25,5.5,7],"to":[9.75,7,9],"rotation":{"angle":-22.5,"axis":"z","origin":[4.25,7,7]},"faces":{"north":{"uv":[2,2.25,5,5.75],"texture":"#texture"},"south":{"uv":[1.5,2.25,4.5,5.75],"texture":"#texture"},"up":{"uv":[2.75,2.5,5.75,5.5],"texture":"#texture"}}},{"from":[3.75,6.5,7],"to":[6.5,8,9],"rotation":{"angle":-45,"axis":"z","origin":[3.75,8,7]},"faces":{"north":{"uv":[2,2.25,5,5.75],"texture":"#texture"},"south":{"uv":[1.5,2.25,4.5,5.75],"texture":"#texture"},"up":{"uv":[2.75,2.5,5.75,5.5],"texture":"#texture"}}},{"from":[2.75,4.25,7.25],"to":[4.5,5.75,8.75],"faces":{"north":{"uv":[9.5,2.5,12.5,6],"texture":"#texture"},"south":{"uv":[10.5,1.5,13.5,5],"texture":"#texture"},"west":{"uv":[10,3,12.5,5.5],"texture":"#texture"}}},{"from":[2.75,1.5,6.25],"to":[4.25,4.5,9.75],"faces":{"north":{"uv":[9.5,2.5,12.5,6],"texture":"#texture"},"south":{"uv":[10.5,1.5,13.5,5],"texture":"#texture"},"west":{"uv":[10,3,12.5,5.5],"texture":"#texture"}}},{"from":[2.75,3.085,6.25],"to":[4.5,4.5,7.665],"rotation":{"angle":-45,"axis":"x","origin":[2.75,4.5,6.25]},"faces":{"east":{"uv":[9,1.5,12.5,4.5],"texture":"#texture"},"west":{"uv":[10,3,12.5,5.5],"texture":"#texture"},"up":{"uv":[9.5,2,12.5,5],"texture":"#texture"}}},{"from":[2.75,4.085,8.75],"to":[4.5,5.5,10.165],"rotation":{"angle":45,"axis":"x","origin":[2.75,5.5,8.75]},"faces":{"east":{"uv":[9,1.5,12.5,4.5],"texture":"#texture"},"south":{"uv":[10.5,1.5,13.5,5],"texture":"#texture"},"west":{"uv":[10,3,12.5,5.5],"texture":"#texture"},"up":{"uv":[9.5,2,12.5,5],"texture":"#texture"}}},{"from":[1.25,3.25,7],"to":[2.75,10.25,9],"rotation":{"angle":22.5,"axis":"z","origin":[1.25,10.25,7]},"faces":{"north":{"uv":[2,2.25,5,5.75],"texture":"#texture"},"east":{"uv":[2.5,1.75,6,4.75],"texture":"#texture"},"south":{"uv":[1.5,2.25,4.5,5.75],"texture":"#texture"},"west":{"uv":[4,2.5,6.5,5],"texture":"#texture"}}},{"from":[2.375,7.9375,7],"to":[3.375,10.6875,9],"faces":{"north":{"uv":[2,2.25,5,5.75],"texture":"#texture"},"east":{"uv":[2.5,1.75,6,4.75],"texture":"#texture"},"south":{"uv":[1.5,2.25,4.5,5.75],"texture":"#texture"},"up":{"uv":[2.75,2.5,5.75,5.5],"texture":"#texture"}}},{"from":[2.5,2.4385,10],"to":[10.5,2.501,20],"rotation":{"angle":22.5,"axis":"z","origin":[2.5,2.50103,10]},"faces":{"north":{"uv":[5.375,12.125,10.25,14.125],"texture":"#wing_side"},"east":{"uv":[4,12,5.875,14],"texture":"#wing_side"},"south":{"uv":[3.25,8.625,7.125,11.125],"texture":"#wing_side"},"west":{"uv":[4.75,8.5,6.875,11.375],"texture":"#wing_side"},"up":{"uv":[0.25,0.125,11.5,15.25],"rotation":180,"texture":"#wing_side"},"down":{"uv":[11.5,0.125,0.25,15.25],"texture":"#wing_side"}}},{"from":[2.5,2.4375,-4],"to":[10.5,2.5,6],"rotation":{"angle":22.5,"axis":"z","origin":[2.5,2.5,-4]},"faces":{"north":{"uv":[5.375,12.125,10.25,14.125],"texture":"#wing_side"},"east":{"uv":[4,12,5.875,14],"texture":"#wing_side"},"south":{"uv":[3.25,8.625,7.125,11.125],"texture":"#wing_side"},"west":{"uv":[4.75,8.5,6.875,11.375],"texture":"#wing_side"},"up":{"uv":[11.5,0.125,0.25,15.25],"texture":"#wing_side"},"down":{"uv":[0.25,0.125,11.5,15.25],"rotation":180,"texture":"#wing_side"}}},{"from":[2.5,2,5.5],"to":[3.75,3,7.75],"rotation":{"angle":-45,"axis":"x","origin":[2.5,3,5.5]},"faces":{"north":{"uv":[3,9.75,6,13.25],"texture":"#texture"},"east":{"uv":[1.75,9.5,5.25,12.5],"texture":"#texture"},"south":{"uv":[1.75,9,4.75,12.5],"texture":"#texture"},"west":{"uv":[2.25,9.5,4.75,12],"texture":"#texture"},"up":{"uv":[3.75,9.75,6.75,12.75],"texture":"#texture"},"down":{"uv":[2.5,9.5,5.5,12.5],"texture":"#texture"}}},{"from":[2.5,2.0625,5.5],"to":[3.75,2.8125,8],"rotation":{"angle":-45,"axis":"x","origin":[2.5,2.8125,5.5]},"faces":{"north":{"uv":[3,9.75,6,13.25],"texture":"#texture"},"east":{"uv":[1.75,9.5,5.25,12.5],"texture":"#texture"},"south":{"uv":[1.75,9,4.75,12.5],"texture":"#texture"},"west":{"uv":[2.25,9.5,4.75,12],"texture":"#texture"},"up":{"uv":[3.75,9.75,6.75,12.75],"texture":"#texture"},"down":{"uv":[2.5,9.5,5.5,12.5],"texture":"#texture"}}},{"from":[2.4375,3.125,6.375],"to":[3.6875,3.375,7.875],"rotation":{"angle":-45,"axis":"x","origin":[2.4375,3.375,6.375]},"faces":{"north":{"uv":[8.5,8.25,11.5,11.75],"texture":"#texture"},"south":{"uv":[8.5,8.75,11.5,12.25],"texture":"#texture"},"west":{"uv":[9,9,11.5,11.5],"texture":"#texture"},"up":{"uv":[9.5,9,12.5,12],"texture":"#texture"},"down":{"uv":[9.25,8.75,12.25,11.75],"texture":"#texture"}}},{"from":[2.5,3.5625,8.875],"to":[3.75,4.5625,11.125],"rotation":{"angle":45,"axis":"x","origin":[2.5,4.5625,8.875]},"faces":{"north":{"uv":[3,9.75,6,13.25],"texture":"#texture"},"east":{"uv":[1.75,9.5,5.25,12.5],"texture":"#texture"},"south":{"uv":[1.75,9,4.75,12.5],"texture":"#texture"},"west":{"uv":[2.25,9.5,4.75,12],"texture":"#texture"},"up":{"uv":[3.75,9.75,6.75,12.75],"texture":"#texture"},"down":{"uv":[2.5,9.5,5.5,12.5],"texture":"#texture"}}},{"from":[2.5,3.8125,8.6875],"to":[3.75,4.5625,11.1875],"rotation":{"angle":45,"axis":"x","origin":[2.5,4.5625,8.6875]},"faces":{"north":{"uv":[3,9.75,6,13.25],"texture":"#texture"},"east":{"uv":[1.75,9.5,5.25,12.5],"texture":"#texture"},"south":{"uv":[1.75,9,4.75,12.5],"texture":"#texture"},"west":{"uv":[2.25,9.5,4.75,12],"texture":"#texture"},"up":{"uv":[3.75,9.75,6.75,12.75],"texture":"#texture"},"down":{"uv":[2.5,9.5,5.5,12.5],"texture":"#texture"}}},{"from":[2.4375,4.1875,8.5],"to":[3.6875,4.4375,10],"rotation":{"angle":45,"axis":"x","origin":[2.4375,4.4375,8.5]},"faces":{"north":{"uv":[8.5,8.25,11.5,11.75],"texture":"#texture"},"south":{"uv":[8.5,8.75,11.5,12.25],"texture":"#texture"},"west":{"uv":[9,9,11.5,11.5],"texture":"#texture"},"up":{"uv":[9.5,9,12.5,12],"texture":"#texture"},"down":{"uv":[9.25,8.75,12.25,11.75],"texture":"#texture"}}},{"from":[8.75,4.9375,1.5],"to":[22.25,5,14.5],"rotation":{"angle":45,"axis":"z","origin":[8.75,5,1.5]},"faces":{"up":{"uv":[0.125,0.125,14.5,15.5],"rotation":90,"texture":"#tail"},"down":{"uv":[0.125,0.125,14.5,15.5],"rotation":90,"texture":"#tail"}}},{"from":[4,0.25,6.25],"to":[11,1.5,9.75],"faces":{"north":{"uv":[9.5,2.5,12.5,6],"texture":"#texture"},"south":{"uv":[10.5,1.5,13.5,5],"texture":"#texture"},"down":{"uv":[10,1.5,13,4.5],"texture":"#texture"}}},{"from":[2.75,-0.27,6.25],"to":[4.52,1.5,9.75],"rotation":{"angle":45,"axis":"z","origin":[2.75,1.5,6.25]},"faces":{"north":{"uv":[9.5,2.5,12.5,6],"texture":"#texture"},"south":{"uv":[10.5,1.5,13.5,5],"texture":"#texture"},"west":{"uv":[10,3,12.5,5.5],"texture":"#texture"},"down":{"uv":[10,1.5,13,4.5],"texture":"#texture"}}},{"from":[11,0.98,6.25],"to":[12.77,2.75,9.75],"rotation":{"angle":-45,"axis":"z","origin":[11,2.75,6.25]},"faces":{"north":{"uv":[9.5,2.5,12.5,6],"texture":"#texture"},"east":{"uv":[9,1.5,12.5,4.5],"texture":"#texture"},"south":{"uv":[10.5,1.5,13.5,5],"texture":"#texture"},"down":{"uv":[10,1.5,13,4.5],"texture":"#texture"}}},{"from":[12,2.5,6],"to":[14,4.5,10],"rotation":{"angle":-22.5,"axis":"z","origin":[12,4.5,6]},"faces":{"north":{"uv":[2,2.25,5,5.75],"texture":"#texture"},"east":{"uv":[2.5,1.75,6,4.75],"texture":"#texture"},"south":{"uv":[1.5,2.25,4.5,5.75],"texture":"#texture"},"up":{"uv":[2.75,2.5,5.75,5.5],"texture":"#texture"},"down":{"uv":[2.5,2.25,5.5,5.25],"texture":"#texture"}}},{"from":[11.25,1,6.25],"to":[12.75,2.25,9.75],"rotation":{"angle":22.5,"axis":"z","origin":[11.25,2.25,6.25]},"faces":{"north":{"uv":[9.5,2.5,12.5,6],"texture":"#texture"},"east":{"uv":[9,1.5,12.5,4.5],"texture":"#texture"},"south":{"uv":[10.5,1.5,13.5,5],"texture":"#texture"},"down":{"uv":[10,1.5,13,4.5],"texture":"#texture"}}},{"from":[11.25,1.25,6],"to":[12.6875,2.5,10],"rotation":{"angle":22.5,"axis":"z","origin":[11.25,2.5,6]},"faces":{"north":{"uv":[2,2.25,5,5.75],"texture":"#texture"},"east":{"uv":[2.5,1.75,6,4.75],"texture":"#texture"},"south":{"uv":[1.5,2.25,4.5,5.75],"texture":"#texture"},"down":{"uv":[2.5,2.25,5.5,5.25],"texture":"#texture"}}},{"from":[13,2,6.5],"to":[14.25,3.75,9.5],"faces":{"north":{"uv":[2,2.25,5,5.75],"texture":"#texture"},"east":{"uv":[2.5,1.75,6,4.75],"texture":"#texture"},"south":{"uv":[1.5,2.25,4.5,5.75],"texture":"#texture"},"up":{"uv":[2.75,2.5,5.75,5.5],"texture":"#texture"},"down":{"uv":[2.5,2.25,5.5,5.25],"texture":"#texture"}}},{"from":[13,1.75,6.75],"to":[14.25,2,9.25],"faces":{"north":{"uv":[9.5,2.5,12.5,6],"texture":"#texture"},"east":{"uv":[9,1.5,12.5,4.5],"texture":"#texture"},"south":{"uv":[10.5,1.5,13.5,5],"texture":"#texture"},"down":{"uv":[10,1.5,13,4.5],"texture":"#texture"}}},{"from":[14.25,2.25,7.0625],"to":[15.5,3.5,9.0625],"faces":{"north":{"uv":[2,2.25,5,5.75],"texture":"#texture"},"east":{"uv":[2.5,1.75,6,4.75],"texture":"#texture"},"south":{"uv":[1.5,2.25,4.5,5.75],"texture":"#texture"},"up":{"uv":[2.75,2.5,5.75,5.5],"texture":"#texture"},"down":{"uv":[2.5,2.25,5.5,5.25],"texture":"#texture"}}},{"from":[14.25,2,7.25],"to":[15.5,2.25,8.75],"faces":{"north":{"uv":[9.5,2.5,12.5,6],"texture":"#texture"},"east":{"uv":[9,1.5,12.5,4.5],"texture":"#texture"},"south":{"uv":[10.5,1.5,13.5,5],"texture":"#texture"},"down":{"uv":[10,1.5,13,4.5],"texture":"#texture"}}},{"from":[15.25,2,7.75],"to":[16.3125,2.5,8.25],"rotation":{"angle":22.5,"axis":"z","origin":[15.25,2.5,7.75]},"faces":{"north":{"uv":[9.5,2.5,12.5,6],"texture":"#texture"},"east":{"uv":[9,1.5,12.5,4.5],"texture":"#texture"},"south":{"uv":[10.5,1.5,13.5,5],"texture":"#texture"},"down":{"uv":[10,1.5,13,4.5],"texture":"#texture"}}},{"from":[15,2.25,7.5],"to":[16.75,3.25,8.5],"rotation":{"angle":22.5,"axis":"z","origin":[15,3.25,7.5]},"faces":{"north":{"uv":[2,2.25,5,5.75],"texture":"#texture"},"east":{"uv":[2.5,1.75,6,4.75],"texture":"#texture"},"south":{"uv":[1.5,2.25,4.5,5.75],"texture":"#texture"},"up":{"uv":[2.75,2.5,5.75,5.5],"texture":"#texture"},"down":{"uv":[2.5,2.25,5.5,5.25],"texture":"#texture"}}},{"from":[16.625,3.2275,7.5],"to":[17.3125,3.915,8.5],"rotation":{"angle":-22.5,"axis":"z","origin":[16.625,3.915,7.5]},"faces":{"north":{"uv":[2,2.25,5,5.75],"texture":"#texture"},"east":{"uv":[2.5,1.75,6,4.75],"texture":"#texture"},"south":{"uv":[1.5,2.25,4.5,5.75],"texture":"#texture"},"west":{"uv":[4,2.5,6.5,5],"texture":"#texture"},"up":{"uv":[2.75,2.5,5.75,5.5],"texture":"#texture"},"down":{"uv":[2.5,2.25,5.5,5.25],"texture":"#texture"}}},{"from":[16.0625,2.3125,7.75],"to":[16.875,2.8125,8.25],"rotation":{"angle":45,"axis":"z","origin":[16.0625,2.8125,7.75]},"faces":{"north":{"uv":[9.5,2.5,12.5,6],"texture":"#texture"},"south":{"uv":[10.5,1.5,13.5,5],"texture":"#texture"},"down":{"uv":[10,1.5,13,4.5],"texture":"#texture"}}}],"display":{"thirdperson_righthand":{"scale":[0.0001,0.0001,0.0001]},"thirdperson_lefthand":{"scale":[0.0001,0.0001,0.0001]},"firstperson_righthand":{"scale":[0.0001,0.0001,0.0001]},"firstperson_lefthand":{"scale":[0.0001,0.0001,0.0001]},"ground":{"scale":[0.0001,0.0001,0.0001]},"gui":{"rotation":[30,45,0],"scale":[0.8,0.8,0.8]},"head":{"rotation":[0,-90,0],"translation":[0,5,0],"scale":[4,4,4]},"fixed":{"scale":[0.0001,0.0001,0.0001]}}}