{"credit":"© 2015-2021 MadstonMagic. All rights reserved. Made using BlockBench","textures":{"3":"pokemon_skins/regular/tepig/eye","4":"pokemon_skins/regular/tepig/ear","particle":"pokemon_skins/regular/tepig/eye","texture":"pokemon_skins/regular/tepig/tepig","face":"pokemon_skins/regular/tepig/face","head":"pokemon_skins/regular/tepig/head"},"elements":[{"name":"head","from":[6.49324,4.5,2.13222],"to":[9.49324,9.5,5.13222],"rotation":{"angle":0,"axis":"y","origin":[7.99301,5.10558,6.50023]},"faces":{"up":{"uv":[7,1,11,5],"rotation":90,"texture":"#texture"}}},{"name":"head","from":[5.49324,5.5,2.13222],"to":[10.49324,8.5,5.13222],"rotation":{"angle":0,"axis":"y","origin":[7.99301,5.10558,6.50023]},"faces":{"east":{"uv":[15.75,0.25,0.25,14.5],"texture":"#head"},"west":{"uv":[0.25,0.25,15.75,14.5],"texture":"#head"}}},{"name":"head","from":[6.49324,5.5,1.13222],"to":[9.49324,8.5,6.13222],"rotation":{"angle":0,"axis":"y","origin":[7.99301,5.10558,6.50023]},"faces":{"north":{"uv":[0.25,0.25,2.5,14.5],"texture":"#head"},"south":{"uv":[1.5,1,5.5,5],"texture":"#texture"}}},{"name":"head","from":[6.49324,9.88656,5.10468],"to":[9.49324,11.30156,6.51968],"rotation":{"angle":-45,"axis":"x","origin":[7.99301,5.10558,6.50023]},"faces":{"east":{"uv":[7.5,1,10.5,4],"texture":"#texture"},"south":{"uv":[7.5,1.5,10.5,4.5],"texture":"#texture"},"west":{"uv":[7.5,1.5,10,4.5],"texture":"#texture"},"up":{"uv":[7.5,1,10.5,4],"rotation":90,"texture":"#texture"}}},{"name":"head","from":[6.49324,3.70926,4.5469],"to":[9.49324,5.12426,5.9619],"rotation":{"angle":45,"axis":"x","origin":[7.99301,5.10558,6.50023]},"faces":{"east":{"uv":[1.5,1,5.5,5],"texture":"#texture"},"west":{"uv":[1,1,5,5],"texture":"#texture"}}},{"name":"head","from":[9.31327,5.5,1.64397],"to":[10.72827,8.5,7.30083],"rotation":{"angle":45,"axis":"y","origin":[7.99301,5.10558,6.50023]},"faces":{"north":{"uv":[0.25,0.25,2.5,14.5],"texture":"#head"},"south":{"uv":[7,10.5,8.5,11.5],"texture":"#head"},"west":{"uv":[1,1,5,5],"texture":"#texture"},"up":{"uv":[7,1,11,5],"rotation":90,"texture":"#texture"},"down":{"uv":[1,0.5,5,4.5],"rotation":270,"texture":"#texture"}}},{"name":"head","from":[5.25765,5.5,1.64342],"to":[6.67265,8.5,7.30027],"rotation":{"angle":-45,"axis":"y","origin":[7.99291,5.10558,6.49967]},"faces":{"north":{"uv":[2.5,0.25,0.25,14.5],"texture":"#head"},"south":{"uv":[8.5,10.5,7,11.5],"texture":"#head"},"up":{"uv":[7,5,11,1],"rotation":90,"texture":"#texture"},"down":{"uv":[1,4.5,5,0.5],"rotation":270,"texture":"#texture"}}},{"name":"head","from":[6.99324,9.92698,1.16699],"to":[8.99324,10.17698,3.16699],"rotation":{"angle":-22.5,"axis":"x","origin":[7.99301,5.10558,6.50023]},"faces":{"east":{"uv":[7.5,1,10.5,4],"texture":"#texture"},"west":{"uv":[7.5,1.5,10,4.5],"texture":"#texture"},"up":{"uv":[3,8.75,6.75,13.75],"rotation":180,"texture":"#face"}}},{"name":"head","from":[6.99324,9.55198,1.79199],"to":[8.99324,9.92698,3.16699],"rotation":{"angle":-22.5,"axis":"x","origin":[7.99301,4.85558,6.50023]},"faces":{"east":{"uv":[7.5,1.5,10,4.5],"texture":"#texture"},"west":{"uv":[7.5,1.5,10,4.5],"texture":"#texture"}}},{"name":"head","from":[6.99324,9.62478,2.80659],"to":[8.99324,11.12478,3.30659],"rotation":{"angle":-45,"axis":"x","origin":[7.99301,5.10558,6.50023]},"faces":{"north":{"uv":[1,0.5,5,4.5],"texture":"#texture"},"east":{"uv":[1.5,1,5.5,5],"texture":"#texture"},"west":{"uv":[1,1,5,5],"texture":"#texture"}}},{"name":"head","from":[6.99324,3.42253,0.91154],"to":[8.99324,4.1686,1.3899],"rotation":{"angle":22.5,"axis":"x","origin":[7.99301,5.10558,6.50023]},"faces":{"east":{"uv":[1.5,1,5.5,5],"texture":"#texture"},"west":{"uv":[1,1,5,5],"texture":"#texture"},"down":{"uv":[1,0.5,5,4.5],"rotation":270,"texture":"#texture"}}},{"name":"head","from":[6.99324,6.75,-0.36778],"to":[8.99324,7.75,1.38222],"rotation":{"angle":0,"axis":"y","origin":[7.99301,5.10558,6.50023]},"faces":{"north":{"uv":[1,7,5,11],"texture":"#texture"},"east":{"uv":[0.25,0.25,2.5,10.75],"texture":"#head"},"west":{"uv":[0.25,0.25,2.5,10.75],"texture":"#head"}}},{"name":"head","from":[6.99324,6.125,0.31972],"to":[8.99324,6.75,1.13222],"rotation":{"angle":0,"axis":"y","origin":[7.99301,5.10558,6.50023]},"faces":{"east":{"uv":[1.5,1,5.5,5],"texture":"#texture"},"west":{"uv":[1,1,5,5],"texture":"#texture"}}},{"name":"head","from":[8.43074,7,-0.37778],"to":[8.49324,7.75,0.62222],"rotation":{"angle":0,"axis":"y","origin":[7.99301,5.10558,6.50023]},"faces":{"north":{"uv":[12.5,0.25,15.75,5.75],"texture":"#face"},"east":{"uv":[11,8,13.75,12],"texture":"#face"},"west":{"uv":[13.75,7.5,15.5,11.75],"texture":"#face"},"up":{"uv":[10.5,7.75,12.25,12],"rotation":90,"texture":"#face"},"down":{"uv":[12,8.25,13.75,11.75],"rotation":270,"texture":"#face"}}},{"name":"head","from":[7.48074,7,-0.37778],"to":[7.54324,7.75,0.62222],"rotation":{"angle":0,"axis":"y","origin":[7.99301,5.10558,6.50023]},"faces":{"north":{"uv":[12.5,0.25,15.75,5.75],"texture":"#face"},"east":{"uv":[11,8,13.75,12],"texture":"#face"},"west":{"uv":[13.75,7.5,15.5,11.75],"texture":"#face"},"up":{"uv":[10.5,7.75,12.25,12],"rotation":90,"texture":"#face"},"down":{"uv":[12,8.25,13.75,11.75],"rotation":270,"texture":"#face"}}},{"name":"head","from":[11.80373,6.5,3.75115],"to":[12.86373,8.25,4.81115],"rotation":{"angle":45,"axis":"y","origin":[7.99301,5.10558,6.50023]},"faces":{"north":{"uv":[13.25,5.75,14.5,9.25],"texture":"#3"},"east":{"uv":[0.25,0.25,12.25,15.75],"texture":"#3"},"south":{"uv":[13.25,5.75,15.25,9],"texture":"#3"},"up":{"uv":[13.25,9,14.75,12],"rotation":90,"texture":"#3"},"down":{"uv":[13,7.25,14.5,10],"rotation":270,"texture":"#3"}}},{"name":"head","from":[9.68241,6.5,1.62983],"to":[10.74241,8.25,2.68983],"rotation":{"angle":45,"axis":"y","origin":[7.99301,5.10558,6.50023]},"faces":{"north":{"uv":[12.25,0.25,0.25,15.75],"texture":"#3"},"east":{"uv":[12.5,2,14.75,4.25],"texture":"#3"},"west":{"uv":[13,2,15.25,4.5],"texture":"#3"},"up":{"uv":[13.25,9,14.75,12],"rotation":90,"texture":"#3"},"down":{"uv":[13,7.25,14.5,10],"rotation":270,"texture":"#3"}}},{"name":"head","from":[5.49352,8.75,3.33264],"to":[8.49352,13,3.33364],"rotation":{"angle":22.5,"axis":"y","origin":[7.99301,5.10558,6.50023]},"faces":{"north":{"uv":[0.25,0.25,11.25,15.75],"texture":"#4"},"south":{"uv":[11.25,0.25,0.25,15.75],"texture":"#4"}}},{"name":"head","from":[7.49292,8.75,3.33246],"to":[10.49292,13,3.33346],"rotation":{"angle":-22.5,"axis":"y","origin":[7.99301,5.10558,6.50023]},"faces":{"north":{"uv":[11.25,0.25,0.25,15.75],"texture":"#4"},"south":{"uv":[0.25,0.25,11.25,15.75],"texture":"#4"}}},{"name":"head","from":[6.49324,1.58872,2.42558],"to":[9.49324,7.24558,3.84058],"rotation":{"angle":45,"axis":"x","origin":[7.99301,5.10558,6.50023]},"faces":{"east":{"uv":[0.25,0.25,2.5,14.5],"texture":"#head"},"south":{"uv":[1.5,1.5,4.5,4.5],"rotation":90,"texture":"#texture"},"west":{"uv":[0.25,0.25,2.5,14.5],"texture":"#head"},"up":{"uv":[7.5,1.5,10.5,4.5],"rotation":90,"texture":"#texture"},"down":{"uv":[1.5,1.5,4.5,4.5],"rotation":90,"texture":"#texture"}}},{"name":"head","from":[7.78543,1.58928,2.13222],"to":[9.20043,7.24613,5.13222],"rotation":{"angle":45,"axis":"z","origin":[5.12578,5.10614,3.63199]},"faces":{"north":{"uv":[0.25,0.25,2.5,14.5],"texture":"#head"},"south":{"uv":[0.25,0.25,2.5,14.5],"texture":"#head"},"up":{"uv":[7.5,1.5,10.5,4.5],"rotation":180,"texture":"#texture"},"down":{"uv":[1.5,1.5,4.5,4.5],"texture":"#texture"}}},{"name":"head","from":[6.7866,1.58872,2.13222],"to":[8.2016,7.24558,5.13222],"rotation":{"angle":-45,"axis":"z","origin":[10.86125,5.10558,3.63199]},"faces":{"north":{"uv":[2.5,0.25,0.25,14.5],"texture":"#head"},"east":{"uv":[1.5,4.5,4.5,1.5],"rotation":90,"texture":"#texture"},"south":{"uv":[2.5,0.25,0.25,14.5],"texture":"#head"},"up":{"uv":[10.5,1.5,7.5,4.5],"rotation":180,"texture":"#texture"},"down":{"uv":[4.5,1.5,1.5,4.5],"texture":"#texture"}}},{"name":"body*","from":[6.49324,1.5,5.13222],"to":[9.49324,6.5,10.13222],"rotation":{"angle":0,"axis":"y","origin":[7.99301,5.10558,6.50023]},"faces":{"up":{"uv":[0.75,4,1.75,13.25],"rotation":180,"texture":"#head"},"down":{"uv":[0.75,4,1.75,13.25],"texture":"#head"}}},{"name":"body*","from":[5.49324,2.5,5.13222],"to":[10.49324,5.5,10.13222],"rotation":{"angle":0,"axis":"y","origin":[7.99301,5.10558,6.50023]},"faces":{"east":{"uv":[0.75,4,1.75,13.25],"rotation":270,"texture":"#head"},"west":{"uv":[0.75,4,1.75,13.25],"rotation":90,"texture":"#head"}}},{"name":"body*","from":[6.49324,2.5,4.13222],"to":[9.49324,5.5,11.13222],"rotation":{"angle":0,"axis":"y","origin":[7.99301,5.10558,6.50023]},"faces":{"north":{"uv":[1,0.5,5,4.5],"texture":"#texture"},"south":{"uv":[7,1,10,4],"texture":"#texture"}}},{"name":"body*","from":[6.49324,5.64391,5.10468],"to":[9.49324,7.05891,6.51968],"rotation":{"angle":-45,"axis":"x","origin":[7.99301,5.10558,6.50023]},"faces":{"east":{"uv":[1.5,1,5.5,5],"texture":"#texture"},"west":{"uv":[1,1,5,5],"texture":"#texture"}}},{"name":"body*","from":[6.49324,7.24479,8.08243],"to":[9.49324,8.65979,9.49743],"rotation":{"angle":45,"axis":"x","origin":[7.99301,5.10558,6.50023]},"faces":{"east":{"uv":[7,1,10,4],"texture":"#texture"},"south":{"uv":[7.5,1.5,10.5,5],"texture":"#texture"},"west":{"uv":[7,1,9.5,4],"texture":"#texture"},"up":{"uv":[7,1,10,4],"rotation":90,"texture":"#texture"}}},{"name":"body*","from":[6.49324,5.12403,10.2032],"to":[9.49324,6.53903,11.6182],"rotation":{"angle":45,"axis":"x","origin":[7.99301,5.10614,6.49967]},"faces":{"east":{"uv":[7,1,10,4],"texture":"#texture"},"south":{"uv":[7.5,1.5,10.5,5],"texture":"#texture"},"west":{"uv":[7,1,9.5,4],"texture":"#texture"},"down":{"uv":[7.5,2,10.5,5.5],"rotation":270,"texture":"#texture"}}},{"name":"body*","from":[6.49324,3.52259,2.98336],"to":[9.49324,4.93759,4.39836],"rotation":{"angle":-45,"axis":"x","origin":[7.99301,5.10558,6.50023]},"faces":{"north":{"uv":[1,0.5,5,4.5],"texture":"#texture"},"east":{"uv":[1.5,1,5.5,5],"texture":"#texture"},"west":{"uv":[1,1,5,5],"texture":"#texture"},"down":{"uv":[1,0.5,5,4.5],"rotation":270,"texture":"#texture"}}},{"name":"body*","from":[6.50351,1.49523,5.13222],"to":[7.91851,7.15208,10.13222],"rotation":{"angle":45,"axis":"z","origin":[7.99301,5.10558,6.50023]},"faces":{"north":{"uv":[1,0.5,5,4.5],"texture":"#texture"},"south":{"uv":[7,1,10,4],"texture":"#texture"},"west":{"uv":[1,1,5,5],"texture":"#texture"},"up":{"uv":[0.75,4,1.75,13.25],"rotation":180,"texture":"#head"},"down":{"uv":[0.75,4,1.75,13.25],"texture":"#head"}}},{"name":"body*","from":[4.38219,3.61655,5.13222],"to":[10.03983,5.03076,10.13222],"rotation":{"angle":45,"axis":"z","origin":[7.99301,5.10558,6.50023]},"faces":{"north":{"uv":[1,0.5,5,4.5],"texture":"#texture"},"east":{"uv":[0.75,4,1.75,13.25],"rotation":270,"texture":"#head"},"south":{"uv":[7,1,10,4],"texture":"#texture"},"west":{"uv":[0.75,4,1.75,13.25],"rotation":90,"texture":"#head"},"up":{"uv":[1,1.5,5,5.5],"rotation":90,"texture":"#texture"},"down":{"uv":[1,0.5,5,4.5],"rotation":270,"texture":"#texture"}}},{"name":"body*","from":[9.31327,2.5,5.88661],"to":[10.72827,5.5,7.30161],"rotation":{"angle":45,"axis":"y","origin":[7.99301,5.10558,6.50023]},"faces":{"east":{"uv":[1.5,1,5.5,5],"texture":"#texture"},"south":{"uv":[1.5,1,5.5,5],"texture":"#texture"},"up":{"uv":[1,1.5,5,5.5],"rotation":90,"texture":"#texture"},"down":{"uv":[1,0.5,5,4.5],"rotation":270,"texture":"#texture"}}},{"name":"body*","from":[10.91414,2.5,7.3005],"to":[12.32914,5.5,8.7155],"rotation":{"angle":-45,"axis":"y","origin":[7.99301,5.10558,6.50023]},"faces":{"east":{"uv":[7,1,10,4],"texture":"#texture"},"south":{"uv":[7.5,1.5,10.5,5],"texture":"#texture"},"up":{"uv":[7,1,10,4],"rotation":90,"texture":"#texture"},"down":{"uv":[7.5,2,10.5,5.5],"rotation":270,"texture":"#texture"}}},{"name":"body*","from":[7.19195,2.5,3.76529],"to":[8.60695,5.5,5.18029],"rotation":{"angle":45,"axis":"y","origin":[7.99301,5.10558,6.50023]},"faces":{"north":{"uv":[1,0.5,5,4.5],"texture":"#texture"},"west":{"uv":[1,1,5,5],"texture":"#texture"},"up":{"uv":[1,1.5,5,5.5],"rotation":90,"texture":"#texture"},"down":{"uv":[1,0.5,5,4.5],"rotation":270,"texture":"#texture"}}},{"name":"body*","from":[8.79282,2.5,9.42182],"to":[10.20782,5.5,10.83682],"rotation":{"angle":-45,"axis":"y","origin":[7.99301,5.10558,6.50023]},"faces":{"east":{"uv":[7,1,10,4],"texture":"#texture"},"south":{"uv":[7.5,1.5,10.5,5],"texture":"#texture"},"west":{"uv":[7,1,9.5,4],"texture":"#texture"},"up":{"uv":[7,1,10,4],"rotation":90,"texture":"#texture"},"down":{"uv":[7.5,2,10.5,5.5],"rotation":270,"texture":"#texture"}}},{"name":"body*","from":[6.49324,2.87039,2.70203],"to":[9.49324,4.37039,5.70203],"rotation":{"angle":22.5,"axis":"x","origin":[7.99301,5.11585,6.51231]},"faces":{"east":{"uv":[1.5,1,5.5,5],"texture":"#texture"},"west":{"uv":[1,1,5,5],"texture":"#texture"},"down":{"uv":[1,0.5,5,4.5],"rotation":270,"texture":"#texture"}}},{"name":"body*","from":[9.99397,0.50198,5.13222],"to":[11.49397,1.50198,6.63222],"rotation":{"angle":0,"axis":"y","origin":[7.99374,5.10757,6.50023]},"faces":{"north":{"uv":[1,0.5,5,4.5],"texture":"#texture"},"east":{"uv":[1.5,1,5.5,5],"texture":"#texture"},"south":{"uv":[1.5,1,5.5,5],"texture":"#texture"},"west":{"uv":[1,1,5,5],"texture":"#texture"}}},{"name":"body*","from":[4.50603,0.50198,5.13222],"to":[6.00603,1.50198,6.63222],"rotation":{"angle":0,"axis":"y","origin":[8.00626,5.10757,6.50023]},"faces":{"north":{"uv":[5,0.5,1,4.5],"texture":"#texture"},"east":{"uv":[5,1,1,5],"texture":"#texture"},"south":{"uv":[5.5,1,1.5,5],"texture":"#texture"},"west":{"uv":[5.5,1,1.5,5],"texture":"#texture"}}},{"name":"body*","from":[8.34844,0.43653,5.13222],"to":[9.84844,4.43653,6.63222],"rotation":{"angle":22.5,"axis":"z","origin":[7.99301,5.10558,6.50023]},"faces":{"north":{"uv":[1,0.5,5,4.5],"texture":"#texture"},"east":{"uv":[1.5,1,5.5,5],"texture":"#texture"},"south":{"uv":[1.5,1,5.5,5],"texture":"#texture"},"west":{"uv":[1,1,5,5],"texture":"#texture"}}},{"name":"body*","from":[6.15156,0.43653,5.13222],"to":[7.65156,4.43653,6.63222],"rotation":{"angle":-22.5,"axis":"z","origin":[8.00699,5.10558,6.50023]},"faces":{"north":{"uv":[5,0.5,1,4.5],"texture":"#texture"},"east":{"uv":[5,1,1,5],"texture":"#texture"},"south":{"uv":[5.5,1,1.5,5],"texture":"#texture"},"west":{"uv":[5.5,1,1.5,5],"texture":"#texture"}}},{"name":"body*","from":[9.99324,0,4.63222],"to":[11.49324,0.5,6.13222],"rotation":{"angle":0,"axis":"y","origin":[7.99301,5.10558,6.50023]},"faces":{"north":{"uv":[7.5,2,10.5,4],"texture":"#texture"},"east":{"uv":[7,1,10,4],"texture":"#texture"},"west":{"uv":[7,1,9.5,4],"texture":"#texture"},"up":{"uv":[7,1,10,4],"rotation":90,"texture":"#texture"},"down":{"uv":[7.5,2,10.5,5.5],"rotation":270,"texture":"#texture"}}},{"name":"body*","from":[4.50676,0,4.63222],"to":[6.00676,0.5,6.13222],"rotation":{"angle":0,"axis":"y","origin":[8.00699,5.10558,6.50023]},"faces":{"north":{"uv":[10.5,2,7.5,4],"texture":"#texture"},"east":{"uv":[9.5,1,7,4],"texture":"#texture"},"west":{"uv":[10,1,7,4],"texture":"#texture"},"up":{"uv":[7,4,10,1],"rotation":90,"texture":"#texture"},"down":{"uv":[7.5,5.5,10.5,2],"rotation":270,"texture":"#texture"}}},{"name":"body*","from":[9.99324,0,6.13222],"to":[11.49397,0.50198,6.63222],"rotation":{"angle":0,"axis":"y","origin":[7.99301,5.10558,6.50023]},"faces":{"east":{"uv":[1.5,1,5.5,5],"texture":"#texture"},"south":{"uv":[1.5,1,5.5,5],"texture":"#texture"},"west":{"uv":[1,1,5,5],"texture":"#texture"},"down":{"uv":[1,0.5,5,4.5],"rotation":270,"texture":"#texture"}}},{"name":"body*","from":[4.50603,0,6.13222],"to":[6.00676,0.50198,6.63222],"rotation":{"angle":0,"axis":"y","origin":[8.00699,5.10558,6.50023]},"faces":{"east":{"uv":[5,1,1,5],"texture":"#texture"},"south":{"uv":[5.5,1,1.5,5],"texture":"#texture"},"west":{"uv":[5.5,1,1.5,5],"texture":"#texture"},"down":{"uv":[1,4.5,5,0.5],"rotation":270,"texture":"#texture"}}},{"name":"body*","from":[10.05574,2.66983,1.9227],"to":[11.43074,3.16983,3.1727],"rotation":{"angle":-45,"axis":"x","origin":[7.99301,5.10558,6.50023]},"faces":{"east":{"uv":[7,1,10,4],"texture":"#texture"},"west":{"uv":[7,1,9.5,4],"texture":"#texture"},"up":{"uv":[7,1,10,4],"rotation":90,"texture":"#texture"}}},{"name":"body*","from":[4.56926,2.66983,1.9227],"to":[5.94426,3.16983,3.1727],"rotation":{"angle":-45,"axis":"x","origin":[8.00699,5.10558,6.50023]},"faces":{"east":{"uv":[9.5,1,7,4],"texture":"#texture"},"west":{"uv":[10,1,7,4],"texture":"#texture"},"up":{"uv":[7,4,10,1],"rotation":90,"texture":"#texture"}}},{"name":"body*","from":[8.5082,4.93013,8.88222],"to":[11.3382,6.18013,10.38222],"rotation":{"angle":-45,"axis":"z","origin":[7.99301,5.10558,6.50023]},"faces":{"north":{"uv":[1,0.5,5,4.5],"texture":"#texture"},"south":{"uv":[1.5,1,5.5,5],"texture":"#texture"},"west":{"uv":[1,1,5,5],"texture":"#texture"},"up":{"uv":[1,1.5,5,5.5],"rotation":90,"texture":"#texture"},"down":{"uv":[1,0.5,5,4.5],"rotation":270,"texture":"#texture"}}},{"name":"body*","from":[4.6618,4.93013,8.88222],"to":[7.4918,6.18013,10.38222],"rotation":{"angle":45,"axis":"z","origin":[8.00699,5.10558,6.50023]},"faces":{"north":{"uv":[5,0.5,1,4.5],"texture":"#texture"},"east":{"uv":[5,1,1,5],"texture":"#texture"},"south":{"uv":[5.5,1,1.5,5],"texture":"#texture"},"up":{"uv":[1,5.5,5,1.5],"rotation":90,"texture":"#texture"},"down":{"uv":[1,4.5,5,0.5],"rotation":270,"texture":"#texture"}}},{"name":"body*","from":[9.61824,0,8.88222],"to":[11.11824,0.48006,10.8765],"rotation":{"angle":0,"axis":"y","origin":[7.99301,5.10558,6.50023]},"faces":{"north":{"uv":[1,0.5,5,4.5],"texture":"#texture"},"east":{"uv":[1.5,1,5.5,5],"texture":"#texture"},"south":{"uv":[1.5,1,5.5,5],"texture":"#texture"},"west":{"uv":[1,1,5,5],"texture":"#texture"},"down":{"uv":[1,0.5,5,4.5],"rotation":270,"texture":"#texture"}}},{"name":"body*","from":[4.88176,0,8.88222],"to":[6.38176,0.48006,10.8765],"rotation":{"angle":0,"axis":"y","origin":[8.00699,5.10558,6.50023]},"faces":{"north":{"uv":[5,0.5,1,4.5],"texture":"#texture"},"east":{"uv":[5,1,1,5],"texture":"#texture"},"south":{"uv":[5.5,1,1.5,5],"texture":"#texture"},"west":{"uv":[5.5,1,1.5,5],"texture":"#texture"},"down":{"uv":[1,4.5,5,0.5],"rotation":270,"texture":"#texture"}}},{"name":"body*","from":[9.61824,0.48006,9.3765],"to":[11.11824,1.35506,10.8765],"rotation":{"angle":0,"axis":"y","origin":[7.99301,5.08564,6.49451]},"faces":{"north":{"uv":[1,0.5,5,4.5],"texture":"#texture"},"east":{"uv":[1.5,1,5.5,5],"texture":"#texture"},"south":{"uv":[1.5,1,5.5,5],"texture":"#texture"},"west":{"uv":[1,1,5,5],"texture":"#texture"}}},{"name":"body*","from":[4.88176,0.48006,9.3765],"to":[6.38176,1.35506,10.8765],"rotation":{"angle":0,"axis":"y","origin":[8.00699,5.08564,6.49451]},"faces":{"north":{"uv":[5,0.5,1,4.5],"texture":"#texture"},"east":{"uv":[5,1,1,5],"texture":"#texture"},"south":{"uv":[5.5,1,1.5,5],"texture":"#texture"},"west":{"uv":[5.5,1,1.5,5],"texture":"#texture"}}},{"name":"body*","from":[9.61824,-0.56097,6.93079],"to":[11.11824,-0.07939,7.68842],"rotation":{"angle":-22.5,"axis":"x","origin":[7.99301,5.10558,6.50023]},"faces":{"east":{"uv":[1.5,1,5.5,5],"texture":"#texture"},"west":{"uv":[1,1,5,5],"texture":"#texture"},"up":{"uv":[1,1.5,5,5.5],"rotation":90,"texture":"#texture"}}},{"name":"body*","from":[4.88176,-0.56097,6.93079],"to":[6.38176,-0.07939,7.68842],"rotation":{"angle":-22.5,"axis":"x","origin":[8.00699,5.10558,6.50023]},"faces":{"east":{"uv":[5,1,1,5],"texture":"#texture"},"west":{"uv":[5.5,1,1.5,5],"texture":"#texture"},"up":{"uv":[1,5.5,5,1.5],"rotation":90,"texture":"#texture"}}},{"name":"body*","from":[9.61824,2.25,8.88222],"to":[11.11824,3.5,10.38222],"rotation":{"angle":0,"axis":"y","origin":[7.99301,5.10558,6.50023]},"faces":{"north":{"uv":[1,0.5,5,4.5],"texture":"#texture"},"east":{"uv":[1.5,1,5.5,5],"texture":"#texture"},"south":{"uv":[1.5,1,5.5,5],"texture":"#texture"},"west":{"uv":[1,1,5,5],"texture":"#texture"}}},{"name":"body*","from":[4.88176,2.25,8.88222],"to":[6.38176,3.5,10.38222],"rotation":{"angle":0,"axis":"y","origin":[8.00699,5.10558,6.50023]},"faces":{"north":{"uv":[5,0.5,1,4.5],"texture":"#texture"},"east":{"uv":[5,1,1,5],"texture":"#texture"},"south":{"uv":[5.5,1,1.5,5],"texture":"#texture"},"west":{"uv":[5.5,1,1.5,5],"texture":"#texture"}}},{"name":"body*","from":[9.61824,-0.03418,7.60811],"to":[11.11824,1.55582,9.10811],"rotation":{"angle":-22.5,"axis":"x","origin":[7.99301,5.10558,6.50023]},"faces":{"north":{"uv":[1,0.5,5,4.5],"texture":"#texture"},"east":{"uv":[1.5,1,5.5,5],"texture":"#texture"},"south":{"uv":[1.5,1,5.5,5],"texture":"#texture"},"west":{"uv":[1,1,5,5],"texture":"#texture"}}},{"name":"body*","from":[4.88176,-0.03418,7.60811],"to":[6.38176,1.55582,9.10811],"rotation":{"angle":-22.5,"axis":"x","origin":[8.00699,5.10558,6.50023]},"faces":{"north":{"uv":[5,0.5,1,4.5],"texture":"#texture"},"east":{"uv":[5,1,1,5],"texture":"#texture"},"south":{"uv":[5.5,1,1.5,5],"texture":"#texture"},"west":{"uv":[5.5,1,1.5,5],"texture":"#texture"}}},{"name":"Element","from":[6.99324,10.30863,4.39051],"to":[8.99324,11.30863,6.39051],"rotation":{"angle":-45,"axis":"x","origin":[7.99301,5.10558,6.50023]},"faces":{"up":{"uv":[0.25,0.25,9.25,15.25],"rotation":180,"texture":"#face"}}},{"name":"tail","from":[7.99224,3.52351,10.54448],"to":[7.99324,5.77351,14.04448],"rotation":{"angle":-22.5,"axis":"x","origin":[7.99301,5.10558,6.50023]},"faces":{"east":{"uv":[10.5,14.5,15,7.5],"rotation":90,"texture":"#face"},"west":{"uv":[10.5,7.5,15,14.5],"rotation":90,"texture":"#face"}}},{"name":"body*","from":[7.36824,7.625,12.63222],"to":[8.61824,9.375,13.88222],"rotation":{"angle":0,"axis":"y","origin":[7.99301,5.10558,6.50023]},"faces":{"up":{"uv":[2,7,5,10],"rotation":90,"texture":"#texture"},"down":{"uv":[1,8.25,3.75,10.5],"rotation":270,"texture":"#texture"}}},{"name":"body*","from":[7.36824,7.875,12.38222],"to":[8.61824,9.125,14.13222],"rotation":{"angle":0,"axis":"y","origin":[7.99301,5.10558,6.50023]},"faces":{"north":{"uv":[1,7.75,4,9.75],"texture":"#texture"},"south":{"uv":[1.5,7.75,4.5,10.5],"texture":"#texture"}}},{"name":"body*","from":[7.11824,7.875,12.63222],"to":[8.86824,9.125,13.88222],"rotation":{"angle":0,"axis":"y","origin":[7.99301,5.10558,6.50023]},"faces":{"east":{"uv":[1.75,7.25,4.75,10.25],"texture":"#texture"},"west":{"uv":[2,7,4.5,10],"texture":"#texture"}}},{"name":"body*","from":[4.5323,7.32774,12.63222],"to":[6.65362,7.68274,13.88222],"rotation":{"angle":-45,"axis":"z","origin":[7.99301,5.10558,6.50023]},"faces":{"north":{"uv":[1,7.75,4,9.75],"texture":"#texture"},"east":{"uv":[1.75,7.25,4.75,10.25],"texture":"#texture"},"south":{"uv":[1.5,7.75,4.5,10.5],"texture":"#texture"},"west":{"uv":[2,7,4.5,10],"texture":"#texture"},"down":{"uv":[1,8.25,3.75,10.5],"rotation":270,"texture":"#texture"}}},{"name":"body*","from":[9.33273,7.32886,12.63222],"to":[11.45405,7.68241,13.88222],"rotation":{"angle":45,"axis":"z","origin":[7.99301,5.10558,6.50023]},"faces":{"north":{"uv":[1,7.75,4,9.75],"texture":"#texture"},"east":{"uv":[1.75,7.25,4.75,10.25],"texture":"#texture"},"south":{"uv":[1.5,7.75,4.5,10.5],"texture":"#texture"},"west":{"uv":[2,7,4.5,10],"texture":"#texture"}}},{"name":"body*","from":[7.36824,12.10694,7.81727],"to":[8.61824,12.46049,9.93859],"rotation":{"angle":45,"axis":"x","origin":[7.99301,5.10558,6.50023]},"faces":{"north":{"uv":[1,7.75,4,9.75],"texture":"#texture"},"east":{"uv":[1.75,7.25,4.75,10.25],"texture":"#texture"},"south":{"uv":[1.5,7.75,4.5,10.5],"texture":"#texture"},"west":{"uv":[2,7,4.5,10],"texture":"#texture"}}},{"name":"body*","from":[7.36824,11.22305,8.70115],"to":[8.61824,13.34437,9.05615],"rotation":{"angle":45,"axis":"x","origin":[7.99301,5.10558,6.50023]},"faces":{"east":{"uv":[1.75,7.25,4.75,10.25],"texture":"#texture"},"south":{"uv":[1.5,7.75,4.5,10.5],"texture":"#texture"},"west":{"uv":[2,7,4.5,10],"texture":"#texture"},"up":{"uv":[2,7,5,10],"rotation":90,"texture":"#texture"},"down":{"uv":[1,8.25,3.75,10.5],"rotation":270,"texture":"#texture"}}},{"name":"body*","from":[2.1546,7.875,11.10152],"to":[4.27592,9.125,11.45508],"rotation":{"angle":45,"axis":"y","origin":[7.99301,5.10558,6.50023]},"faces":{"east":{"uv":[1.75,7.25,4.75,10.25],"texture":"#texture"},"west":{"uv":[2,7,4.5,10],"texture":"#texture"},"up":{"uv":[2,7,5,10],"rotation":90,"texture":"#texture"},"down":{"uv":[1,8.25,3.75,10.5],"rotation":270,"texture":"#texture"}}},{"name":"body*","from":[3.03848,7.875,10.21764],"to":[3.39203,9.125,12.33896],"rotation":{"angle":45,"axis":"y","origin":[7.99301,5.10558,6.50023]},"faces":{"north":{"uv":[1,7.75,4,9.75],"texture":"#texture"},"south":{"uv":[1.5,7.75,4.5,10.5],"texture":"#texture"},"up":{"uv":[2,7,5,10],"rotation":90,"texture":"#texture"},"down":{"uv":[1,8.25,3.75,10.5],"rotation":270,"texture":"#texture"}}}],"display":{"thirdperson_righthand":{"scale":[0.0001,0.0001,0.0001]},"thirdperson_lefthand":{"scale":[0.0001,0.0001,0.0001]},"firstperson_righthand":{"scale":[0.0001,0.0001,0.0001]},"firstperson_lefthand":{"scale":[0.0001,0.0001,0.0001]},"ground":{"scale":[0.0001,0.0001,0.0001]},"gui":{"rotation":[30,145,0],"translation":[0,1,0]},"head":{"translation":[0,-29.2,0],"scale":[1.75,1.75,1.75]},"fixed":{"scale":[0.0001,0.0001,0.0001]}}}