{"credit":"© 2015-2021 MadstonMagic. All rights reserved. Made using BlockBench","textures":{"6":"pokemon_skins/regular/pignite/ear","texture":"pokemon_skins/regular/pignite/pignite","head":"pokemon_skins/regular/pignite/head","particle":"pokemon_skins/regular/pignite/eye"},"elements":[{"name":"Element","from":[5,14,7],"to":[7.5,20.5,7],"rotation":{"angle":22.5,"axis":"z","origin":[7.5,14,7]},"faces":{"north":{"uv":[0.25,0,6.5,15.75],"texture":"#6"},"south":{"uv":[0.25,0,6.5,15.75],"texture":"#6"}}},{"name":"Element","from":[8.5,14,7],"to":[11,20.5,7],"rotation":{"angle":-22.5,"axis":"z","origin":[8.5,14,7]},"faces":{"north":{"uv":[6.5,0,0.25,15.75],"texture":"#6"},"south":{"uv":[6.5,0,0.25,15.75],"texture":"#6"}}},{"name":"Element","from":[5,4,3.5],"to":[11,12,10],"rotation":{"angle":0,"axis":"y","origin":[8,9,8]},"faces":{"north":{"uv":[9,0.125,15.875,13.375],"texture":"#head"}}},{"name":"Element","from":[6.58579,11.82685,5.5],"to":[9.41421,14.65685,9.5],"rotation":{"angle":-45,"axis":"z","origin":[8,9,8]},"faces":{"north":{"uv":[0.125,0.125,0.375,4.5],"rotation":90,"texture":"#head"},"south":{"uv":[0.125,0.125,0.375,4.5],"rotation":270,"texture":"#head"},"up":{"uv":[0.125,4.625,8.875,9],"rotation":270,"texture":"#head"}}},{"name":"Element","from":[6.58579,11.82685,5.5],"to":[9.41421,14.65685,9.5],"rotation":{"angle":45,"axis":"z","origin":[8,9,8]},"faces":{"north":{"uv":[0.125,0.125,0.375,4.5],"rotation":270,"texture":"#head"},"south":{"uv":[0.125,0.125,0.375,4.5],"rotation":90,"texture":"#head"},"up":{"uv":[0.125,4.625,8.875,9],"rotation":90,"texture":"#head"}}},{"name":"Element","from":[12.24107,6.17,5.5],"to":[15.07107,9,9.5],"rotation":{"angle":-45,"axis":"z","origin":[8,9,8]},"faces":{"north":{"uv":[7,1.5,9.5,4.5],"texture":"#texture"},"east":{"uv":[7,1.5,10,4],"texture":"#texture"},"south":{"uv":[7,1.5,9.5,4],"texture":"#texture"},"down":{"uv":[6.5,1,9.5,4],"rotation":270,"texture":"#texture"}}},{"name":"Element","from":[0.92736,6.17,5.5],"to":[3.75736,9,9.5],"rotation":{"angle":45,"axis":"z","origin":[8,9,8]},"faces":{"north":{"uv":[7,1.5,9.5,4.5],"texture":"#texture"},"south":{"uv":[7,1.5,9.5,4],"texture":"#texture"},"west":{"uv":[7,1,10,4],"texture":"#texture"},"up":{"uv":[7,1,9.5,4],"rotation":90,"texture":"#texture"},"down":{"uv":[6.5,1,9.5,4],"rotation":270,"texture":"#texture"}}},{"name":"Element","from":[5,11.4733,6.93934],"to":[11,14.3033,9.76777],"rotation":{"angle":-45,"axis":"x","origin":[8,9,8]},"faces":{"east":{"uv":[0.125,0.125,0.375,4.5],"rotation":270,"texture":"#head"},"west":{"uv":[0.125,0.125,0.375,4.5],"rotation":90,"texture":"#head"},"up":{"uv":[0.125,0.125,8.875,4.5],"rotation":180,"texture":"#head"}}},{"name":"Element","from":[5,10.76619,5.52513],"to":[11,13.59619,8.35355],"rotation":{"angle":45,"axis":"x","origin":[8,9,8]},"faces":{"east":{"uv":[0.125,0.125,0.375,4.5],"rotation":90,"texture":"#head"},"west":{"uv":[0.125,0.125,0.375,4.5],"rotation":270,"texture":"#head"},"up":{"uv":[0.125,4.625,8.875,9],"texture":"#head"}}},{"name":"Element","from":[5,5.10934,11.18198],"to":[11,7.93934,14.01198],"rotation":{"angle":45,"axis":"x","origin":[8,9,8]},"faces":{"east":{"uv":[7,1.5,10,4],"texture":"#texture"},"south":{"uv":[7,1.5,9.5,4],"texture":"#texture"},"west":{"uv":[7,1,10,4],"texture":"#texture"},"up":{"uv":[7,1,9.5,4],"rotation":90,"texture":"#texture"},"down":{"uv":[6.5,1,9.5,4],"rotation":270,"texture":"#texture"}}},{"name":"Element","from":[5,5.81645,1.28249],"to":[11,8.64645,4.11249],"rotation":{"angle":-45,"axis":"x","origin":[8,9,8]},"faces":{"north":{"uv":[7,1.5,9.5,4.5],"texture":"#texture"},"east":{"uv":[7,1.5,10,4],"texture":"#texture"},"west":{"uv":[7,1,10,4],"texture":"#texture"},"down":{"uv":[6.5,1,9.5,4],"rotation":270,"texture":"#texture"}}},{"name":"Element","from":[10.4733,4,6.93934],"to":[13.3033,12,9.76934],"rotation":{"angle":45,"axis":"y","origin":[8,9,8]},"faces":{"east":{"uv":[0.125,9.5,8.75,15.125],"rotation":90,"texture":"#head"},"south":{"uv":[2,1,4.5,3.5],"texture":"#texture"},"up":{"uv":[1.5,1,4,4],"rotation":90,"texture":"#texture"},"down":{"uv":[7,1.5,9.5,4.5],"texture":"#texture"}}},{"name":"Element","from":[9.76619,4,5.52513],"to":[12.59619,12,8.35513],"rotation":{"angle":-45,"axis":"y","origin":[8,9,8]},"faces":{"east":{"uv":[0.125,15.125,8.75,9.5],"rotation":90,"texture":"#head"},"south":{"uv":[2,1,4.5,3.5],"texture":"#texture"},"up":{"uv":[1.5,1,4,4],"rotation":90,"texture":"#texture"},"down":{"uv":[7,1.5,9.5,4.5],"texture":"#texture"}}},{"name":"Element","from":[6.23066,4,2.6967],"to":[9.06066,12,5.5267],"rotation":{"angle":45,"axis":"y","origin":[8,9,8]},"faces":{"north":{"uv":[0.125,15.125,8.75,9.5],"rotation":90,"texture":"#head"},"west":{"uv":[0.75,1.75,3.75,4.75],"texture":"#texture"},"up":{"uv":[1.5,1,4,4],"rotation":90,"texture":"#texture"},"down":{"uv":[7,1.5,9.5,4.5],"texture":"#texture"}}},{"name":"Element","from":[5.52355,4,9.76777],"to":[8.35355,12,12.59777],"rotation":{"angle":-45,"axis":"y","origin":[8,9,8]},"faces":{"east":{"uv":[1,1.5,4,4],"texture":"#texture"},"south":{"uv":[0.125,9.5,8.75,15.125],"rotation":90,"texture":"#head"},"west":{"uv":[1.5,1,4.5,4],"texture":"#texture"},"up":{"uv":[1.5,1,4,4],"rotation":90,"texture":"#texture"},"down":{"uv":[7,1.5,9.5,4.5],"texture":"#texture"}}},{"name":"Element","from":[5,4,10],"to":[11,12,11.5],"rotation":{"angle":0,"axis":"y","origin":[8,9,8]},"faces":{"south":{"uv":[9,0.125,15.875,13.375],"texture":"#head"}}},{"name":"Element","from":[3,4,5.5],"to":[13,12,9.5],"rotation":{"angle":0,"axis":"y","origin":[8,9,8]},"faces":{"east":{"uv":[5,1,10,4],"rotation":90,"texture":"#texture"},"west":{"uv":[5,1,10,4],"rotation":90,"texture":"#texture"}}},{"name":"Element","from":[7,10.5,2.5],"to":[9,11.75,4],"rotation":{"angle":0,"axis":"y","origin":[8,9,8]},"faces":{"north":{"uv":[2,2,4.5,5],"texture":"#texture"},"east":{"uv":[1,1.5,4,4],"texture":"#texture"},"west":{"uv":[1.5,1,4.5,4],"texture":"#texture"}}},{"name":"Element","from":[7,12.39543,3.97104],"to":[9,13.64543,7.84604],"rotation":{"angle":-22.5,"axis":"x","origin":[8,9,8]},"faces":{"east":{"uv":[1,1.5,4,4],"texture":"#texture"},"west":{"uv":[1.5,1,4.5,4],"texture":"#texture"},"up":{"uv":[0.125,0,8.875,2.375],"rotation":180,"texture":"#head"}}},{"name":"Element","from":[7,10.5,2.25],"to":[9,11.5,2.5],"rotation":{"angle":0,"axis":"y","origin":[8,9,8]},"faces":{"north":{"uv":[1.75,6.75,4.25,9.75],"texture":"#texture"},"east":{"uv":[1.5,7.25,4.5,9.75],"texture":"#texture"},"west":{"uv":[1.5,7,4.5,10],"texture":"#texture"}}},{"name":"Element","from":[7.5,11.5,2.25],"to":[8.5,12,2.5],"rotation":{"angle":0,"axis":"y","origin":[8,9,8]},"faces":{"north":{"uv":[1.75,6.75,4.25,9.75],"texture":"#texture"},"up":{"uv":[2,6.5,4.5,9.5],"rotation":90,"texture":"#texture"}}},{"name":"Element","from":[8.35211,10.41481,2.25],"to":[8.70711,10.76837,3.5],"rotation":{"angle":45,"axis":"z","origin":[8,9.00205,8]},"faces":{"north":{"uv":[1.75,6.75,4.25,9.75],"texture":"#texture"},"south":{"uv":[1.5,6.75,4,9.25],"texture":"#texture"},"west":{"uv":[1.5,3.5,4.5,6],"rotation":90,"texture":"#texture"}}},{"name":"Element","from":[7.29247,10.41379,2.25],"to":[7.64747,10.76734,3.5],"rotation":{"angle":-45,"axis":"z","origin":[8.00102,9.00102,8]},"faces":{"north":{"uv":[1.75,6.75,4.25,9.75],"texture":"#texture"},"east":{"uv":[1.5,3.5,4.5,6],"rotation":270,"texture":"#texture"},"south":{"uv":[1.5,6.75,4,9.25],"texture":"#texture"}}},{"name":"Element","from":[7.25,10.25,2.25],"to":[8.75,10.5,2.5],"rotation":{"angle":0,"axis":"y","origin":[8,9,8]},"faces":{"north":{"uv":[1.75,6.75,4.25,9.75],"texture":"#texture"},"down":{"uv":[1.25,6.75,4.25,9.75],"rotation":270,"texture":"#texture"}}},{"name":"Element","from":[6.23223,10.76987,2.25],"to":[6.93934,11.47487,2.5],"rotation":{"angle":-45,"axis":"z","origin":[8,9,8]},"faces":{"north":{"uv":[1.75,6.75,4.25,9.75],"texture":"#texture"},"south":{"uv":[1.5,6.75,4,9.25],"texture":"#texture"},"up":{"uv":[2,6.5,4.5,9.5],"rotation":90,"texture":"#texture"}}},{"name":"Element","from":[9.06066,10.76987,2.25],"to":[9.76777,11.47487,2.5],"rotation":{"angle":45,"axis":"z","origin":[8,9,8]},"faces":{"north":{"uv":[1.75,6.75,4.25,9.75],"texture":"#texture"},"south":{"uv":[1.5,6.75,4,9.25],"texture":"#texture"},"up":{"uv":[2,6.5,4.5,9.5],"rotation":90,"texture":"#texture"}}},{"name":"Element","from":[7.25,10.25,2.5],"to":[8.75,10.5,4],"rotation":{"angle":0,"axis":"y","origin":[8,9,8]},"faces":{"down":{"uv":[1.5,1.5,4.5,4.5],"rotation":270,"texture":"#texture"}}},{"name":"Element","from":[5.25,10.75,3.49],"to":[6.75,12,4.49],"rotation":{"angle":0,"axis":"y","origin":[8,9,8]},"faces":{"north":{"uv":[0.25,6.25,8,10.75],"texture":"#particle"}}},{"name":"Element","from":[5.25,13.31037,6.93227],"to":[6.75,14.31037,8.18227],"rotation":{"angle":-45,"axis":"x","origin":[8,9,8]},"faces":{"up":{"uv":[0.25,0,8,6.25],"rotation":180,"texture":"#particle"}}},{"name":"Element","from":[9.25,10.75,3.49],"to":[10.75,12,4.49],"rotation":{"angle":0,"axis":"y","origin":[8,9,8]},"faces":{"north":{"uv":[8,6.25,0.25,10.75],"texture":"#particle"}}},{"name":"Element","from":[9.25,13.31037,6.93227],"to":[10.75,14.31037,8.18227],"rotation":{"angle":-45,"axis":"x","origin":[8,9,8]},"faces":{"up":{"uv":[8,0,0.25,6.25],"rotation":180,"texture":"#particle"}}},{"name":"Element","from":[6,9,3.48],"to":[10.25,10,4.48],"rotation":{"angle":0,"axis":"y","origin":[8,9,8]},"faces":{"north":{"uv":[0.25,10.75,15.75,14.5],"texture":"#particle"}}},{"name":"Element","from":[5,2,5.5],"to":[11,14,9.5],"rotation":{"angle":0,"axis":"y","origin":[8,9,8]},"faces":{"up":{"uv":[7.25,1.25,9.75,4.25],"rotation":90,"texture":"#texture"},"down":{"uv":[7.5,1.5,10.5,4.5],"rotation":270,"texture":"#texture"}}},{"name":"Element","from":[7.5,11.5,2.5],"to":[8.5,12,3.75],"rotation":{"angle":0,"axis":"y","origin":[8,9,8]},"faces":{"up":{"uv":[6.5,1.75,9,4.75],"rotation":90,"texture":"#texture"}}},{"name":"Element","from":[9.31277,10.76987,2.5],"to":[9.76777,11.47487,3.75],"rotation":{"angle":45,"axis":"z","origin":[8,9,8]},"faces":{"south":{"uv":[6.25,0.75,8.75,3.25],"texture":"#texture"},"up":{"uv":[6.5,1.75,9,4.75],"rotation":90,"texture":"#texture"}}},{"name":"Element","from":[6.23223,10.76987,2.5],"to":[6.68934,11.47487,3.75],"rotation":{"angle":-45,"axis":"z","origin":[8,9,8]},"faces":{"south":{"uv":[6.25,0.75,8.75,3.25],"texture":"#texture"},"up":{"uv":[6.5,1.75,9,4.75],"rotation":90,"texture":"#texture"}}},{"name":"Element","from":[8.4375,10.75,2.24],"to":[8.5,11.5,3.49],"rotation":{"angle":0,"axis":"y","origin":[8,9,8]},"faces":{"north":{"uv":[12.5,0.25,15.75,5.75],"texture":"#particle"},"east":{"uv":[0,0,0,0],"texture":"#particle"},"west":{"uv":[0,0,0,0],"texture":"#particle"},"up":{"uv":[0,0,0,0],"texture":"#particle"},"down":{"uv":[0,0,0,0],"texture":"#particle"}}},{"name":"Element","from":[7.5,10.75,2.24],"to":[7.5625,11.5,3.49],"rotation":{"angle":0,"axis":"y","origin":[8,9,8]},"faces":{"north":{"uv":[12.5,0.25,15.75,5.75],"texture":"#particle"},"east":{"uv":[0,0,0,0],"texture":"#particle"},"west":{"uv":[0,0,0,0],"texture":"#particle"},"up":{"uv":[0,0,0,0],"texture":"#particle"},"down":{"uv":[0,0,0,0],"texture":"#particle"}}},{"name":"Element","from":[4.75,5.25,3.25],"to":[5.5,7.5,5.25],"rotation":{"angle":0,"axis":"y","origin":[8,9,8]},"faces":{"north":{"uv":[7,6.75,9.5,9.75],"texture":"#texture"},"east":{"uv":[7,6,10,8.5],"texture":"#texture"},"up":{"uv":[7,6.75,9.5,9.75],"rotation":90,"texture":"#texture"},"down":{"uv":[6.5,6.75,9.5,9.75],"rotation":270,"texture":"#texture"}}},{"name":"Element","from":[10.5,5.25,3.25],"to":[11.25,7.5,5.25],"rotation":{"angle":0,"axis":"y","origin":[8,9,8]},"faces":{"north":{"uv":[9.5,6.75,7,9.75],"texture":"#texture"},"west":{"uv":[10,6,7,8.5],"texture":"#texture"},"up":{"uv":[7,9.75,9.5,6.75],"rotation":90,"texture":"#texture"},"down":{"uv":[6.5,9.75,9.5,6.75],"rotation":270,"texture":"#texture"}}},{"name":"Element","from":[7.56066,5.25,2.34315],"to":[9.06066,7.5,4.34315],"rotation":{"angle":45,"axis":"y","origin":[8,9,8]},"faces":{"north":{"uv":[7,6.75,9.5,9.75],"texture":"#texture"},"west":{"uv":[7,6.5,10,9.5],"texture":"#texture"},"down":{"uv":[6.5,6.75,9.5,9.75],"rotation":270,"texture":"#texture"}}},{"name":"Element","from":[6.93934,5.25,2.34315],"to":[8.43934,7.5,4.34315],"rotation":{"angle":-45,"axis":"y","origin":[8,9,8]},"faces":{"north":{"uv":[9.5,6.75,7,9.75],"texture":"#texture"},"east":{"uv":[10,6.5,7,9.5],"texture":"#texture"},"down":{"uv":[6.5,9.75,9.5,6.75],"rotation":270,"texture":"#texture"}}},{"name":"Element","from":[7.81066,5,2.34315],"to":[9.06066,7.75,4.34315],"rotation":{"angle":45,"axis":"y","origin":[8,9,8]},"faces":{"north":{"uv":[7,6.75,9.5,9.75],"texture":"#texture"},"west":{"uv":[7,6.5,10,9.5],"texture":"#texture"},"up":{"uv":[7,6.75,9.5,9.75],"rotation":90,"texture":"#texture"},"down":{"uv":[6.5,6.75,9.5,9.75],"rotation":270,"texture":"#texture"}}},{"name":"Element","from":[6.93934,5,2.34315],"to":[8.18934,7.75,4.34315],"rotation":{"angle":-45,"axis":"y","origin":[8,9,8]},"faces":{"north":{"uv":[9.5,6.75,7,9.75],"texture":"#texture"},"east":{"uv":[10,6.5,7,9.5],"texture":"#texture"},"up":{"uv":[7,9.75,9.5,6.75],"rotation":90,"texture":"#texture"},"down":{"uv":[6.5,9.75,9.5,6.75],"rotation":270,"texture":"#texture"}}},{"name":"Element","from":[4.75,5,3.25],"to":[5.25,7.75,5.125],"rotation":{"angle":0,"axis":"y","origin":[8,9,8]},"faces":{"north":{"uv":[7,6.75,9.5,9.75],"texture":"#texture"},"east":{"uv":[7,6,10,8.5],"texture":"#texture"},"up":{"uv":[7,6.75,9.5,9.75],"rotation":90,"texture":"#texture"},"down":{"uv":[6.5,6.75,9.5,9.75],"rotation":270,"texture":"#texture"}}},{"name":"Element","from":[10.75,5,3.25],"to":[11.25,7.75,5.125],"rotation":{"angle":0,"axis":"y","origin":[8,9,8]},"faces":{"north":{"uv":[9.5,6.75,7,9.75],"texture":"#texture"},"west":{"uv":[10,6,7,8.5],"texture":"#texture"},"up":{"uv":[7,9.75,9.5,6.75],"rotation":90,"texture":"#texture"},"down":{"uv":[6.5,9.75,9.5,6.75],"rotation":270,"texture":"#texture"}}},{"name":"Element","from":[6.58839,6.75,2.34315],"to":[8.08839,9,4.34315],"rotation":{"angle":45,"axis":"y","origin":[8,9,8]},"faces":{"north":{"uv":[7,6.75,9.5,9.75],"texture":"#texture"},"east":{"uv":[7,6,10,8.5],"texture":"#texture"},"west":{"uv":[7,6.5,10,9.5],"texture":"#texture"},"up":{"uv":[7,6.75,9.5,9.75],"rotation":90,"texture":"#texture"},"down":{"uv":[6.5,6.75,9.5,9.75],"rotation":270,"texture":"#texture"}}},{"name":"Element","from":[7.9038,6.75,2.34315],"to":[9.4038,9,4.34315],"rotation":{"angle":-45,"axis":"y","origin":[7.99219,9,8]},"faces":{"north":{"uv":[9.5,6.75,7,9.75],"texture":"#texture"},"east":{"uv":[10,6.5,7,9.5],"texture":"#texture"},"west":{"uv":[10,6,7,8.5],"texture":"#texture"},"up":{"uv":[7,9.75,9.5,6.75],"rotation":90,"texture":"#texture"},"down":{"uv":[6.5,9.75,9.5,6.75],"rotation":270,"texture":"#texture"}}},{"name":"Element","from":[6.82322,6.5,2.34315],"to":[7.82322,9.25,4.34315],"rotation":{"angle":45,"axis":"y","origin":[8,9,8]},"faces":{"north":{"uv":[7,6.75,9.5,9.75],"texture":"#texture"},"east":{"uv":[7,6,10,8.5],"texture":"#texture"},"west":{"uv":[7,6.5,10,9.5],"texture":"#texture"},"up":{"uv":[7,6.75,9.5,9.75],"rotation":90,"texture":"#texture"},"down":{"uv":[6.5,6.75,9.5,9.75],"rotation":270,"texture":"#texture"}}},{"name":"Element","from":[8.17678,6.5,2.34315],"to":[9.17678,9.25,4.34315],"rotation":{"angle":-45,"axis":"y","origin":[8,9,8]},"faces":{"north":{"uv":[9.5,6.75,7,9.75],"texture":"#texture"},"east":{"uv":[10,6.5,7,9.5],"texture":"#texture"},"west":{"uv":[10,6,7,8.5],"texture":"#texture"},"up":{"uv":[7,9.75,9.5,6.75],"rotation":90,"texture":"#texture"},"down":{"uv":[6.5,9.75,9.5,6.75],"rotation":270,"texture":"#texture"}}},{"name":"Element","from":[7.16161,6.625,2.07798],"to":[7.91161,8.625,3.70298],"rotation":{"angle":45,"axis":"y","origin":[8,9,8]},"faces":{"north":{"uv":[6.5,12,9,14.25],"texture":"#texture"},"east":{"uv":[2,12,4.5,14.25],"texture":"#texture"},"west":{"uv":[2,12,4.5,14.25],"texture":"#texture"},"up":{"uv":[2,12,4.5,14.25],"rotation":90,"texture":"#texture"},"down":{"uv":[2,12,4.5,14.25],"rotation":270,"texture":"#texture"}}},{"name":"Element","from":[8.08839,6.625,2.07798],"to":[8.83839,8.625,3.70298],"rotation":{"angle":-45,"axis":"y","origin":[8,9,8]},"faces":{"north":{"uv":[9,12,6.5,14.25],"texture":"#texture"},"east":{"uv":[4.5,12,2,14.25],"texture":"#texture"},"west":{"uv":[4.5,12,2,14.25],"texture":"#texture"},"up":{"uv":[2,14.25,4.5,12],"rotation":90,"texture":"#texture"},"down":{"uv":[2,14.25,4.5,12],"rotation":270,"texture":"#texture"}}},{"name":"Element","from":[7.9205,5.625,2.07798],"to":[8.7955,7.625,3.57798],"rotation":{"angle":45,"axis":"y","origin":[8,9,8]},"faces":{"north":{"uv":[6.5,12,9,14.25],"texture":"#texture"},"east":{"uv":[2,12,4.5,14.25],"texture":"#texture"},"west":{"uv":[2,12,4.5,14.25],"texture":"#texture"},"up":{"uv":[2,12,4.5,14.25],"rotation":90,"texture":"#texture"},"down":{"uv":[2,12,4.5,14.25],"rotation":270,"texture":"#texture"}}},{"name":"Element","from":[7.2045,5.625,2.07798],"to":[8.0795,7.625,3.57798],"rotation":{"angle":-45,"axis":"y","origin":[8,9,8]},"faces":{"north":{"uv":[9,12,6.5,14.25],"texture":"#texture"},"east":{"uv":[4.5,12,2,14.25],"texture":"#texture"},"west":{"uv":[4.5,12,2,14.25],"texture":"#texture"},"up":{"uv":[2,14.25,4.5,12],"rotation":90,"texture":"#texture"},"down":{"uv":[2,14.25,4.5,12],"rotation":270,"texture":"#texture"}}},{"name":"Element","from":[7.625,5.025,15.375],"to":[8.375,8.15,18.5],"rotation":{"angle":0,"axis":"y","origin":[8,9,8]},"faces":{"north":{"uv":[12.75,2,13.5,2.75],"texture":"#texture"},"east":{"uv":[12.5,2.5,15,3.25],"texture":"#texture"},"south":{"uv":[12.75,1.75,13.5,2.5],"texture":"#texture"},"west":{"uv":[12.75,2.75,15.25,3.5],"texture":"#texture"},"up":{"uv":[12.25,2.5,14.75,3.25],"rotation":90,"texture":"#texture"},"down":{"uv":[12,1.75,14.5,2.5],"rotation":270,"texture":"#texture"}}},{"name":"Element","from":[7.5,6.025,17.75],"to":[8.5,7.275,19],"rotation":{"angle":0,"axis":"y","origin":[8,9,8]},"faces":{"east":{"uv":[12.5,2.5,15,3.25],"texture":"#texture"},"south":{"uv":[12.75,1.75,13.5,2.5],"texture":"#texture"},"west":{"uv":[12.75,2.75,15.25,3.5],"texture":"#texture"},"up":{"uv":[12.25,2.5,14.75,3.25],"rotation":90,"texture":"#texture"},"down":{"uv":[12,1.75,14.5,2.5],"rotation":270,"texture":"#texture"}}},{"name":"Element","from":[7.5,7.15,16.25],"to":[8.5,8.65,17.75],"rotation":{"angle":0,"axis":"y","origin":[8,9,8]},"faces":{"north":{"uv":[12.75,2,13.5,2.75],"texture":"#texture"},"east":{"uv":[12.5,2.5,15,3.25],"texture":"#texture"},"south":{"uv":[12.75,1.75,13.5,2.5],"texture":"#texture"},"west":{"uv":[12.75,2.75,15.25,3.5],"texture":"#texture"},"up":{"uv":[12.25,2.5,14.75,3.25],"rotation":90,"texture":"#texture"}}},{"name":"Element","from":[7.5,4.525,16.25],"to":[8.5,5.9,17.75],"rotation":{"angle":0,"axis":"y","origin":[8,9,8]},"faces":{"north":{"uv":[12.75,2,13.5,2.75],"texture":"#texture"},"east":{"uv":[12.5,2.5,15,3.25],"texture":"#texture"},"south":{"uv":[12.75,1.75,13.5,2.5],"texture":"#texture"},"west":{"uv":[12.75,2.75,15.25,3.5],"texture":"#texture"},"down":{"uv":[12,1.75,14.5,2.5],"rotation":270,"texture":"#texture"}}},{"name":"Element","from":[7,5.9,16],"to":[9,7.15,18],"rotation":{"angle":0,"axis":"y","origin":[8,9,8]},"faces":{"north":{"uv":[12.75,2,13.5,2.75],"texture":"#texture"},"east":{"uv":[12.5,2.5,15,3.25],"texture":"#texture"},"south":{"uv":[12.75,1.75,13.5,2.5],"texture":"#texture"},"west":{"uv":[12.75,2.75,15.25,3.5],"texture":"#texture"},"up":{"uv":[12.25,2.5,14.75,3.25],"rotation":90,"texture":"#texture"},"down":{"uv":[12,1.75,14.5,2.5],"rotation":270,"texture":"#texture"}}},{"name":"Element","from":[7,5.4,16.5],"to":[9,7.65,17.5],"rotation":{"angle":0,"axis":"y","origin":[8,9,8]},"faces":{"north":{"uv":[12.75,2,13.5,2.75],"texture":"#texture"},"east":{"uv":[12.5,2.5,15,3.25],"texture":"#texture"},"south":{"uv":[12.75,1.75,13.5,2.5],"texture":"#texture"},"west":{"uv":[12.75,2.75,15.25,3.5],"texture":"#texture"},"up":{"uv":[12.25,2.5,14.75,3.25],"rotation":90,"texture":"#texture"},"down":{"uv":[12,1.75,14.5,2.5],"rotation":270,"texture":"#texture"}}},{"name":"Element","from":[7.5,5.9,14.875],"to":[8.5,7.15,16.125],"rotation":{"angle":0,"axis":"y","origin":[8,9,8]},"faces":{"north":{"uv":[12.75,2,13.5,2.75],"texture":"#texture"},"east":{"uv":[12.5,2.5,15,3.25],"texture":"#texture"},"west":{"uv":[12.75,2.75,15.25,3.5],"texture":"#texture"},"up":{"uv":[12.25,2.5,14.75,3.25],"rotation":90,"texture":"#texture"},"down":{"uv":[12,1.75,14.5,2.5],"rotation":270,"texture":"#texture"}}},{"name":"Element","from":[8,3.4,10.375],"to":[8.001,6.15,16.625],"rotation":{"angle":0,"axis":"y","origin":[8,8.5,4.5]},"faces":{"east":{"uv":[9.5,13.75,14,2.25],"rotation":90,"texture":"#6"},"west":{"uv":[9.5,2.25,14,13.75],"rotation":90,"texture":"#6"}}},{"name":"Element","from":[10.75,0.75,6],"to":[13.5,2.25,9],"rotation":{"angle":0,"axis":"y","origin":[8,9,8]},"faces":{"north":{"uv":[2,1,4.5,4],"texture":"#texture"},"east":{"uv":[1.5,1.5,4.5,4],"texture":"#texture"},"south":{"uv":[1.5,0.5,4,3],"texture":"#texture"},"west":{"uv":[0.5,1.5,3.5,4.5],"texture":"#texture"},"down":{"uv":[0.5,2,3.5,5],"rotation":270,"texture":"#texture"}}},{"name":"Element","from":[8.00322,0.65311,6],"to":[10.50322,4.15311,9],"rotation":{"angle":22.5,"axis":"z","origin":[8,9,8]},"faces":{"north":{"uv":[2,1,4.5,4],"texture":"#texture"},"east":{"uv":[1.5,1.5,4.5,4],"texture":"#texture"},"south":{"uv":[1.5,0.5,4,3],"texture":"#texture"},"down":{"uv":[0.5,2,3.5,5],"rotation":270,"texture":"#texture"}}},{"name":"Element","from":[2.5,0.75,6],"to":[5.25,2.25,9],"rotation":{"angle":0,"axis":"y","origin":[8,9,8]},"faces":{"north":{"uv":[2,1,4.5,4],"texture":"#texture"},"east":{"uv":[1.5,1.5,4.5,4],"texture":"#texture"},"south":{"uv":[1.5,0.5,4,3],"texture":"#texture"},"west":{"uv":[0.5,1.5,3.5,4.5],"texture":"#texture"},"up":{"uv":[1.5,1.5,4,4.5],"rotation":90,"texture":"#texture"},"down":{"uv":[0.5,2,3.5,5],"rotation":270,"texture":"#texture"}}},{"name":"Element","from":[5.51593,0.61419,6],"to":[8.01593,4.11419,9],"rotation":{"angle":-22.5,"axis":"z","origin":[8,9,8]},"faces":{"north":{"uv":[2,1,4.5,4],"texture":"#texture"},"south":{"uv":[1.5,0.5,4,3],"texture":"#texture"},"west":{"uv":[0.5,1.5,3.5,4.5],"texture":"#texture"},"down":{"uv":[0.5,2,3.5,5],"rotation":270,"texture":"#texture"}}},{"name":"Element","from":[11.5,0,6],"to":[12.75,0.75,9],"rotation":{"angle":0,"axis":"y","origin":[8,9,8]},"faces":{"east":{"uv":[1.5,1.5,4.5,4],"texture":"#texture"},"south":{"uv":[1.5,0.5,4,3],"texture":"#texture"},"west":{"uv":[0.5,1.5,3.5,4.5],"texture":"#texture"},"down":{"uv":[0.5,2,3.5,5],"rotation":270,"texture":"#texture"}}},{"name":"Element","from":[3.25,0,6],"to":[4.5,0.75,9],"rotation":{"angle":0,"axis":"y","origin":[8,9,8]},"faces":{"east":{"uv":[1.5,1.5,4.5,4],"texture":"#texture"},"south":{"uv":[1.5,0.5,4,3],"texture":"#texture"},"west":{"uv":[0.5,1.5,3.5,4.5],"texture":"#texture"},"down":{"uv":[0.5,2,3.5,5],"rotation":270,"texture":"#texture"}}},{"name":"Element","from":[16.66272,5.99546,6],"to":[17.72272,7.05546,9],"rotation":{"angle":-45,"axis":"z","origin":[8,9,8]},"faces":{"north":{"uv":[2,1,4.5,4],"texture":"#texture"},"east":{"uv":[1.5,1.5,4.5,4],"texture":"#texture"},"south":{"uv":[1.5,0.5,4,3],"texture":"#texture"},"down":{"uv":[0.5,2,3.5,5],"rotation":270,"texture":"#texture"}}},{"name":"Element","from":[4.11157,0.16183,6],"to":[5.17157,1.22183,9],"rotation":{"angle":45,"axis":"z","origin":[8,9,8]},"faces":{"north":{"uv":[2,1,4.5,4],"texture":"#texture"},"south":{"uv":[1.5,0.5,4,3],"texture":"#texture"},"west":{"uv":[0.5,1.5,3.5,4.5],"texture":"#texture"}}},{"name":"Element","from":[10.82909,0.16183,6],"to":[11.88909,1.22183,9],"rotation":{"angle":-45,"axis":"z","origin":[8,9,8]},"faces":{"north":{"uv":[2,1,4.5,4],"texture":"#texture"},"east":{"uv":[1.5,1.5,4.5,4],"texture":"#texture"},"south":{"uv":[1.5,0.5,4,3],"texture":"#texture"},"down":{"uv":[0.5,2,3.5,5],"rotation":270,"texture":"#texture"}}},{"name":"Element","from":[-1.72206,5.99546,6],"to":[-0.66206,7.05546,9],"rotation":{"angle":45,"axis":"z","origin":[8,9,8]},"faces":{"north":{"uv":[2,1,4.5,4],"texture":"#texture"},"south":{"uv":[1.5,0.5,4,3],"texture":"#texture"},"west":{"uv":[0.5,1.5,3.5,4.5],"texture":"#texture"}}},{"name":"Element","from":[3.25,0,5.25],"to":[4.5,0.75,6],"rotation":{"angle":0,"axis":"y","origin":[8,9,8]},"faces":{"north":{"uv":[12.5,5.75,15,8.75],"texture":"#texture"},"east":{"uv":[12,6,15,8.5],"texture":"#texture"},"west":{"uv":[12,5.75,15,8.75],"texture":"#texture"},"down":{"uv":[11.75,6.25,14.75,9.25],"rotation":270,"texture":"#texture"}}},{"name":"Element","from":[3.25,1.68037,2.30219],"to":[4.5,2.43037,3.55219],"rotation":{"angle":-22.5,"axis":"x","origin":[8,9,8]},"faces":{"east":{"uv":[12,6,15,8.5],"texture":"#texture"},"west":{"uv":[12,5.75,15,8.75],"texture":"#texture"},"up":{"uv":[12.25,5.5,14.75,8.5],"rotation":90,"texture":"#texture"}}},{"name":"Element","from":[11.5,0,5.25],"to":[12.75,0.75,6],"rotation":{"angle":0,"axis":"y","origin":[8,9,8]},"faces":{"north":{"uv":[12.5,5.75,15,8.75],"texture":"#texture"},"east":{"uv":[12,6,15,8.5],"texture":"#texture"},"west":{"uv":[12,5.75,15,8.75],"texture":"#texture"},"down":{"uv":[11.75,6.25,14.75,9.25],"rotation":270,"texture":"#texture"}}},{"name":"Element","from":[11.5,1.68037,2.30219],"to":[12.75,2.43037,3.55219],"rotation":{"angle":-22.5,"axis":"x","origin":[8,9,8]},"faces":{"east":{"uv":[12,6,15,8.5],"texture":"#texture"},"west":{"uv":[12,5.75,15,8.75],"texture":"#texture"},"up":{"uv":[12.25,5.5,14.75,8.5],"rotation":90,"texture":"#texture"}}},{"name":"Element","from":[0.58794,5.85723,6.5],"to":[1.08794,7.60723,7.5],"rotation":{"angle":-45,"axis":"z","origin":[9.75,9.375,8]},"faces":{"north":{"uv":[12.5,5.75,15,8.75],"texture":"#texture"},"south":{"uv":[12.25,6,14.75,8.5],"texture":"#texture"},"west":{"uv":[12,5.75,15,8.75],"texture":"#texture"},"up":{"uv":[12.25,5.5,14.75,8.5],"rotation":90,"texture":"#texture"}}},{"name":"Element","from":[0.57081,8.55662,6.5],"to":[1.07081,11.05662,7.5],"rotation":{"angle":-22.5,"axis":"z","origin":[9.75,9.375,8]},"faces":{"north":{"uv":[12.5,5.75,15,8.75],"texture":"#texture"},"east":{"uv":[12,6,15,8.5],"texture":"#texture"},"south":{"uv":[12.25,6,14.75,8.5],"texture":"#texture"}}},{"name":"Element","from":[0.87241,11.17094,6.2525],"to":[1.62241,12.92094,8.7475],"rotation":{"angle":-22.5,"axis":"z","origin":[2.12241,11.79594,8]},"faces":{"north":{"uv":[7.5,1,10,4],"rotation":180,"texture":"#texture"},"east":{"uv":[7.5,1,10,4],"rotation":180,"texture":"#texture"},"south":{"uv":[7.5,1,10,4],"rotation":180,"texture":"#texture"}}},{"name":"Element","from":[-0.37868,9.08211,6.2525],"to":[0.87132,12.08211,8.7475],"rotation":{"angle":-45,"axis":"z","origin":[2.62132,11.08211,8]},"faces":{"north":{"uv":[7.5,1,10,4],"rotation":180,"texture":"#texture"},"south":{"uv":[7.5,1,10,4],"rotation":180,"texture":"#texture"},"west":{"uv":[7.5,1,10,4],"rotation":180,"texture":"#texture"},"up":{"uv":[7.5,1,10,4],"rotation":180,"texture":"#texture"}}},{"name":"Element","from":[-0.91421,9.66421,6.25],"to":[1.58579,11.78921,8.75],"rotation":{"angle":0,"axis":"z","origin":[2.08579,11.66421,8]},"faces":{"north":{"uv":[10.875,15.875,14.5,13.625],"rotation":90,"texture":"#head"},"east":{"uv":[10.875,15.875,14.5,13.625],"rotation":90,"texture":"#head"},"south":{"uv":[10.875,15.875,14.5,13.625],"rotation":90,"texture":"#head"},"west":{"uv":[10.875,15.875,14.5,13.625],"rotation":90,"texture":"#head"},"up":{"uv":[7,1,10,4],"rotation":90,"texture":"#texture"},"down":{"uv":[1.5,1.5,4,4.5],"rotation":270,"texture":"#texture"}}},{"name":"Element","from":[-1.5,8.25,6.2525],"to":[0.5,11,8.7475],"rotation":{"angle":-45,"axis":"z","origin":[0.5,8.25,8]},"faces":{"north":{"uv":[2,1,4.5,4],"rotation":90,"texture":"#texture"},"south":{"uv":[1.5,0.5,4,3],"rotation":270,"texture":"#texture"},"up":{"uv":[1.5,1.5,4.5,4],"rotation":270,"texture":"#texture"},"down":{"uv":[0.5,1.5,3.5,4.5],"rotation":270,"texture":"#texture"}}},{"name":"Element","from":[0.5,8.25,6.2525],"to":[3,10.75,8.7475],"rotation":{"angle":0,"axis":"y","origin":[0.5,8.25,8]},"faces":{"north":{"uv":[2,1,4.5,4],"texture":"#texture"},"south":{"uv":[1.5,0.5,4,3],"texture":"#texture"},"up":{"uv":[1.5,1.5,4,4.5],"rotation":90,"texture":"#texture"},"down":{"uv":[0.5,2,3.5,5],"rotation":270,"texture":"#texture"}}},{"name":"Element","from":[1.96793,5.71516,6.2525],"to":[3.96793,7.46516,8.7475],"rotation":{"angle":-22.5,"axis":"z","origin":[8,9,8]},"faces":{"north":{"uv":[2,1,4.5,4],"texture":"#texture"},"south":{"uv":[1.5,0.5,4,3],"texture":"#texture"},"down":{"uv":[0.5,2,3.5,5],"rotation":270,"texture":"#texture"}}},{"name":"Element","from":[0.76472,5.68046,7.5],"to":[1.26472,7.43046,8.5],"rotation":{"angle":-45,"axis":"z","origin":[9.75,9.375,8]},"faces":{"north":{"uv":[12.5,5.75,15,8.75],"texture":"#texture"},"south":{"uv":[12.25,6,14.75,8.5],"texture":"#texture"},"west":{"uv":[12,5.75,15,8.75],"texture":"#texture"},"up":{"uv":[12.25,5.5,14.75,8.5],"rotation":90,"texture":"#texture"}}},{"name":"Element","from":[0.66648,8.57565,7.5],"to":[1.16648,10.82565,8.5],"rotation":{"angle":-22.5,"axis":"z","origin":[9.75,9.375,8]},"faces":{"north":{"uv":[12.5,5.75,15,8.75],"texture":"#texture"},"east":{"uv":[12,6,15,8.5],"texture":"#texture"},"south":{"uv":[12.25,6,14.75,8.5],"texture":"#texture"}}},{"name":"Element","from":[14.91206,5.85723,6.5],"to":[15.41206,7.60723,7.5],"rotation":{"angle":45,"axis":"z","origin":[6.25,9.375,8]},"faces":{"north":{"uv":[15,5.75,12.5,8.75],"texture":"#texture"},"east":{"uv":[15,5.75,12,8.75],"texture":"#texture"},"south":{"uv":[14.75,6,12.25,8.5],"texture":"#texture"},"up":{"uv":[12.25,8.5,14.75,5.5],"rotation":90,"texture":"#texture"}}},{"name":"Element","from":[14.92919,8.55662,6.5],"to":[15.42919,11.05662,7.5],"rotation":{"angle":22.5,"axis":"z","origin":[6.25,9.375,8]},"faces":{"north":{"uv":[15,5.75,12.5,8.75],"texture":"#texture"},"south":{"uv":[14.75,6,12.25,8.5],"texture":"#texture"},"west":{"uv":[15,6,12,8.5],"texture":"#texture"}}},{"name":"Element","from":[14.37759,11.17094,6.2525],"to":[15.12759,12.92094,8.7475],"rotation":{"angle":22.5,"axis":"z","origin":[13.87759,11.79594,8]},"faces":{"north":{"uv":[10,1,7.5,4],"rotation":180,"texture":"#texture"},"south":{"uv":[10,1,7.5,4],"rotation":180,"texture":"#texture"},"west":{"uv":[10,1,7.5,4],"rotation":180,"texture":"#texture"}}},{"name":"Element","from":[15.12868,9.08211,6.2525],"to":[16.37868,12.08211,8.7475],"rotation":{"angle":45,"axis":"z","origin":[13.37868,11.08211,8]},"faces":{"north":{"uv":[10,1,7.5,4],"rotation":180,"texture":"#texture"},"east":{"uv":[10,1,7.5,4],"rotation":180,"texture":"#texture"},"south":{"uv":[10,1,7.5,4],"rotation":180,"texture":"#texture"},"up":{"uv":[10,1,7.5,4],"rotation":180,"texture":"#texture"}}},{"name":"Element","from":[14.41421,9.66421,6.25],"to":[16.91421,11.78921,8.75],"rotation":{"angle":0,"axis":"z","origin":[13.91421,11.66421,8]},"faces":{"north":{"uv":[10.875,13.625,14.5,15.875],"rotation":90,"texture":"#head"},"east":{"uv":[10.875,13.625,14.5,15.875],"rotation":90,"texture":"#head"},"south":{"uv":[10.875,13.625,14.5,15.875],"rotation":90,"texture":"#head"},"west":{"uv":[10.875,13.625,14.5,15.875],"rotation":90,"texture":"#head"},"up":{"uv":[7,4,10,1],"rotation":90,"texture":"#texture"},"down":{"uv":[1.5,4.5,4,1.5],"rotation":270,"texture":"#texture"}}},{"name":"Element","from":[15.5,8.25,6.2525],"to":[17.5,11,8.7475],"rotation":{"angle":45,"axis":"z","origin":[15.5,8.25,8]},"faces":{"north":{"uv":[2,4,4.5,1],"rotation":90,"texture":"#texture"},"south":{"uv":[1.5,3,4,0.5],"rotation":270,"texture":"#texture"},"up":{"uv":[1.5,4,4.5,1.5],"rotation":270,"texture":"#texture"},"down":{"uv":[0.5,4.5,3.5,1.5],"rotation":270,"texture":"#texture"}}},{"name":"Element","from":[13,8.25,6.2525],"to":[15.5,10.75,8.7475],"rotation":{"angle":0,"axis":"y","origin":[15.5,8.25,8]},"faces":{"north":{"uv":[4.5,1,2,4],"texture":"#texture"},"south":{"uv":[4,0.5,1.5,3],"texture":"#texture"},"up":{"uv":[1.5,4.5,4,1.5],"rotation":90,"texture":"#texture"},"down":{"uv":[0.5,5,3.5,2],"rotation":270,"texture":"#texture"}}},{"name":"Element","from":[12.03207,5.71516,6.2525],"to":[14.03207,7.46516,8.7475],"rotation":{"angle":22.5,"axis":"z","origin":[8,9,8]},"faces":{"north":{"uv":[4.5,1,2,4],"texture":"#texture"},"south":{"uv":[4,0.5,1.5,3],"texture":"#texture"},"down":{"uv":[0.5,5,3.5,2],"rotation":270,"texture":"#texture"}}},{"name":"Element","from":[14.73528,5.68046,7.5],"to":[15.23528,7.43046,8.5],"rotation":{"angle":45,"axis":"z","origin":[6.25,9.375,8]},"faces":{"north":{"uv":[15,5.75,12.5,8.75],"texture":"#texture"},"east":{"uv":[15,5.75,12,8.75],"texture":"#texture"},"south":{"uv":[14.75,6,12.25,8.5],"texture":"#texture"},"up":{"uv":[12.25,8.5,14.75,5.5],"rotation":90,"texture":"#texture"}}},{"name":"Element","from":[14.83352,8.57565,7.5],"to":[15.33352,10.82565,8.5],"rotation":{"angle":22.5,"axis":"z","origin":[6.25,9.375,8]},"faces":{"north":{"uv":[15,5.75,12.5,8.75],"texture":"#texture"},"south":{"uv":[14.75,6,12.25,8.5],"texture":"#texture"},"west":{"uv":[15,6,12,8.5],"texture":"#texture"}}}],"display":{"thirdperson_righthand":{"scale":[0.0001,0.0001,0.0001]},"thirdperson_lefthand":{"scale":[0.0001,0.0001,0.0001]},"firstperson_righthand":{"scale":[0.0001,0.0001,0.0001]},"firstperson_lefthand":{"scale":[0.0001,0.0001,0.0001]},"ground":{"scale":[0.0001,0.0001,0.0001]},"gui":{"rotation":[30,145,0],"scale":[0.7,0.7,0.7]},"head":{"translation":[0,-24.8,0],"scale":[2.3,2.3,2.3]},"fixed":{"scale":[0.0001,0.0001,0.0001]}}}