{"credit":"© 2015-2021 MadstonMagic. All rights reserved. Made using BlockBench","textures":{"eye":"pokemon_skins/regular/oshawott/eye","texture":"pokemon_skins/regular/oshawott/oshawott","tail":"pokemon_skins/regular/oshawott/tail","belly":"pokemon_skins/regular/oshawott/belly"},"elements":[{"name":"Element","from":[5.75,8.25,5.75],"to":[10.25,15.75,10.25],"faces":{"north":{"uv":[1.5,2,4.25,4.25],"texture":"#texture"},"east":{"uv":[2,1.75,4.5,4.75],"texture":"#texture"},"south":{"uv":[1.75,2,3.75,4.25],"texture":"#texture"},"west":{"uv":[1.5,2,4.25,4.5],"texture":"#texture"},"up":{"uv":[1.75,1.5,5,5],"rotation":90,"texture":"#texture"}}},{"name":"Element","from":[4.25,9.75,5.75],"to":[11.75,14.25,10.25],"faces":{"north":{"uv":[1.5,2,4.25,4.25],"texture":"#texture"},"east":{"uv":[2,1.75,4.5,4.75],"texture":"#texture"},"west":{"uv":[1.5,2,4.25,4.5],"texture":"#texture"},"up":{"uv":[1.75,1.5,5,5],"rotation":90,"texture":"#texture"}}},{"name":"Element","from":[5.75,9.75,4.25],"to":[10.25,14.25,11.75],"faces":{"north":{"uv":[1.5,2,4.25,4.25],"texture":"#texture"},"east":{"uv":[2,1.75,4.5,4.75],"texture":"#texture"},"south":{"uv":[1.75,2,3.75,4.25],"texture":"#texture"},"west":{"uv":[1.5,2,4.25,4.5],"texture":"#texture"},"up":{"uv":[1.75,1.5,5,5],"rotation":90,"texture":"#texture"}}},{"name":"Element","from":[5.75,6.58579,9.7684],"to":[10.25,15.0717,11.88909],"rotation":{"angle":-45,"axis":"x","origin":[8,8,8]},"faces":{"north":{"uv":[1.5,2,4.25,4.25],"texture":"#texture"},"east":{"uv":[2,1.75,4.5,4.75],"texture":"#texture"},"south":{"uv":[1.75,2,3.75,4.25],"texture":"#texture"},"west":{"uv":[1.5,2,4.25,4.5],"texture":"#texture"},"up":{"uv":[1.75,1.5,5,5],"rotation":90,"texture":"#texture"},"down":{"uv":[2,1.75,4.5,4.75],"texture":"#texture"}}},{"name":"Element","from":[5.75,6.58579,4.11091],"to":[10.25,15.0717,6.2316],"rotation":{"angle":45,"axis":"x","origin":[8,8,8]},"faces":{"north":{"uv":[3.75,2,1.75,4.25],"texture":"#texture"},"east":{"uv":[4.5,1.75,2,4.75],"texture":"#texture"},"south":{"uv":[4.25,2,1.5,4.25],"texture":"#texture"},"west":{"uv":[4.25,2,1.5,4.5],"texture":"#texture"},"up":{"uv":[5,1.5,1.75,5],"rotation":90,"texture":"#texture"},"down":{"uv":[2,4.75,4.5,1.75],"texture":"#texture"}}},{"name":"Element","from":[9.76909,6.58579,5.75],"to":[11.88909,15.07107,10.25],"rotation":{"angle":45,"axis":"z","origin":[8,8,8]},"faces":{"north":{"uv":[1.5,2,4.25,4.25],"texture":"#texture"},"south":{"uv":[1.75,2,3.75,4.25],"texture":"#texture"},"west":{"uv":[1.5,2,4.25,4.5],"texture":"#texture"},"up":{"uv":[1.75,1.5,5,5],"rotation":90,"texture":"#texture"},"down":{"uv":[1.5,2,4.25,4.25],"texture":"#texture"}}},{"name":"Element","from":[9.76816,9.75,2.58485],"to":[11.88815,14.25,11.07013],"rotation":{"angle":-45,"axis":"y","origin":[7.99907,12,3.99906]},"faces":{"north":{"uv":[1.5,2,4.25,4.25],"rotation":180,"texture":"#texture"},"south":{"uv":[1.75,1.5,5,5],"rotation":90,"texture":"#texture"},"up":{"uv":[1.5,2,4.25,4.25],"rotation":180,"texture":"#texture"},"down":{"uv":[1.75,2,3.75,4.25],"texture":"#texture"}}},{"name":"Element","from":[4.11091,6.58579,5.75],"to":[6.23091,15.07107,10.25],"rotation":{"angle":-45,"axis":"z","origin":[8,8,8]},"faces":{"north":{"uv":[4.25,2,1.5,4.25],"texture":"#texture"},"east":{"uv":[4.25,2,1.5,4.5],"texture":"#texture"},"south":{"uv":[3.75,2,1.75,4.25],"texture":"#texture"},"up":{"uv":[1.75,5,5,1.5],"rotation":90,"texture":"#texture"},"down":{"uv":[4.25,2,1.5,4.25],"texture":"#texture"}}},{"name":"Element","from":[4.11185,9.75,2.58485],"to":[6.23184,14.25,11.07013],"rotation":{"angle":45,"axis":"y","origin":[8.00093,12,3.99906]},"faces":{"north":{"uv":[4.25,2,1.5,4.25],"rotation":180,"texture":"#texture"},"south":{"uv":[1.75,5,5,1.5],"rotation":90,"texture":"#texture"},"up":{"uv":[4.25,2,1.5,4.25],"rotation":180,"texture":"#texture"},"down":{"uv":[3.75,2,1.75,4.25],"texture":"#texture"}}},{"name":"Element","from":[6.76631,15.64312,7],"to":[8.22541,16.29071,9],"rotation":{"angle":22.5,"axis":"z","origin":[8,8,8]},"faces":{"north":{"uv":[7.25,7.5,10,9.75],"texture":"#texture"},"south":{"uv":[7,7.5,9,9.75],"texture":"#texture"},"up":{"uv":[7,7.25,10.25,10.75],"rotation":90,"texture":"#texture"}}},{"name":"Element","from":[7.77459,15.64312,7],"to":[9.23369,16.29071,9],"rotation":{"angle":-22.5,"axis":"z","origin":[8,8,8]},"faces":{"north":{"uv":[10,7.5,7.25,9.75],"texture":"#texture"},"south":{"uv":[9,7.5,7,9.75],"texture":"#texture"},"up":{"uv":[7,10.75,10.25,7.25],"rotation":90,"texture":"#texture"}}},{"name":"Element","from":[7.25,11.5,3.5],"to":[8.75,12.5,4.25],"faces":{"north":{"uv":[1.25,7.5,4,9.75],"texture":"#texture"}}},{"name":"Element","from":[7.25,11.25,3.75],"to":[8.75,12.75,4.5],"faces":{"up":{"uv":[1.5,7.5,4.75,11],"rotation":90,"texture":"#texture"},"down":{"uv":[1.25,7.5,4.5,10.75],"rotation":270,"texture":"#texture"}}},{"name":"Element","from":[7,11.5,3.75],"to":[9,12.5,4.5],"faces":{"east":{"uv":[1.25,7.5,3.75,10.5],"texture":"#texture"},"west":{"uv":[1.75,7.5,4.5,10],"texture":"#texture"}}},{"name":"Element","from":[5.17013,11.53409,3.75],"to":[5.52513,11.88909,4.5],"rotation":{"angle":-45,"axis":"z","origin":[8,8,8]},"faces":{"north":{"uv":[1.25,7.5,4,9.75],"texture":"#texture"},"south":{"uv":[2.25,7.75,4.25,10],"texture":"#texture"},"west":{"uv":[1.75,7.5,4.5,10],"texture":"#texture"},"up":{"uv":[1.5,7.5,4.75,11],"rotation":90,"texture":"#texture"}}},{"name":"Element","from":[10.47343,11.53409,3.75],"to":[10.82843,11.88909,4.5],"rotation":{"angle":45,"axis":"z","origin":[8,8,8]},"faces":{"north":{"uv":[1.25,7.5,4,9.75],"texture":"#texture"},"south":{"uv":[2.25,7.75,4.25,10],"texture":"#texture"},"west":{"uv":[1.75,7.5,4.5,10],"texture":"#texture"},"up":{"uv":[1.5,7.5,4.75,11],"rotation":90,"texture":"#texture"}}},{"name":"Element","from":[9.76632,10.82698,3.75],"to":[10.12132,11.18198,4.5],"rotation":{"angle":45,"axis":"z","origin":[8,8,8]},"faces":{"north":{"uv":[1.25,7.5,4,9.75],"texture":"#texture"},"south":{"uv":[2.25,7.75,4.25,10],"texture":"#texture"},"west":{"uv":[1.75,7.5,4.5,10],"texture":"#texture"},"up":{"uv":[1.5,7.5,4.75,11],"rotation":90,"texture":"#texture"},"down":{"uv":[1.25,7.5,4.5,10.75],"rotation":270,"texture":"#texture"}}},{"name":"Element","from":[5.87723,10.82698,3.75],"to":[6.23223,11.18198,4.5],"rotation":{"angle":-45,"axis":"z","origin":[8,8,8]},"faces":{"north":{"uv":[1.25,7.5,4,9.75],"texture":"#texture"},"east":{"uv":[1.25,7.5,3.75,10.5],"texture":"#texture"},"south":{"uv":[2.25,7.75,4.25,10],"texture":"#texture"},"down":{"uv":[1.25,7.5,4.5,10.75],"rotation":270,"texture":"#texture"}}},{"name":"Element","from":[7.25,14.00896,8],"to":[8.75,14.36396,8.355],"rotation":{"angle":-45,"axis":"x","origin":[8,8,8]},"faces":{"east":{"uv":[1.25,7.5,3.75,10.5],"texture":"#texture"},"south":{"uv":[2.25,7.75,4.25,10],"texture":"#texture"},"west":{"uv":[1.75,7.5,4.5,10],"texture":"#texture"},"up":{"uv":[1.5,7.5,4.75,11],"rotation":90,"texture":"#texture"}}},{"name":"Element","from":[7.25,13.30185,7.29289],"to":[8.75,13.65685,7.64789],"rotation":{"angle":-45,"axis":"x","origin":[8,8,8]},"faces":{"north":{"uv":[1.25,7.5,4,9.75],"texture":"#texture"},"east":{"uv":[1.25,7.5,3.75,10.5],"texture":"#texture"},"west":{"uv":[1.75,7.5,4.5,10],"texture":"#texture"},"down":{"uv":[1.25,7.5,4.5,10.75],"rotation":270,"texture":"#texture"}}},{"name":"Element","from":[11.35731,11.5,5.34835],"to":[11.71231,12.5,5.70335],"rotation":{"angle":45,"axis":"y","origin":[8,8,8]},"faces":{"east":{"uv":[1.25,7.5,3.75,10.5],"texture":"#texture"},"south":{"uv":[2.25,7.75,4.25,10],"texture":"#texture"},"up":{"uv":[1.5,7.5,4.75,11],"rotation":90,"texture":"#texture"},"down":{"uv":[1.25,7.5,4.5,10.75],"rotation":270,"texture":"#texture"}}},{"name":"Element","from":[10.29665,11.5,4.28769],"to":[10.65165,12.5,4.64269],"rotation":{"angle":45,"axis":"y","origin":[8,8,8]},"faces":{"north":{"uv":[1.25,7.5,4,9.75],"texture":"#texture"},"west":{"uv":[1.75,7.5,4.5,10],"texture":"#texture"},"up":{"uv":[1.5,7.5,4.75,11],"rotation":90,"texture":"#texture"},"down":{"uv":[1.25,7.5,4.5,10.75],"rotation":270,"texture":"#texture"}}},{"name":"spots","from":[5.75,10.5,4.24],"to":[6.5,11.25,5.24],"faces":{"north":{"uv":[10.75,0.25,15.75,6.5],"rotation":270,"texture":"#eye"}}},{"name":"eye*","from":[9.5,11.625,4.24],"to":[10.25,13.125,5.24],"faces":{"north":{"uv":[4.5,0.25,10.5,15.75],"texture":"#eye"}}},{"name":"eye*","from":[8.56773,11.625,3.75029],"to":[9.06773,13.125,4.75029],"rotation":{"angle":45,"axis":"y","origin":[8,8,8]},"faces":{"north":{"uv":[4.5,0.25,0.25,15.75],"texture":"#eye"}}},{"name":"eye*","from":[10.99971,11.625,6.93227],"to":[12.24971,13.125,7.43227],"rotation":{"angle":45,"axis":"y","origin":[8,8,8]},"faces":{"east":{"uv":[0.25,0.25,4.5,15.75],"texture":"#eye"}}},{"name":"eye*","from":[5.75,11.625,4.24],"to":[6.5,13.125,5.24],"faces":{"north":{"uv":[10.5,0.25,4.5,15.75],"texture":"#eye"}}},{"name":"spots","from":[9.5,10.5,4.24],"to":[10.25,11.25,5.24],"faces":{"north":{"uv":[10.75,0.25,15.75,6.5],"rotation":270,"texture":"#eye"}}},{"name":"spots*","from":[7,10.25,4.24],"to":[9,11,5.24],"faces":{"north":{"uv":[9.75,0.25,15.75,12],"rotation":90,"texture":"#tail"}}},{"name":"Element","from":[5.03553,14.75,7],"to":[10.96447,15.74587,9],"faces":{"north":{"uv":[7.25,7.5,10,9.75],"texture":"#texture"},"south":{"uv":[7,7.5,9,9.75],"texture":"#texture"},"up":{"uv":[7,7.25,10.25,10.75],"rotation":90,"texture":"#texture"}}},{"name":"Element","from":[3.6875,14.4375,7],"to":[12.3125,15.1875,9],"faces":{"north":{"uv":[7.25,7.5,10,9.75],"texture":"#texture"},"east":{"uv":[7.25,7.25,9.75,10.25],"texture":"#texture"},"south":{"uv":[7,7.5,9,9.75],"texture":"#texture"},"west":{"uv":[7.5,7.75,10.25,10.25],"texture":"#texture"}}},{"name":"Element","from":[9.5026,13.6014,7],"to":[10.47487,15.6014,9],"rotation":{"angle":45,"axis":"z","origin":[8,8,8]},"faces":{"north":{"uv":[7.25,7.5,10,9.75],"texture":"#texture"},"south":{"uv":[7,7.5,9,9.75],"texture":"#texture"},"west":{"uv":[7.5,7.75,10.25,10.25],"texture":"#texture"}}},{"name":"Element","from":[5.52513,13.6014,7],"to":[6.4974,15.6014,9],"rotation":{"angle":-45,"axis":"z","origin":[8,8,8]},"faces":{"north":{"uv":[10,7.5,7.25,9.75],"texture":"#texture"},"east":{"uv":[10.25,7.75,7.5,10.25],"texture":"#texture"},"south":{"uv":[9,7.5,7,9.75],"texture":"#texture"}}},{"name":"Element","from":[5,3.25,6],"to":[11,7.75,10],"faces":{"east":{"uv":[8,1.75,10.75,4],"texture":"#texture"},"west":{"uv":[8,2,10.5,4.25],"texture":"#texture"},"up":{"uv":[7.25,2.5,10.25,5.25],"rotation":90,"texture":"#texture"}}},{"name":"Element","from":[4.25,1.5,5.5],"to":[11.75,3.75,10.5],"faces":{"east":{"uv":[8,1.75,10.75,4],"texture":"#texture"},"west":{"uv":[8,2,10.5,4.25],"texture":"#texture"},"up":{"uv":[7.25,2.5,10.25,5.25],"rotation":90,"texture":"#texture"},"down":{"uv":[7.25,1.75,10.5,4.75],"rotation":270,"texture":"#texture"}}},{"name":"Element","from":[5.5,1.5,4.25],"to":[10.5,3.75,11.75],"faces":{"north":{"uv":[8.25,2.25,11,4],"texture":"#texture"},"south":{"uv":[7,2,9.5,4.75],"texture":"#texture"},"up":{"uv":[7.25,2.5,10.25,5.25],"rotation":90,"texture":"#texture"},"down":{"uv":[7.25,1.75,10.5,4.75],"rotation":270,"texture":"#texture"}}},{"name":"Element","from":[5.5,7.75,6],"to":[10.5,8.25,10],"faces":{"east":{"uv":[8,1.75,10.75,4],"texture":"#texture"},"south":{"uv":[7,2,9.5,4.75],"texture":"#texture"},"up":{"uv":[7.25,2.5,10.25,5.25],"rotation":90,"texture":"#texture"}}},{"name":"Element","from":[6,9.23954,5.7019],"to":[10,9.94454,6.4069],"rotation":{"angle":-45,"axis":"x","origin":[8,8,8]},"faces":{"east":{"uv":[8,1.75,10.75,4],"texture":"#texture"},"south":{"uv":[7,2,9.5,4.75],"texture":"#texture"},"west":{"uv":[8,2,10.5,4.25],"texture":"#texture"},"up":{"uv":[7.25,2.5,10.25,5.25],"rotation":90,"texture":"#texture"}}},{"name":"Element","from":[6,9.23954,9.59099],"to":[10,9.94454,10.29599],"rotation":{"angle":45,"axis":"x","origin":[8,8,8]},"faces":{"east":{"uv":[8,1.75,10.75,4],"texture":"#texture"},"south":{"uv":[7,2,9.5,4.75],"texture":"#texture"},"west":{"uv":[8,2,10.5,4.25],"texture":"#texture"},"up":{"uv":[7.25,2.5,10.25,5.25],"rotation":90,"texture":"#texture"}}},{"name":"Element","from":[9.5931,9.23954,6],"to":[10.2981,9.94454,10],"rotation":{"angle":-45,"axis":"z","origin":[8,8,8]},"faces":{"north":{"uv":[8.25,2.25,11,4],"texture":"#texture"},"south":{"uv":[7,2,9.5,4.75],"texture":"#texture"},"west":{"uv":[8,2,10.5,4.25],"texture":"#texture"},"up":{"uv":[7.25,2.5,10.25,5.25],"rotation":90,"texture":"#texture"}}},{"name":"Element","from":[5.70401,9.23954,6],"to":[6.40901,9.94454,10],"rotation":{"angle":45,"axis":"z","origin":[8,8,8]},"faces":{"north":{"uv":[8.25,2.25,11,4],"texture":"#texture"},"south":{"uv":[7,2,9.5,4.75],"texture":"#texture"},"west":{"uv":[8,2,10.5,4.25],"texture":"#texture"},"up":{"uv":[7.25,2.5,10.25,5.25],"rotation":90,"texture":"#texture"}}},{"name":"Element","from":[6,3.25,5],"to":[10,7.75,11],"faces":{"north":{"uv":[8.25,2.25,11,4],"texture":"#texture"},"south":{"uv":[7,2,9.5,4.75],"texture":"#texture"},"up":{"uv":[7.25,2.5,10.25,5.25],"rotation":90,"texture":"#texture"}}},{"name":"Element","from":[6,7.75,5.5],"to":[10,8.25,10.5],"faces":{"north":{"uv":[8.25,2.25,11,4],"texture":"#texture"},"west":{"uv":[8,2,10.5,4.25],"texture":"#texture"},"up":{"uv":[7.25,2.5,10.25,5.25],"rotation":90,"texture":"#texture"}}},{"name":"Element","from":[10.12053,3.25,7.29289],"to":[11.53553,7.75,8.70789],"rotation":{"angle":45,"axis":"y","origin":[8,8,8]},"faces":{"east":{"uv":[8,1.75,10.75,4],"texture":"#texture"},"south":{"uv":[7,2,9.5,4.75],"texture":"#texture"},"up":{"uv":[7.25,2.5,10.25,5.25],"rotation":90,"texture":"#texture"},"down":{"uv":[7.25,1.75,10.5,4.75],"rotation":270,"texture":"#texture"}}},{"name":"Element","from":[10.12053,3.25,7.29289],"to":[11.53553,7.75,8.70789],"rotation":{"angle":-45,"axis":"y","origin":[8,8,8]},"faces":{"east":{"uv":[8,1.75,10.75,4],"texture":"#texture"},"south":{"uv":[7,2,9.5,4.75],"texture":"#texture"},"up":{"uv":[7.25,2.5,10.25,5.25],"rotation":90,"texture":"#texture"},"down":{"uv":[7.25,1.75,10.5,4.75],"rotation":270,"texture":"#texture"}}},{"name":"Element","from":[7.29211,3.25,4.46447],"to":[8.70711,7.75,5.87947],"rotation":{"angle":45,"axis":"y","origin":[8,8,8]},"faces":{"north":{"uv":[8.25,2.25,11,4],"texture":"#texture"},"west":{"uv":[8,2,10.5,4.25],"texture":"#texture"},"up":{"uv":[7.25,2.5,10.25,5.25],"rotation":90,"texture":"#texture"},"down":{"uv":[7.25,1.75,10.5,4.75],"rotation":270,"texture":"#texture"}}},{"name":"Element","from":[7.29211,3.25,10.12132],"to":[8.70711,7.75,11.53632],"rotation":{"angle":-45,"axis":"y","origin":[8,8,8]},"faces":{"east":{"uv":[8,1.75,10.75,4],"texture":"#texture"},"south":{"uv":[7,2,9.5,4.75],"texture":"#texture"},"west":{"uv":[8,2,10.5,4.25],"texture":"#texture"},"up":{"uv":[7.25,2.5,10.25,5.25],"rotation":90,"texture":"#texture"},"down":{"uv":[7.25,1.75,10.5,4.75],"rotation":270,"texture":"#texture"}}},{"name":"Element","from":[10.64942,1.5,7.11612],"to":[12.41942,3.75,8.88612],"rotation":{"angle":45,"axis":"y","origin":[8,8,8]},"faces":{"east":{"uv":[8,1.75,10.75,4],"texture":"#texture"},"south":{"uv":[7,2,9.5,4.75],"texture":"#texture"},"up":{"uv":[7.25,2.5,10.25,5.25],"rotation":90,"texture":"#texture"},"down":{"uv":[7.25,1.75,10.5,4.75],"rotation":270,"texture":"#texture"}}},{"name":"Element","from":[7.11388,1.5,3.58058],"to":[8.88388,3.75,5.35058],"rotation":{"angle":45,"axis":"y","origin":[8,8,8]},"faces":{"north":{"uv":[8.25,2.25,11,4],"texture":"#texture"},"west":{"uv":[8,2,10.5,4.25],"texture":"#texture"},"up":{"uv":[7.25,2.5,10.25,5.25],"rotation":90,"texture":"#texture"},"down":{"uv":[7.25,1.75,10.5,4.75],"rotation":270,"texture":"#texture"}}},{"name":"Element","from":[10.64942,1.5,7.11612],"to":[12.41942,3.75,8.88612],"rotation":{"angle":-45,"axis":"y","origin":[8,8,8]},"faces":{"east":{"uv":[8,1.75,10.75,4],"texture":"#texture"},"south":{"uv":[7,2,9.5,4.75],"texture":"#texture"},"up":{"uv":[7.25,2.5,10.25,5.25],"rotation":90,"texture":"#texture"},"down":{"uv":[7.25,1.75,10.5,4.75],"rotation":270,"texture":"#texture"}}},{"name":"Element","from":[7.11388,1.5,10.65165],"to":[8.88388,3.75,12.42165],"rotation":{"angle":-45,"axis":"y","origin":[8,8,8]},"faces":{"east":{"uv":[8,1.75,10.75,4],"texture":"#texture"},"south":{"uv":[7,2,9.5,4.75],"texture":"#texture"},"west":{"uv":[8,2,10.5,4.25],"texture":"#texture"},"up":{"uv":[7.25,2.5,10.25,5.25],"rotation":90,"texture":"#texture"},"down":{"uv":[7.25,1.75,10.5,4.75],"rotation":270,"texture":"#texture"}}},{"name":"Element","from":[5.5,2.63287,6.16681],"to":[10.5,6.38287,7.91681],"rotation":{"angle":22.5,"axis":"x","origin":[8,8,8]},"faces":{"north":{"uv":[8.25,2.25,11,4],"texture":"#texture"},"east":{"uv":[8,1.75,10.75,4],"texture":"#texture"},"west":{"uv":[8,2,10.5,4.25],"texture":"#texture"},"up":{"uv":[7.25,2.5,10.25,5.25],"rotation":90,"texture":"#texture"}}},{"name":"Element","from":[5.5,2.6327,8.09588],"to":[10.5,6.3827,9.84588],"rotation":{"angle":-22.5,"axis":"x","origin":[8,8,8]},"faces":{"east":{"uv":[8,1.75,10.75,4],"texture":"#texture"},"south":{"uv":[7,2,9.5,4.75],"texture":"#texture"},"west":{"uv":[8,2,10.5,4.25],"texture":"#texture"},"up":{"uv":[7.25,2.5,10.25,5.25],"rotation":90,"texture":"#texture"},"down":{"uv":[7.25,1.75,10.5,4.75],"rotation":270,"texture":"#texture"}}},{"name":"Element","from":[7.836,2.62961,5.5],"to":[9.836,6.87961,10.5],"rotation":{"angle":22.5,"axis":"z","origin":[8,8,8]},"faces":{"north":{"uv":[8.25,2.25,11,4],"texture":"#texture"},"east":{"uv":[8,1.75,10.75,4],"texture":"#texture"},"south":{"uv":[7,2,9.5,4.75],"texture":"#texture"},"up":{"uv":[7.25,2.5,10.25,5.25],"rotation":90,"texture":"#texture"},"down":{"uv":[7.25,1.75,10.5,4.75],"rotation":270,"texture":"#texture"}}},{"name":"Element","from":[6.1594,2.63351,5.5],"to":[8.1594,6.88351,10.5],"rotation":{"angle":-22.5,"axis":"z","origin":[8,8,8]},"faces":{"north":{"uv":[8.25,2.25,11,4],"texture":"#texture"},"south":{"uv":[7,2,9.5,4.75],"texture":"#texture"},"west":{"uv":[8,2,10.5,4.25],"texture":"#texture"},"up":{"uv":[7.25,2.5,10.25,5.25],"rotation":90,"texture":"#texture"},"down":{"uv":[7.25,1.75,10.5,4.75],"rotation":270,"texture":"#texture"}}},{"name":"Element","from":[6.25,5.5625,4.99],"to":[9.75,7.0625,6.24],"faces":{"north":{"uv":[0.25,0.25,15.75,5.75],"texture":"#belly"}}},{"name":"Element","from":[6.25,3.09999,6.16115],"to":[9.75,4.59999,7.41115],"rotation":{"angle":22.5,"axis":"x","origin":[8,8,8]},"faces":{"north":{"uv":[0.25,5.75,15.75,11],"texture":"#belly"}}},{"name":"Element","from":[5,0.75,5.5],"to":[11,1.5,10.5],"faces":{"north":{"uv":[8.25,2.25,11,4],"texture":"#texture"},"east":{"uv":[8,1.75,10.75,4],"texture":"#texture"},"south":{"uv":[7,2,9.5,4.75],"texture":"#texture"},"west":{"uv":[8,2,10.5,4.25],"texture":"#texture"},"down":{"uv":[7.25,1.75,10.5,4.75],"rotation":270,"texture":"#texture"}}},{"name":"Element","from":[5.5,0.75,5],"to":[10.5,1.5,11],"faces":{"north":{"uv":[8.25,2.25,11,4],"texture":"#texture"},"east":{"uv":[8,1.75,10.75,4],"texture":"#texture"},"south":{"uv":[7,2,9.5,4.75],"texture":"#texture"},"west":{"uv":[8,2,10.5,4.25],"texture":"#texture"},"down":{"uv":[7.25,1.75,10.5,4.75],"rotation":270,"texture":"#texture"}}},{"name":"Element","from":[0.75282,4.99546,5.5],"to":[1.81282,6.05546,10.5],"rotation":{"angle":45,"axis":"z","origin":[8,8,8]},"faces":{"north":{"uv":[8.25,2.25,11,4],"texture":"#texture"},"south":{"uv":[7,2,9.5,4.75],"texture":"#texture"},"west":{"uv":[8,2,10.5,4.25],"texture":"#texture"}}},{"name":"Element","from":[5.5,4.99546,0.75216],"to":[10.5,6.05546,1.81216],"rotation":{"angle":-45,"axis":"x","origin":[8,8,8]},"faces":{"north":{"uv":[8.25,2.25,11,4],"texture":"#texture"},"east":{"uv":[8,1.75,10.75,4],"texture":"#texture"},"west":{"uv":[8,2,10.5,4.25],"texture":"#texture"},"down":{"uv":[7.25,1.75,10.5,4.75],"rotation":270,"texture":"#texture"}}},{"name":"Element","from":[5.5,4.99546,14.18718],"to":[10.5,6.05546,15.24718],"rotation":{"angle":45,"axis":"x","origin":[8,8,8]},"faces":{"east":{"uv":[8,1.75,10.75,4],"texture":"#texture"},"south":{"uv":[7,2,9.5,4.75],"texture":"#texture"},"west":{"uv":[8,2,10.5,4.25],"texture":"#texture"}}},{"name":"Element","from":[14.18784,4.99546,5.5],"to":[15.24784,6.05546,10.5],"rotation":{"angle":-45,"axis":"z","origin":[8,8,8]},"faces":{"north":{"uv":[8.25,2.25,11,4],"texture":"#texture"},"east":{"uv":[8,1.75,10.75,4],"texture":"#texture"},"south":{"uv":[7,2,9.5,4.75],"texture":"#texture"},"down":{"uv":[7.25,1.75,10.5,4.75],"rotation":270,"texture":"#texture"}}},{"name":"Element","from":[5.5,8.41603,4.63112],"to":[7.25,9.66603,6.38112],"rotation":{"angle":-22.5,"axis":"x","origin":[8,8,8]},"faces":{"north":{"uv":[8.25,2.25,11,4],"texture":"#texture"},"east":{"uv":[8,1.75,10.75,4],"texture":"#texture"},"south":{"uv":[7,2,9.5,4.75],"texture":"#texture"},"west":{"uv":[8,2,10.5,4.25],"texture":"#texture"},"up":{"uv":[7.25,2.5,10.25,5.25],"rotation":90,"texture":"#texture"},"down":{"uv":[7.25,1.75,10.5,4.75],"rotation":270,"texture":"#texture"}}},{"name":"Element","from":[8.75,8.41603,4.63112],"to":[10.5,9.66603,6.38112],"rotation":{"angle":-22.5,"axis":"x","origin":[8,8,8]},"faces":{"north":{"uv":[8.25,2.25,11,4],"texture":"#texture"},"east":{"uv":[8,1.75,10.75,4],"texture":"#texture"},"south":{"uv":[7,2,9.5,4.75],"texture":"#texture"},"west":{"uv":[8,2,10.5,4.25],"texture":"#texture"},"up":{"uv":[7.25,2.5,10.25,5.25],"rotation":90,"texture":"#texture"},"down":{"uv":[7.25,1.75,10.5,4.75],"rotation":270,"texture":"#texture"}}},{"name":"Element","from":[4.45326,8.40542,5.5],"to":[6.45326,9.65542,7.25],"rotation":{"angle":22.5,"axis":"z","origin":[8,8,8]},"faces":{"north":{"uv":[8.25,2.25,11,4],"texture":"#texture"},"east":{"uv":[8,1.75,10.75,4],"texture":"#texture"},"south":{"uv":[7,2,9.5,4.75],"texture":"#texture"},"west":{"uv":[8,2,10.5,4.25],"texture":"#texture"},"up":{"uv":[7.25,2.5,10.25,5.25],"rotation":90,"texture":"#texture"},"down":{"uv":[7.25,1.75,10.5,4.75],"rotation":270,"texture":"#texture"}}},{"name":"Element","from":[9.50828,8.40613,5.5],"to":[11.50828,9.65613,7.25],"rotation":{"angle":-22.5,"axis":"z","origin":[8,8,8]},"faces":{"north":{"uv":[8.25,2.25,11,4],"texture":"#texture"},"east":{"uv":[8,1.75,10.75,4],"texture":"#texture"},"south":{"uv":[7,2,9.5,4.75],"texture":"#texture"},"west":{"uv":[8,2,10.5,4.25],"texture":"#texture"},"up":{"uv":[7.25,2.5,10.25,5.25],"rotation":90,"texture":"#texture"},"down":{"uv":[7.25,1.75,10.5,4.75],"rotation":270,"texture":"#texture"}}},{"name":"Element","from":[5.5,8.53492,9.69605],"to":[7.25,9.78492,11.44605],"rotation":{"angle":22.5,"axis":"x","origin":[8,8,8]},"faces":{"north":{"uv":[8.25,2.25,11,4],"texture":"#texture"},"east":{"uv":[8,1.75,10.75,4],"texture":"#texture"},"south":{"uv":[7,2,9.5,4.75],"texture":"#texture"},"west":{"uv":[8,2,10.5,4.25],"texture":"#texture"},"up":{"uv":[7.25,2.5,10.25,5.25],"rotation":90,"texture":"#texture"},"down":{"uv":[7.25,1.75,10.5,4.75],"rotation":270,"texture":"#texture"}}},{"name":"Element","from":[8.75,8.53492,9.69605],"to":[10.5,9.78492,11.44605],"rotation":{"angle":22.5,"axis":"x","origin":[8,8,8]},"faces":{"north":{"uv":[8.25,2.25,11,4],"texture":"#texture"},"east":{"uv":[8,1.75,10.75,4],"texture":"#texture"},"south":{"uv":[7,2,9.5,4.75],"texture":"#texture"},"west":{"uv":[8,2,10.5,4.25],"texture":"#texture"},"up":{"uv":[7.25,2.5,10.25,5.25],"rotation":90,"texture":"#texture"},"down":{"uv":[7.25,1.75,10.5,4.75],"rotation":270,"texture":"#texture"}}},{"name":"Element","from":[4.58276,8.55473,8.75],"to":[6.58276,9.80473,10.5],"rotation":{"angle":22.5,"axis":"z","origin":[8,8,8]},"faces":{"north":{"uv":[8.25,2.25,11,4],"texture":"#texture"},"east":{"uv":[8,1.75,10.75,4],"texture":"#texture"},"south":{"uv":[7,2,9.5,4.75],"texture":"#texture"},"west":{"uv":[8,2,10.5,4.25],"texture":"#texture"},"up":{"uv":[7.25,2.5,10.25,5.25],"rotation":90,"texture":"#texture"},"down":{"uv":[7.25,1.75,10.5,4.75],"rotation":270,"texture":"#texture"}}},{"name":"Element","from":[9.46044,8.52161,8.75],"to":[11.46044,9.77161,10.5],"rotation":{"angle":-22.5,"axis":"z","origin":[8,8,8]},"faces":{"north":{"uv":[8.25,2.25,11,4],"texture":"#texture"},"east":{"uv":[8,1.75,10.75,4],"texture":"#texture"},"south":{"uv":[7,2,9.5,4.75],"texture":"#texture"},"west":{"uv":[8,2,10.5,4.25],"texture":"#texture"},"up":{"uv":[7.25,2.5,10.25,5.25],"rotation":90,"texture":"#texture"},"down":{"uv":[7.25,1.75,10.5,4.75],"rotation":270,"texture":"#texture"}}},{"name":"Element","from":[2.30269,7.41708,7],"to":[5.13269,8.91708,9],"rotation":{"angle":22.5,"axis":"z","origin":[8,8,8]},"faces":{"north":{"uv":[1.5,2,4.25,4.25],"texture":"#texture"},"south":{"uv":[1.75,2,3.75,4.25],"texture":"#texture"},"west":{"uv":[1.5,2,4.25,4.5],"texture":"#texture"},"up":{"uv":[1.75,1.5,5,5],"rotation":90,"texture":"#texture"},"down":{"uv":[1.5,1.5,4.75,4.75],"rotation":270,"texture":"#texture"}}},{"name":"Element","from":[10.86731,7.41708,7],"to":[13.69731,8.91708,9],"rotation":{"angle":-22.5,"axis":"z","origin":[8,8,8]},"faces":{"north":{"uv":[4.25,2,1.5,4.25],"texture":"#texture"},"east":{"uv":[4.25,2,1.5,4.5],"texture":"#texture"},"south":{"uv":[3.75,2,1.75,4.25],"texture":"#texture"},"up":{"uv":[1.75,5,5,1.5],"rotation":90,"texture":"#texture"},"down":{"uv":[1.5,4.75,4.75,1.5],"rotation":270,"texture":"#texture"}}},{"name":"Element","from":[1.79739,7.91465,7],"to":[4.79739,8.41465,9],"rotation":{"angle":22.5,"axis":"z","origin":[8,8,8]},"faces":{"north":{"uv":[1.5,2,4.25,4.25],"texture":"#texture"},"south":{"uv":[1.75,2,3.75,4.25],"texture":"#texture"},"west":{"uv":[1.5,2,4.25,4.5],"texture":"#texture"},"up":{"uv":[1.75,1.5,5,5],"rotation":90,"texture":"#texture"}}},{"name":"Element","from":[11.20261,7.91465,7],"to":[14.20261,8.41465,9],"rotation":{"angle":-22.5,"axis":"z","origin":[8,8,8]},"faces":{"north":{"uv":[4.25,2,1.5,4.25],"texture":"#texture"},"east":{"uv":[4.25,2,1.5,4.5],"texture":"#texture"},"south":{"uv":[3.75,2,1.75,4.25],"texture":"#texture"},"up":{"uv":[1.75,5,5,1.5],"rotation":90,"texture":"#texture"}}},{"name":"Element","from":[3.66966,3.55008,7],"to":[4.37466,4.25508,9],"rotation":{"angle":-22.5,"axis":"z","origin":[8,8,8]},"faces":{"north":{"uv":[1.5,2,4.25,4.25],"texture":"#texture"},"east":{"uv":[2,1.75,4.5,4.75],"texture":"#texture"},"south":{"uv":[1.75,2,3.75,4.25],"texture":"#texture"},"west":{"uv":[1.5,2,4.25,4.5],"texture":"#texture"},"down":{"uv":[1.5,1.5,4.75,4.75],"rotation":270,"texture":"#texture"}}},{"name":"Element","from":[11.62534,3.55008,7],"to":[12.33034,4.25508,9],"rotation":{"angle":22.5,"axis":"z","origin":[8,8,8]},"faces":{"north":{"uv":[4.25,2,1.5,4.25],"texture":"#texture"},"east":{"uv":[4.25,2,1.5,4.5],"texture":"#texture"},"south":{"uv":[3.75,2,1.75,4.25],"texture":"#texture"},"west":{"uv":[4.5,1.75,2,4.75],"texture":"#texture"},"down":{"uv":[1.5,4.75,4.75,1.5],"rotation":270,"texture":"#texture"}}},{"name":"Element","from":[3.32581,3.91637,7],"to":[4.03081,4.62137,9],"rotation":{"angle":-22.5,"axis":"z","origin":[8,8,8]},"faces":{"north":{"uv":[1.5,2,4.25,4.25],"texture":"#texture"},"south":{"uv":[1.75,2,3.75,4.25],"texture":"#texture"},"west":{"uv":[1.5,2,4.25,4.5],"texture":"#texture"},"down":{"uv":[1.5,1.5,4.75,4.75],"rotation":270,"texture":"#texture"}}},{"name":"Element","from":[11.96919,3.91637,7],"to":[12.67419,4.62137,9],"rotation":{"angle":22.5,"axis":"z","origin":[8,8,8]},"faces":{"north":{"uv":[4.25,2,1.5,4.25],"texture":"#texture"},"east":{"uv":[4.25,2,1.5,4.5],"texture":"#texture"},"south":{"uv":[3.75,2,1.75,4.25],"texture":"#texture"},"down":{"uv":[1.5,4.75,4.75,1.5],"rotation":270,"texture":"#texture"}}},{"name":"tail","from":[5.75,1.21405,9.20638],"to":[10.25,1.21505,14.95638],"rotation":{"angle":-22.5,"axis":"x","origin":[8,8,8]},"faces":{"up":{"uv":[0.25,0.25,9.25,15.75],"rotation":180,"texture":"#tail"},"down":{"uv":[0.25,0.25,9.25,15.75],"texture":"#tail"}}},{"name":"Element","from":[4.83835,-0.25,4.27165],"to":[6.83835,0.75,8.27165],"rotation":{"angle":22.5,"axis":"y","origin":[8,8,8]},"faces":{"north":{"uv":[7.25,7.75,10,9.5],"texture":"#texture"},"east":{"uv":[7.5,7.25,10.25,9.5],"texture":"#texture"},"south":{"uv":[7.25,7.75,9.75,10.5],"texture":"#texture"},"west":{"uv":[8,7.5,10.5,9.75],"texture":"#texture"},"up":{"uv":[7.25,8.75,10.25,11.5],"rotation":90,"texture":"#texture"},"down":{"uv":[7.5,8.5,10.75,11.5],"rotation":270,"texture":"#texture"}}},{"name":"Element","from":[9.20485,-0.25,4.30477],"to":[11.20485,0.75,8.30477],"rotation":{"angle":-22.5,"axis":"y","origin":[8,8,8]},"faces":{"north":{"uv":[7.25,7.75,10,9.5],"texture":"#texture"},"east":{"uv":[7.5,7.25,10.25,9.5],"texture":"#texture"},"south":{"uv":[7.25,7.75,9.75,10.5],"texture":"#texture"},"west":{"uv":[8,7.5,10.5,9.75],"texture":"#texture"},"up":{"uv":[7.25,8.75,10.25,11.5],"rotation":90,"texture":"#texture"},"down":{"uv":[7.5,8.5,10.75,11.5],"rotation":270,"texture":"#texture"}}},{"name":"Element","from":[9.84941,-0.25,4.14966],"to":[10.59941,0.875,5.27466],"rotation":{"angle":-22.5,"axis":"y","origin":[8,8,8]},"faces":{"north":{"uv":[7.25,7.75,10,9.5],"texture":"#texture"},"east":{"uv":[7.5,7.25,10.25,9.5],"texture":"#texture"},"south":{"uv":[7.25,7.75,9.75,10.5],"texture":"#texture"},"west":{"uv":[8,7.5,10.5,9.75],"texture":"#texture"},"up":{"uv":[7.25,8.75,10.25,11.5],"rotation":90,"texture":"#texture"},"down":{"uv":[7.5,8.5,10.75,11.5],"rotation":270,"texture":"#texture"}}},{"name":"Element","from":[5.48701,-0.25,4.09022],"to":[6.23701,0.875,5.21522],"rotation":{"angle":22.5,"axis":"y","origin":[8,8,8]},"faces":{"north":{"uv":[7.25,7.75,10,9.5],"texture":"#texture"},"east":{"uv":[7.5,7.25,10.25,9.5],"texture":"#texture"},"south":{"uv":[7.25,7.75,9.75,10.5],"texture":"#texture"},"west":{"uv":[8,7.5,10.5,9.75],"texture":"#texture"},"up":{"uv":[7.25,8.75,10.25,11.5],"rotation":90,"texture":"#texture"},"down":{"uv":[7.5,8.5,10.75,11.5],"rotation":270,"texture":"#texture"}}}],"display":{"thirdperson_righthand":{"scale":[0,0,0]},"thirdperson_lefthand":{"scale":[0,0,0]},"firstperson_righthand":{"scale":[0,0,0]},"firstperson_lefthand":{"scale":[0,0,0]},"ground":{"scale":[0,0,0]},"gui":{"rotation":[30,135,0],"scale":[0.7,0.7,0.7]},"head":{"translation":[0,-32.9,0],"scale":[1.25,1.25,1.25]},"fixed":{"scale":[0,0,0]}}}