{"credit":"Made by MadstonMagic, using Cubik Pro & Blockbench","textures":{"texture":"pokemon_skins/regular/stoutland/stoutland","ear_inner":"pokemon_skins/regular/stoutland/ear_inner","ear_outer":"pokemon_skins/regular/stoutland/ear_outer","snout":"pokemon_skins/regular/stoutland/snout","face":"pokemon_skins/regular/stoutland/face","mustache_sides":"pokemon_skins/regular/stoutland/mustache","fur_front":"pokemon_skins/regular/stoutland/fur_front","fur_side_bottom":"pokemon_skins/regular/stoutland/fur_side_bottom","fur_head":"pokemon_skins/regular/stoutland/fur_head","mustache_bottom_sides":"pokemon_skins/regular/stoutland/mustache_bottom_sides","mustache_detail_front":"pokemon_skins/regular/stoutland/mustache_detail_front","particle":"pokemon_skins/regular/stoutland/eye"},"elements":[{"name":"Element","from":[6.4375,7.5625,1.75],"to":[9.5625,11.9375,4.25],"rotation":{"angle":0,"axis":"y","origin":[8.3125,7.3125,5.5]},"faces":{"north":{"uv":[3.5,2.5,6.5,5.5],"texture":"#texture"},"east":{"uv":[2,2.5,5,5.5],"texture":"#texture"},"west":{"uv":[2.5,3.5,5.5,6.5],"texture":"#texture"},"up":{"uv":[2,2.5,5,5.5],"rotation":90,"texture":"#texture"}}},{"name":"Element","from":[6.4375,8.1875,1.125],"to":[9.5625,11.3125,4.875],"rotation":{"angle":0,"axis":"y","origin":[8.3125,7.3125,5.5]},"faces":{"north":{"uv":[3.5,2.5,6.5,5.5],"texture":"#texture"},"east":{"uv":[2,2.5,5,5.5],"texture":"#texture"},"south":{"uv":[1.5,3,4.5,6],"texture":"#texture"},"west":{"uv":[2.5,3.5,5.5,6.5],"texture":"#texture"},"up":{"uv":[2,2.5,5,5.5],"rotation":90,"texture":"#texture"},"down":{"uv":[3.5,2,6.5,5],"rotation":270,"texture":"#texture"}}},{"name":"Element","from":[5.8125,8.1875,1.75],"to":[10.1875,11.3125,4.25],"rotation":{"angle":0,"axis":"y","origin":[8.3125,7.3125,5.5]},"faces":{"north":{"uv":[3.5,2.5,6.5,5.5],"texture":"#texture"},"east":{"uv":[2,2.5,5,5.5],"texture":"#texture"},"south":{"uv":[1.5,3,4.5,6],"texture":"#texture"},"west":{"uv":[2.5,3.5,5.5,6.5],"texture":"#texture"},"up":{"uv":[2,2.5,5,5.5],"rotation":90,"texture":"#texture"},"down":{"uv":[3.5,2,6.5,5],"rotation":270,"texture":"#texture"}}},{"name":"Element","from":[6.4375,6.60808,3.55546],"to":[9.5625,7.48933,4.43671],"rotation":{"angle":45,"axis":"x","origin":[8.3125,7.3125,5.5]},"faces":{"east":{"uv":[2,2.5,5,5.5],"texture":"#texture"},"south":{"uv":[1.5,3,4.5,6],"texture":"#texture"},"west":{"uv":[2.5,3.5,5.5,6.5],"texture":"#texture"}}},{"name":"Element","from":[6.4375,8.81779,1.34575],"to":[9.5625,9.69904,2.227],"rotation":{"angle":45,"axis":"x","origin":[8.3125,7.3125,5.5]},"faces":{"north":{"uv":[3.5,2.5,6.5,5.5],"texture":"#texture"},"east":{"uv":[2,2.5,5,5.5],"texture":"#texture"},"south":{"uv":[1.5,3,4.5,6],"texture":"#texture"},"west":{"uv":[2.5,3.5,5.5,6.5],"texture":"#texture"},"up":{"uv":[2,2.5,5,5.5],"rotation":90,"texture":"#texture"}}},{"name":"Element","from":[6.4375,12.35332,5.23483],"to":[9.5625,13.23457,6.11608],"rotation":{"angle":-45,"axis":"x","origin":[8.3125,7.3125,5.5]},"faces":{"north":{"uv":[3.5,2.5,6.5,5.5],"texture":"#texture"},"east":{"uv":[2,2.5,5,5.5],"texture":"#texture"},"south":{"uv":[1.5,3,4.5,6],"texture":"#texture"},"west":{"uv":[2.5,3.5,5.5,6.5],"texture":"#texture"},"up":{"uv":[2,2.5,5,5.5],"rotation":90,"texture":"#texture"}}},{"name":"Element","from":[8.13836,8.37584,1.75],"to":[9.01961,9.25709,4.25],"rotation":{"angle":-45,"axis":"z","origin":[8.3125,7.3125,5.5]},"faces":{"north":{"uv":[3.5,2.5,6.5,5.5],"texture":"#texture"},"east":{"uv":[2,2.5,5,5.5],"texture":"#texture"},"south":{"uv":[1.5,3,4.5,6],"texture":"#texture"},"up":{"uv":[2,2.5,5,5.5],"rotation":90,"texture":"#texture"},"down":{"uv":[3.5,2,6.5,5],"rotation":270,"texture":"#texture"}}},{"name":"Element","from":[7.16608,8.81779,1.75],"to":[8.04733,9.69904,4.25],"rotation":{"angle":45,"axis":"z","origin":[8.3125,7.3125,5.5]},"faces":{"north":{"uv":[3.5,2.5,6.5,5.5],"texture":"#texture"},"south":{"uv":[1.5,3,4.5,6],"texture":"#texture"},"west":{"uv":[2.5,3.5,5.5,6.5],"texture":"#texture"},"down":{"uv":[3.5,2,6.5,5],"rotation":270,"texture":"#texture"}}},{"name":"Element","from":[5.92865,10.58555,1.75],"to":[6.8099,11.4668,4.25],"rotation":{"angle":-45,"axis":"z","origin":[8.3125,7.3125,5.5]},"faces":{"north":{"uv":[3.5,2.5,6.5,5.5],"texture":"#texture"},"east":{"uv":[2,2.5,5,5.5],"texture":"#texture"},"south":{"uv":[1.5,3,4.5,6],"texture":"#texture"},"west":{"uv":[2.5,3.5,5.5,6.5],"texture":"#texture"},"up":{"uv":[2,2.5,5,5.5],"rotation":90,"texture":"#texture"}}},{"name":"Element","from":[9.37579,11.02749,1.75],"to":[10.25704,11.90874,4.25],"rotation":{"angle":45,"axis":"z","origin":[8.3125,7.3125,5.5]},"faces":{"north":{"uv":[3.5,2.5,6.5,5.5],"texture":"#texture"},"east":{"uv":[2,2.5,5,5.5],"texture":"#texture"},"south":{"uv":[1.5,3,4.5,6],"texture":"#texture"},"west":{"uv":[2.5,3.5,5.5,6.5],"texture":"#texture"},"up":{"uv":[2,2.5,5,5.5],"rotation":90,"texture":"#texture"}}},{"name":"Element","from":[5.66348,8.1875,5.5],"to":[6.54473,11.3125,6.38125],"rotation":{"angle":-45,"axis":"y","origin":[8.3125,7.3125,5.5]},"faces":{"south":{"uv":[1.5,3,4.5,6],"texture":"#texture"},"up":{"uv":[2,2.5,5,5.5],"rotation":90,"texture":"#texture"},"down":{"uv":[3.5,2,6.5,5],"rotation":270,"texture":"#texture"}}},{"name":"Element","from":[9.19902,8.1875,1.08058],"to":[10.08027,11.3125,1.96183],"rotation":{"angle":45,"axis":"y","origin":[8.3125,7.3125,5.5]},"faces":{"north":{"uv":[3.5,2.5,6.5,5.5],"texture":"#texture"},"west":{"uv":[2.5,3.5,5.5,6.5],"texture":"#texture"},"up":{"uv":[13.75,9.5,15.25,11.5],"rotation":90,"texture":"#texture"},"down":{"uv":[3.5,2,6.5,5],"rotation":270,"texture":"#texture"}}},{"name":"Element","from":[7.87319,8.1875,3.29029],"to":[8.75444,11.3125,4.17154],"rotation":{"angle":-45,"axis":"y","origin":[8.3125,7.3125,5.5]},"faces":{"east":{"uv":[2,2.5,5,5.5],"texture":"#texture"},"south":{"uv":[1.5,3,4.5,6],"texture":"#texture"},"up":{"uv":[2,2.5,5,5.5],"rotation":90,"texture":"#texture"},"down":{"uv":[3.5,2,6.5,5],"rotation":270,"texture":"#texture"}}},{"name":"Element","from":[11.40873,8.1875,3.29029],"to":[12.28998,11.3125,4.17154],"rotation":{"angle":45,"axis":"y","origin":[8.3125,7.3125,5.5]},"faces":{"east":{"uv":[2,2.5,5,5.5],"texture":"#texture"},"south":{"uv":[1.5,3,4.5,6],"texture":"#texture"},"up":{"uv":[14,9,15,11.25],"rotation":90,"texture":"#texture"},"down":{"uv":[3.5,2,6.5,5],"rotation":270,"texture":"#texture"}}},{"name":"Element","from":[6.4375,10.0625,0.8125],"to":[9.5625,11.3125,2.0625],"rotation":{"angle":0,"axis":"y","origin":[8.3125,7.3125,5.5]},"faces":{"north":{"uv":[2,1.75,4,5],"texture":"#mustache_sides"},"east":{"uv":[1.25,1.5,4.25,3.75],"texture":"#mustache_sides"},"up":{"uv":[2.5,2.25,4.5,5],"rotation":90,"texture":"#mustache_sides"},"down":{"uv":[2.25,2.25,4,4.25],"rotation":270,"texture":"#mustache_sides"}}},{"name":"Element","from":[7.375,6.83122,-0.5878],"to":[8.625,9.64372,0.6622],"rotation":{"angle":45,"axis":"x","origin":[8.3125,7.3125,5.5]},"faces":{"north":{"uv":[2,1.75,4,5],"texture":"#mustache_sides"},"east":{"uv":[1.25,1.5,4.25,3.75],"texture":"#mustache_sides"},"south":{"uv":[1.25,2,4,3.75],"texture":"#mustache_sides"},"west":{"uv":[2,3,4,5.75],"texture":"#mustache_sides"},"up":{"uv":[2.5,2.25,4.5,5],"rotation":90,"texture":"#mustache_sides"}}},{"name":"Element","from":[7.6875,9.19012,-0.32214],"to":[8.3125,10.75262,0.30286],"rotation":{"angle":22.5,"axis":"x","origin":[8.3125,7.3125,5.5]},"faces":{"north":{"uv":[2,1.75,4,5],"texture":"#mustache_sides"},"east":{"uv":[1.25,1.5,4.25,3.75],"texture":"#mustache_sides"},"south":{"uv":[1.25,2,4,3.75],"texture":"#mustache_sides"},"west":{"uv":[2,3,4,5.75],"texture":"#mustache_sides"},"up":{"uv":[2.5,2.25,4.5,5],"rotation":90,"texture":"#mustache_sides"}}},{"name":"Element","from":[6.81155,10.0625,0.45178],"to":[8.37405,11.3125,1.70178],"rotation":{"angle":22.5,"axis":"y","origin":[8.3125,7.3125,5.5]},"faces":{"north":{"uv":[2,1.75,4,5],"texture":"#mustache_sides"},"south":{"uv":[1.25,2,4,3.75],"texture":"#mustache_sides"},"west":{"uv":[2,3,4,5.75],"texture":"#mustache_sides"},"up":{"uv":[2.5,2.25,4.5,5],"rotation":90,"texture":"#mustache_sides"},"down":{"uv":[2.25,2.25,4,4.25],"rotation":270,"texture":"#mustache_sides"}}},{"name":"Element","from":[7.67453,10.0625,0.69279],"to":[9.23703,11.3125,1.94279],"rotation":{"angle":-22.5,"axis":"y","origin":[8.3125,7.3125,5.5]},"faces":{"north":{"uv":[2,1.75,4,5],"texture":"#mustache_sides"},"east":{"uv":[1.25,1.5,4.25,3.75],"texture":"#mustache_sides"},"south":{"uv":[1.25,2,4,3.75],"texture":"#mustache_sides"},"west":{"uv":[2,3,4,5.75],"texture":"#mustache_sides"},"up":{"uv":[2.5,2.25,4.5,5],"rotation":90,"texture":"#mustache_sides"},"down":{"uv":[2.25,2.25,4,4.25],"rotation":270,"texture":"#mustache_sides"}}},{"name":"Element","from":[7.375,8.8125,0.8125],"to":[8.625,10.375,2.0625],"rotation":{"angle":0,"axis":"y","origin":[8.3125,7.3125,5.5]},"faces":{"north":{"uv":[2,1.75,4,5],"texture":"#mustache_sides"},"east":{"uv":[1.25,1.5,4.25,3.75],"texture":"#mustache_sides"},"west":{"uv":[2,3,4,5.75],"texture":"#mustache_sides"}}},{"name":"Element","from":[5.8125,7.5625,0.5],"to":[10.1875,9.125,1.75],"rotation":{"angle":0,"axis":"y","origin":[8.3125,7.3125,5.5]},"faces":{"up":{"uv":[2.5,2.25,4.5,5],"rotation":90,"texture":"#mustache_sides"},"down":{"uv":[2.25,2.25,4,4.25],"rotation":270,"texture":"#mustache_sides"}}},{"name":"Element","from":[6.125,7.875,0.1875],"to":[9.875,9.125,0.5],"rotation":{"angle":0,"axis":"y","origin":[8.3125,7.3125,5.5]},"faces":{"north":{"uv":[2.5,2.25,4.5,5],"rotation":90,"texture":"#mustache_sides"},"up":{"uv":[2.5,2.25,4.5,5],"rotation":90,"texture":"#mustache_sides"}}},{"name":"Element","from":[6.125,11.02481,2.14124],"to":[9.875,11.46675,2.58499],"rotation":{"angle":-45,"axis":"x","origin":[8.3125,7.3125,5.5]},"faces":{"north":{"uv":[2,1.75,4,5],"texture":"#mustache_sides"},"east":{"uv":[1.25,1.5,4.25,3.75],"texture":"#mustache_sides"},"west":{"uv":[2,3,4,5.75],"texture":"#mustache_sides"}}},{"name":"Element","from":[12.73011,7.875,2.84835],"to":[13.17386,9.125,3.29029],"rotation":{"angle":45,"axis":"y","origin":[8.3125,7.3125,5.5]},"faces":{"east":{"uv":[1.25,1.5,4.25,3.75],"texture":"#mustache_sides"},"up":{"uv":[2.5,2.25,4.5,5],"rotation":90,"texture":"#mustache_sides"},"down":{"uv":[2.25,2.25,4,4.25],"rotation":270,"texture":"#mustache_sides"}}},{"name":"Element","from":[10.08027,7.875,0.1967],"to":[10.52221,9.125,0.64045],"rotation":{"angle":45,"axis":"y","origin":[8.3125,7.3125,5.5]},"faces":{"north":{"uv":[2,1.75,4,5],"texture":"#mustache_sides"},"up":{"uv":[2.5,2.25,4.5,5],"rotation":90,"texture":"#mustache_sides"},"down":{"uv":[2.25,2.25,4,4.25],"rotation":270,"texture":"#mustache_sides"}}},{"name":"eye","from":[6.4375,9.125,1.1125],"to":[7.375,10.0625,2.3625],"rotation":{"angle":0,"axis":"y","origin":[8.3125,7.3125,5.5]},"faces":{"north":{"uv":[0.25,0.25,8.75,8.25],"texture":"#particle"}}},{"name":"eye*","from":[8.625,9.125,1.1125],"to":[9.5625,10.0625,2.3625],"rotation":{"angle":0,"axis":"y","origin":[8.3125,7.3125,5.5]},"faces":{"north":{"uv":[8.75,0.25,0.25,8.25],"texture":"#particle"}}},{"name":"eye*","from":[9.20786,9.125,1.07174],"to":[10.08911,10.0625,1.95299],"rotation":{"angle":45,"axis":"y","origin":[8.3125,7.3125,5.5]},"faces":{"north":{"uv":[8.75,0.25,15.75,8.25],"texture":"#particle"}}},{"name":"eye*","from":[11.41756,9.125,3.28145],"to":[12.29881,10.0625,4.1627],"rotation":{"angle":45,"axis":"y","origin":[8.3125,7.3125,5.5]},"faces":{"east":{"uv":[15.75,0.25,8.75,8.25],"texture":"#particle"}}},{"name":"Element","from":[5.16386,8.5932,0.5],"to":[7.82636,10.3619,2.0625],"rotation":{"angle":45,"axis":"z","origin":[8.3125,7.3125,5.5]},"faces":{"north":{"uv":[2,1.75,4,5],"texture":"#mustache_sides"},"south":{"uv":[1.25,2,4,3.75],"texture":"#mustache_sides"},"up":{"uv":[2.5,2.25,4.5,5],"rotation":90,"texture":"#mustache_sides"},"down":{"uv":[2.25,2.25,4,4.25],"rotation":270,"texture":"#mustache_sides"}}},{"name":"Element","from":[8.35669,8.15126,0.5],"to":[11.00834,9.91996,2.0625],"rotation":{"angle":-45,"axis":"z","origin":[8.3125,7.3125,5.5]},"faces":{"north":{"uv":[2,1.75,4,5],"texture":"#mustache_sides"},"east":{"uv":[1.25,1.5,4.25,3.75],"texture":"#mustache_sides"},"south":{"uv":[1.25,2,4,3.75],"texture":"#mustache_sides"},"up":{"uv":[2.5,2.25,4.5,5],"rotation":90,"texture":"#mustache_sides"},"down":{"uv":[2.25,2.25,4,4.25],"rotation":270,"texture":"#mustache_sides"}}},{"name":"Element","from":[3.3125,5,0.5],"to":[5.1875,7.25,2.0625],"rotation":{"angle":0,"axis":"y","origin":[8.3125,7.3125,5.5]},"faces":{"north":{"uv":[2,1.75,4,5],"texture":"#mustache_sides"},"east":{"uv":[1.25,1.5,4.25,3.75],"texture":"#mustache_sides"},"south":{"uv":[1.25,2,4,3.75],"texture":"#mustache_sides"},"west":{"uv":[2,3,4,5.75],"texture":"#mustache_sides"},"up":{"uv":[2.5,2.25,4.5,5],"rotation":90,"texture":"#mustache_sides"}}},{"name":"Element","from":[10.8125,5,0.5],"to":[12.6875,7.25,2.0625],"rotation":{"angle":0,"axis":"y","origin":[8.3125,7.3125,5.5]},"faces":{"north":{"uv":[2,1.75,4,5],"texture":"#mustache_sides"},"east":{"uv":[1.25,1.5,4.25,3.75],"texture":"#mustache_sides"},"south":{"uv":[1.25,2,4,3.75],"texture":"#mustache_sides"},"west":{"uv":[2,3,4,5.75],"texture":"#mustache_sides"},"up":{"uv":[2.5,2.25,4.5,5],"rotation":90,"texture":"#mustache_sides"}}},{"name":"Element","from":[3.3125,5.67732,0.32928],"to":[5.1875,9.21285,2.47303],"rotation":{"angle":-45,"axis":"x","origin":[8.3125,7.3125,5.5]},"faces":{"north":{"uv":[2,1.75,4,5],"texture":"#mustache_sides"},"east":{"uv":[1.25,1.5,4.25,3.75],"texture":"#mustache_sides"},"south":{"uv":[1.25,2,4,3.75],"texture":"#mustache_sides"},"west":{"uv":[2,3,4,5.75],"texture":"#mustache_sides"}}},{"name":"Element","from":[10.8125,5.67732,0.32928],"to":[12.6875,9.21285,2.47303],"rotation":{"angle":-45,"axis":"x","origin":[7.6875,7.3125,5.5]},"faces":{"north":{"uv":[4,1.75,2,5],"texture":"#mustache_sides"},"east":{"uv":[4,3,2,5.75],"texture":"#mustache_sides"},"south":{"uv":[4,2,1.25,3.75],"texture":"#mustache_sides"},"west":{"uv":[4.25,1.5,1.25,3.75],"texture":"#mustache_sides"}}},{"name":"Element","from":[3.3125,2.5,3],"to":[5.1875,5.3125,4.5625],"rotation":{"angle":0,"axis":"y","origin":[8.3125,7.3125,5.5]},"faces":{"west":{"uv":[2,3,4,5.75],"texture":"#mustache_sides"},"up":{"uv":[2.5,2.25,4.5,5],"rotation":90,"texture":"#mustache_sides"},"down":{"uv":[2.25,2.25,4,4.25],"rotation":270,"texture":"#mustache_sides"}}},{"name":"Element","from":[3.3125,2.5,4.5625],"to":[5.1875,5.3125,9.875],"rotation":{"angle":0,"axis":"y","origin":[8.3125,7.3125,5.5]},"faces":{"west":{"uv":[0.125,0.125,15.875,15.25],"rotation":270,"texture":"#mustache_bottom_sides"},"up":{"uv":[0.125,0.125,9.5,15.25],"texture":"#mustache_bottom_sides"},"down":{"uv":[9.25,9.75,11,11.75],"rotation":270,"texture":"#texture"}}},{"name":"Element","from":[3.3125,5.86688,10.00781],"to":[5.1875,8.99188,12.82031],"rotation":{"angle":45,"axis":"x","origin":[8.3125,7.3125,5.5]},"faces":{"east":{"uv":[8.75,8.75,11.75,11],"texture":"#texture"},"south":{"uv":[9.5,10,12.25,11.75],"texture":"#texture"},"west":{"uv":[10,9.5,12,12.25],"texture":"#texture"},"up":{"uv":[10,8.75,12,11.5],"rotation":90,"texture":"#texture"},"down":{"uv":[9.25,9.75,11,11.75],"rotation":270,"texture":"#texture"}}},{"name":"Element","from":[10.8125,2.5,3],"to":[12.6875,5.3125,4.5625],"rotation":{"angle":0,"axis":"y","origin":[8.3125,7.3125,5.5]},"faces":{"east":{"uv":[1.25,1.5,4.25,3.75],"texture":"#mustache_sides"},"up":{"uv":[2.5,2.25,4.5,5],"rotation":90,"texture":"#mustache_sides"},"down":{"uv":[2.25,2.25,4,4.25],"rotation":270,"texture":"#mustache_sides"}}},{"name":"Element","from":[10.8125,2.5,4.5625],"to":[12.6875,5.3125,9.875],"rotation":{"angle":0,"axis":"y","origin":[8.3125,7.3125,5.5]},"faces":{"east":{"uv":[0.125,0.125,15.875,15.25],"rotation":90,"texture":"#mustache_bottom_sides"},"up":{"uv":[0.125,0.125,9.5,15.25],"texture":"#mustache_bottom_sides"},"down":{"uv":[9.25,9.75,11,11.75],"rotation":270,"texture":"#texture"}}},{"name":"Element","from":[10.8125,5.86688,10.00781],"to":[12.6875,8.99188,12.82031],"rotation":{"angle":45,"axis":"x","origin":[8.3125,7.3125,5.5]},"faces":{"east":{"uv":[8.75,8.75,11.75,11],"texture":"#texture"},"south":{"uv":[9.5,10,12.25,11.75],"texture":"#texture"},"west":{"uv":[10,9.5,12,12.25],"texture":"#texture"},"up":{"uv":[10,8.75,12,11.5],"rotation":90,"texture":"#texture"},"down":{"uv":[9.25,9.75,11,11.75],"rotation":270,"texture":"#texture"}}},{"name":"Element","from":[5.53754,9.14404,0.8125],"to":[6.78754,9.76904,2.0625],"rotation":{"angle":-22.5,"axis":"z","origin":[8.3125,7.3125,5.5]},"faces":{"north":{"uv":[2,1.75,4,5],"texture":"#mustache_sides"},"south":{"uv":[1.25,2,4,3.75],"texture":"#mustache_sides"},"down":{"uv":[2.25,2.25,4,4.25],"rotation":270,"texture":"#mustache_sides"}}},{"name":"Element","from":[9.27202,9.36788,0.8125],"to":[10.52202,9.99288,2.0625],"rotation":{"angle":22.5,"axis":"z","origin":[8.3125,7.3125,5.5]},"faces":{"north":{"uv":[2,1.75,4,5],"texture":"#mustache_sides"},"east":{"uv":[1.25,1.5,4.25,3.75],"texture":"#mustache_sides"},"south":{"uv":[1.25,2,4,3.75],"texture":"#mustache_sides"},"down":{"uv":[2.25,2.25,4,4.25],"rotation":270,"texture":"#mustache_sides"}}},{"name":"Element","from":[6.125,7.875,0.18281],"to":[9.875,9.125,0.24531],"rotation":{"angle":0,"axis":"y","origin":[8.3125,7.3125,5.50781]},"faces":{"north":{"uv":[0.25,0.25,15.75,5.5],"texture":"#snout"}}},{"name":"Element","from":[5.8125,4.75,2.375],"to":[10.1875,7.5625,11.75],"rotation":{"angle":0,"axis":"y","origin":[8.3125,7.3125,5.5]},"faces":{"east":{"uv":[10.75,2,13.75,5],"texture":"#texture"},"up":{"uv":[11,2,14,5],"rotation":90,"texture":"#texture"}}},{"name":"Element","from":[5.1875,3.75,2.375],"to":[10.8125,6.9375,11.75],"rotation":{"angle":0,"axis":"y","origin":[8.3125,7.3125,5.5]},"faces":{"north":{"uv":[11.25,1.25,14.25,4.25],"texture":"#texture"},"east":{"uv":[10.75,2,13.75,5],"texture":"#texture"},"south":{"uv":[9.5,2.75,12.5,5.75],"texture":"#texture"},"west":{"uv":[10.75,2.5,13.75,5.5],"texture":"#texture"},"up":{"uv":[11,2,14,5],"rotation":90,"texture":"#texture"}}},{"name":"Element","from":[5.1875,1.25,2.375],"to":[10.8125,3.75,11.75],"rotation":{"angle":0,"axis":"y","origin":[8.3125,7.3125,5.5]},"faces":{"north":{"uv":[2.75,10,5.75,13],"texture":"#texture"},"east":{"uv":[3.5,10.25,6.5,13.25],"texture":"#texture"},"south":{"uv":[1.75,10.25,4.75,13.25],"texture":"#texture"},"west":{"uv":[2.25,10,5.25,13],"texture":"#texture"},"down":{"uv":[2.5,10,5.5,13],"rotation":270,"texture":"#texture"}}},{"name":"Element","from":[5.8125,3.75,1.75],"to":[10.1875,6.9375,12.375],"rotation":{"angle":0,"axis":"y","origin":[8.3125,7.3125,5.5]},"faces":{"north":{"uv":[11.25,1.25,14.25,4.25],"texture":"#texture"},"east":{"uv":[10.75,2,13.75,5],"texture":"#texture"},"south":{"uv":[9.5,2.75,12.5,5.75],"texture":"#texture"},"west":{"uv":[10.75,2.5,13.75,5.5],"texture":"#texture"},"up":{"uv":[11,2,14,5],"rotation":90,"texture":"#texture"}}},{"name":"Element","from":[5.8125,1.25,1.75],"to":[10.1875,3.75,12.375],"rotation":{"angle":0,"axis":"y","origin":[8.3125,7.3125,5.5]},"faces":{"north":{"uv":[2.75,10,5.75,13],"texture":"#texture"},"east":{"uv":[3.5,10.25,6.5,13.25],"texture":"#texture"},"south":{"uv":[1.75,10.25,4.75,13.25],"texture":"#texture"},"west":{"uv":[2.25,10,5.25,13],"texture":"#texture"},"down":{"uv":[2.5,10,5.5,13],"rotation":270,"texture":"#texture"}}},{"name":"Element","from":[5.8125,7.18328,2.36221],"to":[10.1875,11.24578,5.17471],"rotation":{"angle":-45,"axis":"x","origin":[8.3125,7.3125,5.5]},"faces":{"north":{"uv":[3.5,2.5,6.5,5.5],"texture":"#texture"},"east":{"uv":[2,2.5,5,5.5],"texture":"#texture"},"south":{"uv":[1.5,3,4.5,6],"texture":"#texture"},"west":{"uv":[2.5,3.5,5.5,6.5],"texture":"#texture"}}},{"name":"Element","from":[9.46418,7.9338,2.375],"to":[10.34543,8.81505,11.75],"rotation":{"angle":-45,"axis":"z","origin":[8.3125,7.3125,5.5]},"faces":{"north":{"uv":[11.25,1.25,14.25,4.25],"texture":"#texture"},"south":{"uv":[9.5,2.75,12.5,5.75],"texture":"#texture"},"west":{"uv":[10.75,2.5,13.75,5.5],"texture":"#texture"},"up":{"uv":[11,2,14,5],"rotation":90,"texture":"#texture"}}},{"name":"Element","from":[5.84026,8.37584,2.375],"to":[6.72151,9.25709,11.75],"rotation":{"angle":45,"axis":"z","origin":[8.3125,7.3125,5.5]},"faces":{"north":{"uv":[11.25,1.25,14.25,4.25],"texture":"#texture"},"east":{"uv":[10.75,2,13.75,5],"texture":"#texture"},"south":{"uv":[9.5,2.75,12.5,5.75],"texture":"#texture"},"west":{"uv":[10.75,2.5,13.75,5.5],"texture":"#texture"},"up":{"uv":[11,2,14,5],"rotation":90,"texture":"#texture"}}},{"name":"Element","from":[5.8125,11.02749,9.74264],"to":[10.1875,11.90874,10.62389],"rotation":{"angle":45,"axis":"x","origin":[8.3125,7.3125,5.5]},"faces":{"north":{"uv":[11.25,1.25,14.25,4.25],"texture":"#texture"},"east":{"uv":[10.75,2,13.75,5],"texture":"#texture"},"south":{"uv":[9.5,2.75,12.5,5.75],"texture":"#texture"},"west":{"uv":[10.75,2.5,13.75,5.5],"texture":"#texture"},"up":{"uv":[11,2,14,5],"rotation":90,"texture":"#texture"}}},{"name":"Element","from":[10.52484,3.75,11.24524],"to":[11.40609,6.9375,12.12649],"rotation":{"angle":-45,"axis":"y","origin":[8.3125,7.3125,5.5]},"faces":{"south":{"uv":[9.5,2.75,12.5,5.75],"texture":"#texture"},"up":{"uv":[11,2,14,5],"rotation":90,"texture":"#texture"}}},{"name":"Element","from":[13.61843,3.75,8.15165],"to":[14.49968,6.9375,9.0329],"rotation":{"angle":-45,"axis":"y","origin":[8.3125,7.3125,5.5]},"faces":{"east":{"uv":[10.75,2,13.75,5],"texture":"#texture"},"south":{"uv":[9.5,2.75,12.5,5.75],"texture":"#texture"},"up":{"uv":[11,2,14,5],"rotation":90,"texture":"#texture"}}},{"name":"Element","from":[13.61843,1.25,8.15165],"to":[14.49968,3.75,9.0329],"rotation":{"angle":-45,"axis":"y","origin":[8.3125,7.3125,5.5]},"faces":{"east":{"uv":[3.5,10.25,6.5,13.25],"texture":"#texture"},"south":{"uv":[1.75,10.25,4.75,13.25],"texture":"#texture"},"down":{"uv":[2.5,10,5.5,13],"rotation":270,"texture":"#texture"}}},{"name":"Element","from":[10.52484,1.25,11.24524],"to":[11.40609,3.75,12.12649],"rotation":{"angle":-45,"axis":"y","origin":[8.3125,7.3125,5.5]},"faces":{"south":{"uv":[1.75,10.25,4.75,13.25],"texture":"#texture"},"down":{"uv":[2.5,10,5.5,13],"rotation":270,"texture":"#texture"}}},{"name":"Element","from":[8.31513,3.75,1.08058],"to":[9.19638,6.9375,1.96183],"rotation":{"angle":45,"axis":"y","origin":[8.3125,7.3125,5.5]},"faces":{"north":{"uv":[11.25,1.25,14.25,4.25],"texture":"#texture"},"west":{"uv":[10.75,2.5,13.75,5.5],"texture":"#texture"},"up":{"uv":[11,2,14,5],"rotation":90,"texture":"#texture"}}},{"name":"Element","from":[11.40873,1.25,4.17417],"to":[12.28998,3.75,5.05542],"rotation":{"angle":45,"axis":"y","origin":[8.3125,7.3125,5.5]},"faces":{"east":{"uv":[3.5,10.25,6.5,13.25],"texture":"#texture"},"south":{"uv":[1.75,10.25,4.75,13.25],"texture":"#texture"},"down":{"uv":[2.5,10,5.5,13],"rotation":270,"texture":"#texture"}}},{"name":"Element","from":[8.31513,1.25,1.08058],"to":[9.19638,3.75,1.96183],"rotation":{"angle":45,"axis":"y","origin":[8.3125,7.3125,5.5]},"faces":{"north":{"uv":[2.75,10,5.75,13],"texture":"#texture"},"west":{"uv":[2.25,10,5.25,13],"texture":"#texture"},"down":{"uv":[2.5,10,5.5,13],"rotation":270,"texture":"#texture"}}},{"name":"Element","from":[11.40873,3.75,4.17417],"to":[12.28998,6.9375,5.05542],"rotation":{"angle":45,"axis":"y","origin":[8.3125,7.3125,5.5]},"faces":{"east":{"uv":[10.75,2,13.75,5],"texture":"#texture"},"south":{"uv":[9.5,2.75,12.5,5.75],"texture":"#texture"},"up":{"uv":[11,2,14,5],"rotation":90,"texture":"#texture"}}},{"name":"leg_right","from":[10.20312,0,1.4375],"to":[10.75,0.9375,3.3125],"rotation":{"angle":0,"axis":"y","origin":[8.3125,7.3125,5.5]},"faces":{"north":{"uv":[3.5,2.5,6.5,5.5],"texture":"#texture"},"east":{"uv":[2,2.5,5,5.5],"texture":"#texture"},"south":{"uv":[1.5,3,4.5,6],"texture":"#texture"},"west":{"uv":[2.5,3.5,5.5,6.5],"texture":"#texture"},"up":{"uv":[2,2.5,5,5.5],"rotation":90,"texture":"#texture"},"down":{"uv":[3.5,2,6.5,5],"rotation":270,"texture":"#texture"}}},{"name":"leg_right","from":[8.875,-0.14789,5.15155],"to":[10.75,1.62086,6.0328],"rotation":{"angle":22.5,"axis":"x","origin":[8.3125,7.3125,5.5]},"faces":{"north":{"uv":[3.5,2.5,6.5,5.5],"texture":"#texture"},"east":{"uv":[2,2.5,5,5.5],"texture":"#texture"},"south":{"uv":[1.5,3,4.5,6],"texture":"#texture"},"west":{"uv":[2.5,3.5,5.5,6.5],"texture":"#texture"},"down":{"uv":[3.5,2,6.5,5],"rotation":270,"texture":"#texture"}}},{"name":"leg_right","from":[8.87502,0,1.4375],"to":[9.4219,0.9375,3.3125],"rotation":{"angle":0,"axis":"y","origin":[8.3125,7.3125,5.5]},"faces":{"north":{"uv":[3.5,2.5,6.5,5.5],"texture":"#texture"},"east":{"uv":[2,2.5,5,5.5],"texture":"#texture"},"south":{"uv":[1.5,3,4.5,6],"texture":"#texture"},"west":{"uv":[2.5,3.5,5.5,6.5],"texture":"#texture"},"up":{"uv":[2,2.5,5,5.5],"rotation":90,"texture":"#texture"},"down":{"uv":[3.5,2,6.5,5],"rotation":270,"texture":"#texture"}}},{"name":"leg_right","from":[9.5,0,1.4375],"to":[10.125,0.9375,3.3125],"rotation":{"angle":0,"axis":"y","origin":[8.3125,7.3125,5.5]},"faces":{"north":{"uv":[3.5,2.5,6.5,5.5],"texture":"#texture"},"east":{"uv":[2,2.5,5,5.5],"texture":"#texture"},"south":{"uv":[1.5,3,4.5,6],"texture":"#texture"},"west":{"uv":[2.5,3.5,5.5,6.5],"texture":"#texture"},"up":{"uv":[2,2.5,5,5.5],"rotation":90,"texture":"#texture"},"down":{"uv":[3.5,2,6.5,5],"rotation":270,"texture":"#texture"}}},{"name":"leg_right","from":[9.1875,0,1.75],"to":[10.4375,0.625,3.3125],"rotation":{"angle":0,"axis":"y","origin":[8.3125,7.3125,5.5]},"faces":{"north":{"uv":[3.5,2.5,6.5,5.5],"texture":"#texture"},"south":{"uv":[1.5,3,4.5,6],"texture":"#texture"},"up":{"uv":[2,2.5,5,5.5],"rotation":90,"texture":"#texture"},"down":{"uv":[3.5,2,6.5,5],"rotation":270,"texture":"#texture"}}},{"name":"leg_right","from":[10.20312,0,0.8125],"to":[10.75,0.625,1.4375],"rotation":{"angle":0,"axis":"y","origin":[8.3125,7.3125,5.5]},"faces":{"north":{"uv":[11.75,5,14,7],"texture":"#particle"},"east":{"uv":[11.25,4.25,12.75,6],"texture":"#particle"},"west":{"uv":[11.5,4.5,13.75,6.5],"texture":"#particle"},"up":{"uv":[11.25,4.5,13.5,6.75],"rotation":90,"texture":"#particle"},"down":{"uv":[12,4.5,13.5,6.5],"rotation":270,"texture":"#particle"}}},{"name":"leg_right","from":[8.87502,0,0.8125],"to":[9.4219,0.625,1.4375],"rotation":{"angle":0,"axis":"y","origin":[8.3125,7.3125,5.5]},"faces":{"north":{"uv":[11.75,5,14,7],"texture":"#particle"},"east":{"uv":[11.25,4.25,12.75,6],"texture":"#particle"},"west":{"uv":[11.5,4.5,13.75,6.5],"texture":"#particle"},"up":{"uv":[11.25,4.5,13.5,6.75],"rotation":90,"texture":"#particle"},"down":{"uv":[12,4.5,13.5,6.5],"rotation":270,"texture":"#particle"}}},{"name":"leg_right","from":[9.5,0,0.8125],"to":[10.125,0.625,1.4375],"rotation":{"angle":0,"axis":"y","origin":[8.3125,7.3125,5.5]},"faces":{"north":{"uv":[11.75,5,14,7],"texture":"#particle"},"east":{"uv":[11.25,4.25,12.75,6],"texture":"#particle"},"west":{"uv":[11.5,4.5,13.75,6.5],"texture":"#particle"},"up":{"uv":[11.25,4.5,13.5,6.75],"rotation":90,"texture":"#particle"},"down":{"uv":[12,4.5,13.5,6.5],"rotation":270,"texture":"#particle"}}},{"name":"leg_left","from":[6.57812,0,1.4375],"to":[7.125,0.9375,3.3125],"rotation":{"angle":0,"axis":"y","origin":[8.3125,7.3125,5.5]},"faces":{"north":{"uv":[3.5,2.5,6.5,5.5],"texture":"#texture"},"east":{"uv":[2,2.5,5,5.5],"texture":"#texture"},"south":{"uv":[1.5,3,4.5,6],"texture":"#texture"},"west":{"uv":[2.5,3.5,5.5,6.5],"texture":"#texture"},"up":{"uv":[2,2.5,5,5.5],"rotation":90,"texture":"#texture"},"down":{"uv":[3.5,2,6.5,5],"rotation":270,"texture":"#texture"}}},{"name":"leg_left","from":[5.25,-0.14789,5.15155],"to":[7.125,1.62086,6.0328],"rotation":{"angle":22.5,"axis":"x","origin":[8.3125,7.3125,5.5]},"faces":{"north":{"uv":[3.5,2.5,6.5,5.5],"texture":"#texture"},"east":{"uv":[2,2.5,5,5.5],"texture":"#texture"},"south":{"uv":[1.5,3,4.5,6],"texture":"#texture"},"west":{"uv":[2.5,3.5,5.5,6.5],"texture":"#texture"},"down":{"uv":[3.5,2,6.5,5],"rotation":270,"texture":"#texture"}}},{"name":"leg_left","from":[5.25002,0,1.4375],"to":[5.7969,0.9375,3.3125],"rotation":{"angle":0,"axis":"y","origin":[8.3125,7.3125,5.5]},"faces":{"north":{"uv":[3.5,2.5,6.5,5.5],"texture":"#texture"},"east":{"uv":[2,2.5,5,5.5],"texture":"#texture"},"south":{"uv":[1.5,3,4.5,6],"texture":"#texture"},"west":{"uv":[2.5,3.5,5.5,6.5],"texture":"#texture"},"up":{"uv":[2,2.5,5,5.5],"rotation":90,"texture":"#texture"},"down":{"uv":[3.5,2,6.5,5],"rotation":270,"texture":"#texture"}}},{"name":"leg_left","from":[5.875,0,1.4375],"to":[6.5,0.9375,3.3125],"rotation":{"angle":0,"axis":"y","origin":[8.3125,7.3125,5.5]},"faces":{"north":{"uv":[3.5,2.5,6.5,5.5],"texture":"#texture"},"east":{"uv":[2,2.5,5,5.5],"texture":"#texture"},"south":{"uv":[1.5,3,4.5,6],"texture":"#texture"},"west":{"uv":[2.5,3.5,5.5,6.5],"texture":"#texture"},"up":{"uv":[2,2.5,5,5.5],"rotation":90,"texture":"#texture"},"down":{"uv":[3.5,2,6.5,5],"rotation":270,"texture":"#texture"}}},{"name":"leg_left","from":[5.5625,0,1.75],"to":[6.8125,0.625,3.3125],"rotation":{"angle":0,"axis":"y","origin":[8.3125,7.3125,5.5]},"faces":{"north":{"uv":[3.5,2.5,6.5,5.5],"texture":"#texture"},"south":{"uv":[1.5,3,4.5,6],"texture":"#texture"},"up":{"uv":[2,2.5,5,5.5],"rotation":90,"texture":"#texture"},"down":{"uv":[3.5,2,6.5,5],"rotation":270,"texture":"#texture"}}},{"name":"leg_left","from":[6.57812,0,0.8125],"to":[7.125,0.625,1.4375],"rotation":{"angle":0,"axis":"y","origin":[8.3125,7.3125,5.5]},"faces":{"north":{"uv":[11.75,5,14,7],"texture":"#particle"},"east":{"uv":[11.25,4.25,12.75,6],"texture":"#particle"},"west":{"uv":[11.5,4.5,13.75,6.5],"texture":"#particle"},"up":{"uv":[11.25,4.5,13.5,6.75],"rotation":90,"texture":"#particle"},"down":{"uv":[12,4.5,13.5,6.5],"rotation":270,"texture":"#particle"}}},{"name":"leg_left","from":[5.25002,0,0.8125],"to":[5.7969,0.625,1.4375],"rotation":{"angle":0,"axis":"y","origin":[8.3125,7.3125,5.5]},"faces":{"north":{"uv":[11.75,5,14,7],"texture":"#particle"},"east":{"uv":[11.25,4.25,12.75,6],"texture":"#particle"},"west":{"uv":[11.5,4.5,13.75,6.5],"texture":"#particle"},"up":{"uv":[11.25,4.5,13.5,6.75],"rotation":90,"texture":"#particle"},"down":{"uv":[12,4.5,13.5,6.5],"rotation":270,"texture":"#particle"}}},{"name":"leg_left","from":[5.875,0,0.8125],"to":[6.5,0.625,1.4375],"rotation":{"angle":0,"axis":"y","origin":[8.3125,7.3125,5.5]},"faces":{"north":{"uv":[11.75,5,14,7],"texture":"#particle"},"east":{"uv":[11.25,4.25,12.75,6],"texture":"#particle"},"west":{"uv":[11.5,4.5,13.75,6.5],"texture":"#particle"},"up":{"uv":[11.25,4.5,13.5,6.75],"rotation":90,"texture":"#particle"},"down":{"uv":[12,4.5,13.5,6.5],"rotation":270,"texture":"#particle"}}},{"name":"leg_right*","from":[10.20312,0,8.9375],"to":[10.75,0.9375,10.8125],"rotation":{"angle":0,"axis":"y","origin":[8.3125,7.3125,5.5]},"faces":{"north":{"uv":[3.5,2.5,6.5,5.5],"texture":"#texture"},"east":{"uv":[2,2.5,5,5.5],"texture":"#texture"},"south":{"uv":[1.5,3,4.5,6],"texture":"#texture"},"west":{"uv":[2.5,3.5,5.5,6.5],"texture":"#texture"},"up":{"uv":[2,2.5,5,5.5],"rotation":90,"texture":"#texture"},"down":{"uv":[3.5,2,6.5,5],"rotation":270,"texture":"#texture"}}},{"name":"leg_right*","from":[8.875,2.72223,12.08065],"to":[10.75,4.49098,12.9619],"rotation":{"angle":22.5,"axis":"x","origin":[8.3125,7.3125,5.5]},"faces":{"north":{"uv":[3.5,2.5,6.5,5.5],"texture":"#texture"},"east":{"uv":[2,2.5,5,5.5],"texture":"#texture"},"south":{"uv":[1.5,3,4.5,6],"texture":"#texture"},"west":{"uv":[2.5,3.5,5.5,6.5],"texture":"#texture"},"down":{"uv":[3.5,2,6.5,5],"rotation":270,"texture":"#texture"}}},{"name":"leg_right*","from":[8.87502,0,8.9375],"to":[9.4219,0.9375,10.8125],"rotation":{"angle":0,"axis":"y","origin":[8.3125,7.3125,5.5]},"faces":{"north":{"uv":[3.5,2.5,6.5,5.5],"texture":"#texture"},"east":{"uv":[2,2.5,5,5.5],"texture":"#texture"},"south":{"uv":[1.5,3,4.5,6],"texture":"#texture"},"west":{"uv":[2.5,3.5,5.5,6.5],"texture":"#texture"},"up":{"uv":[2,2.5,5,5.5],"rotation":90,"texture":"#texture"},"down":{"uv":[3.5,2,6.5,5],"rotation":270,"texture":"#texture"}}},{"name":"leg_right*","from":[9.5,0,8.9375],"to":[10.125,0.9375,10.8125],"rotation":{"angle":0,"axis":"y","origin":[8.3125,7.3125,5.5]},"faces":{"north":{"uv":[3.5,2.5,6.5,5.5],"texture":"#texture"},"east":{"uv":[2,2.5,5,5.5],"texture":"#texture"},"south":{"uv":[1.5,3,4.5,6],"texture":"#texture"},"west":{"uv":[2.5,3.5,5.5,6.5],"texture":"#texture"},"up":{"uv":[2,2.5,5,5.5],"rotation":90,"texture":"#texture"},"down":{"uv":[3.5,2,6.5,5],"rotation":270,"texture":"#texture"}}},{"name":"leg_right*","from":[9.1875,0,9.25],"to":[10.4375,0.625,10.8125],"rotation":{"angle":0,"axis":"y","origin":[8.3125,7.3125,5.5]},"faces":{"north":{"uv":[3.5,2.5,6.5,5.5],"texture":"#texture"},"south":{"uv":[1.5,3,4.5,6],"texture":"#texture"},"up":{"uv":[2,2.5,5,5.5],"rotation":90,"texture":"#texture"},"down":{"uv":[3.5,2,6.5,5],"rotation":270,"texture":"#texture"}}},{"name":"leg_right*","from":[10.20312,0,8.3125],"to":[10.75,0.625,8.9375],"rotation":{"angle":0,"axis":"y","origin":[8.3125,7.3125,5.5]},"faces":{"north":{"uv":[11.75,5,14,7],"texture":"#particle"},"east":{"uv":[11.25,4.25,12.75,6],"texture":"#particle"},"west":{"uv":[11.5,4.5,13.75,6.5],"texture":"#particle"},"up":{"uv":[11.25,4.5,13.5,6.75],"rotation":90,"texture":"#particle"},"down":{"uv":[12,4.5,13.5,6.5],"rotation":270,"texture":"#particle"}}},{"name":"leg_right*","from":[8.87502,0,8.3125],"to":[9.4219,0.625,8.9375],"rotation":{"angle":0,"axis":"y","origin":[8.3125,7.3125,5.5]},"faces":{"north":{"uv":[11.75,5,14,7],"texture":"#particle"},"east":{"uv":[11.25,4.25,12.75,6],"texture":"#particle"},"west":{"uv":[11.5,4.5,13.75,6.5],"texture":"#particle"},"up":{"uv":[11.25,4.5,13.5,6.75],"rotation":90,"texture":"#particle"},"down":{"uv":[12,4.5,13.5,6.5],"rotation":270,"texture":"#particle"}}},{"name":"leg_right*","from":[9.5,0,8.3125],"to":[10.125,0.625,8.9375],"rotation":{"angle":0,"axis":"y","origin":[8.3125,7.3125,5.5]},"faces":{"north":{"uv":[11.75,5,14,7],"texture":"#particle"},"east":{"uv":[11.25,4.25,12.75,6],"texture":"#particle"},"west":{"uv":[11.5,4.5,13.75,6.5],"texture":"#particle"},"up":{"uv":[11.25,4.5,13.5,6.75],"rotation":90,"texture":"#particle"},"down":{"uv":[12,4.5,13.5,6.5],"rotation":270,"texture":"#particle"}}},{"name":"leg_left*","from":[6.57812,0,8.9375],"to":[7.125,0.9375,10.8125],"rotation":{"angle":0,"axis":"y","origin":[8.3125,7.3125,5.5]},"faces":{"north":{"uv":[3.5,2.5,6.5,5.5],"texture":"#texture"},"east":{"uv":[2,2.5,5,5.5],"texture":"#texture"},"south":{"uv":[1.5,3,4.5,6],"texture":"#texture"},"west":{"uv":[2.5,3.5,5.5,6.5],"texture":"#texture"},"up":{"uv":[2,2.5,5,5.5],"rotation":90,"texture":"#texture"},"down":{"uv":[3.5,2,6.5,5],"rotation":270,"texture":"#texture"}}},{"name":"leg_left*","from":[5.25,2.72223,12.08065],"to":[7.125,4.49098,12.9619],"rotation":{"angle":22.5,"axis":"x","origin":[8.3125,7.3125,5.5]},"faces":{"north":{"uv":[3.5,2.5,6.5,5.5],"texture":"#texture"},"east":{"uv":[2,2.5,5,5.5],"texture":"#texture"},"south":{"uv":[1.5,3,4.5,6],"texture":"#texture"},"west":{"uv":[2.5,3.5,5.5,6.5],"texture":"#texture"},"down":{"uv":[3.5,2,6.5,5],"rotation":270,"texture":"#texture"}}},{"name":"leg_left*","from":[5.25002,0,8.9375],"to":[5.7969,0.9375,10.8125],"rotation":{"angle":0,"axis":"y","origin":[8.3125,7.3125,5.5]},"faces":{"north":{"uv":[3.5,2.5,6.5,5.5],"texture":"#texture"},"east":{"uv":[2,2.5,5,5.5],"texture":"#texture"},"south":{"uv":[1.5,3,4.5,6],"texture":"#texture"},"west":{"uv":[2.5,3.5,5.5,6.5],"texture":"#texture"},"up":{"uv":[2,2.5,5,5.5],"rotation":90,"texture":"#texture"},"down":{"uv":[3.5,2,6.5,5],"rotation":270,"texture":"#texture"}}},{"name":"leg_left*","from":[5.875,0,8.9375],"to":[6.5,0.9375,10.8125],"rotation":{"angle":0,"axis":"y","origin":[8.3125,7.3125,5.5]},"faces":{"north":{"uv":[3.5,2.5,6.5,5.5],"texture":"#texture"},"east":{"uv":[2,2.5,5,5.5],"texture":"#texture"},"south":{"uv":[1.5,3,4.5,6],"texture":"#texture"},"west":{"uv":[2.5,3.5,5.5,6.5],"texture":"#texture"},"up":{"uv":[2,2.5,5,5.5],"rotation":90,"texture":"#texture"},"down":{"uv":[3.5,2,6.5,5],"rotation":270,"texture":"#texture"}}},{"name":"leg_left*","from":[5.5625,0,9.25],"to":[6.8125,0.625,10.8125],"rotation":{"angle":0,"axis":"y","origin":[8.3125,7.3125,5.5]},"faces":{"north":{"uv":[3.5,2.5,6.5,5.5],"texture":"#texture"},"south":{"uv":[1.5,3,4.5,6],"texture":"#texture"},"up":{"uv":[2,2.5,5,5.5],"rotation":90,"texture":"#texture"},"down":{"uv":[3.5,2,6.5,5],"rotation":270,"texture":"#texture"}}},{"name":"leg_left*","from":[6.57812,0,8.3125],"to":[7.125,0.625,8.9375],"rotation":{"angle":0,"axis":"y","origin":[8.3125,7.3125,5.5]},"faces":{"north":{"uv":[11.75,5,14,7],"texture":"#particle"},"east":{"uv":[11.25,4.25,12.75,6],"texture":"#particle"},"west":{"uv":[11.5,4.5,13.75,6.5],"texture":"#particle"},"up":{"uv":[11.25,4.5,13.5,6.75],"rotation":90,"texture":"#particle"},"down":{"uv":[12,4.5,13.5,6.5],"rotation":270,"texture":"#particle"}}},{"name":"leg_left*","from":[5.25002,0,8.3125],"to":[5.7969,0.625,8.9375],"rotation":{"angle":0,"axis":"y","origin":[8.3125,7.3125,5.5]},"faces":{"north":{"uv":[11.75,5,14,7],"texture":"#particle"},"east":{"uv":[11.25,4.25,12.75,6],"texture":"#particle"},"west":{"uv":[11.5,4.5,13.75,6.5],"texture":"#particle"},"up":{"uv":[11.25,4.5,13.5,6.75],"rotation":90,"texture":"#particle"},"down":{"uv":[12,4.5,13.5,6.5],"rotation":270,"texture":"#particle"}}},{"name":"leg_left*","from":[5.875,0,8.3125],"to":[6.5,0.625,8.9375],"rotation":{"angle":0,"axis":"y","origin":[8.3125,7.3125,5.5]},"faces":{"north":{"uv":[11.75,5,14,7],"texture":"#particle"},"east":{"uv":[11.25,4.25,12.75,6],"texture":"#particle"},"west":{"uv":[11.5,4.5,13.75,6.5],"texture":"#particle"},"up":{"uv":[11.25,4.5,13.5,6.75],"rotation":90,"texture":"#particle"},"down":{"uv":[12,4.5,13.5,6.5],"rotation":270,"texture":"#particle"}}},{"name":"Element","from":[8,6.3125,0.5],"to":[10.1875,7.875,0.501],"rotation":{"angle":0,"axis":"y","origin":[8.3125,7.3125,5.5]},"faces":{"north":{"uv":[0.25,0.25,13.5,11],"texture":"#mustache_sides"},"south":{"uv":[13.5,0.25,0.25,11],"texture":"#mustache_sides"}}},{"name":"Element","from":[5.8125,6.3125,0.5],"to":[8,7.875,0.501],"rotation":{"angle":0,"axis":"y","origin":[8.3125,7.3125,5.5]},"faces":{"north":{"uv":[13.5,0.25,0.25,11],"texture":"#mustache_sides"},"south":{"uv":[0.25,0.25,13.5,11],"texture":"#mustache_sides"}}},{"name":"Element","from":[5.5,4.61727,2.29855],"to":[10.5,5.24227,2.29955],"rotation":{"angle":22.5,"axis":"x","origin":[8.3125,7.3125,5.5]},"faces":{"north":{"uv":[0.125,0.125,14.75,6.375],"texture":"#fur_head"},"south":{"uv":[14.75,0.125,0.125,6.375],"texture":"#fur_head"}}},{"name":"Element","from":[5.1875,2.42371,2.89649],"to":[10.8125,5.29871,2.89749],"rotation":{"angle":22.5,"axis":"x","origin":[8.3125,7.8125,5.5]},"faces":{"north":{"uv":[0.125,0.125,14.75,10],"texture":"#fur_front"},"south":{"uv":[14.75,0.125,0.125,10],"texture":"#fur_front"}}},{"name":"Element","from":[5.4375,-0.68404,6.69324],"to":[10.5625,1.31596,6.69424],"rotation":{"angle":45,"axis":"x","origin":[8.5625,7.1875,5.5]},"faces":{"north":{"uv":[0.125,0.125,14.75,10],"texture":"#fur_side_bottom"},"south":{"uv":[14.75,0.125,0.125,10],"texture":"#fur_side_bottom"}}},{"name":"Element","from":[9.75905,-0.39611,2.375],"to":[9.76005,1.47889,10.3125],"rotation":{"angle":-45,"axis":"z","origin":[8.3125,7.3125,5.5]},"faces":{"east":{"uv":[0.125,3.75,14.75,10],"texture":"#fur_side_bottom"},"west":{"uv":[14.75,3.75,0.125,10],"texture":"#fur_side_bottom"}}},{"name":"Element","from":[6.23995,-0.39611,2.375],"to":[6.24095,1.47889,10.3125],"rotation":{"angle":45,"axis":"z","origin":[7.6875,7.3125,5.5]},"faces":{"east":{"uv":[0.125,3.75,14.75,10],"texture":"#fur_side_bottom"},"west":{"uv":[14.75,3.75,0.125,10],"texture":"#fur_side_bottom"}}},{"name":"Element","from":[5.4375,0.15245,10.58323],"to":[10.5625,2.77745,10.58423],"rotation":{"angle":-22.5,"axis":"x","origin":[8.3125,7.3125,5.5]},"faces":{"north":{"uv":[0.125,0.125,14.75,10],"texture":"#fur_front"},"south":{"uv":[14.75,0.125,0.125,10],"texture":"#fur_front"}}},{"name":"Element","from":[5.4375,-4.97255,10.20823],"to":[10.5625,-2.84755,10.20923],"rotation":{"angle":-45,"axis":"x","origin":[8.3125,1.6875,5.125]},"faces":{"north":{"uv":[14.75,0.125,0.125,10],"texture":"#fur_side_bottom"},"south":{"uv":[0.125,0.125,14.75,10],"texture":"#fur_side_bottom"}}},{"name":"Element","from":[6.47541,10.0625,0.41767],"to":[8.97541,11.9375,0.4958],"rotation":{"angle":45,"axis":"y","origin":[8.3125,7.3125,5.5]},"faces":{"north":{"uv":[0.25,0.25,15.75,14.5],"texture":"#face"},"east":{"uv":[0.25,0.5,2.75,2],"texture":"#face"},"south":{"uv":[15.75,0.25,0.25,14.5],"texture":"#face"},"west":{"uv":[0.5,0.25,2.75,1.75],"texture":"#face"},"up":{"uv":[0.5,0.5,3,2.25],"rotation":90,"texture":"#face"},"down":{"uv":[0.75,0.75,2.75,2],"rotation":270,"texture":"#face"}}},{"name":"Element","from":[7.02782,10.0625,0.85959],"to":[9.52782,11.9375,0.93772],"rotation":{"angle":-45,"axis":"y","origin":[8.3125,7.3125,5.5]},"faces":{"north":{"uv":[15.75,0.25,0.25,14.5],"texture":"#face"},"east":{"uv":[0.25,0.5,2.75,2],"texture":"#face"},"south":{"uv":[0.25,0.25,15.75,14.5],"texture":"#face"},"west":{"uv":[0.5,0.25,2.75,1.75],"texture":"#face"},"up":{"uv":[0.5,0.5,3,2.25],"rotation":90,"texture":"#face"},"down":{"uv":[0.75,0.75,2.75,2],"rotation":270,"texture":"#face"}}},{"name":"Element","from":[5.51725,10.375,2.25411],"to":[8.64225,15.375,2.25511],"rotation":{"angle":22.5,"axis":"y","origin":[8.3125,7.3125,5.5]},"faces":{"north":{"uv":[0.25,0.25,11,16],"texture":"#ear_inner"},"south":{"uv":[11,0.25,0.25,16],"texture":"#ear_outer"}}},{"name":"Element","from":[5.8125,7.62965,3.866],"to":[10.1875,7.63065,5.4285],"rotation":{"angle":22.5,"axis":"x","origin":[8.3125,7.4375,5.5]},"faces":{"up":{"uv":[0.125,0.125,14.75,6.375],"texture":"#fur_head"},"down":{"uv":[14.75,0.125,0.125,6.375],"rotation":180,"texture":"#fur_head"}}},{"name":"Element","from":[5.1598,8.96961,1.75],"to":[6.4098,8.97061,4.25],"rotation":{"angle":22.5,"axis":"z","origin":[8.3125,7.3125,5.5]},"faces":{"up":{"uv":[0.125,0.125,14.75,6.375],"rotation":90,"texture":"#fur_head"},"down":{"uv":[14.75,0.125,0.125,6.375],"rotation":90,"texture":"#fur_head"}}},{"name":"Element","from":[9.64985,8.74577,1.75],"to":[10.89985,8.74677,4.25],"rotation":{"angle":-22.5,"axis":"z","origin":[8.3125,7.3125,5.5]},"faces":{"up":{"uv":[0.125,0.125,14.75,6.375],"rotation":270,"texture":"#fur_head"},"down":{"uv":[14.75,0.125,0.125,6.375],"rotation":270,"texture":"#fur_head"}}},{"name":"Element","from":[7.39935,10.375,2.46979],"to":[10.52435,15.375,2.47079],"rotation":{"angle":-22.5,"axis":"y","origin":[8.3125,7.3125,5.5]},"faces":{"north":{"uv":[11,0.25,0.25,16],"texture":"#ear_inner"},"south":{"uv":[0.25,0.25,11,16],"texture":"#ear_outer"}}},{"name":"Element","from":[7.375,9.16817,10.15181],"to":[8.625,13.23067,11.92056],"rotation":{"angle":22.5,"axis":"x","origin":[8.3125,7.3125,5.5]},"faces":{"north":{"uv":[11.25,1.25,14.25,4.25],"texture":"#texture"},"east":{"uv":[10.75,2,13.75,5],"texture":"#texture"},"south":{"uv":[9.5,2.75,12.5,5.75],"texture":"#texture"},"west":{"uv":[10.75,2.5,13.75,5.5],"texture":"#texture"},"up":{"uv":[11,2,14,5],"rotation":90,"texture":"#texture"}}},{"name":"Element","from":[7.6875,1.69042,9.65425],"to":[8.3125,2.62792,12.15425],"rotation":{"angle":-45,"axis":"x","origin":[8.3125,7.3125,5.5]},"faces":{"north":{"uv":[11.25,1.25,14.25,4.25],"texture":"#texture"},"east":{"uv":[10.75,2,13.75,5],"texture":"#texture"},"south":{"uv":[9.5,2.75,12.5,5.75],"texture":"#texture"},"west":{"uv":[10.75,2.5,13.75,5.5],"texture":"#texture"},"up":{"uv":[11,2,14,5],"rotation":90,"texture":"#texture"},"down":{"uv":[10.75,2.25,13.75,5.25],"rotation":270,"texture":"#texture"}}},{"name":"Element","from":[7.375,6.95795,12.9741],"to":[8.625,8.20795,14.2241],"rotation":{"angle":-22.5,"axis":"x","origin":[8.3125,7.3125,5.5]},"faces":{"east":{"uv":[10.75,2,13.75,5],"texture":"#texture"},"south":{"uv":[9.5,2.75,12.5,5.75],"texture":"#texture"},"west":{"uv":[10.75,2.5,13.75,5.5],"texture":"#texture"},"up":{"uv":[11,2,14,5],"rotation":90,"texture":"#texture"}}},{"name":"Element","from":[3.3125,5.68419,0.32044],"to":[5.1875,9.22169,0.57044],"rotation":{"angle":-45,"axis":"x","origin":[8.3125,7.3125,5.5]},"faces":{"north":{"uv":[0.125,0.125,9.75,14.875],"texture":"#mustache_detail_front"}}},{"name":"Element","from":[10.8125,5.68419,0.32044],"to":[12.6875,9.22169,0.57044],"rotation":{"angle":-45,"axis":"x","origin":[7.6875,7.3125,5.5]},"faces":{"north":{"uv":[9.75,0.125,0.125,14.875],"texture":"#mustache_detail_front"}}},{"name":"Element","from":[3.625,5.11668,11.77142],"to":[4.875,6.05418,14.27142],"rotation":{"angle":22.5,"axis":"x","origin":[8.3125,7.3125,5.5]},"faces":{"east":{"uv":[8.75,8.75,11.75,11],"texture":"#texture"},"south":{"uv":[9.5,10,12.25,11.75],"texture":"#texture"},"west":{"uv":[10,9.5,12,12.25],"texture":"#texture"},"up":{"uv":[10,8.75,12,11.5],"rotation":90,"texture":"#texture"},"down":{"uv":[9.25,9.75,11,11.75],"rotation":270,"texture":"#texture"}}},{"name":"Element","from":[3.7812,7.1705,11.77557],"to":[4.7187,8.108,14.27557],"rotation":{"angle":45,"axis":"x","origin":[8.3125,7.3125,5.5]},"faces":{"east":{"uv":[8.75,8.75,11.75,11],"texture":"#texture"},"south":{"uv":[9.5,10,12.25,11.75],"texture":"#texture"},"west":{"uv":[10,9.5,12,12.25],"texture":"#texture"},"up":{"uv":[10,8.75,12,11.5],"rotation":90,"texture":"#texture"},"down":{"uv":[9.25,9.75,11,11.75],"rotation":270,"texture":"#texture"}}},{"name":"Element","from":[3.9375,-0.75623,7.12288],"to":[4.5625,1.43127,8.06038],"rotation":{"angle":-22.5,"axis":"x","origin":[8.3125,7.3125,5.5]},"faces":{"north":{"uv":[8.75,8.75,10.75,12],"texture":"#texture"},"east":{"uv":[8.75,8.75,11.75,11],"texture":"#texture"},"south":{"uv":[9.5,10,12.25,11.75],"texture":"#texture"},"west":{"uv":[10,9.5,12,12.25],"texture":"#texture"},"down":{"uv":[9.25,9.75,11,11.75],"rotation":270,"texture":"#texture"}}},{"name":"Element","from":[11.125,5.11668,11.77142],"to":[12.375,6.05418,14.27142],"rotation":{"angle":22.5,"axis":"x","origin":[8.3125,7.3125,5.5]},"faces":{"east":{"uv":[8.75,8.75,11.75,11],"texture":"#texture"},"south":{"uv":[9.5,10,12.25,11.75],"texture":"#texture"},"west":{"uv":[10,9.5,12,12.25],"texture":"#texture"},"up":{"uv":[10,8.75,12,11.5],"rotation":90,"texture":"#texture"},"down":{"uv":[9.25,9.75,11,11.75],"rotation":270,"texture":"#texture"}}},{"name":"Element","from":[11.2812,7.1705,11.77557],"to":[12.2187,8.108,14.27557],"rotation":{"angle":45,"axis":"x","origin":[8.3125,7.3125,5.5]},"faces":{"east":{"uv":[8.75,8.75,11.75,11],"texture":"#texture"},"south":{"uv":[9.5,10,12.25,11.75],"texture":"#texture"},"west":{"uv":[10,9.5,12,12.25],"texture":"#texture"},"up":{"uv":[10,8.75,12,11.5],"rotation":90,"texture":"#texture"},"down":{"uv":[9.25,9.75,11,11.75],"rotation":270,"texture":"#texture"}}},{"name":"Element","from":[11.4375,-0.75623,7.12288],"to":[12.0625,1.43127,8.06038],"rotation":{"angle":-22.5,"axis":"x","origin":[8.3125,7.3125,5.5]},"faces":{"north":{"uv":[8.75,8.75,10.75,12],"texture":"#texture"},"east":{"uv":[8.75,8.75,11.75,11],"texture":"#texture"},"south":{"uv":[9.5,10,12.25,11.75],"texture":"#texture"},"west":{"uv":[10,9.5,12,12.25],"texture":"#texture"},"down":{"uv":[9.25,9.75,11,11.75],"rotation":270,"texture":"#texture"}}}],"gui_light":"front","display":{"thirdperson_righthand":{"scale":[0,0,0]},"thirdperson_lefthand":{"scale":[0,0,0]},"firstperson_righthand":{"scale":[0,0,0]},"firstperson_lefthand":{"scale":[0,0,0]},"ground":{"scale":[0,0,0]},"gui":{"rotation":[30,135,0],"translation":[0.5,2.75,0],"scale":[0.95,0.95,0.95]},"head":{"translation":[1.25,-11.25,4.5],"scale":[4,4,4]},"fixed":{"scale":[0,0,0]}}}