{"credit":"© 2015-2021 MadstonMagic. All rights reserved. Made using BlockBench","textures":{"13":"pokemon_skins/regular/liepard/eye","particle":"pokemon_skins/regular/liepard/eye","texture":"pokemon_skins/regular/liepard/liepard","details":"pokemon_skins/regular/liepard/details","details_2":"pokemon_skins/regular/liepard/details_2","details_back":"pokemon_skins/regular/liepard/details_back","fur_1":"pokemon_skins/regular/liepard/fur_1","spots_1":"pokemon_skins/regular/liepard/spots_1","spots_2":"pokemon_skins/regular/liepard/spots_2","spots_3":"pokemon_skins/regular/liepard/spots_3","spots_4":"pokemon_skins/regular/liepard/spots_4","tail_fur":"pokemon_skins/regular/liepard/tail_fur"},"elements":[{"from":[7,9.75,2.5],"to":[9,11,4.5],"rotation":{"angle":0,"axis":"y","origin":[8,6,8]},"faces":{"north":{"uv":[2.25,2.25,4.75,5.25],"texture":"#texture"},"east":{"uv":[1.25,1.75,4.25,4.25],"texture":"#texture"},"up":{"uv":[2.25,2.25,5.25,5],"rotation":90,"texture":"#texture"}}},{"from":[7,9.75,2],"to":[9,10.5,5],"rotation":{"angle":0,"axis":"y","origin":[8,6,8]},"faces":{"north":{"uv":[2.25,2.25,4.75,5.25],"texture":"#texture"},"east":{"uv":[1.25,1.75,4.25,4.25],"texture":"#texture"},"south":{"uv":[2.5,1.75,5.5,4.75],"texture":"#texture"},"west":{"uv":[2.5,3,5,5.75],"texture":"#texture"},"up":{"uv":[2.25,2.25,5.25,5],"rotation":90,"texture":"#texture"}}},{"from":[7,5.295,3.05025],"to":[9,6,3.75525],"rotation":{"angle":45,"axis":"x","origin":[8,6,8]},"faces":{"east":{"uv":[1.25,1.75,4.25,4.25],"texture":"#texture"},"south":{"uv":[2.5,1.75,5.5,4.75],"texture":"#texture"},"west":{"uv":[2.5,3,5,5.75],"texture":"#texture"}}},{"from":[7,11.65896,5.87868],"to":[9,12.36396,6.58368],"rotation":{"angle":-45,"axis":"x","origin":[8,6,8]},"faces":{"north":{"uv":[10.75,1.75,13.25,4.75],"texture":"#texture"},"east":{"uv":[10.25,2.75,13.25,5.25],"texture":"#texture"},"west":{"uv":[10.75,1.75,13.25,4.5],"texture":"#texture"},"down":{"uv":[9.75,2,13,5],"rotation":270,"texture":"#texture"}}},{"from":[7,6.35566,1.98959],"to":[9,7.06066,2.69459],"rotation":{"angle":45,"axis":"x","origin":[8,6,8]},"faces":{"east":{"uv":[1.25,1.75,4.25,4.25],"texture":"#texture"},"south":{"uv":[2.5,1.75,5.5,4.75],"texture":"#texture"},"west":{"uv":[2.5,3,5,5.75],"texture":"#texture"},"up":{"uv":[2.25,2.25,5.25,5],"rotation":90,"texture":"#texture"}}},{"from":[7,12.72068,6.9404],"to":[9,13.42568,7.6454],"rotation":{"angle":-45,"axis":"x","origin":[8,6,8]},"faces":{"north":{"uv":[2.25,2.25,4.75,5.25],"texture":"#texture"},"east":{"uv":[1.25,1.75,4.25,4.25],"texture":"#texture"},"south":{"uv":[2.5,1.75,5.5,4.75],"texture":"#texture"},"west":{"uv":[2.5,3,5,5.75],"texture":"#texture"},"up":{"uv":[2.25,2.25,5.25,5],"rotation":90,"texture":"#texture"}}},{"from":[7,9.5,1.5],"to":[9,10,2.25],"rotation":{"angle":0,"axis":"y","origin":[8,6,8]},"faces":{"north":{"uv":[2.25,2.25,4.75,5.25],"texture":"#texture"},"east":{"uv":[1.5,6,4.5,9],"texture":"#texture"},"west":{"uv":[1.5,6,4.5,9],"texture":"#texture"}}},{"from":[7,8.5,2.5],"to":[9,9.5,4],"rotation":{"angle":0,"axis":"y","origin":[8,6,8]},"faces":{"north":{"uv":[10.75,1.75,13.25,4.75],"texture":"#texture"},"east":{"uv":[10.25,2.75,13.25,5.25],"texture":"#texture"},"west":{"uv":[10.75,1.75,13.25,4.5],"texture":"#texture"},"down":{"uv":[9.75,2,13,5],"rotation":270,"texture":"#texture"}}},{"from":[7,9,4.5],"to":[9,9.75,5],"rotation":{"angle":0,"axis":"y","origin":[8,6,8]},"faces":{"east":{"uv":[1.25,1.75,4.25,4.25],"texture":"#texture"},"south":{"uv":[2.5,1.75,5.5,4.75],"texture":"#texture"},"west":{"uv":[2.5,3,5,5.75],"texture":"#texture"},"down":{"uv":[2.25,1.25,5.5,4.25],"rotation":270,"texture":"#texture"}}},{"from":[7,8.5,4],"to":[9,9,4.5],"rotation":{"angle":0,"axis":"y","origin":[8,6,8]},"faces":{"east":{"uv":[1.25,1.75,4.25,4.25],"texture":"#texture"},"south":{"uv":[2.5,1.75,5.5,4.75],"texture":"#texture"},"west":{"uv":[2.5,3,5,5.75],"texture":"#texture"},"down":{"uv":[2.25,1.25,5.5,4.25],"rotation":270,"texture":"#texture"}}},{"from":[7.5,9.5,1],"to":[8.5,10,1.5],"rotation":{"angle":0,"axis":"y","origin":[8,6,8]},"faces":{"north":{"uv":[1.5,6,4.5,9],"texture":"#texture"}}},{"from":[12.5983,9.5,3.40381],"to":[13.3033,10,4.10881],"rotation":{"angle":45,"axis":"y","origin":[8,6,8]},"faces":{"east":{"uv":[1.5,6,4.5,9],"texture":"#texture"},"south":{"uv":[2.5,1.75,5.5,4.75],"texture":"#texture"},"up":{"uv":[2.25,2.25,5.25,5],"rotation":90,"texture":"#texture"}}},{"from":[11.89119,9.5,2.6967],"to":[12.59619,10,3.4017],"rotation":{"angle":45,"axis":"y","origin":[8,6,8]},"faces":{"north":{"uv":[1.5,6,4.5,9],"texture":"#texture"},"west":{"uv":[2.5,3,5,5.75],"texture":"#texture"},"up":{"uv":[2.25,2.25,5.25,5],"rotation":90,"texture":"#texture"}}},{"from":[7.5,11.8743,3.06358],"to":[8.5,12.3743,5.56358],"rotation":{"angle":-22.5,"axis":"x","origin":[8,6,8]},"faces":{"east":{"uv":[1.25,1.75,4.25,4.25],"texture":"#texture"},"west":{"uv":[2.5,3,5,5.75],"texture":"#texture"},"up":{"uv":[2.25,2.25,5.25,5],"rotation":90,"texture":"#texture"}}},{"from":[7.5,12.92462,6.23223],"to":[8.5,13.42462,7.48223],"rotation":{"angle":-45,"axis":"x","origin":[8,6,8]},"faces":{"east":{"uv":[1.25,1.75,4.25,4.25],"texture":"#texture"},"west":{"uv":[2.5,3,5,5.75],"texture":"#texture"},"up":{"uv":[2.25,2.25,5.25,5],"rotation":90,"texture":"#texture"}}},{"from":[7,11.93296,3.52552],"to":[9,12.18296,5.27552],"rotation":{"angle":-22.5,"axis":"x","origin":[8,6,8]},"faces":{"east":{"uv":[1.25,1.75,4.25,4.25],"texture":"#texture"},"west":{"uv":[2.5,3,5,5.75],"texture":"#texture"},"up":{"uv":[2.25,2.25,5.25,5],"rotation":90,"texture":"#texture"}}},{"name":"ear","from":[6.5,12.07107,7.29289],"to":[7.25,13.07107,9.79289],"rotation":{"angle":-45,"axis":"x","origin":[8,6,8]},"faces":{"east":{"uv":[1.25,1.75,4.25,4.25],"texture":"#texture"},"south":{"uv":[2.5,1.75,5.5,4.75],"texture":"#texture"},"west":{"uv":[2.5,3,5,5.75],"texture":"#texture"},"up":{"uv":[2.25,2.25,5.25,5],"rotation":90,"texture":"#texture"},"down":{"uv":[2.25,1.25,5.5,4.25],"rotation":270,"texture":"#texture"}}},{"name":"ear","from":[6.5,7.71112,2.32193],"to":[7.25,9.96112,3.07193],"rotation":{"angle":22.5,"axis":"x","origin":[8,6,8]},"faces":{"east":{"uv":[1.25,1.75,4.25,4.25],"texture":"#texture"},"south":{"uv":[2.5,1.75,5.5,4.75],"texture":"#texture"},"west":{"uv":[2.5,3,5,5.75],"texture":"#texture"},"up":{"uv":[2.25,2.25,5.25,5],"rotation":90,"texture":"#texture"}}},{"from":[12.7733,9,3.58058],"to":[13.3033,9.5,4.11058],"rotation":{"angle":45,"axis":"y","origin":[8,6,8]},"faces":{"east":{"uv":[10.25,2.75,13.25,5.25],"texture":"#texture"},"south":{"uv":[10.25,1.5,13.25,4.5],"texture":"#texture"},"up":{"uv":[9.5,3,12.5,5.75],"rotation":90,"texture":"#texture"},"down":{"uv":[9.75,2,13,5],"rotation":270,"texture":"#texture"}}},{"from":[11.88942,9,2.6967],"to":[12.41942,9.5,3.2267],"rotation":{"angle":45,"axis":"y","origin":[8,6,8]},"faces":{"north":{"uv":[10.75,1.75,13.25,4.75],"texture":"#texture"},"west":{"uv":[10.75,1.75,13.25,4.5],"texture":"#texture"},"up":{"uv":[9.5,3,12.5,5.75],"rotation":90,"texture":"#texture"},"down":{"uv":[9.75,2,13,5],"rotation":270,"texture":"#texture"}}},{"from":[8.125,9,1.125],"to":[8.625,9.5,1.625],"rotation":{"angle":0,"axis":"y","origin":[8,6,8]},"faces":{"north":{"uv":[10.75,1.75,13.25,4.75],"texture":"#texture"},"up":{"uv":[9.5,3,12.5,5.75],"rotation":90,"texture":"#texture"}}},{"from":[7.375,9,1.125],"to":[7.875,9.5,1.625],"rotation":{"angle":0,"axis":"y","origin":[8,6,8]},"faces":{"north":{"uv":[10.75,1.75,13.25,4.75],"texture":"#texture"},"up":{"uv":[9.5,3,12.5,5.75],"rotation":90,"texture":"#texture"}}},{"from":[7.375,8.75,1.25],"to":[8.625,9.5,1.75],"rotation":{"angle":0,"axis":"y","origin":[8,6,8]},"faces":{"north":{"uv":[10.75,1.75,13.25,4.75],"texture":"#texture"},"east":{"uv":[10.25,2.75,13.25,5.25],"texture":"#texture"},"west":{"uv":[10.75,1.75,13.25,4.5],"texture":"#texture"}}},{"from":[7,9,1.5],"to":[9,9.5,2.875],"rotation":{"angle":0,"axis":"y","origin":[8,6,8]},"faces":{"north":{"uv":[10.75,1.75,13.25,4.75],"texture":"#texture"},"east":{"uv":[10.25,2.75,13.25,5.25],"texture":"#texture"},"west":{"uv":[10.75,1.75,13.25,4.5],"texture":"#texture"},"down":{"uv":[9.75,2,13,5],"rotation":270,"texture":"#texture"}}},{"from":[7.5,9.53125,0.99],"to":[8.5,9.78125,1.99],"rotation":{"angle":0,"axis":"y","origin":[8,6,8]},"faces":{"north":{"uv":[9.75,0.25,15.75,3.25],"texture":"#details_back"}}},{"from":[10.12343,9.53764,2.5],"to":[10.82843,10.24264,4.5],"rotation":{"angle":45,"axis":"z","origin":[8,6,8]},"faces":{"north":{"uv":[2.25,2.25,4.75,5.25],"texture":"#texture"},"south":{"uv":[2.5,1.75,5.5,4.75],"texture":"#texture"},"up":{"uv":[2.25,2.25,5.25,5],"rotation":90,"texture":"#texture"}}},{"from":[5.17368,9.53764,2.5],"to":[5.87868,10.24264,4.5],"rotation":{"angle":-45,"axis":"z","origin":[8,6,8]},"faces":{"north":{"uv":[2.25,2.25,4.75,5.25],"texture":"#texture"},"south":{"uv":[2.5,1.75,5.5,4.75],"texture":"#texture"},"west":{"uv":[2.5,3,5,5.75],"texture":"#texture"},"up":{"uv":[2.25,2.25,5.25,5],"rotation":90,"texture":"#texture"}}},{"from":[6.5,9,2.5],"to":[9.5,9.5,4],"rotation":{"angle":0,"axis":"y","origin":[8,6,8]},"faces":{"north":{"uv":[10.75,1.75,13.25,4.75],"texture":"#texture"},"east":{"uv":[10.25,2.75,13.25,5.25],"texture":"#texture"},"west":{"uv":[10.75,1.75,13.25,4.5],"texture":"#texture"},"down":{"uv":[9.75,2,13,5],"rotation":270,"texture":"#texture"}}},{"from":[9.06277,8.47698,2.5],"to":[9.76777,9.18198,4],"rotation":{"angle":45,"axis":"z","origin":[8,6,8]},"faces":{"north":{"uv":[8.5,2.5,11,5.5],"texture":"#texture"},"west":{"uv":[10.75,3.25,13.25,6],"texture":"#texture"}}},{"from":[6.23434,8.47698,2.5],"to":[6.93934,9.18198,4],"rotation":{"angle":-45,"axis":"z","origin":[8,6,8]},"faces":{"north":{"uv":[8.5,2.5,11,5.5],"texture":"#texture"},"east":{"uv":[8,1.5,11,4],"texture":"#texture"},"down":{"uv":[8.75,0.75,12,3.75],"rotation":270,"texture":"#texture"}}},{"from":[6.5,9,4],"to":[9.5,9.5,4.5],"rotation":{"angle":0,"axis":"y","origin":[8,6,8]},"faces":{"east":{"uv":[1.25,1.75,4.25,4.25],"texture":"#texture"},"south":{"uv":[2.5,1.75,5.5,4.75],"texture":"#texture"},"west":{"uv":[2.5,3,5,5.75],"texture":"#texture"},"down":{"uv":[2.25,1.25,5.5,4.25],"rotation":270,"texture":"#texture"}}},{"from":[9.06277,8.47698,4],"to":[9.76777,9.18198,4.5],"rotation":{"angle":45,"axis":"z","origin":[8,6,8]},"faces":{"south":{"uv":[2.5,1.75,5.5,4.75],"texture":"#texture"},"west":{"uv":[2.5,3,5,5.75],"texture":"#texture"}}},{"from":[6.23434,8.47698,4],"to":[6.93934,9.18198,4.5],"rotation":{"angle":-45,"axis":"z","origin":[8,6,8]},"faces":{"east":{"uv":[1.25,1.75,4.25,4.25],"texture":"#texture"},"south":{"uv":[2.5,1.75,5.5,4.75],"texture":"#texture"},"down":{"uv":[2.25,1.25,5.5,4.25],"rotation":270,"texture":"#texture"}}},{"from":[4.46657,9,5.87868],"to":[5.17157,10.5,6.58368],"rotation":{"angle":-45,"axis":"y","origin":[8,6,8]},"faces":{"south":{"uv":[2.5,1.75,5.5,4.75],"texture":"#texture"},"up":{"uv":[2.25,2.25,5.25,5],"rotation":90,"texture":"#texture"},"down":{"uv":[2.25,1.25,5.5,4.25],"rotation":270,"texture":"#texture"}}},{"from":[5.88079,9,4.46447],"to":[6.58579,10.5,5.16947],"rotation":{"angle":-45,"axis":"y","origin":[8,6,8]},"faces":{"east":{"uv":[1.25,1.75,4.25,4.25],"texture":"#texture"},"south":{"uv":[2.5,1.75,5.5,4.75],"texture":"#texture"},"up":{"uv":[2.25,2.25,5.25,5],"rotation":90,"texture":"#texture"},"down":{"uv":[2.25,1.25,5.5,4.25],"rotation":270,"texture":"#texture"}}},{"from":[10.83053,9.5,3.05025],"to":[11.53553,10.5,3.75525],"rotation":{"angle":45,"axis":"y","origin":[8,6,8]},"faces":{"north":{"uv":[1.5,1.5,4.5,9.5],"texture":"#texture"},"up":{"uv":[2.25,2.25,5.25,5],"rotation":90,"texture":"#texture"}}},{"from":[12.24475,9.5,4.46447],"to":[12.94975,10.5,5.16947],"rotation":{"angle":45,"axis":"y","origin":[8,6,8]},"faces":{"east":{"uv":[1.5,1.5,4.5,9.5],"texture":"#texture"},"up":{"uv":[2.25,2.25,5.25,5],"rotation":90,"texture":"#texture"}}},{"from":[12.24475,9,4.46447],"to":[12.94975,9.5,5.16947],"rotation":{"angle":45,"axis":"y","origin":[8,6,8]},"faces":{"east":{"uv":[10.25,2.75,13.25,5.25],"texture":"#texture"},"south":{"uv":[10.25,1.5,13.25,4.5],"texture":"#texture"},"down":{"uv":[9.75,2,13,5],"rotation":270,"texture":"#texture"}}},{"from":[10.83053,9,3.05025],"to":[11.53553,9.5,3.75525],"rotation":{"angle":45,"axis":"y","origin":[8,6,8]},"faces":{"north":{"uv":[10.75,1.75,13.25,4.75],"texture":"#texture"},"west":{"uv":[10.75,1.75,13.25,4.5],"texture":"#texture"},"down":{"uv":[9.75,2,13,5],"rotation":270,"texture":"#texture"}}},{"name":"eye","from":[6.49,9.5,2.5],"to":[9.50562,11.75,4.75],"rotation":{"angle":0,"axis":"y","origin":[8,6,8]},"faces":{"east":{"uv":[15.875,0.125,2,15.875],"texture":"#13"},"west":{"uv":[2,0.125,15.75,15.875],"texture":"#13"}}},{"name":"eye*","from":[10.82136,9.5,3.04318],"to":[11.52636,11.75,3.14318],"rotation":{"angle":45,"axis":"y","origin":[8,6,8]},"faces":{"north":{"uv":[0.125,0.125,2,15.875],"texture":"#13"}}},{"name":"eye*","from":[12.85372,9.5,4.47055],"to":[12.95372,11.75,5.17555],"rotation":{"angle":45,"axis":"y","origin":[8,6,8]},"faces":{"east":{"uv":[2,0.125,0.125,15.875],"texture":"#13"}}},{"from":[7.375,12.62768,5.25996],"to":[7.875,12.98268,5.61496],"rotation":{"angle":-45,"axis":"x","origin":[8,6,8]},"faces":{"north":{"uv":[10.75,1.75,13.25,4.75],"texture":"#texture"},"east":{"uv":[10.25,2.75,13.25,5.25],"texture":"#texture"},"west":{"uv":[10.75,1.75,13.25,4.5],"texture":"#texture"}}},{"from":[8.125,12.62768,5.25996],"to":[8.625,12.98268,5.61496],"rotation":{"angle":-45,"axis":"x","origin":[8,6,8]},"faces":{"north":{"uv":[10.75,1.75,13.25,4.75],"texture":"#texture"},"east":{"uv":[10.25,2.75,13.25,5.25],"texture":"#texture"},"west":{"uv":[10.75,1.75,13.25,4.5],"texture":"#texture"}}},{"from":[7.375,5.95756,0.71143],"to":[8.625,6.45756,3.08643],"rotation":{"angle":22.5,"axis":"x","origin":[8,6,8]},"faces":{"east":{"uv":[10.25,2.75,13.25,5.25],"texture":"#texture"},"west":{"uv":[10.75,1.75,13.25,4.5],"texture":"#texture"},"up":{"uv":[9.5,3,12.5,5.75],"rotation":90,"texture":"#texture"},"down":{"uv":[9.75,2,13,5],"rotation":270,"texture":"#texture"}}},{"from":[7.59132,9.25,3.75736],"to":[10.12132,9.75,3.75836],"rotation":{"angle":45,"axis":"y","origin":[8,6,8]},"faces":{"north":{"uv":[7.75,0.25,13,15.75],"rotation":90,"texture":"#details_2"},"south":{"uv":[13,0.25,7.75,15.75],"rotation":270,"texture":"#details_2"}}},{"from":[8.12165,8.75,3.93414],"to":[10.65165,9.25,3.93514],"rotation":{"angle":45,"axis":"y","origin":[8,6,8]},"faces":{"north":{"uv":[7.75,0.25,13,15.75],"rotation":90,"texture":"#details_2"},"south":{"uv":[13,0.25,7.75,15.75],"rotation":270,"texture":"#details_2"}}},{"from":[5.82355,9.25,3.75736],"to":[8.35355,9.75,3.75836],"rotation":{"angle":-45,"axis":"y","origin":[8,6,8]},"faces":{"north":{"uv":[13,0.25,7.75,15.75],"rotation":270,"texture":"#details_2"},"south":{"uv":[7.75,0.25,13,15.75],"rotation":90,"texture":"#details_2"}}},{"from":[5.29322,8.75,3.93414],"to":[7.82322,9.25,3.93514],"rotation":{"angle":-45,"axis":"y","origin":[8,6,8]},"faces":{"north":{"uv":[13,0.25,7.75,15.75],"rotation":270,"texture":"#details_2"},"south":{"uv":[7.75,0.25,13,15.75],"rotation":90,"texture":"#details_2"}}},{"from":[7.25,7.14543,3.97104],"to":[8.75,10.64543,4.72104],"rotation":{"angle":-22.5,"axis":"x","origin":[8,6,8]},"faces":{"north":{"uv":[10.75,1.75,13.25,4.75],"texture":"#texture"},"east":{"uv":[10.25,2.75,13.25,5.25],"texture":"#texture"},"west":{"uv":[10.75,1.75,13.25,4.5],"texture":"#texture"},"down":{"uv":[9.75,2,13,5],"rotation":270,"texture":"#texture"}}},{"from":[7.25,7,3.25],"to":[8.75,8.75,4],"rotation":{"angle":0,"axis":"y","origin":[8,6,8]},"faces":{"east":{"uv":[10.25,2.75,13.25,5.25],"texture":"#texture"},"west":{"uv":[10.75,1.75,13.25,4.5],"texture":"#texture"}}},{"from":[7.125,7.35842,4.66395],"to":[8.875,10.35842,5.91395],"rotation":{"angle":-22.5,"axis":"x","origin":[8,6,8]},"faces":{"north":{"uv":[3.5,2.25,6,5.25],"texture":"#texture"},"east":{"uv":[3.75,2.75,6.75,5.25],"texture":"#texture"},"south":{"uv":[3.25,2,6.25,5],"texture":"#texture"},"west":{"uv":[1.5,2.75,4,5.5],"texture":"#texture"}}},{"name":"ear*","from":[8.75,12.07107,7.29289],"to":[9.5,13.07107,9.79289],"rotation":{"angle":-45,"axis":"x","origin":[8,6,8]},"faces":{"east":{"uv":[1.25,1.75,4.25,4.25],"texture":"#texture"},"south":{"uv":[2.5,1.75,5.5,4.75],"texture":"#texture"},"west":{"uv":[2.5,3,5,5.75],"texture":"#texture"},"up":{"uv":[2.25,2.25,5.25,5],"rotation":90,"texture":"#texture"},"down":{"uv":[2.25,1.25,5.5,4.25],"rotation":270,"texture":"#texture"}}},{"name":"ear*","from":[8.75,7.71112,2.32193],"to":[9.5,9.96112,3.07193],"rotation":{"angle":22.5,"axis":"x","origin":[8,6,8]},"faces":{"east":{"uv":[1.25,1.75,4.25,4.25],"texture":"#texture"},"south":{"uv":[2.5,1.75,5.5,4.75],"texture":"#texture"},"west":{"uv":[2.5,3,5,5.75],"texture":"#texture"},"up":{"uv":[2.25,2.25,5.25,5],"rotation":90,"texture":"#texture"}}},{"from":[7,5.5,4],"to":[9,7,6],"rotation":{"angle":0,"axis":"y","origin":[8,6,8]},"faces":{"up":{"uv":[2,1.75,5,4.5],"rotation":90,"texture":"#texture"}}},{"from":[6.5,5.5,4],"to":[9.5,6.5,10.5],"rotation":{"angle":0,"axis":"y","origin":[8,6,8]},"faces":{"north":{"uv":[3.5,2.25,6,5.25],"texture":"#texture"},"east":{"uv":[3.75,2.75,6.75,5.25],"texture":"#texture"},"west":{"uv":[1.5,2.75,4,5.5],"texture":"#texture"},"up":{"uv":[2,1.75,5,4.5],"rotation":90,"texture":"#texture"}}},{"from":[7,5,10.5],"to":[9,6.5,11],"rotation":{"angle":0,"axis":"y","origin":[8,6,8]},"faces":{"south":{"uv":[3.25,2,6.25,5],"texture":"#texture"}}},{"from":[6.5,4.5,4],"to":[9.5,5,6],"rotation":{"angle":0,"axis":"y","origin":[8,6,8]},"faces":{"north":{"uv":[11.25,1.25,13.75,4.25],"texture":"#texture"},"east":{"uv":[11,2.25,14,4.75],"texture":"#texture"},"south":{"uv":[9.5,1.25,12.5,4.25],"texture":"#texture"},"west":{"uv":[9.25,2.75,11.75,5.5],"texture":"#texture"}}},{"from":[7,4,4],"to":[9,4.5,6],"rotation":{"angle":0,"axis":"y","origin":[8,6,8]},"faces":{"down":{"uv":[10,2.25,13.25,5.25],"rotation":270,"texture":"#texture"}}},{"from":[7,4.5,10.5],"to":[9,5,11],"rotation":{"angle":0,"axis":"y","origin":[8,6,8]},"faces":{"south":{"uv":[9.5,1.25,12.5,4.25],"texture":"#texture"},"down":{"uv":[10,2.25,13.25,5.25],"rotation":270,"texture":"#texture"}}},{"from":[6.5,5,4],"to":[9.5,5.5,5.5],"rotation":{"angle":0,"axis":"y","origin":[8,6,8]},"faces":{"north":{"uv":[3.5,2.25,6,5.25],"texture":"#texture"}}},{"from":[6.5,5,6],"to":[9.5,5.5,8.5],"rotation":{"angle":0,"axis":"y","origin":[8,6,8]},"faces":{"east":{"uv":[11,2.25,14,4.75],"texture":"#texture"},"west":{"uv":[9.25,2.75,11.75,5.5],"texture":"#texture"}}},{"from":[7,4.5,6],"to":[9,5,8.5],"rotation":{"angle":0,"axis":"y","origin":[8,6,8]},"faces":{"down":{"uv":[10,2.25,13.25,5.25],"rotation":270,"texture":"#texture"}}},{"from":[7,4,8.5],"to":[9,4.5,10.5],"rotation":{"angle":0,"axis":"y","origin":[8,6,8]},"faces":{"down":{"uv":[10,2.25,13.25,5.25],"rotation":270,"texture":"#texture"}}},{"from":[6.5,4.5,8.5],"to":[9.5,5,10.5],"rotation":{"angle":0,"axis":"y","origin":[8,6,8]},"faces":{"east":{"uv":[11,2.25,14,4.75],"texture":"#texture"},"west":{"uv":[9.25,2.75,11.75,5.5],"texture":"#texture"}}},{"from":[7,4.5,3.5],"to":[9,6.5,3.75],"rotation":{"angle":0,"axis":"y","origin":[8,6,8]},"faces":{"north":{"uv":[11.25,1.25,13.75,4.25],"texture":"#texture"},"south":{"uv":[9.5,1.25,12.5,4.25],"texture":"#texture"}}},{"from":[10.12343,4.5,8.70711],"to":[10.82843,6.5,9.41422],"rotation":{"angle":-45,"axis":"y","origin":[8,6,8]},"faces":{"east":{"uv":[1.5,2.5,9.5,5.5],"rotation":90,"texture":"#texture"},"up":{"uv":[2,1.75,5,4.5],"rotation":90,"texture":"#texture"},"down":{"uv":[10.5,2.5,14,5.5],"texture":"#texture"}}},{"from":[8.7071,4.5,10.12132],"to":[9.41421,6.5,10.82843],"rotation":{"angle":-45,"axis":"y","origin":[8,6,8]},"faces":{"south":{"uv":[1.5,2.5,9.5,5.5],"rotation":90,"texture":"#texture"},"up":{"uv":[2,1.75,5,4.5],"rotation":90,"texture":"#texture"},"down":{"uv":[10.5,2.5,14,5.5],"texture":"#texture"}}},{"from":[9.76776,4.5,4.11091],"to":[10.47487,6.5,4.81591],"rotation":{"angle":45,"axis":"y","origin":[8,6,8]},"faces":{"north":{"uv":[1.5,2.5,9.5,5.5],"rotation":90,"texture":"#texture"},"east":{"uv":[3.75,2.75,6.75,5.25],"texture":"#texture"},"south":{"uv":[3.25,2,6.25,5],"texture":"#texture"},"up":{"uv":[2,1.75,5,4.5],"rotation":90,"texture":"#texture"},"down":{"uv":[10.5,2.5,14,5.5],"rotation":270,"texture":"#texture"}}},{"from":[11.18409,4.5,5.52513],"to":[11.88909,6.5,6.23224],"rotation":{"angle":45,"axis":"y","origin":[8,6,8]},"faces":{"north":{"uv":[3.5,2.25,6,5.25],"texture":"#texture"},"east":{"uv":[1.5,2.5,9.5,5.5],"rotation":90,"texture":"#texture"},"west":{"uv":[1.5,2.75,4,5.5],"texture":"#texture"},"up":{"uv":[2,1.75,5,4.5],"rotation":90,"texture":"#texture"},"down":{"uv":[10.5,2.5,14,5.5],"rotation":270,"texture":"#texture"}}},{"from":[8,3.87868,4],"to":[8.70711,7.41421,6],"rotation":{"angle":-45,"axis":"z","origin":[8,6,8]},"faces":{"north":{"uv":[1.5,2.5,9.5,5.5],"rotation":90,"texture":"#texture"},"south":{"uv":[1.5,2.5,9.5,5.5],"rotation":90,"texture":"#texture"},"west":{"uv":[1.5,2.75,4,5.5],"texture":"#texture"},"up":{"uv":[2,1.75,5,4.5],"rotation":90,"texture":"#texture"},"down":{"uv":[10.5,2.5,14,5.5],"rotation":270,"texture":"#texture"}}},{"from":[7.29289,3.87868,4],"to":[8,7.41421,6],"rotation":{"angle":45,"axis":"z","origin":[8,6,8]},"faces":{"north":{"uv":[1.5,5.5,9.5,2.5],"rotation":90,"texture":"#texture"},"east":{"uv":[4,2.75,1.5,5.5],"texture":"#texture"},"south":{"uv":[1.5,5.5,9.5,2.5],"rotation":90,"texture":"#texture"},"up":{"uv":[2,4.5,5,1.75],"rotation":90,"texture":"#texture"},"down":{"uv":[10.5,5.5,14,2.5],"rotation":270,"texture":"#texture"}}},{"from":[9.06277,5.64644,6],"to":[9.76777,6.35355,8.5],"rotation":{"angle":-45,"axis":"z","origin":[8,6,8]},"faces":{"north":{"uv":[11.25,1.25,13.75,4.25],"texture":"#texture"},"east":{"uv":[11,2.25,14,4.75],"texture":"#texture"},"south":{"uv":[9.5,1.25,12.5,4.25],"texture":"#texture"}}},{"from":[6.23223,5.64644,6],"to":[6.93934,6.35355,8.5],"rotation":{"angle":45,"axis":"z","origin":[8,6,8]},"faces":{"north":{"uv":[11.25,1.25,13.75,4.25],"texture":"#texture"},"south":{"uv":[9.5,1.25,12.5,4.25],"texture":"#texture"},"west":{"uv":[9.25,2.75,11.75,5.5],"texture":"#texture"}}},{"from":[7,7.41421,3.75736],"to":[9,8.12132,4.46236],"rotation":{"angle":-45,"axis":"x","origin":[8,6,8]},"faces":{"north":{"uv":[11.25,1.25,13.75,4.25],"texture":"#texture"},"east":{"uv":[11,2.25,14,4.75],"texture":"#texture"},"south":{"uv":[9.5,1.25,12.5,4.25],"texture":"#texture"},"west":{"uv":[9.25,2.75,11.75,5.5],"texture":"#texture"},"up":{"uv":[10.75,2.5,13.75,5.25],"rotation":90,"texture":"#texture"}}},{"from":[6.5,6.35566,5.52513],"to":[9.5,7.43566,6.23013],"rotation":{"angle":-45,"axis":"x","origin":[8,6,8]},"faces":{"east":{"uv":[4,2.5,14,5.5],"rotation":90,"texture":"#texture"},"west":{"uv":[4,2.5,14,5.5],"rotation":90,"texture":"#texture"},"down":{"uv":[10,2.25,13.25,5.25],"rotation":270,"texture":"#texture"}}},{"from":[6.5,5.29289,8.70711],"to":[9.5,6.375,9.41422],"rotation":{"angle":45,"axis":"x","origin":[8,6,8]},"faces":{"east":{"uv":[4,2.5,14,5.5],"rotation":90,"texture":"#texture"},"west":{"uv":[4,2.5,14,5.5],"rotation":90,"texture":"#texture"},"down":{"uv":[10,2.25,13.25,5.25],"rotation":270,"texture":"#texture"}}},{"from":[7.125,6.5,3.5],"to":[8.875,8.25,4.75],"rotation":{"angle":0,"axis":"y","origin":[8,6,8]},"faces":{"north":{"uv":[3.5,2.25,6,5.25],"texture":"#texture"},"east":{"uv":[3.75,2.75,6.75,5.25],"texture":"#texture"},"west":{"uv":[1.5,2.75,4,5.5],"texture":"#texture"}}},{"from":[7,6,5.17157],"to":[9,9.53553,5.87868],"rotation":{"angle":-45,"axis":"x","origin":[8,6,8]},"faces":{"north":{"uv":[3.5,2.25,6,5.25],"texture":"#texture"},"east":{"uv":[4,2.5,14,5.5],"rotation":90,"texture":"#texture"},"west":{"uv":[4,2.5,14,5.5],"rotation":90,"texture":"#texture"},"up":{"uv":[2,1.75,5,4.5],"rotation":90,"texture":"#texture"},"down":{"uv":[10,2.5,13.5,5.5],"rotation":270,"texture":"#texture"}}},{"from":[7,4.93934,9.06066],"to":[9,8.47487,9.76777],"rotation":{"angle":45,"axis":"x","origin":[8,6,8]},"faces":{"east":{"uv":[4,5.5,14,2.5],"rotation":90,"texture":"#texture"},"south":{"uv":[6,2.25,3.5,5.25],"texture":"#texture"},"west":{"uv":[4,5.5,14,2.5],"rotation":90,"texture":"#texture"},"up":{"uv":[5,1.75,2,4.5],"rotation":90,"texture":"#texture"},"down":{"uv":[13.5,2.5,10,5.5],"rotation":270,"texture":"#texture"}}},{"from":[7.22127,5.5,2.7748],"to":[7.22247,7.75,3.5248],"rotation":{"angle":-22.5,"axis":"y","origin":[8,6,8]},"faces":{"east":{"uv":[15.75,0.25,8.75,14.5],"texture":"#details"},"west":{"uv":[8.75,0.25,15.75,14.5],"texture":"#details"}}},{"from":[8.77753,5.5,2.7748],"to":[8.77873,7.75,3.5248],"rotation":{"angle":22.5,"axis":"y","origin":[8,6,8]},"faces":{"east":{"uv":[15.75,0.25,8.75,14.5],"texture":"#details"},"west":{"uv":[8.75,0.25,15.75,14.5],"texture":"#details"}}},{"from":[7.75,7.77843,3.76514],"to":[8.25,8.77843,5.01514],"rotation":{"angle":-45,"axis":"x","origin":[8,6,8]},"faces":{"north":{"uv":[11.25,1.25,13.75,4.25],"texture":"#texture"},"east":{"uv":[11,2.25,14,4.75],"texture":"#texture"},"west":{"uv":[9.25,2.75,11.75,5.5],"texture":"#texture"},"up":{"uv":[10.75,2.5,13.75,5.25],"rotation":90,"texture":"#texture"}}},{"from":[7.75,6.94633,3.02424],"to":[8.25,8.19633,3.27424],"rotation":{"angle":-22.5,"axis":"x","origin":[8,6,8]},"faces":{"north":{"uv":[11.25,1.25,13.75,4.25],"texture":"#texture"},"east":{"uv":[11,2.25,14,4.75],"texture":"#texture"},"west":{"uv":[9.25,2.75,11.75,5.5],"texture":"#texture"},"up":{"uv":[10.75,2.5,13.75,5.25],"rotation":90,"texture":"#texture"}}},{"from":[7.875,6.67743,3.18346],"to":[8.125,7.92554,3.56693],"rotation":{"angle":-22.5,"axis":"x","origin":[8,6,8]},"faces":{"east":{"uv":[11,2.25,14,4.75],"texture":"#texture"},"west":{"uv":[9.25,2.75,11.75,5.5],"texture":"#texture"},"up":{"uv":[10.75,2.5,13.75,5.25],"rotation":90,"texture":"#texture"}}},{"from":[7.875,2.14124,4.52457],"to":[8.125,2.64124,5.52457],"rotation":{"angle":45,"axis":"x","origin":[8,6,8]},"faces":{"east":{"uv":[11,2.25,14,4.75],"texture":"#texture"},"west":{"uv":[9.25,2.75,11.75,5.5],"texture":"#texture"},"up":{"uv":[10.75,2.5,13.75,5.25],"rotation":90,"texture":"#texture"}}},{"from":[7.75,8.58075,4.22935],"to":[8.25,9.83761,4.47446],"rotation":{"angle":-45,"axis":"x","origin":[8,6,8]},"faces":{"east":{"uv":[11,2.25,14,4.75],"texture":"#texture"},"south":{"uv":[9.5,1.25,12.5,4.25],"texture":"#texture"},"west":{"uv":[9.25,2.75,11.75,5.5],"texture":"#texture"}}},{"from":[7.75,6.89862,3.20327],"to":[8.25,7.64862,3.45327],"rotation":{"angle":-22.5,"axis":"x","origin":[8,6,8]},"faces":{"east":{"uv":[11,2.25,14,4.75],"texture":"#texture"},"west":{"uv":[9.25,2.75,11.75,5.5],"texture":"#texture"}}},{"from":[12.59475,9,3.22703],"to":[12.94975,9.5,3.58203],"rotation":{"angle":45,"axis":"y","origin":[8,6,8]},"faces":{"north":{"uv":[10.75,1.75,13.25,4.75],"texture":"#texture"},"up":{"uv":[9.5,3,12.5,5.75],"rotation":90,"texture":"#texture"},"down":{"uv":[9.75,2,13,5],"rotation":270,"texture":"#texture"}}},{"from":[12.41797,9,3.05025],"to":[12.77297,9.5,3.40525],"rotation":{"angle":45,"axis":"y","origin":[8,6,8]},"faces":{"east":{"uv":[10.25,2.75,13.25,5.25],"texture":"#texture"},"up":{"uv":[9.5,3,12.5,5.75],"rotation":90,"texture":"#texture"},"down":{"uv":[9.75,2,13,5],"rotation":270,"texture":"#texture"}}},{"name":"leg_left","from":[5.99,3.75,5],"to":[10.00562,4.75,5.75],"rotation":{"angle":0,"axis":"y","origin":[8,6,8]},"faces":{"north":{"uv":[7,11.75,8.25,13.5],"texture":"#spots_1"},"east":{"uv":[7.75,0.25,15.75,14.5],"texture":"#spots_1"},"south":{"uv":[6.75,12.75,8.25,14.25],"texture":"#spots_1"},"west":{"uv":[15.75,0.25,7.75,14.5],"texture":"#spots_1"},"up":{"uv":[6.25,11.75,7.5,13],"rotation":90,"texture":"#spots_1"},"down":{"uv":[7.25,12.75,8.5,14.5],"rotation":270,"texture":"#spots_1"}}},{"name":"leg_right","from":[9.25,5,4],"to":[10,5.75,6.25],"rotation":{"angle":0,"axis":"y","origin":[8,6,8]},"faces":{"north":{"uv":[3.5,2.25,6,5.25],"texture":"#texture"},"east":{"uv":[3.75,2.75,6.75,5.25],"texture":"#texture"},"south":{"uv":[3.25,2,6.25,5],"texture":"#texture"},"west":{"uv":[1.5,2.75,4,5.5],"texture":"#texture"}}},{"name":"leg_right","from":[6,5,4],"to":[6.75,5.75,6.25],"rotation":{"angle":0,"axis":"y","origin":[8,6,8]},"faces":{"north":{"uv":[6,2.25,3.5,5.25],"texture":"#texture"},"east":{"uv":[4,2.75,1.5,5.5],"texture":"#texture"},"south":{"uv":[6.25,2,3.25,5],"texture":"#texture"},"west":{"uv":[6.75,2.75,3.75,5.25],"texture":"#texture"}}},{"name":"leg_right","from":[8.88599,6.53244,4],"to":[9.59099,7.23744,6.25],"rotation":{"angle":-45,"axis":"z","origin":[8,6,8]},"faces":{"north":{"uv":[3.5,2.25,6,5.25],"texture":"#texture"},"south":{"uv":[3.25,2,6.25,5],"texture":"#texture"},"west":{"uv":[1.5,2.75,4,5.5],"texture":"#texture"},"up":{"uv":[2,1.75,5,4.5],"rotation":90,"texture":"#texture"}}},{"name":"leg_right","from":[6.40901,6.53244,4],"to":[7.11401,7.23744,6.25],"rotation":{"angle":45,"axis":"z","origin":[8,6,8]},"faces":{"north":{"uv":[6,2.25,3.5,5.25],"texture":"#texture"},"east":{"uv":[4,2.75,1.5,5.5],"texture":"#texture"},"south":{"uv":[6.25,2,3.25,5],"texture":"#texture"},"up":{"uv":[2,4.5,5,1.75],"rotation":90,"texture":"#texture"}}},{"name":"leg_right","from":[9.25,3.5,4.5],"to":[10,5.75,5.75],"rotation":{"angle":0,"axis":"y","origin":[8,6,8]},"faces":{"north":{"uv":[3.5,2.25,6,5.25],"texture":"#texture"},"east":{"uv":[3.75,2.75,6.75,5.25],"texture":"#texture"},"south":{"uv":[3.25,2,6.25,5],"texture":"#texture"},"west":{"uv":[1.5,2.75,4,5.5],"texture":"#texture"}}},{"name":"leg_right","from":[6,3.5,4.5],"to":[6.75,5.75,5.75],"rotation":{"angle":0,"axis":"y","origin":[8,6,8]},"faces":{"north":{"uv":[6,2.25,3.5,5.25],"texture":"#texture"},"east":{"uv":[4,2.75,1.5,5.5],"texture":"#texture"},"south":{"uv":[6.25,2,3.25,5],"texture":"#texture"},"west":{"uv":[6.75,2.75,3.75,5.25],"texture":"#texture"}}},{"name":"leg_right","from":[9.25,5.10685,3.9218],"to":[10,6.60685,4.6718],"rotation":{"angle":-22.5,"axis":"x","origin":[8,6,8]},"faces":{"north":{"uv":[3.5,2.25,6,5.25],"texture":"#texture"},"east":{"uv":[3.75,2.75,6.75,5.25],"texture":"#texture"},"west":{"uv":[1.5,2.75,4,5.5],"texture":"#texture"}}},{"name":"leg_right","from":[6,5.10685,3.9218],"to":[6.75,6.60685,4.6718],"rotation":{"angle":-22.5,"axis":"x","origin":[8,6,8]},"faces":{"north":{"uv":[6,2.25,3.5,5.25],"texture":"#texture"},"east":{"uv":[4,2.75,1.5,5.5],"texture":"#texture"},"west":{"uv":[6.75,2.75,3.75,5.25],"texture":"#texture"}}},{"name":"leg_right","from":[9.25,2.91723,6.01457],"to":[10,4.40643,6.7659],"rotation":{"angle":22.5,"axis":"x","origin":[8,6,8]},"faces":{"east":{"uv":[3.75,2.75,6.75,5.25],"texture":"#texture"},"south":{"uv":[3.25,2,6.25,5],"texture":"#texture"},"west":{"uv":[1.5,2.75,4,5.5],"texture":"#texture"}}},{"name":"leg_right","from":[6,2.91723,6.01457],"to":[6.75,4.40643,6.7659],"rotation":{"angle":22.5,"axis":"x","origin":[8,6,8]},"faces":{"east":{"uv":[4,2.75,1.5,5.5],"texture":"#texture"},"south":{"uv":[6.25,2,3.25,5],"texture":"#texture"},"west":{"uv":[6.75,2.75,3.75,5.25],"texture":"#texture"}}},{"name":"leg_right","from":[9.25,0.5,4.5],"to":[10,2.5,5.25],"rotation":{"angle":0,"axis":"y","origin":[8,6,8]},"faces":{"north":{"uv":[10.25,1.5,12.75,4.5],"texture":"#texture"},"east":{"uv":[10.5,2.5,13.5,5],"texture":"#texture"},"south":{"uv":[9.75,1.25,12.75,4.25],"texture":"#texture"},"west":{"uv":[9.5,2.25,12,5],"texture":"#texture"}}},{"name":"leg_right","from":[6,0.5,4.5],"to":[6.75,2.5,5.25],"rotation":{"angle":0,"axis":"y","origin":[8,6,8]},"faces":{"north":{"uv":[12.75,1.5,10.25,4.5],"texture":"#texture"},"east":{"uv":[12,2.25,9.5,5],"texture":"#texture"},"south":{"uv":[12.75,1.25,9.75,4.25],"texture":"#texture"},"west":{"uv":[13.5,2.5,10.5,5],"texture":"#texture"}}},{"name":"leg_right","from":[9.25,0,4],"to":[10,0.5,5.25],"rotation":{"angle":0,"axis":"y","origin":[8,6,8]},"faces":{"north":{"uv":[10.25,1.5,12.75,4.5],"texture":"#texture"},"east":{"uv":[10.5,2.5,13.5,5],"texture":"#texture"},"south":{"uv":[9.75,1.25,12.75,4.25],"texture":"#texture"},"west":{"uv":[9.5,2.25,12,5],"texture":"#texture"},"up":{"uv":[9.25,2.75,12.25,5.5],"rotation":90,"texture":"#texture"},"down":{"uv":[9.75,1.5,13,4.5],"rotation":270,"texture":"#texture"}}},{"name":"leg_right","from":[6,0,4],"to":[6.75,0.5,5.25],"rotation":{"angle":0,"axis":"y","origin":[8,6,8]},"faces":{"north":{"uv":[12.75,1.5,10.25,4.5],"texture":"#texture"},"east":{"uv":[12,2.25,9.5,5],"texture":"#texture"},"south":{"uv":[12.75,1.25,9.75,4.25],"texture":"#texture"},"west":{"uv":[13.5,2.5,10.5,5],"texture":"#texture"},"up":{"uv":[9.25,5.5,12.25,2.75],"rotation":90,"texture":"#texture"},"down":{"uv":[9.75,4.5,13,1.5],"rotation":270,"texture":"#texture"}}},{"name":"leg_right","from":[9.25,0.14971,6.757],"to":[10,1.90539,7.26067],"rotation":{"angle":22.5,"axis":"x","origin":[8,6,8]},"faces":{"east":{"uv":[10.5,2.5,13.5,5],"texture":"#texture"},"south":{"uv":[9.75,1.25,12.75,4.25],"texture":"#texture"},"west":{"uv":[9.5,2.25,12,5],"texture":"#texture"}}},{"name":"leg_right","from":[6,0.14971,6.757],"to":[6.75,1.90539,7.26067],"rotation":{"angle":22.5,"axis":"x","origin":[8,6,8]},"faces":{"east":{"uv":[12,2.25,9.5,5],"texture":"#texture"},"south":{"uv":[12.75,1.25,9.75,4.25],"texture":"#texture"},"west":{"uv":[13.5,2.5,10.5,5],"texture":"#texture"}}},{"name":"leg_right","from":[9.5615,2.75,5.625],"to":[9.5625,4.25,6.375],"rotation":{"angle":0,"axis":"y","origin":[8,6,8]},"faces":{"east":{"uv":[7,0.25,0.25,12.5],"texture":"#details_2"},"west":{"uv":[0.25,0.25,7,12.5],"texture":"#details_2"}}},{"name":"leg_right","from":[6.4375,2.75,5.625],"to":[6.4385,4.25,6.375],"rotation":{"angle":0,"axis":"y","origin":[8,6,8]},"faces":{"east":{"uv":[7,0.25,0.25,12.5],"texture":"#details_2"},"west":{"uv":[0.25,0.25,7,12.5],"texture":"#details_2"}}},{"name":"leg_right","from":[9.25,2.5,4.5],"to":[10,3.5,5.75],"rotation":{"angle":0,"axis":"y","origin":[8,6,8]},"faces":{"north":{"uv":[4.5,0.25,10,10.5],"texture":"#fur_1"},"east":{"uv":[4.75,0.25,0.25,10.5],"texture":"#fur_1"},"south":{"uv":[10,0.25,4.5,10.5],"texture":"#fur_1"},"west":{"uv":[0.25,0.25,4.75,10.5],"texture":"#fur_1"}}},{"name":"leg_right","from":[6,2.5,4.5],"to":[6.75,3.5,5.75],"rotation":{"angle":0,"axis":"y","origin":[8,6,8]},"faces":{"north":{"uv":[10,0.25,4.5,10.5],"texture":"#fur_1"},"east":{"uv":[4.75,0.25,0.25,10.5],"texture":"#fur_1"},"south":{"uv":[4.5,0.25,10,10.5],"texture":"#fur_1"},"west":{"uv":[0.25,0.25,4.75,10.5],"texture":"#fur_1"}}},{"name":"leg_right","from":[9.4375,0,3.875],"to":[9.8125,0.5625,5.125],"rotation":{"angle":0,"axis":"y","origin":[8,6,8]},"faces":{"north":{"uv":[10.25,1.5,12.75,4.5],"texture":"#texture"},"east":{"uv":[10.5,2.5,13.5,5],"texture":"#texture"},"west":{"uv":[9.5,2.25,12,5],"texture":"#texture"},"up":{"uv":[9.25,2.75,12.25,5.5],"rotation":90,"texture":"#texture"},"down":{"uv":[9.75,1.5,13,4.5],"rotation":270,"texture":"#texture"}}},{"name":"leg_right","from":[6.1875,0,3.875],"to":[6.5625,0.5625,5.125],"rotation":{"angle":0,"axis":"y","origin":[8,6,8]},"faces":{"north":{"uv":[12.75,1.5,10.25,4.5],"texture":"#texture"},"east":{"uv":[12,2.25,9.5,5],"texture":"#texture"},"west":{"uv":[13.5,2.5,10.5,5],"texture":"#texture"},"up":{"uv":[9.25,5.5,12.25,2.75],"rotation":90,"texture":"#texture"},"down":{"uv":[9.75,4.5,13,1.5],"rotation":270,"texture":"#texture"}}},{"name":"leg_right","from":[8.89893,6.57663,4.5],"to":[9.57268,7.24257,5],"rotation":{"angle":-45,"axis":"z","origin":[8,6,8]},"faces":{"north":{"uv":[7,11.75,8.25,13.5],"texture":"#spots_1"},"east":{"uv":[11,6.75,13.25,9.5],"texture":"#spots_1"},"south":{"uv":[6.75,12.75,8.25,14.25],"texture":"#spots_1"},"west":{"uv":[11.5,5.5,13,8.5],"texture":"#spots_1"},"up":{"uv":[5.75,10.75,0.25,15.75],"rotation":270,"texture":"#spots_1"}}},{"name":"leg_right","from":[6.42732,6.57663,4.5],"to":[7.10107,7.24257,5],"rotation":{"angle":45,"axis":"z","origin":[8,6,8]},"faces":{"north":{"uv":[8.25,11.75,7,13.5],"texture":"#spots_1"},"east":{"uv":[13,5.5,11.5,8.5],"texture":"#spots_1"},"south":{"uv":[8.25,12.75,6.75,14.25],"texture":"#spots_1"},"west":{"uv":[13.25,6.75,11,9.5],"texture":"#spots_1"},"up":{"uv":[5.75,15.75,0.25,10.75],"rotation":270,"texture":"#spots_1"}}},{"from":[7.75,7.23586,9.23744],"to":[8.25,10.05342,9.57856],"rotation":{"angle":45,"axis":"x","origin":[8,6,8]},"faces":{"north":{"uv":[3.5,2.25,6,5.25],"texture":"#texture"},"east":{"uv":[3.75,2.75,6.75,5.25],"texture":"#texture"},"south":{"uv":[3.25,2,6.25,5],"texture":"#texture"},"west":{"uv":[1.5,2.75,4,5.5],"texture":"#texture"}}},{"from":[7.75,7.75,11.5],"to":[8.25,8.9747,11.98241],"rotation":{"angle":0,"axis":"y","origin":[8,6,8]},"faces":{"north":{"uv":[3.5,2.25,6,5.25],"texture":"#texture"},"east":{"uv":[3.75,2.75,6.75,5.25],"texture":"#texture"},"south":{"uv":[3.25,2,6.25,5],"texture":"#texture"},"west":{"uv":[1.5,2.75,4,5.5],"texture":"#texture"}}},{"from":[7.75,5.28744,12.41942],"to":[8.25,7.23744,12.91942],"rotation":{"angle":-45,"axis":"x","origin":[8,6,8]},"faces":{"north":{"uv":[3.5,2.25,6,5.25],"texture":"#texture"},"east":{"uv":[3.75,2.75,6.75,5.25],"texture":"#texture"},"south":{"uv":[3.25,2,6.25,5],"texture":"#texture"},"west":{"uv":[1.5,2.75,4,5.5],"texture":"#texture"}}},{"from":[7.75,10,10.25],"to":[8.25,10.5,10.75],"rotation":{"angle":0,"axis":"y","origin":[8,6,8]},"faces":{"north":{"uv":[3.5,2.25,6,5.25],"texture":"#texture"},"east":{"uv":[3.75,2.75,6.75,5.25],"texture":"#texture"},"south":{"uv":[3.25,2,6.25,5],"texture":"#texture"},"west":{"uv":[1.5,2.75,4,5.5],"texture":"#texture"}}},{"from":[7.75,7.06099,12.77297],"to":[8.25,7.59099,14.54297],"rotation":{"angle":-45,"axis":"x","origin":[8,6,8]},"faces":{"east":{"uv":[3.75,2.75,6.75,5.25],"texture":"#texture"},"west":{"uv":[1.5,2.75,4,5.5],"texture":"#texture"},"up":{"uv":[2,1.75,5,4.5],"rotation":90,"texture":"#texture"},"down":{"uv":[2.75,2.25,6,5.25],"rotation":270,"texture":"#texture"}}},{"from":[7.75,11.25,11.50158],"to":[8.25,11.75158,13.75],"rotation":{"angle":0,"axis":"y","origin":[8,6,8]},"faces":{"east":{"uv":[3.75,2.75,6.75,5.25],"texture":"#texture"},"west":{"uv":[1.5,2.75,4,5.5],"texture":"#texture"},"down":{"uv":[2.75,2.25,6,5.25],"rotation":270,"texture":"#texture"}}},{"from":[7.75,9.44167,13.43607],"to":[8.25,9.97377,15.43401],"rotation":{"angle":-22.5,"axis":"x","origin":[8,6,8]},"faces":{"east":{"uv":[3.75,2.75,6.75,5.25],"texture":"#texture"},"west":{"uv":[1.5,2.75,4,5.5],"texture":"#texture"},"up":{"uv":[2,1.75,5,4.5],"rotation":90,"texture":"#texture"}}},{"from":[7.75,13.51334,7.33839],"to":[8.25,14.04334,9.85839],"rotation":{"angle":45,"axis":"x","origin":[8,6,8]},"faces":{"east":{"uv":[3.75,2.75,6.75,5.25],"texture":"#texture"},"west":{"uv":[1.5,2.75,4,5.5],"texture":"#texture"},"down":{"uv":[2.75,2.25,6,5.25],"rotation":270,"texture":"#texture"}}},{"from":[7.75,9.76106,14.5],"to":[8.25,10.5,15.07617],"rotation":{"angle":0,"axis":"y","origin":[8,6,8]},"faces":{"north":{"uv":[3.5,2.25,6,5.25],"texture":"#texture"},"east":{"uv":[3.75,2.75,6.75,5.25],"texture":"#texture"},"west":{"uv":[1.5,2.75,4,5.5],"texture":"#texture"},"down":{"uv":[2.75,2.25,6,5.25],"rotation":270,"texture":"#texture"}}},{"from":[7.75,13.17949,10.44676],"to":[8.25,14.06652,12.20993],"rotation":{"angle":22.5,"axis":"x","origin":[8,6,8]},"faces":{"east":{"uv":[3.75,2.75,6.75,5.25],"texture":"#texture"},"west":{"uv":[1.5,2.75,4,5.5],"texture":"#texture"},"up":{"uv":[2,1.75,5,4.5],"rotation":90,"texture":"#texture"}}},{"from":[7.75,7.47077,15.6786],"to":[8.25,8.72702,16.68076],"rotation":{"angle":-22.5,"axis":"x","origin":[8,6,8]},"faces":{"east":{"uv":[3.75,2.75,6.75,5.25],"texture":"#texture"},"south":{"uv":[3.25,2,6.25,5],"texture":"#texture"},"west":{"uv":[1.5,2.75,4,5.5],"texture":"#texture"}}},{"from":[7.75,12.1827,12.60157],"to":[8.25,13.17822,13.09823],"rotation":{"angle":22.5,"axis":"x","origin":[8,6,8]},"faces":{"east":{"uv":[3.75,2.75,6.75,5.25],"texture":"#texture"},"south":{"uv":[3.25,2,6.25,5],"texture":"#texture"},"west":{"uv":[1.5,2.75,4,5.5],"texture":"#texture"}}},{"from":[7.999,6.78553,13.65685],"to":[8,9.53553,16.40685],"rotation":{"angle":-45,"axis":"x","origin":[8,6,8]},"faces":{"east":{"uv":[15.75,0.25,0.25,14.5],"texture":"#tail_fur"},"west":{"uv":[0.25,0.25,15.75,14.5],"texture":"#tail_fur"}}},{"from":[7.999,8.725,14.43034],"to":[8,11.725,16.68034],"rotation":{"angle":-22.5,"axis":"x","origin":[8,6,8]},"faces":{"east":{"uv":[15.75,0.25,0.25,14.5],"texture":"#tail_fur"},"west":{"uv":[0.25,0.25,15.75,14.5],"texture":"#tail_fur"}}},{"name":"leg_left_back","from":[6.5,5.75,8.75],"to":[9.5,6.25,10.75],"rotation":{"angle":0,"axis":"y","origin":[8,6,8]},"faces":{"south":{"uv":[3.25,2,6.25,5],"texture":"#texture"},"up":{"uv":[2,1.75,5,4.5],"rotation":90,"texture":"#texture"}}},{"name":"leg_left_back","from":[5.99,4.25,9],"to":[10.00562,5,9.5],"rotation":{"angle":0,"axis":"y","origin":[8,6,8]},"faces":{"north":{"uv":[10.25,11,11.5,12.75],"texture":"#spots_4"},"east":{"uv":[9.5,0.25,0.25,13.75],"texture":"#spots_4"},"south":{"uv":[10.5,10.25,12,11.75],"texture":"#spots_4"},"west":{"uv":[0.25,0.25,9.5,13.75],"texture":"#spots_4"},"up":{"uv":[11.5,10,13.75,12],"rotation":90,"texture":"#spots_4"},"down":{"uv":[11.75,10,13,11.75],"rotation":270,"texture":"#spots_4"}}},{"name":"leg_left_back","from":[5.99,4.75,10.25],"to":[10.00562,5.75,10.75],"rotation":{"angle":0,"axis":"y","origin":[8,6,8]},"faces":{"north":{"uv":[10.25,11,11.5,12.75],"texture":"#spots_2"},"east":{"uv":[11,0.25,0.25,13.25],"texture":"#spots_2"},"south":{"uv":[10.5,10.25,12,11.75],"texture":"#spots_2"},"west":{"uv":[0.25,0.25,11,13.25],"texture":"#spots_2"},"up":{"uv":[11.5,10,13.75,12],"rotation":90,"texture":"#spots_2"},"down":{"uv":[11.75,10,13,11.75],"rotation":270,"texture":"#spots_2"}}},{"name":"leg_left_back","from":[5.99,3.5,10],"to":[10.00562,4,10.25],"rotation":{"angle":0,"axis":"y","origin":[8,6,8]},"faces":{"north":{"uv":[10.25,11,11.5,12.75],"texture":"#spots_2"},"east":{"uv":[15.75,0.25,12,7.75],"texture":"#spots_2"},"south":{"uv":[10.5,10.25,12,11.75],"texture":"#spots_2"},"west":{"uv":[12,0.25,15.75,7.75],"texture":"#spots_2"},"up":{"uv":[11.5,10,13.75,12],"rotation":90,"texture":"#spots_2"},"down":{"uv":[11.75,10,13,11.75],"rotation":270,"texture":"#spots_2"}}},{"name":"leg_right_back","from":[9.25,4.25,8.75],"to":[10,5.75,10.75],"rotation":{"angle":0,"axis":"y","origin":[8,6,8]},"faces":{"north":{"uv":[3.5,2.25,6,5.25],"texture":"#texture"},"east":{"uv":[3.75,2.75,6.75,5.25],"texture":"#texture"},"south":{"uv":[3.25,2,6.25,5],"texture":"#texture"},"west":{"uv":[1.5,2.75,4,5.5],"texture":"#texture"}}},{"name":"leg_right_back","from":[6,4.25,8.75],"to":[6.75,5.75,10.75],"rotation":{"angle":0,"axis":"y","origin":[8,6,8]},"faces":{"north":{"uv":[6,2.25,3.5,5.25],"texture":"#texture"},"east":{"uv":[4,2.75,1.5,5.5],"texture":"#texture"},"south":{"uv":[6.25,2,3.25,5],"texture":"#texture"},"west":{"uv":[6.75,2.75,3.75,5.25],"texture":"#texture"}}},{"name":"leg_right_back","from":[9.25,2.28723,7.29289],"to":[10,4.23223,8.53289],"rotation":{"angle":-45,"axis":"x","origin":[8,6,8]},"faces":{"north":{"uv":[3.5,2.25,6,5.25],"texture":"#texture"},"east":{"uv":[3.75,2.75,6.75,5.25],"texture":"#texture"},"south":{"uv":[3.25,2,6.25,5],"texture":"#texture"},"west":{"uv":[1.5,2.75,4,5.5],"texture":"#texture"}}},{"name":"leg_right_back","from":[6,2.28723,7.29289],"to":[6.75,4.23223,8.53289],"rotation":{"angle":-45,"axis":"x","origin":[8,6,8]},"faces":{"north":{"uv":[6,2.25,3.5,5.25],"texture":"#texture"},"east":{"uv":[4,2.75,1.5,5.5],"texture":"#texture"},"south":{"uv":[6.25,2,3.25,5],"texture":"#texture"},"west":{"uv":[6.75,2.75,3.75,5.25],"texture":"#texture"}}},{"name":"leg_right_back","from":[9.25,2.75,10],"to":[10,3.75149,11.00214],"rotation":{"angle":0,"axis":"y","origin":[8,6,8]},"faces":{"north":{"uv":[3.5,2.25,6,5.25],"texture":"#texture"},"east":{"uv":[3.75,2.75,6.75,5.25],"texture":"#texture"},"south":{"uv":[3.25,2,6.25,5],"texture":"#texture"},"west":{"uv":[1.5,2.75,4,5.5],"texture":"#texture"}}},{"name":"leg_right_back","from":[6,2.75,10],"to":[6.75,3.75149,11.00214],"rotation":{"angle":0,"axis":"y","origin":[8,6,8]},"faces":{"north":{"uv":[6,2.25,3.5,5.25],"texture":"#texture"},"east":{"uv":[4,2.75,1.5,5.5],"texture":"#texture"},"south":{"uv":[6.25,2,3.25,5],"texture":"#texture"},"west":{"uv":[6.75,2.75,3.75,5.25],"texture":"#texture"}}},{"name":"leg_right_back","from":[9.25,1.25,10],"to":[10,2.75,11],"rotation":{"angle":0,"axis":"y","origin":[8,6,8]},"faces":{"north":{"uv":[10.25,1.5,12.75,4.5],"texture":"#texture"},"east":{"uv":[10.5,2.5,13.5,5],"texture":"#texture"},"south":{"uv":[9.75,1.25,12.75,4.25],"texture":"#texture"},"west":{"uv":[9.5,2.25,12,5],"texture":"#texture"}}},{"name":"leg_right_back","from":[6,1.25,10],"to":[6.75,2.75,11],"rotation":{"angle":0,"axis":"y","origin":[8,6,8]},"faces":{"north":{"uv":[12.75,1.5,10.25,4.5],"texture":"#texture"},"east":{"uv":[12,2.25,9.5,5],"texture":"#texture"},"south":{"uv":[12.75,1.25,9.75,4.25],"texture":"#texture"},"west":{"uv":[13.5,2.5,10.5,5],"texture":"#texture"}}},{"name":"leg_right_back","from":[9.25,1.41281,11.75297],"to":[10,2.75962,12.58939],"rotation":{"angle":22.5,"axis":"x","origin":[8,6,8]},"faces":{"north":{"uv":[10.25,1.5,12.75,4.5],"texture":"#texture"},"east":{"uv":[10.5,2.5,13.5,5],"texture":"#texture"},"south":{"uv":[9.75,1.25,12.75,4.25],"texture":"#texture"},"west":{"uv":[9.5,2.25,12,5],"texture":"#texture"}}},{"name":"leg_right_back","from":[6,1.41281,11.75297],"to":[6.75,2.75962,12.58939],"rotation":{"angle":22.5,"axis":"x","origin":[8,6,8]},"faces":{"north":{"uv":[12.75,1.5,10.25,4.5],"texture":"#texture"},"east":{"uv":[12,2.25,9.5,5],"texture":"#texture"},"south":{"uv":[12.75,1.25,9.75,4.25],"texture":"#texture"},"west":{"uv":[13.5,2.5,10.5,5],"texture":"#texture"}}},{"name":"leg_right_back","from":[9.25,0.5,10],"to":[10,1.25,10.25],"rotation":{"angle":0,"axis":"y","origin":[8,6,8]},"faces":{"north":{"uv":[10.25,1.5,12.75,4.5],"texture":"#texture"},"east":{"uv":[10.5,2.5,13.5,5],"texture":"#texture"},"west":{"uv":[9.5,2.25,12,5],"texture":"#texture"}}},{"name":"leg_right_back","from":[6,0.5,10],"to":[6.75,1.25,10.25],"rotation":{"angle":0,"axis":"y","origin":[8,6,8]},"faces":{"north":{"uv":[12.75,1.5,10.25,4.5],"texture":"#texture"},"east":{"uv":[12,2.25,9.5,5],"texture":"#texture"},"west":{"uv":[13.5,2.5,10.5,5],"texture":"#texture"}}},{"name":"leg_right_back","from":[9.25,0.00571,9.5],"to":[10,0.5,10.4846],"rotation":{"angle":0,"axis":"y","origin":[8,6,8]},"faces":{"north":{"uv":[10.25,1.5,12.75,4.5],"texture":"#texture"},"east":{"uv":[10.5,2.5,13.5,5],"texture":"#texture"},"west":{"uv":[9.5,2.25,12,5],"texture":"#texture"},"up":{"uv":[9.25,2.75,12.25,5.5],"rotation":90,"texture":"#texture"},"down":{"uv":[9.75,1.5,13,4.5],"rotation":270,"texture":"#texture"}}},{"name":"leg_right_back","from":[6,0.00571,9.5],"to":[6.75,0.5,10.4846],"rotation":{"angle":0,"axis":"y","origin":[8,6,8]},"faces":{"north":{"uv":[12.75,1.5,10.25,4.5],"texture":"#texture"},"east":{"uv":[12,2.25,9.5,5],"texture":"#texture"},"west":{"uv":[13.5,2.5,10.5,5],"texture":"#texture"},"up":{"uv":[9.25,5.5,12.25,2.75],"rotation":90,"texture":"#texture"},"down":{"uv":[9.75,4.5,13,1.5],"rotation":270,"texture":"#texture"}}},{"name":"leg_right_back","from":[9.4375,0.00571,9.40625],"to":[9.75,0.5625,10.1875],"rotation":{"angle":0,"axis":"y","origin":[8,6,8]},"faces":{"north":{"uv":[10.25,1.5,12.75,4.5],"texture":"#texture"},"east":{"uv":[10.5,2.5,13.5,5],"texture":"#texture"},"west":{"uv":[9.5,2.25,12,5],"texture":"#texture"},"up":{"uv":[9.25,2.75,12.25,5.5],"rotation":90,"texture":"#texture"},"down":{"uv":[9.75,1.5,13,4.5],"rotation":270,"texture":"#texture"}}},{"name":"leg_right_back","from":[6.25,0.00571,9.40625],"to":[6.5625,0.5625,10.1875],"rotation":{"angle":0,"axis":"y","origin":[8,6,8]},"faces":{"north":{"uv":[12.75,1.5,10.25,4.5],"texture":"#texture"},"east":{"uv":[12,2.25,9.5,5],"texture":"#texture"},"west":{"uv":[13.5,2.5,10.5,5],"texture":"#texture"},"up":{"uv":[9.25,5.5,12.25,2.75],"rotation":90,"texture":"#texture"},"down":{"uv":[9.75,4.5,13,1.5],"rotation":270,"texture":"#texture"}}},{"name":"leg_right_back","from":[8.88388,6.53244,8.75],"to":[9.59099,7.23744,10.75],"rotation":{"angle":-45,"axis":"z","origin":[8,6,8]},"faces":{"north":{"uv":[3.5,2.25,6,5.25],"texture":"#texture"},"south":{"uv":[3.25,2,6.25,5],"texture":"#texture"},"up":{"uv":[2,1.75,5,4.5],"rotation":90,"texture":"#texture"}}},{"name":"leg_right_back","from":[6.40901,6.53244,8.75],"to":[7.11612,7.23744,10.75],"rotation":{"angle":45,"axis":"z","origin":[8,6,8]},"faces":{"north":{"uv":[6,2.25,3.5,5.25],"texture":"#texture"},"south":{"uv":[6.25,2,3.25,5],"texture":"#texture"},"up":{"uv":[2,4.5,5,1.75],"rotation":90,"texture":"#texture"}}},{"name":"leg_right_back","from":[9.25,3.5,10.5],"to":[10,4.25,10.75],"rotation":{"angle":0,"axis":"y","origin":[8,6,8]},"faces":{"east":{"uv":[3.75,2.75,6.75,5.25],"texture":"#texture"},"south":{"uv":[3.25,2,6.25,5],"texture":"#texture"},"west":{"uv":[1.5,2.75,4,5.5],"texture":"#texture"}}},{"name":"leg_right_back","from":[6,3.5,10.5],"to":[6.75,4.25,10.75],"rotation":{"angle":0,"axis":"y","origin":[8,6,8]},"faces":{"east":{"uv":[4,2.75,1.5,5.5],"texture":"#texture"},"south":{"uv":[6.25,2,3.25,5],"texture":"#texture"},"west":{"uv":[6.75,2.75,3.75,5.25],"texture":"#texture"}}},{"from":[7,5.75,8.5],"to":[9,7,10.5],"rotation":{"angle":0,"axis":"y","origin":[8,6,8]},"faces":{"north":{"uv":[3.5,2.25,6,5.25],"texture":"#texture"},"up":{"uv":[2,1.75,5,4.5],"rotation":90,"texture":"#texture"}}},{"from":[7,2.81802,8.35355],"to":[9,6.35355,9.05855],"rotation":{"angle":-45,"axis":"x","origin":[8,6,8]},"faces":{"east":{"uv":[4,2.5,14,5.5],"rotation":90,"texture":"#texture"},"south":{"uv":[3.25,2,6.25,5],"texture":"#texture"},"west":{"uv":[4,2.5,14,5.5],"rotation":90,"texture":"#texture"},"up":{"uv":[2,1.75,5,4.5],"rotation":90,"texture":"#texture"},"down":{"uv":[11,2.5,14,5.5],"texture":"#texture"}}},{"from":[7,5.45351,5.76956],"to":[9,6.15851,7.51956],"rotation":{"angle":22.5,"axis":"x","origin":[8,6,8]},"faces":{"east":{"uv":[3.75,2.75,6.75,5.25],"texture":"#texture"},"west":{"uv":[1.5,2.75,4,5.5],"texture":"#texture"},"up":{"uv":[2,1.75,5,4.5],"rotation":90,"texture":"#texture"}}},{"from":[7.29289,3.87868,8.5],"to":[8,7.41421,10.5],"rotation":{"angle":45,"axis":"z","origin":[8,6,8]},"faces":{"north":{"uv":[4,2.5,14,5.5],"rotation":90,"texture":"#texture"},"south":{"uv":[4,2.5,14,5.5],"rotation":90,"texture":"#texture"},"up":{"uv":[2,1.75,5,4.5],"rotation":90,"texture":"#texture"},"down":{"uv":[11,2.25,14,4.75],"rotation":270,"texture":"#texture"}}},{"from":[8,3.87868,8.5],"to":[8.70711,7.41421,10.5],"rotation":{"angle":-45,"axis":"z","origin":[8,6,8]},"faces":{"north":{"uv":[4,2.5,14,5.5],"rotation":90,"texture":"#texture"},"south":{"uv":[4,2.5,14,5.5],"rotation":90,"texture":"#texture"},"west":{"uv":[1.5,2.75,4,5.5],"texture":"#texture"},"up":{"uv":[2,1.75,5,4.5],"rotation":90,"texture":"#texture"},"down":{"uv":[11,2.25,14,4.75],"rotation":270,"texture":"#texture"}}},{"from":[7,6.25,6.25],"to":[9,6.75,9],"rotation":{"angle":0,"axis":"y","origin":[8,6,8]},"faces":{"east":{"uv":[3.75,2.75,6.75,5.25],"texture":"#texture"},"up":{"uv":[2,1.75,5,4.5],"rotation":90,"texture":"#texture"}}},{"from":[7.11822,6.53244,6.25],"to":[7.82322,7.23744,9],"rotation":{"angle":45,"axis":"z","origin":[8,6,8]},"faces":{"north":{"uv":[3.5,2.25,6,5.25],"texture":"#texture"},"south":{"uv":[3.25,2,6.25,5],"texture":"#texture"},"up":{"uv":[2,1.75,5,4.5],"rotation":90,"texture":"#texture"}}},{"from":[8.17888,6.53244,6],"to":[8.88388,7.23744,9],"rotation":{"angle":-45,"axis":"z","origin":[8,6,8]},"faces":{"north":{"uv":[3.5,2.25,6,5.25],"texture":"#texture"},"south":{"uv":[3.25,2,6.25,5],"texture":"#texture"},"west":{"uv":[1.5,2.75,4,5.5],"texture":"#texture"},"up":{"uv":[2,1.75,5,4.5],"rotation":90,"texture":"#texture"}}},{"from":[7,4.8125,10.01],"to":[9,5.5625,11.01],"rotation":{"angle":0,"axis":"y","origin":[8,6,8]},"faces":{"east":{"uv":[3,7.25,6.5,11.25],"texture":"#details_back"},"south":{"uv":[0.25,0.25,7.25,4.25],"rotation":180,"texture":"#details_back"},"west":{"uv":[6.5,9,9.25,12],"texture":"#details_back"},"up":{"uv":[9,7.25,11.75,10.75],"rotation":90,"texture":"#details_back"},"down":{"uv":[6,9,8.75,11.25],"rotation":270,"texture":"#details_back"}}},{"from":[8.25,12.72669,6.93227],"to":[8.5,13.43169,7.63727],"rotation":{"angle":-45,"axis":"x","origin":[8,6,8]},"faces":{"up":{"uv":[0.25,0.25,4.25,15.75],"rotation":180,"texture":"#details"}}},{"from":[7.5,12.72669,6.93227],"to":[7.75,13.43169,7.63727],"rotation":{"angle":-45,"axis":"x","origin":[8,6,8]},"faces":{"up":{"uv":[0.25,0.25,4.25,15.75],"rotation":180,"texture":"#details"}}},{"name":"leg_left*","from":[7.28793,6.71628,5.625],"to":[7.99293,7.42128,6.125],"rotation":{"angle":45,"axis":"z","origin":[8,6,8]},"faces":{"north":{"uv":[11.5,3.25,14.25,6.25],"texture":"#spots_4"},"east":{"uv":[9.25,1.5,12.25,6],"texture":"#spots_4"},"south":{"uv":[10.5,2.75,13,5.75],"texture":"#spots_4"},"west":{"uv":[10.25,1.5,13.75,5.25],"texture":"#spots_4"},"up":{"uv":[9.5,0.25,0.25,13.75],"rotation":90,"texture":"#spots_4"}}},{"name":"leg_left*","from":[8.00918,6.71628,5.375],"to":[8.71418,7.42128,5.875],"rotation":{"angle":-45,"axis":"z","origin":[8,6,8]},"faces":{"north":{"uv":[11.5,3.25,14.25,6.25],"texture":"#spots_4"},"east":{"uv":[9.25,1.5,12.25,6],"texture":"#spots_4"},"south":{"uv":[10.5,2.75,13,5.75],"texture":"#spots_4"},"west":{"uv":[10.25,1.5,13.75,5.25],"texture":"#spots_4"},"up":{"uv":[0.25,0.25,9.5,13.75],"rotation":270,"texture":"#spots_4"}}},{"name":"leg_left*","from":[7.625,6.01,7],"to":[8.375,6.76,8.25],"rotation":{"angle":0,"axis":"y","origin":[8,6,8]},"faces":{"north":{"uv":[11.5,3.25,14.25,6.25],"texture":"#spots_4"},"east":{"uv":[9.25,1.5,12.25,6],"texture":"#spots_4"},"south":{"uv":[10.5,2.75,13,5.75],"texture":"#spots_4"},"west":{"uv":[10.25,1.5,13.75,5.25],"texture":"#spots_4"},"up":{"uv":[9.5,0.25,0.25,13.75],"rotation":90,"texture":"#spots_4"}}},{"name":"leg_left*","from":[7.30207,6.71628,9.25],"to":[8.00707,7.42128,10],"rotation":{"angle":45,"axis":"z","origin":[8,6,8]},"faces":{"north":{"uv":[11.5,3.25,14.25,6.25],"texture":"#spots_3"},"east":{"uv":[9.25,1.5,11.75,4.25],"texture":"#spots_3"},"south":{"uv":[10.5,2.75,13,5.75],"texture":"#spots_3"},"west":{"uv":[10.25,1.5,13.75,5.25],"texture":"#spots_3"},"up":{"uv":[0.25,0.25,11.75,11.75],"rotation":90,"texture":"#spots_3"}}},{"name":"leg_left*","from":[7.99504,6.71628,9.25],"to":[8.70004,7.42128,10],"rotation":{"angle":-45,"axis":"z","origin":[8,6,8]},"faces":{"north":{"uv":[11.5,3.25,14.25,6.25],"texture":"#spots_3"},"east":{"uv":[9.25,1.5,11.75,4.25],"texture":"#spots_3"},"south":{"uv":[10.5,2.75,13,5.75],"texture":"#spots_3"},"west":{"uv":[10.25,1.5,13.75,5.25],"texture":"#spots_3"},"up":{"uv":[11.75,0.25,0.25,11.75],"rotation":270,"texture":"#spots_3"}}},{"name":"ear*","from":[8.75,10.25,3.75],"to":[9.5,11.25,4.75],"rotation":{"angle":0,"axis":"y","origin":[8,6,8]},"faces":{"south":{"uv":[2.5,1.75,5.5,4.75],"texture":"#texture"}}},{"from":[6.5,9.5,2.5],"to":[9.5,10.5,4.5],"rotation":{"angle":0,"axis":"y","origin":[8,6,8]},"faces":{"east":{"uv":[1.25,1.75,4.25,4.25],"texture":"#texture"},"west":{"uv":[1.25,1.75,4.25,4.25],"texture":"#texture"}}}],"display":{"thirdperson_righthand":{"scale":[0,0,0]},"thirdperson_lefthand":{"scale":[0,0,0]},"firstperson_righthand":{"scale":[0,0,0]},"firstperson_lefthand":{"scale":[0,0,0]},"ground":{"scale":[0,0,0]},"gui":{"rotation":[30,135,0],"translation":[0,1.75,0]},"head":{"translation":[0,-19.25,0],"scale":[3,3,3]},"fixed":{"scale":[0,0,0]}}}