{"credit":"© 2015-2021 MadstonMagic. All rights reserved. Made using BlockBench","textures":{"10":"pokemon_skins/regular/simisage/ear_back","11":"pokemon_skins/regular/simisage/face_dot_rotated","texture":"pokemon_skins/regular/simisage/simisage","face_sides":"pokemon_skins/regular/simisage/face_sides","face_dots":"pokemon_skins/regular/simisage/face_dots","ear_inner":"pokemon_skins/regular/simisage/ear_inner","eyebrow":"pokemon_skins/regular/simisage/eyebrow","shoulder":"pokemon_skins/regular/simisage/shoulder","fur_hands":"pokemon_skins/regular/simisage/fur_hands","fur_lowerbody_top":"pokemon_skins/regular/simisage/fur_lowerbody_top","fur_2":"pokemon_skins/regular/simisage/fur_2"},"elements":[{"from":[6.5,7.5,5],"to":[9.5,10.25,7],"rotation":{"angle":0,"axis":"y","origin":[8,7.25,8]},"faces":{"up":{"uv":[1.5,1.5,4.5,5],"rotation":90,"texture":"#texture"},"down":{"uv":[10,3,13,6],"rotation":270,"texture":"#texture"}}},{"from":[6.5,8,4.5],"to":[9.5,9.75,7.5],"rotation":{"angle":0,"axis":"y","origin":[8,7.25,8]},"faces":{"north":{"uv":[9,2.5,13,5.5],"texture":"#texture"},"south":{"uv":[2,2,6,5],"texture":"#texture"}}},{"from":[6,8,5],"to":[10,9.75,7],"rotation":{"angle":0,"axis":"y","origin":[8,7.25,8]},"faces":{"north":{"uv":[2,1.5,6,4.5],"texture":"#texture"},"east":{"uv":[2,2.5,4,5.5],"texture":"#texture"},"west":{"uv":[1.5,2.5,4.5,5.5],"texture":"#texture"}}},{"from":[8.35355,9.72698,5],"to":[9.06066,10.43198,7],"rotation":{"angle":45,"axis":"z","origin":[8,7.25,8]},"faces":{"north":{"uv":[2,1.5,6,4.5],"texture":"#texture"},"south":{"uv":[2,2,6,5],"texture":"#texture"},"up":{"uv":[1.5,1.5,4.5,5],"rotation":90,"texture":"#texture"}}},{"from":[7.11611,8.48743,5],"to":[7.82322,9.19454,7],"rotation":{"angle":45,"axis":"z","origin":[8,7.25,8]},"faces":{"north":{"uv":[2,1.5,6,4.5],"texture":"#texture"},"south":{"uv":[2,2,6,5],"texture":"#texture"},"west":{"uv":[1.5,2.5,4.5,5.5],"texture":"#texture"}}},{"from":[6.93934,9.72698,5],"to":[7.64645,10.43198,7],"rotation":{"angle":-45,"axis":"z","origin":[8,7.25,8]},"faces":{"north":{"uv":[2,1.5,6,4.5],"texture":"#texture"},"south":{"uv":[2,2,6,5],"texture":"#texture"},"up":{"uv":[1.5,1.5,4.5,5],"rotation":90,"texture":"#texture"}}},{"from":[8.17888,8.48743,5],"to":[8.88388,9.19454,7],"rotation":{"angle":-45,"axis":"z","origin":[8,7.25,8]},"faces":{"north":{"uv":[2,1.5,6,4.5],"texture":"#texture"},"east":{"uv":[2,2.5,4,5.5],"texture":"#texture"},"south":{"uv":[2,2,6,5],"texture":"#texture"}}},{"from":[10.83053,8,6.58579],"to":[11.53553,9.75,7.29079],"rotation":{"angle":45,"axis":"y","origin":[8,7.25,8]},"faces":{"east":{"uv":[2,2.5,4,5.5],"texture":"#texture"},"south":{"uv":[2,2,6,5],"texture":"#texture"},"up":{"uv":[1.5,1.5,4.5,5],"rotation":90,"texture":"#texture"},"down":{"uv":[2,1,5,4],"rotation":270,"texture":"#texture"}}},{"from":[8.00211,8,5.87868],"to":[8.70711,9.75,6.58579],"rotation":{"angle":-45,"axis":"y","origin":[8,7.25,8]},"faces":{"east":{"uv":[2,2.5,4,5.5],"texture":"#texture"},"up":{"uv":[1.5,1.5,4.5,5],"rotation":90,"texture":"#texture"},"down":{"uv":[2,1,5,4],"rotation":270,"texture":"#texture"}}},{"from":[8.7071,8,4.46447],"to":[9.41421,9.75,5.16947],"rotation":{"angle":45,"axis":"y","origin":[8,7.25,8]},"faces":{"north":{"uv":[2,1.5,6,4.5],"texture":"#texture"},"up":{"uv":[1.5,1.5,4.5,5],"rotation":90,"texture":"#texture"},"down":{"uv":[2,1,5,4],"rotation":270,"texture":"#texture"}}},{"from":[5.87868,8,8],"to":[6.58579,9.75,8.70711],"rotation":{"angle":-45,"axis":"y","origin":[8,7.25,8]},"faces":{"south":{"uv":[2,2,6,5],"texture":"#texture"},"up":{"uv":[1.5,1.5,4.5,5],"rotation":90,"texture":"#texture"},"down":{"uv":[2,1,5,4],"rotation":270,"texture":"#texture"}}},{"from":[8.71835,8,4.45659],"to":[9.41628,9.75,5.15452],"rotation":{"angle":45,"axis":"y","origin":[8,7.25,7.99219]},"faces":{"north":{"uv":[5.75,0.25,13,14.75],"texture":"#face_sides"}}},{"from":[6.58372,8,4.45659],"to":[7.28165,9.75,5.15452],"rotation":{"angle":-45,"axis":"y","origin":[8,7.25,7.99219]},"faces":{"north":{"uv":[13,0.25,5.75,14.75],"texture":"#face_sides"}}},{"from":[7.75,8.5,4.49],"to":[8.25,8.75,4.99],"rotation":{"angle":0,"axis":"y","origin":[8,7.25,8]},"faces":{"north":{"uv":[0.5,8,15.5,13],"texture":"#texture"}}},{"name":"eye*","from":[5.875,8.75,4.49906],"to":[7.5,11,4.50006],"rotation":{"angle":0,"axis":"y","origin":[8,7.25,8]},"faces":{"north":{"uv":[0.125,0.125,7.75,9.875],"texture":"#eyebrow"},"south":{"uv":[7.75,0.125,0.125,9.875],"texture":"#eyebrow"}}},{"name":"eye*","from":[8.5,8.75,4.49906],"to":[10.125,11,4.50006],"rotation":{"angle":0,"axis":"y","origin":[8,7.25,8]},"faces":{"north":{"uv":[7.75,0.125,0.125,9.875],"texture":"#eyebrow"},"south":{"uv":[0.125,0.125,7.75,9.875],"texture":"#eyebrow"}}},{"from":[7,8.125,4.49],"to":[9,8.375,4.99],"rotation":{"angle":0,"axis":"y","origin":[8,7.25,8]},"faces":{"north":{"uv":[14.5,0.25,15.75,14],"rotation":90,"texture":"#ear_inner"}}},{"from":[10.23254,7.40538,5.74],"to":[13.23254,9.40538,5.741],"rotation":{"angle":22.5,"axis":"z","origin":[8,7.25,8]},"faces":{"north":{"uv":[9.25,0.25,0.25,15.75],"rotation":270,"texture":"#ear_inner"},"south":{"uv":[0.25,0.25,9.25,15.75],"rotation":90,"texture":"#10"}}},{"from":[2.76746,7.40538,5.74],"to":[5.76746,9.40538,5.741],"rotation":{"angle":-22.5,"axis":"z","origin":[8,7.25,8]},"faces":{"north":{"uv":[9.25,15.75,0.25,0.25],"rotation":270,"texture":"#ear_inner"},"south":{"uv":[0.25,15.75,9.25,0.25],"rotation":90,"texture":"#10"}}},{"from":[7,11.15049,8.82695],"to":[9,14.40049,10.01445],"rotation":{"angle":-45,"axis":"x","origin":[8,7.25,8]},"faces":{"east":{"uv":[2,2.5,4,5.5],"texture":"#texture"},"south":{"uv":[2,2,6,5],"texture":"#texture"},"west":{"uv":[1.5,2.5,4.5,5.5],"texture":"#texture"}}},{"from":[6.5,11.41405,8.87723],"to":[9.5,13.78905,9.78348],"rotation":{"angle":-45,"axis":"x","origin":[8,7.25,8]},"faces":{"east":{"uv":[2,2.5,4,5.5],"texture":"#texture"},"south":{"uv":[2,2,6,5],"texture":"#texture"},"west":{"uv":[1.5,2.5,4.5,5.5],"texture":"#texture"}}},{"from":[7,9.87709,5.99974],"to":[9,14.62709,7.12474],"rotation":{"angle":-22.5,"axis":"x","origin":[8,7.25,8]},"faces":{"north":{"uv":[2,1.5,6,4.5],"texture":"#texture"},"east":{"uv":[2,2.5,4,5.5],"texture":"#texture"},"west":{"uv":[1.5,2.5,4.5,5.5],"texture":"#texture"},"up":{"uv":[1.5,1.5,4.5,5],"rotation":90,"texture":"#texture"}}},{"from":[6.5,9.22381,6.27033],"to":[9.5,13.97381,7.14533],"rotation":{"angle":-22.5,"axis":"x","origin":[8,7.25,8]},"faces":{"north":{"uv":[2,1.5,6,4.5],"texture":"#texture"},"east":{"uv":[2,2.5,4,5.5],"texture":"#texture"},"west":{"uv":[1.5,2.5,4.5,5.5],"texture":"#texture"},"up":{"uv":[1.5,1.5,4.5,5],"rotation":90,"texture":"#texture"}}},{"from":[7,9.87448,6.99346],"to":[9,11.62448,8.36846],"rotation":{"angle":-22.5,"axis":"x","origin":[8,7.25,8]},"faces":{"east":{"uv":[2,2.5,4,5.5],"texture":"#texture"},"south":{"uv":[2,2,6,5],"texture":"#texture"},"west":{"uv":[1.5,2.5,4.5,5.5],"texture":"#texture"}}},{"from":[6.5,10.02959,6.67921],"to":[9.5,11.77959,8.05421],"rotation":{"angle":-22.5,"axis":"x","origin":[8,7.25,8]},"faces":{"east":{"uv":[2,2.5,4,5.5],"texture":"#texture"},"south":{"uv":[2,2,6,5],"texture":"#texture"},"west":{"uv":[1.5,2.5,4.5,5.5],"texture":"#texture"}}},{"from":[7.75,11.86987,5.99674],"to":[8.25,13.11987,6.74674],"rotation":{"angle":-22.5,"axis":"x","origin":[8,7.25,8]},"faces":{"north":{"uv":[6,0.25,12.25,15.75],"texture":"#face_dots"}}},{"from":[7,11.49487,5.99674],"to":[7.5,12.36987,6.74674],"rotation":{"angle":-22.5,"axis":"x","origin":[7.25,7.25,8]},"faces":{"north":{"uv":[0.25,0.25,10,13],"texture":"#11"}}},{"from":[8.5,11.49487,5.99674],"to":[9,12.36987,6.74674],"rotation":{"angle":-22.5,"axis":"x","origin":[8.75,7.25,8]},"faces":{"north":{"uv":[10,0.25,0.25,13],"texture":"#11"}}},{"from":[6.5,6.71967,6.40901],"to":[9.5,7.42678,7.11612],"rotation":{"angle":45,"axis":"x","origin":[8,7.25,8]},"faces":{"east":{"uv":[2,2.5,4,5.5],"texture":"#texture"},"south":{"uv":[2,2,6,5],"texture":"#texture"},"west":{"uv":[1.5,2.5,4.5,5.5],"texture":"#texture"}}},{"from":[6.5,7.95921,5.17157],"to":[9.5,8.66421,5.87868],"rotation":{"angle":45,"axis":"x","origin":[8,7.25,8]},"faces":{"east":{"uv":[2,2.5,4,5.5],"texture":"#texture"},"west":{"uv":[1.5,2.5,4.5,5.5],"texture":"#texture"},"up":{"uv":[1.5,1.5,4.5,5],"rotation":90,"texture":"#texture"}}},{"from":[6.5,10.78764,7.29289],"to":[9.5,11.49264,7.99789],"rotation":{"angle":-45,"axis":"x","origin":[8,7.25,8]},"faces":{"east":{"uv":[2,2.5,4,5.5],"texture":"#texture"},"west":{"uv":[1.5,2.5,4.5,5.5],"texture":"#texture"},"up":{"uv":[1.5,1.5,4.5,5],"rotation":90,"texture":"#texture"}}},{"from":[6.5,9.54809,6.05546],"to":[9.5,10.2552,6.76046],"rotation":{"angle":-45,"axis":"x","origin":[8,7.25,8]},"faces":{"north":{"uv":[8.75,2.5,12.75,5.5],"texture":"#texture"},"east":{"uv":[2,2.5,4,5.5],"texture":"#texture"},"west":{"uv":[1.5,2.5,4.5,5.5],"texture":"#texture"}}},{"from":[7.25,3.75,5.25],"to":[8.75,7.5,6.75],"rotation":{"angle":0,"axis":"y","origin":[8,7.25,8]},"faces":{"north":{"uv":[8.75,2.5,12.75,5.5],"texture":"#texture"},"east":{"uv":[10.5,1.25,12.5,4.25],"texture":"#texture"},"south":{"uv":[8.75,1.5,12.75,4.5],"texture":"#texture"},"west":{"uv":[9.5,1.5,12.5,4.5],"texture":"#texture"}}},{"from":[6.5,4,5.25],"to":[9.5,5,6.75],"rotation":{"angle":0,"axis":"y","origin":[8,7.25,8]},"faces":{"east":{"uv":[10.5,1.25,12.5,4.25],"texture":"#texture"},"west":{"uv":[9.5,1.5,12.5,4.5],"texture":"#texture"}}},{"from":[7.27537,4.59724,5.25],"to":[8.52478,7.34898,6.75],"rotation":{"angle":22.5,"axis":"z","origin":[8,7.25,8]},"faces":{"north":{"uv":[8.75,2.5,12.75,5.5],"texture":"#texture"},"east":{"uv":[10.5,1.25,12.5,4.25],"texture":"#texture"},"south":{"uv":[8.75,1.5,12.75,4.5],"texture":"#texture"}}},{"from":[7.47522,4.59724,5.25],"to":[8.72522,7.34724,6.75],"rotation":{"angle":-22.5,"axis":"z","origin":[8,7.25,8]},"faces":{"north":{"uv":[8.75,2.5,12.75,5.5],"texture":"#texture"},"south":{"uv":[8.75,1.5,12.75,4.5],"texture":"#texture"},"west":{"uv":[9.5,1.5,12.5,4.5],"texture":"#texture"}}},{"from":[7,4,4.75],"to":[9,5,7.25],"rotation":{"angle":0,"axis":"y","origin":[8,7.25,8]},"faces":{"north":{"uv":[8.75,2.5,12.75,5.5],"texture":"#texture"},"south":{"uv":[8.75,1.5,12.75,4.5],"texture":"#texture"}}},{"from":[7.47178,4,6.05546],"to":[8.17678,5,6.76257],"rotation":{"angle":-45,"axis":"y","origin":[8,7.25,8]},"faces":{"east":{"uv":[10.5,1.25,12.5,4.25],"texture":"#texture"},"up":{"uv":[9.5,1.5,12.5,5],"rotation":90,"texture":"#texture"},"down":{"uv":[9.25,0.75,12.25,3.75],"rotation":270,"texture":"#texture"}}},{"from":[6.05545,4,7.46967],"to":[6.76256,5,8.17678],"rotation":{"angle":-45,"axis":"y","origin":[8,7.25,8]},"faces":{"south":{"uv":[8.75,1.5,12.75,4.5],"texture":"#texture"},"up":{"uv":[9.5,1.5,12.5,5],"rotation":90,"texture":"#texture"},"down":{"uv":[9.25,0.75,12.25,3.75],"rotation":270,"texture":"#texture"}}},{"from":[10.3002,4,6.40901],"to":[11.0052,5,7.11612],"rotation":{"angle":45,"axis":"y","origin":[8,7.25,8]},"faces":{"east":{"uv":[10.5,1.25,12.5,4.25],"texture":"#texture"},"up":{"uv":[9.5,1.5,12.5,5],"rotation":90,"texture":"#texture"},"down":{"uv":[9.25,0.75,12.25,3.75],"rotation":270,"texture":"#texture"}}},{"from":[8.88388,4,4.9948],"to":[9.59099,5,5.6998],"rotation":{"angle":45,"axis":"y","origin":[8,7.25,8]},"faces":{"north":{"uv":[8.75,2.5,12.75,5.5],"texture":"#texture"},"up":{"uv":[9.5,1.5,12.5,5],"rotation":90,"texture":"#texture"},"down":{"uv":[9.25,0.75,12.25,3.75],"rotation":270,"texture":"#texture"}}},{"from":[7,3.92755,5.85843],"to":[9,5.22755,6.85843],"rotation":{"angle":22.5,"axis":"x","origin":[8,7.25,8]},"faces":{"north":{"uv":[8.75,2.5,12.75,5.5],"texture":"#texture"},"east":{"uv":[10.5,1.25,12.5,4.25],"texture":"#texture"},"south":{"uv":[8.75,1.5,12.75,4.5],"texture":"#texture"},"west":{"uv":[9.5,1.5,12.5,4.5],"texture":"#texture"},"up":{"uv":[9.5,1.5,12.5,5],"rotation":90,"texture":"#texture"}}},{"from":[7,5.45829,5.43814],"to":[9,6.75522,6.44605],"rotation":{"angle":-22.5,"axis":"x","origin":[8,7.25,8]},"faces":{"north":{"uv":[8.75,2.5,12.75,5.5],"texture":"#texture"},"east":{"uv":[10.5,1.25,12.5,4.25],"texture":"#texture"},"south":{"uv":[8.75,1.5,12.75,4.5],"texture":"#texture"},"west":{"uv":[9.5,1.5,12.5,4.5],"texture":"#texture"},"up":{"uv":[9.5,1.5,12.5,5],"rotation":90,"texture":"#texture"}}},{"from":[6.75,3.5,4.5],"to":[9.25,4.5,7.5],"rotation":{"angle":0,"axis":"y","origin":[8,7.25,8]},"faces":{"north":{"uv":[1.25,1.75,5.25,4.75],"texture":"#texture"},"south":{"uv":[2,1.5,6,4.5],"texture":"#texture"},"up":{"uv":[2.25,1.25,5.25,4.75],"rotation":90,"texture":"#texture"}}},{"from":[6.25,3.50298,5],"to":[9.75,4.5,7],"rotation":{"angle":0,"axis":"y","origin":[8,7.25,8]},"faces":{"east":{"uv":[2.25,2.25,4.25,5.25],"texture":"#texture"},"west":{"uv":[3,1.25,6,4.25],"texture":"#texture"},"up":{"uv":[2.25,1.25,5.25,4.75],"rotation":90,"texture":"#texture"},"down":{"uv":[3,2,6,5],"rotation":270,"texture":"#texture"}}},{"from":[7.82533,3.5,6.05546],"to":[8.53033,4.5,6.76257],"rotation":{"angle":-45,"axis":"y","origin":[8,7.25,8]},"faces":{"north":{"uv":[1.25,1.75,5.25,4.75],"texture":"#texture"},"east":{"uv":[2.25,2.25,4.25,5.25],"texture":"#texture"},"west":{"uv":[3,1.25,6,4.25],"texture":"#texture"},"up":{"uv":[2.25,1.25,5.25,4.75],"rotation":90,"texture":"#texture"},"down":{"uv":[3,2,6,5],"rotation":270,"texture":"#texture"}}},{"from":[6.05545,3.5,7.82322],"to":[6.76256,4.5,8.53033],"rotation":{"angle":-45,"axis":"y","origin":[8,7.25,8]},"faces":{"south":{"uv":[2,1.5,6,4.5],"texture":"#texture"},"west":{"uv":[3,1.25,6,4.25],"texture":"#texture"},"up":{"uv":[2.25,1.25,5.25,4.75],"rotation":90,"texture":"#texture"},"down":{"uv":[3,2,6,5],"rotation":270,"texture":"#texture"}}},{"from":[10.65376,3.5,6.40901],"to":[11.35876,4.5,7.11612],"rotation":{"angle":45,"axis":"y","origin":[8,7.25,8]},"faces":{"east":{"uv":[2.25,2.25,4.25,5.25],"texture":"#texture"},"south":{"uv":[2,1.5,6,4.5],"texture":"#texture"},"up":{"uv":[2.25,1.25,5.25,4.75],"rotation":90,"texture":"#texture"},"down":{"uv":[3,2,6,5],"rotation":270,"texture":"#texture"}}},{"from":[8.88388,3.5,4.64124],"to":[9.59099,4.5,5.34624],"rotation":{"angle":45,"axis":"y","origin":[8,7.25,8]},"faces":{"north":{"uv":[1.25,1.75,5.25,4.75],"texture":"#texture"},"south":{"uv":[2,1.5,6,4.5],"texture":"#texture"},"west":{"uv":[3,1.25,6,4.25],"texture":"#texture"},"up":{"uv":[2.25,1.25,5.25,4.75],"rotation":90,"texture":"#texture"},"down":{"uv":[3,2,6,5],"rotation":270,"texture":"#texture"}}},{"from":[8.5,1.36639,7.06707],"to":[9.75,3.61639,8.31707],"rotation":{"angle":22.5,"axis":"x","origin":[8,7.25,8]},"faces":{"north":{"uv":[1.25,1.75,5.25,4.75],"texture":"#texture"},"east":{"uv":[2.25,2.25,4.25,5.25],"texture":"#texture"},"south":{"uv":[2,1.5,6,4.5],"texture":"#texture"},"west":{"uv":[3,1.25,6,4.25],"texture":"#texture"}}},{"from":[8.5,1.87655,3.17998],"to":[9.75,3.74935,4.15066],"rotation":{"angle":-22.5,"axis":"x","origin":[8,7.25,8]},"faces":{"north":{"uv":[1.25,1.75,5.25,4.75],"texture":"#texture"},"east":{"uv":[2.25,2.25,4.25,5.25],"texture":"#texture"},"south":{"uv":[2,1.5,6,4.5],"texture":"#texture"},"west":{"uv":[3,1.25,6,4.25],"texture":"#texture"},"down":{"uv":[3,2,6,5],"rotation":270,"texture":"#texture"}}},{"from":[2.52043,4.68934,5.25],"to":[4.46447,6.20514,6.5],"rotation":{"angle":45,"axis":"z","origin":[8,7.25,8]},"faces":{"north":{"uv":[1.25,1.75,5.25,4.75],"texture":"#texture"},"east":{"uv":[2.25,2.25,4.25,5.25],"texture":"#texture"},"south":{"uv":[2,1.5,6,4.5],"texture":"#texture"},"up":{"uv":[2.25,1.25,5.25,4.75],"rotation":90,"texture":"#texture"},"down":{"uv":[3,2,6,5],"rotation":270,"texture":"#texture"}}},{"from":[8.5,2.28125,5.09375],"to":[9.75,3.75,5.8125],"rotation":{"angle":0,"axis":"y","origin":[8,7.25,8]},"faces":{"north":{"uv":[1.25,1.75,5.25,4.75],"texture":"#texture"},"east":{"uv":[2.25,2.25,4.25,5.25],"texture":"#texture"},"west":{"uv":[3,1.25,6,4.25],"texture":"#texture"}}},{"from":[4.50628,3.24739,5.25],"to":[6.75628,4.24739,6.5],"rotation":{"angle":22.5,"axis":"z","origin":[8,7.25,8]},"faces":{"north":{"uv":[1.25,1.75,5.25,4.75],"texture":"#texture"},"south":{"uv":[2,1.5,6,4.5],"texture":"#texture"},"down":{"uv":[3,2,6,5],"rotation":270,"texture":"#texture"}}},{"from":[8.51738,3.06256,5.25],"to":[10.26738,4.06256,6.5],"rotation":{"angle":-22.5,"axis":"z","origin":[8,7.25,8]},"faces":{"north":{"uv":[1.25,1.75,5.25,4.75],"texture":"#texture"},"east":{"uv":[2.25,2.25,4.25,5.25],"texture":"#texture"},"south":{"uv":[2,1.5,6,4.5],"texture":"#texture"},"up":{"uv":[2.25,1.25,5.25,4.75],"rotation":90,"texture":"#texture"},"down":{"uv":[3,2,6,5],"rotation":270,"texture":"#texture"}}},{"from":[6.86838,-0.21232,5.25],"to":[8.36838,1.78768,6.5],"rotation":{"angle":-22.5,"axis":"z","origin":[8,7.25,8]},"faces":{"north":{"uv":[1.25,1.75,5.25,4.75],"texture":"#texture"},"east":{"uv":[2.25,2.25,4.25,5.25],"texture":"#texture"},"south":{"uv":[2,1.5,6,4.5],"texture":"#texture"},"west":{"uv":[3,1.25,6,4.25],"texture":"#texture"},"down":{"uv":[3,2,6,5],"rotation":270,"texture":"#texture"}}},{"from":[8.5625,0,4.75],"to":[9.6875,0.8125,6.5],"rotation":{"angle":0,"axis":"y","origin":[8,7.25,8]},"faces":{"north":{"uv":[8.75,2.5,12.75,5.5],"texture":"#texture"},"east":{"uv":[10.5,1.25,12.5,4.25],"texture":"#texture"},"south":{"uv":[8.75,1.5,12.75,4.5],"texture":"#texture"},"west":{"uv":[9.5,1.5,12.5,4.5],"texture":"#texture"},"up":{"uv":[9.5,1.5,12.5,5],"rotation":90,"texture":"#texture"},"down":{"uv":[9.25,0.75,12.25,3.75],"rotation":270,"texture":"#texture"}}},{"from":[9.375,0,4.5],"to":[9.875,0.625,5.25],"rotation":{"angle":0,"axis":"y","origin":[8,7.25,8]},"faces":{"north":{"uv":[8.75,2.5,12.75,5.5],"texture":"#texture"},"east":{"uv":[10.5,1.25,12.5,4.25],"texture":"#texture"},"south":{"uv":[8.75,1.5,12.75,4.5],"texture":"#texture"},"up":{"uv":[9.5,1.5,12.5,5],"rotation":90,"texture":"#texture"},"down":{"uv":[9.25,0.75,12.25,3.75],"rotation":270,"texture":"#texture"}}},{"from":[8.375,0,4.5],"to":[8.875,0.625,5.25],"rotation":{"angle":0,"axis":"y","origin":[8,7.25,8]},"faces":{"north":{"uv":[8.75,2.5,12.75,5.5],"texture":"#texture"},"south":{"uv":[8.75,1.5,12.75,4.5],"texture":"#texture"},"west":{"uv":[9.5,1.5,12.5,4.5],"texture":"#texture"},"up":{"uv":[9.5,1.5,12.5,5],"rotation":90,"texture":"#texture"},"down":{"uv":[9.25,0.75,12.25,3.75],"rotation":270,"texture":"#texture"}}},{"from":[8.875,0,4.5],"to":[9.375,0.875,5.5],"rotation":{"angle":0,"axis":"y","origin":[8,7.25,8]},"faces":{"east":{"uv":[10.5,1.25,12.5,4.25],"texture":"#texture"},"west":{"uv":[9.5,1.5,12.5,4.5],"texture":"#texture"},"up":{"uv":[9.5,1.5,12.5,5],"rotation":90,"texture":"#texture"}}},{"from":[8.875,0,4.25],"to":[9.375,0.625,5.25],"rotation":{"angle":0,"axis":"y","origin":[8,7.25,8]},"faces":{"north":{"uv":[8.75,2.5,12.75,5.5],"texture":"#texture"},"east":{"uv":[10.5,1.25,12.5,4.25],"texture":"#texture"},"west":{"uv":[9.5,1.5,12.5,4.5],"texture":"#texture"},"down":{"uv":[9.25,0.75,12.25,3.75],"rotation":270,"texture":"#texture"}}},{"from":[8.875,4.86207,0.66377],"to":[9.375,5.21707,1.01732],"rotation":{"angle":-45,"axis":"x","origin":[8,7.25,8]},"faces":{"east":{"uv":[10.5,1.25,12.5,4.25],"texture":"#texture"},"west":{"uv":[9.5,1.5,12.5,4.5],"texture":"#texture"},"up":{"uv":[9.5,1.5,12.5,5],"rotation":90,"texture":"#texture"}}},{"from":[3.75,0,5.3125],"to":[5.625,0.8125,6.4375],"rotation":{"angle":0,"axis":"y","origin":[8,7.25,8]},"faces":{"north":{"uv":[8.75,2.5,12.75,5.5],"texture":"#texture"},"east":{"uv":[10.5,1.25,12.5,4.25],"texture":"#texture"},"south":{"uv":[8.75,1.5,12.75,4.5],"texture":"#texture"},"west":{"uv":[9.5,1.5,12.5,4.5],"texture":"#texture"},"up":{"uv":[9.5,1.5,12.5,5],"rotation":90,"texture":"#texture"},"down":{"uv":[9.25,0.75,12.25,3.75],"rotation":270,"texture":"#texture"}}},{"from":[3.625,0,5.125],"to":[4.375,0.625,5.625],"rotation":{"angle":0,"axis":"y","origin":[8,7.25,8]},"faces":{"north":{"uv":[8.75,2.5,12.75,5.5],"texture":"#texture"},"east":{"uv":[10.5,1.25,12.5,4.25],"texture":"#texture"},"west":{"uv":[9.5,1.5,12.5,4.5],"texture":"#texture"},"up":{"uv":[9.5,1.5,12.5,5],"rotation":90,"texture":"#texture"},"down":{"uv":[9.25,0.75,12.25,3.75],"rotation":270,"texture":"#texture"}}},{"from":[3.625,0,6.125],"to":[4.375,0.625,6.625],"rotation":{"angle":0,"axis":"y","origin":[8,7.25,8]},"faces":{"east":{"uv":[10.5,1.25,12.5,4.25],"texture":"#texture"},"south":{"uv":[8.75,1.5,12.75,4.5],"texture":"#texture"},"west":{"uv":[9.5,1.5,12.5,4.5],"texture":"#texture"},"up":{"uv":[9.5,1.5,12.5,5],"rotation":90,"texture":"#texture"},"down":{"uv":[9.25,0.75,12.25,3.75],"rotation":270,"texture":"#texture"}}},{"from":[3.625,0.25,5.625],"to":[4.375,0.875,6.125],"rotation":{"angle":0,"axis":"y","origin":[8,7.25,8]},"faces":{"north":{"uv":[8.75,2.5,12.75,5.5],"texture":"#texture"},"south":{"uv":[8.75,1.5,12.75,4.5],"texture":"#texture"}}},{"from":[3.375,0,5.625],"to":[4.125,0.625,6.125],"rotation":{"angle":0,"axis":"y","origin":[8,7.25,8]},"faces":{"north":{"uv":[8.75,2.5,12.75,5.5],"texture":"#texture"},"south":{"uv":[8.75,1.5,12.75,4.5],"texture":"#texture"},"west":{"uv":[9.5,1.5,12.5,4.5],"texture":"#texture"},"down":{"uv":[9.25,0.75,12.25,3.75],"rotation":270,"texture":"#texture"}}},{"from":[0.04505,5.48079,5.625],"to":[0.3986,5.83579,6.125],"rotation":{"angle":45,"axis":"z","origin":[8,7.25,8]},"faces":{"north":{"uv":[8.75,2.5,12.75,5.5],"texture":"#texture"},"south":{"uv":[8.75,1.5,12.75,4.5],"texture":"#texture"},"up":{"uv":[9.5,1.5,12.5,5],"rotation":90,"texture":"#texture"}}},{"from":[7.5,3.53769,9.94454],"to":[8.5,4.2448,12.77297],"rotation":{"angle":45,"axis":"x","origin":[8,7.25,8]},"faces":{"east":{"uv":[2.25,2.25,4.25,5.25],"texture":"#texture"},"west":{"uv":[3,1.25,6,4.25],"texture":"#texture"},"up":{"uv":[2.25,1.25,5.25,4.75],"rotation":90,"texture":"#texture"},"down":{"uv":[3,2,6,5],"rotation":270,"texture":"#texture"}}},{"from":[7.5,1.25,8.75],"to":[8.5,2,10.75],"rotation":{"angle":0,"axis":"y","origin":[8,7.25,8]},"faces":{"east":{"uv":[2.25,2.25,4.25,5.25],"texture":"#texture"},"west":{"uv":[3,1.25,6,4.25],"texture":"#texture"},"up":{"uv":[2.25,1.25,5.25,4.75],"rotation":90,"texture":"#texture"},"down":{"uv":[3,2,6,5],"rotation":270,"texture":"#texture"}}},{"from":[7.5,1.06281,5.7019],"to":[8.5,1.76992,8.5319],"rotation":{"angle":-45,"axis":"x","origin":[8,7.25,8]},"faces":{"east":{"uv":[2.25,2.25,4.25,5.25],"texture":"#texture"},"south":{"uv":[2,1.5,6,4.5],"texture":"#texture"},"west":{"uv":[3,1.25,6,4.25],"texture":"#texture"},"up":{"uv":[2.25,1.25,5.25,4.75],"rotation":90,"texture":"#texture"},"down":{"uv":[3,2,6,5],"rotation":270,"texture":"#texture"}}},{"from":[7.5,3.2526,12],"to":[8.5,6.75,12.74962],"rotation":{"angle":0,"axis":"y","origin":[8,7.25,8]},"faces":{"north":{"uv":[1.25,1.75,5.25,4.75],"texture":"#texture"},"east":{"uv":[2.25,2.25,4.25,5.25],"texture":"#texture"},"south":{"uv":[2,1.5,6,4.5],"texture":"#texture"},"west":{"uv":[3,1.25,6,4.25],"texture":"#texture"},"up":{"uv":[2.25,1.25,5.25,4.75],"rotation":90,"texture":"#texture"}}},{"from":[7.56989,6.63372,11],"to":[7.57089,10.13372,13.75],"rotation":{"angle":22.5,"axis":"z","origin":[8,7.25,8]},"faces":{"east":{"uv":[0.125,0.125,9.375,14.25],"texture":"#fur_2"},"west":{"uv":[0.125,0.125,9.375,14.25],"texture":"#fur_2"}}},{"from":[8.42911,6.63372,11],"to":[8.43011,10.13372,13.75],"rotation":{"angle":-22.5,"axis":"z","origin":[8,7.25,8]},"faces":{"east":{"uv":[9.375,0.125,0.125,14.25],"texture":"#fur_2"},"west":{"uv":[9.375,0.125,0.125,14.25],"texture":"#fur_2"}}},{"from":[6.75,6.36611,2.87348],"to":[9.25,7.07322,3.57848],"rotation":{"angle":-45,"axis":"x","origin":[8,7.25,8]},"faces":{"north":{"uv":[1.25,1.75,5.25,4.75],"texture":"#texture"},"east":{"uv":[2.25,2.25,4.25,5.25],"texture":"#texture"},"south":{"uv":[2,1.5,6,4.5],"texture":"#texture"},"west":{"uv":[3,1.25,6,4.25],"texture":"#texture"},"down":{"uv":[3,2,6,5],"rotation":270,"texture":"#texture"}}},{"from":[6.75,3.53769,9.59099],"to":[9.25,4.2448,10.2981],"rotation":{"angle":45,"axis":"x","origin":[8,7.25,8]},"faces":{"east":{"uv":[2.25,2.25,4.25,5.25],"texture":"#texture"},"south":{"uv":[2,1.5,6,4.5],"texture":"#texture"},"west":{"uv":[3,1.25,6,4.25],"texture":"#texture"},"down":{"uv":[3,2,6,5],"rotation":270,"texture":"#texture"}}},{"from":[6.75,3,5],"to":[9.25,3.25,7],"rotation":{"angle":0,"axis":"y","origin":[8,7.25,8]},"faces":{"up":{"uv":[2.25,1.25,5.25,4.75],"rotation":90,"texture":"#texture"},"down":{"uv":[3,2,6,5],"rotation":270,"texture":"#texture"}}},{"from":[11.18409,5.12868,5],"to":[11.88909,5.83579,7],"rotation":{"angle":-45,"axis":"z","origin":[8,7.25,8]},"faces":{"north":{"uv":[1.25,1.75,5.25,4.75],"texture":"#texture"},"east":{"uv":[2.25,2.25,4.25,5.25],"texture":"#texture"},"south":{"uv":[2,1.5,6,4.5],"texture":"#texture"},"west":{"uv":[3,1.25,6,4.25],"texture":"#texture"},"up":{"uv":[2.25,1.25,5.25,4.75],"rotation":90,"texture":"#texture"},"down":{"uv":[3,2,6,5],"rotation":270,"texture":"#texture"}}},{"from":[4.11091,5.12868,5],"to":[4.81802,5.83579,7],"rotation":{"angle":45,"axis":"z","origin":[8,7.25,8]},"faces":{"north":{"uv":[1.25,1.75,5.25,4.75],"texture":"#texture"},"south":{"uv":[2,1.5,6,4.5],"texture":"#texture"},"west":{"uv":[3,1.25,6,4.25],"texture":"#texture"},"up":{"uv":[2.25,1.25,5.25,4.75],"rotation":90,"texture":"#texture"},"down":{"uv":[3,2,6,5],"rotation":270,"texture":"#texture"}}},{"from":[7.75,0.9375,3.6875],"to":[10.5,0.9385,6.1875],"rotation":{"angle":0,"axis":"y","origin":[8,7.25,8]},"faces":{"up":{"uv":[0.125,10.125,13.25,15.875],"rotation":180,"texture":"#fur_lowerbody_top"},"down":{"uv":[13.25,10.125,0.125,15.875],"texture":"#fur_lowerbody_top"}}},{"from":[7.75,0.64789,8.54401],"to":[10.5,0.64889,10.54401],"rotation":{"angle":22.5,"axis":"x","origin":[8,7.25,8]},"faces":{"up":{"uv":[0.125,10.125,13.25,15.875],"texture":"#fur_lowerbody_top"},"down":{"uv":[13.25,10.125,0.125,15.875],"rotation":180,"texture":"#fur_lowerbody_top"}}},{"from":[11.7583,1.95586,4.6875],"to":[13.0083,1.95686,6.9375],"rotation":{"angle":-22.5,"axis":"z","origin":[8,7.25,8]},"faces":{"up":{"uv":[0.125,10.125,13.25,15.875],"rotation":270,"texture":"#fur_lowerbody_top"},"down":{"uv":[13.25,10.125,0.125,15.875],"rotation":270,"texture":"#fur_lowerbody_top"}}},{"from":[5.05114,1.12624,4.6875],"to":[6.30114,1.12724,6.9375],"rotation":{"angle":22.5,"axis":"z","origin":[8,7.25,8]},"faces":{"up":{"uv":[0.125,10.125,13.25,15.875],"rotation":90,"texture":"#fur_lowerbody_top"},"down":{"uv":[13.25,10.125,0.125,15.875],"rotation":90,"texture":"#fur_lowerbody_top"}}},{"from":[4,0.74356,8.77498],"to":[6,0.74456,10.02498],"rotation":{"angle":22.5,"axis":"x","origin":[8,7.25,8]},"faces":{"up":{"uv":[0.125,10.125,13.25,15.875],"texture":"#fur_lowerbody_top"},"down":{"uv":[13.25,10.125,0.125,15.875],"rotation":180,"texture":"#fur_lowerbody_top"}}},{"from":[4,2.38638,1.95234],"to":[6,2.38738,3.20234],"rotation":{"angle":-22.5,"axis":"x","origin":[8,7.25,8]},"faces":{"up":{"uv":[0.125,10.125,13.25,15.875],"rotation":180,"texture":"#fur_lowerbody_top"},"down":{"uv":[13.25,10.125,0.125,15.875],"texture":"#fur_lowerbody_top"}}},{"from":[3,0.875,4.75],"to":[5,0.876,7.25],"rotation":{"angle":0,"axis":"y","origin":[8,7.25,8]},"faces":{"up":{"uv":[0.125,10.125,13.25,15.875],"rotation":90,"texture":"#fur_lowerbody_top"},"down":{"uv":[13.25,10.125,0.125,15.875],"rotation":90,"texture":"#fur_lowerbody_top"}}},{"from":[8.02393,0.24199,4.5],"to":[9.52393,0.24299,7],"rotation":{"angle":-22.5,"axis":"z","origin":[8,7.25,8]},"faces":{"up":{"uv":[0.125,10.125,13.25,15.875],"rotation":270,"texture":"#fur_lowerbody_top"},"down":{"uv":[13.25,10.125,0.125,15.875],"rotation":270,"texture":"#fur_lowerbody_top"}}},{"from":[6.75,5.75,5],"to":[7.5,7.25,7],"rotation":{"angle":0,"axis":"y","origin":[8,7.25,8]},"faces":{"north":{"uv":[4.5,9.75,5.5,10.25],"texture":"#texture"},"east":{"uv":[4.5,9.75,5.5,10.25],"texture":"#texture"},"south":{"uv":[4.25,9.75,5.25,10.25],"texture":"#texture"},"west":{"uv":[4.5,9.75,5.5,10.25],"texture":"#texture"},"up":{"uv":[4.5,9.75,5.25,10.25],"rotation":90,"texture":"#texture"},"down":{"uv":[4.5,9.75,5.25,10.25],"rotation":270,"texture":"#texture"}}},{"from":[4.02374,5.25,5.84201],"to":[6.02374,7.75,5.84301],"rotation":{"angle":-22.5,"axis":"y","origin":[8,7.25,8]},"faces":{"north":{"uv":[0.25,0.25,13.75,14.25],"texture":"#shoulder"},"south":{"uv":[13.75,0.25,0.25,14.25],"texture":"#shoulder"}}},{"from":[3.25,5.75,5.5],"to":[7.25,6.75,6.5],"rotation":{"angle":0,"axis":"y","origin":[8,7.25,8]},"faces":{"north":{"uv":[1.25,1.75,5.25,4.75],"texture":"#texture"},"south":{"uv":[2,1.5,6,4.5],"texture":"#texture"},"up":{"uv":[2.25,1.25,5.25,4.75],"rotation":90,"texture":"#texture"},"down":{"uv":[3,2,6,5],"rotation":270,"texture":"#texture"}}},{"from":[1.37876,5.25,7.34558],"to":[3.12876,7.5,7.34658],"rotation":{"angle":-22.5,"axis":"y","origin":[8,7.25,8]},"faces":{"north":{"uv":[0.125,0.125,15.125,15.25],"texture":"#fur_hands"},"south":{"uv":[15.125,0.125,0.125,15.25],"texture":"#fur_hands"}}},{"from":[3.34835,3.82874,5.25],"to":[5.34835,3.82974,6.75],"rotation":{"angle":-45,"axis":"z","origin":[8,7.25,8]},"faces":{"up":{"uv":[9.5,0.125,15.875,9],"rotation":180,"texture":"#fur_2"},"down":{"uv":[15.875,0.125,9.5,9],"texture":"#fur_2"}}},{"from":[2.9095,5.25,4.9589],"to":[4.6595,7.5,4.9599],"rotation":{"angle":22.5,"axis":"y","origin":[8,7.25,8]},"faces":{"north":{"uv":[0.125,0.125,15.125,15.25],"texture":"#fur_hands"},"south":{"uv":[15.125,0.125,0.125,15.25],"texture":"#fur_hands"}}},{"from":[2.11091,9.30882,5.25],"to":[4.11091,9.30982,6.75],"rotation":{"angle":45,"axis":"z","origin":[8,7.25,8]},"faces":{"up":{"uv":[9.5,0.125,15.875,9],"rotation":180,"texture":"#fur_2"},"down":{"uv":[15.875,0.125,9.5,9],"texture":"#fur_2"}}},{"from":[5.11351,1.74219,5.5],"to":[5.61351,2.74219,6],"rotation":{"angle":-45,"axis":"z","origin":[8,7.25,8]},"faces":{"north":{"uv":[8.75,2.5,12.75,5.5],"texture":"#texture"},"east":{"uv":[10.5,1.25,12.5,4.25],"texture":"#texture"},"south":{"uv":[8.75,1.5,12.75,4.5],"texture":"#texture"},"west":{"uv":[9.5,1.5,12.5,4.5],"texture":"#texture"},"down":{"uv":[9.25,0.75,12.25,3.75],"rotation":270,"texture":"#texture"}}},{"from":[1.83538,7.79741,6.125],"to":[3.08538,8.14741,6.5],"rotation":{"angle":22.5,"axis":"z","origin":[8,7.25,8]},"faces":{"north":{"uv":[8.75,2.5,12.75,5.5],"texture":"#texture"},"south":{"uv":[8.75,1.5,12.75,4.5],"texture":"#texture"},"west":{"uv":[9.5,1.5,12.5,4.5],"texture":"#texture"},"up":{"uv":[9.5,1.5,12.5,5],"rotation":90,"texture":"#texture"},"down":{"uv":[9.25,0.75,12.25,3.75],"rotation":270,"texture":"#texture"}}},{"from":[1.875,5.875,6],"to":[3,6.375,6.375],"rotation":{"angle":0,"axis":"x","origin":[8,7.25,8]},"faces":{"north":{"uv":[8.75,2.5,12.75,5.5],"texture":"#texture"},"south":{"uv":[8.75,1.5,12.75,4.5],"texture":"#texture"},"west":{"uv":[9.5,1.5,12.5,4.5],"texture":"#texture"},"up":{"uv":[9.5,1.5,12.5,5],"rotation":90,"texture":"#texture"},"down":{"uv":[9.25,0.75,12.25,3.75],"rotation":270,"texture":"#texture"}}},{"from":[2.54261,4.14367,5.75],"to":[3.66761,4.64367,6.125],"rotation":{"angle":-22.5,"axis":"z","origin":[8,7.25,8]},"faces":{"north":{"uv":[8.75,2.5,12.75,5.5],"texture":"#texture"},"south":{"uv":[8.75,1.5,12.75,4.5],"texture":"#texture"},"west":{"uv":[9.5,1.5,12.5,4.5],"texture":"#texture"},"up":{"uv":[9.5,1.5,12.5,5],"rotation":90,"texture":"#texture"},"down":{"uv":[9.25,0.75,12.25,3.75],"rotation":270,"texture":"#texture"}}},{"from":[3.7448,2.86091,5.5],"to":[4.9948,3.36091,5.875],"rotation":{"angle":-45,"axis":"z","origin":[8,7.25,8]},"faces":{"north":{"uv":[8.75,2.5,12.75,5.5],"texture":"#texture"},"south":{"uv":[8.75,1.5,12.75,4.5],"texture":"#texture"},"west":{"uv":[9.5,1.5,12.5,4.5],"texture":"#texture"},"up":{"uv":[9.5,1.5,12.5,5],"rotation":90,"texture":"#texture"},"down":{"uv":[9.25,0.75,12.25,3.75],"rotation":270,"texture":"#texture"}}},{"from":[2.5,5.75,5.5],"to":[3.25,6.75,6.5],"rotation":{"angle":0,"axis":"y","origin":[8,7.25,8]},"faces":{"north":{"uv":[8.75,2.5,12.75,5.5],"texture":"#texture"},"south":{"uv":[8.75,1.5,12.75,4.5],"texture":"#texture"},"west":{"uv":[9.5,1.5,12.5,4.5],"texture":"#texture"},"up":{"uv":[9.5,1.5,12.5,5],"rotation":90,"texture":"#texture"},"down":{"uv":[9.25,0.75,12.25,3.75],"rotation":270,"texture":"#texture"}}},{"from":[6.5,6,5.25],"to":[7,7,6.75],"rotation":{"angle":0,"axis":"y","origin":[8,7.25,8]},"faces":{"north":{"uv":[4.5,9.75,5.5,10.25],"texture":"#texture"},"south":{"uv":[4.25,9.75,5.25,10.25],"texture":"#texture"},"west":{"uv":[4.5,9.75,5.5,10.25],"texture":"#texture"},"up":{"uv":[4.5,9.75,5.25,10.25],"rotation":90,"texture":"#texture"},"down":{"uv":[4.5,9.75,5.25,10.25],"rotation":270,"texture":"#texture"}}},{"from":[5.55447,5.25,6.46247],"to":[7.55447,7.75,6.46347],"rotation":{"angle":22.5,"axis":"y","origin":[8,7.25,8]},"faces":{"north":{"uv":[0.25,0.25,13.75,14.25],"texture":"#shoulder"},"south":{"uv":[13.75,0.25,0.25,14.25],"texture":"#shoulder"}}},{"from":[9.23744,4.25,8.52152],"to":[9.94244,5.5,8.52252],"rotation":{"angle":45,"axis":"y","origin":[8,7.25,7.99219]},"faces":{"north":{"uv":[7.5,0.125,6.125,8.25],"texture":"#fur_lowerbody_top"},"south":{"uv":[6.125,0.125,7.625,8.25],"texture":"#fur_lowerbody_top"}}},{"from":[6.75,4.25,4.5],"to":[8,5.5,4.501],"rotation":{"angle":0,"axis":"y","origin":[8,7.25,8]},"faces":{"north":{"uv":[0.125,0.125,6.125,8.25],"texture":"#fur_lowerbody_top"},"south":{"uv":[6.125,0.125,0.125,8.25],"texture":"#fur_lowerbody_top"}}},{"from":[6.75,4.25,7.499],"to":[8,5.5,7.5],"rotation":{"angle":0,"axis":"y","origin":[8,7.25,8]},"faces":{"north":{"uv":[0.125,0.125,6.125,8.25],"texture":"#fur_lowerbody_top"},"south":{"uv":[6.125,0.125,0.125,8.25],"texture":"#fur_lowerbody_top"}}},{"from":[8,4.25,4.5],"to":[9.25,5.5,4.501],"rotation":{"angle":0,"axis":"y","origin":[8,7.25,8]},"faces":{"north":{"uv":[6.125,0.125,0.125,8.25],"texture":"#fur_lowerbody_top"},"south":{"uv":[0.125,0.125,6.125,8.25],"texture":"#fur_lowerbody_top"}}},{"from":[8,4.25,7.499],"to":[9.25,5.5,7.5],"rotation":{"angle":0,"axis":"y","origin":[8,7.25,8]},"faces":{"north":{"uv":[6.125,0.125,0.125,8.25],"texture":"#fur_lowerbody_top"},"south":{"uv":[0.125,0.125,6.125,8.25],"texture":"#fur_lowerbody_top"}}},{"from":[9.749,4.25,5],"to":[9.75,5.5,6],"rotation":{"angle":0,"axis":"y","origin":[8,7.25,8]},"faces":{"east":{"uv":[12.875,0.125,7.5,8.25],"texture":"#fur_lowerbody_top"},"west":{"uv":[7.5,0.125,12.875,8.25],"texture":"#fur_lowerbody_top"}}},{"from":[6.25,4.25,5],"to":[6.251,5.5,6],"rotation":{"angle":0,"axis":"y","origin":[8,7.25,8]},"faces":{"east":{"uv":[12.875,0.125,7.5,8.25],"texture":"#fur_lowerbody_top"},"west":{"uv":[7.5,0.125,12.875,8.25],"texture":"#fur_lowerbody_top"}}},{"from":[9.749,4.25,6],"to":[9.75,5.5,7],"rotation":{"angle":0,"axis":"y","origin":[8,7.25,8]},"faces":{"east":{"uv":[7.5,0.125,12.875,8.25],"texture":"#fur_lowerbody_top"},"west":{"uv":[12.875,0.125,7.5,8.25],"texture":"#fur_lowerbody_top"}}},{"from":[6.25,4.25,6],"to":[6.251,5.5,7],"rotation":{"angle":0,"axis":"y","origin":[8,7.25,8]},"faces":{"east":{"uv":[7.5,0.125,12.875,8.25],"texture":"#fur_lowerbody_top"},"west":{"uv":[12.875,0.125,7.5,8.25],"texture":"#fur_lowerbody_top"}}},{"from":[8.88599,4.25,4.64124],"to":[9.59099,5.5,4.64224],"rotation":{"angle":45,"axis":"y","origin":[8,7.25,8]},"faces":{"north":{"uv":[6.125,0.125,7.625,8.25],"texture":"#fur_lowerbody_top"},"south":{"uv":[7.5,0.125,6.125,8.25],"texture":"#fur_lowerbody_top"}}},{"from":[6.05756,4.25,8.52933],"to":[6.76256,5.5,8.53033],"rotation":{"angle":-45,"axis":"y","origin":[8,7.25,8]},"faces":{"north":{"uv":[6.125,0.125,7.5,8.25],"texture":"#fur_lowerbody_top"},"south":{"uv":[7.625,0.125,6.125,8.25],"texture":"#fur_lowerbody_top"}}},{"from":[6.40901,4.25,4.64124],"to":[7.11401,5.5,4.64224],"rotation":{"angle":-45,"axis":"y","origin":[8,7.25,8]},"faces":{"north":{"uv":[7.625,0.125,6.125,8.25],"texture":"#fur_lowerbody_top"},"south":{"uv":[6.125,0.125,7.5,8.25],"texture":"#fur_lowerbody_top"}}},{"from":[11.56459,5.25,2.57666],"to":[11.56559,7.5,4.07666],"rotation":{"angle":22.5,"axis":"y","origin":[8,7.25,8]},"faces":{"east":{"uv":[0.125,0.125,15.125,15.25],"texture":"#fur_hands"},"west":{"uv":[15.125,0.125,0.125,15.25],"texture":"#fur_hands"}}},{"from":[9.75,6.25,1.5],"to":[10.5,6.5,2.5],"rotation":{"angle":0,"axis":"y","origin":[8,7.25,8]},"faces":{"north":{"uv":[8.75,2.5,12.75,5.5],"texture":"#texture"},"east":{"uv":[10.5,1.25,12.5,4.25],"texture":"#texture"},"west":{"uv":[9.5,1.5,12.5,4.5],"texture":"#texture"},"up":{"uv":[9.5,1.5,12.5,5],"rotation":90,"texture":"#texture"},"down":{"uv":[9.25,0.75,12.25,3.75],"rotation":270,"texture":"#texture"}}},{"from":[9.875,6.5,1.625],"to":[10.5,6.75,2.5],"rotation":{"angle":0,"axis":"y","origin":[8,7.25,8]},"faces":{"north":{"uv":[8.75,2.5,12.75,5.5],"texture":"#texture"},"east":{"uv":[10.5,1.25,12.5,4.25],"texture":"#texture"},"west":{"uv":[9.5,1.5,12.5,4.5],"texture":"#texture"},"up":{"uv":[9.5,1.5,12.5,5],"rotation":90,"texture":"#texture"}}},{"from":[10,6.25,2.25],"to":[10.5,7.5,2.75],"rotation":{"angle":0,"axis":"y","origin":[8,7.25,8]},"faces":{"north":{"uv":[8.75,2.5,12.75,5.5],"texture":"#texture"},"east":{"uv":[10.5,1.25,12.5,4.25],"texture":"#texture"},"south":{"uv":[8.75,1.5,12.75,4.5],"texture":"#texture"},"west":{"uv":[9.5,1.5,12.5,4.5],"texture":"#texture"},"up":{"uv":[9.5,1.5,12.5,5],"rotation":90,"texture":"#texture"}}},{"from":[9.5,8.43707,3.19577],"to":[11,10.18707,3.19677],"rotation":{"angle":-22.5,"axis":"x","origin":[8,7.25,8]},"faces":{"north":{"uv":[9.5,0.125,15.875,9],"rotation":270,"texture":"#fur_2"},"south":{"uv":[15.875,0.125,9.5,9],"rotation":90,"texture":"#fur_2"}}},{"from":[10,5.75,1.625],"to":[10.5,6,2.5],"rotation":{"angle":0,"axis":"y","origin":[8,7.25,8]},"faces":{"north":{"uv":[8.75,2.5,12.75,5.5],"texture":"#texture"},"east":{"uv":[10.5,1.25,12.5,4.25],"texture":"#texture"},"west":{"uv":[9.5,1.5,12.5,4.5],"texture":"#texture"},"down":{"uv":[9.25,0.75,12.25,3.75],"rotation":270,"texture":"#texture"}}},{"from":[9.875,6,1.5625],"to":[10.5,6.25,2.5625],"rotation":{"angle":0,"axis":"y","origin":[8,7.25,8]},"faces":{"north":{"uv":[8.75,2.5,12.75,5.5],"texture":"#texture"},"east":{"uv":[10.5,1.25,12.5,4.25],"texture":"#texture"},"west":{"uv":[9.5,1.5,12.5,4.5],"texture":"#texture"},"down":{"uv":[9.25,0.75,12.25,3.75],"rotation":270,"texture":"#texture"}}},{"from":[9.5,9.83915,2.07798],"to":[11,9.84015,3.57798],"rotation":{"angle":-45,"axis":"x","origin":[8,7.25,8]},"faces":{"up":{"uv":[9.5,0.125,15.875,9],"rotation":270,"texture":"#fur_2"},"down":{"uv":[15.875,0.125,9.5,9],"rotation":270,"texture":"#fur_2"}}},{"from":[10,5.75,1.75],"to":[10.75,7,2.5],"rotation":{"angle":0,"axis":"y","origin":[8,7.25,8]},"faces":{"north":{"uv":[8.75,2.5,12.75,5.5],"texture":"#texture"},"east":{"uv":[10.5,1.25,12.5,4.25],"texture":"#texture"},"south":{"uv":[8.75,1.5,12.75,4.5],"texture":"#texture"},"west":{"uv":[9.5,1.5,12.5,4.5],"texture":"#texture"},"up":{"uv":[9.5,1.5,12.5,5],"rotation":90,"texture":"#texture"},"down":{"uv":[9.25,0.75,12.25,3.75],"rotation":270,"texture":"#texture"}}},{"from":[8.59087,5.25,0.85459],"to":[8.59187,7.5,2.35459],"rotation":{"angle":-22.5,"axis":"y","origin":[8,7.25,8]},"faces":{"east":{"uv":[0.125,0.125,15.125,15.25],"texture":"#fur_hands"},"west":{"uv":[15.125,0.125,0.125,15.25],"texture":"#fur_hands"}}},{"from":[9.75,5.75,2.5],"to":[10.75,6.75,4.75],"rotation":{"angle":0,"axis":"y","origin":[8,7.25,8]},"faces":{"north":{"uv":[1.25,1.75,5.25,4.75],"texture":"#texture"},"east":{"uv":[2.25,2.25,4.25,5.25],"texture":"#texture"},"west":{"uv":[3,1.25,6,4.25],"texture":"#texture"},"up":{"uv":[2.25,1.25,5.25,4.75],"rotation":90,"texture":"#texture"},"down":{"uv":[3,2,6,5],"rotation":270,"texture":"#texture"}}},{"from":[7.83202,5.25,3.26647],"to":[7.83302,7.75,5.26647],"rotation":{"angle":-22.5,"axis":"y","origin":[8,7.25,8]},"faces":{"east":{"uv":[0.25,0.25,13.75,14.25],"texture":"#shoulder"},"west":{"uv":[13.75,0.25,0.25,14.25],"texture":"#shoulder"}}},{"from":[8.5,5.75,5],"to":[9.25,7.25,7],"rotation":{"angle":0,"axis":"y","origin":[8,7.25,8]},"faces":{"north":{"uv":[4.5,9.75,5.5,10.25],"texture":"#texture"},"east":{"uv":[4.5,9.75,5.5,10.25],"texture":"#texture"},"south":{"uv":[4.25,9.75,5.25,10.25],"texture":"#texture"},"west":{"uv":[4.5,9.75,5.5,10.25],"texture":"#texture"},"up":{"uv":[4.5,9.75,5.25,10.25],"rotation":90,"texture":"#texture"},"down":{"uv":[4.5,9.75,5.25,10.25],"rotation":270,"texture":"#texture"}}},{"from":[6.64645,5.75,3.75736],"to":[7.64645,6.75,6.58736],"rotation":{"angle":-45,"axis":"y","origin":[8,7.25,8]},"faces":{"east":{"uv":[2.25,2.25,4.25,5.25],"texture":"#texture"},"west":{"uv":[3,1.25,6,4.25],"texture":"#texture"},"up":{"uv":[2.25,1.25,5.25,4.75],"rotation":90,"texture":"#texture"},"down":{"uv":[3,2,6,5],"rotation":270,"texture":"#texture"}}},{"from":[9,6,5.25],"to":[9.5,7,6.75],"rotation":{"angle":0,"axis":"y","origin":[8,7.25,8]},"faces":{"north":{"uv":[4.5,9.75,5.5,10.25],"texture":"#texture"},"east":{"uv":[4.5,9.75,5.5,10.25],"texture":"#texture"},"south":{"uv":[4.25,9.75,5.25,10.25],"texture":"#texture"},"up":{"uv":[4.5,9.75,5.25,10.25],"rotation":90,"texture":"#texture"},"down":{"uv":[4.5,9.75,5.25,10.25],"rotation":270,"texture":"#texture"}}},{"from":[9.33781,5.25,7.45455],"to":[11.33781,7.75,7.45555],"rotation":{"angle":22.5,"axis":"y","origin":[8,7.25,8]},"faces":{"north":{"uv":[13.75,0.25,0.25,14.25],"texture":"#shoulder"},"south":{"uv":[0.25,0.25,13.75,14.25],"texture":"#shoulder"}}}],"display":{"thirdperson_righthand":{"scale":[0,0,0]},"thirdperson_lefthand":{"scale":[0,0,0]},"firstperson_righthand":{"scale":[0,0,0]},"firstperson_lefthand":{"scale":[0,0,0]},"ground":{"scale":[0,0,0]},"gui":{"rotation":[30,135,0],"translation":[1,3.5,0],"scale":[1.1,1.1,1.1]},"head":{"translation":[0,-18,6],"scale":[3.15,3.15,3.15]},"fixed":{"scale":[0,0,0]}},"groups":[0,1,2,3,4,5,6,7,8,9,10,11,12,13,14,15,16,17,18,19,20,21,22,23,24,25,26,27,28,29,30,31,32,33,34,35,36,37,38,39,40,41,42,43,44,45,46,47,48,49,50,51,52,53,54,55,56,57,58,59,60,61,62,63,64,65,66,67,68,69,70,71,72,73,74,75,76,77,78,79,80,81,82,83,84,85,86,{"name":"arm_left","origin":[8,8,8],"color":0,"children":[87,88,89,90,91,92,93,94,95,96,97,98,99,100,101]},{"name":"belly_grass","origin":[4.5,5,6.75],"color":0,"children":[102,103,104,105,106,107,108,109,110,111,112,113]},{"name":"arm_right","origin":[6.21875,6,5.125],"color":0,"children":[114,115,116,117,118,119,120,121,122,123,124,125,126,127,128,129]}]}